# https://github.com/mikedh/trimesh
v 0.00000000 0.00000000 0.00000000
v 0.00000000 0.00000000 2.63854241
v 0.00000000 1.02351975 2.09999990
v 0.00000000 2.62351990 2.63854241
v 0.00000000 2.62351990 0.00000000
v 0.00000000 2.22351980 2.09999990
v 0.00000000 1.02351975 0.00000000
v 0.00000000 2.22351980 0.00000000
v 0.00000000 0.00000000 1.31927121
v 0.00000000 0.51175988 1.04999995
v 0.00000000 0.51175988 2.36927116
v 0.00000000 1.31175995 2.63854241
v 0.00000000 1.82351983 2.36927116
v 0.00000000 2.62351990 1.31927121
v 0.00000000 1.62351978 2.09999990
v 0.00000000 2.42351985 2.36927116
v 0.00000000 2.42351985 1.04999995
v 0.00000000 0.51175988 0.00000000
v 0.00000000 1.02351975 1.04999995
v 0.00000000 2.42351985 0.00000000
v 0.00000000 2.22351980 1.04999995
v 0.00000000 0.00000000 0.65963560
v 0.00000000 0.00000000 1.97890681
v 0.00000000 0.25587994 0.52499998
v 0.00000000 0.76763982 1.57499993
v 0.00000000 0.25587994 1.18463558
v 0.00000000 0.25587994 2.50390679
v 0.00000000 0.76763982 2.23463553
v 0.00000000 0.25587994 1.84427118
v 0.00000000 0.51175988 1.70963556
v 0.00000000 0.65587997 2.63854241
v 0.00000000 1.96763992 2.63854241
v 0.00000000 0.91175991 2.50390679
v 0.00000000 1.42351979 2.23463553
v 0.00000000 2.22351986 2.50390679
v 0.00000000 1.16763985 2.36927116
v 0.00000000 1.56763989 2.50390679
v 0.00000000 2.62351990 1.97890681
v 0.00000000 2.62351990 0.65963560
v 0.00000000 1.32351977 2.09999990
v 0.00000000 1.92351979 2.09999990
v 0.00000000 1.72351980 2.23463553
v 0.00000000 2.52351987 2.50390679
v 0.00000000 2.32351983 2.23463553
v 0.00000000 2.12351984 2.36927116
v 0.00000000 2.52351987 1.84427118
v 0.00000000 2.02351981 2.23463553
v 0.00000000 2.52351987 0.52499998
v 0.00000000 2.32351983 1.57499993
v 0.00000000 2.52351987 1.18463558
v 0.00000000 2.42351985 1.70963556
v 0.00000000 0.25587994 0.00000000
v 0.00000000 0.76763982 0.00000000
v 0.00000000 0.51175988 0.52499998
v 0.00000000 1.02351975 1.57499993
v 0.00000000 1.02351975 0.52499998
v 0.00000000 0.76763982 1.04999995
v 0.00000000 0.76763982 0.52499998
v 0.00000000 2.52351987 0.00000000
v 0.00000000 2.32351983 0.00000000
v 0.00000000 2.42351985 0.52499998
v 0.00000000 2.22351980 1.57499993
v 0.00000000 2.22351980 0.52499998
v 0.00000000 2.32351983 1.04999995
v 0.00000000 2.32351983 0.52499998
v 0.00000000 0.00000000 0.32981780
v 0.00000000 0.00000000 0.98945341
v 0.00000000 0.00000000 2.30872461
v 0.00000000 0.00000000 1.64908901
v 0.00000000 0.12793997 0.26249999
v 0.00000000 0.38381991 0.78749996
v 0.00000000 0.12793997 0.59231779
v 0.00000000 0.89557979 1.83749992
v 0.00000000 0.63969985 1.31249994
v 0.00000000 0.12793997 1.25195339
v 0.00000000 0.38381991 1.11731777
v 0.00000000 0.12793997 0.92213559
v 0.00000000 0.25587994 0.85481778
v 0.00000000 0.12793997 2.57122460
v 0.00000000 0.38381991 2.43658897
v 0.00000000 0.12793997 2.24140680
v 0.00000000 0.89557979 2.16731772
v 0.00000000 0.63969985 2.30195335
v 0.00000000 0.76763982 1.90481773
v 0.00000000 0.12793997 1.58177119
v 0.00000000 0.38381991 2.10677117
v 0.00000000 0.12793997 1.91158900
v 0.00000000 0.25587994 1.51445338
v 0.00000000 0.25587994 2.17408898
v 0.00000000 0.51175988 1.37981775
v 0.00000000 0.51175988 2.03945336
v 0.00000000 0.63969985 1.64231774
v 0.00000000 0.38381991 1.44713557
v 0.00000000 0.63969985 1.97213554
v 0.00000000 0.38381991 1.77695337
v 0.00000000 0.32793999 2.63854241
v 0.00000000 0.98381996 2.63854241
v 0.00000000 0.45587996 2.57122460
v 0.00000000 2.29557991 2.63854241
v 0.00000000 1.63969994 2.63854241
v 0.00000000 0.71175990 2.43658897
v 0.00000000 1.11175993 2.57122460
v 0.00000000 0.58381993 2.50390679
v 0.00000000 0.78381994 2.57122460
v 0.00000000 1.22351977 2.16731772
v 0.00000000 1.62351981 2.30195335
v 0.00000000 1.09557980 2.23463553
v 0.00000000 2.42351988 2.57122460
v 0.00000000 2.02351984 2.43658897
v 0.00000000 2.09557989 2.57122460
v 0.00000000 0.83969986 2.36927116
v 0.00000000 1.49557984 2.36927116
v 0.00000000 0.96763983 2.30195335
v 0.00000000 1.03969988 2.43658897
v 0.00000000 1.29557982 2.30195335
v 0.00000000 1.43969992 2.57122460
v 0.00000000 1.69557986 2.43658897
v 0.00000000 1.76763991 2.57122460
v 0.00000000 1.23969990 2.50390679
v 0.00000000 1.89557987 2.50390679
v 0.00000000 1.36763987 2.43658897
v 0.00000000 2.62351990 2.30872461
v 0.00000000 2.62351990 1.64908901
v 0.00000000 2.62351990 0.32981780
v 0.00000000 2.62351990 0.98945341
v 0.00000000 1.17351976 2.09999990
v 0.00000000 1.47351977 2.09999990
v 0.00000000 1.37351978 2.16731772
v 0.00000000 2.07351980 2.09999990
v 0.00000000 1.77351978 2.09999990
v 0.00000000 1.77351981 2.30195335
v 0.00000000 1.67351979 2.16731772
v 0.00000000 1.57351980 2.23463553
v 0.00000000 1.52351978 2.16731772
v 0.00000000 2.57351989 2.57122460
v 0.00000000 2.47351986 2.43658897
v 0.00000000 2.37351987 2.50390679
v 0.00000000 2.57351989 2.24140680
v 0.00000000 2.27351981 2.16731772
v 0.00000000 2.37351984 2.30195335
v 0.00000000 2.12351981 2.16731772
v 0.00000000 1.97351983 2.36927116
v 0.00000000 2.27351984 2.36927116
v 0.00000000 2.17351985 2.43658897
v 0.00000000 1.92351982 2.30195335
v 0.00000000 2.32351986 2.43658897
v 0.00000000 2.57351989 1.58177119
v 0.00000000 2.47351986 2.10677117
v 0.00000000 2.57351989 1.91158900
v 0.00000000 2.52351987 2.17408898
v 0.00000000 1.82351980 2.16731772
v 0.00000000 2.22351983 2.30195335
v 0.00000000 1.97351980 2.16731772
v 0.00000000 1.87351981 2.23463553
v 0.00000000 2.17351982 2.23463553
v 0.00000000 2.07351983 2.30195335
v 0.00000000 2.57351989 0.26249999
v 0.00000000 2.47351986 0.78749996
v 0.00000000 2.57351989 0.59231779
v 0.00000000 2.27351981 1.83749992
v 0.00000000 2.37351984 1.31249994
v 0.00000000 2.32351983 1.90481773
v 0.00000000 2.57351989 1.25195339
v 0.00000000 2.47351986 1.11731777
v 0.00000000 2.57351989 0.92213559
v 0.00000000 2.52351987 1.51445338
v 0.00000000 2.52351987 0.85481778
v 0.00000000 2.42351985 2.03945336
v 0.00000000 2.42351985 1.37981775
v 0.00000000 2.37351984 1.97213554
v 0.00000000 2.47351986 1.77695337
v 0.00000000 2.37351984 1.64231774
v 0.00000000 2.47351986 1.44713557
v 0.00000000 0.12793997 0.00000000
v 0.00000000 0.38381991 0.00000000
v 0.00000000 0.25587994 0.26249999
v 0.00000000 0.89557979 0.00000000
v 0.00000000 0.63969985 0.00000000
v 0.00000000 0.51175988 0.78749996
v 0.00000000 0.51175988 0.26249999
v 0.00000000 0.38381991 0.52499998
v 0.00000000 0.38381991 0.26249999
v 0.00000000 1.02351975 1.83749992
v 0.00000000 1.02351975 1.31249994
v 0.00000000 0.89557979 1.57499993
v 0.00000000 1.02351975 0.26249999
v 0.00000000 1.02351975 0.78749996
v 0.00000000 0.89557979 0.26249999
v 0.00000000 0.63969985 1.04999995
v 0.00000000 0.89557979 1.04999995
v 0.00000000 0.76763982 1.31249994
v 0.00000000 0.63969985 0.78749996
v 0.00000000 0.89557979 1.31249994
v 0.00000000 0.63969985 0.26249999
v 0.00000000 0.89557979 0.78749996
v 0.00000000 0.76763982 0.26249999
v 0.00000000 0.63969985 0.52499998
v 0.00000000 0.89557979 0.52499998
v 0.00000000 0.76763982 0.78749996
v 0.00000000 2.57351989 0.00000000
v 0.00000000 2.47351986 0.00000000
v 0.00000000 2.52351987 0.26249999
v 0.00000000 2.27351981 0.00000000
v 0.00000000 2.37351984 0.00000000
v 0.00000000 2.42351985 0.78749996
v 0.00000000 2.42351985 0.26249999
v 0.00000000 2.47351986 0.52499998
v 0.00000000 2.47351986 0.26249999
v 0.00000000 2.22351980 1.83749992
v 0.00000000 2.22351980 1.31249994
v 0.00000000 2.27351981 1.57499993
v 0.00000000 2.22351980 0.26249999
v 0.00000000 2.22351980 0.78749996
v 0.00000000 2.27351981 0.26249999
v 0.00000000 2.37351984 1.04999995
v 0.00000000 2.27351981 1.04999995
v 0.00000000 2.32351983 1.31249994
v 0.00000000 2.37351984 0.78749996
v 0.00000000 2.27351981 1.31249994
v 0.00000000 2.37351984 0.26249999
v 0.00000000 2.27351981 0.78749996
v 0.00000000 2.32351983 0.26249999
v 0.00000000 2.37351984 0.52499998
v 0.00000000 2.27351981 0.52499998
v 0.00000000 2.32351983 0.78749996
v 1.84532940 2.62351990 1.96603084
v 1.84532940 2.62351990 0.67251152
v 3.13884854 2.62351990 0.67251152
v 4.98417807 2.62351990 2.63854241
v 3.13884854 2.62351990 1.96603084
v 4.98417807 2.62351990 0.00000000
v 1.84532940 2.62351990 1.31927118
v 0.92266470 2.62351990 0.98301542
v 0.92266470 2.62351990 0.33625576
v 2.49208897 2.62351990 0.67251152
v 1.56942427 2.62351990 0.33625576
v 2.49208897 2.62351990 1.96603084
v 3.13884854 2.62351990 1.31927118
v 4.06151330 2.62351990 2.30228662
v 0.92266470 2.62351990 2.30228662
v 2.49208903 2.62351990 2.63854241
v 1.56942427 2.62351990 2.30228662
v 2.49208903 2.62351990 0.00000000
v 4.06151330 2.62351990 0.33625576
v 4.98417807 2.62351990 1.31927121
v 4.06151330 2.62351990 0.98301542
v 1.84532940 2.62351990 1.64265101
v 1.84532940 2.62351990 0.99589135
v 1.38399705 2.62351990 1.47452313
v 0.46133235 2.62351990 0.49150771
v 1.38399705 2.62351990 1.15114330
v 1.38399705 2.62351990 0.50438364
v 0.46133235 2.62351990 0.16812788
v 1.38399705 2.62351990 0.82776347
v 0.92266470 2.62351990 0.65963559
v 2.16870919 2.62351990 0.67251152
v 2.81546876 2.62351990 0.67251152
v 1.70737684 2.62351990 0.50438364
v 0.78471214 2.62351990 0.16812788
v 2.35413641 2.62351990 0.50438364
v 1.24604449 2.62351990 0.33625576
v 2.03075662 2.62351990 0.50438364
v 2.16870919 2.62351990 1.96603084
v 2.81546876 2.62351990 1.96603084
v 3.13884854 2.62351990 0.99589135
v 3.13884854 2.62351990 1.64265101
v 4.52284569 2.62351990 2.47041452
v 3.60018092 2.62351990 2.13415873
v 1.38399705 2.62351990 2.13415873
v 0.46133235 2.62351990 2.47041452
v 0.92266470 2.62351990 1.64265102
v 1.70737684 2.62351990 2.13415873
v 0.46133235 2.62351990 1.15114331
v 0.46133235 2.62351990 1.81077892
v 3.73813355 2.62351990 2.63854241
v 1.24604452 2.62351990 2.63854241
v 3.27680117 2.62351990 2.47041452
v 2.35413641 2.62351990 2.13415873
v 0.78471214 2.62351990 2.47041452
v 2.03075662 2.62351990 2.13415873
v 2.81546879 2.62351990 2.30228662
v 1.24604449 2.62351990 2.30228662
v 2.03075665 2.62351990 2.47041452
v 1.24604452 2.62351990 0.00000000
v 3.73813355 2.62351990 0.00000000
v 2.03075665 2.62351990 0.16812788
v 3.60018092 2.62351990 0.50438364
v 4.52284569 2.62351990 0.16812788
v 2.81546879 2.62351990 0.33625576
v 3.60018092 2.62351990 0.82776347
v 3.27680117 2.62351990 0.16812788
v 4.98417807 2.62351990 1.97890681
v 4.98417807 2.62351990 0.65963560
v 4.52284569 2.62351990 1.81077892
v 3.60018092 2.62351990 1.47452313
v 4.52284569 2.62351990 0.49150771
v 3.60018092 2.62351990 1.15114330
v 4.06151330 2.62351990 1.64265102
v 4.06151330 2.62351990 0.65963559
v 4.52284569 2.62351990 1.15114331
v 1.84532940 2.62351990 1.80434092
v 1.84532940 2.62351990 1.48096109
v 1.84532940 2.62351990 0.83420143
v 1.84532940 2.62351990 1.15758126
v 1.61466323 2.62351990 1.72027698
v 1.15333088 2.62351990 1.22876927
v 1.61466323 2.62351990 1.55858707
v 0.23066618 2.62351990 0.24575385
v 0.69199853 2.62351990 0.73726156
v 1.61466323 2.62351990 1.23520724
v 1.15333088 2.62351990 1.06707936
v 1.61466323 2.62351990 1.39689715
v 1.38399705 2.62351990 1.31283321
v 1.61466323 2.62351990 0.58844758
v 1.15333088 2.62351990 0.42031970
v 1.61466323 2.62351990 0.75013749
v 0.23066618 2.62351990 0.08406394
v 0.69199853 2.62351990 0.25219182
v 0.46133235 2.62351990 0.32981779
v 1.61466323 2.62351990 1.07351732
v 1.15333088 2.62351990 0.58200961
v 1.61466323 2.62351990 0.91182741
v 1.38399705 2.62351990 0.98945338
v 1.38399705 2.62351990 0.66607355
v 0.92266470 2.62351990 0.82132550
v 0.92266470 2.62351990 0.49794567
v 0.69199853 2.62351990 0.57557165
v 1.15333088 2.62351990 0.90538944
v 0.69199853 2.62351990 0.41388173
v 1.15333088 2.62351990 0.74369953
v 2.00701930 2.62351990 0.67251152
v 2.33039908 2.62351990 0.67251152
v 1.77635312 2.62351990 0.58844758
v 2.97715865 2.62351990 0.67251152
v 2.65377887 2.62351990 0.67251152
v 1.31502077 2.62351990 0.42031970
v 2.09973291 2.62351990 0.58844758
v 1.54568695 2.62351990 0.50438364
v 1.93804301 2.62351990 0.58844758
v 0.39235607 2.62351990 0.08406394
v 1.17706820 2.62351990 0.25219182
v 0.62302224 2.62351990 0.16812788
v 2.74649248 2.62351990 0.58844758
v 1.96178034 2.62351990 0.42031970
v 2.58480258 2.62351990 0.58844758
v 1.08435459 2.62351990 0.33625576
v 1.40773438 2.62351990 0.33625576
v 0.85368842 2.62351990 0.25219182
v 1.47671066 2.62351990 0.42031970
v 1.01537831 2.62351990 0.25219182
v 2.26142280 2.62351990 0.58844758
v 1.80009045 2.62351990 0.42031970
v 2.42311269 2.62351990 0.58844758
v 1.86906673 2.62351990 0.50438364
v 2.19244651 2.62351990 0.50438364
v 1.63840055 2.62351990 0.42031970
v 2.00701930 2.62351990 1.96603084
v 2.33039908 2.62351990 1.96603084
v 2.97715865 2.62351990 1.96603084
v 2.65377887 2.62351990 1.96603084
v 3.13884854 2.62351990 0.83420143
v 3.13884854 2.62351990 1.15758126
v 3.13884854 2.62351990 1.80434092
v 3.13884854 2.62351990 1.48096109
v 4.75351188 2.62351990 2.55447847
v 4.29217950 2.62351990 2.38635057
v 3.36951473 2.62351990 2.05009478
v 3.83084711 2.62351990 2.21822268
v 1.61466323 2.62351990 2.05009478
v 1.15333088 2.62351990 2.21822268
v 1.38399705 2.62351990 1.80434093
v 1.77635312 2.62351990 2.05009478
v 0.23066618 2.62351990 2.55447847
v 0.69199853 2.62351990 2.38635057
v 0.92266470 2.62351990 1.31283322
v 0.92266470 2.62351990 1.97246882
v 1.15333088 2.62351990 1.55858707
v 1.15333088 2.62351990 1.88840488
v 2.09973291 2.62351990 2.05009478
v 1.31502077 2.62351990 2.21822268
v 1.93804301 2.62351990 2.05009478
v 1.54568695 2.62351990 2.13415873
v 0.23066618 2.62351990 0.57557166
v 0.23066618 2.62351990 2.22466066
v 0.69199853 2.62351990 1.06707937
v 0.23066618 2.62351990 1.23520726
v 0.46133235 2.62351990 0.82132551
v 0.69199853 2.62351990 1.39689717
v 0.23066618 2.62351990 0.90538946
v 0.69199853 2.62351990 2.05653277
v 0.23066618 2.62351990 1.56502506
v 0.46133235 2.62351990 2.14059672
v 0.69199853 2.62351990 1.72671497
v 0.23066618 2.62351990 1.89484286
v 0.46133235 2.62351990 1.48096111
v 4.36115581 2.62351990 2.63854241
v 3.11511129 2.62351990 2.63854241
v 4.13048962 2.62351990 2.55447847
v 0.62302226 2.62351990 2.63854241
v 1.86906677 2.62351990 2.63854241
v 3.66915724 2.62351990 2.38635057
v 2.88444510 2.62351990 2.55447847
v 3.89982343 2.62351990 2.47041452
v 3.50746736 2.62351990 2.55447847
v 2.74649248 2.62351990 2.05009478
v 1.96178034 2.62351990 2.21822268
v 2.58480258 2.62351990 2.05009478
v 2.97715867 2.62351990 2.13415873
v 0.39235607 2.62351990 2.55447847
v 1.17706820 2.62351990 2.38635057
v 0.62302224 2.62351990 2.47041452
v 1.01537833 2.62351990 2.55447847
v 2.26142280 2.62351990 2.05009478
v 1.80009045 2.62351990 2.21822268
v 2.42311269 2.62351990 2.05009478
v 1.86906673 2.62351990 2.13415873
v 2.19244651 2.62351990 2.13415873
v 3.43849105 2.62351990 2.30228662
v 2.19244653 2.62351990 2.30228662
v 3.20782486 2.62351990 2.21822268
v 3.04613498 2.62351990 2.38635057
v 2.58480260 2.62351990 2.21822268
v 1.08435459 2.62351990 2.30228662
v 1.40773438 2.62351990 2.30228662
v 0.85368842 2.62351990 2.38635057
v 1.47671066 2.62351990 2.21822268
v 1.01537831 2.62351990 2.38635057
v 1.63840055 2.62351990 2.21822268
v 2.26142284 2.62351990 2.55447847
v 1.80009046 2.62351990 2.38635057
v 1.63840058 2.62351990 2.55447847
v 2.65377891 2.62351990 2.47041452
v 1.40773439 2.62351990 2.47041452
v 2.42311272 2.62351990 2.38635057
v 0.62302226 2.62351990 0.00000000
v 1.86906677 2.62351990 0.00000000
v 1.01537833 2.62351990 0.08406394
v 4.36115581 2.62351990 0.00000000
v 3.11511129 2.62351990 0.00000000
v 1.80009046 2.62351990 0.25219182
v 2.26142284 2.62351990 0.08406394
v 1.40773439 2.62351990 0.16812788
v 1.63840058 2.62351990 0.08406394
v 3.36951473 2.62351990 0.58844758
v 3.83084711 2.62351990 0.42031970
v 2.97715867 2.62351990 0.50438364
v 3.36951473 2.62351990 0.75013749
v 4.75351188 2.62351990 0.08406394
v 4.29217950 2.62351990 0.25219182
v 4.13048962 2.62351990 0.08406394
v 2.19244653 2.62351990 0.33625576
v 3.43849105 2.62351990 0.33625576
v 2.58480260 2.62351990 0.42031970
v 2.42311272 2.62351990 0.25219182
v 3.20782486 2.62351990 0.42031970
v 3.36951473 2.62351990 1.07351732
v 3.83084711 2.62351990 0.58200961
v 3.36951473 2.62351990 0.91182741
v 3.60018092 2.62351990 0.66607355
v 2.88444510 2.62351990 0.08406394
v 3.66915724 2.62351990 0.25219182
v 3.50746736 2.62351990 0.08406394
v 2.65377891 2.62351990 0.16812788
v 3.89982343 2.62351990 0.16812788
v 3.04613498 2.62351990 0.25219182
v 4.98417807 2.62351990 2.30872461
v 4.98417807 2.62351990 1.64908901
v 4.75351188 2.62351990 2.22466066
v 4.98417807 2.62351990 0.32981780
v 4.98417807 2.62351990 0.98945341
v 4.29217950 2.62351990 2.05653277
v 4.75351188 2.62351990 1.56502506
v 4.52284569 2.62351990 2.14059672
v 4.75351188 2.62351990 1.89484286
v 3.36951473 2.62351990 1.72027698
v 3.83084711 2.62351990 1.22876927
v 3.36951473 2.62351990 1.55858707
v 3.60018092 2.62351990 1.80434093
v 4.75351188 2.62351990 0.24575385
v 4.29217950 2.62351990 0.73726156
v 4.52284569 2.62351990 0.32981779
v 4.75351188 2.62351990 0.57557166
v 3.36951473 2.62351990 1.23520724
v 3.83084711 2.62351990 1.06707936
v 3.36951473 2.62351990 1.39689715
v 3.60018092 2.62351990 0.98945338
v 3.60018092 2.62351990 1.31283321
v 4.06151330 2.62351990 1.97246882
v 4.06151330 2.62351990 1.31283322
v 3.83084711 2.62351990 1.88840488
v 4.29217950 2.62351990 1.72671497
v 3.83084711 2.62351990 1.55858707
v 4.06151330 2.62351990 0.49794567
v 4.06151330 2.62351990 0.82132550
v 4.29217950 2.62351990 0.41388173
v 3.83084711 2.62351990 0.74369953
v 4.29217950 2.62351990 0.57557165
v 3.83084711 2.62351990 0.90538944
v 4.75351188 2.62351990 1.23520726
v 4.29217950 2.62351990 1.06707937
v 4.75351188 2.62351990 0.90538946
v 4.52284569 2.62351990 1.48096111
v 4.52284569 2.62351990 0.82132551
v 4.29217950 2.62351990 1.39689717
v 4.98417807 0.00000000 0.00000000
v 4.98417807 0.00000000 2.63854241
v 2.49208903 0.00000000 1.31927121
v 2.49208903 0.00000000 0.00000000
v 2.49208903 0.00000000 2.63854241
v 4.98417807 0.00000000 1.31927121
v 1.24604452 0.00000000 1.97890681
v 3.73813355 0.00000000 0.65963560
v 1.24604452 0.00000000 1.31927121
v 1.24604452 0.00000000 0.00000000
v 3.73813355 0.00000000 0.00000000
v 1.24604452 0.00000000 0.65963560
v 2.49208903 0.00000000 0.65963560
v 1.24604452 0.00000000 2.63854241
v 3.73813355 0.00000000 2.63854241
v 2.49208903 0.00000000 1.97890681
v 4.98417807 0.00000000 0.65963560
v 4.98417807 0.00000000 1.97890681
v 3.73813355 0.00000000 1.31927121
v 3.73813355 0.00000000 1.97890681
v 0.62302226 0.00000000 2.30872461
v 1.86906677 0.00000000 1.64908901
v 0.62302226 0.00000000 1.97890681
v 4.36115581 0.00000000 0.32981780
v 3.11511129 0.00000000 0.98945341
v 0.62302226 0.00000000 1.31927121
v 1.86906677 0.00000000 1.31927121
v 0.62302226 0.00000000 1.64908901
v 1.24604452 0.00000000 1.64908901
v 0.62302226 0.00000000 0.00000000
v 1.86906677 0.00000000 0.00000000
v 0.62302226 0.00000000 0.32981780
v 4.36115581 0.00000000 0.00000000
v 3.11511129 0.00000000 0.00000000
v 3.73813355 0.00000000 0.32981780
v 0.62302226 0.00000000 0.98945341
v 1.86906677 0.00000000 0.32981780
v 0.62302226 0.00000000 0.65963560
v 1.24604452 0.00000000 0.98945341
v 1.24604452 0.00000000 0.32981780
v 2.49208903 0.00000000 0.98945341
v 2.49208903 0.00000000 0.32981780
v 3.11511129 0.00000000 0.65963560
v 1.86906677 0.00000000 0.98945341
v 3.11511129 0.00000000 0.32981780
v 1.86906677 0.00000000 0.65963560
v 0.62302226 0.00000000 2.63854241
v 1.86906677 0.00000000 2.63854241
v 1.24604452 0.00000000 2.30872461
v 4.36115581 0.00000000 2.63854241
v 3.11511129 0.00000000 2.63854241
v 2.49208903 0.00000000 1.64908901
v 2.49208903 0.00000000 2.30872461
v 1.86906677 0.00000000 1.97890681
v 1.86906677 0.00000000 2.30872461
v 4.98417807 0.00000000 0.32981780
v 4.98417807 0.00000000 0.98945341
v 4.36115581 0.00000000 0.65963560
v 4.98417807 0.00000000 2.30872461
v 4.98417807 0.00000000 1.64908901
v 4.36115581 0.00000000 2.30872461
v 3.11511129 0.00000000 1.31927121
v 4.36115581 0.00000000 1.31927121
v 3.73813355 0.00000000 0.98945341
v 3.11511129 0.00000000 1.64908901
v 4.36115581 0.00000000 0.98945341
v 3.11511129 0.00000000 2.30872461
v 4.36115581 0.00000000 1.64908901
v 3.73813355 0.00000000 2.30872461
v 3.11511129 0.00000000 1.97890681
v 4.36115581 0.00000000 1.97890681
v 3.73813355 0.00000000 1.64908901
v 2.49208903 0.51175988 0.00000000
v 4.98417807 1.31175995 0.00000000
v 2.49208903 1.82351983 0.00000000
v 0.00000000 1.62351978 0.00000000
v 2.49208903 2.42351985 0.00000000
v 3.73813355 0.25587994 0.00000000
v 1.24604452 0.76763982 0.00000000
v 2.49208903 0.25587994 0.00000000
v 1.24604452 0.25587994 0.00000000
v 1.24604452 0.51175988 0.00000000
v 4.98417807 0.65587997 0.00000000
v 4.98417807 1.96763992 0.00000000
v 3.73813355 0.91175991 0.00000000
v 1.24604452 1.42351979 0.00000000
v 3.73813355 2.22351986 0.00000000
v 2.49208903 1.16763985 0.00000000
v 3.73813355 1.56763989 0.00000000
v 0.00000000 1.32351977 0.00000000
v 0.00000000 1.92351979 0.00000000
v 1.24604452 1.72351980 0.00000000
v 3.73813355 2.52351987 0.00000000
v 1.24604452 2.32351983 0.00000000
v 2.49208903 2.12351984 0.00000000
v 1.24604452 2.02351981 0.00000000
v 2.49208903 2.52351987 0.00000000
v 1.24604452 2.42351985 0.00000000
v 1.24604452 2.52351987 0.00000000
v 4.36115581 0.12793997 0.00000000
v 3.11511129 0.38381991 0.00000000
v 3.73813355 0.12793997 0.00000000
v 0.62302226 0.89557979 0.00000000
v 1.86906677 0.63969985 0.00000000
v 2.49208903 0.12793997 0.00000000
v 2.49208903 0.38381991 0.00000000
v 3.11511129 0.12793997 0.00000000
v 3.11511129 0.25587994 0.00000000
v 0.62302226 0.12793997 0.00000000
v 0.62302226 0.76763982 0.00000000
v 1.86906677 0.12793997 0.00000000
v 0.62302226 0.38381991 0.00000000
v 1.24604452 0.12793997 0.00000000
v 1.86906677 0.25587994 0.00000000
v 0.62302226 0.25587994 0.00000000
v 1.86906677 0.51175988 0.00000000
v 0.62302226 0.51175988 0.00000000
v 1.24604452 0.63969985 0.00000000
v 1.86906677 0.38381991 0.00000000
v 0.62302226 0.63969985 0.00000000
v 1.24604452 0.38381991 0.00000000
v 4.98417807 0.32793999 0.00000000
v 4.98417807 0.98381996 0.00000000
v 4.36115581 0.45587996 0.00000000
v 4.98417807 2.29557991 0.00000000
v 4.98417807 1.63969994 0.00000000
v 3.11511129 0.71175990 0.00000000
v 4.36115581 1.11175993 0.00000000
v 3.73813355 0.58381993 0.00000000
v 4.36115581 0.78381994 0.00000000
v 0.62302226 1.22351977 0.00000000
v 1.86906677 1.62351981 0.00000000
v 1.24604452 1.09557980 0.00000000
v 4.36115581 2.42351988 0.00000000
v 3.11511129 2.02351984 0.00000000
v 4.36115581 2.09557989 0.00000000
v 2.49208903 0.83969986 0.00000000
v 2.49208903 1.49557984 0.00000000
v 1.86906677 0.96763983 0.00000000
v 3.11511129 1.03969988 0.00000000
v 1.86906677 1.29557982 0.00000000
v 4.36115581 1.43969992 0.00000000
v 3.11511129 1.69557986 0.00000000
v 4.36115581 1.76763991 0.00000000
v 3.73813355 1.23969990 0.00000000
v 3.73813355 1.89557987 0.00000000
v 3.11511129 1.36763987 0.00000000
v 0.00000000 1.17351976 0.00000000
v 0.00000000 1.47351977 0.00000000
v 0.62302226 1.37351978 0.00000000
v 0.00000000 2.07351980 0.00000000
v 0.00000000 1.77351978 0.00000000
v 1.86906677 1.77351981 0.00000000
v 0.62302226 1.67351979 0.00000000
v 1.24604452 1.57351980 0.00000000
v 0.62302226 1.52351978 0.00000000
v 4.36115581 2.57351989 0.00000000
v 3.11511129 2.47351986 0.00000000
v 3.73813355 2.37351987 0.00000000
v 0.62302226 2.27351981 0.00000000
v 1.86906677 2.37351984 0.00000000
v 0.62302226 2.12351981 0.00000000
v 2.49208903 1.97351983 0.00000000
v 2.49208903 2.27351984 0.00000000
v 3.11511129 2.17351985 0.00000000
v 1.86906677 1.92351982 0.00000000
v 3.11511129 2.32351986 0.00000000
v 0.62302226 1.82351980 0.00000000
v 1.86906677 2.22351983 0.00000000
v 0.62302226 1.97351980 0.00000000
v 1.24604452 1.87351981 0.00000000
v 1.24604452 2.17351982 0.00000000
v 1.86906677 2.07351983 0.00000000
v 3.73813355 2.57351989 0.00000000
v 2.49208903 2.47351986 0.00000000
v 2.49208903 2.57351989 0.00000000
v 3.11511129 2.52351987 0.00000000
v 3.11511129 2.57351989 0.00000000
v 0.62302226 2.32351983 0.00000000
v 0.62302226 2.57351989 0.00000000
v 1.86906677 2.42351985 0.00000000
v 0.62302226 2.42351985 0.00000000
v 1.24604452 2.37351984 0.00000000
v 1.86906677 2.47351986 0.00000000
v 0.62302226 2.37351984 0.00000000
v 1.86906677 2.57351989 0.00000000
v 0.62302226 2.47351986 0.00000000
v 1.24604452 2.57351989 0.00000000
v 1.86906677 2.52351987 0.00000000
v 0.62302226 2.52351987 0.00000000
v 1.24604452 2.47351986 0.00000000
v 0.00000000 1.62351978 1.04999995
v 0.00000000 1.32351977 1.57499993
v 0.00000000 1.92351979 0.52499998
v 0.00000000 1.62351978 1.57499993
v 0.00000000 1.92351979 1.57499993
v 0.00000000 1.92351979 1.04999995
v 0.00000000 1.32351977 1.04999995
v 0.00000000 1.62351978 0.52499998
v 0.00000000 1.32351977 0.52499998
v 0.00000000 1.17351976 1.83749992
v 0.00000000 1.47351977 1.31249994
v 0.00000000 1.32351977 1.83749992
v 0.00000000 2.07351980 0.26249999
v 0.00000000 1.77351978 0.78749996
v 0.00000000 1.62351978 1.83749992
v 0.00000000 1.62351978 1.31249994
v 0.00000000 1.47351977 1.83749992
v 0.00000000 1.47351977 1.57499993
v 0.00000000 2.07351980 1.83749992
v 0.00000000 2.07351980 0.52499998
v 0.00000000 1.77351978 1.83749992
v 0.00000000 2.07351980 1.31249994
v 0.00000000 1.92351979 1.83749992
v 0.00000000 1.77351978 1.57499993
v 0.00000000 2.07351980 1.57499993
v 0.00000000 1.77351978 1.04999995
v 0.00000000 2.07351980 1.04999995
v 0.00000000 1.92351979 0.78749996
v 0.00000000 1.77351978 1.31249994
v 0.00000000 2.07351980 0.78749996
v 0.00000000 1.92351979 1.31249994
v 0.00000000 1.17351976 1.57499993
v 0.00000000 1.47351977 1.04999995
v 0.00000000 1.17351976 1.04999995
v 0.00000000 1.32351977 1.31249994
v 0.00000000 1.17351976 1.31249994
v 0.00000000 1.92351979 0.26249999
v 0.00000000 1.17351976 0.26249999
v 0.00000000 1.62351978 0.78749996
v 0.00000000 1.62351978 0.26249999
v 0.00000000 1.77351978 0.52499998
v 0.00000000 1.47351977 0.78749996
v 0.00000000 1.77351978 0.26249999
v 0.00000000 1.17351976 0.78749996
v 0.00000000 1.47351977 0.26249999
v 0.00000000 1.17351976 0.52499998
v 0.00000000 1.32351977 0.78749996
v 0.00000000 1.32351977 0.26249999
v 0.00000000 1.47351977 0.52499998
v 2.49208903 1.31175995 2.63854241
v 4.98417807 1.31175995 2.63854241
v 1.24604452 1.96763992 2.63854241
v 3.73813355 0.65587997 2.63854241
v 1.24604452 1.31175995 2.63854241
v 1.24604452 0.65587997 2.63854241
v 2.49208903 0.65587997 2.63854241
v 2.49208903 1.96763992 2.63854241
v 4.98417807 0.65587997 2.63854241
v 4.98417807 1.96763992 2.63854241
v 3.73813355 1.31175995 2.63854241
v 3.73813355 1.96763992 2.63854241
v 0.62302226 2.29557991 2.63854241
v 1.86906677 1.63969994 2.63854241
v 0.62302226 1.96763992 2.63854241
v 4.36115581 0.32793999 2.63854241
v 3.11511129 0.98381996 2.63854241
v 0.62302226 1.31175995 2.63854241
v 1.86906677 1.31175995 2.63854241
v 0.62302226 1.63969994 2.63854241
v 1.24604452 1.63969994 2.63854241
v 0.62302226 0.32793999 2.63854241
v 3.73813355 0.32793999 2.63854241
v 0.62302226 0.98381996 2.63854241
v 1.86906677 0.32793999 2.63854241
v 0.62302226 0.65587997 2.63854241
v 1.24604452 0.98381996 2.63854241
v 1.24604452 0.32793999 2.63854241
v 2.49208903 0.98381996 2.63854241
v 2.49208903 0.32793999 2.63854241
v 3.11511129 0.65587997 2.63854241
v 1.86906677 0.98381996 2.63854241
v 3.11511129 0.32793999 2.63854241
v 1.86906677 0.65587997 2.63854241
v 1.24604452 2.29557991 2.63854241
v 2.49208903 1.63969994 2.63854241
v 2.49208903 2.29557991 2.63854241
v 1.86906677 1.96763992 2.63854241
v 1.86906677 2.29557991 2.63854241
v 4.98417807 0.32793999 2.63854241
v 4.98417807 0.98381996 2.63854241
v 4.36115581 0.65587997 2.63854241
v 4.98417807 2.29557991 2.63854241
v 4.98417807 1.63969994 2.63854241
v 4.36115581 2.29557991 2.63854241
v 3.11511129 1.31175995 2.63854241
v 4.36115581 1.31175995 2.63854241
v 3.73813355 0.98381996 2.63854241
v 3.11511129 1.63969994 2.63854241
v 4.36115581 0.98381996 2.63854241
v 3.11511129 2.29557991 2.63854241
v 4.36115581 1.63969994 2.63854241
v 3.73813355 2.29557991 2.63854241
v 3.11511129 1.96763992 2.63854241
v 4.36115581 1.96763992 2.63854241
v 3.73813355 1.63969994 2.63854241
v 3.13884854 2.42351985 1.96603084
v 1.84532940 2.42351985 1.96603084
v 2.49208897 2.52351987 1.96603084
v 3.13884854 2.52351987 1.96603084
v 1.84532940 2.52351987 1.96603084
v 2.49208897 2.42351985 1.96603084
v 2.16870919 2.57351989 1.96603084
v 2.81546876 2.47351986 1.96603084
v 2.49208897 2.57351989 1.96603084
v 3.13884854 2.57351989 1.96603084
v 3.13884854 2.47351986 1.96603084
v 2.81546876 2.57351989 1.96603084
v 2.81546876 2.52351987 1.96603084
v 1.84532940 2.57351989 1.96603084
v 1.84532940 2.47351986 1.96603084
v 2.16870919 2.52351987 1.96603084
v 2.81546876 2.42351985 1.96603084
v 2.16870919 2.42351985 1.96603084
v 2.49208897 2.47351986 1.96603084
v 2.16870919 2.47351986 1.96603084
v 2.00701930 2.59851989 1.96603084
v 2.33039908 2.54851988 1.96603084
v 2.16870919 2.59851989 1.96603084
v 2.97715865 2.44851986 1.96603084
v 2.65377887 2.49851987 1.96603084
v 2.49208897 2.59851989 1.96603084
v 2.49208897 2.54851988 1.96603084
v 2.33039908 2.59851989 1.96603084
v 2.33039908 2.57351989 1.96603084
v 3.13884854 2.59851989 1.96603084
v 3.13884854 2.54851988 1.96603084
v 2.97715865 2.59851989 1.96603084
v 3.13884854 2.44851986 1.96603084
v 3.13884854 2.49851987 1.96603084
v 2.97715865 2.47351986 1.96603084
v 2.65377887 2.59851989 1.96603084
v 2.97715865 2.54851988 1.96603084
v 2.81546876 2.59851989 1.96603084
v 2.65377887 2.57351989 1.96603084
v 2.97715865 2.57351989 1.96603084
v 2.65377887 2.52351987 1.96603084
v 2.97715865 2.52351987 1.96603084
v 2.81546876 2.49851987 1.96603084
v 2.65377887 2.54851988 1.96603084
v 2.97715865 2.49851987 1.96603084
v 2.81546876 2.54851988 1.96603084
v 1.84532940 2.59851989 1.96603084
v 1.84532940 2.54851988 1.96603084
v 2.00701930 2.57351989 1.96603084
v 1.84532940 2.44851986 1.96603084
v 1.84532940 2.49851987 1.96603084
v 2.33039908 2.52351987 1.96603084
v 2.00701930 2.52351987 1.96603084
v 2.16870919 2.54851988 1.96603084
v 2.00701930 2.54851988 1.96603084
v 2.97715865 2.42351985 1.96603084
v 2.65377887 2.42351985 1.96603084
v 2.81546876 2.44851986 1.96603084
v 2.00701930 2.42351985 1.96603084
v 2.33039908 2.42351985 1.96603084
v 2.00701930 2.44851986 1.96603084
v 2.49208897 2.49851987 1.96603084
v 2.49208897 2.44851986 1.96603084
v 2.65377887 2.47351986 1.96603084
v 2.33039908 2.49851987 1.96603084
v 2.65377887 2.44851986 1.96603084
v 2.00701930 2.49851987 1.96603084
v 2.33039908 2.44851986 1.96603084
v 2.00701930 2.47351986 1.96603084
v 2.16870919 2.49851987 1.96603084
v 2.16870919 2.44851986 1.96603084
v 2.33039908 2.47351986 1.96603084
v 3.13884854 2.42351985 0.67251152
v 1.84532940 2.42351985 0.67251152
v 3.13884854 2.42351985 1.31927118
v 2.49208897 2.42351985 1.31927118
v 2.49208897 2.42351985 0.67251152
v 1.84532940 2.42351985 1.31927118
v 3.13884854 2.42351985 1.64265101
v 3.13884854 2.42351985 0.99589135
v 2.81546876 2.42351985 1.64265101
v 2.16870919 2.42351985 0.99589135
v 2.81546876 2.42351985 1.31927118
v 2.81546876 2.42351985 0.67251152
v 2.16870919 2.42351985 0.67251152
v 2.81546876 2.42351985 0.99589135
v 2.49208897 2.42351985 0.99589135
v 2.49208897 2.42351985 1.64265101
v 1.84532940 2.42351985 0.99589135
v 1.84532940 2.42351985 1.64265101
v 2.16870919 2.42351985 1.31927118
v 2.16870919 2.42351985 1.64265101
v 3.13884854 2.42351985 1.80434092
v 3.13884854 2.42351985 1.48096109
v 3.13884854 2.42351985 0.83420143
v 3.13884854 2.42351985 1.15758126
v 2.97715865 2.42351985 1.80434092
v 2.65377887 2.42351985 1.48096109
v 2.97715865 2.42351985 1.64265101
v 2.00701930 2.42351985 0.83420143
v 2.33039908 2.42351985 1.15758126
v 2.97715865 2.42351985 1.31927118
v 2.65377887 2.42351985 1.31927118
v 2.97715865 2.42351985 1.48096109
v 2.81546876 2.42351985 1.48096109
v 2.97715865 2.42351985 0.67251152
v 2.65377887 2.42351985 0.67251152
v 2.97715865 2.42351985 0.83420143
v 2.00701930 2.42351985 0.67251152
v 2.33039908 2.42351985 0.67251152
v 2.16870919 2.42351985 0.83420143
v 2.97715865 2.42351985 1.15758126
v 2.65377887 2.42351985 0.83420143
v 2.97715865 2.42351985 0.99589135
v 2.81546876 2.42351985 1.15758126
v 2.81546876 2.42351985 0.83420143
v 2.49208897 2.42351985 1.15758126
v 2.49208897 2.42351985 0.83420143
v 2.33039908 2.42351985 0.99589135
v 2.65377887 2.42351985 1.15758126
v 2.33039908 2.42351985 0.83420143
v 2.65377887 2.42351985 0.99589135
v 2.81546876 2.42351985 1.80434092
v 2.49208897 2.42351985 1.48096109
v 2.49208897 2.42351985 1.80434092
v 2.65377887 2.42351985 1.64265101
v 2.65377887 2.42351985 1.80434092
v 1.84532940 2.42351985 0.83420143
v 1.84532940 2.42351985 1.15758126
v 2.00701930 2.42351985 0.99589135
v 1.84532940 2.42351985 1.80434092
v 1.84532940 2.42351985 1.48096109
v 2.00701930 2.42351985 1.80434092
v 2.33039908 2.42351985 1.31927118
v 2.00701930 2.42351985 1.31927118
v 2.16870919 2.42351985 1.15758126
v 2.33039908 2.42351985 1.48096109
v 2.00701930 2.42351985 1.15758126
v 2.33039908 2.42351985 1.80434092
v 2.00701930 2.42351985 1.48096109
v 2.16870919 2.42351985 1.80434092
v 2.33039908 2.42351985 1.64265101
v 2.00701930 2.42351985 1.64265101
v 2.16870919 2.42351985 1.48096109
v 1.84532940 2.52351987 1.31927118
v 1.84532940 2.52351987 0.67251152
v 1.84532940 2.57351989 0.99589135
v 1.84532940 2.47351986 1.64265101
v 1.84532940 2.57351989 1.31927118
v 1.84532940 2.57351989 1.64265101
v 1.84532940 2.52351987 1.64265101
v 1.84532940 2.57351989 0.67251152
v 1.84532940 2.47351986 0.67251152
v 1.84532940 2.52351987 0.99589135
v 1.84532940 2.47351986 1.31927118
v 1.84532940 2.47351986 0.99589135
v 1.84532940 2.59851989 0.83420143
v 1.84532940 2.54851988 1.15758126
v 1.84532940 2.59851989 0.99589135
v 1.84532940 2.44851986 1.80434092
v 1.84532940 2.49851987 1.48096109
v 1.84532940 2.59851989 1.31927118
v 1.84532940 2.54851988 1.31927118
v 1.84532940 2.59851989 1.15758126
v 1.84532940 2.57351989 1.15758126
v 1.84532940 2.59851989 1.80434092
v 1.84532940 2.47351986 1.80434092
v 1.84532940 2.59851989 1.48096109
v 1.84532940 2.54851988 1.80434092
v 1.84532940 2.59851989 1.64265101
v 1.84532940 2.57351989 1.48096109
v 1.84532940 2.57351989 1.80434092
v 1.84532940 2.52351987 1.48096109
v 1.84532940 2.52351987 1.80434092
v 1.84532940 2.49851987 1.64265101
v 1.84532940 2.54851988 1.48096109
v 1.84532940 2.49851987 1.80434092
v 1.84532940 2.54851988 1.64265101
v 1.84532940 2.59851989 0.67251152
v 1.84532940 2.54851988 0.67251152
v 1.84532940 2.57351989 0.83420143
v 1.84532940 2.44851986 0.67251152
v 1.84532940 2.49851987 0.67251152
v 1.84532940 2.52351987 1.15758126
v 1.84532940 2.52351987 0.83420143
v 1.84532940 2.54851988 0.99589135
v 1.84532940 2.54851988 0.83420143
v 1.84532940 2.44851986 1.64265101
v 1.84532940 2.44851986 0.83420143
v 1.84532940 2.49851987 1.31927118
v 1.84532940 2.44851986 1.31927118
v 1.84532940 2.47351986 1.48096109
v 1.84532940 2.49851987 1.15758126
v 1.84532940 2.44851986 1.48096109
v 1.84532940 2.49851987 0.83420143
v 1.84532940 2.44851986 1.15758126
v 1.84532940 2.47351986 0.83420143
v 1.84532940 2.49851987 0.99589135
v 1.84532940 2.44851986 0.99589135
v 1.84532940 2.47351986 1.15758126
v 2.49208897 2.52351987 0.67251152
v 3.13884854 2.52351987 0.67251152
v 2.81546876 2.57351989 0.67251152
v 2.16870919 2.47351986 0.67251152
v 2.49208897 2.57351989 0.67251152
v 2.16870919 2.57351989 0.67251152
v 2.16870919 2.52351987 0.67251152
v 3.13884854 2.57351989 0.67251152
v 3.13884854 2.47351986 0.67251152
v 2.81546876 2.52351987 0.67251152
v 2.49208897 2.47351986 0.67251152
v 2.81546876 2.47351986 0.67251152
v 2.97715865 2.59851989 0.67251152
v 2.65377887 2.54851988 0.67251152
v 2.81546876 2.59851989 0.67251152
v 2.00701930 2.44851986 0.67251152
v 2.33039908 2.49851987 0.67251152
v 2.49208897 2.59851989 0.67251152
v 2.49208897 2.54851988 0.67251152
v 2.65377887 2.59851989 0.67251152
v 2.65377887 2.57351989 0.67251152
v 2.00701930 2.59851989 0.67251152
v 2.00701930 2.47351986 0.67251152
v 2.33039908 2.59851989 0.67251152
v 2.00701930 2.54851988 0.67251152
v 2.16870919 2.59851989 0.67251152
v 2.33039908 2.57351989 0.67251152
v 2.00701930 2.57351989 0.67251152
v 2.33039908 2.52351987 0.67251152
v 2.00701930 2.52351987 0.67251152
v 2.16870919 2.49851987 0.67251152
v 2.33039908 2.54851988 0.67251152
v 2.00701930 2.49851987 0.67251152
v 2.16870919 2.54851988 0.67251152
v 3.13884854 2.59851989 0.67251152
v 3.13884854 2.54851988 0.67251152
v 2.97715865 2.57351989 0.67251152
v 3.13884854 2.44851986 0.67251152
v 3.13884854 2.49851987 0.67251152
v 2.65377887 2.52351987 0.67251152
v 2.97715865 2.52351987 0.67251152
v 2.81546876 2.54851988 0.67251152
v 2.97715865 2.54851988 0.67251152
v 2.16870919 2.44851986 0.67251152
v 2.97715865 2.44851986 0.67251152
v 2.49208897 2.49851987 0.67251152
v 2.49208897 2.44851986 0.67251152
v 2.33039908 2.47351986 0.67251152
v 2.65377887 2.49851987 0.67251152
v 2.33039908 2.44851986 0.67251152
v 2.97715865 2.49851987 0.67251152
v 2.65377887 2.44851986 0.67251152
v 2.97715865 2.47351986 0.67251152
v 2.81546876 2.49851987 0.67251152
v 2.81546876 2.44851986 0.67251152
v 2.65377887 2.47351986 0.67251152
v 3.13884854 2.52351987 1.31927118
v 3.13884854 2.57351989 1.64265101
v 3.13884854 2.47351986 0.99589135
v 3.13884854 2.57351989 1.31927118
v 3.13884854 2.57351989 0.99589135
v 3.13884854 2.52351987 0.99589135
v 3.13884854 2.52351987 1.64265101
v 3.13884854 2.47351986 1.31927118
v 3.13884854 2.47351986 1.64265101
v 3.13884854 2.59851989 1.80434092
v 3.13884854 2.54851988 1.48096109
v 3.13884854 2.59851989 1.64265101
v 3.13884854 2.44851986 0.83420143
v 3.13884854 2.49851987 1.15758126
v 3.13884854 2.59851989 1.31927118
v 3.13884854 2.54851988 1.31927118
v 3.13884854 2.59851989 1.48096109
v 3.13884854 2.57351989 1.48096109
v 3.13884854 2.59851989 0.83420143
v 3.13884854 2.47351986 0.83420143
v 3.13884854 2.59851989 1.15758126
v 3.13884854 2.54851988 0.83420143
v 3.13884854 2.59851989 0.99589135
v 3.13884854 2.57351989 1.15758126
v 3.13884854 2.57351989 0.83420143
v 3.13884854 2.52351987 1.15758126
v 3.13884854 2.52351987 0.83420143
v 3.13884854 2.49851987 0.99589135
v 3.13884854 2.54851988 1.15758126
v 3.13884854 2.49851987 0.83420143
v 3.13884854 2.54851988 0.99589135
v 3.13884854 2.57351989 1.80434092
v 3.13884854 2.52351987 1.48096109
v 3.13884854 2.52351987 1.80434092
v 3.13884854 2.54851988 1.64265101
v 3.13884854 2.54851988 1.80434092
v 3.13884854 2.44851986 0.99589135
v 3.13884854 2.44851986 1.80434092
v 3.13884854 2.49851987 1.31927118
v 3.13884854 2.44851986 1.31927118
v 3.13884854 2.47351986 1.15758126
v 3.13884854 2.49851987 1.48096109
v 3.13884854 2.44851986 1.15758126
v 3.13884854 2.49851987 1.80434092
v 3.13884854 2.44851986 1.48096109
v 3.13884854 2.47351986 1.80434092
v 3.13884854 2.49851987 1.64265101
v 3.13884854 2.44851986 1.64265101
v 3.13884854 2.47351986 1.48096109
v 4.98417807 1.93770301 1.95100617
v 4.98417807 0.68581682 1.95100617
v 5.18417788 0.68581682 1.95100617
v 5.18417788 1.93770301 1.95100617
v 4.98417807 1.31175992 1.95100617
v 5.08417797 1.31175992 1.95100617
v 5.08417797 0.68581682 1.95100617
v 5.08417797 1.93770301 1.95100617
v 5.18417788 1.31175992 1.95100617
v 4.98417807 1.62473147 1.95100617
v 4.98417807 0.99878837 1.95100617
v 5.03417802 1.62473147 1.95100617
v 5.13417792 0.99878837 1.95100617
v 5.03417802 1.31175992 1.95100617
v 5.03417802 0.68581682 1.95100617
v 5.13417792 0.68581682 1.95100617
v 5.03417802 0.99878837 1.95100617
v 5.08417797 0.99878837 1.95100617
v 5.03417802 1.93770301 1.95100617
v 5.13417792 1.93770301 1.95100617
v 5.08417797 1.62473147 1.95100617
v 5.18417788 0.99878837 1.95100617
v 5.18417788 1.62473147 1.95100617
v 5.13417792 1.31175992 1.95100617
v 5.13417792 1.62473147 1.95100617
v 4.98417807 1.78121724 1.95100617
v 4.98417807 1.46824569 1.95100617
v 4.98417807 0.84230260 1.95100617
v 4.98417807 1.15527415 1.95100617
v 5.00917804 1.78121724 1.95100617
v 5.05917799 1.46824569 1.95100617
v 5.00917804 1.62473147 1.95100617
v 5.15917790 0.84230260 1.95100617
v 5.10917795 1.15527415 1.95100617
v 5.00917804 1.31175992 1.95100617
v 5.05917799 1.31175992 1.95100617
v 5.00917804 1.46824569 1.95100617
v 5.03417802 1.46824569 1.95100617
v 5.00917804 0.68581682 1.95100617
v 5.05917799 0.68581682 1.95100617
v 5.00917804 0.84230260 1.95100617
v 5.15917790 0.68581682 1.95100617
v 5.10917795 0.68581682 1.95100617
v 5.13417792 0.84230260 1.95100617
v 5.00917804 1.15527415 1.95100617
v 5.05917799 0.84230260 1.95100617
v 5.00917804 0.99878837 1.95100617
v 5.03417802 1.15527415 1.95100617
v 5.03417802 0.84230260 1.95100617
v 5.08417797 1.15527415 1.95100617
v 5.08417797 0.84230260 1.95100617
v 5.10917795 0.99878837 1.95100617
v 5.05917799 1.15527415 1.95100617
v 5.10917795 0.84230260 1.95100617
v 5.05917799 0.99878837 1.95100617
v 5.00917804 1.93770301 1.95100617
v 5.05917799 1.93770301 1.95100617
v 5.03417802 1.78121724 1.95100617
v 5.15917790 1.93770301 1.95100617
v 5.10917795 1.93770301 1.95100617
v 5.08417797 1.46824569 1.95100617
v 5.08417797 1.78121724 1.95100617
v 5.05917799 1.62473147 1.95100617
v 5.05917799 1.78121724 1.95100617
v 5.18417788 0.84230260 1.95100617
v 5.18417788 1.15527415 1.95100617
v 5.15917790 0.99878837 1.95100617
v 5.18417788 1.78121724 1.95100617
v 5.18417788 1.46824569 1.95100617
v 5.15917790 1.78121724 1.95100617
v 5.10917795 1.31175992 1.95100617
v 5.15917790 1.31175992 1.95100617
v 5.13417792 1.15527415 1.95100617
v 5.10917795 1.46824569 1.95100617
v 5.15917790 1.15527415 1.95100617
v 5.10917795 1.78121724 1.95100617
v 5.15917790 1.46824569 1.95100617
v 5.13417792 1.78121724 1.95100617
v 5.10917795 1.62473147 1.95100617
v 5.15917790 1.62473147 1.95100617
v 5.13417792 1.46824569 1.95100617
v 4.98417807 1.93770301 0.68753612
v 5.18417788 1.93770301 0.68753612
v 4.98417807 1.93770301 1.31927115
v 5.08417797 1.93770301 1.31927115
v 5.08417797 1.93770301 0.68753612
v 5.18417788 1.93770301 1.31927115
v 4.98417807 1.93770301 1.00340363
v 4.98417807 1.93770301 1.63513866
v 5.03417802 1.93770301 1.00340363
v 5.13417792 1.93770301 1.63513866
v 5.03417802 1.93770301 1.31927115
v 5.03417802 1.93770301 1.63513866
v 5.08417797 1.93770301 1.63513866
v 5.03417802 1.93770301 0.68753612
v 5.13417792 1.93770301 0.68753612
v 5.08417797 1.93770301 1.00340363
v 5.18417788 1.93770301 1.63513866
v 5.18417788 1.93770301 1.00340363
v 5.13417792 1.93770301 1.31927115
v 5.13417792 1.93770301 1.00340363
v 4.98417807 1.93770301 0.84546988
v 4.98417807 1.93770301 1.16133739
v 4.98417807 1.93770301 1.79307242
v 4.98417807 1.93770301 1.47720490
v 5.00917804 1.93770301 0.84546988
v 5.05917799 1.93770301 1.16133739
v 5.00917804 1.93770301 1.00340363
v 5.15917790 1.93770301 1.79307242
v 5.10917795 1.93770301 1.47720490
v 5.00917804 1.93770301 1.31927115
v 5.05917799 1.93770301 1.31927115
v 5.00917804 1.93770301 1.16133739
v 5.03417802 1.93770301 1.16133739
v 5.00917804 1.93770301 1.79307242
v 5.13417792 1.93770301 1.79307242
v 5.00917804 1.93770301 1.47720490
v 5.05917799 1.93770301 1.79307242
v 5.00917804 1.93770301 1.63513866
v 5.03417802 1.93770301 1.47720490
v 5.03417802 1.93770301 1.79307242
v 5.08417797 1.93770301 1.47720490
v 5.08417797 1.93770301 1.79307242
v 5.10917795 1.93770301 1.63513866
v 5.05917799 1.93770301 1.47720490
v 5.10917795 1.93770301 1.79307242
v 5.05917799 1.93770301 1.63513866
v 5.00917804 1.93770301 0.68753612
v 5.05917799 1.93770301 0.68753612
v 5.03417802 1.93770301 0.84546988
v 5.15917790 1.93770301 0.68753612
v 5.10917795 1.93770301 0.68753612
v 5.08417797 1.93770301 1.16133739
v 5.08417797 1.93770301 0.84546988
v 5.05917799 1.93770301 1.00340363
v 5.05917799 1.93770301 0.84546988
v 5.18417788 1.93770301 1.79307242
v 5.18417788 1.93770301 1.47720490
v 5.15917790 1.93770301 1.63513866
v 5.18417788 1.93770301 0.84546988
v 5.18417788 1.93770301 1.16133739
v 5.15917790 1.93770301 0.84546988
v 5.10917795 1.93770301 1.31927115
v 5.15917790 1.93770301 1.31927115
v 5.13417792 1.93770301 1.47720490
v 5.10917795 1.93770301 1.16133739
v 5.15917790 1.93770301 1.47720490
v 5.10917795 1.93770301 0.84546988
v 5.15917790 1.93770301 1.16133739
v 5.13417792 1.93770301 0.84546988
v 5.10917795 1.93770301 1.00340363
v 5.15917790 1.93770301 1.00340363
v 5.13417792 1.93770301 1.16133739
v 4.98417807 0.68581682 0.68753612
v 5.18417788 0.68581682 0.68753612
v 4.98417807 1.31175992 0.68753612
v 5.08417797 1.31175992 0.68753612
v 5.08417797 0.68581682 0.68753612
v 5.18417788 1.31175992 0.68753612
v 4.98417807 0.99878837 0.68753612
v 4.98417807 1.62473147 0.68753612
v 5.03417802 0.99878837 0.68753612
v 5.13417792 1.62473147 0.68753612
v 5.03417802 1.31175992 0.68753612
v 5.03417802 1.62473147 0.68753612
v 5.08417797 1.62473147 0.68753612
v 5.03417802 0.68581682 0.68753612
v 5.13417792 0.68581682 0.68753612
v 5.08417797 0.99878837 0.68753612
v 5.18417788 1.62473147 0.68753612
v 5.18417788 0.99878837 0.68753612
v 5.13417792 1.31175992 0.68753612
v 5.13417792 0.99878837 0.68753612
v 4.98417807 0.84230260 0.68753612
v 4.98417807 1.15527415 0.68753612
v 4.98417807 1.78121724 0.68753612
v 4.98417807 1.46824569 0.68753612
v 5.00917804 0.84230260 0.68753612
v 5.05917799 1.15527415 0.68753612
v 5.00917804 0.99878837 0.68753612
v 5.15917790 1.78121724 0.68753612
v 5.10917795 1.46824569 0.68753612
v 5.00917804 1.31175992 0.68753612
v 5.05917799 1.31175992 0.68753612
v 5.00917804 1.15527415 0.68753612
v 5.03417802 1.15527415 0.68753612
v 5.00917804 1.78121724 0.68753612
v 5.13417792 1.78121724 0.68753612
v 5.00917804 1.46824569 0.68753612
v 5.05917799 1.78121724 0.68753612
v 5.00917804 1.62473147 0.68753612
v 5.03417802 1.46824569 0.68753612
v 5.03417802 1.78121724 0.68753612
v 5.08417797 1.46824569 0.68753612
v 5.08417797 1.78121724 0.68753612
v 5.10917795 1.62473147 0.68753612
v 5.05917799 1.46824569 0.68753612
v 5.10917795 1.78121724 0.68753612
v 5.05917799 1.62473147 0.68753612
v 5.00917804 0.68581682 0.68753612
v 5.05917799 0.68581682 0.68753612
v 5.03417802 0.84230260 0.68753612
v 5.15917790 0.68581682 0.68753612
v 5.10917795 0.68581682 0.68753612
v 5.08417797 1.15527415 0.68753612
v 5.08417797 0.84230260 0.68753612
v 5.05917799 0.99878837 0.68753612
v 5.05917799 0.84230260 0.68753612
v 5.18417788 1.78121724 0.68753612
v 5.18417788 1.46824569 0.68753612
v 5.15917790 1.62473147 0.68753612
v 5.18417788 0.84230260 0.68753612
v 5.18417788 1.15527415 0.68753612
v 5.15917790 0.84230260 0.68753612
v 5.10917795 1.31175992 0.68753612
v 5.15917790 1.31175992 0.68753612
v 5.13417792 1.46824569 0.68753612
v 5.10917795 1.15527415 0.68753612
v 5.15917790 1.46824569 0.68753612
v 5.10917795 0.84230260 0.68753612
v 5.15917790 1.15527415 0.68753612
v 5.13417792 0.84230260 0.68753612
v 5.10917795 0.99878837 0.68753612
v 5.15917790 0.99878837 0.68753612
v 5.13417792 1.15527415 0.68753612
v 4.98417807 0.68581682 1.31927115
v 5.08417797 0.68581682 1.31927115
v 5.18417788 0.68581682 1.31927115
v 4.98417807 0.68581682 1.63513866
v 4.98417807 0.68581682 1.00340363
v 5.03417802 0.68581682 1.63513866
v 5.13417792 0.68581682 1.00340363
v 5.03417802 0.68581682 1.31927115
v 5.03417802 0.68581682 1.00340363
v 5.08417797 0.68581682 1.00340363
v 5.08417797 0.68581682 1.63513866
v 5.18417788 0.68581682 1.00340363
v 5.18417788 0.68581682 1.63513866
v 5.13417792 0.68581682 1.31927115
v 5.13417792 0.68581682 1.63513866
v 4.98417807 0.68581682 1.79307242
v 4.98417807 0.68581682 1.47720490
v 4.98417807 0.68581682 0.84546988
v 4.98417807 0.68581682 1.16133739
v 5.00917804 0.68581682 1.79307242
v 5.05917799 0.68581682 1.47720490
v 5.00917804 0.68581682 1.63513866
v 5.15917790 0.68581682 0.84546988
v 5.10917795 0.68581682 1.16133739
v 5.00917804 0.68581682 1.31927115
v 5.05917799 0.68581682 1.31927115
v 5.00917804 0.68581682 1.47720490
v 5.03417802 0.68581682 1.47720490
v 5.00917804 0.68581682 0.84546988
v 5.13417792 0.68581682 0.84546988
v 5.00917804 0.68581682 1.16133739
v 5.05917799 0.68581682 0.84546988
v 5.00917804 0.68581682 1.00340363
v 5.03417802 0.68581682 1.16133739
v 5.03417802 0.68581682 0.84546988
v 5.08417797 0.68581682 1.16133739
v 5.08417797 0.68581682 0.84546988
v 5.10917795 0.68581682 1.00340363
v 5.05917799 0.68581682 1.16133739
v 5.10917795 0.68581682 0.84546988
v 5.05917799 0.68581682 1.00340363
v 5.03417802 0.68581682 1.79307242
v 5.08417797 0.68581682 1.47720490
v 5.08417797 0.68581682 1.79307242
v 5.05917799 0.68581682 1.63513866
v 5.05917799 0.68581682 1.79307242
v 5.18417788 0.68581682 0.84546988
v 5.18417788 0.68581682 1.16133739
v 5.15917790 0.68581682 1.00340363
v 5.18417788 0.68581682 1.79307242
v 5.18417788 0.68581682 1.47720490
v 5.15917790 0.68581682 1.79307242
v 5.10917795 0.68581682 1.31927115
v 5.15917790 0.68581682 1.31927115
v 5.13417792 0.68581682 1.16133739
v 5.10917795 0.68581682 1.47720490
v 5.15917790 0.68581682 1.16133739
v 5.10917795 0.68581682 1.79307242
v 5.15917790 0.68581682 1.47720490
v 5.13417792 0.68581682 1.79307242
v 5.10917795 0.68581682 1.63513866
v 5.15917790 0.68581682 1.63513866
v 5.13417792 0.68581682 1.47720490
v 5.18417788 1.31175992 1.31927115
v 5.18417788 0.99878837 1.63513866
v 5.18417788 1.62473147 1.00340363
v 5.18417788 0.99878837 1.31927115
v 5.18417788 0.99878837 1.00340363
v 5.18417788 1.31175992 1.00340363
v 5.18417788 1.31175992 1.63513866
v 5.18417788 1.62473147 1.31927115
v 5.18417788 1.62473147 1.63513866
v 5.18417788 0.84230260 1.79307242
v 5.18417788 1.15527415 1.47720490
v 5.18417788 0.84230260 1.63513866
v 5.18417788 1.78121724 0.84546988
v 5.18417788 1.46824569 1.16133739
v 5.18417788 0.84230260 1.31927115
v 5.18417788 1.15527415 1.31927115
v 5.18417788 0.84230260 1.47720490
v 5.18417788 0.99878837 1.47720490
v 5.18417788 0.84230260 0.84546988
v 5.18417788 1.62473147 0.84546988
v 5.18417788 0.84230260 1.16133739
v 5.18417788 1.15527415 0.84546988
v 5.18417788 0.84230260 1.00340363
v 5.18417788 0.99878837 1.16133739
v 5.18417788 0.99878837 0.84546988
v 5.18417788 1.31175992 1.16133739
v 5.18417788 1.31175992 0.84546988
v 5.18417788 1.46824569 1.00340363
v 5.18417788 1.15527415 1.16133739
v 5.18417788 1.46824569 0.84546988
v 5.18417788 1.15527415 1.00340363
v 5.18417788 0.99878837 1.79307242
v 5.18417788 1.31175992 1.47720490
v 5.18417788 1.31175992 1.79307242
v 5.18417788 1.15527415 1.63513866
v 5.18417788 1.15527415 1.79307242
v 5.18417788 1.78121724 1.00340363
v 5.18417788 1.78121724 1.79307242
v 5.18417788 1.46824569 1.31927115
v 5.18417788 1.78121724 1.31927115
v 5.18417788 1.62473147 1.16133739
v 5.18417788 1.46824569 1.47720490
v 5.18417788 1.78121724 1.16133739
v 5.18417788 1.46824569 1.79307242
v 5.18417788 1.78121724 1.47720490
v 5.18417788 1.62473147 1.79307242
v 5.18417788 1.46824569 1.63513866
v 5.18417788 1.78121724 1.63513866
v 5.18417788 1.62473147 1.47720490
v 4.98417807 0.34290841 0.34376806
v 4.98417807 0.34290841 0.97550309
v 4.98417807 0.34290841 2.29477429
v 4.98417807 0.96885151 2.29477429
v 4.98417807 0.96885151 0.34376806
v 4.98417807 2.28061146 2.29477429
v 4.98417807 2.28061146 0.97550309
v 4.98417807 2.28061146 0.34376806
v 4.98417807 0.17145421 0.17188403
v 4.98417807 0.51436262 0.51565209
v 4.98417807 0.17145421 0.48775154
v 4.98417807 0.51436262 1.46325463
v 4.98417807 0.34290841 0.65963557
v 4.98417807 0.51436262 0.83151960
v 4.98417807 0.51436262 1.14738712
v 4.98417807 0.17145421 1.14738715
v 4.98417807 0.51436262 2.12289023
v 4.98417807 0.17145421 2.46665835
v 4.98417807 0.34290841 1.63513869
v 4.98417807 0.82733417 2.12289023
v 4.98417807 0.17145421 1.80702275
v 4.98417807 1.45327726 2.12289023
v 4.98417807 0.48442575 2.46665835
v 4.98417807 1.14030571 2.12289023
v 4.98417807 0.65587996 2.29477429
v 4.98417807 0.48442575 0.17188403
v 4.98417807 1.45327726 0.51565209
v 4.98417807 0.65587996 0.34376806
v 4.98417807 0.82733417 0.51565209
v 4.98417807 1.14030571 0.51565209
v 4.98417807 2.10915723 2.12289023
v 4.98417807 2.45206568 2.46665835
v 4.98417807 1.62473148 2.29477429
v 4.98417807 1.14030573 2.46665835
v 4.98417807 1.79618570 2.46665835
v 4.98417807 1.14030573 0.17188403
v 4.98417807 2.10915723 1.46325463
v 4.98417807 2.45206568 0.48775154
v 4.98417807 2.10915723 1.14738712
v 4.98417807 2.28061146 1.63513869
v 4.98417807 2.10915723 0.51565209
v 4.98417807 2.45206568 0.17188403
v 4.98417807 1.62473148 0.34376806
v 4.98417807 2.10915723 0.83151960
v 4.98417807 1.79618570 0.17188403
v 4.98417807 2.28061146 0.65963557
v 4.98417807 2.45206568 1.80702275
v 4.98417807 2.45206568 1.14738715
v 4.98417807 0.08572710 0.08594202
v 4.98417807 0.25718131 0.25782605
v 4.98417807 0.60008972 0.60159411
v 4.98417807 0.42863552 0.42971008
v 4.98417807 0.08572710 0.24387577
v 4.98417807 0.25718131 0.73162732
v 4.98417807 0.17145421 0.32981779
v 4.98417807 0.60008972 1.70713040
v 4.98417807 0.42863552 1.21937886
v 4.98417807 0.34290841 0.50170182
v 4.98417807 0.34290841 0.81756933
v 4.98417807 0.25718131 0.41575980
v 4.98417807 0.25718131 0.57369356
v 4.98417807 0.60008972 0.75952786
v 4.98417807 0.60008972 1.54919665
v 4.98417807 0.42863552 0.58764383
v 4.98417807 0.60008972 1.07539538
v 4.98417807 0.51436262 0.67358585
v 4.98417807 0.42863552 0.74557759
v 4.98417807 0.60008972 0.91746162
v 4.98417807 0.42863552 1.06144510
v 4.98417807 0.60008972 1.23332913
v 4.98417807 0.51436262 1.30532087
v 4.98417807 0.42863552 0.90351135
v 4.98417807 0.60008972 1.39126289
v 4.98417807 0.51436262 0.98945336
v 4.98417807 0.08572710 0.57369357
v 4.98417807 0.25718131 1.06144512
v 4.98417807 0.08572710 1.23332918
v 4.98417807 0.17145421 0.81756935
v 4.98417807 0.08572710 0.90351138
v 4.98417807 0.60008972 2.03694820
v 4.98417807 0.42863552 2.20883226
v 4.98417807 0.51436262 1.79307243
v 4.98417807 0.75657550 2.03694820
v 4.98417807 0.08572710 2.55260038
v 4.98417807 0.25718131 2.38071632
v 4.98417807 0.08572710 2.22278258
v 4.98417807 0.34290841 1.30532089
v 4.98417807 0.34290841 1.96495649
v 4.98417807 0.42863552 1.54919666
v 4.98417807 0.25718131 1.39126292
v 4.98417807 0.42863552 1.87901446
v 4.98417807 1.06954704 2.03694820
v 4.98417807 0.58512129 2.20883226
v 4.98417807 0.91306127 2.03694820
v 4.98417807 0.67084839 2.12289023
v 4.98417807 0.08572710 1.56314698
v 4.98417807 0.25718131 2.05089852
v 4.98417807 0.08572710 1.89296478
v 4.98417807 0.17145421 1.47720495
v 4.98417807 0.17145421 2.13684055
v 4.98417807 0.25718131 1.72108072
v 4.98417807 1.69549014 2.03694820
v 4.98417807 1.21106438 2.20883226
v 4.98417807 1.53900436 2.03694820
v 4.98417807 0.24221288 2.55260038
v 4.98417807 0.72663863 2.38071632
v 4.98417807 0.32793998 2.46665835
v 4.98417807 1.22603282 2.03694820
v 4.98417807 1.05457861 2.20883226
v 4.98417807 1.38251859 2.03694820
v 4.98417807 0.98381994 2.12289023
v 4.98417807 1.29679149 2.12289023
v 4.98417807 0.49939419 2.29477429
v 4.98417807 0.81236573 2.29477429
v 4.98417807 0.41366708 2.38071632
v 4.98417807 0.74160706 2.20883226
v 4.98417807 0.57015286 2.38071632
v 4.98417807 0.89809284 2.20883226
v 4.98417807 0.24221288 0.08594202
v 4.98417807 0.72663863 0.25782605
v 4.98417807 0.32793998 0.17188403
v 4.98417807 1.69549014 0.60159411
v 4.98417807 1.21106438 0.42971008
v 4.98417807 0.49939419 0.34376806
v 4.98417807 0.81236573 0.34376806
v 4.98417807 0.41366708 0.25782605
v 4.98417807 0.57015286 0.25782605
v 4.98417807 0.75657550 0.60159411
v 4.98417807 1.53900436 0.60159411
v 4.98417807 0.58512129 0.42971008
v 4.98417807 1.06954704 0.60159411
v 4.98417807 0.67084839 0.51565209
v 4.98417807 0.74160706 0.42971008
v 4.98417807 0.91306127 0.60159411
v 4.98417807 1.05457861 0.42971008
v 4.98417807 1.22603282 0.60159411
v 4.98417807 1.29679149 0.51565209
v 4.98417807 0.89809284 0.42971008
v 4.98417807 1.38251859 0.60159411
v 4.98417807 0.98381994 0.51565209
v 4.98417807 2.02343012 2.03694820
v 4.98417807 2.19488434 2.20883226
v 4.98417807 1.78121725 2.12289023
v 4.98417807 2.53779279 2.55260038
v 4.98417807 2.36633857 2.38071632
v 4.98417807 1.29679149 2.29477429
v 4.98417807 1.95267147 2.29477429
v 4.98417807 1.53900437 2.20883226
v 4.98417807 1.86694436 2.20883226
v 4.98417807 0.57015286 2.55260038
v 4.98417807 2.20985280 2.55260038
v 4.98417807 1.05457862 2.38071632
v 4.98417807 1.22603284 2.55260038
v 4.98417807 0.81236574 2.46665835
v 4.98417807 1.38251860 2.38071632
v 4.98417807 0.89809285 2.55260038
v 4.98417807 2.03839858 2.38071632
v 4.98417807 1.55397283 2.55260038
v 4.98417807 2.12412569 2.46665835
v 4.98417807 1.71045859 2.38071632
v 4.98417807 1.88191281 2.55260038
v 4.98417807 1.46824571 2.46665835
v 4.98417807 0.57015286 0.08594202
v 4.98417807 1.05457862 0.25782605
v 4.98417807 1.22603284 0.08594202
v 4.98417807 0.81236574 0.17188403
v 4.98417807 0.89809285 0.08594202
v 4.98417807 2.02343012 1.70713040
v 4.98417807 2.19488434 1.21937886
v 4.98417807 2.02343012 1.54919665
v 4.98417807 2.10915723 1.79307243
v 4.98417807 2.53779279 0.24387577
v 4.98417807 2.36633857 0.73162732
v 4.98417807 2.02343012 1.23332913
v 4.98417807 2.19488434 1.06144510
v 4.98417807 2.02343012 1.39126289
v 4.98417807 2.10915723 1.30532087
v 4.98417807 2.28061146 1.96495649
v 4.98417807 2.28061146 1.30532089
v 4.98417807 2.19488434 1.87901446
v 4.98417807 2.19488434 1.54919666
v 4.98417807 2.02343012 0.60159411
v 4.98417807 2.19488434 0.42971008
v 4.98417807 1.78121725 0.51565209
v 4.98417807 2.02343012 0.75952786
v 4.98417807 2.53779279 0.08594202
v 4.98417807 2.36633857 0.25782605
v 4.98417807 2.20985280 0.08594202
v 4.98417807 2.45206568 0.32981779
v 4.98417807 1.29679149 0.34376806
v 4.98417807 1.95267147 0.34376806
v 4.98417807 1.53900437 0.42971008
v 4.98417807 1.38251860 0.25782605
v 4.98417807 1.86694436 0.42971008
v 4.98417807 2.02343012 1.07539538
v 4.98417807 2.19488434 0.58764383
v 4.98417807 2.02343012 0.91746162
v 4.98417807 2.10915723 0.98945336
v 4.98417807 2.10915723 0.67358585
v 4.98417807 1.55397283 0.08594202
v 4.98417807 2.03839858 0.25782605
v 4.98417807 1.88191281 0.08594202
v 4.98417807 1.46824571 0.17188403
v 4.98417807 2.12412569 0.17188403
v 4.98417807 1.71045859 0.25782605
v 4.98417807 2.28061146 0.81756933
v 4.98417807 2.28061146 0.50170182
v 4.98417807 2.36633857 0.57369356
v 4.98417807 2.19488434 0.90351135
v 4.98417807 2.36633857 0.41575980
v 4.98417807 2.19488434 0.74557759
v 4.98417807 2.53779279 2.22278258
v 4.98417807 2.53779279 0.57369357
v 4.98417807 2.36633857 2.05089852
v 4.98417807 2.53779279 1.56314698
v 4.98417807 2.45206568 2.13684055
v 4.98417807 2.36633857 1.72108072
v 4.98417807 2.53779279 1.89296478
v 4.98417807 2.36633857 1.06144512
v 4.98417807 2.53779279 1.23332918
v 4.98417807 2.45206568 0.81756935
v 4.98417807 2.36633857 1.39126292
v 4.98417807 2.53779279 0.90351138
v 4.98417807 2.45206568 1.47720495
v 1.74208891 0.19999999 0.81927115
v 1.74208891 0.19999999 1.81927109
v 3.24208903 0.19999999 1.81927109
v 3.24208903 0.19999999 0.81927115
v 1.74208891 0.19999999 1.31927112
v 2.49208897 0.19999999 1.31927112
v 2.49208897 0.19999999 1.81927109
v 2.49208897 0.19999999 0.81927115
v 3.24208903 0.19999999 1.31927112
v 1.74208891 0.19999999 1.06927113
v 1.74208891 0.19999999 1.56927110
v 2.11708894 0.19999999 1.06927113
v 2.86708900 0.19999999 1.56927110
v 2.11708894 0.19999999 1.31927112
v 2.11708894 0.19999999 1.81927109
v 2.86708900 0.19999999 1.81927109
v 2.11708894 0.19999999 1.56927110
v 2.49208897 0.19999999 1.56927110
v 2.11708894 0.19999999 0.81927115
v 2.86708900 0.19999999 0.81927115
v 2.49208897 0.19999999 1.06927113
v 3.24208903 0.19999999 1.56927110
v 3.24208903 0.19999999 1.06927113
v 2.86708900 0.19999999 1.31927112
v 2.86708900 0.19999999 1.06927113
v 1.74208891 0.19999999 0.94427114
v 1.74208891 0.19999999 1.19427112
v 1.74208891 0.19999999 1.69427110
v 1.74208891 0.19999999 1.44427111
v 1.92958893 0.19999999 0.94427114
v 2.30458896 0.19999999 1.19427112
v 1.92958893 0.19999999 1.06927113
v 3.05458902 0.19999999 1.69427110
v 2.67958899 0.19999999 1.44427111
v 1.92958893 0.19999999 1.31927112
v 2.30458896 0.19999999 1.31927112
v 1.92958893 0.19999999 1.19427112
v 2.11708894 0.19999999 1.19427112
v 1.92958893 0.19999999 1.81927109
v 2.30458896 0.19999999 1.81927109
v 1.92958893 0.19999999 1.69427110
v 3.05458902 0.19999999 1.81927109
v 2.67958899 0.19999999 1.81927109
v 2.86708900 0.19999999 1.69427110
v 1.92958893 0.19999999 1.44427111
v 2.30458896 0.19999999 1.69427110
v 1.92958893 0.19999999 1.56927110
v 2.11708894 0.19999999 1.44427111
v 2.11708894 0.19999999 1.69427110
v 2.49208897 0.19999999 1.44427111
v 2.49208897 0.19999999 1.69427110
v 2.67958899 0.19999999 1.56927110
v 2.30458896 0.19999999 1.44427111
v 2.67958899 0.19999999 1.69427110
v 2.30458896 0.19999999 1.56927110
v 1.92958893 0.19999999 0.81927115
v 2.30458896 0.19999999 0.81927115
v 2.11708894 0.19999999 0.94427114
v 3.05458902 0.19999999 0.81927115
v 2.67958899 0.19999999 0.81927115
v 2.49208897 0.19999999 1.19427112
v 2.49208897 0.19999999 0.94427114
v 2.30458896 0.19999999 1.06927113
v 2.30458896 0.19999999 0.94427114
v 3.24208903 0.19999999 1.69427110
v 3.24208903 0.19999999 1.44427111
v 3.05458902 0.19999999 1.56927110
v 3.24208903 0.19999999 0.94427114
v 3.24208903 0.19999999 1.19427112
v 3.05458902 0.19999999 0.94427114
v 2.67958899 0.19999999 1.31927112
v 3.05458902 0.19999999 1.31927112
v 2.86708900 0.19999999 1.44427111
v 2.67958899 0.19999999 1.19427112
v 3.05458902 0.19999999 1.44427111
v 2.67958899 0.19999999 0.94427114
v 3.05458902 0.19999999 1.19427112
v 2.86708900 0.19999999 0.94427114
v 2.67958899 0.19999999 1.06927113
v 3.05458902 0.19999999 1.06927113
v 2.86708900 0.19999999 1.19427112
v 0.92500001 1.08675981 0.44999999
v 0.92500001 1.53675985 0.44999999
v 0.47499999 1.53675985 0.44999999
v 0.47499999 1.08675981 0.44999999
v 0.92500001 1.31175983 0.44999999
v 0.70000000 1.31175983 0.44999999
v 0.70000000 1.53675985 0.44999999
v 0.70000000 1.08675981 0.44999999
v 0.47499999 1.31175983 0.44999999
v 0.92500001 1.19925982 0.44999999
v 0.92500001 1.42425984 0.44999999
v 0.81250001 1.19925982 0.44999999
v 0.58750000 1.42425984 0.44999999
v 0.81250001 1.31175983 0.44999999
v 0.81250001 1.53675985 0.44999999
v 0.58750000 1.53675985 0.44999999
v 0.81250001 1.42425984 0.44999999
v 0.70000000 1.42425984 0.44999999
v 0.81250001 1.08675981 0.44999999
v 0.58750000 1.08675981 0.44999999
v 0.70000000 1.19925982 0.44999999
v 0.47499999 1.42425984 0.44999999
v 0.47499999 1.19925982 0.44999999
v 0.58750000 1.31175983 0.44999999
v 0.58750000 1.19925982 0.44999999
v 0.92500001 1.14300981 0.44999999
v 0.92500001 1.25550982 0.44999999
v 0.92500001 1.48050985 0.44999999
v 0.92500001 1.36800984 0.44999999
v 0.86875001 1.14300981 0.44999999
v 0.75625001 1.25550982 0.44999999
v 0.86875001 1.19925982 0.44999999
v 0.53125000 1.48050985 0.44999999
v 0.64375000 1.36800984 0.44999999
v 0.86875001 1.31175983 0.44999999
v 0.75625001 1.31175983 0.44999999
v 0.86875001 1.25550982 0.44999999
v 0.81250001 1.25550982 0.44999999
v 0.86875001 1.53675985 0.44999999
v 0.75625001 1.53675985 0.44999999
v 0.86875001 1.48050985 0.44999999
v 0.53125000 1.53675985 0.44999999
v 0.64375000 1.53675985 0.44999999
v 0.58750000 1.48050985 0.44999999
v 0.86875001 1.36800984 0.44999999
v 0.75625001 1.48050985 0.44999999
v 0.86875001 1.42425984 0.44999999
v 0.81250001 1.36800984 0.44999999
v 0.81250001 1.48050985 0.44999999
v 0.70000000 1.36800984 0.44999999
v 0.70000000 1.48050985 0.44999999
v 0.64375000 1.42425984 0.44999999
v 0.75625001 1.36800984 0.44999999
v 0.64375000 1.48050985 0.44999999
v 0.75625001 1.42425984 0.44999999
v 0.86875001 1.08675981 0.44999999
v 0.75625001 1.08675981 0.44999999
v 0.81250001 1.14300981 0.44999999
v 0.53125000 1.08675981 0.44999999
v 0.64375000 1.08675981 0.44999999
v 0.70000000 1.25550982 0.44999999
v 0.70000000 1.14300981 0.44999999
v 0.75625001 1.19925982 0.44999999
v 0.75625001 1.14300981 0.44999999
v 0.47499999 1.48050985 0.44999999
v 0.47499999 1.36800984 0.44999999
v 0.53125000 1.42425984 0.44999999
v 0.47499999 1.14300981 0.44999999
v 0.47499999 1.25550982 0.44999999
v 0.53125000 1.14300981 0.44999999
v 0.64375000 1.31175983 0.44999999
v 0.53125000 1.31175983 0.44999999
v 0.58750000 1.36800984 0.44999999
v 0.64375000 1.25550982 0.44999999
v 0.53125000 1.36800984 0.44999999
v 0.64375000 1.14300981 0.44999999
v 0.53125000 1.25550982 0.44999999
v 0.58750000 1.14300981 0.44999999
v 0.64375000 1.19925982 0.44999999
v 0.53125000 1.19925982 0.44999999
v 0.58750000 1.25550982 0.44999999
v 0.47499999 1.08675981 0.94999999
v 0.47499999 1.53675985 0.94999999
v 0.47499999 1.08675981 0.69999999
v 0.47499999 1.31175983 0.69999999
v 0.47499999 1.31175983 0.94999999
v 0.47499999 1.53675985 0.69999999
v 0.47499999 1.08675981 0.82499999
v 0.47499999 1.08675981 0.57499999
v 0.47499999 1.19925982 0.82499999
v 0.47499999 1.42425984 0.57499999
v 0.47499999 1.19925982 0.69999999
v 0.47499999 1.19925982 0.57499999
v 0.47499999 1.31175983 0.57499999
v 0.47499999 1.19925982 0.94999999
v 0.47499999 1.42425984 0.94999999
v 0.47499999 1.31175983 0.82499999
v 0.47499999 1.53675985 0.57499999
v 0.47499999 1.53675985 0.82499999
v 0.47499999 1.42425984 0.69999999
v 0.47499999 1.42425984 0.82499999
v 0.47499999 1.08675981 0.88749999
v 0.47499999 1.08675981 0.76249999
v 0.47499999 1.08675981 0.51249999
v 0.47499999 1.08675981 0.63749999
v 0.47499999 1.14300981 0.88749999
v 0.47499999 1.25550982 0.76249999
v 0.47499999 1.14300981 0.82499999
v 0.47499999 1.48050985 0.51249999
v 0.47499999 1.36800984 0.63749999
v 0.47499999 1.14300981 0.69999999
v 0.47499999 1.25550982 0.69999999
v 0.47499999 1.14300981 0.76249999
v 0.47499999 1.19925982 0.76249999
v 0.47499999 1.14300981 0.51249999
v 0.47499999 1.42425984 0.51249999
v 0.47499999 1.14300981 0.63749999
v 0.47499999 1.25550982 0.51249999
v 0.47499999 1.14300981 0.57499999
v 0.47499999 1.19925982 0.63749999
v 0.47499999 1.19925982 0.51249999
v 0.47499999 1.31175983 0.63749999
v 0.47499999 1.31175983 0.51249999
v 0.47499999 1.36800984 0.57499999
v 0.47499999 1.25550982 0.63749999
v 0.47499999 1.36800984 0.51249999
v 0.47499999 1.25550982 0.57499999
v 0.47499999 1.14300981 0.94999999
v 0.47499999 1.25550982 0.94999999
v 0.47499999 1.19925982 0.88749999
v 0.47499999 1.48050985 0.94999999
v 0.47499999 1.36800984 0.94999999
v 0.47499999 1.31175983 0.76249999
v 0.47499999 1.31175983 0.88749999
v 0.47499999 1.25550982 0.82499999
v 0.47499999 1.25550982 0.88749999
v 0.47499999 1.53675985 0.51249999
v 0.47499999 1.53675985 0.63749999
v 0.47499999 1.48050985 0.57499999
v 0.47499999 1.53675985 0.88749999
v 0.47499999 1.53675985 0.76249999
v 0.47499999 1.48050985 0.88749999
v 0.47499999 1.36800984 0.69999999
v 0.47499999 1.48050985 0.69999999
v 0.47499999 1.42425984 0.63749999
v 0.47499999 1.36800984 0.76249999
v 0.47499999 1.48050985 0.63749999
v 0.47499999 1.36800984 0.88749999
v 0.47499999 1.48050985 0.76249999
v 0.47499999 1.42425984 0.88749999
v 0.47499999 1.36800984 0.82499999
v 0.47499999 1.48050985 0.82499999
v 0.47499999 1.42425984 0.76249999
v 4.05917788 1.53675985 0.44999999
v 4.05917788 1.08675981 0.44999999
v 4.50917816 1.08675981 0.44999999
v 4.50917816 1.53675985 0.44999999
v 4.05917788 1.31175983 0.44999999
v 4.28417802 1.31175983 0.44999999
v 4.28417802 1.08675981 0.44999999
v 4.28417802 1.53675985 0.44999999
v 4.50917816 1.31175983 0.44999999
v 4.05917788 1.42425984 0.44999999
v 4.05917788 1.19925982 0.44999999
v 4.17167795 1.42425984 0.44999999
v 4.39667809 1.19925982 0.44999999
v 4.17167795 1.31175983 0.44999999
v 4.17167795 1.08675981 0.44999999
v 4.39667809 1.08675981 0.44999999
v 4.17167795 1.19925982 0.44999999
v 4.28417802 1.19925982 0.44999999
v 4.17167795 1.53675985 0.44999999
v 4.39667809 1.53675985 0.44999999
v 4.28417802 1.42425984 0.44999999
v 4.50917816 1.19925982 0.44999999
v 4.50917816 1.42425984 0.44999999
v 4.39667809 1.31175983 0.44999999
v 4.39667809 1.42425984 0.44999999
v 4.05917788 1.48050985 0.44999999
v 4.05917788 1.36800984 0.44999999
v 4.05917788 1.14300981 0.44999999
v 4.05917788 1.25550982 0.44999999
v 4.11542791 1.48050985 0.44999999
v 4.22792798 1.36800984 0.44999999
v 4.11542791 1.42425984 0.44999999
v 4.45292813 1.14300981 0.44999999
v 4.34042805 1.25550982 0.44999999
v 4.11542791 1.31175983 0.44999999
v 4.22792798 1.31175983 0.44999999
v 4.11542791 1.36800984 0.44999999
v 4.17167795 1.36800984 0.44999999
v 4.11542791 1.08675981 0.44999999
v 4.22792798 1.08675981 0.44999999
v 4.11542791 1.14300981 0.44999999
v 4.45292813 1.08675981 0.44999999
v 4.34042805 1.08675981 0.44999999
v 4.39667809 1.14300981 0.44999999
v 4.11542791 1.25550982 0.44999999
v 4.22792798 1.14300981 0.44999999
v 4.11542791 1.19925982 0.44999999
v 4.17167795 1.25550982 0.44999999
v 4.17167795 1.14300981 0.44999999
v 4.28417802 1.25550982 0.44999999
v 4.28417802 1.14300981 0.44999999
v 4.34042805 1.19925982 0.44999999
v 4.22792798 1.25550982 0.44999999
v 4.34042805 1.14300981 0.44999999
v 4.22792798 1.19925982 0.44999999
v 4.11542791 1.53675985 0.44999999
v 4.22792798 1.53675985 0.44999999
v 4.17167795 1.48050985 0.44999999
v 4.45292813 1.53675985 0.44999999
v 4.34042805 1.53675985 0.44999999
v 4.28417802 1.36800984 0.44999999
v 4.28417802 1.48050985 0.44999999
v 4.22792798 1.42425984 0.44999999
v 4.22792798 1.48050985 0.44999999
v 4.50917816 1.14300981 0.44999999
v 4.50917816 1.25550982 0.44999999
v 4.45292813 1.19925982 0.44999999
v 4.50917816 1.48050985 0.44999999
v 4.50917816 1.36800984 0.44999999
v 4.45292813 1.48050985 0.44999999
v 4.34042805 1.31175983 0.44999999
v 4.45292813 1.31175983 0.44999999
v 4.39667809 1.25550982 0.44999999
v 4.34042805 1.36800984 0.44999999
v 4.45292813 1.25550982 0.44999999
v 4.34042805 1.48050985 0.44999999
v 4.45292813 1.36800984 0.44999999
v 4.39667809 1.48050985 0.44999999
v 4.34042805 1.42425984 0.44999999
v 4.45292813 1.42425984 0.44999999
v 4.39667809 1.36800984 0.44999999
v 4.50917816 1.53675985 0.94999999
v 4.50917816 1.08675981 0.94999999
v 4.50917816 1.53675985 0.69999999
v 4.50917816 1.31175983 0.69999999
v 4.50917816 1.31175983 0.94999999
v 4.50917816 1.08675981 0.69999999
v 4.50917816 1.53675985 0.82499999
v 4.50917816 1.53675985 0.57499999
v 4.50917816 1.42425984 0.82499999
v 4.50917816 1.19925982 0.57499999
v 4.50917816 1.42425984 0.69999999
v 4.50917816 1.42425984 0.57499999
v 4.50917816 1.31175983 0.57499999
v 4.50917816 1.42425984 0.94999999
v 4.50917816 1.19925982 0.94999999
v 4.50917816 1.31175983 0.82499999
v 4.50917816 1.08675981 0.57499999
v 4.50917816 1.08675981 0.82499999
v 4.50917816 1.19925982 0.69999999
v 4.50917816 1.19925982 0.82499999
v 4.50917816 1.53675985 0.88749999
v 4.50917816 1.53675985 0.76249999
v 4.50917816 1.53675985 0.51249999
v 4.50917816 1.53675985 0.63749999
v 4.50917816 1.48050985 0.88749999
v 4.50917816 1.36800984 0.76249999
v 4.50917816 1.48050985 0.82499999
v 4.50917816 1.14300981 0.51249999
v 4.50917816 1.25550982 0.63749999
v 4.50917816 1.48050985 0.69999999
v 4.50917816 1.36800984 0.69999999
v 4.50917816 1.48050985 0.76249999
v 4.50917816 1.42425984 0.76249999
v 4.50917816 1.48050985 0.51249999
v 4.50917816 1.19925982 0.51249999
v 4.50917816 1.48050985 0.63749999
v 4.50917816 1.36800984 0.51249999
v 4.50917816 1.48050985 0.57499999
v 4.50917816 1.42425984 0.63749999
v 4.50917816 1.42425984 0.51249999
v 4.50917816 1.31175983 0.63749999
v 4.50917816 1.31175983 0.51249999
v 4.50917816 1.25550982 0.57499999
v 4.50917816 1.36800984 0.63749999
v 4.50917816 1.25550982 0.51249999
v 4.50917816 1.36800984 0.57499999
v 4.50917816 1.48050985 0.94999999
v 4.50917816 1.36800984 0.94999999
v 4.50917816 1.42425984 0.88749999
v 4.50917816 1.14300981 0.94999999
v 4.50917816 1.25550982 0.94999999
v 4.50917816 1.31175983 0.76249999
v 4.50917816 1.31175983 0.88749999
v 4.50917816 1.36800984 0.82499999
v 4.50917816 1.36800984 0.88749999
v 4.50917816 1.08675981 0.51249999
v 4.50917816 1.08675981 0.63749999
v 4.50917816 1.14300981 0.57499999
v 4.50917816 1.08675981 0.88749999
v 4.50917816 1.08675981 0.76249999
v 4.50917816 1.14300981 0.88749999
v 4.50917816 1.25550982 0.69999999
v 4.50917816 1.14300981 0.69999999
v 4.50917816 1.19925982 0.63749999
v 4.50917816 1.25550982 0.76249999
v 4.50917816 1.14300981 0.63749999
v 4.50917816 1.25550982 0.88749999
v 4.50917816 1.14300981 0.76249999
v 4.50917816 1.19925982 0.88749999
v 4.50917816 1.25550982 0.82499999
v 4.50917816 1.14300981 0.82499999
v 4.50917816 1.19925982 0.76249999
v 1.37104452 2.14851975 0.44999999
v 1.82104445 2.14851975 0.44999999
v 1.82104445 2.14851975 0.94999999
v 1.37104452 2.14851975 0.94999999
v 1.59604448 2.14851975 0.44999999
v 1.59604448 2.14851975 0.69999999
v 1.82104445 2.14851975 0.69999999
v 1.37104452 2.14851975 0.69999999
v 1.59604448 2.14851975 0.94999999
v 1.48354450 2.14851975 0.44999999
v 1.70854446 2.14851975 0.44999999
v 1.48354450 2.14851975 0.57499999
v 1.70854446 2.14851975 0.82499999
v 1.59604448 2.14851975 0.57499999
v 1.82104445 2.14851975 0.57499999
v 1.82104445 2.14851975 0.82499999
v 1.70854446 2.14851975 0.57499999
v 1.70854446 2.14851975 0.69999999
v 1.37104452 2.14851975 0.57499999
v 1.37104452 2.14851975 0.82499999
v 1.48354450 2.14851975 0.69999999
v 1.70854446 2.14851975 0.94999999
v 1.48354450 2.14851975 0.94999999
v 1.59604448 2.14851975 0.82499999
v 1.48354450 2.14851975 0.82499999
v 1.42729451 2.14851975 0.44999999
v 1.53979449 2.14851975 0.44999999
v 1.76479445 2.14851975 0.44999999
v 1.65229447 2.14851975 0.44999999
v 1.42729451 2.14851975 0.51249999
v 1.53979449 2.14851975 0.63749999
v 1.48354450 2.14851975 0.51249999
v 1.76479445 2.14851975 0.88749999
v 1.65229447 2.14851975 0.76249999
v 1.59604448 2.14851975 0.51249999
v 1.59604448 2.14851975 0.63749999
v 1.53979449 2.14851975 0.51249999
v 1.53979449 2.14851975 0.57499999
v 1.82104445 2.14851975 0.51249999
v 1.82104445 2.14851975 0.63749999
v 1.76479445 2.14851975 0.51249999
v 1.82104445 2.14851975 0.88749999
v 1.82104445 2.14851975 0.76249999
v 1.76479445 2.14851975 0.82499999
v 1.65229447 2.14851975 0.51249999
v 1.76479445 2.14851975 0.63749999
v 1.70854446 2.14851975 0.51249999
v 1.65229447 2.14851975 0.57499999
v 1.76479445 2.14851975 0.57499999
v 1.65229447 2.14851975 0.69999999
v 1.76479445 2.14851975 0.69999999
v 1.70854446 2.14851975 0.76249999
v 1.65229447 2.14851975 0.63749999
v 1.76479445 2.14851975 0.76249999
v 1.70854446 2.14851975 0.63749999
v 1.37104452 2.14851975 0.51249999
v 1.37104452 2.14851975 0.63749999
v 1.42729451 2.14851975 0.57499999
v 1.37104452 2.14851975 0.88749999
v 1.37104452 2.14851975 0.76249999
v 1.53979449 2.14851975 0.69999999
v 1.42729451 2.14851975 0.69999999
v 1.48354450 2.14851975 0.63749999
v 1.42729451 2.14851975 0.63749999
v 1.76479445 2.14851975 0.94999999
v 1.65229447 2.14851975 0.94999999
v 1.70854446 2.14851975 0.88749999
v 1.42729451 2.14851975 0.94999999
v 1.53979449 2.14851975 0.94999999
v 1.42729451 2.14851975 0.88749999
v 1.59604448 2.14851975 0.76249999
v 1.59604448 2.14851975 0.88749999
v 1.65229447 2.14851975 0.82499999
v 1.53979449 2.14851975 0.76249999
v 1.65229447 2.14851975 0.88749999
v 1.42729451 2.14851975 0.76249999
v 1.53979449 2.14851975 0.88749999
v 1.42729451 2.14851975 0.82499999
v 1.48354450 2.14851975 0.76249999
v 1.48354450 2.14851975 0.88749999
v 1.53979449 2.14851975 0.82499999
v 1.82104445 1.69851983 0.44999999
v 1.37104452 1.69851983 0.44999999
v 1.82104445 1.92351979 0.44999999
v 1.59604448 1.92351979 0.44999999
v 1.59604448 1.69851983 0.44999999
v 1.37104452 1.92351979 0.44999999
v 1.82104445 1.81101981 0.44999999
v 1.82104445 2.03601977 0.44999999
v 1.70854446 1.81101981 0.44999999
v 1.48354450 2.03601977 0.44999999
v 1.70854446 1.92351979 0.44999999
v 1.70854446 2.03601977 0.44999999
v 1.59604448 2.03601977 0.44999999
v 1.70854446 1.69851983 0.44999999
v 1.48354450 1.69851983 0.44999999
v 1.59604448 1.81101981 0.44999999
v 1.37104452 2.03601977 0.44999999
v 1.37104452 1.81101981 0.44999999
v 1.48354450 1.92351979 0.44999999
v 1.48354450 1.81101981 0.44999999
v 1.82104445 1.75476982 0.44999999
v 1.82104445 1.86726980 0.44999999
v 1.82104445 2.09226976 0.44999999
v 1.82104445 1.97976978 0.44999999
v 1.76479445 1.75476982 0.44999999
v 1.65229447 1.86726980 0.44999999
v 1.76479445 1.81101981 0.44999999
v 1.42729451 2.09226976 0.44999999
v 1.53979449 1.97976978 0.44999999
v 1.76479445 1.92351979 0.44999999
v 1.65229447 1.92351979 0.44999999
v 1.76479445 1.86726980 0.44999999
v 1.70854446 1.86726980 0.44999999
v 1.76479445 2.09226976 0.44999999
v 1.48354450 2.09226976 0.44999999
v 1.76479445 1.97976978 0.44999999
v 1.65229447 2.09226976 0.44999999
v 1.76479445 2.03601977 0.44999999
v 1.70854446 1.97976978 0.44999999
v 1.70854446 2.09226976 0.44999999
v 1.59604448 1.97976978 0.44999999
v 1.59604448 2.09226976 0.44999999
v 1.53979449 2.03601977 0.44999999
v 1.65229447 1.97976978 0.44999999
v 1.53979449 2.09226976 0.44999999
v 1.65229447 2.03601977 0.44999999
v 1.76479445 1.69851983 0.44999999
v 1.65229447 1.69851983 0.44999999
v 1.70854446 1.75476982 0.44999999
v 1.42729451 1.69851983 0.44999999
v 1.53979449 1.69851983 0.44999999
v 1.59604448 1.86726980 0.44999999
v 1.59604448 1.75476982 0.44999999
v 1.65229447 1.81101981 0.44999999
v 1.65229447 1.75476982 0.44999999
v 1.37104452 2.09226976 0.44999999
v 1.37104452 1.97976978 0.44999999
v 1.42729451 2.03601977 0.44999999
v 1.37104452 1.75476982 0.44999999
v 1.37104452 1.86726980 0.44999999
v 1.42729451 1.75476982 0.44999999
v 1.53979449 1.92351979 0.44999999
v 1.42729451 1.92351979 0.44999999
v 1.48354450 1.97976978 0.44999999
v 1.53979449 1.86726980 0.44999999
v 1.42729451 1.97976978 0.44999999
v 1.53979449 1.75476982 0.44999999
v 1.42729451 1.86726980 0.44999999
v 1.48354450 1.75476982 0.44999999
v 1.53979449 1.81101981 0.44999999
v 1.42729451 1.81101981 0.44999999
v 1.48354450 1.86726980 0.44999999
v 2.26708889 2.14851975 0.44999999
v 2.71708894 2.14851975 0.44999999
v 2.71708894 2.14851975 0.94999999
v 2.26708889 2.14851975 0.94999999
v 2.49208891 2.14851975 0.44999999
v 2.49208891 2.14851975 0.69999999
v 2.71708894 2.14851975 0.69999999
v 2.26708889 2.14851975 0.69999999
v 2.49208891 2.14851975 0.94999999
v 2.37958890 2.14851975 0.44999999
v 2.60458893 2.14851975 0.44999999
v 2.37958890 2.14851975 0.57499999
v 2.60458893 2.14851975 0.82499999
v 2.49208891 2.14851975 0.57499999
v 2.71708894 2.14851975 0.57499999
v 2.71708894 2.14851975 0.82499999
v 2.60458893 2.14851975 0.57499999
v 2.60458893 2.14851975 0.69999999
v 2.26708889 2.14851975 0.57499999
v 2.26708889 2.14851975 0.82499999
v 2.37958890 2.14851975 0.69999999
v 2.60458893 2.14851975 0.94999999
v 2.37958890 2.14851975 0.94999999
v 2.49208891 2.14851975 0.82499999
v 2.37958890 2.14851975 0.82499999
v 2.32333890 2.14851975 0.44999999
v 2.43583891 2.14851975 0.44999999
v 2.66083893 2.14851975 0.44999999
v 2.54833892 2.14851975 0.44999999
v 2.32333890 2.14851975 0.51249999
v 2.43583891 2.14851975 0.63749999
v 2.37958890 2.14851975 0.51249999
v 2.66083893 2.14851975 0.88749999
v 2.54833892 2.14851975 0.76249999
v 2.49208891 2.14851975 0.51249999
v 2.49208891 2.14851975 0.63749999
v 2.43583891 2.14851975 0.51249999
v 2.43583891 2.14851975 0.57499999
v 2.71708894 2.14851975 0.51249999
v 2.71708894 2.14851975 0.63749999
v 2.66083893 2.14851975 0.51249999
v 2.71708894 2.14851975 0.88749999
v 2.71708894 2.14851975 0.76249999
v 2.66083893 2.14851975 0.82499999
v 2.54833892 2.14851975 0.51249999
v 2.66083893 2.14851975 0.63749999
v 2.60458893 2.14851975 0.51249999
v 2.54833892 2.14851975 0.57499999
v 2.66083893 2.14851975 0.57499999
v 2.54833892 2.14851975 0.69999999
v 2.66083893 2.14851975 0.69999999
v 2.60458893 2.14851975 0.76249999
v 2.54833892 2.14851975 0.63749999
v 2.66083893 2.14851975 0.76249999
v 2.60458893 2.14851975 0.63749999
v 2.26708889 2.14851975 0.51249999
v 2.26708889 2.14851975 0.63749999
v 2.32333890 2.14851975 0.57499999
v 2.26708889 2.14851975 0.88749999
v 2.26708889 2.14851975 0.76249999
v 2.43583891 2.14851975 0.69999999
v 2.32333890 2.14851975 0.69999999
v 2.37958890 2.14851975 0.63749999
v 2.32333890 2.14851975 0.63749999
v 2.66083893 2.14851975 0.94999999
v 2.54833892 2.14851975 0.94999999
v 2.60458893 2.14851975 0.88749999
v 2.32333890 2.14851975 0.94999999
v 2.43583891 2.14851975 0.94999999
v 2.32333890 2.14851975 0.88749999
v 2.49208891 2.14851975 0.76249999
v 2.49208891 2.14851975 0.88749999
v 2.54833892 2.14851975 0.82499999
v 2.43583891 2.14851975 0.76249999
v 2.54833892 2.14851975 0.88749999
v 2.32333890 2.14851975 0.76249999
v 2.43583891 2.14851975 0.88749999
v 2.32333890 2.14851975 0.82499999
v 2.37958890 2.14851975 0.76249999
v 2.37958890 2.14851975 0.88749999
v 2.43583891 2.14851975 0.82499999
v 2.71708894 1.69851983 0.44999999
v 2.26708889 1.69851983 0.44999999
v 2.71708894 1.92351979 0.44999999
v 2.49208891 1.92351979 0.44999999
v 2.49208891 1.69851983 0.44999999
v 2.26708889 1.92351979 0.44999999
v 2.71708894 1.81101981 0.44999999
v 2.71708894 2.03601977 0.44999999
v 2.60458893 1.81101981 0.44999999
v 2.37958890 2.03601977 0.44999999
v 2.60458893 1.92351979 0.44999999
v 2.60458893 2.03601977 0.44999999
v 2.49208891 2.03601977 0.44999999
v 2.60458893 1.69851983 0.44999999
v 2.37958890 1.69851983 0.44999999
v 2.49208891 1.81101981 0.44999999
v 2.26708889 2.03601977 0.44999999
v 2.26708889 1.81101981 0.44999999
v 2.37958890 1.92351979 0.44999999
v 2.37958890 1.81101981 0.44999999
v 2.71708894 1.75476982 0.44999999
v 2.71708894 1.86726980 0.44999999
v 2.71708894 2.09226976 0.44999999
v 2.71708894 1.97976978 0.44999999
v 2.66083893 1.75476982 0.44999999
v 2.54833892 1.86726980 0.44999999
v 2.66083893 1.81101981 0.44999999
v 2.32333890 2.09226976 0.44999999
v 2.43583891 1.97976978 0.44999999
v 2.66083893 1.92351979 0.44999999
v 2.54833892 1.92351979 0.44999999
v 2.66083893 1.86726980 0.44999999
v 2.60458893 1.86726980 0.44999999
v 2.66083893 2.09226976 0.44999999
v 2.37958890 2.09226976 0.44999999
v 2.66083893 1.97976978 0.44999999
v 2.54833892 2.09226976 0.44999999
v 2.66083893 2.03601977 0.44999999
v 2.60458893 1.97976978 0.44999999
v 2.60458893 2.09226976 0.44999999
v 2.49208891 1.97976978 0.44999999
v 2.49208891 2.09226976 0.44999999
v 2.43583891 2.03601977 0.44999999
v 2.54833892 1.97976978 0.44999999
v 2.43583891 2.09226976 0.44999999
v 2.54833892 2.03601977 0.44999999
v 2.66083893 1.69851983 0.44999999
v 2.54833892 1.69851983 0.44999999
v 2.60458893 1.75476982 0.44999999
v 2.32333890 1.69851983 0.44999999
v 2.43583891 1.69851983 0.44999999
v 2.49208891 1.86726980 0.44999999
v 2.49208891 1.75476982 0.44999999
v 2.54833892 1.81101981 0.44999999
v 2.54833892 1.75476982 0.44999999
v 2.26708889 2.09226976 0.44999999
v 2.26708889 1.97976978 0.44999999
v 2.32333890 2.03601977 0.44999999
v 2.26708889 1.75476982 0.44999999
v 2.26708889 1.86726980 0.44999999
v 2.32333890 1.75476982 0.44999999
v 2.43583891 1.92351979 0.44999999
v 2.32333890 1.92351979 0.44999999
v 2.37958890 1.97976978 0.44999999
v 2.43583891 1.86726980 0.44999999
v 2.32333890 1.97976978 0.44999999
v 2.43583891 1.75476982 0.44999999
v 2.32333890 1.86726980 0.44999999
v 2.37958890 1.75476982 0.44999999
v 2.43583891 1.81101981 0.44999999
v 2.32333890 1.81101981 0.44999999
v 2.37958890 1.86726980 0.44999999
v 3.16313362 1.69851983 0.44999999
v 3.61313343 1.69851983 0.44999999
v 3.61313343 2.14851975 0.44999999
v 3.16313362 2.14851975 0.44999999
v 3.38813353 1.69851983 0.44999999
v 3.38813353 1.92351979 0.44999999
v 3.61313343 1.92351979 0.44999999
v 3.16313362 1.92351979 0.44999999
v 3.38813353 2.14851975 0.44999999
v 3.27563357 1.69851983 0.44999999
v 3.50063348 1.69851983 0.44999999
v 3.27563357 1.81101981 0.44999999
v 3.50063348 2.03601977 0.44999999
v 3.38813353 1.81101981 0.44999999
v 3.61313343 1.81101981 0.44999999
v 3.61313343 2.03601977 0.44999999
v 3.50063348 1.81101981 0.44999999
v 3.50063348 1.92351979 0.44999999
v 3.16313362 1.81101981 0.44999999
v 3.16313362 2.03601977 0.44999999
v 3.27563357 1.92351979 0.44999999
v 3.50063348 2.14851975 0.44999999
v 3.27563357 2.14851975 0.44999999
v 3.38813353 2.03601977 0.44999999
v 3.27563357 2.03601977 0.44999999
v 3.21938360 1.69851983 0.44999999
v 3.33188355 1.69851983 0.44999999
v 3.55688345 1.69851983 0.44999999
v 3.44438350 1.69851983 0.44999999
v 3.21938360 1.75476982 0.44999999
v 3.33188355 1.86726980 0.44999999
v 3.27563357 1.75476982 0.44999999
v 3.55688345 2.09226976 0.44999999
v 3.44438350 1.97976978 0.44999999
v 3.38813353 1.75476982 0.44999999
v 3.38813353 1.86726980 0.44999999
v 3.33188355 1.75476982 0.44999999
v 3.33188355 1.81101981 0.44999999
v 3.61313343 1.75476982 0.44999999
v 3.61313343 1.86726980 0.44999999
v 3.55688345 1.75476982 0.44999999
v 3.61313343 2.09226976 0.44999999
v 3.61313343 1.97976978 0.44999999
v 3.55688345 2.03601977 0.44999999
v 3.44438350 1.75476982 0.44999999
v 3.55688345 1.86726980 0.44999999
v 3.50063348 1.75476982 0.44999999
v 3.44438350 1.81101981 0.44999999
v 3.55688345 1.81101981 0.44999999
v 3.44438350 1.92351979 0.44999999
v 3.55688345 1.92351979 0.44999999
v 3.50063348 1.97976978 0.44999999
v 3.44438350 1.86726980 0.44999999
v 3.55688345 1.97976978 0.44999999
v 3.50063348 1.86726980 0.44999999
v 3.16313362 1.75476982 0.44999999
v 3.16313362 1.86726980 0.44999999
v 3.21938360 1.81101981 0.44999999
v 3.16313362 2.09226976 0.44999999
v 3.16313362 1.97976978 0.44999999
v 3.33188355 1.92351979 0.44999999
v 3.21938360 1.92351979 0.44999999
v 3.27563357 1.86726980 0.44999999
v 3.21938360 1.86726980 0.44999999
v 3.55688345 2.14851975 0.44999999
v 3.44438350 2.14851975 0.44999999
v 3.50063348 2.09226976 0.44999999
v 3.21938360 2.14851975 0.44999999
v 3.33188355 2.14851975 0.44999999
v 3.21938360 2.09226976 0.44999999
v 3.38813353 1.97976978 0.44999999
v 3.38813353 2.09226976 0.44999999
v 3.44438350 2.03601977 0.44999999
v 3.33188355 1.97976978 0.44999999
v 3.44438350 2.09226976 0.44999999
v 3.21938360 1.97976978 0.44999999
v 3.33188355 2.09226976 0.44999999
v 3.21938360 2.03601977 0.44999999
v 3.27563357 1.97976978 0.44999999
v 3.27563357 2.09226976 0.44999999
v 3.33188355 2.03601977 0.44999999
v 3.16313362 2.14851975 0.94999999
v 3.61313343 2.14851975 0.94999999
v 3.16313362 2.14851975 0.69999999
v 3.38813353 2.14851975 0.69999999
v 3.38813353 2.14851975 0.94999999
v 3.61313343 2.14851975 0.69999999
v 3.16313362 2.14851975 0.82499999
v 3.16313362 2.14851975 0.57499999
v 3.27563357 2.14851975 0.82499999
v 3.50063348 2.14851975 0.57499999
v 3.27563357 2.14851975 0.69999999
v 3.27563357 2.14851975 0.57499999
v 3.38813353 2.14851975 0.57499999
v 3.27563357 2.14851975 0.94999999
v 3.50063348 2.14851975 0.94999999
v 3.38813353 2.14851975 0.82499999
v 3.61313343 2.14851975 0.57499999
v 3.61313343 2.14851975 0.82499999
v 3.50063348 2.14851975 0.69999999
v 3.50063348 2.14851975 0.82499999
v 3.16313362 2.14851975 0.88749999
v 3.16313362 2.14851975 0.76249999
v 3.16313362 2.14851975 0.51249999
v 3.16313362 2.14851975 0.63749999
v 3.21938360 2.14851975 0.88749999
v 3.33188355 2.14851975 0.76249999
v 3.21938360 2.14851975 0.82499999
v 3.55688345 2.14851975 0.51249999
v 3.44438350 2.14851975 0.63749999
v 3.21938360 2.14851975 0.69999999
v 3.33188355 2.14851975 0.69999999
v 3.21938360 2.14851975 0.76249999
v 3.27563357 2.14851975 0.76249999
v 3.21938360 2.14851975 0.51249999
v 3.50063348 2.14851975 0.51249999
v 3.21938360 2.14851975 0.63749999
v 3.33188355 2.14851975 0.51249999
v 3.21938360 2.14851975 0.57499999
v 3.27563357 2.14851975 0.63749999
v 3.27563357 2.14851975 0.51249999
v 3.38813353 2.14851975 0.63749999
v 3.38813353 2.14851975 0.51249999
v 3.44438350 2.14851975 0.57499999
v 3.33188355 2.14851975 0.63749999
v 3.44438350 2.14851975 0.51249999
v 3.33188355 2.14851975 0.57499999
v 3.21938360 2.14851975 0.94999999
v 3.33188355 2.14851975 0.94999999
v 3.27563357 2.14851975 0.88749999
v 3.55688345 2.14851975 0.94999999
v 3.44438350 2.14851975 0.94999999
v 3.38813353 2.14851975 0.76249999
v 3.38813353 2.14851975 0.88749999
v 3.33188355 2.14851975 0.82499999
v 3.33188355 2.14851975 0.88749999
v 3.61313343 2.14851975 0.51249999
v 3.61313343 2.14851975 0.63749999
v 3.55688345 2.14851975 0.57499999
v 3.61313343 2.14851975 0.88749999
v 3.61313343 2.14851975 0.76249999
v 3.55688345 2.14851975 0.88749999
v 3.44438350 2.14851975 0.69999999
v 3.55688345 2.14851975 0.69999999
v 3.50063348 2.14851975 0.63749999
v 3.44438350 2.14851975 0.76249999
v 3.55688345 2.14851975 0.63749999
v 3.44438350 2.14851975 0.88749999
v 3.55688345 2.14851975 0.76249999
v 3.50063348 2.14851975 0.88749999
v 3.44438350 2.14851975 0.82499999
v 3.55688345 2.14851975 0.82499999
v 3.50063348 2.14851975 0.76249999
v 3.61313343 0.47499999 0.44999999
v 3.16313362 0.47499999 0.44999999
v 3.16313362 0.47499999 0.94999999
v 3.61313343 0.47499999 0.94999999
v 3.38813353 0.47499999 0.44999999
v 3.38813353 0.47499999 0.69999999
v 3.16313362 0.47499999 0.69999999
v 3.61313343 0.47499999 0.69999999
v 3.38813353 0.47499999 0.94999999
v 3.50063348 0.47499999 0.44999999
v 3.27563357 0.47499999 0.44999999
v 3.50063348 0.47499999 0.57499999
v 3.27563357 0.47499999 0.82499999
v 3.38813353 0.47499999 0.57499999
v 3.16313362 0.47499999 0.57499999
v 3.16313362 0.47499999 0.82499999
v 3.27563357 0.47499999 0.57499999
v 3.27563357 0.47499999 0.69999999
v 3.61313343 0.47499999 0.57499999
v 3.61313343 0.47499999 0.82499999
v 3.50063348 0.47499999 0.69999999
v 3.27563357 0.47499999 0.94999999
v 3.50063348 0.47499999 0.94999999
v 3.38813353 0.47499999 0.82499999
v 3.50063348 0.47499999 0.82499999
v 3.55688345 0.47499999 0.44999999
v 3.44438350 0.47499999 0.44999999
v 3.21938360 0.47499999 0.44999999
v 3.33188355 0.47499999 0.44999999
v 3.55688345 0.47499999 0.51249999
v 3.44438350 0.47499999 0.63749999
v 3.50063348 0.47499999 0.51249999
v 3.21938360 0.47499999 0.88749999
v 3.33188355 0.47499999 0.76249999
v 3.38813353 0.47499999 0.51249999
v 3.38813353 0.47499999 0.63749999
v 3.44438350 0.47499999 0.51249999
v 3.44438350 0.47499999 0.57499999
v 3.16313362 0.47499999 0.51249999
v 3.16313362 0.47499999 0.63749999
v 3.21938360 0.47499999 0.51249999
v 3.16313362 0.47499999 0.88749999
v 3.16313362 0.47499999 0.76249999
v 3.21938360 0.47499999 0.82499999
v 3.33188355 0.47499999 0.51249999
v 3.21938360 0.47499999 0.63749999
v 3.27563357 0.47499999 0.51249999
v 3.33188355 0.47499999 0.57499999
v 3.21938360 0.47499999 0.57499999
v 3.33188355 0.47499999 0.69999999
v 3.21938360 0.47499999 0.69999999
v 3.27563357 0.47499999 0.76249999
v 3.33188355 0.47499999 0.63749999
v 3.21938360 0.47499999 0.76249999
v 3.27563357 0.47499999 0.63749999
v 3.61313343 0.47499999 0.51249999
v 3.61313343 0.47499999 0.63749999
v 3.55688345 0.47499999 0.57499999
v 3.61313343 0.47499999 0.88749999
v 3.61313343 0.47499999 0.76249999
v 3.44438350 0.47499999 0.69999999
v 3.55688345 0.47499999 0.69999999
v 3.50063348 0.47499999 0.63749999
v 3.55688345 0.47499999 0.63749999
v 3.21938360 0.47499999 0.94999999
v 3.33188355 0.47499999 0.94999999
v 3.27563357 0.47499999 0.88749999
v 3.55688345 0.47499999 0.94999999
v 3.44438350 0.47499999 0.94999999
v 3.55688345 0.47499999 0.88749999
v 3.38813353 0.47499999 0.76249999
v 3.38813353 0.47499999 0.88749999
v 3.33188355 0.47499999 0.82499999
v 3.44438350 0.47499999 0.76249999
v 3.33188355 0.47499999 0.88749999
v 3.55688345 0.47499999 0.76249999
v 3.44438350 0.47499999 0.88749999
v 3.55688345 0.47499999 0.82499999
v 3.50063348 0.47499999 0.76249999
v 3.50063348 0.47499999 0.88749999
v 3.44438350 0.47499999 0.82499999
v 3.16313362 0.92500001 0.44999999
v 3.61313343 0.92500001 0.44999999
v 3.16313362 0.70000000 0.44999999
v 3.38813353 0.70000000 0.44999999
v 3.38813353 0.92500001 0.44999999
v 3.61313343 0.70000000 0.44999999
v 3.16313362 0.81250001 0.44999999
v 3.16313362 0.58750000 0.44999999
v 3.27563357 0.81250001 0.44999999
v 3.50063348 0.58750000 0.44999999
v 3.27563357 0.70000000 0.44999999
v 3.27563357 0.58750000 0.44999999
v 3.38813353 0.58750000 0.44999999
v 3.27563357 0.92500001 0.44999999
v 3.50063348 0.92500001 0.44999999
v 3.38813353 0.81250001 0.44999999
v 3.61313343 0.58750000 0.44999999
v 3.61313343 0.81250001 0.44999999
v 3.50063348 0.70000000 0.44999999
v 3.50063348 0.81250001 0.44999999
v 3.16313362 0.86875001 0.44999999
v 3.16313362 0.75625001 0.44999999
v 3.16313362 0.53125000 0.44999999
v 3.16313362 0.64375000 0.44999999
v 3.21938360 0.86875001 0.44999999
v 3.33188355 0.75625001 0.44999999
v 3.21938360 0.81250001 0.44999999
v 3.55688345 0.53125000 0.44999999
v 3.44438350 0.64375000 0.44999999
v 3.21938360 0.70000000 0.44999999
v 3.33188355 0.70000000 0.44999999
v 3.21938360 0.75625001 0.44999999
v 3.27563357 0.75625001 0.44999999
v 3.21938360 0.53125000 0.44999999
v 3.50063348 0.53125000 0.44999999
v 3.21938360 0.64375000 0.44999999
v 3.33188355 0.53125000 0.44999999
v 3.21938360 0.58750000 0.44999999
v 3.27563357 0.64375000 0.44999999
v 3.27563357 0.53125000 0.44999999
v 3.38813353 0.64375000 0.44999999
v 3.38813353 0.53125000 0.44999999
v 3.44438350 0.58750000 0.44999999
v 3.33188355 0.64375000 0.44999999
v 3.44438350 0.53125000 0.44999999
v 3.33188355 0.58750000 0.44999999
v 3.21938360 0.92500001 0.44999999
v 3.33188355 0.92500001 0.44999999
v 3.27563357 0.86875001 0.44999999
v 3.55688345 0.92500001 0.44999999
v 3.44438350 0.92500001 0.44999999
v 3.38813353 0.75625001 0.44999999
v 3.38813353 0.86875001 0.44999999
v 3.33188355 0.81250001 0.44999999
v 3.33188355 0.86875001 0.44999999
v 3.61313343 0.53125000 0.44999999
v 3.61313343 0.64375000 0.44999999
v 3.55688345 0.58750000 0.44999999
v 3.61313343 0.86875001 0.44999999
v 3.61313343 0.75625001 0.44999999
v 3.55688345 0.86875001 0.44999999
v 3.44438350 0.70000000 0.44999999
v 3.55688345 0.70000000 0.44999999
v 3.50063348 0.64375000 0.44999999
v 3.44438350 0.75625001 0.44999999
v 3.55688345 0.64375000 0.44999999
v 3.44438350 0.86875001 0.44999999
v 3.55688345 0.75625001 0.44999999
v 3.50063348 0.86875001 0.44999999
v 3.44438350 0.81250001 0.44999999
v 3.55688345 0.81250001 0.44999999
v 3.50063348 0.75625001 0.44999999
v 2.71708894 0.47499999 0.44999999
v 2.26708889 0.47499999 0.44999999
v 2.26708889 0.47499999 0.94999999
v 2.71708894 0.47499999 0.94999999
v 2.49208891 0.47499999 0.44999999
v 2.49208891 0.47499999 0.69999999
v 2.26708889 0.47499999 0.69999999
v 2.71708894 0.47499999 0.69999999
v 2.49208891 0.47499999 0.94999999
v 2.60458893 0.47499999 0.44999999
v 2.37958890 0.47499999 0.44999999
v 2.60458893 0.47499999 0.57499999
v 2.37958890 0.47499999 0.82499999
v 2.49208891 0.47499999 0.57499999
v 2.26708889 0.47499999 0.57499999
v 2.26708889 0.47499999 0.82499999
v 2.37958890 0.47499999 0.57499999
v 2.37958890 0.47499999 0.69999999
v 2.71708894 0.47499999 0.57499999
v 2.71708894 0.47499999 0.82499999
v 2.60458893 0.47499999 0.69999999
v 2.37958890 0.47499999 0.94999999
v 2.60458893 0.47499999 0.94999999
v 2.49208891 0.47499999 0.82499999
v 2.60458893 0.47499999 0.82499999
v 2.66083893 0.47499999 0.44999999
v 2.54833892 0.47499999 0.44999999
v 2.32333890 0.47499999 0.44999999
v 2.43583891 0.47499999 0.44999999
v 2.66083893 0.47499999 0.51249999
v 2.54833892 0.47499999 0.63749999
v 2.60458893 0.47499999 0.51249999
v 2.32333890 0.47499999 0.88749999
v 2.43583891 0.47499999 0.76249999
v 2.49208891 0.47499999 0.51249999
v 2.49208891 0.47499999 0.63749999
v 2.54833892 0.47499999 0.51249999
v 2.54833892 0.47499999 0.57499999
v 2.26708889 0.47499999 0.51249999
v 2.26708889 0.47499999 0.63749999
v 2.32333890 0.47499999 0.51249999
v 2.26708889 0.47499999 0.88749999
v 2.26708889 0.47499999 0.76249999
v 2.32333890 0.47499999 0.82499999
v 2.43583891 0.47499999 0.51249999
v 2.32333890 0.47499999 0.63749999
v 2.37958890 0.47499999 0.51249999
v 2.43583891 0.47499999 0.57499999
v 2.32333890 0.47499999 0.57499999
v 2.43583891 0.47499999 0.69999999
v 2.32333890 0.47499999 0.69999999
v 2.37958890 0.47499999 0.76249999
v 2.43583891 0.47499999 0.63749999
v 2.32333890 0.47499999 0.76249999
v 2.37958890 0.47499999 0.63749999
v 2.71708894 0.47499999 0.51249999
v 2.71708894 0.47499999 0.63749999
v 2.66083893 0.47499999 0.57499999
v 2.71708894 0.47499999 0.88749999
v 2.71708894 0.47499999 0.76249999
v 2.54833892 0.47499999 0.69999999
v 2.66083893 0.47499999 0.69999999
v 2.60458893 0.47499999 0.63749999
v 2.66083893 0.47499999 0.63749999
v 2.32333890 0.47499999 0.94999999
v 2.43583891 0.47499999 0.94999999
v 2.37958890 0.47499999 0.88749999
v 2.66083893 0.47499999 0.94999999
v 2.54833892 0.47499999 0.94999999
v 2.66083893 0.47499999 0.88749999
v 2.49208891 0.47499999 0.76249999
v 2.49208891 0.47499999 0.88749999
v 2.43583891 0.47499999 0.82499999
v 2.54833892 0.47499999 0.76249999
v 2.43583891 0.47499999 0.88749999
v 2.66083893 0.47499999 0.76249999
v 2.54833892 0.47499999 0.88749999
v 2.66083893 0.47499999 0.82499999
v 2.60458893 0.47499999 0.76249999
v 2.60458893 0.47499999 0.88749999
v 2.54833892 0.47499999 0.82499999
v 2.26708889 0.92500001 0.44999999
v 2.71708894 0.92500001 0.44999999
v 2.26708889 0.70000000 0.44999999
v 2.49208891 0.70000000 0.44999999
v 2.49208891 0.92500001 0.44999999
v 2.71708894 0.70000000 0.44999999
v 2.26708889 0.81250001 0.44999999
v 2.26708889 0.58750000 0.44999999
v 2.37958890 0.81250001 0.44999999
v 2.60458893 0.58750000 0.44999999
v 2.37958890 0.70000000 0.44999999
v 2.37958890 0.58750000 0.44999999
v 2.49208891 0.58750000 0.44999999
v 2.37958890 0.92500001 0.44999999
v 2.60458893 0.92500001 0.44999999
v 2.49208891 0.81250001 0.44999999
v 2.71708894 0.58750000 0.44999999
v 2.71708894 0.81250001 0.44999999
v 2.60458893 0.70000000 0.44999999
v 2.60458893 0.81250001 0.44999999
v 2.26708889 0.86875001 0.44999999
v 2.26708889 0.75625001 0.44999999
v 2.26708889 0.53125000 0.44999999
v 2.26708889 0.64375000 0.44999999
v 2.32333890 0.86875001 0.44999999
v 2.43583891 0.75625001 0.44999999
v 2.32333890 0.81250001 0.44999999
v 2.66083893 0.53125000 0.44999999
v 2.54833892 0.64375000 0.44999999
v 2.32333890 0.70000000 0.44999999
v 2.43583891 0.70000000 0.44999999
v 2.32333890 0.75625001 0.44999999
v 2.37958890 0.75625001 0.44999999
v 2.32333890 0.53125000 0.44999999
v 2.60458893 0.53125000 0.44999999
v 2.32333890 0.64375000 0.44999999
v 2.43583891 0.53125000 0.44999999
v 2.32333890 0.58750000 0.44999999
v 2.37958890 0.64375000 0.44999999
v 2.37958890 0.53125000 0.44999999
v 2.49208891 0.64375000 0.44999999
v 2.49208891 0.53125000 0.44999999
v 2.54833892 0.58750000 0.44999999
v 2.43583891 0.64375000 0.44999999
v 2.54833892 0.53125000 0.44999999
v 2.43583891 0.58750000 0.44999999
v 2.32333890 0.92500001 0.44999999
v 2.43583891 0.92500001 0.44999999
v 2.37958890 0.86875001 0.44999999
v 2.66083893 0.92500001 0.44999999
v 2.54833892 0.92500001 0.44999999
v 2.49208891 0.75625001 0.44999999
v 2.49208891 0.86875001 0.44999999
v 2.43583891 0.81250001 0.44999999
v 2.43583891 0.86875001 0.44999999
v 2.71708894 0.53125000 0.44999999
v 2.71708894 0.64375000 0.44999999
v 2.66083893 0.58750000 0.44999999
v 2.71708894 0.86875001 0.44999999
v 2.71708894 0.75625001 0.44999999
v 2.66083893 0.86875001 0.44999999
v 2.54833892 0.70000000 0.44999999
v 2.66083893 0.70000000 0.44999999
v 2.60458893 0.64375000 0.44999999
v 2.54833892 0.75625001 0.44999999
v 2.66083893 0.64375000 0.44999999
v 2.54833892 0.86875001 0.44999999
v 2.66083893 0.75625001 0.44999999
v 2.60458893 0.86875001 0.44999999
v 2.54833892 0.81250001 0.44999999
v 2.66083893 0.81250001 0.44999999
v 2.60458893 0.75625001 0.44999999
v 1.82104445 0.92500001 0.44999999
v 1.37104452 0.92500001 0.44999999
v 1.37104452 0.47499999 0.44999999
v 1.82104445 0.47499999 0.44999999
v 1.59604448 0.92500001 0.44999999
v 1.59604448 0.70000000 0.44999999
v 1.37104452 0.70000000 0.44999999
v 1.82104445 0.70000000 0.44999999
v 1.59604448 0.47499999 0.44999999
v 1.70854446 0.92500001 0.44999999
v 1.48354450 0.92500001 0.44999999
v 1.70854446 0.81250001 0.44999999
v 1.48354450 0.58750000 0.44999999
v 1.59604448 0.81250001 0.44999999
v 1.37104452 0.81250001 0.44999999
v 1.37104452 0.58750000 0.44999999
v 1.48354450 0.81250001 0.44999999
v 1.48354450 0.70000000 0.44999999
v 1.82104445 0.81250001 0.44999999
v 1.82104445 0.58750000 0.44999999
v 1.70854446 0.70000000 0.44999999
v 1.48354450 0.47499999 0.44999999
v 1.70854446 0.47499999 0.44999999
v 1.59604448 0.58750000 0.44999999
v 1.70854446 0.58750000 0.44999999
v 1.76479445 0.92500001 0.44999999
v 1.65229447 0.92500001 0.44999999
v 1.42729451 0.92500001 0.44999999
v 1.53979449 0.92500001 0.44999999
v 1.76479445 0.86875001 0.44999999
v 1.65229447 0.75625001 0.44999999
v 1.70854446 0.86875001 0.44999999
v 1.42729451 0.53125000 0.44999999
v 1.53979449 0.64375000 0.44999999
v 1.59604448 0.86875001 0.44999999
v 1.59604448 0.75625001 0.44999999
v 1.65229447 0.86875001 0.44999999
v 1.65229447 0.81250001 0.44999999
v 1.37104452 0.86875001 0.44999999
v 1.37104452 0.75625001 0.44999999
v 1.42729451 0.86875001 0.44999999
v 1.37104452 0.53125000 0.44999999
v 1.37104452 0.64375000 0.44999999
v 1.42729451 0.58750000 0.44999999
v 1.53979449 0.86875001 0.44999999
v 1.42729451 0.75625001 0.44999999
v 1.48354450 0.86875001 0.44999999
v 1.53979449 0.81250001 0.44999999
v 1.42729451 0.81250001 0.44999999
v 1.53979449 0.70000000 0.44999999
v 1.42729451 0.70000000 0.44999999
v 1.48354450 0.64375000 0.44999999
v 1.53979449 0.75625001 0.44999999
v 1.42729451 0.64375000 0.44999999
v 1.48354450 0.75625001 0.44999999
v 1.82104445 0.86875001 0.44999999
v 1.82104445 0.75625001 0.44999999
v 1.76479445 0.81250001 0.44999999
v 1.82104445 0.53125000 0.44999999
v 1.82104445 0.64375000 0.44999999
v 1.65229447 0.70000000 0.44999999
v 1.76479445 0.70000000 0.44999999
v 1.70854446 0.75625001 0.44999999
v 1.76479445 0.75625001 0.44999999
v 1.42729451 0.47499999 0.44999999
v 1.53979449 0.47499999 0.44999999
v 1.48354450 0.53125000 0.44999999
v 1.76479445 0.47499999 0.44999999
v 1.65229447 0.47499999 0.44999999
v 1.76479445 0.53125000 0.44999999
v 1.59604448 0.64375000 0.44999999
v 1.59604448 0.53125000 0.44999999
v 1.53979449 0.58750000 0.44999999
v 1.65229447 0.64375000 0.44999999
v 1.53979449 0.53125000 0.44999999
v 1.76479445 0.64375000 0.44999999
v 1.65229447 0.53125000 0.44999999
v 1.76479445 0.58750000 0.44999999
v 1.70854446 0.64375000 0.44999999
v 1.70854446 0.53125000 0.44999999
v 1.65229447 0.58750000 0.44999999
v 1.82104445 0.47499999 0.94999999
v 1.37104452 0.47499999 0.94999999
v 1.82104445 0.47499999 0.69999999
v 1.59604448 0.47499999 0.69999999
v 1.59604448 0.47499999 0.94999999
v 1.37104452 0.47499999 0.69999999
v 1.82104445 0.47499999 0.82499999
v 1.82104445 0.47499999 0.57499999
v 1.70854446 0.47499999 0.82499999
v 1.48354450 0.47499999 0.57499999
v 1.70854446 0.47499999 0.69999999
v 1.70854446 0.47499999 0.57499999
v 1.59604448 0.47499999 0.57499999
v 1.70854446 0.47499999 0.94999999
v 1.48354450 0.47499999 0.94999999
v 1.59604448 0.47499999 0.82499999
v 1.37104452 0.47499999 0.57499999
v 1.37104452 0.47499999 0.82499999
v 1.48354450 0.47499999 0.69999999
v 1.48354450 0.47499999 0.82499999
v 1.82104445 0.47499999 0.88749999
v 1.82104445 0.47499999 0.76249999
v 1.82104445 0.47499999 0.51249999
v 1.82104445 0.47499999 0.63749999
v 1.76479445 0.47499999 0.88749999
v 1.65229447 0.47499999 0.76249999
v 1.76479445 0.47499999 0.82499999
v 1.42729451 0.47499999 0.51249999
v 1.53979449 0.47499999 0.63749999
v 1.76479445 0.47499999 0.69999999
v 1.65229447 0.47499999 0.69999999
v 1.76479445 0.47499999 0.76249999
v 1.70854446 0.47499999 0.76249999
v 1.76479445 0.47499999 0.51249999
v 1.48354450 0.47499999 0.51249999
v 1.76479445 0.47499999 0.63749999
v 1.65229447 0.47499999 0.51249999
v 1.76479445 0.47499999 0.57499999
v 1.70854446 0.47499999 0.63749999
v 1.70854446 0.47499999 0.51249999
v 1.59604448 0.47499999 0.63749999
v 1.59604448 0.47499999 0.51249999
v 1.53979449 0.47499999 0.57499999
v 1.65229447 0.47499999 0.63749999
v 1.53979449 0.47499999 0.51249999
v 1.65229447 0.47499999 0.57499999
v 1.76479445 0.47499999 0.94999999
v 1.65229447 0.47499999 0.94999999
v 1.70854446 0.47499999 0.88749999
v 1.42729451 0.47499999 0.94999999
v 1.53979449 0.47499999 0.94999999
v 1.59604448 0.47499999 0.76249999
v 1.59604448 0.47499999 0.88749999
v 1.65229447 0.47499999 0.82499999
v 1.65229447 0.47499999 0.88749999
v 1.37104452 0.47499999 0.51249999
v 1.37104452 0.47499999 0.63749999
v 1.42729451 0.47499999 0.57499999
v 1.37104452 0.47499999 0.88749999
v 1.37104452 0.47499999 0.76249999
v 1.42729451 0.47499999 0.88749999
v 1.53979449 0.47499999 0.69999999
v 1.42729451 0.47499999 0.69999999
v 1.48354450 0.47499999 0.63749999
v 1.53979449 0.47499999 0.76249999
v 1.42729451 0.47499999 0.63749999
v 1.53979449 0.47499999 0.88749999
v 1.42729451 0.47499999 0.76249999
v 1.48354450 0.47499999 0.88749999
v 1.53979449 0.47499999 0.82499999
v 1.42729451 0.47499999 0.82499999
v 1.48354450 0.47499999 0.76249999
v 4.28417778 0.69999999 0.75000000
v 4.28417778 1.92351973 0.75000000
v 0.69999999 1.92351973 0.75000000
v 0.69999999 0.69999999 0.75000000
v 4.28417778 1.31175986 0.75000000
v 2.49208888 1.31175986 0.75000000
v 2.49208888 1.92351973 0.75000000
v 2.49208888 0.69999999 0.75000000
v 0.69999999 1.31175986 0.75000000
v 4.28417778 1.00587992 0.75000000
v 4.28417778 1.61763979 0.75000000
v 3.38813333 1.00587992 0.75000000
v 1.59604444 1.61763979 0.75000000
v 3.38813333 1.31175986 0.75000000
v 3.38813333 1.92351973 0.75000000
v 1.59604444 1.92351973 0.75000000
v 3.38813333 1.61763979 0.75000000
v 2.49208888 1.61763979 0.75000000
v 3.38813333 0.69999999 0.75000000
v 1.59604444 0.69999999 0.75000000
v 2.49208888 1.00587992 0.75000000
v 0.69999999 1.61763979 0.75000000
v 0.69999999 1.00587992 0.75000000
v 1.59604444 1.31175986 0.75000000
v 1.59604444 1.00587992 0.75000000
v 4.28417778 0.85293996 0.75000000
v 4.28417778 1.15881989 0.75000000
v 4.28417778 1.77057976 0.75000000
v 4.28417778 1.46469983 0.75000000
v 3.83615556 0.85293996 0.75000000
v 2.94011111 1.15881989 0.75000000
v 3.83615556 1.00587992 0.75000000
v 1.14802221 1.77057976 0.75000000
v 2.04406666 1.46469983 0.75000000
v 3.83615556 1.31175986 0.75000000
v 2.94011111 1.31175986 0.75000000
v 3.83615556 1.15881989 0.75000000
v 3.38813333 1.15881989 0.75000000
v 3.83615556 1.92351973 0.75000000
v 2.94011111 1.92351973 0.75000000
v 3.83615556 1.77057976 0.75000000
v 1.14802221 1.92351973 0.75000000
v 2.04406666 1.92351973 0.75000000
v 1.59604444 1.77057976 0.75000000
v 3.83615556 1.46469983 0.75000000
v 2.94011111 1.77057976 0.75000000
v 3.83615556 1.61763979 0.75000000
v 3.38813333 1.46469983 0.75000000
v 3.38813333 1.77057976 0.75000000
v 2.49208888 1.46469983 0.75000000
v 2.49208888 1.77057976 0.75000000
v 2.04406666 1.61763979 0.75000000
v 2.94011111 1.46469983 0.75000000
v 2.04406666 1.77057976 0.75000000
v 2.94011111 1.61763979 0.75000000
v 3.83615556 0.69999999 0.75000000
v 2.94011111 0.69999999 0.75000000
v 3.38813333 0.85293996 0.75000000
v 1.14802221 0.69999999 0.75000000
v 2.04406666 0.69999999 0.75000000
v 2.49208888 1.15881989 0.75000000
v 2.49208888 0.85293996 0.75000000
v 2.94011111 1.00587992 0.75000000
v 2.94011111 0.85293996 0.75000000
v 0.69999999 1.77057976 0.75000000
v 0.69999999 1.46469983 0.75000000
v 1.14802221 1.61763979 0.75000000
v 0.69999999 0.85293996 0.75000000
v 0.69999999 1.15881989 0.75000000
v 1.14802221 0.85293996 0.75000000
v 2.04406666 1.31175986 0.75000000
v 1.14802221 1.31175986 0.75000000
v 1.59604444 1.46469983 0.75000000
v 2.04406666 1.15881989 0.75000000
v 1.14802221 1.46469983 0.75000000
v 2.04406666 0.85293996 0.75000000
v 1.14802221 1.15881989 0.75000000
v 1.59604444 0.85293996 0.75000000
v 2.04406666 1.00587992 0.75000000
v 1.14802221 1.00587992 0.75000000
v 1.59604444 1.15881989 0.75000000
f 1 66 70
f 66 22 72
f 70 72 24
f 66 72 70
f 22 67 77
f 67 9 75
f 77 75 26
f 67 75 77
f 24 78 71
f 78 26 76
f 71 76 10
f 78 76 71
f 22 77 72
f 77 26 78
f 72 78 24
f 77 78 72
f 9 69 85
f 69 23 87
f 85 87 29
f 69 87 85
f 23 68 81
f 68 2 79
f 81 79 27
f 68 79 81
f 29 89 86
f 89 27 80
f 86 80 11
f 89 80 86
f 23 81 87
f 81 27 89
f 87 89 29
f 81 89 87
f 10 90 74
f 90 30 92
f 74 92 25
f 90 92 74
f 30 91 94
f 91 11 83
f 94 83 28
f 91 83 94
f 25 84 73
f 84 28 82
f 73 82 3
f 84 82 73
f 30 94 92
f 94 28 84
f 92 84 25
f 94 84 92
f 9 85 75
f 85 29 88
f 75 88 26
f 85 88 75
f 29 86 95
f 86 11 91
f 95 91 30
f 86 91 95
f 26 93 76
f 93 30 90
f 76 90 10
f 93 90 76
f 29 95 88
f 95 30 93
f 88 93 26
f 95 93 88
f 1 70 70
f 70 24 24
f 70 24 24
f 70 24 70
f 24 71 71
f 71 10 10
f 71 10 10
f 71 10 71
f 24 71 71
f 71 10 10
f 71 10 10
f 71 10 71
f 24 71 24
f 71 10 71
f 24 71 24
f 71 71 24
f 10 74 74
f 74 25 25
f 74 25 25
f 74 25 74
f 25 73 73
f 73 3 3
f 73 3 3
f 73 3 73
f 25 73 73
f 73 3 3
f 73 3 3
f 73 3 73
f 25 73 25
f 73 3 73
f 25 73 25
f 73 73 25
f 10 74 74
f 74 25 25
f 74 25 25
f 74 25 74
f 25 73 73
f 73 3 3
f 73 3 3
f 73 3 73
f 25 73 73
f 73 3 3
f 73 3 3
f 73 3 73
f 25 73 25
f 73 3 73
f 25 73 25
f 73 73 25
f 10 74 10
f 74 25 74
f 10 74 10
f 74 74 10
f 25 73 25
f 73 3 73
f 25 73 25
f 73 73 25
f 10 74 10
f 74 25 74
f 10 74 10
f 74 74 10
f 25 25 74
f 25 25 74
f 74 74 10
f 25 74 74
f 2 96 79
f 96 31 98
f 79 98 27
f 96 98 79
f 31 97 104
f 97 12 102
f 104 102 33
f 97 102 104
f 27 103 80
f 103 33 101
f 80 101 11
f 103 101 80
f 31 104 98
f 104 33 103
f 98 103 27
f 104 103 98
f 12 100 116
f 100 32 118
f 116 118 37
f 100 118 116
f 32 99 110
f 99 4 108
f 110 108 35
f 99 108 110
f 37 120 117
f 120 35 109
f 117 109 13
f 120 109 117
f 32 110 118
f 110 35 120
f 118 120 37
f 110 120 118
f 11 111 83
f 111 36 113
f 83 113 28
f 111 113 83
f 36 112 115
f 112 13 106
f 115 106 34
f 112 106 115
f 28 107 82
f 107 34 105
f 82 105 3
f 107 105 82
f 36 115 113
f 115 34 107
f 113 107 28
f 115 107 113
f 12 116 102
f 116 37 119
f 102 119 33
f 116 119 102
f 37 117 121
f 117 13 112
f 121 112 36
f 117 112 121
f 33 114 101
f 114 36 111
f 101 111 11
f 114 111 101
f 37 121 119
f 121 36 114
f 119 114 33
f 121 114 119
f 2 79 79
f 79 27 27
f 79 27 27
f 79 27 79
f 27 80 80
f 80 11 11
f 80 11 11
f 80 11 80
f 27 80 80
f 80 11 11
f 80 11 11
f 80 11 80
f 27 80 27
f 80 11 80
f 27 80 27
f 80 80 27
f 11 83 83
f 83 28 28
f 83 28 28
f 83 28 83
f 28 82 82
f 82 3 3
f 82 3 3
f 82 3 82
f 28 82 82
f 82 3 3
f 82 3 3
f 82 3 82
f 28 82 28
f 82 3 82
f 28 82 28
f 82 82 28
f 11 83 83
f 83 28 28
f 83 28 28
f 83 28 83
f 28 82 82
f 82 3 3
f 82 3 3
f 82 3 82
f 28 82 82
f 82 3 3
f 82 3 3
f 82 3 82
f 28 82 28
f 82 3 82
f 28 82 28
f 82 82 28
f 11 83 11
f 83 28 83
f 11 83 11
f 83 83 11
f 28 82 28
f 82 3 82
f 28 82 28
f 82 82 28
f 11 83 11
f 83 28 83
f 11 83 11
f 83 83 11
f 28 28 83
f 28 28 83
f 83 83 11
f 28 83 83
f 4 122 135
f 122 38 138
f 135 138 43
f 122 138 135
f 38 123 149
f 123 14 147
f 149 147 46
f 123 147 149
f 43 150 136
f 150 46 148
f 136 148 16
f 150 148 136
f 38 149 138
f 149 46 150
f 138 150 43
f 149 150 138
f 14 125 163
f 125 39 165
f 163 165 50
f 125 165 163
f 39 124 159
f 124 5 157
f 159 157 48
f 124 157 159
f 50 167 164
f 167 48 158
f 164 158 17
f 167 158 164
f 39 159 165
f 159 48 167
f 165 167 50
f 159 167 165
f 16 168 140
f 168 51 170
f 140 170 44
f 168 170 140
f 51 169 172
f 169 17 161
f 172 161 49
f 169 161 172
f 44 162 139
f 162 49 160
f 139 160 6
f 162 160 139
f 51 172 170
f 172 49 162
f 170 162 44
f 172 162 170
f 14 163 147
f 163 50 166
f 147 166 46
f 163 166 147
f 50 164 173
f 164 17 169
f 173 169 51
f 164 169 173
f 46 171 148
f 171 51 168
f 148 168 16
f 171 168 148
f 50 173 166
f 173 51 171
f 166 171 46
f 173 171 166
f 4 135 135
f 135 43 43
f 135 43 43
f 135 43 135
f 43 136 136
f 136 16 16
f 136 16 16
f 136 16 136
f 43 136 136
f 136 16 16
f 136 16 16
f 136 16 136
f 43 136 43
f 136 16 136
f 43 136 43
f 136 136 43
f 16 140 140
f 140 44 44
f 140 44 44
f 140 44 140
f 44 139 139
f 139 6 6
f 139 6 6
f 139 6 139
f 44 139 139
f 139 6 6
f 139 6 6
f 139 6 139
f 44 139 44
f 139 6 139
f 44 139 44
f 139 139 44
f 16 140 140
f 140 44 44
f 140 44 44
f 140 44 140
f 44 139 139
f 139 6 6
f 139 6 6
f 139 6 139
f 44 139 139
f 139 6 6
f 139 6 6
f 139 6 139
f 44 139 44
f 139 6 139
f 44 139 44
f 139 139 44
f 16 140 16
f 140 44 140
f 16 140 16
f 140 140 16
f 44 139 44
f 139 6 139
f 44 139 44
f 139 139 44
f 16 140 16
f 140 44 140
f 16 140 16
f 140 140 16
f 44 44 140
f 44 44 140
f 140 140 16
f 44 140 140
f 1 70 174
f 70 24 176
f 174 176 52
f 70 176 174
f 24 71 181
f 71 10 179
f 181 179 54
f 71 179 181
f 52 182 175
f 182 54 180
f 175 180 18
f 182 180 175
f 24 181 176
f 181 54 182
f 176 182 52
f 181 182 176
f 10 74 189
f 74 25 191
f 189 191 57
f 74 191 189
f 25 73 185
f 73 3 183
f 185 183 55
f 73 183 185
f 57 193 190
f 193 55 184
f 190 184 19
f 193 184 190
f 25 185 191
f 185 55 193
f 191 193 57
f 185 193 191
f 18 194 178
f 194 58 196
f 178 196 53
f 194 196 178
f 58 195 198
f 195 19 187
f 198 187 56
f 195 187 198
f 53 188 177
f 188 56 186
f 177 186 7
f 188 186 177
f 58 198 196
f 198 56 188
f 196 188 53
f 198 188 196
f 10 189 179
f 189 57 192
f 179 192 54
f 189 192 179
f 57 190 199
f 190 19 195
f 199 195 58
f 190 195 199
f 54 197 180
f 197 58 194
f 180 194 18
f 197 194 180
f 57 199 192
f 199 58 197
f 192 197 54
f 199 197 192
f 1 174 174
f 174 52 52
f 174 52 52
f 174 52 174
f 52 175 175
f 175 18 18
f 175 18 18
f 175 18 175
f 52 175 175
f 175 18 18
f 175 18 18
f 175 18 175
f 52 175 52
f 175 18 175
f 52 175 52
f 175 175 52
f 18 178 178
f 178 53 53
f 178 53 53
f 178 53 178
f 53 177 177
f 177 7 7
f 177 7 7
f 177 7 177
f 53 177 177
f 177 7 7
f 177 7 7
f 177 7 177
f 53 177 53
f 177 7 177
f 53 177 53
f 177 177 53
f 18 178 178
f 178 53 53
f 178 53 53
f 178 53 178
f 53 177 177
f 177 7 7
f 177 7 7
f 177 7 177
f 53 177 177
f 177 7 7
f 177 7 7
f 177 7 177
f 53 177 53
f 177 7 177
f 53 177 53
f 177 177 53
f 18 178 18
f 178 53 178
f 18 178 18
f 178 178 18
f 53 177 53
f 177 7 177
f 53 177 53
f 177 177 53
f 18 178 18
f 178 53 178
f 18 178 18
f 178 178 18
f 53 53 178
f 53 53 178
f 178 178 18
f 53 178 178
f 4 135 108
f 135 43 137
f 108 137 35
f 135 137 108
f 43 136 146
f 136 16 143
f 146 143 45
f 136 143 146
f 35 144 109
f 144 45 142
f 109 142 13
f 144 142 109
f 43 146 137
f 146 45 144
f 137 144 35
f 146 144 137
f 16 140 152
f 140 44 155
f 152 155 47
f 140 155 152
f 44 139 141
f 139 6 129
f 141 129 41
f 139 129 141
f 47 153 151
f 153 41 130
f 151 130 15
f 153 130 151
f 44 141 155
f 141 41 153
f 155 153 47
f 141 153 155
f 13 131 106
f 131 42 133
f 106 133 34
f 131 133 106
f 42 132 134
f 132 15 127
f 134 127 40
f 132 127 134
f 34 128 105
f 128 40 126
f 105 126 3
f 128 126 105
f 42 134 133
f 134 40 128
f 133 128 34
f 134 128 133
f 16 152 143
f 152 47 156
f 143 156 45
f 152 156 143
f 47 151 154
f 151 15 132
f 154 132 42
f 151 132 154
f 45 145 142
f 145 42 131
f 142 131 13
f 145 131 142
f 47 154 156
f 154 42 145
f 156 145 45
f 154 145 156
f 4 108 108
f 108 35 35
f 108 35 35
f 108 35 108
f 35 109 109
f 109 13 13
f 109 13 13
f 109 13 109
f 35 109 109
f 109 13 13
f 109 13 13
f 109 13 109
f 35 109 35
f 109 13 109
f 35 109 35
f 109 109 35
f 13 106 106
f 106 34 34
f 106 34 34
f 106 34 106
f 34 105 105
f 105 3 3
f 105 3 3
f 105 3 105
f 34 105 105
f 105 3 3
f 105 3 3
f 105 3 105
f 34 105 34
f 105 3 105
f 34 105 34
f 105 105 34
f 13 106 106
f 106 34 34
f 106 34 34
f 106 34 106
f 34 105 105
f 105 3 3
f 105 3 3
f 105 3 105
f 34 105 105
f 105 3 3
f 105 3 3
f 105 3 105
f 34 105 34
f 105 3 105
f 34 105 34
f 105 105 34
f 13 106 13
f 106 34 106
f 13 106 13
f 106 106 13
f 34 105 34
f 105 3 105
f 34 105 34
f 105 105 34
f 13 106 13
f 106 34 106
f 13 106 13
f 106 106 13
f 34 34 106
f 34 34 106
f 106 106 13
f 34 106 106
f 5 200 157
f 200 59 202
f 157 202 48
f 200 202 157
f 59 201 208
f 201 20 206
f 208 206 61
f 201 206 208
f 48 207 158
f 207 61 205
f 158 205 17
f 207 205 158
f 59 208 202
f 208 61 207
f 202 207 48
f 208 207 202
f 20 204 220
f 204 60 222
f 220 222 65
f 204 222 220
f 60 203 214
f 203 8 212
f 214 212 63
f 203 212 214
f 65 224 221
f 224 63 213
f 221 213 21
f 224 213 221
f 60 214 222
f 214 63 224
f 222 224 65
f 214 224 222
f 17 215 161
f 215 64 217
f 161 217 49
f 215 217 161
f 64 216 219
f 216 21 210
f 219 210 62
f 216 210 219
f 49 211 160
f 211 62 209
f 160 209 6
f 211 209 160
f 64 219 217
f 219 62 211
f 217 211 49
f 219 211 217
f 20 220 206
f 220 65 223
f 206 223 61
f 220 223 206
f 65 221 225
f 221 21 216
f 225 216 64
f 221 216 225
f 61 218 205
f 218 64 215
f 205 215 17
f 218 215 205
f 65 225 223
f 225 64 218
f 223 218 61
f 225 218 223
f 5 157 157
f 157 48 48
f 157 48 48
f 157 48 157
f 48 158 158
f 158 17 17
f 158 17 17
f 158 17 158
f 48 158 158
f 158 17 17
f 158 17 17
f 158 17 158
f 48 158 48
f 158 17 158
f 48 158 48
f 158 158 48
f 17 161 161
f 161 49 49
f 161 49 49
f 161 49 161
f 49 160 160
f 160 6 6
f 160 6 6
f 160 6 160
f 49 160 160
f 160 6 6
f 160 6 6
f 160 6 160
f 49 160 49
f 160 6 160
f 49 160 49
f 160 160 49
f 17 161 161
f 161 49 49
f 161 49 49
f 161 49 161
f 49 160 160
f 160 6 6
f 160 6 6
f 160 6 160
f 49 160 160
f 160 6 6
f 160 6 6
f 160 6 160
f 49 160 49
f 160 6 160
f 49 160 49
f 160 160 49
f 17 161 17
f 161 49 161
f 17 161 17
f 161 161 17
f 49 160 49
f 160 6 160
f 49 160 49
f 160 160 49
f 17 161 17
f 161 49 161
f 17 161 17
f 161 161 17
f 49 49 161
f 49 49 161
f 161 161 17
f 49 161 161
f 226 301 305
f 301 247 307
f 305 307 249
f 301 307 305
f 247 302 312
f 302 232 310
f 312 310 251
f 302 310 312
f 249 313 306
f 313 251 311
f 306 311 233
f 313 311 306
f 247 312 307
f 312 251 313
f 307 313 249
f 312 313 307
f 232 304 320
f 304 248 322
f 320 322 254
f 304 322 320
f 248 303 316
f 303 227 314
f 316 314 252
f 303 314 316
f 254 324 321
f 324 252 315
f 321 315 234
f 324 315 321
f 248 316 322
f 316 252 324
f 322 324 254
f 316 324 322
f 233 325 309
f 325 255 327
f 309 327 250
f 325 327 309
f 255 326 329
f 326 234 318
f 329 318 253
f 326 318 329
f 250 319 308
f 319 253 317
f 308 317 5
f 319 317 308
f 255 329 327
f 329 253 319
f 327 319 250
f 329 319 327
f 232 320 310
f 320 254 323
f 310 323 251
f 320 323 310
f 254 321 330
f 321 234 326
f 330 326 255
f 321 326 330
f 251 328 311
f 328 255 325
f 311 325 233
f 328 325 311
f 254 330 323
f 330 255 328
f 323 328 251
f 330 328 323
f 226 305 305
f 305 249 249
f 305 249 249
f 305 249 305
f 249 306 306
f 306 233 233
f 306 233 233
f 306 233 306
f 249 306 306
f 306 233 233
f 306 233 233
f 306 233 306
f 249 306 249
f 306 233 306
f 249 306 249
f 306 306 249
f 233 309 309
f 309 250 250
f 309 250 250
f 309 250 309
f 250 308 308
f 308 5 5
f 308 5 5
f 308 5 308
f 250 308 308
f 308 5 5
f 308 5 5
f 308 5 308
f 250 308 250
f 308 5 308
f 250 308 250
f 308 308 250
f 233 309 309
f 309 250 250
f 309 250 250
f 309 250 309
f 250 308 308
f 308 5 5
f 308 5 5
f 308 5 308
f 250 308 308
f 308 5 5
f 308 5 5
f 308 5 308
f 250 308 250
f 308 5 308
f 250 308 250
f 308 308 250
f 233 309 233
f 309 250 309
f 233 309 233
f 309 309 233
f 250 308 250
f 308 5 308
f 250 308 250
f 308 308 250
f 233 309 233
f 309 250 309
f 233 309 233
f 309 309 233
f 250 250 309
f 250 250 309
f 309 309 233
f 250 309 309
f 5 317 340
f 317 253 342
f 340 342 259
f 317 342 340
f 253 318 348
f 318 234 346
f 348 346 261
f 318 346 348
f 259 350 341
f 350 261 347
f 341 347 236
f 350 347 341
f 253 348 342
f 348 261 350
f 342 350 259
f 348 350 342
f 234 315 336
f 315 252 338
f 336 338 258
f 315 338 336
f 252 314 333
f 314 227 331
f 333 331 256
f 314 331 333
f 258 339 337
f 339 256 332
f 337 332 235
f 339 332 337
f 252 333 338
f 333 256 339
f 338 339 258
f 333 339 338
f 236 352 344
f 352 262 355
f 344 355 260
f 352 355 344
f 262 351 353
f 351 235 335
f 353 335 257
f 351 335 353
f 260 345 343
f 345 257 334
f 343 334 228
f 345 334 343
f 262 353 355
f 353 257 345
f 355 345 260
f 353 345 355
f 234 336 346
f 336 258 349
f 346 349 261
f 336 349 346
f 258 337 354
f 337 235 351
f 354 351 262
f 337 351 354
f 261 356 347
f 356 262 352
f 347 352 236
f 356 352 347
f 258 354 349
f 354 262 356
f 349 356 261
f 354 356 349
f 5 340 340
f 340 259 259
f 340 259 259
f 340 259 340
f 259 341 341
f 341 236 236
f 341 236 236
f 341 236 341
f 259 341 341
f 341 236 236
f 341 236 236
f 341 236 341
f 259 341 259
f 341 236 341
f 259 341 259
f 341 341 259
f 236 344 344
f 344 260 260
f 344 260 260
f 344 260 344
f 260 343 343
f 343 228 228
f 343 228 228
f 343 228 343
f 260 343 343
f 343 228 228
f 343 228 228
f 343 228 343
f 260 343 260
f 343 228 343
f 260 343 260
f 343 343 260
f 236 344 344
f 344 260 260
f 344 260 260
f 344 260 344
f 260 343 343
f 343 228 228
f 343 228 228
f 343 228 343
f 260 343 343
f 343 228 228
f 343 228 228
f 343 228 343
f 260 343 260
f 343 228 343
f 260 343 260
f 343 343 260
f 236 344 236
f 344 260 344
f 236 344 236
f 344 344 236
f 260 343 260
f 343 228 343
f 260 343 260
f 343 343 260
f 236 344 236
f 344 260 344
f 236 344 236
f 344 344 236
f 260 260 344
f 260 260 344
f 344 344 236
f 260 344 344
f 229 365 396
f 365 267 398
f 396 398 275
f 365 398 396
f 267 366 403
f 366 239 401
f 403 401 277
f 366 401 403
f 275 404 397
f 404 277 402
f 397 402 241
f 404 402 397
f 267 403 398
f 403 277 404
f 398 404 275
f 403 404 398
f 239 368 418
f 368 268 420
f 418 420 281
f 368 420 418
f 268 367 408
f 367 230 405
f 408 405 278
f 367 405 408
f 281 422 419
f 422 278 406
f 419 406 242
f 422 406 419
f 268 408 420
f 408 278 422
f 420 422 281
f 408 422 420
f 241 429 400
f 429 283 431
f 400 431 276
f 429 431 400
f 283 430 433
f 430 242 410
f 433 410 279
f 430 410 433
f 276 412 399
f 412 279 409
f 399 409 4
f 412 409 399
f 283 433 431
f 433 279 412
f 431 412 276
f 433 412 431
f 239 418 401
f 418 281 421
f 401 421 277
f 418 421 401
f 281 419 434
f 419 242 430
f 434 430 283
f 419 430 434
f 277 432 402
f 432 283 429
f 402 429 241
f 432 429 402
f 281 434 421
f 434 283 432
f 421 432 277
f 434 432 421
f 229 396 396
f 396 275 275
f 396 275 275
f 396 275 396
f 275 397 397
f 397 241 241
f 397 241 241
f 397 241 397
f 275 397 397
f 397 241 241
f 397 241 241
f 397 241 397
f 275 397 275
f 397 241 397
f 275 397 275
f 397 397 275
f 241 400 400
f 400 276 276
f 400 276 276
f 400 276 400
f 276 399 399
f 399 4 4
f 399 4 4
f 399 4 399
f 276 399 399
f 399 4 4
f 399 4 4
f 399 4 399
f 276 399 276
f 399 4 399
f 276 399 276
f 399 399 276
f 241 400 400
f 400 276 276
f 400 276 276
f 400 276 400
f 276 399 399
f 399 4 4
f 399 4 4
f 399 4 399
f 276 399 399
f 399 4 4
f 399 4 4
f 399 4 399
f 276 399 276
f 399 4 399
f 276 399 276
f 399 399 276
f 241 400 241
f 400 276 400
f 241 400 241
f 400 400 241
f 276 399 276
f 399 4 399
f 276 399 276
f 399 399 276
f 241 400 241
f 400 276 400
f 241 400 241
f 400 400 241
f 276 276 400
f 276 276 400
f 400 400 241
f 276 400 400
f 5 124 308
f 124 39 383
f 308 383 250
f 124 383 308
f 39 125 389
f 125 14 386
f 389 386 273
f 125 386 389
f 250 387 309
f 387 273 385
f 309 385 233
f 387 385 309
f 39 389 383
f 389 273 387
f 383 387 250
f 389 387 383
f 14 123 391
f 123 38 394
f 391 394 274
f 123 394 391
f 38 122 384
f 122 4 373
f 384 373 270
f 122 373 384
f 274 392 390
f 392 270 374
f 390 374 240
f 392 374 390
f 38 384 394
f 384 270 392
f 394 392 274
f 384 392 394
f 233 375 306
f 375 271 377
f 306 377 249
f 375 377 306
f 271 376 378
f 376 240 370
f 378 370 269
f 376 370 378
f 249 371 305
f 371 269 369
f 305 369 226
f 371 369 305
f 271 378 377
f 378 269 371
f 377 371 249
f 378 371 377
f 14 391 386
f 391 274 395
f 386 395 273
f 391 395 386
f 274 390 393
f 390 240 376
f 393 376 271
f 390 376 393
f 273 388 385
f 388 271 375
f 385 375 233
f 388 375 385
f 274 393 395
f 393 271 388
f 395 388 273
f 393 388 395
f 5 308 308
f 308 250 250
f 308 250 250
f 308 250 308
f 250 309 309
f 309 233 233
f 309 233 233
f 309 233 309
f 250 309 309
f 309 233 233
f 309 233 233
f 309 233 309
f 250 309 250
f 309 233 309
f 250 309 250
f 309 309 250
f 233 306 306
f 306 249 249
f 306 249 249
f 306 249 306
f 249 305 305
f 305 226 226
f 305 226 226
f 305 226 305
f 249 305 305
f 305 226 226
f 305 226 226
f 305 226 305
f 249 305 249
f 305 226 305
f 249 305 249
f 305 305 249
f 233 306 306
f 306 249 249
f 306 249 249
f 306 249 306
f 249 305 305
f 305 226 226
f 305 226 226
f 305 226 305
f 249 305 305
f 305 226 226
f 305 226 226
f 305 226 305
f 249 305 249
f 305 226 305
f 249 305 249
f 305 305 249
f 233 306 233
f 306 249 306
f 233 306 233
f 306 306 233
f 249 305 249
f 305 226 305
f 249 305 249
f 305 305 249
f 233 306 233
f 306 249 306
f 233 306 233
f 306 306 233
f 249 249 306
f 249 249 306
f 306 306 233
f 249 306 306
f 230 475 363
f 475 295 477
f 363 477 266
f 475 477 363
f 295 476 487
f 476 246 484
f 487 484 297
f 476 484 487
f 266 485 364
f 485 297 483
f 364 483 238
f 485 483 364
f 295 487 477
f 487 297 485
f 477 485 266
f 487 485 477
f 246 480 494
f 480 296 497
f 494 497 299
f 480 497 494
f 296 479 481
f 479 231 448
f 481 448 288
f 479 448 481
f 299 495 493
f 495 288 449
f 493 449 244
f 495 449 493
f 296 481 497
f 481 288 495
f 497 495 299
f 481 495 497
f 238 456 362
f 456 290 458
f 362 458 265
f 456 458 362
f 290 457 459
f 457 244 445
f 459 445 287
f 457 445 459
f 265 447 361
f 447 287 444
f 361 444 228
f 447 444 361
f 290 459 458
f 459 287 447
f 458 447 265
f 459 447 458
f 246 494 484
f 494 299 498
f 484 498 297
f 494 498 484
f 299 493 496
f 493 244 457
f 496 457 290
f 493 457 496
f 297 486 483
f 486 290 456
f 483 456 238
f 486 456 483
f 299 496 498
f 496 290 486
f 498 486 297
f 496 486 498
f 230 363 363
f 363 266 266
f 363 266 266
f 363 266 363
f 266 364 364
f 364 238 238
f 364 238 238
f 364 238 364
f 266 364 364
f 364 238 238
f 364 238 238
f 364 238 364
f 266 364 266
f 364 238 364
f 266 364 266
f 364 364 266
f 238 362 362
f 362 265 265
f 362 265 265
f 362 265 362
f 265 361 361
f 361 228 228
f 361 228 228
f 361 228 361
f 265 361 361
f 361 228 228
f 361 228 228
f 361 228 361
f 265 361 265
f 361 228 361
f 265 361 265
f 361 361 265
f 238 362 362
f 362 265 265
f 362 265 265
f 362 265 362
f 265 361 361
f 361 228 228
f 361 228 228
f 361 228 361
f 265 361 361
f 361 228 228
f 361 228 228
f 361 228 361
f 265 361 265
f 361 228 361
f 265 361 265
f 361 361 265
f 238 362 238
f 362 265 362
f 238 362 238
f 362 362 238
f 265 361 265
f 361 228 361
f 265 361 265
f 361 361 265
f 238 362 238
f 362 265 362
f 238 362 238
f 362 362 238
f 265 265 362
f 265 265 362
f 362 362 238
f 265 362 362
f 231 479 469
f 479 296 482
f 469 482 293
f 479 482 469
f 296 480 503
f 480 246 500
f 503 500 300
f 480 500 503
f 293 501 470
f 501 300 499
f 470 499 245
f 501 499 470
f 296 503 482
f 503 300 501
f 482 501 293
f 503 501 482
f 246 476 489
f 476 295 492
f 489 492 298
f 476 492 489
f 295 475 478
f 475 230 367
f 478 367 268
f 475 367 478
f 298 490 488
f 490 268 368
f 488 368 239
f 490 368 488
f 295 478 492
f 478 268 490
f 492 490 298
f 478 490 492
f 245 472 467
f 472 294 474
f 467 474 292
f 472 474 467
f 294 471 473
f 471 239 366
f 473 366 267
f 471 366 473
f 292 468 466
f 468 267 365
f 466 365 229
f 468 365 466
f 294 473 474
f 473 267 468
f 474 468 292
f 473 468 474
f 246 489 500
f 489 298 504
f 500 504 300
f 489 504 500
f 298 488 491
f 488 239 471
f 491 471 294
f 488 471 491
f 300 502 499
f 502 294 472
f 499 472 245
f 502 472 499
f 298 491 504
f 491 294 502
f 504 502 300
f 491 502 504
f 231 469 469
f 469 293 293
f 469 293 293
f 469 293 469
f 293 470 470
f 470 245 245
f 470 245 245
f 470 245 470
f 293 470 470
f 470 245 245
f 470 245 245
f 470 245 470
f 293 470 293
f 470 245 470
f 293 470 293
f 470 470 293
f 245 467 467
f 467 292 292
f 467 292 292
f 467 292 467
f 292 466 466
f 466 229 229
f 466 229 229
f 466 229 466
f 292 466 466
f 466 229 229
f 466 229 229
f 466 229 466
f 292 466 292
f 466 229 466
f 292 466 292
f 466 466 292
f 245 467 467
f 467 292 292
f 467 292 292
f 467 292 467
f 292 466 466
f 466 229 229
f 466 229 229
f 466 229 466
f 292 466 466
f 466 229 229
f 466 229 229
f 466 229 466
f 292 466 292
f 466 229 466
f 292 466 292
f 466 466 292
f 245 467 245
f 467 292 467
f 245 467 245
f 467 467 245
f 292 466 292
f 466 229 466
f 292 466 292
f 466 466 292
f 245 467 245
f 467 292 467
f 245 467 245
f 467 467 245
f 292 292 467
f 292 292 467
f 467 467 245
f 292 467 467
f 5 340 435
f 340 259 437
f 435 437 284
f 340 437 435
f 259 341 442
f 341 236 440
f 442 440 286
f 341 440 442
f 284 443 436
f 443 286 441
f 436 441 243
f 443 441 436
f 259 442 437
f 442 286 443
f 437 443 284
f 442 443 437
f 236 344 451
f 344 260 453
f 451 453 289
f 344 453 451
f 260 343 446
f 343 228 444
f 446 444 287
f 343 444 446
f 289 455 452
f 455 287 445
f 452 445 244
f 455 445 452
f 260 446 453
f 446 287 455
f 453 455 289
f 446 455 453
f 243 460 439
f 460 291 462
f 439 462 285
f 460 462 439
f 291 461 464
f 461 244 449
f 464 449 288
f 461 449 464
f 285 450 438
f 450 288 448
f 438 448 231
f 450 448 438
f 291 464 462
f 464 288 450
f 462 450 285
f 464 450 462
f 236 451 440
f 451 289 454
f 440 454 286
f 451 454 440
f 289 452 465
f 452 244 461
f 465 461 291
f 452 461 465
f 286 463 441
f 463 291 460
f 441 460 243
f 463 460 441
f 289 465 454
f 465 291 463
f 454 463 286
f 465 463 454
f 5 435 435
f 435 284 284
f 435 284 284
f 435 284 435
f 284 436 436
f 436 243 243
f 436 243 243
f 436 243 436
f 284 436 436
f 436 243 243
f 436 243 243
f 436 243 436
f 284 436 284
f 436 243 436
f 284 436 284
f 436 436 284
f 243 439 439
f 439 285 285
f 439 285 285
f 439 285 439
f 285 438 438
f 438 231 231
f 438 231 231
f 438 231 438
f 285 438 438
f 438 231 231
f 438 231 231
f 438 231 438
f 285 438 285
f 438 231 438
f 285 438 285
f 438 438 285
f 243 439 439
f 439 285 285
f 439 285 285
f 439 285 439
f 285 438 438
f 438 231 231
f 438 231 231
f 438 231 438
f 285 438 438
f 438 231 231
f 438 231 231
f 438 231 438
f 285 438 285
f 438 231 438
f 285 438 285
f 438 438 285
f 243 439 243
f 439 285 439
f 243 439 243
f 439 439 243
f 285 438 285
f 438 231 438
f 285 438 285
f 438 438 285
f 243 439 243
f 439 285 439
f 243 439 243
f 439 439 243
f 285 285 439
f 285 285 439
f 439 439 243
f 285 439 439
f 230 359 405
f 359 264 407
f 405 407 278
f 359 407 405
f 264 360 415
f 360 237 413
f 415 413 280
f 360 413 415
f 278 417 406
f 417 280 414
f 406 414 242
f 417 414 406
f 264 415 407
f 415 280 417
f 407 417 278
f 415 417 407
f 237 358 379
f 358 263 381
f 379 381 272
f 358 381 379
f 263 357 372
f 357 226 369
f 372 369 269
f 357 369 372
f 272 382 380
f 382 269 370
f 380 370 240
f 382 370 380
f 263 372 381
f 372 269 382
f 381 382 272
f 372 382 381
f 242 424 410
f 424 282 427
f 410 427 279
f 424 427 410
f 282 423 425
f 423 240 374
f 425 374 270
f 423 374 425
f 279 411 409
f 411 270 373
f 409 373 4
f 411 373 409
f 282 425 427
f 425 270 411
f 427 411 279
f 425 411 427
f 237 379 413
f 379 272 416
f 413 416 280
f 379 416 413
f 272 380 426
f 380 240 423
f 426 423 282
f 380 423 426
f 280 428 414
f 428 282 424
f 414 424 242
f 428 424 414
f 272 426 416
f 426 282 428
f 416 428 280
f 426 428 416
f 230 405 405
f 405 278 278
f 405 278 278
f 405 278 405
f 278 406 406
f 406 242 242
f 406 242 242
f 406 242 406
f 278 406 406
f 406 242 242
f 406 242 242
f 406 242 406
f 278 406 278
f 406 242 406
f 278 406 278
f 406 406 278
f 242 410 410
f 410 279 279
f 410 279 279
f 410 279 410
f 279 409 409
f 409 4 4
f 409 4 4
f 409 4 409
f 279 409 409
f 409 4 4
f 409 4 4
f 409 4 409
f 279 409 279
f 409 4 409
f 279 409 279
f 409 409 279
f 242 410 410
f 410 279 279
f 410 279 279
f 410 279 410
f 279 409 409
f 409 4 4
f 409 4 4
f 409 4 409
f 279 409 409
f 409 4 4
f 409 4 4
f 409 4 409
f 279 409 279
f 409 4 409
f 279 409 279
f 409 409 279
f 242 410 242
f 410 279 410
f 242 410 242
f 410 410 242
f 279 409 279
f 409 4 409
f 279 409 279
f 409 409 279
f 242 410 242
f 410 279 410
f 242 410 242
f 410 410 242
f 279 279 410
f 279 279 410
f 410 410 242
f 279 410 410
f 2 68 525
f 68 23 527
f 525 527 511
f 68 527 525
f 23 69 532
f 69 9 530
f 532 530 513
f 69 530 532
f 511 533 526
f 533 513 531
f 526 531 507
f 533 531 526
f 23 532 527
f 532 513 533
f 527 533 511
f 532 533 527
f 9 67 540
f 67 22 542
f 540 542 516
f 67 542 540
f 22 66 536
f 66 1 534
f 536 534 514
f 66 534 536
f 516 544 541
f 544 514 535
f 541 535 508
f 544 535 541
f 22 536 542
f 536 514 544
f 542 544 516
f 536 544 542
f 507 545 529
f 545 517 547
f 529 547 512
f 545 547 529
f 517 546 549
f 546 508 538
f 549 538 515
f 546 538 549
f 512 539 528
f 539 515 537
f 528 537 505
f 539 537 528
f 517 549 547
f 549 515 539
f 547 539 512
f 549 539 547
f 9 540 530
f 540 516 543
f 530 543 513
f 540 543 530
f 516 541 550
f 541 508 546
f 550 546 517
f 541 546 550
f 513 548 531
f 548 517 545
f 531 545 507
f 548 545 531
f 516 550 543
f 550 517 548
f 543 548 513
f 550 548 543
f 2 525 525
f 525 511 511
f 525 511 511
f 525 511 525
f 511 526 526
f 526 507 507
f 526 507 507
f 526 507 526
f 511 526 526
f 526 507 507
f 526 507 507
f 526 507 526
f 511 526 511
f 526 507 526
f 511 526 511
f 526 526 511
f 507 529 529
f 529 512 512
f 529 512 512
f 529 512 529
f 512 528 528
f 528 505 505
f 528 505 505
f 528 505 528
f 512 528 528
f 528 505 505
f 528 505 505
f 528 505 528
f 512 528 512
f 528 505 528
f 512 528 512
f 528 528 512
f 507 529 529
f 529 512 512
f 529 512 512
f 529 512 529
f 512 528 528
f 528 505 505
f 528 505 505
f 528 505 528
f 512 528 528
f 528 505 505
f 528 505 505
f 528 505 528
f 512 528 512
f 528 505 528
f 512 528 512
f 528 528 512
f 507 529 507
f 529 512 529
f 507 529 507
f 529 529 507
f 512 528 512
f 528 505 528
f 512 528 512
f 528 528 512
f 507 529 507
f 529 512 529
f 507 529 507
f 529 529 507
f 512 512 529
f 512 512 529
f 529 529 507
f 512 529 529
f 2 525 551
f 525 511 553
f 551 553 518
f 525 553 551
f 511 526 558
f 526 507 556
f 558 556 520
f 526 556 558
f 518 559 552
f 559 520 557
f 552 557 509
f 559 557 552
f 511 558 553
f 558 520 559
f 553 559 518
f 558 559 553
f 507 529 566
f 529 512 568
f 566 568 523
f 529 568 566
f 512 528 562
f 528 505 560
f 562 560 521
f 528 560 562
f 523 570 567
f 570 521 561
f 567 561 510
f 570 561 567
f 512 562 568
f 562 521 570
f 568 570 523
f 562 570 568
f 509 571 555
f 571 524 573
f 555 573 519
f 571 573 555
f 524 572 575
f 572 510 564
f 575 564 522
f 572 564 575
f 519 565 554
f 565 522 563
f 554 563 506
f 565 563 554
f 524 575 573
f 575 522 565
f 573 565 519
f 575 565 573
f 507 566 556
f 566 523 569
f 556 569 520
f 566 569 556
f 523 567 576
f 567 510 572
f 576 572 524
f 567 572 576
f 520 574 557
f 574 524 571
f 557 571 509
f 574 571 557
f 523 576 569
f 576 524 574
f 569 574 520
f 576 574 569
f 2 551 551
f 551 518 518
f 551 518 518
f 551 518 551
f 518 552 552
f 552 509 509
f 552 509 509
f 552 509 552
f 518 552 552
f 552 509 509
f 552 509 509
f 552 509 552
f 518 552 518
f 552 509 552
f 518 552 518
f 552 552 518
f 509 555 555
f 555 519 519
f 555 519 519
f 555 519 555
f 519 554 554
f 554 506 506
f 554 506 506
f 554 506 554
f 519 554 554
f 554 506 506
f 554 506 506
f 554 506 554
f 519 554 519
f 554 506 554
f 519 554 519
f 554 554 519
f 509 555 555
f 555 519 519
f 555 519 519
f 555 519 555
f 519 554 554
f 554 506 506
f 554 506 506
f 554 506 554
f 519 554 554
f 554 506 506
f 554 506 506
f 554 506 554
f 519 554 519
f 554 506 554
f 519 554 519
f 554 554 519
f 509 555 509
f 555 519 555
f 509 555 509
f 555 555 509
f 519 554 519
f 554 506 554
f 519 554 519
f 554 554 519
f 509 555 509
f 555 519 555
f 509 555 509
f 555 555 509
f 519 519 555
f 519 519 555
f 555 555 509
f 519 555 555
f 505 537 604
f 537 515 606
f 604 606 582
f 537 606 604
f 515 538 611
f 538 508 609
f 611 609 584
f 538 609 611
f 582 612 605
f 612 584 610
f 605 610 577
f 612 610 605
f 515 611 606
f 611 584 612
f 606 612 582
f 611 612 606
f 508 535 615
f 535 514 617
f 615 617 585
f 535 617 615
f 514 534 613
f 534 1 174
f 613 174 52
f 534 174 613
f 585 619 616
f 619 52 175
f 616 175 18
f 619 175 616
f 514 613 617
f 613 52 619
f 617 619 585
f 613 619 617
f 577 620 608
f 620 586 622
f 608 622 583
f 620 622 608
f 586 621 624
f 621 18 178
f 624 178 53
f 621 178 624
f 583 614 607
f 614 53 177
f 607 177 7
f 614 177 607
f 586 624 622
f 624 53 614
f 622 614 583
f 624 614 622
f 508 615 609
f 615 585 618
f 609 618 584
f 615 618 609
f 585 616 625
f 616 18 621
f 625 621 586
f 616 621 625
f 584 623 610
f 623 586 620
f 610 620 577
f 623 620 610
f 585 625 618
f 625 586 623
f 618 623 584
f 625 623 618
f 505 604 604
f 604 582 582
f 604 582 582
f 604 582 604
f 582 605 605
f 605 577 577
f 605 577 577
f 605 577 605
f 582 605 605
f 605 577 577
f 605 577 577
f 605 577 605
f 582 605 582
f 605 577 605
f 582 605 582
f 605 605 582
f 577 608 608
f 608 583 583
f 608 583 583
f 608 583 608
f 583 607 607
f 607 7 7
f 607 7 7
f 607 7 607
f 583 607 607
f 607 7 7
f 607 7 7
f 607 7 607
f 583 607 583
f 607 7 607
f 583 607 583
f 607 607 583
f 577 608 608
f 608 583 583
f 608 583 583
f 608 583 608
f 583 607 607
f 607 7 7
f 607 7 7
f 607 7 607
f 583 607 607
f 607 7 7
f 607 7 7
f 607 7 607
f 583 607 583
f 607 7 607
f 583 607 583
f 607 607 583
f 577 608 577
f 608 583 608
f 577 608 577
f 608 608 577
f 583 607 583
f 607 7 607
f 583 607 583
f 607 607 583
f 577 608 577
f 608 583 608
f 577 608 577
f 608 608 577
f 583 583 608
f 583 583 608
f 608 608 577
f 583 608 608
f 231 629 638
f 629 588 640
f 638 640 591
f 629 640 638
f 588 630 648
f 630 578 646
f 648 646 593
f 630 646 648
f 591 650 639
f 650 593 647
f 639 647 579
f 650 647 639
f 588 648 640
f 648 593 650
f 640 650 591
f 648 650 640
f 578 627 632
f 627 587 634
f 632 634 589
f 627 634 632
f 587 626 628
f 626 505 604
f 628 604 582
f 626 604 628
f 589 633 631
f 633 582 605
f 631 605 577
f 633 605 631
f 587 628 634
f 628 582 633
f 634 633 589
f 628 633 634
f 579 642 636
f 642 592 645
f 636 645 590
f 642 645 636
f 592 641 643
f 641 577 608
f 643 608 583
f 641 608 643
f 590 637 635
f 637 583 607
f 635 607 7
f 637 607 635
f 592 643 645
f 643 583 637
f 645 637 590
f 643 637 645
f 578 632 646
f 632 589 649
f 646 649 593
f 632 649 646
f 589 631 644
f 631 577 641
f 644 641 592
f 631 641 644
f 593 651 647
f 651 592 642
f 647 642 579
f 651 642 647
f 589 644 649
f 644 592 651
f 649 651 593
f 644 651 649
f 231 638 638
f 638 591 591
f 638 591 591
f 638 591 638
f 591 639 639
f 639 579 579
f 639 579 579
f 639 579 639
f 591 639 639
f 639 579 579
f 639 579 579
f 639 579 639
f 591 639 591
f 639 579 639
f 591 639 591
f 639 639 591
f 579 636 636
f 636 590 590
f 636 590 590
f 636 590 636
f 590 635 635
f 635 7 7
f 635 7 7
f 635 7 635
f 590 635 635
f 635 7 7
f 635 7 7
f 635 7 635
f 590 635 590
f 635 7 635
f 590 635 590
f 635 635 590
f 579 636 636
f 636 590 590
f 636 590 590
f 636 590 636
f 590 635 635
f 635 7 7
f 635 7 7
f 635 7 635
f 590 635 635
f 635 7 7
f 635 7 7
f 635 7 635
f 590 635 590
f 635 7 635
f 590 635 590
f 635 635 590
f 579 636 579
f 636 590 636
f 579 636 579
f 636 636 579
f 590 635 590
f 635 7 635
f 590 635 590
f 635 635 590
f 579 636 579
f 636 590 636
f 579 636 579
f 636 636 579
f 590 590 636
f 590 590 636
f 636 636 579
f 590 636 636
f 231 661 438
f 661 597 678
f 438 678 285
f 661 678 438
f 597 662 681
f 662 581 679
f 681 679 601
f 662 679 681
f 285 682 439
f 682 601 680
f 439 680 243
f 682 680 439
f 597 681 678
f 681 601 682
f 678 682 285
f 681 682 678
f 581 665 685
f 665 598 687
f 685 687 602
f 665 687 685
f 598 664 683
f 664 8 203
f 683 203 60
f 664 203 683
f 602 689 686
f 689 60 204
f 686 204 20
f 689 204 686
f 598 683 687
f 683 60 689
f 687 689 602
f 683 689 687
f 243 690 436
f 690 603 692
f 436 692 284
f 690 692 436
f 603 691 694
f 691 20 201
f 694 201 59
f 691 201 694
f 284 684 435
f 684 59 200
f 435 200 5
f 684 200 435
f 603 694 692
f 694 59 684
f 692 684 284
f 694 684 692
f 581 685 679
f 685 602 688
f 679 688 601
f 685 688 679
f 602 686 695
f 686 20 691
f 695 691 603
f 686 691 695
f 601 693 680
f 693 603 690
f 680 690 243
f 693 690 680
f 602 695 688
f 695 603 693
f 688 693 601
f 695 693 688
f 231 438 438
f 438 285 285
f 438 285 285
f 438 285 438
f 285 439 439
f 439 243 243
f 439 243 243
f 439 243 439
f 285 439 439
f 439 243 243
f 439 243 243
f 439 243 439
f 285 439 285
f 439 243 439
f 285 439 285
f 439 439 285
f 243 436 436
f 436 284 284
f 436 284 284
f 436 284 436
f 284 435 435
f 435 5 5
f 435 5 5
f 435 5 435
f 284 435 435
f 435 5 5
f 435 5 5
f 435 5 435
f 284 435 284
f 435 5 435
f 284 435 284
f 435 435 284
f 243 436 436
f 436 284 284
f 436 284 284
f 436 284 436
f 284 435 435
f 435 5 5
f 435 5 5
f 435 5 435
f 284 435 435
f 435 5 5
f 435 5 5
f 435 5 435
f 284 435 284
f 435 5 435
f 284 435 284
f 435 435 284
f 243 436 243
f 436 284 436
f 243 436 243
f 436 436 243
f 284 435 284
f 435 5 435
f 284 435 284
f 435 435 284
f 243 436 243
f 436 284 436
f 243 436 243
f 436 436 243
f 284 284 436
f 284 284 436
f 436 436 243
f 284 436 436
f 231 638 661
f 638 591 663
f 661 663 597
f 638 663 661
f 591 639 669
f 639 579 667
f 669 667 599
f 639 667 669
f 597 671 662
f 671 599 668
f 662 668 581
f 671 668 662
f 591 669 663
f 669 599 671
f 663 671 597
f 669 671 663
f 579 636 657
f 636 590 659
f 657 659 596
f 636 659 657
f 590 635 654
f 635 7 652
f 654 652 594
f 635 652 654
f 596 660 658
f 660 594 653
f 658 653 580
f 660 653 658
f 590 654 659
f 654 594 660
f 659 660 596
f 654 660 659
f 581 673 665
f 673 600 676
f 665 676 598
f 673 676 665
f 600 672 674
f 672 580 656
f 674 656 595
f 672 656 674
f 598 666 664
f 666 595 655
f 664 655 8
f 666 655 664
f 600 674 676
f 674 595 666
f 676 666 598
f 674 666 676
f 579 657 667
f 657 596 670
f 667 670 599
f 657 670 667
f 596 658 675
f 658 580 672
f 675 672 600
f 658 672 675
f 599 677 668
f 677 600 673
f 668 673 581
f 677 673 668
f 596 675 670
f 675 600 677
f 670 677 599
f 675 677 670
f 231 661 661
f 661 597 597
f 661 597 597
f 661 597 661
f 597 662 662
f 662 581 581
f 662 581 581
f 662 581 662
f 597 662 662
f 662 581 581
f 662 581 581
f 662 581 662
f 597 662 597
f 662 581 662
f 597 662 597
f 662 662 597
f 581 665 665
f 665 598 598
f 665 598 598
f 665 598 665
f 598 664 664
f 664 8 8
f 664 8 8
f 664 8 664
f 598 664 664
f 664 8 8
f 664 8 8
f 664 8 664
f 598 664 598
f 664 8 664
f 598 664 598
f 664 664 598
f 581 665 665
f 665 598 598
f 665 598 598
f 665 598 665
f 598 664 664
f 664 8 8
f 664 8 8
f 664 8 664
f 598 664 664
f 664 8 8
f 664 8 8
f 664 8 664
f 598 664 598
f 664 8 664
f 598 664 598
f 664 664 598
f 581 665 581
f 665 598 665
f 581 665 581
f 665 665 581
f 598 664 598
f 664 8 664
f 598 664 598
f 664 664 598
f 581 665 581
f 665 598 665
f 581 665 581
f 665 665 581
f 598 598 665
f 598 598 665
f 665 665 581
f 598 665 665
f 3 126 705
f 126 40 707
f 705 707 697
f 126 707 705
f 40 127 712
f 127 15 710
f 712 710 699
f 127 710 712
f 697 713 706
f 713 699 711
f 706 711 696
f 713 711 706
f 40 712 707
f 712 699 713
f 707 713 697
f 712 713 707
f 15 130 716
f 130 41 718
f 716 718 700
f 130 718 716
f 41 129 714
f 129 6 209
f 714 209 62
f 129 209 714
f 700 720 717
f 720 62 210
f 717 210 21
f 720 210 717
f 41 714 718
f 714 62 720
f 718 720 700
f 714 720 718
f 696 721 709
f 721 701 723
f 709 723 698
f 721 723 709
f 701 722 725
f 722 21 213
f 725 213 63
f 722 213 725
f 698 715 708
f 715 63 212
f 708 212 8
f 715 212 708
f 701 725 723
f 725 63 715
f 723 715 698
f 725 715 723
f 15 716 710
f 716 700 719
f 710 719 699
f 716 719 710
f 700 717 726
f 717 21 722
f 726 722 701
f 717 722 726
f 699 724 711
f 724 701 721
f 711 721 696
f 724 721 711
f 700 726 719
f 726 701 724
f 719 724 699
f 726 724 719
f 3 705 705
f 705 697 697
f 705 697 697
f 705 697 705
f 697 706 706
f 706 696 696
f 706 696 696
f 706 696 706
f 697 706 706
f 706 696 696
f 706 696 696
f 706 696 706
f 697 706 697
f 706 696 706
f 697 706 697
f 706 706 697
f 696 709 709
f 709 698 698
f 709 698 698
f 709 698 709
f 698 708 708
f 708 8 8
f 708 8 8
f 708 8 708
f 698 708 708
f 708 8 8
f 708 8 8
f 708 8 708
f 698 708 698
f 708 8 708
f 698 708 698
f 708 708 698
f 696 709 709
f 709 698 698
f 709 698 698
f 709 698 709
f 698 708 708
f 708 8 8
f 708 8 8
f 708 8 708
f 698 708 708
f 708 8 8
f 708 8 8
f 708 8 708
f 698 708 698
f 708 8 708
f 698 708 698
f 708 708 698
f 696 709 696
f 709 698 709
f 696 709 696
f 709 709 696
f 698 708 698
f 708 8 708
f 698 708 698
f 708 708 698
f 696 709 696
f 709 698 709
f 696 709 696
f 709 709 696
f 698 698 709
f 698 698 709
f 709 709 696
f 698 709 709
f 3 705 183
f 705 697 727
f 183 727 55
f 705 727 183
f 697 706 730
f 706 696 728
f 730 728 702
f 706 728 730
f 55 731 184
f 731 702 729
f 184 729 19
f 731 729 184
f 697 730 727
f 730 702 731
f 727 731 55
f 730 731 727
f 696 709 734
f 709 698 736
f 734 736 703
f 709 736 734
f 698 708 732
f 708 8 655
f 732 655 595
f 708 655 732
f 703 738 735
f 738 595 656
f 735 656 580
f 738 656 735
f 698 732 736
f 732 595 738
f 736 738 703
f 732 738 736
f 19 739 187
f 739 704 741
f 187 741 56
f 739 741 187
f 704 740 743
f 740 580 653
f 743 653 594
f 740 653 743
f 56 733 186
f 733 594 652
f 186 652 7
f 733 652 186
f 704 743 741
f 743 594 733
f 741 733 56
f 743 733 741
f 696 734 728
f 734 703 737
f 728 737 702
f 734 737 728
f 703 735 744
f 735 580 740
f 744 740 704
f 735 740 744
f 702 742 729
f 742 704 739
f 729 739 19
f 742 739 729
f 703 744 737
f 744 704 742
f 737 742 702
f 744 742 737
f 3 183 183
f 183 55 55
f 183 55 55
f 183 55 183
f 55 184 184
f 184 19 19
f 184 19 19
f 184 19 184
f 55 184 184
f 184 19 19
f 184 19 19
f 184 19 184
f 55 184 55
f 184 19 184
f 55 184 55
f 184 184 55
f 19 187 187
f 187 56 56
f 187 56 56
f 187 56 187
f 56 186 186
f 186 7 7
f 186 7 7
f 186 7 186
f 56 186 186
f 186 7 7
f 186 7 7
f 186 7 186
f 56 186 56
f 186 7 186
f 56 186 56
f 186 186 56
f 19 187 187
f 187 56 56
f 187 56 56
f 187 56 187
f 56 186 186
f 186 7 7
f 186 7 7
f 186 7 186
f 56 186 186
f 186 7 7
f 186 7 7
f 186 7 186
f 56 186 56
f 186 7 186
f 56 186 56
f 186 186 56
f 19 187 19
f 187 56 187
f 19 187 19
f 187 187 19
f 56 186 56
f 186 7 186
f 56 186 56
f 186 186 56
f 19 187 19
f 187 56 187
f 19 187 19
f 187 187 19
f 56 56 187
f 56 56 187
f 187 187 19
f 56 187 187
f 4 99 757
f 99 32 759
f 757 759 747
f 99 759 757
f 32 100 764
f 100 12 762
f 764 762 749
f 100 762 764
f 747 765 758
f 765 749 763
f 758 763 745
f 765 763 758
f 32 764 759
f 764 749 765
f 759 765 747
f 764 765 759
f 12 97 768
f 97 31 770
f 768 770 750
f 97 770 768
f 31 96 766
f 96 2 551
f 766 551 518
f 96 551 766
f 750 772 769
f 772 518 552
f 769 552 509
f 772 552 769
f 31 766 770
f 766 518 772
f 770 772 750
f 766 772 770
f 745 773 761
f 773 751 775
f 761 775 748
f 773 775 761
f 751 774 777
f 774 509 555
f 777 555 519
f 774 555 777
f 748 767 760
f 767 519 554
f 760 554 506
f 767 554 760
f 751 777 775
f 777 519 767
f 775 767 748
f 777 767 775
f 12 768 762
f 768 750 771
f 762 771 749
f 768 771 762
f 750 769 778
f 769 509 774
f 778 774 751
f 769 774 778
f 749 776 763
f 776 751 773
f 763 773 745
f 776 773 763
f 750 778 771
f 778 751 776
f 771 776 749
f 778 776 771
f 4 757 757
f 757 747 747
f 757 747 747
f 757 747 757
f 747 758 758
f 758 745 745
f 758 745 745
f 758 745 758
f 747 758 758
f 758 745 745
f 758 745 745
f 758 745 758
f 747 758 747
f 758 745 758
f 747 758 747
f 758 758 747
f 745 761 761
f 761 748 748
f 761 748 748
f 761 748 761
f 748 760 760
f 760 506 506
f 760 506 506
f 760 506 760
f 748 760 760
f 760 506 506
f 760 506 506
f 760 506 760
f 748 760 748
f 760 506 760
f 748 760 748
f 760 760 748
f 745 761 761
f 761 748 748
f 761 748 748
f 761 748 761
f 748 760 760
f 760 506 506
f 760 506 506
f 760 506 760
f 748 760 760
f 760 506 506
f 760 506 506
f 760 506 760
f 748 760 748
f 760 506 760
f 748 760 748
f 760 760 748
f 745 761 745
f 761 748 761
f 745 761 745
f 761 761 745
f 748 760 748
f 760 506 760
f 748 760 748
f 760 760 748
f 745 761 745
f 761 748 761
f 745 761 745
f 761 761 745
f 748 748 761
f 748 748 761
f 761 761 745
f 748 761 761
f 4 757 399
f 757 747 779
f 399 779 276
f 757 779 399
f 747 758 782
f 758 745 780
f 782 780 752
f 758 780 782
f 276 783 400
f 783 752 781
f 400 781 241
f 783 781 400
f 747 782 779
f 782 752 783
f 779 783 276
f 782 783 779
f 745 761 790
f 761 748 792
f 790 792 755
f 761 792 790
f 748 760 786
f 760 506 784
f 786 784 753
f 760 784 786
f 755 794 791
f 794 753 785
f 791 785 746
f 794 785 791
f 748 786 792
f 786 753 794
f 792 794 755
f 786 794 792
f 241 795 397
f 795 756 797
f 397 797 275
f 795 797 397
f 756 796 799
f 796 746 788
f 799 788 754
f 796 788 799
f 275 789 396
f 789 754 787
f 396 787 229
f 789 787 396
f 756 799 797
f 799 754 789
f 797 789 275
f 799 789 797
f 745 790 780
f 790 755 793
f 780 793 752
f 790 793 780
f 755 791 800
f 791 746 796
f 800 796 756
f 791 796 800
f 752 798 781
f 798 756 795
f 781 795 241
f 798 795 781
f 755 800 793
f 800 756 798
f 793 798 752
f 800 798 793
f 4 399 399
f 399 276 276
f 399 276 276
f 399 276 399
f 276 400 400
f 400 241 241
f 400 241 241
f 400 241 400
f 276 400 400
f 400 241 241
f 400 241 241
f 400 241 400
f 276 400 276
f 400 241 400
f 276 400 276
f 400 400 276
f 241 397 397
f 397 275 275
f 397 275 275
f 397 275 397
f 275 396 396
f 396 229 229
f 396 229 229
f 396 229 396
f 275 396 396
f 396 229 229
f 396 229 229
f 396 229 396
f 275 396 275
f 396 229 396
f 275 396 275
f 396 396 275
f 241 397 397
f 397 275 275
f 397 275 275
f 397 275 397
f 275 396 396
f 396 229 229
f 396 229 229
f 396 229 396
f 275 396 396
f 396 229 229
f 396 229 229
f 396 229 396
f 275 396 275
f 396 229 396
f 275 396 275
f 396 396 275
f 241 397 241
f 397 275 397
f 241 397 241
f 397 397 241
f 275 396 275
f 396 229 396
f 275 396 275
f 396 396 275
f 241 397 241
f 397 275 397
f 241 397 241
f 397 397 241
f 275 275 397
f 275 275 397
f 397 397 241
f 275 397 397
f 226 357 821
f 357 263 823
f 821 823 807
f 357 823 821
f 263 358 828
f 358 237 826
f 828 826 809
f 358 826 828
f 807 829 822
f 829 809 827
f 822 827 803
f 829 827 822
f 263 828 823
f 828 809 829
f 823 829 807
f 828 829 823
f 237 360 836
f 360 264 838
f 836 838 812
f 360 838 836
f 264 359 832
f 359 230 830
f 832 830 810
f 359 830 832
f 812 840 837
f 840 810 831
f 837 831 804
f 840 831 837
f 264 832 838
f 832 810 840
f 838 840 812
f 832 840 838
f 803 841 825
f 841 813 843
f 825 843 808
f 841 843 825
f 813 842 845
f 842 804 834
f 845 834 811
f 842 834 845
f 808 835 824
f 835 811 833
f 824 833 801
f 835 833 824
f 813 845 843
f 845 811 835
f 843 835 808
f 845 835 843
f 237 836 826
f 836 812 839
f 826 839 809
f 836 839 826
f 812 837 846
f 837 804 842
f 846 842 813
f 837 842 846
f 809 844 827
f 844 813 841
f 827 841 803
f 844 841 827
f 812 846 839
f 846 813 844
f 839 844 809
f 846 844 839
f 226 821 821
f 821 807 807
f 821 807 807
f 821 807 821
f 807 822 822
f 822 803 803
f 822 803 803
f 822 803 822
f 807 822 822
f 822 803 803
f 822 803 803
f 822 803 822
f 807 822 807
f 822 803 822
f 807 822 807
f 822 822 807
f 803 825 825
f 825 808 808
f 825 808 808
f 825 808 825
f 808 824 824
f 824 801 801
f 824 801 801
f 824 801 824
f 808 824 824
f 824 801 801
f 824 801 801
f 824 801 824
f 808 824 808
f 824 801 824
f 808 824 808
f 824 824 808
f 803 825 825
f 825 808 808
f 825 808 808
f 825 808 825
f 808 824 824
f 824 801 801
f 824 801 801
f 824 801 824
f 808 824 824
f 824 801 801
f 824 801 801
f 824 801 824
f 808 824 808
f 824 801 824
f 808 824 808
f 824 824 808
f 803 825 803
f 825 808 825
f 803 825 803
f 825 825 803
f 808 824 808
f 824 801 824
f 808 824 808
f 824 824 808
f 803 825 803
f 825 808 825
f 803 825 803
f 825 825 803
f 808 808 825
f 808 808 825
f 825 825 803
f 808 825 825
f 226 821 847
f 821 807 849
f 847 849 814
f 821 849 847
f 807 822 854
f 822 803 852
f 854 852 816
f 822 852 854
f 814 855 848
f 855 816 853
f 848 853 805
f 855 853 848
f 807 854 849
f 854 816 855
f 849 855 814
f 854 855 849
f 803 825 862
f 825 808 864
f 862 864 819
f 825 864 862
f 808 824 858
f 824 801 856
f 858 856 817
f 824 856 858
f 819 866 863
f 866 817 857
f 863 857 806
f 866 857 863
f 808 858 864
f 858 817 866
f 864 866 819
f 858 866 864
f 805 867 851
f 867 820 869
f 851 869 815
f 867 869 851
f 820 868 871
f 868 806 860
f 871 860 818
f 868 860 871
f 815 861 850
f 861 818 859
f 850 859 802
f 861 859 850
f 820 871 869
f 871 818 861
f 869 861 815
f 871 861 869
f 803 862 852
f 862 819 865
f 852 865 816
f 862 865 852
f 819 863 872
f 863 806 868
f 872 868 820
f 863 868 872
f 816 870 853
f 870 820 867
f 853 867 805
f 870 867 853
f 819 872 865
f 872 820 870
f 865 870 816
f 872 870 865
f 226 847 847
f 847 814 814
f 847 814 814
f 847 814 847
f 814 848 848
f 848 805 805
f 848 805 805
f 848 805 848
f 814 848 848
f 848 805 805
f 848 805 805
f 848 805 848
f 814 848 814
f 848 805 848
f 814 848 814
f 848 848 814
f 805 851 851
f 851 815 815
f 851 815 815
f 851 815 851
f 815 850 850
f 850 802 802
f 850 802 802
f 850 802 850
f 815 850 850
f 850 802 802
f 850 802 802
f 850 802 850
f 815 850 815
f 850 802 850
f 815 850 815
f 850 850 815
f 805 851 851
f 851 815 815
f 851 815 815
f 851 815 851
f 815 850 850
f 850 802 802
f 850 802 802
f 850 802 850
f 815 850 850
f 850 802 802
f 850 802 802
f 850 802 850
f 815 850 815
f 850 802 850
f 815 850 815
f 850 850 815
f 805 851 805
f 851 815 851
f 805 851 805
f 851 851 805
f 815 850 815
f 850 802 850
f 815 850 815
f 850 850 815
f 805 851 805
f 851 815 851
f 805 851 805
f 851 851 805
f 815 815 851
f 815 815 851
f 851 851 805
f 815 851 851
f 801 893 897
f 893 879 899
f 897 899 881
f 893 899 897
f 879 894 904
f 894 875 902
f 904 902 883
f 894 902 904
f 881 905 898
f 905 883 903
f 898 903 876
f 905 903 898
f 879 904 899
f 904 883 905
f 899 905 881
f 904 905 899
f 875 896 912
f 896 880 914
f 912 914 886
f 896 914 912
f 880 895 908
f 895 873 906
f 908 906 884
f 895 906 908
f 886 916 913
f 916 884 907
f 913 907 877
f 916 907 913
f 880 908 914
f 908 884 916
f 914 916 886
f 908 916 914
f 876 917 901
f 917 887 919
f 901 919 882
f 917 919 901
f 887 918 921
f 918 877 910
f 921 910 885
f 918 910 921
f 882 911 900
f 911 885 909
f 900 909 874
f 911 909 900
f 887 921 919
f 921 885 911
f 919 911 882
f 921 911 919
f 875 912 902
f 912 886 915
f 902 915 883
f 912 915 902
f 886 913 922
f 913 877 918
f 922 918 887
f 913 918 922
f 883 920 903
f 920 887 917
f 903 917 876
f 920 917 903
f 886 922 915
f 922 887 920
f 915 920 883
f 922 920 915
f 801 897 897
f 897 881 881
f 897 881 881
f 897 881 897
f 881 898 898
f 898 876 876
f 898 876 876
f 898 876 898
f 881 898 898
f 898 876 876
f 898 876 876
f 898 876 898
f 881 898 881
f 898 876 898
f 881 898 881
f 898 898 881
f 876 901 901
f 901 882 882
f 901 882 882
f 901 882 901
f 882 900 900
f 900 874 874
f 900 874 874
f 900 874 900
f 882 900 900
f 900 874 874
f 900 874 874
f 900 874 900
f 882 900 882
f 900 874 900
f 882 900 882
f 900 900 882
f 876 901 901
f 901 882 882
f 901 882 882
f 901 882 901
f 882 900 900
f 900 874 874
f 900 874 874
f 900 874 900
f 882 900 900
f 900 874 874
f 900 874 874
f 900 874 900
f 882 900 882
f 900 874 900
f 882 900 882
f 900 900 882
f 876 901 876
f 901 882 901
f 876 901 876
f 901 901 876
f 882 900 882
f 900 874 900
f 882 900 882
f 900 900 882
f 876 901 876
f 901 882 901
f 876 901 876
f 901 901 876
f 882 882 901
f 882 882 901
f 901 901 876
f 882 901 901
f 801 897 856
f 897 881 923
f 856 923 817
f 897 923 856
f 881 898 926
f 898 876 924
f 926 924 888
f 898 924 926
f 817 927 857
f 927 888 925
f 857 925 806
f 927 925 857
f 881 926 923
f 926 888 927
f 923 927 817
f 926 927 923
f 876 901 934
f 901 882 936
f 934 936 891
f 901 936 934
f 882 900 930
f 900 874 928
f 930 928 889
f 900 928 930
f 891 938 935
f 938 889 929
f 935 929 878
f 938 929 935
f 882 930 936
f 930 889 938
f 936 938 891
f 930 938 936
f 806 939 860
f 939 892 941
f 860 941 818
f 939 941 860
f 892 940 943
f 940 878 932
f 943 932 890
f 940 932 943
f 818 933 859
f 933 890 931
f 859 931 802
f 933 931 859
f 892 943 941
f 943 890 933
f 941 933 818
f 943 933 941
f 876 934 924
f 934 891 937
f 924 937 888
f 934 937 924
f 891 935 944
f 935 878 940
f 944 940 892
f 935 940 944
f 888 942 925
f 942 892 939
f 925 939 806
f 942 939 925
f 891 944 937
f 944 892 942
f 937 942 888
f 944 942 937
f 801 856 856
f 856 817 817
f 856 817 817
f 856 817 856
f 817 857 857
f 857 806 806
f 857 806 806
f 857 806 857
f 817 857 857
f 857 806 806
f 857 806 806
f 857 806 857
f 817 857 817
f 857 806 857
f 817 857 817
f 857 857 817
f 806 860 860
f 860 818 818
f 860 818 818
f 860 818 860
f 818 859 859
f 859 802 802
f 859 802 802
f 859 802 859
f 818 859 859
f 859 802 802
f 859 802 802
f 859 802 859
f 818 859 818
f 859 802 859
f 818 859 818
f 859 859 818
f 806 860 860
f 860 818 818
f 860 818 818
f 860 818 860
f 818 859 859
f 859 802 802
f 859 802 802
f 859 802 859
f 818 859 859
f 859 802 802
f 859 802 802
f 859 802 859
f 818 859 818
f 859 802 859
f 818 859 818
f 859 859 818
f 806 860 806
f 860 818 860
f 806 860 806
f 860 860 806
f 818 859 818
f 859 802 859
f 818 859 818
f 859 859 818
f 806 860 806
f 860 818 860
f 806 860 806
f 860 860 806
f 818 818 860
f 818 818 860
f 860 860 806
f 818 860 860
f 227 303 957
f 303 248 959
f 957 959 947
f 303 959 957
f 248 304 964
f 304 232 962
f 964 962 949
f 304 962 964
f 947 965 958
f 965 949 963
f 958 963 945
f 965 963 958
f 248 964 959
f 964 949 965
f 959 965 947
f 964 965 959
f 232 302 968
f 302 247 970
f 968 970 950
f 302 970 968
f 247 301 966
f 301 226 847
f 966 847 814
f 301 847 966
f 950 972 969
f 972 814 848
f 969 848 805
f 972 848 969
f 247 966 970
f 966 814 972
f 970 972 950
f 966 972 970
f 945 973 961
f 973 951 975
f 961 975 948
f 973 975 961
f 951 974 977
f 974 805 851
f 977 851 815
f 974 851 977
f 948 967 960
f 967 815 850
f 960 850 802
f 967 850 960
f 951 977 975
f 977 815 967
f 975 967 948
f 977 967 975
f 232 968 962
f 968 950 971
f 962 971 949
f 968 971 962
f 950 969 978
f 969 805 974
f 978 974 951
f 969 974 978
f 949 976 963
f 976 951 973
f 963 973 945
f 976 973 963
f 950 978 971
f 978 951 976
f 971 976 949
f 978 976 971
f 227 957 957
f 957 947 947
f 957 947 947
f 957 947 957
f 947 958 958
f 958 945 945
f 958 945 945
f 958 945 958
f 947 958 958
f 958 945 945
f 958 945 945
f 958 945 958
f 947 958 947
f 958 945 958
f 947 958 947
f 958 958 947
f 945 961 961
f 961 948 948
f 961 948 948
f 961 948 961
f 948 960 960
f 960 802 802
f 960 802 802
f 960 802 960
f 948 960 960
f 960 802 802
f 960 802 802
f 960 802 960
f 948 960 948
f 960 802 960
f 948 960 948
f 960 960 948
f 945 961 961
f 961 948 948
f 961 948 948
f 961 948 961
f 948 960 960
f 960 802 802
f 960 802 802
f 960 802 960
f 948 960 960
f 960 802 802
f 960 802 802
f 960 802 960
f 948 960 948
f 960 802 960
f 948 960 948
f 960 960 948
f 945 961 945
f 961 948 961
f 945 961 945
f 961 961 945
f 948 960 948
f 960 802 960
f 948 960 948
f 960 960 948
f 945 961 945
f 961 948 961
f 945 961 945
f 961 961 945
f 948 948 961
f 948 948 961
f 961 961 945
f 948 961 961
f 227 957 979
f 957 947 981
f 979 981 952
f 957 981 979
f 947 958 986
f 958 945 984
f 986 984 954
f 958 984 986
f 952 987 980
f 987 954 985
f 980 985 946
f 987 985 980
f 947 986 981
f 986 954 987
f 981 987 952
f 986 987 981
f 945 961 990
f 961 948 992
f 990 992 955
f 961 992 990
f 948 960 988
f 960 802 931
f 988 931 890
f 960 931 988
f 955 994 991
f 994 890 932
f 991 932 878
f 994 932 991
f 948 988 992
f 988 890 994
f 992 994 955
f 988 994 992
f 946 995 983
f 995 956 997
f 983 997 953
f 995 997 983
f 956 996 999
f 996 878 929
f 999 929 889
f 996 929 999
f 953 989 982
f 989 889 928
f 982 928 874
f 989 928 982
f 956 999 997
f 999 889 989
f 997 989 953
f 999 989 997
f 945 990 984
f 990 955 993
f 984 993 954
f 990 993 984
f 955 991 1000
f 991 878 996
f 1000 996 956
f 991 996 1000
f 954 998 985
f 998 956 995
f 985 995 946
f 998 995 985
f 955 1000 993
f 1000 956 998
f 993 998 954
f 1000 998 993
f 227 979 979
f 979 952 952
f 979 952 952
f 979 952 979
f 952 980 980
f 980 946 946
f 980 946 946
f 980 946 980
f 952 980 980
f 980 946 946
f 980 946 946
f 980 946 980
f 952 980 952
f 980 946 980
f 952 980 952
f 980 980 952
f 946 983 983
f 983 953 953
f 983 953 953
f 983 953 983
f 953 982 982
f 982 874 874
f 982 874 874
f 982 874 982
f 953 982 982
f 982 874 874
f 982 874 874
f 982 874 982
f 953 982 953
f 982 874 982
f 953 982 953
f 982 982 953
f 946 983 983
f 983 953 953
f 983 953 953
f 983 953 983
f 953 982 982
f 982 874 874
f 982 874 874
f 982 874 982
f 953 982 982
f 982 874 874
f 982 874 874
f 982 874 982
f 953 982 953
f 982 874 982
f 953 982 953
f 982 982 953
f 946 983 946
f 983 953 983
f 946 983 946
f 983 983 946
f 953 982 953
f 982 874 982
f 953 982 953
f 982 982 953
f 946 983 946
f 983 953 983
f 946 983 946
f 983 983 946
f 953 953 983
f 953 953 983
f 983 983 946
f 953 983 983
f 228 334 1013
f 334 257 1015
f 1013 1015 1003
f 334 1015 1013
f 257 335 1020
f 335 235 1018
f 1020 1018 1005
f 335 1018 1020
f 1003 1021 1014
f 1021 1005 1019
f 1014 1019 1001
f 1021 1019 1014
f 257 1020 1015
f 1020 1005 1021
f 1015 1021 1003
f 1020 1021 1015
f 235 332 1024
f 332 256 1026
f 1024 1026 1006
f 332 1026 1024
f 256 331 1022
f 331 227 979
f 1022 979 952
f 331 979 1022
f 1006 1028 1025
f 1028 952 980
f 1025 980 946
f 1028 980 1025
f 256 1022 1026
f 1022 952 1028
f 1026 1028 1006
f 1022 1028 1026
f 1001 1029 1017
f 1029 1007 1031
f 1017 1031 1004
f 1029 1031 1017
f 1007 1030 1033
f 1030 946 983
f 1033 983 953
f 1030 983 1033
f 1004 1023 1016
f 1023 953 982
f 1016 982 874
f 1023 982 1016
f 1007 1033 1031
f 1033 953 1023
f 1031 1023 1004
f 1033 1023 1031
f 235 1024 1018
f 1024 1006 1027
f 1018 1027 1005
f 1024 1027 1018
f 1006 1025 1034
f 1025 946 1030
f 1034 1030 1007
f 1025 1030 1034
f 1005 1032 1019
f 1032 1007 1029
f 1019 1029 1001
f 1032 1029 1019
f 1006 1034 1027
f 1034 1007 1032
f 1027 1032 1005
f 1034 1032 1027
f 228 1013 1013
f 1013 1003 1003
f 1013 1003 1003
f 1013 1003 1013
f 1003 1014 1014
f 1014 1001 1001
f 1014 1001 1001
f 1014 1001 1014
f 1003 1014 1014
f 1014 1001 1001
f 1014 1001 1001
f 1014 1001 1014
f 1003 1014 1003
f 1014 1001 1014
f 1003 1014 1003
f 1014 1014 1003
f 1001 1017 1017
f 1017 1004 1004
f 1017 1004 1004
f 1017 1004 1017
f 1004 1016 1016
f 1016 874 874
f 1016 874 874
f 1016 874 1016
f 1004 1016 1016
f 1016 874 874
f 1016 874 874
f 1016 874 1016
f 1004 1016 1004
f 1016 874 1016
f 1004 1016 1004
f 1016 1016 1004
f 1001 1017 1017
f 1017 1004 1004
f 1017 1004 1004
f 1017 1004 1017
f 1004 1016 1016
f 1016 874 874
f 1016 874 874
f 1016 874 1016
f 1004 1016 1016
f 1016 874 874
f 1016 874 874
f 1016 874 1016
f 1004 1016 1004
f 1016 874 1016
f 1004 1016 1004
f 1016 1016 1004
f 1001 1017 1001
f 1017 1004 1017
f 1001 1017 1001
f 1017 1017 1001
f 1004 1016 1004
f 1016 874 1016
f 1004 1016 1004
f 1016 1016 1004
f 1001 1017 1001
f 1017 1004 1017
f 1001 1017 1001
f 1017 1017 1001
f 1004 1004 1017
f 1004 1004 1017
f 1017 1017 1001
f 1004 1017 1017
f 228 1013 1035
f 1013 1003 1037
f 1035 1037 1008
f 1013 1037 1035
f 1003 1014 1042
f 1014 1001 1040
f 1042 1040 1010
f 1014 1040 1042
f 1008 1043 1036
f 1043 1010 1041
f 1036 1041 1002
f 1043 1041 1036
f 1003 1042 1037
f 1042 1010 1043
f 1037 1043 1008
f 1042 1043 1037
f 1001 1017 1046
f 1017 1004 1048
f 1046 1048 1011
f 1017 1048 1046
f 1004 1016 1044
f 1016 874 909
f 1044 909 885
f 1016 909 1044
f 1011 1050 1047
f 1050 885 910
f 1047 910 877
f 1050 910 1047
f 1004 1044 1048
f 1044 885 1050
f 1048 1050 1011
f 1044 1050 1048
f 1002 1051 1039
f 1051 1012 1053
f 1039 1053 1009
f 1051 1053 1039
f 1012 1052 1055
f 1052 877 907
f 1055 907 884
f 1052 907 1055
f 1009 1045 1038
f 1045 884 906
f 1038 906 873
f 1045 906 1038
f 1012 1055 1053
f 1055 884 1045
f 1053 1045 1009
f 1055 1045 1053
f 1001 1046 1040
f 1046 1011 1049
f 1040 1049 1010
f 1046 1049 1040
f 1011 1047 1056
f 1047 877 1052
f 1056 1052 1012
f 1047 1052 1056
f 1010 1054 1041
f 1054 1012 1051
f 1041 1051 1002
f 1054 1051 1041
f 1011 1056 1049
f 1056 1012 1054
f 1049 1054 1010
f 1056 1054 1049
f 228 1035 1035
f 1035 1008 1008
f 1035 1008 1008
f 1035 1008 1035
f 1008 1036 1036
f 1036 1002 1002
f 1036 1002 1002
f 1036 1002 1036
f 1008 1036 1036
f 1036 1002 1002
f 1036 1002 1002
f 1036 1002 1036
f 1008 1036 1008
f 1036 1002 1036
f 1008 1036 1008
f 1036 1036 1008
f 1002 1039 1039
f 1039 1009 1009
f 1039 1009 1009
f 1039 1009 1039
f 1009 1038 1038
f 1038 873 873
f 1038 873 873
f 1038 873 1038
f 1009 1038 1038
f 1038 873 873
f 1038 873 873
f 1038 873 1038
f 1009 1038 1009
f 1038 873 1038
f 1009 1038 1009
f 1038 1038 1009
f 1002 1039 1039
f 1039 1009 1009
f 1039 1009 1009
f 1039 1009 1039
f 1009 1038 1038
f 1038 873 873
f 1038 873 873
f 1038 873 1038
f 1009 1038 1038
f 1038 873 873
f 1038 873 873
f 1038 873 1038
f 1009 1038 1009
f 1038 873 1038
f 1009 1038 1009
f 1038 1038 1009
f 1002 1039 1002
f 1039 1009 1039
f 1002 1039 1002
f 1039 1039 1002
f 1009 1038 1009
f 1038 873 1038
f 1009 1038 1009
f 1038 1038 1009
f 1002 1039 1002
f 1039 1009 1039
f 1002 1039 1002
f 1039 1039 1002
f 1009 1009 1039
f 1009 1009 1039
f 1039 1039 1002
f 1009 1039 1039
f 230 363 1066
f 363 266 1068
f 1066 1068 1058
f 363 1068 1066
f 266 364 1073
f 364 238 1071
f 1073 1071 1060
f 364 1071 1073
f 1058 1074 1067
f 1074 1060 1072
f 1067 1072 1057
f 1074 1072 1067
f 266 1073 1068
f 1073 1060 1074
f 1068 1074 1058
f 1073 1074 1068
f 238 362 1077
f 362 265 1079
f 1077 1079 1061
f 362 1079 1077
f 265 361 1075
f 361 228 1035
f 1075 1035 1008
f 361 1035 1075
f 1061 1081 1078
f 1081 1008 1036
f 1078 1036 1002
f 1081 1036 1078
f 265 1075 1079
f 1075 1008 1081
f 1079 1081 1061
f 1075 1081 1079
f 1057 1082 1070
f 1082 1062 1084
f 1070 1084 1059
f 1082 1084 1070
f 1062 1083 1086
f 1083 1002 1039
f 1086 1039 1009
f 1083 1039 1086
f 1059 1076 1069
f 1076 1009 1038
f 1069 1038 873
f 1076 1038 1069
f 1062 1086 1084
f 1086 1009 1076
f 1084 1076 1059
f 1086 1076 1084
f 238 1077 1071
f 1077 1061 1080
f 1071 1080 1060
f 1077 1080 1071
f 1061 1078 1087
f 1078 1002 1083
f 1087 1083 1062
f 1078 1083 1087
f 1060 1085 1072
f 1085 1062 1082
f 1072 1082 1057
f 1085 1082 1072
f 1061 1087 1080
f 1087 1062 1085
f 1080 1085 1060
f 1087 1085 1080
f 230 1066 1066
f 1066 1058 1058
f 1066 1058 1058
f 1066 1058 1066
f 1058 1067 1067
f 1067 1057 1057
f 1067 1057 1057
f 1067 1057 1067
f 1058 1067 1067
f 1067 1057 1057
f 1067 1057 1057
f 1067 1057 1067
f 1058 1067 1058
f 1067 1057 1067
f 1058 1067 1058
f 1067 1067 1058
f 1057 1070 1070
f 1070 1059 1059
f 1070 1059 1059
f 1070 1059 1070
f 1059 1069 1069
f 1069 873 873
f 1069 873 873
f 1069 873 1069
f 1059 1069 1069
f 1069 873 873
f 1069 873 873
f 1069 873 1069
f 1059 1069 1059
f 1069 873 1069
f 1059 1069 1059
f 1069 1069 1059
f 1057 1070 1070
f 1070 1059 1059
f 1070 1059 1059
f 1070 1059 1070
f 1059 1069 1069
f 1069 873 873
f 1069 873 873
f 1069 873 1069
f 1059 1069 1069
f 1069 873 873
f 1069 873 873
f 1069 873 1069
f 1059 1069 1059
f 1069 873 1069
f 1059 1069 1059
f 1069 1069 1059
f 1057 1070 1057
f 1070 1059 1070
f 1057 1070 1057
f 1070 1070 1057
f 1059 1069 1059
f 1069 873 1069
f 1059 1069 1059
f 1069 1069 1059
f 1057 1070 1057
f 1070 1059 1070
f 1057 1070 1057
f 1070 1070 1057
f 1059 1059 1070
f 1059 1059 1070
f 1070 1070 1057
f 1059 1070 1070
f 230 1066 830
f 1066 1058 1088
f 830 1088 810
f 1066 1088 830
f 1058 1067 1091
f 1067 1057 1089
f 1091 1089 1063
f 1067 1089 1091
f 810 1092 831
f 1092 1063 1090
f 831 1090 804
f 1092 1090 831
f 1058 1091 1088
f 1091 1063 1092
f 1088 1092 810
f 1091 1092 1088
f 1057 1070 1095
f 1070 1059 1097
f 1095 1097 1064
f 1070 1097 1095
f 1059 1069 1093
f 1069 873 895
f 1093 895 880
f 1069 895 1093
f 1064 1099 1096
f 1099 880 896
f 1096 896 875
f 1099 896 1096
f 1059 1093 1097
f 1093 880 1099
f 1097 1099 1064
f 1093 1099 1097
f 804 1100 834
f 1100 1065 1102
f 834 1102 811
f 1100 1102 834
f 1065 1101 1104
f 1101 875 894
f 1104 894 879
f 1101 894 1104
f 811 1094 833
f 1094 879 893
f 833 893 801
f 1094 893 833
f 1065 1104 1102
f 1104 879 1094
f 1102 1094 811
f 1104 1094 1102
f 1057 1095 1089
f 1095 1064 1098
f 1089 1098 1063
f 1095 1098 1089
f 1064 1096 1105
f 1096 875 1101
f 1105 1101 1065
f 1096 1101 1105
f 1063 1103 1090
f 1103 1065 1100
f 1090 1100 804
f 1103 1100 1090
f 1064 1105 1098
f 1105 1065 1103
f 1098 1103 1063
f 1105 1103 1098
f 230 830 830
f 830 810 810
f 830 810 810
f 830 810 830
f 810 831 831
f 831 804 804
f 831 804 804
f 831 804 831
f 810 831 831
f 831 804 804
f 831 804 804
f 831 804 831
f 810 831 810
f 831 804 831
f 810 831 810
f 831 831 810
f 804 834 834
f 834 811 811
f 834 811 811
f 834 811 834
f 811 833 833
f 833 801 801
f 833 801 801
f 833 801 833
f 811 833 833
f 833 801 801
f 833 801 801
f 833 801 833
f 811 833 811
f 833 801 833
f 811 833 811
f 833 833 811
f 804 834 834
f 834 811 811
f 834 811 811
f 834 811 834
f 811 833 833
f 833 801 801
f 833 801 801
f 833 801 833
f 811 833 833
f 833 801 801
f 833 801 801
f 833 801 833
f 811 833 811
f 833 801 833
f 811 833 811
f 833 833 811
f 804 834 804
f 834 811 834
f 804 834 804
f 834 834 804
f 811 833 811
f 833 801 833
f 811 833 811
f 833 833 811
f 804 834 804
f 834 811 834
f 804 834 804
f 834 834 804
f 811 811 834
f 811 811 834
f 834 834 804
f 811 834 834
f 1106 1131 1135
f 1131 1115 1137
f 1135 1137 1117
f 1131 1137 1135
f 1115 1132 1142
f 1132 1110 1140
f 1142 1140 1119
f 1132 1140 1142
f 1117 1143 1136
f 1143 1119 1141
f 1136 1141 1111
f 1143 1141 1136
f 1115 1142 1137
f 1142 1119 1143
f 1137 1143 1117
f 1142 1143 1137
f 1110 1134 1150
f 1134 1116 1152
f 1150 1152 1122
f 1134 1152 1150
f 1116 1133 1146
f 1133 1107 1144
f 1146 1144 1120
f 1133 1144 1146
f 1122 1154 1151
f 1154 1120 1145
f 1151 1145 1112
f 1154 1145 1151
f 1116 1146 1152
f 1146 1120 1154
f 1152 1154 1122
f 1146 1154 1152
f 1111 1155 1139
f 1155 1123 1157
f 1139 1157 1118
f 1155 1157 1139
f 1123 1156 1159
f 1156 1112 1148
f 1159 1148 1121
f 1156 1148 1159
f 1118 1149 1138
f 1149 1121 1147
f 1138 1147 1108
f 1149 1147 1138
f 1123 1159 1157
f 1159 1121 1149
f 1157 1149 1118
f 1159 1149 1157
f 1110 1150 1140
f 1150 1122 1153
f 1140 1153 1119
f 1150 1153 1140
f 1122 1151 1160
f 1151 1112 1156
f 1160 1156 1123
f 1151 1156 1160
f 1119 1158 1141
f 1158 1123 1155
f 1141 1155 1111
f 1158 1155 1141
f 1122 1160 1153
f 1160 1123 1158
f 1153 1158 1119
f 1160 1158 1153
f 1106 1135 1135
f 1135 1117 1117
f 1135 1117 1117
f 1135 1117 1135
f 1117 1136 1136
f 1136 1111 1111
f 1136 1111 1111
f 1136 1111 1136
f 1117 1136 1136
f 1136 1111 1111
f 1136 1111 1111
f 1136 1111 1136
f 1117 1136 1117
f 1136 1111 1136
f 1117 1136 1117
f 1136 1136 1117
f 1111 1139 1139
f 1139 1118 1118
f 1139 1118 1118
f 1139 1118 1139
f 1118 1138 1138
f 1138 1108 1108
f 1138 1108 1108
f 1138 1108 1138
f 1118 1138 1138
f 1138 1108 1108
f 1138 1108 1108
f 1138 1108 1138
f 1118 1138 1118
f 1138 1108 1138
f 1118 1138 1118
f 1138 1138 1118
f 1111 1139 1139
f 1139 1118 1118
f 1139 1118 1118
f 1139 1118 1139
f 1118 1138 1138
f 1138 1108 1108
f 1138 1108 1108
f 1138 1108 1138
f 1118 1138 1138
f 1138 1108 1108
f 1138 1108 1108
f 1138 1108 1138
f 1118 1138 1118
f 1138 1108 1138
f 1118 1138 1118
f 1138 1138 1118
f 1111 1139 1111
f 1139 1118 1139
f 1111 1139 1111
f 1139 1139 1111
f 1118 1138 1118
f 1138 1108 1138
f 1118 1138 1118
f 1138 1138 1118
f 1111 1139 1111
f 1139 1118 1139
f 1111 1139 1111
f 1139 1139 1111
f 1118 1118 1139
f 1118 1118 1139
f 1139 1139 1111
f 1118 1139 1139
f 1106 1135 1161
f 1135 1117 1163
f 1161 1163 1124
f 1135 1163 1161
f 1117 1136 1168
f 1136 1111 1166
f 1168 1166 1126
f 1136 1166 1168
f 1124 1169 1162
f 1169 1126 1167
f 1162 1167 1113
f 1169 1167 1162
f 1117 1168 1163
f 1168 1126 1169
f 1163 1169 1124
f 1168 1169 1163
f 1111 1139 1176
f 1139 1118 1178
f 1176 1178 1129
f 1139 1178 1176
f 1118 1138 1172
f 1138 1108 1170
f 1172 1170 1127
f 1138 1170 1172
f 1129 1180 1177
f 1180 1127 1171
f 1177 1171 1114
f 1180 1171 1177
f 1118 1172 1178
f 1172 1127 1180
f 1178 1180 1129
f 1172 1180 1178
f 1113 1181 1165
f 1181 1130 1183
f 1165 1183 1125
f 1181 1183 1165
f 1130 1182 1185
f 1182 1114 1174
f 1185 1174 1128
f 1182 1174 1185
f 1125 1175 1164
f 1175 1128 1173
f 1164 1173 1109
f 1175 1173 1164
f 1130 1185 1183
f 1185 1128 1175
f 1183 1175 1125
f 1185 1175 1183
f 1111 1176 1166
f 1176 1129 1179
f 1166 1179 1126
f 1176 1179 1166
f 1129 1177 1186
f 1177 1114 1182
f 1186 1182 1130
f 1177 1182 1186
f 1126 1184 1167
f 1184 1130 1181
f 1167 1181 1113
f 1184 1181 1167
f 1129 1186 1179
f 1186 1130 1184
f 1179 1184 1126
f 1186 1184 1179
f 1106 1161 1161
f 1161 1124 1124
f 1161 1124 1124
f 1161 1124 1161
f 1124 1162 1162
f 1162 1113 1113
f 1162 1113 1113
f 1162 1113 1162
f 1124 1162 1162
f 1162 1113 1113
f 1162 1113 1113
f 1162 1113 1162
f 1124 1162 1124
f 1162 1113 1162
f 1124 1162 1124
f 1162 1162 1124
f 1113 1165 1165
f 1165 1125 1125
f 1165 1125 1125
f 1165 1125 1165
f 1125 1164 1164
f 1164 1109 1109
f 1164 1109 1109
f 1164 1109 1164
f 1125 1164 1164
f 1164 1109 1109
f 1164 1109 1109
f 1164 1109 1164
f 1125 1164 1125
f 1164 1109 1164
f 1125 1164 1125
f 1164 1164 1125
f 1113 1165 1165
f 1165 1125 1125
f 1165 1125 1125
f 1165 1125 1165
f 1125 1164 1164
f 1164 1109 1109
f 1164 1109 1109
f 1164 1109 1164
f 1125 1164 1164
f 1164 1109 1109
f 1164 1109 1109
f 1164 1109 1164
f 1125 1164 1125
f 1164 1109 1164
f 1125 1164 1125
f 1164 1164 1125
f 1113 1165 1113
f 1165 1125 1165
f 1113 1165 1113
f 1165 1165 1113
f 1125 1164 1125
f 1164 1109 1164
f 1125 1164 1125
f 1164 1164 1125
f 1113 1165 1113
f 1165 1125 1165
f 1113 1165 1113
f 1165 1165 1113
f 1125 1125 1165
f 1125 1125 1165
f 1165 1165 1113
f 1125 1165 1165
f 1187 1207 1211
f 1207 1193 1213
f 1211 1213 1195
f 1207 1213 1211
f 1193 1208 1218
f 1208 1189 1216
f 1218 1216 1197
f 1208 1216 1218
f 1195 1219 1212
f 1219 1197 1217
f 1212 1217 1190
f 1219 1217 1212
f 1193 1218 1213
f 1218 1197 1219
f 1213 1219 1195
f 1218 1219 1213
f 1189 1210 1222
f 1210 1194 1224
f 1222 1224 1198
f 1210 1224 1222
f 1194 1209 1220
f 1209 1106 1161
f 1220 1161 1124
f 1209 1161 1220
f 1198 1226 1223
f 1226 1124 1162
f 1223 1162 1113
f 1226 1162 1223
f 1194 1220 1224
f 1220 1124 1226
f 1224 1226 1198
f 1220 1226 1224
f 1190 1227 1215
f 1227 1199 1229
f 1215 1229 1196
f 1227 1229 1215
f 1199 1228 1231
f 1228 1113 1165
f 1231 1165 1125
f 1228 1165 1231
f 1196 1221 1214
f 1221 1125 1164
f 1214 1164 1109
f 1221 1164 1214
f 1199 1231 1229
f 1231 1125 1221
f 1229 1221 1196
f 1231 1221 1229
f 1189 1222 1216
f 1222 1198 1225
f 1216 1225 1197
f 1222 1225 1216
f 1198 1223 1232
f 1223 1113 1228
f 1232 1228 1199
f 1223 1228 1232
f 1197 1230 1217
f 1230 1199 1227
f 1217 1227 1190
f 1230 1227 1217
f 1198 1232 1225
f 1232 1199 1230
f 1225 1230 1197
f 1232 1230 1225
f 1187 1211 1211
f 1211 1195 1195
f 1211 1195 1195
f 1211 1195 1211
f 1195 1212 1212
f 1212 1190 1190
f 1212 1190 1190
f 1212 1190 1212
f 1195 1212 1212
f 1212 1190 1190
f 1212 1190 1190
f 1212 1190 1212
f 1195 1212 1195
f 1212 1190 1212
f 1195 1212 1195
f 1212 1212 1195
f 1190 1215 1215
f 1215 1196 1196
f 1215 1196 1196
f 1215 1196 1215
f 1196 1214 1214
f 1214 1109 1109
f 1214 1109 1109
f 1214 1109 1214
f 1196 1214 1214
f 1214 1109 1109
f 1214 1109 1109
f 1214 1109 1214
f 1196 1214 1196
f 1214 1109 1214
f 1196 1214 1196
f 1214 1214 1196
f 1190 1215 1215
f 1215 1196 1196
f 1215 1196 1196
f 1215 1196 1215
f 1196 1214 1214
f 1214 1109 1109
f 1214 1109 1109
f 1214 1109 1214
f 1196 1214 1214
f 1214 1109 1109
f 1214 1109 1109
f 1214 1109 1214
f 1196 1214 1196
f 1214 1109 1214
f 1196 1214 1196
f 1214 1214 1196
f 1190 1215 1190
f 1215 1196 1215
f 1190 1215 1190
f 1215 1215 1190
f 1196 1214 1196
f 1214 1109 1214
f 1196 1214 1196
f 1214 1214 1196
f 1190 1215 1190
f 1215 1196 1215
f 1190 1215 1190
f 1215 1215 1190
f 1196 1196 1215
f 1196 1196 1215
f 1215 1215 1190
f 1196 1215 1215
f 1187 1211 1233
f 1211 1195 1235
f 1233 1235 1200
f 1211 1235 1233
f 1195 1212 1240
f 1212 1190 1238
f 1240 1238 1202
f 1212 1238 1240
f 1200 1241 1234
f 1241 1202 1239
f 1234 1239 1191
f 1241 1239 1234
f 1195 1240 1235
f 1240 1202 1241
f 1235 1241 1200
f 1240 1241 1235
f 1190 1215 1248
f 1215 1196 1250
f 1248 1250 1205
f 1215 1250 1248
f 1196 1214 1244
f 1214 1109 1242
f 1244 1242 1203
f 1214 1242 1244
f 1205 1252 1249
f 1252 1203 1243
f 1249 1243 1192
f 1252 1243 1249
f 1196 1244 1250
f 1244 1203 1252
f 1250 1252 1205
f 1244 1252 1250
f 1191 1253 1237
f 1253 1206 1255
f 1237 1255 1201
f 1253 1255 1237
f 1206 1254 1257
f 1254 1192 1246
f 1257 1246 1204
f 1254 1246 1257
f 1201 1247 1236
f 1247 1204 1245
f 1236 1245 1188
f 1247 1245 1236
f 1206 1257 1255
f 1257 1204 1247
f 1255 1247 1201
f 1257 1247 1255
f 1190 1248 1238
f 1248 1205 1251
f 1238 1251 1202
f 1248 1251 1238
f 1205 1249 1258
f 1249 1192 1254
f 1258 1254 1206
f 1249 1254 1258
f 1202 1256 1239
f 1256 1206 1253
f 1239 1253 1191
f 1256 1253 1239
f 1205 1258 1251
f 1258 1206 1256
f 1251 1256 1202
f 1258 1256 1251
f 1187 1233 1233
f 1233 1200 1200
f 1233 1200 1200
f 1233 1200 1233
f 1200 1234 1234
f 1234 1191 1191
f 1234 1191 1191
f 1234 1191 1234
f 1200 1234 1234
f 1234 1191 1191
f 1234 1191 1191
f 1234 1191 1234
f 1200 1234 1200
f 1234 1191 1234
f 1200 1234 1200
f 1234 1234 1200
f 1191 1237 1237
f 1237 1201 1201
f 1237 1201 1201
f 1237 1201 1237
f 1201 1236 1236
f 1236 1188 1188
f 1236 1188 1188
f 1236 1188 1236
f 1201 1236 1236
f 1236 1188 1188
f 1236 1188 1188
f 1236 1188 1236
f 1201 1236 1201
f 1236 1188 1236
f 1201 1236 1201
f 1236 1236 1201
f 1191 1237 1237
f 1237 1201 1201
f 1237 1201 1201
f 1237 1201 1237
f 1201 1236 1236
f 1236 1188 1188
f 1236 1188 1188
f 1236 1188 1236
f 1201 1236 1236
f 1236 1188 1188
f 1236 1188 1188
f 1236 1188 1236
f 1201 1236 1201
f 1236 1188 1236
f 1201 1236 1201
f 1236 1236 1201
f 1191 1237 1191
f 1237 1201 1237
f 1191 1237 1191
f 1237 1237 1191
f 1201 1236 1201
f 1236 1188 1236
f 1201 1236 1201
f 1236 1236 1201
f 1191 1237 1191
f 1237 1201 1237
f 1191 1237 1191
f 1237 1237 1191
f 1201 1201 1237
f 1201 1201 1237
f 1237 1237 1191
f 1201 1237 1237
f 1259 1279 1283
f 1279 1265 1285
f 1283 1285 1267
f 1279 1285 1283
f 1265 1280 1290
f 1280 1261 1288
f 1290 1288 1269
f 1280 1288 1290
f 1267 1291 1284
f 1291 1269 1289
f 1284 1289 1262
f 1291 1289 1284
f 1265 1290 1285
f 1290 1269 1291
f 1285 1291 1267
f 1290 1291 1285
f 1261 1282 1294
f 1282 1266 1296
f 1294 1296 1270
f 1282 1296 1294
f 1266 1281 1292
f 1281 1187 1233
f 1292 1233 1200
f 1281 1233 1292
f 1270 1298 1295
f 1298 1200 1234
f 1295 1234 1191
f 1298 1234 1295
f 1266 1292 1296
f 1292 1200 1298
f 1296 1298 1270
f 1292 1298 1296
f 1262 1299 1287
f 1299 1271 1301
f 1287 1301 1268
f 1299 1301 1287
f 1271 1300 1303
f 1300 1191 1237
f 1303 1237 1201
f 1300 1237 1303
f 1268 1293 1286
f 1293 1201 1236
f 1286 1236 1188
f 1293 1236 1286
f 1271 1303 1301
f 1303 1201 1293
f 1301 1293 1268
f 1303 1293 1301
f 1261 1294 1288
f 1294 1270 1297
f 1288 1297 1269
f 1294 1297 1288
f 1270 1295 1304
f 1295 1191 1300
f 1304 1300 1271
f 1295 1300 1304
f 1269 1302 1289
f 1302 1271 1299
f 1289 1299 1262
f 1302 1299 1289
f 1270 1304 1297
f 1304 1271 1302
f 1297 1302 1269
f 1304 1302 1297
f 1259 1283 1283
f 1283 1267 1267
f 1283 1267 1267
f 1283 1267 1283
f 1267 1284 1284
f 1284 1262 1262
f 1284 1262 1262
f 1284 1262 1284
f 1267 1284 1284
f 1284 1262 1262
f 1284 1262 1262
f 1284 1262 1284
f 1267 1284 1267
f 1284 1262 1284
f 1267 1284 1267
f 1284 1284 1267
f 1262 1287 1287
f 1287 1268 1268
f 1287 1268 1268
f 1287 1268 1287
f 1268 1286 1286
f 1286 1188 1188
f 1286 1188 1188
f 1286 1188 1286
f 1268 1286 1286
f 1286 1188 1188
f 1286 1188 1188
f 1286 1188 1286
f 1268 1286 1268
f 1286 1188 1286
f 1268 1286 1268
f 1286 1286 1268
f 1262 1287 1287
f 1287 1268 1268
f 1287 1268 1268
f 1287 1268 1287
f 1268 1286 1286
f 1286 1188 1188
f 1286 1188 1188
f 1286 1188 1286
f 1268 1286 1286
f 1286 1188 1188
f 1286 1188 1188
f 1286 1188 1286
f 1268 1286 1268
f 1286 1188 1286
f 1268 1286 1268
f 1286 1286 1268
f 1262 1287 1262
f 1287 1268 1287
f 1262 1287 1262
f 1287 1287 1262
f 1268 1286 1268
f 1286 1188 1286
f 1268 1286 1268
f 1286 1286 1268
f 1262 1287 1262
f 1287 1268 1287
f 1262 1287 1262
f 1287 1287 1262
f 1268 1268 1287
f 1268 1268 1287
f 1287 1287 1262
f 1268 1287 1287
f 1259 1283 1305
f 1283 1267 1307
f 1305 1307 1272
f 1283 1307 1305
f 1267 1284 1312
f 1284 1262 1310
f 1312 1310 1274
f 1284 1310 1312
f 1272 1313 1306
f 1313 1274 1311
f 1306 1311 1263
f 1313 1311 1306
f 1267 1312 1307
f 1312 1274 1313
f 1307 1313 1272
f 1312 1313 1307
f 1262 1287 1320
f 1287 1268 1322
f 1320 1322 1277
f 1287 1322 1320
f 1268 1286 1316
f 1286 1188 1314
f 1316 1314 1275
f 1286 1314 1316
f 1277 1324 1321
f 1324 1275 1315
f 1321 1315 1264
f 1324 1315 1321
f 1268 1316 1322
f 1316 1275 1324
f 1322 1324 1277
f 1316 1324 1322
f 1263 1325 1309
f 1325 1278 1327
f 1309 1327 1273
f 1325 1327 1309
f 1278 1326 1329
f 1326 1264 1318
f 1329 1318 1276
f 1326 1318 1329
f 1273 1319 1308
f 1319 1276 1317
f 1308 1317 1260
f 1319 1317 1308
f 1278 1329 1327
f 1329 1276 1319
f 1327 1319 1273
f 1329 1319 1327
f 1262 1320 1310
f 1320 1277 1323
f 1310 1323 1274
f 1320 1323 1310
f 1277 1321 1330
f 1321 1264 1326
f 1330 1326 1278
f 1321 1326 1330
f 1274 1328 1311
f 1328 1278 1325
f 1311 1325 1263
f 1328 1325 1311
f 1277 1330 1323
f 1330 1278 1328
f 1323 1328 1274
f 1330 1328 1323
f 1259 1305 1305
f 1305 1272 1272
f 1305 1272 1272
f 1305 1272 1305
f 1272 1306 1306
f 1306 1263 1263
f 1306 1263 1263
f 1306 1263 1306
f 1272 1306 1306
f 1306 1263 1263
f 1306 1263 1263
f 1306 1263 1306
f 1272 1306 1272
f 1306 1263 1306
f 1272 1306 1272
f 1306 1306 1272
f 1263 1309 1309
f 1309 1273 1273
f 1309 1273 1273
f 1309 1273 1309
f 1273 1308 1308
f 1308 1260 1260
f 1308 1260 1260
f 1308 1260 1308
f 1273 1308 1308
f 1308 1260 1260
f 1308 1260 1260
f 1308 1260 1308
f 1273 1308 1273
f 1308 1260 1308
f 1273 1308 1273
f 1308 1308 1273
f 1263 1309 1309
f 1309 1273 1273
f 1309 1273 1273
f 1309 1273 1309
f 1273 1308 1308
f 1308 1260 1260
f 1308 1260 1260
f 1308 1260 1308
f 1273 1308 1308
f 1308 1260 1260
f 1308 1260 1260
f 1308 1260 1308
f 1273 1308 1273
f 1308 1260 1308
f 1273 1308 1273
f 1308 1308 1273
f 1263 1309 1263
f 1309 1273 1309
f 1263 1309 1263
f 1309 1309 1263
f 1273 1308 1273
f 1308 1260 1308
f 1273 1308 1273
f 1308 1308 1273
f 1263 1309 1263
f 1309 1273 1309
f 1263 1309 1263
f 1309 1309 1263
f 1273 1273 1309
f 1273 1273 1309
f 1309 1309 1263
f 1273 1309 1309
f 1107 1346 1350
f 1346 1334 1352
f 1350 1352 1336
f 1346 1352 1350
f 1334 1347 1357
f 1347 1331 1355
f 1357 1355 1338
f 1347 1355 1357
f 1336 1358 1351
f 1358 1338 1356
f 1351 1356 1332
f 1358 1356 1351
f 1334 1357 1352
f 1357 1338 1358
f 1352 1358 1336
f 1357 1358 1352
f 1331 1349 1361
f 1349 1335 1363
f 1361 1363 1339
f 1349 1363 1361
f 1335 1348 1359
f 1348 1259 1305
f 1359 1305 1272
f 1348 1305 1359
f 1339 1365 1362
f 1365 1272 1306
f 1362 1306 1263
f 1365 1306 1362
f 1335 1359 1363
f 1359 1272 1365
f 1363 1365 1339
f 1359 1365 1363
f 1332 1366 1354
f 1366 1340 1368
f 1354 1368 1337
f 1366 1368 1354
f 1340 1367 1370
f 1367 1263 1309
f 1370 1309 1273
f 1367 1309 1370
f 1337 1360 1353
f 1360 1273 1308
f 1353 1308 1260
f 1360 1308 1353
f 1340 1370 1368
f 1370 1273 1360
f 1368 1360 1337
f 1370 1360 1368
f 1331 1361 1355
f 1361 1339 1364
f 1355 1364 1338
f 1361 1364 1355
f 1339 1362 1371
f 1362 1263 1367
f 1371 1367 1340
f 1362 1367 1371
f 1338 1369 1356
f 1369 1340 1366
f 1356 1366 1332
f 1369 1366 1356
f 1339 1371 1364
f 1371 1340 1369
f 1364 1369 1338
f 1371 1369 1364
f 1107 1350 1350
f 1350 1336 1336
f 1350 1336 1336
f 1350 1336 1350
f 1336 1351 1351
f 1351 1332 1332
f 1351 1332 1332
f 1351 1332 1351
f 1336 1351 1351
f 1351 1332 1332
f 1351 1332 1332
f 1351 1332 1351
f 1336 1351 1336
f 1351 1332 1351
f 1336 1351 1336
f 1351 1351 1336
f 1332 1354 1354
f 1354 1337 1337
f 1354 1337 1337
f 1354 1337 1354
f 1337 1353 1353
f 1353 1260 1260
f 1353 1260 1260
f 1353 1260 1353
f 1337 1353 1353
f 1353 1260 1260
f 1353 1260 1260
f 1353 1260 1353
f 1337 1353 1337
f 1353 1260 1353
f 1337 1353 1337
f 1353 1353 1337
f 1332 1354 1354
f 1354 1337 1337
f 1354 1337 1337
f 1354 1337 1354
f 1337 1353 1353
f 1353 1260 1260
f 1353 1260 1260
f 1353 1260 1353
f 1337 1353 1353
f 1353 1260 1260
f 1353 1260 1260
f 1353 1260 1353
f 1337 1353 1337
f 1353 1260 1353
f 1337 1353 1337
f 1353 1353 1337
f 1332 1354 1332
f 1354 1337 1354
f 1332 1354 1332
f 1354 1354 1332
f 1337 1353 1337
f 1353 1260 1353
f 1337 1353 1337
f 1353 1353 1337
f 1332 1354 1332
f 1354 1337 1354
f 1332 1354 1332
f 1354 1354 1332
f 1337 1337 1354
f 1337 1337 1354
f 1354 1354 1332
f 1337 1354 1354
f 1107 1350 1144
f 1350 1336 1372
f 1144 1372 1120
f 1350 1372 1144
f 1336 1351 1375
f 1351 1332 1373
f 1375 1373 1341
f 1351 1373 1375
f 1120 1376 1145
f 1376 1341 1374
f 1145 1374 1112
f 1376 1374 1145
f 1336 1375 1372
f 1375 1341 1376
f 1372 1376 1120
f 1375 1376 1372
f 1332 1354 1383
f 1354 1337 1385
f 1383 1385 1344
f 1354 1385 1383
f 1337 1353 1379
f 1353 1260 1377
f 1379 1377 1342
f 1353 1377 1379
f 1344 1387 1384
f 1387 1342 1378
f 1384 1378 1333
f 1387 1378 1384
f 1337 1379 1385
f 1379 1342 1387
f 1385 1387 1344
f 1379 1387 1385
f 1112 1388 1148
f 1388 1345 1390
f 1148 1390 1121
f 1388 1390 1148
f 1345 1389 1392
f 1389 1333 1381
f 1392 1381 1343
f 1389 1381 1392
f 1121 1382 1147
f 1382 1343 1380
f 1147 1380 1108
f 1382 1380 1147
f 1345 1392 1390
f 1392 1343 1382
f 1390 1382 1121
f 1392 1382 1390
f 1332 1383 1373
f 1383 1344 1386
f 1373 1386 1341
f 1383 1386 1373
f 1344 1384 1393
f 1384 1333 1389
f 1393 1389 1345
f 1384 1389 1393
f 1341 1391 1374
f 1391 1345 1388
f 1374 1388 1112
f 1391 1388 1374
f 1344 1393 1386
f 1393 1345 1391
f 1386 1391 1341
f 1393 1391 1386
f 1107 1144 1144
f 1144 1120 1120
f 1144 1120 1120
f 1144 1120 1144
f 1120 1145 1145
f 1145 1112 1112
f 1145 1112 1112
f 1145 1112 1145
f 1120 1145 1145
f 1145 1112 1112
f 1145 1112 1112
f 1145 1112 1145
f 1120 1145 1120
f 1145 1112 1145
f 1120 1145 1120
f 1145 1145 1120
f 1112 1148 1148
f 1148 1121 1121
f 1148 1121 1121
f 1148 1121 1148
f 1121 1147 1147
f 1147 1108 1108
f 1147 1108 1108
f 1147 1108 1147
f 1121 1147 1147
f 1147 1108 1108
f 1147 1108 1108
f 1147 1108 1147
f 1121 1147 1121
f 1147 1108 1147
f 1121 1147 1121
f 1147 1147 1121
f 1112 1148 1148
f 1148 1121 1121
f 1148 1121 1121
f 1148 1121 1148
f 1121 1147 1147
f 1147 1108 1108
f 1147 1108 1108
f 1147 1108 1147
f 1121 1147 1147
f 1147 1108 1108
f 1147 1108 1108
f 1147 1108 1147
f 1121 1147 1121
f 1147 1108 1147
f 1121 1147 1121
f 1147 1147 1121
f 1112 1148 1112
f 1148 1121 1148
f 1112 1148 1112
f 1148 1148 1112
f 1121 1147 1121
f 1147 1108 1147
f 1121 1147 1121
f 1147 1147 1121
f 1112 1148 1112
f 1148 1121 1148
f 1112 1148 1112
f 1148 1148 1112
f 1121 1121 1148
f 1121 1121 1148
f 1148 1148 1112
f 1121 1148 1148
f 1108 1380 1403
f 1380 1343 1405
f 1403 1405 1395
f 1380 1405 1403
f 1343 1381 1410
f 1381 1333 1408
f 1410 1408 1397
f 1381 1408 1410
f 1395 1411 1404
f 1411 1397 1409
f 1404 1409 1394
f 1411 1409 1404
f 1343 1410 1405
f 1410 1397 1411
f 1405 1411 1395
f 1410 1411 1405
f 1333 1378 1414
f 1378 1342 1416
f 1414 1416 1398
f 1378 1416 1414
f 1342 1377 1412
f 1377 1260 1317
f 1412 1317 1276
f 1377 1317 1412
f 1398 1418 1415
f 1418 1276 1318
f 1415 1318 1264
f 1418 1318 1415
f 1342 1412 1416
f 1412 1276 1418
f 1416 1418 1398
f 1412 1418 1416
f 1394 1419 1407
f 1419 1399 1421
f 1407 1421 1396
f 1419 1421 1407
f 1399 1420 1423
f 1420 1264 1315
f 1423 1315 1275
f 1420 1315 1423
f 1396 1413 1406
f 1413 1275 1314
f 1406 1314 1188
f 1413 1314 1406
f 1399 1423 1421
f 1423 1275 1413
f 1421 1413 1396
f 1423 1413 1421
f 1333 1414 1408
f 1414 1398 1417
f 1408 1417 1397
f 1414 1417 1408
f 1398 1415 1424
f 1415 1264 1420
f 1424 1420 1399
f 1415 1420 1424
f 1397 1422 1409
f 1422 1399 1419
f 1409 1419 1394
f 1422 1419 1409
f 1398 1424 1417
f 1424 1399 1422
f 1417 1422 1397
f 1424 1422 1417
f 1108 1403 1403
f 1403 1395 1395
f 1403 1395 1395
f 1403 1395 1403
f 1395 1404 1404
f 1404 1394 1394
f 1404 1394 1394
f 1404 1394 1404
f 1395 1404 1404
f 1404 1394 1394
f 1404 1394 1394
f 1404 1394 1404
f 1395 1404 1395
f 1404 1394 1404
f 1395 1404 1395
f 1404 1404 1395
f 1394 1407 1407
f 1407 1396 1396
f 1407 1396 1396
f 1407 1396 1407
f 1396 1406 1406
f 1406 1188 1188
f 1406 1188 1188
f 1406 1188 1406
f 1396 1406 1406
f 1406 1188 1188
f 1406 1188 1188
f 1406 1188 1406
f 1396 1406 1396
f 1406 1188 1406
f 1396 1406 1396
f 1406 1406 1396
f 1394 1407 1407
f 1407 1396 1396
f 1407 1396 1396
f 1407 1396 1407
f 1396 1406 1406
f 1406 1188 1188
f 1406 1188 1188
f 1406 1188 1406
f 1396 1406 1406
f 1406 1188 1188
f 1406 1188 1188
f 1406 1188 1406
f 1396 1406 1396
f 1406 1188 1406
f 1396 1406 1396
f 1406 1406 1396
f 1394 1407 1394
f 1407 1396 1407
f 1394 1407 1394
f 1407 1407 1394
f 1396 1406 1396
f 1406 1188 1406
f 1396 1406 1396
f 1406 1406 1396
f 1394 1407 1394
f 1407 1396 1407
f 1394 1407 1394
f 1407 1407 1394
f 1396 1396 1407
f 1396 1396 1407
f 1407 1407 1394
f 1396 1407 1407
f 1108 1403 1170
f 1403 1395 1425
f 1170 1425 1127
f 1403 1425 1170
f 1395 1404 1428
f 1404 1394 1426
f 1428 1426 1400
f 1404 1426 1428
f 1127 1429 1171
f 1429 1400 1427
f 1171 1427 1114
f 1429 1427 1171
f 1395 1428 1425
f 1428 1400 1429
f 1425 1429 1127
f 1428 1429 1425
f 1394 1407 1432
f 1407 1396 1434
f 1432 1434 1401
f 1407 1434 1432
f 1396 1406 1430
f 1406 1188 1245
f 1430 1245 1204
f 1406 1245 1430
f 1401 1436 1433
f 1436 1204 1246
f 1433 1246 1192
f 1436 1246 1433
f 1396 1430 1434
f 1430 1204 1436
f 1434 1436 1401
f 1430 1436 1434
f 1114 1437 1174
f 1437 1402 1439
f 1174 1439 1128
f 1437 1439 1174
f 1402 1438 1441
f 1438 1192 1243
f 1441 1243 1203
f 1438 1243 1441
f 1128 1431 1173
f 1431 1203 1242
f 1173 1242 1109
f 1431 1242 1173
f 1402 1441 1439
f 1441 1203 1431
f 1439 1431 1128
f 1441 1431 1439
f 1394 1432 1426
f 1432 1401 1435
f 1426 1435 1400
f 1432 1435 1426
f 1401 1433 1442
f 1433 1192 1438
f 1442 1438 1402
f 1433 1438 1442
f 1400 1440 1427
f 1440 1402 1437
f 1427 1437 1114
f 1440 1437 1427
f 1401 1442 1435
f 1442 1402 1440
f 1435 1440 1400
f 1442 1440 1435
f 1108 1170 1170
f 1170 1127 1127
f 1170 1127 1127
f 1170 1127 1170
f 1127 1171 1171
f 1171 1114 1114
f 1171 1114 1114
f 1171 1114 1171
f 1127 1171 1171
f 1171 1114 1114
f 1171 1114 1114
f 1171 1114 1171
f 1127 1171 1127
f 1171 1114 1171
f 1127 1171 1127
f 1171 1171 1127
f 1114 1174 1174
f 1174 1128 1128
f 1174 1128 1128
f 1174 1128 1174
f 1128 1173 1173
f 1173 1109 1109
f 1173 1109 1109
f 1173 1109 1173
f 1128 1173 1173
f 1173 1109 1109
f 1173 1109 1109
f 1173 1109 1173
f 1128 1173 1128
f 1173 1109 1173
f 1128 1173 1128
f 1173 1173 1128
f 1114 1174 1174
f 1174 1128 1128
f 1174 1128 1128
f 1174 1128 1174
f 1128 1173 1173
f 1173 1109 1109
f 1173 1109 1109
f 1173 1109 1173
f 1128 1173 1173
f 1173 1109 1109
f 1173 1109 1109
f 1173 1109 1173
f 1128 1173 1128
f 1173 1109 1173
f 1128 1173 1128
f 1173 1173 1128
f 1114 1174 1114
f 1174 1128 1174
f 1114 1174 1114
f 1174 1174 1114
f 1128 1173 1128
f 1173 1109 1173
f 1128 1173 1128
f 1173 1173 1128
f 1114 1174 1114
f 1174 1128 1174
f 1114 1174 1114
f 1174 1174 1114
f 1128 1128 1174
f 1128 1128 1174
f 1174 1174 1114
f 1128 1174 1174
f 505 1491 1495
f 1491 1451 1497
f 1495 1497 1453
f 1491 1497 1495
f 1451 1492 1502
f 1492 1443 1500
f 1502 1500 1455
f 1492 1500 1502
f 1453 1503 1496
f 1503 1455 1501
f 1496 1501 1444
f 1503 1501 1496
f 1451 1502 1497
f 1502 1455 1503
f 1497 1503 1453
f 1502 1503 1497
f 1443 1494 1506
f 1494 1452 1508
f 1506 1508 1456
f 1494 1508 1506
f 1452 1493 1504
f 1493 1259 1348
f 1504 1348 1335
f 1493 1348 1504
f 1456 1510 1507
f 1510 1335 1349
f 1507 1349 1331
f 1510 1349 1507
f 1452 1504 1508
f 1504 1335 1510
f 1508 1510 1456
f 1504 1510 1508
f 1444 1511 1499
f 1511 1457 1513
f 1499 1513 1454
f 1511 1513 1499
f 1457 1512 1515
f 1512 1331 1347
f 1515 1347 1334
f 1512 1347 1515
f 1454 1505 1498
f 1505 1334 1346
f 1498 1346 1107
f 1505 1346 1498
f 1457 1515 1513
f 1515 1334 1505
f 1513 1505 1454
f 1515 1505 1513
f 1443 1506 1500
f 1506 1456 1509
f 1500 1509 1455
f 1506 1509 1500
f 1456 1507 1516
f 1507 1331 1512
f 1516 1512 1457
f 1507 1512 1516
f 1455 1514 1501
f 1514 1457 1511
f 1501 1511 1444
f 1514 1511 1501
f 1456 1516 1509
f 1516 1457 1514
f 1509 1514 1455
f 1516 1514 1509
f 505 1495 1495
f 1495 1453 1453
f 1495 1453 1453
f 1495 1453 1495
f 1453 1496 1496
f 1496 1444 1444
f 1496 1444 1444
f 1496 1444 1496
f 1453 1496 1496
f 1496 1444 1444
f 1496 1444 1444
f 1496 1444 1496
f 1453 1496 1453
f 1496 1444 1496
f 1453 1496 1453
f 1496 1496 1453
f 1444 1499 1499
f 1499 1454 1454
f 1499 1454 1454
f 1499 1454 1499
f 1454 1498 1498
f 1498 1107 1107
f 1498 1107 1107
f 1498 1107 1498
f 1454 1498 1498
f 1498 1107 1107
f 1498 1107 1107
f 1498 1107 1498
f 1454 1498 1454
f 1498 1107 1498
f 1454 1498 1454
f 1498 1498 1454
f 1444 1499 1499
f 1499 1454 1454
f 1499 1454 1454
f 1499 1454 1499
f 1454 1498 1498
f 1498 1107 1107
f 1498 1107 1107
f 1498 1107 1498
f 1454 1498 1498
f 1498 1107 1107
f 1498 1107 1107
f 1498 1107 1498
f 1454 1498 1454
f 1498 1107 1498
f 1454 1498 1454
f 1498 1498 1454
f 1444 1499 1444
f 1499 1454 1499
f 1444 1499 1444
f 1499 1499 1444
f 1454 1498 1454
f 1498 1107 1498
f 1454 1498 1454
f 1498 1498 1454
f 1444 1499 1444
f 1499 1454 1499
f 1444 1499 1444
f 1499 1499 1444
f 1454 1454 1499
f 1454 1454 1499
f 1499 1499 1444
f 1454 1499 1499
f 1106 1544 1131
f 1544 1464 1546
f 1131 1546 1115
f 1544 1546 1131
f 1464 1545 1554
f 1545 1446 1551
f 1554 1551 1466
f 1545 1551 1554
f 1115 1552 1132
f 1552 1466 1550
f 1132 1550 1110
f 1552 1550 1132
f 1464 1554 1546
f 1554 1466 1552
f 1546 1552 1115
f 1554 1552 1546
f 1446 1548 1556
f 1548 1465 1559
f 1556 1559 1467
f 1548 1559 1556
f 1465 1547 1549
f 1547 506 1526
f 1549 1526 1460
f 1547 1526 1549
f 1467 1557 1555
f 1557 1460 1527
f 1555 1527 1445
f 1557 1527 1555
f 1465 1549 1559
f 1549 1460 1557
f 1559 1557 1467
f 1549 1557 1559
f 1110 1534 1134
f 1534 1462 1536
f 1134 1536 1116
f 1534 1536 1134
f 1462 1535 1537
f 1535 1445 1523
f 1537 1523 1459
f 1535 1523 1537
f 1116 1525 1133
f 1525 1459 1522
f 1133 1522 1107
f 1525 1522 1133
f 1462 1537 1536
f 1537 1459 1525
f 1536 1525 1116
f 1537 1525 1536
f 1446 1556 1551
f 1556 1467 1560
f 1551 1560 1466
f 1556 1560 1551
f 1467 1555 1558
f 1555 1445 1535
f 1558 1535 1462
f 1555 1535 1558
f 1466 1553 1550
f 1553 1462 1534
f 1550 1534 1110
f 1553 1534 1550
f 1467 1558 1560
f 1558 1462 1553
f 1560 1553 1466
f 1558 1553 1560
f 1106 1131 1131
f 1131 1115 1115
f 1131 1115 1115
f 1131 1115 1131
f 1115 1132 1132
f 1132 1110 1110
f 1132 1110 1110
f 1132 1110 1132
f 1115 1132 1132
f 1132 1110 1110
f 1132 1110 1110
f 1132 1110 1132
f 1115 1132 1115
f 1132 1110 1132
f 1115 1132 1115
f 1132 1132 1115
f 1110 1134 1134
f 1134 1116 1116
f 1134 1116 1116
f 1134 1116 1134
f 1116 1133 1133
f 1133 1107 1107
f 1133 1107 1107
f 1133 1107 1133
f 1116 1133 1133
f 1133 1107 1107
f 1133 1107 1107
f 1133 1107 1133
f 1116 1133 1116
f 1133 1107 1133
f 1116 1133 1116
f 1133 1133 1116
f 1110 1134 1134
f 1134 1116 1116
f 1134 1116 1116
f 1134 1116 1134
f 1116 1133 1133
f 1133 1107 1107
f 1133 1107 1107
f 1133 1107 1133
f 1116 1133 1133
f 1133 1107 1107
f 1133 1107 1107
f 1133 1107 1133
f 1116 1133 1116
f 1133 1107 1133
f 1116 1133 1116
f 1133 1133 1116
f 1110 1134 1110
f 1134 1116 1134
f 1110 1134 1110
f 1134 1134 1110
f 1116 1133 1116
f 1133 1107 1133
f 1116 1133 1116
f 1133 1133 1116
f 1110 1134 1110
f 1134 1116 1134
f 1110 1134 1110
f 1134 1134 1110
f 1116 1116 1134
f 1116 1116 1134
f 1134 1134 1110
f 1116 1134 1134
f 1187 1281 1564
f 1281 1266 1571
f 1564 1571 1469
f 1281 1571 1564
f 1266 1282 1581
f 1282 1261 1578
f 1581 1578 1472
f 1282 1578 1581
f 1469 1579 1565
f 1579 1472 1577
f 1565 1577 1447
f 1579 1577 1565
f 1266 1581 1571
f 1581 1472 1579
f 1571 1579 1469
f 1581 1579 1571
f 1261 1280 1573
f 1280 1265 1576
f 1573 1576 1471
f 1280 1576 1573
f 1265 1279 1570
f 1279 1259 1493
f 1570 1493 1452
f 1279 1493 1570
f 1471 1574 1572
f 1574 1452 1494
f 1572 1494 1443
f 1574 1494 1572
f 1265 1570 1576
f 1570 1452 1574
f 1576 1574 1471
f 1570 1574 1576
f 1447 1567 1562
f 1567 1470 1569
f 1562 1569 1468
f 1567 1569 1562
f 1470 1566 1568
f 1566 1443 1492
f 1568 1492 1451
f 1566 1492 1568
f 1468 1563 1561
f 1563 1451 1491
f 1561 1491 505
f 1563 1491 1561
f 1470 1568 1569
f 1568 1451 1563
f 1569 1563 1468
f 1568 1563 1569
f 1261 1573 1578
f 1573 1471 1582
f 1578 1582 1472
f 1573 1582 1578
f 1471 1572 1575
f 1572 1443 1566
f 1575 1566 1470
f 1572 1566 1575
f 1472 1580 1577
f 1580 1470 1567
f 1577 1567 1447
f 1580 1567 1577
f 1471 1575 1582
f 1575 1470 1580
f 1582 1580 1472
f 1575 1580 1582
f 1187 1564 1564
f 1564 1469 1469
f 1564 1469 1469
f 1564 1469 1564
f 1469 1565 1565
f 1565 1447 1447
f 1565 1447 1447
f 1565 1447 1565
f 1469 1565 1565
f 1565 1447 1447
f 1565 1447 1447
f 1565 1447 1565
f 1469 1565 1469
f 1565 1447 1565
f 1469 1565 1469
f 1565 1565 1469
f 1447 1562 1562
f 1562 1468 1468
f 1562 1468 1468
f 1562 1468 1562
f 1468 1561 1561
f 1561 505 505
f 1561 505 505
f 1561 505 1561
f 1468 1561 1561
f 1561 505 505
f 1561 505 505
f 1561 505 1561
f 1468 1561 1468
f 1561 505 1561
f 1468 1561 1468
f 1561 1561 1468
f 1447 1562 1562
f 1562 1468 1468
f 1562 1468 1468
f 1562 1468 1562
f 1468 1561 1561
f 1561 505 505
f 1561 505 505
f 1561 505 1561
f 1468 1561 1561
f 1561 505 505
f 1561 505 505
f 1561 505 1561
f 1468 1561 1468
f 1561 505 1561
f 1468 1561 1468
f 1561 1561 1468
f 1447 1562 1447
f 1562 1468 1562
f 1447 1562 1447
f 1562 1562 1447
f 1468 1561 1468
f 1561 505 1561
f 1468 1561 1468
f 1561 1561 1468
f 1447 1562 1447
f 1562 1468 1562
f 1447 1562 1447
f 1562 1562 1447
f 1468 1468 1562
f 1468 1468 1562
f 1562 1562 1447
f 1468 1562 1562
f 229 1586 466
f 1586 1474 1654
f 466 1654 292
f 1586 1654 466
f 1474 1587 1658
f 1587 1448 1656
f 1658 1656 1489
f 1587 1656 1658
f 292 1660 467
f 1660 1489 1657
f 467 1657 245
f 1660 1657 467
f 1474 1658 1654
f 1658 1489 1660
f 1654 1660 292
f 1658 1660 1654
f 1448 1584 1620
f 1584 1473 1622
f 1620 1622 1482
f 1584 1622 1620
f 1473 1583 1613
f 1583 1106 1610
f 1613 1610 1479
f 1583 1610 1613
f 1482 1623 1621
f 1623 1479 1611
f 1621 1611 1449
f 1623 1611 1621
f 1473 1613 1622
f 1613 1479 1623
f 1622 1623 1482
f 1613 1623 1622
f 245 1662 470
f 1662 1490 1665
f 470 1665 293
f 1662 1665 470
f 1490 1661 1663
f 1661 1449 1615
f 1663 1615 1480
f 1661 1615 1663
f 293 1655 469
f 1655 1480 1614
f 469 1614 231
f 1655 1614 469
f 1490 1663 1665
f 1663 1480 1655
f 1665 1655 293
f 1663 1655 1665
f 1448 1620 1656
f 1620 1482 1659
f 1656 1659 1489
f 1620 1659 1656
f 1482 1621 1664
f 1621 1449 1661
f 1664 1661 1490
f 1621 1661 1664
f 1489 1666 1657
f 1666 1490 1662
f 1657 1662 245
f 1666 1662 1657
f 1482 1664 1659
f 1664 1490 1666
f 1659 1666 1489
f 1664 1666 1659
f 229 466 466
f 466 292 292
f 466 292 292
f 466 292 466
f 292 467 467
f 467 245 245
f 467 245 245
f 467 245 467
f 292 467 467
f 467 245 245
f 467 245 245
f 467 245 467
f 292 467 292
f 467 245 467
f 292 467 292
f 467 467 292
f 245 470 470
f 470 293 293
f 470 293 293
f 470 293 470
f 293 469 469
f 469 231 231
f 469 231 231
f 469 231 469
f 293 469 469
f 469 231 231
f 469 231 231
f 469 231 469
f 293 469 293
f 469 231 469
f 293 469 293
f 469 469 293
f 245 470 470
f 470 293 293
f 470 293 293
f 470 293 470
f 293 469 469
f 469 231 231
f 469 231 231
f 469 231 469
f 293 469 469
f 469 231 231
f 469 231 231
f 469 231 469
f 293 469 293
f 469 231 469
f 293 469 293
f 469 469 293
f 245 470 245
f 470 293 470
f 245 470 245
f 470 470 245
f 293 469 293
f 469 231 469
f 293 469 293
f 469 469 293
f 245 470 245
f 470 293 470
f 245 470 245
f 470 470 245
f 293 293 470
f 293 293 470
f 470 470 245
f 293 470 470
f 506 1547 784
f 1547 1465 1592
f 784 1592 753
f 1547 1592 784
f 1465 1548 1596
f 1548 1446 1594
f 1596 1594 1476
f 1548 1594 1596
f 753 1598 785
f 1598 1476 1595
f 785 1595 746
f 1598 1595 785
f 1465 1596 1592
f 1596 1476 1598
f 1592 1598 753
f 1596 1598 1592
f 1446 1545 1588
f 1545 1464 1590
f 1588 1590 1475
f 1545 1590 1588
f 1464 1544 1585
f 1544 1106 1583
f 1585 1583 1473
f 1544 1583 1585
f 1475 1591 1589
f 1591 1473 1584
f 1589 1584 1448
f 1591 1584 1589
f 1464 1585 1590
f 1585 1473 1591
f 1590 1591 1475
f 1585 1591 1590
f 746 1600 788
f 1600 1477 1603
f 788 1603 754
f 1600 1603 788
f 1477 1599 1601
f 1599 1448 1587
f 1601 1587 1474
f 1599 1587 1601
f 754 1593 787
f 1593 1474 1586
f 787 1586 229
f 1593 1586 787
f 1477 1601 1603
f 1601 1474 1593
f 1603 1593 754
f 1601 1593 1603
f 1446 1588 1594
f 1588 1475 1597
f 1594 1597 1476
f 1588 1597 1594
f 1475 1589 1602
f 1589 1448 1599
f 1602 1599 1477
f 1589 1599 1602
f 1476 1604 1595
f 1604 1477 1600
f 1595 1600 746
f 1604 1600 1595
f 1475 1602 1597
f 1602 1477 1604
f 1597 1604 1476
f 1602 1604 1597
f 506 784 784
f 784 753 753
f 784 753 753
f 784 753 784
f 753 785 785
f 785 746 746
f 785 746 746
f 785 746 785
f 753 785 785
f 785 746 746
f 785 746 746
f 785 746 785
f 753 785 753
f 785 746 785
f 753 785 753
f 785 785 753
f 746 788 788
f 788 754 754
f 788 754 754
f 788 754 788
f 754 787 787
f 787 229 229
f 787 229 229
f 787 229 787
f 754 787 787
f 787 229 229
f 787 229 229
f 787 229 787
f 754 787 754
f 787 229 787
f 754 787 754
f 787 787 754
f 746 788 788
f 788 754 754
f 788 754 754
f 788 754 788
f 754 787 787
f 787 229 229
f 787 229 229
f 787 229 787
f 754 787 787
f 787 229 229
f 787 229 229
f 787 229 787
f 754 787 754
f 787 229 787
f 754 787 754
f 787 787 754
f 746 788 746
f 788 754 788
f 746 788 746
f 788 788 746
f 754 787 754
f 787 229 787
f 754 787 754
f 787 787 754
f 746 788 746
f 788 754 788
f 746 788 746
f 788 788 746
f 754 754 788
f 754 754 788
f 788 788 746
f 754 788 788
f 505 626 1561
f 626 587 1605
f 1561 1605 1468
f 626 1605 1561
f 587 627 1609
f 627 578 1607
f 1609 1607 1478
f 627 1607 1609
f 1468 1608 1562
f 1608 1478 1606
f 1562 1606 1447
f 1608 1606 1562
f 587 1609 1605
f 1609 1478 1608
f 1605 1608 1468
f 1609 1608 1605
f 578 630 1642
f 630 588 1644
f 1642 1644 1487
f 630 1644 1642
f 588 629 1630
f 629 231 1628
f 1630 1628 1484
f 629 1628 1630
f 1487 1646 1643
f 1646 1484 1629
f 1643 1629 1450
f 1646 1629 1643
f 588 1630 1644
f 1630 1484 1646
f 1644 1646 1487
f 1630 1646 1644
f 1447 1632 1565
f 1632 1485 1634
f 1565 1634 1469
f 1632 1634 1565
f 1485 1633 1636
f 1633 1450 1625
f 1636 1625 1483
f 1633 1625 1636
f 1469 1626 1564
f 1626 1483 1624
f 1564 1624 1187
f 1626 1624 1564
f 1485 1636 1634
f 1636 1483 1626
f 1634 1626 1469
f 1636 1626 1634
f 578 1642 1607
f 1642 1487 1645
f 1607 1645 1478
f 1642 1645 1607
f 1487 1643 1647
f 1643 1450 1633
f 1647 1633 1485
f 1643 1633 1647
f 1478 1635 1606
f 1635 1485 1632
f 1606 1632 1447
f 1635 1632 1606
f 1487 1647 1645
f 1647 1485 1635
f 1645 1635 1478
f 1647 1635 1645
f 505 1561 1561
f 1561 1468 1468
f 1561 1468 1468
f 1561 1468 1561
f 1468 1562 1562
f 1562 1447 1447
f 1562 1447 1447
f 1562 1447 1562
f 1468 1562 1562
f 1562 1447 1447
f 1562 1447 1447
f 1562 1447 1562
f 1468 1562 1468
f 1562 1447 1562
f 1468 1562 1468
f 1562 1562 1468
f 1447 1565 1565
f 1565 1469 1469
f 1565 1469 1469
f 1565 1469 1565
f 1469 1564 1564
f 1564 1187 1187
f 1564 1187 1187
f 1564 1187 1564
f 1469 1564 1564
f 1564 1187 1187
f 1564 1187 1187
f 1564 1187 1564
f 1469 1564 1469
f 1564 1187 1564
f 1469 1564 1469
f 1564 1564 1469
f 1447 1565 1565
f 1565 1469 1469
f 1565 1469 1469
f 1565 1469 1565
f 1469 1564 1564
f 1564 1187 1187
f 1564 1187 1187
f 1564 1187 1564
f 1469 1564 1564
f 1564 1187 1187
f 1564 1187 1187
f 1564 1187 1564
f 1469 1564 1469
f 1564 1187 1564
f 1469 1564 1469
f 1564 1564 1469
f 1447 1565 1447
f 1565 1469 1565
f 1447 1565 1447
f 1565 1565 1447
f 1469 1564 1469
f 1564 1187 1564
f 1469 1564 1469
f 1564 1564 1469
f 1447 1565 1447
f 1565 1469 1565
f 1447 1565 1447
f 1565 1565 1447
f 1469 1469 1565
f 1469 1469 1565
f 1565 1565 1447
f 1469 1565 1565
f 505 1495 560
f 1495 1453 1517
f 560 1517 521
f 1495 1517 560
f 1453 1496 1520
f 1496 1444 1518
f 1520 1518 1458
f 1496 1518 1520
f 521 1521 561
f 1521 1458 1519
f 561 1519 510
f 1521 1519 561
f 1453 1520 1517
f 1520 1458 1521
f 1517 1521 521
f 1520 1521 1517
f 1444 1499 1529
f 1499 1454 1531
f 1529 1531 1461
f 1499 1531 1529
f 1454 1498 1524
f 1498 1107 1522
f 1524 1522 1459
f 1498 1522 1524
f 1461 1533 1530
f 1533 1459 1523
f 1530 1523 1445
f 1533 1523 1530
f 1454 1524 1531
f 1524 1459 1533
f 1531 1533 1461
f 1524 1533 1531
f 510 1538 564
f 1538 1463 1540
f 564 1540 522
f 1538 1540 564
f 1463 1539 1542
f 1539 1445 1527
f 1542 1527 1460
f 1539 1527 1542
f 522 1528 563
f 1528 1460 1526
f 563 1526 506
f 1528 1526 563
f 1463 1542 1540
f 1542 1460 1528
f 1540 1528 522
f 1542 1528 1540
f 1444 1529 1518
f 1529 1461 1532
f 1518 1532 1458
f 1529 1532 1518
f 1461 1530 1543
f 1530 1445 1539
f 1543 1539 1463
f 1530 1539 1543
f 1458 1541 1519
f 1541 1463 1538
f 1519 1538 510
f 1541 1538 1519
f 1461 1543 1532
f 1543 1463 1541
f 1532 1541 1458
f 1543 1541 1532
f 505 560 560
f 560 521 521
f 560 521 521
f 560 521 560
f 521 561 561
f 561 510 510
f 561 510 510
f 561 510 561
f 521 561 561
f 561 510 510
f 561 510 510
f 561 510 561
f 521 561 521
f 561 510 561
f 521 561 521
f 561 561 521
f 510 564 564
f 564 522 522
f 564 522 522
f 564 522 564
f 522 563 563
f 563 506 506
f 563 506 506
f 563 506 563
f 522 563 563
f 563 506 506
f 563 506 506
f 563 506 563
f 522 563 522
f 563 506 563
f 522 563 522
f 563 563 522
f 510 564 564
f 564 522 522
f 564 522 522
f 564 522 564
f 522 563 563
f 563 506 506
f 563 506 506
f 563 506 563
f 522 563 563
f 563 506 506
f 563 506 506
f 563 506 563
f 522 563 522
f 563 506 563
f 522 563 522
f 563 563 522
f 510 564 510
f 564 522 564
f 510 564 510
f 564 564 510
f 522 563 522
f 563 506 563
f 522 563 522
f 563 563 522
f 510 564 510
f 564 522 564
f 510 564 510
f 564 564 510
f 522 522 564
f 522 522 564
f 564 564 510
f 522 564 564
f 1106 1209 1610
f 1209 1194 1612
f 1610 1612 1479
f 1209 1612 1610
f 1194 1210 1618
f 1210 1189 1616
f 1618 1616 1481
f 1210 1616 1618
f 1479 1619 1611
f 1619 1481 1617
f 1611 1617 1449
f 1619 1617 1611
f 1194 1618 1612
f 1618 1481 1619
f 1612 1619 1479
f 1618 1619 1612
f 1189 1208 1637
f 1208 1193 1639
f 1637 1639 1486
f 1208 1639 1637
f 1193 1207 1627
f 1207 1187 1624
f 1627 1624 1483
f 1207 1624 1627
f 1486 1641 1638
f 1641 1483 1625
f 1638 1625 1450
f 1641 1625 1638
f 1193 1627 1639
f 1627 1483 1641
f 1639 1641 1486
f 1627 1641 1639
f 1449 1648 1615
f 1648 1488 1650
f 1615 1650 1480
f 1648 1650 1615
f 1488 1649 1652
f 1649 1450 1629
f 1652 1629 1484
f 1649 1629 1652
f 1480 1631 1614
f 1631 1484 1628
f 1614 1628 231
f 1631 1628 1614
f 1488 1652 1650
f 1652 1484 1631
f 1650 1631 1480
f 1652 1631 1650
f 1189 1637 1616
f 1637 1486 1640
f 1616 1640 1481
f 1637 1640 1616
f 1486 1638 1653
f 1638 1450 1649
f 1653 1649 1488
f 1638 1649 1653
f 1481 1651 1617
f 1651 1488 1648
f 1617 1648 1449
f 1651 1648 1617
f 1486 1653 1640
f 1653 1488 1651
f 1640 1651 1481
f 1653 1651 1640
f 1106 1610 1610
f 1610 1479 1479
f 1610 1479 1479
f 1610 1479 1610
f 1479 1611 1611
f 1611 1449 1449
f 1611 1449 1449
f 1611 1449 1611
f 1479 1611 1611
f 1611 1449 1449
f 1611 1449 1449
f 1611 1449 1611
f 1479 1611 1479
f 1611 1449 1611
f 1479 1611 1479
f 1611 1611 1479
f 1449 1615 1615
f 1615 1480 1480
f 1615 1480 1480
f 1615 1480 1615
f 1480 1614 1614
f 1614 231 231
f 1614 231 231
f 1614 231 1614
f 1480 1614 1614
f 1614 231 231
f 1614 231 231
f 1614 231 1614
f 1480 1614 1480
f 1614 231 1614
f 1480 1614 1480
f 1614 1614 1480
f 1449 1615 1615
f 1615 1480 1480
f 1615 1480 1480
f 1615 1480 1615
f 1480 1614 1614
f 1614 231 231
f 1614 231 231
f 1614 231 1614
f 1480 1614 1614
f 1614 231 231
f 1614 231 231
f 1614 231 1614
f 1480 1614 1480
f 1614 231 1614
f 1480 1614 1480
f 1614 1614 1480
f 1449 1615 1449
f 1615 1480 1615
f 1449 1615 1449
f 1615 1615 1449
f 1480 1614 1480
f 1614 231 1614
f 1480 1614 1480
f 1614 1614 1480
f 1449 1615 1449
f 1615 1480 1615
f 1449 1615 1449
f 1615 1615 1449
f 1480 1480 1615
f 1480 1480 1615
f 1615 1615 1449
f 1480 1615 1615
f 1667 1692 1696
f 1692 1676 1698
f 1696 1698 1678
f 1692 1698 1696
f 1676 1693 1703
f 1693 1671 1701
f 1703 1701 1680
f 1693 1701 1703
f 1678 1704 1697
f 1704 1680 1702
f 1697 1702 1672
f 1704 1702 1697
f 1676 1703 1698
f 1703 1680 1704
f 1698 1704 1678
f 1703 1704 1698
f 1671 1695 1711
f 1695 1677 1713
f 1711 1713 1683
f 1695 1713 1711
f 1677 1694 1707
f 1694 1668 1705
f 1707 1705 1681
f 1694 1705 1707
f 1683 1715 1712
f 1715 1681 1706
f 1712 1706 1673
f 1715 1706 1712
f 1677 1707 1713
f 1707 1681 1715
f 1713 1715 1683
f 1707 1715 1713
f 1672 1716 1700
f 1716 1684 1718
f 1700 1718 1679
f 1716 1718 1700
f 1684 1717 1720
f 1717 1673 1709
f 1720 1709 1682
f 1717 1709 1720
f 1679 1710 1699
f 1710 1682 1708
f 1699 1708 1669
f 1710 1708 1699
f 1684 1720 1718
f 1720 1682 1710
f 1718 1710 1679
f 1720 1710 1718
f 1671 1711 1701
f 1711 1683 1714
f 1701 1714 1680
f 1711 1714 1701
f 1683 1712 1721
f 1712 1673 1717
f 1721 1717 1684
f 1712 1717 1721
f 1680 1719 1702
f 1719 1684 1716
f 1702 1716 1672
f 1719 1716 1702
f 1683 1721 1714
f 1721 1684 1719
f 1714 1719 1680
f 1721 1719 1714
f 1667 1696 1696
f 1696 1678 1678
f 1696 1678 1678
f 1696 1678 1696
f 1678 1697 1697
f 1697 1672 1672
f 1697 1672 1672
f 1697 1672 1697
f 1678 1697 1697
f 1697 1672 1672
f 1697 1672 1672
f 1697 1672 1697
f 1678 1697 1678
f 1697 1672 1697
f 1678 1697 1678
f 1697 1697 1678
f 1672 1700 1700
f 1700 1679 1679
f 1700 1679 1679
f 1700 1679 1700
f 1679 1699 1699
f 1699 1669 1669
f 1699 1669 1669
f 1699 1669 1699
f 1679 1699 1699
f 1699 1669 1669
f 1699 1669 1669
f 1699 1669 1699
f 1679 1699 1679
f 1699 1669 1699
f 1679 1699 1679
f 1699 1699 1679
f 1672 1700 1700
f 1700 1679 1679
f 1700 1679 1679
f 1700 1679 1700
f 1679 1699 1699
f 1699 1669 1669
f 1699 1669 1669
f 1699 1669 1699
f 1679 1699 1699
f 1699 1669 1669
f 1699 1669 1669
f 1699 1669 1699
f 1679 1699 1679
f 1699 1669 1699
f 1679 1699 1679
f 1699 1699 1679
f 1672 1700 1672
f 1700 1679 1700
f 1672 1700 1672
f 1700 1700 1672
f 1679 1699 1679
f 1699 1669 1699
f 1679 1699 1679
f 1699 1699 1679
f 1672 1700 1672
f 1700 1679 1700
f 1672 1700 1672
f 1700 1700 1672
f 1679 1679 1700
f 1679 1679 1700
f 1700 1700 1672
f 1679 1700 1700
f 1667 1696 1722
f 1696 1678 1724
f 1722 1724 1685
f 1696 1724 1722
f 1678 1697 1729
f 1697 1672 1727
f 1729 1727 1687
f 1697 1727 1729
f 1685 1730 1723
f 1730 1687 1728
f 1723 1728 1674
f 1730 1728 1723
f 1678 1729 1724
f 1729 1687 1730
f 1724 1730 1685
f 1729 1730 1724
f 1672 1700 1737
f 1700 1679 1739
f 1737 1739 1690
f 1700 1739 1737
f 1679 1699 1733
f 1699 1669 1731
f 1733 1731 1688
f 1699 1731 1733
f 1690 1741 1738
f 1741 1688 1732
f 1738 1732 1675
f 1741 1732 1738
f 1679 1733 1739
f 1733 1688 1741
f 1739 1741 1690
f 1733 1741 1739
f 1674 1742 1726
f 1742 1691 1744
f 1726 1744 1686
f 1742 1744 1726
f 1691 1743 1746
f 1743 1675 1735
f 1746 1735 1689
f 1743 1735 1746
f 1686 1736 1725
f 1736 1689 1734
f 1725 1734 1670
f 1736 1734 1725
f 1691 1746 1744
f 1746 1689 1736
f 1744 1736 1686
f 1746 1736 1744
f 1672 1737 1727
f 1737 1690 1740
f 1727 1740 1687
f 1737 1740 1727
f 1690 1738 1747
f 1738 1675 1743
f 1747 1743 1691
f 1738 1743 1747
f 1687 1745 1728
f 1745 1691 1742
f 1728 1742 1674
f 1745 1742 1728
f 1690 1747 1740
f 1747 1691 1745
f 1740 1745 1687
f 1747 1745 1740
f 1667 1722 1722
f 1722 1685 1685
f 1722 1685 1685
f 1722 1685 1722
f 1685 1723 1723
f 1723 1674 1674
f 1723 1674 1674
f 1723 1674 1723
f 1685 1723 1723
f 1723 1674 1674
f 1723 1674 1674
f 1723 1674 1723
f 1685 1723 1685
f 1723 1674 1723
f 1685 1723 1685
f 1723 1723 1685
f 1674 1726 1726
f 1726 1686 1686
f 1726 1686 1686
f 1726 1686 1726
f 1686 1725 1725
f 1725 1670 1670
f 1725 1670 1670
f 1725 1670 1725
f 1686 1725 1725
f 1725 1670 1670
f 1725 1670 1670
f 1725 1670 1725
f 1686 1725 1686
f 1725 1670 1725
f 1686 1725 1686
f 1725 1725 1686
f 1674 1726 1726
f 1726 1686 1686
f 1726 1686 1686
f 1726 1686 1726
f 1686 1725 1725
f 1725 1670 1670
f 1725 1670 1670
f 1725 1670 1725
f 1686 1725 1725
f 1725 1670 1670
f 1725 1670 1670
f 1725 1670 1725
f 1686 1725 1686
f 1725 1670 1725
f 1686 1725 1686
f 1725 1725 1686
f 1674 1726 1674
f 1726 1686 1726
f 1674 1726 1674
f 1726 1726 1674
f 1686 1725 1686
f 1725 1670 1725
f 1686 1725 1686
f 1725 1725 1686
f 1674 1726 1674
f 1726 1686 1726
f 1674 1726 1674
f 1726 1726 1674
f 1686 1686 1726
f 1686 1686 1726
f 1726 1726 1674
f 1686 1726 1726
f 1748 1773 1777
f 1773 1757 1779
f 1777 1779 1759
f 1773 1779 1777
f 1757 1774 1784
f 1774 1752 1782
f 1784 1782 1761
f 1774 1782 1784
f 1759 1785 1778
f 1785 1761 1783
f 1778 1783 1753
f 1785 1783 1778
f 1757 1784 1779
f 1784 1761 1785
f 1779 1785 1759
f 1784 1785 1779
f 1752 1776 1792
f 1776 1758 1794
f 1792 1794 1764
f 1776 1794 1792
f 1758 1775 1788
f 1775 1749 1786
f 1788 1786 1762
f 1775 1786 1788
f 1764 1796 1793
f 1796 1762 1787
f 1793 1787 1754
f 1796 1787 1793
f 1758 1788 1794
f 1788 1762 1796
f 1794 1796 1764
f 1788 1796 1794
f 1753 1797 1781
f 1797 1765 1799
f 1781 1799 1760
f 1797 1799 1781
f 1765 1798 1801
f 1798 1754 1790
f 1801 1790 1763
f 1798 1790 1801
f 1760 1791 1780
f 1791 1763 1789
f 1780 1789 1750
f 1791 1789 1780
f 1765 1801 1799
f 1801 1763 1791
f 1799 1791 1760
f 1801 1791 1799
f 1752 1792 1782
f 1792 1764 1795
f 1782 1795 1761
f 1792 1795 1782
f 1764 1793 1802
f 1793 1754 1798
f 1802 1798 1765
f 1793 1798 1802
f 1761 1800 1783
f 1800 1765 1797
f 1783 1797 1753
f 1800 1797 1783
f 1764 1802 1795
f 1802 1765 1800
f 1795 1800 1761
f 1802 1800 1795
f 1748 1777 1777
f 1777 1759 1759
f 1777 1759 1759
f 1777 1759 1777
f 1759 1778 1778
f 1778 1753 1753
f 1778 1753 1753
f 1778 1753 1778
f 1759 1778 1778
f 1778 1753 1753
f 1778 1753 1753
f 1778 1753 1778
f 1759 1778 1759
f 1778 1753 1778
f 1759 1778 1759
f 1778 1778 1759
f 1753 1781 1781
f 1781 1760 1760
f 1781 1760 1760
f 1781 1760 1781
f 1760 1780 1780
f 1780 1750 1750
f 1780 1750 1750
f 1780 1750 1780
f 1760 1780 1780
f 1780 1750 1750
f 1780 1750 1750
f 1780 1750 1780
f 1760 1780 1760
f 1780 1750 1780
f 1760 1780 1760
f 1780 1780 1760
f 1753 1781 1781
f 1781 1760 1760
f 1781 1760 1760
f 1781 1760 1781
f 1760 1780 1780
f 1780 1750 1750
f 1780 1750 1750
f 1780 1750 1780
f 1760 1780 1780
f 1780 1750 1750
f 1780 1750 1750
f 1780 1750 1780
f 1760 1780 1760
f 1780 1750 1780
f 1760 1780 1760
f 1780 1780 1760
f 1753 1781 1753
f 1781 1760 1781
f 1753 1781 1753
f 1781 1781 1753
f 1760 1780 1760
f 1780 1750 1780
f 1760 1780 1760
f 1780 1780 1760
f 1753 1781 1753
f 1781 1760 1781
f 1753 1781 1753
f 1781 1781 1753
f 1760 1760 1781
f 1760 1760 1781
f 1781 1781 1753
f 1760 1781 1781
f 1748 1777 1803
f 1777 1759 1805
f 1803 1805 1766
f 1777 1805 1803
f 1759 1778 1810
f 1778 1753 1808
f 1810 1808 1768
f 1778 1808 1810
f 1766 1811 1804
f 1811 1768 1809
f 1804 1809 1755
f 1811 1809 1804
f 1759 1810 1805
f 1810 1768 1811
f 1805 1811 1766
f 1810 1811 1805
f 1753 1781 1818
f 1781 1760 1820
f 1818 1820 1771
f 1781 1820 1818
f 1760 1780 1814
f 1780 1750 1812
f 1814 1812 1769
f 1780 1812 1814
f 1771 1822 1819
f 1822 1769 1813
f 1819 1813 1756
f 1822 1813 1819
f 1760 1814 1820
f 1814 1769 1822
f 1820 1822 1771
f 1814 1822 1820
f 1755 1823 1807
f 1823 1772 1825
f 1807 1825 1767
f 1823 1825 1807
f 1772 1824 1827
f 1824 1756 1816
f 1827 1816 1770
f 1824 1816 1827
f 1767 1817 1806
f 1817 1770 1815
f 1806 1815 1751
f 1817 1815 1806
f 1772 1827 1825
f 1827 1770 1817
f 1825 1817 1767
f 1827 1817 1825
f 1753 1818 1808
f 1818 1771 1821
f 1808 1821 1768
f 1818 1821 1808
f 1771 1819 1828
f 1819 1756 1824
f 1828 1824 1772
f 1819 1824 1828
f 1768 1826 1809
f 1826 1772 1823
f 1809 1823 1755
f 1826 1823 1809
f 1771 1828 1821
f 1828 1772 1826
f 1821 1826 1768
f 1828 1826 1821
f 1748 1803 1803
f 1803 1766 1766
f 1803 1766 1766
f 1803 1766 1803
f 1766 1804 1804
f 1804 1755 1755
f 1804 1755 1755
f 1804 1755 1804
f 1766 1804 1804
f 1804 1755 1755
f 1804 1755 1755
f 1804 1755 1804
f 1766 1804 1766
f 1804 1755 1804
f 1766 1804 1766
f 1804 1804 1766
f 1755 1807 1807
f 1807 1767 1767
f 1807 1767 1767
f 1807 1767 1807
f 1767 1806 1806
f 1806 1751 1751
f 1806 1751 1751
f 1806 1751 1806
f 1767 1806 1806
f 1806 1751 1751
f 1806 1751 1751
f 1806 1751 1806
f 1767 1806 1767
f 1806 1751 1806
f 1767 1806 1767
f 1806 1806 1767
f 1755 1807 1807
f 1807 1767 1767
f 1807 1767 1767
f 1807 1767 1807
f 1767 1806 1806
f 1806 1751 1751
f 1806 1751 1751
f 1806 1751 1806
f 1767 1806 1806
f 1806 1751 1751
f 1806 1751 1751
f 1806 1751 1806
f 1767 1806 1767
f 1806 1751 1806
f 1767 1806 1767
f 1806 1806 1767
f 1755 1807 1755
f 1807 1767 1807
f 1755 1807 1755
f 1807 1807 1755
f 1767 1806 1767
f 1806 1751 1806
f 1767 1806 1767
f 1806 1806 1767
f 1755 1807 1755
f 1807 1767 1807
f 1755 1807 1755
f 1807 1807 1755
f 1767 1767 1807
f 1767 1767 1807
f 1807 1807 1755
f 1767 1807 1807
f 1829 1849 1853
f 1849 1835 1855
f 1853 1855 1837
f 1849 1855 1853
f 1835 1850 1860
f 1850 1831 1858
f 1860 1858 1839
f 1850 1858 1860
f 1837 1861 1854
f 1861 1839 1859
f 1854 1859 1832
f 1861 1859 1854
f 1835 1860 1855
f 1860 1839 1861
f 1855 1861 1837
f 1860 1861 1855
f 1831 1852 1864
f 1852 1836 1866
f 1864 1866 1840
f 1852 1866 1864
f 1836 1851 1862
f 1851 1751 1815
f 1862 1815 1770
f 1851 1815 1862
f 1840 1868 1865
f 1868 1770 1816
f 1865 1816 1756
f 1868 1816 1865
f 1836 1862 1866
f 1862 1770 1868
f 1866 1868 1840
f 1862 1868 1866
f 1832 1869 1857
f 1869 1841 1871
f 1857 1871 1838
f 1869 1871 1857
f 1841 1870 1873
f 1870 1756 1813
f 1873 1813 1769
f 1870 1813 1873
f 1838 1863 1856
f 1863 1769 1812
f 1856 1812 1750
f 1863 1812 1856
f 1841 1873 1871
f 1873 1769 1863
f 1871 1863 1838
f 1873 1863 1871
f 1831 1864 1858
f 1864 1840 1867
f 1858 1867 1839
f 1864 1867 1858
f 1840 1865 1874
f 1865 1756 1870
f 1874 1870 1841
f 1865 1870 1874
f 1839 1872 1859
f 1872 1841 1869
f 1859 1869 1832
f 1872 1869 1859
f 1840 1874 1867
f 1874 1841 1872
f 1867 1872 1839
f 1874 1872 1867
f 1829 1853 1853
f 1853 1837 1837
f 1853 1837 1837
f 1853 1837 1853
f 1837 1854 1854
f 1854 1832 1832
f 1854 1832 1832
f 1854 1832 1854
f 1837 1854 1854
f 1854 1832 1832
f 1854 1832 1832
f 1854 1832 1854
f 1837 1854 1837
f 1854 1832 1854
f 1837 1854 1837
f 1854 1854 1837
f 1832 1857 1857
f 1857 1838 1838
f 1857 1838 1838
f 1857 1838 1857
f 1838 1856 1856
f 1856 1750 1750
f 1856 1750 1750
f 1856 1750 1856
f 1838 1856 1856
f 1856 1750 1750
f 1856 1750 1750
f 1856 1750 1856
f 1838 1856 1838
f 1856 1750 1856
f 1838 1856 1838
f 1856 1856 1838
f 1832 1857 1857
f 1857 1838 1838
f 1857 1838 1838
f 1857 1838 1857
f 1838 1856 1856
f 1856 1750 1750
f 1856 1750 1750
f 1856 1750 1856
f 1838 1856 1856
f 1856 1750 1750
f 1856 1750 1750
f 1856 1750 1856
f 1838 1856 1838
f 1856 1750 1856
f 1838 1856 1838
f 1856 1856 1838
f 1832 1857 1832
f 1857 1838 1857
f 1832 1857 1832
f 1857 1857 1832
f 1838 1856 1838
f 1856 1750 1856
f 1838 1856 1838
f 1856 1856 1838
f 1832 1857 1832
f 1857 1838 1857
f 1832 1857 1832
f 1857 1857 1832
f 1838 1838 1857
f 1838 1838 1857
f 1857 1857 1832
f 1838 1857 1857
f 1829 1853 1875
f 1853 1837 1877
f 1875 1877 1842
f 1853 1877 1875
f 1837 1854 1882
f 1854 1832 1880
f 1882 1880 1844
f 1854 1880 1882
f 1842 1883 1876
f 1883 1844 1881
f 1876 1881 1833
f 1883 1881 1876
f 1837 1882 1877
f 1882 1844 1883
f 1877 1883 1842
f 1882 1883 1877
f 1832 1857 1890
f 1857 1838 1892
f 1890 1892 1847
f 1857 1892 1890
f 1838 1856 1886
f 1856 1750 1884
f 1886 1884 1845
f 1856 1884 1886
f 1847 1894 1891
f 1894 1845 1885
f 1891 1885 1834
f 1894 1885 1891
f 1838 1886 1892
f 1886 1845 1894
f 1892 1894 1847
f 1886 1894 1892
f 1833 1895 1879
f 1895 1848 1897
f 1879 1897 1843
f 1895 1897 1879
f 1848 1896 1899
f 1896 1834 1888
f 1899 1888 1846
f 1896 1888 1899
f 1843 1889 1878
f 1889 1846 1887
f 1878 1887 1830
f 1889 1887 1878
f 1848 1899 1897
f 1899 1846 1889
f 1897 1889 1843
f 1899 1889 1897
f 1832 1890 1880
f 1890 1847 1893
f 1880 1893 1844
f 1890 1893 1880
f 1847 1891 1900
f 1891 1834 1896
f 1900 1896 1848
f 1891 1896 1900
f 1844 1898 1881
f 1898 1848 1895
f 1881 1895 1833
f 1898 1895 1881
f 1847 1900 1893
f 1900 1848 1898
f 1893 1898 1844
f 1900 1898 1893
f 1829 1875 1875
f 1875 1842 1842
f 1875 1842 1842
f 1875 1842 1875
f 1842 1876 1876
f 1876 1833 1833
f 1876 1833 1833
f 1876 1833 1876
f 1842 1876 1876
f 1876 1833 1833
f 1876 1833 1833
f 1876 1833 1876
f 1842 1876 1842
f 1876 1833 1876
f 1842 1876 1842
f 1876 1876 1842
f 1833 1879 1879
f 1879 1843 1843
f 1879 1843 1843
f 1879 1843 1879
f 1843 1878 1878
f 1878 1830 1830
f 1878 1830 1830
f 1878 1830 1878
f 1843 1878 1878
f 1878 1830 1830
f 1878 1830 1830
f 1878 1830 1878
f 1843 1878 1843
f 1878 1830 1878
f 1843 1878 1843
f 1878 1878 1843
f 1833 1879 1879
f 1879 1843 1843
f 1879 1843 1843
f 1879 1843 1879
f 1843 1878 1878
f 1878 1830 1830
f 1878 1830 1830
f 1878 1830 1878
f 1843 1878 1878
f 1878 1830 1830
f 1878 1830 1830
f 1878 1830 1878
f 1843 1878 1843
f 1878 1830 1878
f 1843 1878 1843
f 1878 1878 1843
f 1833 1879 1833
f 1879 1843 1879
f 1833 1879 1833
f 1879 1879 1833
f 1843 1878 1843
f 1878 1830 1878
f 1843 1878 1843
f 1878 1878 1843
f 1833 1879 1833
f 1879 1843 1879
f 1833 1879 1833
f 1879 1879 1833
f 1843 1843 1879
f 1843 1843 1879
f 1879 1879 1833
f 1843 1879 1879
f 1901 1926 1930
f 1926 1910 1932
f 1930 1932 1912
f 1926 1932 1930
f 1910 1927 1937
f 1927 1905 1935
f 1937 1935 1914
f 1927 1935 1937
f 1912 1938 1931
f 1938 1914 1936
f 1931 1936 1906
f 1938 1936 1931
f 1910 1937 1932
f 1937 1914 1938
f 1932 1938 1912
f 1937 1938 1932
f 1905 1929 1945
f 1929 1911 1947
f 1945 1947 1917
f 1929 1947 1945
f 1911 1928 1941
f 1928 1902 1939
f 1941 1939 1915
f 1928 1939 1941
f 1917 1949 1946
f 1949 1915 1940
f 1946 1940 1907
f 1949 1940 1946
f 1911 1941 1947
f 1941 1915 1949
f 1947 1949 1917
f 1941 1949 1947
f 1906 1950 1934
f 1950 1918 1952
f 1934 1952 1913
f 1950 1952 1934
f 1918 1951 1954
f 1951 1907 1943
f 1954 1943 1916
f 1951 1943 1954
f 1913 1944 1933
f 1944 1916 1942
f 1933 1942 1903
f 1944 1942 1933
f 1918 1954 1952
f 1954 1916 1944
f 1952 1944 1913
f 1954 1944 1952
f 1905 1945 1935
f 1945 1917 1948
f 1935 1948 1914
f 1945 1948 1935
f 1917 1946 1955
f 1946 1907 1951
f 1955 1951 1918
f 1946 1951 1955
f 1914 1953 1936
f 1953 1918 1950
f 1936 1950 1906
f 1953 1950 1936
f 1917 1955 1948
f 1955 1918 1953
f 1948 1953 1914
f 1955 1953 1948
f 1901 1930 1930
f 1930 1912 1912
f 1930 1912 1912
f 1930 1912 1930
f 1912 1931 1931
f 1931 1906 1906
f 1931 1906 1906
f 1931 1906 1931
f 1912 1931 1931
f 1931 1906 1906
f 1931 1906 1906
f 1931 1906 1931
f 1912 1931 1912
f 1931 1906 1931
f 1912 1931 1912
f 1931 1931 1912
f 1906 1934 1934
f 1934 1913 1913
f 1934 1913 1913
f 1934 1913 1934
f 1913 1933 1933
f 1933 1903 1903
f 1933 1903 1903
f 1933 1903 1933
f 1913 1933 1933
f 1933 1903 1903
f 1933 1903 1903
f 1933 1903 1933
f 1913 1933 1913
f 1933 1903 1933
f 1913 1933 1913
f 1933 1933 1913
f 1906 1934 1934
f 1934 1913 1913
f 1934 1913 1913
f 1934 1913 1934
f 1913 1933 1933
f 1933 1903 1903
f 1933 1903 1903
f 1933 1903 1933
f 1913 1933 1933
f 1933 1903 1903
f 1933 1903 1903
f 1933 1903 1933
f 1913 1933 1913
f 1933 1903 1933
f 1913 1933 1913
f 1933 1933 1913
f 1906 1934 1906
f 1934 1913 1934
f 1906 1934 1906
f 1934 1934 1906
f 1913 1933 1913
f 1933 1903 1933
f 1913 1933 1913
f 1933 1933 1913
f 1906 1934 1906
f 1934 1913 1934
f 1906 1934 1906
f 1934 1934 1906
f 1913 1913 1934
f 1913 1913 1934
f 1934 1934 1906
f 1913 1934 1934
f 1901 1930 1956
f 1930 1912 1958
f 1956 1958 1919
f 1930 1958 1956
f 1912 1931 1963
f 1931 1906 1961
f 1963 1961 1921
f 1931 1961 1963
f 1919 1964 1957
f 1964 1921 1962
f 1957 1962 1908
f 1964 1962 1957
f 1912 1963 1958
f 1963 1921 1964
f 1958 1964 1919
f 1963 1964 1958
f 1906 1934 1971
f 1934 1913 1973
f 1971 1973 1924
f 1934 1973 1971
f 1913 1933 1967
f 1933 1903 1965
f 1967 1965 1922
f 1933 1965 1967
f 1924 1975 1972
f 1975 1922 1966
f 1972 1966 1909
f 1975 1966 1972
f 1913 1967 1973
f 1967 1922 1975
f 1973 1975 1924
f 1967 1975 1973
f 1908 1976 1960
f 1976 1925 1978
f 1960 1978 1920
f 1976 1978 1960
f 1925 1977 1980
f 1977 1909 1969
f 1980 1969 1923
f 1977 1969 1980
f 1920 1970 1959
f 1970 1923 1968
f 1959 1968 1904
f 1970 1968 1959
f 1925 1980 1978
f 1980 1923 1970
f 1978 1970 1920
f 1980 1970 1978
f 1906 1971 1961
f 1971 1924 1974
f 1961 1974 1921
f 1971 1974 1961
f 1924 1972 1981
f 1972 1909 1977
f 1981 1977 1925
f 1972 1977 1981
f 1921 1979 1962
f 1979 1925 1976
f 1962 1976 1908
f 1979 1976 1962
f 1924 1981 1974
f 1981 1925 1979
f 1974 1979 1921
f 1981 1979 1974
f 1901 1956 1956
f 1956 1919 1919
f 1956 1919 1919
f 1956 1919 1956
f 1919 1957 1957
f 1957 1908 1908
f 1957 1908 1908
f 1957 1908 1957
f 1919 1957 1957
f 1957 1908 1908
f 1957 1908 1908
f 1957 1908 1957
f 1919 1957 1919
f 1957 1908 1957
f 1919 1957 1919
f 1957 1957 1919
f 1908 1960 1960
f 1960 1920 1920
f 1960 1920 1920
f 1960 1920 1960
f 1920 1959 1959
f 1959 1904 1904
f 1959 1904 1904
f 1959 1904 1959
f 1920 1959 1959
f 1959 1904 1904
f 1959 1904 1904
f 1959 1904 1959
f 1920 1959 1920
f 1959 1904 1959
f 1920 1959 1920
f 1959 1959 1920
f 1908 1960 1960
f 1960 1920 1920
f 1960 1920 1920
f 1960 1920 1960
f 1920 1959 1959
f 1959 1904 1904
f 1959 1904 1904
f 1959 1904 1959
f 1920 1959 1959
f 1959 1904 1904
f 1959 1904 1904
f 1959 1904 1959
f 1920 1959 1920
f 1959 1904 1959
f 1920 1959 1920
f 1959 1959 1920
f 1908 1960 1908
f 1960 1920 1960
f 1908 1960 1908
f 1960 1960 1908
f 1920 1959 1920
f 1959 1904 1959
f 1920 1959 1920
f 1959 1959 1920
f 1908 1960 1908
f 1960 1920 1960
f 1908 1960 1908
f 1960 1960 1908
f 1920 1920 1960
f 1920 1920 1960
f 1960 1960 1908
f 1920 1960 1960
f 1982 2002 2006
f 2002 1988 2008
f 2006 2008 1990
f 2002 2008 2006
f 1988 2003 2013
f 2003 1984 2011
f 2013 2011 1992
f 2003 2011 2013
f 1990 2014 2007
f 2014 1992 2012
f 2007 2012 1985
f 2014 2012 2007
f 1988 2013 2008
f 2013 1992 2014
f 2008 2014 1990
f 2013 2014 2008
f 1984 2005 2017
f 2005 1989 2019
f 2017 2019 1993
f 2005 2019 2017
f 1989 2004 2015
f 2004 1904 1968
f 2015 1968 1923
f 2004 1968 2015
f 1993 2021 2018
f 2021 1923 1969
f 2018 1969 1909
f 2021 1969 2018
f 1989 2015 2019
f 2015 1923 2021
f 2019 2021 1993
f 2015 2021 2019
f 1985 2022 2010
f 2022 1994 2024
f 2010 2024 1991
f 2022 2024 2010
f 1994 2023 2026
f 2023 1909 1966
f 2026 1966 1922
f 2023 1966 2026
f 1991 2016 2009
f 2016 1922 1965
f 2009 1965 1903
f 2016 1965 2009
f 1994 2026 2024
f 2026 1922 2016
f 2024 2016 1991
f 2026 2016 2024
f 1984 2017 2011
f 2017 1993 2020
f 2011 2020 1992
f 2017 2020 2011
f 1993 2018 2027
f 2018 1909 2023
f 2027 2023 1994
f 2018 2023 2027
f 1992 2025 2012
f 2025 1994 2022
f 2012 2022 1985
f 2025 2022 2012
f 1993 2027 2020
f 2027 1994 2025
f 2020 2025 1992
f 2027 2025 2020
f 1982 2006 2006
f 2006 1990 1990
f 2006 1990 1990
f 2006 1990 2006
f 1990 2007 2007
f 2007 1985 1985
f 2007 1985 1985
f 2007 1985 2007
f 1990 2007 2007
f 2007 1985 1985
f 2007 1985 1985
f 2007 1985 2007
f 1990 2007 1990
f 2007 1985 2007
f 1990 2007 1990
f 2007 2007 1990
f 1985 2010 2010
f 2010 1991 1991
f 2010 1991 1991
f 2010 1991 2010
f 1991 2009 2009
f 2009 1903 1903
f 2009 1903 1903
f 2009 1903 2009
f 1991 2009 2009
f 2009 1903 1903
f 2009 1903 1903
f 2009 1903 2009
f 1991 2009 1991
f 2009 1903 2009
f 1991 2009 1991
f 2009 2009 1991
f 1985 2010 2010
f 2010 1991 1991
f 2010 1991 1991
f 2010 1991 2010
f 1991 2009 2009
f 2009 1903 1903
f 2009 1903 1903
f 2009 1903 2009
f 1991 2009 2009
f 2009 1903 1903
f 2009 1903 1903
f 2009 1903 2009
f 1991 2009 1991
f 2009 1903 2009
f 1991 2009 1991
f 2009 2009 1991
f 1985 2010 1985
f 2010 1991 2010
f 1985 2010 1985
f 2010 2010 1985
f 1991 2009 1991
f 2009 1903 2009
f 1991 2009 1991
f 2009 2009 1991
f 1985 2010 1985
f 2010 1991 2010
f 1985 2010 1985
f 2010 2010 1985
f 1991 1991 2010
f 1991 1991 2010
f 2010 2010 1985
f 1991 2010 2010
f 1982 2006 2028
f 2006 1990 2030
f 2028 2030 1995
f 2006 2030 2028
f 1990 2007 2035
f 2007 1985 2033
f 2035 2033 1997
f 2007 2033 2035
f 1995 2036 2029
f 2036 1997 2034
f 2029 2034 1986
f 2036 2034 2029
f 1990 2035 2030
f 2035 1997 2036
f 2030 2036 1995
f 2035 2036 2030
f 1985 2010 2043
f 2010 1991 2045
f 2043 2045 2000
f 2010 2045 2043
f 1991 2009 2039
f 2009 1903 2037
f 2039 2037 1998
f 2009 2037 2039
f 2000 2047 2044
f 2047 1998 2038
f 2044 2038 1987
f 2047 2038 2044
f 1991 2039 2045
f 2039 1998 2047
f 2045 2047 2000
f 2039 2047 2045
f 1986 2048 2032
f 2048 2001 2050
f 2032 2050 1996
f 2048 2050 2032
f 2001 2049 2052
f 2049 1987 2041
f 2052 2041 1999
f 2049 2041 2052
f 1996 2042 2031
f 2042 1999 2040
f 2031 2040 1983
f 2042 2040 2031
f 2001 2052 2050
f 2052 1999 2042
f 2050 2042 1996
f 2052 2042 2050
f 1985 2043 2033
f 2043 2000 2046
f 2033 2046 1997
f 2043 2046 2033
f 2000 2044 2053
f 2044 1987 2049
f 2053 2049 2001
f 2044 2049 2053
f 1997 2051 2034
f 2051 2001 2048
f 2034 2048 1986
f 2051 2048 2034
f 2000 2053 2046
f 2053 2001 2051
f 2046 2051 1997
f 2053 2051 2046
f 1982 2028 2028
f 2028 1995 1995
f 2028 1995 1995
f 2028 1995 2028
f 1995 2029 2029
f 2029 1986 1986
f 2029 1986 1986
f 2029 1986 2029
f 1995 2029 2029
f 2029 1986 1986
f 2029 1986 1986
f 2029 1986 2029
f 1995 2029 1995
f 2029 1986 2029
f 1995 2029 1995
f 2029 2029 1995
f 1986 2032 2032
f 2032 1996 1996
f 2032 1996 1996
f 2032 1996 2032
f 1996 2031 2031
f 2031 1983 1983
f 2031 1983 1983
f 2031 1983 2031
f 1996 2031 2031
f 2031 1983 1983
f 2031 1983 1983
f 2031 1983 2031
f 1996 2031 1996
f 2031 1983 2031
f 1996 2031 1996
f 2031 2031 1996
f 1986 2032 2032
f 2032 1996 1996
f 2032 1996 1996
f 2032 1996 2032
f 1996 2031 2031
f 2031 1983 1983
f 2031 1983 1983
f 2031 1983 2031
f 1996 2031 2031
f 2031 1983 1983
f 2031 1983 1983
f 2031 1983 2031
f 1996 2031 1996
f 2031 1983 2031
f 1996 2031 1996
f 2031 2031 1996
f 1986 2032 1986
f 2032 1996 2032
f 1986 2032 1986
f 2032 2032 1986
f 1996 2031 1996
f 2031 1983 2031
f 1996 2031 1996
f 2031 2031 1996
f 1986 2032 1986
f 2032 1996 2032
f 1986 2032 1986
f 2032 2032 1986
f 1996 1996 2032
f 1996 1996 2032
f 2032 2032 1986
f 1996 2032 2032
f 2054 2079 2083
f 2079 2063 2085
f 2083 2085 2065
f 2079 2085 2083
f 2063 2080 2090
f 2080 2058 2088
f 2090 2088 2067
f 2080 2088 2090
f 2065 2091 2084
f 2091 2067 2089
f 2084 2089 2059
f 2091 2089 2084
f 2063 2090 2085
f 2090 2067 2091
f 2085 2091 2065
f 2090 2091 2085
f 2058 2082 2098
f 2082 2064 2100
f 2098 2100 2070
f 2082 2100 2098
f 2064 2081 2094
f 2081 2055 2092
f 2094 2092 2068
f 2081 2092 2094
f 2070 2102 2099
f 2102 2068 2093
f 2099 2093 2060
f 2102 2093 2099
f 2064 2094 2100
f 2094 2068 2102
f 2100 2102 2070
f 2094 2102 2100
f 2059 2103 2087
f 2103 2071 2105
f 2087 2105 2066
f 2103 2105 2087
f 2071 2104 2107
f 2104 2060 2096
f 2107 2096 2069
f 2104 2096 2107
f 2066 2097 2086
f 2097 2069 2095
f 2086 2095 2056
f 2097 2095 2086
f 2071 2107 2105
f 2107 2069 2097
f 2105 2097 2066
f 2107 2097 2105
f 2058 2098 2088
f 2098 2070 2101
f 2088 2101 2067
f 2098 2101 2088
f 2070 2099 2108
f 2099 2060 2104
f 2108 2104 2071
f 2099 2104 2108
f 2067 2106 2089
f 2106 2071 2103
f 2089 2103 2059
f 2106 2103 2089
f 2070 2108 2101
f 2108 2071 2106
f 2101 2106 2067
f 2108 2106 2101
f 2054 2083 2083
f 2083 2065 2065
f 2083 2065 2065
f 2083 2065 2083
f 2065 2084 2084
f 2084 2059 2059
f 2084 2059 2059
f 2084 2059 2084
f 2065 2084 2084
f 2084 2059 2059
f 2084 2059 2059
f 2084 2059 2084
f 2065 2084 2065
f 2084 2059 2084
f 2065 2084 2065
f 2084 2084 2065
f 2059 2087 2087
f 2087 2066 2066
f 2087 2066 2066
f 2087 2066 2087
f 2066 2086 2086
f 2086 2056 2056
f 2086 2056 2056
f 2086 2056 2086
f 2066 2086 2086
f 2086 2056 2056
f 2086 2056 2056
f 2086 2056 2086
f 2066 2086 2066
f 2086 2056 2086
f 2066 2086 2066
f 2086 2086 2066
f 2059 2087 2087
f 2087 2066 2066
f 2087 2066 2066
f 2087 2066 2087
f 2066 2086 2086
f 2086 2056 2056
f 2086 2056 2056
f 2086 2056 2086
f 2066 2086 2086
f 2086 2056 2056
f 2086 2056 2056
f 2086 2056 2086
f 2066 2086 2066
f 2086 2056 2086
f 2066 2086 2066
f 2086 2086 2066
f 2059 2087 2059
f 2087 2066 2087
f 2059 2087 2059
f 2087 2087 2059
f 2066 2086 2066
f 2086 2056 2086
f 2066 2086 2066
f 2086 2086 2066
f 2059 2087 2059
f 2087 2066 2087
f 2059 2087 2059
f 2087 2087 2059
f 2066 2066 2087
f 2066 2066 2087
f 2087 2087 2059
f 2066 2087 2087
f 2054 2083 2109
f 2083 2065 2111
f 2109 2111 2072
f 2083 2111 2109
f 2065 2084 2116
f 2084 2059 2114
f 2116 2114 2074
f 2084 2114 2116
f 2072 2117 2110
f 2117 2074 2115
f 2110 2115 2061
f 2117 2115 2110
f 2065 2116 2111
f 2116 2074 2117
f 2111 2117 2072
f 2116 2117 2111
f 2059 2087 2124
f 2087 2066 2126
f 2124 2126 2077
f 2087 2126 2124
f 2066 2086 2120
f 2086 2056 2118
f 2120 2118 2075
f 2086 2118 2120
f 2077 2128 2125
f 2128 2075 2119
f 2125 2119 2062
f 2128 2119 2125
f 2066 2120 2126
f 2120 2075 2128
f 2126 2128 2077
f 2120 2128 2126
f 2061 2129 2113
f 2129 2078 2131
f 2113 2131 2073
f 2129 2131 2113
f 2078 2130 2133
f 2130 2062 2122
f 2133 2122 2076
f 2130 2122 2133
f 2073 2123 2112
f 2123 2076 2121
f 2112 2121 2057
f 2123 2121 2112
f 2078 2133 2131
f 2133 2076 2123
f 2131 2123 2073
f 2133 2123 2131
f 2059 2124 2114
f 2124 2077 2127
f 2114 2127 2074
f 2124 2127 2114
f 2077 2125 2134
f 2125 2062 2130
f 2134 2130 2078
f 2125 2130 2134
f 2074 2132 2115
f 2132 2078 2129
f 2115 2129 2061
f 2132 2129 2115
f 2077 2134 2127
f 2134 2078 2132
f 2127 2132 2074
f 2134 2132 2127
f 2054 2109 2109
f 2109 2072 2072
f 2109 2072 2072
f 2109 2072 2109
f 2072 2110 2110
f 2110 2061 2061
f 2110 2061 2061
f 2110 2061 2110
f 2072 2110 2110
f 2110 2061 2061
f 2110 2061 2061
f 2110 2061 2110
f 2072 2110 2072
f 2110 2061 2110
f 2072 2110 2072
f 2110 2110 2072
f 2061 2113 2113
f 2113 2073 2073
f 2113 2073 2073
f 2113 2073 2113
f 2073 2112 2112
f 2112 2057 2057
f 2112 2057 2057
f 2112 2057 2112
f 2073 2112 2112
f 2112 2057 2057
f 2112 2057 2057
f 2112 2057 2112
f 2073 2112 2073
f 2112 2057 2112
f 2073 2112 2073
f 2112 2112 2073
f 2061 2113 2113
f 2113 2073 2073
f 2113 2073 2073
f 2113 2073 2113
f 2073 2112 2112
f 2112 2057 2057
f 2112 2057 2057
f 2112 2057 2112
f 2073 2112 2112
f 2112 2057 2057
f 2112 2057 2057
f 2112 2057 2112
f 2073 2112 2073
f 2112 2057 2112
f 2073 2112 2073
f 2112 2112 2073
f 2061 2113 2061
f 2113 2073 2113
f 2061 2113 2061
f 2113 2113 2061
f 2073 2112 2073
f 2112 2057 2112
f 2073 2112 2073
f 2112 2112 2073
f 2061 2113 2061
f 2113 2073 2113
f 2061 2113 2061
f 2113 2113 2061
f 2073 2073 2113
f 2073 2073 2113
f 2113 2113 2061
f 2073 2113 2113
f 2135 2155 2159
f 2155 2141 2161
f 2159 2161 2143
f 2155 2161 2159
f 2141 2156 2166
f 2156 2137 2164
f 2166 2164 2145
f 2156 2164 2166
f 2143 2167 2160
f 2167 2145 2165
f 2160 2165 2138
f 2167 2165 2160
f 2141 2166 2161
f 2166 2145 2167
f 2161 2167 2143
f 2166 2167 2161
f 2137 2158 2170
f 2158 2142 2172
f 2170 2172 2146
f 2158 2172 2170
f 2142 2157 2168
f 2157 2055 2081
f 2168 2081 2064
f 2157 2081 2168
f 2146 2174 2171
f 2174 2064 2082
f 2171 2082 2058
f 2174 2082 2171
f 2142 2168 2172
f 2168 2064 2174
f 2172 2174 2146
f 2168 2174 2172
f 2138 2175 2163
f 2175 2147 2177
f 2163 2177 2144
f 2175 2177 2163
f 2147 2176 2179
f 2176 2058 2080
f 2179 2080 2063
f 2176 2080 2179
f 2144 2169 2162
f 2169 2063 2079
f 2162 2079 2054
f 2169 2079 2162
f 2147 2179 2177
f 2179 2063 2169
f 2177 2169 2144
f 2179 2169 2177
f 2137 2170 2164
f 2170 2146 2173
f 2164 2173 2145
f 2170 2173 2164
f 2146 2171 2180
f 2171 2058 2176
f 2180 2176 2147
f 2171 2176 2180
f 2145 2178 2165
f 2178 2147 2175
f 2165 2175 2138
f 2178 2175 2165
f 2146 2180 2173
f 2180 2147 2178
f 2173 2178 2145
f 2180 2178 2173
f 2135 2159 2159
f 2159 2143 2143
f 2159 2143 2143
f 2159 2143 2159
f 2143 2160 2160
f 2160 2138 2138
f 2160 2138 2138
f 2160 2138 2160
f 2143 2160 2160
f 2160 2138 2138
f 2160 2138 2138
f 2160 2138 2160
f 2143 2160 2143
f 2160 2138 2160
f 2143 2160 2143
f 2160 2160 2143
f 2138 2163 2163
f 2163 2144 2144
f 2163 2144 2144
f 2163 2144 2163
f 2144 2162 2162
f 2162 2054 2054
f 2162 2054 2054
f 2162 2054 2162
f 2144 2162 2162
f 2162 2054 2054
f 2162 2054 2054
f 2162 2054 2162
f 2144 2162 2144
f 2162 2054 2162
f 2144 2162 2144
f 2162 2162 2144
f 2138 2163 2163
f 2163 2144 2144
f 2163 2144 2144
f 2163 2144 2163
f 2144 2162 2162
f 2162 2054 2054
f 2162 2054 2054
f 2162 2054 2162
f 2144 2162 2162
f 2162 2054 2054
f 2162 2054 2054
f 2162 2054 2162
f 2144 2162 2144
f 2162 2054 2162
f 2144 2162 2144
f 2162 2162 2144
f 2138 2163 2138
f 2163 2144 2163
f 2138 2163 2138
f 2163 2163 2138
f 2144 2162 2144
f 2162 2054 2162
f 2144 2162 2144
f 2162 2162 2144
f 2138 2163 2138
f 2163 2144 2163
f 2138 2163 2138
f 2163 2163 2138
f 2144 2144 2163
f 2144 2144 2163
f 2163 2163 2138
f 2144 2163 2163
f 2135 2159 2181
f 2159 2143 2183
f 2181 2183 2148
f 2159 2183 2181
f 2143 2160 2188
f 2160 2138 2186
f 2188 2186 2150
f 2160 2186 2188
f 2148 2189 2182
f 2189 2150 2187
f 2182 2187 2139
f 2189 2187 2182
f 2143 2188 2183
f 2188 2150 2189
f 2183 2189 2148
f 2188 2189 2183
f 2138 2163 2196
f 2163 2144 2198
f 2196 2198 2153
f 2163 2198 2196
f 2144 2162 2192
f 2162 2054 2190
f 2192 2190 2151
f 2162 2190 2192
f 2153 2200 2197
f 2200 2151 2191
f 2197 2191 2140
f 2200 2191 2197
f 2144 2192 2198
f 2192 2151 2200
f 2198 2200 2153
f 2192 2200 2198
f 2139 2201 2185
f 2201 2154 2203
f 2185 2203 2149
f 2201 2203 2185
f 2154 2202 2205
f 2202 2140 2194
f 2205 2194 2152
f 2202 2194 2205
f 2149 2195 2184
f 2195 2152 2193
f 2184 2193 2136
f 2195 2193 2184
f 2154 2205 2203
f 2205 2152 2195
f 2203 2195 2149
f 2205 2195 2203
f 2138 2196 2186
f 2196 2153 2199
f 2186 2199 2150
f 2196 2199 2186
f 2153 2197 2206
f 2197 2140 2202
f 2206 2202 2154
f 2197 2202 2206
f 2150 2204 2187
f 2204 2154 2201
f 2187 2201 2139
f 2204 2201 2187
f 2153 2206 2199
f 2206 2154 2204
f 2199 2204 2150
f 2206 2204 2199
f 2135 2181 2181
f 2181 2148 2148
f 2181 2148 2148
f 2181 2148 2181
f 2148 2182 2182
f 2182 2139 2139
f 2182 2139 2139
f 2182 2139 2182
f 2148 2182 2182
f 2182 2139 2139
f 2182 2139 2139
f 2182 2139 2182
f 2148 2182 2148
f 2182 2139 2182
f 2148 2182 2148
f 2182 2182 2148
f 2139 2185 2185
f 2185 2149 2149
f 2185 2149 2149
f 2185 2149 2185
f 2149 2184 2184
f 2184 2136 2136
f 2184 2136 2136
f 2184 2136 2184
f 2149 2184 2184
f 2184 2136 2136
f 2184 2136 2136
f 2184 2136 2184
f 2149 2184 2149
f 2184 2136 2184
f 2149 2184 2149
f 2184 2184 2149
f 2139 2185 2185
f 2185 2149 2149
f 2185 2149 2149
f 2185 2149 2185
f 2149 2184 2184
f 2184 2136 2136
f 2184 2136 2136
f 2184 2136 2184
f 2149 2184 2184
f 2184 2136 2136
f 2184 2136 2136
f 2184 2136 2184
f 2149 2184 2149
f 2184 2136 2184
f 2149 2184 2149
f 2184 2184 2149
f 2139 2185 2139
f 2185 2149 2185
f 2139 2185 2139
f 2185 2185 2139
f 2149 2184 2149
f 2184 2136 2184
f 2149 2184 2149
f 2184 2184 2149
f 2139 2185 2139
f 2185 2149 2185
f 2139 2185 2139
f 2185 2185 2139
f 2149 2149 2185
f 2149 2149 2185
f 2185 2185 2139
f 2149 2185 2185
f 2207 2232 2236
f 2232 2216 2238
f 2236 2238 2218
f 2232 2238 2236
f 2216 2233 2243
f 2233 2211 2241
f 2243 2241 2220
f 2233 2241 2243
f 2218 2244 2237
f 2244 2220 2242
f 2237 2242 2212
f 2244 2242 2237
f 2216 2243 2238
f 2243 2220 2244
f 2238 2244 2218
f 2243 2244 2238
f 2211 2235 2251
f 2235 2217 2253
f 2251 2253 2223
f 2235 2253 2251
f 2217 2234 2247
f 2234 2208 2245
f 2247 2245 2221
f 2234 2245 2247
f 2223 2255 2252
f 2255 2221 2246
f 2252 2246 2213
f 2255 2246 2252
f 2217 2247 2253
f 2247 2221 2255
f 2253 2255 2223
f 2247 2255 2253
f 2212 2256 2240
f 2256 2224 2258
f 2240 2258 2219
f 2256 2258 2240
f 2224 2257 2260
f 2257 2213 2249
f 2260 2249 2222
f 2257 2249 2260
f 2219 2250 2239
f 2250 2222 2248
f 2239 2248 2209
f 2250 2248 2239
f 2224 2260 2258
f 2260 2222 2250
f 2258 2250 2219
f 2260 2250 2258
f 2211 2251 2241
f 2251 2223 2254
f 2241 2254 2220
f 2251 2254 2241
f 2223 2252 2261
f 2252 2213 2257
f 2261 2257 2224
f 2252 2257 2261
f 2220 2259 2242
f 2259 2224 2256
f 2242 2256 2212
f 2259 2256 2242
f 2223 2261 2254
f 2261 2224 2259
f 2254 2259 2220
f 2261 2259 2254
f 2207 2236 2236
f 2236 2218 2218
f 2236 2218 2218
f 2236 2218 2236
f 2218 2237 2237
f 2237 2212 2212
f 2237 2212 2212
f 2237 2212 2237
f 2218 2237 2237
f 2237 2212 2212
f 2237 2212 2212
f 2237 2212 2237
f 2218 2237 2218
f 2237 2212 2237
f 2218 2237 2218
f 2237 2237 2218
f 2212 2240 2240
f 2240 2219 2219
f 2240 2219 2219
f 2240 2219 2240
f 2219 2239 2239
f 2239 2209 2209
f 2239 2209 2209
f 2239 2209 2239
f 2219 2239 2239
f 2239 2209 2209
f 2239 2209 2209
f 2239 2209 2239
f 2219 2239 2219
f 2239 2209 2239
f 2219 2239 2219
f 2239 2239 2219
f 2212 2240 2240
f 2240 2219 2219
f 2240 2219 2219
f 2240 2219 2240
f 2219 2239 2239
f 2239 2209 2209
f 2239 2209 2209
f 2239 2209 2239
f 2219 2239 2239
f 2239 2209 2209
f 2239 2209 2209
f 2239 2209 2239
f 2219 2239 2219
f 2239 2209 2239
f 2219 2239 2219
f 2239 2239 2219
f 2212 2240 2212
f 2240 2219 2240
f 2212 2240 2212
f 2240 2240 2212
f 2219 2239 2219
f 2239 2209 2239
f 2219 2239 2219
f 2239 2239 2219
f 2212 2240 2212
f 2240 2219 2240
f 2212 2240 2212
f 2240 2240 2212
f 2219 2219 2240
f 2219 2219 2240
f 2240 2240 2212
f 2219 2240 2240
f 2207 2236 2262
f 2236 2218 2264
f 2262 2264 2225
f 2236 2264 2262
f 2218 2237 2269
f 2237 2212 2267
f 2269 2267 2227
f 2237 2267 2269
f 2225 2270 2263
f 2270 2227 2268
f 2263 2268 2214
f 2270 2268 2263
f 2218 2269 2264
f 2269 2227 2270
f 2264 2270 2225
f 2269 2270 2264
f 2212 2240 2277
f 2240 2219 2279
f 2277 2279 2230
f 2240 2279 2277
f 2219 2239 2273
f 2239 2209 2271
f 2273 2271 2228
f 2239 2271 2273
f 2230 2281 2278
f 2281 2228 2272
f 2278 2272 2215
f 2281 2272 2278
f 2219 2273 2279
f 2273 2228 2281
f 2279 2281 2230
f 2273 2281 2279
f 2214 2282 2266
f 2282 2231 2284
f 2266 2284 2226
f 2282 2284 2266
f 2231 2283 2286
f 2283 2215 2275
f 2286 2275 2229
f 2283 2275 2286
f 2226 2276 2265
f 2276 2229 2274
f 2265 2274 2210
f 2276 2274 2265
f 2231 2286 2284
f 2286 2229 2276
f 2284 2276 2226
f 2286 2276 2284
f 2212 2277 2267
f 2277 2230 2280
f 2267 2280 2227
f 2277 2280 2267
f 2230 2278 2287
f 2278 2215 2283
f 2287 2283 2231
f 2278 2283 2287
f 2227 2285 2268
f 2285 2231 2282
f 2268 2282 2214
f 2285 2282 2268
f 2230 2287 2280
f 2287 2231 2285
f 2280 2285 2227
f 2287 2285 2280
f 2207 2262 2262
f 2262 2225 2225
f 2262 2225 2225
f 2262 2225 2262
f 2225 2263 2263
f 2263 2214 2214
f 2263 2214 2214
f 2263 2214 2263
f 2225 2263 2263
f 2263 2214 2214
f 2263 2214 2214
f 2263 2214 2263
f 2225 2263 2225
f 2263 2214 2263
f 2225 2263 2225
f 2263 2263 2225
f 2214 2266 2266
f 2266 2226 2226
f 2266 2226 2226
f 2266 2226 2266
f 2226 2265 2265
f 2265 2210 2210
f 2265 2210 2210
f 2265 2210 2265
f 2226 2265 2265
f 2265 2210 2210
f 2265 2210 2210
f 2265 2210 2265
f 2226 2265 2226
f 2265 2210 2265
f 2226 2265 2226
f 2265 2265 2226
f 2214 2266 2266
f 2266 2226 2226
f 2266 2226 2226
f 2266 2226 2266
f 2226 2265 2265
f 2265 2210 2210
f 2265 2210 2210
f 2265 2210 2265
f 2226 2265 2265
f 2265 2210 2210
f 2265 2210 2210
f 2265 2210 2265
f 2226 2265 2226
f 2265 2210 2265
f 2226 2265 2226
f 2265 2265 2226
f 2214 2266 2214
f 2266 2226 2266
f 2214 2266 2214
f 2266 2266 2214
f 2226 2265 2226
f 2265 2210 2265
f 2226 2265 2226
f 2265 2265 2226
f 2214 2266 2214
f 2266 2226 2266
f 2214 2266 2214
f 2266 2266 2214
f 2226 2226 2266
f 2226 2226 2266
f 2266 2266 2214
f 2226 2266 2266
f 2288 2308 2312
f 2308 2294 2314
f 2312 2314 2296
f 2308 2314 2312
f 2294 2309 2319
f 2309 2290 2317
f 2319 2317 2298
f 2309 2317 2319
f 2296 2320 2313
f 2320 2298 2318
f 2313 2318 2291
f 2320 2318 2313
f 2294 2319 2314
f 2319 2298 2320
f 2314 2320 2296
f 2319 2320 2314
f 2290 2311 2323
f 2311 2295 2325
f 2323 2325 2299
f 2311 2325 2323
f 2295 2310 2321
f 2310 2208 2234
f 2321 2234 2217
f 2310 2234 2321
f 2299 2327 2324
f 2327 2217 2235
f 2324 2235 2211
f 2327 2235 2324
f 2295 2321 2325
f 2321 2217 2327
f 2325 2327 2299
f 2321 2327 2325
f 2291 2328 2316
f 2328 2300 2330
f 2316 2330 2297
f 2328 2330 2316
f 2300 2329 2332
f 2329 2211 2233
f 2332 2233 2216
f 2329 2233 2332
f 2297 2322 2315
f 2322 2216 2232
f 2315 2232 2207
f 2322 2232 2315
f 2300 2332 2330
f 2332 2216 2322
f 2330 2322 2297
f 2332 2322 2330
f 2290 2323 2317
f 2323 2299 2326
f 2317 2326 2298
f 2323 2326 2317
f 2299 2324 2333
f 2324 2211 2329
f 2333 2329 2300
f 2324 2329 2333
f 2298 2331 2318
f 2331 2300 2328
f 2318 2328 2291
f 2331 2328 2318
f 2299 2333 2326
f 2333 2300 2331
f 2326 2331 2298
f 2333 2331 2326
f 2288 2312 2312
f 2312 2296 2296
f 2312 2296 2296
f 2312 2296 2312
f 2296 2313 2313
f 2313 2291 2291
f 2313 2291 2291
f 2313 2291 2313
f 2296 2313 2313
f 2313 2291 2291
f 2313 2291 2291
f 2313 2291 2313
f 2296 2313 2296
f 2313 2291 2313
f 2296 2313 2296
f 2313 2313 2296
f 2291 2316 2316
f 2316 2297 2297
f 2316 2297 2297
f 2316 2297 2316
f 2297 2315 2315
f 2315 2207 2207
f 2315 2207 2207
f 2315 2207 2315
f 2297 2315 2315
f 2315 2207 2207
f 2315 2207 2207
f 2315 2207 2315
f 2297 2315 2297
f 2315 2207 2315
f 2297 2315 2297
f 2315 2315 2297
f 2291 2316 2316
f 2316 2297 2297
f 2316 2297 2297
f 2316 2297 2316
f 2297 2315 2315
f 2315 2207 2207
f 2315 2207 2207
f 2315 2207 2315
f 2297 2315 2315
f 2315 2207 2207
f 2315 2207 2207
f 2315 2207 2315
f 2297 2315 2297
f 2315 2207 2315
f 2297 2315 2297
f 2315 2315 2297
f 2291 2316 2291
f 2316 2297 2316
f 2291 2316 2291
f 2316 2316 2291
f 2297 2315 2297
f 2315 2207 2315
f 2297 2315 2297
f 2315 2315 2297
f 2291 2316 2291
f 2316 2297 2316
f 2291 2316 2291
f 2316 2316 2291
f 2297 2297 2316
f 2297 2297 2316
f 2316 2316 2291
f 2297 2316 2316
f 2288 2312 2334
f 2312 2296 2336
f 2334 2336 2301
f 2312 2336 2334
f 2296 2313 2341
f 2313 2291 2339
f 2341 2339 2303
f 2313 2339 2341
f 2301 2342 2335
f 2342 2303 2340
f 2335 2340 2292
f 2342 2340 2335
f 2296 2341 2336
f 2341 2303 2342
f 2336 2342 2301
f 2341 2342 2336
f 2291 2316 2349
f 2316 2297 2351
f 2349 2351 2306
f 2316 2351 2349
f 2297 2315 2345
f 2315 2207 2343
f 2345 2343 2304
f 2315 2343 2345
f 2306 2353 2350
f 2353 2304 2344
f 2350 2344 2293
f 2353 2344 2350
f 2297 2345 2351
f 2345 2304 2353
f 2351 2353 2306
f 2345 2353 2351
f 2292 2354 2338
f 2354 2307 2356
f 2338 2356 2302
f 2354 2356 2338
f 2307 2355 2358
f 2355 2293 2347
f 2358 2347 2305
f 2355 2347 2358
f 2302 2348 2337
f 2348 2305 2346
f 2337 2346 2289
f 2348 2346 2337
f 2307 2358 2356
f 2358 2305 2348
f 2356 2348 2302
f 2358 2348 2356
f 2291 2349 2339
f 2349 2306 2352
f 2339 2352 2303
f 2349 2352 2339
f 2306 2350 2359
f 2350 2293 2355
f 2359 2355 2307
f 2350 2355 2359
f 2303 2357 2340
f 2357 2307 2354
f 2340 2354 2292
f 2357 2354 2340
f 2306 2359 2352
f 2359 2307 2357
f 2352 2357 2303
f 2359 2357 2352
f 2288 2334 2334
f 2334 2301 2301
f 2334 2301 2301
f 2334 2301 2334
f 2301 2335 2335
f 2335 2292 2292
f 2335 2292 2292
f 2335 2292 2335
f 2301 2335 2335
f 2335 2292 2292
f 2335 2292 2292
f 2335 2292 2335
f 2301 2335 2301
f 2335 2292 2335
f 2301 2335 2301
f 2335 2335 2301
f 2292 2338 2338
f 2338 2302 2302
f 2338 2302 2302
f 2338 2302 2338
f 2302 2337 2337
f 2337 2289 2289
f 2337 2289 2289
f 2337 2289 2337
f 2302 2337 2337
f 2337 2289 2289
f 2337 2289 2289
f 2337 2289 2337
f 2302 2337 2302
f 2337 2289 2337
f 2302 2337 2302
f 2337 2337 2302
f 2292 2338 2338
f 2338 2302 2302
f 2338 2302 2302
f 2338 2302 2338
f 2302 2337 2337
f 2337 2289 2289
f 2337 2289 2289
f 2337 2289 2337
f 2302 2337 2337
f 2337 2289 2289
f 2337 2289 2289
f 2337 2289 2337
f 2302 2337 2302
f 2337 2289 2337
f 2302 2337 2302
f 2337 2337 2302
f 2292 2338 2292
f 2338 2302 2338
f 2292 2338 2292
f 2338 2338 2292
f 2302 2337 2302
f 2337 2289 2337
f 2302 2337 2302
f 2337 2337 2302
f 2292 2338 2292
f 2338 2302 2338
f 2292 2338 2292
f 2338 2338 2292
f 2302 2302 2338
f 2302 2302 2338
f 2338 2338 2292
f 2302 2338 2338
f 2360 2385 2389
f 2385 2369 2391
f 2389 2391 2371
f 2385 2391 2389
f 2369 2386 2396
f 2386 2364 2394
f 2396 2394 2373
f 2386 2394 2396
f 2371 2397 2390
f 2397 2373 2395
f 2390 2395 2365
f 2397 2395 2390
f 2369 2396 2391
f 2396 2373 2397
f 2391 2397 2371
f 2396 2397 2391
f 2364 2388 2404
f 2388 2370 2406
f 2404 2406 2376
f 2388 2406 2404
f 2370 2387 2400
f 2387 2361 2398
f 2400 2398 2374
f 2387 2398 2400
f 2376 2408 2405
f 2408 2374 2399
f 2405 2399 2366
f 2408 2399 2405
f 2370 2400 2406
f 2400 2374 2408
f 2406 2408 2376
f 2400 2408 2406
f 2365 2409 2393
f 2409 2377 2411
f 2393 2411 2372
f 2409 2411 2393
f 2377 2410 2413
f 2410 2366 2402
f 2413 2402 2375
f 2410 2402 2413
f 2372 2403 2392
f 2403 2375 2401
f 2392 2401 2362
f 2403 2401 2392
f 2377 2413 2411
f 2413 2375 2403
f 2411 2403 2372
f 2413 2403 2411
f 2364 2404 2394
f 2404 2376 2407
f 2394 2407 2373
f 2404 2407 2394
f 2376 2405 2414
f 2405 2366 2410
f 2414 2410 2377
f 2405 2410 2414
f 2373 2412 2395
f 2412 2377 2409
f 2395 2409 2365
f 2412 2409 2395
f 2376 2414 2407
f 2414 2377 2412
f 2407 2412 2373
f 2414 2412 2407
f 2360 2389 2389
f 2389 2371 2371
f 2389 2371 2371
f 2389 2371 2389
f 2371 2390 2390
f 2390 2365 2365
f 2390 2365 2365
f 2390 2365 2390
f 2371 2390 2390
f 2390 2365 2365
f 2390 2365 2365
f 2390 2365 2390
f 2371 2390 2371
f 2390 2365 2390
f 2371 2390 2371
f 2390 2390 2371
f 2365 2393 2393
f 2393 2372 2372
f 2393 2372 2372
f 2393 2372 2393
f 2372 2392 2392
f 2392 2362 2362
f 2392 2362 2362
f 2392 2362 2392
f 2372 2392 2392
f 2392 2362 2362
f 2392 2362 2362
f 2392 2362 2392
f 2372 2392 2372
f 2392 2362 2392
f 2372 2392 2372
f 2392 2392 2372
f 2365 2393 2393
f 2393 2372 2372
f 2393 2372 2372
f 2393 2372 2393
f 2372 2392 2392
f 2392 2362 2362
f 2392 2362 2362
f 2392 2362 2392
f 2372 2392 2392
f 2392 2362 2362
f 2392 2362 2362
f 2392 2362 2392
f 2372 2392 2372
f 2392 2362 2392
f 2372 2392 2372
f 2392 2392 2372
f 2365 2393 2365
f 2393 2372 2393
f 2365 2393 2365
f 2393 2393 2365
f 2372 2392 2372
f 2392 2362 2392
f 2372 2392 2372
f 2392 2392 2372
f 2365 2393 2365
f 2393 2372 2393
f 2365 2393 2365
f 2393 2393 2365
f 2372 2372 2393
f 2372 2372 2393
f 2393 2393 2365
f 2372 2393 2393
f 2360 2389 2415
f 2389 2371 2417
f 2415 2417 2378
f 2389 2417 2415
f 2371 2390 2422
f 2390 2365 2420
f 2422 2420 2380
f 2390 2420 2422
f 2378 2423 2416
f 2423 2380 2421
f 2416 2421 2367
f 2423 2421 2416
f 2371 2422 2417
f 2422 2380 2423
f 2417 2423 2378
f 2422 2423 2417
f 2365 2393 2430
f 2393 2372 2432
f 2430 2432 2383
f 2393 2432 2430
f 2372 2392 2426
f 2392 2362 2424
f 2426 2424 2381
f 2392 2424 2426
f 2383 2434 2431
f 2434 2381 2425
f 2431 2425 2368
f 2434 2425 2431
f 2372 2426 2432
f 2426 2381 2434
f 2432 2434 2383
f 2426 2434 2432
f 2367 2435 2419
f 2435 2384 2437
f 2419 2437 2379
f 2435 2437 2419
f 2384 2436 2439
f 2436 2368 2428
f 2439 2428 2382
f 2436 2428 2439
f 2379 2429 2418
f 2429 2382 2427
f 2418 2427 2363
f 2429 2427 2418
f 2384 2439 2437
f 2439 2382 2429
f 2437 2429 2379
f 2439 2429 2437
f 2365 2430 2420
f 2430 2383 2433
f 2420 2433 2380
f 2430 2433 2420
f 2383 2431 2440
f 2431 2368 2436
f 2440 2436 2384
f 2431 2436 2440
f 2380 2438 2421
f 2438 2384 2435
f 2421 2435 2367
f 2438 2435 2421
f 2383 2440 2433
f 2440 2384 2438
f 2433 2438 2380
f 2440 2438 2433
f 2360 2415 2415
f 2415 2378 2378
f 2415 2378 2378
f 2415 2378 2415
f 2378 2416 2416
f 2416 2367 2367
f 2416 2367 2367
f 2416 2367 2416
f 2378 2416 2416
f 2416 2367 2367
f 2416 2367 2367
f 2416 2367 2416
f 2378 2416 2378
f 2416 2367 2416
f 2378 2416 2378
f 2416 2416 2378
f 2367 2419 2419
f 2419 2379 2379
f 2419 2379 2379
f 2419 2379 2419
f 2379 2418 2418
f 2418 2363 2363
f 2418 2363 2363
f 2418 2363 2418
f 2379 2418 2418
f 2418 2363 2363
f 2418 2363 2363
f 2418 2363 2418
f 2379 2418 2379
f 2418 2363 2418
f 2379 2418 2379
f 2418 2418 2379
f 2367 2419 2419
f 2419 2379 2379
f 2419 2379 2379
f 2419 2379 2419
f 2379 2418 2418
f 2418 2363 2363
f 2418 2363 2363
f 2418 2363 2418
f 2379 2418 2418
f 2418 2363 2363
f 2418 2363 2363
f 2418 2363 2418
f 2379 2418 2379
f 2418 2363 2418
f 2379 2418 2379
f 2418 2418 2379
f 2367 2419 2367
f 2419 2379 2419
f 2367 2419 2367
f 2419 2419 2367
f 2379 2418 2379
f 2418 2363 2418
f 2379 2418 2379
f 2418 2418 2379
f 2367 2419 2367
f 2419 2379 2419
f 2367 2419 2367
f 2419 2419 2367
f 2379 2379 2419
f 2379 2379 2419
f 2419 2419 2367
f 2379 2419 2419
f 2441 2461 2465
f 2461 2447 2467
f 2465 2467 2449
f 2461 2467 2465
f 2447 2462 2472
f 2462 2443 2470
f 2472 2470 2451
f 2462 2470 2472
f 2449 2473 2466
f 2473 2451 2471
f 2466 2471 2444
f 2473 2471 2466
f 2447 2472 2467
f 2472 2451 2473
f 2467 2473 2449
f 2472 2473 2467
f 2443 2464 2476
f 2464 2448 2478
f 2476 2478 2452
f 2464 2478 2476
f 2448 2463 2474
f 2463 2363 2427
f 2474 2427 2382
f 2463 2427 2474
f 2452 2480 2477
f 2480 2382 2428
f 2477 2428 2368
f 2480 2428 2477
f 2448 2474 2478
f 2474 2382 2480
f 2478 2480 2452
f 2474 2480 2478
f 2444 2481 2469
f 2481 2453 2483
f 2469 2483 2450
f 2481 2483 2469
f 2453 2482 2485
f 2482 2368 2425
f 2485 2425 2381
f 2482 2425 2485
f 2450 2475 2468
f 2475 2381 2424
f 2468 2424 2362
f 2475 2424 2468
f 2453 2485 2483
f 2485 2381 2475
f 2483 2475 2450
f 2485 2475 2483
f 2443 2476 2470
f 2476 2452 2479
f 2470 2479 2451
f 2476 2479 2470
f 2452 2477 2486
f 2477 2368 2482
f 2486 2482 2453
f 2477 2482 2486
f 2451 2484 2471
f 2484 2453 2481
f 2471 2481 2444
f 2484 2481 2471
f 2452 2486 2479
f 2486 2453 2484
f 2479 2484 2451
f 2486 2484 2479
f 2441 2465 2465
f 2465 2449 2449
f 2465 2449 2449
f 2465 2449 2465
f 2449 2466 2466
f 2466 2444 2444
f 2466 2444 2444
f 2466 2444 2466
f 2449 2466 2466
f 2466 2444 2444
f 2466 2444 2444
f 2466 2444 2466
f 2449 2466 2449
f 2466 2444 2466
f 2449 2466 2449
f 2466 2466 2449
f 2444 2469 2469
f 2469 2450 2450
f 2469 2450 2450
f 2469 2450 2469
f 2450 2468 2468
f 2468 2362 2362
f 2468 2362 2362
f 2468 2362 2468
f 2450 2468 2468
f 2468 2362 2362
f 2468 2362 2362
f 2468 2362 2468
f 2450 2468 2450
f 2468 2362 2468
f 2450 2468 2450
f 2468 2468 2450
f 2444 2469 2469
f 2469 2450 2450
f 2469 2450 2450
f 2469 2450 2469
f 2450 2468 2468
f 2468 2362 2362
f 2468 2362 2362
f 2468 2362 2468
f 2450 2468 2468
f 2468 2362 2362
f 2468 2362 2362
f 2468 2362 2468
f 2450 2468 2450
f 2468 2362 2468
f 2450 2468 2450
f 2468 2468 2450
f 2444 2469 2444
f 2469 2450 2469
f 2444 2469 2444
f 2469 2469 2444
f 2450 2468 2450
f 2468 2362 2468
f 2450 2468 2450
f 2468 2468 2450
f 2444 2469 2444
f 2469 2450 2469
f 2444 2469 2444
f 2469 2469 2444
f 2450 2450 2469
f 2450 2450 2469
f 2469 2469 2444
f 2450 2469 2469
f 2441 2465 2487
f 2465 2449 2489
f 2487 2489 2454
f 2465 2489 2487
f 2449 2466 2494
f 2466 2444 2492
f 2494 2492 2456
f 2466 2492 2494
f 2454 2495 2488
f 2495 2456 2493
f 2488 2493 2445
f 2495 2493 2488
f 2449 2494 2489
f 2494 2456 2495
f 2489 2495 2454
f 2494 2495 2489
f 2444 2469 2502
f 2469 2450 2504
f 2502 2504 2459
f 2469 2504 2502
f 2450 2468 2498
f 2468 2362 2496
f 2498 2496 2457
f 2468 2496 2498
f 2459 2506 2503
f 2506 2457 2497
f 2503 2497 2446
f 2506 2497 2503
f 2450 2498 2504
f 2498 2457 2506
f 2504 2506 2459
f 2498 2506 2504
f 2445 2507 2491
f 2507 2460 2509
f 2491 2509 2455
f 2507 2509 2491
f 2460 2508 2511
f 2508 2446 2500
f 2511 2500 2458
f 2508 2500 2511
f 2455 2501 2490
f 2501 2458 2499
f 2490 2499 2442
f 2501 2499 2490
f 2460 2511 2509
f 2511 2458 2501
f 2509 2501 2455
f 2511 2501 2509
f 2444 2502 2492
f 2502 2459 2505
f 2492 2505 2456
f 2502 2505 2492
f 2459 2503 2512
f 2503 2446 2508
f 2512 2508 2460
f 2503 2508 2512
f 2456 2510 2493
f 2510 2460 2507
f 2493 2507 2445
f 2510 2507 2493
f 2459 2512 2505
f 2512 2460 2510
f 2505 2510 2456
f 2512 2510 2505
f 2441 2487 2487
f 2487 2454 2454
f 2487 2454 2454
f 2487 2454 2487
f 2454 2488 2488
f 2488 2445 2445
f 2488 2445 2445
f 2488 2445 2488
f 2454 2488 2488
f 2488 2445 2445
f 2488 2445 2445
f 2488 2445 2488
f 2454 2488 2454
f 2488 2445 2488
f 2454 2488 2454
f 2488 2488 2454
f 2445 2491 2491
f 2491 2455 2455
f 2491 2455 2455
f 2491 2455 2491
f 2455 2490 2490
f 2490 2442 2442
f 2490 2442 2442
f 2490 2442 2490
f 2455 2490 2490
f 2490 2442 2442
f 2490 2442 2442
f 2490 2442 2490
f 2455 2490 2455
f 2490 2442 2490
f 2455 2490 2455
f 2490 2490 2455
f 2445 2491 2491
f 2491 2455 2455
f 2491 2455 2455
f 2491 2455 2491
f 2455 2490 2490
f 2490 2442 2442
f 2490 2442 2442
f 2490 2442 2490
f 2455 2490 2490
f 2490 2442 2442
f 2490 2442 2442
f 2490 2442 2490
f 2455 2490 2455
f 2490 2442 2490
f 2455 2490 2455
f 2490 2490 2455
f 2445 2491 2445
f 2491 2455 2491
f 2445 2491 2445
f 2491 2491 2445
f 2455 2490 2455
f 2490 2442 2490
f 2455 2490 2455
f 2490 2490 2455
f 2445 2491 2445
f 2491 2455 2491
f 2445 2491 2445
f 2491 2491 2445
f 2455 2455 2491
f 2455 2455 2491
f 2491 2491 2445
f 2455 2491 2491
f 2513 2538 2542
f 2538 2522 2544
f 2542 2544 2524
f 2538 2544 2542
f 2522 2539 2549
f 2539 2517 2547
f 2549 2547 2526
f 2539 2547 2549
f 2524 2550 2543
f 2550 2526 2548
f 2543 2548 2518
f 2550 2548 2543
f 2522 2549 2544
f 2549 2526 2550
f 2544 2550 2524
f 2549 2550 2544
f 2517 2541 2557
f 2541 2523 2559
f 2557 2559 2529
f 2541 2559 2557
f 2523 2540 2553
f 2540 2514 2551
f 2553 2551 2527
f 2540 2551 2553
f 2529 2561 2558
f 2561 2527 2552
f 2558 2552 2519
f 2561 2552 2558
f 2523 2553 2559
f 2553 2527 2561
f 2559 2561 2529
f 2553 2561 2559
f 2518 2562 2546
f 2562 2530 2564
f 2546 2564 2525
f 2562 2564 2546
f 2530 2563 2566
f 2563 2519 2555
f 2566 2555 2528
f 2563 2555 2566
f 2525 2556 2545
f 2556 2528 2554
f 2545 2554 2515
f 2556 2554 2545
f 2530 2566 2564
f 2566 2528 2556
f 2564 2556 2525
f 2566 2556 2564
f 2517 2557 2547
f 2557 2529 2560
f 2547 2560 2526
f 2557 2560 2547
f 2529 2558 2567
f 2558 2519 2563
f 2567 2563 2530
f 2558 2563 2567
f 2526 2565 2548
f 2565 2530 2562
f 2548 2562 2518
f 2565 2562 2548
f 2529 2567 2560
f 2567 2530 2565
f 2560 2565 2526
f 2567 2565 2560
f 2513 2542 2542
f 2542 2524 2524
f 2542 2524 2524
f 2542 2524 2542
f 2524 2543 2543
f 2543 2518 2518
f 2543 2518 2518
f 2543 2518 2543
f 2524 2543 2543
f 2543 2518 2518
f 2543 2518 2518
f 2543 2518 2543
f 2524 2543 2524
f 2543 2518 2543
f 2524 2543 2524
f 2543 2543 2524
f 2518 2546 2546
f 2546 2525 2525
f 2546 2525 2525
f 2546 2525 2546
f 2525 2545 2545
f 2545 2515 2515
f 2545 2515 2515
f 2545 2515 2545
f 2525 2545 2545
f 2545 2515 2515
f 2545 2515 2515
f 2545 2515 2545
f 2525 2545 2525
f 2545 2515 2545
f 2525 2545 2525
f 2545 2545 2525
f 2518 2546 2546
f 2546 2525 2525
f 2546 2525 2525
f 2546 2525 2546
f 2525 2545 2545
f 2545 2515 2515
f 2545 2515 2515
f 2545 2515 2545
f 2525 2545 2545
f 2545 2515 2515
f 2545 2515 2515
f 2545 2515 2545
f 2525 2545 2525
f 2545 2515 2545
f 2525 2545 2525
f 2545 2545 2525
f 2518 2546 2518
f 2546 2525 2546
f 2518 2546 2518
f 2546 2546 2518
f 2525 2545 2525
f 2545 2515 2545
f 2525 2545 2525
f 2545 2545 2525
f 2518 2546 2518
f 2546 2525 2546
f 2518 2546 2518
f 2546 2546 2518
f 2525 2525 2546
f 2525 2525 2546
f 2546 2546 2518
f 2525 2546 2546
f 2513 2542 2568
f 2542 2524 2570
f 2568 2570 2531
f 2542 2570 2568
f 2524 2543 2575
f 2543 2518 2573
f 2575 2573 2533
f 2543 2573 2575
f 2531 2576 2569
f 2576 2533 2574
f 2569 2574 2520
f 2576 2574 2569
f 2524 2575 2570
f 2575 2533 2576
f 2570 2576 2531
f 2575 2576 2570
f 2518 2546 2583
f 2546 2525 2585
f 2583 2585 2536
f 2546 2585 2583
f 2525 2545 2579
f 2545 2515 2577
f 2579 2577 2534
f 2545 2577 2579
f 2536 2587 2584
f 2587 2534 2578
f 2584 2578 2521
f 2587 2578 2584
f 2525 2579 2585
f 2579 2534 2587
f 2585 2587 2536
f 2579 2587 2585
f 2520 2588 2572
f 2588 2537 2590
f 2572 2590 2532
f 2588 2590 2572
f 2537 2589 2592
f 2589 2521 2581
f 2592 2581 2535
f 2589 2581 2592
f 2532 2582 2571
f 2582 2535 2580
f 2571 2580 2516
f 2582 2580 2571
f 2537 2592 2590
f 2592 2535 2582
f 2590 2582 2532
f 2592 2582 2590
f 2518 2583 2573
f 2583 2536 2586
f 2573 2586 2533
f 2583 2586 2573
f 2536 2584 2593
f 2584 2521 2589
f 2593 2589 2537
f 2584 2589 2593
f 2533 2591 2574
f 2591 2537 2588
f 2574 2588 2520
f 2591 2588 2574
f 2536 2593 2586
f 2593 2537 2591
f 2586 2591 2533
f 2593 2591 2586
f 2513 2568 2568
f 2568 2531 2531
f 2568 2531 2531
f 2568 2531 2568
f 2531 2569 2569
f 2569 2520 2520
f 2569 2520 2520
f 2569 2520 2569
f 2531 2569 2569
f 2569 2520 2520
f 2569 2520 2520
f 2569 2520 2569
f 2531 2569 2531
f 2569 2520 2569
f 2531 2569 2531
f 2569 2569 2531
f 2520 2572 2572
f 2572 2532 2532
f 2572 2532 2532
f 2572 2532 2572
f 2532 2571 2571
f 2571 2516 2516
f 2571 2516 2516
f 2571 2516 2571
f 2532 2571 2571
f 2571 2516 2516
f 2571 2516 2516
f 2571 2516 2571
f 2532 2571 2532
f 2571 2516 2571
f 2532 2571 2532
f 2571 2571 2532
f 2520 2572 2572
f 2572 2532 2532
f 2572 2532 2532
f 2572 2532 2572
f 2532 2571 2571
f 2571 2516 2516
f 2571 2516 2516
f 2571 2516 2571
f 2532 2571 2571
f 2571 2516 2516
f 2571 2516 2516
f 2571 2516 2571
f 2532 2571 2532
f 2571 2516 2571
f 2532 2571 2532
f 2571 2571 2532
f 2520 2572 2520
f 2572 2532 2572
f 2520 2572 2520
f 2572 2572 2520
f 2532 2571 2532
f 2571 2516 2571
f 2532 2571 2532
f 2571 2571 2532
f 2520 2572 2520
f 2572 2532 2572
f 2520 2572 2520
f 2572 2572 2520
f 2532 2532 2572
f 2532 2532 2572
f 2572 2572 2520
f 2532 2572 2572
f 2594 2614 2618
f 2614 2600 2620
f 2618 2620 2602
f 2614 2620 2618
f 2600 2615 2625
f 2615 2596 2623
f 2625 2623 2604
f 2615 2623 2625
f 2602 2626 2619
f 2626 2604 2624
f 2619 2624 2597
f 2626 2624 2619
f 2600 2625 2620
f 2625 2604 2626
f 2620 2626 2602
f 2625 2626 2620
f 2596 2617 2629
f 2617 2601 2631
f 2629 2631 2605
f 2617 2631 2629
f 2601 2616 2627
f 2616 2514 2540
f 2627 2540 2523
f 2616 2540 2627
f 2605 2633 2630
f 2633 2523 2541
f 2630 2541 2517
f 2633 2541 2630
f 2601 2627 2631
f 2627 2523 2633
f 2631 2633 2605
f 2627 2633 2631
f 2597 2634 2622
f 2634 2606 2636
f 2622 2636 2603
f 2634 2636 2622
f 2606 2635 2638
f 2635 2517 2539
f 2638 2539 2522
f 2635 2539 2638
f 2603 2628 2621
f 2628 2522 2538
f 2621 2538 2513
f 2628 2538 2621
f 2606 2638 2636
f 2638 2522 2628
f 2636 2628 2603
f 2638 2628 2636
f 2596 2629 2623
f 2629 2605 2632
f 2623 2632 2604
f 2629 2632 2623
f 2605 2630 2639
f 2630 2517 2635
f 2639 2635 2606
f 2630 2635 2639
f 2604 2637 2624
f 2637 2606 2634
f 2624 2634 2597
f 2637 2634 2624
f 2605 2639 2632
f 2639 2606 2637
f 2632 2637 2604
f 2639 2637 2632
f 2594 2618 2618
f 2618 2602 2602
f 2618 2602 2602
f 2618 2602 2618
f 2602 2619 2619
f 2619 2597 2597
f 2619 2597 2597
f 2619 2597 2619
f 2602 2619 2619
f 2619 2597 2597
f 2619 2597 2597
f 2619 2597 2619
f 2602 2619 2602
f 2619 2597 2619
f 2602 2619 2602
f 2619 2619 2602
f 2597 2622 2622
f 2622 2603 2603
f 2622 2603 2603
f 2622 2603 2622
f 2603 2621 2621
f 2621 2513 2513
f 2621 2513 2513
f 2621 2513 2621
f 2603 2621 2621
f 2621 2513 2513
f 2621 2513 2513
f 2621 2513 2621
f 2603 2621 2603
f 2621 2513 2621
f 2603 2621 2603
f 2621 2621 2603
f 2597 2622 2622
f 2622 2603 2603
f 2622 2603 2603
f 2622 2603 2622
f 2603 2621 2621
f 2621 2513 2513
f 2621 2513 2513
f 2621 2513 2621
f 2603 2621 2621
f 2621 2513 2513
f 2621 2513 2513
f 2621 2513 2621
f 2603 2621 2603
f 2621 2513 2621
f 2603 2621 2603
f 2621 2621 2603
f 2597 2622 2597
f 2622 2603 2622
f 2597 2622 2597
f 2622 2622 2597
f 2603 2621 2603
f 2621 2513 2621
f 2603 2621 2603
f 2621 2621 2603
f 2597 2622 2597
f 2622 2603 2622
f 2597 2622 2597
f 2622 2622 2597
f 2603 2603 2622
f 2603 2603 2622
f 2622 2622 2597
f 2603 2622 2622
f 2594 2618 2640
f 2618 2602 2642
f 2640 2642 2607
f 2618 2642 2640
f 2602 2619 2647
f 2619 2597 2645
f 2647 2645 2609
f 2619 2645 2647
f 2607 2648 2641
f 2648 2609 2646
f 2641 2646 2598
f 2648 2646 2641
f 2602 2647 2642
f 2647 2609 2648
f 2642 2648 2607
f 2647 2648 2642
f 2597 2622 2655
f 2622 2603 2657
f 2655 2657 2612
f 2622 2657 2655
f 2603 2621 2651
f 2621 2513 2649
f 2651 2649 2610
f 2621 2649 2651
f 2612 2659 2656
f 2659 2610 2650
f 2656 2650 2599
f 2659 2650 2656
f 2603 2651 2657
f 2651 2610 2659
f 2657 2659 2612
f 2651 2659 2657
f 2598 2660 2644
f 2660 2613 2662
f 2644 2662 2608
f 2660 2662 2644
f 2613 2661 2664
f 2661 2599 2653
f 2664 2653 2611
f 2661 2653 2664
f 2608 2654 2643
f 2654 2611 2652
f 2643 2652 2595
f 2654 2652 2643
f 2613 2664 2662
f 2664 2611 2654
f 2662 2654 2608
f 2664 2654 2662
f 2597 2655 2645
f 2655 2612 2658
f 2645 2658 2609
f 2655 2658 2645
f 2612 2656 2665
f 2656 2599 2661
f 2665 2661 2613
f 2656 2661 2665
f 2609 2663 2646
f 2663 2613 2660
f 2646 2660 2598
f 2663 2660 2646
f 2612 2665 2658
f 2665 2613 2663
f 2658 2663 2609
f 2665 2663 2658
f 2594 2640 2640
f 2640 2607 2607
f 2640 2607 2607
f 2640 2607 2640
f 2607 2641 2641
f 2641 2598 2598
f 2641 2598 2598
f 2641 2598 2641
f 2607 2641 2641
f 2641 2598 2598
f 2641 2598 2598
f 2641 2598 2641
f 2607 2641 2607
f 2641 2598 2641
f 2607 2641 2607
f 2641 2641 2607
f 2598 2644 2644
f 2644 2608 2608
f 2644 2608 2608
f 2644 2608 2644
f 2608 2643 2643
f 2643 2595 2595
f 2643 2595 2595
f 2643 2595 2643
f 2608 2643 2643
f 2643 2595 2595
f 2643 2595 2595
f 2643 2595 2643
f 2608 2643 2608
f 2643 2595 2643
f 2608 2643 2608
f 2643 2643 2608
f 2598 2644 2644
f 2644 2608 2608
f 2644 2608 2608
f 2644 2608 2644
f 2608 2643 2643
f 2643 2595 2595
f 2643 2595 2595
f 2643 2595 2643
f 2608 2643 2643
f 2643 2595 2595
f 2643 2595 2595
f 2643 2595 2643
f 2608 2643 2608
f 2643 2595 2643
f 2608 2643 2608
f 2643 2643 2608
f 2598 2644 2598
f 2644 2608 2644
f 2598 2644 2598
f 2644 2644 2598
f 2608 2643 2608
f 2643 2595 2643
f 2608 2643 2608
f 2643 2643 2608
f 2598 2644 2598
f 2644 2608 2644
f 2598 2644 2598
f 2644 2644 2598
f 2608 2608 2644
f 2608 2608 2644
f 2644 2644 2598
f 2608 2644 2644
f 2666 2691 2695
f 2691 2675 2697
f 2695 2697 2677
f 2691 2697 2695
f 2675 2692 2702
f 2692 2670 2700
f 2702 2700 2679
f 2692 2700 2702
f 2677 2703 2696
f 2703 2679 2701
f 2696 2701 2671
f 2703 2701 2696
f 2675 2702 2697
f 2702 2679 2703
f 2697 2703 2677
f 2702 2703 2697
f 2670 2694 2710
f 2694 2676 2712
f 2710 2712 2682
f 2694 2712 2710
f 2676 2693 2706
f 2693 2667 2704
f 2706 2704 2680
f 2693 2704 2706
f 2682 2714 2711
f 2714 2680 2705
f 2711 2705 2672
f 2714 2705 2711
f 2676 2706 2712
f 2706 2680 2714
f 2712 2714 2682
f 2706 2714 2712
f 2671 2715 2699
f 2715 2683 2717
f 2699 2717 2678
f 2715 2717 2699
f 2683 2716 2719
f 2716 2672 2708
f 2719 2708 2681
f 2716 2708 2719
f 2678 2709 2698
f 2709 2681 2707
f 2698 2707 2668
f 2709 2707 2698
f 2683 2719 2717
f 2719 2681 2709
f 2717 2709 2678
f 2719 2709 2717
f 2670 2710 2700
f 2710 2682 2713
f 2700 2713 2679
f 2710 2713 2700
f 2682 2711 2720
f 2711 2672 2716
f 2720 2716 2683
f 2711 2716 2720
f 2679 2718 2701
f 2718 2683 2715
f 2701 2715 2671
f 2718 2715 2701
f 2682 2720 2713
f 2720 2683 2718
f 2713 2718 2679
f 2720 2718 2713
f 2666 2695 2695
f 2695 2677 2677
f 2695 2677 2677
f 2695 2677 2695
f 2677 2696 2696
f 2696 2671 2671
f 2696 2671 2671
f 2696 2671 2696
f 2677 2696 2696
f 2696 2671 2671
f 2696 2671 2671
f 2696 2671 2696
f 2677 2696 2677
f 2696 2671 2696
f 2677 2696 2677
f 2696 2696 2677
f 2671 2699 2699
f 2699 2678 2678
f 2699 2678 2678
f 2699 2678 2699
f 2678 2698 2698
f 2698 2668 2668
f 2698 2668 2668
f 2698 2668 2698
f 2678 2698 2698
f 2698 2668 2668
f 2698 2668 2668
f 2698 2668 2698
f 2678 2698 2678
f 2698 2668 2698
f 2678 2698 2678
f 2698 2698 2678
f 2671 2699 2699
f 2699 2678 2678
f 2699 2678 2678
f 2699 2678 2699
f 2678 2698 2698
f 2698 2668 2668
f 2698 2668 2668
f 2698 2668 2698
f 2678 2698 2698
f 2698 2668 2668
f 2698 2668 2668
f 2698 2668 2698
f 2678 2698 2678
f 2698 2668 2698
f 2678 2698 2678
f 2698 2698 2678
f 2671 2699 2671
f 2699 2678 2699
f 2671 2699 2671
f 2699 2699 2671
f 2678 2698 2678
f 2698 2668 2698
f 2678 2698 2678
f 2698 2698 2678
f 2671 2699 2671
f 2699 2678 2699
f 2671 2699 2671
f 2699 2699 2671
f 2678 2678 2699
f 2678 2678 2699
f 2699 2699 2671
f 2678 2699 2699
f 2666 2695 2721
f 2695 2677 2723
f 2721 2723 2684
f 2695 2723 2721
f 2677 2696 2728
f 2696 2671 2726
f 2728 2726 2686
f 2696 2726 2728
f 2684 2729 2722
f 2729 2686 2727
f 2722 2727 2673
f 2729 2727 2722
f 2677 2728 2723
f 2728 2686 2729
f 2723 2729 2684
f 2728 2729 2723
f 2671 2699 2736
f 2699 2678 2738
f 2736 2738 2689
f 2699 2738 2736
f 2678 2698 2732
f 2698 2668 2730
f 2732 2730 2687
f 2698 2730 2732
f 2689 2740 2737
f 2740 2687 2731
f 2737 2731 2674
f 2740 2731 2737
f 2678 2732 2738
f 2732 2687 2740
f 2738 2740 2689
f 2732 2740 2738
f 2673 2741 2725
f 2741 2690 2743
f 2725 2743 2685
f 2741 2743 2725
f 2690 2742 2745
f 2742 2674 2734
f 2745 2734 2688
f 2742 2734 2745
f 2685 2735 2724
f 2735 2688 2733
f 2724 2733 2669
f 2735 2733 2724
f 2690 2745 2743
f 2745 2688 2735
f 2743 2735 2685
f 2745 2735 2743
f 2671 2736 2726
f 2736 2689 2739
f 2726 2739 2686
f 2736 2739 2726
f 2689 2737 2746
f 2737 2674 2742
f 2746 2742 2690
f 2737 2742 2746
f 2686 2744 2727
f 2744 2690 2741
f 2727 2741 2673
f 2744 2741 2727
f 2689 2746 2739
f 2746 2690 2744
f 2739 2744 2686
f 2746 2744 2739
f 2666 2721 2721
f 2721 2684 2684
f 2721 2684 2684
f 2721 2684 2721
f 2684 2722 2722
f 2722 2673 2673
f 2722 2673 2673
f 2722 2673 2722
f 2684 2722 2722
f 2722 2673 2673
f 2722 2673 2673
f 2722 2673 2722
f 2684 2722 2684
f 2722 2673 2722
f 2684 2722 2684
f 2722 2722 2684
f 2673 2725 2725
f 2725 2685 2685
f 2725 2685 2685
f 2725 2685 2725
f 2685 2724 2724
f 2724 2669 2669
f 2724 2669 2669
f 2724 2669 2724
f 2685 2724 2724
f 2724 2669 2669
f 2724 2669 2669
f 2724 2669 2724
f 2685 2724 2685
f 2724 2669 2724
f 2685 2724 2685
f 2724 2724 2685
f 2673 2725 2725
f 2725 2685 2685
f 2725 2685 2685
f 2725 2685 2725
f 2685 2724 2724
f 2724 2669 2669
f 2724 2669 2669
f 2724 2669 2724
f 2685 2724 2724
f 2724 2669 2669
f 2724 2669 2669
f 2724 2669 2724
f 2685 2724 2685
f 2724 2669 2724
f 2685 2724 2685
f 2724 2724 2685
f 2673 2725 2673
f 2725 2685 2725
f 2673 2725 2673
f 2725 2725 2673
f 2685 2724 2685
f 2724 2669 2724
f 2685 2724 2685
f 2724 2724 2685
f 2673 2725 2673
f 2725 2685 2725
f 2673 2725 2673
f 2725 2725 2673
f 2685 2685 2725
f 2685 2685 2725
f 2725 2725 2673
f 2685 2725 2725
f 2747 2767 2771
f 2767 2753 2773
f 2771 2773 2755
f 2767 2773 2771
f 2753 2768 2778
f 2768 2749 2776
f 2778 2776 2757
f 2768 2776 2778
f 2755 2779 2772
f 2779 2757 2777
f 2772 2777 2750
f 2779 2777 2772
f 2753 2778 2773
f 2778 2757 2779
f 2773 2779 2755
f 2778 2779 2773
f 2749 2770 2782
f 2770 2754 2784
f 2782 2784 2758
f 2770 2784 2782
f 2754 2769 2780
f 2769 2667 2693
f 2780 2693 2676
f 2769 2693 2780
f 2758 2786 2783
f 2786 2676 2694
f 2783 2694 2670
f 2786 2694 2783
f 2754 2780 2784
f 2780 2676 2786
f 2784 2786 2758
f 2780 2786 2784
f 2750 2787 2775
f 2787 2759 2789
f 2775 2789 2756
f 2787 2789 2775
f 2759 2788 2791
f 2788 2670 2692
f 2791 2692 2675
f 2788 2692 2791
f 2756 2781 2774
f 2781 2675 2691
f 2774 2691 2666
f 2781 2691 2774
f 2759 2791 2789
f 2791 2675 2781
f 2789 2781 2756
f 2791 2781 2789
f 2749 2782 2776
f 2782 2758 2785
f 2776 2785 2757
f 2782 2785 2776
f 2758 2783 2792
f 2783 2670 2788
f 2792 2788 2759
f 2783 2788 2792
f 2757 2790 2777
f 2790 2759 2787
f 2777 2787 2750
f 2790 2787 2777
f 2758 2792 2785
f 2792 2759 2790
f 2785 2790 2757
f 2792 2790 2785
f 2747 2771 2771
f 2771 2755 2755
f 2771 2755 2755
f 2771 2755 2771
f 2755 2772 2772
f 2772 2750 2750
f 2772 2750 2750
f 2772 2750 2772
f 2755 2772 2772
f 2772 2750 2750
f 2772 2750 2750
f 2772 2750 2772
f 2755 2772 2755
f 2772 2750 2772
f 2755 2772 2755
f 2772 2772 2755
f 2750 2775 2775
f 2775 2756 2756
f 2775 2756 2756
f 2775 2756 2775
f 2756 2774 2774
f 2774 2666 2666
f 2774 2666 2666
f 2774 2666 2774
f 2756 2774 2774
f 2774 2666 2666
f 2774 2666 2666
f 2774 2666 2774
f 2756 2774 2756
f 2774 2666 2774
f 2756 2774 2756
f 2774 2774 2756
f 2750 2775 2775
f 2775 2756 2756
f 2775 2756 2756
f 2775 2756 2775
f 2756 2774 2774
f 2774 2666 2666
f 2774 2666 2666
f 2774 2666 2774
f 2756 2774 2774
f 2774 2666 2666
f 2774 2666 2666
f 2774 2666 2774
f 2756 2774 2756
f 2774 2666 2774
f 2756 2774 2756
f 2774 2774 2756
f 2750 2775 2750
f 2775 2756 2775
f 2750 2775 2750
f 2775 2775 2750
f 2756 2774 2756
f 2774 2666 2774
f 2756 2774 2756
f 2774 2774 2756
f 2750 2775 2750
f 2775 2756 2775
f 2750 2775 2750
f 2775 2775 2750
f 2756 2756 2775
f 2756 2756 2775
f 2775 2775 2750
f 2756 2775 2775
f 2747 2771 2793
f 2771 2755 2795
f 2793 2795 2760
f 2771 2795 2793
f 2755 2772 2800
f 2772 2750 2798
f 2800 2798 2762
f 2772 2798 2800
f 2760 2801 2794
f 2801 2762 2799
f 2794 2799 2751
f 2801 2799 2794
f 2755 2800 2795
f 2800 2762 2801
f 2795 2801 2760
f 2800 2801 2795
f 2750 2775 2808
f 2775 2756 2810
f 2808 2810 2765
f 2775 2810 2808
f 2756 2774 2804
f 2774 2666 2802
f 2804 2802 2763
f 2774 2802 2804
f 2765 2812 2809
f 2812 2763 2803
f 2809 2803 2752
f 2812 2803 2809
f 2756 2804 2810
f 2804 2763 2812
f 2810 2812 2765
f 2804 2812 2810
f 2751 2813 2797
f 2813 2766 2815
f 2797 2815 2761
f 2813 2815 2797
f 2766 2814 2817
f 2814 2752 2806
f 2817 2806 2764
f 2814 2806 2817
f 2761 2807 2796
f 2807 2764 2805
f 2796 2805 2748
f 2807 2805 2796
f 2766 2817 2815
f 2817 2764 2807
f 2815 2807 2761
f 2817 2807 2815
f 2750 2808 2798
f 2808 2765 2811
f 2798 2811 2762
f 2808 2811 2798
f 2765 2809 2818
f 2809 2752 2814
f 2818 2814 2766
f 2809 2814 2818
f 2762 2816 2799
f 2816 2766 2813
f 2799 2813 2751
f 2816 2813 2799
f 2765 2818 2811
f 2818 2766 2816
f 2811 2816 2762
f 2818 2816 2811
f 2747 2793 2793
f 2793 2760 2760
f 2793 2760 2760
f 2793 2760 2793
f 2760 2794 2794
f 2794 2751 2751
f 2794 2751 2751
f 2794 2751 2794
f 2760 2794 2794
f 2794 2751 2751
f 2794 2751 2751
f 2794 2751 2794
f 2760 2794 2760
f 2794 2751 2794
f 2760 2794 2760
f 2794 2794 2760
f 2751 2797 2797
f 2797 2761 2761
f 2797 2761 2761
f 2797 2761 2797
f 2761 2796 2796
f 2796 2748 2748
f 2796 2748 2748
f 2796 2748 2796
f 2761 2796 2796
f 2796 2748 2748
f 2796 2748 2748
f 2796 2748 2796
f 2761 2796 2761
f 2796 2748 2796
f 2761 2796 2761
f 2796 2796 2761
f 2751 2797 2797
f 2797 2761 2761
f 2797 2761 2761
f 2797 2761 2797
f 2761 2796 2796
f 2796 2748 2748
f 2796 2748 2748
f 2796 2748 2796
f 2761 2796 2796
f 2796 2748 2748
f 2796 2748 2748
f 2796 2748 2796
f 2761 2796 2761
f 2796 2748 2796
f 2761 2796 2761
f 2796 2796 2761
f 2751 2797 2751
f 2797 2761 2797
f 2751 2797 2751
f 2797 2797 2751
f 2761 2796 2761
f 2796 2748 2796
f 2761 2796 2761
f 2796 2796 2761
f 2751 2797 2751
f 2797 2761 2797
f 2751 2797 2751
f 2797 2797 2751
f 2761 2761 2797
f 2761 2761 2797
f 2797 2797 2751
f 2761 2797 2797
f 2819 2844 2848
f 2844 2828 2850
f 2848 2850 2830
f 2844 2850 2848
f 2828 2845 2855
f 2845 2823 2853
f 2855 2853 2832
f 2845 2853 2855
f 2830 2856 2849
f 2856 2832 2854
f 2849 2854 2824
f 2856 2854 2849
f 2828 2855 2850
f 2855 2832 2856
f 2850 2856 2830
f 2855 2856 2850
f 2823 2847 2863
f 2847 2829 2865
f 2863 2865 2835
f 2847 2865 2863
f 2829 2846 2859
f 2846 2820 2857
f 2859 2857 2833
f 2846 2857 2859
f 2835 2867 2864
f 2867 2833 2858
f 2864 2858 2825
f 2867 2858 2864
f 2829 2859 2865
f 2859 2833 2867
f 2865 2867 2835
f 2859 2867 2865
f 2824 2868 2852
f 2868 2836 2870
f 2852 2870 2831
f 2868 2870 2852
f 2836 2869 2872
f 2869 2825 2861
f 2872 2861 2834
f 2869 2861 2872
f 2831 2862 2851
f 2862 2834 2860
f 2851 2860 2821
f 2862 2860 2851
f 2836 2872 2870
f 2872 2834 2862
f 2870 2862 2831
f 2872 2862 2870
f 2823 2863 2853
f 2863 2835 2866
f 2853 2866 2832
f 2863 2866 2853
f 2835 2864 2873
f 2864 2825 2869
f 2873 2869 2836
f 2864 2869 2873
f 2832 2871 2854
f 2871 2836 2868
f 2854 2868 2824
f 2871 2868 2854
f 2835 2873 2866
f 2873 2836 2871
f 2866 2871 2832
f 2873 2871 2866
f 2819 2848 2848
f 2848 2830 2830
f 2848 2830 2830
f 2848 2830 2848
f 2830 2849 2849
f 2849 2824 2824
f 2849 2824 2824
f 2849 2824 2849
f 2830 2849 2849
f 2849 2824 2824
f 2849 2824 2824
f 2849 2824 2849
f 2830 2849 2830
f 2849 2824 2849
f 2830 2849 2830
f 2849 2849 2830
f 2824 2852 2852
f 2852 2831 2831
f 2852 2831 2831
f 2852 2831 2852
f 2831 2851 2851
f 2851 2821 2821
f 2851 2821 2821
f 2851 2821 2851
f 2831 2851 2851
f 2851 2821 2821
f 2851 2821 2821
f 2851 2821 2851
f 2831 2851 2831
f 2851 2821 2851
f 2831 2851 2831
f 2851 2851 2831
f 2824 2852 2852
f 2852 2831 2831
f 2852 2831 2831
f 2852 2831 2852
f 2831 2851 2851
f 2851 2821 2821
f 2851 2821 2821
f 2851 2821 2851
f 2831 2851 2851
f 2851 2821 2821
f 2851 2821 2821
f 2851 2821 2851
f 2831 2851 2831
f 2851 2821 2851
f 2831 2851 2831
f 2851 2851 2831
f 2824 2852 2824
f 2852 2831 2852
f 2824 2852 2824
f 2852 2852 2824
f 2831 2851 2831
f 2851 2821 2851
f 2831 2851 2831
f 2851 2851 2831
f 2824 2852 2824
f 2852 2831 2852
f 2824 2852 2824
f 2852 2852 2824
f 2831 2831 2852
f 2831 2831 2852
f 2852 2852 2824
f 2831 2852 2852
f 2819 2848 2874
f 2848 2830 2876
f 2874 2876 2837
f 2848 2876 2874
f 2830 2849 2881
f 2849 2824 2879
f 2881 2879 2839
f 2849 2879 2881
f 2837 2882 2875
f 2882 2839 2880
f 2875 2880 2826
f 2882 2880 2875
f 2830 2881 2876
f 2881 2839 2882
f 2876 2882 2837
f 2881 2882 2876
f 2824 2852 2889
f 2852 2831 2891
f 2889 2891 2842
f 2852 2891 2889
f 2831 2851 2885
f 2851 2821 2883
f 2885 2883 2840
f 2851 2883 2885
f 2842 2893 2890
f 2893 2840 2884
f 2890 2884 2827
f 2893 2884 2890
f 2831 2885 2891
f 2885 2840 2893
f 2891 2893 2842
f 2885 2893 2891
f 2826 2894 2878
f 2894 2843 2896
f 2878 2896 2838
f 2894 2896 2878
f 2843 2895 2898
f 2895 2827 2887
f 2898 2887 2841
f 2895 2887 2898
f 2838 2888 2877
f 2888 2841 2886
f 2877 2886 2822
f 2888 2886 2877
f 2843 2898 2896
f 2898 2841 2888
f 2896 2888 2838
f 2898 2888 2896
f 2824 2889 2879
f 2889 2842 2892
f 2879 2892 2839
f 2889 2892 2879
f 2842 2890 2899
f 2890 2827 2895
f 2899 2895 2843
f 2890 2895 2899
f 2839 2897 2880
f 2897 2843 2894
f 2880 2894 2826
f 2897 2894 2880
f 2842 2899 2892
f 2899 2843 2897
f 2892 2897 2839
f 2899 2897 2892
f 2819 2874 2874
f 2874 2837 2837
f 2874 2837 2837
f 2874 2837 2874
f 2837 2875 2875
f 2875 2826 2826
f 2875 2826 2826
f 2875 2826 2875
f 2837 2875 2875
f 2875 2826 2826
f 2875 2826 2826
f 2875 2826 2875
f 2837 2875 2837
f 2875 2826 2875
f 2837 2875 2837
f 2875 2875 2837
f 2826 2878 2878
f 2878 2838 2838
f 2878 2838 2838
f 2878 2838 2878
f 2838 2877 2877
f 2877 2822 2822
f 2877 2822 2822
f 2877 2822 2877
f 2838 2877 2877
f 2877 2822 2822
f 2877 2822 2822
f 2877 2822 2877
f 2838 2877 2838
f 2877 2822 2877
f 2838 2877 2838
f 2877 2877 2838
f 2826 2878 2878
f 2878 2838 2838
f 2878 2838 2838
f 2878 2838 2878
f 2838 2877 2877
f 2877 2822 2822
f 2877 2822 2822
f 2877 2822 2877
f 2838 2877 2877
f 2877 2822 2822
f 2877 2822 2822
f 2877 2822 2877
f 2838 2877 2838
f 2877 2822 2877
f 2838 2877 2838
f 2877 2877 2838
f 2826 2878 2826
f 2878 2838 2878
f 2826 2878 2826
f 2878 2878 2826
f 2838 2877 2838
f 2877 2822 2877
f 2838 2877 2838
f 2877 2877 2838
f 2826 2878 2826
f 2878 2838 2878
f 2826 2878 2826
f 2878 2878 2826
f 2838 2838 2878
f 2838 2838 2878
f 2878 2878 2826
f 2838 2878 2878
f 2900 2920 2924
f 2920 2906 2926
f 2924 2926 2908
f 2920 2926 2924
f 2906 2921 2931
f 2921 2902 2929
f 2931 2929 2910
f 2921 2929 2931
f 2908 2932 2925
f 2932 2910 2930
f 2925 2930 2903
f 2932 2930 2925
f 2906 2931 2926
f 2931 2910 2932
f 2926 2932 2908
f 2931 2932 2926
f 2902 2923 2935
f 2923 2907 2937
f 2935 2937 2911
f 2923 2937 2935
f 2907 2922 2933
f 2922 2822 2886
f 2933 2886 2841
f 2922 2886 2933
f 2911 2939 2936
f 2939 2841 2887
f 2936 2887 2827
f 2939 2887 2936
f 2907 2933 2937
f 2933 2841 2939
f 2937 2939 2911
f 2933 2939 2937
f 2903 2940 2928
f 2940 2912 2942
f 2928 2942 2909
f 2940 2942 2928
f 2912 2941 2944
f 2941 2827 2884
f 2944 2884 2840
f 2941 2884 2944
f 2909 2934 2927
f 2934 2840 2883
f 2927 2883 2821
f 2934 2883 2927
f 2912 2944 2942
f 2944 2840 2934
f 2942 2934 2909
f 2944 2934 2942
f 2902 2935 2929
f 2935 2911 2938
f 2929 2938 2910
f 2935 2938 2929
f 2911 2936 2945
f 2936 2827 2941
f 2945 2941 2912
f 2936 2941 2945
f 2910 2943 2930
f 2943 2912 2940
f 2930 2940 2903
f 2943 2940 2930
f 2911 2945 2938
f 2945 2912 2943
f 2938 2943 2910
f 2945 2943 2938
f 2900 2924 2924
f 2924 2908 2908
f 2924 2908 2908
f 2924 2908 2924
f 2908 2925 2925
f 2925 2903 2903
f 2925 2903 2903
f 2925 2903 2925
f 2908 2925 2925
f 2925 2903 2903
f 2925 2903 2903
f 2925 2903 2925
f 2908 2925 2908
f 2925 2903 2925
f 2908 2925 2908
f 2925 2925 2908
f 2903 2928 2928
f 2928 2909 2909
f 2928 2909 2909
f 2928 2909 2928
f 2909 2927 2927
f 2927 2821 2821
f 2927 2821 2821
f 2927 2821 2927
f 2909 2927 2927
f 2927 2821 2821
f 2927 2821 2821
f 2927 2821 2927
f 2909 2927 2909
f 2927 2821 2927
f 2909 2927 2909
f 2927 2927 2909
f 2903 2928 2928
f 2928 2909 2909
f 2928 2909 2909
f 2928 2909 2928
f 2909 2927 2927
f 2927 2821 2821
f 2927 2821 2821
f 2927 2821 2927
f 2909 2927 2927
f 2927 2821 2821
f 2927 2821 2821
f 2927 2821 2927
f 2909 2927 2909
f 2927 2821 2927
f 2909 2927 2909
f 2927 2927 2909
f 2903 2928 2903
f 2928 2909 2928
f 2903 2928 2903
f 2928 2928 2903
f 2909 2927 2909
f 2927 2821 2927
f 2909 2927 2909
f 2927 2927 2909
f 2903 2928 2903
f 2928 2909 2928
f 2903 2928 2903
f 2928 2928 2903
f 2909 2909 2928
f 2909 2909 2928
f 2928 2928 2903
f 2909 2928 2928
f 2900 2924 2946
f 2924 2908 2948
f 2946 2948 2913
f 2924 2948 2946
f 2908 2925 2953
f 2925 2903 2951
f 2953 2951 2915
f 2925 2951 2953
f 2913 2954 2947
f 2954 2915 2952
f 2947 2952 2904
f 2954 2952 2947
f 2908 2953 2948
f 2953 2915 2954
f 2948 2954 2913
f 2953 2954 2948
f 2903 2928 2961
f 2928 2909 2963
f 2961 2963 2918
f 2928 2963 2961
f 2909 2927 2957
f 2927 2821 2955
f 2957 2955 2916
f 2927 2955 2957
f 2918 2965 2962
f 2965 2916 2956
f 2962 2956 2905
f 2965 2956 2962
f 2909 2957 2963
f 2957 2916 2965
f 2963 2965 2918
f 2957 2965 2963
f 2904 2966 2950
f 2966 2919 2968
f 2950 2968 2914
f 2966 2968 2950
f 2919 2967 2970
f 2967 2905 2959
f 2970 2959 2917
f 2967 2959 2970
f 2914 2960 2949
f 2960 2917 2958
f 2949 2958 2901
f 2960 2958 2949
f 2919 2970 2968
f 2970 2917 2960
f 2968 2960 2914
f 2970 2960 2968
f 2903 2961 2951
f 2961 2918 2964
f 2951 2964 2915
f 2961 2964 2951
f 2918 2962 2971
f 2962 2905 2967
f 2971 2967 2919
f 2962 2967 2971
f 2915 2969 2952
f 2969 2919 2966
f 2952 2966 2904
f 2969 2966 2952
f 2918 2971 2964
f 2971 2919 2969
f 2964 2969 2915
f 2971 2969 2964
f 2900 2946 2946
f 2946 2913 2913
f 2946 2913 2913
f 2946 2913 2946
f 2913 2947 2947
f 2947 2904 2904
f 2947 2904 2904
f 2947 2904 2947
f 2913 2947 2947
f 2947 2904 2904
f 2947 2904 2904
f 2947 2904 2947
f 2913 2947 2913
f 2947 2904 2947
f 2913 2947 2913
f 2947 2947 2913
f 2904 2950 2950
f 2950 2914 2914
f 2950 2914 2914
f 2950 2914 2950
f 2914 2949 2949
f 2949 2901 2901
f 2949 2901 2901
f 2949 2901 2949
f 2914 2949 2949
f 2949 2901 2901
f 2949 2901 2901
f 2949 2901 2949
f 2914 2949 2914
f 2949 2901 2949
f 2914 2949 2914
f 2949 2949 2914
f 2904 2950 2950
f 2950 2914 2914
f 2950 2914 2914
f 2950 2914 2950
f 2914 2949 2949
f 2949 2901 2901
f 2949 2901 2901
f 2949 2901 2949
f 2914 2949 2949
f 2949 2901 2901
f 2949 2901 2901
f 2949 2901 2949
f 2914 2949 2914
f 2949 2901 2949
f 2914 2949 2914
f 2949 2949 2914
f 2904 2950 2904
f 2950 2914 2950
f 2904 2950 2904
f 2950 2950 2904
f 2914 2949 2914
f 2949 2901 2949
f 2914 2949 2914
f 2949 2949 2914
f 2904 2950 2904
f 2950 2914 2950
f 2904 2950 2904
f 2950 2950 2904
f 2914 2914 2950
f 2914 2914 2950
f 2950 2950 2904
f 2914 2950 2950
f 2972 2997 3001
f 2997 2981 3003
f 3001 3003 2983
f 2997 3003 3001
f 2981 2998 3008
f 2998 2976 3006
f 3008 3006 2985
f 2998 3006 3008
f 2983 3009 3002
f 3009 2985 3007
f 3002 3007 2977
f 3009 3007 3002
f 2981 3008 3003
f 3008 2985 3009
f 3003 3009 2983
f 3008 3009 3003
f 2976 3000 3016
f 3000 2982 3018
f 3016 3018 2988
f 3000 3018 3016
f 2982 2999 3012
f 2999 2973 3010
f 3012 3010 2986
f 2999 3010 3012
f 2988 3020 3017
f 3020 2986 3011
f 3017 3011 2978
f 3020 3011 3017
f 2982 3012 3018
f 3012 2986 3020
f 3018 3020 2988
f 3012 3020 3018
f 2977 3021 3005
f 3021 2989 3023
f 3005 3023 2984
f 3021 3023 3005
f 2989 3022 3025
f 3022 2978 3014
f 3025 3014 2987
f 3022 3014 3025
f 2984 3015 3004
f 3015 2987 3013
f 3004 3013 2974
f 3015 3013 3004
f 2989 3025 3023
f 3025 2987 3015
f 3023 3015 2984
f 3025 3015 3023
f 2976 3016 3006
f 3016 2988 3019
f 3006 3019 2985
f 3016 3019 3006
f 2988 3017 3026
f 3017 2978 3022
f 3026 3022 2989
f 3017 3022 3026
f 2985 3024 3007
f 3024 2989 3021
f 3007 3021 2977
f 3024 3021 3007
f 2988 3026 3019
f 3026 2989 3024
f 3019 3024 2985
f 3026 3024 3019
f 2972 3001 3001
f 3001 2983 2983
f 3001 2983 2983
f 3001 2983 3001
f 2983 3002 3002
f 3002 2977 2977
f 3002 2977 2977
f 3002 2977 3002
f 2983 3002 3002
f 3002 2977 2977
f 3002 2977 2977
f 3002 2977 3002
f 2983 3002 2983
f 3002 2977 3002
f 2983 3002 2983
f 3002 3002 2983
f 2977 3005 3005
f 3005 2984 2984
f 3005 2984 2984
f 3005 2984 3005
f 2984 3004 3004
f 3004 2974 2974
f 3004 2974 2974
f 3004 2974 3004
f 2984 3004 3004
f 3004 2974 2974
f 3004 2974 2974
f 3004 2974 3004
f 2984 3004 2984
f 3004 2974 3004
f 2984 3004 2984
f 3004 3004 2984
f 2977 3005 3005
f 3005 2984 2984
f 3005 2984 2984
f 3005 2984 3005
f 2984 3004 3004
f 3004 2974 2974
f 3004 2974 2974
f 3004 2974 3004
f 2984 3004 3004
f 3004 2974 2974
f 3004 2974 2974
f 3004 2974 3004
f 2984 3004 2984
f 3004 2974 3004
f 2984 3004 2984
f 3004 3004 2984
f 2977 3005 2977
f 3005 2984 3005
f 2977 3005 2977
f 3005 3005 2977
f 2984 3004 2984
f 3004 2974 3004
f 2984 3004 2984
f 3004 3004 2984
f 2977 3005 2977
f 3005 2984 3005
f 2977 3005 2977
f 3005 3005 2977
f 2984 2984 3005
f 2984 2984 3005
f 3005 3005 2977
f 2984 3005 3005
f 2972 3001 3027
f 3001 2983 3029
f 3027 3029 2990
f 3001 3029 3027
f 2983 3002 3034
f 3002 2977 3032
f 3034 3032 2992
f 3002 3032 3034
f 2990 3035 3028
f 3035 2992 3033
f 3028 3033 2979
f 3035 3033 3028
f 2983 3034 3029
f 3034 2992 3035
f 3029 3035 2990
f 3034 3035 3029
f 2977 3005 3042
f 3005 2984 3044
f 3042 3044 2995
f 3005 3044 3042
f 2984 3004 3038
f 3004 2974 3036
f 3038 3036 2993
f 3004 3036 3038
f 2995 3046 3043
f 3046 2993 3037
f 3043 3037 2980
f 3046 3037 3043
f 2984 3038 3044
f 3038 2993 3046
f 3044 3046 2995
f 3038 3046 3044
f 2979 3047 3031
f 3047 2996 3049
f 3031 3049 2991
f 3047 3049 3031
f 2996 3048 3051
f 3048 2980 3040
f 3051 3040 2994
f 3048 3040 3051
f 2991 3041 3030
f 3041 2994 3039
f 3030 3039 2975
f 3041 3039 3030
f 2996 3051 3049
f 3051 2994 3041
f 3049 3041 2991
f 3051 3041 3049
f 2977 3042 3032
f 3042 2995 3045
f 3032 3045 2992
f 3042 3045 3032
f 2995 3043 3052
f 3043 2980 3048
f 3052 3048 2996
f 3043 3048 3052
f 2992 3050 3033
f 3050 2996 3047
f 3033 3047 2979
f 3050 3047 3033
f 2995 3052 3045
f 3052 2996 3050
f 3045 3050 2992
f 3052 3050 3045
f 2972 3027 3027
f 3027 2990 2990
f 3027 2990 2990
f 3027 2990 3027
f 2990 3028 3028
f 3028 2979 2979
f 3028 2979 2979
f 3028 2979 3028
f 2990 3028 3028
f 3028 2979 2979
f 3028 2979 2979
f 3028 2979 3028
f 2990 3028 2990
f 3028 2979 3028
f 2990 3028 2990
f 3028 3028 2990
f 2979 3031 3031
f 3031 2991 2991
f 3031 2991 2991
f 3031 2991 3031
f 2991 3030 3030
f 3030 2975 2975
f 3030 2975 2975
f 3030 2975 3030
f 2991 3030 3030
f 3030 2975 2975
f 3030 2975 2975
f 3030 2975 3030
f 2991 3030 2991
f 3030 2975 3030
f 2991 3030 2991
f 3030 3030 2991
f 2979 3031 3031
f 3031 2991 2991
f 3031 2991 2991
f 3031 2991 3031
f 2991 3030 3030
f 3030 2975 2975
f 3030 2975 2975
f 3030 2975 3030
f 2991 3030 3030
f 3030 2975 2975
f 3030 2975 2975
f 3030 2975 3030
f 2991 3030 2991
f 3030 2975 3030
f 2991 3030 2991
f 3030 3030 2991
f 2979 3031 2979
f 3031 2991 3031
f 2979 3031 2979
f 3031 3031 2979
f 2991 3030 2991
f 3030 2975 3030
f 2991 3030 2991
f 3030 3030 2991
f 2979 3031 2979
f 3031 2991 3031
f 2979 3031 2979
f 3031 3031 2979
f 2991 2991 3031
f 2991 2991 3031
f 3031 3031 2979
f 2991 3031 3031