# https://github.com/mikedh/trimesh
v 0.00000000 0.00000000 2.57417631
v 0.00000000 0.00000000 0.00000000
v 2.69553041 0.00000000 0.00000000
v 2.69553041 0.00000000 2.57417631
v 0.00000000 0.00000000 1.28708816
v 1.34776521 0.00000000 1.28708816
v 1.34776521 0.00000000 0.00000000
v 1.34776521 0.00000000 2.57417631
v 2.69553041 0.00000000 1.28708816
v 0.00000000 0.00000000 1.93063223
v 0.00000000 0.00000000 0.64354408
v 0.67388260 0.00000000 1.93063223
v 2.02164781 0.00000000 0.64354408
v 0.67388260 0.00000000 1.28708816
v 0.67388260 0.00000000 0.00000000
v 2.02164781 0.00000000 0.00000000
v 0.67388260 0.00000000 0.64354408
v 1.34776521 0.00000000 0.64354408
v 0.67388260 0.00000000 2.57417631
v 2.02164781 0.00000000 2.57417631
v 1.34776521 0.00000000 1.93063223
v 2.69553041 0.00000000 0.64354408
v 2.69553041 0.00000000 1.93063223
v 2.02164781 0.00000000 1.28708816
v 2.02164781 0.00000000 1.93063223
v 0.00000000 0.00000000 2.25240427
v 0.00000000 0.00000000 1.60886019
v 0.00000000 0.00000000 0.32177204
v 0.00000000 0.00000000 0.96531612
v 0.33694130 0.00000000 2.25240427
v 1.01082391 0.00000000 1.60886019
v 0.33694130 0.00000000 1.93063223
v 2.35858911 0.00000000 0.32177204
v 1.68470651 0.00000000 0.96531612
v 0.33694130 0.00000000 1.28708816
v 1.01082391 0.00000000 1.28708816
v 0.33694130 0.00000000 1.60886019
v 0.67388260 0.00000000 1.60886019
v 0.33694130 0.00000000 0.00000000
v 1.01082391 0.00000000 0.00000000
v 0.33694130 0.00000000 0.32177204
v 2.35858911 0.00000000 0.00000000
v 1.68470651 0.00000000 0.00000000
v 2.02164781 0.00000000 0.32177204
v 0.33694130 0.00000000 0.96531612
v 1.01082391 0.00000000 0.32177204
v 0.33694130 0.00000000 0.64354408
v 0.67388260 0.00000000 0.96531612
v 0.67388260 0.00000000 0.32177204
v 1.34776521 0.00000000 0.96531612
v 1.34776521 0.00000000 0.32177204
v 1.68470651 0.00000000 0.64354408
v 1.01082391 0.00000000 0.96531612
v 1.68470651 0.00000000 0.32177204
v 1.01082391 0.00000000 0.64354408
v 0.33694130 0.00000000 2.57417631
v 1.01082391 0.00000000 2.57417631
v 0.67388260 0.00000000 2.25240427
v 2.35858911 0.00000000 2.57417631
v 1.68470651 0.00000000 2.57417631
v 1.34776521 0.00000000 1.60886019
v 1.34776521 0.00000000 2.25240427
v 1.01082391 0.00000000 1.93063223
v 1.01082391 0.00000000 2.25240427
v 2.69553041 0.00000000 0.32177204
v 2.69553041 0.00000000 0.96531612
v 2.35858911 0.00000000 0.64354408
v 2.69553041 0.00000000 2.25240427
v 2.69553041 0.00000000 1.60886019
v 2.35858911 0.00000000 2.25240427
v 1.68470651 0.00000000 1.28708816
v 2.35858911 0.00000000 1.28708816
v 2.02164781 0.00000000 0.96531612
v 1.68470651 0.00000000 1.60886019
v 2.35858911 0.00000000 0.96531612
v 1.68470651 0.00000000 2.25240427
v 2.35858911 0.00000000 1.60886019
v 2.02164781 0.00000000 2.25240427
v 1.68470651 0.00000000 1.93063223
v 2.35858911 0.00000000 1.93063223
v 2.02164781 0.00000000 1.60886019
v 2.69553041 1.73234749 2.21748590
v 2.69553041 1.73234749 0.35669062
v 2.69553041 3.59314251 2.21748590
v 2.69553041 5.32549000 0.00000000
v 2.69553041 3.59314251 0.35669062
v 2.69553041 5.32549000 2.57417631
v 2.69553041 0.86617374 2.39583111
v 2.69553041 1.73234749 1.28708826
v 2.69553041 0.86617374 1.46543346
v 2.69553041 2.66274500 2.21748590
v 2.69553041 1.79657125 2.39583111
v 2.69553041 3.52891874 0.17834531
v 2.69553041 2.66274500 0.35669062
v 2.69553041 3.59314251 1.28708826
v 2.69553041 4.45931625 0.17834531
v 2.69553041 2.66274500 2.57417631
v 2.69553041 4.45931625 2.39583111
v 2.69553041 5.32549000 1.28708816
v 2.69553041 4.45931625 1.46543346
v 2.69553041 0.86617374 0.17834531
v 2.69553041 2.66274500 0.00000000
v 2.69553041 1.29926062 2.30665851
v 2.69553041 0.43308687 2.48500371
v 2.69553041 1.73234749 1.75228708
v 2.69553041 1.73234749 0.82188944
v 2.69553041 1.29926062 1.84145968
v 2.69553041 0.43308687 2.01980489
v 2.69553041 1.29926062 0.91106204
v 2.69553041 0.86617374 1.93063229
v 2.69553041 1.29926062 1.37626086
v 2.69553041 2.19754624 2.21748590
v 2.69553041 3.12794375 2.21748590
v 2.69553041 1.76445937 2.30665851
v 2.69553041 0.89828563 2.48500371
v 2.69553041 2.69485688 2.30665851
v 2.69553041 1.33137250 2.39583111
v 2.69553041 2.22965813 2.30665851
v 2.69553041 2.63063312 0.26751796
v 2.69553041 4.42720437 0.08917265
v 2.69553041 2.19754624 0.35669062
v 2.69553041 3.12794375 0.35669062
v 2.69553041 3.09583187 0.26751796
v 2.69553041 3.59314251 1.75228708
v 2.69553041 3.59314251 0.82188944
v 2.69553041 4.89240313 0.08917265
v 2.69553041 4.02622938 0.26751796
v 2.69553041 3.99411750 0.17834531
v 2.69553041 3.56103063 0.26751796
v 2.69553041 1.33137250 2.57417631
v 2.69553041 3.99411750 2.57417631
v 2.69553041 2.22965813 2.48500371
v 2.69553041 4.02622938 2.30665851
v 2.69553041 4.89240313 2.48500371
v 2.69553041 3.12794375 2.39583111
v 2.69553041 4.02622938 1.84145968
v 2.69553041 3.56103063 2.48500371
v 2.69553041 5.32549000 0.64354408
v 2.69553041 5.32549000 1.93063223
v 2.69553041 4.89240313 0.73271673
v 2.69553041 4.02622938 0.91106204
v 2.69553041 4.89240313 2.01980489
v 2.69553041 4.02622938 1.37626086
v 2.69553041 4.45931625 0.82188939
v 2.69553041 4.45931625 1.93063229
v 2.69553041 4.89240313 1.37626081
v 2.69553041 0.43308687 1.37626081
v 2.69553041 1.29926062 0.26751796
v 2.69553041 0.43308687 0.08917265
v 2.69553041 0.86617374 0.82188939
v 2.69553041 2.19754624 0.17834531
v 2.69553041 0.43308687 0.73271673
v 2.69553041 3.99411750 0.00000000
v 2.69553041 1.33137250 0.00000000
v 2.69553041 3.09583187 0.08917265
v 2.69553041 1.76445937 0.08917265
v 2.69553041 1.51580405 2.26207221
v 2.69553041 1.08271718 2.35124481
v 2.69553041 0.21654344 2.52959001
v 2.69553041 0.64963031 2.44041741
v 2.69553041 1.73234749 1.98488649
v 2.69553041 1.73234749 1.51968767
v 2.69553041 1.51580405 2.02947279
v 2.69553041 1.73234749 0.58929003
v 2.69553041 1.73234749 1.05448885
v 2.69553041 1.08271718 2.11864540
v 2.69553041 1.51580405 1.56427397
v 2.69553041 1.29926062 2.07405910
v 2.69553041 1.51580405 1.79687338
v 2.69553041 0.21654344 2.29699060
v 2.69553041 0.64963031 1.74261918
v 2.69553041 0.43308687 2.25240430
v 2.69553041 1.51580405 0.63387633
v 2.69553041 1.08271718 1.18824775
v 2.69553041 1.51580405 0.86647574
v 2.69553041 0.86617374 2.16323170
v 2.69553041 0.86617374 1.69803287
v 2.69553041 0.64963031 2.20781800
v 2.69553041 1.08271718 1.88604598
v 2.69553041 0.64963031 1.97521859
v 2.69553041 1.51580405 1.33167456
v 2.69553041 1.08271718 1.42084716
v 2.69553041 1.51580405 1.09907515
v 2.69553041 1.29926062 1.60886027
v 2.69553041 1.29926062 1.14366145
v 2.69553041 1.08271718 1.65344657
v 2.69553041 1.96494687 2.21748590
v 2.69553041 2.43014562 2.21748590
v 2.69553041 1.74840343 2.26207221
v 2.69553041 3.36054313 2.21748590
v 2.69553041 2.89534438 2.21748590
v 2.69553041 1.31531656 2.35124481
v 2.69553041 2.21360219 2.26207221
v 2.69553041 1.53185999 2.30665851
v 2.69553041 1.98100281 2.26207221
v 2.69553041 0.44914281 2.52959001
v 2.69553041 1.34742844 2.44041741
v 2.69553041 0.66568625 2.48500371
v 2.69553041 3.14399970 2.26207221
v 2.69553041 2.24571407 2.35124481
v 2.69553041 2.91140032 2.26207221
v 2.69553041 1.09877312 2.39583111
v 2.69553041 1.56397188 2.39583111
v 2.69553041 0.88222969 2.44041741
v 2.69553041 1.54791594 2.35124481
v 2.69553041 1.11482906 2.44041741
v 2.69553041 2.44620156 2.26207221
v 2.69553041 2.01311469 2.35124481
v 2.69553041 2.67880094 2.26207221
v 2.69553041 1.99705875 2.30665851
v 2.69553041 2.46225750 2.30665851
v 2.69553041 1.78051531 2.35124481
v 2.69553041 2.18149030 0.31210429
v 2.69553041 3.07977593 0.22293163
v 2.69553041 4.87634718 0.04458633
v 2.69553041 3.97806156 0.13375898
v 2.69553041 1.96494687 0.35669062
v 2.69553041 2.43014562 0.35669062
v 2.69553041 2.41408968 0.31210429
v 2.69553041 3.36054313 0.35669062
v 2.69553041 2.89534438 0.35669062
v 2.69553041 3.31237531 0.22293163
v 2.69553041 2.87928843 0.31210429
v 2.69553041 2.86323249 0.26751796
v 2.69553041 2.64668906 0.31210429
v 2.69553041 3.59314251 1.98488649
v 2.69553041 3.59314251 1.51968767
v 2.69553041 3.59314251 0.58929003
v 2.69553041 3.59314251 1.05448885
v 2.69553041 5.10894656 0.04458633
v 2.69553041 4.67585969 0.13375898
v 2.69553041 4.65980375 0.08917265
v 2.69553041 3.80968595 0.31210429
v 2.69553041 4.24277282 0.22293163
v 2.69553041 3.57708657 0.31210429
v 2.69553041 3.76151812 0.17834531
v 2.69553041 4.22671688 0.17834531
v 2.69553041 4.21066093 0.13375898
v 2.69553041 3.54497468 0.22293163
v 2.69553041 4.44326031 0.13375898
v 2.69553041 3.11188781 0.31210429
v 2.69553041 4.01017344 0.22293163
v 2.69553041 3.34448719 0.31210429
v 2.69553041 3.32843125 0.26751796
v 2.69553041 3.79363000 0.26751796
v 2.69553041 3.77757406 0.22293163
v 2.69553041 0.66568625 2.57417631
v 2.69553041 1.99705875 2.57417631
v 2.69553041 1.11482906 2.52959001
v 2.69553041 4.65980375 2.57417631
v 2.69553041 3.32843125 2.57417631
v 2.69553041 2.01311469 2.44041741
v 2.69553041 2.44620156 2.52959001
v 2.69553041 1.56397188 2.48500371
v 2.69553041 1.78051531 2.52959001
v 2.69553041 3.80968595 2.26207221
v 2.69553041 4.24277282 2.35124481
v 2.69553041 3.36054313 2.30665851
v 2.69553041 3.80968595 2.02947279
v 2.69553041 5.10894656 2.52959001
v 2.69553041 4.67585969 2.44041741
v 2.69553041 4.44326031 2.52959001
v 2.69553041 2.46225750 2.39583111
v 2.69553041 3.79363000 2.39583111
v 2.69553041 2.91140032 2.35124481
v 2.69553041 2.67880094 2.44041741
v 2.69553041 3.57708657 2.35124481
v 2.69553041 3.80968595 1.56427397
v 2.69553041 4.24277282 2.11864540
v 2.69553041 3.80968595 1.79687338
v 2.69553041 4.02622938 2.07405910
v 2.69553041 3.11188781 2.52959001
v 2.69553041 4.01017344 2.44041741
v 2.69553041 3.77757406 2.52959001
v 2.69553041 2.89534438 2.48500371
v 2.69553041 4.22671688 2.48500371
v 2.69553041 3.34448719 2.44041741
v 2.69553041 5.32549000 0.32177204
v 2.69553041 5.32549000 0.96531612
v 2.69553041 5.10894656 0.36635837
v 2.69553041 5.32549000 2.25240427
v 2.69553041 5.32549000 1.60886019
v 2.69553041 4.67585969 0.45553102
v 2.69553041 5.10894656 1.00990244
v 2.69553041 4.89240313 0.41094469
v 2.69553041 5.10894656 0.68813040
v 2.69553041 3.80968595 0.63387633
v 2.69553041 4.24277282 1.18824775
v 2.69553041 3.80968595 0.86647574
v 2.69553041 4.02622938 0.58929000
v 2.69553041 5.10894656 2.29699060
v 2.69553041 4.67585969 1.74261918
v 2.69553041 4.89240313 2.25240430
v 2.69553041 5.10894656 1.97521856
v 2.69553041 3.80968595 1.33167456
v 2.69553041 4.24277282 1.42084716
v 2.69553041 3.80968595 1.09907515
v 2.69553041 4.02622938 1.60886027
v 2.69553041 4.02622938 1.14366145
v 2.69553041 4.45931625 0.50011735
v 2.69553041 4.45931625 1.14366142
v 2.69553041 4.24277282 0.54470367
v 2.69553041 4.67585969 0.77730306
v 2.69553041 4.24277282 0.86647571
v 2.69553041 4.45931625 2.16323170
v 2.69553041 4.45931625 1.69803287
v 2.69553041 4.67585969 2.20781800
v 2.69553041 4.24277282 1.88604598
v 2.69553041 4.67585969 1.97521859
v 2.69553041 4.24277282 1.65344657
v 2.69553041 5.10894656 1.33167448
v 2.69553041 4.67585969 1.42084714
v 2.69553041 5.10894656 1.65344652
v 2.69553041 4.89240313 1.05448877
v 2.69553041 4.89240313 1.69803285
v 2.69553041 4.67585969 1.09907510
v 2.69553041 0.21654344 1.97521856
v 2.69553041 0.64963031 1.42084714
v 2.69553041 0.21654344 1.33167448
v 2.69553041 0.43308687 1.69803285
v 2.69553041 0.21654344 1.65344652
v 2.69553041 1.51580405 0.31210429
v 2.69553041 1.08271718 0.22293163
v 2.69553041 1.29926062 0.58929000
v 2.69553041 1.96494687 0.26751796
v 2.69553041 0.21654344 0.04458633
v 2.69553041 0.64963031 0.13375898
v 2.69553041 0.21654344 0.36635837
v 2.69553041 0.86617374 1.14366142
v 2.69553041 0.86617374 0.50011735
v 2.69553041 1.08271718 0.86647571
v 2.69553041 0.64963031 1.09907510
v 2.69553041 1.08271718 0.54470367
v 2.69553041 2.86323249 0.17834531
v 2.69553041 1.53185999 0.17834531
v 2.69553041 2.41408968 0.22293163
v 2.69553041 1.74840343 0.22293163
v 2.69553041 0.21654344 1.00990244
v 2.69553041 0.64963031 0.45553102
v 2.69553041 0.21654344 0.68813040
v 2.69553041 0.43308687 1.05448877
v 2.69553041 0.43308687 0.41094469
v 2.69553041 0.64963031 0.77730306
v 2.69553041 4.65980375 0.00000000
v 2.69553041 3.32843125 0.00000000
v 2.69553041 4.21066093 0.04458633
v 2.69553041 0.66568625 0.00000000
v 2.69553041 1.99705875 0.00000000
v 2.69553041 0.88222969 0.04458633
v 2.69553041 3.31237531 0.13375898
v 2.69553041 2.87928843 0.04458633
v 2.69553041 3.76151812 0.08917265
v 2.69553041 2.64668906 0.13375898
v 2.69553041 3.54497468 0.04458633
v 2.69553041 1.31531656 0.13375898
v 2.69553041 2.21360219 0.04458633
v 2.69553041 1.09877312 0.08917265
v 2.69553041 1.98100281 0.13375898
v 2.69553041 1.54791594 0.04458633
v 2.69553041 2.43014562 0.08917265
v 0.00000000 0.76949894 2.09999990
v 0.00000000 1.96949887 2.09999990
v 0.00000000 0.76949894 0.00000000
v 0.00000000 5.32549000 2.57417631
v 0.00000000 5.32549000 0.00000000
v 0.00000000 1.96949887 0.00000000
v 0.00000000 0.38474947 1.04999995
v 0.00000000 0.38474947 2.33708811
v 0.00000000 0.98474944 2.33708811
v 0.00000000 1.36949891 2.09999990
v 0.00000000 0.38474947 0.00000000
v 0.00000000 0.76949894 1.04999995
v 0.00000000 2.66274500 2.57417631
v 0.00000000 3.64749444 2.33708811
v 0.00000000 3.64749444 1.04999995
v 0.00000000 5.32549000 1.28708816
v 0.00000000 1.96949887 1.04999995
v 0.00000000 3.64749444 0.00000000
v 0.00000000 0.19237474 0.52499998
v 0.00000000 0.57712421 1.57499993
v 0.00000000 0.19237474 1.16854405
v 0.00000000 0.19237474 2.45563221
v 0.00000000 0.57712421 2.21854401
v 0.00000000 0.19237474 1.81208813
v 0.00000000 0.38474947 1.69354403
v 0.00000000 0.49237472 2.45563221
v 0.00000000 1.47712415 2.21854401
v 0.00000000 0.68474945 2.33708811
v 0.00000000 1.06949893 2.09999990
v 0.00000000 1.66949889 2.09999990
v 0.00000000 0.87712419 2.21854401
v 0.00000000 1.17712417 2.21854401
v 0.00000000 0.19237474 0.00000000
v 0.00000000 0.57712421 0.00000000
v 0.00000000 0.38474947 0.52499998
v 0.00000000 0.76949894 1.57499993
v 0.00000000 0.76949894 0.52499998
v 0.00000000 0.57712421 1.04999995
v 0.00000000 0.57712421 0.52499998
v 0.00000000 1.33137250 2.57417631
v 0.00000000 3.99411750 2.57417631
v 0.00000000 1.82374722 2.45563221
v 0.00000000 2.80849665 2.21854401
v 0.00000000 4.48649222 2.45563221
v 0.00000000 2.31612194 2.33708811
v 0.00000000 3.15511972 2.45563221
v 0.00000000 2.80849665 1.57499993
v 0.00000000 4.48649222 0.52499998
v 0.00000000 3.64749444 1.69354403
v 0.00000000 5.32549000 1.93063223
v 0.00000000 5.32549000 0.64354408
v 0.00000000 4.48649222 1.81208813
v 0.00000000 4.48649222 1.16854405
v 0.00000000 1.96949887 1.57499993
v 0.00000000 1.96949887 0.52499998
v 0.00000000 2.80849665 1.04999995
v 0.00000000 4.48649222 0.00000000
v 0.00000000 2.80849665 0.00000000
v 0.00000000 3.64749444 0.52499998
v 0.00000000 2.80849665 0.52499998
v 0.00000000 0.09618737 0.26249999
v 0.00000000 0.28856210 0.78749996
v 0.00000000 0.09618737 0.58427203
v 0.00000000 0.67331158 1.83749992
v 0.00000000 0.48093684 1.31249994
v 0.00000000 0.09618737 1.22781610
v 0.00000000 0.28856210 1.10927200
v 0.00000000 0.09618737 0.90604407
v 0.00000000 0.19237474 0.84677202
v 0.00000000 0.09618737 2.51490426
v 0.00000000 0.28856210 2.39636016
v 0.00000000 0.09618737 2.19313222
v 0.00000000 0.67331158 2.15927196
v 0.00000000 0.48093684 2.27781606
v 0.00000000 0.57712421 1.89677197
v 0.00000000 0.09618737 1.54958814
v 0.00000000 0.28856210 2.07458812
v 0.00000000 0.09618737 1.87136018
v 0.00000000 0.19237474 1.49031609
v 0.00000000 0.19237474 2.13386017
v 0.00000000 0.38474947 1.37177199
v 0.00000000 0.38474947 2.01531607
v 0.00000000 0.48093684 1.63427198
v 0.00000000 0.28856210 1.43104404
v 0.00000000 0.48093684 1.95604402
v 0.00000000 0.28856210 1.75281608
v 0.00000000 0.24618736 2.51490426
v 0.00000000 0.73856208 2.39636016
v 0.00000000 0.34237473 2.45563221
v 0.00000000 1.72331151 2.15927196
v 0.00000000 1.23093680 2.27781606
v 0.00000000 0.53474946 2.33708811
v 0.00000000 0.83474945 2.33708811
v 0.00000000 0.43856210 2.39636016
v 0.00000000 0.58856209 2.39636016
v 0.00000000 0.91949894 2.09999990
v 0.00000000 1.21949892 2.09999990
v 0.00000000 0.82331157 2.15927196
v 0.00000000 1.81949888 2.09999990
v 0.00000000 1.51949890 2.09999990
v 0.00000000 1.57331152 2.15927196
v 0.00000000 0.63093683 2.27781606
v 0.00000000 1.12331155 2.15927196
v 0.00000000 0.72712420 2.21854401
v 0.00000000 0.78093682 2.27781606
v 0.00000000 0.97331156 2.15927196
v 0.00000000 1.08093680 2.27781606
v 0.00000000 1.27331154 2.15927196
v 0.00000000 1.32712416 2.21854401
v 0.00000000 0.93093681 2.27781606
v 0.00000000 1.42331153 2.15927196
v 0.00000000 1.02712418 2.21854401
v 0.00000000 0.09618737 0.00000000
v 0.00000000 0.28856210 0.00000000
v 0.00000000 0.19237474 0.26249999
v 0.00000000 0.67331158 0.00000000
v 0.00000000 0.48093684 0.00000000
v 0.00000000 0.38474947 0.78749996
v 0.00000000 0.38474947 0.26249999
v 0.00000000 0.28856210 0.52499998
v 0.00000000 0.28856210 0.26249999
v 0.00000000 0.76949894 1.83749992
v 0.00000000 0.76949894 1.31249994
v 0.00000000 0.67331158 1.57499993
v 0.00000000 0.76949894 0.26249999
v 0.00000000 0.76949894 0.78749996
v 0.00000000 0.67331158 0.26249999
v 0.00000000 0.48093684 1.04999995
v 0.00000000 0.67331158 1.04999995
v 0.00000000 0.57712421 1.31249994
v 0.00000000 0.48093684 0.78749996
v 0.00000000 0.67331158 1.31249994
v 0.00000000 0.48093684 0.26249999
v 0.00000000 0.67331158 0.78749996
v 0.00000000 0.57712421 0.26249999
v 0.00000000 0.48093684 0.52499998
v 0.00000000 0.67331158 0.52499998
v 0.00000000 0.57712421 0.78749996
v 0.00000000 0.66568625 2.57417631
v 0.00000000 1.99705875 2.57417631
v 0.00000000 0.91187361 2.51490426
v 0.00000000 4.65980375 2.57417631
v 0.00000000 3.32843125 2.57417631
v 0.00000000 1.40424833 2.39636016
v 0.00000000 2.24324611 2.51490426
v 0.00000000 1.15806097 2.45563221
v 0.00000000 1.57755986 2.51490426
v 0.00000000 2.38899776 2.15927196
v 0.00000000 3.22799554 2.27781606
v 0.00000000 2.14281040 2.21854401
v 0.00000000 4.90599111 2.51490426
v 0.00000000 4.06699333 2.39636016
v 0.00000000 4.24030486 2.51490426
v 0.00000000 1.65043569 2.33708811
v 0.00000000 2.98180819 2.33708811
v 0.00000000 1.89662305 2.27781606
v 0.00000000 2.06993458 2.39636016
v 0.00000000 2.56230929 2.27781606
v 0.00000000 2.90893236 2.51490426
v 0.00000000 3.40130708 2.39636016
v 0.00000000 3.57461861 2.51490426
v 0.00000000 2.48943347 2.45563221
v 0.00000000 3.82080597 2.45563221
v 0.00000000 2.73562083 2.39636016
v 0.00000000 2.38899776 1.83749992
v 0.00000000 3.22799554 1.31249994
v 0.00000000 2.80849665 1.89677197
v 0.00000000 4.90599111 0.26249999
v 0.00000000 4.06699333 0.78749996
v 0.00000000 3.64749444 2.01531607
v 0.00000000 3.64749444 1.37177199
v 0.00000000 3.22799554 1.95604402
v 0.00000000 3.22799554 1.63427198
v 0.00000000 5.32549000 2.25240427
v 0.00000000 5.32549000 1.60886019
v 0.00000000 4.90599111 2.19313222
v 0.00000000 5.32549000 0.32177204
v 0.00000000 5.32549000 0.96531612
v 0.00000000 4.90599111 0.58427203
v 0.00000000 4.06699333 2.07458812
v 0.00000000 4.90599111 1.54958814
v 0.00000000 4.48649222 2.13386017
v 0.00000000 4.06699333 1.75281608
v 0.00000000 4.90599111 1.87136018
v 0.00000000 4.06699333 1.10927200
v 0.00000000 4.90599111 1.22781610
v 0.00000000 4.48649222 0.84677202
v 0.00000000 4.06699333 1.43104404
v 0.00000000 4.90599111 0.90604407
v 0.00000000 4.48649222 1.49031609
v 0.00000000 1.96949887 1.83749992
v 0.00000000 1.96949887 1.31249994
v 0.00000000 2.38899776 1.57499993
v 0.00000000 1.96949887 0.26249999
v 0.00000000 1.96949887 0.78749996
v 0.00000000 3.22799554 1.04999995
v 0.00000000 2.38899776 1.04999995
v 0.00000000 2.80849665 1.31249994
v 0.00000000 2.38899776 1.31249994
v 0.00000000 4.90599111 0.00000000
v 0.00000000 4.06699333 0.00000000
v 0.00000000 4.48649222 0.26249999
v 0.00000000 2.38899776 0.00000000
v 0.00000000 3.22799554 0.00000000
v 0.00000000 2.38899776 0.26249999
v 0.00000000 3.64749444 0.78749996
v 0.00000000 3.64749444 0.26249999
v 0.00000000 4.06699333 0.52499998
v 0.00000000 3.22799554 0.78749996
v 0.00000000 4.06699333 0.26249999
v 0.00000000 2.38899776 0.78749996
v 0.00000000 3.22799554 0.26249999
v 0.00000000 2.38899776 0.52499998
v 0.00000000 2.80849665 0.78749996
v 0.00000000 2.80849665 0.26249999
v 0.00000000 3.22799554 0.52499998
v 1.34776521 0.38474947 0.00000000
v 1.34776521 0.98474944 0.00000000
v 0.00000000 1.36949891 0.00000000
v 1.34776521 3.64749444 0.00000000
v 1.34776521 5.32549000 0.00000000
v 2.02164781 0.19237474 0.00000000
v 0.67388260 0.57712421 0.00000000
v 1.34776521 0.19237474 0.00000000
v 0.67388260 0.19237474 0.00000000
v 0.67388260 0.38474947 0.00000000
v 2.02164781 0.49237472 0.00000000
v 0.67388260 1.47712415 0.00000000
v 1.34776521 0.68474945 0.00000000
v 0.00000000 1.06949893 0.00000000
v 0.00000000 1.66949889 0.00000000
v 0.67388260 0.87712419 0.00000000
v 0.67388260 1.17712417 0.00000000
v 2.02164781 1.82374722 0.00000000
v 0.67388260 2.80849665 0.00000000
v 2.02164781 4.48649222 0.00000000
v 1.34776521 2.31612194 0.00000000
v 2.02164781 3.15511972 0.00000000
v 0.67388260 3.64749444 0.00000000
v 2.02164781 5.32549000 0.00000000
v 0.67388260 5.32549000 0.00000000
v 1.34776521 4.48649222 0.00000000
v 0.67388260 4.48649222 0.00000000
v 2.35858911 0.09618737 0.00000000
v 1.68470651 0.28856210 0.00000000
v 2.02164781 0.09618737 0.00000000
v 0.33694130 0.67331158 0.00000000
v 1.01082391 0.48093684 0.00000000
v 1.34776521 0.09618737 0.00000000
v 1.34776521 0.28856210 0.00000000
v 1.68470651 0.09618737 0.00000000
v 1.68470651 0.19237474 0.00000000
v 0.33694130 0.09618737 0.00000000
v 0.33694130 0.57712421 0.00000000
v 1.01082391 0.09618737 0.00000000
v 0.33694130 0.28856210 0.00000000
v 0.67388260 0.09618737 0.00000000
v 1.01082391 0.19237474 0.00000000
v 0.33694130 0.19237474 0.00000000
v 1.01082391 0.38474947 0.00000000
v 0.33694130 0.38474947 0.00000000
v 0.67388260 0.48093684 0.00000000
v 1.01082391 0.28856210 0.00000000
v 0.33694130 0.48093684 0.00000000
v 0.67388260 0.28856210 0.00000000
v 2.35858911 0.24618736 0.00000000
v 1.68470651 0.73856208 0.00000000
v 2.02164781 0.34237473 0.00000000
v 0.33694130 1.72331151 0.00000000
v 1.01082391 1.23093680 0.00000000
v 1.34776521 0.53474946 0.00000000
v 1.34776521 0.83474945 0.00000000
v 1.68470651 0.43856210 0.00000000
v 1.68470651 0.58856209 0.00000000
v 0.00000000 0.91949894 0.00000000
v 0.00000000 1.21949892 0.00000000
v 0.33694130 0.82331157 0.00000000
v 0.00000000 1.81949888 0.00000000
v 0.00000000 1.51949890 0.00000000
v 0.33694130 1.57331152 0.00000000
v 1.01082391 0.63093683 0.00000000
v 0.33694130 1.12331155 0.00000000
v 0.67388260 0.72712420 0.00000000
v 1.01082391 0.78093682 0.00000000
v 0.33694130 0.97331156 0.00000000
v 1.01082391 1.08093680 0.00000000
v 0.33694130 1.27331154 0.00000000
v 0.67388260 1.32712416 0.00000000
v 1.01082391 0.93093681 0.00000000
v 0.33694130 1.42331153 0.00000000
v 0.67388260 1.02712418 0.00000000
v 2.35858911 0.91187361 0.00000000
v 1.68470651 1.40424833 0.00000000
v 2.35858911 2.24324611 0.00000000
v 2.02164781 1.15806097 0.00000000
v 2.35858911 1.57755986 0.00000000
v 0.33694130 2.38899776 0.00000000
v 1.01082391 3.22799554 0.00000000
v 0.67388260 2.14281040 0.00000000
v 2.35858911 4.90599111 0.00000000
v 1.68470651 4.06699333 0.00000000
v 2.35858911 4.24030486 0.00000000
v 1.34776521 1.65043569 0.00000000
v 1.34776521 2.98180819 0.00000000
v 1.01082391 1.89662305 0.00000000
v 1.68470651 2.06993458 0.00000000
v 1.01082391 2.56230929 0.00000000
v 2.35858911 2.90893236 0.00000000
v 1.68470651 3.40130708 0.00000000
v 2.35858911 3.57461861 0.00000000
v 2.02164781 2.48943347 0.00000000
v 2.02164781 3.82080597 0.00000000
v 1.68470651 2.73562083 0.00000000
v 0.33694130 2.80849665 0.00000000
v 1.01082391 3.64749444 0.00000000
v 0.33694130 3.64749444 0.00000000
v 0.67388260 3.22799554 0.00000000
v 0.33694130 3.22799554 0.00000000
v 2.35858911 5.32549000 0.00000000
v 1.68470651 5.32549000 0.00000000
v 2.02164781 4.90599111 0.00000000
v 0.33694130 5.32549000 0.00000000
v 1.01082391 5.32549000 0.00000000
v 0.33694130 4.90599111 0.00000000
v 1.34776521 4.06699333 0.00000000
v 1.34776521 4.90599111 0.00000000
v 1.68470651 4.48649222 0.00000000
v 1.01082391 4.06699333 0.00000000
v 1.68470651 4.90599111 0.00000000
v 0.33694130 4.06699333 0.00000000
v 1.01082391 4.90599111 0.00000000
v 0.33694130 4.48649222 0.00000000
v 0.67388260 4.06699333 0.00000000
v 0.67388260 4.90599111 0.00000000
v 1.01082391 4.48649222 0.00000000
v 0.00000000 1.36949891 1.04999995
v 0.00000000 1.06949893 1.57499993
v 0.00000000 1.66949889 0.52499998
v 0.00000000 1.36949891 1.57499993
v 0.00000000 1.66949889 1.57499993
v 0.00000000 1.66949889 1.04999995
v 0.00000000 1.06949893 1.04999995
v 0.00000000 1.36949891 0.52499998
v 0.00000000 1.06949893 0.52499998
v 0.00000000 0.91949894 1.83749992
v 0.00000000 1.21949892 1.31249994
v 0.00000000 1.06949893 1.83749992
v 0.00000000 1.81949888 0.26249999
v 0.00000000 1.51949890 0.78749996
v 0.00000000 1.36949891 1.83749992
v 0.00000000 1.36949891 1.31249994
v 0.00000000 1.21949892 1.83749992
v 0.00000000 1.21949892 1.57499993
v 0.00000000 1.81949888 1.83749992
v 0.00000000 1.81949888 0.52499998
v 0.00000000 1.51949890 1.83749992
v 0.00000000 1.81949888 1.31249994
v 0.00000000 1.66949889 1.83749992
v 0.00000000 1.51949890 1.57499993
v 0.00000000 1.81949888 1.57499993
v 0.00000000 1.51949890 1.04999995
v 0.00000000 1.81949888 1.04999995
v 0.00000000 1.66949889 0.78749996
v 0.00000000 1.51949890 1.31249994
v 0.00000000 1.81949888 0.78749996
v 0.00000000 1.66949889 1.31249994
v 0.00000000 0.91949894 1.57499993
v 0.00000000 1.21949892 1.04999995
v 0.00000000 0.91949894 1.04999995
v 0.00000000 1.06949893 1.31249994
v 0.00000000 0.91949894 1.31249994
v 0.00000000 1.66949889 0.26249999
v 0.00000000 0.91949894 0.26249999
v 0.00000000 1.36949891 0.78749996
v 0.00000000 1.36949891 0.26249999
v 0.00000000 1.51949890 0.52499998
v 0.00000000 1.21949892 0.78749996
v 0.00000000 1.51949890 0.26249999
v 0.00000000 0.91949894 0.78749996
v 0.00000000 1.21949892 0.26249999
v 0.00000000 0.91949894 0.52499998
v 0.00000000 1.06949893 0.78749996
v 0.00000000 1.06949893 0.26249999
v 0.00000000 1.21949892 0.52499998
v 1.34776521 2.66274500 2.57417631
v 1.34776521 5.32549000 2.57417631
v 0.67388260 3.99411750 2.57417631
v 2.02164781 1.33137250 2.57417631
v 0.67388260 2.66274500 2.57417631
v 0.67388260 1.33137250 2.57417631
v 1.34776521 1.33137250 2.57417631
v 0.67388260 5.32549000 2.57417631
v 2.02164781 5.32549000 2.57417631
v 1.34776521 3.99411750 2.57417631
v 2.02164781 2.66274500 2.57417631
v 2.02164781 3.99411750 2.57417631
v 0.33694130 4.65980375 2.57417631
v 1.01082391 3.32843125 2.57417631
v 0.33694130 3.99411750 2.57417631
v 2.35858911 0.66568625 2.57417631
v 1.68470651 1.99705875 2.57417631
v 0.33694130 2.66274500 2.57417631
v 1.01082391 2.66274500 2.57417631
v 0.33694130 3.32843125 2.57417631
v 0.67388260 3.32843125 2.57417631
v 0.33694130 0.66568625 2.57417631
v 2.02164781 0.66568625 2.57417631
v 0.33694130 1.99705875 2.57417631
v 1.01082391 0.66568625 2.57417631
v 0.33694130 1.33137250 2.57417631
v 0.67388260 1.99705875 2.57417631
v 0.67388260 0.66568625 2.57417631
v 1.34776521 1.99705875 2.57417631
v 1.34776521 0.66568625 2.57417631
v 1.68470651 1.33137250 2.57417631
v 1.01082391 1.99705875 2.57417631
v 1.68470651 0.66568625 2.57417631
v 1.01082391 1.33137250 2.57417631
v 0.33694130 5.32549000 2.57417631
v 1.01082391 5.32549000 2.57417631
v 0.67388260 4.65980375 2.57417631
v 2.35858911 5.32549000 2.57417631
v 1.68470651 5.32549000 2.57417631
v 1.34776521 3.32843125 2.57417631
v 1.34776521 4.65980375 2.57417631
v 1.01082391 3.99411750 2.57417631
v 1.01082391 4.65980375 2.57417631
v 2.35858911 1.33137250 2.57417631
v 2.35858911 4.65980375 2.57417631
v 1.68470651 2.66274500 2.57417631
v 2.35858911 2.66274500 2.57417631
v 2.02164781 1.99705875 2.57417631
v 1.68470651 3.32843125 2.57417631
v 2.35858911 1.99705875 2.57417631
v 1.68470651 4.65980375 2.57417631
v 2.35858911 3.32843125 2.57417631
v 2.02164781 4.65980375 2.57417631
v 1.68470651 3.99411750 2.57417631
v 2.35858911 3.99411750 2.57417631
v 2.02164781 3.32843125 2.57417631
v 2.49553061 1.73234749 2.21748590
v 2.49553061 3.59314251 2.21748590
v 2.59553051 2.66274500 2.21748590
v 2.59553051 1.73234749 2.21748590
v 2.59553051 3.59314251 2.21748590
v 2.49553061 2.66274500 2.21748590
v 2.64553046 3.12794375 2.21748590
v 2.54553056 2.19754624 2.21748590
v 2.64553046 2.66274500 2.21748590
v 2.64553046 1.73234749 2.21748590
v 2.54553056 1.73234749 2.21748590
v 2.64553046 2.19754624 2.21748590
v 2.59553051 2.19754624 2.21748590
v 2.64553046 3.59314251 2.21748590
v 2.54553056 3.59314251 2.21748590
v 2.59553051 3.12794375 2.21748590
v 2.49553061 2.19754624 2.21748590
v 2.49553061 3.12794375 2.21748590
v 2.54553056 2.66274500 2.21748590
v 2.54553056 3.12794375 2.21748590
v 2.67053044 3.36054313 2.21748590
v 2.62053049 2.89534438 2.21748590
v 2.67053044 3.12794375 2.21748590
v 2.52053058 1.96494687 2.21748590
v 2.57053053 2.43014562 2.21748590
v 2.67053044 2.66274500 2.21748590
v 2.62053049 2.66274500 2.21748590
v 2.67053044 2.89534438 2.21748590
v 2.64553046 2.89534438 2.21748590
v 2.67053044 1.73234749 2.21748590
v 2.62053049 1.73234749 2.21748590
v 2.67053044 1.96494687 2.21748590
v 2.52053058 1.73234749 2.21748590
v 2.57053053 1.73234749 2.21748590
v 2.54553056 1.96494687 2.21748590
v 2.67053044 2.43014562 2.21748590
v 2.62053049 1.96494687 2.21748590
v 2.67053044 2.19754624 2.21748590
v 2.64553046 2.43014562 2.21748590
v 2.64553046 1.96494687 2.21748590
v 2.59553051 2.43014562 2.21748590
v 2.59553051 1.96494687 2.21748590
v 2.57053053 2.19754624 2.21748590
v 2.62053049 2.43014562 2.21748590
v 2.57053053 1.96494687 2.21748590
v 2.62053049 2.19754624 2.21748590
v 2.67053044 3.59314251 2.21748590
v 2.62053049 3.59314251 2.21748590
v 2.64553046 3.36054313 2.21748590
v 2.52053058 3.59314251 2.21748590
v 2.57053053 3.59314251 2.21748590
v 2.59553051 2.89534438 2.21748590
v 2.59553051 3.36054313 2.21748590
v 2.62053049 3.12794375 2.21748590
v 2.62053049 3.36054313 2.21748590
v 2.49553061 1.96494687 2.21748590
v 2.49553061 2.43014562 2.21748590
v 2.52053058 2.19754624 2.21748590
v 2.49553061 3.36054313 2.21748590
v 2.49553061 2.89534438 2.21748590
v 2.52053058 3.36054313 2.21748590
v 2.57053053 2.66274500 2.21748590
v 2.52053058 2.66274500 2.21748590
v 2.54553056 2.43014562 2.21748590
v 2.57053053 2.89534438 2.21748590
v 2.52053058 2.43014562 2.21748590
v 2.57053053 3.36054313 2.21748590
v 2.52053058 2.89534438 2.21748590
v 2.54553056 3.36054313 2.21748590
v 2.57053053 3.12794375 2.21748590
v 2.52053058 3.12794375 2.21748590
v 2.54553056 2.89534438 2.21748590
v 2.49553061 1.73234749 0.35669062
v 2.49553061 3.59314251 0.35669062
v 2.49553061 1.73234749 1.28708826
v 2.49553061 2.66274500 1.28708826
v 2.49553061 2.66274500 0.35669062
v 2.49553061 3.59314251 1.28708826
v 2.49553061 1.73234749 1.75228708
v 2.49553061 1.73234749 0.82188944
v 2.49553061 2.19754624 1.75228708
v 2.49553061 3.12794375 0.82188944
v 2.49553061 2.19754624 1.28708826
v 2.49553061 2.19754624 0.35669062
v 2.49553061 3.12794375 0.35669062
v 2.49553061 2.19754624 0.82188944
v 2.49553061 2.66274500 0.82188944
v 2.49553061 2.66274500 1.75228708
v 2.49553061 3.59314251 0.82188944
v 2.49553061 3.59314251 1.75228708
v 2.49553061 3.12794375 1.28708826
v 2.49553061 3.12794375 1.75228708
v 2.49553061 1.73234749 1.98488649
v 2.49553061 1.73234749 1.51968767
v 2.49553061 1.73234749 0.58929003
v 2.49553061 1.73234749 1.05448885
v 2.49553061 1.96494687 1.98488649
v 2.49553061 2.43014562 1.51968767
v 2.49553061 1.96494687 1.75228708
v 2.49553061 3.36054313 0.58929003
v 2.49553061 2.89534438 1.05448885
v 2.49553061 1.96494687 1.28708826
v 2.49553061 2.43014562 1.28708826
v 2.49553061 1.96494687 1.51968767
v 2.49553061 2.19754624 1.51968767
v 2.49553061 1.96494687 0.35669062
v 2.49553061 2.43014562 0.35669062
v 2.49553061 1.96494687 0.58929003
v 2.49553061 3.36054313 0.35669062
v 2.49553061 2.89534438 0.35669062
v 2.49553061 3.12794375 0.58929003
v 2.49553061 1.96494687 1.05448885
v 2.49553061 2.43014562 0.58929003
v 2.49553061 1.96494687 0.82188944
v 2.49553061 2.19754624 1.05448885
v 2.49553061 2.19754624 0.58929003
v 2.49553061 2.66274500 1.05448885
v 2.49553061 2.66274500 0.58929003
v 2.49553061 2.89534438 0.82188944
v 2.49553061 2.43014562 1.05448885
v 2.49553061 2.89534438 0.58929003
v 2.49553061 2.43014562 0.82188944
v 2.49553061 2.19754624 1.98488649
v 2.49553061 2.66274500 1.51968767
v 2.49553061 2.66274500 1.98488649
v 2.49553061 2.43014562 1.75228708
v 2.49553061 2.43014562 1.98488649
v 2.49553061 3.59314251 0.58929003
v 2.49553061 3.59314251 1.05448885
v 2.49553061 3.36054313 0.82188944
v 2.49553061 3.59314251 1.98488649
v 2.49553061 3.59314251 1.51968767
v 2.49553061 3.36054313 1.98488649
v 2.49553061 2.89534438 1.28708826
v 2.49553061 3.36054313 1.28708826
v 2.49553061 3.12794375 1.05448885
v 2.49553061 2.89534438 1.51968767
v 2.49553061 3.36054313 1.05448885
v 2.49553061 2.89534438 1.98488649
v 2.49553061 3.36054313 1.51968767
v 2.49553061 3.12794375 1.98488649
v 2.49553061 2.89534438 1.75228708
v 2.49553061 3.36054313 1.75228708
v 2.49553061 3.12794375 1.51968767
v 2.59553051 3.59314251 1.28708826
v 2.59553051 3.59314251 0.35669062
v 2.64553046 3.59314251 0.82188944
v 2.54553056 3.59314251 1.75228708
v 2.64553046 3.59314251 1.28708826
v 2.64553046 3.59314251 1.75228708
v 2.59553051 3.59314251 1.75228708
v 2.64553046 3.59314251 0.35669062
v 2.54553056 3.59314251 0.35669062
v 2.59553051 3.59314251 0.82188944
v 2.54553056 3.59314251 1.28708826
v 2.54553056 3.59314251 0.82188944
v 2.67053044 3.59314251 0.58929003
v 2.62053049 3.59314251 1.05448885
v 2.67053044 3.59314251 0.82188944
v 2.52053058 3.59314251 1.98488649
v 2.57053053 3.59314251 1.51968767
v 2.67053044 3.59314251 1.28708826
v 2.62053049 3.59314251 1.28708826
v 2.67053044 3.59314251 1.05448885
v 2.64553046 3.59314251 1.05448885
v 2.67053044 3.59314251 1.98488649
v 2.54553056 3.59314251 1.98488649
v 2.67053044 3.59314251 1.51968767
v 2.62053049 3.59314251 1.98488649
v 2.67053044 3.59314251 1.75228708
v 2.64553046 3.59314251 1.51968767
v 2.64553046 3.59314251 1.98488649
v 2.59553051 3.59314251 1.51968767
v 2.59553051 3.59314251 1.98488649
v 2.57053053 3.59314251 1.75228708
v 2.62053049 3.59314251 1.51968767
v 2.57053053 3.59314251 1.98488649
v 2.62053049 3.59314251 1.75228708
v 2.67053044 3.59314251 0.35669062
v 2.62053049 3.59314251 0.35669062
v 2.64553046 3.59314251 0.58929003
v 2.52053058 3.59314251 0.35669062
v 2.57053053 3.59314251 0.35669062
v 2.59553051 3.59314251 1.05448885
v 2.59553051 3.59314251 0.58929003
v 2.62053049 3.59314251 0.82188944
v 2.62053049 3.59314251 0.58929003
v 2.52053058 3.59314251 1.75228708
v 2.52053058 3.59314251 0.58929003
v 2.57053053 3.59314251 1.28708826
v 2.52053058 3.59314251 1.28708826
v 2.54553056 3.59314251 1.51968767
v 2.57053053 3.59314251 1.05448885
v 2.52053058 3.59314251 1.51968767
v 2.57053053 3.59314251 0.58929003
v 2.52053058 3.59314251 1.05448885
v 2.54553056 3.59314251 0.58929003
v 2.57053053 3.59314251 0.82188944
v 2.52053058 3.59314251 0.82188944
v 2.54553056 3.59314251 1.05448885
v 2.59553051 2.66274500 0.35669062
v 2.59553051 1.73234749 0.35669062
v 2.64553046 2.19754624 0.35669062
v 2.54553056 3.12794375 0.35669062
v 2.64553046 2.66274500 0.35669062
v 2.64553046 3.12794375 0.35669062
v 2.59553051 3.12794375 0.35669062
v 2.64553046 1.73234749 0.35669062
v 2.54553056 1.73234749 0.35669062
v 2.59553051 2.19754624 0.35669062
v 2.54553056 2.66274500 0.35669062
v 2.54553056 2.19754624 0.35669062
v 2.67053044 1.96494687 0.35669062
v 2.62053049 2.43014562 0.35669062
v 2.67053044 2.19754624 0.35669062
v 2.52053058 3.36054313 0.35669062
v 2.57053053 2.89534438 0.35669062
v 2.67053044 2.66274500 0.35669062
v 2.62053049 2.66274500 0.35669062
v 2.67053044 2.43014562 0.35669062
v 2.64553046 2.43014562 0.35669062
v 2.67053044 3.36054313 0.35669062
v 2.54553056 3.36054313 0.35669062
v 2.67053044 2.89534438 0.35669062
v 2.62053049 3.36054313 0.35669062
v 2.67053044 3.12794375 0.35669062
v 2.64553046 2.89534438 0.35669062
v 2.64553046 3.36054313 0.35669062
v 2.59553051 2.89534438 0.35669062
v 2.59553051 3.36054313 0.35669062
v 2.57053053 3.12794375 0.35669062
v 2.62053049 2.89534438 0.35669062
v 2.57053053 3.36054313 0.35669062
v 2.62053049 3.12794375 0.35669062
v 2.67053044 1.73234749 0.35669062
v 2.62053049 1.73234749 0.35669062
v 2.64553046 1.96494687 0.35669062
v 2.52053058 1.73234749 0.35669062
v 2.57053053 1.73234749 0.35669062
v 2.59553051 2.43014562 0.35669062
v 2.59553051 1.96494687 0.35669062
v 2.62053049 2.19754624 0.35669062
v 2.62053049 1.96494687 0.35669062
v 2.52053058 3.12794375 0.35669062
v 2.52053058 1.96494687 0.35669062
v 2.57053053 2.66274500 0.35669062
v 2.52053058 2.66274500 0.35669062
v 2.54553056 2.89534438 0.35669062
v 2.57053053 2.43014562 0.35669062
v 2.52053058 2.89534438 0.35669062
v 2.57053053 1.96494687 0.35669062
v 2.52053058 2.43014562 0.35669062
v 2.54553056 1.96494687 0.35669062
v 2.57053053 2.19754624 0.35669062
v 2.52053058 2.19754624 0.35669062
v 2.54553056 2.43014562 0.35669062
v 2.59553051 1.73234749 1.28708826
v 2.64553046 1.73234749 1.75228708
v 2.54553056 1.73234749 0.82188944
v 2.64553046 1.73234749 1.28708826
v 2.64553046 1.73234749 0.82188944
v 2.59553051 1.73234749 0.82188944
v 2.59553051 1.73234749 1.75228708
v 2.54553056 1.73234749 1.28708826
v 2.54553056 1.73234749 1.75228708
v 2.67053044 1.73234749 1.98488649
v 2.62053049 1.73234749 1.51968767
v 2.67053044 1.73234749 1.75228708
v 2.52053058 1.73234749 0.58929003
v 2.57053053 1.73234749 1.05448885
v 2.67053044 1.73234749 1.28708826
v 2.62053049 1.73234749 1.28708826
v 2.67053044 1.73234749 1.51968767
v 2.64553046 1.73234749 1.51968767
v 2.67053044 1.73234749 0.58929003
v 2.54553056 1.73234749 0.58929003
v 2.67053044 1.73234749 1.05448885
v 2.62053049 1.73234749 0.58929003
v 2.67053044 1.73234749 0.82188944
v 2.64553046 1.73234749 1.05448885
v 2.64553046 1.73234749 0.58929003
v 2.59553051 1.73234749 1.05448885
v 2.59553051 1.73234749 0.58929003
v 2.57053053 1.73234749 0.82188944
v 2.62053049 1.73234749 1.05448885
v 2.57053053 1.73234749 0.58929003
v 2.62053049 1.73234749 0.82188944
v 2.64553046 1.73234749 1.98488649
v 2.59553051 1.73234749 1.51968767
v 2.59553051 1.73234749 1.98488649
v 2.62053049 1.73234749 1.75228708
v 2.62053049 1.73234749 1.98488649
v 2.52053058 1.73234749 0.82188944
v 2.52053058 1.73234749 1.98488649
v 2.57053053 1.73234749 1.28708826
v 2.52053058 1.73234749 1.28708826
v 2.54553056 1.73234749 1.05448885
v 2.57053053 1.73234749 1.51968767
v 2.52053058 1.73234749 1.05448885
v 2.57053053 1.73234749 1.98488649
v 2.52053058 1.73234749 1.51968767
v 2.54553056 1.73234749 1.98488649
v 2.57053053 1.73234749 1.75228708
v 2.52053058 1.73234749 1.75228708
v 2.54553056 1.73234749 1.51968767
v 0.69405860 5.32549000 1.89400709
v 2.00147176 5.32549000 1.89400709
v 2.00147176 5.52549028 1.89400709
v 0.69405860 5.52549028 1.89400709
v 1.34776518 5.32549000 1.89400709
v 1.34776518 5.42549014 1.89400709
v 2.00147176 5.42549014 1.89400709
v 0.69405860 5.42549014 1.89400709
v 1.34776518 5.52549028 1.89400709
v 1.02091189 5.32549000 1.89400709
v 1.67461847 5.32549000 1.89400709
v 1.02091189 5.37549007 1.89400709
v 1.67461847 5.47549021 1.89400709
v 1.34776518 5.37549007 1.89400709
v 2.00147176 5.37549007 1.89400709
v 2.00147176 5.47549021 1.89400709
v 1.67461847 5.37549007 1.89400709
v 1.67461847 5.42549014 1.89400709
v 0.69405860 5.37549007 1.89400709
v 0.69405860 5.47549021 1.89400709
v 1.02091189 5.42549014 1.89400709
v 1.67461847 5.52549028 1.89400709
v 1.02091189 5.52549028 1.89400709
v 1.34776518 5.47549021 1.89400709
v 1.02091189 5.47549021 1.89400709
v 0.85748524 5.32549000 1.89400709
v 1.18433853 5.32549000 1.89400709
v 1.83804511 5.32549000 1.89400709
v 1.51119182 5.32549000 1.89400709
v 0.85748524 5.35049003 1.89400709
v 1.18433853 5.40049011 1.89400709
v 1.02091189 5.35049003 1.89400709
v 1.83804511 5.50049025 1.89400709
v 1.51119182 5.45049018 1.89400709
v 1.34776518 5.35049003 1.89400709
v 1.34776518 5.40049011 1.89400709
v 1.18433853 5.35049003 1.89400709
v 1.18433853 5.37549007 1.89400709
v 2.00147176 5.35049003 1.89400709
v 2.00147176 5.40049011 1.89400709
v 1.83804511 5.35049003 1.89400709
v 2.00147176 5.50049025 1.89400709
v 2.00147176 5.45049018 1.89400709
v 1.83804511 5.47549021 1.89400709
v 1.51119182 5.35049003 1.89400709
v 1.83804511 5.40049011 1.89400709
v 1.67461847 5.35049003 1.89400709
v 1.51119182 5.37549007 1.89400709
v 1.83804511 5.37549007 1.89400709
v 1.51119182 5.42549014 1.89400709
v 1.83804511 5.42549014 1.89400709
v 1.67461847 5.45049018 1.89400709
v 1.51119182 5.40049011 1.89400709
v 1.83804511 5.45049018 1.89400709
v 1.67461847 5.40049011 1.89400709
v 0.69405860 5.35049003 1.89400709
v 0.69405860 5.40049011 1.89400709
v 0.85748524 5.37549007 1.89400709
v 0.69405860 5.50049025 1.89400709
v 0.69405860 5.45049018 1.89400709
v 1.18433853 5.42549014 1.89400709
v 0.85748524 5.42549014 1.89400709
v 1.02091189 5.40049011 1.89400709
v 0.85748524 5.40049011 1.89400709
v 1.83804511 5.52549028 1.89400709
v 1.51119182 5.52549028 1.89400709
v 1.67461847 5.50049025 1.89400709
v 0.85748524 5.52549028 1.89400709
v 1.18433853 5.52549028 1.89400709
v 0.85748524 5.50049025 1.89400709
v 1.34776518 5.45049018 1.89400709
v 1.34776518 5.50049025 1.89400709
v 1.51119182 5.47549021 1.89400709
v 1.18433853 5.45049018 1.89400709
v 1.51119182 5.50049025 1.89400709
v 0.85748524 5.45049018 1.89400709
v 1.18433853 5.50049025 1.89400709
v 0.85748524 5.47549021 1.89400709
v 1.02091189 5.45049018 1.89400709
v 1.02091189 5.50049025 1.89400709
v 1.18433853 5.47549021 1.89400709
v 0.69405860 5.32549000 0.68016928
v 0.69405860 5.52549028 0.68016928
v 0.69405860 5.32549000 1.28708819
v 0.69405860 5.42549014 1.28708819
v 0.69405860 5.42549014 0.68016928
v 0.69405860 5.52549028 1.28708819
v 0.69405860 5.32549000 0.98362873
v 0.69405860 5.32549000 1.59054764
v 0.69405860 5.37549007 0.98362873
v 0.69405860 5.47549021 1.59054764
v 0.69405860 5.37549007 1.28708819
v 0.69405860 5.37549007 1.59054764
v 0.69405860 5.42549014 1.59054764
v 0.69405860 5.37549007 0.68016928
v 0.69405860 5.47549021 0.68016928
v 0.69405860 5.42549014 0.98362873
v 0.69405860 5.52549028 1.59054764
v 0.69405860 5.52549028 0.98362873
v 0.69405860 5.47549021 1.28708819
v 0.69405860 5.47549021 0.98362873
v 0.69405860 5.32549000 0.83189901
v 0.69405860 5.32549000 1.13535846
v 0.69405860 5.32549000 1.74227736
v 0.69405860 5.32549000 1.43881791
v 0.69405860 5.35049003 0.83189901
v 0.69405860 5.40049011 1.13535846
v 0.69405860 5.35049003 0.98362873
v 0.69405860 5.50049025 1.74227736
v 0.69405860 5.45049018 1.43881791
v 0.69405860 5.35049003 1.28708819
v 0.69405860 5.40049011 1.28708819
v 0.69405860 5.35049003 1.13535846
v 0.69405860 5.37549007 1.13535846
v 0.69405860 5.35049003 1.74227736
v 0.69405860 5.47549021 1.74227736
v 0.69405860 5.35049003 1.43881791
v 0.69405860 5.40049011 1.74227736
v 0.69405860 5.35049003 1.59054764
v 0.69405860 5.37549007 1.43881791
v 0.69405860 5.37549007 1.74227736
v 0.69405860 5.42549014 1.43881791
v 0.69405860 5.42549014 1.74227736
v 0.69405860 5.45049018 1.59054764
v 0.69405860 5.40049011 1.43881791
v 0.69405860 5.45049018 1.74227736
v 0.69405860 5.40049011 1.59054764
v 0.69405860 5.35049003 0.68016928
v 0.69405860 5.40049011 0.68016928
v 0.69405860 5.37549007 0.83189901
v 0.69405860 5.50049025 0.68016928
v 0.69405860 5.45049018 0.68016928
v 0.69405860 5.42549014 1.13535846
v 0.69405860 5.42549014 0.83189901
v 0.69405860 5.40049011 0.98362873
v 0.69405860 5.40049011 0.83189901
v 0.69405860 5.52549028 1.74227736
v 0.69405860 5.52549028 1.43881791
v 0.69405860 5.50049025 1.59054764
v 0.69405860 5.52549028 0.83189901
v 0.69405860 5.52549028 1.13535846
v 0.69405860 5.50049025 0.83189901
v 0.69405860 5.45049018 1.28708819
v 0.69405860 5.50049025 1.28708819
v 0.69405860 5.47549021 1.43881791
v 0.69405860 5.45049018 1.13535846
v 0.69405860 5.50049025 1.43881791
v 0.69405860 5.45049018 0.83189901
v 0.69405860 5.50049025 1.13535846
v 0.69405860 5.47549021 0.83189901
v 0.69405860 5.45049018 0.98362873
v 0.69405860 5.50049025 0.98362873
v 0.69405860 5.47549021 1.13535846
v 2.00147176 5.32549000 0.68016928
v 2.00147176 5.52549028 0.68016928
v 1.34776518 5.32549000 0.68016928
v 1.34776518 5.42549014 0.68016928
v 2.00147176 5.42549014 0.68016928
v 1.34776518 5.52549028 0.68016928
v 1.67461847 5.32549000 0.68016928
v 1.02091189 5.32549000 0.68016928
v 1.67461847 5.37549007 0.68016928
v 1.02091189 5.47549021 0.68016928
v 1.34776518 5.37549007 0.68016928
v 1.02091189 5.37549007 0.68016928
v 1.02091189 5.42549014 0.68016928
v 2.00147176 5.37549007 0.68016928
v 2.00147176 5.47549021 0.68016928
v 1.67461847 5.42549014 0.68016928
v 1.02091189 5.52549028 0.68016928
v 1.67461847 5.52549028 0.68016928
v 1.34776518 5.47549021 0.68016928
v 1.67461847 5.47549021 0.68016928
v 1.83804511 5.32549000 0.68016928
v 1.51119182 5.32549000 0.68016928
v 0.85748524 5.32549000 0.68016928
v 1.18433853 5.32549000 0.68016928
v 1.83804511 5.35049003 0.68016928
v 1.51119182 5.40049011 0.68016928
v 1.67461847 5.35049003 0.68016928
v 0.85748524 5.50049025 0.68016928
v 1.18433853 5.45049018 0.68016928
v 1.34776518 5.35049003 0.68016928
v 1.34776518 5.40049011 0.68016928
v 1.51119182 5.35049003 0.68016928
v 1.51119182 5.37549007 0.68016928
v 0.85748524 5.35049003 0.68016928
v 0.85748524 5.47549021 0.68016928
v 1.18433853 5.35049003 0.68016928
v 0.85748524 5.40049011 0.68016928
v 1.02091189 5.35049003 0.68016928
v 1.18433853 5.37549007 0.68016928
v 0.85748524 5.37549007 0.68016928
v 1.18433853 5.42549014 0.68016928
v 0.85748524 5.42549014 0.68016928
v 1.02091189 5.45049018 0.68016928
v 1.18433853 5.40049011 0.68016928
v 0.85748524 5.45049018 0.68016928
v 1.02091189 5.40049011 0.68016928
v 2.00147176 5.35049003 0.68016928
v 2.00147176 5.40049011 0.68016928
v 1.83804511 5.37549007 0.68016928
v 2.00147176 5.50049025 0.68016928
v 2.00147176 5.45049018 0.68016928
v 1.51119182 5.42549014 0.68016928
v 1.83804511 5.42549014 0.68016928
v 1.67461847 5.40049011 0.68016928
v 1.83804511 5.40049011 0.68016928
v 0.85748524 5.52549028 0.68016928
v 1.18433853 5.52549028 0.68016928
v 1.02091189 5.50049025 0.68016928
v 1.83804511 5.52549028 0.68016928
v 1.51119182 5.52549028 0.68016928
v 1.83804511 5.50049025 0.68016928
v 1.34776518 5.45049018 0.68016928
v 1.34776518 5.50049025 0.68016928
v 1.18433853 5.47549021 0.68016928
v 1.51119182 5.45049018 0.68016928
v 1.18433853 5.50049025 0.68016928
v 1.83804511 5.45049018 0.68016928
v 1.51119182 5.50049025 0.68016928
v 1.83804511 5.47549021 0.68016928
v 1.67461847 5.45049018 0.68016928
v 1.67461847 5.50049025 0.68016928
v 1.51119182 5.47549021 0.68016928
v 2.00147176 5.32549000 1.28708819
v 2.00147176 5.42549014 1.28708819
v 2.00147176 5.52549028 1.28708819
v 2.00147176 5.32549000 1.59054764
v 2.00147176 5.32549000 0.98362873
v 2.00147176 5.37549007 1.59054764
v 2.00147176 5.47549021 0.98362873
v 2.00147176 5.37549007 1.28708819
v 2.00147176 5.37549007 0.98362873
v 2.00147176 5.42549014 0.98362873
v 2.00147176 5.42549014 1.59054764
v 2.00147176 5.52549028 0.98362873
v 2.00147176 5.52549028 1.59054764
v 2.00147176 5.47549021 1.28708819
v 2.00147176 5.47549021 1.59054764
v 2.00147176 5.32549000 1.74227736
v 2.00147176 5.32549000 1.43881791
v 2.00147176 5.32549000 0.83189901
v 2.00147176 5.32549000 1.13535846
v 2.00147176 5.35049003 1.74227736
v 2.00147176 5.40049011 1.43881791
v 2.00147176 5.35049003 1.59054764
v 2.00147176 5.50049025 0.83189901
v 2.00147176 5.45049018 1.13535846
v 2.00147176 5.35049003 1.28708819
v 2.00147176 5.40049011 1.28708819
v 2.00147176 5.35049003 1.43881791
v 2.00147176 5.37549007 1.43881791
v 2.00147176 5.35049003 0.83189901
v 2.00147176 5.47549021 0.83189901
v 2.00147176 5.35049003 1.13535846
v 2.00147176 5.40049011 0.83189901
v 2.00147176 5.35049003 0.98362873
v 2.00147176 5.37549007 1.13535846
v 2.00147176 5.37549007 0.83189901
v 2.00147176 5.42549014 1.13535846
v 2.00147176 5.42549014 0.83189901
v 2.00147176 5.45049018 0.98362873
v 2.00147176 5.40049011 1.13535846
v 2.00147176 5.45049018 0.83189901
v 2.00147176 5.40049011 0.98362873
v 2.00147176 5.37549007 1.74227736
v 2.00147176 5.42549014 1.43881791
v 2.00147176 5.42549014 1.74227736
v 2.00147176 5.40049011 1.59054764
v 2.00147176 5.40049011 1.74227736
v 2.00147176 5.52549028 0.83189901
v 2.00147176 5.52549028 1.13535846
v 2.00147176 5.50049025 0.98362873
v 2.00147176 5.52549028 1.74227736
v 2.00147176 5.52549028 1.43881791
v 2.00147176 5.50049025 1.74227736
v 2.00147176 5.45049018 1.28708819
v 2.00147176 5.50049025 1.28708819
v 2.00147176 5.47549021 1.13535846
v 2.00147176 5.45049018 1.43881791
v 2.00147176 5.50049025 1.13535846
v 2.00147176 5.45049018 1.74227736
v 2.00147176 5.50049025 1.43881791
v 2.00147176 5.47549021 1.74227736
v 2.00147176 5.45049018 1.59054764
v 2.00147176 5.50049025 1.59054764
v 2.00147176 5.47549021 1.43881791
v 1.34776518 5.52549028 1.28708819
v 1.67461847 5.52549028 1.59054764
v 1.02091189 5.52549028 0.98362873
v 1.67461847 5.52549028 1.28708819
v 1.67461847 5.52549028 0.98362873
v 1.34776518 5.52549028 0.98362873
v 1.34776518 5.52549028 1.59054764
v 1.02091189 5.52549028 1.28708819
v 1.02091189 5.52549028 1.59054764
v 1.83804511 5.52549028 1.74227736
v 1.51119182 5.52549028 1.43881791
v 1.83804511 5.52549028 1.59054764
v 0.85748524 5.52549028 0.83189901
v 1.18433853 5.52549028 1.13535846
v 1.83804511 5.52549028 1.28708819
v 1.51119182 5.52549028 1.28708819
v 1.83804511 5.52549028 1.43881791
v 1.67461847 5.52549028 1.43881791
v 1.83804511 5.52549028 0.83189901
v 1.02091189 5.52549028 0.83189901
v 1.83804511 5.52549028 1.13535846
v 1.51119182 5.52549028 0.83189901
v 1.83804511 5.52549028 0.98362873
v 1.67461847 5.52549028 1.13535846
v 1.67461847 5.52549028 0.83189901
v 1.34776518 5.52549028 1.13535846
v 1.34776518 5.52549028 0.83189901
v 1.18433853 5.52549028 0.98362873
v 1.51119182 5.52549028 1.13535846
v 1.18433853 5.52549028 0.83189901
v 1.51119182 5.52549028 0.98362873
v 1.67461847 5.52549028 1.74227736
v 1.34776518 5.52549028 1.43881791
v 1.34776518 5.52549028 1.74227736
v 1.51119182 5.52549028 1.59054764
v 1.51119182 5.52549028 1.74227736
v 0.85748524 5.52549028 0.98362873
v 0.85748524 5.52549028 1.74227736
v 1.18433853 5.52549028 1.28708819
v 0.85748524 5.52549028 1.28708819
v 1.02091189 5.52549028 1.13535846
v 1.18433853 5.52549028 1.43881791
v 0.85748524 5.52549028 1.13535846
v 1.18433853 5.52549028 1.74227736
v 0.85748524 5.52549028 1.43881791
v 1.02091189 5.52549028 1.74227736
v 1.18433853 5.52549028 1.59054764
v 0.85748524 5.52549028 1.59054764
v 1.02091189 5.52549028 1.43881791
v 0.34702930 5.32549000 0.94700354
v 0.34702930 5.32549000 0.34008464
v 1.00073588 5.32549000 0.34008464
v 0.34702930 5.32549000 2.23409170
v 1.00073588 5.32549000 2.23409170
v 2.34850109 5.32549000 0.34008464
v 2.34850109 5.32549000 0.94700354
v 2.34850109 5.32549000 2.23409170
v 0.52054395 5.32549000 1.42050532
v 0.17351465 5.32549000 0.47350177
v 0.52054395 5.32549000 1.11704586
v 0.52054395 5.32549000 0.51012696
v 0.17351465 5.32549000 0.17004232
v 0.52054395 5.32549000 0.81358641
v 0.34702930 5.32549000 0.64354409
v 0.84739724 5.32549000 0.51012696
v 0.50036794 5.32549000 0.17004232
v 1.50110382 5.32549000 0.51012696
v 0.67388259 5.32549000 0.34008464
v 1.17425053 5.32549000 0.51012696
v 0.52054395 5.32549000 2.06404939
v 0.17351465 5.32549000 2.40413401
v 0.34702930 5.32549000 1.59054762
v 0.84739724 5.32549000 2.06404939
v 0.17351465 5.32549000 1.11704585
v 0.17351465 5.32549000 1.76058993
v 1.50110382 5.32549000 2.06404939
v 0.50036794 5.32549000 2.40413401
v 1.17425053 5.32549000 2.06404939
v 0.67388259 5.32549000 2.23409170
v 1.17425054 5.32549000 0.17004232
v 2.17498642 5.32549000 0.51012696
v 2.52201575 5.32549000 0.17004232
v 1.67461848 5.32549000 0.34008464
v 2.17498642 5.32549000 0.81358641
v 1.84813315 5.32549000 0.17004232
v 2.17498642 5.32549000 1.42050532
v 2.52201575 5.32549000 0.47350177
v 2.17498642 5.32549000 1.11704586
v 2.34850109 5.32549000 0.64354409
v 2.17498642 5.32549000 2.06404939
v 2.52201575 5.32549000 2.40413401
v 1.67461848 5.32549000 2.23409170
v 2.34850109 5.32549000 1.59054762
v 1.17425054 5.32549000 2.40413401
v 1.84813315 5.32549000 2.40413401
v 2.52201575 5.32549000 1.11704585
v 2.52201575 5.32549000 1.76058993
v 0.60730127 5.32549000 1.65725620
v 0.43378662 5.32549000 1.18375443
v 0.60730127 5.32549000 1.50552648
v 0.08675732 5.32549000 0.23675089
v 0.26027197 5.32549000 0.71025266
v 0.60730127 5.32549000 1.20206703
v 0.43378662 5.32549000 1.03202470
v 0.60730127 5.32549000 1.35379675
v 0.52054395 5.32549000 1.26877559
v 0.60730127 5.32549000 0.59514812
v 0.43378662 5.32549000 0.42510580
v 0.60730127 5.32549000 0.74687785
v 0.08675732 5.32549000 0.08502116
v 0.26027197 5.32549000 0.25506348
v 0.17351465 5.32549000 0.32177205
v 0.60730127 5.32549000 1.05033730
v 0.43378662 5.32549000 0.57683553
v 0.60730127 5.32549000 0.89860757
v 0.52054395 5.32549000 0.96531614
v 0.52054395 5.32549000 0.66185669
v 0.34702930 5.32549000 0.79527382
v 0.34702930 5.32549000 0.49181437
v 0.26027197 5.32549000 0.55852293
v 0.43378662 5.32549000 0.88029498
v 0.26027197 5.32549000 0.40679321
v 0.43378662 5.32549000 0.72856525
v 0.77072792 5.32549000 0.59514812
v 0.59721327 5.32549000 0.42510580
v 1.09758121 5.32549000 0.59514812
v 0.68397059 5.32549000 0.51012696
v 0.93415456 5.32549000 0.59514812
v 0.25018397 5.32549000 0.08502116
v 0.75055191 5.32549000 0.25506348
v 0.33694129 5.32549000 0.17004232
v 1.75128779 5.32549000 0.59514812
v 1.25091985 5.32549000 0.42510580
v 1.58786114 5.32549000 0.59514812
v 0.51045594 5.32549000 0.34008464
v 0.83730923 5.32549000 0.34008464
v 0.42369862 5.32549000 0.25506348
v 0.76063991 5.32549000 0.42510580
v 0.58712526 5.32549000 0.25506348
v 1.26100785 5.32549000 0.59514812
v 1.08749320 5.32549000 0.42510580
v 1.42443450 5.32549000 0.59514812
v 1.01082388 5.32549000 0.51012696
v 1.33767717 5.32549000 0.51012696
v 0.92406656 5.32549000 0.42510580
v 0.60730127 5.32549000 1.97902824
v 0.43378662 5.32549000 2.14907055
v 0.52054395 5.32549000 1.74227735
v 0.77072792 5.32549000 1.97902824
v 0.08675732 5.32549000 2.48915516
v 0.26027197 5.32549000 2.31911285
v 0.34702930 5.32549000 1.26877558
v 0.34702930 5.32549000 1.91231966
v 0.43378662 5.32549000 1.50552647
v 0.43378662 5.32549000 1.82729851
v 1.09758121 5.32549000 1.97902824
v 0.59721327 5.32549000 2.14907055
v 0.93415456 5.32549000 1.97902824
v 0.68397059 5.32549000 2.06404939
v 0.08675732 5.32549000 0.55852292
v 0.08675732 5.32549000 2.16738312
v 0.26027197 5.32549000 1.03202470
v 0.08675732 5.32549000 1.20206700
v 0.17351465 5.32549000 0.79527381
v 0.26027197 5.32549000 1.35379674
v 0.08675732 5.32549000 0.88029496
v 0.26027197 5.32549000 1.99734081
v 0.08675732 5.32549000 1.52383904
v 0.17351465 5.32549000 2.08236197
v 0.26027197 5.32549000 1.67556877
v 0.08675732 5.32549000 1.84561108
v 0.17351465 5.32549000 1.43881789
v 1.75128779 5.32549000 1.97902824
v 1.25091985 5.32549000 2.14907055
v 1.58786114 5.32549000 1.97902824
v 0.25018397 5.32549000 2.48915516
v 0.75055191 5.32549000 2.31911285
v 0.33694129 5.32549000 2.40413401
v 1.26100785 5.32549000 1.97902824
v 1.08749320 5.32549000 2.14907055
v 1.42443450 5.32549000 1.97902824
v 1.01082388 5.32549000 2.06404939
v 1.33767717 5.32549000 2.06404939
v 0.51045594 5.32549000 2.23409170
v 0.83730923 5.32549000 2.23409170
v 0.42369862 5.32549000 2.31911285
v 0.76063991 5.32549000 2.14907055
v 0.58712526 5.32549000 2.31911285
v 0.92406656 5.32549000 2.14907055
v 0.58712527 5.32549000 0.08502116
v 1.08749321 5.32549000 0.25506348
v 1.26100788 5.32549000 0.08502116
v 0.83730924 5.32549000 0.17004232
v 0.92406657 5.32549000 0.08502116
v 2.08822909 5.32549000 0.59514812
v 2.26174375 5.32549000 0.42510580
v 1.83804512 5.32549000 0.51012696
v 2.08822909 5.32549000 0.74687785
v 2.60877308 5.32549000 0.08502116
v 2.43525842 5.32549000 0.25506348
v 2.27183178 5.32549000 0.08502116
v 1.33767718 5.32549000 0.34008464
v 2.01155978 5.32549000 0.34008464
v 1.58786115 5.32549000 0.42510580
v 1.42443451 5.32549000 0.25506348
v 1.92480245 5.32549000 0.42510580
v 2.08822909 5.32549000 1.05033730
v 2.26174375 5.32549000 0.57683553
v 2.08822909 5.32549000 0.89860757
v 2.17498642 5.32549000 0.66185669
v 1.59794918 5.32549000 0.08502116
v 2.09831712 5.32549000 0.25506348
v 1.93489048 5.32549000 0.08502116
v 1.51119184 5.32549000 0.17004232
v 2.18507445 5.32549000 0.17004232
v 1.76137581 5.32549000 0.25506348
v 2.08822909 5.32549000 1.65725620
v 2.26174375 5.32549000 1.18375443
v 2.08822909 5.32549000 1.50552648
v 2.60877308 5.32549000 0.23675089
v 2.43525842 5.32549000 0.71025266
v 2.52201575 5.32549000 0.32177205
v 2.08822909 5.32549000 1.20206703
v 2.26174375 5.32549000 1.03202470
v 2.08822909 5.32549000 1.35379675
v 2.17498642 5.32549000 0.96531614
v 2.17498642 5.32549000 1.26877559
v 2.34850109 5.32549000 0.49181437
v 2.34850109 5.32549000 0.79527382
v 2.43525842 5.32549000 0.40679321
v 2.26174375 5.32549000 0.72856525
v 2.43525842 5.32549000 0.55852293
v 2.26174375 5.32549000 0.88029498
v 2.08822909 5.32549000 1.97902824
v 2.26174375 5.32549000 2.14907055
v 1.83804512 5.32549000 2.06404939
v 2.17498642 5.32549000 1.74227735
v 2.60877308 5.32549000 2.48915516
v 2.43525842 5.32549000 2.31911285
v 1.33767718 5.32549000 2.23409170
v 2.01155978 5.32549000 2.23409170
v 1.58786115 5.32549000 2.14907055
v 1.92480245 5.32549000 2.14907055
v 2.34850109 5.32549000 1.26877558
v 2.34850109 5.32549000 1.91231966
v 2.26174375 5.32549000 1.50552647
v 2.26174375 5.32549000 1.82729851
v 0.58712527 5.32549000 2.48915516
v 2.27183178 5.32549000 2.48915516
v 1.08749321 5.32549000 2.31911285
v 1.26100788 5.32549000 2.48915516
v 0.83730924 5.32549000 2.40413401
v 1.42443451 5.32549000 2.31911285
v 0.92406657 5.32549000 2.48915516
v 2.09831712 5.32549000 2.31911285
v 1.59794918 5.32549000 2.48915516
v 2.18507445 5.32549000 2.40413401
v 1.76137581 5.32549000 2.31911285
v 1.93489048 5.32549000 2.48915516
v 1.51119184 5.32549000 2.40413401
v 2.60877308 5.32549000 0.55852292
v 2.60877308 5.32549000 2.16738312
v 2.43525842 5.32549000 1.03202470
v 2.60877308 5.32549000 1.20206700
v 2.52201575 5.32549000 0.79527381
v 2.43525842 5.32549000 1.35379674
v 2.60877308 5.32549000 0.88029496
v 2.43525842 5.32549000 1.99734081
v 2.60877308 5.32549000 1.52383904
v 2.52201575 5.32549000 2.08236197
v 2.43525842 5.32549000 1.67556877
v 2.60877308 5.32549000 1.84561108
v 2.52201575 5.32549000 1.43881789
v 0.59776521 0.19999999 0.78708816
v 0.59776521 0.19999999 1.78708827
v 2.09776521 0.19999999 1.78708827
v 2.09776521 0.19999999 0.78708816
v 0.59776521 0.19999999 1.28708822
v 1.34776521 0.19999999 1.28708822
v 1.34776521 0.19999999 1.78708827
v 1.34776521 0.19999999 0.78708816
v 2.09776521 0.19999999 1.28708822
v 0.59776521 0.19999999 1.03708819
v 0.59776521 0.19999999 1.53708825
v 0.97276521 0.19999999 1.03708819
v 1.72276521 0.19999999 1.53708825
v 0.97276521 0.19999999 1.28708822
v 0.97276521 0.19999999 1.78708827
v 1.72276521 0.19999999 1.78708827
v 0.97276521 0.19999999 1.53708825
v 1.34776521 0.19999999 1.53708825
v 0.97276521 0.19999999 0.78708816
v 1.72276521 0.19999999 0.78708816
v 1.34776521 0.19999999 1.03708819
v 2.09776521 0.19999999 1.53708825
v 2.09776521 0.19999999 1.03708819
v 1.72276521 0.19999999 1.28708822
v 1.72276521 0.19999999 1.03708819
v 0.59776521 0.19999999 0.91208817
v 0.59776521 0.19999999 1.16208820
v 0.59776521 0.19999999 1.66208826
v 0.59776521 0.19999999 1.41208823
v 0.78526521 0.19999999 0.91208817
v 1.16026521 0.19999999 1.16208820
v 0.78526521 0.19999999 1.03708819
v 1.91026521 0.19999999 1.66208826
v 1.53526521 0.19999999 1.41208823
v 0.78526521 0.19999999 1.28708822
v 1.16026521 0.19999999 1.28708822
v 0.78526521 0.19999999 1.16208820
v 0.97276521 0.19999999 1.16208820
v 0.78526521 0.19999999 1.78708827
v 1.16026521 0.19999999 1.78708827
v 0.78526521 0.19999999 1.66208826
v 1.91026521 0.19999999 1.78708827
v 1.53526521 0.19999999 1.78708827
v 1.72276521 0.19999999 1.66208826
v 0.78526521 0.19999999 1.41208823
v 1.16026521 0.19999999 1.66208826
v 0.78526521 0.19999999 1.53708825
v 0.97276521 0.19999999 1.41208823
v 0.97276521 0.19999999 1.66208826
v 1.34776521 0.19999999 1.41208823
v 1.34776521 0.19999999 1.66208826
v 1.53526521 0.19999999 1.53708825
v 1.16026521 0.19999999 1.41208823
v 1.53526521 0.19999999 1.66208826
v 1.16026521 0.19999999 1.53708825
v 0.78526521 0.19999999 0.78708816
v 1.16026521 0.19999999 0.78708816
v 0.97276521 0.19999999 0.91208817
v 1.91026521 0.19999999 0.78708816
v 1.53526521 0.19999999 0.78708816
v 1.34776521 0.19999999 1.16208820
v 1.34776521 0.19999999 0.91208817
v 1.16026521 0.19999999 1.03708819
v 1.16026521 0.19999999 0.91208817
v 2.09776521 0.19999999 1.66208826
v 2.09776521 0.19999999 1.41208823
v 1.91026521 0.19999999 1.53708825
v 2.09776521 0.19999999 0.91208817
v 2.09776521 0.19999999 1.16208820
v 1.91026521 0.19999999 0.91208817
v 1.53526521 0.19999999 1.28708822
v 1.91026521 0.19999999 1.28708822
v 1.72276521 0.19999999 1.41208823
v 1.53526521 0.19999999 1.16208820
v 1.91026521 0.19999999 1.41208823
v 1.53526521 0.19999999 0.91208817
v 1.91026521 0.19999999 1.16208820
v 1.72276521 0.19999999 0.91208817
v 1.53526521 0.19999999 1.03708819
v 1.91026521 0.19999999 1.03708819
v 1.72276521 0.19999999 1.16208820
v 1.57276523 0.92500001 0.44999999
v 1.12276530 0.92500001 0.44999999
v 1.12276530 0.47499999 0.44999999
v 1.57276523 0.47499999 0.44999999
v 1.34776527 0.92500001 0.44999999
v 1.34776527 0.70000000 0.44999999
v 1.12276530 0.70000000 0.44999999
v 1.57276523 0.70000000 0.44999999
v 1.34776527 0.47499999 0.44999999
v 1.46026525 0.92500001 0.44999999
v 1.23526528 0.92500001 0.44999999
v 1.46026525 0.81250001 0.44999999
v 1.23526528 0.58750000 0.44999999
v 1.34776527 0.81250001 0.44999999
v 1.12276530 0.81250001 0.44999999
v 1.12276530 0.58750000 0.44999999
v 1.23526528 0.81250001 0.44999999
v 1.23526528 0.70000000 0.44999999
v 1.57276523 0.81250001 0.44999999
v 1.57276523 0.58750000 0.44999999
v 1.46026525 0.70000000 0.44999999
v 1.23526528 0.47499999 0.44999999
v 1.46026525 0.47499999 0.44999999
v 1.34776527 0.58750000 0.44999999
v 1.46026525 0.58750000 0.44999999
v 1.51651524 0.92500001 0.44999999
v 1.40401526 0.92500001 0.44999999
v 1.17901529 0.92500001 0.44999999
v 1.29151528 0.92500001 0.44999999
v 1.51651524 0.86875001 0.44999999
v 1.40401526 0.75625001 0.44999999
v 1.46026525 0.86875001 0.44999999
v 1.17901529 0.53125000 0.44999999
v 1.29151528 0.64375000 0.44999999
v 1.34776527 0.86875001 0.44999999
v 1.34776527 0.75625001 0.44999999
v 1.40401526 0.86875001 0.44999999
v 1.40401526 0.81250001 0.44999999
v 1.12276530 0.86875001 0.44999999
v 1.12276530 0.75625001 0.44999999
v 1.17901529 0.86875001 0.44999999
v 1.12276530 0.53125000 0.44999999
v 1.12276530 0.64375000 0.44999999
v 1.17901529 0.58750000 0.44999999
v 1.29151528 0.86875001 0.44999999
v 1.17901529 0.75625001 0.44999999
v 1.23526528 0.86875001 0.44999999
v 1.29151528 0.81250001 0.44999999
v 1.17901529 0.81250001 0.44999999
v 1.29151528 0.70000000 0.44999999
v 1.17901529 0.70000000 0.44999999
v 1.23526528 0.64375000 0.44999999
v 1.29151528 0.75625001 0.44999999
v 1.17901529 0.64375000 0.44999999
v 1.23526528 0.75625001 0.44999999
v 1.57276523 0.86875001 0.44999999
v 1.57276523 0.75625001 0.44999999
v 1.51651524 0.81250001 0.44999999
v 1.57276523 0.53125000 0.44999999
v 1.57276523 0.64375000 0.44999999
v 1.40401526 0.70000000 0.44999999
v 1.51651524 0.70000000 0.44999999
v 1.46026525 0.75625001 0.44999999
v 1.51651524 0.75625001 0.44999999
v 1.17901529 0.47499999 0.44999999
v 1.29151528 0.47499999 0.44999999
v 1.23526528 0.53125000 0.44999999
v 1.51651524 0.47499999 0.44999999
v 1.40401526 0.47499999 0.44999999
v 1.51651524 0.53125000 0.44999999
v 1.34776527 0.64375000 0.44999999
v 1.34776527 0.53125000 0.44999999
v 1.29151528 0.58750000 0.44999999
v 1.40401526 0.64375000 0.44999999
v 1.29151528 0.53125000 0.44999999
v 1.51651524 0.64375000 0.44999999
v 1.40401526 0.53125000 0.44999999
v 1.51651524 0.58750000 0.44999999
v 1.46026525 0.64375000 0.44999999
v 1.46026525 0.53125000 0.44999999
v 1.40401526 0.58750000 0.44999999
v 1.57276523 0.47499999 0.94999999
v 1.12276530 0.47499999 0.94999999
v 1.57276523 0.47499999 0.69999999
v 1.34776527 0.47499999 0.69999999
v 1.34776527 0.47499999 0.94999999
v 1.12276530 0.47499999 0.69999999
v 1.57276523 0.47499999 0.82499999
v 1.57276523 0.47499999 0.57499999
v 1.46026525 0.47499999 0.82499999
v 1.23526528 0.47499999 0.57499999
v 1.46026525 0.47499999 0.69999999
v 1.46026525 0.47499999 0.57499999
v 1.34776527 0.47499999 0.57499999
v 1.46026525 0.47499999 0.94999999
v 1.23526528 0.47499999 0.94999999
v 1.34776527 0.47499999 0.82499999
v 1.12276530 0.47499999 0.57499999
v 1.12276530 0.47499999 0.82499999
v 1.23526528 0.47499999 0.69999999
v 1.23526528 0.47499999 0.82499999
v 1.57276523 0.47499999 0.88749999
v 1.57276523 0.47499999 0.76249999
v 1.57276523 0.47499999 0.51249999
v 1.57276523 0.47499999 0.63749999
v 1.51651524 0.47499999 0.88749999
v 1.40401526 0.47499999 0.76249999
v 1.51651524 0.47499999 0.82499999
v 1.17901529 0.47499999 0.51249999
v 1.29151528 0.47499999 0.63749999
v 1.51651524 0.47499999 0.69999999
v 1.40401526 0.47499999 0.69999999
v 1.51651524 0.47499999 0.76249999
v 1.46026525 0.47499999 0.76249999
v 1.51651524 0.47499999 0.51249999
v 1.23526528 0.47499999 0.51249999
v 1.51651524 0.47499999 0.63749999
v 1.40401526 0.47499999 0.51249999
v 1.51651524 0.47499999 0.57499999
v 1.46026525 0.47499999 0.63749999
v 1.46026525 0.47499999 0.51249999
v 1.34776527 0.47499999 0.63749999
v 1.34776527 0.47499999 0.51249999
v 1.29151528 0.47499999 0.57499999
v 1.40401526 0.47499999 0.63749999
v 1.29151528 0.47499999 0.51249999
v 1.40401526 0.47499999 0.57499999
v 1.51651524 0.47499999 0.94999999
v 1.40401526 0.47499999 0.94999999
v 1.46026525 0.47499999 0.88749999
v 1.17901529 0.47499999 0.94999999
v 1.29151528 0.47499999 0.94999999
v 1.34776527 0.47499999 0.76249999
v 1.34776527 0.47499999 0.88749999
v 1.40401526 0.47499999 0.82499999
v 1.40401526 0.47499999 0.88749999
v 1.12276530 0.47499999 0.51249999
v 1.12276530 0.47499999 0.63749999
v 1.17901529 0.47499999 0.57499999
v 1.12276530 0.47499999 0.88749999
v 1.12276530 0.47499999 0.76249999
v 1.17901529 0.47499999 0.88749999
v 1.29151528 0.47499999 0.69999999
v 1.17901529 0.47499999 0.69999999
v 1.23526528 0.47499999 0.63749999
v 1.29151528 0.47499999 0.76249999
v 1.17901529 0.47499999 0.63749999
v 1.29151528 0.47499999 0.88749999
v 1.17901529 0.47499999 0.76249999
v 1.23526528 0.47499999 0.88749999
v 1.29151528 0.47499999 0.82499999
v 1.17901529 0.47499999 0.82499999
v 1.23526528 0.47499999 0.76249999
v 1.12276530 4.40049028 0.44999999
v 1.57276523 4.40049028 0.44999999
v 1.57276523 4.85049057 0.44999999
v 1.12276530 4.85049057 0.44999999
v 1.34776527 4.40049028 0.44999999
v 1.34776527 4.62549043 0.44999999
v 1.57276523 4.62549043 0.44999999
v 1.12276530 4.62549043 0.44999999
v 1.34776527 4.85049057 0.44999999
v 1.23526528 4.40049028 0.44999999
v 1.46026525 4.40049028 0.44999999
v 1.23526528 4.51299036 0.44999999
v 1.46026525 4.73799050 0.44999999
v 1.34776527 4.51299036 0.44999999
v 1.57276523 4.51299036 0.44999999
v 1.57276523 4.73799050 0.44999999
v 1.46026525 4.51299036 0.44999999
v 1.46026525 4.62549043 0.44999999
v 1.12276530 4.51299036 0.44999999
v 1.12276530 4.73799050 0.44999999
v 1.23526528 4.62549043 0.44999999
v 1.46026525 4.85049057 0.44999999
v 1.23526528 4.85049057 0.44999999
v 1.34776527 4.73799050 0.44999999
v 1.23526528 4.73799050 0.44999999
v 1.17901529 4.40049028 0.44999999
v 1.29151528 4.40049028 0.44999999
v 1.51651524 4.40049028 0.44999999
v 1.40401526 4.40049028 0.44999999
v 1.17901529 4.45674032 0.44999999
v 1.29151528 4.56924039 0.44999999
v 1.23526528 4.45674032 0.44999999
v 1.51651524 4.79424053 0.44999999
v 1.40401526 4.68174046 0.44999999
v 1.34776527 4.45674032 0.44999999
v 1.34776527 4.56924039 0.44999999
v 1.29151528 4.45674032 0.44999999
v 1.29151528 4.51299036 0.44999999
v 1.57276523 4.45674032 0.44999999
v 1.57276523 4.56924039 0.44999999
v 1.51651524 4.45674032 0.44999999
v 1.57276523 4.79424053 0.44999999
v 1.57276523 4.68174046 0.44999999
v 1.51651524 4.73799050 0.44999999
v 1.40401526 4.45674032 0.44999999
v 1.51651524 4.56924039 0.44999999
v 1.46026525 4.45674032 0.44999999
v 1.40401526 4.51299036 0.44999999
v 1.51651524 4.51299036 0.44999999
v 1.40401526 4.62549043 0.44999999
v 1.51651524 4.62549043 0.44999999
v 1.46026525 4.68174046 0.44999999
v 1.40401526 4.56924039 0.44999999
v 1.51651524 4.68174046 0.44999999
v 1.46026525 4.56924039 0.44999999
v 1.12276530 4.45674032 0.44999999
v 1.12276530 4.56924039 0.44999999
v 1.17901529 4.51299036 0.44999999
v 1.12276530 4.79424053 0.44999999
v 1.12276530 4.68174046 0.44999999
v 1.29151528 4.62549043 0.44999999
v 1.17901529 4.62549043 0.44999999
v 1.23526528 4.56924039 0.44999999
v 1.17901529 4.56924039 0.44999999
v 1.51651524 4.85049057 0.44999999
v 1.40401526 4.85049057 0.44999999
v 1.46026525 4.79424053 0.44999999
v 1.17901529 4.85049057 0.44999999
v 1.29151528 4.85049057 0.44999999
v 1.17901529 4.79424053 0.44999999
v 1.34776527 4.68174046 0.44999999
v 1.34776527 4.79424053 0.44999999
v 1.40401526 4.73799050 0.44999999
v 1.29151528 4.68174046 0.44999999
v 1.40401526 4.79424053 0.44999999
v 1.17901529 4.68174046 0.44999999
v 1.29151528 4.79424053 0.44999999
v 1.17901529 4.73799050 0.44999999
v 1.23526528 4.68174046 0.44999999
v 1.23526528 4.79424053 0.44999999
v 1.29151528 4.73799050 0.44999999
v 1.12276530 4.85049057 0.94999999
v 1.57276523 4.85049057 0.94999999
v 1.12276530 4.85049057 0.69999999
v 1.34776527 4.85049057 0.69999999
v 1.34776527 4.85049057 0.94999999
v 1.57276523 4.85049057 0.69999999
v 1.12276530 4.85049057 0.82499999
v 1.12276530 4.85049057 0.57499999
v 1.23526528 4.85049057 0.82499999
v 1.46026525 4.85049057 0.57499999
v 1.23526528 4.85049057 0.69999999
v 1.23526528 4.85049057 0.57499999
v 1.34776527 4.85049057 0.57499999
v 1.23526528 4.85049057 0.94999999
v 1.46026525 4.85049057 0.94999999
v 1.34776527 4.85049057 0.82499999
v 1.57276523 4.85049057 0.57499999
v 1.57276523 4.85049057 0.82499999
v 1.46026525 4.85049057 0.69999999
v 1.46026525 4.85049057 0.82499999
v 1.12276530 4.85049057 0.88749999
v 1.12276530 4.85049057 0.76249999
v 1.12276530 4.85049057 0.51249999
v 1.12276530 4.85049057 0.63749999
v 1.17901529 4.85049057 0.88749999
v 1.29151528 4.85049057 0.76249999
v 1.17901529 4.85049057 0.82499999
v 1.51651524 4.85049057 0.51249999
v 1.40401526 4.85049057 0.63749999
v 1.17901529 4.85049057 0.69999999
v 1.29151528 4.85049057 0.69999999
v 1.17901529 4.85049057 0.76249999
v 1.23526528 4.85049057 0.76249999
v 1.17901529 4.85049057 0.51249999
v 1.46026525 4.85049057 0.51249999
v 1.17901529 4.85049057 0.63749999
v 1.29151528 4.85049057 0.51249999
v 1.17901529 4.85049057 0.57499999
v 1.23526528 4.85049057 0.63749999
v 1.23526528 4.85049057 0.51249999
v 1.34776527 4.85049057 0.63749999
v 1.34776527 4.85049057 0.51249999
v 1.40401526 4.85049057 0.57499999
v 1.29151528 4.85049057 0.63749999
v 1.40401526 4.85049057 0.51249999
v 1.29151528 4.85049057 0.57499999
v 1.17901529 4.85049057 0.94999999
v 1.29151528 4.85049057 0.94999999
v 1.23526528 4.85049057 0.88749999
v 1.51651524 4.85049057 0.94999999
v 1.40401526 4.85049057 0.94999999
v 1.34776527 4.85049057 0.76249999
v 1.34776527 4.85049057 0.88749999
v 1.29151528 4.85049057 0.82499999
v 1.29151528 4.85049057 0.88749999
v 1.57276523 4.85049057 0.51249999
v 1.57276523 4.85049057 0.63749999
v 1.51651524 4.85049057 0.57499999
v 1.57276523 4.85049057 0.88749999
v 1.57276523 4.85049057 0.76249999
v 1.51651524 4.85049057 0.88749999
v 1.40401526 4.85049057 0.69999999
v 1.51651524 4.85049057 0.69999999
v 1.46026525 4.85049057 0.63749999
v 1.40401526 4.85049057 0.76249999
v 1.51651524 4.85049057 0.63749999
v 1.40401526 4.85049057 0.88749999
v 1.51651524 4.85049057 0.76249999
v 1.46026525 4.85049057 0.88749999
v 1.40401526 4.85049057 0.82499999
v 1.51651524 4.85049057 0.82499999
v 1.46026525 4.85049057 0.76249999
v 2.22053051 3.86911774 0.44999999
v 2.22053051 3.41911769 0.44999999
v 2.22053051 3.41911769 0.94999999
v 2.22053051 3.86911774 0.94999999
v 2.22053051 3.64411771 0.44999999
v 2.22053051 3.64411771 0.69999999
v 2.22053051 3.41911769 0.69999999
v 2.22053051 3.86911774 0.69999999
v 2.22053051 3.64411771 0.94999999
v 2.22053051 3.75661772 0.44999999
v 2.22053051 3.53161770 0.44999999
v 2.22053051 3.75661772 0.57499999
v 2.22053051 3.53161770 0.82499999
v 2.22053051 3.64411771 0.57499999
v 2.22053051 3.41911769 0.57499999
v 2.22053051 3.41911769 0.82499999
v 2.22053051 3.53161770 0.57499999
v 2.22053051 3.53161770 0.69999999
v 2.22053051 3.86911774 0.57499999
v 2.22053051 3.86911774 0.82499999
v 2.22053051 3.75661772 0.69999999
v 2.22053051 3.53161770 0.94999999
v 2.22053051 3.75661772 0.94999999
v 2.22053051 3.64411771 0.82499999
v 2.22053051 3.75661772 0.82499999
v 2.22053051 3.81286773 0.44999999
v 2.22053051 3.70036772 0.44999999
v 2.22053051 3.47536770 0.44999999
v 2.22053051 3.58786771 0.44999999
v 2.22053051 3.81286773 0.51249999
v 2.22053051 3.70036772 0.63749999
v 2.22053051 3.75661772 0.51249999
v 2.22053051 3.47536770 0.88749999
v 2.22053051 3.58786771 0.76249999
v 2.22053051 3.64411771 0.51249999
v 2.22053051 3.64411771 0.63749999
v 2.22053051 3.70036772 0.51249999
v 2.22053051 3.70036772 0.57499999
v 2.22053051 3.41911769 0.51249999
v 2.22053051 3.41911769 0.63749999
v 2.22053051 3.47536770 0.51249999
v 2.22053051 3.41911769 0.88749999
v 2.22053051 3.41911769 0.76249999
v 2.22053051 3.47536770 0.82499999
v 2.22053051 3.58786771 0.51249999
v 2.22053051 3.47536770 0.63749999
v 2.22053051 3.53161770 0.51249999
v 2.22053051 3.58786771 0.57499999
v 2.22053051 3.47536770 0.57499999
v 2.22053051 3.58786771 0.69999999
v 2.22053051 3.47536770 0.69999999
v 2.22053051 3.53161770 0.76249999
v 2.22053051 3.58786771 0.63749999
v 2.22053051 3.47536770 0.76249999
v 2.22053051 3.53161770 0.63749999
v 2.22053051 3.86911774 0.51249999
v 2.22053051 3.86911774 0.63749999
v 2.22053051 3.81286773 0.57499999
v 2.22053051 3.86911774 0.88749999
v 2.22053051 3.86911774 0.76249999
v 2.22053051 3.70036772 0.69999999
v 2.22053051 3.81286773 0.69999999
v 2.22053051 3.75661772 0.63749999
v 2.22053051 3.81286773 0.63749999
v 2.22053051 3.47536770 0.94999999
v 2.22053051 3.58786771 0.94999999
v 2.22053051 3.53161770 0.88749999
v 2.22053051 3.81286773 0.94999999
v 2.22053051 3.70036772 0.94999999
v 2.22053051 3.81286773 0.88749999
v 2.22053051 3.64411771 0.76249999
v 2.22053051 3.64411771 0.88749999
v 2.22053051 3.58786771 0.82499999
v 2.22053051 3.70036772 0.76249999
v 2.22053051 3.58786771 0.88749999
v 2.22053051 3.81286773 0.76249999
v 2.22053051 3.70036772 0.88749999
v 2.22053051 3.81286773 0.82499999
v 2.22053051 3.75661772 0.76249999
v 2.22053051 3.75661772 0.88749999
v 2.22053051 3.70036772 0.82499999
v 1.77053034 3.41911769 0.44999999
v 1.77053034 3.86911774 0.44999999
v 1.99553043 3.41911769 0.44999999
v 1.99553043 3.64411771 0.44999999
v 1.77053034 3.64411771 0.44999999
v 1.99553043 3.86911774 0.44999999
v 1.88303038 3.41911769 0.44999999
v 2.10803047 3.41911769 0.44999999
v 1.88303038 3.53161770 0.44999999
v 2.10803047 3.75661772 0.44999999
v 1.99553043 3.53161770 0.44999999
v 2.10803047 3.53161770 0.44999999
v 2.10803047 3.64411771 0.44999999
v 1.77053034 3.53161770 0.44999999
v 1.77053034 3.75661772 0.44999999
v 1.88303038 3.64411771 0.44999999
v 2.10803047 3.86911774 0.44999999
v 1.88303038 3.86911774 0.44999999
v 1.99553043 3.75661772 0.44999999
v 1.88303038 3.75661772 0.44999999
v 1.82678036 3.41911769 0.44999999
v 1.93928041 3.41911769 0.44999999
v 2.16428049 3.41911769 0.44999999
v 2.05178045 3.41911769 0.44999999
v 1.82678036 3.47536770 0.44999999
v 1.93928041 3.58786771 0.44999999
v 1.88303038 3.47536770 0.44999999
v 2.16428049 3.81286773 0.44999999
v 2.05178045 3.70036772 0.44999999
v 1.99553043 3.47536770 0.44999999
v 1.99553043 3.58786771 0.44999999
v 1.93928041 3.47536770 0.44999999
v 1.93928041 3.53161770 0.44999999
v 2.16428049 3.47536770 0.44999999
v 2.16428049 3.75661772 0.44999999
v 2.05178045 3.47536770 0.44999999
v 2.16428049 3.58786771 0.44999999
v 2.10803047 3.47536770 0.44999999
v 2.05178045 3.53161770 0.44999999
v 2.16428049 3.53161770 0.44999999
v 2.05178045 3.64411771 0.44999999
v 2.16428049 3.64411771 0.44999999
v 2.10803047 3.70036772 0.44999999
v 2.05178045 3.58786771 0.44999999
v 2.16428049 3.70036772 0.44999999
v 2.10803047 3.58786771 0.44999999
v 1.77053034 3.47536770 0.44999999
v 1.77053034 3.58786771 0.44999999
v 1.82678036 3.53161770 0.44999999
v 1.77053034 3.81286773 0.44999999
v 1.77053034 3.70036772 0.44999999
v 1.93928041 3.64411771 0.44999999
v 1.82678036 3.64411771 0.44999999
v 1.88303038 3.58786771 0.44999999
v 1.82678036 3.58786771 0.44999999
v 2.16428049 3.86911774 0.44999999
v 2.05178045 3.86911774 0.44999999
v 2.10803047 3.81286773 0.44999999
v 1.82678036 3.86911774 0.44999999
v 1.93928041 3.86911774 0.44999999
v 1.82678036 3.81286773 0.44999999
v 1.99553043 3.70036772 0.44999999
v 1.99553043 3.81286773 0.44999999
v 2.05178045 3.75661772 0.44999999
v 1.93928041 3.70036772 0.44999999
v 2.05178045 3.81286773 0.44999999
v 1.82678036 3.70036772 0.44999999
v 1.93928041 3.81286773 0.44999999
v 1.82678036 3.75661772 0.44999999
v 1.88303038 3.70036772 0.44999999
v 1.88303038 3.81286773 0.44999999
v 1.93928041 3.75661772 0.44999999
v 2.22053051 2.88774514 0.44999999
v 2.22053051 2.43774533 0.44999999
v 2.22053051 2.43774533 0.94999999
v 2.22053051 2.88774514 0.94999999
v 2.22053051 2.66274524 0.44999999
v 2.22053051 2.66274524 0.69999999
v 2.22053051 2.43774533 0.69999999
v 2.22053051 2.88774514 0.69999999
v 2.22053051 2.66274524 0.94999999
v 2.22053051 2.77524519 0.44999999
v 2.22053051 2.55024529 0.44999999
v 2.22053051 2.77524519 0.57499999
v 2.22053051 2.55024529 0.82499999
v 2.22053051 2.66274524 0.57499999
v 2.22053051 2.43774533 0.57499999
v 2.22053051 2.43774533 0.82499999
v 2.22053051 2.55024529 0.57499999
v 2.22053051 2.55024529 0.69999999
v 2.22053051 2.88774514 0.57499999
v 2.22053051 2.88774514 0.82499999
v 2.22053051 2.77524519 0.69999999
v 2.22053051 2.55024529 0.94999999
v 2.22053051 2.77524519 0.94999999
v 2.22053051 2.66274524 0.82499999
v 2.22053051 2.77524519 0.82499999
v 2.22053051 2.83149517 0.44999999
v 2.22053051 2.71899521 0.44999999
v 2.22053051 2.49399531 0.44999999
v 2.22053051 2.60649526 0.44999999
v 2.22053051 2.83149517 0.51249999
v 2.22053051 2.71899521 0.63749999
v 2.22053051 2.77524519 0.51249999
v 2.22053051 2.49399531 0.88749999
v 2.22053051 2.60649526 0.76249999
v 2.22053051 2.66274524 0.51249999
v 2.22053051 2.66274524 0.63749999
v 2.22053051 2.71899521 0.51249999
v 2.22053051 2.71899521 0.57499999
v 2.22053051 2.43774533 0.51249999
v 2.22053051 2.43774533 0.63749999
v 2.22053051 2.49399531 0.51249999
v 2.22053051 2.43774533 0.88749999
v 2.22053051 2.43774533 0.76249999
v 2.22053051 2.49399531 0.82499999
v 2.22053051 2.60649526 0.51249999
v 2.22053051 2.49399531 0.63749999
v 2.22053051 2.55024529 0.51249999
v 2.22053051 2.60649526 0.57499999
v 2.22053051 2.49399531 0.57499999
v 2.22053051 2.60649526 0.69999999
v 2.22053051 2.49399531 0.69999999
v 2.22053051 2.55024529 0.76249999
v 2.22053051 2.60649526 0.63749999
v 2.22053051 2.49399531 0.76249999
v 2.22053051 2.55024529 0.63749999
v 2.22053051 2.88774514 0.51249999
v 2.22053051 2.88774514 0.63749999
v 2.22053051 2.83149517 0.57499999
v 2.22053051 2.88774514 0.88749999
v 2.22053051 2.88774514 0.76249999
v 2.22053051 2.71899521 0.69999999
v 2.22053051 2.83149517 0.69999999
v 2.22053051 2.77524519 0.63749999
v 2.22053051 2.83149517 0.63749999
v 2.22053051 2.49399531 0.94999999
v 2.22053051 2.60649526 0.94999999
v 2.22053051 2.55024529 0.88749999
v 2.22053051 2.83149517 0.94999999
v 2.22053051 2.71899521 0.94999999
v 2.22053051 2.83149517 0.88749999
v 2.22053051 2.66274524 0.76249999
v 2.22053051 2.66274524 0.88749999
v 2.22053051 2.60649526 0.82499999
v 2.22053051 2.71899521 0.76249999
v 2.22053051 2.60649526 0.88749999
v 2.22053051 2.83149517 0.76249999
v 2.22053051 2.71899521 0.88749999
v 2.22053051 2.83149517 0.82499999
v 2.22053051 2.77524519 0.76249999
v 2.22053051 2.77524519 0.88749999
v 2.22053051 2.71899521 0.82499999
v 1.77053034 2.43774533 0.44999999
v 1.77053034 2.88774514 0.44999999
v 1.99553043 2.43774533 0.44999999
v 1.99553043 2.66274524 0.44999999
v 1.77053034 2.66274524 0.44999999
v 1.99553043 2.88774514 0.44999999
v 1.88303038 2.43774533 0.44999999
v 2.10803047 2.43774533 0.44999999
v 1.88303038 2.55024529 0.44999999
v 2.10803047 2.77524519 0.44999999
v 1.99553043 2.55024529 0.44999999
v 2.10803047 2.55024529 0.44999999
v 2.10803047 2.66274524 0.44999999
v 1.77053034 2.55024529 0.44999999
v 1.77053034 2.77524519 0.44999999
v 1.88303038 2.66274524 0.44999999
v 2.10803047 2.88774514 0.44999999
v 1.88303038 2.88774514 0.44999999
v 1.99553043 2.77524519 0.44999999
v 1.88303038 2.77524519 0.44999999
v 1.82678036 2.43774533 0.44999999
v 1.93928041 2.43774533 0.44999999
v 2.16428049 2.43774533 0.44999999
v 2.05178045 2.43774533 0.44999999
v 1.82678036 2.49399531 0.44999999
v 1.93928041 2.60649526 0.44999999
v 1.88303038 2.49399531 0.44999999
v 2.16428049 2.83149517 0.44999999
v 2.05178045 2.71899521 0.44999999
v 1.99553043 2.49399531 0.44999999
v 1.99553043 2.60649526 0.44999999
v 1.93928041 2.49399531 0.44999999
v 1.93928041 2.55024529 0.44999999
v 2.16428049 2.49399531 0.44999999
v 2.16428049 2.77524519 0.44999999
v 2.05178045 2.49399531 0.44999999
v 2.16428049 2.60649526 0.44999999
v 2.10803047 2.49399531 0.44999999
v 2.05178045 2.55024529 0.44999999
v 2.16428049 2.55024529 0.44999999
v 2.05178045 2.66274524 0.44999999
v 2.16428049 2.66274524 0.44999999
v 2.10803047 2.71899521 0.44999999
v 2.05178045 2.60649526 0.44999999
v 2.16428049 2.71899521 0.44999999
v 2.10803047 2.60649526 0.44999999
v 1.77053034 2.49399531 0.44999999
v 1.77053034 2.60649526 0.44999999
v 1.82678036 2.55024529 0.44999999
v 1.77053034 2.83149517 0.44999999
v 1.77053034 2.71899521 0.44999999
v 1.93928041 2.66274524 0.44999999
v 1.82678036 2.66274524 0.44999999
v 1.88303038 2.60649526 0.44999999
v 1.82678036 2.60649526 0.44999999
v 2.16428049 2.88774514 0.44999999
v 2.05178045 2.88774514 0.44999999
v 2.10803047 2.83149517 0.44999999
v 1.82678036 2.88774514 0.44999999
v 1.93928041 2.88774514 0.44999999
v 1.82678036 2.83149517 0.44999999
v 1.99553043 2.71899521 0.44999999
v 1.99553043 2.83149517 0.44999999
v 2.05178045 2.77524519 0.44999999
v 1.93928041 2.71899521 0.44999999
v 2.05178045 2.83149517 0.44999999
v 1.82678036 2.71899521 0.44999999
v 1.93928041 2.83149517 0.44999999
v 1.82678036 2.77524519 0.44999999
v 1.88303038 2.71899521 0.44999999
v 1.88303038 2.83149517 0.44999999
v 1.93928041 2.77524519 0.44999999
v 1.77053034 1.90637255 0.44999999
v 1.77053034 1.45637250 0.44999999
v 2.22053051 1.45637250 0.44999999
v 2.22053051 1.90637255 0.44999999
v 1.77053034 1.68137252 0.44999999
v 1.99553043 1.68137252 0.44999999
v 1.99553043 1.45637250 0.44999999
v 1.99553043 1.90637255 0.44999999
v 2.22053051 1.68137252 0.44999999
v 1.77053034 1.79387254 0.44999999
v 1.77053034 1.56887251 0.44999999
v 1.88303038 1.79387254 0.44999999
v 2.10803047 1.56887251 0.44999999
v 1.88303038 1.68137252 0.44999999
v 1.88303038 1.45637250 0.44999999
v 2.10803047 1.45637250 0.44999999
v 1.88303038 1.56887251 0.44999999
v 1.99553043 1.56887251 0.44999999
v 1.88303038 1.90637255 0.44999999
v 2.10803047 1.90637255 0.44999999
v 1.99553043 1.79387254 0.44999999
v 2.22053051 1.56887251 0.44999999
v 2.22053051 1.79387254 0.44999999
v 2.10803047 1.68137252 0.44999999
v 2.10803047 1.79387254 0.44999999
v 1.77053034 1.85012254 0.44999999
v 1.77053034 1.73762253 0.44999999
v 1.77053034 1.51262251 0.44999999
v 1.77053034 1.62512252 0.44999999
v 1.82678036 1.85012254 0.44999999
v 1.93928041 1.73762253 0.44999999
v 1.82678036 1.79387254 0.44999999
v 2.16428049 1.51262251 0.44999999
v 2.05178045 1.62512252 0.44999999
v 1.82678036 1.68137252 0.44999999
v 1.93928041 1.68137252 0.44999999
v 1.82678036 1.73762253 0.44999999
v 1.88303038 1.73762253 0.44999999
v 1.82678036 1.45637250 0.44999999
v 1.93928041 1.45637250 0.44999999
v 1.82678036 1.51262251 0.44999999
v 2.16428049 1.45637250 0.44999999
v 2.05178045 1.45637250 0.44999999
v 2.10803047 1.51262251 0.44999999
v 1.82678036 1.62512252 0.44999999
v 1.93928041 1.51262251 0.44999999
v 1.82678036 1.56887251 0.44999999
v 1.88303038 1.62512252 0.44999999
v 1.88303038 1.51262251 0.44999999
v 1.99553043 1.62512252 0.44999999
v 1.99553043 1.51262251 0.44999999
v 2.05178045 1.56887251 0.44999999
v 1.93928041 1.62512252 0.44999999
v 2.05178045 1.51262251 0.44999999
v 1.93928041 1.56887251 0.44999999
v 1.82678036 1.90637255 0.44999999
v 1.93928041 1.90637255 0.44999999
v 1.88303038 1.85012254 0.44999999
v 2.16428049 1.90637255 0.44999999
v 2.05178045 1.90637255 0.44999999
v 1.99553043 1.73762253 0.44999999
v 1.99553043 1.85012254 0.44999999
v 1.93928041 1.79387254 0.44999999
v 1.93928041 1.85012254 0.44999999
v 2.22053051 1.51262251 0.44999999
v 2.22053051 1.62512252 0.44999999
v 2.16428049 1.56887251 0.44999999
v 2.22053051 1.85012254 0.44999999
v 2.22053051 1.73762253 0.44999999
v 2.16428049 1.85012254 0.44999999
v 2.05178045 1.68137252 0.44999999
v 2.16428049 1.68137252 0.44999999
v 2.10803047 1.62512252 0.44999999
v 2.05178045 1.73762253 0.44999999
v 2.16428049 1.62512252 0.44999999
v 2.05178045 1.85012254 0.44999999
v 2.16428049 1.73762253 0.44999999
v 2.10803047 1.85012254 0.44999999
v 2.05178045 1.79387254 0.44999999
v 2.16428049 1.79387254 0.44999999
v 2.10803047 1.73762253 0.44999999
v 2.22053051 1.90637255 0.94999999
v 2.22053051 1.45637250 0.94999999
v 2.22053051 1.90637255 0.69999999
v 2.22053051 1.68137252 0.69999999
v 2.22053051 1.68137252 0.94999999
v 2.22053051 1.45637250 0.69999999
v 2.22053051 1.90637255 0.82499999
v 2.22053051 1.90637255 0.57499999
v 2.22053051 1.79387254 0.82499999
v 2.22053051 1.56887251 0.57499999
v 2.22053051 1.79387254 0.69999999
v 2.22053051 1.79387254 0.57499999
v 2.22053051 1.68137252 0.57499999
v 2.22053051 1.79387254 0.94999999
v 2.22053051 1.56887251 0.94999999
v 2.22053051 1.68137252 0.82499999
v 2.22053051 1.45637250 0.57499999
v 2.22053051 1.45637250 0.82499999
v 2.22053051 1.56887251 0.69999999
v 2.22053051 1.56887251 0.82499999
v 2.22053051 1.90637255 0.88749999
v 2.22053051 1.90637255 0.76249999
v 2.22053051 1.90637255 0.51249999
v 2.22053051 1.90637255 0.63749999
v 2.22053051 1.85012254 0.88749999
v 2.22053051 1.73762253 0.76249999
v 2.22053051 1.85012254 0.82499999
v 2.22053051 1.51262251 0.51249999
v 2.22053051 1.62512252 0.63749999
v 2.22053051 1.85012254 0.69999999
v 2.22053051 1.73762253 0.69999999
v 2.22053051 1.85012254 0.76249999
v 2.22053051 1.79387254 0.76249999
v 2.22053051 1.85012254 0.51249999
v 2.22053051 1.56887251 0.51249999
v 2.22053051 1.85012254 0.63749999
v 2.22053051 1.73762253 0.51249999
v 2.22053051 1.85012254 0.57499999
v 2.22053051 1.79387254 0.63749999
v 2.22053051 1.79387254 0.51249999
v 2.22053051 1.68137252 0.63749999
v 2.22053051 1.68137252 0.51249999
v 2.22053051 1.62512252 0.57499999
v 2.22053051 1.73762253 0.63749999
v 2.22053051 1.62512252 0.51249999
v 2.22053051 1.73762253 0.57499999
v 2.22053051 1.85012254 0.94999999
v 2.22053051 1.73762253 0.94999999
v 2.22053051 1.79387254 0.88749999
v 2.22053051 1.51262251 0.94999999
v 2.22053051 1.62512252 0.94999999
v 2.22053051 1.68137252 0.76249999
v 2.22053051 1.68137252 0.88749999
v 2.22053051 1.73762253 0.82499999
v 2.22053051 1.73762253 0.88749999
v 2.22053051 1.45637250 0.51249999
v 2.22053051 1.45637250 0.63749999
v 2.22053051 1.51262251 0.57499999
v 2.22053051 1.45637250 0.88749999
v 2.22053051 1.45637250 0.76249999
v 2.22053051 1.51262251 0.88749999
v 2.22053051 1.62512252 0.69999999
v 2.22053051 1.51262251 0.69999999
v 2.22053051 1.56887251 0.63749999
v 2.22053051 1.62512252 0.76249999
v 2.22053051 1.51262251 0.63749999
v 2.22053051 1.62512252 0.88749999
v 2.22053051 1.51262251 0.76249999
v 2.22053051 1.56887251 0.88749999
v 2.22053051 1.62512252 0.82499999
v 2.22053051 1.51262251 0.82499999
v 2.22053051 1.56887251 0.76249999
v 0.47499999 1.45637250 0.44999999
v 0.47499999 1.90637255 0.44999999
v 0.47499999 1.90637255 0.94999999
v 0.47499999 1.45637250 0.94999999
v 0.47499999 1.68137252 0.44999999
v 0.47499999 1.68137252 0.69999999
v 0.47499999 1.90637255 0.69999999
v 0.47499999 1.45637250 0.69999999
v 0.47499999 1.68137252 0.94999999
v 0.47499999 1.56887251 0.44999999
v 0.47499999 1.79387254 0.44999999
v 0.47499999 1.56887251 0.57499999
v 0.47499999 1.79387254 0.82499999
v 0.47499999 1.68137252 0.57499999
v 0.47499999 1.90637255 0.57499999
v 0.47499999 1.90637255 0.82499999
v 0.47499999 1.79387254 0.57499999
v 0.47499999 1.79387254 0.69999999
v 0.47499999 1.45637250 0.57499999
v 0.47499999 1.45637250 0.82499999
v 0.47499999 1.56887251 0.69999999
v 0.47499999 1.79387254 0.94999999
v 0.47499999 1.56887251 0.94999999
v 0.47499999 1.68137252 0.82499999
v 0.47499999 1.56887251 0.82499999
v 0.47499999 1.51262251 0.44999999
v 0.47499999 1.62512252 0.44999999
v 0.47499999 1.85012254 0.44999999
v 0.47499999 1.73762253 0.44999999
v 0.47499999 1.51262251 0.51249999
v 0.47499999 1.62512252 0.63749999
v 0.47499999 1.56887251 0.51249999
v 0.47499999 1.85012254 0.88749999
v 0.47499999 1.73762253 0.76249999
v 0.47499999 1.68137252 0.51249999
v 0.47499999 1.68137252 0.63749999
v 0.47499999 1.62512252 0.51249999
v 0.47499999 1.62512252 0.57499999
v 0.47499999 1.90637255 0.51249999
v 0.47499999 1.90637255 0.63749999
v 0.47499999 1.85012254 0.51249999
v 0.47499999 1.90637255 0.88749999
v 0.47499999 1.90637255 0.76249999
v 0.47499999 1.85012254 0.82499999
v 0.47499999 1.73762253 0.51249999
v 0.47499999 1.85012254 0.63749999
v 0.47499999 1.79387254 0.51249999
v 0.47499999 1.73762253 0.57499999
v 0.47499999 1.85012254 0.57499999
v 0.47499999 1.73762253 0.69999999
v 0.47499999 1.85012254 0.69999999
v 0.47499999 1.79387254 0.76249999
v 0.47499999 1.73762253 0.63749999
v 0.47499999 1.85012254 0.76249999
v 0.47499999 1.79387254 0.63749999
v 0.47499999 1.45637250 0.51249999
v 0.47499999 1.45637250 0.63749999
v 0.47499999 1.51262251 0.57499999
v 0.47499999 1.45637250 0.88749999
v 0.47499999 1.45637250 0.76249999
v 0.47499999 1.62512252 0.69999999
v 0.47499999 1.51262251 0.69999999
v 0.47499999 1.56887251 0.63749999
v 0.47499999 1.51262251 0.63749999
v 0.47499999 1.85012254 0.94999999
v 0.47499999 1.73762253 0.94999999
v 0.47499999 1.79387254 0.88749999
v 0.47499999 1.51262251 0.94999999
v 0.47499999 1.62512252 0.94999999
v 0.47499999 1.51262251 0.88749999
v 0.47499999 1.68137252 0.76249999
v 0.47499999 1.68137252 0.88749999
v 0.47499999 1.73762253 0.82499999
v 0.47499999 1.62512252 0.76249999
v 0.47499999 1.73762253 0.88749999
v 0.47499999 1.51262251 0.76249999
v 0.47499999 1.62512252 0.88749999
v 0.47499999 1.51262251 0.82499999
v 0.47499999 1.56887251 0.76249999
v 0.47499999 1.56887251 0.88749999
v 0.47499999 1.62512252 0.82499999
v 0.92500001 1.90637255 0.44999999
v 0.92500001 1.45637250 0.44999999
v 0.70000000 1.90637255 0.44999999
v 0.70000000 1.68137252 0.44999999
v 0.92500001 1.68137252 0.44999999
v 0.70000000 1.45637250 0.44999999
v 0.81250001 1.90637255 0.44999999
v 0.58750000 1.90637255 0.44999999
v 0.81250001 1.79387254 0.44999999
v 0.58750000 1.56887251 0.44999999
v 0.70000000 1.79387254 0.44999999
v 0.58750000 1.79387254 0.44999999
v 0.58750000 1.68137252 0.44999999
v 0.92500001 1.79387254 0.44999999
v 0.92500001 1.56887251 0.44999999
v 0.81250001 1.68137252 0.44999999
v 0.58750000 1.45637250 0.44999999
v 0.81250001 1.45637250 0.44999999
v 0.70000000 1.56887251 0.44999999
v 0.81250001 1.56887251 0.44999999
v 0.86875001 1.90637255 0.44999999
v 0.75625001 1.90637255 0.44999999
v 0.53125000 1.90637255 0.44999999
v 0.64375000 1.90637255 0.44999999
v 0.86875001 1.85012254 0.44999999
v 0.75625001 1.73762253 0.44999999
v 0.81250001 1.85012254 0.44999999
v 0.53125000 1.51262251 0.44999999
v 0.64375000 1.62512252 0.44999999
v 0.70000000 1.85012254 0.44999999
v 0.70000000 1.73762253 0.44999999
v 0.75625001 1.85012254 0.44999999
v 0.75625001 1.79387254 0.44999999
v 0.53125000 1.85012254 0.44999999
v 0.53125000 1.56887251 0.44999999
v 0.64375000 1.85012254 0.44999999
v 0.53125000 1.73762253 0.44999999
v 0.58750000 1.85012254 0.44999999
v 0.64375000 1.79387254 0.44999999
v 0.53125000 1.79387254 0.44999999
v 0.64375000 1.68137252 0.44999999
v 0.53125000 1.68137252 0.44999999
v 0.58750000 1.62512252 0.44999999
v 0.64375000 1.73762253 0.44999999
v 0.53125000 1.62512252 0.44999999
v 0.58750000 1.73762253 0.44999999
v 0.92500001 1.85012254 0.44999999
v 0.92500001 1.73762253 0.44999999
v 0.86875001 1.79387254 0.44999999
v 0.92500001 1.51262251 0.44999999
v 0.92500001 1.62512252 0.44999999
v 0.75625001 1.68137252 0.44999999
v 0.86875001 1.68137252 0.44999999
v 0.81250001 1.73762253 0.44999999
v 0.86875001 1.73762253 0.44999999
v 0.53125000 1.45637250 0.44999999
v 0.64375000 1.45637250 0.44999999
v 0.58750000 1.51262251 0.44999999
v 0.86875001 1.45637250 0.44999999
v 0.75625001 1.45637250 0.44999999
v 0.86875001 1.51262251 0.44999999
v 0.70000000 1.62512252 0.44999999
v 0.70000000 1.51262251 0.44999999
v 0.64375000 1.56887251 0.44999999
v 0.75625001 1.62512252 0.44999999
v 0.64375000 1.51262251 0.44999999
v 0.86875001 1.62512252 0.44999999
v 0.75625001 1.51262251 0.44999999
v 0.86875001 1.56887251 0.44999999
v 0.81250001 1.62512252 0.44999999
v 0.81250001 1.51262251 0.44999999
v 0.75625001 1.56887251 0.44999999
v 0.47499999 2.43774533 0.44999999
v 0.47499999 2.88774514 0.44999999
v 0.47499999 2.88774514 0.94999999
v 0.47499999 2.43774533 0.94999999
v 0.47499999 2.66274524 0.44999999
v 0.47499999 2.66274524 0.69999999
v 0.47499999 2.88774514 0.69999999
v 0.47499999 2.43774533 0.69999999
v 0.47499999 2.66274524 0.94999999
v 0.47499999 2.55024529 0.44999999
v 0.47499999 2.77524519 0.44999999
v 0.47499999 2.55024529 0.57499999
v 0.47499999 2.77524519 0.82499999
v 0.47499999 2.66274524 0.57499999
v 0.47499999 2.88774514 0.57499999
v 0.47499999 2.88774514 0.82499999
v 0.47499999 2.77524519 0.57499999
v 0.47499999 2.77524519 0.69999999
v 0.47499999 2.43774533 0.57499999
v 0.47499999 2.43774533 0.82499999
v 0.47499999 2.55024529 0.69999999
v 0.47499999 2.77524519 0.94999999
v 0.47499999 2.55024529 0.94999999
v 0.47499999 2.66274524 0.82499999
v 0.47499999 2.55024529 0.82499999
v 0.47499999 2.49399531 0.44999999
v 0.47499999 2.60649526 0.44999999
v 0.47499999 2.83149517 0.44999999
v 0.47499999 2.71899521 0.44999999
v 0.47499999 2.49399531 0.51249999
v 0.47499999 2.60649526 0.63749999
v 0.47499999 2.55024529 0.51249999
v 0.47499999 2.83149517 0.88749999
v 0.47499999 2.71899521 0.76249999
v 0.47499999 2.66274524 0.51249999
v 0.47499999 2.66274524 0.63749999
v 0.47499999 2.60649526 0.51249999
v 0.47499999 2.60649526 0.57499999
v 0.47499999 2.88774514 0.51249999
v 0.47499999 2.88774514 0.63749999
v 0.47499999 2.83149517 0.51249999
v 0.47499999 2.88774514 0.88749999
v 0.47499999 2.88774514 0.76249999
v 0.47499999 2.83149517 0.82499999
v 0.47499999 2.71899521 0.51249999
v 0.47499999 2.83149517 0.63749999
v 0.47499999 2.77524519 0.51249999
v 0.47499999 2.71899521 0.57499999
v 0.47499999 2.83149517 0.57499999
v 0.47499999 2.71899521 0.69999999
v 0.47499999 2.83149517 0.69999999
v 0.47499999 2.77524519 0.76249999
v 0.47499999 2.71899521 0.63749999
v 0.47499999 2.83149517 0.76249999
v 0.47499999 2.77524519 0.63749999
v 0.47499999 2.43774533 0.51249999
v 0.47499999 2.43774533 0.63749999
v 0.47499999 2.49399531 0.57499999
v 0.47499999 2.43774533 0.88749999
v 0.47499999 2.43774533 0.76249999
v 0.47499999 2.60649526 0.69999999
v 0.47499999 2.49399531 0.69999999
v 0.47499999 2.55024529 0.63749999
v 0.47499999 2.49399531 0.63749999
v 0.47499999 2.83149517 0.94999999
v 0.47499999 2.71899521 0.94999999
v 0.47499999 2.77524519 0.88749999
v 0.47499999 2.49399531 0.94999999
v 0.47499999 2.60649526 0.94999999
v 0.47499999 2.49399531 0.88749999
v 0.47499999 2.66274524 0.76249999
v 0.47499999 2.66274524 0.88749999
v 0.47499999 2.71899521 0.82499999
v 0.47499999 2.60649526 0.76249999
v 0.47499999 2.71899521 0.88749999
v 0.47499999 2.49399531 0.76249999
v 0.47499999 2.60649526 0.88749999
v 0.47499999 2.49399531 0.82499999
v 0.47499999 2.55024529 0.76249999
v 0.47499999 2.55024529 0.88749999
v 0.47499999 2.60649526 0.82499999
v 0.92500001 2.88774514 0.44999999
v 0.92500001 2.43774533 0.44999999
v 0.70000000 2.88774514 0.44999999
v 0.70000000 2.66274524 0.44999999
v 0.92500001 2.66274524 0.44999999
v 0.70000000 2.43774533 0.44999999
v 0.81250001 2.88774514 0.44999999
v 0.58750000 2.88774514 0.44999999
v 0.81250001 2.77524519 0.44999999
v 0.58750000 2.55024529 0.44999999
v 0.70000000 2.77524519 0.44999999
v 0.58750000 2.77524519 0.44999999
v 0.58750000 2.66274524 0.44999999
v 0.92500001 2.77524519 0.44999999
v 0.92500001 2.55024529 0.44999999
v 0.81250001 2.66274524 0.44999999
v 0.58750000 2.43774533 0.44999999
v 0.81250001 2.43774533 0.44999999
v 0.70000000 2.55024529 0.44999999
v 0.81250001 2.55024529 0.44999999
v 0.86875001 2.88774514 0.44999999
v 0.75625001 2.88774514 0.44999999
v 0.53125000 2.88774514 0.44999999
v 0.64375000 2.88774514 0.44999999
v 0.86875001 2.83149517 0.44999999
v 0.75625001 2.71899521 0.44999999
v 0.81250001 2.83149517 0.44999999
v 0.53125000 2.49399531 0.44999999
v 0.64375000 2.60649526 0.44999999
v 0.70000000 2.83149517 0.44999999
v 0.70000000 2.71899521 0.44999999
v 0.75625001 2.83149517 0.44999999
v 0.75625001 2.77524519 0.44999999
v 0.53125000 2.83149517 0.44999999
v 0.53125000 2.55024529 0.44999999
v 0.64375000 2.83149517 0.44999999
v 0.53125000 2.71899521 0.44999999
v 0.58750000 2.83149517 0.44999999
v 0.64375000 2.77524519 0.44999999
v 0.53125000 2.77524519 0.44999999
v 0.64375000 2.66274524 0.44999999
v 0.53125000 2.66274524 0.44999999
v 0.58750000 2.60649526 0.44999999
v 0.64375000 2.71899521 0.44999999
v 0.53125000 2.60649526 0.44999999
v 0.58750000 2.71899521 0.44999999
v 0.92500001 2.83149517 0.44999999
v 0.92500001 2.71899521 0.44999999
v 0.86875001 2.77524519 0.44999999
v 0.92500001 2.49399531 0.44999999
v 0.92500001 2.60649526 0.44999999
v 0.75625001 2.66274524 0.44999999
v 0.86875001 2.66274524 0.44999999
v 0.81250001 2.71899521 0.44999999
v 0.86875001 2.71899521 0.44999999
v 0.53125000 2.43774533 0.44999999
v 0.64375000 2.43774533 0.44999999
v 0.58750000 2.49399531 0.44999999
v 0.86875001 2.43774533 0.44999999
v 0.75625001 2.43774533 0.44999999
v 0.86875001 2.49399531 0.44999999
v 0.70000000 2.60649526 0.44999999
v 0.70000000 2.49399531 0.44999999
v 0.64375000 2.55024529 0.44999999
v 0.75625001 2.60649526 0.44999999
v 0.64375000 2.49399531 0.44999999
v 0.86875001 2.60649526 0.44999999
v 0.75625001 2.49399531 0.44999999
v 0.86875001 2.55024529 0.44999999
v 0.81250001 2.60649526 0.44999999
v 0.81250001 2.49399531 0.44999999
v 0.75625001 2.55024529 0.44999999
v 0.92500001 3.41911769 0.44999999
v 0.92500001 3.86911774 0.44999999
v 0.47499999 3.86911774 0.44999999
v 0.47499999 3.41911769 0.44999999
v 0.92500001 3.64411771 0.44999999
v 0.70000000 3.64411771 0.44999999
v 0.70000000 3.86911774 0.44999999
v 0.70000000 3.41911769 0.44999999
v 0.47499999 3.64411771 0.44999999
v 0.92500001 3.53161770 0.44999999
v 0.92500001 3.75661772 0.44999999
v 0.81250001 3.53161770 0.44999999
v 0.58750000 3.75661772 0.44999999
v 0.81250001 3.64411771 0.44999999
v 0.81250001 3.86911774 0.44999999
v 0.58750000 3.86911774 0.44999999
v 0.81250001 3.75661772 0.44999999
v 0.70000000 3.75661772 0.44999999
v 0.81250001 3.41911769 0.44999999
v 0.58750000 3.41911769 0.44999999
v 0.70000000 3.53161770 0.44999999
v 0.47499999 3.75661772 0.44999999
v 0.47499999 3.53161770 0.44999999
v 0.58750000 3.64411771 0.44999999
v 0.58750000 3.53161770 0.44999999
v 0.92500001 3.47536770 0.44999999
v 0.92500001 3.58786771 0.44999999
v 0.92500001 3.81286773 0.44999999
v 0.92500001 3.70036772 0.44999999
v 0.86875001 3.47536770 0.44999999
v 0.75625001 3.58786771 0.44999999
v 0.86875001 3.53161770 0.44999999
v 0.53125000 3.81286773 0.44999999
v 0.64375000 3.70036772 0.44999999
v 0.86875001 3.64411771 0.44999999
v 0.75625001 3.64411771 0.44999999
v 0.86875001 3.58786771 0.44999999
v 0.81250001 3.58786771 0.44999999
v 0.86875001 3.86911774 0.44999999
v 0.75625001 3.86911774 0.44999999
v 0.86875001 3.81286773 0.44999999
v 0.53125000 3.86911774 0.44999999
v 0.64375000 3.86911774 0.44999999
v 0.58750000 3.81286773 0.44999999
v 0.86875001 3.70036772 0.44999999
v 0.75625001 3.81286773 0.44999999
v 0.86875001 3.75661772 0.44999999
v 0.81250001 3.70036772 0.44999999
v 0.81250001 3.81286773 0.44999999
v 0.70000000 3.70036772 0.44999999
v 0.70000000 3.81286773 0.44999999
v 0.64375000 3.75661772 0.44999999
v 0.75625001 3.70036772 0.44999999
v 0.64375000 3.81286773 0.44999999
v 0.75625001 3.75661772 0.44999999
v 0.86875001 3.41911769 0.44999999
v 0.75625001 3.41911769 0.44999999
v 0.81250001 3.47536770 0.44999999
v 0.53125000 3.41911769 0.44999999
v 0.64375000 3.41911769 0.44999999
v 0.70000000 3.58786771 0.44999999
v 0.70000000 3.47536770 0.44999999
v 0.75625001 3.53161770 0.44999999
v 0.75625001 3.47536770 0.44999999
v 0.47499999 3.81286773 0.44999999
v 0.47499999 3.70036772 0.44999999
v 0.53125000 3.75661772 0.44999999
v 0.47499999 3.47536770 0.44999999
v 0.47499999 3.58786771 0.44999999
v 0.53125000 3.47536770 0.44999999
v 0.64375000 3.64411771 0.44999999
v 0.53125000 3.64411771 0.44999999
v 0.58750000 3.70036772 0.44999999
v 0.64375000 3.58786771 0.44999999
v 0.53125000 3.70036772 0.44999999
v 0.64375000 3.47536770 0.44999999
v 0.53125000 3.58786771 0.44999999
v 0.58750000 3.47536770 0.44999999
v 0.64375000 3.53161770 0.44999999
v 0.53125000 3.53161770 0.44999999
v 0.58750000 3.58786771 0.44999999
v 0.47499999 3.41911769 0.94999999
v 0.47499999 3.86911774 0.94999999
v 0.47499999 3.41911769 0.69999999
v 0.47499999 3.64411771 0.69999999
v 0.47499999 3.64411771 0.94999999
v 0.47499999 3.86911774 0.69999999
v 0.47499999 3.41911769 0.82499999
v 0.47499999 3.41911769 0.57499999
v 0.47499999 3.53161770 0.82499999
v 0.47499999 3.75661772 0.57499999
v 0.47499999 3.53161770 0.69999999
v 0.47499999 3.53161770 0.57499999
v 0.47499999 3.64411771 0.57499999
v 0.47499999 3.53161770 0.94999999
v 0.47499999 3.75661772 0.94999999
v 0.47499999 3.64411771 0.82499999
v 0.47499999 3.86911774 0.57499999
v 0.47499999 3.86911774 0.82499999
v 0.47499999 3.75661772 0.69999999
v 0.47499999 3.75661772 0.82499999
v 0.47499999 3.41911769 0.88749999
v 0.47499999 3.41911769 0.76249999
v 0.47499999 3.41911769 0.51249999
v 0.47499999 3.41911769 0.63749999
v 0.47499999 3.47536770 0.88749999
v 0.47499999 3.58786771 0.76249999
v 0.47499999 3.47536770 0.82499999
v 0.47499999 3.81286773 0.51249999
v 0.47499999 3.70036772 0.63749999
v 0.47499999 3.47536770 0.69999999
v 0.47499999 3.58786771 0.69999999
v 0.47499999 3.47536770 0.76249999
v 0.47499999 3.53161770 0.76249999
v 0.47499999 3.47536770 0.51249999
v 0.47499999 3.75661772 0.51249999
v 0.47499999 3.47536770 0.63749999
v 0.47499999 3.58786771 0.51249999
v 0.47499999 3.47536770 0.57499999
v 0.47499999 3.53161770 0.63749999
v 0.47499999 3.53161770 0.51249999
v 0.47499999 3.64411771 0.63749999
v 0.47499999 3.64411771 0.51249999
v 0.47499999 3.70036772 0.57499999
v 0.47499999 3.58786771 0.63749999
v 0.47499999 3.70036772 0.51249999
v 0.47499999 3.58786771 0.57499999
v 0.47499999 3.47536770 0.94999999
v 0.47499999 3.58786771 0.94999999
v 0.47499999 3.53161770 0.88749999
v 0.47499999 3.81286773 0.94999999
v 0.47499999 3.70036772 0.94999999
v 0.47499999 3.64411771 0.76249999
v 0.47499999 3.64411771 0.88749999
v 0.47499999 3.58786771 0.82499999
v 0.47499999 3.58786771 0.88749999
v 0.47499999 3.86911774 0.51249999
v 0.47499999 3.86911774 0.63749999
v 0.47499999 3.81286773 0.57499999
v 0.47499999 3.86911774 0.88749999
v 0.47499999 3.86911774 0.76249999
v 0.47499999 3.81286773 0.88749999
v 0.47499999 3.70036772 0.69999999
v 0.47499999 3.81286773 0.69999999
v 0.47499999 3.75661772 0.63749999
v 0.47499999 3.70036772 0.76249999
v 0.47499999 3.81286773 0.63749999
v 0.47499999 3.70036772 0.88749999
v 0.47499999 3.81286773 0.76249999
v 0.47499999 3.75661772 0.88749999
v 0.47499999 3.70036772 0.82499999
v 0.47499999 3.81286773 0.82499999
v 0.47499999 3.75661772 0.76249999
v 1.99553049 4.62549019 0.75000000
v 0.69999999 4.62549019 0.75000000
v 0.69999999 0.69999999 0.75000000
v 1.99553049 0.69999999 0.75000000
v 1.34776524 4.62549019 0.75000000
v 1.34776524 2.66274509 0.75000000
v 0.69999999 2.66274509 0.75000000
v 1.99553049 2.66274509 0.75000000
v 1.34776524 0.69999999 0.75000000
v 1.67164786 4.62549019 0.75000000
v 1.02388261 4.62549019 0.75000000
v 1.67164786 3.64411764 0.75000000
v 1.02388261 1.68137254 0.75000000
v 1.34776524 3.64411764 0.75000000
v 0.69999999 3.64411764 0.75000000
v 0.69999999 1.68137254 0.75000000
v 1.02388261 3.64411764 0.75000000
v 1.02388261 2.66274509 0.75000000
v 1.99553049 3.64411764 0.75000000
v 1.99553049 1.68137254 0.75000000
v 1.67164786 2.66274509 0.75000000
v 1.02388261 0.69999999 0.75000000
v 1.67164786 0.69999999 0.75000000
v 1.34776524 1.68137254 0.75000000
v 1.67164786 1.68137254 0.75000000
v 1.83358917 4.62549019 0.75000000
v 1.50970655 4.62549019 0.75000000
v 0.86194130 4.62549019 0.75000000
v 1.18582392 4.62549019 0.75000000
v 1.83358917 4.13480391 0.75000000
v 1.50970655 3.15343136 0.75000000
v 1.67164786 4.13480391 0.75000000
v 0.86194130 1.19068626 0.75000000
v 1.18582392 2.17205881 0.75000000
v 1.34776524 4.13480391 0.75000000
v 1.34776524 3.15343136 0.75000000
v 1.50970655 4.13480391 0.75000000
v 1.50970655 3.64411764 0.75000000
v 0.69999999 4.13480391 0.75000000
v 0.69999999 3.15343136 0.75000000
v 0.86194130 4.13480391 0.75000000
v 0.69999999 1.19068626 0.75000000
v 0.69999999 2.17205881 0.75000000
v 0.86194130 1.68137254 0.75000000
v 1.18582392 4.13480391 0.75000000
v 0.86194130 3.15343136 0.75000000
v 1.02388261 4.13480391 0.75000000
v 1.18582392 3.64411764 0.75000000
v 0.86194130 3.64411764 0.75000000
v 1.18582392 2.66274509 0.75000000
v 0.86194130 2.66274509 0.75000000
v 1.02388261 2.17205881 0.75000000
v 1.18582392 3.15343136 0.75000000
v 0.86194130 2.17205881 0.75000000
v 1.02388261 3.15343136 0.75000000
v 1.99553049 4.13480391 0.75000000
v 1.99553049 3.15343136 0.75000000
v 1.83358917 3.64411764 0.75000000
v 1.99553049 1.19068626 0.75000000
v 1.99553049 2.17205881 0.75000000
v 1.50970655 2.66274509 0.75000000
v 1.83358917 2.66274509 0.75000000
v 1.67164786 3.15343136 0.75000000
v 1.83358917 3.15343136 0.75000000
v 0.86194130 0.69999999 0.75000000
v 1.18582392 0.69999999 0.75000000
v 1.02388261 1.19068626 0.75000000
v 1.83358917 0.69999999 0.75000000
v 1.50970655 0.69999999 0.75000000
v 1.83358917 1.19068626 0.75000000
v 1.34776524 2.17205881 0.75000000
v 1.34776524 1.19068626 0.75000000
v 1.18582392 1.68137254 0.75000000
v 1.50970655 2.17205881 0.75000000
v 1.18582392 1.19068626 0.75000000
v 1.83358917 2.17205881 0.75000000
v 1.50970655 1.19068626 0.75000000
v 1.83358917 1.68137254 0.75000000
v 1.67164786 2.17205881 0.75000000
v 1.67164786 1.19068626 0.75000000
v 1.50970655 1.68137254 0.75000000
f 1 26 30
f 26 10 32
f 30 32 12
f 26 32 30
f 10 27 37
f 27 5 35
f 37 35 14
f 27 35 37
f 12 38 31
f 38 14 36
f 31 36 6
f 38 36 31
f 10 37 32
f 37 14 38
f 32 38 12
f 37 38 32
f 5 29 45
f 29 11 47
f 45 47 17
f 29 47 45
f 11 28 41
f 28 2 39
f 41 39 15
f 28 39 41
f 17 49 46
f 49 15 40
f 46 40 7
f 49 40 46
f 11 41 47
f 41 15 49
f 47 49 17
f 41 49 47
f 6 50 34
f 50 18 52
f 34 52 13
f 50 52 34
f 18 51 54
f 51 7 43
f 54 43 16
f 51 43 54
f 13 44 33
f 44 16 42
f 33 42 3
f 44 42 33
f 18 54 52
f 54 16 44
f 52 44 13
f 54 44 52
f 5 45 35
f 45 17 48
f 35 48 14
f 45 48 35
f 17 46 55
f 46 7 51
f 55 51 18
f 46 51 55
f 14 53 36
f 53 18 50
f 36 50 6
f 53 50 36
f 17 55 48
f 55 18 53
f 48 53 14
f 55 53 48
f 1 30 30
f 30 12 12
f 30 12 12
f 30 12 30
f 12 31 31
f 31 6 6
f 31 6 6
f 31 6 31
f 12 31 31
f 31 6 6
f 31 6 6
f 31 6 31
f 12 31 12
f 31 6 31
f 12 31 12
f 31 31 12
f 6 34 34
f 34 13 13
f 34 13 13
f 34 13 34
f 13 33 33
f 33 3 3
f 33 3 3
f 33 3 33
f 13 33 33
f 33 3 3
f 33 3 3
f 33 3 33
f 13 33 13
f 33 3 33
f 13 33 13
f 33 33 13
f 6 34 34
f 34 13 13
f 34 13 13
f 34 13 34
f 13 33 33
f 33 3 3
f 33 3 3
f 33 3 33
f 13 33 33
f 33 3 3
f 33 3 3
f 33 3 33
f 13 33 13
f 33 3 33
f 13 33 13
f 33 33 13
f 6 34 6
f 34 13 34
f 6 34 6
f 34 34 6
f 13 33 13
f 33 3 33
f 13 33 13
f 33 33 13
f 6 34 6
f 34 13 34
f 6 34 6
f 34 34 6
f 13 13 34
f 13 13 34
f 34 34 6
f 13 34 34
f 1 30 56
f 30 12 58
f 56 58 19
f 30 58 56
f 12 31 63
f 31 6 61
f 63 61 21
f 31 61 63
f 19 64 57
f 64 21 62
f 57 62 8
f 64 62 57
f 12 63 58
f 63 21 64
f 58 64 19
f 63 64 58
f 6 34 71
f 34 13 73
f 71 73 24
f 34 73 71
f 13 33 67
f 33 3 65
f 67 65 22
f 33 65 67
f 24 75 72
f 75 22 66
f 72 66 9
f 75 66 72
f 13 67 73
f 67 22 75
f 73 75 24
f 67 75 73
f 8 76 60
f 76 25 78
f 60 78 20
f 76 78 60
f 25 77 80
f 77 9 69
f 80 69 23
f 77 69 80
f 20 70 59
f 70 23 68
f 59 68 4
f 70 68 59
f 25 80 78
f 80 23 70
f 78 70 20
f 80 70 78
f 6 71 61
f 71 24 74
f 61 74 21
f 71 74 61
f 24 72 81
f 72 9 77
f 81 77 25
f 72 77 81
f 21 79 62
f 79 25 76
f 62 76 8
f 79 76 62
f 24 81 74
f 81 25 79
f 74 79 21
f 81 79 74
f 1 56 56
f 56 19 19
f 56 19 19
f 56 19 56
f 19 57 57
f 57 8 8
f 57 8 8
f 57 8 57
f 19 57 57
f 57 8 8
f 57 8 8
f 57 8 57
f 19 57 19
f 57 8 57
f 19 57 19
f 57 57 19
f 8 60 60
f 60 20 20
f 60 20 20
f 60 20 60
f 20 59 59
f 59 4 4
f 59 4 4
f 59 4 59
f 20 59 59
f 59 4 4
f 59 4 4
f 59 4 59
f 20 59 20
f 59 4 59
f 20 59 20
f 59 59 20
f 8 60 60
f 60 20 20
f 60 20 20
f 60 20 60
f 20 59 59
f 59 4 4
f 59 4 4
f 59 4 59
f 20 59 59
f 59 4 4
f 59 4 4
f 59 4 59
f 20 59 20
f 59 4 59
f 20 59 20
f 59 59 20
f 8 60 8
f 60 20 60
f 8 60 8
f 60 60 8
f 20 59 20
f 59 4 59
f 20 59 20
f 59 59 20
f 8 60 8
f 60 20 60
f 8 60 8
f 60 60 8
f 20 20 60
f 20 20 60
f 60 60 8
f 20 60 60
f 82 157 161
f 157 103 163
f 161 163 105
f 157 163 161
f 103 158 168
f 158 88 166
f 168 166 107
f 158 166 168
f 105 169 162
f 169 107 167
f 162 167 89
f 169 167 162
f 103 168 163
f 168 107 169
f 163 169 105
f 168 169 163
f 88 160 176
f 160 104 178
f 176 178 110
f 160 178 176
f 104 159 172
f 159 4 170
f 172 170 108
f 159 170 172
f 110 180 177
f 180 108 171
f 177 171 90
f 180 171 177
f 104 172 178
f 172 108 180
f 178 180 110
f 172 180 178
f 89 181 165
f 181 111 183
f 165 183 106
f 181 183 165
f 111 182 185
f 182 90 174
f 185 174 109
f 182 174 185
f 106 175 164
f 175 109 173
f 164 173 83
f 175 173 164
f 111 185 183
f 185 109 175
f 183 175 106
f 185 175 183
f 88 176 166
f 176 110 179
f 166 179 107
f 176 179 166
f 110 177 186
f 177 90 182
f 186 182 111
f 177 182 186
f 107 184 167
f 184 111 181
f 167 181 89
f 184 181 167
f 110 186 179
f 186 111 184
f 179 184 107
f 186 184 179
f 82 161 161
f 161 105 105
f 161 105 105
f 161 105 161
f 105 162 162
f 162 89 89
f 162 89 89
f 162 89 162
f 105 162 162
f 162 89 89
f 162 89 89
f 162 89 162
f 105 162 105
f 162 89 162
f 105 162 105
f 162 162 105
f 89 165 165
f 165 106 106
f 165 106 106
f 165 106 165
f 106 164 164
f 164 83 83
f 164 83 83
f 164 83 164
f 106 164 164
f 164 83 83
f 164 83 83
f 164 83 164
f 106 164 106
f 164 83 164
f 106 164 106
f 164 164 106
f 89 165 165
f 165 106 106
f 165 106 106
f 165 106 165
f 106 164 164
f 164 83 83
f 164 83 83
f 164 83 164
f 106 164 164
f 164 83 83
f 164 83 83
f 164 83 164
f 106 164 106
f 164 83 164
f 106 164 106
f 164 164 106
f 89 165 89
f 165 106 165
f 89 165 89
f 165 165 89
f 106 164 106
f 164 83 164
f 106 164 106
f 164 164 106
f 89 165 89
f 165 106 165
f 89 165 89
f 165 165 89
f 106 106 165
f 106 106 165
f 165 165 89
f 106 165 165
f 4 159 196
f 159 104 198
f 196 198 115
f 159 198 196
f 104 160 204
f 160 88 202
f 204 202 117
f 160 202 204
f 115 206 197
f 206 117 203
f 197 203 92
f 206 203 197
f 104 204 198
f 204 117 206
f 198 206 115
f 204 206 198
f 88 158 192
f 158 103 194
f 192 194 114
f 158 194 192
f 103 157 189
f 157 82 187
f 189 187 112
f 157 187 189
f 114 195 193
f 195 112 188
f 193 188 91
f 195 188 193
f 103 189 194
f 189 112 195
f 194 195 114
f 189 195 194
f 92 208 200
f 208 118 211
f 200 211 116
f 208 211 200
f 118 207 209
f 207 91 191
f 209 191 113
f 207 191 209
f 116 201 199
f 201 113 190
f 199 190 84
f 201 190 199
f 118 209 211
f 209 113 201
f 211 201 116
f 209 201 211
f 88 192 202
f 192 114 205
f 202 205 117
f 192 205 202
f 114 193 210
f 193 91 207
f 210 207 118
f 193 207 210
f 117 212 203
f 212 118 208
f 203 208 92
f 212 208 203
f 114 210 205
f 210 118 212
f 205 212 117
f 210 212 205
f 4 196 196
f 196 115 115
f 196 115 115
f 196 115 196
f 115 197 197
f 197 92 92
f 197 92 92
f 197 92 197
f 115 197 197
f 197 92 92
f 197 92 92
f 197 92 197
f 115 197 115
f 197 92 197
f 115 197 115
f 197 197 115
f 92 200 200
f 200 116 116
f 200 116 116
f 200 116 200
f 116 199 199
f 199 84 84
f 199 84 84
f 199 84 199
f 116 199 199
f 199 84 84
f 199 84 84
f 199 84 199
f 116 199 116
f 199 84 199
f 116 199 116
f 199 199 116
f 92 200 200
f 200 116 116
f 200 116 116
f 200 116 200
f 116 199 199
f 199 84 84
f 199 84 84
f 199 84 199
f 116 199 199
f 199 84 84
f 199 84 84
f 199 84 199
f 116 199 116
f 199 84 199
f 116 199 116
f 199 199 116
f 92 200 92
f 200 116 200
f 92 200 92
f 200 200 92
f 116 199 116
f 199 84 199
f 116 199 116
f 199 199 116
f 92 200 92
f 200 116 200
f 92 200 92
f 200 200 92
f 116 116 200
f 116 116 200
f 200 200 92
f 116 200 200
f 85 230 215
f 230 126 232
f 215 232 120
f 230 232 215
f 126 231 240
f 231 96 237
f 240 237 128
f 231 237 240
f 120 238 216
f 238 128 236
f 216 236 93
f 238 236 216
f 126 240 232
f 240 128 238
f 232 238 120
f 240 238 232
f 96 234 242
f 234 127 245
f 242 245 129
f 234 245 242
f 127 233 235
f 233 86 220
f 235 220 122
f 233 220 235
f 129 243 241
f 243 122 221
f 241 221 94
f 243 221 241
f 127 235 245
f 235 122 243
f 245 243 129
f 235 243 245
f 93 222 214
f 222 123 224
f 214 224 119
f 222 224 214
f 123 223 225
f 223 94 218
f 225 218 121
f 223 218 225
f 119 219 213
f 219 121 217
f 213 217 83
f 219 217 213
f 123 225 224
f 225 121 219
f 224 219 119
f 225 219 224
f 96 242 237
f 242 129 246
f 237 246 128
f 242 246 237
f 129 241 244
f 241 94 223
f 244 223 123
f 241 223 244
f 128 239 236
f 239 123 222
f 236 222 93
f 239 222 236
f 129 244 246
f 244 123 239
f 246 239 128
f 244 239 246
f 85 215 215
f 215 120 120
f 215 120 120
f 215 120 215
f 120 216 216
f 216 93 93
f 216 93 93
f 216 93 216
f 120 216 216
f 216 93 93
f 216 93 93
f 216 93 216
f 120 216 120
f 216 93 216
f 120 216 120
f 216 216 120
f 93 214 214
f 214 119 119
f 214 119 119
f 214 119 214
f 119 213 213
f 213 83 83
f 213 83 83
f 213 83 213
f 119 213 213
f 213 83 83
f 213 83 83
f 213 83 213
f 119 213 119
f 213 83 213
f 119 213 119
f 213 213 119
f 93 214 214
f 214 119 119
f 214 119 119
f 214 119 214
f 119 213 213
f 213 83 83
f 213 83 83
f 213 83 213
f 119 213 213
f 213 83 83
f 213 83 83
f 213 83 213
f 119 213 119
f 213 83 213
f 119 213 119
f 213 213 119
f 93 214 93
f 214 119 214
f 93 214 93
f 214 214 93
f 119 213 119
f 213 83 213
f 119 213 119
f 213 213 119
f 93 214 93
f 214 119 214
f 93 214 93
f 214 214 93
f 119 119 214
f 119 119 214
f 214 214 93
f 119 214 214
f 86 233 287
f 233 127 290
f 287 290 141
f 233 290 287
f 127 234 302
f 234 96 300
f 302 300 144
f 234 300 302
f 141 304 288
f 304 144 301
f 288 301 100
f 304 301 288
f 127 302 290
f 302 144 304
f 290 304 141
f 302 304 290
f 96 231 283
f 231 126 285
f 283 285 140
f 231 285 283
f 126 230 280
f 230 85 278
f 280 278 138
f 230 278 280
f 140 286 284
f 286 138 279
f 284 279 99
f 286 279 284
f 126 280 285
f 280 138 286
f 285 286 140
f 280 286 285
f 100 312 292
f 312 146 315
f 292 315 142
f 312 315 292
f 146 311 313
f 311 99 282
f 313 282 139
f 311 282 313
f 142 294 291
f 294 139 281
f 291 281 87
f 294 281 291
f 146 313 315
f 313 139 294
f 315 294 142
f 313 294 315
f 96 283 300
f 283 140 303
f 300 303 144
f 283 303 300
f 140 284 314
f 284 99 311
f 314 311 146
f 284 311 314
f 144 316 301
f 316 146 312
f 301 312 100
f 316 312 301
f 140 314 303
f 314 146 316
f 303 316 144
f 314 316 303
f 86 287 287
f 287 141 141
f 287 141 141
f 287 141 287
f 141 288 288
f 288 100 100
f 288 100 100
f 288 100 288
f 141 288 288
f 288 100 100
f 288 100 100
f 288 100 288
f 141 288 141
f 288 100 288
f 141 288 141
f 288 288 141
f 100 292 292
f 292 142 142
f 292 142 142
f 292 142 292
f 142 291 291
f 291 87 87
f 291 87 87
f 291 87 291
f 142 291 291
f 291 87 87
f 291 87 87
f 291 87 291
f 142 291 142
f 291 87 291
f 142 291 142
f 291 291 142
f 100 292 292
f 292 142 142
f 292 142 142
f 292 142 292
f 142 291 291
f 291 87 87
f 291 87 87
f 291 87 291
f 142 291 291
f 291 87 87
f 291 87 87
f 291 87 291
f 142 291 142
f 291 87 291
f 142 291 142
f 291 291 142
f 100 292 100
f 292 142 292
f 100 292 100
f 292 292 100
f 142 291 142
f 291 87 291
f 142 291 142
f 291 291 142
f 100 292 100
f 292 142 292
f 100 292 100
f 292 292 100
f 142 142 292
f 142 142 292
f 292 292 100
f 142 292 292
f 4 68 170
f 68 23 317
f 170 317 108
f 68 317 170
f 23 69 321
f 69 9 319
f 321 319 147
f 69 319 321
f 108 320 171
f 320 147 318
f 171 318 90
f 320 318 171
f 23 321 317
f 321 147 320
f 317 320 108
f 321 320 317
f 9 66 338
f 66 22 340
f 338 340 152
f 66 340 338
f 22 65 328
f 65 3 326
f 328 326 149
f 65 326 328
f 152 342 339
f 342 149 327
f 339 327 101
f 342 327 339
f 22 328 340
f 328 149 342
f 340 342 152
f 328 342 340
f 90 329 174
f 329 150 331
f 174 331 109
f 329 331 174
f 150 330 333
f 330 101 323
f 333 323 148
f 330 323 333
f 109 324 173
f 324 148 322
f 173 322 83
f 324 322 173
f 150 333 331
f 333 148 324
f 331 324 109
f 333 324 331
f 9 338 319
f 338 152 341
f 319 341 147
f 338 341 319
f 152 339 343
f 339 101 330
f 343 330 150
f 339 330 343
f 147 332 318
f 332 150 329
f 318 329 90
f 332 329 318
f 152 343 341
f 343 150 332
f 341 332 147
f 343 332 341
f 4 170 170
f 170 108 108
f 170 108 108
f 170 108 170
f 108 171 171
f 171 90 90
f 171 90 90
f 171 90 171
f 108 171 171
f 171 90 90
f 171 90 90
f 171 90 171
f 108 171 108
f 171 90 171
f 108 171 108
f 171 171 108
f 90 174 174
f 174 109 109
f 174 109 109
f 174 109 174
f 109 173 173
f 173 83 83
f 173 83 83
f 173 83 173
f 109 173 173
f 173 83 83
f 173 83 83
f 173 83 173
f 109 173 109
f 173 83 173
f 109 173 109
f 173 173 109
f 90 174 174
f 174 109 109
f 174 109 109
f 174 109 174
f 109 173 173
f 173 83 83
f 173 83 83
f 173 83 173
f 109 173 173
f 173 83 83
f 173 83 83
f 173 83 173
f 109 173 109
f 173 83 173
f 109 173 109
f 173 173 109
f 90 174 90
f 174 109 174
f 90 174 90
f 174 174 90
f 109 173 109
f 173 83 173
f 109 173 109
f 173 173 109
f 90 174 90
f 174 109 174
f 90 174 90
f 174 174 90
f 109 109 174
f 109 109 174
f 174 174 90
f 109 174 174
f 4 196 247
f 196 115 249
f 247 249 130
f 196 249 247
f 115 197 254
f 197 92 252
f 254 252 132
f 197 252 254
f 130 255 248
f 255 132 253
f 248 253 97
f 255 253 248
f 115 254 249
f 254 132 255
f 249 255 130
f 254 255 249
f 92 200 263
f 200 116 265
f 263 265 135
f 200 265 263
f 116 199 258
f 199 84 256
f 258 256 133
f 199 256 258
f 135 267 264
f 267 133 257
f 264 257 98
f 267 257 264
f 116 258 265
f 258 133 267
f 265 267 135
f 258 267 265
f 97 272 251
f 272 137 274
f 251 274 131
f 272 274 251
f 137 273 276
f 273 98 261
f 276 261 134
f 273 261 276
f 131 262 250
f 262 134 260
f 250 260 87
f 262 260 250
f 137 276 274
f 276 134 262
f 274 262 131
f 276 262 274
f 92 263 252
f 263 135 266
f 252 266 132
f 263 266 252
f 135 264 277
f 264 98 273
f 277 273 137
f 264 273 277
f 132 275 253
f 275 137 272
f 253 272 97
f 275 272 253
f 135 277 266
f 277 137 275
f 266 275 132
f 277 275 266
f 4 247 247
f 247 130 130
f 247 130 130
f 247 130 247
f 130 248 248
f 248 97 97
f 248 97 97
f 248 97 248
f 130 248 248
f 248 97 97
f 248 97 97
f 248 97 248
f 130 248 130
f 248 97 248
f 130 248 130
f 248 248 130
f 97 251 251
f 251 131 131
f 251 131 131
f 251 131 251
f 131 250 250
f 250 87 87
f 250 87 87
f 250 87 250
f 131 250 250
f 250 87 87
f 250 87 87
f 250 87 250
f 131 250 131
f 250 87 250
f 131 250 131
f 250 250 131
f 97 251 251
f 251 131 131
f 251 131 131
f 251 131 251
f 131 250 250
f 250 87 87
f 250 87 87
f 250 87 250
f 131 250 250
f 250 87 87
f 250 87 87
f 250 87 250
f 131 250 131
f 250 87 250
f 131 250 131
f 250 250 131
f 97 251 97
f 251 131 251
f 97 251 97
f 251 251 97
f 131 250 131
f 250 87 250
f 131 250 131
f 250 250 131
f 97 251 97
f 251 131 251
f 97 251 97
f 251 251 97
f 131 131 251
f 131 131 251
f 251 251 97
f 131 251 251
f 85 215 344
f 215 120 346
f 344 346 153
f 215 346 344
f 120 216 352
f 216 93 350
f 352 350 155
f 216 350 352
f 153 354 345
f 354 155 351
f 345 351 102
f 354 351 345
f 120 352 346
f 352 155 354
f 346 354 153
f 352 354 346
f 93 214 334
f 214 119 336
f 334 336 151
f 214 336 334
f 119 213 325
f 213 83 322
f 325 322 148
f 213 322 325
f 151 337 335
f 337 148 323
f 335 323 101
f 337 323 335
f 119 325 336
f 325 148 337
f 336 337 151
f 325 337 336
f 102 356 348
f 356 156 359
f 348 359 154
f 356 359 348
f 156 355 357
f 355 101 327
f 357 327 149
f 355 327 357
f 154 349 347
f 349 149 326
f 347 326 3
f 349 326 347
f 156 357 359
f 357 149 349
f 359 349 154
f 357 349 359
f 93 334 350
f 334 151 353
f 350 353 155
f 334 353 350
f 151 335 358
f 335 101 355
f 358 355 156
f 335 355 358
f 155 360 351
f 360 156 356
f 351 356 102
f 360 356 351
f 151 358 353
f 358 156 360
f 353 360 155
f 358 360 353
f 85 344 344
f 344 153 153
f 344 153 153
f 344 153 344
f 153 345 345
f 345 102 102
f 345 102 102
f 345 102 345
f 153 345 345
f 345 102 102
f 345 102 102
f 345 102 345
f 153 345 153
f 345 102 345
f 153 345 153
f 345 345 153
f 102 348 348
f 348 154 154
f 348 154 154
f 348 154 348
f 154 347 347
f 347 3 3
f 347 3 3
f 347 3 347
f 154 347 347
f 347 3 3
f 347 3 3
f 347 3 347
f 154 347 154
f 347 3 347
f 154 347 154
f 347 347 154
f 102 348 348
f 348 154 154
f 348 154 154
f 348 154 348
f 154 347 347
f 347 3 3
f 347 3 3
f 347 3 347
f 154 347 347
f 347 3 3
f 347 3 3
f 347 3 347
f 154 347 154
f 347 3 347
f 154 347 154
f 347 347 154
f 102 348 102
f 348 154 348
f 102 348 102
f 348 348 102
f 154 347 154
f 347 3 347
f 154 347 154
f 347 347 154
f 102 348 102
f 348 154 348
f 102 348 102
f 348 348 102
f 154 154 348
f 154 154 348
f 348 348 102
f 154 348 348
f 86 287 228
f 287 141 289
f 228 289 125
f 287 289 228
f 141 288 299
f 288 100 296
f 299 296 143
f 288 296 299
f 125 297 229
f 297 143 295
f 229 295 95
f 297 295 229
f 141 299 289
f 299 143 297
f 289 297 125
f 299 297 289
f 100 292 306
f 292 142 309
f 306 309 145
f 292 309 306
f 142 291 293
f 291 87 260
f 293 260 134
f 291 260 293
f 145 307 305
f 307 134 261
f 305 261 98
f 307 261 305
f 142 293 309
f 293 134 307
f 309 307 145
f 293 307 309
f 95 268 227
f 268 136 270
f 227 270 124
f 268 270 227
f 136 269 271
f 269 98 257
f 271 257 133
f 269 257 271
f 124 259 226
f 259 133 256
f 226 256 84
f 259 256 226
f 136 271 270
f 271 133 259
f 270 259 124
f 271 259 270
f 100 306 296
f 306 145 310
f 296 310 143
f 306 310 296
f 145 305 308
f 305 98 269
f 308 269 136
f 305 269 308
f 143 298 295
f 298 136 268
f 295 268 95
f 298 268 295
f 145 308 310
f 308 136 298
f 310 298 143
f 308 298 310
f 86 228 228
f 228 125 125
f 228 125 125
f 228 125 228
f 125 229 229
f 229 95 95
f 229 95 95
f 229 95 229
f 125 229 229
f 229 95 95
f 229 95 95
f 229 95 229
f 125 229 125
f 229 95 229
f 125 229 125
f 229 229 125
f 95 227 227
f 227 124 124
f 227 124 124
f 227 124 227
f 124 226 226
f 226 84 84
f 226 84 84
f 226 84 226
f 124 226 226
f 226 84 84
f 226 84 84
f 226 84 226
f 124 226 124
f 226 84 226
f 124 226 124
f 226 226 124
f 95 227 227
f 227 124 124
f 227 124 124
f 227 124 227
f 124 226 226
f 226 84 84
f 226 84 84
f 226 84 226
f 124 226 226
f 226 84 84
f 226 84 84
f 226 84 226
f 124 226 124
f 226 84 226
f 124 226 124
f 226 226 124
f 95 227 95
f 227 124 227
f 95 227 95
f 227 227 95
f 124 226 124
f 226 84 226
f 124 226 124
f 226 226 124
f 95 227 95
f 227 124 227
f 95 227 95
f 227 227 95
f 124 124 227
f 124 124 227
f 227 227 95
f 124 227 227
f 2 28 421
f 28 11 423
f 421 423 379
f 28 423 421
f 11 29 428
f 29 5 426
f 428 426 381
f 29 426 428
f 379 429 422
f 429 381 427
f 422 427 367
f 429 427 422
f 11 428 423
f 428 381 429
f 423 429 379
f 428 429 423
f 5 27 436
f 27 10 438
f 436 438 384
f 27 438 436
f 10 26 432
f 26 1 430
f 432 430 382
f 26 430 432
f 384 440 437
f 440 382 431
f 437 431 368
f 440 431 437
f 10 432 438
f 432 382 440
f 438 440 384
f 432 440 438
f 367 441 425
f 441 385 443
f 425 443 380
f 441 443 425
f 385 442 445
f 442 368 434
f 445 434 383
f 442 434 445
f 380 435 424
f 435 383 433
f 424 433 361
f 435 433 424
f 385 445 443
f 445 383 435
f 443 435 380
f 445 435 443
f 5 436 426
f 436 384 439
f 426 439 381
f 436 439 426
f 384 437 446
f 437 368 442
f 446 442 385
f 437 442 446
f 381 444 427
f 444 385 441
f 427 441 367
f 444 441 427
f 384 446 439
f 446 385 444
f 439 444 381
f 446 444 439
f 2 421 421
f 421 379 379
f 421 379 379
f 421 379 421
f 379 422 422
f 422 367 367
f 422 367 367
f 422 367 422
f 379 422 422
f 422 367 367
f 422 367 367
f 422 367 422
f 379 422 379
f 422 367 422
f 379 422 379
f 422 422 379
f 367 425 425
f 425 380 380
f 425 380 380
f 425 380 425
f 380 424 424
f 424 361 361
f 424 361 361
f 424 361 424
f 380 424 424
f 424 361 361
f 424 361 361
f 424 361 424
f 380 424 380
f 424 361 424
f 380 424 380
f 424 424 380
f 367 425 425
f 425 380 380
f 425 380 380
f 425 380 425
f 380 424 424
f 424 361 361
f 424 361 361
f 424 361 424
f 380 424 424
f 424 361 361
f 424 361 361
f 424 361 424
f 380 424 380
f 424 361 424
f 380 424 380
f 424 424 380
f 367 425 367
f 425 380 425
f 367 425 367
f 425 425 367
f 380 424 380
f 424 361 424
f 380 424 380
f 424 424 380
f 367 425 367
f 425 380 425
f 367 425 367
f 425 425 367
f 380 380 425
f 380 380 425
f 425 425 367
f 380 425 425
f 362 459 450
f 459 390 461
f 450 461 387
f 459 461 450
f 390 460 471
f 460 370 468
f 471 468 392
f 460 468 471
f 387 469 451
f 469 392 467
f 451 467 369
f 469 467 451
f 390 471 461
f 471 392 469
f 461 469 387
f 471 469 461
f 370 457 463
f 457 389 466
f 463 466 391
f 457 466 463
f 389 456 458
f 456 361 433
f 458 433 383
f 456 433 458
f 391 464 462
f 464 383 434
f 462 434 368
f 464 434 462
f 389 458 466
f 458 383 464
f 466 464 391
f 458 464 466
f 369 453 448
f 453 388 455
f 448 455 386
f 453 455 448
f 388 452 454
f 452 368 431
f 454 431 382
f 452 431 454
f 386 449 447
f 449 382 430
f 447 430 1
f 449 430 447
f 388 454 455
f 454 382 449
f 455 449 386
f 454 449 455
f 370 463 468
f 463 391 472
f 468 472 392
f 463 472 468
f 391 462 465
f 462 368 452
f 465 452 388
f 462 452 465
f 392 470 467
f 470 388 453
f 467 453 369
f 470 453 467
f 391 465 472
f 465 388 470
f 472 470 392
f 465 470 472
f 362 450 450
f 450 387 387
f 450 387 387
f 450 387 450
f 387 451 451
f 451 369 369
f 451 369 369
f 451 369 451
f 387 451 451
f 451 369 369
f 451 369 369
f 451 369 451
f 387 451 387
f 451 369 451
f 387 451 387
f 451 451 387
f 369 448 448
f 448 386 386
f 448 386 386
f 448 386 448
f 386 447 447
f 447 1 1
f 447 1 1
f 447 1 447
f 386 447 447
f 447 1 1
f 447 1 1
f 447 1 447
f 386 447 386
f 447 1 447
f 386 447 386
f 447 447 386
f 369 448 448
f 448 386 386
f 448 386 386
f 448 386 448
f 386 447 447
f 447 1 1
f 447 1 1
f 447 1 447
f 386 447 447
f 447 1 1
f 447 1 1
f 447 1 447
f 386 447 386
f 447 1 447
f 386 447 386
f 447 447 386
f 369 448 369
f 448 386 448
f 369 448 369
f 448 448 369
f 386 447 386
f 447 1 447
f 386 447 386
f 447 447 386
f 369 448 369
f 448 386 448
f 369 448 369
f 448 448 369
f 386 386 448
f 386 386 448
f 448 448 369
f 386 448 448
f 361 482 424
f 482 396 484
f 424 484 380
f 482 484 424
f 396 483 492
f 483 372 489
f 492 489 398
f 483 489 492
f 380 490 425
f 490 398 488
f 425 488 367
f 490 488 425
f 396 492 484
f 492 398 490
f 484 490 380
f 492 490 484
f 372 486 494
f 486 397 497
f 494 497 399
f 486 497 494
f 397 485 487
f 485 363 476
f 487 476 394
f 485 476 487
f 399 495 493
f 495 394 477
f 493 477 371
f 495 477 493
f 397 487 497
f 487 394 495
f 497 495 399
f 487 495 497
f 367 478 422
f 478 395 480
f 422 480 379
f 478 480 422
f 395 479 481
f 479 371 474
f 481 474 393
f 479 474 481
f 379 475 421
f 475 393 473
f 421 473 2
f 475 473 421
f 395 481 480
f 481 393 475
f 480 475 379
f 481 475 480
f 372 494 489
f 494 399 498
f 489 498 398
f 494 498 489
f 399 493 496
f 493 371 479
f 496 479 395
f 493 479 496
f 398 491 488
f 491 395 478
f 488 478 367
f 491 478 488
f 399 496 498
f 496 395 491
f 498 491 398
f 496 491 498
f 361 424 424
f 424 380 380
f 424 380 380
f 424 380 424
f 380 425 425
f 425 367 367
f 425 367 367
f 425 367 425
f 380 425 425
f 425 367 367
f 425 367 367
f 425 367 425
f 380 425 380
f 425 367 425
f 380 425 380
f 425 425 380
f 367 422 422
f 422 379 379
f 422 379 379
f 422 379 422
f 379 421 421
f 421 2 2
f 421 2 2
f 421 2 421
f 379 421 421
f 421 2 2
f 421 2 2
f 421 2 421
f 379 421 379
f 421 2 421
f 379 421 379
f 421 421 379
f 367 422 422
f 422 379 379
f 422 379 379
f 422 379 422
f 379 421 421
f 421 2 2
f 421 2 2
f 421 2 421
f 379 421 421
f 421 2 2
f 421 2 2
f 421 2 421
f 379 421 379
f 421 2 421
f 379 421 379
f 421 421 379
f 367 422 367
f 422 379 422
f 367 422 367
f 422 422 367
f 379 421 379
f 421 2 421
f 379 421 379
f 421 421 379
f 367 422 367
f 422 379 422
f 367 422 367
f 422 422 367
f 379 379 422
f 379 379 422
f 422 422 367
f 379 422 422
f 364 534 511
f 534 410 536
f 511 536 404
f 534 536 511
f 410 535 544
f 535 376 541
f 544 541 412
f 535 541 544
f 404 542 512
f 542 412 540
f 512 540 374
f 542 540 512
f 410 544 536
f 544 412 542
f 536 542 404
f 544 542 536
f 376 538 546
f 538 411 549
f 546 549 413
f 538 549 546
f 411 537 539
f 537 365 528
f 539 528 408
f 537 528 539
f 413 547 545
f 547 408 529
f 545 529 375
f 547 529 545
f 411 539 549
f 539 408 547
f 549 547 413
f 539 547 549
f 374 530 509
f 530 409 532
f 509 532 403
f 530 532 509
f 409 531 533
f 531 375 526
f 533 526 407
f 531 526 533
f 403 527 508
f 527 407 525
f 508 525 362
f 527 525 508
f 409 533 532
f 533 407 527
f 532 527 403
f 533 527 532
f 376 546 541
f 546 413 550
f 541 550 412
f 546 550 541
f 413 545 548
f 545 375 531
f 548 531 409
f 545 531 548
f 412 543 540
f 543 409 530
f 540 530 374
f 543 530 540
f 413 548 550
f 548 409 543
f 550 543 412
f 548 543 550
f 364 511 511
f 511 404 404
f 511 404 404
f 511 404 511
f 404 512 512
f 512 374 374
f 512 374 374
f 512 374 512
f 404 512 512
f 512 374 374
f 512 374 374
f 512 374 512
f 404 512 404
f 512 374 512
f 404 512 404
f 512 512 404
f 374 509 509
f 509 403 403
f 509 403 403
f 509 403 509
f 403 508 508
f 508 362 362
f 508 362 362
f 508 362 508
f 403 508 508
f 508 362 362
f 508 362 362
f 508 362 508
f 403 508 403
f 508 362 508
f 403 508 403
f 508 508 403
f 374 509 509
f 509 403 403
f 509 403 403
f 509 403 509
f 403 508 508
f 508 362 362
f 508 362 362
f 508 362 508
f 403 508 508
f 508 362 362
f 508 362 362
f 508 362 508
f 403 508 403
f 508 362 508
f 403 508 403
f 508 508 403
f 374 509 374
f 509 403 509
f 374 509 374
f 509 509 374
f 403 508 403
f 508 362 508
f 403 508 403
f 508 508 403
f 374 509 374
f 509 403 509
f 374 509 374
f 509 509 374
f 403 403 509
f 403 403 509
f 509 509 374
f 403 509 509
f 1 499 447
f 499 400 501
f 447 501 386
f 499 501 447
f 400 500 507
f 500 373 505
f 507 505 402
f 500 505 507
f 386 506 448
f 506 402 504
f 448 504 369
f 506 504 448
f 400 507 501
f 507 402 506
f 501 506 386
f 507 506 501
f 373 503 519
f 503 401 521
f 519 521 406
f 503 521 519
f 401 502 513
f 502 364 511
f 513 511 404
f 502 511 513
f 406 523 520
f 523 404 512
f 520 512 374
f 523 512 520
f 401 513 521
f 513 404 523
f 521 523 406
f 513 523 521
f 369 514 451
f 514 405 516
f 451 516 387
f 514 516 451
f 405 515 518
f 515 374 509
f 518 509 403
f 515 509 518
f 387 510 450
f 510 403 508
f 450 508 362
f 510 508 450
f 405 518 516
f 518 403 510
f 516 510 387
f 518 510 516
f 373 519 505
f 519 406 522
f 505 522 402
f 519 522 505
f 406 520 524
f 520 374 515
f 524 515 405
f 520 515 524
f 402 517 504
f 517 405 514
f 504 514 369
f 517 514 504
f 406 524 522
f 524 405 517
f 522 517 402
f 524 517 522
f 1 447 447
f 447 386 386
f 447 386 386
f 447 386 447
f 386 448 448
f 448 369 369
f 448 369 369
f 448 369 448
f 386 448 448
f 448 369 369
f 448 369 369
f 448 369 448
f 386 448 386
f 448 369 448
f 386 448 386
f 448 448 386
f 369 451 451
f 451 387 387
f 451 387 387
f 451 387 451
f 387 450 450
f 450 362 362
f 450 362 362
f 450 362 450
f 387 450 450
f 450 362 362
f 450 362 362
f 450 362 450
f 387 450 387
f 450 362 450
f 387 450 387
f 450 450 387
f 369 451 451
f 451 387 387
f 451 387 387
f 451 387 451
f 387 450 450
f 450 362 362
f 450 362 362
f 450 362 450
f 387 450 450
f 450 362 362
f 450 362 362
f 450 362 450
f 387 450 387
f 450 362 450
f 387 450 387
f 450 450 387
f 369 451 369
f 451 387 451
f 369 451 369
f 451 451 369
f 387 450 387
f 450 362 450
f 387 450 387
f 450 450 387
f 369 451 369
f 451 387 451
f 369 451 369
f 451 451 369
f 387 387 451
f 387 387 451
f 451 451 369
f 387 451 451
f 365 560 528
f 560 417 562
f 528 562 408
f 560 562 528
f 417 561 570
f 561 378 567
f 570 567 419
f 561 567 570
f 408 568 529
f 568 419 566
f 529 566 375
f 568 566 529
f 417 570 562
f 570 419 568
f 562 568 408
f 570 568 562
f 378 564 572
f 564 418 575
f 572 575 420
f 564 575 572
f 418 563 565
f 563 366 554
f 565 554 415
f 563 554 565
f 420 573 571
f 573 415 555
f 571 555 377
f 573 555 571
f 418 565 575
f 565 415 573
f 575 573 420
f 565 573 575
f 375 556 526
f 556 416 558
f 526 558 407
f 556 558 526
f 416 557 559
f 557 377 552
f 559 552 414
f 557 552 559
f 407 553 525
f 553 414 551
f 525 551 362
f 553 551 525
f 416 559 558
f 559 414 553
f 558 553 407
f 559 553 558
f 378 572 567
f 572 420 576
f 567 576 419
f 572 576 567
f 420 571 574
f 571 377 557
f 574 557 416
f 571 557 574
f 419 569 566
f 569 416 556
f 566 556 375
f 569 556 566
f 420 574 576
f 574 416 569
f 576 569 419
f 574 569 576
f 365 528 528
f 528 408 408
f 528 408 408
f 528 408 528
f 408 529 529
f 529 375 375
f 529 375 375
f 529 375 529
f 408 529 529
f 529 375 375
f 529 375 375
f 529 375 529
f 408 529 408
f 529 375 529
f 408 529 408
f 529 529 408
f 375 526 526
f 526 407 407
f 526 407 407
f 526 407 526
f 407 525 525
f 525 362 362
f 525 362 362
f 525 362 525
f 407 525 525
f 525 362 362
f 525 362 362
f 525 362 525
f 407 525 407
f 525 362 525
f 407 525 407
f 525 525 407
f 375 526 526
f 526 407 407
f 526 407 407
f 526 407 526
f 407 525 525
f 525 362 362
f 525 362 362
f 525 362 525
f 407 525 525
f 525 362 362
f 525 362 362
f 525 362 525
f 407 525 407
f 525 362 525
f 407 525 407
f 525 525 407
f 375 526 375
f 526 407 526
f 375 526 375
f 526 526 375
f 407 525 407
f 525 362 525
f 407 525 407
f 525 525 407
f 375 526 375
f 526 407 526
f 375 526 375
f 526 526 375
f 407 407 526
f 407 407 526
f 526 526 375
f 407 526 526
f 3 42 604
f 42 16 606
f 604 606 582
f 42 606 604
f 16 43 611
f 43 7 609
f 611 609 584
f 43 609 611
f 582 612 605
f 612 584 610
f 605 610 577
f 612 610 605
f 16 611 606
f 611 584 612
f 606 612 582
f 611 612 606
f 7 40 615
f 40 15 617
f 615 617 585
f 40 617 615
f 15 39 613
f 39 2 473
f 613 473 393
f 39 473 613
f 585 619 616
f 619 393 474
f 616 474 371
f 619 474 616
f 15 613 617
f 613 393 619
f 617 619 585
f 613 619 617
f 577 620 608
f 620 586 622
f 608 622 583
f 620 622 608
f 586 621 624
f 621 371 477
f 624 477 394
f 621 477 624
f 583 614 607
f 614 394 476
f 607 476 363
f 614 476 607
f 586 624 622
f 624 394 614
f 622 614 583
f 624 614 622
f 7 615 609
f 615 585 618
f 609 618 584
f 615 618 609
f 585 616 625
f 616 371 621
f 625 621 586
f 616 621 625
f 584 623 610
f 623 586 620
f 610 620 577
f 623 620 610
f 585 625 618
f 625 586 623
f 618 623 584
f 625 623 618
f 3 604 604
f 604 582 582
f 604 582 582
f 604 582 604
f 582 605 605
f 605 577 577
f 605 577 577
f 605 577 605
f 582 605 605
f 605 577 577
f 605 577 577
f 605 577 605
f 582 605 582
f 605 577 605
f 582 605 582
f 605 605 582
f 577 608 608
f 608 583 583
f 608 583 583
f 608 583 608
f 583 607 607
f 607 363 363
f 607 363 363
f 607 363 607
f 583 607 607
f 607 363 363
f 607 363 363
f 607 363 607
f 583 607 583
f 607 363 607
f 583 607 583
f 607 607 583
f 577 608 608
f 608 583 583
f 608 583 583
f 608 583 608
f 583 607 607
f 607 363 363
f 607 363 363
f 607 363 607
f 583 607 607
f 607 363 363
f 607 363 363
f 607 363 607
f 583 607 583
f 607 363 607
f 583 607 583
f 607 607 583
f 577 608 577
f 608 583 608
f 577 608 577
f 608 608 577
f 583 607 583
f 607 363 607
f 583 607 583
f 607 607 583
f 577 608 577
f 608 583 608
f 577 608 577
f 608 608 577
f 583 583 608
f 583 583 608
f 608 608 577
f 583 608 608
f 366 629 638
f 629 588 640
f 638 640 591
f 629 640 638
f 588 630 648
f 630 578 646
f 648 646 593
f 630 646 648
f 591 650 639
f 650 593 647
f 639 647 579
f 650 647 639
f 588 648 640
f 648 593 650
f 640 650 591
f 648 650 640
f 578 627 632
f 627 587 634
f 632 634 589
f 627 634 632
f 587 626 628
f 626 3 604
f 628 604 582
f 626 604 628
f 589 633 631
f 633 582 605
f 631 605 577
f 633 605 631
f 587 628 634
f 628 582 633
f 634 633 589
f 628 633 634
f 579 642 636
f 642 592 645
f 636 645 590
f 642 645 636
f 592 641 643
f 641 577 608
f 643 608 583
f 641 608 643
f 590 637 635
f 637 583 607
f 635 607 363
f 637 607 635
f 592 643 645
f 643 583 637
f 645 637 590
f 643 637 645
f 578 632 646
f 632 589 649
f 646 649 593
f 632 649 646
f 589 631 644
f 631 577 641
f 644 641 592
f 631 641 644
f 593 651 647
f 651 592 642
f 647 642 579
f 651 642 647
f 589 644 649
f 644 592 651
f 649 651 593
f 644 651 649
f 366 638 638
f 638 591 591
f 638 591 591
f 638 591 638
f 591 639 639
f 639 579 579
f 639 579 579
f 639 579 639
f 591 639 639
f 639 579 579
f 639 579 579
f 639 579 639
f 591 639 591
f 639 579 639
f 591 639 591
f 639 639 591
f 579 636 636
f 636 590 590
f 636 590 590
f 636 590 636
f 590 635 635
f 635 363 363
f 635 363 363
f 635 363 635
f 590 635 635
f 635 363 363
f 635 363 363
f 635 363 635
f 590 635 590
f 635 363 635
f 590 635 590
f 635 635 590
f 579 636 636
f 636 590 590
f 636 590 590
f 636 590 636
f 590 635 635
f 635 363 363
f 635 363 363
f 635 363 635
f 590 635 635
f 635 363 363
f 635 363 363
f 635 363 635
f 590 635 590
f 635 363 635
f 590 635 590
f 635 635 590
f 579 636 579
f 636 590 636
f 579 636 579
f 636 636 579
f 590 635 590
f 635 363 635
f 590 635 590
f 635 635 590
f 579 636 579
f 636 590 636
f 579 636 579
f 636 636 579
f 590 590 636
f 590 590 636
f 636 636 579
f 590 636 636
f 85 660 679
f 660 596 681
f 679 681 600
f 660 681 679
f 596 661 687
f 661 580 685
f 687 685 602
f 661 685 687
f 600 689 680
f 689 602 686
f 680 686 581
f 689 686 680
f 596 687 681
f 687 602 689
f 681 689 600
f 687 689 681
f 580 658 675
f 658 595 677
f 675 677 599
f 658 677 675
f 595 657 674
f 657 366 563
f 674 563 418
f 657 563 674
f 599 678 676
f 678 418 564
f 676 564 378
f 678 564 676
f 595 674 677
f 674 418 678
f 677 678 599
f 674 678 677
f 581 691 683
f 691 603 694
f 683 694 601
f 691 694 683
f 603 690 692
f 690 378 561
f 692 561 417
f 690 561 692
f 601 684 682
f 684 417 560
f 682 560 365
f 684 560 682
f 603 692 694
f 692 417 684
f 694 684 601
f 692 684 694
f 580 675 685
f 675 599 688
f 685 688 602
f 675 688 685
f 599 676 693
f 676 378 690
f 693 690 603
f 676 690 693
f 602 695 686
f 695 603 691
f 686 691 581
f 695 691 686
f 599 693 688
f 693 603 695
f 688 695 602
f 693 695 688
f 85 679 679
f 679 600 600
f 679 600 600
f 679 600 679
f 600 680 680
f 680 581 581
f 680 581 581
f 680 581 680
f 600 680 680
f 680 581 581
f 680 581 581
f 680 581 680
f 600 680 600
f 680 581 680
f 600 680 600
f 680 680 600
f 581 683 683
f 683 601 601
f 683 601 601
f 683 601 683
f 601 682 682
f 682 365 365
f 682 365 365
f 682 365 682
f 601 682 682
f 682 365 365
f 682 365 365
f 682 365 682
f 601 682 601
f 682 365 682
f 601 682 601
f 682 682 601
f 581 683 683
f 683 601 601
f 683 601 601
f 683 601 683
f 601 682 682
f 682 365 365
f 682 365 365
f 682 365 682
f 601 682 682
f 682 365 365
f 682 365 365
f 682 365 682
f 601 682 601
f 682 365 682
f 601 682 601
f 682 682 601
f 581 683 581
f 683 601 683
f 581 683 581
f 683 683 581
f 601 682 601
f 682 365 682
f 601 682 601
f 682 682 601
f 581 683 581
f 683 601 683
f 581 683 581
f 683 683 581
f 601 601 683
f 601 601 683
f 683 683 581
f 601 683 683
f 3 626 347
f 626 587 652
f 347 652 154
f 626 652 347
f 587 627 655
f 627 578 653
f 655 653 594
f 627 653 655
f 154 656 348
f 656 594 654
f 348 654 102
f 656 654 348
f 587 655 652
f 655 594 656
f 652 656 154
f 655 656 652
f 578 630 663
f 630 588 665
f 663 665 597
f 630 665 663
f 588 629 659
f 629 366 657
f 659 657 595
f 629 657 659
f 597 667 664
f 667 595 658
f 664 658 580
f 667 658 664
f 588 659 665
f 659 595 667
f 665 667 597
f 659 667 665
f 102 668 345
f 668 598 670
f 345 670 153
f 668 670 345
f 598 669 672
f 669 580 661
f 672 661 596
f 669 661 672
f 153 662 344
f 662 596 660
f 344 660 85
f 662 660 344
f 598 672 670
f 672 596 662
f 670 662 153
f 672 662 670
f 578 663 653
f 663 597 666
f 653 666 594
f 663 666 653
f 597 664 673
f 664 580 669
f 673 669 598
f 664 669 673
f 594 671 654
f 671 598 668
f 654 668 102
f 671 668 654
f 597 673 666
f 673 598 671
f 666 671 594
f 673 671 666
f 3 347 347
f 347 154 154
f 347 154 154
f 347 154 347
f 154 348 348
f 348 102 102
f 348 102 102
f 348 102 348
f 154 348 348
f 348 102 102
f 348 102 102
f 348 102 348
f 154 348 154
f 348 102 348
f 154 348 154
f 348 348 154
f 102 345 345
f 345 153 153
f 345 153 153
f 345 153 345
f 153 344 344
f 344 85 85
f 344 85 85
f 344 85 344
f 153 344 344
f 344 85 85
f 344 85 85
f 344 85 344
f 153 344 153
f 344 85 344
f 153 344 153
f 344 344 153
f 102 345 345
f 345 153 153
f 345 153 153
f 345 153 345
f 153 344 344
f 344 85 85
f 344 85 85
f 344 85 344
f 153 344 344
f 344 85 85
f 344 85 85
f 344 85 344
f 153 344 153
f 344 85 344
f 153 344 153
f 344 344 153
f 102 345 102
f 345 153 345
f 102 345 102
f 345 345 102
f 153 344 153
f 344 85 344
f 153 344 153
f 344 344 153
f 102 345 102
f 345 153 345
f 102 345 102
f 345 345 102
f 153 153 345
f 153 153 345
f 345 345 102
f 153 345 345
f 361 456 705
f 456 389 707
f 705 707 697
f 456 707 705
f 389 457 712
f 457 370 710
f 712 710 699
f 457 710 712
f 697 713 706
f 713 699 711
f 706 711 696
f 713 711 706
f 389 712 707
f 712 699 713
f 707 713 697
f 712 713 707
f 370 460 716
f 460 390 718
f 716 718 700
f 460 718 716
f 390 459 714
f 459 362 551
f 714 551 414
f 459 551 714
f 700 720 717
f 720 414 552
f 717 552 377
f 720 552 717
f 390 714 718
f 714 414 720
f 718 720 700
f 714 720 718
f 696 721 709
f 721 701 723
f 709 723 698
f 721 723 709
f 701 722 725
f 722 377 555
f 725 555 415
f 722 555 725
f 698 715 708
f 715 415 554
f 708 554 366
f 715 554 708
f 701 725 723
f 725 415 715
f 723 715 698
f 725 715 723
f 370 716 710
f 716 700 719
f 710 719 699
f 716 719 710
f 700 717 726
f 717 377 722
f 726 722 701
f 717 722 726
f 699 724 711
f 724 701 721
f 711 721 696
f 724 721 711
f 700 726 719
f 726 701 724
f 719 724 699
f 726 724 719
f 361 705 705
f 705 697 697
f 705 697 697
f 705 697 705
f 697 706 706
f 706 696 696
f 706 696 696
f 706 696 706
f 697 706 706
f 706 696 696
f 706 696 696
f 706 696 706
f 697 706 697
f 706 696 706
f 697 706 697
f 706 706 697
f 696 709 709
f 709 698 698
f 709 698 698
f 709 698 709
f 698 708 708
f 708 366 366
f 708 366 366
f 708 366 708
f 698 708 708
f 708 366 366
f 708 366 366
f 708 366 708
f 698 708 698
f 708 366 708
f 698 708 698
f 708 708 698
f 696 709 709
f 709 698 698
f 709 698 698
f 709 698 709
f 698 708 708
f 708 366 366
f 708 366 366
f 708 366 708
f 698 708 708
f 708 366 366
f 708 366 366
f 708 366 708
f 698 708 698
f 708 366 708
f 698 708 698
f 708 708 698
f 696 709 696
f 709 698 709
f 696 709 696
f 709 709 696
f 698 708 698
f 708 366 708
f 698 708 698
f 708 708 698
f 696 709 696
f 709 698 709
f 696 709 696
f 709 709 696
f 698 698 709
f 698 698 709
f 709 709 696
f 698 709 709
f 361 705 482
f 705 697 727
f 482 727 396
f 705 727 482
f 697 706 730
f 706 696 728
f 730 728 702
f 706 728 730
f 396 731 483
f 731 702 729
f 483 729 372
f 731 729 483
f 697 730 727
f 730 702 731
f 727 731 396
f 730 731 727
f 696 709 734
f 709 698 736
f 734 736 703
f 709 736 734
f 698 708 732
f 708 366 638
f 732 638 591
f 708 638 732
f 703 738 735
f 738 591 639
f 735 639 579
f 738 639 735
f 698 732 736
f 732 591 738
f 736 738 703
f 732 738 736
f 372 739 486
f 739 704 741
f 486 741 397
f 739 741 486
f 704 740 743
f 740 579 636
f 743 636 590
f 740 636 743
f 397 733 485
f 733 590 635
f 485 635 363
f 733 635 485
f 704 743 741
f 743 590 733
f 741 733 397
f 743 733 741
f 696 734 728
f 734 703 737
f 728 737 702
f 734 737 728
f 703 735 744
f 735 579 740
f 744 740 704
f 735 740 744
f 702 742 729
f 742 704 739
f 729 739 372
f 742 739 729
f 703 744 737
f 744 704 742
f 737 742 702
f 744 742 737
f 361 482 482
f 482 396 396
f 482 396 396
f 482 396 482
f 396 483 483
f 483 372 372
f 483 372 372
f 483 372 483
f 396 483 483
f 483 372 372
f 483 372 372
f 483 372 483
f 396 483 396
f 483 372 483
f 396 483 396
f 483 483 396
f 372 486 486
f 486 397 397
f 486 397 397
f 486 397 486
f 397 485 485
f 485 363 363
f 485 363 363
f 485 363 485
f 397 485 485
f 485 363 363
f 485 363 363
f 485 363 485
f 397 485 397
f 485 363 485
f 397 485 397
f 485 485 397
f 372 486 486
f 486 397 397
f 486 397 397
f 486 397 486
f 397 485 485
f 485 363 363
f 485 363 363
f 485 363 485
f 397 485 485
f 485 363 363
f 485 363 363
f 485 363 485
f 397 485 397
f 485 363 485
f 397 485 397
f 485 485 397
f 372 486 372
f 486 397 486
f 372 486 372
f 486 486 372
f 397 485 397
f 485 363 485
f 397 485 397
f 485 485 397
f 372 486 372
f 486 397 486
f 372 486 372
f 486 486 372
f 397 397 486
f 397 397 486
f 486 486 372
f 397 486 486
f 364 502 757
f 502 401 759
f 757 759 747
f 502 759 757
f 401 503 764
f 503 373 762
f 764 762 749
f 503 762 764
f 747 765 758
f 765 749 763
f 758 763 745
f 765 763 758
f 401 764 759
f 764 749 765
f 759 765 747
f 764 765 759
f 373 500 768
f 500 400 770
f 768 770 750
f 500 770 768
f 400 499 766
f 499 1 56
f 766 56 19
f 499 56 766
f 750 772 769
f 772 19 57
f 769 57 8
f 772 57 769
f 400 766 770
f 766 19 772
f 770 772 750
f 766 772 770
f 745 773 761
f 773 751 775
f 761 775 748
f 773 775 761
f 751 774 777
f 774 8 60
f 777 60 20
f 774 60 777
f 748 767 760
f 767 20 59
f 760 59 4
f 767 59 760
f 751 777 775
f 777 20 767
f 775 767 748
f 777 767 775
f 373 768 762
f 768 750 771
f 762 771 749
f 768 771 762
f 750 769 778
f 769 8 774
f 778 774 751
f 769 774 778
f 749 776 763
f 776 751 773
f 763 773 745
f 776 773 763
f 750 778 771
f 778 751 776
f 771 776 749
f 778 776 771
f 364 757 757
f 757 747 747
f 757 747 747
f 757 747 757
f 747 758 758
f 758 745 745
f 758 745 745
f 758 745 758
f 747 758 758
f 758 745 745
f 758 745 745
f 758 745 758
f 747 758 747
f 758 745 758
f 747 758 747
f 758 758 747
f 745 761 761
f 761 748 748
f 761 748 748
f 761 748 761
f 748 760 760
f 760 4 4
f 760 4 4
f 760 4 760
f 748 760 760
f 760 4 4
f 760 4 4
f 760 4 760
f 748 760 748
f 760 4 760
f 748 760 748
f 760 760 748
f 745 761 761
f 761 748 748
f 761 748 748
f 761 748 761
f 748 760 760
f 760 4 4
f 760 4 4
f 760 4 760
f 748 760 760
f 760 4 4
f 760 4 4
f 760 4 760
f 748 760 748
f 760 4 760
f 748 760 748
f 760 760 748
f 745 761 745
f 761 748 761
f 745 761 745
f 761 761 745
f 748 760 748
f 760 4 760
f 748 760 748
f 760 760 748
f 745 761 745
f 761 748 761
f 745 761 745
f 761 761 745
f 748 748 761
f 748 748 761
f 761 761 745
f 748 761 761
f 364 757 779
f 757 747 781
f 779 781 752
f 757 781 779
f 747 758 786
f 758 745 784
f 786 784 754
f 758 784 786
f 752 787 780
f 787 754 785
f 780 785 746
f 787 785 780
f 747 786 781
f 786 754 787
f 781 787 752
f 786 787 781
f 745 761 790
f 761 748 792
f 790 792 755
f 761 792 790
f 748 760 788
f 760 4 247
f 788 247 130
f 760 247 788
f 755 794 791
f 794 130 248
f 791 248 97
f 794 248 791
f 748 788 792
f 788 130 794
f 792 794 755
f 788 794 792
f 746 795 783
f 795 756 797
f 783 797 753
f 795 797 783
f 756 796 799
f 796 97 251
f 799 251 131
f 796 251 799
f 753 789 782
f 789 131 250
f 782 250 87
f 789 250 782
f 756 799 797
f 799 131 789
f 797 789 753
f 799 789 797
f 745 790 784
f 790 755 793
f 784 793 754
f 790 793 784
f 755 791 800
f 791 97 796
f 800 796 756
f 791 796 800
f 754 798 785
f 798 756 795
f 785 795 746
f 798 795 785
f 755 800 793
f 800 756 798
f 793 798 754
f 800 798 793
f 364 779 779
f 779 752 752
f 779 752 752
f 779 752 779
f 752 780 780
f 780 746 746
f 780 746 746
f 780 746 780
f 752 780 780
f 780 746 746
f 780 746 746
f 780 746 780
f 752 780 752
f 780 746 780
f 752 780 752
f 780 780 752
f 746 783 783
f 783 753 753
f 783 753 753
f 783 753 783
f 753 782 782
f 782 87 87
f 782 87 87
f 782 87 782
f 753 782 782
f 782 87 87
f 782 87 87
f 782 87 782
f 753 782 753
f 782 87 782
f 753 782 753
f 782 782 753
f 746 783 783
f 783 753 753
f 783 753 753
f 783 753 783
f 753 782 782
f 782 87 87
f 782 87 87
f 782 87 782
f 753 782 782
f 782 87 87
f 782 87 87
f 782 87 782
f 753 782 753
f 782 87 782
f 753 782 753
f 782 782 753
f 746 783 746
f 783 753 783
f 746 783 746
f 783 783 746
f 753 782 753
f 782 87 782
f 753 782 753
f 782 782 753
f 746 783 746
f 783 753 783
f 746 783 746
f 783 783 746
f 753 753 783
f 753 753 783
f 783 783 746
f 753 783 783
f 84 190 821
f 190 113 823
f 821 823 807
f 190 823 821
f 113 191 828
f 191 91 826
f 828 826 809
f 191 826 828
f 807 829 822
f 829 809 827
f 822 827 803
f 829 827 822
f 113 828 823
f 828 809 829
f 823 829 807
f 828 829 823
f 91 188 836
f 188 112 838
f 836 838 812
f 188 838 836
f 112 187 832
f 187 82 830
f 832 830 810
f 187 830 832
f 812 840 837
f 840 810 831
f 837 831 804
f 840 831 837
f 112 832 838
f 832 810 840
f 838 840 812
f 832 840 838
f 803 841 825
f 841 813 843
f 825 843 808
f 841 843 825
f 813 842 845
f 842 804 834
f 845 834 811
f 842 834 845
f 808 835 824
f 835 811 833
f 824 833 801
f 835 833 824
f 813 845 843
f 845 811 835
f 843 835 808
f 845 835 843
f 91 836 826
f 836 812 839
f 826 839 809
f 836 839 826
f 812 837 846
f 837 804 842
f 846 842 813
f 837 842 846
f 809 844 827
f 844 813 841
f 827 841 803
f 844 841 827
f 812 846 839
f 846 813 844
f 839 844 809
f 846 844 839
f 84 821 821
f 821 807 807
f 821 807 807
f 821 807 821
f 807 822 822
f 822 803 803
f 822 803 803
f 822 803 822
f 807 822 822
f 822 803 803
f 822 803 803
f 822 803 822
f 807 822 807
f 822 803 822
f 807 822 807
f 822 822 807
f 803 825 825
f 825 808 808
f 825 808 808
f 825 808 825
f 808 824 824
f 824 801 801
f 824 801 801
f 824 801 824
f 808 824 824
f 824 801 801
f 824 801 801
f 824 801 824
f 808 824 808
f 824 801 824
f 808 824 808
f 824 824 808
f 803 825 825
f 825 808 808
f 825 808 808
f 825 808 825
f 808 824 824
f 824 801 801
f 824 801 801
f 824 801 824
f 808 824 824
f 824 801 801
f 824 801 801
f 824 801 824
f 808 824 808
f 824 801 824
f 808 824 808
f 824 824 808
f 803 825 803
f 825 808 825
f 803 825 803
f 825 825 803
f 808 824 808
f 824 801 824
f 808 824 808
f 824 824 808
f 803 825 803
f 825 808 825
f 803 825 803
f 825 825 803
f 808 808 825
f 808 808 825
f 825 825 803
f 808 825 825
f 84 821 847
f 821 807 849
f 847 849 814
f 821 849 847
f 807 822 854
f 822 803 852
f 854 852 816
f 822 852 854
f 814 855 848
f 855 816 853
f 848 853 805
f 855 853 848
f 807 854 849
f 854 816 855
f 849 855 814
f 854 855 849
f 803 825 862
f 825 808 864
f 862 864 819
f 825 864 862
f 808 824 858
f 824 801 856
f 858 856 817
f 824 856 858
f 819 866 863
f 866 817 857
f 863 857 806
f 866 857 863
f 808 858 864
f 858 817 866
f 864 866 819
f 858 866 864
f 805 867 851
f 867 820 869
f 851 869 815
f 867 869 851
f 820 868 871
f 868 806 860
f 871 860 818
f 868 860 871
f 815 861 850
f 861 818 859
f 850 859 802
f 861 859 850
f 820 871 869
f 871 818 861
f 869 861 815
f 871 861 869
f 803 862 852
f 862 819 865
f 852 865 816
f 862 865 852
f 819 863 872
f 863 806 868
f 872 868 820
f 863 868 872
f 816 870 853
f 870 820 867
f 853 867 805
f 870 867 853
f 819 872 865
f 872 820 870
f 865 870 816
f 872 870 865
f 84 847 847
f 847 814 814
f 847 814 814
f 847 814 847
f 814 848 848
f 848 805 805
f 848 805 805
f 848 805 848
f 814 848 848
f 848 805 805
f 848 805 805
f 848 805 848
f 814 848 814
f 848 805 848
f 814 848 814
f 848 848 814
f 805 851 851
f 851 815 815
f 851 815 815
f 851 815 851
f 815 850 850
f 850 802 802
f 850 802 802
f 850 802 850
f 815 850 850
f 850 802 802
f 850 802 802
f 850 802 850
f 815 850 815
f 850 802 850
f 815 850 815
f 850 850 815
f 805 851 851
f 851 815 815
f 851 815 815
f 851 815 851
f 815 850 850
f 850 802 802
f 850 802 802
f 850 802 850
f 815 850 850
f 850 802 802
f 850 802 802
f 850 802 850
f 815 850 815
f 850 802 850
f 815 850 815
f 850 850 815
f 805 851 805
f 851 815 851
f 805 851 805
f 851 851 805
f 815 850 815
f 850 802 850
f 815 850 815
f 850 850 815
f 805 851 805
f 851 815 851
f 805 851 805
f 851 851 805
f 815 815 851
f 815 815 851
f 851 851 805
f 815 851 851
f 801 893 897
f 893 879 899
f 897 899 881
f 893 899 897
f 879 894 904
f 894 875 902
f 904 902 883
f 894 902 904
f 881 905 898
f 905 883 903
f 898 903 876
f 905 903 898
f 879 904 899
f 904 883 905
f 899 905 881
f 904 905 899
f 875 896 912
f 896 880 914
f 912 914 886
f 896 914 912
f 880 895 908
f 895 873 906
f 908 906 884
f 895 906 908
f 886 916 913
f 916 884 907
f 913 907 877
f 916 907 913
f 880 908 914
f 908 884 916
f 914 916 886
f 908 916 914
f 876 917 901
f 917 887 919
f 901 919 882
f 917 919 901
f 887 918 921
f 918 877 910
f 921 910 885
f 918 910 921
f 882 911 900
f 911 885 909
f 900 909 874
f 911 909 900
f 887 921 919
f 921 885 911
f 919 911 882
f 921 911 919
f 875 912 902
f 912 886 915
f 902 915 883
f 912 915 902
f 886 913 922
f 913 877 918
f 922 918 887
f 913 918 922
f 883 920 903
f 920 887 917
f 903 917 876
f 920 917 903
f 886 922 915
f 922 887 920
f 915 920 883
f 922 920 915
f 801 897 897
f 897 881 881
f 897 881 881
f 897 881 897
f 881 898 898
f 898 876 876
f 898 876 876
f 898 876 898
f 881 898 898
f 898 876 876
f 898 876 876
f 898 876 898
f 881 898 881
f 898 876 898
f 881 898 881
f 898 898 881
f 876 901 901
f 901 882 882
f 901 882 882
f 901 882 901
f 882 900 900
f 900 874 874
f 900 874 874
f 900 874 900
f 882 900 900
f 900 874 874
f 900 874 874
f 900 874 900
f 882 900 882
f 900 874 900
f 882 900 882
f 900 900 882
f 876 901 901
f 901 882 882
f 901 882 882
f 901 882 901
f 882 900 900
f 900 874 874
f 900 874 874
f 900 874 900
f 882 900 900
f 900 874 874
f 900 874 874
f 900 874 900
f 882 900 882
f 900 874 900
f 882 900 882
f 900 900 882
f 876 901 876
f 901 882 901
f 876 901 876
f 901 901 876
f 882 900 882
f 900 874 900
f 882 900 882
f 900 900 882
f 876 901 876
f 901 882 901
f 876 901 876
f 901 901 876
f 882 882 901
f 882 882 901
f 901 901 876
f 882 901 901
f 801 897 856
f 897 881 923
f 856 923 817
f 897 923 856
f 881 898 926
f 898 876 924
f 926 924 888
f 898 924 926
f 817 927 857
f 927 888 925
f 857 925 806
f 927 925 857
f 881 926 923
f 926 888 927
f 923 927 817
f 926 927 923
f 876 901 934
f 901 882 936
f 934 936 891
f 901 936 934
f 882 900 930
f 900 874 928
f 930 928 889
f 900 928 930
f 891 938 935
f 938 889 929
f 935 929 878
f 938 929 935
f 882 930 936
f 930 889 938
f 936 938 891
f 930 938 936
f 806 939 860
f 939 892 941
f 860 941 818
f 939 941 860
f 892 940 943
f 940 878 932
f 943 932 890
f 940 932 943
f 818 933 859
f 933 890 931
f 859 931 802
f 933 931 859
f 892 943 941
f 943 890 933
f 941 933 818
f 943 933 941
f 876 934 924
f 934 891 937
f 924 937 888
f 934 937 924
f 891 935 944
f 935 878 940
f 944 940 892
f 935 940 944
f 888 942 925
f 942 892 939
f 925 939 806
f 942 939 925
f 891 944 937
f 944 892 942
f 937 942 888
f 944 942 937
f 801 856 856
f 856 817 817
f 856 817 817
f 856 817 856
f 817 857 857
f 857 806 806
f 857 806 806
f 857 806 857
f 817 857 857
f 857 806 806
f 857 806 806
f 857 806 857
f 817 857 817
f 857 806 857
f 817 857 817
f 857 857 817
f 806 860 860
f 860 818 818
f 860 818 818
f 860 818 860
f 818 859 859
f 859 802 802
f 859 802 802
f 859 802 859
f 818 859 859
f 859 802 802
f 859 802 802
f 859 802 859
f 818 859 818
f 859 802 859
f 818 859 818
f 859 859 818
f 806 860 860
f 860 818 818
f 860 818 818
f 860 818 860
f 818 859 859
f 859 802 802
f 859 802 802
f 859 802 859
f 818 859 859
f 859 802 802
f 859 802 802
f 859 802 859
f 818 859 818
f 859 802 859
f 818 859 818
f 859 859 818
f 806 860 806
f 860 818 860
f 806 860 806
f 860 860 806
f 818 859 818
f 859 802 859
f 818 859 818
f 859 859 818
f 806 860 806
f 860 818 860
f 806 860 806
f 860 860 806
f 818 818 860
f 818 818 860
f 860 860 806
f 818 860 860
f 86 228 957
f 228 125 959
f 957 959 947
f 228 959 957
f 125 229 964
f 229 95 962
f 964 962 949
f 229 962 964
f 947 965 958
f 965 949 963
f 958 963 945
f 965 963 958
f 125 964 959
f 964 949 965
f 959 965 947
f 964 965 959
f 95 227 968
f 227 124 970
f 968 970 950
f 227 970 968
f 124 226 966
f 226 84 847
f 966 847 814
f 226 847 966
f 950 972 969
f 972 814 848
f 969 848 805
f 972 848 969
f 124 966 970
f 966 814 972
f 970 972 950
f 966 972 970
f 945 973 961
f 973 951 975
f 961 975 948
f 973 975 961
f 951 974 977
f 974 805 851
f 977 851 815
f 974 851 977
f 948 967 960
f 967 815 850
f 960 850 802
f 967 850 960
f 951 977 975
f 977 815 967
f 975 967 948
f 977 967 975
f 95 968 962
f 968 950 971
f 962 971 949
f 968 971 962
f 950 969 978
f 969 805 974
f 978 974 951
f 969 974 978
f 949 976 963
f 976 951 973
f 963 973 945
f 976 973 963
f 950 978 971
f 978 951 976
f 971 976 949
f 978 976 971
f 86 957 957
f 957 947 947
f 957 947 947
f 957 947 957
f 947 958 958
f 958 945 945
f 958 945 945
f 958 945 958
f 947 958 958
f 958 945 945
f 958 945 945
f 958 945 958
f 947 958 947
f 958 945 958
f 947 958 947
f 958 958 947
f 945 961 961
f 961 948 948
f 961 948 948
f 961 948 961
f 948 960 960
f 960 802 802
f 960 802 802
f 960 802 960
f 948 960 960
f 960 802 802
f 960 802 802
f 960 802 960
f 948 960 948
f 960 802 960
f 948 960 948
f 960 960 948
f 945 961 961
f 961 948 948
f 961 948 948
f 961 948 961
f 948 960 960
f 960 802 802
f 960 802 802
f 960 802 960
f 948 960 960
f 960 802 802
f 960 802 802
f 960 802 960
f 948 960 948
f 960 802 960
f 948 960 948
f 960 960 948
f 945 961 945
f 961 948 961
f 945 961 945
f 961 961 945
f 948 960 948
f 960 802 960
f 948 960 948
f 960 960 948
f 945 961 945
f 961 948 961
f 945 961 945
f 961 961 945
f 948 948 961
f 948 948 961
f 961 961 945
f 948 961 961
f 86 957 979
f 957 947 981
f 979 981 952
f 957 981 979
f 947 958 986
f 958 945 984
f 986 984 954
f 958 984 986
f 952 987 980
f 987 954 985
f 980 985 946
f 987 985 980
f 947 986 981
f 986 954 987
f 981 987 952
f 986 987 981
f 945 961 990
f 961 948 992
f 990 992 955
f 961 992 990
f 948 960 988
f 960 802 931
f 988 931 890
f 960 931 988
f 955 994 991
f 994 890 932
f 991 932 878
f 994 932 991
f 948 988 992
f 988 890 994
f 992 994 955
f 988 994 992
f 946 995 983
f 995 956 997
f 983 997 953
f 995 997 983
f 956 996 999
f 996 878 929
f 999 929 889
f 996 929 999
f 953 989 982
f 989 889 928
f 982 928 874
f 989 928 982
f 956 999 997
f 999 889 989
f 997 989 953
f 999 989 997
f 945 990 984
f 990 955 993
f 984 993 954
f 990 993 984
f 955 991 1000
f 991 878 996
f 1000 996 956
f 991 996 1000
f 954 998 985
f 998 956 995
f 985 995 946
f 998 995 985
f 955 1000 993
f 1000 956 998
f 993 998 954
f 1000 998 993
f 86 979 979
f 979 952 952
f 979 952 952
f 979 952 979
f 952 980 980
f 980 946 946
f 980 946 946
f 980 946 980
f 952 980 980
f 980 946 946
f 980 946 946
f 980 946 980
f 952 980 952
f 980 946 980
f 952 980 952
f 980 980 952
f 946 983 983
f 983 953 953
f 983 953 953
f 983 953 983
f 953 982 982
f 982 874 874
f 982 874 874
f 982 874 982
f 953 982 982
f 982 874 874
f 982 874 874
f 982 874 982
f 953 982 953
f 982 874 982
f 953 982 953
f 982 982 953
f 946 983 983
f 983 953 953
f 983 953 953
f 983 953 983
f 953 982 982
f 982 874 874
f 982 874 874
f 982 874 982
f 953 982 982
f 982 874 874
f 982 874 874
f 982 874 982
f 953 982 953
f 982 874 982
f 953 982 953
f 982 982 953
f 946 983 946
f 983 953 983
f 946 983 946
f 983 983 946
f 953 982 953
f 982 874 982
f 953 982 953
f 982 982 953
f 946 983 946
f 983 953 983
f 946 983 946
f 983 983 946
f 953 953 983
f 953 953 983
f 983 983 946
f 953 983 983
f 83 217 1013
f 217 121 1015
f 1013 1015 1003
f 217 1015 1013
f 121 218 1020
f 218 94 1018
f 1020 1018 1005
f 218 1018 1020
f 1003 1021 1014
f 1021 1005 1019
f 1014 1019 1001
f 1021 1019 1014
f 121 1020 1015
f 1020 1005 1021
f 1015 1021 1003
f 1020 1021 1015
f 94 221 1024
f 221 122 1026
f 1024 1026 1006
f 221 1026 1024
f 122 220 1022
f 220 86 979
f 1022 979 952
f 220 979 1022
f 1006 1028 1025
f 1028 952 980
f 1025 980 946
f 1028 980 1025
f 122 1022 1026
f 1022 952 1028
f 1026 1028 1006
f 1022 1028 1026
f 1001 1029 1017
f 1029 1007 1031
f 1017 1031 1004
f 1029 1031 1017
f 1007 1030 1033
f 1030 946 983
f 1033 983 953
f 1030 983 1033
f 1004 1023 1016
f 1023 953 982
f 1016 982 874
f 1023 982 1016
f 1007 1033 1031
f 1033 953 1023
f 1031 1023 1004
f 1033 1023 1031
f 94 1024 1018
f 1024 1006 1027
f 1018 1027 1005
f 1024 1027 1018
f 1006 1025 1034
f 1025 946 1030
f 1034 1030 1007
f 1025 1030 1034
f 1005 1032 1019
f 1032 1007 1029
f 1019 1029 1001
f 1032 1029 1019
f 1006 1034 1027
f 1034 1007 1032
f 1027 1032 1005
f 1034 1032 1027
f 83 1013 1013
f 1013 1003 1003
f 1013 1003 1003
f 1013 1003 1013
f 1003 1014 1014
f 1014 1001 1001
f 1014 1001 1001
f 1014 1001 1014
f 1003 1014 1014
f 1014 1001 1001
f 1014 1001 1001
f 1014 1001 1014
f 1003 1014 1003
f 1014 1001 1014
f 1003 1014 1003
f 1014 1014 1003
f 1001 1017 1017
f 1017 1004 1004
f 1017 1004 1004
f 1017 1004 1017
f 1004 1016 1016
f 1016 874 874
f 1016 874 874
f 1016 874 1016
f 1004 1016 1016
f 1016 874 874
f 1016 874 874
f 1016 874 1016
f 1004 1016 1004
f 1016 874 1016
f 1004 1016 1004
f 1016 1016 1004
f 1001 1017 1017
f 1017 1004 1004
f 1017 1004 1004
f 1017 1004 1017
f 1004 1016 1016
f 1016 874 874
f 1016 874 874
f 1016 874 1016
f 1004 1016 1016
f 1016 874 874
f 1016 874 874
f 1016 874 1016
f 1004 1016 1004
f 1016 874 1016
f 1004 1016 1004
f 1016 1016 1004
f 1001 1017 1001
f 1017 1004 1017
f 1001 1017 1001
f 1017 1017 1001
f 1004 1016 1004
f 1016 874 1016
f 1004 1016 1004
f 1016 1016 1004
f 1001 1017 1001
f 1017 1004 1017
f 1001 1017 1001
f 1017 1017 1001
f 1004 1004 1017
f 1004 1004 1017
f 1017 1017 1001
f 1004 1017 1017
f 83 1013 1035
f 1013 1003 1037
f 1035 1037 1008
f 1013 1037 1035
f 1003 1014 1042
f 1014 1001 1040
f 1042 1040 1010
f 1014 1040 1042
f 1008 1043 1036
f 1043 1010 1041
f 1036 1041 1002
f 1043 1041 1036
f 1003 1042 1037
f 1042 1010 1043
f 1037 1043 1008
f 1042 1043 1037
f 1001 1017 1046
f 1017 1004 1048
f 1046 1048 1011
f 1017 1048 1046
f 1004 1016 1044
f 1016 874 909
f 1044 909 885
f 1016 909 1044
f 1011 1050 1047
f 1050 885 910
f 1047 910 877
f 1050 910 1047
f 1004 1044 1048
f 1044 885 1050
f 1048 1050 1011
f 1044 1050 1048
f 1002 1051 1039
f 1051 1012 1053
f 1039 1053 1009
f 1051 1053 1039
f 1012 1052 1055
f 1052 877 907
f 1055 907 884
f 1052 907 1055
f 1009 1045 1038
f 1045 884 906
f 1038 906 873
f 1045 906 1038
f 1012 1055 1053
f 1055 884 1045
f 1053 1045 1009
f 1055 1045 1053
f 1001 1046 1040
f 1046 1011 1049
f 1040 1049 1010
f 1046 1049 1040
f 1011 1047 1056
f 1047 877 1052
f 1056 1052 1012
f 1047 1052 1056
f 1010 1054 1041
f 1054 1012 1051
f 1041 1051 1002
f 1054 1051 1041
f 1011 1056 1049
f 1056 1012 1054
f 1049 1054 1010
f 1056 1054 1049
f 83 1035 1035
f 1035 1008 1008
f 1035 1008 1008
f 1035 1008 1035
f 1008 1036 1036
f 1036 1002 1002
f 1036 1002 1002
f 1036 1002 1036
f 1008 1036 1036
f 1036 1002 1002
f 1036 1002 1002
f 1036 1002 1036
f 1008 1036 1008
f 1036 1002 1036
f 1008 1036 1008
f 1036 1036 1008
f 1002 1039 1039
f 1039 1009 1009
f 1039 1009 1009
f 1039 1009 1039
f 1009 1038 1038
f 1038 873 873
f 1038 873 873
f 1038 873 1038
f 1009 1038 1038
f 1038 873 873
f 1038 873 873
f 1038 873 1038
f 1009 1038 1009
f 1038 873 1038
f 1009 1038 1009
f 1038 1038 1009
f 1002 1039 1039
f 1039 1009 1009
f 1039 1009 1009
f 1039 1009 1039
f 1009 1038 1038
f 1038 873 873
f 1038 873 873
f 1038 873 1038
f 1009 1038 1038
f 1038 873 873
f 1038 873 873
f 1038 873 1038
f 1009 1038 1009
f 1038 873 1038
f 1009 1038 1009
f 1038 1038 1009
f 1002 1039 1002
f 1039 1009 1039
f 1002 1039 1002
f 1039 1039 1002
f 1009 1038 1009
f 1038 873 1038
f 1009 1038 1009
f 1038 1038 1009
f 1002 1039 1002
f 1039 1009 1039
f 1002 1039 1002
f 1039 1039 1002
f 1009 1009 1039
f 1009 1009 1039
f 1039 1039 1002
f 1009 1039 1039
f 82 161 1066
f 161 105 1068
f 1066 1068 1058
f 161 1068 1066
f 105 162 1073
f 162 89 1071
f 1073 1071 1060
f 162 1071 1073
f 1058 1074 1067
f 1074 1060 1072
f 1067 1072 1057
f 1074 1072 1067
f 105 1073 1068
f 1073 1060 1074
f 1068 1074 1058
f 1073 1074 1068
f 89 165 1077
f 165 106 1079
f 1077 1079 1061
f 165 1079 1077
f 106 164 1075
f 164 83 1035
f 1075 1035 1008
f 164 1035 1075
f 1061 1081 1078
f 1081 1008 1036
f 1078 1036 1002
f 1081 1036 1078
f 106 1075 1079
f 1075 1008 1081
f 1079 1081 1061
f 1075 1081 1079
f 1057 1082 1070
f 1082 1062 1084
f 1070 1084 1059
f 1082 1084 1070
f 1062 1083 1086
f 1083 1002 1039
f 1086 1039 1009
f 1083 1039 1086
f 1059 1076 1069
f 1076 1009 1038
f 1069 1038 873
f 1076 1038 1069
f 1062 1086 1084
f 1086 1009 1076
f 1084 1076 1059
f 1086 1076 1084
f 89 1077 1071
f 1077 1061 1080
f 1071 1080 1060
f 1077 1080 1071
f 1061 1078 1087
f 1078 1002 1083
f 1087 1083 1062
f 1078 1083 1087
f 1060 1085 1072
f 1085 1062 1082
f 1072 1082 1057
f 1085 1082 1072
f 1061 1087 1080
f 1087 1062 1085
f 1080 1085 1060
f 1087 1085 1080
f 82 1066 1066
f 1066 1058 1058
f 1066 1058 1058
f 1066 1058 1066
f 1058 1067 1067
f 1067 1057 1057
f 1067 1057 1057
f 1067 1057 1067
f 1058 1067 1067
f 1067 1057 1057
f 1067 1057 1057
f 1067 1057 1067
f 1058 1067 1058
f 1067 1057 1067
f 1058 1067 1058
f 1067 1067 1058
f 1057 1070 1070
f 1070 1059 1059
f 1070 1059 1059
f 1070 1059 1070
f 1059 1069 1069
f 1069 873 873
f 1069 873 873
f 1069 873 1069
f 1059 1069 1069
f 1069 873 873
f 1069 873 873
f 1069 873 1069
f 1059 1069 1059
f 1069 873 1069
f 1059 1069 1059
f 1069 1069 1059
f 1057 1070 1070
f 1070 1059 1059
f 1070 1059 1059
f 1070 1059 1070
f 1059 1069 1069
f 1069 873 873
f 1069 873 873
f 1069 873 1069
f 1059 1069 1069
f 1069 873 873
f 1069 873 873
f 1069 873 1069
f 1059 1069 1059
f 1069 873 1069
f 1059 1069 1059
f 1069 1069 1059
f 1057 1070 1057
f 1070 1059 1070
f 1057 1070 1057
f 1070 1070 1057
f 1059 1069 1059
f 1069 873 1069
f 1059 1069 1059
f 1069 1069 1059
f 1057 1070 1057
f 1070 1059 1070
f 1057 1070 1057
f 1070 1070 1057
f 1059 1059 1070
f 1059 1059 1070
f 1070 1070 1057
f 1059 1070 1070
f 82 1066 830
f 1066 1058 1088
f 830 1088 810
f 1066 1088 830
f 1058 1067 1091
f 1067 1057 1089
f 1091 1089 1063
f 1067 1089 1091
f 810 1092 831
f 1092 1063 1090
f 831 1090 804
f 1092 1090 831
f 1058 1091 1088
f 1091 1063 1092
f 1088 1092 810
f 1091 1092 1088
f 1057 1070 1095
f 1070 1059 1097
f 1095 1097 1064
f 1070 1097 1095
f 1059 1069 1093
f 1069 873 895
f 1093 895 880
f 1069 895 1093
f 1064 1099 1096
f 1099 880 896
f 1096 896 875
f 1099 896 1096
f 1059 1093 1097
f 1093 880 1099
f 1097 1099 1064
f 1093 1099 1097
f 804 1100 834
f 1100 1065 1102
f 834 1102 811
f 1100 1102 834
f 1065 1101 1104
f 1101 875 894
f 1104 894 879
f 1101 894 1104
f 811 1094 833
f 1094 879 893
f 833 893 801
f 1094 893 833
f 1065 1104 1102
f 1104 879 1094
f 1102 1094 811
f 1104 1094 1102
f 1057 1095 1089
f 1095 1064 1098
f 1089 1098 1063
f 1095 1098 1089
f 1064 1096 1105
f 1096 875 1101
f 1105 1101 1065
f 1096 1101 1105
f 1063 1103 1090
f 1103 1065 1100
f 1090 1100 804
f 1103 1100 1090
f 1064 1105 1098
f 1105 1065 1103
f 1098 1103 1063
f 1105 1103 1098
f 82 830 830
f 830 810 810
f 830 810 810
f 830 810 830
f 810 831 831
f 831 804 804
f 831 804 804
f 831 804 831
f 810 831 831
f 831 804 804
f 831 804 804
f 831 804 831
f 810 831 810
f 831 804 831
f 810 831 810
f 831 831 810
f 804 834 834
f 834 811 811
f 834 811 811
f 834 811 834
f 811 833 833
f 833 801 801
f 833 801 801
f 833 801 833
f 811 833 833
f 833 801 801
f 833 801 801
f 833 801 833
f 811 833 811
f 833 801 833
f 811 833 811
f 833 833 811
f 804 834 834
f 834 811 811
f 834 811 811
f 834 811 834
f 811 833 833
f 833 801 801
f 833 801 801
f 833 801 833
f 811 833 833
f 833 801 801
f 833 801 801
f 833 801 833
f 811 833 811
f 833 801 833
f 811 833 811
f 833 833 811
f 804 834 804
f 834 811 834
f 804 834 804
f 834 834 804
f 811 833 811
f 833 801 833
f 811 833 811
f 833 833 811
f 804 834 804
f 834 811 834
f 804 834 804
f 834 834 804
f 811 811 834
f 811 811 834
f 834 834 804
f 811 834 834
f 1106 1131 1135
f 1131 1115 1137
f 1135 1137 1117
f 1131 1137 1135
f 1115 1132 1142
f 1132 1110 1140
f 1142 1140 1119
f 1132 1140 1142
f 1117 1143 1136
f 1143 1119 1141
f 1136 1141 1111
f 1143 1141 1136
f 1115 1142 1137
f 1142 1119 1143
f 1137 1143 1117
f 1142 1143 1137
f 1110 1134 1150
f 1134 1116 1152
f 1150 1152 1122
f 1134 1152 1150
f 1116 1133 1146
f 1133 1107 1144
f 1146 1144 1120
f 1133 1144 1146
f 1122 1154 1151
f 1154 1120 1145
f 1151 1145 1112
f 1154 1145 1151
f 1116 1146 1152
f 1146 1120 1154
f 1152 1154 1122
f 1146 1154 1152
f 1111 1155 1139
f 1155 1123 1157
f 1139 1157 1118
f 1155 1157 1139
f 1123 1156 1159
f 1156 1112 1148
f 1159 1148 1121
f 1156 1148 1159
f 1118 1149 1138
f 1149 1121 1147
f 1138 1147 1108
f 1149 1147 1138
f 1123 1159 1157
f 1159 1121 1149
f 1157 1149 1118
f 1159 1149 1157
f 1110 1150 1140
f 1150 1122 1153
f 1140 1153 1119
f 1150 1153 1140
f 1122 1151 1160
f 1151 1112 1156
f 1160 1156 1123
f 1151 1156 1160
f 1119 1158 1141
f 1158 1123 1155
f 1141 1155 1111
f 1158 1155 1141
f 1122 1160 1153
f 1160 1123 1158
f 1153 1158 1119
f 1160 1158 1153
f 1106 1135 1135
f 1135 1117 1117
f 1135 1117 1117
f 1135 1117 1135
f 1117 1136 1136
f 1136 1111 1111
f 1136 1111 1111
f 1136 1111 1136
f 1117 1136 1136
f 1136 1111 1111
f 1136 1111 1111
f 1136 1111 1136
f 1117 1136 1117
f 1136 1111 1136
f 1117 1136 1117
f 1136 1136 1117
f 1111 1139 1139
f 1139 1118 1118
f 1139 1118 1118
f 1139 1118 1139
f 1118 1138 1138
f 1138 1108 1108
f 1138 1108 1108
f 1138 1108 1138
f 1118 1138 1138
f 1138 1108 1108
f 1138 1108 1108
f 1138 1108 1138
f 1118 1138 1118
f 1138 1108 1138
f 1118 1138 1118
f 1138 1138 1118
f 1111 1139 1139
f 1139 1118 1118
f 1139 1118 1118
f 1139 1118 1139
f 1118 1138 1138
f 1138 1108 1108
f 1138 1108 1108
f 1138 1108 1138
f 1118 1138 1138
f 1138 1108 1108
f 1138 1108 1108
f 1138 1108 1138
f 1118 1138 1118
f 1138 1108 1138
f 1118 1138 1118
f 1138 1138 1118
f 1111 1139 1111
f 1139 1118 1139
f 1111 1139 1111
f 1139 1139 1111
f 1118 1138 1118
f 1138 1108 1138
f 1118 1138 1118
f 1138 1138 1118
f 1111 1139 1111
f 1139 1118 1139
f 1111 1139 1111
f 1139 1139 1111
f 1118 1118 1139
f 1118 1118 1139
f 1139 1139 1111
f 1118 1139 1139
f 1106 1135 1161
f 1135 1117 1163
f 1161 1163 1124
f 1135 1163 1161
f 1117 1136 1168
f 1136 1111 1166
f 1168 1166 1126
f 1136 1166 1168
f 1124 1169 1162
f 1169 1126 1167
f 1162 1167 1113
f 1169 1167 1162
f 1117 1168 1163
f 1168 1126 1169
f 1163 1169 1124
f 1168 1169 1163
f 1111 1139 1176
f 1139 1118 1178
f 1176 1178 1129
f 1139 1178 1176
f 1118 1138 1172
f 1138 1108 1170
f 1172 1170 1127
f 1138 1170 1172
f 1129 1180 1177
f 1180 1127 1171
f 1177 1171 1114
f 1180 1171 1177
f 1118 1172 1178
f 1172 1127 1180
f 1178 1180 1129
f 1172 1180 1178
f 1113 1181 1165
f 1181 1130 1183
f 1165 1183 1125
f 1181 1183 1165
f 1130 1182 1185
f 1182 1114 1174
f 1185 1174 1128
f 1182 1174 1185
f 1125 1175 1164
f 1175 1128 1173
f 1164 1173 1109
f 1175 1173 1164
f 1130 1185 1183
f 1185 1128 1175
f 1183 1175 1125
f 1185 1175 1183
f 1111 1176 1166
f 1176 1129 1179
f 1166 1179 1126
f 1176 1179 1166
f 1129 1177 1186
f 1177 1114 1182
f 1186 1182 1130
f 1177 1182 1186
f 1126 1184 1167
f 1184 1130 1181
f 1167 1181 1113
f 1184 1181 1167
f 1129 1186 1179
f 1186 1130 1184
f 1179 1184 1126
f 1186 1184 1179
f 1106 1161 1161
f 1161 1124 1124
f 1161 1124 1124
f 1161 1124 1161
f 1124 1162 1162
f 1162 1113 1113
f 1162 1113 1113
f 1162 1113 1162
f 1124 1162 1162
f 1162 1113 1113
f 1162 1113 1113
f 1162 1113 1162
f 1124 1162 1124
f 1162 1113 1162
f 1124 1162 1124
f 1162 1162 1124
f 1113 1165 1165
f 1165 1125 1125
f 1165 1125 1125
f 1165 1125 1165
f 1125 1164 1164
f 1164 1109 1109
f 1164 1109 1109
f 1164 1109 1164
f 1125 1164 1164
f 1164 1109 1109
f 1164 1109 1109
f 1164 1109 1164
f 1125 1164 1125
f 1164 1109 1164
f 1125 1164 1125
f 1164 1164 1125
f 1113 1165 1165
f 1165 1125 1125
f 1165 1125 1125
f 1165 1125 1165
f 1125 1164 1164
f 1164 1109 1109
f 1164 1109 1109
f 1164 1109 1164
f 1125 1164 1164
f 1164 1109 1109
f 1164 1109 1109
f 1164 1109 1164
f 1125 1164 1125
f 1164 1109 1164
f 1125 1164 1125
f 1164 1164 1125
f 1113 1165 1113
f 1165 1125 1165
f 1113 1165 1113
f 1165 1165 1113
f 1125 1164 1125
f 1164 1109 1164
f 1125 1164 1125
f 1164 1164 1125
f 1113 1165 1113
f 1165 1125 1165
f 1113 1165 1113
f 1165 1165 1113
f 1125 1125 1165
f 1125 1125 1165
f 1165 1165 1113
f 1125 1165 1165
f 1187 1207 1211
f 1207 1193 1213
f 1211 1213 1195
f 1207 1213 1211
f 1193 1208 1218
f 1208 1189 1216
f 1218 1216 1197
f 1208 1216 1218
f 1195 1219 1212
f 1219 1197 1217
f 1212 1217 1190
f 1219 1217 1212
f 1193 1218 1213
f 1218 1197 1219
f 1213 1219 1195
f 1218 1219 1213
f 1189 1210 1222
f 1210 1194 1224
f 1222 1224 1198
f 1210 1224 1222
f 1194 1209 1220
f 1209 1106 1161
f 1220 1161 1124
f 1209 1161 1220
f 1198 1226 1223
f 1226 1124 1162
f 1223 1162 1113
f 1226 1162 1223
f 1194 1220 1224
f 1220 1124 1226
f 1224 1226 1198
f 1220 1226 1224
f 1190 1227 1215
f 1227 1199 1229
f 1215 1229 1196
f 1227 1229 1215
f 1199 1228 1231
f 1228 1113 1165
f 1231 1165 1125
f 1228 1165 1231
f 1196 1221 1214
f 1221 1125 1164
f 1214 1164 1109
f 1221 1164 1214
f 1199 1231 1229
f 1231 1125 1221
f 1229 1221 1196
f 1231 1221 1229
f 1189 1222 1216
f 1222 1198 1225
f 1216 1225 1197
f 1222 1225 1216
f 1198 1223 1232
f 1223 1113 1228
f 1232 1228 1199
f 1223 1228 1232
f 1197 1230 1217
f 1230 1199 1227
f 1217 1227 1190
f 1230 1227 1217
f 1198 1232 1225
f 1232 1199 1230
f 1225 1230 1197
f 1232 1230 1225
f 1187 1211 1211
f 1211 1195 1195
f 1211 1195 1195
f 1211 1195 1211
f 1195 1212 1212
f 1212 1190 1190
f 1212 1190 1190
f 1212 1190 1212
f 1195 1212 1212
f 1212 1190 1190
f 1212 1190 1190
f 1212 1190 1212
f 1195 1212 1195
f 1212 1190 1212
f 1195 1212 1195
f 1212 1212 1195
f 1190 1215 1215
f 1215 1196 1196
f 1215 1196 1196
f 1215 1196 1215
f 1196 1214 1214
f 1214 1109 1109
f 1214 1109 1109
f 1214 1109 1214
f 1196 1214 1214
f 1214 1109 1109
f 1214 1109 1109
f 1214 1109 1214
f 1196 1214 1196
f 1214 1109 1214
f 1196 1214 1196
f 1214 1214 1196
f 1190 1215 1215
f 1215 1196 1196
f 1215 1196 1196
f 1215 1196 1215
f 1196 1214 1214
f 1214 1109 1109
f 1214 1109 1109
f 1214 1109 1214
f 1196 1214 1214
f 1214 1109 1109
f 1214 1109 1109
f 1214 1109 1214
f 1196 1214 1196
f 1214 1109 1214
f 1196 1214 1196
f 1214 1214 1196
f 1190 1215 1190
f 1215 1196 1215
f 1190 1215 1190
f 1215 1215 1190
f 1196 1214 1196
f 1214 1109 1214
f 1196 1214 1196
f 1214 1214 1196
f 1190 1215 1190
f 1215 1196 1215
f 1190 1215 1190
f 1215 1215 1190
f 1196 1196 1215
f 1196 1196 1215
f 1215 1215 1190
f 1196 1215 1215
f 1187 1211 1233
f 1211 1195 1235
f 1233 1235 1200
f 1211 1235 1233
f 1195 1212 1240
f 1212 1190 1238
f 1240 1238 1202
f 1212 1238 1240
f 1200 1241 1234
f 1241 1202 1239
f 1234 1239 1191
f 1241 1239 1234
f 1195 1240 1235
f 1240 1202 1241
f 1235 1241 1200
f 1240 1241 1235
f 1190 1215 1248
f 1215 1196 1250
f 1248 1250 1205
f 1215 1250 1248
f 1196 1214 1244
f 1214 1109 1242
f 1244 1242 1203
f 1214 1242 1244
f 1205 1252 1249
f 1252 1203 1243
f 1249 1243 1192
f 1252 1243 1249
f 1196 1244 1250
f 1244 1203 1252
f 1250 1252 1205
f 1244 1252 1250
f 1191 1253 1237
f 1253 1206 1255
f 1237 1255 1201
f 1253 1255 1237
f 1206 1254 1257
f 1254 1192 1246
f 1257 1246 1204
f 1254 1246 1257
f 1201 1247 1236
f 1247 1204 1245
f 1236 1245 1188
f 1247 1245 1236
f 1206 1257 1255
f 1257 1204 1247
f 1255 1247 1201
f 1257 1247 1255
f 1190 1248 1238
f 1248 1205 1251
f 1238 1251 1202
f 1248 1251 1238
f 1205 1249 1258
f 1249 1192 1254
f 1258 1254 1206
f 1249 1254 1258
f 1202 1256 1239
f 1256 1206 1253
f 1239 1253 1191
f 1256 1253 1239
f 1205 1258 1251
f 1258 1206 1256
f 1251 1256 1202
f 1258 1256 1251
f 1187 1233 1233
f 1233 1200 1200
f 1233 1200 1200
f 1233 1200 1233
f 1200 1234 1234
f 1234 1191 1191
f 1234 1191 1191
f 1234 1191 1234
f 1200 1234 1234
f 1234 1191 1191
f 1234 1191 1191
f 1234 1191 1234
f 1200 1234 1200
f 1234 1191 1234
f 1200 1234 1200
f 1234 1234 1200
f 1191 1237 1237
f 1237 1201 1201
f 1237 1201 1201
f 1237 1201 1237
f 1201 1236 1236
f 1236 1188 1188
f 1236 1188 1188
f 1236 1188 1236
f 1201 1236 1236
f 1236 1188 1188
f 1236 1188 1188
f 1236 1188 1236
f 1201 1236 1201
f 1236 1188 1236
f 1201 1236 1201
f 1236 1236 1201
f 1191 1237 1237
f 1237 1201 1201
f 1237 1201 1201
f 1237 1201 1237
f 1201 1236 1236
f 1236 1188 1188
f 1236 1188 1188
f 1236 1188 1236
f 1201 1236 1236
f 1236 1188 1188
f 1236 1188 1188
f 1236 1188 1236
f 1201 1236 1201
f 1236 1188 1236
f 1201 1236 1201
f 1236 1236 1201
f 1191 1237 1191
f 1237 1201 1237
f 1191 1237 1191
f 1237 1237 1191
f 1201 1236 1201
f 1236 1188 1236
f 1201 1236 1201
f 1236 1236 1201
f 1191 1237 1191
f 1237 1201 1237
f 1191 1237 1191
f 1237 1237 1191
f 1201 1201 1237
f 1201 1201 1237
f 1237 1237 1191
f 1201 1237 1237
f 1259 1279 1283
f 1279 1265 1285
f 1283 1285 1267
f 1279 1285 1283
f 1265 1280 1290
f 1280 1261 1288
f 1290 1288 1269
f 1280 1288 1290
f 1267 1291 1284
f 1291 1269 1289
f 1284 1289 1262
f 1291 1289 1284
f 1265 1290 1285
f 1290 1269 1291
f 1285 1291 1267
f 1290 1291 1285
f 1261 1282 1294
f 1282 1266 1296
f 1294 1296 1270
f 1282 1296 1294
f 1266 1281 1292
f 1281 1187 1233
f 1292 1233 1200
f 1281 1233 1292
f 1270 1298 1295
f 1298 1200 1234
f 1295 1234 1191
f 1298 1234 1295
f 1266 1292 1296
f 1292 1200 1298
f 1296 1298 1270
f 1292 1298 1296
f 1262 1299 1287
f 1299 1271 1301
f 1287 1301 1268
f 1299 1301 1287
f 1271 1300 1303
f 1300 1191 1237
f 1303 1237 1201
f 1300 1237 1303
f 1268 1293 1286
f 1293 1201 1236
f 1286 1236 1188
f 1293 1236 1286
f 1271 1303 1301
f 1303 1201 1293
f 1301 1293 1268
f 1303 1293 1301
f 1261 1294 1288
f 1294 1270 1297
f 1288 1297 1269
f 1294 1297 1288
f 1270 1295 1304
f 1295 1191 1300
f 1304 1300 1271
f 1295 1300 1304
f 1269 1302 1289
f 1302 1271 1299
f 1289 1299 1262
f 1302 1299 1289
f 1270 1304 1297
f 1304 1271 1302
f 1297 1302 1269
f 1304 1302 1297
f 1259 1283 1283
f 1283 1267 1267
f 1283 1267 1267
f 1283 1267 1283
f 1267 1284 1284
f 1284 1262 1262
f 1284 1262 1262
f 1284 1262 1284
f 1267 1284 1284
f 1284 1262 1262
f 1284 1262 1262
f 1284 1262 1284
f 1267 1284 1267
f 1284 1262 1284
f 1267 1284 1267
f 1284 1284 1267
f 1262 1287 1287
f 1287 1268 1268
f 1287 1268 1268
f 1287 1268 1287
f 1268 1286 1286
f 1286 1188 1188
f 1286 1188 1188
f 1286 1188 1286
f 1268 1286 1286
f 1286 1188 1188
f 1286 1188 1188
f 1286 1188 1286
f 1268 1286 1268
f 1286 1188 1286
f 1268 1286 1268
f 1286 1286 1268
f 1262 1287 1287
f 1287 1268 1268
f 1287 1268 1268
f 1287 1268 1287
f 1268 1286 1286
f 1286 1188 1188
f 1286 1188 1188
f 1286 1188 1286
f 1268 1286 1286
f 1286 1188 1188
f 1286 1188 1188
f 1286 1188 1286
f 1268 1286 1268
f 1286 1188 1286
f 1268 1286 1268
f 1286 1286 1268
f 1262 1287 1262
f 1287 1268 1287
f 1262 1287 1262
f 1287 1287 1262
f 1268 1286 1268
f 1286 1188 1286
f 1268 1286 1268
f 1286 1286 1268
f 1262 1287 1262
f 1287 1268 1287
f 1262 1287 1262
f 1287 1287 1262
f 1268 1268 1287
f 1268 1268 1287
f 1287 1287 1262
f 1268 1287 1287
f 1259 1283 1305
f 1283 1267 1307
f 1305 1307 1272
f 1283 1307 1305
f 1267 1284 1312
f 1284 1262 1310
f 1312 1310 1274
f 1284 1310 1312
f 1272 1313 1306
f 1313 1274 1311
f 1306 1311 1263
f 1313 1311 1306
f 1267 1312 1307
f 1312 1274 1313
f 1307 1313 1272
f 1312 1313 1307
f 1262 1287 1320
f 1287 1268 1322
f 1320 1322 1277
f 1287 1322 1320
f 1268 1286 1316
f 1286 1188 1314
f 1316 1314 1275
f 1286 1314 1316
f 1277 1324 1321
f 1324 1275 1315
f 1321 1315 1264
f 1324 1315 1321
f 1268 1316 1322
f 1316 1275 1324
f 1322 1324 1277
f 1316 1324 1322
f 1263 1325 1309
f 1325 1278 1327
f 1309 1327 1273
f 1325 1327 1309
f 1278 1326 1329
f 1326 1264 1318
f 1329 1318 1276
f 1326 1318 1329
f 1273 1319 1308
f 1319 1276 1317
f 1308 1317 1260
f 1319 1317 1308
f 1278 1329 1327
f 1329 1276 1319
f 1327 1319 1273
f 1329 1319 1327
f 1262 1320 1310
f 1320 1277 1323
f 1310 1323 1274
f 1320 1323 1310
f 1277 1321 1330
f 1321 1264 1326
f 1330 1326 1278
f 1321 1326 1330
f 1274 1328 1311
f 1328 1278 1325
f 1311 1325 1263
f 1328 1325 1311
f 1277 1330 1323
f 1330 1278 1328
f 1323 1328 1274
f 1330 1328 1323
f 1259 1305 1305
f 1305 1272 1272
f 1305 1272 1272
f 1305 1272 1305
f 1272 1306 1306
f 1306 1263 1263
f 1306 1263 1263
f 1306 1263 1306
f 1272 1306 1306
f 1306 1263 1263
f 1306 1263 1263
f 1306 1263 1306
f 1272 1306 1272
f 1306 1263 1306
f 1272 1306 1272
f 1306 1306 1272
f 1263 1309 1309
f 1309 1273 1273
f 1309 1273 1273
f 1309 1273 1309
f 1273 1308 1308
f 1308 1260 1260
f 1308 1260 1260
f 1308 1260 1308
f 1273 1308 1308
f 1308 1260 1260
f 1308 1260 1260
f 1308 1260 1308
f 1273 1308 1273
f 1308 1260 1308
f 1273 1308 1273
f 1308 1308 1273
f 1263 1309 1309
f 1309 1273 1273
f 1309 1273 1273
f 1309 1273 1309
f 1273 1308 1308
f 1308 1260 1260
f 1308 1260 1260
f 1308 1260 1308
f 1273 1308 1308
f 1308 1260 1260
f 1308 1260 1260
f 1308 1260 1308
f 1273 1308 1273
f 1308 1260 1308
f 1273 1308 1273
f 1308 1308 1273
f 1263 1309 1263
f 1309 1273 1309
f 1263 1309 1263
f 1309 1309 1263
f 1273 1308 1273
f 1308 1260 1308
f 1273 1308 1273
f 1308 1308 1273
f 1263 1309 1263
f 1309 1273 1309
f 1263 1309 1263
f 1309 1309 1263
f 1273 1273 1309
f 1273 1273 1309
f 1309 1309 1263
f 1273 1309 1309
f 1107 1346 1350
f 1346 1334 1352
f 1350 1352 1336
f 1346 1352 1350
f 1334 1347 1357
f 1347 1331 1355
f 1357 1355 1338
f 1347 1355 1357
f 1336 1358 1351
f 1358 1338 1356
f 1351 1356 1332
f 1358 1356 1351
f 1334 1357 1352
f 1357 1338 1358
f 1352 1358 1336
f 1357 1358 1352
f 1331 1349 1361
f 1349 1335 1363
f 1361 1363 1339
f 1349 1363 1361
f 1335 1348 1359
f 1348 1259 1305
f 1359 1305 1272
f 1348 1305 1359
f 1339 1365 1362
f 1365 1272 1306
f 1362 1306 1263
f 1365 1306 1362
f 1335 1359 1363
f 1359 1272 1365
f 1363 1365 1339
f 1359 1365 1363
f 1332 1366 1354
f 1366 1340 1368
f 1354 1368 1337
f 1366 1368 1354
f 1340 1367 1370
f 1367 1263 1309
f 1370 1309 1273
f 1367 1309 1370
f 1337 1360 1353
f 1360 1273 1308
f 1353 1308 1260
f 1360 1308 1353
f 1340 1370 1368
f 1370 1273 1360
f 1368 1360 1337
f 1370 1360 1368
f 1331 1361 1355
f 1361 1339 1364
f 1355 1364 1338
f 1361 1364 1355
f 1339 1362 1371
f 1362 1263 1367
f 1371 1367 1340
f 1362 1367 1371
f 1338 1369 1356
f 1369 1340 1366
f 1356 1366 1332
f 1369 1366 1356
f 1339 1371 1364
f 1371 1340 1369
f 1364 1369 1338
f 1371 1369 1364
f 1107 1350 1350
f 1350 1336 1336
f 1350 1336 1336
f 1350 1336 1350
f 1336 1351 1351
f 1351 1332 1332
f 1351 1332 1332
f 1351 1332 1351
f 1336 1351 1351
f 1351 1332 1332
f 1351 1332 1332
f 1351 1332 1351
f 1336 1351 1336
f 1351 1332 1351
f 1336 1351 1336
f 1351 1351 1336
f 1332 1354 1354
f 1354 1337 1337
f 1354 1337 1337
f 1354 1337 1354
f 1337 1353 1353
f 1353 1260 1260
f 1353 1260 1260
f 1353 1260 1353
f 1337 1353 1353
f 1353 1260 1260
f 1353 1260 1260
f 1353 1260 1353
f 1337 1353 1337
f 1353 1260 1353
f 1337 1353 1337
f 1353 1353 1337
f 1332 1354 1354
f 1354 1337 1337
f 1354 1337 1337
f 1354 1337 1354
f 1337 1353 1353
f 1353 1260 1260
f 1353 1260 1260
f 1353 1260 1353
f 1337 1353 1353
f 1353 1260 1260
f 1353 1260 1260
f 1353 1260 1353
f 1337 1353 1337
f 1353 1260 1353
f 1337 1353 1337
f 1353 1353 1337
f 1332 1354 1332
f 1354 1337 1354
f 1332 1354 1332
f 1354 1354 1332
f 1337 1353 1337
f 1353 1260 1353
f 1337 1353 1337
f 1353 1353 1337
f 1332 1354 1332
f 1354 1337 1354
f 1332 1354 1332
f 1354 1354 1332
f 1337 1337 1354
f 1337 1337 1354
f 1354 1354 1332
f 1337 1354 1354
f 1107 1350 1144
f 1350 1336 1372
f 1144 1372 1120
f 1350 1372 1144
f 1336 1351 1375
f 1351 1332 1373
f 1375 1373 1341
f 1351 1373 1375
f 1120 1376 1145
f 1376 1341 1374
f 1145 1374 1112
f 1376 1374 1145
f 1336 1375 1372
f 1375 1341 1376
f 1372 1376 1120
f 1375 1376 1372
f 1332 1354 1383
f 1354 1337 1385
f 1383 1385 1344
f 1354 1385 1383
f 1337 1353 1379
f 1353 1260 1377
f 1379 1377 1342
f 1353 1377 1379
f 1344 1387 1384
f 1387 1342 1378
f 1384 1378 1333
f 1387 1378 1384
f 1337 1379 1385
f 1379 1342 1387
f 1385 1387 1344
f 1379 1387 1385
f 1112 1388 1148
f 1388 1345 1390
f 1148 1390 1121
f 1388 1390 1148
f 1345 1389 1392
f 1389 1333 1381
f 1392 1381 1343
f 1389 1381 1392
f 1121 1382 1147
f 1382 1343 1380
f 1147 1380 1108
f 1382 1380 1147
f 1345 1392 1390
f 1392 1343 1382
f 1390 1382 1121
f 1392 1382 1390
f 1332 1383 1373
f 1383 1344 1386
f 1373 1386 1341
f 1383 1386 1373
f 1344 1384 1393
f 1384 1333 1389
f 1393 1389 1345
f 1384 1389 1393
f 1341 1391 1374
f 1391 1345 1388
f 1374 1388 1112
f 1391 1388 1374
f 1344 1393 1386
f 1393 1345 1391
f 1386 1391 1341
f 1393 1391 1386
f 1107 1144 1144
f 1144 1120 1120
f 1144 1120 1120
f 1144 1120 1144
f 1120 1145 1145
f 1145 1112 1112
f 1145 1112 1112
f 1145 1112 1145
f 1120 1145 1145
f 1145 1112 1112
f 1145 1112 1112
f 1145 1112 1145
f 1120 1145 1120
f 1145 1112 1145
f 1120 1145 1120
f 1145 1145 1120
f 1112 1148 1148
f 1148 1121 1121
f 1148 1121 1121
f 1148 1121 1148
f 1121 1147 1147
f 1147 1108 1108
f 1147 1108 1108
f 1147 1108 1147
f 1121 1147 1147
f 1147 1108 1108
f 1147 1108 1108
f 1147 1108 1147
f 1121 1147 1121
f 1147 1108 1147
f 1121 1147 1121
f 1147 1147 1121
f 1112 1148 1148
f 1148 1121 1121
f 1148 1121 1121
f 1148 1121 1148
f 1121 1147 1147
f 1147 1108 1108
f 1147 1108 1108
f 1147 1108 1147
f 1121 1147 1147
f 1147 1108 1108
f 1147 1108 1108
f 1147 1108 1147
f 1121 1147 1121
f 1147 1108 1147
f 1121 1147 1121
f 1147 1147 1121
f 1112 1148 1112
f 1148 1121 1148
f 1112 1148 1112
f 1148 1148 1112
f 1121 1147 1121
f 1147 1108 1147
f 1121 1147 1121
f 1147 1147 1121
f 1112 1148 1112
f 1148 1121 1148
f 1112 1148 1112
f 1148 1148 1112
f 1121 1121 1148
f 1121 1121 1148
f 1148 1148 1112
f 1121 1148 1148
f 1108 1380 1403
f 1380 1343 1405
f 1403 1405 1395
f 1380 1405 1403
f 1343 1381 1410
f 1381 1333 1408
f 1410 1408 1397
f 1381 1408 1410
f 1395 1411 1404
f 1411 1397 1409
f 1404 1409 1394
f 1411 1409 1404
f 1343 1410 1405
f 1410 1397 1411
f 1405 1411 1395
f 1410 1411 1405
f 1333 1378 1414
f 1378 1342 1416
f 1414 1416 1398
f 1378 1416 1414
f 1342 1377 1412
f 1377 1260 1317
f 1412 1317 1276
f 1377 1317 1412
f 1398 1418 1415
f 1418 1276 1318
f 1415 1318 1264
f 1418 1318 1415
f 1342 1412 1416
f 1412 1276 1418
f 1416 1418 1398
f 1412 1418 1416
f 1394 1419 1407
f 1419 1399 1421
f 1407 1421 1396
f 1419 1421 1407
f 1399 1420 1423
f 1420 1264 1315
f 1423 1315 1275
f 1420 1315 1423
f 1396 1413 1406
f 1413 1275 1314
f 1406 1314 1188
f 1413 1314 1406
f 1399 1423 1421
f 1423 1275 1413
f 1421 1413 1396
f 1423 1413 1421
f 1333 1414 1408
f 1414 1398 1417
f 1408 1417 1397
f 1414 1417 1408
f 1398 1415 1424
f 1415 1264 1420
f 1424 1420 1399
f 1415 1420 1424
f 1397 1422 1409
f 1422 1399 1419
f 1409 1419 1394
f 1422 1419 1409
f 1398 1424 1417
f 1424 1399 1422
f 1417 1422 1397
f 1424 1422 1417
f 1108 1403 1403
f 1403 1395 1395
f 1403 1395 1395
f 1403 1395 1403
f 1395 1404 1404
f 1404 1394 1394
f 1404 1394 1394
f 1404 1394 1404
f 1395 1404 1404
f 1404 1394 1394
f 1404 1394 1394
f 1404 1394 1404
f 1395 1404 1395
f 1404 1394 1404
f 1395 1404 1395
f 1404 1404 1395
f 1394 1407 1407
f 1407 1396 1396
f 1407 1396 1396
f 1407 1396 1407
f 1396 1406 1406
f 1406 1188 1188
f 1406 1188 1188
f 1406 1188 1406
f 1396 1406 1406
f 1406 1188 1188
f 1406 1188 1188
f 1406 1188 1406
f 1396 1406 1396
f 1406 1188 1406
f 1396 1406 1396
f 1406 1406 1396
f 1394 1407 1407
f 1407 1396 1396
f 1407 1396 1396
f 1407 1396 1407
f 1396 1406 1406
f 1406 1188 1188
f 1406 1188 1188
f 1406 1188 1406
f 1396 1406 1406
f 1406 1188 1188
f 1406 1188 1188
f 1406 1188 1406
f 1396 1406 1396
f 1406 1188 1406
f 1396 1406 1396
f 1406 1406 1396
f 1394 1407 1394
f 1407 1396 1407
f 1394 1407 1394
f 1407 1407 1394
f 1396 1406 1396
f 1406 1188 1406
f 1396 1406 1396
f 1406 1406 1396
f 1394 1407 1394
f 1407 1396 1407
f 1394 1407 1394
f 1407 1407 1394
f 1396 1396 1407
f 1396 1396 1407
f 1407 1407 1394
f 1396 1407 1407
f 1108 1403 1170
f 1403 1395 1425
f 1170 1425 1127
f 1403 1425 1170
f 1395 1404 1428
f 1404 1394 1426
f 1428 1426 1400
f 1404 1426 1428
f 1127 1429 1171
f 1429 1400 1427
f 1171 1427 1114
f 1429 1427 1171
f 1395 1428 1425
f 1428 1400 1429
f 1425 1429 1127
f 1428 1429 1425
f 1394 1407 1432
f 1407 1396 1434
f 1432 1434 1401
f 1407 1434 1432
f 1396 1406 1430
f 1406 1188 1245
f 1430 1245 1204
f 1406 1245 1430
f 1401 1436 1433
f 1436 1204 1246
f 1433 1246 1192
f 1436 1246 1433
f 1396 1430 1434
f 1430 1204 1436
f 1434 1436 1401
f 1430 1436 1434
f 1114 1437 1174
f 1437 1402 1439
f 1174 1439 1128
f 1437 1439 1174
f 1402 1438 1441
f 1438 1192 1243
f 1441 1243 1203
f 1438 1243 1441
f 1128 1431 1173
f 1431 1203 1242
f 1173 1242 1109
f 1431 1242 1173
f 1402 1441 1439
f 1441 1203 1431
f 1439 1431 1128
f 1441 1431 1439
f 1394 1432 1426
f 1432 1401 1435
f 1426 1435 1400
f 1432 1435 1426
f 1401 1433 1442
f 1433 1192 1438
f 1442 1438 1402
f 1433 1438 1442
f 1400 1440 1427
f 1440 1402 1437
f 1427 1437 1114
f 1440 1437 1427
f 1401 1442 1435
f 1442 1402 1440
f 1435 1440 1400
f 1442 1440 1435
f 1108 1170 1170
f 1170 1127 1127
f 1170 1127 1127
f 1170 1127 1170
f 1127 1171 1171
f 1171 1114 1114
f 1171 1114 1114
f 1171 1114 1171
f 1127 1171 1171
f 1171 1114 1114
f 1171 1114 1114
f 1171 1114 1171
f 1127 1171 1127
f 1171 1114 1171
f 1127 1171 1127
f 1171 1171 1127
f 1114 1174 1174
f 1174 1128 1128
f 1174 1128 1128
f 1174 1128 1174
f 1128 1173 1173
f 1173 1109 1109
f 1173 1109 1109
f 1173 1109 1173
f 1128 1173 1173
f 1173 1109 1109
f 1173 1109 1109
f 1173 1109 1173
f 1128 1173 1128
f 1173 1109 1173
f 1128 1173 1128
f 1173 1173 1128
f 1114 1174 1174
f 1174 1128 1128
f 1174 1128 1128
f 1174 1128 1174
f 1128 1173 1173
f 1173 1109 1109
f 1173 1109 1109
f 1173 1109 1173
f 1128 1173 1173
f 1173 1109 1109
f 1173 1109 1109
f 1173 1109 1173
f 1128 1173 1128
f 1173 1109 1173
f 1128 1173 1128
f 1173 1173 1128
f 1114 1174 1114
f 1174 1128 1174
f 1114 1174 1114
f 1174 1174 1114
f 1128 1173 1128
f 1173 1109 1173
f 1128 1173 1128
f 1173 1173 1128
f 1114 1174 1114
f 1174 1128 1174
f 1114 1174 1114
f 1174 1174 1114
f 1128 1128 1174
f 1128 1128 1174
f 1174 1174 1114
f 1128 1174 1174
f 1106 1209 1491
f 1209 1194 1493
f 1491 1493 1451
f 1209 1493 1491
f 1194 1210 1498
f 1210 1189 1496
f 1498 1496 1453
f 1210 1496 1498
f 1451 1499 1492
f 1499 1453 1497
f 1492 1497 1443
f 1499 1497 1492
f 1194 1498 1493
f 1498 1453 1499
f 1493 1499 1451
f 1498 1499 1493
f 1189 1208 1506
f 1208 1193 1508
f 1506 1508 1456
f 1208 1508 1506
f 1193 1207 1502
f 1207 1187 1500
f 1502 1500 1454
f 1207 1500 1502
f 1456 1510 1507
f 1510 1454 1501
f 1507 1501 1444
f 1510 1501 1507
f 1193 1502 1508
f 1502 1454 1510
f 1508 1510 1456
f 1502 1510 1508
f 1443 1511 1495
f 1511 1457 1513
f 1495 1513 1452
f 1511 1513 1495
f 1457 1512 1515
f 1512 1444 1504
f 1515 1504 1455
f 1512 1504 1515
f 1452 1505 1494
f 1505 1455 1503
f 1494 1503 365
f 1505 1503 1494
f 1457 1515 1513
f 1515 1455 1505
f 1513 1505 1452
f 1515 1505 1513
f 1189 1506 1496
f 1506 1456 1509
f 1496 1509 1453
f 1506 1509 1496
f 1456 1507 1516
f 1507 1444 1512
f 1516 1512 1457
f 1507 1512 1516
f 1453 1514 1497
f 1514 1457 1511
f 1497 1511 1443
f 1514 1511 1497
f 1456 1516 1509
f 1516 1457 1514
f 1509 1514 1453
f 1516 1514 1509
f 1106 1491 1491
f 1491 1451 1451
f 1491 1451 1451
f 1491 1451 1491
f 1451 1492 1492
f 1492 1443 1443
f 1492 1443 1443
f 1492 1443 1492
f 1451 1492 1492
f 1492 1443 1443
f 1492 1443 1443
f 1492 1443 1492
f 1451 1492 1451
f 1492 1443 1492
f 1451 1492 1451
f 1492 1492 1451
f 1443 1495 1495
f 1495 1452 1452
f 1495 1452 1452
f 1495 1452 1495
f 1452 1494 1494
f 1494 365 365
f 1494 365 365
f 1494 365 1494
f 1452 1494 1494
f 1494 365 365
f 1494 365 365
f 1494 365 1494
f 1452 1494 1452
f 1494 365 1494
f 1452 1494 1452
f 1494 1494 1452
f 1443 1495 1495
f 1495 1452 1452
f 1495 1452 1452
f 1495 1452 1495
f 1452 1494 1494
f 1494 365 365
f 1494 365 365
f 1494 365 1494
f 1452 1494 1494
f 1494 365 365
f 1494 365 365
f 1494 365 1494
f 1452 1494 1452
f 1494 365 1494
f 1452 1494 1452
f 1494 1494 1452
f 1443 1495 1443
f 1495 1452 1495
f 1443 1495 1443
f 1495 1495 1443
f 1452 1494 1452
f 1494 365 1494
f 1452 1494 1452
f 1494 1494 1452
f 1443 1495 1443
f 1495 1452 1495
f 1443 1495 1443
f 1495 1495 1443
f 1452 1452 1495
f 1452 1452 1495
f 1495 1495 1443
f 1452 1495 1495
f 1259 1525 1279
f 1525 1460 1527
f 1279 1527 1265
f 1525 1527 1279
f 1460 1526 1537
f 1526 1445 1534
f 1537 1534 1462
f 1526 1534 1537
f 1265 1535 1280
f 1535 1462 1533
f 1280 1533 1261
f 1535 1533 1280
f 1460 1537 1527
f 1537 1462 1535
f 1527 1535 1265
f 1537 1535 1527
f 1445 1523 1529
f 1523 1459 1532
f 1529 1532 1461
f 1523 1532 1529
f 1459 1522 1524
f 1522 365 1503
f 1524 1503 1455
f 1522 1503 1524
f 1461 1530 1528
f 1530 1455 1504
f 1528 1504 1444
f 1530 1504 1528
f 1459 1524 1532
f 1524 1455 1530
f 1532 1530 1461
f 1524 1530 1532
f 1261 1519 1282
f 1519 1458 1521
f 1282 1521 1266
f 1519 1521 1282
f 1458 1518 1520
f 1518 1444 1501
f 1520 1501 1454
f 1518 1501 1520
f 1266 1517 1281
f 1517 1454 1500
f 1281 1500 1187
f 1517 1500 1281
f 1458 1520 1521
f 1520 1454 1517
f 1521 1517 1266
f 1520 1517 1521
f 1445 1529 1534
f 1529 1461 1538
f 1534 1538 1462
f 1529 1538 1534
f 1461 1528 1531
f 1528 1444 1518
f 1531 1518 1458
f 1528 1518 1531
f 1462 1536 1533
f 1536 1458 1519
f 1533 1519 1261
f 1536 1519 1533
f 1461 1531 1538
f 1531 1458 1536
f 1538 1536 1462
f 1531 1536 1538
f 1259 1279 1279
f 1279 1265 1265
f 1279 1265 1265
f 1279 1265 1279
f 1265 1280 1280
f 1280 1261 1261
f 1280 1261 1261
f 1280 1261 1280
f 1265 1280 1280
f 1280 1261 1261
f 1280 1261 1261
f 1280 1261 1280
f 1265 1280 1265
f 1280 1261 1280
f 1265 1280 1265
f 1280 1280 1265
f 1261 1282 1282
f 1282 1266 1266
f 1282 1266 1266
f 1282 1266 1282
f 1266 1281 1281
f 1281 1187 1187
f 1281 1187 1187
f 1281 1187 1281
f 1266 1281 1281
f 1281 1187 1187
f 1281 1187 1187
f 1281 1187 1281
f 1266 1281 1266
f 1281 1187 1281
f 1266 1281 1266
f 1281 1281 1266
f 1261 1282 1282
f 1282 1266 1266
f 1282 1266 1266
f 1282 1266 1282
f 1266 1281 1281
f 1281 1187 1187
f 1281 1187 1187
f 1281 1187 1281
f 1266 1281 1281
f 1281 1187 1187
f 1281 1187 1187
f 1281 1187 1281
f 1266 1281 1266
f 1281 1187 1281
f 1266 1281 1266
f 1281 1281 1266
f 1261 1282 1261
f 1282 1266 1282
f 1261 1282 1261
f 1282 1282 1261
f 1266 1281 1266
f 1281 1187 1281
f 1266 1281 1266
f 1281 1281 1266
f 1261 1282 1261
f 1282 1266 1282
f 1261 1282 1261
f 1282 1282 1261
f 1266 1266 1282
f 1266 1266 1282
f 1282 1282 1261
f 1266 1282 1282
f 1107 1133 1566
f 1133 1116 1568
f 1566 1568 1469
f 1133 1568 1566
f 1116 1134 1574
f 1134 1110 1572
f 1574 1572 1471
f 1134 1572 1574
f 1469 1576 1567
f 1576 1471 1573
f 1567 1573 1447
f 1576 1573 1567
f 1116 1574 1568
f 1574 1471 1576
f 1568 1576 1469
f 1574 1576 1568
f 1110 1132 1549
f 1132 1115 1551
f 1549 1551 1466
f 1132 1551 1549
f 1115 1131 1542
f 1131 1106 1539
f 1542 1539 1463
f 1131 1539 1542
f 1466 1552 1550
f 1552 1463 1540
f 1550 1540 1446
f 1552 1540 1550
f 1115 1542 1551
f 1542 1463 1552
f 1551 1552 1466
f 1542 1552 1551
f 1447 1578 1570
f 1578 1472 1581
f 1570 1581 1470
f 1578 1581 1570
f 1472 1577 1579
f 1577 1446 1544
f 1579 1544 1464
f 1577 1544 1579
f 1470 1571 1569
f 1571 1464 1543
f 1569 1543 364
f 1571 1543 1569
f 1472 1579 1581
f 1579 1464 1571
f 1581 1571 1470
f 1579 1571 1581
f 1110 1549 1572
f 1549 1466 1575
f 1572 1575 1471
f 1549 1575 1572
f 1466 1550 1580
f 1550 1446 1577
f 1580 1577 1472
f 1550 1577 1580
f 1471 1582 1573
f 1582 1472 1578
f 1573 1578 1447
f 1582 1578 1573
f 1466 1580 1575
f 1580 1472 1582
f 1575 1582 1471
f 1580 1582 1575
f 1107 1566 1566
f 1566 1469 1469
f 1566 1469 1469
f 1566 1469 1566
f 1469 1567 1567
f 1567 1447 1447
f 1567 1447 1447
f 1567 1447 1567
f 1469 1567 1567
f 1567 1447 1447
f 1567 1447 1447
f 1567 1447 1567
f 1469 1567 1469
f 1567 1447 1567
f 1469 1567 1469
f 1567 1567 1469
f 1447 1570 1570
f 1570 1470 1470
f 1570 1470 1470
f 1570 1470 1570
f 1470 1569 1569
f 1569 364 364
f 1569 364 364
f 1569 364 1569
f 1470 1569 1569
f 1569 364 364
f 1569 364 364
f 1569 364 1569
f 1470 1569 1470
f 1569 364 1569
f 1470 1569 1470
f 1569 1569 1470
f 1447 1570 1570
f 1570 1470 1470
f 1570 1470 1470
f 1570 1470 1570
f 1470 1569 1569
f 1569 364 364
f 1569 364 364
f 1569 364 1569
f 1470 1569 1569
f 1569 364 364
f 1569 364 364
f 1569 364 1569
f 1470 1569 1470
f 1569 364 1569
f 1470 1569 1470
f 1569 1569 1470
f 1447 1570 1447
f 1570 1470 1570
f 1447 1570 1447
f 1570 1570 1447
f 1470 1569 1470
f 1569 364 1569
f 1470 1569 1470
f 1569 1569 1470
f 1447 1570 1447
f 1570 1470 1570
f 1447 1570 1447
f 1570 1570 1447
f 1470 1470 1570
f 1470 1470 1570
f 1570 1570 1447
f 1470 1570 1570
f 365 537 1494
f 537 411 1553
f 1494 1553 1452
f 537 1553 1494
f 411 538 1559
f 538 376 1556
f 1559 1556 1467
f 538 1556 1559
f 1452 1557 1495
f 1557 1467 1555
f 1495 1555 1443
f 1557 1555 1495
f 411 1559 1553
f 1559 1467 1557
f 1553 1557 1452
f 1559 1557 1553
f 376 535 1561
f 535 410 1564
f 1561 1564 1468
f 535 1564 1561
f 410 534 1554
f 534 364 1543
f 1554 1543 1464
f 534 1543 1554
f 1468 1562 1560
f 1562 1464 1544
f 1560 1544 1446
f 1562 1544 1560
f 410 1554 1564
f 1554 1464 1562
f 1564 1562 1468
f 1554 1562 1564
f 1443 1545 1492
f 1545 1465 1547
f 1492 1547 1451
f 1545 1547 1492
f 1465 1546 1548
f 1546 1446 1540
f 1548 1540 1463
f 1546 1540 1548
f 1451 1541 1491
f 1541 1463 1539
f 1491 1539 1106
f 1541 1539 1491
f 1465 1548 1547
f 1548 1463 1541
f 1547 1541 1451
f 1548 1541 1547
f 376 1561 1556
f 1561 1468 1565
f 1556 1565 1467
f 1561 1565 1556
f 1468 1560 1563
f 1560 1446 1546
f 1563 1546 1465
f 1560 1546 1563
f 1467 1558 1555
f 1558 1465 1545
f 1555 1545 1443
f 1558 1545 1555
f 1468 1563 1565
f 1563 1465 1558
f 1565 1558 1467
f 1563 1558 1565
f 365 1494 1494
f 1494 1452 1452
f 1494 1452 1452
f 1494 1452 1494
f 1452 1495 1495
f 1495 1443 1443
f 1495 1443 1443
f 1495 1443 1495
f 1452 1495 1495
f 1495 1443 1443
f 1495 1443 1443
f 1495 1443 1495
f 1452 1495 1452
f 1495 1443 1495
f 1452 1495 1452
f 1495 1495 1452
f 1443 1492 1492
f 1492 1451 1451
f 1492 1451 1451
f 1492 1451 1492
f 1451 1491 1491
f 1491 1106 1106
f 1491 1106 1106
f 1491 1106 1491
f 1451 1491 1491
f 1491 1106 1106
f 1491 1106 1106
f 1491 1106 1491
f 1451 1491 1451
f 1491 1106 1491
f 1451 1491 1451
f 1491 1491 1451
f 1443 1492 1492
f 1492 1451 1451
f 1492 1451 1451
f 1492 1451 1492
f 1451 1491 1491
f 1491 1106 1106
f 1491 1106 1106
f 1491 1106 1491
f 1451 1491 1491
f 1491 1106 1106
f 1491 1106 1106
f 1491 1106 1491
f 1451 1491 1451
f 1491 1106 1491
f 1451 1491 1451
f 1491 1491 1451
f 1443 1492 1443
f 1492 1451 1492
f 1443 1492 1443
f 1492 1492 1443
f 1451 1491 1451
f 1491 1106 1491
f 1451 1491 1451
f 1491 1491 1451
f 1443 1492 1443
f 1492 1451 1492
f 1443 1492 1443
f 1492 1492 1443
f 1451 1451 1492
f 1451 1451 1492
f 1492 1492 1443
f 1451 1492 1492
f 1107 1610 1346
f 1610 1479 1612
f 1346 1612 1334
f 1610 1612 1346
f 1479 1611 1620
f 1611 1449 1617
f 1620 1617 1481
f 1611 1617 1620
f 1334 1618 1347
f 1618 1481 1616
f 1347 1616 1331
f 1618 1616 1347
f 1479 1620 1612
f 1620 1481 1618
f 1612 1618 1334
f 1620 1618 1612
f 1449 1614 1622
f 1614 1480 1625
f 1622 1625 1482
f 1614 1625 1622
f 1480 1613 1615
f 1613 85 1592
f 1615 1592 1475
f 1613 1592 1615
f 1482 1623 1621
f 1623 1475 1593
f 1621 1593 1448
f 1623 1593 1621
f 1480 1615 1625
f 1615 1475 1623
f 1625 1623 1482
f 1615 1623 1625
f 1331 1600 1349
f 1600 1477 1602
f 1349 1602 1335
f 1600 1602 1349
f 1477 1601 1603
f 1601 1448 1589
f 1603 1589 1474
f 1601 1589 1603
f 1335 1591 1348
f 1591 1474 1588
f 1348 1588 1259
f 1591 1588 1348
f 1477 1603 1602
f 1603 1474 1591
f 1602 1591 1335
f 1603 1591 1602
f 1449 1622 1617
f 1622 1482 1626
f 1617 1626 1481
f 1622 1626 1617
f 1482 1621 1624
f 1621 1448 1601
f 1624 1601 1477
f 1621 1601 1624
f 1481 1619 1616
f 1619 1477 1600
f 1616 1600 1331
f 1619 1600 1616
f 1482 1624 1626
f 1624 1477 1619
f 1626 1619 1481
f 1624 1619 1626
f 1107 1346 1346
f 1346 1334 1334
f 1346 1334 1334
f 1346 1334 1346
f 1334 1347 1347
f 1347 1331 1331
f 1347 1331 1331
f 1347 1331 1347
f 1334 1347 1347
f 1347 1331 1331
f 1347 1331 1331
f 1347 1331 1347
f 1334 1347 1334
f 1347 1331 1347
f 1334 1347 1334
f 1347 1347 1334
f 1331 1349 1349
f 1349 1335 1335
f 1349 1335 1335
f 1349 1335 1349
f 1335 1348 1348
f 1348 1259 1259
f 1348 1259 1259
f 1348 1259 1348
f 1335 1348 1348
f 1348 1259 1259
f 1348 1259 1259
f 1348 1259 1348
f 1335 1348 1335
f 1348 1259 1348
f 1335 1348 1335
f 1348 1348 1335
f 1331 1349 1349
f 1349 1335 1335
f 1349 1335 1335
f 1349 1335 1349
f 1335 1348 1348
f 1348 1259 1259
f 1348 1259 1259
f 1348 1259 1348
f 1335 1348 1348
f 1348 1259 1259
f 1348 1259 1259
f 1348 1259 1348
f 1335 1348 1335
f 1348 1259 1348
f 1335 1348 1335
f 1348 1348 1335
f 1331 1349 1331
f 1349 1335 1349
f 1331 1349 1331
f 1349 1349 1331
f 1335 1348 1335
f 1348 1259 1348
f 1335 1348 1335
f 1348 1348 1335
f 1331 1349 1331
f 1349 1335 1349
f 1331 1349 1331
f 1349 1349 1331
f 1335 1335 1349
f 1335 1335 1349
f 1349 1349 1331
f 1335 1349 1349
f 365 1522 682
f 1522 1459 1583
f 682 1583 601
f 1522 1583 682
f 1459 1523 1586
f 1523 1445 1584
f 1586 1584 1473
f 1523 1584 1586
f 601 1587 683
f 1587 1473 1585
f 683 1585 581
f 1587 1585 683
f 1459 1586 1583
f 1586 1473 1587
f 1583 1587 601
f 1586 1587 1583
f 1445 1526 1595
f 1526 1460 1597
f 1595 1597 1476
f 1526 1597 1595
f 1460 1525 1590
f 1525 1259 1588
f 1590 1588 1474
f 1525 1588 1590
f 1476 1599 1596
f 1599 1474 1589
f 1596 1589 1448
f 1599 1589 1596
f 1460 1590 1597
f 1590 1474 1599
f 1597 1599 1476
f 1590 1599 1597
f 581 1604 680
f 1604 1478 1606
f 680 1606 600
f 1604 1606 680
f 1478 1605 1608
f 1605 1448 1593
f 1608 1593 1475
f 1605 1593 1608
f 600 1594 679
f 1594 1475 1592
f 679 1592 85
f 1594 1592 679
f 1478 1608 1606
f 1608 1475 1594
f 1606 1594 600
f 1608 1594 1606
f 1445 1595 1584
f 1595 1476 1598
f 1584 1598 1473
f 1595 1598 1584
f 1476 1596 1609
f 1596 1448 1605
f 1609 1605 1478
f 1596 1605 1609
f 1473 1607 1585
f 1607 1478 1604
f 1585 1604 581
f 1607 1604 1585
f 1476 1609 1598
f 1609 1478 1607
f 1598 1607 1473
f 1609 1607 1598
f 365 682 682
f 682 601 601
f 682 601 601
f 682 601 682
f 601 683 683
f 683 581 581
f 683 581 581
f 683 581 683
f 601 683 683
f 683 581 581
f 683 581 581
f 683 581 683
f 601 683 601
f 683 581 683
f 601 683 601
f 683 683 601
f 581 680 680
f 680 600 600
f 680 600 600
f 680 600 680
f 600 679 679
f 679 85 85
f 679 85 85
f 679 85 679
f 600 679 679
f 679 85 85
f 679 85 85
f 679 85 679
f 600 679 600
f 679 85 679
f 600 679 600
f 679 679 600
f 581 680 680
f 680 600 600
f 680 600 600
f 680 600 680
f 600 679 679
f 679 85 85
f 679 85 85
f 679 85 679
f 600 679 679
f 679 85 85
f 679 85 85
f 679 85 679
f 600 679 600
f 679 85 679
f 600 679 600
f 679 679 600
f 581 680 581
f 680 600 680
f 581 680 581
f 680 680 581
f 600 679 600
f 679 85 679
f 600 679 600
f 679 679 600
f 581 680 581
f 680 600 680
f 581 680 581
f 680 680 581
f 600 600 680
f 600 600 680
f 680 680 581
f 600 680 680
f 364 779 1569
f 779 752 1641
f 1569 1641 1470
f 779 1641 1569
f 752 780 1647
f 780 746 1644
f 1647 1644 1487
f 780 1644 1647
f 1470 1645 1570
f 1645 1487 1643
f 1570 1643 1447
f 1645 1643 1570
f 752 1647 1641
f 1647 1487 1645
f 1641 1645 1470
f 1647 1645 1641
f 746 783 1649
f 783 753 1652
f 1649 1652 1488
f 783 1652 1649
f 753 782 1642
f 782 87 1631
f 1642 1631 1484
f 782 1631 1642
f 1488 1650 1648
f 1650 1484 1632
f 1648 1632 1450
f 1650 1632 1648
f 753 1642 1652
f 1642 1484 1650
f 1652 1650 1488
f 1642 1650 1652
f 1447 1633 1567
f 1633 1485 1635
f 1567 1635 1469
f 1633 1635 1567
f 1485 1634 1636
f 1634 1450 1628
f 1636 1628 1483
f 1634 1628 1636
f 1469 1629 1566
f 1629 1483 1627
f 1566 1627 1107
f 1629 1627 1566
f 1485 1636 1635
f 1636 1483 1629
f 1635 1629 1469
f 1636 1629 1635
f 746 1649 1644
f 1649 1488 1653
f 1644 1653 1487
f 1649 1653 1644
f 1488 1648 1651
f 1648 1450 1634
f 1651 1634 1485
f 1648 1634 1651
f 1487 1646 1643
f 1646 1485 1633
f 1643 1633 1447
f 1646 1633 1643
f 1488 1651 1653
f 1651 1485 1646
f 1653 1646 1487
f 1651 1646 1653
f 364 1569 1569
f 1569 1470 1470
f 1569 1470 1470
f 1569 1470 1569
f 1470 1570 1570
f 1570 1447 1447
f 1570 1447 1447
f 1570 1447 1570
f 1470 1570 1570
f 1570 1447 1447
f 1570 1447 1447
f 1570 1447 1570
f 1470 1570 1470
f 1570 1447 1570
f 1470 1570 1470
f 1570 1570 1470
f 1447 1567 1567
f 1567 1469 1469
f 1567 1469 1469
f 1567 1469 1567
f 1469 1566 1566
f 1566 1107 1107
f 1566 1107 1107
f 1566 1107 1566
f 1469 1566 1566
f 1566 1107 1107
f 1566 1107 1107
f 1566 1107 1566
f 1469 1566 1469
f 1566 1107 1566
f 1469 1566 1469
f 1566 1566 1469
f 1447 1567 1567
f 1567 1469 1469
f 1567 1469 1469
f 1567 1469 1567
f 1469 1566 1566
f 1566 1107 1107
f 1566 1107 1107
f 1566 1107 1566
f 1469 1566 1566
f 1566 1107 1107
f 1566 1107 1107
f 1566 1107 1566
f 1469 1566 1469
f 1566 1107 1566
f 1469 1566 1469
f 1566 1566 1469
f 1447 1567 1447
f 1567 1469 1567
f 1447 1567 1447
f 1567 1567 1447
f 1469 1566 1469
f 1566 1107 1566
f 1469 1566 1469
f 1566 1566 1469
f 1447 1567 1447
f 1567 1469 1567
f 1447 1567 1447
f 1567 1567 1447
f 1469 1469 1567
f 1469 1469 1567
f 1567 1567 1447
f 1469 1567 1567
f 85 1613 278
f 1613 1480 1654
f 278 1654 138
f 1613 1654 278
f 1480 1614 1658
f 1614 1449 1656
f 1658 1656 1489
f 1614 1656 1658
f 138 1660 279
f 1660 1489 1657
f 279 1657 99
f 1660 1657 279
f 1480 1658 1654
f 1658 1489 1660
f 1654 1660 138
f 1658 1660 1654
f 1449 1611 1637
f 1611 1479 1639
f 1637 1639 1486
f 1611 1639 1637
f 1479 1610 1630
f 1610 1107 1627
f 1630 1627 1483
f 1610 1627 1630
f 1486 1640 1638
f 1640 1483 1628
f 1638 1628 1450
f 1640 1628 1638
f 1479 1630 1639
f 1630 1483 1640
f 1639 1640 1486
f 1630 1640 1639
f 99 1662 282
f 1662 1490 1665
f 282 1665 139
f 1662 1665 282
f 1490 1661 1663
f 1661 1450 1632
f 1663 1632 1484
f 1661 1632 1663
f 139 1655 281
f 1655 1484 1631
f 281 1631 87
f 1655 1631 281
f 1490 1663 1665
f 1663 1484 1655
f 1665 1655 139
f 1663 1655 1665
f 1449 1637 1656
f 1637 1486 1659
f 1656 1659 1489
f 1637 1659 1656
f 1486 1638 1664
f 1638 1450 1661
f 1664 1661 1490
f 1638 1661 1664
f 1489 1666 1657
f 1666 1490 1662
f 1657 1662 99
f 1666 1662 1657
f 1486 1664 1659
f 1664 1490 1666
f 1659 1666 1489
f 1664 1666 1659
f 85 278 278
f 278 138 138
f 278 138 138
f 278 138 278
f 138 279 279
f 279 99 99
f 279 99 99
f 279 99 279
f 138 279 279
f 279 99 99
f 279 99 99
f 279 99 279
f 138 279 138
f 279 99 279
f 138 279 138
f 279 279 138
f 99 282 282
f 282 139 139
f 282 139 139
f 282 139 282
f 139 281 281
f 281 87 87
f 281 87 87
f 281 87 281
f 139 281 281
f 281 87 87
f 281 87 87
f 281 87 281
f 139 281 139
f 281 87 281
f 139 281 139
f 281 281 139
f 99 282 282
f 282 139 139
f 282 139 139
f 282 139 282
f 139 281 281
f 281 87 87
f 281 87 87
f 281 87 281
f 139 281 281
f 281 87 87
f 281 87 87
f 281 87 281
f 139 281 139
f 281 87 281
f 139 281 139
f 281 281 139
f 99 282 99
f 282 139 282
f 99 282 99
f 282 282 99
f 139 281 139
f 281 87 281
f 139 281 139
f 281 281 139
f 99 282 99
f 282 139 282
f 99 282 99
f 282 282 99
f 139 139 282
f 139 139 282
f 282 282 99
f 139 282 282
f 1667 1692 1696
f 1692 1676 1698
f 1696 1698 1678
f 1692 1698 1696
f 1676 1693 1703
f 1693 1671 1701
f 1703 1701 1680
f 1693 1701 1703
f 1678 1704 1697
f 1704 1680 1702
f 1697 1702 1672
f 1704 1702 1697
f 1676 1703 1698
f 1703 1680 1704
f 1698 1704 1678
f 1703 1704 1698
f 1671 1695 1711
f 1695 1677 1713
f 1711 1713 1683
f 1695 1713 1711
f 1677 1694 1707
f 1694 1668 1705
f 1707 1705 1681
f 1694 1705 1707
f 1683 1715 1712
f 1715 1681 1706
f 1712 1706 1673
f 1715 1706 1712
f 1677 1707 1713
f 1707 1681 1715
f 1713 1715 1683
f 1707 1715 1713
f 1672 1716 1700
f 1716 1684 1718
f 1700 1718 1679
f 1716 1718 1700
f 1684 1717 1720
f 1717 1673 1709
f 1720 1709 1682
f 1717 1709 1720
f 1679 1710 1699
f 1710 1682 1708
f 1699 1708 1669
f 1710 1708 1699
f 1684 1720 1718
f 1720 1682 1710
f 1718 1710 1679
f 1720 1710 1718
f 1671 1711 1701
f 1711 1683 1714
f 1701 1714 1680
f 1711 1714 1701
f 1683 1712 1721
f 1712 1673 1717
f 1721 1717 1684
f 1712 1717 1721
f 1680 1719 1702
f 1719 1684 1716
f 1702 1716 1672
f 1719 1716 1702
f 1683 1721 1714
f 1721 1684 1719
f 1714 1719 1680
f 1721 1719 1714
f 1667 1696 1696
f 1696 1678 1678
f 1696 1678 1678
f 1696 1678 1696
f 1678 1697 1697
f 1697 1672 1672
f 1697 1672 1672
f 1697 1672 1697
f 1678 1697 1697
f 1697 1672 1672
f 1697 1672 1672
f 1697 1672 1697
f 1678 1697 1678
f 1697 1672 1697
f 1678 1697 1678
f 1697 1697 1678
f 1672 1700 1700
f 1700 1679 1679
f 1700 1679 1679
f 1700 1679 1700
f 1679 1699 1699
f 1699 1669 1669
f 1699 1669 1669
f 1699 1669 1699
f 1679 1699 1699
f 1699 1669 1669
f 1699 1669 1669
f 1699 1669 1699
f 1679 1699 1679
f 1699 1669 1699
f 1679 1699 1679
f 1699 1699 1679
f 1672 1700 1700
f 1700 1679 1679
f 1700 1679 1679
f 1700 1679 1700
f 1679 1699 1699
f 1699 1669 1669
f 1699 1669 1669
f 1699 1669 1699
f 1679 1699 1699
f 1699 1669 1669
f 1699 1669 1669
f 1699 1669 1699
f 1679 1699 1679
f 1699 1669 1699
f 1679 1699 1679
f 1699 1699 1679
f 1672 1700 1672
f 1700 1679 1700
f 1672 1700 1672
f 1700 1700 1672
f 1679 1699 1679
f 1699 1669 1699
f 1679 1699 1679
f 1699 1699 1679
f 1672 1700 1672
f 1700 1679 1700
f 1672 1700 1672
f 1700 1700 1672
f 1679 1679 1700
f 1679 1679 1700
f 1700 1700 1672
f 1679 1700 1700
f 1667 1696 1722
f 1696 1678 1724
f 1722 1724 1685
f 1696 1724 1722
f 1678 1697 1729
f 1697 1672 1727
f 1729 1727 1687
f 1697 1727 1729
f 1685 1730 1723
f 1730 1687 1728
f 1723 1728 1674
f 1730 1728 1723
f 1678 1729 1724
f 1729 1687 1730
f 1724 1730 1685
f 1729 1730 1724
f 1672 1700 1737
f 1700 1679 1739
f 1737 1739 1690
f 1700 1739 1737
f 1679 1699 1733
f 1699 1669 1731
f 1733 1731 1688
f 1699 1731 1733
f 1690 1741 1738
f 1741 1688 1732
f 1738 1732 1675
f 1741 1732 1738
f 1679 1733 1739
f 1733 1688 1741
f 1739 1741 1690
f 1733 1741 1739
f 1674 1742 1726
f 1742 1691 1744
f 1726 1744 1686
f 1742 1744 1726
f 1691 1743 1746
f 1743 1675 1735
f 1746 1735 1689
f 1743 1735 1746
f 1686 1736 1725
f 1736 1689 1734
f 1725 1734 1670
f 1736 1734 1725
f 1691 1746 1744
f 1746 1689 1736
f 1744 1736 1686
f 1746 1736 1744
f 1672 1737 1727
f 1737 1690 1740
f 1727 1740 1687
f 1737 1740 1727
f 1690 1738 1747
f 1738 1675 1743
f 1747 1743 1691
f 1738 1743 1747
f 1687 1745 1728
f 1745 1691 1742
f 1728 1742 1674
f 1745 1742 1728
f 1690 1747 1740
f 1747 1691 1745
f 1740 1745 1687
f 1747 1745 1740
f 1667 1722 1722
f 1722 1685 1685
f 1722 1685 1685
f 1722 1685 1722
f 1685 1723 1723
f 1723 1674 1674
f 1723 1674 1674
f 1723 1674 1723
f 1685 1723 1723
f 1723 1674 1674
f 1723 1674 1674
f 1723 1674 1723
f 1685 1723 1685
f 1723 1674 1723
f 1685 1723 1685
f 1723 1723 1685
f 1674 1726 1726
f 1726 1686 1686
f 1726 1686 1686
f 1726 1686 1726
f 1686 1725 1725
f 1725 1670 1670
f 1725 1670 1670
f 1725 1670 1725
f 1686 1725 1725
f 1725 1670 1670
f 1725 1670 1670
f 1725 1670 1725
f 1686 1725 1686
f 1725 1670 1725
f 1686 1725 1686
f 1725 1725 1686
f 1674 1726 1726
f 1726 1686 1686
f 1726 1686 1686
f 1726 1686 1726
f 1686 1725 1725
f 1725 1670 1670
f 1725 1670 1670
f 1725 1670 1725
f 1686 1725 1725
f 1725 1670 1670
f 1725 1670 1670
f 1725 1670 1725
f 1686 1725 1686
f 1725 1670 1725
f 1686 1725 1686
f 1725 1725 1686
f 1674 1726 1674
f 1726 1686 1726
f 1674 1726 1674
f 1726 1726 1674
f 1686 1725 1686
f 1725 1670 1725
f 1686 1725 1686
f 1725 1725 1686
f 1674 1726 1674
f 1726 1686 1726
f 1674 1726 1674
f 1726 1726 1674
f 1686 1686 1726
f 1686 1686 1726
f 1726 1726 1674
f 1686 1726 1726
f 1748 1773 1777
f 1773 1757 1779
f 1777 1779 1759
f 1773 1779 1777
f 1757 1774 1784
f 1774 1752 1782
f 1784 1782 1761
f 1774 1782 1784
f 1759 1785 1778
f 1785 1761 1783
f 1778 1783 1753
f 1785 1783 1778
f 1757 1784 1779
f 1784 1761 1785
f 1779 1785 1759
f 1784 1785 1779
f 1752 1776 1792
f 1776 1758 1794
f 1792 1794 1764
f 1776 1794 1792
f 1758 1775 1788
f 1775 1749 1786
f 1788 1786 1762
f 1775 1786 1788
f 1764 1796 1793
f 1796 1762 1787
f 1793 1787 1754
f 1796 1787 1793
f 1758 1788 1794
f 1788 1762 1796
f 1794 1796 1764
f 1788 1796 1794
f 1753 1797 1781
f 1797 1765 1799
f 1781 1799 1760
f 1797 1799 1781
f 1765 1798 1801
f 1798 1754 1790
f 1801 1790 1763
f 1798 1790 1801
f 1760 1791 1780
f 1791 1763 1789
f 1780 1789 1750
f 1791 1789 1780
f 1765 1801 1799
f 1801 1763 1791
f 1799 1791 1760
f 1801 1791 1799
f 1752 1792 1782
f 1792 1764 1795
f 1782 1795 1761
f 1792 1795 1782
f 1764 1793 1802
f 1793 1754 1798
f 1802 1798 1765
f 1793 1798 1802
f 1761 1800 1783
f 1800 1765 1797
f 1783 1797 1753
f 1800 1797 1783
f 1764 1802 1795
f 1802 1765 1800
f 1795 1800 1761
f 1802 1800 1795
f 1748 1777 1777
f 1777 1759 1759
f 1777 1759 1759
f 1777 1759 1777
f 1759 1778 1778
f 1778 1753 1753
f 1778 1753 1753
f 1778 1753 1778
f 1759 1778 1778
f 1778 1753 1753
f 1778 1753 1753
f 1778 1753 1778
f 1759 1778 1759
f 1778 1753 1778
f 1759 1778 1759
f 1778 1778 1759
f 1753 1781 1781
f 1781 1760 1760
f 1781 1760 1760
f 1781 1760 1781
f 1760 1780 1780
f 1780 1750 1750
f 1780 1750 1750
f 1780 1750 1780
f 1760 1780 1780
f 1780 1750 1750
f 1780 1750 1750
f 1780 1750 1780
f 1760 1780 1760
f 1780 1750 1780
f 1760 1780 1760
f 1780 1780 1760
f 1753 1781 1781
f 1781 1760 1760
f 1781 1760 1760
f 1781 1760 1781
f 1760 1780 1780
f 1780 1750 1750
f 1780 1750 1750
f 1780 1750 1780
f 1760 1780 1780
f 1780 1750 1750
f 1780 1750 1750
f 1780 1750 1780
f 1760 1780 1760
f 1780 1750 1780
f 1760 1780 1760
f 1780 1780 1760
f 1753 1781 1753
f 1781 1760 1781
f 1753 1781 1753
f 1781 1781 1753
f 1760 1780 1760
f 1780 1750 1780
f 1760 1780 1760
f 1780 1780 1760
f 1753 1781 1753
f 1781 1760 1781
f 1753 1781 1753
f 1781 1781 1753
f 1760 1760 1781
f 1760 1760 1781
f 1781 1781 1753
f 1760 1781 1781
f 1748 1777 1803
f 1777 1759 1805
f 1803 1805 1766
f 1777 1805 1803
f 1759 1778 1810
f 1778 1753 1808
f 1810 1808 1768
f 1778 1808 1810
f 1766 1811 1804
f 1811 1768 1809
f 1804 1809 1755
f 1811 1809 1804
f 1759 1810 1805
f 1810 1768 1811
f 1805 1811 1766
f 1810 1811 1805
f 1753 1781 1818
f 1781 1760 1820
f 1818 1820 1771
f 1781 1820 1818
f 1760 1780 1814
f 1780 1750 1812
f 1814 1812 1769
f 1780 1812 1814
f 1771 1822 1819
f 1822 1769 1813
f 1819 1813 1756
f 1822 1813 1819
f 1760 1814 1820
f 1814 1769 1822
f 1820 1822 1771
f 1814 1822 1820
f 1755 1823 1807
f 1823 1772 1825
f 1807 1825 1767
f 1823 1825 1807
f 1772 1824 1827
f 1824 1756 1816
f 1827 1816 1770
f 1824 1816 1827
f 1767 1817 1806
f 1817 1770 1815
f 1806 1815 1751
f 1817 1815 1806
f 1772 1827 1825
f 1827 1770 1817
f 1825 1817 1767
f 1827 1817 1825
f 1753 1818 1808
f 1818 1771 1821
f 1808 1821 1768
f 1818 1821 1808
f 1771 1819 1828
f 1819 1756 1824
f 1828 1824 1772
f 1819 1824 1828
f 1768 1826 1809
f 1826 1772 1823
f 1809 1823 1755
f 1826 1823 1809
f 1771 1828 1821
f 1828 1772 1826
f 1821 1826 1768
f 1828 1826 1821
f 1748 1803 1803
f 1803 1766 1766
f 1803 1766 1766
f 1803 1766 1803
f 1766 1804 1804
f 1804 1755 1755
f 1804 1755 1755
f 1804 1755 1804
f 1766 1804 1804
f 1804 1755 1755
f 1804 1755 1755
f 1804 1755 1804
f 1766 1804 1766
f 1804 1755 1804
f 1766 1804 1766
f 1804 1804 1766
f 1755 1807 1807
f 1807 1767 1767
f 1807 1767 1767
f 1807 1767 1807
f 1767 1806 1806
f 1806 1751 1751
f 1806 1751 1751
f 1806 1751 1806
f 1767 1806 1806
f 1806 1751 1751
f 1806 1751 1751
f 1806 1751 1806
f 1767 1806 1767
f 1806 1751 1806
f 1767 1806 1767
f 1806 1806 1767
f 1755 1807 1807
f 1807 1767 1767
f 1807 1767 1767
f 1807 1767 1807
f 1767 1806 1806
f 1806 1751 1751
f 1806 1751 1751
f 1806 1751 1806
f 1767 1806 1806
f 1806 1751 1751
f 1806 1751 1751
f 1806 1751 1806
f 1767 1806 1767
f 1806 1751 1806
f 1767 1806 1767
f 1806 1806 1767
f 1755 1807 1755
f 1807 1767 1807
f 1755 1807 1755
f 1807 1807 1755
f 1767 1806 1767
f 1806 1751 1806
f 1767 1806 1767
f 1806 1806 1767
f 1755 1807 1755
f 1807 1767 1807
f 1755 1807 1755
f 1807 1807 1755
f 1767 1767 1807
f 1767 1767 1807
f 1807 1807 1755
f 1767 1807 1807
f 1829 1849 1853
f 1849 1835 1855
f 1853 1855 1837
f 1849 1855 1853
f 1835 1850 1860
f 1850 1831 1858
f 1860 1858 1839
f 1850 1858 1860
f 1837 1861 1854
f 1861 1839 1859
f 1854 1859 1832
f 1861 1859 1854
f 1835 1860 1855
f 1860 1839 1861
f 1855 1861 1837
f 1860 1861 1855
f 1831 1852 1864
f 1852 1836 1866
f 1864 1866 1840
f 1852 1866 1864
f 1836 1851 1862
f 1851 1751 1815
f 1862 1815 1770
f 1851 1815 1862
f 1840 1868 1865
f 1868 1770 1816
f 1865 1816 1756
f 1868 1816 1865
f 1836 1862 1866
f 1862 1770 1868
f 1866 1868 1840
f 1862 1868 1866
f 1832 1869 1857
f 1869 1841 1871
f 1857 1871 1838
f 1869 1871 1857
f 1841 1870 1873
f 1870 1756 1813
f 1873 1813 1769
f 1870 1813 1873
f 1838 1863 1856
f 1863 1769 1812
f 1856 1812 1750
f 1863 1812 1856
f 1841 1873 1871
f 1873 1769 1863
f 1871 1863 1838
f 1873 1863 1871
f 1831 1864 1858
f 1864 1840 1867
f 1858 1867 1839
f 1864 1867 1858
f 1840 1865 1874
f 1865 1756 1870
f 1874 1870 1841
f 1865 1870 1874
f 1839 1872 1859
f 1872 1841 1869
f 1859 1869 1832
f 1872 1869 1859
f 1840 1874 1867
f 1874 1841 1872
f 1867 1872 1839
f 1874 1872 1867
f 1829 1853 1853
f 1853 1837 1837
f 1853 1837 1837
f 1853 1837 1853
f 1837 1854 1854
f 1854 1832 1832
f 1854 1832 1832
f 1854 1832 1854
f 1837 1854 1854
f 1854 1832 1832
f 1854 1832 1832
f 1854 1832 1854
f 1837 1854 1837
f 1854 1832 1854
f 1837 1854 1837
f 1854 1854 1837
f 1832 1857 1857
f 1857 1838 1838
f 1857 1838 1838
f 1857 1838 1857
f 1838 1856 1856
f 1856 1750 1750
f 1856 1750 1750
f 1856 1750 1856
f 1838 1856 1856
f 1856 1750 1750
f 1856 1750 1750
f 1856 1750 1856
f 1838 1856 1838
f 1856 1750 1856
f 1838 1856 1838
f 1856 1856 1838
f 1832 1857 1857
f 1857 1838 1838
f 1857 1838 1838
f 1857 1838 1857
f 1838 1856 1856
f 1856 1750 1750
f 1856 1750 1750
f 1856 1750 1856
f 1838 1856 1856
f 1856 1750 1750
f 1856 1750 1750
f 1856 1750 1856
f 1838 1856 1838
f 1856 1750 1856
f 1838 1856 1838
f 1856 1856 1838
f 1832 1857 1832
f 1857 1838 1857
f 1832 1857 1832
f 1857 1857 1832
f 1838 1856 1838
f 1856 1750 1856
f 1838 1856 1838
f 1856 1856 1838
f 1832 1857 1832
f 1857 1838 1857
f 1832 1857 1832
f 1857 1857 1832
f 1838 1838 1857
f 1838 1838 1857
f 1857 1857 1832
f 1838 1857 1857
f 1829 1853 1875
f 1853 1837 1877
f 1875 1877 1842
f 1853 1877 1875
f 1837 1854 1882
f 1854 1832 1880
f 1882 1880 1844
f 1854 1880 1882
f 1842 1883 1876
f 1883 1844 1881
f 1876 1881 1833
f 1883 1881 1876
f 1837 1882 1877
f 1882 1844 1883
f 1877 1883 1842
f 1882 1883 1877
f 1832 1857 1890
f 1857 1838 1892
f 1890 1892 1847
f 1857 1892 1890
f 1838 1856 1886
f 1856 1750 1884
f 1886 1884 1845
f 1856 1884 1886
f 1847 1894 1891
f 1894 1845 1885
f 1891 1885 1834
f 1894 1885 1891
f 1838 1886 1892
f 1886 1845 1894
f 1892 1894 1847
f 1886 1894 1892
f 1833 1895 1879
f 1895 1848 1897
f 1879 1897 1843
f 1895 1897 1879
f 1848 1896 1899
f 1896 1834 1888
f 1899 1888 1846
f 1896 1888 1899
f 1843 1889 1878
f 1889 1846 1887
f 1878 1887 1830
f 1889 1887 1878
f 1848 1899 1897
f 1899 1846 1889
f 1897 1889 1843
f 1899 1889 1897
f 1832 1890 1880
f 1890 1847 1893
f 1880 1893 1844
f 1890 1893 1880
f 1847 1891 1900
f 1891 1834 1896
f 1900 1896 1848
f 1891 1896 1900
f 1844 1898 1881
f 1898 1848 1895
f 1881 1895 1833
f 1898 1895 1881
f 1847 1900 1893
f 1900 1848 1898
f 1893 1898 1844
f 1900 1898 1893
f 1829 1875 1875
f 1875 1842 1842
f 1875 1842 1842
f 1875 1842 1875
f 1842 1876 1876
f 1876 1833 1833
f 1876 1833 1833
f 1876 1833 1876
f 1842 1876 1876
f 1876 1833 1833
f 1876 1833 1833
f 1876 1833 1876
f 1842 1876 1842
f 1876 1833 1876
f 1842 1876 1842
f 1876 1876 1842
f 1833 1879 1879
f 1879 1843 1843
f 1879 1843 1843
f 1879 1843 1879
f 1843 1878 1878
f 1878 1830 1830
f 1878 1830 1830
f 1878 1830 1878
f 1843 1878 1878
f 1878 1830 1830
f 1878 1830 1830
f 1878 1830 1878
f 1843 1878 1843
f 1878 1830 1878
f 1843 1878 1843
f 1878 1878 1843
f 1833 1879 1879
f 1879 1843 1843
f 1879 1843 1843
f 1879 1843 1879
f 1843 1878 1878
f 1878 1830 1830
f 1878 1830 1830
f 1878 1830 1878
f 1843 1878 1878
f 1878 1830 1830
f 1878 1830 1830
f 1878 1830 1878
f 1843 1878 1843
f 1878 1830 1878
f 1843 1878 1843
f 1878 1878 1843
f 1833 1879 1833
f 1879 1843 1879
f 1833 1879 1833
f 1879 1879 1833
f 1843 1878 1843
f 1878 1830 1878
f 1843 1878 1843
f 1878 1878 1843
f 1833 1879 1833
f 1879 1843 1879
f 1833 1879 1833
f 1879 1879 1833
f 1843 1843 1879
f 1843 1843 1879
f 1879 1879 1833
f 1843 1879 1879
f 1901 1926 1930
f 1926 1910 1932
f 1930 1932 1912
f 1926 1932 1930
f 1910 1927 1937
f 1927 1905 1935
f 1937 1935 1914
f 1927 1935 1937
f 1912 1938 1931
f 1938 1914 1936
f 1931 1936 1906
f 1938 1936 1931
f 1910 1937 1932
f 1937 1914 1938
f 1932 1938 1912
f 1937 1938 1932
f 1905 1929 1945
f 1929 1911 1947
f 1945 1947 1917
f 1929 1947 1945
f 1911 1928 1941
f 1928 1902 1939
f 1941 1939 1915
f 1928 1939 1941
f 1917 1949 1946
f 1949 1915 1940
f 1946 1940 1907
f 1949 1940 1946
f 1911 1941 1947
f 1941 1915 1949
f 1947 1949 1917
f 1941 1949 1947
f 1906 1950 1934
f 1950 1918 1952
f 1934 1952 1913
f 1950 1952 1934
f 1918 1951 1954
f 1951 1907 1943
f 1954 1943 1916
f 1951 1943 1954
f 1913 1944 1933
f 1944 1916 1942
f 1933 1942 1903
f 1944 1942 1933
f 1918 1954 1952
f 1954 1916 1944
f 1952 1944 1913
f 1954 1944 1952
f 1905 1945 1935
f 1945 1917 1948
f 1935 1948 1914
f 1945 1948 1935
f 1917 1946 1955
f 1946 1907 1951
f 1955 1951 1918
f 1946 1951 1955
f 1914 1953 1936
f 1953 1918 1950
f 1936 1950 1906
f 1953 1950 1936
f 1917 1955 1948
f 1955 1918 1953
f 1948 1953 1914
f 1955 1953 1948
f 1901 1930 1930
f 1930 1912 1912
f 1930 1912 1912
f 1930 1912 1930
f 1912 1931 1931
f 1931 1906 1906
f 1931 1906 1906
f 1931 1906 1931
f 1912 1931 1931
f 1931 1906 1906
f 1931 1906 1906
f 1931 1906 1931
f 1912 1931 1912
f 1931 1906 1931
f 1912 1931 1912
f 1931 1931 1912
f 1906 1934 1934
f 1934 1913 1913
f 1934 1913 1913
f 1934 1913 1934
f 1913 1933 1933
f 1933 1903 1903
f 1933 1903 1903
f 1933 1903 1933
f 1913 1933 1933
f 1933 1903 1903
f 1933 1903 1903
f 1933 1903 1933
f 1913 1933 1913
f 1933 1903 1933
f 1913 1933 1913
f 1933 1933 1913
f 1906 1934 1934
f 1934 1913 1913
f 1934 1913 1913
f 1934 1913 1934
f 1913 1933 1933
f 1933 1903 1903
f 1933 1903 1903
f 1933 1903 1933
f 1913 1933 1933
f 1933 1903 1903
f 1933 1903 1903
f 1933 1903 1933
f 1913 1933 1913
f 1933 1903 1933
f 1913 1933 1913
f 1933 1933 1913
f 1906 1934 1906
f 1934 1913 1934
f 1906 1934 1906
f 1934 1934 1906
f 1913 1933 1913
f 1933 1903 1933
f 1913 1933 1913
f 1933 1933 1913
f 1906 1934 1906
f 1934 1913 1934
f 1906 1934 1906
f 1934 1934 1906
f 1913 1913 1934
f 1913 1913 1934
f 1934 1934 1906
f 1913 1934 1934
f 1901 1930 1956
f 1930 1912 1958
f 1956 1958 1919
f 1930 1958 1956
f 1912 1931 1963
f 1931 1906 1961
f 1963 1961 1921
f 1931 1961 1963
f 1919 1964 1957
f 1964 1921 1962
f 1957 1962 1908
f 1964 1962 1957
f 1912 1963 1958
f 1963 1921 1964
f 1958 1964 1919
f 1963 1964 1958
f 1906 1934 1971
f 1934 1913 1973
f 1971 1973 1924
f 1934 1973 1971
f 1913 1933 1967
f 1933 1903 1965
f 1967 1965 1922
f 1933 1965 1967
f 1924 1975 1972
f 1975 1922 1966
f 1972 1966 1909
f 1975 1966 1972
f 1913 1967 1973
f 1967 1922 1975
f 1973 1975 1924
f 1967 1975 1973
f 1908 1976 1960
f 1976 1925 1978
f 1960 1978 1920
f 1976 1978 1960
f 1925 1977 1980
f 1977 1909 1969
f 1980 1969 1923
f 1977 1969 1980
f 1920 1970 1959
f 1970 1923 1968
f 1959 1968 1904
f 1970 1968 1959
f 1925 1980 1978
f 1980 1923 1970
f 1978 1970 1920
f 1980 1970 1978
f 1906 1971 1961
f 1971 1924 1974
f 1961 1974 1921
f 1971 1974 1961
f 1924 1972 1981
f 1972 1909 1977
f 1981 1977 1925
f 1972 1977 1981
f 1921 1979 1962
f 1979 1925 1976
f 1962 1976 1908
f 1979 1976 1962
f 1924 1981 1974
f 1981 1925 1979
f 1974 1979 1921
f 1981 1979 1974
f 1901 1956 1956
f 1956 1919 1919
f 1956 1919 1919
f 1956 1919 1956
f 1919 1957 1957
f 1957 1908 1908
f 1957 1908 1908
f 1957 1908 1957
f 1919 1957 1957
f 1957 1908 1908
f 1957 1908 1908
f 1957 1908 1957
f 1919 1957 1919
f 1957 1908 1957
f 1919 1957 1919
f 1957 1957 1919
f 1908 1960 1960
f 1960 1920 1920
f 1960 1920 1920
f 1960 1920 1960
f 1920 1959 1959
f 1959 1904 1904
f 1959 1904 1904
f 1959 1904 1959
f 1920 1959 1959
f 1959 1904 1904
f 1959 1904 1904
f 1959 1904 1959
f 1920 1959 1920
f 1959 1904 1959
f 1920 1959 1920
f 1959 1959 1920
f 1908 1960 1960
f 1960 1920 1920
f 1960 1920 1920
f 1960 1920 1960
f 1920 1959 1959
f 1959 1904 1904
f 1959 1904 1904
f 1959 1904 1959
f 1920 1959 1959
f 1959 1904 1904
f 1959 1904 1904
f 1959 1904 1959
f 1920 1959 1920
f 1959 1904 1959
f 1920 1959 1920
f 1959 1959 1920
f 1908 1960 1908
f 1960 1920 1960
f 1908 1960 1908
f 1960 1960 1908
f 1920 1959 1920
f 1959 1904 1959
f 1920 1959 1920
f 1959 1959 1920
f 1908 1960 1908
f 1960 1920 1960
f 1908 1960 1908
f 1960 1960 1908
f 1920 1920 1960
f 1920 1920 1960
f 1960 1960 1908
f 1920 1960 1960
f 1982 2002 2006
f 2002 1988 2008
f 2006 2008 1990
f 2002 2008 2006
f 1988 2003 2013
f 2003 1984 2011
f 2013 2011 1992
f 2003 2011 2013
f 1990 2014 2007
f 2014 1992 2012
f 2007 2012 1985
f 2014 2012 2007
f 1988 2013 2008
f 2013 1992 2014
f 2008 2014 1990
f 2013 2014 2008
f 1984 2005 2017
f 2005 1989 2019
f 2017 2019 1993
f 2005 2019 2017
f 1989 2004 2015
f 2004 1904 1968
f 2015 1968 1923
f 2004 1968 2015
f 1993 2021 2018
f 2021 1923 1969
f 2018 1969 1909
f 2021 1969 2018
f 1989 2015 2019
f 2015 1923 2021
f 2019 2021 1993
f 2015 2021 2019
f 1985 2022 2010
f 2022 1994 2024
f 2010 2024 1991
f 2022 2024 2010
f 1994 2023 2026
f 2023 1909 1966
f 2026 1966 1922
f 2023 1966 2026
f 1991 2016 2009
f 2016 1922 1965
f 2009 1965 1903
f 2016 1965 2009
f 1994 2026 2024
f 2026 1922 2016
f 2024 2016 1991
f 2026 2016 2024
f 1984 2017 2011
f 2017 1993 2020
f 2011 2020 1992
f 2017 2020 2011
f 1993 2018 2027
f 2018 1909 2023
f 2027 2023 1994
f 2018 2023 2027
f 1992 2025 2012
f 2025 1994 2022
f 2012 2022 1985
f 2025 2022 2012
f 1993 2027 2020
f 2027 1994 2025
f 2020 2025 1992
f 2027 2025 2020
f 1982 2006 2006
f 2006 1990 1990
f 2006 1990 1990
f 2006 1990 2006
f 1990 2007 2007
f 2007 1985 1985
f 2007 1985 1985
f 2007 1985 2007
f 1990 2007 2007
f 2007 1985 1985
f 2007 1985 1985
f 2007 1985 2007
f 1990 2007 1990
f 2007 1985 2007
f 1990 2007 1990
f 2007 2007 1990
f 1985 2010 2010
f 2010 1991 1991
f 2010 1991 1991
f 2010 1991 2010
f 1991 2009 2009
f 2009 1903 1903
f 2009 1903 1903
f 2009 1903 2009
f 1991 2009 2009
f 2009 1903 1903
f 2009 1903 1903
f 2009 1903 2009
f 1991 2009 1991
f 2009 1903 2009
f 1991 2009 1991
f 2009 2009 1991
f 1985 2010 2010
f 2010 1991 1991
f 2010 1991 1991
f 2010 1991 2010
f 1991 2009 2009
f 2009 1903 1903
f 2009 1903 1903
f 2009 1903 2009
f 1991 2009 2009
f 2009 1903 1903
f 2009 1903 1903
f 2009 1903 2009
f 1991 2009 1991
f 2009 1903 2009
f 1991 2009 1991
f 2009 2009 1991
f 1985 2010 1985
f 2010 1991 2010
f 1985 2010 1985
f 2010 2010 1985
f 1991 2009 1991
f 2009 1903 2009
f 1991 2009 1991
f 2009 2009 1991
f 1985 2010 1985
f 2010 1991 2010
f 1985 2010 1985
f 2010 2010 1985
f 1991 1991 2010
f 1991 1991 2010
f 2010 2010 1985
f 1991 2010 2010
f 1982 2006 2028
f 2006 1990 2030
f 2028 2030 1995
f 2006 2030 2028
f 1990 2007 2035
f 2007 1985 2033
f 2035 2033 1997
f 2007 2033 2035
f 1995 2036 2029
f 2036 1997 2034
f 2029 2034 1986
f 2036 2034 2029
f 1990 2035 2030
f 2035 1997 2036
f 2030 2036 1995
f 2035 2036 2030
f 1985 2010 2043
f 2010 1991 2045
f 2043 2045 2000
f 2010 2045 2043
f 1991 2009 2039
f 2009 1903 2037
f 2039 2037 1998
f 2009 2037 2039
f 2000 2047 2044
f 2047 1998 2038
f 2044 2038 1987
f 2047 2038 2044
f 1991 2039 2045
f 2039 1998 2047
f 2045 2047 2000
f 2039 2047 2045
f 1986 2048 2032
f 2048 2001 2050
f 2032 2050 1996
f 2048 2050 2032
f 2001 2049 2052
f 2049 1987 2041
f 2052 2041 1999
f 2049 2041 2052
f 1996 2042 2031
f 2042 1999 2040
f 2031 2040 1983
f 2042 2040 2031
f 2001 2052 2050
f 2052 1999 2042
f 2050 2042 1996
f 2052 2042 2050
f 1985 2043 2033
f 2043 2000 2046
f 2033 2046 1997
f 2043 2046 2033
f 2000 2044 2053
f 2044 1987 2049
f 2053 2049 2001
f 2044 2049 2053
f 1997 2051 2034
f 2051 2001 2048
f 2034 2048 1986
f 2051 2048 2034
f 2000 2053 2046
f 2053 2001 2051
f 2046 2051 1997
f 2053 2051 2046
f 1982 2028 2028
f 2028 1995 1995
f 2028 1995 1995
f 2028 1995 2028
f 1995 2029 2029
f 2029 1986 1986
f 2029 1986 1986
f 2029 1986 2029
f 1995 2029 2029
f 2029 1986 1986
f 2029 1986 1986
f 2029 1986 2029
f 1995 2029 1995
f 2029 1986 2029
f 1995 2029 1995
f 2029 2029 1995
f 1986 2032 2032
f 2032 1996 1996
f 2032 1996 1996
f 2032 1996 2032
f 1996 2031 2031
f 2031 1983 1983
f 2031 1983 1983
f 2031 1983 2031
f 1996 2031 2031
f 2031 1983 1983
f 2031 1983 1983
f 2031 1983 2031
f 1996 2031 1996
f 2031 1983 2031
f 1996 2031 1996
f 2031 2031 1996
f 1986 2032 2032
f 2032 1996 1996
f 2032 1996 1996
f 2032 1996 2032
f 1996 2031 2031
f 2031 1983 1983
f 2031 1983 1983
f 2031 1983 2031
f 1996 2031 2031
f 2031 1983 1983
f 2031 1983 1983
f 2031 1983 2031
f 1996 2031 1996
f 2031 1983 2031
f 1996 2031 1996
f 2031 2031 1996
f 1986 2032 1986
f 2032 1996 2032
f 1986 2032 1986
f 2032 2032 1986
f 1996 2031 1996
f 2031 1983 2031
f 1996 2031 1996
f 2031 2031 1996
f 1986 2032 1986
f 2032 1996 2032
f 1986 2032 1986
f 2032 2032 1986
f 1996 1996 2032
f 1996 1996 2032
f 2032 2032 1986
f 1996 2032 2032
f 2054 2079 2083
f 2079 2063 2085
f 2083 2085 2065
f 2079 2085 2083
f 2063 2080 2090
f 2080 2058 2088
f 2090 2088 2067
f 2080 2088 2090
f 2065 2091 2084
f 2091 2067 2089
f 2084 2089 2059
f 2091 2089 2084
f 2063 2090 2085
f 2090 2067 2091
f 2085 2091 2065
f 2090 2091 2085
f 2058 2082 2098
f 2082 2064 2100
f 2098 2100 2070
f 2082 2100 2098
f 2064 2081 2094
f 2081 2055 2092
f 2094 2092 2068
f 2081 2092 2094
f 2070 2102 2099
f 2102 2068 2093
f 2099 2093 2060
f 2102 2093 2099
f 2064 2094 2100
f 2094 2068 2102
f 2100 2102 2070
f 2094 2102 2100
f 2059 2103 2087
f 2103 2071 2105
f 2087 2105 2066
f 2103 2105 2087
f 2071 2104 2107
f 2104 2060 2096
f 2107 2096 2069
f 2104 2096 2107
f 2066 2097 2086
f 2097 2069 2095
f 2086 2095 2056
f 2097 2095 2086
f 2071 2107 2105
f 2107 2069 2097
f 2105 2097 2066
f 2107 2097 2105
f 2058 2098 2088
f 2098 2070 2101
f 2088 2101 2067
f 2098 2101 2088
f 2070 2099 2108
f 2099 2060 2104
f 2108 2104 2071
f 2099 2104 2108
f 2067 2106 2089
f 2106 2071 2103
f 2089 2103 2059
f 2106 2103 2089
f 2070 2108 2101
f 2108 2071 2106
f 2101 2106 2067
f 2108 2106 2101
f 2054 2083 2083
f 2083 2065 2065
f 2083 2065 2065
f 2083 2065 2083
f 2065 2084 2084
f 2084 2059 2059
f 2084 2059 2059
f 2084 2059 2084
f 2065 2084 2084
f 2084 2059 2059
f 2084 2059 2059
f 2084 2059 2084
f 2065 2084 2065
f 2084 2059 2084
f 2065 2084 2065
f 2084 2084 2065
f 2059 2087 2087
f 2087 2066 2066
f 2087 2066 2066
f 2087 2066 2087
f 2066 2086 2086
f 2086 2056 2056
f 2086 2056 2056
f 2086 2056 2086
f 2066 2086 2086
f 2086 2056 2056
f 2086 2056 2056
f 2086 2056 2086
f 2066 2086 2066
f 2086 2056 2086
f 2066 2086 2066
f 2086 2086 2066
f 2059 2087 2087
f 2087 2066 2066
f 2087 2066 2066
f 2087 2066 2087
f 2066 2086 2086
f 2086 2056 2056
f 2086 2056 2056
f 2086 2056 2086
f 2066 2086 2086
f 2086 2056 2056
f 2086 2056 2056
f 2086 2056 2086
f 2066 2086 2066
f 2086 2056 2086
f 2066 2086 2066
f 2086 2086 2066
f 2059 2087 2059
f 2087 2066 2087
f 2059 2087 2059
f 2087 2087 2059
f 2066 2086 2066
f 2086 2056 2086
f 2066 2086 2066
f 2086 2086 2066
f 2059 2087 2059
f 2087 2066 2087
f 2059 2087 2059
f 2087 2087 2059
f 2066 2066 2087
f 2066 2066 2087
f 2087 2087 2059
f 2066 2087 2087
f 2054 2083 2109
f 2083 2065 2111
f 2109 2111 2072
f 2083 2111 2109
f 2065 2084 2116
f 2084 2059 2114
f 2116 2114 2074
f 2084 2114 2116
f 2072 2117 2110
f 2117 2074 2115
f 2110 2115 2061
f 2117 2115 2110
f 2065 2116 2111
f 2116 2074 2117
f 2111 2117 2072
f 2116 2117 2111
f 2059 2087 2124
f 2087 2066 2126
f 2124 2126 2077
f 2087 2126 2124
f 2066 2086 2120
f 2086 2056 2118
f 2120 2118 2075
f 2086 2118 2120
f 2077 2128 2125
f 2128 2075 2119
f 2125 2119 2062
f 2128 2119 2125
f 2066 2120 2126
f 2120 2075 2128
f 2126 2128 2077
f 2120 2128 2126
f 2061 2129 2113
f 2129 2078 2131
f 2113 2131 2073
f 2129 2131 2113
f 2078 2130 2133
f 2130 2062 2122
f 2133 2122 2076
f 2130 2122 2133
f 2073 2123 2112
f 2123 2076 2121
f 2112 2121 2057
f 2123 2121 2112
f 2078 2133 2131
f 2133 2076 2123
f 2131 2123 2073
f 2133 2123 2131
f 2059 2124 2114
f 2124 2077 2127
f 2114 2127 2074
f 2124 2127 2114
f 2077 2125 2134
f 2125 2062 2130
f 2134 2130 2078
f 2125 2130 2134
f 2074 2132 2115
f 2132 2078 2129
f 2115 2129 2061
f 2132 2129 2115
f 2077 2134 2127
f 2134 2078 2132
f 2127 2132 2074
f 2134 2132 2127
f 2054 2109 2109
f 2109 2072 2072
f 2109 2072 2072
f 2109 2072 2109
f 2072 2110 2110
f 2110 2061 2061
f 2110 2061 2061
f 2110 2061 2110
f 2072 2110 2110
f 2110 2061 2061
f 2110 2061 2061
f 2110 2061 2110
f 2072 2110 2072
f 2110 2061 2110
f 2072 2110 2072
f 2110 2110 2072
f 2061 2113 2113
f 2113 2073 2073
f 2113 2073 2073
f 2113 2073 2113
f 2073 2112 2112
f 2112 2057 2057
f 2112 2057 2057
f 2112 2057 2112
f 2073 2112 2112
f 2112 2057 2057
f 2112 2057 2057
f 2112 2057 2112
f 2073 2112 2073
f 2112 2057 2112
f 2073 2112 2073
f 2112 2112 2073
f 2061 2113 2113
f 2113 2073 2073
f 2113 2073 2073
f 2113 2073 2113
f 2073 2112 2112
f 2112 2057 2057
f 2112 2057 2057
f 2112 2057 2112
f 2073 2112 2112
f 2112 2057 2057
f 2112 2057 2057
f 2112 2057 2112
f 2073 2112 2073
f 2112 2057 2112
f 2073 2112 2073
f 2112 2112 2073
f 2061 2113 2061
f 2113 2073 2113
f 2061 2113 2061
f 2113 2113 2061
f 2073 2112 2073
f 2112 2057 2112
f 2073 2112 2073
f 2112 2112 2073
f 2061 2113 2061
f 2113 2073 2113
f 2061 2113 2061
f 2113 2113 2061
f 2073 2073 2113
f 2073 2073 2113
f 2113 2113 2061
f 2073 2113 2113
f 2135 2155 2159
f 2155 2141 2161
f 2159 2161 2143
f 2155 2161 2159
f 2141 2156 2166
f 2156 2137 2164
f 2166 2164 2145
f 2156 2164 2166
f 2143 2167 2160
f 2167 2145 2165
f 2160 2165 2138
f 2167 2165 2160
f 2141 2166 2161
f 2166 2145 2167
f 2161 2167 2143
f 2166 2167 2161
f 2137 2158 2170
f 2158 2142 2172
f 2170 2172 2146
f 2158 2172 2170
f 2142 2157 2168
f 2157 2055 2081
f 2168 2081 2064
f 2157 2081 2168
f 2146 2174 2171
f 2174 2064 2082
f 2171 2082 2058
f 2174 2082 2171
f 2142 2168 2172
f 2168 2064 2174
f 2172 2174 2146
f 2168 2174 2172
f 2138 2175 2163
f 2175 2147 2177
f 2163 2177 2144
f 2175 2177 2163
f 2147 2176 2179
f 2176 2058 2080
f 2179 2080 2063
f 2176 2080 2179
f 2144 2169 2162
f 2169 2063 2079
f 2162 2079 2054
f 2169 2079 2162
f 2147 2179 2177
f 2179 2063 2169
f 2177 2169 2144
f 2179 2169 2177
f 2137 2170 2164
f 2170 2146 2173
f 2164 2173 2145
f 2170 2173 2164
f 2146 2171 2180
f 2171 2058 2176
f 2180 2176 2147
f 2171 2176 2180
f 2145 2178 2165
f 2178 2147 2175
f 2165 2175 2138
f 2178 2175 2165
f 2146 2180 2173
f 2180 2147 2178
f 2173 2178 2145
f 2180 2178 2173
f 2135 2159 2159
f 2159 2143 2143
f 2159 2143 2143
f 2159 2143 2159
f 2143 2160 2160
f 2160 2138 2138
f 2160 2138 2138
f 2160 2138 2160
f 2143 2160 2160
f 2160 2138 2138
f 2160 2138 2138
f 2160 2138 2160
f 2143 2160 2143
f 2160 2138 2160
f 2143 2160 2143
f 2160 2160 2143
f 2138 2163 2163
f 2163 2144 2144
f 2163 2144 2144
f 2163 2144 2163
f 2144 2162 2162
f 2162 2054 2054
f 2162 2054 2054
f 2162 2054 2162
f 2144 2162 2162
f 2162 2054 2054
f 2162 2054 2054
f 2162 2054 2162
f 2144 2162 2144
f 2162 2054 2162
f 2144 2162 2144
f 2162 2162 2144
f 2138 2163 2163
f 2163 2144 2144
f 2163 2144 2144
f 2163 2144 2163
f 2144 2162 2162
f 2162 2054 2054
f 2162 2054 2054
f 2162 2054 2162
f 2144 2162 2162
f 2162 2054 2054
f 2162 2054 2054
f 2162 2054 2162
f 2144 2162 2144
f 2162 2054 2162
f 2144 2162 2144
f 2162 2162 2144
f 2138 2163 2138
f 2163 2144 2163
f 2138 2163 2138
f 2163 2163 2138
f 2144 2162 2144
f 2162 2054 2162
f 2144 2162 2144
f 2162 2162 2144
f 2138 2163 2138
f 2163 2144 2163
f 2138 2163 2138
f 2163 2163 2138
f 2144 2144 2163
f 2144 2144 2163
f 2163 2163 2138
f 2144 2163 2163
f 2135 2159 2181
f 2159 2143 2183
f 2181 2183 2148
f 2159 2183 2181
f 2143 2160 2188
f 2160 2138 2186
f 2188 2186 2150
f 2160 2186 2188
f 2148 2189 2182
f 2189 2150 2187
f 2182 2187 2139
f 2189 2187 2182
f 2143 2188 2183
f 2188 2150 2189
f 2183 2189 2148
f 2188 2189 2183
f 2138 2163 2196
f 2163 2144 2198
f 2196 2198 2153
f 2163 2198 2196
f 2144 2162 2192
f 2162 2054 2190
f 2192 2190 2151
f 2162 2190 2192
f 2153 2200 2197
f 2200 2151 2191
f 2197 2191 2140
f 2200 2191 2197
f 2144 2192 2198
f 2192 2151 2200
f 2198 2200 2153
f 2192 2200 2198
f 2139 2201 2185
f 2201 2154 2203
f 2185 2203 2149
f 2201 2203 2185
f 2154 2202 2205
f 2202 2140 2194
f 2205 2194 2152
f 2202 2194 2205
f 2149 2195 2184
f 2195 2152 2193
f 2184 2193 2136
f 2195 2193 2184
f 2154 2205 2203
f 2205 2152 2195
f 2203 2195 2149
f 2205 2195 2203
f 2138 2196 2186
f 2196 2153 2199
f 2186 2199 2150
f 2196 2199 2186
f 2153 2197 2206
f 2197 2140 2202
f 2206 2202 2154
f 2197 2202 2206
f 2150 2204 2187
f 2204 2154 2201
f 2187 2201 2139
f 2204 2201 2187
f 2153 2206 2199
f 2206 2154 2204
f 2199 2204 2150
f 2206 2204 2199
f 2135 2181 2181
f 2181 2148 2148
f 2181 2148 2148
f 2181 2148 2181
f 2148 2182 2182
f 2182 2139 2139
f 2182 2139 2139
f 2182 2139 2182
f 2148 2182 2182
f 2182 2139 2139
f 2182 2139 2139
f 2182 2139 2182
f 2148 2182 2148
f 2182 2139 2182
f 2148 2182 2148
f 2182 2182 2148
f 2139 2185 2185
f 2185 2149 2149
f 2185 2149 2149
f 2185 2149 2185
f 2149 2184 2184
f 2184 2136 2136
f 2184 2136 2136
f 2184 2136 2184
f 2149 2184 2184
f 2184 2136 2136
f 2184 2136 2136
f 2184 2136 2184
f 2149 2184 2149
f 2184 2136 2184
f 2149 2184 2149
f 2184 2184 2149
f 2139 2185 2185
f 2185 2149 2149
f 2185 2149 2149
f 2185 2149 2185
f 2149 2184 2184
f 2184 2136 2136
f 2184 2136 2136
f 2184 2136 2184
f 2149 2184 2184
f 2184 2136 2136
f 2184 2136 2136
f 2184 2136 2184
f 2149 2184 2149
f 2184 2136 2184
f 2149 2184 2149
f 2184 2184 2149
f 2139 2185 2139
f 2185 2149 2185
f 2139 2185 2139
f 2185 2185 2139
f 2149 2184 2149
f 2184 2136 2184
f 2149 2184 2149
f 2184 2184 2149
f 2139 2185 2139
f 2185 2149 2185
f 2139 2185 2139
f 2185 2185 2139
f 2149 2149 2185
f 2149 2149 2185
f 2185 2185 2139
f 2149 2185 2185
f 2207 2232 2236
f 2232 2216 2238
f 2236 2238 2218
f 2232 2238 2236
f 2216 2233 2243
f 2233 2211 2241
f 2243 2241 2220
f 2233 2241 2243
f 2218 2244 2237
f 2244 2220 2242
f 2237 2242 2212
f 2244 2242 2237
f 2216 2243 2238
f 2243 2220 2244
f 2238 2244 2218
f 2243 2244 2238
f 2211 2235 2251
f 2235 2217 2253
f 2251 2253 2223
f 2235 2253 2251
f 2217 2234 2247
f 2234 2208 2245
f 2247 2245 2221
f 2234 2245 2247
f 2223 2255 2252
f 2255 2221 2246
f 2252 2246 2213
f 2255 2246 2252
f 2217 2247 2253
f 2247 2221 2255
f 2253 2255 2223
f 2247 2255 2253
f 2212 2256 2240
f 2256 2224 2258
f 2240 2258 2219
f 2256 2258 2240
f 2224 2257 2260
f 2257 2213 2249
f 2260 2249 2222
f 2257 2249 2260
f 2219 2250 2239
f 2250 2222 2248
f 2239 2248 2209
f 2250 2248 2239
f 2224 2260 2258
f 2260 2222 2250
f 2258 2250 2219
f 2260 2250 2258
f 2211 2251 2241
f 2251 2223 2254
f 2241 2254 2220
f 2251 2254 2241
f 2223 2252 2261
f 2252 2213 2257
f 2261 2257 2224
f 2252 2257 2261
f 2220 2259 2242
f 2259 2224 2256
f 2242 2256 2212
f 2259 2256 2242
f 2223 2261 2254
f 2261 2224 2259
f 2254 2259 2220
f 2261 2259 2254
f 2207 2236 2236
f 2236 2218 2218
f 2236 2218 2218
f 2236 2218 2236
f 2218 2237 2237
f 2237 2212 2212
f 2237 2212 2212
f 2237 2212 2237
f 2218 2237 2237
f 2237 2212 2212
f 2237 2212 2212
f 2237 2212 2237
f 2218 2237 2218
f 2237 2212 2237
f 2218 2237 2218
f 2237 2237 2218
f 2212 2240 2240
f 2240 2219 2219
f 2240 2219 2219
f 2240 2219 2240
f 2219 2239 2239
f 2239 2209 2209
f 2239 2209 2209
f 2239 2209 2239
f 2219 2239 2239
f 2239 2209 2209
f 2239 2209 2209
f 2239 2209 2239
f 2219 2239 2219
f 2239 2209 2239
f 2219 2239 2219
f 2239 2239 2219
f 2212 2240 2240
f 2240 2219 2219
f 2240 2219 2219
f 2240 2219 2240
f 2219 2239 2239
f 2239 2209 2209
f 2239 2209 2209
f 2239 2209 2239
f 2219 2239 2239
f 2239 2209 2209
f 2239 2209 2209
f 2239 2209 2239
f 2219 2239 2219
f 2239 2209 2239
f 2219 2239 2219
f 2239 2239 2219
f 2212 2240 2212
f 2240 2219 2240
f 2212 2240 2212
f 2240 2240 2212
f 2219 2239 2219
f 2239 2209 2239
f 2219 2239 2219
f 2239 2239 2219
f 2212 2240 2212
f 2240 2219 2240
f 2212 2240 2212
f 2240 2240 2212
f 2219 2219 2240
f 2219 2219 2240
f 2240 2240 2212
f 2219 2240 2240
f 2207 2236 2262
f 2236 2218 2264
f 2262 2264 2225
f 2236 2264 2262
f 2218 2237 2269
f 2237 2212 2267
f 2269 2267 2227
f 2237 2267 2269
f 2225 2270 2263
f 2270 2227 2268
f 2263 2268 2214
f 2270 2268 2263
f 2218 2269 2264
f 2269 2227 2270
f 2264 2270 2225
f 2269 2270 2264
f 2212 2240 2277
f 2240 2219 2279
f 2277 2279 2230
f 2240 2279 2277
f 2219 2239 2273
f 2239 2209 2271
f 2273 2271 2228
f 2239 2271 2273
f 2230 2281 2278
f 2281 2228 2272
f 2278 2272 2215
f 2281 2272 2278
f 2219 2273 2279
f 2273 2228 2281
f 2279 2281 2230
f 2273 2281 2279
f 2214 2282 2266
f 2282 2231 2284
f 2266 2284 2226
f 2282 2284 2266
f 2231 2283 2286
f 2283 2215 2275
f 2286 2275 2229
f 2283 2275 2286
f 2226 2276 2265
f 2276 2229 2274
f 2265 2274 2210
f 2276 2274 2265
f 2231 2286 2284
f 2286 2229 2276
f 2284 2276 2226
f 2286 2276 2284
f 2212 2277 2267
f 2277 2230 2280
f 2267 2280 2227
f 2277 2280 2267
f 2230 2278 2287
f 2278 2215 2283
f 2287 2283 2231
f 2278 2283 2287
f 2227 2285 2268
f 2285 2231 2282
f 2268 2282 2214
f 2285 2282 2268
f 2230 2287 2280
f 2287 2231 2285
f 2280 2285 2227
f 2287 2285 2280
f 2207 2262 2262
f 2262 2225 2225
f 2262 2225 2225
f 2262 2225 2262
f 2225 2263 2263
f 2263 2214 2214
f 2263 2214 2214
f 2263 2214 2263
f 2225 2263 2263
f 2263 2214 2214
f 2263 2214 2214
f 2263 2214 2263
f 2225 2263 2225
f 2263 2214 2263
f 2225 2263 2225
f 2263 2263 2225
f 2214 2266 2266
f 2266 2226 2226
f 2266 2226 2226
f 2266 2226 2266
f 2226 2265 2265
f 2265 2210 2210
f 2265 2210 2210
f 2265 2210 2265
f 2226 2265 2265
f 2265 2210 2210
f 2265 2210 2210
f 2265 2210 2265
f 2226 2265 2226
f 2265 2210 2265
f 2226 2265 2226
f 2265 2265 2226
f 2214 2266 2266
f 2266 2226 2226
f 2266 2226 2226
f 2266 2226 2266
f 2226 2265 2265
f 2265 2210 2210
f 2265 2210 2210
f 2265 2210 2265
f 2226 2265 2265
f 2265 2210 2210
f 2265 2210 2210
f 2265 2210 2265
f 2226 2265 2226
f 2265 2210 2265
f 2226 2265 2226
f 2265 2265 2226
f 2214 2266 2214
f 2266 2226 2266
f 2214 2266 2214
f 2266 2266 2214
f 2226 2265 2226
f 2265 2210 2265
f 2226 2265 2226
f 2265 2265 2226
f 2214 2266 2214
f 2266 2226 2266
f 2214 2266 2214
f 2266 2266 2214
f 2226 2226 2266
f 2226 2226 2266
f 2266 2266 2214
f 2226 2266 2266
f 2288 2308 2312
f 2308 2294 2314
f 2312 2314 2296
f 2308 2314 2312
f 2294 2309 2319
f 2309 2290 2317
f 2319 2317 2298
f 2309 2317 2319
f 2296 2320 2313
f 2320 2298 2318
f 2313 2318 2291
f 2320 2318 2313
f 2294 2319 2314
f 2319 2298 2320
f 2314 2320 2296
f 2319 2320 2314
f 2290 2311 2323
f 2311 2295 2325
f 2323 2325 2299
f 2311 2325 2323
f 2295 2310 2321
f 2310 2208 2234
f 2321 2234 2217
f 2310 2234 2321
f 2299 2327 2324
f 2327 2217 2235
f 2324 2235 2211
f 2327 2235 2324
f 2295 2321 2325
f 2321 2217 2327
f 2325 2327 2299
f 2321 2327 2325
f 2291 2328 2316
f 2328 2300 2330
f 2316 2330 2297
f 2328 2330 2316
f 2300 2329 2332
f 2329 2211 2233
f 2332 2233 2216
f 2329 2233 2332
f 2297 2322 2315
f 2322 2216 2232
f 2315 2232 2207
f 2322 2232 2315
f 2300 2332 2330
f 2332 2216 2322
f 2330 2322 2297
f 2332 2322 2330
f 2290 2323 2317
f 2323 2299 2326
f 2317 2326 2298
f 2323 2326 2317
f 2299 2324 2333
f 2324 2211 2329
f 2333 2329 2300
f 2324 2329 2333
f 2298 2331 2318
f 2331 2300 2328
f 2318 2328 2291
f 2331 2328 2318
f 2299 2333 2326
f 2333 2300 2331
f 2326 2331 2298
f 2333 2331 2326
f 2288 2312 2312
f 2312 2296 2296
f 2312 2296 2296
f 2312 2296 2312
f 2296 2313 2313
f 2313 2291 2291
f 2313 2291 2291
f 2313 2291 2313
f 2296 2313 2313
f 2313 2291 2291
f 2313 2291 2291
f 2313 2291 2313
f 2296 2313 2296
f 2313 2291 2313
f 2296 2313 2296
f 2313 2313 2296
f 2291 2316 2316
f 2316 2297 2297
f 2316 2297 2297
f 2316 2297 2316
f 2297 2315 2315
f 2315 2207 2207
f 2315 2207 2207
f 2315 2207 2315
f 2297 2315 2315
f 2315 2207 2207
f 2315 2207 2207
f 2315 2207 2315
f 2297 2315 2297
f 2315 2207 2315
f 2297 2315 2297
f 2315 2315 2297
f 2291 2316 2316
f 2316 2297 2297
f 2316 2297 2297
f 2316 2297 2316
f 2297 2315 2315
f 2315 2207 2207
f 2315 2207 2207
f 2315 2207 2315
f 2297 2315 2315
f 2315 2207 2207
f 2315 2207 2207
f 2315 2207 2315
f 2297 2315 2297
f 2315 2207 2315
f 2297 2315 2297
f 2315 2315 2297
f 2291 2316 2291
f 2316 2297 2316
f 2291 2316 2291
f 2316 2316 2291
f 2297 2315 2297
f 2315 2207 2315
f 2297 2315 2297
f 2315 2315 2297
f 2291 2316 2291
f 2316 2297 2316
f 2291 2316 2291
f 2316 2316 2291
f 2297 2297 2316
f 2297 2297 2316
f 2316 2316 2291
f 2297 2316 2316
f 2288 2312 2334
f 2312 2296 2336
f 2334 2336 2301
f 2312 2336 2334
f 2296 2313 2341
f 2313 2291 2339
f 2341 2339 2303
f 2313 2339 2341
f 2301 2342 2335
f 2342 2303 2340
f 2335 2340 2292
f 2342 2340 2335
f 2296 2341 2336
f 2341 2303 2342
f 2336 2342 2301
f 2341 2342 2336
f 2291 2316 2349
f 2316 2297 2351
f 2349 2351 2306
f 2316 2351 2349
f 2297 2315 2345
f 2315 2207 2343
f 2345 2343 2304
f 2315 2343 2345
f 2306 2353 2350
f 2353 2304 2344
f 2350 2344 2293
f 2353 2344 2350
f 2297 2345 2351
f 2345 2304 2353
f 2351 2353 2306
f 2345 2353 2351
f 2292 2354 2338
f 2354 2307 2356
f 2338 2356 2302
f 2354 2356 2338
f 2307 2355 2358
f 2355 2293 2347
f 2358 2347 2305
f 2355 2347 2358
f 2302 2348 2337
f 2348 2305 2346
f 2337 2346 2289
f 2348 2346 2337
f 2307 2358 2356
f 2358 2305 2348
f 2356 2348 2302
f 2358 2348 2356
f 2291 2349 2339
f 2349 2306 2352
f 2339 2352 2303
f 2349 2352 2339
f 2306 2350 2359
f 2350 2293 2355
f 2359 2355 2307
f 2350 2355 2359
f 2303 2357 2340
f 2357 2307 2354
f 2340 2354 2292
f 2357 2354 2340
f 2306 2359 2352
f 2359 2307 2357
f 2352 2357 2303
f 2359 2357 2352
f 2288 2334 2334
f 2334 2301 2301
f 2334 2301 2301
f 2334 2301 2334
f 2301 2335 2335
f 2335 2292 2292
f 2335 2292 2292
f 2335 2292 2335
f 2301 2335 2335
f 2335 2292 2292
f 2335 2292 2292
f 2335 2292 2335
f 2301 2335 2301
f 2335 2292 2335
f 2301 2335 2301
f 2335 2335 2301
f 2292 2338 2338
f 2338 2302 2302
f 2338 2302 2302
f 2338 2302 2338
f 2302 2337 2337
f 2337 2289 2289
f 2337 2289 2289
f 2337 2289 2337
f 2302 2337 2337
f 2337 2289 2289
f 2337 2289 2289
f 2337 2289 2337
f 2302 2337 2302
f 2337 2289 2337
f 2302 2337 2302
f 2337 2337 2302
f 2292 2338 2338
f 2338 2302 2302
f 2338 2302 2302
f 2338 2302 2338
f 2302 2337 2337
f 2337 2289 2289
f 2337 2289 2289
f 2337 2289 2337
f 2302 2337 2337
f 2337 2289 2289
f 2337 2289 2289
f 2337 2289 2337
f 2302 2337 2302
f 2337 2289 2337
f 2302 2337 2302
f 2337 2337 2302
f 2292 2338 2292
f 2338 2302 2338
f 2292 2338 2292
f 2338 2338 2292
f 2302 2337 2302
f 2337 2289 2337
f 2302 2337 2302
f 2337 2337 2302
f 2292 2338 2292
f 2338 2302 2338
f 2292 2338 2292
f 2338 2338 2292
f 2302 2302 2338
f 2302 2302 2338
f 2338 2338 2292
f 2302 2338 2338
f 2360 2385 2389
f 2385 2369 2391
f 2389 2391 2371
f 2385 2391 2389
f 2369 2386 2396
f 2386 2364 2394
f 2396 2394 2373
f 2386 2394 2396
f 2371 2397 2390
f 2397 2373 2395
f 2390 2395 2365
f 2397 2395 2390
f 2369 2396 2391
f 2396 2373 2397
f 2391 2397 2371
f 2396 2397 2391
f 2364 2388 2404
f 2388 2370 2406
f 2404 2406 2376
f 2388 2406 2404
f 2370 2387 2400
f 2387 2361 2398
f 2400 2398 2374
f 2387 2398 2400
f 2376 2408 2405
f 2408 2374 2399
f 2405 2399 2366
f 2408 2399 2405
f 2370 2400 2406
f 2400 2374 2408
f 2406 2408 2376
f 2400 2408 2406
f 2365 2409 2393
f 2409 2377 2411
f 2393 2411 2372
f 2409 2411 2393
f 2377 2410 2413
f 2410 2366 2402
f 2413 2402 2375
f 2410 2402 2413
f 2372 2403 2392
f 2403 2375 2401
f 2392 2401 2362
f 2403 2401 2392
f 2377 2413 2411
f 2413 2375 2403
f 2411 2403 2372
f 2413 2403 2411
f 2364 2404 2394
f 2404 2376 2407
f 2394 2407 2373
f 2404 2407 2394
f 2376 2405 2414
f 2405 2366 2410
f 2414 2410 2377
f 2405 2410 2414
f 2373 2412 2395
f 2412 2377 2409
f 2395 2409 2365
f 2412 2409 2395
f 2376 2414 2407
f 2414 2377 2412
f 2407 2412 2373
f 2414 2412 2407
f 2360 2389 2389
f 2389 2371 2371
f 2389 2371 2371
f 2389 2371 2389
f 2371 2390 2390
f 2390 2365 2365
f 2390 2365 2365
f 2390 2365 2390
f 2371 2390 2390
f 2390 2365 2365
f 2390 2365 2365
f 2390 2365 2390
f 2371 2390 2371
f 2390 2365 2390
f 2371 2390 2371
f 2390 2390 2371
f 2365 2393 2393
f 2393 2372 2372
f 2393 2372 2372
f 2393 2372 2393
f 2372 2392 2392
f 2392 2362 2362
f 2392 2362 2362
f 2392 2362 2392
f 2372 2392 2392
f 2392 2362 2362
f 2392 2362 2362
f 2392 2362 2392
f 2372 2392 2372
f 2392 2362 2392
f 2372 2392 2372
f 2392 2392 2372
f 2365 2393 2393
f 2393 2372 2372
f 2393 2372 2372
f 2393 2372 2393
f 2372 2392 2392
f 2392 2362 2362
f 2392 2362 2362
f 2392 2362 2392
f 2372 2392 2392
f 2392 2362 2362
f 2392 2362 2362
f 2392 2362 2392
f 2372 2392 2372
f 2392 2362 2392
f 2372 2392 2372
f 2392 2392 2372
f 2365 2393 2365
f 2393 2372 2393
f 2365 2393 2365
f 2393 2393 2365
f 2372 2392 2372
f 2392 2362 2392
f 2372 2392 2372
f 2392 2392 2372
f 2365 2393 2365
f 2393 2372 2393
f 2365 2393 2365
f 2393 2393 2365
f 2372 2372 2393
f 2372 2372 2393
f 2393 2393 2365
f 2372 2393 2393
f 2360 2389 2415
f 2389 2371 2417
f 2415 2417 2378
f 2389 2417 2415
f 2371 2390 2422
f 2390 2365 2420
f 2422 2420 2380
f 2390 2420 2422
f 2378 2423 2416
f 2423 2380 2421
f 2416 2421 2367
f 2423 2421 2416
f 2371 2422 2417
f 2422 2380 2423
f 2417 2423 2378
f 2422 2423 2417
f 2365 2393 2430
f 2393 2372 2432
f 2430 2432 2383
f 2393 2432 2430
f 2372 2392 2426
f 2392 2362 2424
f 2426 2424 2381
f 2392 2424 2426
f 2383 2434 2431
f 2434 2381 2425
f 2431 2425 2368
f 2434 2425 2431
f 2372 2426 2432
f 2426 2381 2434
f 2432 2434 2383
f 2426 2434 2432
f 2367 2435 2419
f 2435 2384 2437
f 2419 2437 2379
f 2435 2437 2419
f 2384 2436 2439
f 2436 2368 2428
f 2439 2428 2382
f 2436 2428 2439
f 2379 2429 2418
f 2429 2382 2427
f 2418 2427 2363
f 2429 2427 2418
f 2384 2439 2437
f 2439 2382 2429
f 2437 2429 2379
f 2439 2429 2437
f 2365 2430 2420
f 2430 2383 2433
f 2420 2433 2380
f 2430 2433 2420
f 2383 2431 2440
f 2431 2368 2436
f 2440 2436 2384
f 2431 2436 2440
f 2380 2438 2421
f 2438 2384 2435
f 2421 2435 2367
f 2438 2435 2421
f 2383 2440 2433
f 2440 2384 2438
f 2433 2438 2380
f 2440 2438 2433
f 2360 2415 2415
f 2415 2378 2378
f 2415 2378 2378
f 2415 2378 2415
f 2378 2416 2416
f 2416 2367 2367
f 2416 2367 2367
f 2416 2367 2416
f 2378 2416 2416
f 2416 2367 2367
f 2416 2367 2367
f 2416 2367 2416
f 2378 2416 2378
f 2416 2367 2416
f 2378 2416 2378
f 2416 2416 2378
f 2367 2419 2419
f 2419 2379 2379
f 2419 2379 2379
f 2419 2379 2419
f 2379 2418 2418
f 2418 2363 2363
f 2418 2363 2363
f 2418 2363 2418
f 2379 2418 2418
f 2418 2363 2363
f 2418 2363 2363
f 2418 2363 2418
f 2379 2418 2379
f 2418 2363 2418
f 2379 2418 2379
f 2418 2418 2379
f 2367 2419 2419
f 2419 2379 2379
f 2419 2379 2379
f 2419 2379 2419
f 2379 2418 2418
f 2418 2363 2363
f 2418 2363 2363
f 2418 2363 2418
f 2379 2418 2418
f 2418 2363 2363
f 2418 2363 2363
f 2418 2363 2418
f 2379 2418 2379
f 2418 2363 2418
f 2379 2418 2379
f 2418 2418 2379
f 2367 2419 2367
f 2419 2379 2419
f 2367 2419 2367
f 2419 2419 2367
f 2379 2418 2379
f 2418 2363 2418
f 2379 2418 2379
f 2418 2418 2379
f 2367 2419 2367
f 2419 2379 2419
f 2367 2419 2367
f 2419 2419 2367
f 2379 2379 2419
f 2379 2379 2419
f 2419 2419 2367
f 2379 2419 2419
f 2441 2461 2465
f 2461 2447 2467
f 2465 2467 2449
f 2461 2467 2465
f 2447 2462 2472
f 2462 2443 2470
f 2472 2470 2451
f 2462 2470 2472
f 2449 2473 2466
f 2473 2451 2471
f 2466 2471 2444
f 2473 2471 2466
f 2447 2472 2467
f 2472 2451 2473
f 2467 2473 2449
f 2472 2473 2467
f 2443 2464 2476
f 2464 2448 2478
f 2476 2478 2452
f 2464 2478 2476
f 2448 2463 2474
f 2463 2363 2427
f 2474 2427 2382
f 2463 2427 2474
f 2452 2480 2477
f 2480 2382 2428
f 2477 2428 2368
f 2480 2428 2477
f 2448 2474 2478
f 2474 2382 2480
f 2478 2480 2452
f 2474 2480 2478
f 2444 2481 2469
f 2481 2453 2483
f 2469 2483 2450
f 2481 2483 2469
f 2453 2482 2485
f 2482 2368 2425
f 2485 2425 2381
f 2482 2425 2485
f 2450 2475 2468
f 2475 2381 2424
f 2468 2424 2362
f 2475 2424 2468
f 2453 2485 2483
f 2485 2381 2475
f 2483 2475 2450
f 2485 2475 2483
f 2443 2476 2470
f 2476 2452 2479
f 2470 2479 2451
f 2476 2479 2470
f 2452 2477 2486
f 2477 2368 2482
f 2486 2482 2453
f 2477 2482 2486
f 2451 2484 2471
f 2484 2453 2481
f 2471 2481 2444
f 2484 2481 2471
f 2452 2486 2479
f 2486 2453 2484
f 2479 2484 2451
f 2486 2484 2479
f 2441 2465 2465
f 2465 2449 2449
f 2465 2449 2449
f 2465 2449 2465
f 2449 2466 2466
f 2466 2444 2444
f 2466 2444 2444
f 2466 2444 2466
f 2449 2466 2466
f 2466 2444 2444
f 2466 2444 2444
f 2466 2444 2466
f 2449 2466 2449
f 2466 2444 2466
f 2449 2466 2449
f 2466 2466 2449
f 2444 2469 2469
f 2469 2450 2450
f 2469 2450 2450
f 2469 2450 2469
f 2450 2468 2468
f 2468 2362 2362
f 2468 2362 2362
f 2468 2362 2468
f 2450 2468 2468
f 2468 2362 2362
f 2468 2362 2362
f 2468 2362 2468
f 2450 2468 2450
f 2468 2362 2468
f 2450 2468 2450
f 2468 2468 2450
f 2444 2469 2469
f 2469 2450 2450
f 2469 2450 2450
f 2469 2450 2469
f 2450 2468 2468
f 2468 2362 2362
f 2468 2362 2362
f 2468 2362 2468
f 2450 2468 2468
f 2468 2362 2362
f 2468 2362 2362
f 2468 2362 2468
f 2450 2468 2450
f 2468 2362 2468
f 2450 2468 2450
f 2468 2468 2450
f 2444 2469 2444
f 2469 2450 2469
f 2444 2469 2444
f 2469 2469 2444
f 2450 2468 2450
f 2468 2362 2468
f 2450 2468 2450
f 2468 2468 2450
f 2444 2469 2444
f 2469 2450 2469
f 2444 2469 2444
f 2469 2469 2444
f 2450 2450 2469
f 2450 2450 2469
f 2469 2469 2444
f 2450 2469 2469
f 2441 2465 2487
f 2465 2449 2489
f 2487 2489 2454
f 2465 2489 2487
f 2449 2466 2494
f 2466 2444 2492
f 2494 2492 2456
f 2466 2492 2494
f 2454 2495 2488
f 2495 2456 2493
f 2488 2493 2445
f 2495 2493 2488
f 2449 2494 2489
f 2494 2456 2495
f 2489 2495 2454
f 2494 2495 2489
f 2444 2469 2502
f 2469 2450 2504
f 2502 2504 2459
f 2469 2504 2502
f 2450 2468 2498
f 2468 2362 2496
f 2498 2496 2457
f 2468 2496 2498
f 2459 2506 2503
f 2506 2457 2497
f 2503 2497 2446
f 2506 2497 2503
f 2450 2498 2504
f 2498 2457 2506
f 2504 2506 2459
f 2498 2506 2504
f 2445 2507 2491
f 2507 2460 2509
f 2491 2509 2455
f 2507 2509 2491
f 2460 2508 2511
f 2508 2446 2500
f 2511 2500 2458
f 2508 2500 2511
f 2455 2501 2490
f 2501 2458 2499
f 2490 2499 2442
f 2501 2499 2490
f 2460 2511 2509
f 2511 2458 2501
f 2509 2501 2455
f 2511 2501 2509
f 2444 2502 2492
f 2502 2459 2505
f 2492 2505 2456
f 2502 2505 2492
f 2459 2503 2512
f 2503 2446 2508
f 2512 2508 2460
f 2503 2508 2512
f 2456 2510 2493
f 2510 2460 2507
f 2493 2507 2445
f 2510 2507 2493
f 2459 2512 2505
f 2512 2460 2510
f 2505 2510 2456
f 2512 2510 2505
f 2441 2487 2487
f 2487 2454 2454
f 2487 2454 2454
f 2487 2454 2487
f 2454 2488 2488
f 2488 2445 2445
f 2488 2445 2445
f 2488 2445 2488
f 2454 2488 2488
f 2488 2445 2445
f 2488 2445 2445
f 2488 2445 2488
f 2454 2488 2454
f 2488 2445 2488
f 2454 2488 2454
f 2488 2488 2454
f 2445 2491 2491
f 2491 2455 2455
f 2491 2455 2455
f 2491 2455 2491
f 2455 2490 2490
f 2490 2442 2442
f 2490 2442 2442
f 2490 2442 2490
f 2455 2490 2490
f 2490 2442 2442
f 2490 2442 2442
f 2490 2442 2490
f 2455 2490 2455
f 2490 2442 2490
f 2455 2490 2455
f 2490 2490 2455
f 2445 2491 2491
f 2491 2455 2455
f 2491 2455 2455
f 2491 2455 2491
f 2455 2490 2490
f 2490 2442 2442
f 2490 2442 2442
f 2490 2442 2490
f 2455 2490 2490
f 2490 2442 2442
f 2490 2442 2442
f 2490 2442 2490
f 2455 2490 2455
f 2490 2442 2490
f 2455 2490 2455
f 2490 2490 2455
f 2445 2491 2445
f 2491 2455 2491
f 2445 2491 2445
f 2491 2491 2445
f 2455 2490 2455
f 2490 2442 2490
f 2455 2490 2455
f 2490 2490 2455
f 2445 2491 2445
f 2491 2455 2491
f 2445 2491 2445
f 2491 2491 2445
f 2455 2455 2491
f 2455 2455 2491
f 2491 2491 2445
f 2455 2491 2491
f 2513 2538 2542
f 2538 2522 2544
f 2542 2544 2524
f 2538 2544 2542
f 2522 2539 2549
f 2539 2517 2547
f 2549 2547 2526
f 2539 2547 2549
f 2524 2550 2543
f 2550 2526 2548
f 2543 2548 2518
f 2550 2548 2543
f 2522 2549 2544
f 2549 2526 2550
f 2544 2550 2524
f 2549 2550 2544
f 2517 2541 2557
f 2541 2523 2559
f 2557 2559 2529
f 2541 2559 2557
f 2523 2540 2553
f 2540 2514 2551
f 2553 2551 2527
f 2540 2551 2553
f 2529 2561 2558
f 2561 2527 2552
f 2558 2552 2519
f 2561 2552 2558
f 2523 2553 2559
f 2553 2527 2561
f 2559 2561 2529
f 2553 2561 2559
f 2518 2562 2546
f 2562 2530 2564
f 2546 2564 2525
f 2562 2564 2546
f 2530 2563 2566
f 2563 2519 2555
f 2566 2555 2528
f 2563 2555 2566
f 2525 2556 2545
f 2556 2528 2554
f 2545 2554 2515
f 2556 2554 2545
f 2530 2566 2564
f 2566 2528 2556
f 2564 2556 2525
f 2566 2556 2564
f 2517 2557 2547
f 2557 2529 2560
f 2547 2560 2526
f 2557 2560 2547
f 2529 2558 2567
f 2558 2519 2563
f 2567 2563 2530
f 2558 2563 2567
f 2526 2565 2548
f 2565 2530 2562
f 2548 2562 2518
f 2565 2562 2548
f 2529 2567 2560
f 2567 2530 2565
f 2560 2565 2526
f 2567 2565 2560
f 2513 2542 2542
f 2542 2524 2524
f 2542 2524 2524
f 2542 2524 2542
f 2524 2543 2543
f 2543 2518 2518
f 2543 2518 2518
f 2543 2518 2543
f 2524 2543 2543
f 2543 2518 2518
f 2543 2518 2518
f 2543 2518 2543
f 2524 2543 2524
f 2543 2518 2543
f 2524 2543 2524
f 2543 2543 2524
f 2518 2546 2546
f 2546 2525 2525
f 2546 2525 2525
f 2546 2525 2546
f 2525 2545 2545
f 2545 2515 2515
f 2545 2515 2515
f 2545 2515 2545
f 2525 2545 2545
f 2545 2515 2515
f 2545 2515 2515
f 2545 2515 2545
f 2525 2545 2525
f 2545 2515 2545
f 2525 2545 2525
f 2545 2545 2525
f 2518 2546 2546
f 2546 2525 2525
f 2546 2525 2525
f 2546 2525 2546
f 2525 2545 2545
f 2545 2515 2515
f 2545 2515 2515
f 2545 2515 2545
f 2525 2545 2545
f 2545 2515 2515
f 2545 2515 2515
f 2545 2515 2545
f 2525 2545 2525
f 2545 2515 2545
f 2525 2545 2525
f 2545 2545 2525
f 2518 2546 2518
f 2546 2525 2546
f 2518 2546 2518
f 2546 2546 2518
f 2525 2545 2525
f 2545 2515 2545
f 2525 2545 2525
f 2545 2545 2525
f 2518 2546 2518
f 2546 2525 2546
f 2518 2546 2518
f 2546 2546 2518
f 2525 2525 2546
f 2525 2525 2546
f 2546 2546 2518
f 2525 2546 2546
f 2513 2542 2568
f 2542 2524 2570
f 2568 2570 2531
f 2542 2570 2568
f 2524 2543 2575
f 2543 2518 2573
f 2575 2573 2533
f 2543 2573 2575
f 2531 2576 2569
f 2576 2533 2574
f 2569 2574 2520
f 2576 2574 2569
f 2524 2575 2570
f 2575 2533 2576
f 2570 2576 2531
f 2575 2576 2570
f 2518 2546 2583
f 2546 2525 2585
f 2583 2585 2536
f 2546 2585 2583
f 2525 2545 2579
f 2545 2515 2577
f 2579 2577 2534
f 2545 2577 2579
f 2536 2587 2584
f 2587 2534 2578
f 2584 2578 2521
f 2587 2578 2584
f 2525 2579 2585
f 2579 2534 2587
f 2585 2587 2536
f 2579 2587 2585
f 2520 2588 2572
f 2588 2537 2590
f 2572 2590 2532
f 2588 2590 2572
f 2537 2589 2592
f 2589 2521 2581
f 2592 2581 2535
f 2589 2581 2592
f 2532 2582 2571
f 2582 2535 2580
f 2571 2580 2516
f 2582 2580 2571
f 2537 2592 2590
f 2592 2535 2582
f 2590 2582 2532
f 2592 2582 2590
f 2518 2583 2573
f 2583 2536 2586
f 2573 2586 2533
f 2583 2586 2573
f 2536 2584 2593
f 2584 2521 2589
f 2593 2589 2537
f 2584 2589 2593
f 2533 2591 2574
f 2591 2537 2588
f 2574 2588 2520
f 2591 2588 2574
f 2536 2593 2586
f 2593 2537 2591
f 2586 2591 2533
f 2593 2591 2586
f 2513 2568 2568
f 2568 2531 2531
f 2568 2531 2531
f 2568 2531 2568
f 2531 2569 2569
f 2569 2520 2520
f 2569 2520 2520
f 2569 2520 2569
f 2531 2569 2569
f 2569 2520 2520
f 2569 2520 2520
f 2569 2520 2569
f 2531 2569 2531
f 2569 2520 2569
f 2531 2569 2531
f 2569 2569 2531
f 2520 2572 2572
f 2572 2532 2532
f 2572 2532 2532
f 2572 2532 2572
f 2532 2571 2571
f 2571 2516 2516
f 2571 2516 2516
f 2571 2516 2571
f 2532 2571 2571
f 2571 2516 2516
f 2571 2516 2516
f 2571 2516 2571
f 2532 2571 2532
f 2571 2516 2571
f 2532 2571 2532
f 2571 2571 2532
f 2520 2572 2572
f 2572 2532 2532
f 2572 2532 2532
f 2572 2532 2572
f 2532 2571 2571
f 2571 2516 2516
f 2571 2516 2516
f 2571 2516 2571
f 2532 2571 2571
f 2571 2516 2516
f 2571 2516 2516
f 2571 2516 2571
f 2532 2571 2532
f 2571 2516 2571
f 2532 2571 2532
f 2571 2571 2532
f 2520 2572 2520
f 2572 2532 2572
f 2520 2572 2520
f 2572 2572 2520
f 2532 2571 2532
f 2571 2516 2571
f 2532 2571 2532
f 2571 2571 2532
f 2520 2572 2520
f 2572 2532 2572
f 2520 2572 2520
f 2572 2572 2520
f 2532 2532 2572
f 2532 2532 2572
f 2572 2572 2520
f 2532 2572 2572
f 2594 2614 2618
f 2614 2600 2620
f 2618 2620 2602
f 2614 2620 2618
f 2600 2615 2625
f 2615 2596 2623
f 2625 2623 2604
f 2615 2623 2625
f 2602 2626 2619
f 2626 2604 2624
f 2619 2624 2597
f 2626 2624 2619
f 2600 2625 2620
f 2625 2604 2626
f 2620 2626 2602
f 2625 2626 2620
f 2596 2617 2629
f 2617 2601 2631
f 2629 2631 2605
f 2617 2631 2629
f 2601 2616 2627
f 2616 2514 2540
f 2627 2540 2523
f 2616 2540 2627
f 2605 2633 2630
f 2633 2523 2541
f 2630 2541 2517
f 2633 2541 2630
f 2601 2627 2631
f 2627 2523 2633
f 2631 2633 2605
f 2627 2633 2631
f 2597 2634 2622
f 2634 2606 2636
f 2622 2636 2603
f 2634 2636 2622
f 2606 2635 2638
f 2635 2517 2539
f 2638 2539 2522
f 2635 2539 2638
f 2603 2628 2621
f 2628 2522 2538
f 2621 2538 2513
f 2628 2538 2621
f 2606 2638 2636
f 2638 2522 2628
f 2636 2628 2603
f 2638 2628 2636
f 2596 2629 2623
f 2629 2605 2632
f 2623 2632 2604
f 2629 2632 2623
f 2605 2630 2639
f 2630 2517 2635
f 2639 2635 2606
f 2630 2635 2639
f 2604 2637 2624
f 2637 2606 2634
f 2624 2634 2597
f 2637 2634 2624
f 2605 2639 2632
f 2639 2606 2637
f 2632 2637 2604
f 2639 2637 2632
f 2594 2618 2618
f 2618 2602 2602
f 2618 2602 2602
f 2618 2602 2618
f 2602 2619 2619
f 2619 2597 2597
f 2619 2597 2597
f 2619 2597 2619
f 2602 2619 2619
f 2619 2597 2597
f 2619 2597 2597
f 2619 2597 2619
f 2602 2619 2602
f 2619 2597 2619
f 2602 2619 2602
f 2619 2619 2602
f 2597 2622 2622
f 2622 2603 2603
f 2622 2603 2603
f 2622 2603 2622
f 2603 2621 2621
f 2621 2513 2513
f 2621 2513 2513
f 2621 2513 2621
f 2603 2621 2621
f 2621 2513 2513
f 2621 2513 2513
f 2621 2513 2621
f 2603 2621 2603
f 2621 2513 2621
f 2603 2621 2603
f 2621 2621 2603
f 2597 2622 2622
f 2622 2603 2603
f 2622 2603 2603
f 2622 2603 2622
f 2603 2621 2621
f 2621 2513 2513
f 2621 2513 2513
f 2621 2513 2621
f 2603 2621 2621
f 2621 2513 2513
f 2621 2513 2513
f 2621 2513 2621
f 2603 2621 2603
f 2621 2513 2621
f 2603 2621 2603
f 2621 2621 2603
f 2597 2622 2597
f 2622 2603 2622
f 2597 2622 2597
f 2622 2622 2597
f 2603 2621 2603
f 2621 2513 2621
f 2603 2621 2603
f 2621 2621 2603
f 2597 2622 2597
f 2622 2603 2622
f 2597 2622 2597
f 2622 2622 2597
f 2603 2603 2622
f 2603 2603 2622
f 2622 2622 2597
f 2603 2622 2622
f 2594 2618 2640
f 2618 2602 2642
f 2640 2642 2607
f 2618 2642 2640
f 2602 2619 2647
f 2619 2597 2645
f 2647 2645 2609
f 2619 2645 2647
f 2607 2648 2641
f 2648 2609 2646
f 2641 2646 2598
f 2648 2646 2641
f 2602 2647 2642
f 2647 2609 2648
f 2642 2648 2607
f 2647 2648 2642
f 2597 2622 2655
f 2622 2603 2657
f 2655 2657 2612
f 2622 2657 2655
f 2603 2621 2651
f 2621 2513 2649
f 2651 2649 2610
f 2621 2649 2651
f 2612 2659 2656
f 2659 2610 2650
f 2656 2650 2599
f 2659 2650 2656
f 2603 2651 2657
f 2651 2610 2659
f 2657 2659 2612
f 2651 2659 2657
f 2598 2660 2644
f 2660 2613 2662
f 2644 2662 2608
f 2660 2662 2644
f 2613 2661 2664
f 2661 2599 2653
f 2664 2653 2611
f 2661 2653 2664
f 2608 2654 2643
f 2654 2611 2652
f 2643 2652 2595
f 2654 2652 2643
f 2613 2664 2662
f 2664 2611 2654
f 2662 2654 2608
f 2664 2654 2662
f 2597 2655 2645
f 2655 2612 2658
f 2645 2658 2609
f 2655 2658 2645
f 2612 2656 2665
f 2656 2599 2661
f 2665 2661 2613
f 2656 2661 2665
f 2609 2663 2646
f 2663 2613 2660
f 2646 2660 2598
f 2663 2660 2646
f 2612 2665 2658
f 2665 2613 2663
f 2658 2663 2609
f 2665 2663 2658
f 2594 2640 2640
f 2640 2607 2607
f 2640 2607 2607
f 2640 2607 2640
f 2607 2641 2641
f 2641 2598 2598
f 2641 2598 2598
f 2641 2598 2641
f 2607 2641 2641
f 2641 2598 2598
f 2641 2598 2598
f 2641 2598 2641
f 2607 2641 2607
f 2641 2598 2641
f 2607 2641 2607
f 2641 2641 2607
f 2598 2644 2644
f 2644 2608 2608
f 2644 2608 2608
f 2644 2608 2644
f 2608 2643 2643
f 2643 2595 2595
f 2643 2595 2595
f 2643 2595 2643
f 2608 2643 2643
f 2643 2595 2595
f 2643 2595 2595
f 2643 2595 2643
f 2608 2643 2608
f 2643 2595 2643
f 2608 2643 2608
f 2643 2643 2608
f 2598 2644 2644
f 2644 2608 2608
f 2644 2608 2608
f 2644 2608 2644
f 2608 2643 2643
f 2643 2595 2595
f 2643 2595 2595
f 2643 2595 2643
f 2608 2643 2643
f 2643 2595 2595
f 2643 2595 2595
f 2643 2595 2643
f 2608 2643 2608
f 2643 2595 2643
f 2608 2643 2608
f 2643 2643 2608
f 2598 2644 2598
f 2644 2608 2644
f 2598 2644 2598
f 2644 2644 2598
f 2608 2643 2608
f 2643 2595 2643
f 2608 2643 2608
f 2643 2643 2608
f 2598 2644 2598
f 2644 2608 2644
f 2598 2644 2598
f 2644 2644 2598
f 2608 2608 2644
f 2608 2608 2644
f 2644 2644 2598
f 2608 2644 2644
f 2666 2691 2695
f 2691 2675 2697
f 2695 2697 2677
f 2691 2697 2695
f 2675 2692 2702
f 2692 2670 2700
f 2702 2700 2679
f 2692 2700 2702
f 2677 2703 2696
f 2703 2679 2701
f 2696 2701 2671
f 2703 2701 2696
f 2675 2702 2697
f 2702 2679 2703
f 2697 2703 2677
f 2702 2703 2697
f 2670 2694 2710
f 2694 2676 2712
f 2710 2712 2682
f 2694 2712 2710
f 2676 2693 2706
f 2693 2667 2704
f 2706 2704 2680
f 2693 2704 2706
f 2682 2714 2711
f 2714 2680 2705
f 2711 2705 2672
f 2714 2705 2711
f 2676 2706 2712
f 2706 2680 2714
f 2712 2714 2682
f 2706 2714 2712
f 2671 2715 2699
f 2715 2683 2717
f 2699 2717 2678
f 2715 2717 2699
f 2683 2716 2719
f 2716 2672 2708
f 2719 2708 2681
f 2716 2708 2719
f 2678 2709 2698
f 2709 2681 2707
f 2698 2707 2668
f 2709 2707 2698
f 2683 2719 2717
f 2719 2681 2709
f 2717 2709 2678
f 2719 2709 2717
f 2670 2710 2700
f 2710 2682 2713
f 2700 2713 2679
f 2710 2713 2700
f 2682 2711 2720
f 2711 2672 2716
f 2720 2716 2683
f 2711 2716 2720
f 2679 2718 2701
f 2718 2683 2715
f 2701 2715 2671
f 2718 2715 2701
f 2682 2720 2713
f 2720 2683 2718
f 2713 2718 2679
f 2720 2718 2713
f 2666 2695 2695
f 2695 2677 2677
f 2695 2677 2677
f 2695 2677 2695
f 2677 2696 2696
f 2696 2671 2671
f 2696 2671 2671
f 2696 2671 2696
f 2677 2696 2696
f 2696 2671 2671
f 2696 2671 2671
f 2696 2671 2696
f 2677 2696 2677
f 2696 2671 2696
f 2677 2696 2677
f 2696 2696 2677
f 2671 2699 2699
f 2699 2678 2678
f 2699 2678 2678
f 2699 2678 2699
f 2678 2698 2698
f 2698 2668 2668
f 2698 2668 2668
f 2698 2668 2698
f 2678 2698 2698
f 2698 2668 2668
f 2698 2668 2668
f 2698 2668 2698
f 2678 2698 2678
f 2698 2668 2698
f 2678 2698 2678
f 2698 2698 2678
f 2671 2699 2699
f 2699 2678 2678
f 2699 2678 2678
f 2699 2678 2699
f 2678 2698 2698
f 2698 2668 2668
f 2698 2668 2668
f 2698 2668 2698
f 2678 2698 2698
f 2698 2668 2668
f 2698 2668 2668
f 2698 2668 2698
f 2678 2698 2678
f 2698 2668 2698
f 2678 2698 2678
f 2698 2698 2678
f 2671 2699 2671
f 2699 2678 2699
f 2671 2699 2671
f 2699 2699 2671
f 2678 2698 2678
f 2698 2668 2698
f 2678 2698 2678
f 2698 2698 2678
f 2671 2699 2671
f 2699 2678 2699
f 2671 2699 2671
f 2699 2699 2671
f 2678 2678 2699
f 2678 2678 2699
f 2699 2699 2671
f 2678 2699 2699
f 2666 2695 2721
f 2695 2677 2723
f 2721 2723 2684
f 2695 2723 2721
f 2677 2696 2728
f 2696 2671 2726
f 2728 2726 2686
f 2696 2726 2728
f 2684 2729 2722
f 2729 2686 2727
f 2722 2727 2673
f 2729 2727 2722
f 2677 2728 2723
f 2728 2686 2729
f 2723 2729 2684
f 2728 2729 2723
f 2671 2699 2736
f 2699 2678 2738
f 2736 2738 2689
f 2699 2738 2736
f 2678 2698 2732
f 2698 2668 2730
f 2732 2730 2687
f 2698 2730 2732
f 2689 2740 2737
f 2740 2687 2731
f 2737 2731 2674
f 2740 2731 2737
f 2678 2732 2738
f 2732 2687 2740
f 2738 2740 2689
f 2732 2740 2738
f 2673 2741 2725
f 2741 2690 2743
f 2725 2743 2685
f 2741 2743 2725
f 2690 2742 2745
f 2742 2674 2734
f 2745 2734 2688
f 2742 2734 2745
f 2685 2735 2724
f 2735 2688 2733
f 2724 2733 2669
f 2735 2733 2724
f 2690 2745 2743
f 2745 2688 2735
f 2743 2735 2685
f 2745 2735 2743
f 2671 2736 2726
f 2736 2689 2739
f 2726 2739 2686
f 2736 2739 2726
f 2689 2737 2746
f 2737 2674 2742
f 2746 2742 2690
f 2737 2742 2746
f 2686 2744 2727
f 2744 2690 2741
f 2727 2741 2673
f 2744 2741 2727
f 2689 2746 2739
f 2746 2690 2744
f 2739 2744 2686
f 2746 2744 2739
f 2666 2721 2721
f 2721 2684 2684
f 2721 2684 2684
f 2721 2684 2721
f 2684 2722 2722
f 2722 2673 2673
f 2722 2673 2673
f 2722 2673 2722
f 2684 2722 2722
f 2722 2673 2673
f 2722 2673 2673
f 2722 2673 2722
f 2684 2722 2684
f 2722 2673 2722
f 2684 2722 2684
f 2722 2722 2684
f 2673 2725 2725
f 2725 2685 2685
f 2725 2685 2685
f 2725 2685 2725
f 2685 2724 2724
f 2724 2669 2669
f 2724 2669 2669
f 2724 2669 2724
f 2685 2724 2724
f 2724 2669 2669
f 2724 2669 2669
f 2724 2669 2724
f 2685 2724 2685
f 2724 2669 2724
f 2685 2724 2685
f 2724 2724 2685
f 2673 2725 2725
f 2725 2685 2685
f 2725 2685 2685
f 2725 2685 2725
f 2685 2724 2724
f 2724 2669 2669
f 2724 2669 2669
f 2724 2669 2724
f 2685 2724 2724
f 2724 2669 2669
f 2724 2669 2669
f 2724 2669 2724
f 2685 2724 2685
f 2724 2669 2724
f 2685 2724 2685
f 2724 2724 2685
f 2673 2725 2673
f 2725 2685 2725
f 2673 2725 2673
f 2725 2725 2673
f 2685 2724 2685
f 2724 2669 2724
f 2685 2724 2685
f 2724 2724 2685
f 2673 2725 2673
f 2725 2685 2725
f 2673 2725 2673
f 2725 2725 2673
f 2685 2685 2725
f 2685 2685 2725
f 2725 2725 2673
f 2685 2725 2725
f 2747 2767 2771
f 2767 2753 2773
f 2771 2773 2755
f 2767 2773 2771
f 2753 2768 2778
f 2768 2749 2776
f 2778 2776 2757
f 2768 2776 2778
f 2755 2779 2772
f 2779 2757 2777
f 2772 2777 2750
f 2779 2777 2772
f 2753 2778 2773
f 2778 2757 2779
f 2773 2779 2755
f 2778 2779 2773
f 2749 2770 2782
f 2770 2754 2784
f 2782 2784 2758
f 2770 2784 2782
f 2754 2769 2780
f 2769 2667 2693
f 2780 2693 2676
f 2769 2693 2780
f 2758 2786 2783
f 2786 2676 2694
f 2783 2694 2670
f 2786 2694 2783
f 2754 2780 2784
f 2780 2676 2786
f 2784 2786 2758
f 2780 2786 2784
f 2750 2787 2775
f 2787 2759 2789
f 2775 2789 2756
f 2787 2789 2775
f 2759 2788 2791
f 2788 2670 2692
f 2791 2692 2675
f 2788 2692 2791
f 2756 2781 2774
f 2781 2675 2691
f 2774 2691 2666
f 2781 2691 2774
f 2759 2791 2789
f 2791 2675 2781
f 2789 2781 2756
f 2791 2781 2789
f 2749 2782 2776
f 2782 2758 2785
f 2776 2785 2757
f 2782 2785 2776
f 2758 2783 2792
f 2783 2670 2788
f 2792 2788 2759
f 2783 2788 2792
f 2757 2790 2777
f 2790 2759 2787
f 2777 2787 2750
f 2790 2787 2777
f 2758 2792 2785
f 2792 2759 2790
f 2785 2790 2757
f 2792 2790 2785
f 2747 2771 2771
f 2771 2755 2755
f 2771 2755 2755
f 2771 2755 2771
f 2755 2772 2772
f 2772 2750 2750
f 2772 2750 2750
f 2772 2750 2772
f 2755 2772 2772
f 2772 2750 2750
f 2772 2750 2750
f 2772 2750 2772
f 2755 2772 2755
f 2772 2750 2772
f 2755 2772 2755
f 2772 2772 2755
f 2750 2775 2775
f 2775 2756 2756
f 2775 2756 2756
f 2775 2756 2775
f 2756 2774 2774
f 2774 2666 2666
f 2774 2666 2666
f 2774 2666 2774
f 2756 2774 2774
f 2774 2666 2666
f 2774 2666 2666
f 2774 2666 2774
f 2756 2774 2756
f 2774 2666 2774
f 2756 2774 2756
f 2774 2774 2756
f 2750 2775 2775
f 2775 2756 2756
f 2775 2756 2756
f 2775 2756 2775
f 2756 2774 2774
f 2774 2666 2666
f 2774 2666 2666
f 2774 2666 2774
f 2756 2774 2774
f 2774 2666 2666
f 2774 2666 2666
f 2774 2666 2774
f 2756 2774 2756
f 2774 2666 2774
f 2756 2774 2756
f 2774 2774 2756
f 2750 2775 2750
f 2775 2756 2775
f 2750 2775 2750
f 2775 2775 2750
f 2756 2774 2756
f 2774 2666 2774
f 2756 2774 2756
f 2774 2774 2756
f 2750 2775 2750
f 2775 2756 2775
f 2750 2775 2750
f 2775 2775 2750
f 2756 2756 2775
f 2756 2756 2775
f 2775 2775 2750
f 2756 2775 2775
f 2747 2771 2793
f 2771 2755 2795
f 2793 2795 2760
f 2771 2795 2793
f 2755 2772 2800
f 2772 2750 2798
f 2800 2798 2762
f 2772 2798 2800
f 2760 2801 2794
f 2801 2762 2799
f 2794 2799 2751
f 2801 2799 2794
f 2755 2800 2795
f 2800 2762 2801
f 2795 2801 2760
f 2800 2801 2795
f 2750 2775 2808
f 2775 2756 2810
f 2808 2810 2765
f 2775 2810 2808
f 2756 2774 2804
f 2774 2666 2802
f 2804 2802 2763
f 2774 2802 2804
f 2765 2812 2809
f 2812 2763 2803
f 2809 2803 2752
f 2812 2803 2809
f 2756 2804 2810
f 2804 2763 2812
f 2810 2812 2765
f 2804 2812 2810
f 2751 2813 2797
f 2813 2766 2815
f 2797 2815 2761
f 2813 2815 2797
f 2766 2814 2817
f 2814 2752 2806
f 2817 2806 2764
f 2814 2806 2817
f 2761 2807 2796
f 2807 2764 2805
f 2796 2805 2748
f 2807 2805 2796
f 2766 2817 2815
f 2817 2764 2807
f 2815 2807 2761
f 2817 2807 2815
f 2750 2808 2798
f 2808 2765 2811
f 2798 2811 2762
f 2808 2811 2798
f 2765 2809 2818
f 2809 2752 2814
f 2818 2814 2766
f 2809 2814 2818
f 2762 2816 2799
f 2816 2766 2813
f 2799 2813 2751
f 2816 2813 2799
f 2765 2818 2811
f 2818 2766 2816
f 2811 2816 2762
f 2818 2816 2811
f 2747 2793 2793
f 2793 2760 2760
f 2793 2760 2760
f 2793 2760 2793
f 2760 2794 2794
f 2794 2751 2751
f 2794 2751 2751
f 2794 2751 2794
f 2760 2794 2794
f 2794 2751 2751
f 2794 2751 2751
f 2794 2751 2794
f 2760 2794 2760
f 2794 2751 2794
f 2760 2794 2760
f 2794 2794 2760
f 2751 2797 2797
f 2797 2761 2761
f 2797 2761 2761
f 2797 2761 2797
f 2761 2796 2796
f 2796 2748 2748
f 2796 2748 2748
f 2796 2748 2796
f 2761 2796 2796
f 2796 2748 2748
f 2796 2748 2748
f 2796 2748 2796
f 2761 2796 2761
f 2796 2748 2796
f 2761 2796 2761
f 2796 2796 2761
f 2751 2797 2797
f 2797 2761 2761
f 2797 2761 2761
f 2797 2761 2797
f 2761 2796 2796
f 2796 2748 2748
f 2796 2748 2748
f 2796 2748 2796
f 2761 2796 2796
f 2796 2748 2748
f 2796 2748 2748
f 2796 2748 2796
f 2761 2796 2761
f 2796 2748 2796
f 2761 2796 2761
f 2796 2796 2761
f 2751 2797 2751
f 2797 2761 2797
f 2751 2797 2751
f 2797 2797 2751
f 2761 2796 2761
f 2796 2748 2796
f 2761 2796 2761
f 2796 2796 2761
f 2751 2797 2751
f 2797 2761 2797
f 2751 2797 2751
f 2797 2797 2751
f 2761 2761 2797
f 2761 2761 2797
f 2797 2797 2751
f 2761 2797 2797
f 2819 2844 2848
f 2844 2828 2850
f 2848 2850 2830
f 2844 2850 2848
f 2828 2845 2855
f 2845 2823 2853
f 2855 2853 2832
f 2845 2853 2855
f 2830 2856 2849
f 2856 2832 2854
f 2849 2854 2824
f 2856 2854 2849
f 2828 2855 2850
f 2855 2832 2856
f 2850 2856 2830
f 2855 2856 2850
f 2823 2847 2863
f 2847 2829 2865
f 2863 2865 2835
f 2847 2865 2863
f 2829 2846 2859
f 2846 2820 2857
f 2859 2857 2833
f 2846 2857 2859
f 2835 2867 2864
f 2867 2833 2858
f 2864 2858 2825
f 2867 2858 2864
f 2829 2859 2865
f 2859 2833 2867
f 2865 2867 2835
f 2859 2867 2865
f 2824 2868 2852
f 2868 2836 2870
f 2852 2870 2831
f 2868 2870 2852
f 2836 2869 2872
f 2869 2825 2861
f 2872 2861 2834
f 2869 2861 2872
f 2831 2862 2851
f 2862 2834 2860
f 2851 2860 2821
f 2862 2860 2851
f 2836 2872 2870
f 2872 2834 2862
f 2870 2862 2831
f 2872 2862 2870
f 2823 2863 2853
f 2863 2835 2866
f 2853 2866 2832
f 2863 2866 2853
f 2835 2864 2873
f 2864 2825 2869
f 2873 2869 2836
f 2864 2869 2873
f 2832 2871 2854
f 2871 2836 2868
f 2854 2868 2824
f 2871 2868 2854
f 2835 2873 2866
f 2873 2836 2871
f 2866 2871 2832
f 2873 2871 2866
f 2819 2848 2848
f 2848 2830 2830
f 2848 2830 2830
f 2848 2830 2848
f 2830 2849 2849
f 2849 2824 2824
f 2849 2824 2824
f 2849 2824 2849
f 2830 2849 2849
f 2849 2824 2824
f 2849 2824 2824
f 2849 2824 2849
f 2830 2849 2830
f 2849 2824 2849
f 2830 2849 2830
f 2849 2849 2830
f 2824 2852 2852
f 2852 2831 2831
f 2852 2831 2831
f 2852 2831 2852
f 2831 2851 2851
f 2851 2821 2821
f 2851 2821 2821
f 2851 2821 2851
f 2831 2851 2851
f 2851 2821 2821
f 2851 2821 2821
f 2851 2821 2851
f 2831 2851 2831
f 2851 2821 2851
f 2831 2851 2831
f 2851 2851 2831
f 2824 2852 2852
f 2852 2831 2831
f 2852 2831 2831
f 2852 2831 2852
f 2831 2851 2851
f 2851 2821 2821
f 2851 2821 2821
f 2851 2821 2851
f 2831 2851 2851
f 2851 2821 2821
f 2851 2821 2821
f 2851 2821 2851
f 2831 2851 2831
f 2851 2821 2851
f 2831 2851 2831
f 2851 2851 2831
f 2824 2852 2824
f 2852 2831 2852
f 2824 2852 2824
f 2852 2852 2824
f 2831 2851 2831
f 2851 2821 2851
f 2831 2851 2831
f 2851 2851 2831
f 2824 2852 2824
f 2852 2831 2852
f 2824 2852 2824
f 2852 2852 2824
f 2831 2831 2852
f 2831 2831 2852
f 2852 2852 2824
f 2831 2852 2852
f 2819 2848 2874
f 2848 2830 2876
f 2874 2876 2837
f 2848 2876 2874
f 2830 2849 2881
f 2849 2824 2879
f 2881 2879 2839
f 2849 2879 2881
f 2837 2882 2875
f 2882 2839 2880
f 2875 2880 2826
f 2882 2880 2875
f 2830 2881 2876
f 2881 2839 2882
f 2876 2882 2837
f 2881 2882 2876
f 2824 2852 2889
f 2852 2831 2891
f 2889 2891 2842
f 2852 2891 2889
f 2831 2851 2885
f 2851 2821 2883
f 2885 2883 2840
f 2851 2883 2885
f 2842 2893 2890
f 2893 2840 2884
f 2890 2884 2827
f 2893 2884 2890
f 2831 2885 2891
f 2885 2840 2893
f 2891 2893 2842
f 2885 2893 2891
f 2826 2894 2878
f 2894 2843 2896
f 2878 2896 2838
f 2894 2896 2878
f 2843 2895 2898
f 2895 2827 2887
f 2898 2887 2841
f 2895 2887 2898
f 2838 2888 2877
f 2888 2841 2886
f 2877 2886 2822
f 2888 2886 2877
f 2843 2898 2896
f 2898 2841 2888
f 2896 2888 2838
f 2898 2888 2896
f 2824 2889 2879
f 2889 2842 2892
f 2879 2892 2839
f 2889 2892 2879
f 2842 2890 2899
f 2890 2827 2895
f 2899 2895 2843
f 2890 2895 2899
f 2839 2897 2880
f 2897 2843 2894
f 2880 2894 2826
f 2897 2894 2880
f 2842 2899 2892
f 2899 2843 2897
f 2892 2897 2839
f 2899 2897 2892
f 2819 2874 2874
f 2874 2837 2837
f 2874 2837 2837
f 2874 2837 2874
f 2837 2875 2875
f 2875 2826 2826
f 2875 2826 2826
f 2875 2826 2875
f 2837 2875 2875
f 2875 2826 2826
f 2875 2826 2826
f 2875 2826 2875
f 2837 2875 2837
f 2875 2826 2875
f 2837 2875 2837
f 2875 2875 2837
f 2826 2878 2878
f 2878 2838 2838
f 2878 2838 2838
f 2878 2838 2878
f 2838 2877 2877
f 2877 2822 2822
f 2877 2822 2822
f 2877 2822 2877
f 2838 2877 2877
f 2877 2822 2822
f 2877 2822 2822
f 2877 2822 2877
f 2838 2877 2838
f 2877 2822 2877
f 2838 2877 2838
f 2877 2877 2838
f 2826 2878 2878
f 2878 2838 2838
f 2878 2838 2838
f 2878 2838 2878
f 2838 2877 2877
f 2877 2822 2822
f 2877 2822 2822
f 2877 2822 2877
f 2838 2877 2877
f 2877 2822 2822
f 2877 2822 2822
f 2877 2822 2877
f 2838 2877 2838
f 2877 2822 2877
f 2838 2877 2838
f 2877 2877 2838
f 2826 2878 2826
f 2878 2838 2878
f 2826 2878 2826
f 2878 2878 2826
f 2838 2877 2838
f 2877 2822 2877
f 2838 2877 2838
f 2877 2877 2838
f 2826 2878 2826
f 2878 2838 2878
f 2826 2878 2826
f 2878 2878 2826
f 2838 2838 2878
f 2838 2838 2878
f 2878 2878 2826
f 2838 2878 2878
f 2900 2920 2924
f 2920 2906 2926
f 2924 2926 2908
f 2920 2926 2924
f 2906 2921 2931
f 2921 2902 2929
f 2931 2929 2910
f 2921 2929 2931
f 2908 2932 2925
f 2932 2910 2930
f 2925 2930 2903
f 2932 2930 2925
f 2906 2931 2926
f 2931 2910 2932
f 2926 2932 2908
f 2931 2932 2926
f 2902 2923 2935
f 2923 2907 2937
f 2935 2937 2911
f 2923 2937 2935
f 2907 2922 2933
f 2922 2822 2886
f 2933 2886 2841
f 2922 2886 2933
f 2911 2939 2936
f 2939 2841 2887
f 2936 2887 2827
f 2939 2887 2936
f 2907 2933 2937
f 2933 2841 2939
f 2937 2939 2911
f 2933 2939 2937
f 2903 2940 2928
f 2940 2912 2942
f 2928 2942 2909
f 2940 2942 2928
f 2912 2941 2944
f 2941 2827 2884
f 2944 2884 2840
f 2941 2884 2944
f 2909 2934 2927
f 2934 2840 2883
f 2927 2883 2821
f 2934 2883 2927
f 2912 2944 2942
f 2944 2840 2934
f 2942 2934 2909
f 2944 2934 2942
f 2902 2935 2929
f 2935 2911 2938
f 2929 2938 2910
f 2935 2938 2929
f 2911 2936 2945
f 2936 2827 2941
f 2945 2941 2912
f 2936 2941 2945
f 2910 2943 2930
f 2943 2912 2940
f 2930 2940 2903
f 2943 2940 2930
f 2911 2945 2938
f 2945 2912 2943
f 2938 2943 2910
f 2945 2943 2938
f 2900 2924 2924
f 2924 2908 2908
f 2924 2908 2908
f 2924 2908 2924
f 2908 2925 2925
f 2925 2903 2903
f 2925 2903 2903
f 2925 2903 2925
f 2908 2925 2925
f 2925 2903 2903
f 2925 2903 2903
f 2925 2903 2925
f 2908 2925 2908
f 2925 2903 2925
f 2908 2925 2908
f 2925 2925 2908
f 2903 2928 2928
f 2928 2909 2909
f 2928 2909 2909
f 2928 2909 2928
f 2909 2927 2927
f 2927 2821 2821
f 2927 2821 2821
f 2927 2821 2927
f 2909 2927 2927
f 2927 2821 2821
f 2927 2821 2821
f 2927 2821 2927
f 2909 2927 2909
f 2927 2821 2927
f 2909 2927 2909
f 2927 2927 2909
f 2903 2928 2928
f 2928 2909 2909
f 2928 2909 2909
f 2928 2909 2928
f 2909 2927 2927
f 2927 2821 2821
f 2927 2821 2821
f 2927 2821 2927
f 2909 2927 2927
f 2927 2821 2821
f 2927 2821 2821
f 2927 2821 2927
f 2909 2927 2909
f 2927 2821 2927
f 2909 2927 2909
f 2927 2927 2909
f 2903 2928 2903
f 2928 2909 2928
f 2903 2928 2903
f 2928 2928 2903
f 2909 2927 2909
f 2927 2821 2927
f 2909 2927 2909
f 2927 2927 2909
f 2903 2928 2903
f 2928 2909 2928
f 2903 2928 2903
f 2928 2928 2903
f 2909 2909 2928
f 2909 2909 2928
f 2928 2928 2903
f 2909 2928 2928
f 2900 2924 2946
f 2924 2908 2948
f 2946 2948 2913
f 2924 2948 2946
f 2908 2925 2953
f 2925 2903 2951
f 2953 2951 2915
f 2925 2951 2953
f 2913 2954 2947
f 2954 2915 2952
f 2947 2952 2904
f 2954 2952 2947
f 2908 2953 2948
f 2953 2915 2954
f 2948 2954 2913
f 2953 2954 2948
f 2903 2928 2961
f 2928 2909 2963
f 2961 2963 2918
f 2928 2963 2961
f 2909 2927 2957
f 2927 2821 2955
f 2957 2955 2916
f 2927 2955 2957
f 2918 2965 2962
f 2965 2916 2956
f 2962 2956 2905
f 2965 2956 2962
f 2909 2957 2963
f 2957 2916 2965
f 2963 2965 2918
f 2957 2965 2963
f 2904 2966 2950
f 2966 2919 2968
f 2950 2968 2914
f 2966 2968 2950
f 2919 2967 2970
f 2967 2905 2959
f 2970 2959 2917
f 2967 2959 2970
f 2914 2960 2949
f 2960 2917 2958
f 2949 2958 2901
f 2960 2958 2949
f 2919 2970 2968
f 2970 2917 2960
f 2968 2960 2914
f 2970 2960 2968
f 2903 2961 2951
f 2961 2918 2964
f 2951 2964 2915
f 2961 2964 2951
f 2918 2962 2971
f 2962 2905 2967
f 2971 2967 2919
f 2962 2967 2971
f 2915 2969 2952
f 2969 2919 2966
f 2952 2966 2904
f 2969 2966 2952
f 2918 2971 2964
f 2971 2919 2969
f 2964 2969 2915
f 2971 2969 2964
f 2900 2946 2946
f 2946 2913 2913
f 2946 2913 2913
f 2946 2913 2946
f 2913 2947 2947
f 2947 2904 2904
f 2947 2904 2904
f 2947 2904 2947
f 2913 2947 2947
f 2947 2904 2904
f 2947 2904 2904
f 2947 2904 2947
f 2913 2947 2913
f 2947 2904 2947
f 2913 2947 2913
f 2947 2947 2913
f 2904 2950 2950
f 2950 2914 2914
f 2950 2914 2914
f 2950 2914 2950
f 2914 2949 2949
f 2949 2901 2901
f 2949 2901 2901
f 2949 2901 2949
f 2914 2949 2949
f 2949 2901 2901
f 2949 2901 2901
f 2949 2901 2949
f 2914 2949 2914
f 2949 2901 2949
f 2914 2949 2914
f 2949 2949 2914
f 2904 2950 2950
f 2950 2914 2914
f 2950 2914 2914
f 2950 2914 2950
f 2914 2949 2949
f 2949 2901 2901
f 2949 2901 2901
f 2949 2901 2949
f 2914 2949 2949
f 2949 2901 2901
f 2949 2901 2901
f 2949 2901 2949
f 2914 2949 2914
f 2949 2901 2949
f 2914 2949 2914
f 2949 2949 2914
f 2904 2950 2904
f 2950 2914 2950
f 2904 2950 2904
f 2950 2950 2904
f 2914 2949 2914
f 2949 2901 2949
f 2914 2949 2914
f 2949 2949 2914
f 2904 2950 2904
f 2950 2914 2950
f 2904 2950 2904
f 2950 2950 2904
f 2914 2914 2950
f 2914 2914 2950
f 2950 2950 2904
f 2914 2950 2950
f 2972 2997 3001
f 2997 2981 3003
f 3001 3003 2983
f 2997 3003 3001
f 2981 2998 3008
f 2998 2976 3006
f 3008 3006 2985
f 2998 3006 3008
f 2983 3009 3002
f 3009 2985 3007
f 3002 3007 2977
f 3009 3007 3002
f 2981 3008 3003
f 3008 2985 3009
f 3003 3009 2983
f 3008 3009 3003
f 2976 3000 3016
f 3000 2982 3018
f 3016 3018 2988
f 3000 3018 3016
f 2982 2999 3012
f 2999 2973 3010
f 3012 3010 2986
f 2999 3010 3012
f 2988 3020 3017
f 3020 2986 3011
f 3017 3011 2978
f 3020 3011 3017
f 2982 3012 3018
f 3012 2986 3020
f 3018 3020 2988
f 3012 3020 3018
f 2977 3021 3005
f 3021 2989 3023
f 3005 3023 2984
f 3021 3023 3005
f 2989 3022 3025
f 3022 2978 3014
f 3025 3014 2987
f 3022 3014 3025
f 2984 3015 3004
f 3015 2987 3013
f 3004 3013 2974
f 3015 3013 3004
f 2989 3025 3023
f 3025 2987 3015
f 3023 3015 2984
f 3025 3015 3023
f 2976 3016 3006
f 3016 2988 3019
f 3006 3019 2985
f 3016 3019 3006
f 2988 3017 3026
f 3017 2978 3022
f 3026 3022 2989
f 3017 3022 3026
f 2985 3024 3007
f 3024 2989 3021
f 3007 3021 2977
f 3024 3021 3007
f 2988 3026 3019
f 3026 2989 3024
f 3019 3024 2985
f 3026 3024 3019
f 2972 3001 3001
f 3001 2983 2983
f 3001 2983 2983
f 3001 2983 3001
f 2983 3002 3002
f 3002 2977 2977
f 3002 2977 2977
f 3002 2977 3002
f 2983 3002 3002
f 3002 2977 2977
f 3002 2977 2977
f 3002 2977 3002
f 2983 3002 2983
f 3002 2977 3002
f 2983 3002 2983
f 3002 3002 2983
f 2977 3005 3005
f 3005 2984 2984
f 3005 2984 2984
f 3005 2984 3005
f 2984 3004 3004
f 3004 2974 2974
f 3004 2974 2974
f 3004 2974 3004
f 2984 3004 3004
f 3004 2974 2974
f 3004 2974 2974
f 3004 2974 3004
f 2984 3004 2984
f 3004 2974 3004
f 2984 3004 2984
f 3004 3004 2984
f 2977 3005 3005
f 3005 2984 2984
f 3005 2984 2984
f 3005 2984 3005
f 2984 3004 3004
f 3004 2974 2974
f 3004 2974 2974
f 3004 2974 3004
f 2984 3004 3004
f 3004 2974 2974
f 3004 2974 2974
f 3004 2974 3004
f 2984 3004 2984
f 3004 2974 3004
f 2984 3004 2984
f 3004 3004 2984
f 2977 3005 2977
f 3005 2984 3005
f 2977 3005 2977
f 3005 3005 2977
f 2984 3004 2984
f 3004 2974 3004
f 2984 3004 2984
f 3004 3004 2984
f 2977 3005 2977
f 3005 2984 3005
f 2977 3005 2977
f 3005 3005 2977
f 2984 2984 3005
f 2984 2984 3005
f 3005 3005 2977
f 2984 3005 3005
f 2972 3001 3027
f 3001 2983 3029
f 3027 3029 2990
f 3001 3029 3027
f 2983 3002 3034
f 3002 2977 3032
f 3034 3032 2992
f 3002 3032 3034
f 2990 3035 3028
f 3035 2992 3033
f 3028 3033 2979
f 3035 3033 3028
f 2983 3034 3029
f 3034 2992 3035
f 3029 3035 2990
f 3034 3035 3029
f 2977 3005 3042
f 3005 2984 3044
f 3042 3044 2995
f 3005 3044 3042
f 2984 3004 3038
f 3004 2974 3036
f 3038 3036 2993
f 3004 3036 3038
f 2995 3046 3043
f 3046 2993 3037
f 3043 3037 2980
f 3046 3037 3043
f 2984 3038 3044
f 3038 2993 3046
f 3044 3046 2995
f 3038 3046 3044
f 2979 3047 3031
f 3047 2996 3049
f 3031 3049 2991
f 3047 3049 3031
f 2996 3048 3051
f 3048 2980 3040
f 3051 3040 2994
f 3048 3040 3051
f 2991 3041 3030
f 3041 2994 3039
f 3030 3039 2975
f 3041 3039 3030
f 2996 3051 3049
f 3051 2994 3041
f 3049 3041 2991
f 3051 3041 3049
f 2977 3042 3032
f 3042 2995 3045
f 3032 3045 2992
f 3042 3045 3032
f 2995 3043 3052
f 3043 2980 3048
f 3052 3048 2996
f 3043 3048 3052
f 2992 3050 3033
f 3050 2996 3047
f 3033 3047 2979
f 3050 3047 3033
f 2995 3052 3045
f 3052 2996 3050
f 3045 3050 2992
f 3052 3050 3045
f 2972 3027 3027
f 3027 2990 2990
f 3027 2990 2990
f 3027 2990 3027
f 2990 3028 3028
f 3028 2979 2979
f 3028 2979 2979
f 3028 2979 3028
f 2990 3028 3028
f 3028 2979 2979
f 3028 2979 2979
f 3028 2979 3028
f 2990 3028 2990
f 3028 2979 3028
f 2990 3028 2990
f 3028 3028 2990
f 2979 3031 3031
f 3031 2991 2991
f 3031 2991 2991
f 3031 2991 3031
f 2991 3030 3030
f 3030 2975 2975
f 3030 2975 2975
f 3030 2975 3030
f 2991 3030 3030
f 3030 2975 2975
f 3030 2975 2975
f 3030 2975 3030
f 2991 3030 2991
f 3030 2975 3030
f 2991 3030 2991
f 3030 3030 2991
f 2979 3031 3031
f 3031 2991 2991
f 3031 2991 2991
f 3031 2991 3031
f 2991 3030 3030
f 3030 2975 2975
f 3030 2975 2975
f 3030 2975 3030
f 2991 3030 3030
f 3030 2975 2975
f 3030 2975 2975
f 3030 2975 3030
f 2991 3030 2991
f 3030 2975 3030
f 2991 3030 2991
f 3030 3030 2991
f 2979 3031 2979
f 3031 2991 3031
f 2979 3031 2979
f 3031 3031 2979
f 2991 3030 2991
f 3030 2975 3030
f 2991 3030 2991
f 3030 3030 2991
f 2979 3031 2979
f 3031 2991 3031
f 2979 3031 2979
f 3031 3031 2979
f 2991 2991 3031
f 2991 2991 3031
f 3031 3031 2979
f 2991 3031 3031