# https://github.com/mikedh/trimesh
v 2.59912229 0.31468180 2.57093072
v 2.59912229 0.00000000 3.19136477
v 2.59912229 0.31468180 0.62043417
v 2.59912229 2.26517820 2.57093072
v 2.59912229 0.00000000 0.00000000
v 2.59912229 2.57985997 0.00000000
v 2.59912229 2.26517820 0.62043417
v 2.59912229 2.57985997 3.19136477
v 2.59912229 0.15734090 2.88114774
v 2.59912229 0.31468180 1.59568244
v 2.59912229 0.15734090 1.90589947
v 2.59912229 1.28993000 2.57093072
v 2.59912229 1.13258910 2.88114774
v 2.59912229 0.00000000 1.59568238
v 2.59912229 0.15734090 0.31021708
v 2.59912229 1.44727089 0.31021708
v 2.59912229 1.28992999 0.00000000
v 2.59912229 1.28993000 0.62043417
v 2.59912229 2.26517820 1.59568244
v 2.59912229 2.42251909 0.31021708
v 2.59912229 1.28992999 3.19136477
v 2.59912229 2.42251909 2.88114774
v 2.59912229 2.57985997 1.59568238
v 2.59912229 2.42251909 1.90589947
v 2.59912229 0.23601135 2.72603923
v 2.59912229 0.07867045 3.03625625
v 2.59912229 0.31468180 2.08330658
v 2.59912229 0.31468180 1.10805830
v 2.59912229 0.23601135 2.23841509
v 2.59912229 0.07867045 2.54863212
v 2.59912229 0.23601135 1.26316682
v 2.59912229 0.15734090 2.39352360
v 2.59912229 0.23601135 1.75079095
v 2.59912229 0.80230590 2.57093072
v 2.59912229 1.77755410 2.57093072
v 2.59912229 0.72363545 2.72603923
v 2.59912229 0.56629455 3.03625625
v 2.59912229 1.69888365 2.72603923
v 2.59912229 0.64496500 2.88114774
v 2.59912229 1.21125955 2.72603923
v 2.59912229 0.00000000 2.39352357
v 2.59912229 0.00000000 0.79784119
v 2.59912229 0.07867045 1.75079092
v 2.59912229 0.23601135 0.46532562
v 2.59912229 0.07867045 0.15510854
v 2.59912229 0.15734090 1.10805827
v 2.59912229 0.07867045 0.95294973
v 2.59912229 0.88097634 0.46532562
v 2.59912229 2.01356543 0.15510854
v 2.59912229 0.80230589 0.31021708
v 2.59912229 0.64496499 0.00000000
v 2.59912229 1.93489498 0.00000000
v 2.59912229 0.72363544 0.15510854
v 2.59912229 1.36860044 0.15510854
v 2.59912229 0.80230590 0.62043417
v 2.59912229 1.77755410 0.62043417
v 2.59912229 1.36860044 0.46532562
v 2.59912229 2.26517820 2.08330658
v 2.59912229 2.26517820 1.10805830
v 2.59912229 2.50118953 0.15510854
v 2.59912229 2.34384865 0.46532562
v 2.59912229 1.93489499 0.31021708
v 2.59912229 1.85622454 0.46532562
v 2.59912229 0.64496499 3.19136477
v 2.59912229 1.93489498 3.19136477
v 2.59912229 1.21125954 3.03625625
v 2.59912229 2.34384865 2.72603923
v 2.59912229 2.50118953 3.03625625
v 2.59912229 1.77755409 2.88114774
v 2.59912229 2.34384865 2.23841509
v 2.59912229 1.85622454 3.03625625
v 2.59912229 2.57985997 0.79784119
v 2.59912229 2.57985997 2.39352357
v 2.59912229 2.50118953 0.95294973
v 2.59912229 2.34384865 1.26316682
v 2.59912229 2.50118953 2.54863212
v 2.59912229 2.34384865 1.75079095
v 2.59912229 2.42251909 1.10805827
v 2.59912229 2.42251909 2.39352360
v 2.59912229 2.50118953 1.75079092
v 2.59912229 0.27534657 2.64848498
v 2.59912229 0.19667612 2.80359349
v 2.59912229 0.03933522 3.11381051
v 2.59912229 0.11800567 2.95870200
v 2.59912229 0.31468180 2.32711865
v 2.59912229 0.31468180 1.83949451
v 2.59912229 0.27534657 2.40467291
v 2.59912229 0.31468180 0.86424623
v 2.59912229 0.31468180 1.35187037
v 2.59912229 0.19667612 2.55978142
v 2.59912229 0.27534657 1.91704877
v 2.59912229 0.23601135 2.48222716
v 2.59912229 0.27534657 2.16086084
v 2.59912229 0.03933522 2.86999844
v 2.59912229 0.11800567 2.22726579
v 2.59912229 0.07867045 2.79244418
v 2.59912229 0.27534657 0.94180049
v 2.59912229 0.19667612 1.58453314
v 2.59912229 0.27534657 1.18561256
v 2.59912229 0.15734090 2.63733567
v 2.59912229 0.15734090 2.14971153
v 2.59912229 0.11800567 2.71488993
v 2.59912229 0.19667612 2.31596935
v 2.59912229 0.11800567 2.47107786
v 2.59912229 0.27534657 1.67323670
v 2.59912229 0.19667612 1.82834521
v 2.59912229 0.27534657 1.42942463
v 2.59912229 0.23601135 1.99460302
v 2.59912229 0.23601135 1.50697888
v 2.59912229 0.19667612 2.07215728
v 2.59912229 0.55849385 2.57093072
v 2.59912229 1.04611795 2.57093072
v 2.59912229 0.51915862 2.64848498
v 2.59912229 2.02136615 2.57093072
v 2.59912229 1.53374205 2.57093072
v 2.59912229 0.44048817 2.80359349
v 2.59912229 1.00678273 2.64848498
v 2.59912229 0.47982340 2.72603923
v 2.59912229 0.76297067 2.64848498
v 2.59912229 0.28314728 3.11381051
v 2.59912229 0.84944183 2.95870200
v 2.59912229 0.32248250 3.03625625
v 2.59912229 1.98203093 2.64848498
v 2.59912229 1.41573638 2.80359349
v 2.59912229 1.73821888 2.64848498
v 2.59912229 0.40115295 2.88114774
v 2.59912229 0.88877705 2.88114774
v 2.59912229 0.36181773 2.95870200
v 2.59912229 0.68430023 2.80359349
v 2.59912229 0.60562978 2.95870200
v 2.59912229 1.25059478 2.64848498
v 2.59912229 1.17192433 2.80359349
v 2.59912229 1.49440683 2.64848498
v 2.59912229 0.96744750 2.72603923
v 2.59912229 1.45507160 2.72603923
v 2.59912229 0.92811228 2.80359349
v 2.59912229 0.00000000 2.79244417
v 2.59912229 0.00000000 1.99460298
v 2.59912229 0.03933522 2.47107784
v 2.59912229 0.00000000 0.39892060
v 2.59912229 0.00000000 1.19676179
v 2.59912229 0.11800567 1.82834519
v 2.59912229 0.03933522 1.67323665
v 2.59912229 0.07867045 2.14971152
v 2.59912229 0.03933522 2.07215725
v 2.59912229 0.27534657 0.54287989
v 2.59912229 0.19667612 0.38777135
v 2.59912229 0.23601135 0.86424622
v 2.59912229 0.03933522 0.07755427
v 2.59912229 0.11800567 0.23266281
v 2.59912229 0.03933522 0.47647487
v 2.59912229 0.15734090 1.50697887
v 2.59912229 0.15734090 0.70913768
v 2.59912229 0.19667612 1.18561254
v 2.59912229 0.11800567 1.42942460
v 2.59912229 0.19667612 0.78669195
v 2.59912229 0.03933522 1.27431606
v 2.59912229 0.11800567 0.63158341
v 2.59912229 0.03933522 0.87539546
v 2.59912229 0.07867045 1.35187033
v 2.59912229 0.07867045 0.55402914
v 2.59912229 0.11800567 1.03050400
v 2.59912229 0.59782907 0.54287989
v 2.59912229 1.16412361 0.38777135
v 2.59912229 0.55849385 0.46532562
v 2.59912229 2.29671270 0.07755427
v 2.59912229 1.73041816 0.23266281
v 2.59912229 0.47982340 0.31021708
v 2.59912229 1.12478839 0.31021708
v 2.59912229 0.51915862 0.38777135
v 2.59912229 0.84164112 0.38777135
v 2.59912229 0.32248250 0.00000000
v 2.59912229 0.96744749 0.00000000
v 2.59912229 0.36181772 0.07755427
v 2.59912229 2.25737748 0.00000000
v 2.59912229 1.61241248 0.00000000
v 2.59912229 1.97423020 0.07755427
v 2.59912229 0.44048817 0.23266281
v 2.59912229 1.00678271 0.07755427
v 2.59912229 0.40115295 0.15510854
v 2.59912229 0.76297067 0.23266281
v 2.59912229 0.68430022 0.07755427
v 2.59912229 1.40793566 0.23266281
v 2.59912229 1.32926521 0.07755427
v 2.59912229 1.69108293 0.15510854
v 2.59912229 1.08545316 0.23266281
v 2.59912229 1.65174771 0.07755427
v 2.59912229 1.04611794 0.15510854
v 2.59912229 0.55849385 0.62043417
v 2.59912229 1.04611795 0.62043417
v 2.59912229 0.84164112 0.54287989
v 2.59912229 2.02136615 0.62043417
v 2.59912229 1.53374205 0.62043417
v 2.59912229 1.40793566 0.38777135
v 2.59912229 1.32926522 0.54287989
v 2.59912229 1.12478839 0.46532562
v 2.59912229 1.08545317 0.54287989
v 2.59912229 2.26517820 2.32711865
v 2.59912229 2.26517820 1.83949451
v 2.59912229 2.26517820 0.86424623
v 2.59912229 2.26517820 1.35187037
v 2.59912229 2.54052475 0.07755427
v 2.59912229 2.46185431 0.23266281
v 2.59912229 2.25737748 0.15510854
v 2.59912229 2.30451342 0.54287989
v 2.59912229 2.38318387 0.38777135
v 2.59912229 2.06070137 0.54287989
v 2.59912229 1.69108294 0.31021708
v 2.59912229 2.17870704 0.31021708
v 2.59912229 1.97423021 0.23266281
v 2.59912229 1.65174771 0.38777135
v 2.59912229 2.21804226 0.23266281
v 2.59912229 1.57307727 0.54287989
v 2.59912229 2.13937182 0.38777135
v 2.59912229 1.81688932 0.54287989
v 2.59912229 1.61241249 0.46532562
v 2.59912229 2.10003660 0.46532562
v 2.59912229 1.89555977 0.38777135
v 2.59912229 0.32248250 3.19136477
v 2.59912229 0.96744749 3.19136477
v 2.59912229 0.60562977 3.11381051
v 2.59912229 2.25737748 3.19136477
v 2.59912229 1.61241248 3.19136477
v 2.59912229 1.17192432 2.95870200
v 2.59912229 1.25059476 3.11381051
v 2.59912229 0.88877705 3.03625625
v 2.59912229 0.92811227 3.11381051
v 2.59912229 2.30451342 2.64848498
v 2.59912229 2.38318387 2.80359349
v 2.59912229 2.02136615 2.72603923
v 2.59912229 2.30451342 2.40467291
v 2.59912229 2.54052475 3.11381051
v 2.59912229 2.46185431 2.95870200
v 2.59912229 2.21804225 3.11381051
v 2.59912229 1.45507160 2.88114774
v 2.59912229 2.10003659 2.88114774
v 2.59912229 1.73821887 2.80359349
v 2.59912229 1.49440682 2.95870200
v 2.59912229 2.06070137 2.80359349
v 2.59912229 2.30451342 1.91704877
v 2.59912229 2.38318387 2.55978142
v 2.59912229 2.30451342 2.16086084
v 2.59912229 2.34384865 2.48222716
v 2.59912229 1.57307726 3.11381051
v 2.59912229 2.13937181 2.95870200
v 2.59912229 1.89555976 3.11381051
v 2.59912229 1.53374204 3.03625625
v 2.59912229 2.17870703 3.03625625
v 2.59912229 1.81688932 2.95870200
v 2.59912229 2.57985997 0.39892060
v 2.59912229 2.57985997 1.19676179
v 2.59912229 2.54052475 0.47647487
v 2.59912229 2.57985997 2.79244417
v 2.59912229 2.57985997 1.99460298
v 2.59912229 2.46185431 0.63158341
v 2.59912229 2.54052475 1.27431606
v 2.59912229 2.50118953 0.55402914
v 2.59912229 2.54052475 0.87539546
v 2.59912229 2.30451342 0.94180049
v 2.59912229 2.38318387 1.58453314
v 2.59912229 2.30451342 1.18561256
v 2.59912229 2.34384865 0.86424622
v 2.59912229 2.54052475 2.86999844
v 2.59912229 2.46185431 2.22726579
v 2.59912229 2.50118953 2.79244418
v 2.59912229 2.54052475 2.47107784
v 2.59912229 2.30451342 1.67323670
v 2.59912229 2.38318387 1.82834521
v 2.59912229 2.30451342 1.42942463
v 2.59912229 2.34384865 1.99460302
v 2.59912229 2.34384865 1.50697888
v 2.59912229 2.42251909 0.70913768
v 2.59912229 2.42251909 1.50697887
v 2.59912229 2.38318387 0.78669195
v 2.59912229 2.46185431 1.03050400
v 2.59912229 2.38318387 1.18561254
v 2.59912229 2.42251909 2.63733567
v 2.59912229 2.42251909 2.14971153
v 2.59912229 2.46185431 2.71488993
v 2.59912229 2.38318387 2.31596935
v 2.59912229 2.46185431 2.47107786
v 2.59912229 2.38318387 2.07215728
v 2.59912229 2.54052475 1.67323665
v 2.59912229 2.46185431 1.82834519
v 2.59912229 2.54052475 2.07215725
v 2.59912229 2.50118953 1.35187033
v 2.59912229 2.50118953 2.14971152
v 2.59912229 2.46185431 1.42942460
v 0.00000000 0.00000000 3.19136477
v 0.00000000 0.00000000 0.00000000
v 0.00000000 0.00000000 1.59568238
v 1.29956114 0.00000000 1.59568238
v 1.29956114 0.00000000 0.00000000
v 1.29956114 0.00000000 3.19136477
v 0.00000000 0.00000000 2.39352357
v 0.00000000 0.00000000 0.79784119
v 0.64978057 0.00000000 2.39352357
v 1.94934171 0.00000000 0.79784119
v 0.64978057 0.00000000 1.59568238
v 0.64978057 0.00000000 0.00000000
v 1.94934171 0.00000000 0.00000000
v 0.64978057 0.00000000 0.79784119
v 1.29956114 0.00000000 0.79784119
v 0.64978057 0.00000000 3.19136477
v 1.94934171 0.00000000 3.19136477
v 1.29956114 0.00000000 2.39352357
v 1.94934171 0.00000000 1.59568238
v 1.94934171 0.00000000 2.39352357
v 0.00000000 0.00000000 2.79244417
v 0.00000000 0.00000000 1.99460298
v 0.00000000 0.00000000 0.39892060
v 0.00000000 0.00000000 1.19676179
v 0.32489029 0.00000000 2.79244417
v 0.97467086 0.00000000 1.99460298
v 0.32489029 0.00000000 2.39352357
v 2.27423200 0.00000000 0.39892060
v 1.62445143 0.00000000 1.19676179
v 0.32489029 0.00000000 1.59568238
v 0.97467086 0.00000000 1.59568238
v 0.32489029 0.00000000 1.99460298
v 0.64978057 0.00000000 1.99460298
v 0.32489029 0.00000000 0.00000000
v 0.97467086 0.00000000 0.00000000
v 0.32489029 0.00000000 0.39892060
v 2.27423200 0.00000000 0.00000000
v 1.62445143 0.00000000 0.00000000
v 1.94934171 0.00000000 0.39892060
v 0.32489029 0.00000000 1.19676179
v 0.97467086 0.00000000 0.39892060
v 0.32489029 0.00000000 0.79784119
v 0.64978057 0.00000000 1.19676179
v 0.64978057 0.00000000 0.39892060
v 1.29956114 0.00000000 1.19676179
v 1.29956114 0.00000000 0.39892060
v 1.62445143 0.00000000 0.79784119
v 0.97467086 0.00000000 1.19676179
v 1.62445143 0.00000000 0.39892060
v 0.97467086 0.00000000 0.79784119
v 0.32489029 0.00000000 3.19136477
v 0.97467086 0.00000000 3.19136477
v 0.64978057 0.00000000 2.79244417
v 2.27423200 0.00000000 3.19136477
v 1.62445143 0.00000000 3.19136477
v 1.29956114 0.00000000 1.99460298
v 1.29956114 0.00000000 2.79244417
v 0.97467086 0.00000000 2.39352357
v 0.97467086 0.00000000 2.79244417
v 2.27423200 0.00000000 0.79784119
v 2.27423200 0.00000000 2.79244417
v 1.62445143 0.00000000 1.59568238
v 2.27423200 0.00000000 1.59568238
v 1.94934171 0.00000000 1.19676179
v 1.62445143 0.00000000 1.99460298
v 2.27423200 0.00000000 1.19676179
v 1.62445143 0.00000000 2.79244417
v 2.27423200 0.00000000 1.99460298
v 1.94934171 0.00000000 2.79244417
v 1.62445143 0.00000000 2.39352357
v 2.27423200 0.00000000 2.39352357
v 1.94934171 0.00000000 1.99460298
v 0.46656916 2.57985997 2.09999990
v 0.46656916 2.57985997 0.00000000
v 0.00000000 2.57985997 0.00000000
v 1.66656911 2.57985997 2.09999990
v 0.00000000 2.57985997 3.19136477
v 1.66656911 2.57985997 0.00000000
v 0.46656916 2.57985997 1.04999995
v 0.23328458 2.57985997 1.04999995
v 0.23328458 2.57985997 0.00000000
v 1.06656913 2.57985997 2.09999990
v 0.23328458 2.57985997 2.64568233
v 0.00000000 2.57985997 1.59568238
v 0.83328456 2.57985997 2.64568233
v 2.13284570 2.57985997 1.04999995
v 1.66656911 2.57985997 1.04999995
v 2.13284570 2.57985997 0.00000000
v 2.13284570 2.57985997 2.64568233
v 1.29956114 2.57985997 3.19136477
v 0.46656916 2.57985997 1.57499993
v 0.46656916 2.57985997 0.52499998
v 0.34992687 2.57985997 1.57499993
v 0.11664229 2.57985997 0.52499998
v 0.34992687 2.57985997 1.04999995
v 0.34992687 2.57985997 0.00000000
v 0.11664229 2.57985997 0.00000000
v 0.34992687 2.57985997 0.52499998
v 0.23328458 2.57985997 0.52499998
v 0.76656915 2.57985997 2.09999990
v 1.36656912 2.57985997 2.09999990
v 0.34992687 2.57985997 2.37284112
v 0.11664229 2.57985997 2.91852355
v 0.23328458 2.57985997 1.84784114
v 0.64992686 2.57985997 2.37284112
v 0.00000000 2.57985997 0.79784119
v 0.00000000 2.57985997 2.39352357
v 0.11664229 2.57985997 1.32284117
v 0.11664229 2.57985997 2.12068236
v 1.24992684 2.57985997 2.37284112
v 0.41664228 2.57985997 2.91852355
v 0.94992685 2.57985997 2.37284112
v 0.53328457 2.57985997 2.64568233
v 1.89970741 2.57985997 1.57499993
v 2.36598399 2.57985997 0.52499998
v 1.66656911 2.57985997 1.57499993
v 1.66656911 2.57985997 0.52499998
v 1.89970741 2.57985997 1.04999995
v 2.36598399 2.57985997 0.00000000
v 1.89970741 2.57985997 0.00000000
v 2.13284570 2.57985997 0.52499998
v 1.89970741 2.57985997 0.52499998
v 1.89970741 2.57985997 2.37284112
v 2.36598399 2.57985997 2.91852355
v 1.48306513 2.57985997 2.64568233
v 2.13284570 2.57985997 1.84784114
v 0.64978057 2.57985997 3.19136477
v 1.94934171 2.57985997 3.19136477
v 1.06642285 2.57985997 2.91852355
v 1.71620342 2.57985997 2.91852355
v 2.36598399 2.57985997 1.32284117
v 2.36598399 2.57985997 2.12068236
v 0.46656916 2.57985997 1.83749992
v 0.46656916 2.57985997 1.31249994
v 0.46656916 2.57985997 0.26249999
v 0.46656916 2.57985997 0.78749996
v 0.40824801 2.57985997 1.83749992
v 0.29160572 2.57985997 1.31249994
v 0.40824801 2.57985997 1.57499993
v 0.05832114 2.57985997 0.26249999
v 0.17496343 2.57985997 0.78749996
v 0.40824801 2.57985997 1.04999995
v 0.29160572 2.57985997 1.04999995
v 0.40824801 2.57985997 1.31249994
v 0.34992687 2.57985997 1.31249994
v 0.40824801 2.57985997 0.00000000
v 0.29160572 2.57985997 0.00000000
v 0.40824801 2.57985997 0.26249999
v 0.05832114 2.57985997 0.00000000
v 0.17496343 2.57985997 0.00000000
v 0.11664229 2.57985997 0.26249999
v 0.40824801 2.57985997 0.78749996
v 0.29160572 2.57985997 0.26249999
v 0.40824801 2.57985997 0.52499998
v 0.34992687 2.57985997 0.78749996
v 0.34992687 2.57985997 0.26249999
v 0.23328458 2.57985997 0.78749996
v 0.23328458 2.57985997 0.26249999
v 0.17496343 2.57985997 0.52499998
v 0.29160572 2.57985997 0.78749996
v 0.17496343 2.57985997 0.26249999
v 0.29160572 2.57985997 0.52499998
v 0.61656915 2.57985997 2.09999990
v 0.91656914 2.57985997 2.09999990
v 1.51656912 2.57985997 2.09999990
v 1.21656913 2.57985997 2.09999990
v 0.40824801 2.57985997 2.23642051
v 0.29160572 2.57985997 2.50926173
v 0.34992687 2.57985997 1.97392052
v 0.55824801 2.57985997 2.23642051
v 0.05832114 2.57985997 3.05494416
v 0.17496343 2.57985997 2.78210294
v 0.23328458 2.57985997 1.44892055
v 0.23328458 2.57985997 2.24676174
v 0.29160572 2.57985997 1.71142054
v 0.29160572 2.57985997 2.11034113
v 0.85824800 2.57985997 2.23642051
v 0.44160572 2.57985997 2.50926173
v 0.70824800 2.57985997 2.23642051
v 0.49992686 2.57985997 2.37284112
v 0.00000000 2.57985997 0.39892060
v 0.00000000 2.57985997 1.19676179
v 0.05832114 2.57985997 0.66142058
v 0.00000000 2.57985997 2.79244417
v 0.00000000 2.57985997 1.99460298
v 0.05832114 2.57985997 2.65602356
v 0.17496343 2.57985997 1.18642056
v 0.05832114 2.57985997 1.45926178
v 0.11664229 2.57985997 0.92392057
v 0.17496343 2.57985997 1.58534116
v 0.05832114 2.57985997 1.06034118
v 0.17496343 2.57985997 2.38318235
v 0.05832114 2.57985997 1.85818237
v 0.11664229 2.57985997 2.51960295
v 0.17496343 2.57985997 1.98426175
v 0.05832114 2.57985997 2.25710297
v 0.11664229 2.57985997 1.72176176
v 1.45824797 2.57985997 2.23642051
v 1.04160570 2.57985997 2.50926173
v 1.30824798 2.57985997 2.23642051
v 0.20832114 2.57985997 3.05494416
v 0.62496342 2.57985997 2.78210294
v 0.26664228 2.57985997 2.91852355
v 1.00824799 2.57985997 2.23642051
v 0.89160570 2.57985997 2.50926173
v 1.15824798 2.57985997 2.23642051
v 0.79992685 2.57985997 2.37284112
v 1.09992684 2.57985997 2.37284112
v 0.38328457 2.57985997 2.64568233
v 0.68328456 2.57985997 2.64568233
v 0.32496343 2.57985997 2.78210294
v 0.59160571 2.57985997 2.50926173
v 0.47496342 2.57985997 2.78210294
v 0.74160571 2.57985997 2.50926173
v 1.78313826 2.57985997 1.83749992
v 2.01627655 2.57985997 1.31249994
v 2.48255314 2.57985997 0.26249999
v 2.24941485 2.57985997 0.78749996
v 1.66656911 2.57985997 1.83749992
v 1.66656911 2.57985997 1.31249994
v 1.78313826 2.57985997 1.57499993
v 1.66656911 2.57985997 0.26249999
v 1.66656911 2.57985997 0.78749996
v 2.01627655 2.57985997 1.04999995
v 1.78313826 2.57985997 1.04999995
v 1.89970741 2.57985997 1.31249994
v 1.78313826 2.57985997 1.31249994
v 2.48255314 2.57985997 0.00000000
v 2.24941485 2.57985997 0.00000000
v 2.36598399 2.57985997 0.26249999
v 1.78313826 2.57985997 0.00000000
v 2.01627655 2.57985997 0.00000000
v 1.78313826 2.57985997 0.26249999
v 2.13284570 2.57985997 0.78749996
v 2.13284570 2.57985997 0.26249999
v 2.24941485 2.57985997 0.52499998
v 2.01627655 2.57985997 0.78749996
v 2.24941485 2.57985997 0.26249999
v 1.78313826 2.57985997 0.78749996
v 2.01627655 2.57985997 0.26249999
v 1.78313826 2.57985997 0.52499998
v 1.89970741 2.57985997 0.78749996
v 1.89970741 2.57985997 0.26249999
v 2.01627655 2.57985997 0.52499998
v 1.78313826 2.57985997 2.23642051
v 2.01627655 2.57985997 2.50926173
v 1.57481712 2.57985997 2.37284112
v 1.89970741 2.57985997 1.97392052
v 2.48255314 2.57985997 3.05494416
v 2.24941485 2.57985997 2.78210294
v 1.15817484 2.57985997 2.64568233
v 1.80795541 2.57985997 2.64568233
v 1.36649598 2.57985997 2.50926173
v 1.69138627 2.57985997 2.50926173
v 2.13284570 2.57985997 1.44892055
v 2.13284570 2.57985997 2.24676174
v 2.01627655 2.57985997 1.71142054
v 2.01627655 2.57985997 2.11034113
v 0.32489029 2.57985997 3.19136477
v 0.97467086 2.57985997 3.19136477
v 0.53321142 2.57985997 3.05494416
v 2.27423200 2.57985997 3.19136477
v 1.62445143 2.57985997 3.19136477
v 2.15766285 2.57985997 3.05494416
v 0.94985370 2.57985997 2.78210294
v 1.18299200 2.57985997 3.05494416
v 0.74153256 2.57985997 2.91852355
v 1.27474399 2.57985997 2.78210294
v 0.85810171 2.57985997 3.05494416
v 1.92452456 2.57985997 2.78210294
v 1.50788228 2.57985997 3.05494416
v 2.04109371 2.57985997 2.91852355
v 1.59963427 2.57985997 2.78210294
v 1.83277257 2.57985997 3.05494416
v 1.39131314 2.57985997 2.91852355
v 2.48255314 2.57985997 0.66142058
v 2.48255314 2.57985997 2.65602356
v 2.24941485 2.57985997 1.18642056
v 2.48255314 2.57985997 1.45926178
v 2.36598399 2.57985997 0.92392057
v 2.24941485 2.57985997 1.58534116
v 2.48255314 2.57985997 1.06034118
v 2.24941485 2.57985997 2.38318235
v 2.48255314 2.57985997 1.85818237
v 2.36598399 2.57985997 2.51960295
v 2.24941485 2.57985997 1.98426175
v 2.48255314 2.57985997 2.25710297
v 2.36598399 2.57985997 1.72176176
v 2.13284570 1.28992999 0.00000000
v 0.83328456 1.28992999 0.00000000
v 0.00000000 1.28992999 0.00000000
v 0.23328458 1.28992999 0.00000000
v 1.06656913 2.57985997 0.00000000
v 2.36598399 0.64496499 0.00000000
v 1.89970741 1.93489498 0.00000000
v 1.71620342 0.64496499 0.00000000
v 0.41664228 0.64496499 0.00000000
v 1.24992684 1.93489498 0.00000000
v 1.06642285 0.64496499 0.00000000
v 1.48306513 1.28992999 0.00000000
v 0.00000000 0.64496499 0.00000000
v 0.00000000 1.93489498 0.00000000
v 0.11664229 0.64496499 0.00000000
v 0.34992687 1.93489498 0.00000000
v 0.53328457 1.28992999 0.00000000
v 0.11664229 1.28992999 0.00000000
v 1.36656912 2.57985997 0.00000000
v 0.76656915 2.57985997 0.00000000
v 0.94992685 1.93489498 0.00000000
v 0.64992686 1.93489498 0.00000000
v 0.11664229 1.93489498 0.00000000
v 0.23328458 1.93489498 0.00000000
v 2.36598399 1.28992999 0.00000000
v 2.13284570 1.93489498 0.00000000
v 2.36598399 1.93489498 0.00000000
v 2.48255314 0.32248250 0.00000000
v 2.24941485 0.96744749 0.00000000
v 2.15766285 0.32248250 0.00000000
v 1.78313826 2.25737748 0.00000000
v 2.01627655 1.61241248 0.00000000
v 1.50788228 0.32248250 0.00000000
v 1.92452456 0.96744749 0.00000000
v 1.83277257 0.32248250 0.00000000
v 2.04109371 0.64496499 0.00000000
v 0.20832114 0.32248250 0.00000000
v 0.62496342 0.96744749 0.00000000
v 0.53321142 0.32248250 0.00000000
v 1.45824797 2.25737748 0.00000000
v 1.04160570 1.61241248 0.00000000
v 1.57481712 1.93489498 0.00000000
v 1.18299200 0.32248250 0.00000000
v 0.94985370 0.96744749 0.00000000
v 0.85810171 0.32248250 0.00000000
v 1.39131314 0.64496499 0.00000000
v 0.74153256 0.64496499 0.00000000
v 1.80795541 1.28992999 0.00000000
v 1.15817484 1.28992999 0.00000000
v 1.69138627 1.61241248 0.00000000
v 1.59963427 0.96744749 0.00000000
v 1.36649598 1.61241248 0.00000000
v 1.27474399 0.96744749 0.00000000
v 0.00000000 0.32248250 0.00000000
v 0.00000000 0.96744749 0.00000000
v 0.00000000 2.25737748 0.00000000
v 0.00000000 1.61241248 0.00000000
v 0.05832114 0.32248250 0.00000000
v 0.17496343 0.96744749 0.00000000
v 0.26664228 0.64496499 0.00000000
v 0.05832114 0.64496499 0.00000000
v 0.40824801 2.25737748 0.00000000
v 0.29160572 1.61241248 0.00000000
v 0.68328456 1.28992999 0.00000000
v 0.38328457 1.28992999 0.00000000
v 0.47496342 0.96744749 0.00000000
v 0.32496343 0.96744749 0.00000000
v 0.05832114 1.28992999 0.00000000
v 0.17496343 1.28992999 0.00000000
v 0.05832114 0.96744749 0.00000000
v 0.11664229 0.96744749 0.00000000
v 1.51656912 2.57985997 0.00000000
v 1.21656913 2.57985997 0.00000000
v 1.30824798 2.25737748 0.00000000
v 0.61656915 2.57985997 0.00000000
v 0.91656914 2.57985997 0.00000000
v 0.55824801 2.25737748 0.00000000
v 0.89160570 1.61241248 0.00000000
v 1.00824799 2.25737748 0.00000000
v 1.09992684 1.93489498 0.00000000
v 0.74160571 1.61241248 0.00000000
v 1.15824798 2.25737748 0.00000000
v 0.44160572 1.61241248 0.00000000
v 0.85824800 2.25737748 0.00000000
v 0.49992686 1.93489498 0.00000000
v 0.59160571 1.61241248 0.00000000
v 0.70824800 2.25737748 0.00000000
v 0.79992685 1.93489498 0.00000000
v 0.05832114 2.25737748 0.00000000
v 0.34992687 2.25737748 0.00000000
v 0.05832114 1.61241248 0.00000000
v 0.17496343 2.25737748 0.00000000
v 0.05832114 1.93489498 0.00000000
v 0.11664229 1.61241248 0.00000000
v 0.11664229 2.25737748 0.00000000
v 0.23328458 1.61241248 0.00000000
v 0.23328458 2.25737748 0.00000000
v 0.29160572 1.93489498 0.00000000
v 0.17496343 1.61241248 0.00000000
v 0.29160572 2.25737748 0.00000000
v 0.17496343 1.93489498 0.00000000
v 2.48255314 0.64496499 0.00000000
v 2.24941485 1.28992999 0.00000000
v 2.48255314 1.28992999 0.00000000
v 2.36598399 0.96744749 0.00000000
v 2.48255314 0.96744749 0.00000000
v 1.89970741 2.25737748 0.00000000
v 2.48255314 2.25737748 0.00000000
v 2.13284570 1.61241248 0.00000000
v 2.13284570 2.25737748 0.00000000
v 2.01627655 1.93489498 0.00000000
v 2.24941485 1.61241248 0.00000000
v 2.01627655 2.25737748 0.00000000
v 2.48255314 1.61241248 0.00000000
v 2.24941485 2.25737748 0.00000000
v 2.48255314 1.93489498 0.00000000
v 2.36598399 1.61241248 0.00000000
v 2.36598399 2.25737748 0.00000000
v 2.24941485 1.93489498 0.00000000
v 1.06656913 2.57985997 1.04999995
v 1.36656912 2.57985997 1.57499993
v 0.76656915 2.57985997 0.52499998
v 1.36656912 2.57985997 1.04999995
v 1.36656912 2.57985997 0.52499998
v 1.06656913 2.57985997 0.52499998
v 1.06656913 2.57985997 1.57499993
v 0.76656915 2.57985997 1.04999995
v 0.76656915 2.57985997 1.57499993
v 1.51656912 2.57985997 1.83749992
v 1.21656913 2.57985997 1.31249994
v 1.51656912 2.57985997 1.57499993
v 0.61656915 2.57985997 0.26249999
v 0.91656914 2.57985997 0.78749996
v 1.51656912 2.57985997 1.04999995
v 1.21656913 2.57985997 1.04999995
v 1.51656912 2.57985997 1.31249994
v 1.36656912 2.57985997 1.31249994
v 1.51656912 2.57985997 0.26249999
v 0.76656915 2.57985997 0.26249999
v 1.51656912 2.57985997 0.78749996
v 1.21656913 2.57985997 0.26249999
v 1.51656912 2.57985997 0.52499998
v 1.36656912 2.57985997 0.78749996
v 1.36656912 2.57985997 0.26249999
v 1.06656913 2.57985997 0.78749996
v 1.06656913 2.57985997 0.26249999
v 0.91656914 2.57985997 0.52499998
v 1.21656913 2.57985997 0.78749996
v 0.91656914 2.57985997 0.26249999
v 1.21656913 2.57985997 0.52499998
v 1.36656912 2.57985997 1.83749992
v 1.06656913 2.57985997 1.31249994
v 1.06656913 2.57985997 1.83749992
v 1.21656913 2.57985997 1.57499993
v 1.21656913 2.57985997 1.83749992
v 0.61656915 2.57985997 0.52499998
v 0.61656915 2.57985997 1.83749992
v 0.91656914 2.57985997 1.04999995
v 0.61656915 2.57985997 1.04999995
v 0.76656915 2.57985997 0.78749996
v 0.91656914 2.57985997 1.31249994
v 0.61656915 2.57985997 0.78749996
v 0.91656914 2.57985997 1.83749992
v 0.61656915 2.57985997 1.31249994
v 0.76656915 2.57985997 1.83749992
v 0.91656914 2.57985997 1.57499993
v 0.61656915 2.57985997 1.57499993
v 0.76656915 2.57985997 1.31249994
v 0.00000000 1.28992999 3.19136477
v 1.29956114 1.28992999 3.19136477
v 0.00000000 1.93489498 3.19136477
v 0.00000000 0.64496499 3.19136477
v 0.64978057 1.93489498 3.19136477
v 1.94934171 0.64496499 3.19136477
v 0.64978057 1.28992999 3.19136477
v 0.64978057 0.64496499 3.19136477
v 1.29956114 0.64496499 3.19136477
v 1.29956114 1.93489498 3.19136477
v 1.94934171 1.28992999 3.19136477
v 1.94934171 1.93489498 3.19136477
v 0.00000000 2.25737748 3.19136477
v 0.00000000 1.61241248 3.19136477
v 0.00000000 0.32248250 3.19136477
v 0.00000000 0.96744749 3.19136477
v 0.32489029 2.25737748 3.19136477
v 0.97467086 1.61241248 3.19136477
v 0.32489029 1.93489498 3.19136477
v 2.27423200 0.32248250 3.19136477
v 1.62445143 0.96744749 3.19136477
v 0.32489029 1.28992999 3.19136477
v 0.97467086 1.28992999 3.19136477
v 0.32489029 1.61241248 3.19136477
v 0.64978057 1.61241248 3.19136477
v 0.32489029 0.32248250 3.19136477
v 1.94934171 0.32248250 3.19136477
v 0.32489029 0.96744749 3.19136477
v 0.97467086 0.32248250 3.19136477
v 0.32489029 0.64496499 3.19136477
v 0.64978057 0.96744749 3.19136477
v 0.64978057 0.32248250 3.19136477
v 1.29956114 0.96744749 3.19136477
v 1.29956114 0.32248250 3.19136477
v 1.62445143 0.64496499 3.19136477
v 0.97467086 0.96744749 3.19136477
v 1.62445143 0.32248250 3.19136477
v 0.97467086 0.64496499 3.19136477
v 0.64978057 2.25737748 3.19136477
v 1.29956114 1.61241248 3.19136477
v 1.29956114 2.25737748 3.19136477
v 0.97467086 1.93489498 3.19136477
v 0.97467086 2.25737748 3.19136477
v 2.27423200 0.64496499 3.19136477
v 2.27423200 2.25737748 3.19136477
v 1.62445143 1.28992999 3.19136477
v 2.27423200 1.28992999 3.19136477
v 1.94934171 0.96744749 3.19136477
v 1.62445143 1.61241248 3.19136477
v 2.27423200 0.96744749 3.19136477
v 1.62445143 2.25737748 3.19136477
v 2.27423200 1.61241248 3.19136477
v 1.94934171 2.25737748 3.19136477
v 1.62445143 1.93489498 3.19136477
v 2.27423200 1.93489498 3.19136477
v 1.94934171 1.61241248 3.19136477
v 2.39912224 0.31468180 2.57093072
v 2.39912224 2.26517820 2.57093072
v 2.49912226 1.28993000 2.57093072
v 2.49912226 0.31468180 2.57093072
v 2.49912226 2.26517820 2.57093072
v 2.39912224 1.28993000 2.57093072
v 2.54912227 1.77755410 2.57093072
v 2.44912225 0.80230590 2.57093072
v 2.54912227 1.28993000 2.57093072
v 2.54912227 0.31468180 2.57093072
v 2.44912225 0.31468180 2.57093072
v 2.54912227 0.80230590 2.57093072
v 2.49912226 0.80230590 2.57093072
v 2.54912227 2.26517820 2.57093072
v 2.44912225 2.26517820 2.57093072
v 2.49912226 1.77755410 2.57093072
v 2.39912224 0.80230590 2.57093072
v 2.39912224 1.77755410 2.57093072
v 2.44912225 1.28993000 2.57093072
v 2.44912225 1.77755410 2.57093072
v 2.57412228 2.02136615 2.57093072
v 2.52412227 1.53374205 2.57093072
v 2.57412228 1.77755410 2.57093072
v 2.42412224 0.55849385 2.57093072
v 2.47412226 1.04611795 2.57093072
v 2.57412228 1.28993000 2.57093072
v 2.52412227 1.28993000 2.57093072
v 2.57412228 1.53374205 2.57093072
v 2.54912227 1.53374205 2.57093072
v 2.57412228 0.31468180 2.57093072
v 2.52412227 0.31468180 2.57093072
v 2.57412228 0.55849385 2.57093072
v 2.42412224 0.31468180 2.57093072
v 2.47412226 0.31468180 2.57093072
v 2.44912225 0.55849385 2.57093072
v 2.57412228 1.04611795 2.57093072
v 2.52412227 0.55849385 2.57093072
v 2.57412228 0.80230590 2.57093072
v 2.54912227 1.04611795 2.57093072
v 2.54912227 0.55849385 2.57093072
v 2.49912226 1.04611795 2.57093072
v 2.49912226 0.55849385 2.57093072
v 2.47412226 0.80230590 2.57093072
v 2.52412227 1.04611795 2.57093072
v 2.47412226 0.55849385 2.57093072
v 2.52412227 0.80230590 2.57093072
v 2.57412228 2.26517820 2.57093072
v 2.52412227 2.26517820 2.57093072
v 2.54912227 2.02136615 2.57093072
v 2.42412224 2.26517820 2.57093072
v 2.47412226 2.26517820 2.57093072
v 2.49912226 1.53374205 2.57093072
v 2.49912226 2.02136615 2.57093072
v 2.52412227 1.77755410 2.57093072
v 2.52412227 2.02136615 2.57093072
v 2.39912224 0.55849385 2.57093072
v 2.39912224 1.04611795 2.57093072
v 2.42412224 0.80230590 2.57093072
v 2.39912224 2.02136615 2.57093072
v 2.39912224 1.53374205 2.57093072
v 2.42412224 2.02136615 2.57093072
v 2.47412226 1.28993000 2.57093072
v 2.42412224 1.28993000 2.57093072
v 2.44912225 1.04611795 2.57093072
v 2.47412226 1.53374205 2.57093072
v 2.42412224 1.04611795 2.57093072
v 2.47412226 2.02136615 2.57093072
v 2.42412224 1.53374205 2.57093072
v 2.44912225 2.02136615 2.57093072
v 2.47412226 1.77755410 2.57093072
v 2.42412224 1.77755410 2.57093072
v 2.44912225 1.53374205 2.57093072
v 2.39912224 0.31468180 0.62043417
v 2.39912224 2.26517820 0.62043417
v 2.39912224 0.31468180 1.59568244
v 2.39912224 1.28993000 1.59568244
v 2.39912224 1.28993000 0.62043417
v 2.39912224 2.26517820 1.59568244
v 2.39912224 0.31468180 2.08330658
v 2.39912224 0.31468180 1.10805830
v 2.39912224 0.80230590 2.08330658
v 2.39912224 1.77755410 1.10805830
v 2.39912224 0.80230590 1.59568244
v 2.39912224 0.80230590 0.62043417
v 2.39912224 1.77755410 0.62043417
v 2.39912224 0.80230590 1.10805830
v 2.39912224 1.28993000 1.10805830
v 2.39912224 1.28993000 2.08330658
v 2.39912224 2.26517820 1.10805830
v 2.39912224 2.26517820 2.08330658
v 2.39912224 1.77755410 1.59568244
v 2.39912224 1.77755410 2.08330658
v 2.39912224 0.31468180 2.32711865
v 2.39912224 0.31468180 1.83949451
v 2.39912224 0.31468180 0.86424623
v 2.39912224 0.31468180 1.35187037
v 2.39912224 0.55849385 2.32711865
v 2.39912224 1.04611795 1.83949451
v 2.39912224 0.55849385 2.08330658
v 2.39912224 2.02136615 0.86424623
v 2.39912224 1.53374205 1.35187037
v 2.39912224 0.55849385 1.59568244
v 2.39912224 1.04611795 1.59568244
v 2.39912224 0.55849385 1.83949451
v 2.39912224 0.80230590 1.83949451
v 2.39912224 0.55849385 0.62043417
v 2.39912224 1.04611795 0.62043417
v 2.39912224 0.55849385 0.86424623
v 2.39912224 2.02136615 0.62043417
v 2.39912224 1.53374205 0.62043417
v 2.39912224 1.77755410 0.86424623
v 2.39912224 0.55849385 1.35187037
v 2.39912224 1.04611795 0.86424623
v 2.39912224 0.55849385 1.10805830
v 2.39912224 0.80230590 1.35187037
v 2.39912224 0.80230590 0.86424623
v 2.39912224 1.28993000 1.35187037
v 2.39912224 1.28993000 0.86424623
v 2.39912224 1.53374205 1.10805830
v 2.39912224 1.04611795 1.35187037
v 2.39912224 1.53374205 0.86424623
v 2.39912224 1.04611795 1.10805830
v 2.39912224 0.80230590 2.32711865
v 2.39912224 1.28993000 1.83949451
v 2.39912224 1.28993000 2.32711865
v 2.39912224 1.04611795 2.08330658
v 2.39912224 1.04611795 2.32711865
v 2.39912224 2.26517820 0.86424623
v 2.39912224 2.26517820 1.35187037
v 2.39912224 2.02136615 1.10805830
v 2.39912224 2.26517820 2.32711865
v 2.39912224 2.26517820 1.83949451
v 2.39912224 2.02136615 2.32711865
v 2.39912224 1.53374205 1.59568244
v 2.39912224 2.02136615 1.59568244
v 2.39912224 1.77755410 1.35187037
v 2.39912224 1.53374205 1.83949451
v 2.39912224 2.02136615 1.35187037
v 2.39912224 1.53374205 2.32711865
v 2.39912224 2.02136615 1.83949451
v 2.39912224 1.77755410 2.32711865
v 2.39912224 1.53374205 2.08330658
v 2.39912224 2.02136615 2.08330658
v 2.39912224 1.77755410 1.83949451
v 2.49912226 2.26517820 1.59568244
v 2.49912226 2.26517820 0.62043417
v 2.54912227 2.26517820 1.10805830
v 2.44912225 2.26517820 2.08330658
v 2.54912227 2.26517820 1.59568244
v 2.54912227 2.26517820 2.08330658
v 2.49912226 2.26517820 2.08330658
v 2.54912227 2.26517820 0.62043417
v 2.44912225 2.26517820 0.62043417
v 2.49912226 2.26517820 1.10805830
v 2.44912225 2.26517820 1.59568244
v 2.44912225 2.26517820 1.10805830
v 2.57412228 2.26517820 0.86424623
v 2.52412227 2.26517820 1.35187037
v 2.57412228 2.26517820 1.10805830
v 2.42412224 2.26517820 2.32711865
v 2.47412226 2.26517820 1.83949451
v 2.57412228 2.26517820 1.59568244
v 2.52412227 2.26517820 1.59568244
v 2.57412228 2.26517820 1.35187037
v 2.54912227 2.26517820 1.35187037
v 2.57412228 2.26517820 2.32711865
v 2.44912225 2.26517820 2.32711865
v 2.57412228 2.26517820 1.83949451
v 2.52412227 2.26517820 2.32711865
v 2.57412228 2.26517820 2.08330658
v 2.54912227 2.26517820 1.83949451
v 2.54912227 2.26517820 2.32711865
v 2.49912226 2.26517820 1.83949451
v 2.49912226 2.26517820 2.32711865
v 2.47412226 2.26517820 2.08330658
v 2.52412227 2.26517820 1.83949451
v 2.47412226 2.26517820 2.32711865
v 2.52412227 2.26517820 2.08330658
v 2.57412228 2.26517820 0.62043417
v 2.52412227 2.26517820 0.62043417
v 2.54912227 2.26517820 0.86424623
v 2.42412224 2.26517820 0.62043417
v 2.47412226 2.26517820 0.62043417
v 2.49912226 2.26517820 1.35187037
v 2.49912226 2.26517820 0.86424623
v 2.52412227 2.26517820 1.10805830
v 2.52412227 2.26517820 0.86424623
v 2.42412224 2.26517820 2.08330658
v 2.42412224 2.26517820 0.86424623
v 2.47412226 2.26517820 1.59568244
v 2.42412224 2.26517820 1.59568244
v 2.44912225 2.26517820 1.83949451
v 2.47412226 2.26517820 1.35187037
v 2.42412224 2.26517820 1.83949451
v 2.47412226 2.26517820 0.86424623
v 2.42412224 2.26517820 1.35187037
v 2.44912225 2.26517820 0.86424623
v 2.47412226 2.26517820 1.10805830
v 2.42412224 2.26517820 1.10805830
v 2.44912225 2.26517820 1.35187037
v 2.49912226 1.28993000 0.62043417
v 2.49912226 0.31468180 0.62043417
v 2.54912227 0.80230590 0.62043417
v 2.44912225 1.77755410 0.62043417
v 2.54912227 1.28993000 0.62043417
v 2.54912227 1.77755410 0.62043417
v 2.49912226 1.77755410 0.62043417
v 2.54912227 0.31468180 0.62043417
v 2.44912225 0.31468180 0.62043417
v 2.49912226 0.80230590 0.62043417
v 2.44912225 1.28993000 0.62043417
v 2.44912225 0.80230590 0.62043417
v 2.57412228 0.55849385 0.62043417
v 2.52412227 1.04611795 0.62043417
v 2.57412228 0.80230590 0.62043417
v 2.42412224 2.02136615 0.62043417
v 2.47412226 1.53374205 0.62043417
v 2.57412228 1.28993000 0.62043417
v 2.52412227 1.28993000 0.62043417
v 2.57412228 1.04611795 0.62043417
v 2.54912227 1.04611795 0.62043417
v 2.57412228 2.02136615 0.62043417
v 2.44912225 2.02136615 0.62043417
v 2.57412228 1.53374205 0.62043417
v 2.52412227 2.02136615 0.62043417
v 2.57412228 1.77755410 0.62043417
v 2.54912227 1.53374205 0.62043417
v 2.54912227 2.02136615 0.62043417
v 2.49912226 1.53374205 0.62043417
v 2.49912226 2.02136615 0.62043417
v 2.47412226 1.77755410 0.62043417
v 2.52412227 1.53374205 0.62043417
v 2.47412226 2.02136615 0.62043417
v 2.52412227 1.77755410 0.62043417
v 2.57412228 0.31468180 0.62043417
v 2.52412227 0.31468180 0.62043417
v 2.54912227 0.55849385 0.62043417
v 2.42412224 0.31468180 0.62043417
v 2.47412226 0.31468180 0.62043417
v 2.49912226 1.04611795 0.62043417
v 2.49912226 0.55849385 0.62043417
v 2.52412227 0.80230590 0.62043417
v 2.52412227 0.55849385 0.62043417
v 2.42412224 1.77755410 0.62043417
v 2.42412224 0.55849385 0.62043417
v 2.47412226 1.28993000 0.62043417
v 2.42412224 1.28993000 0.62043417
v 2.44912225 1.53374205 0.62043417
v 2.47412226 1.04611795 0.62043417
v 2.42412224 1.53374205 0.62043417
v 2.47412226 0.55849385 0.62043417
v 2.42412224 1.04611795 0.62043417
v 2.44912225 0.55849385 0.62043417
v 2.47412226 0.80230590 0.62043417
v 2.42412224 0.80230590 0.62043417
v 2.44912225 1.04611795 0.62043417
v 2.49912226 0.31468180 1.59568244
v 2.54912227 0.31468180 2.08330658
v 2.44912225 0.31468180 1.10805830
v 2.54912227 0.31468180 1.59568244
v 2.54912227 0.31468180 1.10805830
v 2.49912226 0.31468180 1.10805830
v 2.49912226 0.31468180 2.08330658
v 2.44912225 0.31468180 1.59568244
v 2.44912225 0.31468180 2.08330658
v 2.57412228 0.31468180 2.32711865
v 2.52412227 0.31468180 1.83949451
v 2.57412228 0.31468180 2.08330658
v 2.42412224 0.31468180 0.86424623
v 2.47412226 0.31468180 1.35187037
v 2.57412228 0.31468180 1.59568244
v 2.52412227 0.31468180 1.59568244
v 2.57412228 0.31468180 1.83949451
v 2.54912227 0.31468180 1.83949451
v 2.57412228 0.31468180 0.86424623
v 2.44912225 0.31468180 0.86424623
v 2.57412228 0.31468180 1.35187037
v 2.52412227 0.31468180 0.86424623
v 2.57412228 0.31468180 1.10805830
v 2.54912227 0.31468180 1.35187037
v 2.54912227 0.31468180 0.86424623
v 2.49912226 0.31468180 1.35187037
v 2.49912226 0.31468180 0.86424623
v 2.47412226 0.31468180 1.10805830
v 2.52412227 0.31468180 1.35187037
v 2.47412226 0.31468180 0.86424623
v 2.52412227 0.31468180 1.10805830
v 2.54912227 0.31468180 2.32711865
v 2.49912226 0.31468180 1.83949451
v 2.49912226 0.31468180 2.32711865
v 2.52412227 0.31468180 2.08330658
v 2.52412227 0.31468180 2.32711865
v 2.42412224 0.31468180 1.10805830
v 2.42412224 0.31468180 2.32711865
v 2.47412226 0.31468180 1.59568244
v 2.42412224 0.31468180 1.59568244
v 2.44912225 0.31468180 1.35187037
v 2.47412226 0.31468180 1.83949451
v 2.42412224 0.31468180 1.35187037
v 2.47412226 0.31468180 2.32711865
v 2.42412224 0.31468180 1.83949451
v 2.44912225 0.31468180 2.32711865
v 2.47412226 0.31468180 2.08330658
v 2.42412224 0.31468180 2.08330658
v 2.44912225 0.31468180 1.83949451
v 0.00000000 1.89904022 0.75080842
v 0.00000000 0.68081981 0.75080842
v -0.19999999 0.68081981 0.75080842
v -0.19999999 1.89904022 0.75080842
v 0.00000000 1.28993002 0.75080842
v -0.09999999 1.28993002 0.75080842
v -0.09999999 0.68081981 0.75080842
v -0.09999999 1.89904022 0.75080842
v -0.19999999 1.28993002 0.75080842
v 0.00000000 1.59448512 0.75080842
v 0.00000000 0.98537491 0.75080842
v -0.05000000 1.59448512 0.75080842
v -0.14999999 0.98537491 0.75080842
v -0.05000000 1.28993002 0.75080842
v -0.05000000 0.68081981 0.75080842
v -0.14999999 0.68081981 0.75080842
v -0.05000000 0.98537491 0.75080842
v -0.09999999 0.98537491 0.75080842
v -0.05000000 1.89904022 0.75080842
v -0.14999999 1.89904022 0.75080842
v -0.09999999 1.59448512 0.75080842
v -0.19999999 0.98537491 0.75080842
v -0.19999999 1.59448512 0.75080842
v -0.14999999 1.28993002 0.75080842
v -0.14999999 1.59448512 0.75080842
v 0.00000000 1.74676267 0.75080842
v 0.00000000 1.44220757 0.75080842
v 0.00000000 0.83309736 0.75080842
v 0.00000000 1.13765246 0.75080842
v -0.02500000 1.74676267 0.75080842
v -0.07500000 1.44220757 0.75080842
v -0.02500000 1.59448512 0.75080842
v -0.17499999 0.83309736 0.75080842
v -0.12499999 1.13765246 0.75080842
v -0.02500000 1.28993002 0.75080842
v -0.07500000 1.28993002 0.75080842
v -0.02500000 1.44220757 0.75080842
v -0.05000000 1.44220757 0.75080842
v -0.02500000 0.68081981 0.75080842
v -0.07500000 0.68081981 0.75080842
v -0.02500000 0.83309736 0.75080842
v -0.17499999 0.68081981 0.75080842
v -0.12499999 0.68081981 0.75080842
v -0.14999999 0.83309736 0.75080842
v -0.02500000 1.13765246 0.75080842
v -0.07500000 0.83309736 0.75080842
v -0.02500000 0.98537491 0.75080842
v -0.05000000 1.13765246 0.75080842
v -0.05000000 0.83309736 0.75080842
v -0.09999999 1.13765246 0.75080842
v -0.09999999 0.83309736 0.75080842
v -0.12499999 0.98537491 0.75080842
v -0.07500000 1.13765246 0.75080842
v -0.12499999 0.83309736 0.75080842
v -0.07500000 0.98537491 0.75080842
v -0.02500000 1.89904022 0.75080842
v -0.07500000 1.89904022 0.75080842
v -0.05000000 1.74676267 0.75080842
v -0.17499999 1.89904022 0.75080842
v -0.12499999 1.89904022 0.75080842
v -0.09999999 1.44220757 0.75080842
v -0.09999999 1.74676267 0.75080842
v -0.07500000 1.59448512 0.75080842
v -0.07500000 1.74676267 0.75080842
v -0.19999999 0.83309736 0.75080842
v -0.19999999 1.13765246 0.75080842
v -0.17499999 0.98537491 0.75080842
v -0.19999999 1.74676267 0.75080842
v -0.19999999 1.44220757 0.75080842
v -0.17499999 1.74676267 0.75080842
v -0.12499999 1.28993002 0.75080842
v -0.17499999 1.28993002 0.75080842
v -0.14999999 1.13765246 0.75080842
v -0.12499999 1.44220757 0.75080842
v -0.17499999 1.13765246 0.75080842
v -0.12499999 1.74676267 0.75080842
v -0.17499999 1.44220757 0.75080842
v -0.14999999 1.74676267 0.75080842
v -0.12499999 1.59448512 0.75080842
v -0.17499999 1.59448512 0.75080842
v -0.14999999 1.44220757 0.75080842
v 0.00000000 1.89904022 2.44055653
v -0.19999999 1.89904022 2.44055653
v 0.00000000 1.89904022 1.59568247
v -0.09999999 1.89904022 1.59568247
v -0.09999999 1.89904022 2.44055653
v -0.19999999 1.89904022 1.59568247
v 0.00000000 1.89904022 2.01811950
v 0.00000000 1.89904022 1.17324544
v -0.05000000 1.89904022 2.01811950
v -0.14999999 1.89904022 1.17324544
v -0.05000000 1.89904022 1.59568247
v -0.05000000 1.89904022 1.17324544
v -0.09999999 1.89904022 1.17324544
v -0.05000000 1.89904022 2.44055653
v -0.14999999 1.89904022 2.44055653
v -0.09999999 1.89904022 2.01811950
v -0.19999999 1.89904022 1.17324544
v -0.19999999 1.89904022 2.01811950
v -0.14999999 1.89904022 1.59568247
v -0.14999999 1.89904022 2.01811950
v 0.00000000 1.89904022 2.22933801
v 0.00000000 1.89904022 1.80690099
v 0.00000000 1.89904022 0.96202693
v 0.00000000 1.89904022 1.38446396
v -0.02500000 1.89904022 2.22933801
v -0.07500000 1.89904022 1.80690099
v -0.02500000 1.89904022 2.01811950
v -0.17499999 1.89904022 0.96202693
v -0.12499999 1.89904022 1.38446396
v -0.02500000 1.89904022 1.59568247
v -0.07500000 1.89904022 1.59568247
v -0.02500000 1.89904022 1.80690099
v -0.05000000 1.89904022 1.80690099
v -0.02500000 1.89904022 0.96202693
v -0.14999999 1.89904022 0.96202693
v -0.02500000 1.89904022 1.38446396
v -0.07500000 1.89904022 0.96202693
v -0.02500000 1.89904022 1.17324544
v -0.05000000 1.89904022 1.38446396
v -0.05000000 1.89904022 0.96202693
v -0.09999999 1.89904022 1.38446396
v -0.09999999 1.89904022 0.96202693
v -0.12499999 1.89904022 1.17324544
v -0.07500000 1.89904022 1.38446396
v -0.12499999 1.89904022 0.96202693
v -0.07500000 1.89904022 1.17324544
v -0.02500000 1.89904022 2.44055653
v -0.07500000 1.89904022 2.44055653
v -0.05000000 1.89904022 2.22933801
v -0.17499999 1.89904022 2.44055653
v -0.12499999 1.89904022 2.44055653
v -0.09999999 1.89904022 1.80690099
v -0.09999999 1.89904022 2.22933801
v -0.07500000 1.89904022 2.01811950
v -0.07500000 1.89904022 2.22933801
v -0.19999999 1.89904022 0.96202693
v -0.19999999 1.89904022 1.38446396
v -0.17499999 1.89904022 1.17324544
v -0.19999999 1.89904022 2.22933801
v -0.19999999 1.89904022 1.80690099
v -0.17499999 1.89904022 2.22933801
v -0.12499999 1.89904022 1.59568247
v -0.17499999 1.89904022 1.59568247
v -0.14999999 1.89904022 1.38446396
v -0.12499999 1.89904022 1.80690099
v -0.17499999 1.89904022 1.38446396
v -0.12499999 1.89904022 2.22933801
v -0.17499999 1.89904022 1.80690099
v -0.14999999 1.89904022 2.22933801
v -0.12499999 1.89904022 2.01811950
v -0.17499999 1.89904022 2.01811950
v -0.14999999 1.89904022 1.80690099
v 0.00000000 0.68081981 2.44055653
v -0.19999999 0.68081981 2.44055653
v 0.00000000 1.28993002 2.44055653
v -0.09999999 1.28993002 2.44055653
v -0.09999999 0.68081981 2.44055653
v -0.19999999 1.28993002 2.44055653
v 0.00000000 0.98537491 2.44055653
v 0.00000000 1.59448512 2.44055653
v -0.05000000 0.98537491 2.44055653
v -0.14999999 1.59448512 2.44055653
v -0.05000000 1.28993002 2.44055653
v -0.05000000 1.59448512 2.44055653
v -0.09999999 1.59448512 2.44055653
v -0.05000000 0.68081981 2.44055653
v -0.14999999 0.68081981 2.44055653
v -0.09999999 0.98537491 2.44055653
v -0.19999999 1.59448512 2.44055653
v -0.19999999 0.98537491 2.44055653
v -0.14999999 1.28993002 2.44055653
v -0.14999999 0.98537491 2.44055653
v 0.00000000 0.83309736 2.44055653
v 0.00000000 1.13765246 2.44055653
v 0.00000000 1.74676267 2.44055653
v 0.00000000 1.44220757 2.44055653
v -0.02500000 0.83309736 2.44055653
v -0.07500000 1.13765246 2.44055653
v -0.02500000 0.98537491 2.44055653
v -0.17499999 1.74676267 2.44055653
v -0.12499999 1.44220757 2.44055653
v -0.02500000 1.28993002 2.44055653
v -0.07500000 1.28993002 2.44055653
v -0.02500000 1.13765246 2.44055653
v -0.05000000 1.13765246 2.44055653
v -0.02500000 1.74676267 2.44055653
v -0.14999999 1.74676267 2.44055653
v -0.02500000 1.44220757 2.44055653
v -0.07500000 1.74676267 2.44055653
v -0.02500000 1.59448512 2.44055653
v -0.05000000 1.44220757 2.44055653
v -0.05000000 1.74676267 2.44055653
v -0.09999999 1.44220757 2.44055653
v -0.09999999 1.74676267 2.44055653
v -0.12499999 1.59448512 2.44055653
v -0.07500000 1.44220757 2.44055653
v -0.12499999 1.74676267 2.44055653
v -0.07500000 1.59448512 2.44055653
v -0.02500000 0.68081981 2.44055653
v -0.07500000 0.68081981 2.44055653
v -0.05000000 0.83309736 2.44055653
v -0.17499999 0.68081981 2.44055653
v -0.12499999 0.68081981 2.44055653
v -0.09999999 1.13765246 2.44055653
v -0.09999999 0.83309736 2.44055653
v -0.07500000 0.98537491 2.44055653
v -0.07500000 0.83309736 2.44055653
v -0.19999999 1.74676267 2.44055653
v -0.19999999 1.44220757 2.44055653
v -0.17499999 1.59448512 2.44055653
v -0.19999999 0.83309736 2.44055653
v -0.19999999 1.13765246 2.44055653
v -0.17499999 0.83309736 2.44055653
v -0.12499999 1.28993002 2.44055653
v -0.17499999 1.28993002 2.44055653
v -0.14999999 1.44220757 2.44055653
v -0.12499999 1.13765246 2.44055653
v -0.17499999 1.44220757 2.44055653
v -0.12499999 0.83309736 2.44055653
v -0.17499999 1.13765246 2.44055653
v -0.14999999 0.83309736 2.44055653
v -0.12499999 0.98537491 2.44055653
v -0.17499999 0.98537491 2.44055653
v -0.14999999 1.13765246 2.44055653
v 0.00000000 0.68081981 1.59568247
v -0.09999999 0.68081981 1.59568247
v -0.19999999 0.68081981 1.59568247
v 0.00000000 0.68081981 1.17324544
v 0.00000000 0.68081981 2.01811950
v -0.05000000 0.68081981 1.17324544
v -0.14999999 0.68081981 2.01811950
v -0.05000000 0.68081981 1.59568247
v -0.05000000 0.68081981 2.01811950
v -0.09999999 0.68081981 2.01811950
v -0.09999999 0.68081981 1.17324544
v -0.19999999 0.68081981 2.01811950
v -0.19999999 0.68081981 1.17324544
v -0.14999999 0.68081981 1.59568247
v -0.14999999 0.68081981 1.17324544
v 0.00000000 0.68081981 0.96202693
v 0.00000000 0.68081981 1.38446396
v 0.00000000 0.68081981 2.22933801
v 0.00000000 0.68081981 1.80690099
v -0.02500000 0.68081981 0.96202693
v -0.07500000 0.68081981 1.38446396
v -0.02500000 0.68081981 1.17324544
v -0.17499999 0.68081981 2.22933801
v -0.12499999 0.68081981 1.80690099
v -0.02500000 0.68081981 1.59568247
v -0.07500000 0.68081981 1.59568247
v -0.02500000 0.68081981 1.38446396
v -0.05000000 0.68081981 1.38446396
v -0.02500000 0.68081981 2.22933801
v -0.14999999 0.68081981 2.22933801
v -0.02500000 0.68081981 1.80690099
v -0.07500000 0.68081981 2.22933801
v -0.02500000 0.68081981 2.01811950
v -0.05000000 0.68081981 1.80690099
v -0.05000000 0.68081981 2.22933801
v -0.09999999 0.68081981 1.80690099
v -0.09999999 0.68081981 2.22933801
v -0.12499999 0.68081981 2.01811950
v -0.07500000 0.68081981 1.80690099
v -0.12499999 0.68081981 2.22933801
v -0.07500000 0.68081981 2.01811950
v -0.05000000 0.68081981 0.96202693
v -0.09999999 0.68081981 1.38446396
v -0.09999999 0.68081981 0.96202693
v -0.07500000 0.68081981 1.17324544
v -0.07500000 0.68081981 0.96202693
v -0.19999999 0.68081981 2.22933801
v -0.19999999 0.68081981 1.80690099
v -0.17499999 0.68081981 2.01811950
v -0.19999999 0.68081981 0.96202693
v -0.19999999 0.68081981 1.38446396
v -0.17499999 0.68081981 0.96202693
v -0.12499999 0.68081981 1.59568247
v -0.17499999 0.68081981 1.59568247
v -0.14999999 0.68081981 1.80690099
v -0.12499999 0.68081981 1.38446396
v -0.17499999 0.68081981 1.80690099
v -0.12499999 0.68081981 0.96202693
v -0.17499999 0.68081981 1.38446396
v -0.14999999 0.68081981 0.96202693
v -0.12499999 0.68081981 1.17324544
v -0.17499999 0.68081981 1.17324544
v -0.14999999 0.68081981 1.38446396
v -0.19999999 1.28993002 1.59568247
v -0.19999999 0.98537491 1.17324544
v -0.19999999 1.59448512 2.01811950
v -0.19999999 0.98537491 1.59568247
v -0.19999999 0.98537491 2.01811950
v -0.19999999 1.28993002 2.01811950
v -0.19999999 1.28993002 1.17324544
v -0.19999999 1.59448512 1.59568247
v -0.19999999 1.59448512 1.17324544
v -0.19999999 0.83309736 0.96202693
v -0.19999999 1.13765246 1.38446396
v -0.19999999 0.83309736 1.17324544
v -0.19999999 1.74676267 2.22933801
v -0.19999999 1.44220757 1.80690099
v -0.19999999 0.83309736 1.59568247
v -0.19999999 1.13765246 1.59568247
v -0.19999999 0.83309736 1.38446396
v -0.19999999 0.98537491 1.38446396
v -0.19999999 0.83309736 2.22933801
v -0.19999999 1.59448512 2.22933801
v -0.19999999 0.83309736 1.80690099
v -0.19999999 1.13765246 2.22933801
v -0.19999999 0.83309736 2.01811950
v -0.19999999 0.98537491 1.80690099
v -0.19999999 0.98537491 2.22933801
v -0.19999999 1.28993002 1.80690099
v -0.19999999 1.28993002 2.22933801
v -0.19999999 1.44220757 2.01811950
v -0.19999999 1.13765246 1.80690099
v -0.19999999 1.44220757 2.22933801
v -0.19999999 1.13765246 2.01811950
v -0.19999999 0.98537491 0.96202693
v -0.19999999 1.28993002 1.38446396
v -0.19999999 1.28993002 0.96202693
v -0.19999999 1.13765246 1.17324544
v -0.19999999 1.13765246 0.96202693
v -0.19999999 1.74676267 2.01811950
v -0.19999999 1.74676267 0.96202693
v -0.19999999 1.44220757 1.59568247
v -0.19999999 1.74676267 1.59568247
v -0.19999999 1.59448512 1.80690099
v -0.19999999 1.44220757 1.38446396
v -0.19999999 1.74676267 1.80690099
v -0.19999999 1.44220757 0.96202693
v -0.19999999 1.74676267 1.38446396
v -0.19999999 1.59448512 0.96202693
v -0.19999999 1.44220757 1.17324544
v -0.19999999 1.74676267 1.17324544
v -0.19999999 1.59448512 1.38446396
v 0.00000000 0.34040990 2.81596065
v 0.00000000 0.34040990 1.97108659
v 0.00000000 1.63033989 2.81596065
v 0.00000000 1.63033989 0.37540421
v 0.00000000 0.34040990 0.37540421
v 0.00000000 2.23945010 1.97108659
v 0.00000000 2.23945010 0.37540421
v 0.00000000 2.23945010 2.81596065
v 0.00000000 0.51061486 2.62825859
v 0.00000000 0.17020495 3.00366271
v 0.00000000 0.51061486 2.20582156
v 0.00000000 0.51061486 1.36094750
v 0.00000000 0.17020495 2.58122568
v 0.00000000 0.51061486 1.78338453
v 0.00000000 0.34040990 2.39352362
v 0.00000000 1.15557985 2.62825859
v 0.00000000 2.10509993 3.00366271
v 0.00000000 0.98537490 2.81596065
v 0.00000000 0.81516995 3.00366271
v 0.00000000 1.46013494 3.00366271
v 0.00000000 1.15557985 0.56310631
v 0.00000000 2.10509993 0.18770210
v 0.00000000 0.51061486 0.56310631
v 0.00000000 0.17020495 0.18770210
v 0.00000000 0.34040990 1.17324540
v 0.00000000 0.98537490 0.37540421
v 0.00000000 0.17020495 1.78338449
v 0.00000000 0.17020495 0.98554330
v 0.00000000 1.46013494 0.18770210
v 0.00000000 0.81516995 0.18770210
v 0.00000000 1.46013495 0.56310631
v 0.00000000 2.40965503 2.58122568
v 0.00000000 2.06924516 1.36094750
v 0.00000000 2.40965503 1.78338449
v 0.00000000 2.40965503 0.18770210
v 0.00000000 2.06924516 0.56310631
v 0.00000000 1.93489499 0.37540421
v 0.00000000 2.40965503 0.98554330
v 0.00000000 1.76469006 0.56310631
v 0.00000000 2.23945010 1.17324540
v 0.00000000 1.46013495 2.62825859
v 0.00000000 2.40965503 3.00366271
v 0.00000000 2.06924516 2.62825859
v 0.00000000 1.93489499 2.81596065
v 0.00000000 2.23945010 2.39352362
v 0.00000000 1.76469006 2.62825859
v 0.00000000 2.06924516 1.78338453
v 0.00000000 2.06924516 2.20582156
v 0.00000000 0.59571733 2.53440756
v 0.00000000 0.42551238 2.72210962
v 0.00000000 0.59571733 2.32318904
v 0.00000000 0.08510248 3.09751374
v 0.00000000 0.25530743 2.90981168
v 0.00000000 0.59571733 1.90075202
v 0.00000000 0.42551238 2.51089110
v 0.00000000 0.59571733 2.11197053
v 0.00000000 0.51061486 2.41704007
v 0.00000000 0.59571733 1.05587796
v 0.00000000 0.42551238 1.66601705
v 0.00000000 0.59571733 1.26709647
v 0.00000000 0.08510248 2.88629522
v 0.00000000 0.25530743 2.27615613
v 0.00000000 0.17020495 2.79244419
v 0.00000000 0.59571733 1.68953350
v 0.00000000 0.42551238 1.87723556
v 0.00000000 0.59571733 1.47831499
v 0.00000000 0.51061486 1.99460305
v 0.00000000 0.51061486 1.57216602
v 0.00000000 0.34040990 2.60474213
v 0.00000000 0.34040990 2.18230511
v 0.00000000 0.25530743 2.69859316
v 0.00000000 0.42551238 2.29967259
v 0.00000000 0.25530743 2.48737465
v 0.00000000 0.42551238 2.08845408
v 0.00000000 0.91819983 2.53440756
v 0.00000000 1.39295987 2.72210962
v 0.00000000 0.83309735 2.62825859
v 0.00000000 2.34247995 3.09751374
v 0.00000000 1.86771991 2.90981168
v 0.00000000 0.66289240 2.81596065
v 0.00000000 1.30785739 2.81596065
v 0.00000000 0.74799488 2.72210962
v 0.00000000 1.07047737 2.72210962
v 0.00000000 0.40758497 3.09751374
v 0.00000000 2.01999746 3.09751374
v 0.00000000 0.57778993 2.90981168
v 0.00000000 1.05254997 3.09751374
v 0.00000000 0.49268745 3.00366271
v 0.00000000 0.90027242 2.90981168
v 0.00000000 0.73006747 3.09751374
v 0.00000000 1.54523741 2.90981168
v 0.00000000 1.37503246 3.09751374
v 0.00000000 1.78261743 3.00366271
v 0.00000000 1.22275492 2.90981168
v 0.00000000 1.69751496 3.09751374
v 0.00000000 1.13765244 3.00366271
v 0.00000000 0.91819983 0.65695737
v 0.00000000 1.39295987 0.46925526
v 0.00000000 2.34247995 0.09385105
v 0.00000000 1.86771991 0.28155316
v 0.00000000 0.59571733 0.65695737
v 0.00000000 0.42551238 0.46925526
v 0.00000000 0.51061486 0.96202691
v 0.00000000 0.83309735 0.56310631
v 0.00000000 0.08510248 0.09385105
v 0.00000000 0.25530743 0.28155316
v 0.00000000 0.34040990 1.57216600
v 0.00000000 0.34040990 0.77432480
v 0.00000000 0.42551238 1.26709645
v 0.00000000 0.42551238 0.86817586
v 0.00000000 1.30785739 0.37540421
v 0.00000000 0.66289240 0.37540421
v 0.00000000 1.07047737 0.46925526
v 0.00000000 0.74799488 0.46925526
v 0.00000000 0.08510248 2.48737463
v 0.00000000 0.08510248 0.49277165
v 0.00000000 0.25530743 1.87723554
v 0.00000000 0.08510248 1.68953343
v 0.00000000 0.17020495 2.18230508
v 0.00000000 0.25530743 1.47831494
v 0.00000000 0.08510248 2.08845403
v 0.00000000 0.25530743 0.68047375
v 0.00000000 0.08510248 1.29061284
v 0.00000000 0.17020495 0.58662270
v 0.00000000 0.25530743 1.07939435
v 0.00000000 0.08510248 0.89169224
v 0.00000000 0.17020495 1.38446389
v 0.00000000 2.01999746 0.09385105
v 0.00000000 0.40758497 0.09385105
v 0.00000000 1.54523741 0.28155316
v 0.00000000 1.37503246 0.09385105
v 0.00000000 1.78261743 0.18770210
v 0.00000000 1.22275492 0.28155316
v 0.00000000 1.69751496 0.09385105
v 0.00000000 0.57778993 0.28155316
v 0.00000000 1.05254997 0.09385105
v 0.00000000 0.49268745 0.18770210
v 0.00000000 0.90027242 0.28155316
v 0.00000000 0.73006747 0.09385105
v 0.00000000 1.13765244 0.18770210
v 0.00000000 1.07047738 0.65695737
v 0.00000000 1.54523742 0.46925526
v 0.00000000 1.37503248 0.65695737
v 0.00000000 1.30785740 0.56310631
v 0.00000000 1.22275493 0.65695737
v 0.00000000 2.49475750 2.88629522
v 0.00000000 2.32455257 2.27615613
v 0.00000000 2.49475750 2.48737463
v 0.00000000 1.98414269 1.05587796
v 0.00000000 2.15434763 1.66601705
v 0.00000000 2.49475750 1.68953343
v 0.00000000 2.32455257 1.87723554
v 0.00000000 2.49475750 2.08845403
v 0.00000000 2.40965503 2.18230508
v 0.00000000 2.49475750 0.09385105
v 0.00000000 2.32455257 0.28155316
v 0.00000000 2.25737748 0.18770210
v 0.00000000 2.49475750 0.49277165
v 0.00000000 1.98414269 0.65695737
v 0.00000000 2.15434763 0.46925526
v 0.00000000 1.83186514 0.65695737
v 0.00000000 2.06924516 0.96202691
v 0.00000000 1.78261744 0.37540421
v 0.00000000 2.08717255 0.37540421
v 0.00000000 2.01999746 0.28155316
v 0.00000000 1.69751497 0.46925526
v 0.00000000 2.17227501 0.28155316
v 0.00000000 2.49475750 1.29061284
v 0.00000000 2.32455257 0.68047375
v 0.00000000 2.49475750 0.89169224
v 0.00000000 2.40965503 1.38446389
v 0.00000000 2.40965503 0.58662270
v 0.00000000 1.52731004 0.65695737
v 0.00000000 2.00207008 0.46925526
v 0.00000000 1.67958759 0.65695737
v 0.00000000 1.61241250 0.56310631
v 0.00000000 1.91696761 0.56310631
v 0.00000000 1.84979253 0.46925526
v 0.00000000 2.23945010 1.57216600
v 0.00000000 2.23945010 0.77432480
v 0.00000000 2.15434763 1.26709645
v 0.00000000 2.32455257 1.47831494
v 0.00000000 2.15434763 0.86817586
v 0.00000000 2.32455257 1.07939435
v 0.00000000 1.07047738 2.53440756
v 0.00000000 1.54523742 2.72210962
v 0.00000000 1.37503248 2.53440756
v 0.00000000 1.30785740 2.62825859
v 0.00000000 1.22275493 2.53440756
v 0.00000000 2.49475750 3.09751374
v 0.00000000 2.32455257 2.90981168
v 0.00000000 2.25737748 3.00366271
v 0.00000000 2.40965503 2.79244419
v 0.00000000 1.98414269 2.53440756
v 0.00000000 2.15434763 2.72210962
v 0.00000000 1.83186514 2.53440756
v 0.00000000 1.78261744 2.81596065
v 0.00000000 2.08717255 2.81596065
v 0.00000000 2.01999746 2.90981168
v 0.00000000 1.69751497 2.72210962
v 0.00000000 2.17227501 2.90981168
v 0.00000000 2.23945010 2.18230511
v 0.00000000 2.23945010 2.60474213
v 0.00000000 2.32455257 2.48737465
v 0.00000000 2.32455257 2.69859316
v 0.00000000 1.52731004 2.53440756
v 0.00000000 2.00207008 2.72210962
v 0.00000000 1.67958759 2.53440756
v 0.00000000 1.61241250 2.62825859
v 0.00000000 1.91696761 2.62825859
v 0.00000000 1.84979253 2.72210962
v 0.00000000 1.98414269 1.26709647
v 0.00000000 1.98414269 2.32318904
v 0.00000000 2.15434763 1.87723556
v 0.00000000 1.98414269 1.68953350
v 0.00000000 2.06924516 1.57216602
v 0.00000000 2.15434763 2.08845408
v 0.00000000 1.98414269 1.47831499
v 0.00000000 2.15434763 2.51089110
v 0.00000000 1.98414269 1.90075202
v 0.00000000 2.06924516 2.41704007
v 0.00000000 2.15434763 2.29967259
v 0.00000000 1.98414269 2.11197053
v 0.00000000 2.06924516 1.99460305
v 0.54956108 0.19999999 1.09568238
v 0.54956108 0.19999999 2.09568238
v 2.04956102 0.19999999 2.09568238
v 2.04956102 0.19999999 1.09568238
v 0.54956108 0.19999999 1.59568238
v 1.29956105 0.19999999 1.59568238
v 1.29956105 0.19999999 2.09568238
v 1.29956105 0.19999999 1.09568238
v 2.04956102 0.19999999 1.59568238
v 0.54956108 0.19999999 1.34568238
v 0.54956108 0.19999999 1.84568238
v 0.92456107 0.19999999 1.34568238
v 1.67456104 0.19999999 1.84568238
v 0.92456107 0.19999999 1.59568238
v 0.92456107 0.19999999 2.09568238
v 1.67456104 0.19999999 2.09568238
v 0.92456107 0.19999999 1.84568238
v 1.29956105 0.19999999 1.84568238
v 0.92456107 0.19999999 1.09568238
v 1.67456104 0.19999999 1.09568238
v 1.29956105 0.19999999 1.34568238
v 2.04956102 0.19999999 1.84568238
v 2.04956102 0.19999999 1.34568238
v 1.67456104 0.19999999 1.59568238
v 1.67456104 0.19999999 1.34568238
v 0.54956108 0.19999999 1.22068238
v 0.54956108 0.19999999 1.47068238
v 0.54956108 0.19999999 1.97068238
v 0.54956108 0.19999999 1.72068238
v 0.73706108 0.19999999 1.22068238
v 1.11206106 0.19999999 1.47068238
v 0.73706108 0.19999999 1.34568238
v 1.86206103 0.19999999 1.97068238
v 1.48706105 0.19999999 1.72068238
v 0.73706108 0.19999999 1.59568238
v 1.11206106 0.19999999 1.59568238
v 0.73706108 0.19999999 1.47068238
v 0.92456107 0.19999999 1.47068238
v 0.73706108 0.19999999 2.09568238
v 1.11206106 0.19999999 2.09568238
v 0.73706108 0.19999999 1.97068238
v 1.86206103 0.19999999 2.09568238
v 1.48706105 0.19999999 2.09568238
v 1.67456104 0.19999999 1.97068238
v 0.73706108 0.19999999 1.72068238
v 1.11206106 0.19999999 1.97068238
v 0.73706108 0.19999999 1.84568238
v 0.92456107 0.19999999 1.72068238
v 0.92456107 0.19999999 1.97068238
v 1.29956105 0.19999999 1.72068238
v 1.29956105 0.19999999 1.97068238
v 1.48706105 0.19999999 1.84568238
v 1.11206106 0.19999999 1.72068238
v 1.48706105 0.19999999 1.97068238
v 1.11206106 0.19999999 1.84568238
v 0.73706108 0.19999999 1.09568238
v 1.11206106 0.19999999 1.09568238
v 0.92456107 0.19999999 1.22068238
v 1.86206103 0.19999999 1.09568238
v 1.48706105 0.19999999 1.09568238
v 1.29956105 0.19999999 1.47068238
v 1.29956105 0.19999999 1.22068238
v 1.11206106 0.19999999 1.34568238
v 1.11206106 0.19999999 1.22068238
v 2.04956102 0.19999999 1.97068238
v 2.04956102 0.19999999 1.72068238
v 1.86206103 0.19999999 1.84568238
v 2.04956102 0.19999999 1.22068238
v 2.04956102 0.19999999 1.47068238
v 1.86206103 0.19999999 1.22068238
v 1.48706105 0.19999999 1.59568238
v 1.86206103 0.19999999 1.59568238
v 1.67456104 0.19999999 1.72068238
v 1.48706105 0.19999999 1.47068238
v 1.86206103 0.19999999 1.72068238
v 1.48706105 0.19999999 1.22068238
v 1.86206103 0.19999999 1.47068238
v 1.67456104 0.19999999 1.22068238
v 1.48706105 0.19999999 1.34568238
v 1.86206103 0.19999999 1.34568238
v 1.67456104 0.19999999 1.47068238
v 0.92500001 1.06492996 0.44999999
v 0.92500001 1.51493001 0.44999999
v 0.47499999 1.51493001 0.44999999
v 0.47499999 1.06492996 0.44999999
v 0.92500001 1.28992999 0.44999999
v 0.70000000 1.28992999 0.44999999
v 0.70000000 1.51493001 0.44999999
v 0.70000000 1.06492996 0.44999999
v 0.47499999 1.28992999 0.44999999
v 0.92500001 1.17742997 0.44999999
v 0.92500001 1.40243000 0.44999999
v 0.81250001 1.17742997 0.44999999
v 0.58750000 1.40243000 0.44999999
v 0.81250001 1.28992999 0.44999999
v 0.81250001 1.51493001 0.44999999
v 0.58750000 1.51493001 0.44999999
v 0.81250001 1.40243000 0.44999999
v 0.70000000 1.40243000 0.44999999
v 0.81250001 1.06492996 0.44999999
v 0.58750000 1.06492996 0.44999999
v 0.70000000 1.17742997 0.44999999
v 0.47499999 1.40243000 0.44999999
v 0.47499999 1.17742997 0.44999999
v 0.58750000 1.28992999 0.44999999
v 0.58750000 1.17742997 0.44999999
v 0.92500001 1.12117997 0.44999999
v 0.92500001 1.23367998 0.44999999
v 0.92500001 1.45868000 0.44999999
v 0.92500001 1.34617999 0.44999999
v 0.86875001 1.12117997 0.44999999
v 0.75625001 1.23367998 0.44999999
v 0.86875001 1.17742997 0.44999999
v 0.53125000 1.45868000 0.44999999
v 0.64375000 1.34617999 0.44999999
v 0.86875001 1.28992999 0.44999999
v 0.75625001 1.28992999 0.44999999
v 0.86875001 1.23367998 0.44999999
v 0.81250001 1.23367998 0.44999999
v 0.86875001 1.51493001 0.44999999
v 0.75625001 1.51493001 0.44999999
v 0.86875001 1.45868000 0.44999999
v 0.53125000 1.51493001 0.44999999
v 0.64375000 1.51493001 0.44999999
v 0.58750000 1.45868000 0.44999999
v 0.86875001 1.34617999 0.44999999
v 0.75625001 1.45868000 0.44999999
v 0.86875001 1.40243000 0.44999999
v 0.81250001 1.34617999 0.44999999
v 0.81250001 1.45868000 0.44999999
v 0.70000000 1.34617999 0.44999999
v 0.70000000 1.45868000 0.44999999
v 0.64375000 1.40243000 0.44999999
v 0.75625001 1.34617999 0.44999999
v 0.64375000 1.45868000 0.44999999
v 0.75625001 1.40243000 0.44999999
v 0.86875001 1.06492996 0.44999999
v 0.75625001 1.06492996 0.44999999
v 0.81250001 1.12117997 0.44999999
v 0.53125000 1.06492996 0.44999999
v 0.64375000 1.06492996 0.44999999
v 0.70000000 1.23367998 0.44999999
v 0.70000000 1.12117997 0.44999999
v 0.75625001 1.17742997 0.44999999
v 0.75625001 1.12117997 0.44999999
v 0.47499999 1.45868000 0.44999999
v 0.47499999 1.34617999 0.44999999
v 0.53125000 1.40243000 0.44999999
v 0.47499999 1.12117997 0.44999999
v 0.47499999 1.23367998 0.44999999
v 0.53125000 1.12117997 0.44999999
v 0.64375000 1.28992999 0.44999999
v 0.53125000 1.28992999 0.44999999
v 0.58750000 1.34617999 0.44999999
v 0.64375000 1.23367998 0.44999999
v 0.53125000 1.34617999 0.44999999
v 0.64375000 1.12117997 0.44999999
v 0.53125000 1.23367998 0.44999999
v 0.58750000 1.12117997 0.44999999
v 0.64375000 1.17742997 0.44999999
v 0.53125000 1.17742997 0.44999999
v 0.58750000 1.23367998 0.44999999
v 0.47499999 1.06492996 0.94999999
v 0.47499999 1.51493001 0.94999999
v 0.47499999 1.06492996 0.69999999
v 0.47499999 1.28992999 0.69999999
v 0.47499999 1.28992999 0.94999999
v 0.47499999 1.51493001 0.69999999
v 0.47499999 1.06492996 0.82499999
v 0.47499999 1.06492996 0.57499999
v 0.47499999 1.17742997 0.82499999
v 0.47499999 1.40243000 0.57499999
v 0.47499999 1.17742997 0.69999999
v 0.47499999 1.17742997 0.57499999
v 0.47499999 1.28992999 0.57499999
v 0.47499999 1.17742997 0.94999999
v 0.47499999 1.40243000 0.94999999
v 0.47499999 1.28992999 0.82499999
v 0.47499999 1.51493001 0.57499999
v 0.47499999 1.51493001 0.82499999
v 0.47499999 1.40243000 0.69999999
v 0.47499999 1.40243000 0.82499999
v 0.47499999 1.06492996 0.88749999
v 0.47499999 1.06492996 0.76249999
v 0.47499999 1.06492996 0.51249999
v 0.47499999 1.06492996 0.63749999
v 0.47499999 1.12117997 0.88749999
v 0.47499999 1.23367998 0.76249999
v 0.47499999 1.12117997 0.82499999
v 0.47499999 1.45868000 0.51249999
v 0.47499999 1.34617999 0.63749999
v 0.47499999 1.12117997 0.69999999
v 0.47499999 1.23367998 0.69999999
v 0.47499999 1.12117997 0.76249999
v 0.47499999 1.17742997 0.76249999
v 0.47499999 1.12117997 0.51249999
v 0.47499999 1.40243000 0.51249999
v 0.47499999 1.12117997 0.63749999
v 0.47499999 1.23367998 0.51249999
v 0.47499999 1.12117997 0.57499999
v 0.47499999 1.17742997 0.63749999
v 0.47499999 1.17742997 0.51249999
v 0.47499999 1.28992999 0.63749999
v 0.47499999 1.28992999 0.51249999
v 0.47499999 1.34617999 0.57499999
v 0.47499999 1.23367998 0.63749999
v 0.47499999 1.34617999 0.51249999
v 0.47499999 1.23367998 0.57499999
v 0.47499999 1.12117997 0.94999999
v 0.47499999 1.23367998 0.94999999
v 0.47499999 1.17742997 0.88749999
v 0.47499999 1.45868000 0.94999999
v 0.47499999 1.34617999 0.94999999
v 0.47499999 1.28992999 0.76249999
v 0.47499999 1.28992999 0.88749999
v 0.47499999 1.23367998 0.82499999
v 0.47499999 1.23367998 0.88749999
v 0.47499999 1.51493001 0.51249999
v 0.47499999 1.51493001 0.63749999
v 0.47499999 1.45868000 0.57499999
v 0.47499999 1.51493001 0.88749999
v 0.47499999 1.51493001 0.76249999
v 0.47499999 1.45868000 0.88749999
v 0.47499999 1.34617999 0.69999999
v 0.47499999 1.45868000 0.69999999
v 0.47499999 1.40243000 0.63749999
v 0.47499999 1.34617999 0.76249999
v 0.47499999 1.45868000 0.63749999
v 0.47499999 1.34617999 0.88749999
v 0.47499999 1.45868000 0.76249999
v 0.47499999 1.40243000 0.88749999
v 0.47499999 1.34617999 0.82499999
v 0.47499999 1.45868000 0.82499999
v 0.47499999 1.40243000 0.76249999
v 1.67412233 1.51493001 0.44999999
v 1.67412233 1.06492996 0.44999999
v 2.12412238 1.06492996 0.44999999
v 2.12412238 1.51493001 0.44999999
v 1.67412233 1.28992999 0.44999999
v 1.89912236 1.28992999 0.44999999
v 1.89912236 1.06492996 0.44999999
v 1.89912236 1.51493001 0.44999999
v 2.12412238 1.28992999 0.44999999
v 1.67412233 1.40243000 0.44999999
v 1.67412233 1.17742997 0.44999999
v 1.78662235 1.40243000 0.44999999
v 2.01162237 1.17742997 0.44999999
v 1.78662235 1.28992999 0.44999999
v 1.78662235 1.06492996 0.44999999
v 2.01162237 1.06492996 0.44999999
v 1.78662235 1.17742997 0.44999999
v 1.89912236 1.17742997 0.44999999
v 1.78662235 1.51493001 0.44999999
v 2.01162237 1.51493001 0.44999999
v 1.89912236 1.40243000 0.44999999
v 2.12412238 1.17742997 0.44999999
v 2.12412238 1.40243000 0.44999999
v 2.01162237 1.28992999 0.44999999
v 2.01162237 1.40243000 0.44999999
v 1.67412233 1.45868000 0.44999999
v 1.67412233 1.34617999 0.44999999
v 1.67412233 1.12117997 0.44999999
v 1.67412233 1.23367998 0.44999999
v 1.73037234 1.45868000 0.44999999
v 1.84287235 1.34617999 0.44999999
v 1.73037234 1.40243000 0.44999999
v 2.06787238 1.12117997 0.44999999
v 1.95537236 1.23367998 0.44999999
v 1.73037234 1.28992999 0.44999999
v 1.84287235 1.28992999 0.44999999
v 1.73037234 1.34617999 0.44999999
v 1.78662235 1.34617999 0.44999999
v 1.73037234 1.06492996 0.44999999
v 1.84287235 1.06492996 0.44999999
v 1.73037234 1.12117997 0.44999999
v 2.06787238 1.06492996 0.44999999
v 1.95537236 1.06492996 0.44999999
v 2.01162237 1.12117997 0.44999999
v 1.73037234 1.23367998 0.44999999
v 1.84287235 1.12117997 0.44999999
v 1.73037234 1.17742997 0.44999999
v 1.78662235 1.23367998 0.44999999
v 1.78662235 1.12117997 0.44999999
v 1.89912236 1.23367998 0.44999999
v 1.89912236 1.12117997 0.44999999
v 1.95537236 1.17742997 0.44999999
v 1.84287235 1.23367998 0.44999999
v 1.95537236 1.12117997 0.44999999
v 1.84287235 1.17742997 0.44999999
v 1.73037234 1.51493001 0.44999999
v 1.84287235 1.51493001 0.44999999
v 1.78662235 1.45868000 0.44999999
v 2.06787238 1.51493001 0.44999999
v 1.95537236 1.51493001 0.44999999
v 1.89912236 1.34617999 0.44999999
v 1.89912236 1.45868000 0.44999999
v 1.84287235 1.40243000 0.44999999
v 1.84287235 1.45868000 0.44999999
v 2.12412238 1.12117997 0.44999999
v 2.12412238 1.23367998 0.44999999
v 2.06787238 1.17742997 0.44999999
v 2.12412238 1.45868000 0.44999999
v 2.12412238 1.34617999 0.44999999
v 2.06787238 1.45868000 0.44999999
v 1.95537236 1.28992999 0.44999999
v 2.06787238 1.28992999 0.44999999
v 2.01162237 1.23367998 0.44999999
v 1.95537236 1.34617999 0.44999999
v 2.06787238 1.23367998 0.44999999
v 1.95537236 1.45868000 0.44999999
v 2.06787238 1.34617999 0.44999999
v 2.01162237 1.45868000 0.44999999
v 1.95537236 1.40243000 0.44999999
v 2.06787238 1.40243000 0.44999999
v 2.01162237 1.34617999 0.44999999
v 2.12412238 1.51493001 0.94999999
v 2.12412238 1.06492996 0.94999999
v 2.12412238 1.51493001 0.69999999
v 2.12412238 1.28992999 0.69999999
v 2.12412238 1.28992999 0.94999999
v 2.12412238 1.06492996 0.69999999
v 2.12412238 1.51493001 0.82499999
v 2.12412238 1.51493001 0.57499999
v 2.12412238 1.40243000 0.82499999
v 2.12412238 1.17742997 0.57499999
v 2.12412238 1.40243000 0.69999999
v 2.12412238 1.40243000 0.57499999
v 2.12412238 1.28992999 0.57499999
v 2.12412238 1.40243000 0.94999999
v 2.12412238 1.17742997 0.94999999
v 2.12412238 1.28992999 0.82499999
v 2.12412238 1.06492996 0.57499999
v 2.12412238 1.06492996 0.82499999
v 2.12412238 1.17742997 0.69999999
v 2.12412238 1.17742997 0.82499999
v 2.12412238 1.51493001 0.88749999
v 2.12412238 1.51493001 0.76249999
v 2.12412238 1.51493001 0.51249999
v 2.12412238 1.51493001 0.63749999
v 2.12412238 1.45868000 0.88749999
v 2.12412238 1.34617999 0.76249999
v 2.12412238 1.45868000 0.82499999
v 2.12412238 1.12117997 0.51249999
v 2.12412238 1.23367998 0.63749999
v 2.12412238 1.45868000 0.69999999
v 2.12412238 1.34617999 0.69999999
v 2.12412238 1.45868000 0.76249999
v 2.12412238 1.40243000 0.76249999
v 2.12412238 1.45868000 0.51249999
v 2.12412238 1.17742997 0.51249999
v 2.12412238 1.45868000 0.63749999
v 2.12412238 1.34617999 0.51249999
v 2.12412238 1.45868000 0.57499999
v 2.12412238 1.40243000 0.63749999
v 2.12412238 1.40243000 0.51249999
v 2.12412238 1.28992999 0.63749999
v 2.12412238 1.28992999 0.51249999
v 2.12412238 1.23367998 0.57499999
v 2.12412238 1.34617999 0.63749999
v 2.12412238 1.23367998 0.51249999
v 2.12412238 1.34617999 0.57499999
v 2.12412238 1.45868000 0.94999999
v 2.12412238 1.34617999 0.94999999
v 2.12412238 1.40243000 0.88749999
v 2.12412238 1.12117997 0.94999999
v 2.12412238 1.23367998 0.94999999
v 2.12412238 1.28992999 0.76249999
v 2.12412238 1.28992999 0.88749999
v 2.12412238 1.34617999 0.82499999
v 2.12412238 1.34617999 0.88749999
v 2.12412238 1.06492996 0.51249999
v 2.12412238 1.06492996 0.63749999
v 2.12412238 1.12117997 0.57499999
v 2.12412238 1.06492996 0.88749999
v 2.12412238 1.06492996 0.76249999
v 2.12412238 1.12117997 0.88749999
v 2.12412238 1.23367998 0.69999999
v 2.12412238 1.12117997 0.69999999
v 2.12412238 1.17742997 0.63749999
v 2.12412238 1.23367998 0.76249999
v 2.12412238 1.12117997 0.63749999
v 2.12412238 1.23367998 0.88749999
v 2.12412238 1.12117997 0.76249999
v 2.12412238 1.17742997 0.88749999
v 2.12412238 1.23367998 0.82499999
v 2.12412238 1.12117997 0.82499999
v 2.12412238 1.17742997 0.76249999
v 1.52456105 0.92500001 0.44999999
v 1.07456112 0.92500001 0.44999999
v 1.07456112 0.47499999 0.44999999
v 1.52456105 0.47499999 0.44999999
v 1.29956108 0.92500001 0.44999999
v 1.29956108 0.70000000 0.44999999
v 1.07456112 0.70000000 0.44999999
v 1.52456105 0.70000000 0.44999999
v 1.29956108 0.47499999 0.44999999
v 1.41206107 0.92500001 0.44999999
v 1.18706110 0.92500001 0.44999999
v 1.41206107 0.81250001 0.44999999
v 1.18706110 0.58750000 0.44999999
v 1.29956108 0.81250001 0.44999999
v 1.07456112 0.81250001 0.44999999
v 1.07456112 0.58750000 0.44999999
v 1.18706110 0.81250001 0.44999999
v 1.18706110 0.70000000 0.44999999
v 1.52456105 0.81250001 0.44999999
v 1.52456105 0.58750000 0.44999999
v 1.41206107 0.70000000 0.44999999
v 1.18706110 0.47499999 0.44999999
v 1.41206107 0.47499999 0.44999999
v 1.29956108 0.58750000 0.44999999
v 1.41206107 0.58750000 0.44999999
v 1.46831106 0.92500001 0.44999999
v 1.35581107 0.92500001 0.44999999
v 1.13081111 0.92500001 0.44999999
v 1.24331109 0.92500001 0.44999999
v 1.46831106 0.86875001 0.44999999
v 1.35581107 0.75625001 0.44999999
v 1.41206107 0.86875001 0.44999999
v 1.13081111 0.53125000 0.44999999
v 1.24331109 0.64375000 0.44999999
v 1.29956108 0.86875001 0.44999999
v 1.29956108 0.75625001 0.44999999
v 1.35581107 0.86875001 0.44999999
v 1.35581107 0.81250001 0.44999999
v 1.07456112 0.86875001 0.44999999
v 1.07456112 0.75625001 0.44999999
v 1.13081111 0.86875001 0.44999999
v 1.07456112 0.53125000 0.44999999
v 1.07456112 0.64375000 0.44999999
v 1.13081111 0.58750000 0.44999999
v 1.24331109 0.86875001 0.44999999
v 1.13081111 0.75625001 0.44999999
v 1.18706110 0.86875001 0.44999999
v 1.24331109 0.81250001 0.44999999
v 1.13081111 0.81250001 0.44999999
v 1.24331109 0.70000000 0.44999999
v 1.13081111 0.70000000 0.44999999
v 1.18706110 0.64375000 0.44999999
v 1.24331109 0.75625001 0.44999999
v 1.13081111 0.64375000 0.44999999
v 1.18706110 0.75625001 0.44999999
v 1.52456105 0.86875001 0.44999999
v 1.52456105 0.75625001 0.44999999
v 1.46831106 0.81250001 0.44999999
v 1.52456105 0.53125000 0.44999999
v 1.52456105 0.64375000 0.44999999
v 1.35581107 0.70000000 0.44999999
v 1.46831106 0.70000000 0.44999999
v 1.41206107 0.75625001 0.44999999
v 1.46831106 0.75625001 0.44999999
v 1.13081111 0.47499999 0.44999999
v 1.24331109 0.47499999 0.44999999
v 1.18706110 0.53125000 0.44999999
v 1.46831106 0.47499999 0.44999999
v 1.35581107 0.47499999 0.44999999
v 1.46831106 0.53125000 0.44999999
v 1.29956108 0.64375000 0.44999999
v 1.29956108 0.53125000 0.44999999
v 1.24331109 0.58750000 0.44999999
v 1.35581107 0.64375000 0.44999999
v 1.24331109 0.53125000 0.44999999
v 1.46831106 0.64375000 0.44999999
v 1.35581107 0.53125000 0.44999999
v 1.46831106 0.58750000 0.44999999
v 1.41206107 0.64375000 0.44999999
v 1.41206107 0.53125000 0.44999999
v 1.35581107 0.58750000 0.44999999
v 1.52456105 0.47499999 0.94999999
v 1.07456112 0.47499999 0.94999999
v 1.52456105 0.47499999 0.69999999
v 1.29956108 0.47499999 0.69999999
v 1.29956108 0.47499999 0.94999999
v 1.07456112 0.47499999 0.69999999
v 1.52456105 0.47499999 0.82499999
v 1.52456105 0.47499999 0.57499999
v 1.41206107 0.47499999 0.82499999
v 1.18706110 0.47499999 0.57499999
v 1.41206107 0.47499999 0.69999999
v 1.41206107 0.47499999 0.57499999
v 1.29956108 0.47499999 0.57499999
v 1.41206107 0.47499999 0.94999999
v 1.18706110 0.47499999 0.94999999
v 1.29956108 0.47499999 0.82499999
v 1.07456112 0.47499999 0.57499999
v 1.07456112 0.47499999 0.82499999
v 1.18706110 0.47499999 0.69999999
v 1.18706110 0.47499999 0.82499999
v 1.52456105 0.47499999 0.88749999
v 1.52456105 0.47499999 0.76249999
v 1.52456105 0.47499999 0.51249999
v 1.52456105 0.47499999 0.63749999
v 1.46831106 0.47499999 0.88749999
v 1.35581107 0.47499999 0.76249999
v 1.46831106 0.47499999 0.82499999
v 1.13081111 0.47499999 0.51249999
v 1.24331109 0.47499999 0.63749999
v 1.46831106 0.47499999 0.69999999
v 1.35581107 0.47499999 0.69999999
v 1.46831106 0.47499999 0.76249999
v 1.41206107 0.47499999 0.76249999
v 1.46831106 0.47499999 0.51249999
v 1.18706110 0.47499999 0.51249999
v 1.46831106 0.47499999 0.63749999
v 1.35581107 0.47499999 0.51249999
v 1.46831106 0.47499999 0.57499999
v 1.41206107 0.47499999 0.63749999
v 1.41206107 0.47499999 0.51249999
v 1.29956108 0.47499999 0.63749999
v 1.29956108 0.47499999 0.51249999
v 1.24331109 0.47499999 0.57499999
v 1.35581107 0.47499999 0.63749999
v 1.24331109 0.47499999 0.51249999
v 1.35581107 0.47499999 0.57499999
v 1.46831106 0.47499999 0.94999999
v 1.35581107 0.47499999 0.94999999
v 1.41206107 0.47499999 0.88749999
v 1.13081111 0.47499999 0.94999999
v 1.24331109 0.47499999 0.94999999
v 1.29956108 0.47499999 0.76249999
v 1.29956108 0.47499999 0.88749999
v 1.35581107 0.47499999 0.82499999
v 1.35581107 0.47499999 0.88749999
v 1.07456112 0.47499999 0.51249999
v 1.07456112 0.47499999 0.63749999
v 1.13081111 0.47499999 0.57499999
v 1.07456112 0.47499999 0.88749999
v 1.07456112 0.47499999 0.76249999
v 1.13081111 0.47499999 0.88749999
v 1.24331109 0.47499999 0.69999999
v 1.13081111 0.47499999 0.69999999
v 1.18706110 0.47499999 0.63749999
v 1.24331109 0.47499999 0.76249999
v 1.13081111 0.47499999 0.63749999
v 1.24331109 0.47499999 0.88749999
v 1.13081111 0.47499999 0.76249999
v 1.18706110 0.47499999 0.88749999
v 1.24331109 0.47499999 0.82499999
v 1.13081111 0.47499999 0.82499999
v 1.18706110 0.47499999 0.76249999
v 1.07456112 1.65486002 0.44999999
v 1.52456105 1.65486002 0.44999999
v 1.52456105 2.10486007 0.44999999
v 1.07456112 2.10486007 0.44999999
v 1.29956108 1.65486002 0.44999999
v 1.29956108 1.87986004 0.44999999
v 1.52456105 1.87986004 0.44999999
v 1.07456112 1.87986004 0.44999999
v 1.29956108 2.10486007 0.44999999
v 1.18706110 1.65486002 0.44999999
v 1.41206107 1.65486002 0.44999999
v 1.18706110 1.76736003 0.44999999
v 1.41206107 1.99236006 0.44999999
v 1.29956108 1.76736003 0.44999999
v 1.52456105 1.76736003 0.44999999
v 1.52456105 1.99236006 0.44999999
v 1.41206107 1.76736003 0.44999999
v 1.41206107 1.87986004 0.44999999
v 1.07456112 1.76736003 0.44999999
v 1.07456112 1.99236006 0.44999999
v 1.18706110 1.87986004 0.44999999
v 1.41206107 2.10486007 0.44999999
v 1.18706110 2.10486007 0.44999999
v 1.29956108 1.99236006 0.44999999
v 1.18706110 1.99236006 0.44999999
v 1.13081111 1.65486002 0.44999999
v 1.24331109 1.65486002 0.44999999
v 1.46831106 1.65486002 0.44999999
v 1.35581107 1.65486002 0.44999999
v 1.13081111 1.71111003 0.44999999
v 1.24331109 1.82361004 0.44999999
v 1.18706110 1.71111003 0.44999999
v 1.46831106 2.04861006 0.44999999
v 1.35581107 1.93611005 0.44999999
v 1.29956108 1.71111003 0.44999999
v 1.29956108 1.82361004 0.44999999
v 1.24331109 1.71111003 0.44999999
v 1.24331109 1.76736003 0.44999999
v 1.52456105 1.71111003 0.44999999
v 1.52456105 1.82361004 0.44999999
v 1.46831106 1.71111003 0.44999999
v 1.52456105 2.04861006 0.44999999
v 1.52456105 1.93611005 0.44999999
v 1.46831106 1.99236006 0.44999999
v 1.35581107 1.71111003 0.44999999
v 1.46831106 1.82361004 0.44999999
v 1.41206107 1.71111003 0.44999999
v 1.35581107 1.76736003 0.44999999
v 1.46831106 1.76736003 0.44999999
v 1.35581107 1.87986004 0.44999999
v 1.46831106 1.87986004 0.44999999
v 1.41206107 1.93611005 0.44999999
v 1.35581107 1.82361004 0.44999999
v 1.46831106 1.93611005 0.44999999
v 1.41206107 1.82361004 0.44999999
v 1.07456112 1.71111003 0.44999999
v 1.07456112 1.82361004 0.44999999
v 1.13081111 1.76736003 0.44999999
v 1.07456112 2.04861006 0.44999999
v 1.07456112 1.93611005 0.44999999
v 1.24331109 1.87986004 0.44999999
v 1.13081111 1.87986004 0.44999999
v 1.18706110 1.82361004 0.44999999
v 1.13081111 1.82361004 0.44999999
v 1.46831106 2.10486007 0.44999999
v 1.35581107 2.10486007 0.44999999
v 1.41206107 2.04861006 0.44999999
v 1.13081111 2.10486007 0.44999999
v 1.24331109 2.10486007 0.44999999
v 1.13081111 2.04861006 0.44999999
v 1.29956108 1.93611005 0.44999999
v 1.29956108 2.04861006 0.44999999
v 1.35581107 1.99236006 0.44999999
v 1.24331109 1.93611005 0.44999999
v 1.35581107 2.04861006 0.44999999
v 1.13081111 1.93611005 0.44999999
v 1.24331109 2.04861006 0.44999999
v 1.13081111 1.99236006 0.44999999
v 1.18706110 1.93611005 0.44999999
v 1.18706110 2.04861006 0.44999999
v 1.24331109 1.99236006 0.44999999
v 1.07456112 2.10486007 0.94999999
v 1.52456105 2.10486007 0.94999999
v 1.07456112 2.10486007 0.69999999
v 1.29956108 2.10486007 0.69999999
v 1.29956108 2.10486007 0.94999999
v 1.52456105 2.10486007 0.69999999
v 1.07456112 2.10486007 0.82499999
v 1.07456112 2.10486007 0.57499999
v 1.18706110 2.10486007 0.82499999
v 1.41206107 2.10486007 0.57499999
v 1.18706110 2.10486007 0.69999999
v 1.18706110 2.10486007 0.57499999
v 1.29956108 2.10486007 0.57499999
v 1.18706110 2.10486007 0.94999999
v 1.41206107 2.10486007 0.94999999
v 1.29956108 2.10486007 0.82499999
v 1.52456105 2.10486007 0.57499999
v 1.52456105 2.10486007 0.82499999
v 1.41206107 2.10486007 0.69999999
v 1.41206107 2.10486007 0.82499999
v 1.07456112 2.10486007 0.88749999
v 1.07456112 2.10486007 0.76249999
v 1.07456112 2.10486007 0.51249999
v 1.07456112 2.10486007 0.63749999
v 1.13081111 2.10486007 0.88749999
v 1.24331109 2.10486007 0.76249999
v 1.13081111 2.10486007 0.82499999
v 1.46831106 2.10486007 0.51249999
v 1.35581107 2.10486007 0.63749999
v 1.13081111 2.10486007 0.69999999
v 1.24331109 2.10486007 0.69999999
v 1.13081111 2.10486007 0.76249999
v 1.18706110 2.10486007 0.76249999
v 1.13081111 2.10486007 0.51249999
v 1.41206107 2.10486007 0.51249999
v 1.13081111 2.10486007 0.63749999
v 1.24331109 2.10486007 0.51249999
v 1.13081111 2.10486007 0.57499999
v 1.18706110 2.10486007 0.63749999
v 1.18706110 2.10486007 0.51249999
v 1.29956108 2.10486007 0.63749999
v 1.29956108 2.10486007 0.51249999
v 1.35581107 2.10486007 0.57499999
v 1.24331109 2.10486007 0.63749999
v 1.35581107 2.10486007 0.51249999
v 1.24331109 2.10486007 0.57499999
v 1.13081111 2.10486007 0.94999999
v 1.24331109 2.10486007 0.94999999
v 1.18706110 2.10486007 0.88749999
v 1.46831106 2.10486007 0.94999999
v 1.35581107 2.10486007 0.94999999
v 1.29956108 2.10486007 0.76249999
v 1.29956108 2.10486007 0.88749999
v 1.24331109 2.10486007 0.82499999
v 1.24331109 2.10486007 0.88749999
v 1.52456105 2.10486007 0.51249999
v 1.52456105 2.10486007 0.63749999
v 1.46831106 2.10486007 0.57499999
v 1.52456105 2.10486007 0.88749999
v 1.52456105 2.10486007 0.76249999
v 1.46831106 2.10486007 0.88749999
v 1.35581107 2.10486007 0.69999999
v 1.46831106 2.10486007 0.69999999
v 1.41206107 2.10486007 0.63749999
v 1.35581107 2.10486007 0.76249999
v 1.46831106 2.10486007 0.63749999
v 1.35581107 2.10486007 0.88749999
v 1.46831106 2.10486007 0.76249999
v 1.41206107 2.10486007 0.88749999
v 1.35581107 2.10486007 0.82499999
v 1.46831106 2.10486007 0.82499999
v 1.41206107 2.10486007 0.76249999
v 1.89912224 1.87986004 0.75000000
v 0.69999999 1.87986004 0.75000000
v 0.69999999 0.69999999 0.75000000
v 1.89912224 0.69999999 0.75000000
v 1.29956111 1.87986004 0.75000000
v 1.29956111 1.28993002 0.75000000
v 0.69999999 1.28993002 0.75000000
v 1.89912224 1.28993002 0.75000000
v 1.29956111 0.69999999 0.75000000
v 1.59934168 1.87986004 0.75000000
v 0.99978055 1.87986004 0.75000000
v 1.59934168 1.58489503 0.75000000
v 0.99978055 0.99496500 0.75000000
v 1.29956111 1.58489503 0.75000000
v 0.69999999 1.58489503 0.75000000
v 0.69999999 0.99496500 0.75000000
v 0.99978055 1.58489503 0.75000000
v 0.99978055 1.28993002 0.75000000
v 1.89912224 1.58489503 0.75000000
v 1.89912224 0.99496500 0.75000000
v 1.59934168 1.28993002 0.75000000
v 0.99978055 0.69999999 0.75000000
v 1.59934168 0.69999999 0.75000000
v 1.29956111 0.99496500 0.75000000
v 1.59934168 0.99496500 0.75000000
v 1.74923196 1.87986004 0.75000000
v 1.44945139 1.87986004 0.75000000
v 0.84989027 1.87986004 0.75000000
v 1.14967083 1.87986004 0.75000000
v 1.74923196 1.73237754 0.75000000
v 1.44945139 1.43741252 0.75000000
v 1.59934168 1.73237754 0.75000000
v 0.84989027 0.84748250 0.75000000
v 1.14967083 1.14244751 0.75000000
v 1.29956111 1.73237754 0.75000000
v 1.29956111 1.43741252 0.75000000
v 1.44945139 1.73237754 0.75000000
v 1.44945139 1.58489503 0.75000000
v 0.69999999 1.73237754 0.75000000
v 0.69999999 1.43741252 0.75000000
v 0.84989027 1.73237754 0.75000000
v 0.69999999 0.84748250 0.75000000
v 0.69999999 1.14244751 0.75000000
v 0.84989027 0.99496500 0.75000000
v 1.14967083 1.73237754 0.75000000
v 0.84989027 1.43741252 0.75000000
v 0.99978055 1.73237754 0.75000000
v 1.14967083 1.58489503 0.75000000
v 0.84989027 1.58489503 0.75000000
v 1.14967083 1.28993002 0.75000000
v 0.84989027 1.28993002 0.75000000
v 0.99978055 1.14244751 0.75000000
v 1.14967083 1.43741252 0.75000000
v 0.84989027 1.14244751 0.75000000
v 0.99978055 1.43741252 0.75000000
v 1.89912224 1.73237754 0.75000000
v 1.89912224 1.43741252 0.75000000
v 1.74923196 1.58489503 0.75000000
v 1.89912224 0.84748250 0.75000000
v 1.89912224 1.14244751 0.75000000
v 1.44945139 1.28993002 0.75000000
v 1.74923196 1.28993002 0.75000000
v 1.59934168 1.43741252 0.75000000
v 1.74923196 1.43741252 0.75000000
v 0.84989027 0.69999999 0.75000000
v 1.14967083 0.69999999 0.75000000
v 0.99978055 0.84748250 0.75000000
v 1.74923196 0.69999999 0.75000000
v 1.44945139 0.69999999 0.75000000
v 1.74923196 0.84748250 0.75000000
v 1.29956111 1.14244751 0.75000000
v 1.29956111 0.84748250 0.75000000
v 1.14967083 0.99496500 0.75000000
v 1.44945139 1.14244751 0.75000000
v 1.14967083 0.84748250 0.75000000
v 1.74923196 1.14244751 0.75000000
v 1.44945139 0.84748250 0.75000000
v 1.74923196 0.99496500 0.75000000
v 1.59934168 1.14244751 0.75000000
v 1.59934168 0.84748250 0.75000000
v 1.44945139 0.99496500 0.75000000
f 1 81 85
f 81 25 87
f 85 87 27
f 81 87 85
f 25 82 92
f 82 9 90
f 92 90 29
f 82 90 92
f 27 93 86
f 93 29 91
f 86 91 10
f 93 91 86
f 25 92 87
f 92 29 93
f 87 93 27
f 92 93 87
f 9 84 100
f 84 26 102
f 100 102 32
f 84 102 100
f 26 83 96
f 83 2 94
f 96 94 30
f 83 94 96
f 32 104 101
f 104 30 95
f 101 95 11
f 104 95 101
f 26 96 102
f 96 30 104
f 102 104 32
f 96 104 102
f 10 105 89
f 105 33 107
f 89 107 28
f 105 107 89
f 33 106 109
f 106 11 98
f 109 98 31
f 106 98 109
f 28 99 88
f 99 31 97
f 88 97 3
f 99 97 88
f 33 109 107
f 109 31 99
f 107 99 28
f 109 99 107
f 9 100 90
f 100 32 103
f 90 103 29
f 100 103 90
f 32 101 110
f 101 11 106
f 110 106 33
f 101 106 110
f 29 108 91
f 108 33 105
f 91 105 10
f 108 105 91
f 32 110 103
f 110 33 108
f 103 108 29
f 110 108 103
f 1 85 85
f 85 27 27
f 85 27 27
f 85 27 85
f 27 86 86
f 86 10 10
f 86 10 10
f 86 10 86
f 27 86 86
f 86 10 10
f 86 10 10
f 86 10 86
f 27 86 27
f 86 10 86
f 27 86 27
f 86 86 27
f 10 89 89
f 89 28 28
f 89 28 28
f 89 28 89
f 28 88 88
f 88 3 3
f 88 3 3
f 88 3 88
f 28 88 88
f 88 3 3
f 88 3 3
f 88 3 88
f 28 88 28
f 88 3 88
f 28 88 28
f 88 88 28
f 10 89 89
f 89 28 28
f 89 28 28
f 89 28 89
f 28 88 88
f 88 3 3
f 88 3 3
f 88 3 88
f 28 88 88
f 88 3 3
f 88 3 3
f 88 3 88
f 28 88 28
f 88 3 88
f 28 88 28
f 88 88 28
f 10 89 10
f 89 28 89
f 10 89 10
f 89 89 10
f 28 88 28
f 88 3 88
f 28 88 28
f 88 88 28
f 10 89 10
f 89 28 89
f 10 89 10
f 89 89 10
f 28 28 89
f 28 28 89
f 89 89 10
f 28 89 89
f 2 83 120
f 83 26 122
f 120 122 37
f 83 122 120
f 26 84 128
f 84 9 126
f 128 126 39
f 84 126 128
f 37 130 121
f 130 39 127
f 121 127 13
f 130 127 121
f 26 128 122
f 128 39 130
f 122 130 37
f 128 130 122
f 9 82 116
f 82 25 118
f 116 118 36
f 82 118 116
f 25 81 113
f 81 1 111
f 113 111 34
f 81 111 113
f 36 119 117
f 119 34 112
f 117 112 12
f 119 112 117
f 25 113 118
f 113 34 119
f 118 119 36
f 113 119 118
f 13 132 124
f 132 40 135
f 124 135 38
f 132 135 124
f 40 131 133
f 131 12 115
f 133 115 35
f 131 115 133
f 38 125 123
f 125 35 114
f 123 114 4
f 125 114 123
f 40 133 135
f 133 35 125
f 135 125 38
f 133 125 135
f 9 116 126
f 116 36 129
f 126 129 39
f 116 129 126
f 36 117 134
f 117 12 131
f 134 131 40
f 117 131 134
f 39 136 127
f 136 40 132
f 127 132 13
f 136 132 127
f 36 134 129
f 134 40 136
f 129 136 39
f 134 136 129
f 2 120 120
f 120 37 37
f 120 37 37
f 120 37 120
f 37 121 121
f 121 13 13
f 121 13 13
f 121 13 121
f 37 121 121
f 121 13 13
f 121 13 13
f 121 13 121
f 37 121 37
f 121 13 121
f 37 121 37
f 121 121 37
f 13 124 124
f 124 38 38
f 124 38 38
f 124 38 124
f 38 123 123
f 123 4 4
f 123 4 4
f 123 4 123
f 38 123 123
f 123 4 4
f 123 4 4
f 123 4 123
f 38 123 38
f 123 4 123
f 38 123 38
f 123 123 38
f 13 124 124
f 124 38 38
f 124 38 38
f 124 38 124
f 38 123 123
f 123 4 4
f 123 4 4
f 123 4 123
f 38 123 123
f 123 4 4
f 123 4 4
f 123 4 123
f 38 123 38
f 123 4 123
f 38 123 38
f 123 123 38
f 13 124 13
f 124 38 124
f 13 124 13
f 124 124 13
f 38 123 38
f 123 4 123
f 38 123 38
f 123 123 38
f 13 124 13
f 124 38 124
f 13 124 13
f 124 124 13
f 38 38 124
f 38 38 124
f 124 124 13
f 38 124 124
f 3 146 163
f 146 44 165
f 163 165 48
f 146 165 163
f 44 147 170
f 147 15 168
f 170 168 50
f 147 168 170
f 48 171 164
f 171 50 169
f 164 169 16
f 171 169 164
f 44 170 165
f 170 50 171
f 165 171 48
f 170 171 165
f 15 150 178
f 150 45 180
f 178 180 53
f 150 180 178
f 45 149 174
f 149 5 172
f 174 172 51
f 149 172 174
f 53 182 179
f 182 51 173
f 179 173 17
f 182 173 179
f 45 174 180
f 174 51 182
f 180 182 53
f 174 182 180
f 16 183 167
f 183 54 185
f 167 185 49
f 183 185 167
f 54 184 187
f 184 17 176
f 187 176 52
f 184 176 187
f 49 177 166
f 177 52 175
f 166 175 6
f 177 175 166
f 54 187 185
f 187 52 177
f 185 177 49
f 187 177 185
f 15 178 168
f 178 53 181
f 168 181 50
f 178 181 168
f 53 179 188
f 179 17 184
f 188 184 54
f 179 184 188
f 50 186 169
f 186 54 183
f 169 183 16
f 186 183 169
f 53 188 181
f 188 54 186
f 181 186 50
f 188 186 181
f 3 163 163
f 163 48 48
f 163 48 48
f 163 48 163
f 48 164 164
f 164 16 16
f 164 16 16
f 164 16 164
f 48 164 164
f 164 16 16
f 164 16 16
f 164 16 164
f 48 164 48
f 164 16 164
f 48 164 48
f 164 164 48
f 16 167 167
f 167 49 49
f 167 49 49
f 167 49 167
f 49 166 166
f 166 6 6
f 166 6 6
f 166 6 166
f 49 166 166
f 166 6 6
f 166 6 6
f 166 6 166
f 49 166 49
f 166 6 166
f 49 166 49
f 166 166 49
f 16 167 167
f 167 49 49
f 167 49 49
f 167 49 167
f 49 166 166
f 166 6 6
f 166 6 6
f 166 6 166
f 49 166 166
f 166 6 6
f 166 6 6
f 166 6 166
f 49 166 49
f 166 6 166
f 49 166 49
f 166 166 49
f 16 167 16
f 167 49 167
f 16 167 16
f 167 167 16
f 49 166 49
f 166 6 166
f 49 166 49
f 166 166 49
f 16 167 16
f 167 49 167
f 16 167 16
f 167 167 16
f 49 49 167
f 49 49 167
f 167 167 16
f 49 167 167
f 7 205 259
f 205 61 262
f 259 262 75
f 205 262 259
f 61 206 274
f 206 20 272
f 274 272 78
f 206 272 274
f 75 276 260
f 276 78 273
f 260 273 24
f 276 273 260
f 61 274 262
f 274 78 276
f 262 276 75
f 274 276 262
f 20 203 255
f 203 60 257
f 255 257 74
f 203 257 255
f 60 202 252
f 202 6 250
f 252 250 72
f 202 250 252
f 74 258 256
f 258 72 251
f 256 251 23
f 258 251 256
f 60 252 257
f 252 72 258
f 257 258 74
f 252 258 257
f 24 284 264
f 284 80 287
f 264 287 76
f 284 287 264
f 80 283 285
f 283 23 254
f 285 254 73
f 283 254 285
f 76 266 263
f 266 73 253
f 263 253 8
f 266 253 263
f 80 285 287
f 285 73 266
f 287 266 76
f 285 266 287
f 20 255 272
f 255 74 275
f 272 275 78
f 255 275 272
f 74 256 286
f 256 23 283
f 286 283 80
f 256 283 286
f 78 288 273
f 288 80 284
f 273 284 24
f 288 284 273
f 74 286 275
f 286 80 288
f 275 288 78
f 286 288 275
f 7 259 259
f 259 75 75
f 259 75 75
f 259 75 259
f 75 260 260
f 260 24 24
f 260 24 24
f 260 24 260
f 75 260 260
f 260 24 24
f 260 24 24
f 260 24 260
f 75 260 75
f 260 24 260
f 75 260 75
f 260 260 75
f 24 264 264
f 264 76 76
f 264 76 76
f 264 76 264
f 76 263 263
f 263 8 8
f 263 8 8
f 263 8 263
f 76 263 263
f 263 8 8
f 263 8 8
f 263 8 263
f 76 263 76
f 263 8 263
f 76 263 76
f 263 263 76
f 24 264 264
f 264 76 76
f 264 76 76
f 264 76 264
f 76 263 263
f 263 8 8
f 263 8 8
f 263 8 263
f 76 263 263
f 263 8 8
f 263 8 8
f 263 8 263
f 76 263 76
f 263 8 263
f 76 263 76
f 263 263 76
f 24 264 24
f 264 76 264
f 24 264 24
f 264 264 24
f 76 263 76
f 263 8 263
f 76 263 76
f 263 263 76
f 24 264 24
f 264 76 264
f 24 264 24
f 264 264 24
f 76 76 264
f 76 76 264
f 264 264 24
f 76 264 264
f 2 137 94
f 137 41 139
f 94 139 30
f 137 139 94
f 41 138 145
f 138 14 143
f 145 143 43
f 138 143 145
f 30 144 95
f 144 43 142
f 95 142 11
f 144 142 95
f 41 145 139
f 145 43 144
f 139 144 30
f 145 144 139
f 14 141 157
f 141 42 159
f 157 159 47
f 141 159 157
f 42 140 151
f 140 5 149
f 151 149 45
f 140 149 151
f 47 161 158
f 161 45 150
f 158 150 15
f 161 150 158
f 42 151 159
f 151 45 161
f 159 161 47
f 151 161 159
f 11 152 98
f 152 46 154
f 98 154 31
f 152 154 98
f 46 153 156
f 153 15 147
f 156 147 44
f 153 147 156
f 31 148 97
f 148 44 146
f 97 146 3
f 148 146 97
f 46 156 154
f 156 44 148
f 154 148 31
f 156 148 154
f 14 157 143
f 157 47 160
f 143 160 43
f 157 160 143
f 47 158 162
f 158 15 153
f 162 153 46
f 158 153 162
f 43 155 142
f 155 46 152
f 142 152 11
f 155 152 142
f 47 162 160
f 162 46 155
f 160 155 43
f 162 155 160
f 2 94 94
f 94 30 30
f 94 30 30
f 94 30 94
f 30 95 95
f 95 11 11
f 95 11 11
f 95 11 95
f 30 95 95
f 95 11 11
f 95 11 11
f 95 11 95
f 30 95 30
f 95 11 95
f 30 95 30
f 95 95 30
f 11 98 98
f 98 31 31
f 98 31 31
f 98 31 98
f 31 97 97
f 97 3 3
f 97 3 3
f 97 3 97
f 31 97 97
f 97 3 3
f 97 3 3
f 97 3 97
f 31 97 31
f 97 3 97
f 31 97 31
f 97 97 31
f 11 98 98
f 98 31 31
f 98 31 31
f 98 31 98
f 31 97 97
f 97 3 3
f 97 3 3
f 97 3 97
f 31 97 97
f 97 3 3
f 97 3 3
f 97 3 97
f 31 97 31
f 97 3 97
f 31 97 31
f 97 97 31
f 11 98 11
f 98 31 98
f 11 98 11
f 98 98 11
f 31 97 31
f 97 3 97
f 31 97 31
f 97 97 31
f 11 98 11
f 98 31 98
f 11 98 11
f 98 98 11
f 31 31 98
f 31 31 98
f 98 98 11
f 31 98 98
f 2 120 219
f 120 37 221
f 219 221 64
f 120 221 219
f 37 121 226
f 121 13 224
f 226 224 66
f 121 224 226
f 64 227 220
f 227 66 225
f 220 225 21
f 227 225 220
f 37 226 221
f 226 66 227
f 221 227 64
f 226 227 221
f 13 124 235
f 124 38 237
f 235 237 69
f 124 237 235
f 38 123 230
f 123 4 228
f 230 228 67
f 123 228 230
f 69 239 236
f 239 67 229
f 236 229 22
f 239 229 236
f 38 230 237
f 230 67 239
f 237 239 69
f 230 239 237
f 21 244 223
f 244 71 246
f 223 246 65
f 244 246 223
f 71 245 248
f 245 22 233
f 248 233 68
f 245 233 248
f 65 234 222
f 234 68 232
f 222 232 8
f 234 232 222
f 71 248 246
f 248 68 234
f 246 234 65
f 248 234 246
f 13 235 224
f 235 69 238
f 224 238 66
f 235 238 224
f 69 236 249
f 236 22 245
f 249 245 71
f 236 245 249
f 66 247 225
f 247 71 244
f 225 244 21
f 247 244 225
f 69 249 238
f 249 71 247
f 238 247 66
f 249 247 238
f 2 219 219
f 219 64 64
f 219 64 64
f 219 64 219
f 64 220 220
f 220 21 21
f 220 21 21
f 220 21 220
f 64 220 220
f 220 21 21
f 220 21 21
f 220 21 220
f 64 220 64
f 220 21 220
f 64 220 64
f 220 220 64
f 21 223 223
f 223 65 65
f 223 65 65
f 223 65 223
f 65 222 222
f 222 8 8
f 222 8 8
f 222 8 222
f 65 222 222
f 222 8 8
f 222 8 8
f 222 8 222
f 65 222 65
f 222 8 222
f 65 222 65
f 222 222 65
f 21 223 223
f 223 65 65
f 223 65 65
f 223 65 223
f 65 222 222
f 222 8 8
f 222 8 8
f 222 8 222
f 65 222 222
f 222 8 8
f 222 8 8
f 222 8 222
f 65 222 65
f 222 8 222
f 65 222 65
f 222 222 65
f 21 223 21
f 223 65 223
f 21 223 21
f 223 223 21
f 65 222 65
f 222 8 222
f 65 222 65
f 222 222 65
f 21 223 21
f 223 65 223
f 21 223 21
f 223 223 21
f 65 65 223
f 65 65 223
f 223 223 21
f 65 223 223
f 3 163 189
f 163 48 191
f 189 191 55
f 163 191 189
f 48 164 196
f 164 16 194
f 196 194 57
f 164 194 196
f 55 197 190
f 197 57 195
f 190 195 18
f 197 195 190
f 48 196 191
f 196 57 197
f 191 197 55
f 196 197 191
f 16 167 208
f 167 49 210
f 208 210 62
f 167 210 208
f 49 166 204
f 166 6 202
f 204 202 60
f 166 202 204
f 62 212 209
f 212 60 203
f 209 203 20
f 212 203 209
f 49 204 210
f 204 60 212
f 210 212 62
f 204 212 210
f 18 213 193
f 213 63 215
f 193 215 56
f 213 215 193
f 63 214 217
f 214 20 206
f 217 206 61
f 214 206 217
f 56 207 192
f 207 61 205
f 192 205 7
f 207 205 192
f 63 217 215
f 217 61 207
f 215 207 56
f 217 207 215
f 16 208 194
f 208 62 211
f 194 211 57
f 208 211 194
f 62 209 218
f 209 20 214
f 218 214 63
f 209 214 218
f 57 216 195
f 216 63 213
f 195 213 18
f 216 213 195
f 62 218 211
f 218 63 216
f 211 216 57
f 218 216 211
f 3 189 189
f 189 55 55
f 189 55 55
f 189 55 189
f 55 190 190
f 190 18 18
f 190 18 18
f 190 18 190
f 55 190 190
f 190 18 18
f 190 18 18
f 190 18 190
f 55 190 55
f 190 18 190
f 55 190 55
f 190 190 55
f 18 193 193
f 193 56 56
f 193 56 56
f 193 56 193
f 56 192 192
f 192 7 7
f 192 7 7
f 192 7 192
f 56 192 192
f 192 7 7
f 192 7 7
f 192 7 192
f 56 192 56
f 192 7 192
f 56 192 56
f 192 192 56
f 18 193 193
f 193 56 56
f 193 56 56
f 193 56 193
f 56 192 192
f 192 7 7
f 192 7 7
f 192 7 192
f 56 192 192
f 192 7 7
f 192 7 7
f 192 7 192
f 56 192 56
f 192 7 192
f 56 192 56
f 192 192 56
f 18 193 18
f 193 56 193
f 18 193 18
f 193 193 18
f 56 192 56
f 192 7 192
f 56 192 56
f 192 192 56
f 18 193 18
f 193 56 193
f 18 193 18
f 193 193 18
f 56 56 193
f 56 56 193
f 193 193 18
f 56 193 193
f 7 259 200
f 259 75 261
f 200 261 59
f 259 261 200
f 75 260 271
f 260 24 268
f 271 268 77
f 260 268 271
f 59 269 201
f 269 77 267
f 201 267 19
f 269 267 201
f 75 271 261
f 271 77 269
f 261 269 59
f 271 269 261
f 24 264 278
f 264 76 281
f 278 281 79
f 264 281 278
f 76 263 265
f 263 8 232
f 265 232 68
f 263 232 265
f 79 279 277
f 279 68 233
f 277 233 22
f 279 233 277
f 76 265 281
f 265 68 279
f 281 279 79
f 265 279 281
f 19 240 199
f 240 70 242
f 199 242 58
f 240 242 199
f 70 241 243
f 241 22 229
f 243 229 67
f 241 229 243
f 58 231 198
f 231 67 228
f 198 228 4
f 231 228 198
f 70 243 242
f 243 67 231
f 242 231 58
f 243 231 242
f 24 278 268
f 278 79 282
f 268 282 77
f 278 282 268
f 79 277 280
f 277 22 241
f 280 241 70
f 277 241 280
f 77 270 267
f 270 70 240
f 267 240 19
f 270 240 267
f 79 280 282
f 280 70 270
f 282 270 77
f 280 270 282
f 7 200 200
f 200 59 59
f 200 59 59
f 200 59 200
f 59 201 201
f 201 19 19
f 201 19 19
f 201 19 201
f 59 201 201
f 201 19 19
f 201 19 19
f 201 19 201
f 59 201 59
f 201 19 201
f 59 201 59
f 201 201 59
f 19 199 199
f 199 58 58
f 199 58 58
f 199 58 199
f 58 198 198
f 198 4 4
f 198 4 4
f 198 4 198
f 58 198 198
f 198 4 4
f 198 4 4
f 198 4 198
f 58 198 58
f 198 4 198
f 58 198 58
f 198 198 58
f 19 199 199
f 199 58 58
f 199 58 58
f 199 58 199
f 58 198 198
f 198 4 4
f 198 4 4
f 198 4 198
f 58 198 198
f 198 4 4
f 198 4 4
f 198 4 198
f 58 198 58
f 198 4 198
f 58 198 58
f 198 198 58
f 19 199 19
f 199 58 199
f 19 199 19
f 199 199 19
f 58 198 58
f 198 4 198
f 58 198 58
f 198 198 58
f 19 199 19
f 199 58 199
f 19 199 19
f 199 199 19
f 58 58 199
f 58 58 199
f 199 199 19
f 58 199 199
f 289 309 313
f 309 295 315
f 313 315 297
f 309 315 313
f 295 310 320
f 310 291 318
f 320 318 299
f 310 318 320
f 297 321 314
f 321 299 319
f 314 319 292
f 321 319 314
f 295 320 315
f 320 299 321
f 315 321 297
f 320 321 315
f 291 312 328
f 312 296 330
f 328 330 302
f 312 330 328
f 296 311 324
f 311 290 322
f 324 322 300
f 311 322 324
f 302 332 329
f 332 300 323
f 329 323 293
f 332 323 329
f 296 324 330
f 324 300 332
f 330 332 302
f 324 332 330
f 292 333 317
f 333 303 335
f 317 335 298
f 333 335 317
f 303 334 337
f 334 293 326
f 337 326 301
f 334 326 337
f 298 327 316
f 327 301 325
f 316 325 5
f 327 325 316
f 303 337 335
f 337 301 327
f 335 327 298
f 337 327 335
f 291 328 318
f 328 302 331
f 318 331 299
f 328 331 318
f 302 329 338
f 329 293 334
f 338 334 303
f 329 334 338
f 299 336 319
f 336 303 333
f 319 333 292
f 336 333 319
f 302 338 331
f 338 303 336
f 331 336 299
f 338 336 331
f 289 313 313
f 313 297 297
f 313 297 297
f 313 297 313
f 297 314 314
f 314 292 292
f 314 292 292
f 314 292 314
f 297 314 314
f 314 292 292
f 314 292 292
f 314 292 314
f 297 314 297
f 314 292 314
f 297 314 297
f 314 314 297
f 292 317 317
f 317 298 298
f 317 298 298
f 317 298 317
f 298 316 316
f 316 5 5
f 316 5 5
f 316 5 316
f 298 316 316
f 316 5 5
f 316 5 5
f 316 5 316
f 298 316 298
f 316 5 316
f 298 316 298
f 316 316 298
f 292 317 317
f 317 298 298
f 317 298 298
f 317 298 317
f 298 316 316
f 316 5 5
f 316 5 5
f 316 5 316
f 298 316 316
f 316 5 5
f 316 5 5
f 316 5 316
f 298 316 298
f 316 5 316
f 298 316 298
f 316 316 298
f 292 317 292
f 317 298 317
f 292 317 292
f 317 317 292
f 298 316 298
f 316 5 316
f 298 316 298
f 316 316 298
f 292 317 292
f 317 298 317
f 292 317 292
f 317 317 292
f 298 298 317
f 298 298 317
f 317 317 292
f 298 317 317
f 289 313 339
f 313 297 341
f 339 341 304
f 313 341 339
f 297 314 346
f 314 292 344
f 346 344 306
f 314 344 346
f 304 347 340
f 347 306 345
f 340 345 294
f 347 345 340
f 297 346 341
f 346 306 347
f 341 347 304
f 346 347 341
f 292 317 350
f 317 298 352
f 350 352 307
f 317 352 350
f 298 316 348
f 316 5 140
f 348 140 42
f 316 140 348
f 307 354 351
f 354 42 141
f 351 141 14
f 354 141 351
f 298 348 352
f 348 42 354
f 352 354 307
f 348 354 352
f 294 355 343
f 355 308 357
f 343 357 305
f 355 357 343
f 308 356 359
f 356 14 138
f 359 138 41
f 356 138 359
f 305 349 342
f 349 41 137
f 342 137 2
f 349 137 342
f 308 359 357
f 359 41 349
f 357 349 305
f 359 349 357
f 292 350 344
f 350 307 353
f 344 353 306
f 350 353 344
f 307 351 360
f 351 14 356
f 360 356 308
f 351 356 360
f 306 358 345
f 358 308 355
f 345 355 294
f 358 355 345
f 307 360 353
f 360 308 358
f 353 358 306
f 360 358 353
f 289 339 339
f 339 304 304
f 339 304 304
f 339 304 339
f 304 340 340
f 340 294 294
f 340 294 294
f 340 294 340
f 304 340 340
f 340 294 294
f 340 294 294
f 340 294 340
f 304 340 304
f 340 294 340
f 304 340 304
f 340 340 304
f 294 343 343
f 343 305 305
f 343 305 305
f 343 305 343
f 305 342 342
f 342 2 2
f 342 2 2
f 342 2 342
f 305 342 342
f 342 2 2
f 342 2 2
f 342 2 342
f 305 342 305
f 342 2 342
f 305 342 305
f 342 342 305
f 294 343 343
f 343 305 305
f 343 305 305
f 343 305 343
f 305 342 342
f 342 2 2
f 342 2 2
f 342 2 342
f 305 342 342
f 342 2 2
f 342 2 2
f 342 2 342
f 305 342 305
f 342 2 342
f 305 342 305
f 342 342 305
f 294 343 294
f 343 305 343
f 294 343 294
f 343 343 294
f 305 342 305
f 342 2 342
f 305 342 305
f 342 342 305
f 294 343 294
f 343 305 343
f 294 343 294
f 343 343 294
f 305 305 343
f 305 305 343
f 343 343 294
f 305 343 343
f 361 421 425
f 421 379 427
f 425 427 381
f 421 427 425
f 379 422 432
f 422 367 430
f 432 430 383
f 422 430 432
f 381 433 426
f 433 383 431
f 426 431 368
f 433 431 426
f 379 432 427
f 432 383 433
f 427 433 381
f 432 433 427
f 367 424 440
f 424 380 442
f 440 442 386
f 424 442 440
f 380 423 436
f 423 362 434
f 436 434 384
f 423 434 436
f 386 444 441
f 444 384 435
f 441 435 369
f 444 435 441
f 380 436 442
f 436 384 444
f 442 444 386
f 436 444 442
f 368 445 429
f 445 387 447
f 429 447 382
f 445 447 429
f 387 446 449
f 446 369 438
f 449 438 385
f 446 438 449
f 382 439 428
f 439 385 437
f 428 437 363
f 439 437 428
f 387 449 447
f 449 385 439
f 447 439 382
f 449 439 447
f 367 440 430
f 440 386 443
f 430 443 383
f 440 443 430
f 386 441 450
f 441 369 446
f 450 446 387
f 441 446 450
f 383 448 431
f 448 387 445
f 431 445 368
f 448 445 431
f 386 450 443
f 450 387 448
f 443 448 383
f 450 448 443
f 361 425 425
f 425 381 381
f 425 381 381
f 425 381 425
f 381 426 426
f 426 368 368
f 426 368 368
f 426 368 426
f 381 426 426
f 426 368 368
f 426 368 368
f 426 368 426
f 381 426 381
f 426 368 426
f 381 426 381
f 426 426 381
f 368 429 429
f 429 382 382
f 429 382 382
f 429 382 429
f 382 428 428
f 428 363 363
f 428 363 363
f 428 363 428
f 382 428 428
f 428 363 363
f 428 363 363
f 428 363 428
f 382 428 382
f 428 363 428
f 382 428 382
f 428 428 382
f 368 429 429
f 429 382 382
f 429 382 382
f 429 382 429
f 382 428 428
f 428 363 363
f 428 363 363
f 428 363 428
f 382 428 428
f 428 363 363
f 428 363 363
f 428 363 428
f 382 428 382
f 428 363 428
f 382 428 382
f 428 428 382
f 368 429 368
f 429 382 429
f 368 429 368
f 429 429 368
f 382 428 382
f 428 363 428
f 382 428 382
f 428 428 382
f 368 429 368
f 429 382 429
f 368 429 368
f 429 429 368
f 382 382 429
f 382 382 429
f 429 429 368
f 382 429 429
f 364 453 486
f 453 389 488
f 486 488 398
f 453 488 486
f 389 454 494
f 454 370 492
f 494 492 400
f 454 492 494
f 398 496 487
f 496 400 493
f 487 493 373
f 496 493 487
f 389 494 488
f 494 400 496
f 488 496 398
f 494 496 488
f 370 452 465
f 452 388 467
f 465 467 393
f 452 467 465
f 388 451 458
f 451 361 455
f 458 455 390
f 451 455 458
f 393 468 466
f 468 390 456
f 466 456 371
f 468 456 466
f 388 458 467
f 458 390 468
f 467 468 393
f 458 468 467
f 373 498 490
f 498 401 501
f 490 501 399
f 498 501 490
f 401 497 499
f 497 371 460
f 499 460 391
f 497 460 499
f 399 491 489
f 491 391 459
f 489 459 365
f 491 459 489
f 401 499 501
f 499 391 491
f 501 491 399
f 499 491 501
f 370 465 492
f 465 393 495
f 492 495 400
f 465 495 492
f 393 466 500
f 466 371 497
f 500 497 401
f 466 497 500
f 400 502 493
f 502 401 498
f 493 498 373
f 502 498 493
f 393 500 495
f 500 401 502
f 495 502 400
f 500 502 495
f 364 486 486
f 486 398 398
f 486 398 398
f 486 398 486
f 398 487 487
f 487 373 373
f 487 373 373
f 487 373 487
f 398 487 487
f 487 373 373
f 487 373 373
f 487 373 487
f 398 487 398
f 487 373 487
f 398 487 398
f 487 487 398
f 373 490 490
f 490 399 399
f 490 399 399
f 490 399 490
f 399 489 489
f 489 365 365
f 489 365 365
f 489 365 489
f 399 489 489
f 489 365 365
f 489 365 365
f 489 365 489
f 399 489 399
f 489 365 489
f 399 489 399
f 489 489 399
f 373 490 490
f 490 399 399
f 490 399 399
f 490 399 490
f 399 489 489
f 489 365 365
f 489 365 365
f 489 365 489
f 399 489 489
f 489 365 365
f 489 365 365
f 489 365 489
f 399 489 399
f 489 365 489
f 399 489 399
f 489 489 399
f 373 490 373
f 490 399 490
f 373 490 373
f 490 490 373
f 399 489 399
f 489 365 489
f 399 489 399
f 489 489 399
f 373 490 373
f 490 399 490
f 373 490 373
f 490 490 373
f 399 399 490
f 399 399 490
f 490 490 373
f 399 490 490
f 363 469 428
f 469 394 471
f 428 471 382
f 469 471 428
f 394 470 479
f 470 372 476
f 479 476 396
f 470 476 479
f 382 477 429
f 477 396 475
f 429 475 368
f 477 475 429
f 394 479 471
f 479 396 477
f 471 477 382
f 479 477 471
f 372 473 481
f 473 395 484
f 481 484 397
f 473 484 481
f 395 472 474
f 472 365 459
f 474 459 391
f 472 459 474
f 397 482 480
f 482 391 460
f 480 460 371
f 482 460 480
f 395 474 484
f 474 391 482
f 484 482 397
f 474 482 484
f 368 461 426
f 461 392 463
f 426 463 381
f 461 463 426
f 392 462 464
f 462 371 456
f 464 456 390
f 462 456 464
f 381 457 425
f 457 390 455
f 425 455 361
f 457 455 425
f 392 464 463
f 464 390 457
f 463 457 381
f 464 457 463
f 372 481 476
f 481 397 485
f 476 485 396
f 481 485 476
f 397 480 483
f 480 371 462
f 483 462 392
f 480 462 483
f 396 478 475
f 478 392 461
f 475 461 368
f 478 461 475
f 397 483 485
f 483 392 478
f 485 478 396
f 483 478 485
f 363 428 428
f 428 382 382
f 428 382 382
f 428 382 428
f 382 429 429
f 429 368 368
f 429 368 368
f 429 368 429
f 382 429 429
f 429 368 368
f 429 368 368
f 429 368 429
f 382 429 382
f 429 368 429
f 382 429 382
f 429 429 382
f 368 426 426
f 426 381 381
f 426 381 381
f 426 381 426
f 381 425 425
f 425 361 361
f 425 361 361
f 425 361 425
f 381 425 425
f 425 361 361
f 425 361 361
f 425 361 425
f 381 425 381
f 425 361 425
f 381 425 381
f 425 425 381
f 368 426 426
f 426 381 381
f 426 381 381
f 426 381 426
f 381 425 425
f 425 361 361
f 425 361 361
f 425 361 425
f 381 425 425
f 425 361 361
f 425 361 361
f 425 361 425
f 381 425 381
f 425 361 425
f 381 425 381
f 425 425 381
f 368 426 368
f 426 381 426
f 368 426 368
f 426 426 368
f 381 425 381
f 425 361 425
f 381 425 381
f 425 425 381
f 368 426 368
f 426 381 426
f 368 426 368
f 426 426 368
f 381 381 426
f 381 381 426
f 426 426 368
f 381 426 426
f 364 503 507
f 503 402 509
f 507 509 404
f 503 509 507
f 402 504 514
f 504 374 512
f 514 512 406
f 504 512 514
f 404 515 508
f 515 406 513
f 508 513 375
f 515 513 508
f 402 514 509
f 514 406 515
f 509 515 404
f 514 515 509
f 374 506 522
f 506 403 524
f 522 524 409
f 506 524 522
f 403 505 518
f 505 6 516
f 518 516 407
f 505 516 518
f 409 526 523
f 526 407 517
f 523 517 376
f 526 517 523
f 403 518 524
f 518 407 526
f 524 526 409
f 518 526 524
f 375 527 511
f 527 410 529
f 511 529 405
f 527 529 511
f 410 528 531
f 528 376 520
f 531 520 408
f 528 520 531
f 405 521 510
f 521 408 519
f 510 519 366
f 521 519 510
f 410 531 529
f 531 408 521
f 529 521 405
f 531 521 529
f 374 522 512
f 522 409 525
f 512 525 406
f 522 525 512
f 409 523 532
f 523 376 528
f 532 528 410
f 523 528 532
f 406 530 513
f 530 410 527
f 513 527 375
f 530 527 513
f 409 532 525
f 532 410 530
f 525 530 406
f 532 530 525
f 364 507 507
f 507 404 404
f 507 404 404
f 507 404 507
f 404 508 508
f 508 375 375
f 508 375 375
f 508 375 508
f 404 508 508
f 508 375 375
f 508 375 375
f 508 375 508
f 404 508 404
f 508 375 508
f 404 508 404
f 508 508 404
f 375 511 511
f 511 405 405
f 511 405 405
f 511 405 511
f 405 510 510
f 510 366 366
f 510 366 366
f 510 366 510
f 405 510 510
f 510 366 366
f 510 366 366
f 510 366 510
f 405 510 405
f 510 366 510
f 405 510 405
f 510 510 405
f 375 511 511
f 511 405 405
f 511 405 405
f 511 405 511
f 405 510 510
f 510 366 366
f 510 366 366
f 510 366 510
f 405 510 510
f 510 366 366
f 510 366 366
f 510 366 510
f 405 510 405
f 510 366 510
f 405 510 405
f 510 510 405
f 375 511 375
f 511 405 511
f 375 511 375
f 511 511 375
f 405 510 405
f 510 366 510
f 405 510 405
f 510 510 405
f 375 511 375
f 511 405 511
f 375 511 375
f 511 511 375
f 405 405 511
f 405 405 511
f 511 511 375
f 405 511 511
f 365 547 489
f 547 415 549
f 489 549 399
f 547 549 489
f 415 548 557
f 548 378 554
f 557 554 417
f 548 554 557
f 399 555 490
f 555 417 553
f 490 553 373
f 555 553 490
f 415 557 549
f 557 417 555
f 549 555 399
f 557 555 549
f 378 551 559
f 551 416 562
f 559 562 418
f 551 562 559
f 416 550 552
f 550 8 537
f 552 537 412
f 550 537 552
f 418 560 558
f 560 412 538
f 558 538 377
f 560 538 558
f 416 552 562
f 552 412 560
f 562 560 418
f 552 560 562
f 373 539 487
f 539 413 541
f 487 541 398
f 539 541 487
f 413 540 542
f 540 377 534
f 542 534 411
f 540 534 542
f 398 535 486
f 535 411 533
f 486 533 364
f 535 533 486
f 413 542 541
f 542 411 535
f 541 535 398
f 542 535 541
f 378 559 554
f 559 418 563
f 554 563 417
f 559 563 554
f 418 558 561
f 558 377 540
f 561 540 413
f 558 540 561
f 417 556 553
f 556 413 539
f 553 539 373
f 556 539 553
f 418 561 563
f 561 413 556
f 563 556 417
f 561 556 563
f 365 489 489
f 489 399 399
f 489 399 399
f 489 399 489
f 399 490 490
f 490 373 373
f 490 373 373
f 490 373 490
f 399 490 490
f 490 373 373
f 490 373 373
f 490 373 490
f 399 490 399
f 490 373 490
f 399 490 399
f 490 490 399
f 373 487 487
f 487 398 398
f 487 398 398
f 487 398 487
f 398 486 486
f 486 364 364
f 486 364 364
f 486 364 486
f 398 486 486
f 486 364 364
f 486 364 364
f 486 364 486
f 398 486 398
f 486 364 486
f 398 486 398
f 486 486 398
f 373 487 487
f 487 398 398
f 487 398 398
f 487 398 487
f 398 486 486
f 486 364 364
f 486 364 364
f 486 364 486
f 398 486 486
f 486 364 364
f 486 364 364
f 486 364 486
f 398 486 398
f 486 364 486
f 398 486 398
f 486 486 398
f 373 487 373
f 487 398 487
f 373 487 373
f 487 487 373
f 398 486 398
f 486 364 486
f 398 486 398
f 486 486 398
f 373 487 373
f 487 398 487
f 373 487 373
f 487 487 373
f 398 398 487
f 398 398 487
f 487 487 373
f 398 487 487
f 6 505 250
f 505 403 564
f 250 564 72
f 505 564 250
f 403 506 568
f 506 374 566
f 568 566 419
f 506 566 568
f 72 570 251
f 570 419 567
f 251 567 23
f 570 567 251
f 403 568 564
f 568 419 570
f 564 570 72
f 568 570 564
f 374 504 543
f 504 402 545
f 543 545 414
f 504 545 543
f 402 503 536
f 503 364 533
f 536 533 411
f 503 533 536
f 414 546 544
f 546 411 534
f 544 534 377
f 546 534 544
f 402 536 545
f 536 411 546
f 545 546 414
f 536 546 545
f 23 572 254
f 572 420 575
f 254 575 73
f 572 575 254
f 420 571 573
f 571 377 538
f 573 538 412
f 571 538 573
f 73 565 253
f 565 412 537
f 253 537 8
f 565 537 253
f 420 573 575
f 573 412 565
f 575 565 73
f 573 565 575
f 374 543 566
f 543 414 569
f 566 569 419
f 543 569 566
f 414 544 574
f 544 377 571
f 574 571 420
f 544 571 574
f 419 576 567
f 576 420 572
f 567 572 23
f 576 572 567
f 414 574 569
f 574 420 576
f 569 576 419
f 574 576 569
f 6 250 250
f 250 72 72
f 250 72 72
f 250 72 250
f 72 251 251
f 251 23 23
f 251 23 23
f 251 23 251
f 72 251 251
f 251 23 23
f 251 23 23
f 251 23 251
f 72 251 72
f 251 23 251
f 72 251 72
f 251 251 72
f 23 254 254
f 254 73 73
f 254 73 73
f 254 73 254
f 73 253 253
f 253 8 8
f 253 8 8
f 253 8 253
f 73 253 253
f 253 8 8
f 253 8 8
f 253 8 253
f 73 253 73
f 253 8 253
f 73 253 73
f 253 253 73
f 23 254 254
f 254 73 73
f 254 73 73
f 254 73 254
f 73 253 253
f 253 8 8
f 253 8 8
f 253 8 253
f 73 253 253
f 253 8 8
f 253 8 8
f 253 8 253
f 73 253 73
f 253 8 253
f 73 253 73
f 253 253 73
f 23 254 23
f 254 73 254
f 23 254 23
f 254 254 23
f 73 253 73
f 253 8 253
f 73 253 73
f 253 253 73
f 23 254 23
f 254 73 254
f 23 254 23
f 254 254 23
f 73 73 254
f 73 73 254
f 254 254 23
f 73 254 254
f 5 325 604
f 325 301 606
f 604 606 582
f 325 606 604
f 301 326 611
f 326 293 609
f 611 609 584
f 326 609 611
f 582 612 605
f 612 584 610
f 605 610 577
f 612 610 605
f 301 611 606
f 611 584 612
f 606 612 582
f 611 612 606
f 293 323 619
f 323 300 621
f 619 621 587
f 323 621 619
f 300 322 615
f 322 290 613
f 615 613 585
f 322 613 615
f 587 623 620
f 623 585 614
f 620 614 578
f 623 614 620
f 300 615 621
f 615 585 623
f 621 623 587
f 615 623 621
f 577 624 608
f 624 588 626
f 608 626 583
f 624 626 608
f 588 625 628
f 625 578 617
f 628 617 586
f 625 617 628
f 583 618 607
f 618 586 616
f 607 616 366
f 618 616 607
f 588 628 626
f 628 586 618
f 626 618 583
f 628 618 626
f 293 619 609
f 619 587 622
f 609 622 584
f 619 622 609
f 587 620 629
f 620 578 625
f 629 625 588
f 620 625 629
f 584 627 610
f 627 588 624
f 610 624 577
f 627 624 610
f 587 629 622
f 629 588 627
f 622 627 584
f 629 627 622
f 5 604 604
f 604 582 582
f 604 582 582
f 604 582 604
f 582 605 605
f 605 577 577
f 605 577 577
f 605 577 605
f 582 605 605
f 605 577 577
f 605 577 577
f 605 577 605
f 582 605 582
f 605 577 605
f 582 605 582
f 605 605 582
f 577 608 608
f 608 583 583
f 608 583 583
f 608 583 608
f 583 607 607
f 607 366 366
f 607 366 366
f 607 366 607
f 583 607 607
f 607 366 366
f 607 366 366
f 607 366 607
f 583 607 583
f 607 366 607
f 583 607 583
f 607 607 583
f 577 608 608
f 608 583 583
f 608 583 583
f 608 583 608
f 583 607 607
f 607 366 366
f 607 366 366
f 607 366 607
f 583 607 607
f 607 366 366
f 607 366 366
f 607 366 607
f 583 607 583
f 607 366 607
f 583 607 583
f 607 607 583
f 577 608 577
f 608 583 608
f 577 608 577
f 608 608 577
f 583 607 583
f 607 366 607
f 583 607 583
f 607 607 583
f 577 608 577
f 608 583 608
f 577 608 577
f 608 608 577
f 583 583 608
f 583 583 608
f 608 608 577
f 583 608 608
f 363 437 632
f 437 385 665
f 632 665 590
f 437 665 632
f 385 438 671
f 438 369 668
f 671 668 599
f 438 668 671
f 590 669 633
f 669 599 667
f 633 667 579
f 669 667 633
f 385 671 665
f 671 599 669
f 665 669 590
f 671 669 665
f 369 435 673
f 435 384 676
f 673 676 600
f 435 676 673
f 384 434 666
f 434 362 638
f 666 638 592
f 434 638 666
f 600 674 672
f 674 592 639
f 672 639 580
f 674 639 672
f 384 666 676
f 666 592 674
f 676 674 600
f 666 674 676
f 579 644 631
f 644 594 646
f 631 646 589
f 644 646 631
f 594 645 647
f 645 580 635
f 647 635 591
f 645 635 647
f 589 637 630
f 637 591 634
f 630 634 290
f 637 634 630
f 594 647 646
f 647 591 637
f 646 637 589
f 647 637 646
f 369 673 668
f 673 600 677
f 668 677 599
f 673 677 668
f 600 672 675
f 672 580 645
f 675 645 594
f 672 645 675
f 599 670 667
f 670 594 644
f 667 644 579
f 670 644 667
f 600 675 677
f 675 594 670
f 677 670 599
f 675 670 677
f 363 632 632
f 632 590 590
f 632 590 590
f 632 590 632
f 590 633 633
f 633 579 579
f 633 579 579
f 633 579 633
f 590 633 633
f 633 579 579
f 633 579 579
f 633 579 633
f 590 633 590
f 633 579 633
f 590 633 590
f 633 633 590
f 579 631 631
f 631 589 589
f 631 589 589
f 631 589 631
f 589 630 630
f 630 290 290
f 630 290 290
f 630 290 630
f 589 630 630
f 630 290 290
f 630 290 290
f 630 290 630
f 589 630 589
f 630 290 630
f 589 630 589
f 630 630 589
f 579 631 631
f 631 589 589
f 631 589 589
f 631 589 631
f 589 630 630
f 630 290 290
f 630 290 290
f 630 290 630
f 589 630 630
f 630 290 290
f 630 290 290
f 630 290 630
f 589 630 589
f 630 290 630
f 589 630 589
f 630 630 589
f 579 631 579
f 631 589 631
f 579 631 579
f 631 631 579
f 589 630 589
f 630 290 630
f 589 630 589
f 630 630 589
f 579 631 579
f 631 589 631
f 579 631 579
f 631 631 579
f 589 589 631
f 589 589 631
f 631 631 579
f 589 631 631
f 5 604 172
f 604 582 678
f 172 678 51
f 604 678 172
f 582 605 681
f 605 577 679
f 681 679 601
f 605 679 681
f 51 682 173
f 682 601 680
f 173 680 17
f 682 680 173
f 582 681 678
f 681 601 682
f 678 682 51
f 681 682 678
f 577 608 685
f 608 583 687
f 685 687 602
f 608 687 685
f 583 607 683
f 607 366 519
f 683 519 408
f 607 519 683
f 602 689 686
f 689 408 520
f 686 520 376
f 689 520 686
f 583 683 687
f 683 408 689
f 687 689 602
f 683 689 687
f 17 690 176
f 690 603 692
f 176 692 52
f 690 692 176
f 603 691 694
f 691 376 517
f 694 517 407
f 691 517 694
f 52 684 175
f 684 407 516
f 175 516 6
f 684 516 175
f 603 694 692
f 694 407 684
f 692 684 52
f 694 684 692
f 577 685 679
f 685 602 688
f 679 688 601
f 685 688 679
f 602 686 695
f 686 376 691
f 695 691 603
f 686 691 695
f 601 693 680
f 693 603 690
f 680 690 17
f 693 690 680
f 602 695 688
f 695 603 693
f 688 693 601
f 695 693 688
f 5 172 172
f 172 51 51
f 172 51 51
f 172 51 172
f 51 173 173
f 173 17 17
f 173 17 17
f 173 17 173
f 51 173 173
f 173 17 17
f 173 17 17
f 173 17 173
f 51 173 51
f 173 17 173
f 51 173 51
f 173 173 51
f 17 176 176
f 176 52 52
f 176 52 52
f 176 52 176
f 52 175 175
f 175 6 6
f 175 6 6
f 175 6 175
f 52 175 175
f 175 6 6
f 175 6 6
f 175 6 175
f 52 175 52
f 175 6 175
f 52 175 52
f 175 175 52
f 17 176 176
f 176 52 52
f 176 52 52
f 176 52 176
f 52 175 175
f 175 6 6
f 175 6 6
f 175 6 175
f 52 175 175
f 175 6 6
f 175 6 6
f 175 6 175
f 52 175 52
f 175 6 175
f 52 175 52
f 175 175 52
f 17 176 17
f 176 52 176
f 17 176 17
f 176 176 17
f 52 175 52
f 175 6 175
f 52 175 52
f 175 175 52
f 17 176 17
f 176 52 176
f 17 176 17
f 176 176 17
f 52 52 176
f 52 52 176
f 176 176 17
f 52 176 176
f 290 634 613
f 634 591 636
f 613 636 585
f 634 636 613
f 591 635 643
f 635 580 641
f 643 641 593
f 635 641 643
f 585 642 614
f 642 593 640
f 614 640 578
f 642 640 614
f 591 643 636
f 643 593 642
f 636 642 585
f 643 642 636
f 580 639 659
f 639 592 661
f 659 661 598
f 639 661 659
f 592 638 653
f 638 362 651
f 653 651 596
f 638 651 653
f 598 663 660
f 663 596 652
f 660 652 581
f 663 652 660
f 592 653 661
f 653 596 663
f 661 663 598
f 653 663 661
f 578 654 617
f 654 597 656
f 617 656 586
f 654 656 617
f 597 655 658
f 655 581 649
f 658 649 595
f 655 649 658
f 586 650 616
f 650 595 648
f 616 648 366
f 650 648 616
f 597 658 656
f 658 595 650
f 656 650 586
f 658 650 656
f 580 659 641
f 659 598 662
f 641 662 593
f 659 662 641
f 598 660 664
f 660 581 655
f 664 655 597
f 660 655 664
f 593 657 640
f 657 597 654
f 640 654 578
f 657 654 640
f 598 664 662
f 664 597 657
f 662 657 593
f 664 657 662
f 290 613 613
f 613 585 585
f 613 585 585
f 613 585 613
f 585 614 614
f 614 578 578
f 614 578 578
f 614 578 614
f 585 614 614
f 614 578 578
f 614 578 578
f 614 578 614
f 585 614 585
f 614 578 614
f 585 614 585
f 614 614 585
f 578 617 617
f 617 586 586
f 617 586 586
f 617 586 617
f 586 616 616
f 616 366 366
f 616 366 366
f 616 366 616
f 586 616 616
f 616 366 366
f 616 366 366
f 616 366 616
f 586 616 586
f 616 366 616
f 586 616 586
f 616 616 586
f 578 617 617
f 617 586 586
f 617 586 586
f 617 586 617
f 586 616 616
f 616 366 366
f 616 366 366
f 616 366 616
f 586 616 616
f 616 366 366
f 616 366 366
f 616 366 616
f 586 616 586
f 616 366 616
f 586 616 586
f 616 616 586
f 578 617 578
f 617 586 617
f 578 617 578
f 617 617 578
f 586 616 586
f 616 366 616
f 586 616 586
f 616 616 586
f 578 617 578
f 617 586 617
f 578 617 578
f 617 617 578
f 586 586 617
f 586 586 617
f 617 617 578
f 586 617 617
f 364 507 705
f 507 404 707
f 705 707 697
f 507 707 705
f 404 508 712
f 508 375 710
f 712 710 699
f 508 710 712
f 697 713 706
f 713 699 711
f 706 711 696
f 713 711 706
f 404 712 707
f 712 699 713
f 707 713 697
f 712 713 707
f 375 511 716
f 511 405 718
f 716 718 700
f 511 718 716
f 405 510 714
f 510 366 648
f 714 648 595
f 510 648 714
f 700 720 717
f 720 595 649
f 717 649 581
f 720 649 717
f 405 714 718
f 714 595 720
f 718 720 700
f 714 720 718
f 696 721 709
f 721 701 723
f 709 723 698
f 721 723 709
f 701 722 725
f 722 581 652
f 725 652 596
f 722 652 725
f 698 715 708
f 715 596 651
f 708 651 362
f 715 651 708
f 701 725 723
f 725 596 715
f 723 715 698
f 725 715 723
f 375 716 710
f 716 700 719
f 710 719 699
f 716 719 710
f 700 717 726
f 717 581 722
f 726 722 701
f 717 722 726
f 699 724 711
f 724 701 721
f 711 721 696
f 724 721 711
f 700 726 719
f 726 701 724
f 719 724 699
f 726 724 719
f 364 705 705
f 705 697 697
f 705 697 697
f 705 697 705
f 697 706 706
f 706 696 696
f 706 696 696
f 706 696 706
f 697 706 706
f 706 696 696
f 706 696 696
f 706 696 706
f 697 706 697
f 706 696 706
f 697 706 697
f 706 706 697
f 696 709 709
f 709 698 698
f 709 698 698
f 709 698 709
f 698 708 708
f 708 362 362
f 708 362 362
f 708 362 708
f 698 708 708
f 708 362 362
f 708 362 362
f 708 362 708
f 698 708 698
f 708 362 708
f 698 708 698
f 708 708 698
f 696 709 709
f 709 698 698
f 709 698 698
f 709 698 709
f 698 708 708
f 708 362 362
f 708 362 362
f 708 362 708
f 698 708 708
f 708 362 362
f 708 362 362
f 708 362 708
f 698 708 698
f 708 362 708
f 698 708 698
f 708 708 698
f 696 709 696
f 709 698 709
f 696 709 696
f 709 709 696
f 698 708 698
f 708 362 708
f 698 708 698
f 708 708 698
f 696 709 696
f 709 698 709
f 696 709 696
f 709 709 696
f 698 698 709
f 698 698 709
f 709 709 696
f 698 709 709
f 364 705 453
f 705 697 727
f 453 727 389
f 705 727 453
f 697 706 730
f 706 696 728
f 730 728 702
f 706 728 730
f 389 731 454
f 731 702 729
f 454 729 370
f 731 729 454
f 697 730 727
f 730 702 731
f 727 731 389
f 730 731 727
f 696 709 734
f 709 698 736
f 734 736 703
f 709 736 734
f 698 708 732
f 708 362 423
f 732 423 380
f 708 423 732
f 703 738 735
f 738 380 424
f 735 424 367
f 738 424 735
f 698 732 736
f 732 380 738
f 736 738 703
f 732 738 736
f 370 739 452
f 739 704 741
f 452 741 388
f 739 741 452
f 704 740 743
f 740 367 422
f 743 422 379
f 740 422 743
f 388 733 451
f 733 379 421
f 451 421 361
f 733 421 451
f 704 743 741
f 743 379 733
f 741 733 388
f 743 733 741
f 696 734 728
f 734 703 737
f 728 737 702
f 734 737 728
f 703 735 744
f 735 367 740
f 744 740 704
f 735 740 744
f 702 742 729
f 742 704 739
f 729 739 370
f 742 739 729
f 703 744 737
f 744 704 742
f 737 742 702
f 744 742 737
f 364 453 453
f 453 389 389
f 453 389 389
f 453 389 453
f 389 454 454
f 454 370 370
f 454 370 370
f 454 370 454
f 389 454 454
f 454 370 370
f 454 370 370
f 454 370 454
f 389 454 389
f 454 370 454
f 389 454 389
f 454 454 389
f 370 452 452
f 452 388 388
f 452 388 388
f 452 388 452
f 388 451 451
f 451 361 361
f 451 361 361
f 451 361 451
f 388 451 451
f 451 361 361
f 451 361 361
f 451 361 451
f 388 451 388
f 451 361 451
f 388 451 388
f 451 451 388
f 370 452 452
f 452 388 388
f 452 388 388
f 452 388 452
f 388 451 451
f 451 361 361
f 451 361 361
f 451 361 451
f 388 451 451
f 451 361 361
f 451 361 361
f 451 361 451
f 388 451 388
f 451 361 451
f 388 451 388
f 451 451 388
f 370 452 370
f 452 388 452
f 370 452 370
f 452 452 370
f 388 451 388
f 451 361 451
f 388 451 388
f 451 451 388
f 370 452 370
f 452 388 452
f 370 452 370
f 452 452 370
f 388 388 452
f 388 388 452
f 452 452 370
f 388 452 452
f 365 757 761
f 757 747 763
f 761 763 749
f 757 763 761
f 747 758 768
f 758 745 766
f 768 766 751
f 758 766 768
f 749 769 762
f 769 751 767
f 762 767 746
f 769 767 762
f 747 768 763
f 768 751 769
f 763 769 749
f 768 769 763
f 745 760 772
f 760 748 774
f 772 774 752
f 760 774 772
f 748 759 770
f 759 289 339
f 770 339 304
f 759 339 770
f 752 776 773
f 776 304 340
f 773 340 294
f 776 340 773
f 748 770 774
f 770 304 776
f 774 776 752
f 770 776 774
f 746 777 765
f 777 753 779
f 765 779 750
f 777 779 765
f 753 778 781
f 778 294 343
f 781 343 305
f 778 343 781
f 750 771 764
f 771 305 342
f 764 342 2
f 771 342 764
f 753 781 779
f 781 305 771
f 779 771 750
f 781 771 779
f 745 772 766
f 772 752 775
f 766 775 751
f 772 775 766
f 752 773 782
f 773 294 778
f 782 778 753
f 773 778 782
f 751 780 767
f 780 753 777
f 767 777 746
f 780 777 767
f 752 782 775
f 782 753 780
f 775 780 751
f 782 780 775
f 365 761 761
f 761 749 749
f 761 749 749
f 761 749 761
f 749 762 762
f 762 746 746
f 762 746 746
f 762 746 762
f 749 762 762
f 762 746 746
f 762 746 746
f 762 746 762
f 749 762 749
f 762 746 762
f 749 762 749
f 762 762 749
f 746 765 765
f 765 750 750
f 765 750 750
f 765 750 765
f 750 764 764
f 764 2 2
f 764 2 2
f 764 2 764
f 750 764 764
f 764 2 2
f 764 2 2
f 764 2 764
f 750 764 750
f 764 2 764
f 750 764 750
f 764 764 750
f 746 765 765
f 765 750 750
f 765 750 750
f 765 750 765
f 750 764 764
f 764 2 2
f 764 2 2
f 764 2 764
f 750 764 764
f 764 2 2
f 764 2 2
f 764 2 764
f 750 764 750
f 764 2 764
f 750 764 750
f 764 764 750
f 746 765 746
f 765 750 765
f 746 765 746
f 765 765 746
f 750 764 750
f 764 2 764
f 750 764 750
f 764 764 750
f 746 765 746
f 765 750 765
f 746 765 746
f 765 765 746
f 750 750 765
f 750 750 765
f 765 765 746
f 750 765 765
f 365 761 547
f 761 749 783
f 547 783 415
f 761 783 547
f 749 762 786
f 762 746 784
f 786 784 754
f 762 784 786
f 415 787 548
f 787 754 785
f 548 785 378
f 787 785 548
f 749 786 783
f 786 754 787
f 783 787 415
f 786 787 783
f 746 765 790
f 765 750 792
f 790 792 755
f 765 792 790
f 750 764 788
f 764 2 219
f 788 219 64
f 764 219 788
f 755 794 791
f 794 64 220
f 791 220 21
f 794 220 791
f 750 788 792
f 788 64 794
f 792 794 755
f 788 794 792
f 378 795 551
f 795 756 797
f 551 797 416
f 795 797 551
f 756 796 799
f 796 21 223
f 799 223 65
f 796 223 799
f 416 789 550
f 789 65 222
f 550 222 8
f 789 222 550
f 756 799 797
f 799 65 789
f 797 789 416
f 799 789 797
f 746 790 784
f 790 755 793
f 784 793 754
f 790 793 784
f 755 791 800
f 791 21 796
f 800 796 756
f 791 796 800
f 754 798 785
f 798 756 795
f 785 795 378
f 798 795 785
f 755 800 793
f 800 756 798
f 793 798 754
f 800 798 793
f 365 547 547
f 547 415 415
f 547 415 415
f 547 415 547
f 415 548 548
f 548 378 378
f 548 378 378
f 548 378 548
f 415 548 548
f 548 378 378
f 548 378 378
f 548 378 548
f 415 548 415
f 548 378 548
f 415 548 415
f 548 548 415
f 378 551 551
f 551 416 416
f 551 416 416
f 551 416 551
f 416 550 550
f 550 8 8
f 550 8 8
f 550 8 550
f 416 550 550
f 550 8 8
f 550 8 8
f 550 8 550
f 416 550 416
f 550 8 550
f 416 550 416
f 550 550 416
f 378 551 551
f 551 416 416
f 551 416 416
f 551 416 551
f 416 550 550
f 550 8 8
f 550 8 8
f 550 8 550
f 416 550 550
f 550 8 8
f 550 8 8
f 550 8 550
f 416 550 416
f 550 8 550
f 416 550 416
f 550 550 416
f 378 551 378
f 551 416 551
f 378 551 378
f 551 551 378
f 416 550 416
f 550 8 550
f 416 550 416
f 550 550 416
f 378 551 378
f 551 416 551
f 378 551 378
f 551 551 378
f 416 416 551
f 416 416 551
f 551 551 378
f 416 551 551
f 4 114 821
f 114 35 823
f 821 823 807
f 114 823 821
f 35 115 828
f 115 12 826
f 828 826 809
f 115 826 828
f 807 829 822
f 829 809 827
f 822 827 803
f 829 827 822
f 35 828 823
f 828 809 829
f 823 829 807
f 828 829 823
f 12 112 836
f 112 34 838
f 836 838 812
f 112 838 836
f 34 111 832
f 111 1 830
f 832 830 810
f 111 830 832
f 812 840 837
f 840 810 831
f 837 831 804
f 840 831 837
f 34 832 838
f 832 810 840
f 838 840 812
f 832 840 838
f 803 841 825
f 841 813 843
f 825 843 808
f 841 843 825
f 813 842 845
f 842 804 834
f 845 834 811
f 842 834 845
f 808 835 824
f 835 811 833
f 824 833 801
f 835 833 824
f 813 845 843
f 845 811 835
f 843 835 808
f 845 835 843
f 12 836 826
f 836 812 839
f 826 839 809
f 836 839 826
f 812 837 846
f 837 804 842
f 846 842 813
f 837 842 846
f 809 844 827
f 844 813 841
f 827 841 803
f 844 841 827
f 812 846 839
f 846 813 844
f 839 844 809
f 846 844 839
f 4 821 821
f 821 807 807
f 821 807 807
f 821 807 821
f 807 822 822
f 822 803 803
f 822 803 803
f 822 803 822
f 807 822 822
f 822 803 803
f 822 803 803
f 822 803 822
f 807 822 807
f 822 803 822
f 807 822 807
f 822 822 807
f 803 825 825
f 825 808 808
f 825 808 808
f 825 808 825
f 808 824 824
f 824 801 801
f 824 801 801
f 824 801 824
f 808 824 824
f 824 801 801
f 824 801 801
f 824 801 824
f 808 824 808
f 824 801 824
f 808 824 808
f 824 824 808
f 803 825 825
f 825 808 808
f 825 808 808
f 825 808 825
f 808 824 824
f 824 801 801
f 824 801 801
f 824 801 824
f 808 824 824
f 824 801 801
f 824 801 801
f 824 801 824
f 808 824 808
f 824 801 824
f 808 824 808
f 824 824 808
f 803 825 803
f 825 808 825
f 803 825 803
f 825 825 803
f 808 824 808
f 824 801 824
f 808 824 808
f 824 824 808
f 803 825 803
f 825 808 825
f 803 825 803
f 825 825 803
f 808 808 825
f 808 808 825
f 825 825 803
f 808 825 825
f 4 821 847
f 821 807 849
f 847 849 814
f 821 849 847
f 807 822 854
f 822 803 852
f 854 852 816
f 822 852 854
f 814 855 848
f 855 816 853
f 848 853 805
f 855 853 848
f 807 854 849
f 854 816 855
f 849 855 814
f 854 855 849
f 803 825 862
f 825 808 864
f 862 864 819
f 825 864 862
f 808 824 858
f 824 801 856
f 858 856 817
f 824 856 858
f 819 866 863
f 866 817 857
f 863 857 806
f 866 857 863
f 808 858 864
f 858 817 866
f 864 866 819
f 858 866 864
f 805 867 851
f 867 820 869
f 851 869 815
f 867 869 851
f 820 868 871
f 868 806 860
f 871 860 818
f 868 860 871
f 815 861 850
f 861 818 859
f 850 859 802
f 861 859 850
f 820 871 869
f 871 818 861
f 869 861 815
f 871 861 869
f 803 862 852
f 862 819 865
f 852 865 816
f 862 865 852
f 819 863 872
f 863 806 868
f 872 868 820
f 863 868 872
f 816 870 853
f 870 820 867
f 853 867 805
f 870 867 853
f 819 872 865
f 872 820 870
f 865 870 816
f 872 870 865
f 4 847 847
f 847 814 814
f 847 814 814
f 847 814 847
f 814 848 848
f 848 805 805
f 848 805 805
f 848 805 848
f 814 848 848
f 848 805 805
f 848 805 805
f 848 805 848
f 814 848 814
f 848 805 848
f 814 848 814
f 848 848 814
f 805 851 851
f 851 815 815
f 851 815 815
f 851 815 851
f 815 850 850
f 850 802 802
f 850 802 802
f 850 802 850
f 815 850 850
f 850 802 802
f 850 802 802
f 850 802 850
f 815 850 815
f 850 802 850
f 815 850 815
f 850 850 815
f 805 851 851
f 851 815 815
f 851 815 815
f 851 815 851
f 815 850 850
f 850 802 802
f 850 802 802
f 850 802 850
f 815 850 850
f 850 802 802
f 850 802 802
f 850 802 850
f 815 850 815
f 850 802 850
f 815 850 815
f 850 850 815
f 805 851 805
f 851 815 851
f 805 851 805
f 851 851 805
f 815 850 815
f 850 802 850
f 815 850 815
f 850 850 815
f 805 851 805
f 851 815 851
f 805 851 805
f 851 851 805
f 815 815 851
f 815 815 851
f 851 851 805
f 815 851 851
f 801 893 897
f 893 879 899
f 897 899 881
f 893 899 897
f 879 894 904
f 894 875 902
f 904 902 883
f 894 902 904
f 881 905 898
f 905 883 903
f 898 903 876
f 905 903 898
f 879 904 899
f 904 883 905
f 899 905 881
f 904 905 899
f 875 896 912
f 896 880 914
f 912 914 886
f 896 914 912
f 880 895 908
f 895 873 906
f 908 906 884
f 895 906 908
f 886 916 913
f 916 884 907
f 913 907 877
f 916 907 913
f 880 908 914
f 908 884 916
f 914 916 886
f 908 916 914
f 876 917 901
f 917 887 919
f 901 919 882
f 917 919 901
f 887 918 921
f 918 877 910
f 921 910 885
f 918 910 921
f 882 911 900
f 911 885 909
f 900 909 874
f 911 909 900
f 887 921 919
f 921 885 911
f 919 911 882
f 921 911 919
f 875 912 902
f 912 886 915
f 902 915 883
f 912 915 902
f 886 913 922
f 913 877 918
f 922 918 887
f 913 918 922
f 883 920 903
f 920 887 917
f 903 917 876
f 920 917 903
f 886 922 915
f 922 887 920
f 915 920 883
f 922 920 915
f 801 897 897
f 897 881 881
f 897 881 881
f 897 881 897
f 881 898 898
f 898 876 876
f 898 876 876
f 898 876 898
f 881 898 898
f 898 876 876
f 898 876 876
f 898 876 898
f 881 898 881
f 898 876 898
f 881 898 881
f 898 898 881
f 876 901 901
f 901 882 882
f 901 882 882
f 901 882 901
f 882 900 900
f 900 874 874
f 900 874 874
f 900 874 900
f 882 900 900
f 900 874 874
f 900 874 874
f 900 874 900
f 882 900 882
f 900 874 900
f 882 900 882
f 900 900 882
f 876 901 901
f 901 882 882
f 901 882 882
f 901 882 901
f 882 900 900
f 900 874 874
f 900 874 874
f 900 874 900
f 882 900 900
f 900 874 874
f 900 874 874
f 900 874 900
f 882 900 882
f 900 874 900
f 882 900 882
f 900 900 882
f 876 901 876
f 901 882 901
f 876 901 876
f 901 901 876
f 882 900 882
f 900 874 900
f 882 900 882
f 900 900 882
f 876 901 876
f 901 882 901
f 876 901 876
f 901 901 876
f 882 882 901
f 882 882 901
f 901 901 876
f 882 901 901
f 801 897 856
f 897 881 923
f 856 923 817
f 897 923 856
f 881 898 926
f 898 876 924
f 926 924 888
f 898 924 926
f 817 927 857
f 927 888 925
f 857 925 806
f 927 925 857
f 881 926 923
f 926 888 927
f 923 927 817
f 926 927 923
f 876 901 934
f 901 882 936
f 934 936 891
f 901 936 934
f 882 900 930
f 900 874 928
f 930 928 889
f 900 928 930
f 891 938 935
f 938 889 929
f 935 929 878
f 938 929 935
f 882 930 936
f 930 889 938
f 936 938 891
f 930 938 936
f 806 939 860
f 939 892 941
f 860 941 818
f 939 941 860
f 892 940 943
f 940 878 932
f 943 932 890
f 940 932 943
f 818 933 859
f 933 890 931
f 859 931 802
f 933 931 859
f 892 943 941
f 943 890 933
f 941 933 818
f 943 933 941
f 876 934 924
f 934 891 937
f 924 937 888
f 934 937 924
f 891 935 944
f 935 878 940
f 944 940 892
f 935 940 944
f 888 942 925
f 942 892 939
f 925 939 806
f 942 939 925
f 891 944 937
f 944 892 942
f 937 942 888
f 944 942 937
f 801 856 856
f 856 817 817
f 856 817 817
f 856 817 856
f 817 857 857
f 857 806 806
f 857 806 806
f 857 806 857
f 817 857 857
f 857 806 806
f 857 806 806
f 857 806 857
f 817 857 817
f 857 806 857
f 817 857 817
f 857 857 817
f 806 860 860
f 860 818 818
f 860 818 818
f 860 818 860
f 818 859 859
f 859 802 802
f 859 802 802
f 859 802 859
f 818 859 859
f 859 802 802
f 859 802 802
f 859 802 859
f 818 859 818
f 859 802 859
f 818 859 818
f 859 859 818
f 806 860 860
f 860 818 818
f 860 818 818
f 860 818 860
f 818 859 859
f 859 802 802
f 859 802 802
f 859 802 859
f 818 859 859
f 859 802 802
f 859 802 802
f 859 802 859
f 818 859 818
f 859 802 859
f 818 859 818
f 859 859 818
f 806 860 806
f 860 818 860
f 806 860 806
f 860 860 806
f 818 859 818
f 859 802 859
f 818 859 818
f 859 859 818
f 806 860 806
f 860 818 860
f 806 860 806
f 860 860 806
f 818 818 860
f 818 818 860
f 860 860 806
f 818 860 860
f 7 200 957
f 200 59 959
f 957 959 947
f 200 959 957
f 59 201 964
f 201 19 962
f 964 962 949
f 201 962 964
f 947 965 958
f 965 949 963
f 958 963 945
f 965 963 958
f 59 964 959
f 964 949 965
f 959 965 947
f 964 965 959
f 19 199 968
f 199 58 970
f 968 970 950
f 199 970 968
f 58 198 966
f 198 4 847
f 966 847 814
f 198 847 966
f 950 972 969
f 972 814 848
f 969 848 805
f 972 848 969
f 58 966 970
f 966 814 972
f 970 972 950
f 966 972 970
f 945 973 961
f 973 951 975
f 961 975 948
f 973 975 961
f 951 974 977
f 974 805 851
f 977 851 815
f 974 851 977
f 948 967 960
f 967 815 850
f 960 850 802
f 967 850 960
f 951 977 975
f 977 815 967
f 975 967 948
f 977 967 975
f 19 968 962
f 968 950 971
f 962 971 949
f 968 971 962
f 950 969 978
f 969 805 974
f 978 974 951
f 969 974 978
f 949 976 963
f 976 951 973
f 963 973 945
f 976 973 963
f 950 978 971
f 978 951 976
f 971 976 949
f 978 976 971
f 7 957 957
f 957 947 947
f 957 947 947
f 957 947 957
f 947 958 958
f 958 945 945
f 958 945 945
f 958 945 958
f 947 958 958
f 958 945 945
f 958 945 945
f 958 945 958
f 947 958 947
f 958 945 958
f 947 958 947
f 958 958 947
f 945 961 961
f 961 948 948
f 961 948 948
f 961 948 961
f 948 960 960
f 960 802 802
f 960 802 802
f 960 802 960
f 948 960 960
f 960 802 802
f 960 802 802
f 960 802 960
f 948 960 948
f 960 802 960
f 948 960 948
f 960 960 948
f 945 961 961
f 961 948 948
f 961 948 948
f 961 948 961
f 948 960 960
f 960 802 802
f 960 802 802
f 960 802 960
f 948 960 960
f 960 802 802
f 960 802 802
f 960 802 960
f 948 960 948
f 960 802 960
f 948 960 948
f 960 960 948
f 945 961 945
f 961 948 961
f 945 961 945
f 961 961 945
f 948 960 948
f 960 802 960
f 948 960 948
f 960 960 948
f 945 961 945
f 961 948 961
f 945 961 945
f 961 961 945
f 948 948 961
f 948 948 961
f 961 961 945
f 948 961 961
f 7 957 979
f 957 947 981
f 979 981 952
f 957 981 979
f 947 958 986
f 958 945 984
f 986 984 954
f 958 984 986
f 952 987 980
f 987 954 985
f 980 985 946
f 987 985 980
f 947 986 981
f 986 954 987
f 981 987 952
f 986 987 981
f 945 961 990
f 961 948 992
f 990 992 955
f 961 992 990
f 948 960 988
f 960 802 931
f 988 931 890
f 960 931 988
f 955 994 991
f 994 890 932
f 991 932 878
f 994 932 991
f 948 988 992
f 988 890 994
f 992 994 955
f 988 994 992
f 946 995 983
f 995 956 997
f 983 997 953
f 995 997 983
f 956 996 999
f 996 878 929
f 999 929 889
f 996 929 999
f 953 989 982
f 989 889 928
f 982 928 874
f 989 928 982
f 956 999 997
f 999 889 989
f 997 989 953
f 999 989 997
f 945 990 984
f 990 955 993
f 984 993 954
f 990 993 984
f 955 991 1000
f 991 878 996
f 1000 996 956
f 991 996 1000
f 954 998 985
f 998 956 995
f 985 995 946
f 998 995 985
f 955 1000 993
f 1000 956 998
f 993 998 954
f 1000 998 993
f 7 979 979
f 979 952 952
f 979 952 952
f 979 952 979
f 952 980 980
f 980 946 946
f 980 946 946
f 980 946 980
f 952 980 980
f 980 946 946
f 980 946 946
f 980 946 980
f 952 980 952
f 980 946 980
f 952 980 952
f 980 980 952
f 946 983 983
f 983 953 953
f 983 953 953
f 983 953 983
f 953 982 982
f 982 874 874
f 982 874 874
f 982 874 982
f 953 982 982
f 982 874 874
f 982 874 874
f 982 874 982
f 953 982 953
f 982 874 982
f 953 982 953
f 982 982 953
f 946 983 983
f 983 953 953
f 983 953 953
f 983 953 983
f 953 982 982
f 982 874 874
f 982 874 874
f 982 874 982
f 953 982 982
f 982 874 874
f 982 874 874
f 982 874 982
f 953 982 953
f 982 874 982
f 953 982 953
f 982 982 953
f 946 983 946
f 983 953 983
f 946 983 946
f 983 983 946
f 953 982 953
f 982 874 982
f 953 982 953
f 982 982 953
f 946 983 946
f 983 953 983
f 946 983 946
f 983 983 946
f 953 953 983
f 953 953 983
f 983 983 946
f 953 983 983
f 3 189 1013
f 189 55 1015
f 1013 1015 1003
f 189 1015 1013
f 55 190 1020
f 190 18 1018
f 1020 1018 1005
f 190 1018 1020
f 1003 1021 1014
f 1021 1005 1019
f 1014 1019 1001
f 1021 1019 1014
f 55 1020 1015
f 1020 1005 1021
f 1015 1021 1003
f 1020 1021 1015
f 18 193 1024
f 193 56 1026
f 1024 1026 1006
f 193 1026 1024
f 56 192 1022
f 192 7 979
f 1022 979 952
f 192 979 1022
f 1006 1028 1025
f 1028 952 980
f 1025 980 946
f 1028 980 1025
f 56 1022 1026
f 1022 952 1028
f 1026 1028 1006
f 1022 1028 1026
f 1001 1029 1017
f 1029 1007 1031
f 1017 1031 1004
f 1029 1031 1017
f 1007 1030 1033
f 1030 946 983
f 1033 983 953
f 1030 983 1033
f 1004 1023 1016
f 1023 953 982
f 1016 982 874
f 1023 982 1016
f 1007 1033 1031
f 1033 953 1023
f 1031 1023 1004
f 1033 1023 1031
f 18 1024 1018
f 1024 1006 1027
f 1018 1027 1005
f 1024 1027 1018
f 1006 1025 1034
f 1025 946 1030
f 1034 1030 1007
f 1025 1030 1034
f 1005 1032 1019
f 1032 1007 1029
f 1019 1029 1001
f 1032 1029 1019
f 1006 1034 1027
f 1034 1007 1032
f 1027 1032 1005
f 1034 1032 1027
f 3 1013 1013
f 1013 1003 1003
f 1013 1003 1003
f 1013 1003 1013
f 1003 1014 1014
f 1014 1001 1001
f 1014 1001 1001
f 1014 1001 1014
f 1003 1014 1014
f 1014 1001 1001
f 1014 1001 1001
f 1014 1001 1014
f 1003 1014 1003
f 1014 1001 1014
f 1003 1014 1003
f 1014 1014 1003
f 1001 1017 1017
f 1017 1004 1004
f 1017 1004 1004
f 1017 1004 1017
f 1004 1016 1016
f 1016 874 874
f 1016 874 874
f 1016 874 1016
f 1004 1016 1016
f 1016 874 874
f 1016 874 874
f 1016 874 1016
f 1004 1016 1004
f 1016 874 1016
f 1004 1016 1004
f 1016 1016 1004
f 1001 1017 1017
f 1017 1004 1004
f 1017 1004 1004
f 1017 1004 1017
f 1004 1016 1016
f 1016 874 874
f 1016 874 874
f 1016 874 1016
f 1004 1016 1016
f 1016 874 874
f 1016 874 874
f 1016 874 1016
f 1004 1016 1004
f 1016 874 1016
f 1004 1016 1004
f 1016 1016 1004
f 1001 1017 1001
f 1017 1004 1017
f 1001 1017 1001
f 1017 1017 1001
f 1004 1016 1004
f 1016 874 1016
f 1004 1016 1004
f 1016 1016 1004
f 1001 1017 1001
f 1017 1004 1017
f 1001 1017 1001
f 1017 1017 1001
f 1004 1004 1017
f 1004 1004 1017
f 1017 1017 1001
f 1004 1017 1017
f 3 1013 1035
f 1013 1003 1037
f 1035 1037 1008
f 1013 1037 1035
f 1003 1014 1042
f 1014 1001 1040
f 1042 1040 1010
f 1014 1040 1042
f 1008 1043 1036
f 1043 1010 1041
f 1036 1041 1002
f 1043 1041 1036
f 1003 1042 1037
f 1042 1010 1043
f 1037 1043 1008
f 1042 1043 1037
f 1001 1017 1046
f 1017 1004 1048
f 1046 1048 1011
f 1017 1048 1046
f 1004 1016 1044
f 1016 874 909
f 1044 909 885
f 1016 909 1044
f 1011 1050 1047
f 1050 885 910
f 1047 910 877
f 1050 910 1047
f 1004 1044 1048
f 1044 885 1050
f 1048 1050 1011
f 1044 1050 1048
f 1002 1051 1039
f 1051 1012 1053
f 1039 1053 1009
f 1051 1053 1039
f 1012 1052 1055
f 1052 877 907
f 1055 907 884
f 1052 907 1055
f 1009 1045 1038
f 1045 884 906
f 1038 906 873
f 1045 906 1038
f 1012 1055 1053
f 1055 884 1045
f 1053 1045 1009
f 1055 1045 1053
f 1001 1046 1040
f 1046 1011 1049
f 1040 1049 1010
f 1046 1049 1040
f 1011 1047 1056
f 1047 877 1052
f 1056 1052 1012
f 1047 1052 1056
f 1010 1054 1041
f 1054 1012 1051
f 1041 1051 1002
f 1054 1051 1041
f 1011 1056 1049
f 1056 1012 1054
f 1049 1054 1010
f 1056 1054 1049
f 3 1035 1035
f 1035 1008 1008
f 1035 1008 1008
f 1035 1008 1035
f 1008 1036 1036
f 1036 1002 1002
f 1036 1002 1002
f 1036 1002 1036
f 1008 1036 1036
f 1036 1002 1002
f 1036 1002 1002
f 1036 1002 1036
f 1008 1036 1008
f 1036 1002 1036
f 1008 1036 1008
f 1036 1036 1008
f 1002 1039 1039
f 1039 1009 1009
f 1039 1009 1009
f 1039 1009 1039
f 1009 1038 1038
f 1038 873 873
f 1038 873 873
f 1038 873 1038
f 1009 1038 1038
f 1038 873 873
f 1038 873 873
f 1038 873 1038
f 1009 1038 1009
f 1038 873 1038
f 1009 1038 1009
f 1038 1038 1009
f 1002 1039 1039
f 1039 1009 1009
f 1039 1009 1009
f 1039 1009 1039
f 1009 1038 1038
f 1038 873 873
f 1038 873 873
f 1038 873 1038
f 1009 1038 1038
f 1038 873 873
f 1038 873 873
f 1038 873 1038
f 1009 1038 1009
f 1038 873 1038
f 1009 1038 1009
f 1038 1038 1009
f 1002 1039 1002
f 1039 1009 1039
f 1002 1039 1002
f 1039 1039 1002
f 1009 1038 1009
f 1038 873 1038
f 1009 1038 1009
f 1038 1038 1009
f 1002 1039 1002
f 1039 1009 1039
f 1002 1039 1002
f 1039 1039 1002
f 1009 1009 1039
f 1009 1009 1039
f 1039 1039 1002
f 1009 1039 1039
f 1 85 1066
f 85 27 1068
f 1066 1068 1058
f 85 1068 1066
f 27 86 1073
f 86 10 1071
f 1073 1071 1060
f 86 1071 1073
f 1058 1074 1067
f 1074 1060 1072
f 1067 1072 1057
f 1074 1072 1067
f 27 1073 1068
f 1073 1060 1074
f 1068 1074 1058
f 1073 1074 1068
f 10 89 1077
f 89 28 1079
f 1077 1079 1061
f 89 1079 1077
f 28 88 1075
f 88 3 1035
f 1075 1035 1008
f 88 1035 1075
f 1061 1081 1078
f 1081 1008 1036
f 1078 1036 1002
f 1081 1036 1078
f 28 1075 1079
f 1075 1008 1081
f 1079 1081 1061
f 1075 1081 1079
f 1057 1082 1070
f 1082 1062 1084
f 1070 1084 1059
f 1082 1084 1070
f 1062 1083 1086
f 1083 1002 1039
f 1086 1039 1009
f 1083 1039 1086
f 1059 1076 1069
f 1076 1009 1038
f 1069 1038 873
f 1076 1038 1069
f 1062 1086 1084
f 1086 1009 1076
f 1084 1076 1059
f 1086 1076 1084
f 10 1077 1071
f 1077 1061 1080
f 1071 1080 1060
f 1077 1080 1071
f 1061 1078 1087
f 1078 1002 1083
f 1087 1083 1062
f 1078 1083 1087
f 1060 1085 1072
f 1085 1062 1082
f 1072 1082 1057
f 1085 1082 1072
f 1061 1087 1080
f 1087 1062 1085
f 1080 1085 1060
f 1087 1085 1080
f 1 1066 1066
f 1066 1058 1058
f 1066 1058 1058
f 1066 1058 1066
f 1058 1067 1067
f 1067 1057 1057
f 1067 1057 1057
f 1067 1057 1067
f 1058 1067 1067
f 1067 1057 1057
f 1067 1057 1057
f 1067 1057 1067
f 1058 1067 1058
f 1067 1057 1067
f 1058 1067 1058
f 1067 1067 1058
f 1057 1070 1070
f 1070 1059 1059
f 1070 1059 1059
f 1070 1059 1070
f 1059 1069 1069
f 1069 873 873
f 1069 873 873
f 1069 873 1069
f 1059 1069 1069
f 1069 873 873
f 1069 873 873
f 1069 873 1069
f 1059 1069 1059
f 1069 873 1069
f 1059 1069 1059
f 1069 1069 1059
f 1057 1070 1070
f 1070 1059 1059
f 1070 1059 1059
f 1070 1059 1070
f 1059 1069 1069
f 1069 873 873
f 1069 873 873
f 1069 873 1069
f 1059 1069 1069
f 1069 873 873
f 1069 873 873
f 1069 873 1069
f 1059 1069 1059
f 1069 873 1069
f 1059 1069 1059
f 1069 1069 1059
f 1057 1070 1057
f 1070 1059 1070
f 1057 1070 1057
f 1070 1070 1057
f 1059 1069 1059
f 1069 873 1069
f 1059 1069 1059
f 1069 1069 1059
f 1057 1070 1057
f 1070 1059 1070
f 1057 1070 1057
f 1070 1070 1057
f 1059 1059 1070
f 1059 1059 1070
f 1070 1070 1057
f 1059 1070 1070
f 1 1066 830
f 1066 1058 1088
f 830 1088 810
f 1066 1088 830
f 1058 1067 1091
f 1067 1057 1089
f 1091 1089 1063
f 1067 1089 1091
f 810 1092 831
f 1092 1063 1090
f 831 1090 804
f 1092 1090 831
f 1058 1091 1088
f 1091 1063 1092
f 1088 1092 810
f 1091 1092 1088
f 1057 1070 1095
f 1070 1059 1097
f 1095 1097 1064
f 1070 1097 1095
f 1059 1069 1093
f 1069 873 895
f 1093 895 880
f 1069 895 1093
f 1064 1099 1096
f 1099 880 896
f 1096 896 875
f 1099 896 1096
f 1059 1093 1097
f 1093 880 1099
f 1097 1099 1064
f 1093 1099 1097
f 804 1100 834
f 1100 1065 1102
f 834 1102 811
f 1100 1102 834
f 1065 1101 1104
f 1101 875 894
f 1104 894 879
f 1101 894 1104
f 811 1094 833
f 1094 879 893
f 833 893 801
f 1094 893 833
f 1065 1104 1102
f 1104 879 1094
f 1102 1094 811
f 1104 1094 1102
f 1057 1095 1089
f 1095 1064 1098
f 1089 1098 1063
f 1095 1098 1089
f 1064 1096 1105
f 1096 875 1101
f 1105 1101 1065
f 1096 1101 1105
f 1063 1103 1090
f 1103 1065 1100
f 1090 1100 804
f 1103 1100 1090
f 1064 1105 1098
f 1105 1065 1103
f 1098 1103 1063
f 1105 1103 1098
f 1 830 830
f 830 810 810
f 830 810 810
f 830 810 830
f 810 831 831
f 831 804 804
f 831 804 804
f 831 804 831
f 810 831 831
f 831 804 804
f 831 804 804
f 831 804 831
f 810 831 810
f 831 804 831
f 810 831 810
f 831 831 810
f 804 834 834
f 834 811 811
f 834 811 811
f 834 811 834
f 811 833 833
f 833 801 801
f 833 801 801
f 833 801 833
f 811 833 833
f 833 801 801
f 833 801 801
f 833 801 833
f 811 833 811
f 833 801 833
f 811 833 811
f 833 833 811
f 804 834 834
f 834 811 811
f 834 811 811
f 834 811 834
f 811 833 833
f 833 801 801
f 833 801 801
f 833 801 833
f 811 833 833
f 833 801 801
f 833 801 801
f 833 801 833
f 811 833 811
f 833 801 833
f 811 833 811
f 833 833 811
f 804 834 804
f 834 811 834
f 804 834 804
f 834 834 804
f 811 833 811
f 833 801 833
f 811 833 811
f 833 833 811
f 804 834 804
f 834 811 834
f 804 834 804
f 834 834 804
f 811 811 834
f 811 811 834
f 834 834 804
f 811 834 834
f 1106 1131 1135
f 1131 1115 1137
f 1135 1137 1117
f 1131 1137 1135
f 1115 1132 1142
f 1132 1110 1140
f 1142 1140 1119
f 1132 1140 1142
f 1117 1143 1136
f 1143 1119 1141
f 1136 1141 1111
f 1143 1141 1136
f 1115 1142 1137
f 1142 1119 1143
f 1137 1143 1117
f 1142 1143 1137
f 1110 1134 1150
f 1134 1116 1152
f 1150 1152 1122
f 1134 1152 1150
f 1116 1133 1146
f 1133 1107 1144
f 1146 1144 1120
f 1133 1144 1146
f 1122 1154 1151
f 1154 1120 1145
f 1151 1145 1112
f 1154 1145 1151
f 1116 1146 1152
f 1146 1120 1154
f 1152 1154 1122
f 1146 1154 1152
f 1111 1155 1139
f 1155 1123 1157
f 1139 1157 1118
f 1155 1157 1139
f 1123 1156 1159
f 1156 1112 1148
f 1159 1148 1121
f 1156 1148 1159
f 1118 1149 1138
f 1149 1121 1147
f 1138 1147 1108
f 1149 1147 1138
f 1123 1159 1157
f 1159 1121 1149
f 1157 1149 1118
f 1159 1149 1157
f 1110 1150 1140
f 1150 1122 1153
f 1140 1153 1119
f 1150 1153 1140
f 1122 1151 1160
f 1151 1112 1156
f 1160 1156 1123
f 1151 1156 1160
f 1119 1158 1141
f 1158 1123 1155
f 1141 1155 1111
f 1158 1155 1141
f 1122 1160 1153
f 1160 1123 1158
f 1153 1158 1119
f 1160 1158 1153
f 1106 1135 1135
f 1135 1117 1117
f 1135 1117 1117
f 1135 1117 1135
f 1117 1136 1136
f 1136 1111 1111
f 1136 1111 1111
f 1136 1111 1136
f 1117 1136 1136
f 1136 1111 1111
f 1136 1111 1111
f 1136 1111 1136
f 1117 1136 1117
f 1136 1111 1136
f 1117 1136 1117
f 1136 1136 1117
f 1111 1139 1139
f 1139 1118 1118
f 1139 1118 1118
f 1139 1118 1139
f 1118 1138 1138
f 1138 1108 1108
f 1138 1108 1108
f 1138 1108 1138
f 1118 1138 1138
f 1138 1108 1108
f 1138 1108 1108
f 1138 1108 1138
f 1118 1138 1118
f 1138 1108 1138
f 1118 1138 1118
f 1138 1138 1118
f 1111 1139 1139
f 1139 1118 1118
f 1139 1118 1118
f 1139 1118 1139
f 1118 1138 1138
f 1138 1108 1108
f 1138 1108 1108
f 1138 1108 1138
f 1118 1138 1138
f 1138 1108 1108
f 1138 1108 1108
f 1138 1108 1138
f 1118 1138 1118
f 1138 1108 1138
f 1118 1138 1118
f 1138 1138 1118
f 1111 1139 1111
f 1139 1118 1139
f 1111 1139 1111
f 1139 1139 1111
f 1118 1138 1118
f 1138 1108 1138
f 1118 1138 1118
f 1138 1138 1118
f 1111 1139 1111
f 1139 1118 1139
f 1111 1139 1111
f 1139 1139 1111
f 1118 1118 1139
f 1118 1118 1139
f 1139 1139 1111
f 1118 1139 1139
f 1106 1135 1161
f 1135 1117 1163
f 1161 1163 1124
f 1135 1163 1161
f 1117 1136 1168
f 1136 1111 1166
f 1168 1166 1126
f 1136 1166 1168
f 1124 1169 1162
f 1169 1126 1167
f 1162 1167 1113
f 1169 1167 1162
f 1117 1168 1163
f 1168 1126 1169
f 1163 1169 1124
f 1168 1169 1163
f 1111 1139 1176
f 1139 1118 1178
f 1176 1178 1129
f 1139 1178 1176
f 1118 1138 1172
f 1138 1108 1170
f 1172 1170 1127
f 1138 1170 1172
f 1129 1180 1177
f 1180 1127 1171
f 1177 1171 1114
f 1180 1171 1177
f 1118 1172 1178
f 1172 1127 1180
f 1178 1180 1129
f 1172 1180 1178
f 1113 1181 1165
f 1181 1130 1183
f 1165 1183 1125
f 1181 1183 1165
f 1130 1182 1185
f 1182 1114 1174
f 1185 1174 1128
f 1182 1174 1185
f 1125 1175 1164
f 1175 1128 1173
f 1164 1173 1109
f 1175 1173 1164
f 1130 1185 1183
f 1185 1128 1175
f 1183 1175 1125
f 1185 1175 1183
f 1111 1176 1166
f 1176 1129 1179
f 1166 1179 1126
f 1176 1179 1166
f 1129 1177 1186
f 1177 1114 1182
f 1186 1182 1130
f 1177 1182 1186
f 1126 1184 1167
f 1184 1130 1181
f 1167 1181 1113
f 1184 1181 1167
f 1129 1186 1179
f 1186 1130 1184
f 1179 1184 1126
f 1186 1184 1179
f 1106 1161 1161
f 1161 1124 1124
f 1161 1124 1124
f 1161 1124 1161
f 1124 1162 1162
f 1162 1113 1113
f 1162 1113 1113
f 1162 1113 1162
f 1124 1162 1162
f 1162 1113 1113
f 1162 1113 1113
f 1162 1113 1162
f 1124 1162 1124
f 1162 1113 1162
f 1124 1162 1124
f 1162 1162 1124
f 1113 1165 1165
f 1165 1125 1125
f 1165 1125 1125
f 1165 1125 1165
f 1125 1164 1164
f 1164 1109 1109
f 1164 1109 1109
f 1164 1109 1164
f 1125 1164 1164
f 1164 1109 1109
f 1164 1109 1109
f 1164 1109 1164
f 1125 1164 1125
f 1164 1109 1164
f 1125 1164 1125
f 1164 1164 1125
f 1113 1165 1165
f 1165 1125 1125
f 1165 1125 1125
f 1165 1125 1165
f 1125 1164 1164
f 1164 1109 1109
f 1164 1109 1109
f 1164 1109 1164
f 1125 1164 1164
f 1164 1109 1109
f 1164 1109 1109
f 1164 1109 1164
f 1125 1164 1125
f 1164 1109 1164
f 1125 1164 1125
f 1164 1164 1125
f 1113 1165 1113
f 1165 1125 1165
f 1113 1165 1113
f 1165 1165 1113
f 1125 1164 1125
f 1164 1109 1164
f 1125 1164 1125
f 1164 1164 1125
f 1113 1165 1113
f 1165 1125 1165
f 1113 1165 1113
f 1165 1165 1113
f 1125 1125 1165
f 1125 1125 1165
f 1165 1165 1113
f 1125 1165 1165
f 1187 1207 1211
f 1207 1193 1213
f 1211 1213 1195
f 1207 1213 1211
f 1193 1208 1218
f 1208 1189 1216
f 1218 1216 1197
f 1208 1216 1218
f 1195 1219 1212
f 1219 1197 1217
f 1212 1217 1190
f 1219 1217 1212
f 1193 1218 1213
f 1218 1197 1219
f 1213 1219 1195
f 1218 1219 1213
f 1189 1210 1222
f 1210 1194 1224
f 1222 1224 1198
f 1210 1224 1222
f 1194 1209 1220
f 1209 1106 1161
f 1220 1161 1124
f 1209 1161 1220
f 1198 1226 1223
f 1226 1124 1162
f 1223 1162 1113
f 1226 1162 1223
f 1194 1220 1224
f 1220 1124 1226
f 1224 1226 1198
f 1220 1226 1224
f 1190 1227 1215
f 1227 1199 1229
f 1215 1229 1196
f 1227 1229 1215
f 1199 1228 1231
f 1228 1113 1165
f 1231 1165 1125
f 1228 1165 1231
f 1196 1221 1214
f 1221 1125 1164
f 1214 1164 1109
f 1221 1164 1214
f 1199 1231 1229
f 1231 1125 1221
f 1229 1221 1196
f 1231 1221 1229
f 1189 1222 1216
f 1222 1198 1225
f 1216 1225 1197
f 1222 1225 1216
f 1198 1223 1232
f 1223 1113 1228
f 1232 1228 1199
f 1223 1228 1232
f 1197 1230 1217
f 1230 1199 1227
f 1217 1227 1190
f 1230 1227 1217
f 1198 1232 1225
f 1232 1199 1230
f 1225 1230 1197
f 1232 1230 1225
f 1187 1211 1211
f 1211 1195 1195
f 1211 1195 1195
f 1211 1195 1211
f 1195 1212 1212
f 1212 1190 1190
f 1212 1190 1190
f 1212 1190 1212
f 1195 1212 1212
f 1212 1190 1190
f 1212 1190 1190
f 1212 1190 1212
f 1195 1212 1195
f 1212 1190 1212
f 1195 1212 1195
f 1212 1212 1195
f 1190 1215 1215
f 1215 1196 1196
f 1215 1196 1196
f 1215 1196 1215
f 1196 1214 1214
f 1214 1109 1109
f 1214 1109 1109
f 1214 1109 1214
f 1196 1214 1214
f 1214 1109 1109
f 1214 1109 1109
f 1214 1109 1214
f 1196 1214 1196
f 1214 1109 1214
f 1196 1214 1196
f 1214 1214 1196
f 1190 1215 1215
f 1215 1196 1196
f 1215 1196 1196
f 1215 1196 1215
f 1196 1214 1214
f 1214 1109 1109
f 1214 1109 1109
f 1214 1109 1214
f 1196 1214 1214
f 1214 1109 1109
f 1214 1109 1109
f 1214 1109 1214
f 1196 1214 1196
f 1214 1109 1214
f 1196 1214 1196
f 1214 1214 1196
f 1190 1215 1190
f 1215 1196 1215
f 1190 1215 1190
f 1215 1215 1190
f 1196 1214 1196
f 1214 1109 1214
f 1196 1214 1196
f 1214 1214 1196
f 1190 1215 1190
f 1215 1196 1215
f 1190 1215 1190
f 1215 1215 1190
f 1196 1196 1215
f 1196 1196 1215
f 1215 1215 1190
f 1196 1215 1215
f 1187 1211 1233
f 1211 1195 1235
f 1233 1235 1200
f 1211 1235 1233
f 1195 1212 1240
f 1212 1190 1238
f 1240 1238 1202
f 1212 1238 1240
f 1200 1241 1234
f 1241 1202 1239
f 1234 1239 1191
f 1241 1239 1234
f 1195 1240 1235
f 1240 1202 1241
f 1235 1241 1200
f 1240 1241 1235
f 1190 1215 1248
f 1215 1196 1250
f 1248 1250 1205
f 1215 1250 1248
f 1196 1214 1244
f 1214 1109 1242
f 1244 1242 1203
f 1214 1242 1244
f 1205 1252 1249
f 1252 1203 1243
f 1249 1243 1192
f 1252 1243 1249
f 1196 1244 1250
f 1244 1203 1252
f 1250 1252 1205
f 1244 1252 1250
f 1191 1253 1237
f 1253 1206 1255
f 1237 1255 1201
f 1253 1255 1237
f 1206 1254 1257
f 1254 1192 1246
f 1257 1246 1204
f 1254 1246 1257
f 1201 1247 1236
f 1247 1204 1245
f 1236 1245 1188
f 1247 1245 1236
f 1206 1257 1255
f 1257 1204 1247
f 1255 1247 1201
f 1257 1247 1255
f 1190 1248 1238
f 1248 1205 1251
f 1238 1251 1202
f 1248 1251 1238
f 1205 1249 1258
f 1249 1192 1254
f 1258 1254 1206
f 1249 1254 1258
f 1202 1256 1239
f 1256 1206 1253
f 1239 1253 1191
f 1256 1253 1239
f 1205 1258 1251
f 1258 1206 1256
f 1251 1256 1202
f 1258 1256 1251
f 1187 1233 1233
f 1233 1200 1200
f 1233 1200 1200
f 1233 1200 1233
f 1200 1234 1234
f 1234 1191 1191
f 1234 1191 1191
f 1234 1191 1234
f 1200 1234 1234
f 1234 1191 1191
f 1234 1191 1191
f 1234 1191 1234
f 1200 1234 1200
f 1234 1191 1234
f 1200 1234 1200
f 1234 1234 1200
f 1191 1237 1237
f 1237 1201 1201
f 1237 1201 1201
f 1237 1201 1237
f 1201 1236 1236
f 1236 1188 1188
f 1236 1188 1188
f 1236 1188 1236
f 1201 1236 1236
f 1236 1188 1188
f 1236 1188 1188
f 1236 1188 1236
f 1201 1236 1201
f 1236 1188 1236
f 1201 1236 1201
f 1236 1236 1201
f 1191 1237 1237
f 1237 1201 1201
f 1237 1201 1201
f 1237 1201 1237
f 1201 1236 1236
f 1236 1188 1188
f 1236 1188 1188
f 1236 1188 1236
f 1201 1236 1236
f 1236 1188 1188
f 1236 1188 1188
f 1236 1188 1236
f 1201 1236 1201
f 1236 1188 1236
f 1201 1236 1201
f 1236 1236 1201
f 1191 1237 1191
f 1237 1201 1237
f 1191 1237 1191
f 1237 1237 1191
f 1201 1236 1201
f 1236 1188 1236
f 1201 1236 1201
f 1236 1236 1201
f 1191 1237 1191
f 1237 1201 1237
f 1191 1237 1191
f 1237 1237 1191
f 1201 1201 1237
f 1201 1201 1237
f 1237 1237 1191
f 1201 1237 1237
f 1259 1279 1283
f 1279 1265 1285
f 1283 1285 1267
f 1279 1285 1283
f 1265 1280 1290
f 1280 1261 1288
f 1290 1288 1269
f 1280 1288 1290
f 1267 1291 1284
f 1291 1269 1289
f 1284 1289 1262
f 1291 1289 1284
f 1265 1290 1285
f 1290 1269 1291
f 1285 1291 1267
f 1290 1291 1285
f 1261 1282 1294
f 1282 1266 1296
f 1294 1296 1270
f 1282 1296 1294
f 1266 1281 1292
f 1281 1187 1233
f 1292 1233 1200
f 1281 1233 1292
f 1270 1298 1295
f 1298 1200 1234
f 1295 1234 1191
f 1298 1234 1295
f 1266 1292 1296
f 1292 1200 1298
f 1296 1298 1270
f 1292 1298 1296
f 1262 1299 1287
f 1299 1271 1301
f 1287 1301 1268
f 1299 1301 1287
f 1271 1300 1303
f 1300 1191 1237
f 1303 1237 1201
f 1300 1237 1303
f 1268 1293 1286
f 1293 1201 1236
f 1286 1236 1188
f 1293 1236 1286
f 1271 1303 1301
f 1303 1201 1293
f 1301 1293 1268
f 1303 1293 1301
f 1261 1294 1288
f 1294 1270 1297
f 1288 1297 1269
f 1294 1297 1288
f 1270 1295 1304
f 1295 1191 1300
f 1304 1300 1271
f 1295 1300 1304
f 1269 1302 1289
f 1302 1271 1299
f 1289 1299 1262
f 1302 1299 1289
f 1270 1304 1297
f 1304 1271 1302
f 1297 1302 1269
f 1304 1302 1297
f 1259 1283 1283
f 1283 1267 1267
f 1283 1267 1267
f 1283 1267 1283
f 1267 1284 1284
f 1284 1262 1262
f 1284 1262 1262
f 1284 1262 1284
f 1267 1284 1284
f 1284 1262 1262
f 1284 1262 1262
f 1284 1262 1284
f 1267 1284 1267
f 1284 1262 1284
f 1267 1284 1267
f 1284 1284 1267
f 1262 1287 1287
f 1287 1268 1268
f 1287 1268 1268
f 1287 1268 1287
f 1268 1286 1286
f 1286 1188 1188
f 1286 1188 1188
f 1286 1188 1286
f 1268 1286 1286
f 1286 1188 1188
f 1286 1188 1188
f 1286 1188 1286
f 1268 1286 1268
f 1286 1188 1286
f 1268 1286 1268
f 1286 1286 1268
f 1262 1287 1287
f 1287 1268 1268
f 1287 1268 1268
f 1287 1268 1287
f 1268 1286 1286
f 1286 1188 1188
f 1286 1188 1188
f 1286 1188 1286
f 1268 1286 1286
f 1286 1188 1188
f 1286 1188 1188
f 1286 1188 1286
f 1268 1286 1268
f 1286 1188 1286
f 1268 1286 1268
f 1286 1286 1268
f 1262 1287 1262
f 1287 1268 1287
f 1262 1287 1262
f 1287 1287 1262
f 1268 1286 1268
f 1286 1188 1286
f 1268 1286 1268
f 1286 1286 1268
f 1262 1287 1262
f 1287 1268 1287
f 1262 1287 1262
f 1287 1287 1262
f 1268 1268 1287
f 1268 1268 1287
f 1287 1287 1262
f 1268 1287 1287
f 1259 1283 1305
f 1283 1267 1307
f 1305 1307 1272
f 1283 1307 1305
f 1267 1284 1312
f 1284 1262 1310
f 1312 1310 1274
f 1284 1310 1312
f 1272 1313 1306
f 1313 1274 1311
f 1306 1311 1263
f 1313 1311 1306
f 1267 1312 1307
f 1312 1274 1313
f 1307 1313 1272
f 1312 1313 1307
f 1262 1287 1320
f 1287 1268 1322
f 1320 1322 1277
f 1287 1322 1320
f 1268 1286 1316
f 1286 1188 1314
f 1316 1314 1275
f 1286 1314 1316
f 1277 1324 1321
f 1324 1275 1315
f 1321 1315 1264
f 1324 1315 1321
f 1268 1316 1322
f 1316 1275 1324
f 1322 1324 1277
f 1316 1324 1322
f 1263 1325 1309
f 1325 1278 1327
f 1309 1327 1273
f 1325 1327 1309
f 1278 1326 1329
f 1326 1264 1318
f 1329 1318 1276
f 1326 1318 1329
f 1273 1319 1308
f 1319 1276 1317
f 1308 1317 1260
f 1319 1317 1308
f 1278 1329 1327
f 1329 1276 1319
f 1327 1319 1273
f 1329 1319 1327
f 1262 1320 1310
f 1320 1277 1323
f 1310 1323 1274
f 1320 1323 1310
f 1277 1321 1330
f 1321 1264 1326
f 1330 1326 1278
f 1321 1326 1330
f 1274 1328 1311
f 1328 1278 1325
f 1311 1325 1263
f 1328 1325 1311
f 1277 1330 1323
f 1330 1278 1328
f 1323 1328 1274
f 1330 1328 1323
f 1259 1305 1305
f 1305 1272 1272
f 1305 1272 1272
f 1305 1272 1305
f 1272 1306 1306
f 1306 1263 1263
f 1306 1263 1263
f 1306 1263 1306
f 1272 1306 1306
f 1306 1263 1263
f 1306 1263 1263
f 1306 1263 1306
f 1272 1306 1272
f 1306 1263 1306
f 1272 1306 1272
f 1306 1306 1272
f 1263 1309 1309
f 1309 1273 1273
f 1309 1273 1273
f 1309 1273 1309
f 1273 1308 1308
f 1308 1260 1260
f 1308 1260 1260
f 1308 1260 1308
f 1273 1308 1308
f 1308 1260 1260
f 1308 1260 1260
f 1308 1260 1308
f 1273 1308 1273
f 1308 1260 1308
f 1273 1308 1273
f 1308 1308 1273
f 1263 1309 1309
f 1309 1273 1273
f 1309 1273 1273
f 1309 1273 1309
f 1273 1308 1308
f 1308 1260 1260
f 1308 1260 1260
f 1308 1260 1308
f 1273 1308 1308
f 1308 1260 1260
f 1308 1260 1260
f 1308 1260 1308
f 1273 1308 1273
f 1308 1260 1308
f 1273 1308 1273
f 1308 1308 1273
f 1263 1309 1263
f 1309 1273 1309
f 1263 1309 1263
f 1309 1309 1263
f 1273 1308 1273
f 1308 1260 1308
f 1273 1308 1273
f 1308 1308 1273
f 1263 1309 1263
f 1309 1273 1309
f 1263 1309 1263
f 1309 1309 1263
f 1273 1273 1309
f 1273 1273 1309
f 1309 1309 1263
f 1273 1309 1309
f 1107 1346 1350
f 1346 1334 1352
f 1350 1352 1336
f 1346 1352 1350
f 1334 1347 1357
f 1347 1331 1355
f 1357 1355 1338
f 1347 1355 1357
f 1336 1358 1351
f 1358 1338 1356
f 1351 1356 1332
f 1358 1356 1351
f 1334 1357 1352
f 1357 1338 1358
f 1352 1358 1336
f 1357 1358 1352
f 1331 1349 1361
f 1349 1335 1363
f 1361 1363 1339
f 1349 1363 1361
f 1335 1348 1359
f 1348 1259 1305
f 1359 1305 1272
f 1348 1305 1359
f 1339 1365 1362
f 1365 1272 1306
f 1362 1306 1263
f 1365 1306 1362
f 1335 1359 1363
f 1359 1272 1365
f 1363 1365 1339
f 1359 1365 1363
f 1332 1366 1354
f 1366 1340 1368
f 1354 1368 1337
f 1366 1368 1354
f 1340 1367 1370
f 1367 1263 1309
f 1370 1309 1273
f 1367 1309 1370
f 1337 1360 1353
f 1360 1273 1308
f 1353 1308 1260
f 1360 1308 1353
f 1340 1370 1368
f 1370 1273 1360
f 1368 1360 1337
f 1370 1360 1368
f 1331 1361 1355
f 1361 1339 1364
f 1355 1364 1338
f 1361 1364 1355
f 1339 1362 1371
f 1362 1263 1367
f 1371 1367 1340
f 1362 1367 1371
f 1338 1369 1356
f 1369 1340 1366
f 1356 1366 1332
f 1369 1366 1356
f 1339 1371 1364
f 1371 1340 1369
f 1364 1369 1338
f 1371 1369 1364
f 1107 1350 1350
f 1350 1336 1336
f 1350 1336 1336
f 1350 1336 1350
f 1336 1351 1351
f 1351 1332 1332
f 1351 1332 1332
f 1351 1332 1351
f 1336 1351 1351
f 1351 1332 1332
f 1351 1332 1332
f 1351 1332 1351
f 1336 1351 1336
f 1351 1332 1351
f 1336 1351 1336
f 1351 1351 1336
f 1332 1354 1354
f 1354 1337 1337
f 1354 1337 1337
f 1354 1337 1354
f 1337 1353 1353
f 1353 1260 1260
f 1353 1260 1260
f 1353 1260 1353
f 1337 1353 1353
f 1353 1260 1260
f 1353 1260 1260
f 1353 1260 1353
f 1337 1353 1337
f 1353 1260 1353
f 1337 1353 1337
f 1353 1353 1337
f 1332 1354 1354
f 1354 1337 1337
f 1354 1337 1337
f 1354 1337 1354
f 1337 1353 1353
f 1353 1260 1260
f 1353 1260 1260
f 1353 1260 1353
f 1337 1353 1353
f 1353 1260 1260
f 1353 1260 1260
f 1353 1260 1353
f 1337 1353 1337
f 1353 1260 1353
f 1337 1353 1337
f 1353 1353 1337
f 1332 1354 1332
f 1354 1337 1354
f 1332 1354 1332
f 1354 1354 1332
f 1337 1353 1337
f 1353 1260 1353
f 1337 1353 1337
f 1353 1353 1337
f 1332 1354 1332
f 1354 1337 1354
f 1332 1354 1332
f 1354 1354 1332
f 1337 1337 1354
f 1337 1337 1354
f 1354 1354 1332
f 1337 1354 1354
f 1107 1350 1144
f 1350 1336 1372
f 1144 1372 1120
f 1350 1372 1144
f 1336 1351 1375
f 1351 1332 1373
f 1375 1373 1341
f 1351 1373 1375
f 1120 1376 1145
f 1376 1341 1374
f 1145 1374 1112
f 1376 1374 1145
f 1336 1375 1372
f 1375 1341 1376
f 1372 1376 1120
f 1375 1376 1372
f 1332 1354 1383
f 1354 1337 1385
f 1383 1385 1344
f 1354 1385 1383
f 1337 1353 1379
f 1353 1260 1377
f 1379 1377 1342
f 1353 1377 1379
f 1344 1387 1384
f 1387 1342 1378
f 1384 1378 1333
f 1387 1378 1384
f 1337 1379 1385
f 1379 1342 1387
f 1385 1387 1344
f 1379 1387 1385
f 1112 1388 1148
f 1388 1345 1390
f 1148 1390 1121
f 1388 1390 1148
f 1345 1389 1392
f 1389 1333 1381
f 1392 1381 1343
f 1389 1381 1392
f 1121 1382 1147
f 1382 1343 1380
f 1147 1380 1108
f 1382 1380 1147
f 1345 1392 1390
f 1392 1343 1382
f 1390 1382 1121
f 1392 1382 1390
f 1332 1383 1373
f 1383 1344 1386
f 1373 1386 1341
f 1383 1386 1373
f 1344 1384 1393
f 1384 1333 1389
f 1393 1389 1345
f 1384 1389 1393
f 1341 1391 1374
f 1391 1345 1388
f 1374 1388 1112
f 1391 1388 1374
f 1344 1393 1386
f 1393 1345 1391
f 1386 1391 1341
f 1393 1391 1386
f 1107 1144 1144
f 1144 1120 1120
f 1144 1120 1120
f 1144 1120 1144
f 1120 1145 1145
f 1145 1112 1112
f 1145 1112 1112
f 1145 1112 1145
f 1120 1145 1145
f 1145 1112 1112
f 1145 1112 1112
f 1145 1112 1145
f 1120 1145 1120
f 1145 1112 1145
f 1120 1145 1120
f 1145 1145 1120
f 1112 1148 1148
f 1148 1121 1121
f 1148 1121 1121
f 1148 1121 1148
f 1121 1147 1147
f 1147 1108 1108
f 1147 1108 1108
f 1147 1108 1147
f 1121 1147 1147
f 1147 1108 1108
f 1147 1108 1108
f 1147 1108 1147
f 1121 1147 1121
f 1147 1108 1147
f 1121 1147 1121
f 1147 1147 1121
f 1112 1148 1148
f 1148 1121 1121
f 1148 1121 1121
f 1148 1121 1148
f 1121 1147 1147
f 1147 1108 1108
f 1147 1108 1108
f 1147 1108 1147
f 1121 1147 1147
f 1147 1108 1108
f 1147 1108 1108
f 1147 1108 1147
f 1121 1147 1121
f 1147 1108 1147
f 1121 1147 1121
f 1147 1147 1121
f 1112 1148 1112
f 1148 1121 1148
f 1112 1148 1112
f 1148 1148 1112
f 1121 1147 1121
f 1147 1108 1147
f 1121 1147 1121
f 1147 1147 1121
f 1112 1148 1112
f 1148 1121 1148
f 1112 1148 1112
f 1148 1148 1112
f 1121 1121 1148
f 1121 1121 1148
f 1148 1148 1112
f 1121 1148 1148
f 1108 1380 1403
f 1380 1343 1405
f 1403 1405 1395
f 1380 1405 1403
f 1343 1381 1410
f 1381 1333 1408
f 1410 1408 1397
f 1381 1408 1410
f 1395 1411 1404
f 1411 1397 1409
f 1404 1409 1394
f 1411 1409 1404
f 1343 1410 1405
f 1410 1397 1411
f 1405 1411 1395
f 1410 1411 1405
f 1333 1378 1414
f 1378 1342 1416
f 1414 1416 1398
f 1378 1416 1414
f 1342 1377 1412
f 1377 1260 1317
f 1412 1317 1276
f 1377 1317 1412
f 1398 1418 1415
f 1418 1276 1318
f 1415 1318 1264
f 1418 1318 1415
f 1342 1412 1416
f 1412 1276 1418
f 1416 1418 1398
f 1412 1418 1416
f 1394 1419 1407
f 1419 1399 1421
f 1407 1421 1396
f 1419 1421 1407
f 1399 1420 1423
f 1420 1264 1315
f 1423 1315 1275
f 1420 1315 1423
f 1396 1413 1406
f 1413 1275 1314
f 1406 1314 1188
f 1413 1314 1406
f 1399 1423 1421
f 1423 1275 1413
f 1421 1413 1396
f 1423 1413 1421
f 1333 1414 1408
f 1414 1398 1417
f 1408 1417 1397
f 1414 1417 1408
f 1398 1415 1424
f 1415 1264 1420
f 1424 1420 1399
f 1415 1420 1424
f 1397 1422 1409
f 1422 1399 1419
f 1409 1419 1394
f 1422 1419 1409
f 1398 1424 1417
f 1424 1399 1422
f 1417 1422 1397
f 1424 1422 1417
f 1108 1403 1403
f 1403 1395 1395
f 1403 1395 1395
f 1403 1395 1403
f 1395 1404 1404
f 1404 1394 1394
f 1404 1394 1394
f 1404 1394 1404
f 1395 1404 1404
f 1404 1394 1394
f 1404 1394 1394
f 1404 1394 1404
f 1395 1404 1395
f 1404 1394 1404
f 1395 1404 1395
f 1404 1404 1395
f 1394 1407 1407
f 1407 1396 1396
f 1407 1396 1396
f 1407 1396 1407
f 1396 1406 1406
f 1406 1188 1188
f 1406 1188 1188
f 1406 1188 1406
f 1396 1406 1406
f 1406 1188 1188
f 1406 1188 1188
f 1406 1188 1406
f 1396 1406 1396
f 1406 1188 1406
f 1396 1406 1396
f 1406 1406 1396
f 1394 1407 1407
f 1407 1396 1396
f 1407 1396 1396
f 1407 1396 1407
f 1396 1406 1406
f 1406 1188 1188
f 1406 1188 1188
f 1406 1188 1406
f 1396 1406 1406
f 1406 1188 1188
f 1406 1188 1188
f 1406 1188 1406
f 1396 1406 1396
f 1406 1188 1406
f 1396 1406 1396
f 1406 1406 1396
f 1394 1407 1394
f 1407 1396 1407
f 1394 1407 1394
f 1407 1407 1394
f 1396 1406 1396
f 1406 1188 1406
f 1396 1406 1396
f 1406 1406 1396
f 1394 1407 1394
f 1407 1396 1407
f 1394 1407 1394
f 1407 1407 1394
f 1396 1396 1407
f 1396 1396 1407
f 1407 1407 1394
f 1396 1407 1407
f 1108 1403 1170
f 1403 1395 1425
f 1170 1425 1127
f 1403 1425 1170
f 1395 1404 1428
f 1404 1394 1426
f 1428 1426 1400
f 1404 1426 1428
f 1127 1429 1171
f 1429 1400 1427
f 1171 1427 1114
f 1429 1427 1171
f 1395 1428 1425
f 1428 1400 1429
f 1425 1429 1127
f 1428 1429 1425
f 1394 1407 1432
f 1407 1396 1434
f 1432 1434 1401
f 1407 1434 1432
f 1396 1406 1430
f 1406 1188 1245
f 1430 1245 1204
f 1406 1245 1430
f 1401 1436 1433
f 1436 1204 1246
f 1433 1246 1192
f 1436 1246 1433
f 1396 1430 1434
f 1430 1204 1436
f 1434 1436 1401
f 1430 1436 1434
f 1114 1437 1174
f 1437 1402 1439
f 1174 1439 1128
f 1437 1439 1174
f 1402 1438 1441
f 1438 1192 1243
f 1441 1243 1203
f 1438 1243 1441
f 1128 1431 1173
f 1431 1203 1242
f 1173 1242 1109
f 1431 1242 1173
f 1402 1441 1439
f 1441 1203 1431
f 1439 1431 1128
f 1441 1431 1439
f 1394 1432 1426
f 1432 1401 1435
f 1426 1435 1400
f 1432 1435 1426
f 1401 1433 1442
f 1433 1192 1438
f 1442 1438 1402
f 1433 1438 1442
f 1400 1440 1427
f 1440 1402 1437
f 1427 1437 1114
f 1440 1437 1427
f 1401 1442 1435
f 1442 1402 1440
f 1435 1440 1400
f 1442 1440 1435
f 1108 1170 1170
f 1170 1127 1127
f 1170 1127 1127
f 1170 1127 1170
f 1127 1171 1171
f 1171 1114 1114
f 1171 1114 1114
f 1171 1114 1171
f 1127 1171 1171
f 1171 1114 1114
f 1171 1114 1114
f 1171 1114 1171
f 1127 1171 1127
f 1171 1114 1171
f 1127 1171 1127
f 1171 1171 1127
f 1114 1174 1174
f 1174 1128 1128
f 1174 1128 1128
f 1174 1128 1174
f 1128 1173 1173
f 1173 1109 1109
f 1173 1109 1109
f 1173 1109 1173
f 1128 1173 1173
f 1173 1109 1109
f 1173 1109 1109
f 1173 1109 1173
f 1128 1173 1128
f 1173 1109 1173
f 1128 1173 1128
f 1173 1173 1128
f 1114 1174 1174
f 1174 1128 1128
f 1174 1128 1128
f 1174 1128 1174
f 1128 1173 1173
f 1173 1109 1109
f 1173 1109 1109
f 1173 1109 1173
f 1128 1173 1173
f 1173 1109 1109
f 1173 1109 1109
f 1173 1109 1173
f 1128 1173 1128
f 1173 1109 1173
f 1128 1173 1128
f 1173 1173 1128
f 1114 1174 1114
f 1174 1128 1174
f 1114 1174 1114
f 1174 1174 1114
f 1128 1173 1128
f 1173 1109 1173
f 1128 1173 1128
f 1173 1173 1128
f 1114 1174 1114
f 1174 1128 1174
f 1114 1174 1114
f 1174 1174 1114
f 1128 1128 1174
f 1128 1128 1174
f 1174 1174 1114
f 1128 1174 1174
f 1259 1348 1491
f 1348 1335 1493
f 1491 1493 1451
f 1348 1493 1491
f 1335 1349 1498
f 1349 1331 1496
f 1498 1496 1453
f 1349 1496 1498
f 1451 1499 1492
f 1499 1453 1497
f 1492 1497 1443
f 1499 1497 1492
f 1335 1498 1493
f 1498 1453 1499
f 1493 1499 1451
f 1498 1499 1493
f 1331 1347 1506
f 1347 1334 1508
f 1506 1508 1456
f 1347 1508 1506
f 1334 1346 1502
f 1346 1107 1500
f 1502 1500 1454
f 1346 1500 1502
f 1456 1510 1507
f 1510 1454 1501
f 1507 1501 1444
f 1510 1501 1507
f 1334 1502 1508
f 1502 1454 1510
f 1508 1510 1456
f 1502 1510 1508
f 1443 1511 1495
f 1511 1457 1513
f 1495 1513 1452
f 1511 1513 1495
f 1457 1512 1515
f 1512 1444 1504
f 1515 1504 1455
f 1512 1504 1515
f 1452 1505 1494
f 1505 1455 1503
f 1494 1503 289
f 1505 1503 1494
f 1457 1515 1513
f 1515 1455 1505
f 1513 1505 1452
f 1515 1505 1513
f 1331 1506 1496
f 1506 1456 1509
f 1496 1509 1453
f 1506 1509 1496
f 1456 1507 1516
f 1507 1444 1512
f 1516 1512 1457
f 1507 1512 1516
f 1453 1514 1497
f 1514 1457 1511
f 1497 1511 1443
f 1514 1511 1497
f 1456 1516 1509
f 1516 1457 1514
f 1509 1514 1453
f 1516 1514 1509
f 1259 1491 1491
f 1491 1451 1451
f 1491 1451 1451
f 1491 1451 1491
f 1451 1492 1492
f 1492 1443 1443
f 1492 1443 1443
f 1492 1443 1492
f 1451 1492 1492
f 1492 1443 1443
f 1492 1443 1443
f 1492 1443 1492
f 1451 1492 1451
f 1492 1443 1492
f 1451 1492 1451
f 1492 1492 1451
f 1443 1495 1495
f 1495 1452 1452
f 1495 1452 1452
f 1495 1452 1495
f 1452 1494 1494
f 1494 289 289
f 1494 289 289
f 1494 289 1494
f 1452 1494 1494
f 1494 289 289
f 1494 289 289
f 1494 289 1494
f 1452 1494 1452
f 1494 289 1494
f 1452 1494 1452
f 1494 1494 1452
f 1443 1495 1495
f 1495 1452 1452
f 1495 1452 1452
f 1495 1452 1495
f 1452 1494 1494
f 1494 289 289
f 1494 289 289
f 1494 289 1494
f 1452 1494 1494
f 1494 289 289
f 1494 289 289
f 1494 289 1494
f 1452 1494 1452
f 1494 289 1494
f 1452 1494 1452
f 1494 1494 1452
f 1443 1495 1443
f 1495 1452 1495
f 1443 1495 1443
f 1495 1495 1443
f 1452 1494 1452
f 1494 289 1494
f 1452 1494 1452
f 1494 1494 1452
f 1443 1495 1443
f 1495 1452 1495
f 1443 1495 1443
f 1495 1495 1443
f 1452 1452 1495
f 1452 1452 1495
f 1495 1495 1443
f 1452 1495 1495
f 289 759 1494
f 759 748 1526
f 1494 1526 1452
f 759 1526 1494
f 748 760 1532
f 760 745 1529
f 1532 1529 1461
f 760 1529 1532
f 1452 1530 1495
f 1530 1461 1528
f 1495 1528 1443
f 1530 1528 1495
f 748 1532 1526
f 1532 1461 1530
f 1526 1530 1452
f 1532 1530 1526
f 745 758 1534
f 758 747 1537
f 1534 1537 1462
f 758 1537 1534
f 747 757 1527
f 757 365 1520
f 1527 1520 1459
f 757 1520 1527
f 1462 1535 1533
f 1535 1459 1521
f 1533 1521 1445
f 1535 1521 1533
f 747 1527 1537
f 1527 1459 1535
f 1537 1535 1462
f 1527 1535 1537
f 1443 1522 1492
f 1522 1460 1524
f 1492 1524 1451
f 1522 1524 1492
f 1460 1523 1525
f 1523 1445 1518
f 1525 1518 1458
f 1523 1518 1525
f 1451 1519 1491
f 1519 1458 1517
f 1491 1517 1259
f 1519 1517 1491
f 1460 1525 1524
f 1525 1458 1519
f 1524 1519 1451
f 1525 1519 1524
f 745 1534 1529
f 1534 1462 1538
f 1529 1538 1461
f 1534 1538 1529
f 1462 1533 1536
f 1533 1445 1523
f 1536 1523 1460
f 1533 1523 1536
f 1461 1531 1528
f 1531 1460 1522
f 1528 1522 1443
f 1531 1522 1528
f 1462 1536 1538
f 1536 1460 1531
f 1538 1531 1461
f 1536 1531 1538
f 289 1494 1494
f 1494 1452 1452
f 1494 1452 1452
f 1494 1452 1494
f 1452 1495 1495
f 1495 1443 1443
f 1495 1443 1443
f 1495 1443 1495
f 1452 1495 1495
f 1495 1443 1443
f 1495 1443 1443
f 1495 1443 1495
f 1452 1495 1452
f 1495 1443 1495
f 1452 1495 1452
f 1495 1495 1452
f 1443 1492 1492
f 1492 1451 1451
f 1492 1451 1451
f 1492 1451 1492
f 1451 1491 1491
f 1491 1259 1259
f 1491 1259 1259
f 1491 1259 1491
f 1451 1491 1491
f 1491 1259 1259
f 1491 1259 1259
f 1491 1259 1491
f 1451 1491 1451
f 1491 1259 1491
f 1451 1491 1451
f 1491 1491 1451
f 1443 1492 1492
f 1492 1451 1451
f 1492 1451 1451
f 1492 1451 1492
f 1451 1491 1491
f 1491 1259 1259
f 1491 1259 1259
f 1491 1259 1491
f 1451 1491 1491
f 1491 1259 1259
f 1491 1259 1259
f 1491 1259 1491
f 1451 1491 1451
f 1491 1259 1491
f 1451 1491 1451
f 1491 1491 1451
f 1443 1492 1443
f 1492 1451 1492
f 1443 1492 1443
f 1492 1492 1443
f 1451 1491 1451
f 1491 1259 1491
f 1451 1491 1451
f 1491 1491 1451
f 1443 1492 1443
f 1492 1451 1492
f 1443 1492 1443
f 1492 1492 1443
f 1451 1451 1492
f 1451 1451 1492
f 1492 1492 1443
f 1451 1492 1492
f 363 632 1541
f 632 590 1570
f 1541 1570 1464
f 632 1570 1541
f 590 633 1576
f 633 579 1573
f 1576 1573 1471
f 633 1573 1576
f 1464 1574 1542
f 1574 1471 1572
f 1542 1572 1446
f 1574 1572 1542
f 590 1576 1570
f 1576 1471 1574
f 1570 1574 1464
f 1576 1574 1570
f 579 631 1578
f 631 589 1581
f 1578 1581 1472
f 631 1581 1578
f 589 630 1571
f 630 290 1547
f 1571 1547 1466
f 630 1547 1571
f 1472 1579 1577
f 1579 1466 1548
f 1577 1548 1447
f 1579 1548 1577
f 589 1571 1581
f 1571 1466 1579
f 1581 1579 1472
f 1571 1579 1581
f 1446 1553 1540
f 1553 1468 1555
f 1540 1555 1463
f 1553 1555 1540
f 1468 1554 1556
f 1554 1447 1544
f 1556 1544 1465
f 1554 1544 1556
f 1463 1546 1539
f 1546 1465 1543
f 1539 1543 1107
f 1546 1543 1539
f 1468 1556 1555
f 1556 1465 1546
f 1555 1546 1463
f 1556 1546 1555
f 579 1578 1573
f 1578 1472 1582
f 1573 1582 1471
f 1578 1582 1573
f 1472 1577 1580
f 1577 1447 1554
f 1580 1554 1468
f 1577 1554 1580
f 1471 1575 1572
f 1575 1468 1553
f 1572 1553 1446
f 1575 1553 1572
f 1472 1580 1582
f 1580 1468 1575
f 1582 1575 1471
f 1580 1575 1582
f 363 1541 1541
f 1541 1464 1464
f 1541 1464 1464
f 1541 1464 1541
f 1464 1542 1542
f 1542 1446 1446
f 1542 1446 1446
f 1542 1446 1542
f 1464 1542 1542
f 1542 1446 1446
f 1542 1446 1446
f 1542 1446 1542
f 1464 1542 1464
f 1542 1446 1542
f 1464 1542 1464
f 1542 1542 1464
f 1446 1540 1540
f 1540 1463 1463
f 1540 1463 1463
f 1540 1463 1540
f 1463 1539 1539
f 1539 1107 1107
f 1539 1107 1107
f 1539 1107 1539
f 1463 1539 1539
f 1539 1107 1107
f 1539 1107 1107
f 1539 1107 1539
f 1463 1539 1463
f 1539 1107 1539
f 1463 1539 1463
f 1539 1539 1463
f 1446 1540 1540
f 1540 1463 1463
f 1540 1463 1463
f 1540 1463 1540
f 1463 1539 1539
f 1539 1107 1107
f 1539 1107 1107
f 1539 1107 1539
f 1463 1539 1539
f 1539 1107 1107
f 1539 1107 1107
f 1539 1107 1539
f 1463 1539 1463
f 1539 1107 1539
f 1463 1539 1463
f 1539 1539 1463
f 1446 1540 1446
f 1540 1463 1540
f 1446 1540 1446
f 1540 1540 1446
f 1463 1539 1463
f 1539 1107 1539
f 1463 1539 1463
f 1539 1539 1463
f 1446 1540 1446
f 1540 1463 1540
f 1446 1540 1446
f 1540 1540 1446
f 1463 1463 1540
f 1463 1463 1540
f 1540 1540 1446
f 1463 1540 1540
f 1106 1209 1591
f 1209 1194 1654
f 1591 1654 1475
f 1209 1654 1591
f 1194 1210 1660
f 1210 1189 1657
f 1660 1657 1489
f 1210 1657 1660
f 1475 1658 1592
f 1658 1489 1656
f 1592 1656 1448
f 1658 1656 1592
f 1194 1660 1654
f 1660 1489 1658
f 1654 1658 1475
f 1660 1658 1654
f 1189 1208 1662
f 1208 1193 1665
f 1662 1665 1490
f 1208 1665 1662
f 1193 1207 1655
f 1207 1187 1636
f 1655 1636 1485
f 1207 1636 1655
f 1490 1663 1661
f 1663 1485 1637
f 1661 1637 1450
f 1663 1637 1661
f 1193 1655 1665
f 1655 1485 1663
f 1665 1663 1490
f 1655 1663 1665
f 1448 1644 1589
f 1644 1487 1646
f 1589 1646 1474
f 1644 1646 1589
f 1487 1645 1647
f 1645 1450 1633
f 1647 1633 1484
f 1645 1633 1647
f 1474 1635 1588
f 1635 1484 1632
f 1588 1632 365
f 1635 1632 1588
f 1487 1647 1646
f 1647 1484 1635
f 1646 1635 1474
f 1647 1635 1646
f 1189 1662 1657
f 1662 1490 1666
f 1657 1666 1489
f 1662 1666 1657
f 1490 1661 1664
f 1661 1450 1645
f 1664 1645 1487
f 1661 1645 1664
f 1489 1659 1656
f 1659 1487 1644
f 1656 1644 1448
f 1659 1644 1656
f 1490 1664 1666
f 1664 1487 1659
f 1666 1659 1489
f 1664 1659 1666
f 1106 1591 1591
f 1591 1475 1475
f 1591 1475 1475
f 1591 1475 1591
f 1475 1592 1592
f 1592 1448 1448
f 1592 1448 1448
f 1592 1448 1592
f 1475 1592 1592
f 1592 1448 1448
f 1592 1448 1448
f 1592 1448 1592
f 1475 1592 1475
f 1592 1448 1592
f 1475 1592 1475
f 1592 1592 1475
f 1448 1589 1589
f 1589 1474 1474
f 1589 1474 1474
f 1589 1474 1589
f 1474 1588 1588
f 1588 365 365
f 1588 365 365
f 1588 365 1588
f 1474 1588 1588
f 1588 365 365
f 1588 365 365
f 1588 365 1588
f 1474 1588 1474
f 1588 365 1588
f 1474 1588 1474
f 1588 1588 1474
f 1448 1589 1589
f 1589 1474 1474
f 1589 1474 1474
f 1589 1474 1589
f 1474 1588 1588
f 1588 365 365
f 1588 365 365
f 1588 365 1588
f 1474 1588 1588
f 1588 365 365
f 1588 365 365
f 1588 365 1588
f 1474 1588 1474
f 1588 365 1588
f 1474 1588 1474
f 1588 1588 1474
f 1448 1589 1448
f 1589 1474 1589
f 1448 1589 1448
f 1589 1589 1448
f 1474 1588 1474
f 1588 365 1588
f 1474 1588 1474
f 1588 1588 1474
f 1448 1589 1448
f 1589 1474 1589
f 1448 1589 1448
f 1589 1589 1448
f 1474 1474 1589
f 1474 1474 1589
f 1589 1589 1448
f 1474 1589 1589
f 1107 1543 1500
f 1543 1465 1545
f 1500 1545 1454
f 1543 1545 1500
f 1465 1544 1552
f 1544 1447 1550
f 1552 1550 1467
f 1544 1550 1552
f 1454 1551 1501
f 1551 1467 1549
f 1501 1549 1444
f 1551 1549 1501
f 1465 1552 1545
f 1552 1467 1551
f 1545 1551 1454
f 1552 1551 1545
f 1447 1548 1564
f 1548 1466 1566
f 1564 1566 1470
f 1548 1566 1564
f 1466 1547 1558
f 1547 290 311
f 1558 311 296
f 1547 311 1558
f 1470 1568 1565
f 1568 296 312
f 1565 312 291
f 1568 312 1565
f 1466 1558 1566
f 1558 296 1568
f 1566 1568 1470
f 1558 1568 1566
f 1444 1559 1504
f 1559 1469 1561
f 1504 1561 1455
f 1559 1561 1504
f 1469 1560 1563
f 1560 291 310
f 1563 310 295
f 1560 310 1563
f 1455 1557 1503
f 1557 295 309
f 1503 309 289
f 1557 309 1503
f 1469 1563 1561
f 1563 295 1557
f 1561 1557 1455
f 1563 1557 1561
f 1447 1564 1550
f 1564 1470 1567
f 1550 1567 1467
f 1564 1567 1550
f 1470 1565 1569
f 1565 291 1560
f 1569 1560 1469
f 1565 1560 1569
f 1467 1562 1549
f 1562 1469 1559
f 1549 1559 1444
f 1562 1559 1549
f 1470 1569 1567
f 1569 1469 1562
f 1567 1562 1467
f 1569 1562 1567
f 1107 1500 1500
f 1500 1454 1454
f 1500 1454 1454
f 1500 1454 1500
f 1454 1501 1501
f 1501 1444 1444
f 1501 1444 1444
f 1501 1444 1501
f 1454 1501 1501
f 1501 1444 1444
f 1501 1444 1444
f 1501 1444 1501
f 1454 1501 1454
f 1501 1444 1501
f 1454 1501 1454
f 1501 1501 1454
f 1444 1504 1504
f 1504 1455 1455
f 1504 1455 1455
f 1504 1455 1504
f 1455 1503 1503
f 1503 289 289
f 1503 289 289
f 1503 289 1503
f 1455 1503 1503
f 1503 289 289
f 1503 289 289
f 1503 289 1503
f 1455 1503 1455
f 1503 289 1503
f 1455 1503 1455
f 1503 1503 1455
f 1444 1504 1504
f 1504 1455 1455
f 1504 1455 1455
f 1504 1455 1504
f 1455 1503 1503
f 1503 289 289
f 1503 289 289
f 1503 289 1503
f 1455 1503 1503
f 1503 289 289
f 1503 289 289
f 1503 289 1503
f 1455 1503 1455
f 1503 289 1503
f 1455 1503 1455
f 1503 1503 1455
f 1444 1504 1444
f 1504 1455 1504
f 1444 1504 1444
f 1504 1504 1444
f 1455 1503 1455
f 1503 289 1503
f 1455 1503 1455
f 1503 1503 1455
f 1444 1504 1444
f 1504 1455 1504
f 1444 1504 1444
f 1504 1504 1444
f 1455 1455 1504
f 1455 1455 1504
f 1504 1504 1444
f 1455 1504 1504
f 365 1632 1520
f 1632 1484 1634
f 1520 1634 1459
f 1632 1634 1520
f 1484 1633 1643
f 1633 1450 1640
f 1643 1640 1486
f 1633 1640 1643
f 1459 1641 1521
f 1641 1486 1639
f 1521 1639 1445
f 1641 1639 1521
f 1484 1643 1634
f 1643 1486 1641
f 1634 1641 1459
f 1643 1641 1634
f 1450 1637 1649
f 1637 1485 1652
f 1649 1652 1488
f 1637 1652 1649
f 1485 1636 1638
f 1636 1187 1281
f 1638 1281 1266
f 1636 1281 1638
f 1488 1650 1648
f 1650 1266 1282
f 1648 1282 1261
f 1650 1282 1648
f 1485 1638 1652
f 1638 1266 1650
f 1652 1650 1488
f 1638 1650 1652
f 1445 1628 1518
f 1628 1483 1630
f 1518 1630 1458
f 1628 1630 1518
f 1483 1629 1631
f 1629 1261 1280
f 1631 1280 1265
f 1629 1280 1631
f 1458 1627 1517
f 1627 1265 1279
f 1517 1279 1259
f 1627 1279 1517
f 1483 1631 1630
f 1631 1265 1627
f 1630 1627 1458
f 1631 1627 1630
f 1450 1649 1640
f 1649 1488 1653
f 1640 1653 1486
f 1649 1653 1640
f 1488 1648 1651
f 1648 1261 1629
f 1651 1629 1483
f 1648 1629 1651
f 1486 1642 1639
f 1642 1483 1628
f 1639 1628 1445
f 1642 1628 1639
f 1488 1651 1653
f 1651 1483 1642
f 1653 1642 1486
f 1651 1642 1653
f 365 1520 1520
f 1520 1459 1459
f 1520 1459 1459
f 1520 1459 1520
f 1459 1521 1521
f 1521 1445 1445
f 1521 1445 1445
f 1521 1445 1521
f 1459 1521 1521
f 1521 1445 1445
f 1521 1445 1445
f 1521 1445 1521
f 1459 1521 1459
f 1521 1445 1521
f 1459 1521 1459
f 1521 1521 1459
f 1445 1518 1518
f 1518 1458 1458
f 1518 1458 1458
f 1518 1458 1518
f 1458 1517 1517
f 1517 1259 1259
f 1517 1259 1259
f 1517 1259 1517
f 1458 1517 1517
f 1517 1259 1259
f 1517 1259 1259
f 1517 1259 1517
f 1458 1517 1458
f 1517 1259 1517
f 1458 1517 1458
f 1517 1517 1458
f 1445 1518 1518
f 1518 1458 1458
f 1518 1458 1458
f 1518 1458 1518
f 1458 1517 1517
f 1517 1259 1259
f 1517 1259 1259
f 1517 1259 1517
f 1458 1517 1517
f 1517 1259 1259
f 1517 1259 1259
f 1517 1259 1517
f 1458 1517 1458
f 1517 1259 1517
f 1458 1517 1458
f 1517 1517 1458
f 1445 1518 1445
f 1518 1458 1518
f 1445 1518 1445
f 1518 1518 1445
f 1458 1517 1458
f 1517 1259 1517
f 1458 1517 1458
f 1517 1517 1458
f 1445 1518 1445
f 1518 1458 1518
f 1445 1518 1445
f 1518 1518 1445
f 1458 1458 1518
f 1458 1458 1518
f 1518 1518 1445
f 1458 1518 1518
f 363 1541 1597
f 1541 1464 1599
f 1597 1599 1477
f 1541 1599 1597
f 1464 1542 1607
f 1542 1446 1605
f 1607 1605 1479
f 1542 1605 1607
f 1477 1609 1598
f 1609 1479 1606
f 1598 1606 1449
f 1609 1606 1598
f 1464 1607 1599
f 1607 1479 1609
f 1599 1609 1477
f 1607 1609 1599
f 1446 1540 1584
f 1540 1463 1586
f 1584 1586 1473
f 1540 1586 1584
f 1463 1539 1583
f 1539 1107 1133
f 1583 1133 1116
f 1539 1133 1583
f 1473 1587 1585
f 1587 1116 1134
f 1585 1134 1110
f 1587 1134 1585
f 1463 1583 1586
f 1583 1116 1587
f 1586 1587 1473
f 1583 1587 1586
f 1449 1616 1602
f 1616 1481 1619
f 1602 1619 1478
f 1616 1619 1602
f 1481 1615 1617
f 1615 1110 1132
f 1617 1132 1115
f 1615 1132 1617
f 1478 1603 1601
f 1603 1115 1131
f 1601 1131 1106
f 1603 1131 1601
f 1481 1617 1619
f 1617 1115 1603
f 1619 1603 1478
f 1617 1603 1619
f 1446 1584 1605
f 1584 1473 1608
f 1605 1608 1479
f 1584 1608 1605
f 1473 1585 1618
f 1585 1110 1615
f 1618 1615 1481
f 1585 1615 1618
f 1479 1620 1606
f 1620 1481 1616
f 1606 1616 1449
f 1620 1616 1606
f 1473 1618 1608
f 1618 1481 1620
f 1608 1620 1479
f 1618 1620 1608
f 363 1597 1597
f 1597 1477 1477
f 1597 1477 1477
f 1597 1477 1597
f 1477 1598 1598
f 1598 1449 1449
f 1598 1449 1449
f 1598 1449 1598
f 1477 1598 1598
f 1598 1449 1449
f 1598 1449 1449
f 1598 1449 1598
f 1477 1598 1477
f 1598 1449 1598
f 1477 1598 1477
f 1598 1598 1477
f 1449 1602 1602
f 1602 1478 1478
f 1602 1478 1478
f 1602 1478 1602
f 1478 1601 1601
f 1601 1106 1106
f 1601 1106 1106
f 1601 1106 1601
f 1478 1601 1601
f 1601 1106 1106
f 1601 1106 1106
f 1601 1106 1601
f 1478 1601 1478
f 1601 1106 1601
f 1478 1601 1478
f 1601 1601 1478
f 1449 1602 1602
f 1602 1478 1478
f 1602 1478 1478
f 1602 1478 1602
f 1478 1601 1601
f 1601 1106 1106
f 1601 1106 1106
f 1601 1106 1601
f 1478 1601 1601
f 1601 1106 1106
f 1601 1106 1106
f 1601 1106 1601
f 1478 1601 1478
f 1601 1106 1601
f 1478 1601 1478
f 1601 1601 1478
f 1449 1602 1449
f 1602 1478 1602
f 1449 1602 1449
f 1602 1602 1449
f 1478 1601 1478
f 1601 1106 1601
f 1478 1601 1478
f 1601 1601 1478
f 1449 1602 1449
f 1602 1478 1602
f 1449 1602 1449
f 1602 1602 1449
f 1478 1478 1602
f 1478 1478 1602
f 1602 1602 1449
f 1478 1602 1602
f 1106 1591 1601
f 1591 1475 1604
f 1601 1604 1478
f 1591 1604 1601
f 1475 1592 1623
f 1592 1448 1621
f 1623 1621 1482
f 1592 1621 1623
f 1478 1625 1602
f 1625 1482 1622
f 1602 1622 1449
f 1625 1622 1602
f 1475 1623 1604
f 1623 1482 1625
f 1604 1625 1478
f 1623 1625 1604
f 1448 1589 1594
f 1589 1474 1596
f 1594 1596 1476
f 1589 1596 1594
f 1474 1588 1590
f 1588 365 472
f 1590 472 395
f 1588 472 1590
f 1476 1595 1593
f 1595 395 473
f 1593 473 372
f 1595 473 1593
f 1474 1590 1596
f 1590 395 1595
f 1596 1595 1476
f 1590 1595 1596
f 1449 1611 1598
f 1611 1480 1614
f 1598 1614 1477
f 1611 1614 1598
f 1480 1610 1612
f 1610 372 470
f 1612 470 394
f 1610 470 1612
f 1477 1600 1597
f 1600 394 469
f 1597 469 363
f 1600 469 1597
f 1480 1612 1614
f 1612 394 1600
f 1614 1600 1477
f 1612 1600 1614
f 1448 1594 1621
f 1594 1476 1624
f 1621 1624 1482
f 1594 1624 1621
f 1476 1593 1613
f 1593 372 1610
f 1613 1610 1480
f 1593 1610 1613
f 1482 1626 1622
f 1626 1480 1611
f 1622 1611 1449
f 1626 1611 1622
f 1476 1613 1624
f 1613 1480 1626
f 1624 1626 1482
f 1613 1626 1624
f 1106 1601 1601
f 1601 1478 1478
f 1601 1478 1478
f 1601 1478 1601
f 1478 1602 1602
f 1602 1449 1449
f 1602 1449 1449
f 1602 1449 1602
f 1478 1602 1602
f 1602 1449 1449
f 1602 1449 1449
f 1602 1449 1602
f 1478 1602 1478
f 1602 1449 1602
f 1478 1602 1478
f 1602 1602 1478
f 1449 1598 1598
f 1598 1477 1477
f 1598 1477 1477
f 1598 1477 1598
f 1477 1597 1597
f 1597 363 363
f 1597 363 363
f 1597 363 1597
f 1477 1597 1597
f 1597 363 363
f 1597 363 363
f 1597 363 1597
f 1477 1597 1477
f 1597 363 1597
f 1477 1597 1477
f 1597 1597 1477
f 1449 1598 1598
f 1598 1477 1477
f 1598 1477 1477
f 1598 1477 1598
f 1477 1597 1597
f 1597 363 363
f 1597 363 363
f 1597 363 1597
f 1477 1597 1597
f 1597 363 363
f 1597 363 363
f 1597 363 1597
f 1477 1597 1477
f 1597 363 1597
f 1477 1597 1477
f 1597 1597 1477
f 1449 1598 1449
f 1598 1477 1598
f 1449 1598 1449
f 1598 1598 1449
f 1477 1597 1477
f 1597 363 1597
f 1477 1597 1477
f 1597 1597 1477
f 1449 1598 1449
f 1598 1477 1598
f 1449 1598 1449
f 1598 1598 1449
f 1477 1477 1598
f 1477 1477 1598
f 1598 1598 1449
f 1477 1598 1598
f 1667 1692 1696
f 1692 1676 1698
f 1696 1698 1678
f 1692 1698 1696
f 1676 1693 1703
f 1693 1671 1701
f 1703 1701 1680
f 1693 1701 1703
f 1678 1704 1697
f 1704 1680 1702
f 1697 1702 1672
f 1704 1702 1697
f 1676 1703 1698
f 1703 1680 1704
f 1698 1704 1678
f 1703 1704 1698
f 1671 1695 1711
f 1695 1677 1713
f 1711 1713 1683
f 1695 1713 1711
f 1677 1694 1707
f 1694 1668 1705
f 1707 1705 1681
f 1694 1705 1707
f 1683 1715 1712
f 1715 1681 1706
f 1712 1706 1673
f 1715 1706 1712
f 1677 1707 1713
f 1707 1681 1715
f 1713 1715 1683
f 1707 1715 1713
f 1672 1716 1700
f 1716 1684 1718
f 1700 1718 1679
f 1716 1718 1700
f 1684 1717 1720
f 1717 1673 1709
f 1720 1709 1682
f 1717 1709 1720
f 1679 1710 1699
f 1710 1682 1708
f 1699 1708 1669
f 1710 1708 1699
f 1684 1720 1718
f 1720 1682 1710
f 1718 1710 1679
f 1720 1710 1718
f 1671 1711 1701
f 1711 1683 1714
f 1701 1714 1680
f 1711 1714 1701
f 1683 1712 1721
f 1712 1673 1717
f 1721 1717 1684
f 1712 1717 1721
f 1680 1719 1702
f 1719 1684 1716
f 1702 1716 1672
f 1719 1716 1702
f 1683 1721 1714
f 1721 1684 1719
f 1714 1719 1680
f 1721 1719 1714
f 1667 1696 1696
f 1696 1678 1678
f 1696 1678 1678
f 1696 1678 1696
f 1678 1697 1697
f 1697 1672 1672
f 1697 1672 1672
f 1697 1672 1697
f 1678 1697 1697
f 1697 1672 1672
f 1697 1672 1672
f 1697 1672 1697
f 1678 1697 1678
f 1697 1672 1697
f 1678 1697 1678
f 1697 1697 1678
f 1672 1700 1700
f 1700 1679 1679
f 1700 1679 1679
f 1700 1679 1700
f 1679 1699 1699
f 1699 1669 1669
f 1699 1669 1669
f 1699 1669 1699
f 1679 1699 1699
f 1699 1669 1669
f 1699 1669 1669
f 1699 1669 1699
f 1679 1699 1679
f 1699 1669 1699
f 1679 1699 1679
f 1699 1699 1679
f 1672 1700 1700
f 1700 1679 1679
f 1700 1679 1679
f 1700 1679 1700
f 1679 1699 1699
f 1699 1669 1669
f 1699 1669 1669
f 1699 1669 1699
f 1679 1699 1699
f 1699 1669 1669
f 1699 1669 1669
f 1699 1669 1699
f 1679 1699 1679
f 1699 1669 1699
f 1679 1699 1679
f 1699 1699 1679
f 1672 1700 1672
f 1700 1679 1700
f 1672 1700 1672
f 1700 1700 1672
f 1679 1699 1679
f 1699 1669 1699
f 1679 1699 1679
f 1699 1699 1679
f 1672 1700 1672
f 1700 1679 1700
f 1672 1700 1672
f 1700 1700 1672
f 1679 1679 1700
f 1679 1679 1700
f 1700 1700 1672
f 1679 1700 1700
f 1667 1696 1722
f 1696 1678 1724
f 1722 1724 1685
f 1696 1724 1722
f 1678 1697 1729
f 1697 1672 1727
f 1729 1727 1687
f 1697 1727 1729
f 1685 1730 1723
f 1730 1687 1728
f 1723 1728 1674
f 1730 1728 1723
f 1678 1729 1724
f 1729 1687 1730
f 1724 1730 1685
f 1729 1730 1724
f 1672 1700 1737
f 1700 1679 1739
f 1737 1739 1690
f 1700 1739 1737
f 1679 1699 1733
f 1699 1669 1731
f 1733 1731 1688
f 1699 1731 1733
f 1690 1741 1738
f 1741 1688 1732
f 1738 1732 1675
f 1741 1732 1738
f 1679 1733 1739
f 1733 1688 1741
f 1739 1741 1690
f 1733 1741 1739
f 1674 1742 1726
f 1742 1691 1744
f 1726 1744 1686
f 1742 1744 1726
f 1691 1743 1746
f 1743 1675 1735
f 1746 1735 1689
f 1743 1735 1746
f 1686 1736 1725
f 1736 1689 1734
f 1725 1734 1670
f 1736 1734 1725
f 1691 1746 1744
f 1746 1689 1736
f 1744 1736 1686
f 1746 1736 1744
f 1672 1737 1727
f 1737 1690 1740
f 1727 1740 1687
f 1737 1740 1727
f 1690 1738 1747
f 1738 1675 1743
f 1747 1743 1691
f 1738 1743 1747
f 1687 1745 1728
f 1745 1691 1742
f 1728 1742 1674
f 1745 1742 1728
f 1690 1747 1740
f 1747 1691 1745
f 1740 1745 1687
f 1747 1745 1740
f 1667 1722 1722
f 1722 1685 1685
f 1722 1685 1685
f 1722 1685 1722
f 1685 1723 1723
f 1723 1674 1674
f 1723 1674 1674
f 1723 1674 1723
f 1685 1723 1723
f 1723 1674 1674
f 1723 1674 1674
f 1723 1674 1723
f 1685 1723 1685
f 1723 1674 1723
f 1685 1723 1685
f 1723 1723 1685
f 1674 1726 1726
f 1726 1686 1686
f 1726 1686 1686
f 1726 1686 1726
f 1686 1725 1725
f 1725 1670 1670
f 1725 1670 1670
f 1725 1670 1725
f 1686 1725 1725
f 1725 1670 1670
f 1725 1670 1670
f 1725 1670 1725
f 1686 1725 1686
f 1725 1670 1725
f 1686 1725 1686
f 1725 1725 1686
f 1674 1726 1726
f 1726 1686 1686
f 1726 1686 1686
f 1726 1686 1726
f 1686 1725 1725
f 1725 1670 1670
f 1725 1670 1670
f 1725 1670 1725
f 1686 1725 1725
f 1725 1670 1670
f 1725 1670 1670
f 1725 1670 1725
f 1686 1725 1686
f 1725 1670 1725
f 1686 1725 1686
f 1725 1725 1686
f 1674 1726 1674
f 1726 1686 1726
f 1674 1726 1674
f 1726 1726 1674
f 1686 1725 1686
f 1725 1670 1725
f 1686 1725 1686
f 1725 1725 1686
f 1674 1726 1674
f 1726 1686 1726
f 1674 1726 1674
f 1726 1726 1674
f 1686 1686 1726
f 1686 1686 1726
f 1726 1726 1674
f 1686 1726 1726
f 1748 1773 1777
f 1773 1757 1779
f 1777 1779 1759
f 1773 1779 1777
f 1757 1774 1784
f 1774 1752 1782
f 1784 1782 1761
f 1774 1782 1784
f 1759 1785 1778
f 1785 1761 1783
f 1778 1783 1753
f 1785 1783 1778
f 1757 1784 1779
f 1784 1761 1785
f 1779 1785 1759
f 1784 1785 1779
f 1752 1776 1792
f 1776 1758 1794
f 1792 1794 1764
f 1776 1794 1792
f 1758 1775 1788
f 1775 1749 1786
f 1788 1786 1762
f 1775 1786 1788
f 1764 1796 1793
f 1796 1762 1787
f 1793 1787 1754
f 1796 1787 1793
f 1758 1788 1794
f 1788 1762 1796
f 1794 1796 1764
f 1788 1796 1794
f 1753 1797 1781
f 1797 1765 1799
f 1781 1799 1760
f 1797 1799 1781
f 1765 1798 1801
f 1798 1754 1790
f 1801 1790 1763
f 1798 1790 1801
f 1760 1791 1780
f 1791 1763 1789
f 1780 1789 1750
f 1791 1789 1780
f 1765 1801 1799
f 1801 1763 1791
f 1799 1791 1760
f 1801 1791 1799
f 1752 1792 1782
f 1792 1764 1795
f 1782 1795 1761
f 1792 1795 1782
f 1764 1793 1802
f 1793 1754 1798
f 1802 1798 1765
f 1793 1798 1802
f 1761 1800 1783
f 1800 1765 1797
f 1783 1797 1753
f 1800 1797 1783
f 1764 1802 1795
f 1802 1765 1800
f 1795 1800 1761
f 1802 1800 1795
f 1748 1777 1777
f 1777 1759 1759
f 1777 1759 1759
f 1777 1759 1777
f 1759 1778 1778
f 1778 1753 1753
f 1778 1753 1753
f 1778 1753 1778
f 1759 1778 1778
f 1778 1753 1753
f 1778 1753 1753
f 1778 1753 1778
f 1759 1778 1759
f 1778 1753 1778
f 1759 1778 1759
f 1778 1778 1759
f 1753 1781 1781
f 1781 1760 1760
f 1781 1760 1760
f 1781 1760 1781
f 1760 1780 1780
f 1780 1750 1750
f 1780 1750 1750
f 1780 1750 1780
f 1760 1780 1780
f 1780 1750 1750
f 1780 1750 1750
f 1780 1750 1780
f 1760 1780 1760
f 1780 1750 1780
f 1760 1780 1760
f 1780 1780 1760
f 1753 1781 1781
f 1781 1760 1760
f 1781 1760 1760
f 1781 1760 1781
f 1760 1780 1780
f 1780 1750 1750
f 1780 1750 1750
f 1780 1750 1780
f 1760 1780 1780
f 1780 1750 1750
f 1780 1750 1750
f 1780 1750 1780
f 1760 1780 1760
f 1780 1750 1780
f 1760 1780 1760
f 1780 1780 1760
f 1753 1781 1753
f 1781 1760 1781
f 1753 1781 1753
f 1781 1781 1753
f 1760 1780 1760
f 1780 1750 1780
f 1760 1780 1760
f 1780 1780 1760
f 1753 1781 1753
f 1781 1760 1781
f 1753 1781 1753
f 1781 1781 1753
f 1760 1760 1781
f 1760 1760 1781
f 1781 1781 1753
f 1760 1781 1781
f 1748 1777 1803
f 1777 1759 1805
f 1803 1805 1766
f 1777 1805 1803
f 1759 1778 1810
f 1778 1753 1808
f 1810 1808 1768
f 1778 1808 1810
f 1766 1811 1804
f 1811 1768 1809
f 1804 1809 1755
f 1811 1809 1804
f 1759 1810 1805
f 1810 1768 1811
f 1805 1811 1766
f 1810 1811 1805
f 1753 1781 1818
f 1781 1760 1820
f 1818 1820 1771
f 1781 1820 1818
f 1760 1780 1814
f 1780 1750 1812
f 1814 1812 1769
f 1780 1812 1814
f 1771 1822 1819
f 1822 1769 1813
f 1819 1813 1756
f 1822 1813 1819
f 1760 1814 1820
f 1814 1769 1822
f 1820 1822 1771
f 1814 1822 1820
f 1755 1823 1807
f 1823 1772 1825
f 1807 1825 1767
f 1823 1825 1807
f 1772 1824 1827
f 1824 1756 1816
f 1827 1816 1770
f 1824 1816 1827
f 1767 1817 1806
f 1817 1770 1815
f 1806 1815 1751
f 1817 1815 1806
f 1772 1827 1825
f 1827 1770 1817
f 1825 1817 1767
f 1827 1817 1825
f 1753 1818 1808
f 1818 1771 1821
f 1808 1821 1768
f 1818 1821 1808
f 1771 1819 1828
f 1819 1756 1824
f 1828 1824 1772
f 1819 1824 1828
f 1768 1826 1809
f 1826 1772 1823
f 1809 1823 1755
f 1826 1823 1809
f 1771 1828 1821
f 1828 1772 1826
f 1821 1826 1768
f 1828 1826 1821
f 1748 1803 1803
f 1803 1766 1766
f 1803 1766 1766
f 1803 1766 1803
f 1766 1804 1804
f 1804 1755 1755
f 1804 1755 1755
f 1804 1755 1804
f 1766 1804 1804
f 1804 1755 1755
f 1804 1755 1755
f 1804 1755 1804
f 1766 1804 1766
f 1804 1755 1804
f 1766 1804 1766
f 1804 1804 1766
f 1755 1807 1807
f 1807 1767 1767
f 1807 1767 1767
f 1807 1767 1807
f 1767 1806 1806
f 1806 1751 1751
f 1806 1751 1751
f 1806 1751 1806
f 1767 1806 1806
f 1806 1751 1751
f 1806 1751 1751
f 1806 1751 1806
f 1767 1806 1767
f 1806 1751 1806
f 1767 1806 1767
f 1806 1806 1767
f 1755 1807 1807
f 1807 1767 1767
f 1807 1767 1767
f 1807 1767 1807
f 1767 1806 1806
f 1806 1751 1751
f 1806 1751 1751
f 1806 1751 1806
f 1767 1806 1806
f 1806 1751 1751
f 1806 1751 1751
f 1806 1751 1806
f 1767 1806 1767
f 1806 1751 1806
f 1767 1806 1767
f 1806 1806 1767
f 1755 1807 1755
f 1807 1767 1807
f 1755 1807 1755
f 1807 1807 1755
f 1767 1806 1767
f 1806 1751 1806
f 1767 1806 1767
f 1806 1806 1767
f 1755 1807 1755
f 1807 1767 1807
f 1755 1807 1755
f 1807 1807 1755
f 1767 1767 1807
f 1767 1767 1807
f 1807 1807 1755
f 1767 1807 1807
f 1829 1849 1853
f 1849 1835 1855
f 1853 1855 1837
f 1849 1855 1853
f 1835 1850 1860
f 1850 1831 1858
f 1860 1858 1839
f 1850 1858 1860
f 1837 1861 1854
f 1861 1839 1859
f 1854 1859 1832
f 1861 1859 1854
f 1835 1860 1855
f 1860 1839 1861
f 1855 1861 1837
f 1860 1861 1855
f 1831 1852 1864
f 1852 1836 1866
f 1864 1866 1840
f 1852 1866 1864
f 1836 1851 1862
f 1851 1751 1815
f 1862 1815 1770
f 1851 1815 1862
f 1840 1868 1865
f 1868 1770 1816
f 1865 1816 1756
f 1868 1816 1865
f 1836 1862 1866
f 1862 1770 1868
f 1866 1868 1840
f 1862 1868 1866
f 1832 1869 1857
f 1869 1841 1871
f 1857 1871 1838
f 1869 1871 1857
f 1841 1870 1873
f 1870 1756 1813
f 1873 1813 1769
f 1870 1813 1873
f 1838 1863 1856
f 1863 1769 1812
f 1856 1812 1750
f 1863 1812 1856
f 1841 1873 1871
f 1873 1769 1863
f 1871 1863 1838
f 1873 1863 1871
f 1831 1864 1858
f 1864 1840 1867
f 1858 1867 1839
f 1864 1867 1858
f 1840 1865 1874
f 1865 1756 1870
f 1874 1870 1841
f 1865 1870 1874
f 1839 1872 1859
f 1872 1841 1869
f 1859 1869 1832
f 1872 1869 1859
f 1840 1874 1867
f 1874 1841 1872
f 1867 1872 1839
f 1874 1872 1867
f 1829 1853 1853
f 1853 1837 1837
f 1853 1837 1837
f 1853 1837 1853
f 1837 1854 1854
f 1854 1832 1832
f 1854 1832 1832
f 1854 1832 1854
f 1837 1854 1854
f 1854 1832 1832
f 1854 1832 1832
f 1854 1832 1854
f 1837 1854 1837
f 1854 1832 1854
f 1837 1854 1837
f 1854 1854 1837
f 1832 1857 1857
f 1857 1838 1838
f 1857 1838 1838
f 1857 1838 1857
f 1838 1856 1856
f 1856 1750 1750
f 1856 1750 1750
f 1856 1750 1856
f 1838 1856 1856
f 1856 1750 1750
f 1856 1750 1750
f 1856 1750 1856
f 1838 1856 1838
f 1856 1750 1856
f 1838 1856 1838
f 1856 1856 1838
f 1832 1857 1857
f 1857 1838 1838
f 1857 1838 1838
f 1857 1838 1857
f 1838 1856 1856
f 1856 1750 1750
f 1856 1750 1750
f 1856 1750 1856
f 1838 1856 1856
f 1856 1750 1750
f 1856 1750 1750
f 1856 1750 1856
f 1838 1856 1838
f 1856 1750 1856
f 1838 1856 1838
f 1856 1856 1838
f 1832 1857 1832
f 1857 1838 1857
f 1832 1857 1832
f 1857 1857 1832
f 1838 1856 1838
f 1856 1750 1856
f 1838 1856 1838
f 1856 1856 1838
f 1832 1857 1832
f 1857 1838 1857
f 1832 1857 1832
f 1857 1857 1832
f 1838 1838 1857
f 1838 1838 1857
f 1857 1857 1832
f 1838 1857 1857
f 1829 1853 1875
f 1853 1837 1877
f 1875 1877 1842
f 1853 1877 1875
f 1837 1854 1882
f 1854 1832 1880
f 1882 1880 1844
f 1854 1880 1882
f 1842 1883 1876
f 1883 1844 1881
f 1876 1881 1833
f 1883 1881 1876
f 1837 1882 1877
f 1882 1844 1883
f 1877 1883 1842
f 1882 1883 1877
f 1832 1857 1890
f 1857 1838 1892
f 1890 1892 1847
f 1857 1892 1890
f 1838 1856 1886
f 1856 1750 1884
f 1886 1884 1845
f 1856 1884 1886
f 1847 1894 1891
f 1894 1845 1885
f 1891 1885 1834
f 1894 1885 1891
f 1838 1886 1892
f 1886 1845 1894
f 1892 1894 1847
f 1886 1894 1892
f 1833 1895 1879
f 1895 1848 1897
f 1879 1897 1843
f 1895 1897 1879
f 1848 1896 1899
f 1896 1834 1888
f 1899 1888 1846
f 1896 1888 1899
f 1843 1889 1878
f 1889 1846 1887
f 1878 1887 1830
f 1889 1887 1878
f 1848 1899 1897
f 1899 1846 1889
f 1897 1889 1843
f 1899 1889 1897
f 1832 1890 1880
f 1890 1847 1893
f 1880 1893 1844
f 1890 1893 1880
f 1847 1891 1900
f 1891 1834 1896
f 1900 1896 1848
f 1891 1896 1900
f 1844 1898 1881
f 1898 1848 1895
f 1881 1895 1833
f 1898 1895 1881
f 1847 1900 1893
f 1900 1848 1898
f 1893 1898 1844
f 1900 1898 1893
f 1829 1875 1875
f 1875 1842 1842
f 1875 1842 1842
f 1875 1842 1875
f 1842 1876 1876
f 1876 1833 1833
f 1876 1833 1833
f 1876 1833 1876
f 1842 1876 1876
f 1876 1833 1833
f 1876 1833 1833
f 1876 1833 1876
f 1842 1876 1842
f 1876 1833 1876
f 1842 1876 1842
f 1876 1876 1842
f 1833 1879 1879
f 1879 1843 1843
f 1879 1843 1843
f 1879 1843 1879
f 1843 1878 1878
f 1878 1830 1830
f 1878 1830 1830
f 1878 1830 1878
f 1843 1878 1878
f 1878 1830 1830
f 1878 1830 1830
f 1878 1830 1878
f 1843 1878 1843
f 1878 1830 1878
f 1843 1878 1843
f 1878 1878 1843
f 1833 1879 1879
f 1879 1843 1843
f 1879 1843 1843
f 1879 1843 1879
f 1843 1878 1878
f 1878 1830 1830
f 1878 1830 1830
f 1878 1830 1878
f 1843 1878 1878
f 1878 1830 1830
f 1878 1830 1830
f 1878 1830 1878
f 1843 1878 1843
f 1878 1830 1878
f 1843 1878 1843
f 1878 1878 1843
f 1833 1879 1833
f 1879 1843 1879
f 1833 1879 1833
f 1879 1879 1833
f 1843 1878 1843
f 1878 1830 1878
f 1843 1878 1843
f 1878 1878 1843
f 1833 1879 1833
f 1879 1843 1879
f 1833 1879 1833
f 1879 1879 1833
f 1843 1843 1879
f 1843 1843 1879
f 1879 1879 1833
f 1843 1879 1879
f 1901 1926 1930
f 1926 1910 1932
f 1930 1932 1912
f 1926 1932 1930
f 1910 1927 1937
f 1927 1905 1935
f 1937 1935 1914
f 1927 1935 1937
f 1912 1938 1931
f 1938 1914 1936
f 1931 1936 1906
f 1938 1936 1931
f 1910 1937 1932
f 1937 1914 1938
f 1932 1938 1912
f 1937 1938 1932
f 1905 1929 1945
f 1929 1911 1947
f 1945 1947 1917
f 1929 1947 1945
f 1911 1928 1941
f 1928 1902 1939
f 1941 1939 1915
f 1928 1939 1941
f 1917 1949 1946
f 1949 1915 1940
f 1946 1940 1907
f 1949 1940 1946
f 1911 1941 1947
f 1941 1915 1949
f 1947 1949 1917
f 1941 1949 1947
f 1906 1950 1934
f 1950 1918 1952
f 1934 1952 1913
f 1950 1952 1934
f 1918 1951 1954
f 1951 1907 1943
f 1954 1943 1916
f 1951 1943 1954
f 1913 1944 1933
f 1944 1916 1942
f 1933 1942 1903
f 1944 1942 1933
f 1918 1954 1952
f 1954 1916 1944
f 1952 1944 1913
f 1954 1944 1952
f 1905 1945 1935
f 1945 1917 1948
f 1935 1948 1914
f 1945 1948 1935
f 1917 1946 1955
f 1946 1907 1951
f 1955 1951 1918
f 1946 1951 1955
f 1914 1953 1936
f 1953 1918 1950
f 1936 1950 1906
f 1953 1950 1936
f 1917 1955 1948
f 1955 1918 1953
f 1948 1953 1914
f 1955 1953 1948
f 1901 1930 1930
f 1930 1912 1912
f 1930 1912 1912
f 1930 1912 1930
f 1912 1931 1931
f 1931 1906 1906
f 1931 1906 1906
f 1931 1906 1931
f 1912 1931 1931
f 1931 1906 1906
f 1931 1906 1906
f 1931 1906 1931
f 1912 1931 1912
f 1931 1906 1931
f 1912 1931 1912
f 1931 1931 1912
f 1906 1934 1934
f 1934 1913 1913
f 1934 1913 1913
f 1934 1913 1934
f 1913 1933 1933
f 1933 1903 1903
f 1933 1903 1903
f 1933 1903 1933
f 1913 1933 1933
f 1933 1903 1903
f 1933 1903 1903
f 1933 1903 1933
f 1913 1933 1913
f 1933 1903 1933
f 1913 1933 1913
f 1933 1933 1913
f 1906 1934 1934
f 1934 1913 1913
f 1934 1913 1913
f 1934 1913 1934
f 1913 1933 1933
f 1933 1903 1903
f 1933 1903 1903
f 1933 1903 1933
f 1913 1933 1933
f 1933 1903 1903
f 1933 1903 1903
f 1933 1903 1933
f 1913 1933 1913
f 1933 1903 1933
f 1913 1933 1913
f 1933 1933 1913
f 1906 1934 1906
f 1934 1913 1934
f 1906 1934 1906
f 1934 1934 1906
f 1913 1933 1913
f 1933 1903 1933
f 1913 1933 1913
f 1933 1933 1913
f 1906 1934 1906
f 1934 1913 1934
f 1906 1934 1906
f 1934 1934 1906
f 1913 1913 1934
f 1913 1913 1934
f 1934 1934 1906
f 1913 1934 1934
f 1901 1930 1956
f 1930 1912 1958
f 1956 1958 1919
f 1930 1958 1956
f 1912 1931 1963
f 1931 1906 1961
f 1963 1961 1921
f 1931 1961 1963
f 1919 1964 1957
f 1964 1921 1962
f 1957 1962 1908
f 1964 1962 1957
f 1912 1963 1958
f 1963 1921 1964
f 1958 1964 1919
f 1963 1964 1958
f 1906 1934 1971
f 1934 1913 1973
f 1971 1973 1924
f 1934 1973 1971
f 1913 1933 1967
f 1933 1903 1965
f 1967 1965 1922
f 1933 1965 1967
f 1924 1975 1972
f 1975 1922 1966
f 1972 1966 1909
f 1975 1966 1972
f 1913 1967 1973
f 1967 1922 1975
f 1973 1975 1924
f 1967 1975 1973
f 1908 1976 1960
f 1976 1925 1978
f 1960 1978 1920
f 1976 1978 1960
f 1925 1977 1980
f 1977 1909 1969
f 1980 1969 1923
f 1977 1969 1980
f 1920 1970 1959
f 1970 1923 1968
f 1959 1968 1904
f 1970 1968 1959
f 1925 1980 1978
f 1980 1923 1970
f 1978 1970 1920
f 1980 1970 1978
f 1906 1971 1961
f 1971 1924 1974
f 1961 1974 1921
f 1971 1974 1961
f 1924 1972 1981
f 1972 1909 1977
f 1981 1977 1925
f 1972 1977 1981
f 1921 1979 1962
f 1979 1925 1976
f 1962 1976 1908
f 1979 1976 1962
f 1924 1981 1974
f 1981 1925 1979
f 1974 1979 1921
f 1981 1979 1974
f 1901 1956 1956
f 1956 1919 1919
f 1956 1919 1919
f 1956 1919 1956
f 1919 1957 1957
f 1957 1908 1908
f 1957 1908 1908
f 1957 1908 1957
f 1919 1957 1957
f 1957 1908 1908
f 1957 1908 1908
f 1957 1908 1957
f 1919 1957 1919
f 1957 1908 1957
f 1919 1957 1919
f 1957 1957 1919
f 1908 1960 1960
f 1960 1920 1920
f 1960 1920 1920
f 1960 1920 1960
f 1920 1959 1959
f 1959 1904 1904
f 1959 1904 1904
f 1959 1904 1959
f 1920 1959 1959
f 1959 1904 1904
f 1959 1904 1904
f 1959 1904 1959
f 1920 1959 1920
f 1959 1904 1959
f 1920 1959 1920
f 1959 1959 1920
f 1908 1960 1960
f 1960 1920 1920
f 1960 1920 1920
f 1960 1920 1960
f 1920 1959 1959
f 1959 1904 1904
f 1959 1904 1904
f 1959 1904 1959
f 1920 1959 1959
f 1959 1904 1904
f 1959 1904 1904
f 1959 1904 1959
f 1920 1959 1920
f 1959 1904 1959
f 1920 1959 1920
f 1959 1959 1920
f 1908 1960 1908
f 1960 1920 1960
f 1908 1960 1908
f 1960 1960 1908
f 1920 1959 1920
f 1959 1904 1959
f 1920 1959 1920
f 1959 1959 1920
f 1908 1960 1908
f 1960 1920 1960
f 1908 1960 1908
f 1960 1960 1908
f 1920 1920 1960
f 1920 1920 1960
f 1960 1960 1908
f 1920 1960 1960
f 1982 2002 2006
f 2002 1988 2008
f 2006 2008 1990
f 2002 2008 2006
f 1988 2003 2013
f 2003 1984 2011
f 2013 2011 1992
f 2003 2011 2013
f 1990 2014 2007
f 2014 1992 2012
f 2007 2012 1985
f 2014 2012 2007
f 1988 2013 2008
f 2013 1992 2014
f 2008 2014 1990
f 2013 2014 2008
f 1984 2005 2017
f 2005 1989 2019
f 2017 2019 1993
f 2005 2019 2017
f 1989 2004 2015
f 2004 1904 1968
f 2015 1968 1923
f 2004 1968 2015
f 1993 2021 2018
f 2021 1923 1969
f 2018 1969 1909
f 2021 1969 2018
f 1989 2015 2019
f 2015 1923 2021
f 2019 2021 1993
f 2015 2021 2019
f 1985 2022 2010
f 2022 1994 2024
f 2010 2024 1991
f 2022 2024 2010
f 1994 2023 2026
f 2023 1909 1966
f 2026 1966 1922
f 2023 1966 2026
f 1991 2016 2009
f 2016 1922 1965
f 2009 1965 1903
f 2016 1965 2009
f 1994 2026 2024
f 2026 1922 2016
f 2024 2016 1991
f 2026 2016 2024
f 1984 2017 2011
f 2017 1993 2020
f 2011 2020 1992
f 2017 2020 2011
f 1993 2018 2027
f 2018 1909 2023
f 2027 2023 1994
f 2018 2023 2027
f 1992 2025 2012
f 2025 1994 2022
f 2012 2022 1985
f 2025 2022 2012
f 1993 2027 2020
f 2027 1994 2025
f 2020 2025 1992
f 2027 2025 2020
f 1982 2006 2006
f 2006 1990 1990
f 2006 1990 1990
f 2006 1990 2006
f 1990 2007 2007
f 2007 1985 1985
f 2007 1985 1985
f 2007 1985 2007
f 1990 2007 2007
f 2007 1985 1985
f 2007 1985 1985
f 2007 1985 2007
f 1990 2007 1990
f 2007 1985 2007
f 1990 2007 1990
f 2007 2007 1990
f 1985 2010 2010
f 2010 1991 1991
f 2010 1991 1991
f 2010 1991 2010
f 1991 2009 2009
f 2009 1903 1903
f 2009 1903 1903
f 2009 1903 2009
f 1991 2009 2009
f 2009 1903 1903
f 2009 1903 1903
f 2009 1903 2009
f 1991 2009 1991
f 2009 1903 2009
f 1991 2009 1991
f 2009 2009 1991
f 1985 2010 2010
f 2010 1991 1991
f 2010 1991 1991
f 2010 1991 2010
f 1991 2009 2009
f 2009 1903 1903
f 2009 1903 1903
f 2009 1903 2009
f 1991 2009 2009
f 2009 1903 1903
f 2009 1903 1903
f 2009 1903 2009
f 1991 2009 1991
f 2009 1903 2009
f 1991 2009 1991
f 2009 2009 1991
f 1985 2010 1985
f 2010 1991 2010
f 1985 2010 1985
f 2010 2010 1985
f 1991 2009 1991
f 2009 1903 2009
f 1991 2009 1991
f 2009 2009 1991
f 1985 2010 1985
f 2010 1991 2010
f 1985 2010 1985
f 2010 2010 1985
f 1991 1991 2010
f 1991 1991 2010
f 2010 2010 1985
f 1991 2010 2010
f 1982 2006 2028
f 2006 1990 2030
f 2028 2030 1995
f 2006 2030 2028
f 1990 2007 2035
f 2007 1985 2033
f 2035 2033 1997
f 2007 2033 2035
f 1995 2036 2029
f 2036 1997 2034
f 2029 2034 1986
f 2036 2034 2029
f 1990 2035 2030
f 2035 1997 2036
f 2030 2036 1995
f 2035 2036 2030
f 1985 2010 2043
f 2010 1991 2045
f 2043 2045 2000
f 2010 2045 2043
f 1991 2009 2039
f 2009 1903 2037
f 2039 2037 1998
f 2009 2037 2039
f 2000 2047 2044
f 2047 1998 2038
f 2044 2038 1987
f 2047 2038 2044
f 1991 2039 2045
f 2039 1998 2047
f 2045 2047 2000
f 2039 2047 2045
f 1986 2048 2032
f 2048 2001 2050
f 2032 2050 1996
f 2048 2050 2032
f 2001 2049 2052
f 2049 1987 2041
f 2052 2041 1999
f 2049 2041 2052
f 1996 2042 2031
f 2042 1999 2040
f 2031 2040 1983
f 2042 2040 2031
f 2001 2052 2050
f 2052 1999 2042
f 2050 2042 1996
f 2052 2042 2050
f 1985 2043 2033
f 2043 2000 2046
f 2033 2046 1997
f 2043 2046 2033
f 2000 2044 2053
f 2044 1987 2049
f 2053 2049 2001
f 2044 2049 2053
f 1997 2051 2034
f 2051 2001 2048
f 2034 2048 1986
f 2051 2048 2034
f 2000 2053 2046
f 2053 2001 2051
f 2046 2051 1997
f 2053 2051 2046
f 1982 2028 2028
f 2028 1995 1995
f 2028 1995 1995
f 2028 1995 2028
f 1995 2029 2029
f 2029 1986 1986
f 2029 1986 1986
f 2029 1986 2029
f 1995 2029 2029
f 2029 1986 1986
f 2029 1986 1986
f 2029 1986 2029
f 1995 2029 1995
f 2029 1986 2029
f 1995 2029 1995
f 2029 2029 1995
f 1986 2032 2032
f 2032 1996 1996
f 2032 1996 1996
f 2032 1996 2032
f 1996 2031 2031
f 2031 1983 1983
f 2031 1983 1983
f 2031 1983 2031
f 1996 2031 2031
f 2031 1983 1983
f 2031 1983 1983
f 2031 1983 2031
f 1996 2031 1996
f 2031 1983 2031
f 1996 2031 1996
f 2031 2031 1996
f 1986 2032 2032
f 2032 1996 1996
f 2032 1996 1996
f 2032 1996 2032
f 1996 2031 2031
f 2031 1983 1983
f 2031 1983 1983
f 2031 1983 2031
f 1996 2031 2031
f 2031 1983 1983
f 2031 1983 1983
f 2031 1983 2031
f 1996 2031 1996
f 2031 1983 2031
f 1996 2031 1996
f 2031 2031 1996
f 1986 2032 1986
f 2032 1996 2032
f 1986 2032 1986
f 2032 2032 1986
f 1996 2031 1996
f 2031 1983 2031
f 1996 2031 1996
f 2031 2031 1996
f 1986 2032 1986
f 2032 1996 2032
f 1986 2032 1986
f 2032 2032 1986
f 1996 1996 2032
f 1996 1996 2032
f 2032 2032 1986
f 1996 2032 2032
f 2054 2079 2083
f 2079 2063 2085
f 2083 2085 2065
f 2079 2085 2083
f 2063 2080 2090
f 2080 2058 2088
f 2090 2088 2067
f 2080 2088 2090
f 2065 2091 2084
f 2091 2067 2089
f 2084 2089 2059
f 2091 2089 2084
f 2063 2090 2085
f 2090 2067 2091
f 2085 2091 2065
f 2090 2091 2085
f 2058 2082 2098
f 2082 2064 2100
f 2098 2100 2070
f 2082 2100 2098
f 2064 2081 2094
f 2081 2055 2092
f 2094 2092 2068
f 2081 2092 2094
f 2070 2102 2099
f 2102 2068 2093
f 2099 2093 2060
f 2102 2093 2099
f 2064 2094 2100
f 2094 2068 2102
f 2100 2102 2070
f 2094 2102 2100
f 2059 2103 2087
f 2103 2071 2105
f 2087 2105 2066
f 2103 2105 2087
f 2071 2104 2107
f 2104 2060 2096
f 2107 2096 2069
f 2104 2096 2107
f 2066 2097 2086
f 2097 2069 2095
f 2086 2095 2056
f 2097 2095 2086
f 2071 2107 2105
f 2107 2069 2097
f 2105 2097 2066
f 2107 2097 2105
f 2058 2098 2088
f 2098 2070 2101
f 2088 2101 2067
f 2098 2101 2088
f 2070 2099 2108
f 2099 2060 2104
f 2108 2104 2071
f 2099 2104 2108
f 2067 2106 2089
f 2106 2071 2103
f 2089 2103 2059
f 2106 2103 2089
f 2070 2108 2101
f 2108 2071 2106
f 2101 2106 2067
f 2108 2106 2101
f 2054 2083 2083
f 2083 2065 2065
f 2083 2065 2065
f 2083 2065 2083
f 2065 2084 2084
f 2084 2059 2059
f 2084 2059 2059
f 2084 2059 2084
f 2065 2084 2084
f 2084 2059 2059
f 2084 2059 2059
f 2084 2059 2084
f 2065 2084 2065
f 2084 2059 2084
f 2065 2084 2065
f 2084 2084 2065
f 2059 2087 2087
f 2087 2066 2066
f 2087 2066 2066
f 2087 2066 2087
f 2066 2086 2086
f 2086 2056 2056
f 2086 2056 2056
f 2086 2056 2086
f 2066 2086 2086
f 2086 2056 2056
f 2086 2056 2056
f 2086 2056 2086
f 2066 2086 2066
f 2086 2056 2086
f 2066 2086 2066
f 2086 2086 2066
f 2059 2087 2087
f 2087 2066 2066
f 2087 2066 2066
f 2087 2066 2087
f 2066 2086 2086
f 2086 2056 2056
f 2086 2056 2056
f 2086 2056 2086
f 2066 2086 2086
f 2086 2056 2056
f 2086 2056 2056
f 2086 2056 2086
f 2066 2086 2066
f 2086 2056 2086
f 2066 2086 2066
f 2086 2086 2066
f 2059 2087 2059
f 2087 2066 2087
f 2059 2087 2059
f 2087 2087 2059
f 2066 2086 2066
f 2086 2056 2086
f 2066 2086 2066
f 2086 2086 2066
f 2059 2087 2059
f 2087 2066 2087
f 2059 2087 2059
f 2087 2087 2059
f 2066 2066 2087
f 2066 2066 2087
f 2087 2087 2059
f 2066 2087 2087
f 2054 2083 2109
f 2083 2065 2111
f 2109 2111 2072
f 2083 2111 2109
f 2065 2084 2116
f 2084 2059 2114
f 2116 2114 2074
f 2084 2114 2116
f 2072 2117 2110
f 2117 2074 2115
f 2110 2115 2061
f 2117 2115 2110
f 2065 2116 2111
f 2116 2074 2117
f 2111 2117 2072
f 2116 2117 2111
f 2059 2087 2124
f 2087 2066 2126
f 2124 2126 2077
f 2087 2126 2124
f 2066 2086 2120
f 2086 2056 2118
f 2120 2118 2075
f 2086 2118 2120
f 2077 2128 2125
f 2128 2075 2119
f 2125 2119 2062
f 2128 2119 2125
f 2066 2120 2126
f 2120 2075 2128
f 2126 2128 2077
f 2120 2128 2126
f 2061 2129 2113
f 2129 2078 2131
f 2113 2131 2073
f 2129 2131 2113
f 2078 2130 2133
f 2130 2062 2122
f 2133 2122 2076
f 2130 2122 2133
f 2073 2123 2112
f 2123 2076 2121
f 2112 2121 2057
f 2123 2121 2112
f 2078 2133 2131
f 2133 2076 2123
f 2131 2123 2073
f 2133 2123 2131
f 2059 2124 2114
f 2124 2077 2127
f 2114 2127 2074
f 2124 2127 2114
f 2077 2125 2134
f 2125 2062 2130
f 2134 2130 2078
f 2125 2130 2134
f 2074 2132 2115
f 2132 2078 2129
f 2115 2129 2061
f 2132 2129 2115
f 2077 2134 2127
f 2134 2078 2132
f 2127 2132 2074
f 2134 2132 2127
f 2054 2109 2109
f 2109 2072 2072
f 2109 2072 2072
f 2109 2072 2109
f 2072 2110 2110
f 2110 2061 2061
f 2110 2061 2061
f 2110 2061 2110
f 2072 2110 2110
f 2110 2061 2061
f 2110 2061 2061
f 2110 2061 2110
f 2072 2110 2072
f 2110 2061 2110
f 2072 2110 2072
f 2110 2110 2072
f 2061 2113 2113
f 2113 2073 2073
f 2113 2073 2073
f 2113 2073 2113
f 2073 2112 2112
f 2112 2057 2057
f 2112 2057 2057
f 2112 2057 2112
f 2073 2112 2112
f 2112 2057 2057
f 2112 2057 2057
f 2112 2057 2112
f 2073 2112 2073
f 2112 2057 2112
f 2073 2112 2073
f 2112 2112 2073
f 2061 2113 2113
f 2113 2073 2073
f 2113 2073 2073
f 2113 2073 2113
f 2073 2112 2112
f 2112 2057 2057
f 2112 2057 2057
f 2112 2057 2112
f 2073 2112 2112
f 2112 2057 2057
f 2112 2057 2057
f 2112 2057 2112
f 2073 2112 2073
f 2112 2057 2112
f 2073 2112 2073
f 2112 2112 2073
f 2061 2113 2061
f 2113 2073 2113
f 2061 2113 2061
f 2113 2113 2061
f 2073 2112 2073
f 2112 2057 2112
f 2073 2112 2073
f 2112 2112 2073
f 2061 2113 2061
f 2113 2073 2113
f 2061 2113 2061
f 2113 2113 2061
f 2073 2073 2113
f 2073 2073 2113
f 2113 2113 2061
f 2073 2113 2113
f 2135 2155 2159
f 2155 2141 2161
f 2159 2161 2143
f 2155 2161 2159
f 2141 2156 2166
f 2156 2137 2164
f 2166 2164 2145
f 2156 2164 2166
f 2143 2167 2160
f 2167 2145 2165
f 2160 2165 2138
f 2167 2165 2160
f 2141 2166 2161
f 2166 2145 2167
f 2161 2167 2143
f 2166 2167 2161
f 2137 2158 2170
f 2158 2142 2172
f 2170 2172 2146
f 2158 2172 2170
f 2142 2157 2168
f 2157 2057 2121
f 2168 2121 2076
f 2157 2121 2168
f 2146 2174 2171
f 2174 2076 2122
f 2171 2122 2062
f 2174 2122 2171
f 2142 2168 2172
f 2168 2076 2174
f 2172 2174 2146
f 2168 2174 2172
f 2138 2175 2163
f 2175 2147 2177
f 2163 2177 2144
f 2175 2177 2163
f 2147 2176 2179
f 2176 2062 2119
f 2179 2119 2075
f 2176 2119 2179
f 2144 2169 2162
f 2169 2075 2118
f 2162 2118 2056
f 2169 2118 2162
f 2147 2179 2177
f 2179 2075 2169
f 2177 2169 2144
f 2179 2169 2177
f 2137 2170 2164
f 2170 2146 2173
f 2164 2173 2145
f 2170 2173 2164
f 2146 2171 2180
f 2171 2062 2176
f 2180 2176 2147
f 2171 2176 2180
f 2145 2178 2165
f 2178 2147 2175
f 2165 2175 2138
f 2178 2175 2165
f 2146 2180 2173
f 2180 2147 2178
f 2173 2178 2145
f 2180 2178 2173
f 2135 2159 2159
f 2159 2143 2143
f 2159 2143 2143
f 2159 2143 2159
f 2143 2160 2160
f 2160 2138 2138
f 2160 2138 2138
f 2160 2138 2160
f 2143 2160 2160
f 2160 2138 2138
f 2160 2138 2138
f 2160 2138 2160
f 2143 2160 2143
f 2160 2138 2160
f 2143 2160 2143
f 2160 2160 2143
f 2138 2163 2163
f 2163 2144 2144
f 2163 2144 2144
f 2163 2144 2163
f 2144 2162 2162
f 2162 2056 2056
f 2162 2056 2056
f 2162 2056 2162
f 2144 2162 2162
f 2162 2056 2056
f 2162 2056 2056
f 2162 2056 2162
f 2144 2162 2144
f 2162 2056 2162
f 2144 2162 2144
f 2162 2162 2144
f 2138 2163 2163
f 2163 2144 2144
f 2163 2144 2144
f 2163 2144 2163
f 2144 2162 2162
f 2162 2056 2056
f 2162 2056 2056
f 2162 2056 2162
f 2144 2162 2162
f 2162 2056 2056
f 2162 2056 2056
f 2162 2056 2162
f 2144 2162 2144
f 2162 2056 2162
f 2144 2162 2144
f 2162 2162 2144
f 2138 2163 2138
f 2163 2144 2163
f 2138 2163 2138
f 2163 2163 2138
f 2144 2162 2144
f 2162 2056 2162
f 2144 2162 2144
f 2162 2162 2144
f 2138 2163 2138
f 2163 2144 2163
f 2138 2163 2138
f 2163 2163 2138
f 2144 2144 2163
f 2144 2144 2163
f 2163 2163 2138
f 2144 2163 2163
f 2135 2159 2181
f 2159 2143 2183
f 2181 2183 2148
f 2159 2183 2181
f 2143 2160 2188
f 2160 2138 2186
f 2188 2186 2150
f 2160 2186 2188
f 2148 2189 2182
f 2189 2150 2187
f 2182 2187 2139
f 2189 2187 2182
f 2143 2188 2183
f 2188 2150 2189
f 2183 2189 2148
f 2188 2189 2183
f 2138 2163 2196
f 2163 2144 2198
f 2196 2198 2153
f 2163 2198 2196
f 2144 2162 2192
f 2162 2056 2190
f 2192 2190 2151
f 2162 2190 2192
f 2153 2200 2197
f 2200 2151 2191
f 2197 2191 2140
f 2200 2191 2197
f 2144 2192 2198
f 2192 2151 2200
f 2198 2200 2153
f 2192 2200 2198
f 2139 2201 2185
f 2201 2154 2203
f 2185 2203 2149
f 2201 2203 2185
f 2154 2202 2205
f 2202 2140 2194
f 2205 2194 2152
f 2202 2194 2205
f 2149 2195 2184
f 2195 2152 2193
f 2184 2193 2136
f 2195 2193 2184
f 2154 2205 2203
f 2205 2152 2195
f 2203 2195 2149
f 2205 2195 2203
f 2138 2196 2186
f 2196 2153 2199
f 2186 2199 2150
f 2196 2199 2186
f 2153 2197 2206
f 2197 2140 2202
f 2206 2202 2154
f 2197 2202 2206
f 2150 2204 2187
f 2204 2154 2201
f 2187 2201 2139
f 2204 2201 2187
f 2153 2206 2199
f 2206 2154 2204
f 2199 2204 2150
f 2206 2204 2199
f 2135 2181 2181
f 2181 2148 2148
f 2181 2148 2148
f 2181 2148 2181
f 2148 2182 2182
f 2182 2139 2139
f 2182 2139 2139
f 2182 2139 2182
f 2148 2182 2182
f 2182 2139 2139
f 2182 2139 2139
f 2182 2139 2182
f 2148 2182 2148
f 2182 2139 2182
f 2148 2182 2148
f 2182 2182 2148
f 2139 2185 2185
f 2185 2149 2149
f 2185 2149 2149
f 2185 2149 2185
f 2149 2184 2184
f 2184 2136 2136
f 2184 2136 2136
f 2184 2136 2184
f 2149 2184 2184
f 2184 2136 2136
f 2184 2136 2136
f 2184 2136 2184
f 2149 2184 2149
f 2184 2136 2184
f 2149 2184 2149
f 2184 2184 2149
f 2139 2185 2185
f 2185 2149 2149
f 2185 2149 2149
f 2185 2149 2185
f 2149 2184 2184
f 2184 2136 2136
f 2184 2136 2136
f 2184 2136 2184
f 2149 2184 2184
f 2184 2136 2136
f 2184 2136 2136
f 2184 2136 2184
f 2149 2184 2149
f 2184 2136 2184
f 2149 2184 2149
f 2184 2184 2149
f 2139 2185 2139
f 2185 2149 2185
f 2139 2185 2139
f 2185 2185 2139
f 2149 2184 2149
f 2184 2136 2184
f 2149 2184 2149
f 2184 2184 2149
f 2139 2185 2139
f 2185 2149 2185
f 2139 2185 2139
f 2185 2185 2139
f 2149 2149 2185
f 2149 2149 2185
f 2185 2185 2139
f 2149 2185 2185
f 2207 2232 2236
f 2232 2216 2238
f 2236 2238 2218
f 2232 2238 2236
f 2216 2233 2243
f 2233 2211 2241
f 2243 2241 2220
f 2233 2241 2243
f 2218 2244 2237
f 2244 2220 2242
f 2237 2242 2212
f 2244 2242 2237
f 2216 2243 2238
f 2243 2220 2244
f 2238 2244 2218
f 2243 2244 2238
f 2211 2235 2251
f 2235 2217 2253
f 2251 2253 2223
f 2235 2253 2251
f 2217 2234 2247
f 2234 2208 2245
f 2247 2245 2221
f 2234 2245 2247
f 2223 2255 2252
f 2255 2221 2246
f 2252 2246 2213
f 2255 2246 2252
f 2217 2247 2253
f 2247 2221 2255
f 2253 2255 2223
f 2247 2255 2253
f 2212 2256 2240
f 2256 2224 2258
f 2240 2258 2219
f 2256 2258 2240
f 2224 2257 2260
f 2257 2213 2249
f 2260 2249 2222
f 2257 2249 2260
f 2219 2250 2239
f 2250 2222 2248
f 2239 2248 2209
f 2250 2248 2239
f 2224 2260 2258
f 2260 2222 2250
f 2258 2250 2219
f 2260 2250 2258
f 2211 2251 2241
f 2251 2223 2254
f 2241 2254 2220
f 2251 2254 2241
f 2223 2252 2261
f 2252 2213 2257
f 2261 2257 2224
f 2252 2257 2261
f 2220 2259 2242
f 2259 2224 2256
f 2242 2256 2212
f 2259 2256 2242
f 2223 2261 2254
f 2261 2224 2259
f 2254 2259 2220
f 2261 2259 2254
f 2207 2236 2236
f 2236 2218 2218
f 2236 2218 2218
f 2236 2218 2236
f 2218 2237 2237
f 2237 2212 2212
f 2237 2212 2212
f 2237 2212 2237
f 2218 2237 2237
f 2237 2212 2212
f 2237 2212 2212
f 2237 2212 2237
f 2218 2237 2218
f 2237 2212 2237
f 2218 2237 2218
f 2237 2237 2218
f 2212 2240 2240
f 2240 2219 2219
f 2240 2219 2219
f 2240 2219 2240
f 2219 2239 2239
f 2239 2209 2209
f 2239 2209 2209
f 2239 2209 2239
f 2219 2239 2239
f 2239 2209 2209
f 2239 2209 2209
f 2239 2209 2239
f 2219 2239 2219
f 2239 2209 2239
f 2219 2239 2219
f 2239 2239 2219
f 2212 2240 2240
f 2240 2219 2219
f 2240 2219 2219
f 2240 2219 2240
f 2219 2239 2239
f 2239 2209 2209
f 2239 2209 2209
f 2239 2209 2239
f 2219 2239 2239
f 2239 2209 2209
f 2239 2209 2209
f 2239 2209 2239
f 2219 2239 2219
f 2239 2209 2239
f 2219 2239 2219
f 2239 2239 2219
f 2212 2240 2212
f 2240 2219 2240
f 2212 2240 2212
f 2240 2240 2212
f 2219 2239 2219
f 2239 2209 2239
f 2219 2239 2219
f 2239 2239 2219
f 2212 2240 2212
f 2240 2219 2240
f 2212 2240 2212
f 2240 2240 2212
f 2219 2219 2240
f 2219 2219 2240
f 2240 2240 2212
f 2219 2240 2240
f 2207 2236 2262
f 2236 2218 2264
f 2262 2264 2225
f 2236 2264 2262
f 2218 2237 2269
f 2237 2212 2267
f 2269 2267 2227
f 2237 2267 2269
f 2225 2270 2263
f 2270 2227 2268
f 2263 2268 2214
f 2270 2268 2263
f 2218 2269 2264
f 2269 2227 2270
f 2264 2270 2225
f 2269 2270 2264
f 2212 2240 2277
f 2240 2219 2279
f 2277 2279 2230
f 2240 2279 2277
f 2219 2239 2273
f 2239 2209 2271
f 2273 2271 2228
f 2239 2271 2273
f 2230 2281 2278
f 2281 2228 2272
f 2278 2272 2215
f 2281 2272 2278
f 2219 2273 2279
f 2273 2228 2281
f 2279 2281 2230
f 2273 2281 2279
f 2214 2282 2266
f 2282 2231 2284
f 2266 2284 2226
f 2282 2284 2266
f 2231 2283 2286
f 2283 2215 2275
f 2286 2275 2229
f 2283 2275 2286
f 2226 2276 2265
f 2276 2229 2274
f 2265 2274 2210
f 2276 2274 2265
f 2231 2286 2284
f 2286 2229 2276
f 2284 2276 2226
f 2286 2276 2284
f 2212 2277 2267
f 2277 2230 2280
f 2267 2280 2227
f 2277 2280 2267
f 2230 2278 2287
f 2278 2215 2283
f 2287 2283 2231
f 2278 2283 2287
f 2227 2285 2268
f 2285 2231 2282
f 2268 2282 2214
f 2285 2282 2268
f 2230 2287 2280
f 2287 2231 2285
f 2280 2285 2227
f 2287 2285 2280
f 2207 2262 2262
f 2262 2225 2225
f 2262 2225 2225
f 2262 2225 2262
f 2225 2263 2263
f 2263 2214 2214
f 2263 2214 2214
f 2263 2214 2263
f 2225 2263 2263
f 2263 2214 2214
f 2263 2214 2214
f 2263 2214 2263
f 2225 2263 2225
f 2263 2214 2263
f 2225 2263 2225
f 2263 2263 2225
f 2214 2266 2266
f 2266 2226 2226
f 2266 2226 2226
f 2266 2226 2266
f 2226 2265 2265
f 2265 2210 2210
f 2265 2210 2210
f 2265 2210 2265
f 2226 2265 2265
f 2265 2210 2210
f 2265 2210 2210
f 2265 2210 2265
f 2226 2265 2226
f 2265 2210 2265
f 2226 2265 2226
f 2265 2265 2226
f 2214 2266 2266
f 2266 2226 2226
f 2266 2226 2226
f 2266 2226 2266
f 2226 2265 2265
f 2265 2210 2210
f 2265 2210 2210
f 2265 2210 2265
f 2226 2265 2265
f 2265 2210 2210
f 2265 2210 2210
f 2265 2210 2265
f 2226 2265 2226
f 2265 2210 2265
f 2226 2265 2226
f 2265 2265 2226
f 2214 2266 2214
f 2266 2226 2266
f 2214 2266 2214
f 2266 2266 2214
f 2226 2265 2226
f 2265 2210 2265
f 2226 2265 2226
f 2265 2265 2226
f 2214 2266 2214
f 2266 2226 2266
f 2214 2266 2214
f 2266 2266 2214
f 2226 2226 2266
f 2226 2226 2266
f 2266 2266 2214
f 2226 2266 2266
f 2288 2308 2312
f 2308 2294 2314
f 2312 2314 2296
f 2308 2314 2312
f 2294 2309 2319
f 2309 2290 2317
f 2319 2317 2298
f 2309 2317 2319
f 2296 2320 2313
f 2320 2298 2318
f 2313 2318 2291
f 2320 2318 2313
f 2294 2319 2314
f 2319 2298 2320
f 2314 2320 2296
f 2319 2320 2314
f 2290 2311 2323
f 2311 2295 2325
f 2323 2325 2299
f 2311 2325 2323
f 2295 2310 2321
f 2310 2210 2274
f 2321 2274 2229
f 2310 2274 2321
f 2299 2327 2324
f 2327 2229 2275
f 2324 2275 2215
f 2327 2275 2324
f 2295 2321 2325
f 2321 2229 2327
f 2325 2327 2299
f 2321 2327 2325
f 2291 2328 2316
f 2328 2300 2330
f 2316 2330 2297
f 2328 2330 2316
f 2300 2329 2332
f 2329 2215 2272
f 2332 2272 2228
f 2329 2272 2332
f 2297 2322 2315
f 2322 2228 2271
f 2315 2271 2209
f 2322 2271 2315
f 2300 2332 2330
f 2332 2228 2322
f 2330 2322 2297
f 2332 2322 2330
f 2290 2323 2317
f 2323 2299 2326
f 2317 2326 2298
f 2323 2326 2317
f 2299 2324 2333
f 2324 2215 2329
f 2333 2329 2300
f 2324 2329 2333
f 2298 2331 2318
f 2331 2300 2328
f 2318 2328 2291
f 2331 2328 2318
f 2299 2333 2326
f 2333 2300 2331
f 2326 2331 2298
f 2333 2331 2326
f 2288 2312 2312
f 2312 2296 2296
f 2312 2296 2296
f 2312 2296 2312
f 2296 2313 2313
f 2313 2291 2291
f 2313 2291 2291
f 2313 2291 2313
f 2296 2313 2313
f 2313 2291 2291
f 2313 2291 2291
f 2313 2291 2313
f 2296 2313 2296
f 2313 2291 2313
f 2296 2313 2296
f 2313 2313 2296
f 2291 2316 2316
f 2316 2297 2297
f 2316 2297 2297
f 2316 2297 2316
f 2297 2315 2315
f 2315 2209 2209
f 2315 2209 2209
f 2315 2209 2315
f 2297 2315 2315
f 2315 2209 2209
f 2315 2209 2209
f 2315 2209 2315
f 2297 2315 2297
f 2315 2209 2315
f 2297 2315 2297
f 2315 2315 2297
f 2291 2316 2316
f 2316 2297 2297
f 2316 2297 2297
f 2316 2297 2316
f 2297 2315 2315
f 2315 2209 2209
f 2315 2209 2209
f 2315 2209 2315
f 2297 2315 2315
f 2315 2209 2209
f 2315 2209 2209
f 2315 2209 2315
f 2297 2315 2297
f 2315 2209 2315
f 2297 2315 2297
f 2315 2315 2297
f 2291 2316 2291
f 2316 2297 2316
f 2291 2316 2291
f 2316 2316 2291
f 2297 2315 2297
f 2315 2209 2315
f 2297 2315 2297
f 2315 2315 2297
f 2291 2316 2291
f 2316 2297 2316
f 2291 2316 2291
f 2316 2316 2291
f 2297 2297 2316
f 2297 2297 2316
f 2316 2316 2291
f 2297 2316 2316
f 2288 2312 2334
f 2312 2296 2336
f 2334 2336 2301
f 2312 2336 2334
f 2296 2313 2341
f 2313 2291 2339
f 2341 2339 2303
f 2313 2339 2341
f 2301 2342 2335
f 2342 2303 2340
f 2335 2340 2292
f 2342 2340 2335
f 2296 2341 2336
f 2341 2303 2342
f 2336 2342 2301
f 2341 2342 2336
f 2291 2316 2349
f 2316 2297 2351
f 2349 2351 2306
f 2316 2351 2349
f 2297 2315 2345
f 2315 2209 2343
f 2345 2343 2304
f 2315 2343 2345
f 2306 2353 2350
f 2353 2304 2344
f 2350 2344 2293
f 2353 2344 2350
f 2297 2345 2351
f 2345 2304 2353
f 2351 2353 2306
f 2345 2353 2351
f 2292 2354 2338
f 2354 2307 2356
f 2338 2356 2302
f 2354 2356 2338
f 2307 2355 2358
f 2355 2293 2347
f 2358 2347 2305
f 2355 2347 2358
f 2302 2348 2337
f 2348 2305 2346
f 2337 2346 2289
f 2348 2346 2337
f 2307 2358 2356
f 2358 2305 2348
f 2356 2348 2302
f 2358 2348 2356
f 2291 2349 2339
f 2349 2306 2352
f 2339 2352 2303
f 2349 2352 2339
f 2306 2350 2359
f 2350 2293 2355
f 2359 2355 2307
f 2350 2355 2359
f 2303 2357 2340
f 2357 2307 2354
f 2340 2354 2292
f 2357 2354 2340
f 2306 2359 2352
f 2359 2307 2357
f 2352 2357 2303
f 2359 2357 2352
f 2288 2334 2334
f 2334 2301 2301
f 2334 2301 2301
f 2334 2301 2334
f 2301 2335 2335
f 2335 2292 2292
f 2335 2292 2292
f 2335 2292 2335
f 2301 2335 2335
f 2335 2292 2292
f 2335 2292 2292
f 2335 2292 2335
f 2301 2335 2301
f 2335 2292 2335
f 2301 2335 2301
f 2335 2335 2301
f 2292 2338 2338
f 2338 2302 2302
f 2338 2302 2302
f 2338 2302 2338
f 2302 2337 2337
f 2337 2289 2289
f 2337 2289 2289
f 2337 2289 2337
f 2302 2337 2337
f 2337 2289 2289
f 2337 2289 2289
f 2337 2289 2337
f 2302 2337 2302
f 2337 2289 2337
f 2302 2337 2302
f 2337 2337 2302
f 2292 2338 2338
f 2338 2302 2302
f 2338 2302 2302
f 2338 2302 2338
f 2302 2337 2337
f 2337 2289 2289
f 2337 2289 2289
f 2337 2289 2337
f 2302 2337 2337
f 2337 2289 2289
f 2337 2289 2289
f 2337 2289 2337
f 2302 2337 2302
f 2337 2289 2337
f 2302 2337 2302
f 2337 2337 2302
f 2292 2338 2292
f 2338 2302 2338
f 2292 2338 2292
f 2338 2338 2292
f 2302 2337 2302
f 2337 2289 2337
f 2302 2337 2302
f 2337 2337 2302
f 2292 2338 2292
f 2338 2302 2338
f 2292 2338 2292
f 2338 2338 2292
f 2302 2302 2338
f 2302 2302 2338
f 2338 2338 2292
f 2302 2338 2338
f 2360 2385 2389
f 2385 2369 2391
f 2389 2391 2371
f 2385 2391 2389
f 2369 2386 2396
f 2386 2364 2394
f 2396 2394 2373
f 2386 2394 2396
f 2371 2397 2390
f 2397 2373 2395
f 2390 2395 2365
f 2397 2395 2390
f 2369 2396 2391
f 2396 2373 2397
f 2391 2397 2371
f 2396 2397 2391
f 2364 2388 2404
f 2388 2370 2406
f 2404 2406 2376
f 2388 2406 2404
f 2370 2387 2400
f 2387 2361 2398
f 2400 2398 2374
f 2387 2398 2400
f 2376 2408 2405
f 2408 2374 2399
f 2405 2399 2366
f 2408 2399 2405
f 2370 2400 2406
f 2400 2374 2408
f 2406 2408 2376
f 2400 2408 2406
f 2365 2409 2393
f 2409 2377 2411
f 2393 2411 2372
f 2409 2411 2393
f 2377 2410 2413
f 2410 2366 2402
f 2413 2402 2375
f 2410 2402 2413
f 2372 2403 2392
f 2403 2375 2401
f 2392 2401 2362
f 2403 2401 2392
f 2377 2413 2411
f 2413 2375 2403
f 2411 2403 2372
f 2413 2403 2411
f 2364 2404 2394
f 2404 2376 2407
f 2394 2407 2373
f 2404 2407 2394
f 2376 2405 2414
f 2405 2366 2410
f 2414 2410 2377
f 2405 2410 2414
f 2373 2412 2395
f 2412 2377 2409
f 2395 2409 2365
f 2412 2409 2395
f 2376 2414 2407
f 2414 2377 2412
f 2407 2412 2373
f 2414 2412 2407
f 2360 2389 2389
f 2389 2371 2371
f 2389 2371 2371
f 2389 2371 2389
f 2371 2390 2390
f 2390 2365 2365
f 2390 2365 2365
f 2390 2365 2390
f 2371 2390 2390
f 2390 2365 2365
f 2390 2365 2365
f 2390 2365 2390
f 2371 2390 2371
f 2390 2365 2390
f 2371 2390 2371
f 2390 2390 2371
f 2365 2393 2393
f 2393 2372 2372
f 2393 2372 2372
f 2393 2372 2393
f 2372 2392 2392
f 2392 2362 2362
f 2392 2362 2362
f 2392 2362 2392
f 2372 2392 2392
f 2392 2362 2362
f 2392 2362 2362
f 2392 2362 2392
f 2372 2392 2372
f 2392 2362 2392
f 2372 2392 2372
f 2392 2392 2372
f 2365 2393 2393
f 2393 2372 2372
f 2393 2372 2372
f 2393 2372 2393
f 2372 2392 2392
f 2392 2362 2362
f 2392 2362 2362
f 2392 2362 2392
f 2372 2392 2392
f 2392 2362 2362
f 2392 2362 2362
f 2392 2362 2392
f 2372 2392 2372
f 2392 2362 2392
f 2372 2392 2372
f 2392 2392 2372
f 2365 2393 2365
f 2393 2372 2393
f 2365 2393 2365
f 2393 2393 2365
f 2372 2392 2372
f 2392 2362 2392
f 2372 2392 2372
f 2392 2392 2372
f 2365 2393 2365
f 2393 2372 2393
f 2365 2393 2365
f 2393 2393 2365
f 2372 2372 2393
f 2372 2372 2393
f 2393 2393 2365
f 2372 2393 2393
f 2360 2389 2415
f 2389 2371 2417
f 2415 2417 2378
f 2389 2417 2415
f 2371 2390 2422
f 2390 2365 2420
f 2422 2420 2380
f 2390 2420 2422
f 2378 2423 2416
f 2423 2380 2421
f 2416 2421 2367
f 2423 2421 2416
f 2371 2422 2417
f 2422 2380 2423
f 2417 2423 2378
f 2422 2423 2417
f 2365 2393 2430
f 2393 2372 2432
f 2430 2432 2383
f 2393 2432 2430
f 2372 2392 2426
f 2392 2362 2424
f 2426 2424 2381
f 2392 2424 2426
f 2383 2434 2431
f 2434 2381 2425
f 2431 2425 2368
f 2434 2425 2431
f 2372 2426 2432
f 2426 2381 2434
f 2432 2434 2383
f 2426 2434 2432
f 2367 2435 2419
f 2435 2384 2437
f 2419 2437 2379
f 2435 2437 2419
f 2384 2436 2439
f 2436 2368 2428
f 2439 2428 2382
f 2436 2428 2439
f 2379 2429 2418
f 2429 2382 2427
f 2418 2427 2363
f 2429 2427 2418
f 2384 2439 2437
f 2439 2382 2429
f 2437 2429 2379
f 2439 2429 2437
f 2365 2430 2420
f 2430 2383 2433
f 2420 2433 2380
f 2430 2433 2420
f 2383 2431 2440
f 2431 2368 2436
f 2440 2436 2384
f 2431 2436 2440
f 2380 2438 2421
f 2438 2384 2435
f 2421 2435 2367
f 2438 2435 2421
f 2383 2440 2433
f 2440 2384 2438
f 2433 2438 2380
f 2440 2438 2433
f 2360 2415 2415
f 2415 2378 2378
f 2415 2378 2378
f 2415 2378 2415
f 2378 2416 2416
f 2416 2367 2367
f 2416 2367 2367
f 2416 2367 2416
f 2378 2416 2416
f 2416 2367 2367
f 2416 2367 2367
f 2416 2367 2416
f 2378 2416 2378
f 2416 2367 2416
f 2378 2416 2378
f 2416 2416 2378
f 2367 2419 2419
f 2419 2379 2379
f 2419 2379 2379
f 2419 2379 2419
f 2379 2418 2418
f 2418 2363 2363
f 2418 2363 2363
f 2418 2363 2418
f 2379 2418 2418
f 2418 2363 2363
f 2418 2363 2363
f 2418 2363 2418
f 2379 2418 2379
f 2418 2363 2418
f 2379 2418 2379
f 2418 2418 2379
f 2367 2419 2419
f 2419 2379 2379
f 2419 2379 2379
f 2419 2379 2419
f 2379 2418 2418
f 2418 2363 2363
f 2418 2363 2363
f 2418 2363 2418
f 2379 2418 2418
f 2418 2363 2363
f 2418 2363 2363
f 2418 2363 2418
f 2379 2418 2379
f 2418 2363 2418
f 2379 2418 2379
f 2418 2418 2379
f 2367 2419 2367
f 2419 2379 2419
f 2367 2419 2367
f 2419 2419 2367
f 2379 2418 2379
f 2418 2363 2418
f 2379 2418 2379
f 2418 2418 2379
f 2367 2419 2367
f 2419 2379 2419
f 2367 2419 2367
f 2419 2419 2367
f 2379 2379 2419
f 2379 2379 2419
f 2419 2419 2367
f 2379 2419 2419