# https://github.com/mikedh/trimesh
v 0.40000001 3.50000000 2.54999995
v 1.89999998 3.50000000 2.54999995
v 1.89999998 3.50000000 0.89999998
v 0.40000001 3.50000000 0.89999998
v 1.14999999 3.50000000 2.54999995
v 1.14999999 3.50000000 1.72499996
v 1.89999998 3.50000000 1.72499996
v 0.40000001 3.50000000 1.72499996
v 1.14999999 3.50000000 0.89999998
v 0.77500000 3.50000000 2.54999995
v 1.52499998 3.50000000 2.54999995
v 0.77500000 3.50000000 2.13749996
v 1.52499998 3.50000000 1.31249997
v 1.14999999 3.50000000 2.13749996
v 1.89999998 3.50000000 2.13749996
v 1.89999998 3.50000000 1.31249997
v 1.52499998 3.50000000 2.13749996
v 1.52499998 3.50000000 1.72499996
v 0.40000001 3.50000000 2.13749996
v 0.40000001 3.50000000 1.31249997
v 0.77500000 3.50000000 1.72499996
v 1.52499998 3.50000000 0.89999998
v 0.77500000 3.50000000 0.89999998
v 1.14999999 3.50000000 1.31249997
v 0.77500000 3.50000000 1.31249997
v 0.58750000 3.50000000 2.54999995
v 0.96249999 3.50000000 2.54999995
v 1.71249998 3.50000000 2.54999995
v 1.33749999 3.50000000 2.54999995
v 0.58750000 3.50000000 2.34374996
v 0.96249999 3.50000000 1.93124996
v 0.77500000 3.50000000 2.34374996
v 1.71249998 3.50000000 1.10624997
v 1.33749999 3.50000000 1.51874997
v 1.14999999 3.50000000 2.34374996
v 1.14999999 3.50000000 1.93124996
v 0.96249999 3.50000000 2.34374996
v 0.96249999 3.50000000 2.13749996
v 1.89999998 3.50000000 2.34374996
v 1.89999998 3.50000000 1.93124996
v 1.71249998 3.50000000 2.34374996
v 1.89999998 3.50000000 1.10624997
v 1.89999998 3.50000000 1.51874997
v 1.71249998 3.50000000 1.31249997
v 1.33749999 3.50000000 2.34374996
v 1.71249998 3.50000000 1.93124996
v 1.52499998 3.50000000 2.34374996
v 1.33749999 3.50000000 2.13749996
v 1.71249998 3.50000000 2.13749996
v 1.33749999 3.50000000 1.72499996
v 1.71249998 3.50000000 1.72499996
v 1.52499998 3.50000000 1.51874997
v 1.33749999 3.50000000 1.93124996
v 1.71249998 3.50000000 1.51874997
v 1.52499998 3.50000000 1.93124996
v 0.40000001 3.50000000 2.34374996
v 0.40000001 3.50000000 1.93124996
v 0.58750000 3.50000000 2.13749996
v 0.40000001 3.50000000 1.10624997
v 0.40000001 3.50000000 1.51874997
v 0.96249999 3.50000000 1.72499996
v 0.58750000 3.50000000 1.72499996
v 0.77500000 3.50000000 1.93124996
v 0.58750000 3.50000000 1.93124996
v 1.71249998 3.50000000 0.89999998
v 1.33749999 3.50000000 0.89999998
v 1.52499998 3.50000000 1.10624997
v 0.58750000 3.50000000 0.89999998
v 0.96249999 3.50000000 0.89999998
v 0.58750000 3.50000000 1.10624997
v 1.14999999 3.50000000 1.51874997
v 1.14999999 3.50000000 1.10624997
v 1.33749999 3.50000000 1.31249997
v 0.96249999 3.50000000 1.51874997
v 1.33749999 3.50000000 1.10624997
v 0.58750000 3.50000000 1.51874997
v 0.96249999 3.50000000 1.10624997
v 0.58750000 3.50000000 1.31249997
v 0.77500000 3.50000000 1.51874997
v 0.77500000 3.50000000 1.10624997
v 0.96249999 3.50000000 1.31249997
v 0.40000001 3.29999995 2.54999995
v 0.40000001 3.29999995 0.89999998
v 0.40000001 3.39999998 2.54999995
v 0.40000001 3.39999998 1.72499996
v 0.40000001 3.29999995 1.72499996
v 0.40000001 3.39999998 0.89999998
v 0.40000001 3.34999996 2.54999995
v 0.40000001 3.44999999 2.54999995
v 0.40000001 3.34999996 2.13749996
v 0.40000001 3.44999999 1.31249997
v 0.40000001 3.39999998 2.13749996
v 0.40000001 3.44999999 2.13749996
v 0.40000001 3.44999999 1.72499996
v 0.40000001 3.29999995 2.13749996
v 0.40000001 3.29999995 1.31249997
v 0.40000001 3.34999996 1.72499996
v 0.40000001 3.44999999 0.89999998
v 0.40000001 3.34999996 0.89999998
v 0.40000001 3.39999998 1.31249997
v 0.40000001 3.34999996 1.31249997
v 0.40000001 3.32499996 2.54999995
v 0.40000001 3.37499997 2.54999995
v 0.40000001 3.47499999 2.54999995
v 0.40000001 3.42499998 2.54999995
v 0.40000001 3.32499996 2.34374996
v 0.40000001 3.37499997 1.93124996
v 0.40000001 3.34999996 2.34374996
v 0.40000001 3.47499999 1.10624997
v 0.40000001 3.42499998 1.51874997
v 0.40000001 3.39999998 2.34374996
v 0.40000001 3.39999998 1.93124996
v 0.40000001 3.37499997 2.34374996
v 0.40000001 3.37499997 2.13749996
v 0.40000001 3.47499999 2.34374996
v 0.40000001 3.47499999 1.31249997
v 0.40000001 3.42499998 2.34374996
v 0.40000001 3.47499999 1.93124996
v 0.40000001 3.44999999 2.34374996
v 0.40000001 3.42499998 2.13749996
v 0.40000001 3.47499999 2.13749996
v 0.40000001 3.42499998 1.72499996
v 0.40000001 3.47499999 1.72499996
v 0.40000001 3.44999999 1.51874997
v 0.40000001 3.42499998 1.93124996
v 0.40000001 3.47499999 1.51874997
v 0.40000001 3.44999999 1.93124996
v 0.40000001 3.29999995 2.34374996
v 0.40000001 3.29999995 1.93124996
v 0.40000001 3.32499996 2.13749996
v 0.40000001 3.29999995 1.10624997
v 0.40000001 3.29999995 1.51874997
v 0.40000001 3.37499997 1.72499996
v 0.40000001 3.32499996 1.72499996
v 0.40000001 3.34999996 1.93124996
v 0.40000001 3.32499996 1.93124996
v 0.40000001 3.47499999 0.89999998
v 0.40000001 3.42499998 0.89999998
v 0.40000001 3.44999999 1.10624997
v 0.40000001 3.32499996 0.89999998
v 0.40000001 3.37499997 0.89999998
v 0.40000001 3.32499996 1.10624997
v 0.40000001 3.39999998 1.51874997
v 0.40000001 3.39999998 1.10624997
v 0.40000001 3.42499998 1.31249997
v 0.40000001 3.37499997 1.51874997
v 0.40000001 3.42499998 1.10624997
v 0.40000001 3.32499996 1.51874997
v 0.40000001 3.37499997 1.10624997
v 0.40000001 3.32499996 1.31249997
v 0.40000001 3.34999996 1.51874997
v 0.40000001 3.34999996 1.10624997
v 0.40000001 3.37499997 1.31249997
v 1.89999998 3.29999995 2.54999995
v 1.89999998 3.29999995 0.89999998
v 1.89999998 3.39999998 2.54999995
v 1.89999998 3.39999998 1.72499996
v 1.89999998 3.29999995 1.72499996
v 1.89999998 3.39999998 0.89999998
v 1.89999998 3.44999999 2.54999995
v 1.89999998 3.34999996 2.54999995
v 1.89999998 3.44999999 2.13749996
v 1.89999998 3.34999996 1.31249997
v 1.89999998 3.39999998 2.13749996
v 1.89999998 3.29999995 2.13749996
v 1.89999998 3.29999995 1.31249997
v 1.89999998 3.34999996 2.13749996
v 1.89999998 3.34999996 1.72499996
v 1.89999998 3.44999999 1.72499996
v 1.89999998 3.34999996 0.89999998
v 1.89999998 3.44999999 0.89999998
v 1.89999998 3.39999998 1.31249997
v 1.89999998 3.44999999 1.31249997
v 1.89999998 3.47499999 2.54999995
v 1.89999998 3.42499998 2.54999995
v 1.89999998 3.32499996 2.54999995
v 1.89999998 3.37499997 2.54999995
v 1.89999998 3.47499999 2.34374996
v 1.89999998 3.42499998 1.93124996
v 1.89999998 3.44999999 2.34374996
v 1.89999998 3.32499996 1.10624997
v 1.89999998 3.37499997 1.51874997
v 1.89999998 3.39999998 2.34374996
v 1.89999998 3.39999998 1.93124996
v 1.89999998 3.42499998 2.34374996
v 1.89999998 3.42499998 2.13749996
v 1.89999998 3.29999995 2.34374996
v 1.89999998 3.29999995 1.93124996
v 1.89999998 3.32499996 2.34374996
v 1.89999998 3.29999995 1.10624997
v 1.89999998 3.29999995 1.51874997
v 1.89999998 3.32499996 1.31249997
v 1.89999998 3.37499997 2.34374996
v 1.89999998 3.32499996 1.93124996
v 1.89999998 3.34999996 2.34374996
v 1.89999998 3.37499997 2.13749996
v 1.89999998 3.32499996 2.13749996
v 1.89999998 3.37499997 1.72499996
v 1.89999998 3.32499996 1.72499996
v 1.89999998 3.34999996 1.51874997
v 1.89999998 3.37499997 1.93124996
v 1.89999998 3.32499996 1.51874997
v 1.89999998 3.34999996 1.93124996
v 1.89999998 3.47499999 2.13749996
v 1.89999998 3.42499998 1.72499996
v 1.89999998 3.47499999 1.72499996
v 1.89999998 3.44999999 1.93124996
v 1.89999998 3.47499999 1.93124996
v 1.89999998 3.32499996 0.89999998
v 1.89999998 3.37499997 0.89999998
v 1.89999998 3.34999996 1.10624997
v 1.89999998 3.47499999 0.89999998
v 1.89999998 3.42499998 0.89999998
v 1.89999998 3.47499999 1.10624997
v 1.89999998 3.39999998 1.51874997
v 1.89999998 3.39999998 1.10624997
v 1.89999998 3.37499997 1.31249997
v 1.89999998 3.42499998 1.51874997
v 1.89999998 3.37499997 1.10624997
v 1.89999998 3.47499999 1.51874997
v 1.89999998 3.42499998 1.10624997
v 1.89999998 3.47499999 1.31249997
v 1.89999998 3.44999999 1.51874997
v 1.89999998 3.44999999 1.10624997
v 1.89999998 3.42499998 1.31249997
v 1.14999999 3.39999998 0.89999998
v 1.14999999 3.29999995 0.89999998
v 1.52499998 3.44999999 0.89999998
v 0.77500000 3.34999996 0.89999998
v 1.52499998 3.39999998 0.89999998
v 1.52499998 3.29999995 0.89999998
v 0.77500000 3.29999995 0.89999998
v 1.52499998 3.34999996 0.89999998
v 1.14999999 3.34999996 0.89999998
v 1.14999999 3.44999999 0.89999998
v 0.77500000 3.39999998 0.89999998
v 0.77500000 3.44999999 0.89999998
v 1.71249998 3.47499999 0.89999998
v 1.33749999 3.42499998 0.89999998
v 1.71249998 3.44999999 0.89999998
v 0.58750000 3.32499996 0.89999998
v 0.96249999 3.37499997 0.89999998
v 1.71249998 3.39999998 0.89999998
v 1.33749999 3.39999998 0.89999998
v 1.71249998 3.42499998 0.89999998
v 1.52499998 3.42499998 0.89999998
v 1.71249998 3.29999995 0.89999998
v 1.33749999 3.29999995 0.89999998
v 1.71249998 3.32499996 0.89999998
v 0.58750000 3.29999995 0.89999998
v 0.96249999 3.29999995 0.89999998
v 0.77500000 3.32499996 0.89999998
v 1.71249998 3.37499997 0.89999998
v 1.33749999 3.32499996 0.89999998
v 1.71249998 3.34999996 0.89999998
v 1.52499998 3.37499997 0.89999998
v 1.52499998 3.32499996 0.89999998
v 1.14999999 3.37499997 0.89999998
v 1.14999999 3.32499996 0.89999998
v 0.96249999 3.34999996 0.89999998
v 1.33749999 3.37499997 0.89999998
v 0.96249999 3.32499996 0.89999998
v 1.33749999 3.34999996 0.89999998
v 1.52499998 3.47499999 0.89999998
v 1.14999999 3.42499998 0.89999998
v 1.14999999 3.47499999 0.89999998
v 1.33749999 3.44999999 0.89999998
v 1.33749999 3.47499999 0.89999998
v 0.58750000 3.34999996 0.89999998
v 0.58750000 3.47499999 0.89999998
v 0.96249999 3.39999998 0.89999998
v 0.58750000 3.39999998 0.89999998
v 0.77500000 3.37499997 0.89999998
v 0.96249999 3.42499998 0.89999998
v 0.58750000 3.37499997 0.89999998
v 0.96249999 3.47499999 0.89999998
v 0.58750000 3.42499998 0.89999998
v 0.77500000 3.47499999 0.89999998
v 0.96249999 3.44999999 0.89999998
v 0.58750000 3.44999999 0.89999998
v 0.77500000 3.42499998 0.89999998
v 1.14999999 3.39999998 2.54999995
v 1.14999999 3.29999995 2.54999995
v 1.52499998 3.44999999 2.54999995
v 0.77500000 3.34999996 2.54999995
v 1.14999999 3.44999999 2.54999995
v 0.77500000 3.44999999 2.54999995
v 0.77500000 3.39999998 2.54999995
v 1.52499998 3.39999998 2.54999995
v 0.77500000 3.29999995 2.54999995
v 1.52499998 3.29999995 2.54999995
v 1.14999999 3.34999996 2.54999995
v 1.52499998 3.34999996 2.54999995
v 1.71249998 3.47499999 2.54999995
v 1.33749999 3.42499998 2.54999995
v 1.52499998 3.47499999 2.54999995
v 0.58750000 3.32499996 2.54999995
v 0.96249999 3.37499997 2.54999995
v 1.14999999 3.47499999 2.54999995
v 1.14999999 3.42499998 2.54999995
v 1.33749999 3.47499999 2.54999995
v 1.33749999 3.44999999 2.54999995
v 0.58750000 3.47499999 2.54999995
v 0.58750000 3.34999996 2.54999995
v 0.96249999 3.47499999 2.54999995
v 0.58750000 3.42499998 2.54999995
v 0.77500000 3.47499999 2.54999995
v 0.96249999 3.44999999 2.54999995
v 0.58750000 3.44999999 2.54999995
v 0.96249999 3.39999998 2.54999995
v 0.58750000 3.39999998 2.54999995
v 0.77500000 3.37499997 2.54999995
v 0.96249999 3.42499998 2.54999995
v 0.58750000 3.37499997 2.54999995
v 0.77500000 3.42499998 2.54999995
v 1.71249998 3.44999999 2.54999995
v 1.33749999 3.39999998 2.54999995
v 1.71249998 3.39999998 2.54999995
v 1.52499998 3.42499998 2.54999995
v 1.71249998 3.42499998 2.54999995
v 0.58750000 3.29999995 2.54999995
v 0.96249999 3.29999995 2.54999995
v 0.77500000 3.32499996 2.54999995
v 1.71249998 3.29999995 2.54999995
v 1.33749999 3.29999995 2.54999995
v 1.71249998 3.32499996 2.54999995
v 1.14999999 3.37499997 2.54999995
v 1.14999999 3.32499996 2.54999995
v 0.96249999 3.34999996 2.54999995
v 1.33749999 3.37499997 2.54999995
v 0.96249999 3.32499996 2.54999995
v 1.71249998 3.37499997 2.54999995
v 1.33749999 3.32499996 2.54999995
v 1.71249998 3.34999996 2.54999995
v 1.52499998 3.37499997 2.54999995
v 1.52499998 3.32499996 2.54999995
v 1.33749999 3.34999996 2.54999995
v 2.45000005 -0.64999998 2.09999990
v 2.45000005 -0.64999998 0.00000000
v 2.54999995 -0.64999998 0.00000000
v 2.54999995 -0.64999998 3.04999995
v -0.25000000 -0.64999998 3.04999995
v 1.54999995 -0.64999998 2.09999990
v 1.29999995 -0.64999998 2.00000000
v 1.29999995 -0.64999998 1.80833328
v -0.25000000 -0.64999998 2.00000000
v 1.29999995 -0.64999998 0.00000000
v 1.54999995 -0.64999998 0.00000000
v 2.45000005 -0.64999998 1.04999995
v 2.50000000 -0.64999998 1.04999995
v 2.50000000 -0.64999998 0.00000000
v 2.50000000 -0.64999998 2.57499993
v 2.54999995 -0.64999998 1.52499998
v 1.14999998 -0.64999998 3.04999995
v 2.00000000 -0.64999998 2.09999990
v 2.04999995 -0.64999998 2.57499993
v 0.64999998 -0.64999998 2.57499993
v 0.52499998 -0.64999998 2.52499998
v 1.42499995 -0.64999998 2.04999995
v 1.42499995 -0.64999998 1.95416659
v 1.29999995 -0.64999998 1.90416664
v -0.25000000 -0.64999998 2.52499998
v 0.52499998 -0.64999998 2.00000000
v 1.29999995 -0.64999998 0.90416664
v 1.54999995 -0.64999998 1.04999995
v 1.42499995 -0.64999998 0.90416664
v 1.42499995 -0.64999998 0.00000000
v 2.45000005 -0.64999998 1.57499993
v 2.45000005 -0.64999998 0.52499998
v 2.47500002 -0.64999998 1.57499993
v 2.52499998 -0.64999998 0.52499998
v 2.47500002 -0.64999998 1.04999995
v 2.47500002 -0.64999998 0.00000000
v 2.52499998 -0.64999998 0.00000000
v 2.47500002 -0.64999998 0.52499998
v 2.50000000 -0.64999998 0.52499998
v 2.47500002 -0.64999998 2.33749992
v 2.52499998 -0.64999998 2.81249994
v 2.50000000 -0.64999998 1.81249994
v 2.54999995 -0.64999998 0.76249999
v 2.54999995 -0.64999998 2.28749996
v 2.52499998 -0.64999998 1.28749996
v 2.52499998 -0.64999998 2.04999995
v 1.84999996 -0.64999998 3.04999995
v 0.44999999 -0.64999998 3.04999995
v 2.22500002 -0.64999998 2.09999990
v 1.77499998 -0.64999998 2.09999990
v 2.25000000 -0.64999998 2.33749992
v 2.29999995 -0.64999998 2.81249994
v 1.79999995 -0.64999998 2.33749992
v 2.27499998 -0.64999998 2.57499993
v 1.59999996 -0.64999998 2.81249994
v 2.02499998 -0.64999998 2.33749992
v 0.19999999 -0.64999998 2.81249994
v 1.09999996 -0.64999998 2.33749992
v 0.89999998 -0.64999998 2.81249994
v 1.34999996 -0.64999998 2.57499993
v 0.13749999 -0.64999998 2.78749996
v 0.91249996 -0.64999998 2.26249999
v 0.58749998 -0.64999998 2.54999995
v 1.48749995 -0.64999998 2.07499993
v 1.36249995 -0.64999998 2.02499998
v 1.03749996 -0.64999998 2.31249994
v 0.97499996 -0.64999998 2.28749996
v 1.48749995 -0.64999998 2.02708325
v 1.36249995 -0.64999998 1.88124993
v 1.42499995 -0.64999998 2.00208327
v 1.29999995 -0.64999998 1.95208332
v 1.29999995 -0.64999998 1.85624996
v 1.36249995 -0.64999998 1.97708330
v 1.36249995 -0.64999998 1.92916662
v -0.25000000 -0.64999998 2.78749996
v -0.25000000 -0.64999998 2.26249999
v 0.13749999 -0.64999998 2.52499998
v 0.91249996 -0.64999998 2.00000000
v 0.13749999 -0.64999998 2.00000000
v 0.52499998 -0.64999998 2.26249999
v 0.13749999 -0.64999998 2.26249999
v 1.29999995 -0.64999998 1.35624996
v 1.29999995 -0.64999998 0.45208332
v 1.54999995 -0.64999998 1.57499993
v 1.54999995 -0.64999998 0.52499998
v 1.48749995 -0.64999998 1.50208327
v 1.36249995 -0.64999998 1.35624996
v 1.48749995 -0.64999998 0.45208332
v 1.42499995 -0.64999998 1.42916662
v 1.36249995 -0.64999998 0.90416664
v 1.48749995 -0.64999998 0.97708330
v 1.36249995 -0.64999998 0.00000000
v 1.48749995 -0.64999998 0.00000000
v 1.36249995 -0.64999998 0.45208332
v 1.42499995 -0.64999998 0.45208332
v 2.45000005 -0.64999998 1.83749992
v 2.45000005 -0.64999998 1.31249994
v 2.45000005 -0.64999998 0.26249999
v 2.45000005 -0.64999998 0.78749996
v 2.46250004 -0.64999998 1.83749992
v 2.48750001 -0.64999998 1.31249994
v 2.46250004 -0.64999998 1.57499993
v 2.53749996 -0.64999998 0.26249999
v 2.51249999 -0.64999998 0.78749996
v 2.46250004 -0.64999998 1.04999995
v 2.48750001 -0.64999998 1.04999995
v 2.46250004 -0.64999998 1.31249994
v 2.47500002 -0.64999998 1.31249994
v 2.46250004 -0.64999998 0.00000000
v 2.48750001 -0.64999998 0.00000000
v 2.46250004 -0.64999998 0.26249999
v 2.53749996 -0.64999998 0.00000000
v 2.51249999 -0.64999998 0.00000000
v 2.52499998 -0.64999998 0.26249999
v 2.46250004 -0.64999998 0.78749996
v 2.48750001 -0.64999998 0.26249999
v 2.46250004 -0.64999998 0.52499998
v 2.47500002 -0.64999998 0.78749996
v 2.47500002 -0.64999998 0.26249999
v 2.50000000 -0.64999998 0.78749996
v 2.50000000 -0.64999998 0.26249999
v 2.51249999 -0.64999998 0.52499998
v 2.48750001 -0.64999998 0.78749996
v 2.51249999 -0.64999998 0.26249999
v 2.48750001 -0.64999998 0.52499998
v 2.46250004 -0.64999998 2.21874991
v 2.48750001 -0.64999998 2.45624992
v 2.47500002 -0.64999998 1.95624992
v 2.53749996 -0.64999998 2.93124995
v 2.51249999 -0.64999998 2.69374993
v 2.50000000 -0.64999998 1.43124995
v 2.50000000 -0.64999998 2.19374993
v 2.48750001 -0.64999998 1.69374993
v 2.48750001 -0.64999998 2.07499993
v 2.54999995 -0.64999998 0.38124999
v 2.54999995 -0.64999998 1.14374998
v 2.53749996 -0.64999998 0.64374998
v 2.54999995 -0.64999998 2.66874996
v 2.54999995 -0.64999998 1.90624997
v 2.53749996 -0.64999998 2.54999995
v 2.51249999 -0.64999998 1.16874996
v 2.53749996 -0.64999998 1.40624997
v 2.52499998 -0.64999998 0.90624997
v 2.51249999 -0.64999998 1.54999995
v 2.53749996 -0.64999998 1.02499998
v 2.51249999 -0.64999998 2.31249994
v 2.53749996 -0.64999998 1.78749996
v 2.52499998 -0.64999998 2.43124995
v 2.51249999 -0.64999998 1.93124995
v 2.53749996 -0.64999998 2.16874996
v 2.52499998 -0.64999998 1.66874996
v 2.19999996 -0.64999998 3.04999995
v 1.49999997 -0.64999998 3.04999995
v 0.09999999 -0.64999998 3.04999995
v 0.79999998 -0.64999998 3.04999995
v 2.33750004 -0.64999998 2.09999990
v 2.11250001 -0.64999998 2.09999990
v 2.35000002 -0.64999998 2.21874991
v 1.66249996 -0.64999998 2.09999990
v 1.88749999 -0.64999998 2.09999990
v 2.37500000 -0.64999998 2.45624992
v 2.12500000 -0.64999998 2.21874991
v 2.36250001 -0.64999998 2.33749992
v 2.23750001 -0.64999998 2.21874991
v 2.42499995 -0.64999998 2.93124995
v 2.17499995 -0.64999998 2.69374993
v 2.41249996 -0.64999998 2.81249994
v 2.07499996 -0.64999998 2.93124995
v 1.67499995 -0.64999998 2.21874991
v 1.92499995 -0.64999998 2.45624992
v 1.78749996 -0.64999998 2.21874991
v 2.38749999 -0.64999998 2.57499993
v 2.16249996 -0.64999998 2.57499993
v 2.39999998 -0.64999998 2.69374993
v 2.26249999 -0.64999998 2.45624992
v 2.28749996 -0.64999998 2.69374993
v 1.37499997 -0.64999998 2.93124995
v 1.82499996 -0.64999998 2.69374993
v 1.72499996 -0.64999998 2.93124995
v 1.94999996 -0.64999998 2.81249994
v 2.01249999 -0.64999998 2.21874991
v 2.03749996 -0.64999998 2.45624992
v 1.89999998 -0.64999998 2.21874991
v 2.13749999 -0.64999998 2.33749992
v 1.91249996 -0.64999998 2.33749992
v 2.14999998 -0.64999998 2.45624992
v -0.02500001 -0.64999998 2.93124995
v 0.42499998 -0.64999998 2.69374993
v 0.32499999 -0.64999998 2.93124995
v 1.32499996 -0.64999998 2.21874991
v 0.87499997 -0.64999998 2.45624992
v 1.44999996 -0.64999998 2.33749992
v 1.02499998 -0.64999998 2.93124995
v 0.77499998 -0.64999998 2.69374993
v 0.67499998 -0.64999998 2.93124995
v 1.24999997 -0.64999998 2.81249994
v 0.54999998 -0.64999998 2.81249994
v 1.69999996 -0.64999998 2.57499993
v 0.99999997 -0.64999998 2.57499993
v 1.57499996 -0.64999998 2.45624992
v 1.47499996 -0.64999998 2.69374993
v 1.22499996 -0.64999998 2.45624992
v 1.12499997 -0.64999998 2.69374993
v -0.05625001 -0.64999998 2.91874996
v 0.33124998 -0.64999998 2.65624997
v 0.16874999 -0.64999998 2.79999995
v 1.10624996 -0.64999998 2.13124999
v 0.71874997 -0.64999998 2.39374998
v 0.61874998 -0.64999998 2.56249994
v 0.55624998 -0.64999998 2.53749996
v 0.39374998 -0.64999998 2.68124995
v 0.36249998 -0.64999998 2.66874996
v 1.51874995 -0.64999998 2.08749992
v 1.45624995 -0.64999998 2.06249994
v 1.29374996 -0.64999998 2.20624992
v 1.33124995 -0.64999998 2.01249999
v 1.39374995 -0.64999998 2.03749996
v 1.13749996 -0.64999998 2.14374998
v 0.84374997 -0.64999998 2.44374993
v 1.23124996 -0.64999998 2.18124995
v 1.06874996 -0.64999998 2.32499993
v 0.81249997 -0.64999998 2.43124995
v 1.26249996 -0.64999998 2.19374993
v 0.74999997 -0.64999998 2.40624997
v 1.19999996 -0.64999998 2.16874996
v 0.94374996 -0.64999998 2.27499998
v 0.78124997 -0.64999998 2.41874996
v 1.16874996 -0.64999998 2.15624997
v 1.00624996 -0.64999998 2.29999995
v 1.51874995 -0.64999998 2.06354158
v 1.45624995 -0.64999998 1.99062492
v 1.48749995 -0.64999998 2.05104159
v 1.33124995 -0.64999998 1.84479161
v 1.39374995 -0.64999998 1.91770826
v 1.42499995 -0.64999998 2.02604161
v 1.42499995 -0.64999998 1.97812493
v 1.45624995 -0.64999998 2.03854160
v 1.45624995 -0.64999998 2.01458326
v 1.29999995 -0.64999998 1.97604166
v 1.29999995 -0.64999998 1.92812498
v 1.33124995 -0.64999998 1.98854165
v 1.29999995 -0.64999998 1.83229162
v 1.29999995 -0.64999998 1.88020830
v 1.33124995 -0.64999998 1.86874995
v 1.39374995 -0.64999998 2.01354162
v 1.33124995 -0.64999998 1.94062497
v 1.36249995 -0.64999998 2.00104164
v 1.39374995 -0.64999998 1.98958328
v 1.33124995 -0.64999998 1.96458331
v 1.39374995 -0.64999998 1.94166660
v 1.33124995 -0.64999998 1.91666663
v 1.36249995 -0.64999998 1.90520827
v 1.39374995 -0.64999998 1.96562494
v 1.33124995 -0.64999998 1.89270829
v 1.36249995 -0.64999998 1.95312496
v -0.25000000 -0.64999998 2.91874996
v -0.25000000 -0.64999998 2.65624997
v -0.05625001 -0.64999998 2.78749996
v -0.25000000 -0.64999998 2.13124999
v -0.25000000 -0.64999998 2.39374998
v 0.33124998 -0.64999998 2.52499998
v -0.05625001 -0.64999998 2.52499998
v 0.13749999 -0.64999998 2.65624997
v -0.05625001 -0.64999998 2.65624997
v 1.10624996 -0.64999998 2.00000000
v 0.71874997 -0.64999998 2.00000000
v 0.91249996 -0.64999998 2.13124999
v -0.05625001 -0.64999998 2.00000000
v 0.33124998 -0.64999998 2.00000000
v -0.05625001 -0.64999998 2.13124999
v 0.52499998 -0.64999998 2.39374998
v 0.52499998 -0.64999998 2.13124999
v 0.71874997 -0.64999998 2.26249999
v 0.33124998 -0.64999998 2.39374998
v 0.71874997 -0.64999998 2.13124999
v -0.05625001 -0.64999998 2.39374998
v 0.33124998 -0.64999998 2.13124999
v -0.05625001 -0.64999998 2.26249999
v 0.13749999 -0.64999998 2.39374998
v 0.13749999 -0.64999998 2.13124999
v 0.33124998 -0.64999998 2.26249999
v 1.29999995 -0.64999998 1.58229162
v 1.29999995 -0.64999998 1.13020830
v 1.29999995 -0.64999998 0.22604166
v 1.29999995 -0.64999998 0.67812498
v 1.54999995 -0.64999998 1.83749992
v 1.54999995 -0.64999998 1.31249994
v 1.51874995 -0.64999998 1.80104159
v 1.54999995 -0.64999998 0.26249999
v 1.54999995 -0.64999998 0.78749996
v 1.45624995 -0.64999998 1.72812493
v 1.51874995 -0.64999998 1.27604161
v 1.48749995 -0.64999998 1.76458326
v 1.51874995 -0.64999998 1.53854160
v 1.33124995 -0.64999998 1.58229162
v 1.39374995 -0.64999998 1.13020830
v 1.36249995 -0.64999998 1.61874995
v 1.33124995 -0.64999998 1.35624996
v 1.51874995 -0.64999998 0.22604166
v 1.45624995 -0.64999998 0.67812498
v 1.51874995 -0.64999998 0.48854165
v 1.42499995 -0.64999998 1.69166660
v 1.42499995 -0.64999998 1.16666663
v 1.39374995 -0.64999998 1.65520827
v 1.45624995 -0.64999998 1.46562494
v 1.39374995 -0.64999998 1.39270829
v 1.33124995 -0.64999998 0.90416664
v 1.39374995 -0.64999998 0.90416664
v 1.33124995 -0.64999998 1.13020830
v 1.36249995 -0.64999998 1.13020830
v 1.51874995 -0.64999998 1.01354162
v 1.45624995 -0.64999998 0.94062497
v 1.51874995 -0.64999998 0.75104164
v 1.48749995 -0.64999998 1.23958328
v 1.48749995 -0.64999998 0.71458331
v 1.45624995 -0.64999998 1.20312496
v 1.33124995 -0.64999998 0.00000000
v 1.39374995 -0.64999998 0.00000000
v 1.33124995 -0.64999998 0.22604166
v 1.51874995 -0.64999998 0.00000000
v 1.45624995 -0.64999998 0.00000000
v 1.48749995 -0.64999998 0.22604166
v 1.33124995 -0.64999998 0.67812498
v 1.39374995 -0.64999998 0.22604166
v 1.33124995 -0.64999998 0.45208332
v 1.36249995 -0.64999998 0.67812498
v 1.36249995 -0.64999998 0.22604166
v 1.42499995 -0.64999998 0.67812498
v 1.42499995 -0.64999998 0.22604166
v 1.45624995 -0.64999998 0.45208332
v 1.39374995 -0.64999998 0.67812498
v 1.45624995 -0.64999998 0.22604166
v 1.39374995 -0.64999998 0.45208332
v -0.25000000 0.72500002 2.04900002
v -0.25000000 0.72500002 1.98829114
v -0.25000000 -0.05000000 2.00000000
v -0.25000000 1.92499995 1.06170881
v -0.25000000 1.92499995 2.04900002
v -0.25000000 3.29999995 3.04999995
v -0.25000000 0.72500002 1.00100005
v -0.25000000 0.40000051 0.50000000
v -0.25000000 3.29999995 0.00000000
v -0.25000000 3.00000095 0.23164479
v -0.25000000 3.00000095 0.30000001
v -0.25000000 0.80000013 0.43081021
v -0.25000000 0.65000051 0.50000000
v -0.25000000 0.40000051 0.30000001
v -0.25000000 -0.05000000 0.00000000
v -0.25000000 0.40000051 0.10000000
v -0.25000000 0.40000051 0.14294131
v -0.25000000 0.65000051 0.35478508
v -0.25000000 0.80000013 0.30000001
v -0.25000000 0.65000051 0.30000001
v -0.25000000 2.59999943 0.00000000
v -0.25000000 2.59999943 0.10000000
v -0.25000000 0.80000013 0.10000000
v -0.25000000 0.80000013 0.00000000
v -0.25000000 0.40000051 0.22807622
v -0.25000000 2.91147542 0.30000001
v -0.25000000 2.59999943 0.54050672
v -0.25000000 2.59999943 0.89999998
v -0.25000000 2.88791203 0.30000001
v -0.25000000 0.80000013 0.89999998
v -0.25000000 2.91111064 0.10000000
v -0.25000000 2.06373620 0.89999998
v -0.25000000 2.13442612 0.89999998
v -0.25000000 1.92499995 1.00100005
v -0.25000000 1.72572410 0.89999998
v -0.25000000 0.40000051 0.15882370
v -0.25000000 2.59999943 0.50960040
v -0.25000000 3.00000095 0.21839929
v -0.25000000 3.00000095 0.12857091
v -0.25000000 2.59999943 0.30000001
v -0.25000000 3.00000095 0.10000000
v -0.25000000 0.72500002 2.01864558
v -0.25000000 0.33750001 2.02450001
v -0.25000000 0.33750001 1.99414557
v -0.25000000 1.32499999 2.04900002
v -0.25000000 1.92499995 1.55535442
v -0.25000000 2.61249995 2.05585438
v -0.25000000 2.61249995 2.54949999
v -0.25000000 0.03750002 2.54949999
v -0.25000000 -0.34999999 2.52499998
v -0.25000000 0.63749999 2.54949999
v -0.25000000 1.32499999 3.04999995
v -0.25000000 0.72500002 1.49464560
v -0.25000000 0.33750001 1.50050002
v -0.25000000 0.17500026 1.25000000
v -0.25000000 0.56250027 0.75050002
v -0.25000000 -0.34999999 2.00000000
v -0.25000000 3.29999995 1.52499998
v -0.25000000 3.15000045 0.11582240
v -0.25000000 3.15000045 0.15000001
v -0.25000000 3.00000095 0.26582240
v -0.25000000 0.76250008 0.71590513
v -0.25000000 0.68750027 0.75050002
v -0.25000000 0.52500051 0.50000000
v -0.25000000 0.72500032 0.46540511
v -0.25000000 0.40000051 0.40000001
v -0.25000000 -0.05000000 1.00000000
v -0.25000000 0.17500026 0.25000000
v -0.25000000 0.17500026 0.15000001
v -0.25000000 0.17500026 0.05000000
v -0.25000000 0.17500026 0.07147066
v -0.25000000 0.40000051 0.12147066
v -0.25000000 0.72500032 0.39279765
v -0.25000000 0.65000051 0.42739254
v -0.25000000 0.80000013 0.36540511
v -0.25000000 0.72500032 0.32739255
v -0.25000000 0.65000051 0.32739255
v -0.25000000 0.72500032 0.30000001
v -0.25000000 2.94999969 0.00000000
v -0.25000000 2.94999969 0.05000000
v -0.25000000 2.59999943 0.05000000
v -0.25000000 0.37500007 0.05000000
v -0.25000000 0.60000032 0.10000000
v -0.25000000 0.37500007 0.00000000
v -0.25000000 0.80000013 0.05000000
v -0.25000000 0.40000051 0.26403812
v -0.25000000 0.17500026 0.11403811
v -0.25000000 2.95573819 0.30000001
v -0.25000000 2.75573742 0.42025337
v -0.25000000 2.26249969 0.98085439
v -0.25000000 2.94999969 1.97499996
v -0.25000000 2.94999969 0.44999999
v -0.25000000 2.80000019 0.59999999
v -0.25000000 2.75573742 0.59999999
v -0.25000000 2.59999943 0.72025335
v -0.25000000 2.89969373 0.30000001
v -0.25000000 2.74395573 0.42025337
v -0.25000000 0.76250008 0.95050001
v -0.25000000 0.80000013 0.66540509
v -0.25000000 3.10555530 0.05000000
v -0.25000000 2.75555503 0.10000000
v -0.25000000 1.99436808 0.98085439
v -0.25000000 2.02971303 0.98085439
v -0.25000000 2.36721277 0.89999998
v -0.25000000 2.09908116 0.89999998
v -0.25000000 1.92499995 1.03135443
v -0.25000000 1.32499999 1.00100005
v -0.25000000 1.99436808 0.95050001
v -0.25000000 1.22536206 0.95050001
v -0.25000000 1.26286212 0.89999998
v -0.25000000 1.89473015 0.89999998
v -0.25000000 1.82536203 0.95050001
v -0.25000000 0.17500026 0.07941185
v -0.25000000 0.40000051 0.15088250
v -0.25000000 0.40000051 0.19344996
v -0.25000000 2.59999943 0.52505356
v -0.25000000 2.74395573 0.40480021
v -0.25000000 3.15000045 0.10919964
v -0.25000000 3.00000095 0.22502204
v -0.25000000 3.15000045 0.06428546
v -0.25000000 3.00000095 0.17348510
v -0.25000000 2.74395573 0.30000001
v -0.25000000 2.59999943 0.40480021
v -0.25000000 3.15000045 0.05000000
v -0.25000000 2.95555580 0.10000000
v -0.25000000 3.00000095 0.11428546
v -0.25000000 0.72500002 2.03382280
v -0.25000000 0.72500002 2.00346836
v -0.25000000 0.53125002 2.03675002
v -0.25000000 0.14375001 2.01225001
v -0.25000000 0.53125002 2.02157280
v -0.25000000 0.53125002 1.99121836
v -0.25000000 0.14375001 1.99707279
v -0.25000000 0.53125002 2.00639558
v -0.25000000 0.33750001 2.00932279
v -0.25000000 1.02500001 2.04900002
v -0.25000000 1.62499997 2.04900002
v -0.25000000 1.92499995 1.30853161
v -0.25000000 1.92499995 1.80217722
v -0.25000000 2.26874995 1.55878159
v -0.25000000 2.95624995 2.55292717
v -0.25000000 2.26874995 1.80560440
v -0.25000000 2.26874995 2.29925001
v -0.25000000 2.95624995 2.79974997
v -0.25000000 2.26874995 2.05242720
v -0.25000000 2.61249995 2.30267718
v -0.25000000 0.38125002 2.29925001
v -0.25000000 -0.30624998 2.79974997
v -0.25000000 0.18750002 2.28700000
v -0.25000000 0.68125001 2.29925001
v -0.25000000 -0.19999999 2.26249999
v -0.25000000 -0.49999998 2.78749996
v -0.25000000 -0.00624999 2.27474999
v -0.25000000 -0.15624998 2.53724998
v -0.25000000 1.28124997 2.29925001
v -0.25000000 -0.00624999 2.79974997
v -0.25000000 0.98124999 2.29925001
v -0.25000000 1.62499997 2.54949999
v -0.25000000 0.33750001 2.54949999
v -0.25000000 2.31249997 3.04999995
v -0.25000000 0.33750001 3.04999995
v -0.25000000 1.96874997 2.79974997
v -0.25000000 0.98124999 2.79974997
v -0.25000000 0.72500002 1.74146837
v -0.25000000 0.72500002 1.24782282
v -0.25000000 0.53125002 1.74439558
v -0.25000000 0.14375001 1.75025001
v -0.25000000 0.53125002 1.25075004
v -0.25000000 0.33750001 1.74732280
v -0.25000000 0.53125002 1.49757281
v -0.25000000 0.06250013 1.62500000
v -0.25000000 0.28750038 0.87500000
v -0.25000000 0.25625013 1.37525001
v -0.25000000 0.64375015 0.87575004
v -0.25000000 0.48125039 0.62525001
v -0.25000000 0.45000014 1.12550002
v -0.25000000 0.36875026 1.00025001
v -0.25000000 -0.19999999 2.00000000
v -0.25000000 -0.49999998 2.00000000
v -0.25000000 -0.34999999 2.26249999
v -0.25000000 -0.49999998 2.52499998
v -0.25000000 -0.49999998 2.26249999
v -0.25000000 3.29999995 2.28749996
v -0.25000000 3.29999995 0.76249999
v -0.25000000 3.22500020 0.05791120
v -0.25000000 3.07500070 0.17373360
v -0.25000000 3.22500020 0.07500000
v -0.25000000 3.07500070 0.22500001
v -0.25000000 3.15000045 0.13291120
v -0.25000000 3.00000095 0.24873360
v -0.25000000 3.00000095 0.28291121
v -0.25000000 3.07500070 0.19082240
v -0.25000000 3.07500070 0.20791120
v -0.25000000 0.74375005 0.85845259
v -0.25000000 0.78125010 0.57335767
v -0.25000000 0.70625015 0.87575004
v -0.25000000 0.66875039 0.62525001
v -0.25000000 0.62500027 0.75050002
v -0.25000000 0.72500017 0.73320258
v -0.25000000 0.46250051 0.50000000
v -0.25000000 0.58750051 0.50000000
v -0.25000000 0.54375039 0.62525001
v -0.25000000 0.60625039 0.62525001
v -0.25000000 0.76250023 0.44810766
v -0.25000000 0.68750042 0.48270255
v -0.25000000 0.74375020 0.59065512
v -0.25000000 0.70625030 0.60795256
v -0.25000000 0.40000051 0.45000000
v -0.25000000 0.40000051 0.35000001
v -0.25000000 -0.05000000 1.50000000
v -0.25000000 -0.05000000 0.50000000
v -0.25000000 0.06250013 1.12500000
v -0.25000000 0.28750038 0.37500000
v -0.25000000 0.06250013 0.12500000
v -0.25000000 0.17500026 0.75000000
v -0.25000000 0.28750038 0.32500000
v -0.25000000 0.06250013 0.62500000
v -0.25000000 0.28750038 0.22500001
v -0.25000000 0.06250013 0.07500000
v -0.25000000 0.28750038 0.27500001
v -0.25000000 0.17500026 0.20000000
v -0.25000000 0.06250013 0.02500000
v -0.25000000 0.28750038 0.07500000
v -0.25000000 0.06250013 0.03573533
v -0.25000000 0.28750038 0.10720598
v -0.25000000 0.17500026 0.06073533
v -0.25000000 0.40000051 0.11073533
v -0.25000000 0.40000051 0.13220598
v -0.25000000 0.28750038 0.08573533
v -0.25000000 0.28750038 0.09647066
v -0.25000000 0.76250023 0.41180393
v -0.25000000 0.68750042 0.37379137
v -0.25000000 0.72500032 0.42910138
v -0.25000000 0.65000051 0.46369627
v -0.25000000 0.65000051 0.39108881
v -0.25000000 0.68750042 0.44639882
v -0.25000000 0.68750042 0.41009510
v -0.25000000 0.80000013 0.39810766
v -0.25000000 0.80000013 0.33270256
v -0.25000000 0.76250023 0.37910138
v -0.25000000 0.68750042 0.34108882
v -0.25000000 0.76250023 0.31369628
v -0.25000000 0.72500032 0.36009510
v -0.25000000 0.76250023 0.34639883
v -0.25000000 0.65000051 0.34108882
v -0.25000000 0.65000051 0.31369628
v -0.25000000 0.68750042 0.32739255
v -0.25000000 0.76250023 0.30000001
v -0.25000000 0.68750042 0.30000001
v -0.25000000 0.72500032 0.31369628
v -0.25000000 0.68750042 0.31369628
v -0.25000000 3.12499982 0.00000000
v -0.25000000 2.77499956 0.00000000
v -0.25000000 3.12499982 0.02500000
v -0.25000000 2.77499956 0.07500000
v -0.25000000 2.94999969 0.02500000
v -0.25000000 2.59999943 0.02500000
v -0.25000000 2.59999943 0.07500000
v -0.25000000 2.77499956 0.02500000
v -0.25000000 2.77499956 0.05000000
v -0.25000000 0.16250003 0.02500000
v -0.25000000 0.58750010 0.07500000
v -0.25000000 0.27500016 0.05000000
v -0.25000000 0.50000042 0.10000000
v -0.25000000 0.70000023 0.10000000
v -0.25000000 0.38750029 0.07500000
v -0.25000000 0.48750019 0.07500000
v -0.25000000 0.16250003 0.00000000
v -0.25000000 0.58750010 0.00000000
v -0.25000000 0.37500007 0.02500000
v -0.25000000 0.80000013 0.07500000
v -0.25000000 0.80000013 0.02500000
v -0.25000000 0.58750010 0.05000000
v -0.25000000 0.58750010 0.02500000
v -0.25000000 0.40000051 0.28201906
v -0.25000000 0.40000051 0.24605717
v -0.25000000 0.28750038 0.20701906
v -0.25000000 0.06250013 0.05701905
v -0.25000000 0.28750038 0.17105716
v -0.25000000 0.17500026 0.13201906
v -0.25000000 0.28750038 0.18903811
v -0.25000000 2.97786957 0.30000001
v -0.25000000 2.93360680 0.30000001
v -0.25000000 2.83360642 0.36012669
v -0.25000000 2.67786843 0.48038004
v -0.25000000 2.09374982 1.02128160
v -0.25000000 2.43124956 0.94042718
v -0.25000000 2.43749982 1.51835439
v -0.25000000 3.12499982 2.51249996
v -0.25000000 2.77499956 1.43749997
v -0.25000000 2.78124982 2.01542717
v -0.25000000 3.12499982 1.74999997
v -0.25000000 2.60624969 1.47792718
v -0.25000000 3.12499982 0.22499999
v -0.25000000 2.77499956 0.67499998
v -0.25000000 3.12499982 0.98749998
v -0.25000000 3.05000007 0.30000000
v -0.25000000 2.94999969 1.21249998
v -0.25000000 2.90000057 0.45000000
v -0.25000000 2.69999981 0.74999999
v -0.25000000 2.97500032 0.37500000
v -0.25000000 2.87786919 0.45000000
v -0.25000000 2.87499994 0.52499999
v -0.25000000 2.83360642 0.45000000
v -0.25000000 2.67786843 0.74999999
v -0.25000000 2.85573781 0.45000000
v -0.25000000 2.75573742 0.51012668
v -0.25000000 2.77786881 0.59999999
v -0.25000000 2.59999943 0.63038003
v -0.25000000 2.59999943 0.81012666
v -0.25000000 2.67786843 0.57025336
v -0.25000000 2.67786843 0.66012667
v -0.25000000 2.90558457 0.30000001
v -0.25000000 2.89380288 0.30000001
v -0.25000000 2.82771558 0.36012669
v -0.25000000 2.67197758 0.48038004
v -0.25000000 2.81593388 0.36012669
v -0.25000000 2.74984658 0.42025337
v -0.25000000 2.82182473 0.36012669
v -0.25000000 0.74375005 0.97575003
v -0.25000000 0.78125010 0.92524999
v -0.25000000 0.76250008 0.83320257
v -0.25000000 0.80000013 0.54810765
v -0.25000000 0.80000013 0.78270254
v -0.25000000 0.78125010 0.69065511
v -0.25000000 0.78125010 0.80795255
v -0.25000000 3.20277762 0.02500000
v -0.25000000 3.00833297 0.07500000
v -0.25000000 3.02777749 0.05000000
v -0.25000000 2.67777723 0.10000000
v -0.25000000 2.83333284 0.10000000
v -0.25000000 2.85277736 0.07500000
v -0.25000000 2.93055516 0.07500000
v -0.25000000 1.95968401 1.02128160
v -0.25000000 2.02905214 0.94042718
v -0.25000000 1.97735649 1.02128160
v -0.25000000 2.08206958 0.94042718
v -0.25000000 2.14610636 0.98085439
v -0.25000000 2.01204056 0.98085439
v -0.25000000 2.48360610 0.89999998
v -0.25000000 2.25081944 0.89999998
v -0.25000000 2.31485623 0.94042718
v -0.25000000 2.19846290 0.94042718
v -0.25000000 2.08140868 0.89999998
v -0.25000000 2.11675364 0.89999998
v -0.25000000 2.04672462 0.94042718
v -0.25000000 2.06439710 0.94042718
v -0.25000000 1.92499995 1.04653162
v -0.25000000 1.92499995 1.01617724
v -0.25000000 1.95968401 1.00610441
v -0.25000000 1.02500001 1.00100005
v -0.25000000 1.62499997 1.00100005
v -0.25000000 2.02905214 0.92524999
v -0.25000000 1.95968401 0.97575003
v -0.25000000 1.99436808 0.96567720
v -0.25000000 1.95968401 0.99092722
v -0.25000000 0.97518104 0.97575003
v -0.25000000 1.47554308 0.92524999
v -0.25000000 0.99393107 0.95050001
v -0.25000000 1.27518103 0.97575003
v -0.25000000 1.03143112 0.89999998
v -0.25000000 1.49429311 0.89999998
v -0.25000000 1.01268110 0.92524999
v -0.25000000 1.24411209 0.92524999
v -0.25000000 1.97923318 0.89999998
v -0.25000000 1.81022713 0.89999998
v -0.25000000 1.94454911 0.92524999
v -0.25000000 1.87518099 0.97575003
v -0.25000000 1.77554306 0.92524999
v -0.25000000 1.57518101 0.97575003
v -0.25000000 1.90986505 0.95050001
v -0.25000000 1.52536204 0.95050001
v -0.25000000 1.86004609 0.92524999
v -0.25000000 0.06250013 0.03970592
v -0.25000000 0.28750038 0.11911777
v -0.25000000 0.17500026 0.07544125
v -0.25000000 0.17500026 0.09672498
v -0.25000000 0.40000051 0.14691191
v -0.25000000 0.40000051 0.15485310
v -0.25000000 0.28750038 0.11117658
v -0.25000000 0.28750038 0.11514718
v -0.25000000 0.40000051 0.21076309
v -0.25000000 0.40000051 0.17613683
v -0.25000000 0.28750038 0.15374403
v -0.25000000 0.28750038 0.13643090
v -0.25000000 2.59999943 0.53278014
v -0.25000000 2.59999943 0.51732698
v -0.25000000 2.67197758 0.47265346
v -0.25000000 2.81593388 0.35240011
v -0.25000000 2.67197758 0.45720030
v -0.25000000 2.74395573 0.41252679
v -0.25000000 2.67197758 0.46492688
v -0.25000000 3.22500020 0.05459982
v -0.25000000 3.07500070 0.16379946
v -0.25000000 3.15000045 0.11251102
v -0.25000000 3.00000095 0.22833342
v -0.25000000 3.00000095 0.22171066
v -0.25000000 3.07500070 0.17042222
v -0.25000000 3.07500070 0.16711084
v -0.25000000 3.22500020 0.03214273
v -0.25000000 3.07500070 0.09642819
v -0.25000000 3.15000045 0.08674255
v -0.25000000 3.00000095 0.19594219
v -0.25000000 3.00000095 0.15102801
v -0.25000000 3.07500070 0.14134237
v -0.25000000 3.07500070 0.11888528
v -0.25000000 2.81593388 0.30000001
v -0.25000000 2.67197758 0.30000001
v -0.25000000 2.74395573 0.35240011
v -0.25000000 2.59999943 0.45720030
v -0.25000000 2.59999943 0.35240011
v -0.25000000 2.67197758 0.40480021
v -0.25000000 2.67197758 0.35240011
v -0.25000000 3.22500020 0.02500000
v -0.25000000 3.07500070 0.07500000
v -0.25000000 3.12777787 0.05000000
v -0.25000000 3.15000045 0.05714273
v -0.25000000 2.93333322 0.10000000
v -0.25000000 2.97777838 0.10000000
v -0.25000000 3.03055555 0.07500000
v -0.25000000 3.05277812 0.07500000
v -0.25000000 3.00000095 0.12142819
v -0.25000000 3.00000095 0.10714273
v -0.25000000 3.07500070 0.08928546
v -0.25000000 3.07500070 0.08214273
v -0.25000000 0.72500002 2.04141141
v -0.25000000 0.72500002 2.02623419
v -0.25000000 0.72500002 1.99587975
v -0.25000000 0.72500002 2.01105697
v -0.25000000 0.62812502 2.04287502
v -0.25000000 0.43437501 2.03062502
v -0.25000000 0.62812502 2.03528641
v -0.25000000 0.04687500 2.00612500
v -0.25000000 0.24062501 2.01837501
v -0.25000000 0.62812502 2.02010919
v -0.25000000 0.43437501 2.02303641
v -0.25000000 0.62812502 2.02769780
v -0.25000000 0.53125002 2.02916141
v -0.25000000 0.62812502 1.98975475
v -0.25000000 0.43437501 1.99268197
v -0.25000000 0.62812502 1.99734336
v -0.25000000 0.04687500 1.99853639
v -0.25000000 0.24062501 1.99560918
v -0.25000000 0.14375001 2.00466140
v -0.25000000 0.62812502 2.01252058
v -0.25000000 0.43437501 2.00027058
v -0.25000000 0.62812502 2.00493197
v -0.25000000 0.53125002 2.01398419
v -0.25000000 0.53125002 1.99880697
v -0.25000000 0.33750001 2.01691140
v -0.25000000 0.33750001 2.00173418
v -0.25000000 0.24062501 2.01078640
v -0.25000000 0.43437501 2.01544780
v -0.25000000 0.24062501 2.00319779
v -0.25000000 0.43437501 2.00785919
v -0.25000000 0.87500001 2.04900002
v -0.25000000 1.17500000 2.04900002
v -0.25000000 1.77499996 2.04900002
v -0.25000000 1.47499998 2.04900002
v -0.25000000 1.92499995 1.18512021
v -0.25000000 1.92499995 1.43194301
v -0.25000000 1.92499995 1.92558862
v -0.25000000 1.92499995 1.67876582
v -0.25000000 2.09687495 1.31024520
v -0.25000000 2.44062495 1.80731799
v -0.25000000 2.09687495 1.43365660
v -0.25000000 3.12812495 2.80146356
v -0.25000000 2.78437495 2.30439077
v -0.25000000 2.09687495 1.68047941
v -0.25000000 2.44062495 1.93072939
v -0.25000000 2.09687495 1.55706801
v -0.25000000 2.26874995 1.68219300
v -0.25000000 2.09687495 2.17412502
v -0.25000000 2.44062495 2.42437500
v -0.25000000 2.09687495 2.05071361
v -0.25000000 3.12812495 2.92487496
v -0.25000000 2.78437495 2.67462498
v -0.25000000 2.95624995 2.67633857
v -0.25000000 2.09687495 1.80389081
v -0.25000000 2.44062495 2.30096360
v -0.25000000 2.09687495 1.92730221
v -0.25000000 2.26874995 1.92901580
v -0.25000000 2.26874995 2.17583860
v -0.25000000 2.61249995 2.17926578
v -0.25000000 2.61249995 2.42608859
v -0.25000000 2.78437495 2.42780218
v -0.25000000 2.44062495 2.05414079
v -0.25000000 2.78437495 2.55121358
v -0.25000000 2.44062495 2.17755219
v -0.25000000 0.55312502 2.17412502
v -0.25000000 0.20937502 2.42437500
v -0.25000000 0.45625002 2.16800001
v -0.25000000 0.70312501 2.17412502
v -0.25000000 -0.47812498 2.92487496
v -0.25000000 -0.13437498 2.67462498
v -0.25000000 0.26250001 2.15575001
v -0.25000000 0.11250002 2.41824999
v -0.25000000 0.35937502 2.16187501
v -0.25000000 0.28437502 2.29312500
v -0.25000000 1.00312500 2.17412502
v -0.25000000 0.35937501 2.42437500
v -0.25000000 0.85312501 2.17412502
v -0.25000000 0.53125001 2.29925001
v -0.25000000 -0.12500000 2.13124999
v -0.25000000 -0.27499999 2.39374998
v -0.25000000 -0.02812499 2.13737500
v -0.25000000 -0.57499998 2.91874996
v -0.25000000 -0.42499999 2.65624997
v -0.25000000 -0.40312498 2.79362497
v -0.25000000 0.16562501 2.14962500
v -0.25000000 -0.17812499 2.39987499
v -0.25000000 0.06875001 2.14350000
v -0.25000000 0.09062501 2.28087500
v -0.25000000 -0.10312499 2.26862499
v -0.25000000 -0.05937498 2.54337499
v -0.25000000 -0.25312499 2.53112498
v -0.25000000 -0.23124998 2.66849998
v -0.25000000 0.01562502 2.41212499
v -0.25000000 -0.32812498 2.66237497
v -0.25000000 -0.08124999 2.40599999
v -0.25000000 1.60312496 2.17412502
v -0.25000000 0.95937498 2.42437500
v -0.25000000 1.45312497 2.17412502
v -0.25000000 1.77499996 2.29925001
v -0.25000000 -0.32812499 2.92487496
v -0.25000000 0.31562500 2.67462498
v -0.25000000 -0.15624999 2.79974997
v -0.25000000 1.15312499 2.17412502
v -0.25000000 0.80937499 2.42437500
v -0.25000000 1.30312498 2.17412502
v -0.25000000 0.83125000 2.29925001
v -0.25000000 1.13124998 2.29925001
v -0.25000000 2.11874996 2.54949999
v -0.25000000 1.13124998 2.54949999
v -0.25000000 1.94687496 2.42437500
v -0.25000000 1.45312497 2.42437500
v -0.25000000 0.18750001 2.54949999
v -0.25000000 0.48750000 2.54949999
v -0.25000000 0.01562501 2.67462498
v -0.25000000 0.50937501 2.42437500
v -0.25000000 0.16562501 2.67462498
v -0.25000000 0.65937500 2.42437500
v -0.25000000 2.80624996 3.04999995
v -0.25000000 1.81874998 3.04999995
v -0.25000000 2.63437496 2.92487496
v -0.25000000 -0.15624999 3.04999995
v -0.25000000 0.83125000 3.04999995
v -0.25000000 0.16562501 2.92487496
v -0.25000000 2.29062496 2.67462498
v -0.25000000 1.64687498 2.92487496
v -0.25000000 2.46249996 2.79974997
v -0.25000000 1.79687497 2.67462498
v -0.25000000 2.14062497 2.92487496
v -0.25000000 0.80937499 2.67462498
v -0.25000000 1.15312499 2.92487496
v -0.25000000 0.48750000 2.79974997
v -0.25000000 1.30312498 2.67462498
v -0.25000000 0.65937500 2.92487496
v -0.25000000 1.47499998 2.79974997
v -0.25000000 0.72500002 1.86487976
v -0.25000000 0.72500002 1.61805698
v -0.25000000 0.62812502 1.86634336
v -0.25000000 0.72500002 1.12441143
v -0.25000000 0.72500002 1.37123421
v -0.25000000 0.43437501 1.86927058
v -0.25000000 0.62812502 1.61952059
v -0.25000000 0.53125002 1.86780697
v -0.25000000 0.62812502 1.74293198
v -0.25000000 0.04687500 1.87512501
v -0.25000000 0.24062501 1.62537502
v -0.25000000 0.14375001 1.87366140
v -0.25000000 0.62812502 1.12587504
v -0.25000000 0.43437501 1.37562503
v -0.25000000 0.62812502 1.24928643
v -0.25000000 0.33750001 1.87073418
v -0.25000000 0.33750001 1.62391141
v -0.25000000 0.24062501 1.87219779
v -0.25000000 0.43437501 1.74585919
v -0.25000000 0.24062501 1.74878640
v -0.25000000 0.62812502 1.49610920
v -0.25000000 0.43437501 1.49903642
v -0.25000000 0.62812502 1.37269782
v -0.25000000 0.53125002 1.62098420
v -0.25000000 0.53125002 1.37416142
v -0.25000000 0.43437501 1.62244780
v -0.25000000 0.00625006 1.81250000
v -0.25000000 0.11875019 1.43750000
v -0.25000000 0.10312507 1.68762501
v -0.25000000 0.34375045 0.68750000
v -0.25000000 0.23125032 1.06250000
v -0.25000000 0.29687507 1.43787502
v -0.25000000 0.21562519 1.31262501
v -0.25000000 0.20000007 1.56275001
v -0.25000000 0.15937513 1.50012501
v -0.25000000 0.68437508 0.93837504
v -0.25000000 0.60312521 0.81312503
v -0.25000000 0.58750008 1.06325004
v -0.25000000 0.44062545 0.56262501
v -0.25000000 0.52187533 0.68787502
v -0.25000000 0.38437539 0.75012501
v -0.25000000 0.39375008 1.31300002
v -0.25000000 0.50625020 0.93800002
v -0.25000000 0.49062508 1.18812503
v -0.25000000 0.35312514 1.25037502
v -0.25000000 0.54687514 1.00062503
v -0.25000000 0.27187526 1.12512501
v -0.25000000 0.46562527 0.87537502
v -0.25000000 0.32812532 0.93762501
v -0.25000000 0.31250020 1.18775001
v -0.25000000 0.42500033 0.81275001
v -0.25000000 0.40937520 1.06287502
v -0.25000000 -0.12500000 2.00000000
v -0.25000000 -0.27499999 2.00000000
v -0.25000000 -0.19999999 2.13124999
v -0.25000000 -0.57499998 2.00000000
v -0.25000000 -0.42499999 2.00000000
v -0.25000000 -0.34999999 2.39374998
v -0.25000000 -0.34999999 2.13124999
v -0.25000000 -0.27499999 2.26249999
v -0.25000000 -0.27499999 2.13124999
v -0.25000000 -0.57499998 2.78749996
v -0.25000000 -0.57499998 2.13124999
v -0.25000000 -0.42499999 2.52499998
v -0.25000000 -0.57499998 2.52499998
v -0.25000000 -0.49999998 2.65624997
v -0.25000000 -0.42499999 2.39374998
v -0.25000000 -0.57499998 2.65624997
v -0.25000000 -0.42499999 2.13124999
v -0.25000000 -0.57499998 2.39374998
v -0.25000000 -0.49999998 2.13124999
v -0.25000000 -0.42499999 2.26249999
v -0.25000000 -0.57499998 2.26249999
v -0.25000000 -0.49999998 2.39374998
v -0.25000000 3.29999995 2.66874996
v -0.25000000 3.29999995 1.90624997
v -0.25000000 3.29999995 0.38124999
v -0.25000000 3.29999995 1.14374998
v -0.25000000 3.26250008 0.02895560
v -0.25000000 3.18750033 0.08686680
v -0.25000000 3.03750083 0.20268920
v -0.25000000 3.11250058 0.14477800
v -0.25000000 3.26250008 0.03750000
v -0.25000000 3.18750033 0.11250000
v -0.25000000 3.22500020 0.06645560
v -0.25000000 3.03750083 0.26250001
v -0.25000000 3.11250058 0.18750001
v -0.25000000 3.15000045 0.12436680
v -0.25000000 3.15000045 0.14145560
v -0.25000000 3.18750033 0.09541120
v -0.25000000 3.18750033 0.10395560
v -0.25000000 3.00000095 0.24018920
v -0.25000000 3.00000095 0.25727800
v -0.25000000 3.03750083 0.21123360
v -0.25000000 3.00000095 0.29145561
v -0.25000000 3.00000095 0.27436681
v -0.25000000 3.03750083 0.25395561
v -0.25000000 3.11250058 0.15332240
v -0.25000000 3.03750083 0.22832240
v -0.25000000 3.07500070 0.18227800
v -0.25000000 3.11250058 0.16186680
v -0.25000000 3.03750083 0.21977800
v -0.25000000 3.11250058 0.17895561
v -0.25000000 3.03750083 0.23686680
v -0.25000000 3.07500070 0.21645561
v -0.25000000 3.11250058 0.17041120
v -0.25000000 3.03750083 0.24541121
v -0.25000000 3.07500070 0.19936680
v -0.25000000 0.73437504 0.92972632
v -0.25000000 0.75312506 0.78717886
v -0.25000000 0.79062512 0.50208394
v -0.25000000 0.77187509 0.64463140
v -0.25000000 0.71562508 0.93837504
v -0.25000000 0.69687521 0.81312503
v -0.25000000 0.67500015 0.87575004
v -0.25000000 0.72500010 0.86710131
v -0.25000000 0.65937545 0.56262501
v -0.25000000 0.67812533 0.68787502
v -0.25000000 0.59375027 0.75050002
v -0.25000000 0.65625027 0.75050002
v -0.25000000 0.63437521 0.81312503
v -0.25000000 0.66562521 0.81312503
v -0.25000000 0.74375013 0.72455385
v -0.25000000 0.70625022 0.74185130
v -0.25000000 0.73437511 0.79582758
v -0.25000000 0.71562516 0.80447631
v -0.25000000 0.43125051 0.50000000
v -0.25000000 0.49375051 0.50000000
v -0.25000000 0.47187545 0.56262501
v -0.25000000 0.61875051 0.50000000
v -0.25000000 0.55625051 0.50000000
v -0.25000000 0.62812545 0.56262501
v -0.25000000 0.55312533 0.68787502
v -0.25000000 0.53437545 0.56262501
v -0.25000000 0.51250039 0.62525001
v -0.25000000 0.58437533 0.68787502
v -0.25000000 0.50312545 0.56262501
v -0.25000000 0.64687533 0.68787502
v -0.25000000 0.56562545 0.56262501
v -0.25000000 0.63750039 0.62525001
v -0.25000000 0.61562533 0.68787502
v -0.25000000 0.59687545 0.56262501
v -0.25000000 0.57500039 0.62525001
v -0.25000000 0.78125018 0.43945894
v -0.25000000 0.74375027 0.45675638
v -0.25000000 0.77187517 0.51073267
v -0.25000000 0.66875046 0.49135128
v -0.25000000 0.70625037 0.47405383
v -0.25000000 0.67812540 0.55397628
v -0.25000000 0.75312514 0.65328012
v -0.25000000 0.73437526 0.52803011
v -0.25000000 0.76250015 0.58200639
v -0.25000000 0.73437519 0.66192885
v -0.25000000 0.75312521 0.51938139
v -0.25000000 0.69687528 0.67922629
v -0.25000000 0.71562531 0.53667884
v -0.25000000 0.68750034 0.61660129
v -0.25000000 0.71562523 0.67057757
v -0.25000000 0.69687536 0.54532756
v -0.25000000 0.72500025 0.59930384
v -0.25000000 0.40000051 0.47500000
v -0.25000000 0.40000051 0.42500000
v -0.25000000 0.40000051 0.32500001
v -0.25000000 0.40000051 0.37500001
v -0.25000000 -0.05000000 1.75000000
v -0.25000000 -0.05000000 1.25000000
v -0.25000000 0.00625006 1.56250000
v -0.25000000 -0.05000000 0.25000000
v -0.25000000 -0.05000000 0.75000000
v -0.25000000 0.11875019 1.18750000
v -0.25000000 0.00625006 1.06250000
v -0.25000000 0.06250013 1.37500000
v -0.25000000 0.00625006 1.31250000
v -0.25000000 0.34375045 0.43750000
v -0.25000000 0.23125032 0.31250000
v -0.25000000 0.28750038 0.62500000
v -0.25000000 0.34375045 0.41250000
v -0.25000000 0.00625006 0.06250000
v -0.25000000 0.11875019 0.18750000
v -0.25000000 0.00625006 0.31250000
v -0.25000000 0.17500026 1.00000000
v -0.25000000 0.17500026 0.50000000
v -0.25000000 0.23125032 0.81250000
v -0.25000000 0.11875019 0.93750000
v -0.25000000 0.23125032 0.56250000
v -0.25000000 0.34375045 0.36250000
v -0.25000000 0.23125032 0.28750000
v -0.25000000 0.34375045 0.38750000
v -0.25000000 0.28750038 0.35000000
v -0.25000000 0.00625006 0.81250000
v -0.25000000 0.11875019 0.43750000
v -0.25000000 0.00625006 0.56250000
v -0.25000000 0.06250013 0.87500000
v -0.25000000 0.06250013 0.37500000
v -0.25000000 0.11875019 0.68750000
v -0.25000000 0.34375045 0.26250001
v -0.25000000 0.23125032 0.18750001
v -0.25000000 0.34375045 0.28750001
v -0.25000000 0.00625006 0.03750000
v -0.25000000 0.11875019 0.11250000
v -0.25000000 0.06250013 0.10000000
v -0.25000000 0.34375045 0.33750001
v -0.25000000 0.23125032 0.21250001
v -0.25000000 0.34375045 0.31250001
v -0.25000000 0.28750038 0.30000000
v -0.25000000 0.28750038 0.25000001
v -0.25000000 0.17500026 0.22500000
v -0.25000000 0.17500026 0.17500000
v -0.25000000 0.11875019 0.16250000
v -0.25000000 0.23125032 0.26250000
v -0.25000000 0.11875019 0.13750000
v -0.25000000 0.23125032 0.23750000
v -0.25000000 0.00625006 0.01250000
v -0.25000000 0.11875019 0.03750000
v -0.25000000 0.34375045 0.08750000
v -0.25000000 0.23125032 0.06250000
v -0.25000000 0.00625006 0.01786766
v -0.25000000 0.11875019 0.05360299
v -0.25000000 0.06250013 0.03036766
v -0.25000000 0.34375045 0.12507365
v -0.25000000 0.23125032 0.08933832
v -0.25000000 0.17500026 0.05536766
v -0.25000000 0.17500026 0.06610299
v -0.25000000 0.11875019 0.04286766
v -0.25000000 0.11875019 0.04823533
v -0.25000000 0.40000051 0.10536767
v -0.25000000 0.40000051 0.11610299
v -0.25000000 0.34375045 0.09286766
v -0.25000000 0.40000051 0.13757365
v -0.25000000 0.40000051 0.12683832
v -0.25000000 0.34375045 0.11970598
v -0.25000000 0.23125032 0.06786766
v -0.25000000 0.34375045 0.10360299
v -0.25000000 0.28750038 0.08036766
v -0.25000000 0.23125032 0.07323533
v -0.25000000 0.34375045 0.09823533
v -0.25000000 0.23125032 0.08397066
v -0.25000000 0.34375045 0.10897066
v -0.25000000 0.28750038 0.10183832
v -0.25000000 0.23125032 0.07860299
v -0.25000000 0.34375045 0.11433832
v -0.25000000 0.28750038 0.09110299
v -0.25000000 0.78125018 0.42130707
v -0.25000000 0.74375027 0.40230079
v -0.25000000 0.76250023 0.42995580
v -0.25000000 0.66875046 0.36428823
v -0.25000000 0.70625037 0.38329451
v -0.25000000 0.72500032 0.44725324
v -0.25000000 0.72500032 0.41094951
v -0.25000000 0.74375027 0.43860452
v -0.25000000 0.74375027 0.42045265
v -0.25000000 0.65000051 0.48184814
v -0.25000000 0.65000051 0.44554441
v -0.25000000 0.66875046 0.47319941
v -0.25000000 0.65000051 0.37293695
v -0.25000000 0.65000051 0.40924068
v -0.25000000 0.66875046 0.38244009
v -0.25000000 0.70625037 0.45590197
v -0.25000000 0.66875046 0.43689568
v -0.25000000 0.68750042 0.46455069
v -0.25000000 0.70625037 0.43775010
v -0.25000000 0.66875046 0.45504755
v -0.25000000 0.70625037 0.40144637
v -0.25000000 0.66875046 0.41874382
v -0.25000000 0.68750042 0.39194323
v -0.25000000 0.70625037 0.41959824
v -0.25000000 0.66875046 0.40059195
v -0.25000000 0.68750042 0.42824696
v -0.25000000 0.80000013 0.41445894
v -0.25000000 0.80000013 0.38175639
v -0.25000000 0.78125018 0.40495580
v -0.25000000 0.80000013 0.31635129
v -0.25000000 0.80000013 0.34905384
v -0.25000000 0.74375027 0.38594951
v -0.25000000 0.78125018 0.37225325
v -0.25000000 0.76250023 0.39545266
v -0.25000000 0.78125018 0.38860452
v -0.25000000 0.66875046 0.34793695
v -0.25000000 0.70625037 0.33424068
v -0.25000000 0.68750042 0.35744009
v -0.25000000 0.78125018 0.30684815
v -0.25000000 0.74375027 0.32054441
v -0.25000000 0.78125018 0.32319942
v -0.25000000 0.72500032 0.37644637
v -0.25000000 0.72500032 0.34374382
v -0.25000000 0.70625037 0.36694323
v -0.25000000 0.74375027 0.36959824
v -0.25000000 0.70625037 0.35059196
v -0.25000000 0.78125018 0.35590197
v -0.25000000 0.74375027 0.33689569
v -0.25000000 0.78125018 0.33955070
v -0.25000000 0.76250023 0.36275011
v -0.25000000 0.76250023 0.33004756
v -0.25000000 0.74375027 0.35324696
v -0.25000000 0.65000051 0.34793695
v -0.25000000 0.65000051 0.33424068
v -0.25000000 0.66875046 0.34108882
v -0.25000000 0.65000051 0.30684815
v -0.25000000 0.65000051 0.32054441
v -0.25000000 0.70625037 0.32739255
v -0.25000000 0.66875046 0.32739255
v -0.25000000 0.68750042 0.33424068
v -0.25000000 0.66875046 0.33424068
v -0.25000000 0.78125018 0.30000001
v -0.25000000 0.74375027 0.30000001
v -0.25000000 0.76250023 0.30684815
v -0.25000000 0.66875046 0.30000001
v -0.25000000 0.70625037 0.30000001
v -0.25000000 0.66875046 0.30684815
v -0.25000000 0.72500032 0.32054441
v -0.25000000 0.72500032 0.30684815
v -0.25000000 0.74375027 0.31369628
v -0.25000000 0.70625037 0.32054441
v -0.25000000 0.74375027 0.30684815
v -0.25000000 0.66875046 0.32054441
v -0.25000000 0.70625037 0.30684815
v -0.25000000 0.66875046 0.31369628
v -0.25000000 0.68750042 0.32054441
v -0.25000000 0.68750042 0.30684815
v -0.25000000 0.70625037 0.31369628
v -0.25000000 3.21249989 0.00000000
v -0.25000000 3.03749976 0.00000000
v -0.25000000 2.68749949 0.00000000
v -0.25000000 2.86249962 0.00000000
v -0.25000000 3.21249989 0.01250000
v -0.25000000 3.03749976 0.03750000
v -0.25000000 3.12499982 0.01250000
v -0.25000000 2.68749949 0.08750000
v -0.25000000 2.86249962 0.06250000
v -0.25000000 2.94999969 0.01250000
v -0.25000000 2.94999969 0.03750000
v -0.25000000 3.03749976 0.01250000
v -0.25000000 3.03749976 0.02500000
v -0.25000000 2.59999943 0.01250000
v -0.25000000 2.59999943 0.03750000
v -0.25000000 2.68749949 0.01250000
v -0.25000000 2.59999943 0.08750000
v -0.25000000 2.59999943 0.06250000
v -0.25000000 2.68749949 0.07500000
v -0.25000000 2.86249962 0.01250000
v -0.25000000 2.68749949 0.03750000
v -0.25000000 2.77499956 0.01250000
v -0.25000000 2.86249962 0.02500000
v -0.25000000 2.68749949 0.02500000
v -0.25000000 2.86249962 0.05000000
v -0.25000000 2.68749949 0.05000000
v -0.25000000 2.77499956 0.06250000
v -0.25000000 2.86249962 0.03750000
v -0.25000000 2.68749949 0.06250000
v -0.25000000 2.77499956 0.03750000
v -0.25000000 0.05625002 0.01250000
v -0.25000000 0.26875005 0.03750000
v -0.25000000 0.11250008 0.02500000
v -0.25000000 0.69375011 0.08750000
v -0.25000000 0.48125008 0.06250000
v -0.25000000 0.22500021 0.05000000
v -0.25000000 0.32500011 0.05000000
v -0.25000000 0.16875014 0.03750000
v -0.25000000 0.21875010 0.03750000
v -0.25000000 0.45000046 0.10000000
v -0.25000000 0.55000037 0.10000000
v -0.25000000 0.39375040 0.08750000
v -0.25000000 0.75000018 0.10000000
v -0.25000000 0.65000027 0.10000000
v -0.25000000 0.64375016 0.08750000
v -0.25000000 0.28125027 0.06250000
v -0.25000000 0.49375031 0.08750000
v -0.25000000 0.33750034 0.07500000
v -0.25000000 0.33125022 0.06250000
v -0.25000000 0.44375035 0.08750000
v -0.25000000 0.43125013 0.06250000
v -0.25000000 0.54375026 0.08750000
v -0.25000000 0.53750015 0.07500000
v -0.25000000 0.38125018 0.06250000
v -0.25000000 0.59375021 0.08750000
v -0.25000000 0.43750024 0.07500000
v -0.25000000 0.05625002 0.00000000
v -0.25000000 0.26875005 0.00000000
v -0.25000000 0.16250003 0.01250000
v -0.25000000 0.69375011 0.00000000
v -0.25000000 0.48125008 0.00000000
v -0.25000000 0.37500007 0.03750000
v -0.25000000 0.37500007 0.01250000
v -0.25000000 0.26875005 0.02500000
v -0.25000000 0.26875005 0.01250000
v -0.25000000 0.80000013 0.08750000
v -0.25000000 0.80000013 0.06250000
v -0.25000000 0.69375011 0.07500000
v -0.25000000 0.80000013 0.01250000
v -0.25000000 0.80000013 0.03750000
v -0.25000000 0.69375011 0.01250000
v -0.25000000 0.48125008 0.05000000
v -0.25000000 0.69375011 0.05000000
v -0.25000000 0.58750010 0.06250000
v -0.25000000 0.48125008 0.03750000
v -0.25000000 0.69375011 0.06250000
v -0.25000000 0.48125008 0.01250000
v -0.25000000 0.69375011 0.03750000
v -0.25000000 0.58750010 0.01250000
v -0.25000000 0.48125008 0.02500000
v -0.25000000 0.69375011 0.02500000
v -0.25000000 0.58750010 0.03750000
v -0.25000000 0.40000051 0.29100954
v -0.25000000 0.40000051 0.27302859
v -0.25000000 0.34375045 0.25350954
v -0.25000000 0.40000051 0.23706669
v -0.25000000 0.40000051 0.25504764
v -0.25000000 0.23125032 0.17850953
v -0.25000000 0.34375045 0.23552859
v -0.25000000 0.28750038 0.21600953
v -0.25000000 0.34375045 0.24451906
v -0.25000000 0.00625006 0.02850953
v -0.25000000 0.11875019 0.08552858
v -0.25000000 0.06250013 0.06600953
v -0.25000000 0.34375045 0.19956669
v -0.25000000 0.23125032 0.14254764
v -0.25000000 0.34375045 0.20855717
v -0.25000000 0.17500026 0.14100953
v -0.25000000 0.17500026 0.12302858
v -0.25000000 0.11875019 0.10350953
v -0.25000000 0.23125032 0.16951906
v -0.25000000 0.11875019 0.09451906
v -0.25000000 0.34375045 0.22653811
v -0.25000000 0.23125032 0.15153811
v -0.25000000 0.34375045 0.21754764
v -0.25000000 0.28750038 0.19802859
v -0.25000000 0.28750038 0.18004764
v -0.25000000 0.23125032 0.16052859
v -0.25000000 2.98893526 0.30000001
v -0.25000000 2.96680388 0.30000001
v -0.25000000 2.92254111 0.30000001
v -0.25000000 2.94467250 0.30000001
v -0.25000000 2.87254092 0.33006335
v -0.25000000 2.79467192 0.39019003
v -0.25000000 2.63893393 0.51044338
v -0.25000000 2.71680292 0.45031670
v -0.25000000 2.00937489 1.04149520
v -0.25000000 2.17812476 1.00106800
v -0.25000000 2.18124989 1.29003160
v -0.25000000 2.51562449 0.92021358
v -0.25000000 2.34687462 0.96064079
v -0.25000000 2.52499989 1.78710438
v -0.25000000 2.34999976 1.24960439
v -0.25000000 2.35312489 1.53856799
v -0.25000000 2.26562482 1.26981799
v -0.25000000 3.21249989 2.78124996
v -0.25000000 3.03749976 2.24374996
v -0.25000000 3.04062489 2.53271356
v -0.25000000 3.21249989 2.39999996
v -0.25000000 2.68749949 1.16874997
v -0.25000000 2.86249962 1.70624997
v -0.25000000 2.60312456 1.18896358
v -0.25000000 2.69687489 2.03564078
v -0.25000000 2.86562476 1.99521357
v -0.25000000 2.86874989 2.28417717
v -0.25000000 2.60937482 1.76689078
v -0.25000000 2.95312482 2.26396357
v -0.25000000 3.21249989 1.63749997
v -0.25000000 3.03749976 1.86249997
v -0.25000000 3.21249989 2.01874997
v -0.25000000 3.12499982 2.13124996
v -0.25000000 2.43437469 1.22939079
v -0.25000000 2.77812469 1.72646357
v -0.25000000 2.51874962 1.20917718
v -0.25000000 2.52187476 1.49814078
v -0.25000000 2.69062462 1.45771357
v -0.25000000 2.69374976 1.74667718
v -0.25000000 3.21249989 0.11250000
v -0.25000000 3.03749976 0.33749999
v -0.25000000 3.21249989 0.49374999
v -0.25000000 3.17500001 0.15000000
v -0.25000000 2.68749949 0.78749998
v -0.25000000 2.86249962 0.56249999
v -0.25000000 2.77499956 1.05624998
v -0.25000000 3.21249989 1.25624998
v -0.25000000 3.03749976 0.71874999
v -0.25000000 3.21249989 0.87499999
v -0.25000000 3.12499982 1.36874998
v -0.25000000 3.12499982 0.60624999
v -0.25000000 3.10000026 0.22500000
v -0.25000000 2.99999988 0.37499999
v -0.25000000 3.13750014 0.18750000
v -0.25000000 3.08749995 0.26250000
v -0.25000000 2.94999969 1.59374997
v -0.25000000 2.94999969 0.83124998
v -0.25000000 2.86249962 1.32499997
v -0.25000000 3.03749976 1.48124997
v -0.25000000 2.86249962 0.94374998
v -0.25000000 3.03749976 1.09999998
v -0.25000000 2.95000076 0.37500001
v -0.25000000 2.85000038 0.52500000
v -0.25000000 2.98750064 0.33750001
v -0.25000000 2.93893507 0.37500001
v -0.25000000 2.64999962 0.82499998
v -0.25000000 2.75000000 0.67499999
v -0.25000000 2.73749968 0.71249998
v -0.25000000 3.06250039 0.26250000
v -0.25000000 2.88750026 0.48750000
v -0.25000000 3.02500051 0.30000000
v -0.25000000 3.01250020 0.33750000
v -0.25000000 2.93750045 0.41250000
v -0.25000000 2.91680369 0.37500001
v -0.25000000 2.83893469 0.52500000
v -0.25000000 2.92786938 0.37500001
v -0.25000000 2.88893488 0.45000000
v -0.25000000 2.91249982 0.48749999
v -0.25000000 2.83750007 0.56249999
v -0.25000000 2.82499975 0.59999999
v -0.25000000 2.96250001 0.41249999
v -0.25000000 2.78749987 0.63749999
v -0.25000000 2.92500013 0.45000000
v -0.25000000 2.87254092 0.37500001
v -0.25000000 2.79467192 0.52500000
v -0.25000000 2.88360661 0.37500001
v -0.25000000 2.83360642 0.40506335
v -0.25000000 2.63893393 0.82499998
v -0.25000000 2.71680292 0.67499999
v -0.25000000 2.68893412 0.74999999
v -0.25000000 2.90573800 0.37500001
v -0.25000000 2.80573761 0.52500000
v -0.25000000 2.89467230 0.37500001
v -0.25000000 2.86680350 0.45000000
v -0.25000000 2.84467211 0.45000000
v -0.25000000 2.75573742 0.46519002
v -0.25000000 2.75573742 0.55506334
v -0.25000000 2.79467192 0.43512668
v -0.25000000 2.79467192 0.48006334
v -0.25000000 2.78893450 0.59999999
v -0.25000000 2.76680312 0.59999999
v -0.25000000 2.73893431 0.67499999
v -0.25000000 2.82786900 0.52500000
v -0.25000000 2.72786862 0.67499999
v -0.25000000 2.81680331 0.52500000
v -0.25000000 2.59999943 0.58544338
v -0.25000000 2.59999943 0.67531669
v -0.25000000 2.63893393 0.55538004
v -0.25000000 2.59999943 0.85506332
v -0.25000000 2.59999943 0.76519001
v -0.25000000 2.63893393 0.78006332
v -0.25000000 2.71680292 0.49525336
v -0.25000000 2.63893393 0.64525335
v -0.25000000 2.67786843 0.52531670
v -0.25000000 2.71680292 0.54019002
v -0.25000000 2.63893393 0.60031670
v -0.25000000 2.71680292 0.63006333
v -0.25000000 2.63893393 0.69019001
v -0.25000000 2.67786843 0.70506333
v -0.25000000 2.71680292 0.58512668
v -0.25000000 2.63893393 0.73512667
v -0.25000000 2.67786843 0.61519001
v -0.25000000 2.90853000 0.30000001
v -0.25000000 2.90263915 0.30000001
v -0.25000000 2.86959550 0.33006335
v -0.25000000 2.89085746 0.30000001
v -0.25000000 2.89674830 0.30000001
v -0.25000000 2.79172650 0.39019003
v -0.25000000 2.86370465 0.33006335
v -0.25000000 2.83066100 0.36012669
v -0.25000000 2.86665007 0.33006335
v -0.25000000 2.63598850 0.51044338
v -0.25000000 2.70796666 0.45031670
v -0.25000000 2.67492300 0.48038004
v -0.25000000 2.85192296 0.33006335
v -0.25000000 2.77994481 0.39019003
v -0.25000000 2.85486838 0.33006335
v -0.25000000 2.75279200 0.42025337
v -0.25000000 2.74690115 0.42025337
v -0.25000000 2.71385750 0.45031670
v -0.25000000 2.78878108 0.39019003
v -0.25000000 2.71091208 0.45031670
v -0.25000000 2.86075923 0.33006335
v -0.25000000 2.78289023 0.39019003
v -0.25000000 2.85781381 0.33006335
v -0.25000000 2.82477015 0.36012669
v -0.25000000 2.81887931 0.36012669
v -0.25000000 2.78583565 0.39019003
v -0.25000000 0.73437504 0.98837504
v -0.25000000 0.75312506 0.96312502
v -0.25000000 0.74375005 0.91710131
v -0.25000000 0.79062512 0.91262498
v -0.25000000 0.77187509 0.93787500
v -0.25000000 0.76250008 0.77455385
v -0.25000000 0.76250008 0.89185129
v -0.25000000 0.75312506 0.84582758
v -0.25000000 0.75312506 0.90447630
v -0.25000000 0.80000013 0.48945893
v -0.25000000 0.80000013 0.60675637
v -0.25000000 0.79062512 0.56073266
v -0.25000000 0.80000013 0.84135126
v -0.25000000 0.80000013 0.72405382
v -0.25000000 0.79062512 0.85397626
v -0.25000000 0.77187509 0.70328012
v -0.25000000 0.79062512 0.67803010
v -0.25000000 0.78125010 0.63200639
v -0.25000000 0.77187509 0.76192884
v -0.25000000 0.79062512 0.61938138
v -0.25000000 0.77187509 0.87922628
v -0.25000000 0.79062512 0.73667882
v -0.25000000 0.78125010 0.86660127
v -0.25000000 0.77187509 0.82057756
v -0.25000000 0.79062512 0.79532754
v -0.25000000 0.78125010 0.74930383
v -0.25000000 3.25138879 0.01250000
v -0.25000000 3.15416646 0.03750000
v -0.25000000 3.16388872 0.02500000
v -0.25000000 2.95972180 0.08750000
v -0.25000000 3.05694413 0.06250000
v -0.25000000 2.98888859 0.05000000
v -0.25000000 3.06666639 0.05000000
v -0.25000000 3.07638866 0.03750000
v -0.25000000 3.11527756 0.03750000
v -0.25000000 2.63888833 0.10000000
v -0.25000000 2.71666613 0.10000000
v -0.25000000 2.72638839 0.08750000
v -0.25000000 2.87222174 0.10000000
v -0.25000000 2.79444394 0.10000000
v -0.25000000 2.92083290 0.08750000
v -0.25000000 2.90138853 0.06250000
v -0.25000000 2.80416620 0.08750000
v -0.25000000 2.81388846 0.07500000
v -0.25000000 2.94027743 0.06250000
v -0.25000000 2.76527730 0.08750000
v -0.25000000 3.01805523 0.06250000
v -0.25000000 2.84305510 0.08750000
v -0.25000000 2.96944407 0.07500000
v -0.25000000 2.97916633 0.06250000
v -0.25000000 2.88194400 0.08750000
v -0.25000000 2.89166626 0.07500000
v -0.25000000 1.94234198 1.04149520
v -0.25000000 1.97702605 1.00106800
v -0.25000000 2.04639417 0.92021358
v -0.25000000 2.01171011 0.96064079
v -0.25000000 1.95117822 1.04149520
v -0.25000000 2.00353476 1.00106800
v -0.25000000 2.03555316 1.02128160
v -0.25000000 1.96852025 1.02128160
v -0.25000000 2.10824785 0.92021358
v -0.25000000 2.05589131 0.96064079
v -0.25000000 2.20430303 0.98085439
v -0.25000000 2.08790970 0.98085439
v -0.25000000 2.11992809 1.00106800
v -0.25000000 2.06173143 1.00106800
v -0.25000000 2.00320432 0.98085439
v -0.25000000 2.02087680 0.98085439
v -0.25000000 1.98586228 1.00106800
v -0.25000000 1.99469852 1.00106800
v -0.25000000 2.54180276 0.89999998
v -0.25000000 2.42540944 0.89999998
v -0.25000000 2.45742783 0.92021358
v -0.25000000 2.19262278 0.89999998
v -0.25000000 2.30901611 0.89999998
v -0.25000000 2.16644451 0.92021358
v -0.25000000 2.28867796 0.96064079
v -0.25000000 2.34103450 0.92021358
v -0.25000000 2.37305290 0.94042718
v -0.25000000 2.23048130 0.96064079
v -0.25000000 2.39923117 0.92021358
v -0.25000000 2.11408797 0.96064079
v -0.25000000 2.28283784 0.92021358
v -0.25000000 2.14026624 0.94042718
v -0.25000000 2.17228463 0.96064079
v -0.25000000 2.22464117 0.92021358
v -0.25000000 2.25665957 0.94042718
v -0.25000000 2.07257244 0.89999998
v -0.25000000 2.09024492 0.89999998
v -0.25000000 2.05523041 0.92021358
v -0.25000000 2.12558988 0.89999998
v -0.25000000 2.10791740 0.89999998
v -0.25000000 2.09941161 0.92021358
v -0.25000000 2.02054635 0.96064079
v -0.25000000 2.07290289 0.92021358
v -0.25000000 2.03788838 0.94042718
v -0.25000000 2.02938259 0.96064079
v -0.25000000 2.06406665 0.92021358
v -0.25000000 2.04705507 0.96064079
v -0.25000000 2.08173913 0.92021358
v -0.25000000 2.07323334 0.94042718
v -0.25000000 2.03821883 0.96064079
v -0.25000000 2.09057537 0.92021358
v -0.25000000 2.05556086 0.94042718
v -0.25000000 1.92499995 1.05412021
v -0.25000000 1.92499995 1.03894302
v -0.25000000 1.94234198 1.03390661
v -0.25000000 1.92499995 1.00858864
v -0.25000000 1.92499995 1.02376583
v -0.25000000 1.97702605 0.99347940
v -0.25000000 1.94234198 1.01872942
v -0.25000000 1.95968401 1.01369300
v -0.25000000 1.94234198 1.02631801
v -0.25000000 0.87500001 1.00100005
v -0.25000000 1.17500000 1.00100005
v -0.25000000 1.77499996 1.00100005
v -0.25000000 1.47499998 1.00100005
v -0.25000000 2.04639417 0.91262498
v -0.25000000 2.01171011 0.93787500
v -0.25000000 2.02905214 0.93283859
v -0.25000000 1.94234198 0.98837504
v -0.25000000 1.97702605 0.96312502
v -0.25000000 1.94234198 0.99596363
v -0.25000000 1.99436808 0.97326580
v -0.25000000 1.99436808 0.95808861
v -0.25000000 2.01171011 0.95305219
v -0.25000000 1.97702605 0.98589081
v -0.25000000 2.01171011 0.94546360
v -0.25000000 1.94234198 1.01114082
v -0.25000000 1.97702605 0.97071362
v -0.25000000 1.94234198 1.00355223
v -0.25000000 1.95968401 0.99851581
v -0.25000000 1.95968401 0.98333862
v -0.25000000 1.97702605 0.97830221
v -0.25000000 0.85009053 0.98837504
v -0.25000000 1.10027155 0.96312502
v -0.25000000 0.85946555 0.97575003
v -0.25000000 1.00009052 0.98837504
v -0.25000000 1.60063359 0.91262498
v -0.25000000 1.35045257 0.93787500
v -0.25000000 0.87821557 0.95050001
v -0.25000000 1.10964657 0.95050001
v -0.25000000 0.86884056 0.96312502
v -0.25000000 0.98455606 0.96312502
v -0.25000000 1.30009051 0.98837504
v -0.25000000 1.25027154 0.96312502
v -0.25000000 1.15009052 0.98837504
v -0.25000000 1.12518103 0.97575003
v -0.25000000 0.91571563 0.89999998
v -0.25000000 1.14714662 0.89999998
v -0.25000000 0.90634061 0.91262498
v -0.25000000 1.61000860 0.89999998
v -0.25000000 1.37857761 0.89999998
v -0.25000000 1.48491810 0.91262498
v -0.25000000 0.88759059 0.93787500
v -0.25000000 1.13777161 0.91262498
v -0.25000000 0.89696560 0.92524999
v -0.25000000 1.00330608 0.93787500
v -0.25000000 1.02205611 0.91262498
v -0.25000000 1.23473708 0.93787500
v -0.25000000 1.25348710 0.91262498
v -0.25000000 1.35982759 0.92524999
v -0.25000000 1.11902158 0.93787500
v -0.25000000 1.36920260 0.91262498
v -0.25000000 1.12839659 0.92524999
v -0.25000000 2.02148469 0.89999998
v -0.25000000 1.93698166 0.89999998
v -0.25000000 2.00414266 0.91262498
v -0.25000000 1.76797561 0.89999998
v -0.25000000 1.85247864 0.89999998
v -0.25000000 1.96945859 0.93787500
v -0.25000000 1.91963963 0.91262498
v -0.25000000 1.98680063 0.92524999
v -0.25000000 1.96189114 0.91262498
v -0.25000000 1.90009047 0.98837504
v -0.25000000 1.85027151 0.96312502
v -0.25000000 1.75009048 0.98837504
v -0.25000000 1.91743250 0.97575003
v -0.25000000 1.75063358 0.91262498
v -0.25000000 1.80045255 0.93787500
v -0.25000000 1.62554307 0.92524999
v -0.25000000 1.79288509 0.91262498
v -0.25000000 1.45009050 0.98837504
v -0.25000000 1.70027152 0.96312502
v -0.25000000 1.60009049 0.98837504
v -0.25000000 1.42518102 0.97575003
v -0.25000000 1.72518100 0.97575003
v -0.25000000 1.95211656 0.95050001
v -0.25000000 1.86761354 0.95050001
v -0.25000000 1.93477453 0.96312502
v -0.25000000 1.92720708 0.93787500
v -0.25000000 1.89252302 0.96312502
v -0.25000000 1.37536205 0.95050001
v -0.25000000 1.67536204 0.95050001
v -0.25000000 1.50045256 0.93787500
v -0.25000000 1.40027153 0.96312502
v -0.25000000 1.65045255 0.93787500
v -0.25000000 1.55027153 0.96312502
v -0.25000000 1.87738812 0.91262498
v -0.25000000 1.84270406 0.93787500
v -0.25000000 1.83513661 0.91262498
v -0.25000000 1.90229760 0.92524999
v -0.25000000 1.81779458 0.92524999
v -0.25000000 1.88495557 0.93787500
v -0.25000000 0.00625006 0.01985296
v -0.25000000 0.11875019 0.05955889
v -0.25000000 0.06250013 0.03772063
v -0.25000000 0.06250013 0.04836249
v -0.25000000 0.34375045 0.13897074
v -0.25000000 0.23125032 0.09926481
v -0.25000000 0.17500026 0.07345595
v -0.25000000 0.17500026 0.07742655
v -0.25000000 0.11875019 0.05558829
v -0.25000000 0.11875019 0.05757359
v -0.25000000 0.17500026 0.10538154
v -0.25000000 0.17500026 0.08806841
v -0.25000000 0.11875019 0.07687202
v -0.25000000 0.11875019 0.06821545
v -0.25000000 0.40000051 0.14492661
v -0.25000000 0.40000051 0.14889721
v -0.25000000 0.34375045 0.12705895
v -0.25000000 0.40000051 0.15683840
v -0.25000000 0.40000051 0.15286780
v -0.25000000 0.34375045 0.13698544
v -0.25000000 0.23125032 0.09132362
v -0.25000000 0.34375045 0.13102954
v -0.25000000 0.28750038 0.10919128
v -0.25000000 0.23125032 0.09330892
v -0.25000000 0.34375045 0.12904424
v -0.25000000 0.23125032 0.09727951
v -0.25000000 0.34375045 0.13301484
v -0.25000000 0.28750038 0.11713248
v -0.25000000 0.23125032 0.09529421
v -0.25000000 0.34375045 0.13500014
v -0.25000000 0.28750038 0.11316188
v -0.25000000 0.40000051 0.21941965
v -0.25000000 0.40000051 0.20210652
v -0.25000000 0.34375045 0.19091013
v -0.25000000 0.40000051 0.16748026
v -0.25000000 0.40000051 0.18479339
v -0.25000000 0.34375045 0.14762730
v -0.25000000 0.23125032 0.13389107
v -0.25000000 0.34375045 0.17359700
v -0.25000000 0.28750038 0.16240060
v -0.25000000 0.23125032 0.12523451
v -0.25000000 0.34375045 0.18225356
v -0.25000000 0.23125032 0.10792138
v -0.25000000 0.34375045 0.16494043
v -0.25000000 0.28750038 0.12777434
v -0.25000000 0.23125032 0.11657794
v -0.25000000 0.34375045 0.15628387
v -0.25000000 0.28750038 0.14508747
v -0.25000000 2.59999943 0.53664343
v -0.25000000 2.59999943 0.52891685
v -0.25000000 2.63598850 0.50658009
v -0.25000000 2.59999943 0.51346369
v -0.25000000 2.59999943 0.52119027
v -0.25000000 2.70796666 0.44645341
v -0.25000000 2.63598850 0.49885351
v -0.25000000 2.67197758 0.47651675
v -0.25000000 2.63598850 0.50271680
v -0.25000000 2.85192296 0.32620006
v -0.25000000 2.77994481 0.37860016
v -0.25000000 2.81593388 0.35626340
v -0.25000000 2.63598850 0.48340035
v -0.25000000 2.70796666 0.43100026
v -0.25000000 2.63598850 0.48726364
v -0.25000000 2.74395573 0.41639008
v -0.25000000 2.74395573 0.40866350
v -0.25000000 2.77994481 0.38632674
v -0.25000000 2.70796666 0.44259012
v -0.25000000 2.77994481 0.38246345
v -0.25000000 2.63598850 0.49499022
v -0.25000000 2.70796666 0.43486355
v -0.25000000 2.63598850 0.49112693
v -0.25000000 2.67197758 0.46879017
v -0.25000000 2.67197758 0.46106359
v -0.25000000 2.70796666 0.43872683
v -0.25000000 3.26250008 0.02729991
v -0.25000000 3.18750033 0.08189973
v -0.25000000 3.22500020 0.05625551
v -0.25000000 3.03750083 0.19109938
v -0.25000000 3.11250058 0.13649955
v -0.25000000 3.15000045 0.11416671
v -0.25000000 3.15000045 0.11085533
v -0.25000000 3.18750033 0.08521111
v -0.25000000 3.18750033 0.08355542
v -0.25000000 3.00000095 0.22998911
v -0.25000000 3.00000095 0.22667773
v -0.25000000 3.03750083 0.20103351
v -0.25000000 3.00000095 0.22005497
v -0.25000000 3.00000095 0.22336635
v -0.25000000 3.03750083 0.19275506
v -0.25000000 3.11250058 0.14312231
v -0.25000000 3.03750083 0.19772213
v -0.25000000 3.07500070 0.17207791
v -0.25000000 3.11250058 0.14146662
v -0.25000000 3.03750083 0.19937782
v -0.25000000 3.11250058 0.13815524
v -0.25000000 3.03750083 0.19606644
v -0.25000000 3.07500070 0.16545515
v -0.25000000 3.11250058 0.13981093
v -0.25000000 3.03750083 0.19441075
v -0.25000000 3.07500070 0.16876653
v -0.25000000 3.26250008 0.01607136
v -0.25000000 3.18750033 0.04821409
v -0.25000000 3.22500020 0.04337128
v -0.25000000 3.03750083 0.11249955
v -0.25000000 3.11250058 0.08035682
v -0.25000000 3.15000045 0.09797110
v -0.25000000 3.15000045 0.07551400
v -0.25000000 3.18750033 0.07067119
v -0.25000000 3.18750033 0.05944264
v -0.25000000 3.00000095 0.20717074
v -0.25000000 3.00000095 0.18471365
v -0.25000000 3.03750083 0.17987083
v -0.25000000 3.00000095 0.13979946
v -0.25000000 3.00000095 0.16225655
v -0.25000000 3.03750083 0.12372810
v -0.25000000 3.11250058 0.12527101
v -0.25000000 3.03750083 0.15741374
v -0.25000000 3.07500070 0.15257092
v -0.25000000 3.11250058 0.11404246
v -0.25000000 3.03750083 0.16864228
v -0.25000000 3.11250058 0.09158537
v -0.25000000 3.03750083 0.14618519
v -0.25000000 3.07500070 0.10765673
v -0.25000000 3.11250058 0.10281391
v -0.25000000 3.03750083 0.13495664
v -0.25000000 3.07500070 0.13011383
v -0.25000000 2.85192296 0.30000001
v -0.25000000 2.77994481 0.30000001
v -0.25000000 2.81593388 0.32620006
v -0.25000000 2.63598850 0.30000001
v -0.25000000 2.70796666 0.30000001
v -0.25000000 2.74395573 0.37860016
v -0.25000000 2.74395573 0.32620006
v -0.25000000 2.77994481 0.35240011
v -0.25000000 2.77994481 0.32620006
v -0.25000000 2.59999943 0.48340035
v -0.25000000 2.59999943 0.43100026
v -0.25000000 2.63598850 0.45720030
v -0.25000000 2.59999943 0.32620006
v -0.25000000 2.59999943 0.37860016
v -0.25000000 2.63598850 0.32620006
v -0.25000000 2.70796666 0.40480021
v -0.25000000 2.63598850 0.40480021
v -0.25000000 2.67197758 0.43100026
v -0.25000000 2.70796666 0.37860016
v -0.25000000 2.63598850 0.43100026
v -0.25000000 2.70796666 0.32620006
v -0.25000000 2.63598850 0.37860016
v -0.25000000 2.67197758 0.32620006
v -0.25000000 2.70796666 0.35240011
v -0.25000000 2.63598850 0.35240011
v -0.25000000 2.67197758 0.37860016
v -0.25000000 3.26250008 0.01250000
v -0.25000000 3.18750033 0.03750000
v -0.25000000 3.21388891 0.02500000
v -0.25000000 3.22500020 0.02857136
v -0.25000000 3.03750083 0.08750000
v -0.25000000 3.11250058 0.06250000
v -0.25000000 3.11666659 0.05000000
v -0.25000000 3.13888916 0.05000000
v -0.25000000 3.16527775 0.03750000
v -0.25000000 3.17638904 0.03750000
v -0.25000000 3.15000045 0.06071409
v -0.25000000 3.15000045 0.05357136
v -0.25000000 3.18750033 0.04464273
v -0.25000000 3.18750033 0.04107136
v -0.25000000 2.92222193 0.10000000
v -0.25000000 2.94444451 0.10000000
v -0.25000000 2.97083309 0.08750000
v -0.25000000 2.98888966 0.10000000
v -0.25000000 2.96666709 0.10000000
v -0.25000000 3.02638954 0.08750000
v -0.25000000 3.06805542 0.06250000
v -0.25000000 2.99305567 0.08750000
v -0.25000000 3.01944426 0.07500000
v -0.25000000 3.07916671 0.06250000
v -0.25000000 2.98194438 0.08750000
v -0.25000000 3.10138929 0.06250000
v -0.25000000 3.00416696 0.08750000
v -0.25000000 3.06388941 0.07500000
v -0.25000000 3.09027800 0.06250000
v -0.25000000 3.01527825 0.08750000
v -0.25000000 3.04166684 0.07500000
v -0.25000000 3.00000095 0.12499955
v -0.25000000 3.00000095 0.11785682
v -0.25000000 3.03750083 0.10892819
v -0.25000000 3.00000095 0.10357137
v -0.25000000 3.00000095 0.11071409
v -0.25000000 3.03750083 0.09107137
v -0.25000000 3.11250058 0.07678546
v -0.25000000 3.03750083 0.10178546
v -0.25000000 3.07500070 0.09285682
v -0.25000000 3.11250058 0.07321409
v -0.25000000 3.03750083 0.10535682
v -0.25000000 3.11250058 0.06607137
v -0.25000000 3.03750083 0.09821409
v -0.25000000 3.07500070 0.07857137
v -0.25000000 3.11250058 0.06964273
v -0.25000000 3.03750083 0.09464273
v -0.25000000 3.07500070 0.08571409
v 2.54999995 1.92499995 2.04900002
v 2.54999995 1.92499995 1.98829114
v 2.54999995 3.29999995 3.04999995
v 2.54999995 0.72500002 1.06170881
v 2.54999995 0.72500002 2.04900002
v 2.54999995 1.92499995 1.00100005
v 2.54999995 3.29999995 0.00000000
v 2.54999995 0.72500002 1.00100005
v 2.54999995 1.92499995 2.01864558
v 2.54999995 2.61249995 2.54949999
v 2.54999995 2.61249995 2.51914555
v 2.54999995 1.32499999 2.04900002
v 2.54999995 2.01249999 2.54949999
v 2.54999995 0.72500002 1.55535442
v 2.54999995 1.32499999 3.04999995
v 2.54999995 0.03750002 2.05585438
v 2.54999995 0.03750002 2.54949999
v 2.54999995 0.03750002 0.53085440
v 2.54999995 1.92499995 1.49464560
v 2.54999995 0.63749999 0.50050002
v 2.54999995 2.61249995 0.99414557
v 2.54999995 3.29999995 1.52499998
v 2.54999995 1.32499999 0.00000000
v 2.54999995 2.61249995 0.50050002
v 2.54999995 0.72500002 1.03135443
v 2.54999995 0.03750002 0.50050002
v 2.54999995 1.32499999 1.00100005
v 2.54999995 1.92499995 2.03382280
v 2.54999995 1.92499995 2.00346836
v 2.54999995 2.26874995 2.29925001
v 2.54999995 2.95624995 2.79974997
v 2.54999995 2.26874995 2.28407279
v 2.54999995 2.26874995 2.25371835
v 2.54999995 2.95624995 2.78457275
v 2.54999995 2.26874995 2.26889557
v 2.54999995 2.61249995 2.53432277
v 2.54999995 1.62499997 2.04900002
v 2.54999995 1.02500001 2.04900002
v 2.54999995 1.96874997 2.29925001
v 2.54999995 2.65624997 2.79974997
v 2.54999995 1.36875001 2.29925001
v 2.54999995 2.31249997 2.54949999
v 2.54999995 1.66874999 2.29925001
v 2.54999995 0.72500002 1.30853161
v 2.54999995 0.72500002 1.80217722
v 2.54999995 2.31249997 3.04999995
v 2.54999995 0.33750001 3.04999995
v 2.54999995 1.66874999 2.79974997
v 2.54999995 0.38125002 1.55878159
v 2.54999995 -0.30624998 2.55292717
v 2.54999995 0.38125002 1.80560440
v 2.54999995 0.38125002 2.29925001
v 2.54999995 -0.30624998 2.79974997
v 2.54999995 1.02500001 2.54949999
v 2.54999995 0.38125002 2.05242720
v 2.54999995 0.68125001 2.79974997
v 2.54999995 0.03750002 2.30267718
v 2.54999995 0.38125002 0.79628161
v 2.54999995 -0.30624998 0.26542720
v 2.54999995 0.03750002 1.29335439
v 2.54999995 -0.30624998 1.79042718
v 2.54999995 -0.30624998 1.02792719
v 2.54999995 1.92499995 1.74146837
v 2.54999995 1.92499995 1.24782282
v 2.54999995 -0.00624999 0.25025001
v 2.54999995 1.28124997 0.75075004
v 2.54999995 2.26874995 1.49121836
v 2.54999995 2.95624995 0.49707279
v 2.54999995 2.61249995 1.75664556
v 2.54999995 2.26874995 1.24439558
v 2.54999995 3.29999995 2.28749996
v 2.54999995 3.29999995 0.76249999
v 2.54999995 2.95624995 2.02207276
v 2.54999995 2.95624995 1.25957277
v 2.54999995 0.33750001 0.00000000
v 2.54999995 2.31249997 0.00000000
v 2.54999995 0.98124999 0.25025001
v 2.54999995 2.26874995 0.75075004
v 2.54999995 2.95624995 0.25025001
v 2.54999995 2.26874995 0.99757281
v 2.54999995 1.62499997 0.50050002
v 2.54999995 2.61249995 0.74732280
v 2.54999995 1.96874997 0.25025001
v 2.54999995 0.72500002 1.04653162
v 2.54999995 0.72500002 1.01617724
v 2.54999995 0.38125002 0.78110442
v 2.54999995 -0.30624998 0.25025001
v 2.54999995 0.38125002 0.75075004
v 2.54999995 0.03750002 0.51567721
v 2.54999995 0.33750001 0.50050002
v 2.54999995 0.38125002 0.76592723
v 2.54999995 1.62499997 1.00100005
v 2.54999995 1.02500001 1.00100005
v 2.54999995 0.98124999 0.75075004
v 2.54999995 0.68125001 0.75075004
v 2.54999995 1.92499995 2.04141141
v 2.54999995 1.92499995 2.02623419
v 2.54999995 1.92499995 1.99587975
v 2.54999995 1.92499995 2.01105697
v 2.54999995 2.09687495 2.17412502
v 2.54999995 2.44062495 2.42437500
v 2.54999995 2.09687495 2.16653641
v 2.54999995 3.12812495 2.92487496
v 2.54999995 2.78437495 2.67462498
v 2.54999995 2.09687495 2.15135919
v 2.54999995 2.44062495 2.41678639
v 2.54999995 2.09687495 2.15894780
v 2.54999995 2.26874995 2.29166140
v 2.54999995 2.09687495 2.12100475
v 2.54999995 2.44062495 2.38643195
v 2.54999995 2.09687495 2.12859336
v 2.54999995 3.12812495 2.91728635
v 2.54999995 2.78437495 2.65185915
v 2.54999995 2.95624995 2.79216136
v 2.54999995 2.09687495 2.14377058
v 2.54999995 2.44062495 2.39402056
v 2.54999995 2.09687495 2.13618197
v 2.54999995 2.26874995 2.27648418
v 2.54999995 2.26874995 2.26130696
v 2.54999995 2.61249995 2.54191138
v 2.54999995 2.61249995 2.52673416
v 2.54999995 2.78437495 2.66703637
v 2.54999995 2.44062495 2.40919778
v 2.54999995 2.78437495 2.65944776
v 2.54999995 2.44062495 2.40160917
v 2.54999995 1.77499996 2.04900002
v 2.54999995 1.47499998 2.04900002
v 2.54999995 1.94687496 2.17412502
v 2.54999995 0.87500001 2.04900002
v 2.54999995 1.17500000 2.04900002
v 2.54999995 2.29062496 2.42437500
v 2.54999995 1.64687498 2.17412502
v 2.54999995 2.11874996 2.29925001
v 2.54999995 1.79687497 2.17412502
v 2.54999995 2.97812496 2.92487496
v 2.54999995 2.33437498 2.67462498
v 2.54999995 2.80624996 2.79974997
v 2.54999995 1.04687501 2.17412502
v 2.54999995 1.69062500 2.42437500
v 2.54999995 1.19687501 2.17412502
v 2.54999995 2.46249996 2.54949999
v 2.54999995 2.16249998 2.54949999
v 2.54999995 2.63437496 2.67462498
v 2.54999995 2.14062497 2.42437500
v 2.54999995 2.48437497 2.67462498
v 2.54999995 1.49687499 2.17412502
v 2.54999995 1.84062499 2.42437500
v 2.54999995 1.34687500 2.17412502
v 2.54999995 1.81874998 2.29925001
v 2.54999995 1.51875000 2.29925001
v 2.54999995 1.99062498 2.42437500
v 2.54999995 0.72500002 1.18512021
v 2.54999995 0.72500002 1.43194301
v 2.54999995 0.72500002 1.92558862
v 2.54999995 0.72500002 1.67876582
v 2.54999995 2.80624996 3.04999995
v 2.54999995 1.81874998 3.04999995
v 2.54999995 2.48437497 2.92487496
v 2.54999995 -0.15624999 3.04999995
v 2.54999995 0.83125000 3.04999995
v 2.54999995 1.84062499 2.67462498
v 2.54999995 1.49687499 2.92487496
v 2.54999995 2.16249998 2.79974997
v 2.54999995 1.99062498 2.92487496
v 2.54999995 0.55312502 1.31024520
v 2.54999995 0.20937502 1.80731799
v 2.54999995 0.55312502 1.43365660
v 2.54999995 -0.47812498 2.80146356
v 2.54999995 -0.13437498 2.30439077
v 2.54999995 0.55312502 1.68047941
v 2.54999995 0.20937502 1.93072939
v 2.54999995 0.55312502 1.55706801
v 2.54999995 0.38125002 1.68219300
v 2.54999995 0.55312502 2.17412502
v 2.54999995 0.20937502 2.42437500
v 2.54999995 0.87500001 2.29925001
v 2.54999995 0.55312502 2.05071361
v 2.54999995 -0.47812498 2.92487496
v 2.54999995 -0.13437498 2.67462498
v 2.54999995 0.01562501 2.92487496
v 2.54999995 -0.30624998 2.67633857
v 2.54999995 1.51875000 2.54949999
v 2.54999995 0.53125001 2.54949999
v 2.54999995 1.19687501 2.42437500
v 2.54999995 1.34687500 2.67462498
v 2.54999995 0.70312501 2.42437500
v 2.54999995 0.55312502 1.80389081
v 2.54999995 0.20937502 2.30096360
v 2.54999995 0.55312502 1.92730221
v 2.54999995 0.38125002 1.92901580
v 2.54999995 0.38125002 2.17583860
v 2.54999995 1.00312500 2.92487496
v 2.54999995 0.35937501 2.67462498
v 2.54999995 0.50937501 2.92487496
v 2.54999995 1.17500000 2.79974997
v 2.54999995 0.18750001 2.79974997
v 2.54999995 0.85312501 2.67462498
v 2.54999995 0.03750002 2.17926578
v 2.54999995 0.03750002 2.42608859
v 2.54999995 -0.13437498 2.42780218
v 2.54999995 0.20937502 2.05414079
v 2.54999995 -0.13437498 2.55121358
v 2.54999995 0.20937502 2.17755219
v 2.54999995 0.55312502 0.92899521
v 2.54999995 0.20937502 0.66356800
v 2.54999995 0.38125002 1.17753160
v 2.54999995 -0.47812498 0.13271360
v 2.54999995 -0.13437498 0.39814080
v 2.54999995 0.03750002 1.67460439
v 2.54999995 0.03750002 0.91210440
v 2.54999995 0.20937502 1.42606799
v 2.54999995 0.20937502 1.04481800
v 2.54999995 -0.47812498 2.42021357
v 2.54999995 -0.47812498 0.51396360
v 2.54999995 -0.13437498 1.92314078
v 2.54999995 -0.47812498 1.65771358
v 2.54999995 -0.30624998 2.17167717
v 2.54999995 -0.13437498 1.54189079
v 2.54999995 -0.47812498 2.03896357
v 2.54999995 -0.13437498 0.77939080
v 2.54999995 -0.47812498 1.27646358
v 2.54999995 -0.30624998 0.64667720
v 2.54999995 -0.13437498 1.16064079
v 2.54999995 -0.47812498 0.89521359
v 2.54999995 -0.30624998 1.40917718
v 2.54999995 1.92499995 1.86487976
v 2.54999995 1.92499995 1.61805698
v 2.54999995 1.92499995 1.12441143
v 2.54999995 1.92499995 1.37123421
v 2.54999995 -0.32812499 0.12512501
v 2.54999995 0.31562500 0.37537502
v 2.54999995 1.60312496 0.87587504
v 2.54999995 0.95937498 0.62562503
v 2.54999995 2.09687495 1.73975475
v 2.54999995 2.44062495 1.24268197
v 2.54999995 2.26874995 1.87246835
v 2.54999995 2.09687495 1.61634336
v 2.54999995 3.12812495 0.24853639
v 2.54999995 2.78437495 0.74560918
v 2.54999995 2.61249995 2.13789555
v 2.54999995 2.61249995 1.37539557
v 2.54999995 2.44062495 2.00518195
v 2.54999995 2.44062495 1.62393196
v 2.54999995 2.09687495 1.36952059
v 2.54999995 2.44062495 1.11927058
v 2.54999995 2.09687495 1.49293198
v 2.54999995 2.26874995 1.36780697
v 2.54999995 3.29999995 2.66874996
v 2.54999995 3.29999995 1.90624997
v 2.54999995 3.12812495 2.53603636
v 2.54999995 3.29999995 0.38124999
v 2.54999995 3.29999995 1.14374998
v 2.54999995 3.12812495 0.62978639
v 2.54999995 2.78437495 2.27060916
v 2.54999995 3.12812495 1.77353637
v 2.54999995 2.95624995 2.40332276
v 2.54999995 2.78437495 1.88935916
v 2.54999995 3.12812495 2.15478636
v 2.54999995 2.78437495 1.12685917
v 2.54999995 3.12812495 1.39228638
v 2.54999995 2.95624995 0.87832278
v 2.54999995 2.78437495 1.50810917
v 2.54999995 3.12812495 1.01103638
v 2.54999995 2.95624995 1.64082277
v 2.54999995 -0.15624999 0.00000000
v 2.54999995 0.83125000 0.00000000
v 2.54999995 0.16562501 0.12512501
v 2.54999995 2.80624996 0.00000000
v 2.54999995 1.81874998 0.00000000
v 2.54999995 0.80937499 0.37537502
v 2.54999995 1.15312499 0.12512501
v 2.54999995 0.48750000 0.25025001
v 2.54999995 0.65937500 0.12512501
v 2.54999995 2.09687495 0.87587504
v 2.54999995 2.44062495 0.62562503
v 2.54999995 2.09687495 0.99928643
v 2.54999995 1.77499996 0.75075004
v 2.54999995 3.12812495 0.12512501
v 2.54999995 2.78437495 0.37537502
v 2.54999995 2.95624995 0.37366140
v 2.54999995 2.63437496 0.12512501
v 2.54999995 2.09687495 1.24610920
v 2.54999995 2.44062495 0.74903642
v 2.54999995 2.09687495 1.12269782
v 2.54999995 2.26874995 1.12098420
v 2.54999995 2.26874995 0.87416142
v 2.54999995 1.13124998 0.50050002
v 2.54999995 2.11874996 0.50050002
v 2.54999995 1.45312497 0.62562503
v 2.54999995 1.30312498 0.37537502
v 2.54999995 1.94687496 0.62562503
v 2.54999995 2.61249995 0.87073418
v 2.54999995 2.61249995 0.62391141
v 2.54999995 2.78437495 0.62219779
v 2.54999995 2.44062495 0.99585919
v 2.54999995 2.78437495 0.49878640
v 2.54999995 2.44062495 0.87244780
v 2.54999995 1.64687498 0.12512501
v 2.54999995 2.29062496 0.37537502
v 2.54999995 2.14062497 0.12512501
v 2.54999995 1.47499998 0.25025001
v 2.54999995 2.46249996 0.25025001
v 2.54999995 1.79687497 0.37537502
v 2.54999995 0.72500002 1.05412021
v 2.54999995 0.72500002 1.03894302
v 2.54999995 0.55312502 0.92140661
v 2.54999995 0.72500002 1.00858864
v 2.54999995 0.72500002 1.02376583
v 2.54999995 0.20937502 0.65597941
v 2.54999995 0.55312502 0.90622942
v 2.54999995 0.38125002 0.78869301
v 2.54999995 0.55312502 0.91381802
v 2.54999995 -0.47812498 0.12512501
v 2.54999995 -0.13437498 0.37537502
v 2.54999995 -0.30624998 0.25783861
v 2.54999995 -0.15624999 0.25025001
v 2.54999995 0.55312502 0.87587504
v 2.54999995 0.20937502 0.62562503
v 2.54999995 0.55312502 0.88346364
v 2.54999995 0.03750002 0.52326581
v 2.54999995 0.03750002 0.50808862
v 2.54999995 -0.13437498 0.39055221
v 2.54999995 0.20937502 0.64839081
v 2.54999995 -0.13437498 0.38296361
v 2.54999995 0.48750000 0.50050002
v 2.54999995 0.18750001 0.50050002
v 2.54999995 0.16562501 0.37537502
v 2.54999995 0.01562501 0.37537502
v 2.54999995 0.55312502 0.89864083
v 2.54999995 0.20937502 0.63321362
v 2.54999995 0.55312502 0.89105223
v 2.54999995 0.38125002 0.77351582
v 2.54999995 0.38125002 0.75833863
v 2.54999995 0.20937502 0.64080222
v 2.54999995 1.77499996 1.00100005
v 2.54999995 1.47499998 1.00100005
v 2.54999995 1.45312497 0.87587504
v 2.54999995 0.87500001 1.00100005
v 2.54999995 1.17500000 1.00100005
v 2.54999995 0.70312501 0.87587504
v 2.54999995 0.80937499 0.62562503
v 2.54999995 1.15312499 0.87587504
v 2.54999995 1.13124998 0.75075004
v 2.54999995 0.65937500 0.62562503
v 2.54999995 1.30312498 0.87587504
v 2.54999995 0.35937501 0.62562503
v 2.54999995 1.00312500 0.87587504
v 2.54999995 0.53125001 0.75075004
v 2.54999995 0.50937501 0.62562503
v 2.54999995 0.85312501 0.87587504
v 2.54999995 0.83125000 0.75075004
v 2.45000005 -0.69999999 0.00000000
v 2.45000005 -0.69999999 2.09999990
v 1.54999995 -0.69999999 2.09999990
v 1.54999995 -0.69999999 0.00000000
v 2.45000005 -0.69999999 1.04999995
v 2.00000000 -0.69999999 1.04999995
v 2.00000000 -0.69999999 2.09999990
v 2.00000000 -0.69999999 0.00000000
v 1.54999995 -0.69999999 1.04999995
v 2.45000005 -0.69999999 0.52499998
v 2.45000005 -0.69999999 1.57499993
v 2.22500002 -0.69999999 0.52499998
v 1.77499998 -0.69999999 1.57499993
v 2.22500002 -0.69999999 1.04999995
v 2.22500002 -0.69999999 2.09999990
v 1.77499998 -0.69999999 2.09999990
v 2.22500002 -0.69999999 1.57499993
v 2.00000000 -0.69999999 1.57499993
v 2.22500002 -0.69999999 0.00000000
v 1.77499998 -0.69999999 0.00000000
v 2.00000000 -0.69999999 0.52499998
v 1.54999995 -0.69999999 1.57499993
v 1.54999995 -0.69999999 0.52499998
v 1.77499998 -0.69999999 1.04999995
v 1.77499998 -0.69999999 0.52499998
v 2.45000005 -0.69999999 0.26249999
v 2.45000005 -0.69999999 0.78749996
v 2.45000005 -0.69999999 1.83749992
v 2.45000005 -0.69999999 1.31249994
v 2.33750004 -0.69999999 0.26249999
v 2.11250001 -0.69999999 0.78749996
v 2.33750004 -0.69999999 0.52499998
v 1.66249996 -0.69999999 1.83749992
v 1.88749999 -0.69999999 1.31249994
v 2.33750004 -0.69999999 1.04999995
v 2.11250001 -0.69999999 1.04999995
v 2.33750004 -0.69999999 0.78749996
v 2.22500002 -0.69999999 0.78749996
v 2.33750004 -0.69999999 2.09999990
v 2.11250001 -0.69999999 2.09999990
v 2.33750004 -0.69999999 1.83749992
v 1.66249996 -0.69999999 2.09999990
v 1.88749999 -0.69999999 2.09999990
v 1.77499998 -0.69999999 1.83749992
v 2.33750004 -0.69999999 1.31249994
v 2.11250001 -0.69999999 1.83749992
v 2.33750004 -0.69999999 1.57499993
v 2.22500002 -0.69999999 1.31249994
v 2.22500002 -0.69999999 1.83749992
v 2.00000000 -0.69999999 1.31249994
v 2.00000000 -0.69999999 1.83749992
v 1.88749999 -0.69999999 1.57499993
v 2.11250001 -0.69999999 1.31249994
v 1.88749999 -0.69999999 1.83749992
v 2.11250001 -0.69999999 1.57499993
v 2.33750004 -0.69999999 0.00000000
v 2.11250001 -0.69999999 0.00000000
v 2.22500002 -0.69999999 0.26249999
v 1.66249996 -0.69999999 0.00000000
v 1.88749999 -0.69999999 0.00000000
v 2.00000000 -0.69999999 0.78749996
v 2.00000000 -0.69999999 0.26249999
v 2.11250001 -0.69999999 0.52499998
v 2.11250001 -0.69999999 0.26249999
v 1.54999995 -0.69999999 1.83749992
v 1.54999995 -0.69999999 1.31249994
v 1.66249996 -0.69999999 1.57499993
v 1.54999995 -0.69999999 0.26249999
v 1.54999995 -0.69999999 0.78749996
v 1.66249996 -0.69999999 0.26249999
v 1.88749999 -0.69999999 1.04999995
v 1.66249996 -0.69999999 1.04999995
v 1.77499998 -0.69999999 1.31249994
v 1.88749999 -0.69999999 0.78749996
v 1.66249996 -0.69999999 1.31249994
v 1.88749999 -0.69999999 0.26249999
v 1.66249996 -0.69999999 0.78749996
v 1.77499998 -0.69999999 0.26249999
v 1.88749999 -0.69999999 0.52499998
v 1.66249996 -0.69999999 0.52499998
v 1.77499998 -0.69999999 0.78749996
v 2.00000000 -0.67499998 2.09999990
v 1.54999995 -0.67499998 2.09999990
v 2.45000005 -0.67499998 2.09999990
v 2.22500002 -0.66249998 2.09999990
v 1.77499998 -0.68749999 2.09999990
v 2.00000000 -0.66249998 2.09999990
v 1.54999995 -0.66249998 2.09999990
v 1.54999995 -0.68749999 2.09999990
v 1.77499998 -0.66249998 2.09999990
v 1.77499998 -0.67499998 2.09999990
v 2.45000005 -0.66249998 2.09999990
v 2.45000005 -0.68749999 2.09999990
v 2.22500002 -0.67499998 2.09999990
v 2.00000000 -0.68749999 2.09999990
v 2.22500002 -0.68749999 2.09999990
v 2.33750004 -0.65624998 2.09999990
v 2.11250001 -0.66874998 2.09999990
v 2.22500002 -0.65624998 2.09999990
v 1.66249996 -0.69374999 2.09999990
v 1.88749999 -0.68124998 2.09999990
v 2.00000000 -0.65624998 2.09999990
v 2.00000000 -0.66874998 2.09999990
v 2.11250001 -0.65624998 2.09999990
v 2.11250001 -0.66249998 2.09999990
v 1.54999995 -0.65624998 2.09999990
v 1.54999995 -0.66874998 2.09999990
v 1.66249996 -0.65624998 2.09999990
v 1.54999995 -0.69374999 2.09999990
v 1.54999995 -0.68124998 2.09999990
v 1.66249996 -0.68749999 2.09999990
v 1.88749999 -0.65624998 2.09999990
v 1.66249996 -0.66874998 2.09999990
v 1.77499998 -0.65624998 2.09999990
v 1.88749999 -0.66249998 2.09999990
v 1.66249996 -0.66249998 2.09999990
v 1.88749999 -0.67499998 2.09999990
v 1.66249996 -0.67499998 2.09999990
v 1.77499998 -0.68124998 2.09999990
v 1.88749999 -0.66874998 2.09999990
v 1.66249996 -0.68124998 2.09999990
v 1.77499998 -0.66874998 2.09999990
v 2.45000005 -0.65624998 2.09999990
v 2.45000005 -0.66874998 2.09999990
v 2.33750004 -0.66249998 2.09999990
v 2.45000005 -0.69374999 2.09999990
v 2.45000005 -0.68124998 2.09999990
v 2.11250001 -0.67499998 2.09999990
v 2.33750004 -0.67499998 2.09999990
v 2.22500002 -0.66874998 2.09999990
v 2.33750004 -0.66874998 2.09999990
v 1.77499998 -0.69374999 2.09999990
v 2.33750004 -0.69374999 2.09999990
v 2.00000000 -0.68124998 2.09999990
v 2.00000000 -0.69374999 2.09999990
v 1.88749999 -0.68749999 2.09999990
v 2.11250001 -0.68124998 2.09999990
v 1.88749999 -0.69374999 2.09999990
v 2.33750004 -0.68124998 2.09999990
v 2.11250001 -0.69374999 2.09999990
v 2.33750004 -0.68749999 2.09999990
v 2.22500002 -0.68124998 2.09999990
v 2.22500002 -0.69374999 2.09999990
v 2.11250001 -0.68749999 2.09999990
v 2.45000005 -0.67499998 0.00000000
v 2.00000000 -0.67499998 0.00000000
v 2.00000000 -0.64999998 0.00000000
v 1.54999995 -0.67499998 0.00000000
v 2.45000005 -0.66249998 0.00000000
v 2.45000005 -0.68749999 0.00000000
v 2.22500002 -0.66249998 0.00000000
v 1.77499998 -0.68749999 0.00000000
v 2.22500002 -0.67499998 0.00000000
v 2.22500002 -0.68749999 0.00000000
v 2.00000000 -0.68749999 0.00000000
v 2.22500002 -0.64999998 0.00000000
v 1.77499998 -0.64999998 0.00000000
v 2.00000000 -0.66249998 0.00000000
v 1.54999995 -0.68749999 0.00000000
v 1.54999995 -0.66249998 0.00000000
v 1.77499998 -0.67499998 0.00000000
v 1.77499998 -0.66249998 0.00000000
v 2.45000005 -0.65624998 0.00000000
v 2.45000005 -0.66874998 0.00000000
v 2.45000005 -0.69374999 0.00000000
v 2.45000005 -0.68124998 0.00000000
v 2.33750004 -0.65624998 0.00000000
v 2.11250001 -0.66874998 0.00000000
v 2.33750004 -0.66249998 0.00000000
v 1.66249996 -0.69374999 0.00000000
v 1.88749999 -0.68124998 0.00000000
v 2.33750004 -0.67499998 0.00000000
v 2.11250001 -0.67499998 0.00000000
v 2.33750004 -0.66874998 0.00000000
v 2.22500002 -0.66874998 0.00000000
v 2.33750004 -0.69374999 0.00000000
v 1.77499998 -0.69374999 0.00000000
v 2.33750004 -0.68124998 0.00000000
v 2.11250001 -0.69374999 0.00000000
v 2.33750004 -0.68749999 0.00000000
v 2.22500002 -0.68124998 0.00000000
v 2.22500002 -0.69374999 0.00000000
v 2.00000000 -0.68124998 0.00000000
v 2.00000000 -0.69374999 0.00000000
v 1.88749999 -0.68749999 0.00000000
v 2.11250001 -0.68124998 0.00000000
v 1.88749999 -0.69374999 0.00000000
v 2.11250001 -0.68749999 0.00000000
v 2.33750004 -0.64999998 0.00000000
v 2.11250001 -0.64999998 0.00000000
v 2.22500002 -0.65624998 0.00000000
v 1.66249996 -0.64999998 0.00000000
v 1.88749999 -0.64999998 0.00000000
v 2.00000000 -0.66874998 0.00000000
v 2.00000000 -0.65624998 0.00000000
v 2.11250001 -0.66249998 0.00000000
v 2.11250001 -0.65624998 0.00000000
v 1.54999995 -0.69374999 0.00000000
v 1.54999995 -0.68124998 0.00000000
v 1.66249996 -0.68749999 0.00000000
v 1.54999995 -0.65624998 0.00000000
v 1.54999995 -0.66874998 0.00000000
v 1.66249996 -0.65624998 0.00000000
v 1.88749999 -0.67499998 0.00000000
v 1.66249996 -0.67499998 0.00000000
v 1.77499998 -0.68124998 0.00000000
v 1.88749999 -0.66874998 0.00000000
v 1.66249996 -0.68124998 0.00000000
v 1.88749999 -0.65624998 0.00000000
v 1.66249996 -0.66874998 0.00000000
v 1.77499998 -0.65624998 0.00000000
v 1.88749999 -0.66249998 0.00000000
v 1.66249996 -0.66249998 0.00000000
v 1.77499998 -0.66874998 0.00000000
v 2.45000005 -0.67499998 1.04999995
v 2.45000005 -0.66249998 1.57499993
v 2.45000005 -0.68749999 0.52499998
v 2.45000005 -0.67499998 1.57499993
v 2.45000005 -0.68749999 1.57499993
v 2.45000005 -0.68749999 1.04999995
v 2.45000005 -0.66249998 1.04999995
v 2.45000005 -0.67499998 0.52499998
v 2.45000005 -0.66249998 0.52499998
v 2.45000005 -0.65624998 1.83749992
v 2.45000005 -0.66874998 1.31249994
v 2.45000005 -0.66249998 1.83749992
v 2.45000005 -0.69374999 0.26249999
v 2.45000005 -0.68124998 0.78749996
v 2.45000005 -0.67499998 1.83749992
v 2.45000005 -0.67499998 1.31249994
v 2.45000005 -0.66874998 1.83749992
v 2.45000005 -0.66874998 1.57499993
v 2.45000005 -0.69374999 1.83749992
v 2.45000005 -0.69374999 0.52499998
v 2.45000005 -0.68124998 1.83749992
v 2.45000005 -0.69374999 1.31249994
v 2.45000005 -0.68749999 1.83749992
v 2.45000005 -0.68124998 1.57499993
v 2.45000005 -0.69374999 1.57499993
v 2.45000005 -0.68124998 1.04999995
v 2.45000005 -0.69374999 1.04999995
v 2.45000005 -0.68749999 0.78749996
v 2.45000005 -0.68124998 1.31249994
v 2.45000005 -0.69374999 0.78749996
v 2.45000005 -0.68749999 1.31249994
v 2.45000005 -0.65624998 1.57499993
v 2.45000005 -0.66874998 1.04999995
v 2.45000005 -0.65624998 1.04999995
v 2.45000005 -0.66249998 1.31249994
v 2.45000005 -0.65624998 1.31249994
v 2.45000005 -0.68749999 0.26249999
v 2.45000005 -0.65624998 0.26249999
v 2.45000005 -0.67499998 0.78749996
v 2.45000005 -0.67499998 0.26249999
v 2.45000005 -0.68124998 0.52499998
v 2.45000005 -0.66874998 0.78749996
v 2.45000005 -0.68124998 0.26249999
v 2.45000005 -0.65624998 0.78749996
v 2.45000005 -0.66874998 0.26249999
v 2.45000005 -0.65624998 0.52499998
v 2.45000005 -0.66249998 0.78749996
v 2.45000005 -0.66249998 0.26249999
v 2.45000005 -0.66874998 0.52499998
v 1.54999995 -0.67499998 1.04999995
v 1.54999995 -0.68749999 1.57499993
v 1.54999995 -0.66249998 0.52499998
v 1.54999995 -0.67499998 1.57499993
v 1.54999995 -0.66249998 1.57499993
v 1.54999995 -0.66249998 1.04999995
v 1.54999995 -0.68749999 1.04999995
v 1.54999995 -0.67499998 0.52499998
v 1.54999995 -0.68749999 0.52499998
v 1.54999995 -0.69374999 1.83749992
v 1.54999995 -0.68124998 1.31249994
v 1.54999995 -0.68749999 1.83749992
v 1.54999995 -0.65624998 0.26249999
v 1.54999995 -0.66874998 0.78749996
v 1.54999995 -0.67499998 1.83749992
v 1.54999995 -0.67499998 1.31249994
v 1.54999995 -0.68124998 1.83749992
v 1.54999995 -0.68124998 1.57499993
v 1.54999995 -0.65624998 1.83749992
v 1.54999995 -0.65624998 0.52499998
v 1.54999995 -0.66874998 1.83749992
v 1.54999995 -0.65624998 1.31249994
v 1.54999995 -0.66249998 1.83749992
v 1.54999995 -0.66874998 1.57499993
v 1.54999995 -0.65624998 1.57499993
v 1.54999995 -0.66874998 1.04999995
v 1.54999995 -0.65624998 1.04999995
v 1.54999995 -0.66249998 0.78749996
v 1.54999995 -0.66874998 1.31249994
v 1.54999995 -0.65624998 0.78749996
v 1.54999995 -0.66249998 1.31249994
v 1.54999995 -0.69374999 1.57499993
v 1.54999995 -0.68124998 1.04999995
v 1.54999995 -0.69374999 1.04999995
v 1.54999995 -0.68749999 1.31249994
v 1.54999995 -0.69374999 1.31249994
v 1.54999995 -0.66249998 0.26249999
v 1.54999995 -0.69374999 0.26249999
v 1.54999995 -0.67499998 0.78749996
v 1.54999995 -0.67499998 0.26249999
v 1.54999995 -0.66874998 0.52499998
v 1.54999995 -0.68124998 0.78749996
v 1.54999995 -0.66874998 0.26249999
v 1.54999995 -0.69374999 0.78749996
v 1.54999995 -0.68124998 0.26249999
v 1.54999995 -0.69374999 0.52499998
v 1.54999995 -0.68749999 0.78749996
v 1.54999995 -0.68749999 0.26249999
v 1.54999995 -0.68124998 0.52499998
v 1.29999995 -0.05000000 2.00000000
v 0.52499998 -0.34999999 2.00000000
v 1.29999995 -0.34999999 2.00000000
v 0.52499998 -0.05000000 2.00000000
v 0.91249996 -0.49999998 2.00000000
v 0.13749999 -0.19999999 2.00000000
v 0.52499998 -0.49999998 2.00000000
v 0.13749999 -0.49999998 2.00000000
v 0.13749999 -0.34999999 2.00000000
v 1.29999995 -0.49999998 2.00000000
v 1.29999995 -0.19999999 2.00000000
v 0.91249996 -0.34999999 2.00000000
v 0.13749999 -0.05000000 2.00000000
v 0.91249996 -0.05000000 2.00000000
v 0.52499998 -0.19999999 2.00000000
v 0.91249996 -0.19999999 2.00000000
v 1.10624996 -0.57499998 2.00000000
v 0.71874997 -0.42499999 2.00000000
v 0.91249996 -0.57499998 2.00000000
v -0.05625001 -0.12500000 2.00000000
v 0.33124998 -0.27499999 2.00000000
v 0.52499998 -0.57499998 2.00000000
v 0.52499998 -0.42499999 2.00000000
v 0.71874997 -0.57499998 2.00000000
v 0.71874997 -0.49999998 2.00000000
v -0.05625001 -0.57499998 2.00000000
v -0.05625001 -0.19999999 2.00000000
v 0.33124998 -0.57499998 2.00000000
v -0.05625001 -0.42499999 2.00000000
v 0.13749999 -0.57499998 2.00000000
v 0.33124998 -0.49999998 2.00000000
v -0.05625001 -0.49999998 2.00000000
v 0.33124998 -0.34999999 2.00000000
v -0.05625001 -0.34999999 2.00000000
v 0.13749999 -0.27499999 2.00000000
v 0.33124998 -0.42499999 2.00000000
v -0.05625001 -0.27499999 2.00000000
v 0.13749999 -0.42499999 2.00000000
v 1.29999995 -0.57499998 2.00000000
v 1.29999995 -0.42499999 2.00000000
v 1.10624996 -0.49999998 2.00000000
v 1.29999995 -0.12500000 2.00000000
v 1.29999995 -0.27499999 2.00000000
v 0.71874997 -0.34999999 2.00000000
v 1.10624996 -0.34999999 2.00000000
v 0.91249996 -0.42499999 2.00000000
v 1.10624996 -0.42499999 2.00000000
v -0.05625001 -0.05000000 2.00000000
v 0.33124998 -0.05000000 2.00000000
v 0.13749999 -0.12500000 2.00000000
v 1.10624996 -0.05000000 2.00000000
v 0.71874997 -0.05000000 2.00000000
v 1.10624996 -0.12500000 2.00000000
v 0.52499998 -0.27499999 2.00000000
v 0.52499998 -0.12500000 2.00000000
v 0.33124998 -0.19999999 2.00000000
v 0.71874997 -0.27499999 2.00000000
v 0.33124998 -0.12500000 2.00000000
v 1.10624996 -0.27499999 2.00000000
v 0.71874997 -0.12500000 2.00000000
v 1.10624996 -0.19999999 2.00000000
v 0.91249996 -0.27499999 2.00000000
v 0.91249996 -0.12500000 2.00000000
v 0.71874997 -0.19999999 2.00000000
v 0.06744955 -0.05000000 0.00000000
v 0.98294383 -0.05000000 0.00000000
v 1.29999995 -0.05000000 0.00000000
v 0.52499998 -0.05000000 1.00000000
v 0.68372475 -0.05000000 1.00000000
v -0.09127522 -0.05000000 0.00000000
v 1.14147189 -0.05000000 1.00000000
v 0.52519669 -0.05000000 0.00000000
v 1.29999995 -0.05000000 1.00000000
v 1.14147189 -0.05000000 0.00000000
v 0.91249996 -0.05000000 1.50000000
v 0.13749999 -0.05000000 0.50000000
v 0.52499998 -0.05000000 1.50000000
v 0.13749999 -0.05000000 1.50000000
v 0.13749999 -0.05000000 1.00000000
v 0.99186235 -0.05000000 1.50000000
v 0.37558715 -0.05000000 0.50000000
v 0.60436236 -0.05000000 1.00000000
v -0.17063761 -0.05000000 0.00000000
v -0.01191283 -0.05000000 0.00000000
v 0.21686238 -0.05000000 0.50000000
v 0.29622477 -0.05000000 0.50000000
v 1.22073592 -0.05000000 1.50000000
v 1.06220786 -0.05000000 0.50000000
v 0.91259832 -0.05000000 1.00000000
v 0.29632312 -0.05000000 0.00000000
v 0.75407026 -0.05000000 0.00000000
v 0.60446072 -0.05000000 0.50000000
v 0.83333429 -0.05000000 0.50000000
v 1.29999995 -0.05000000 1.50000000
v 1.29999995 -0.05000000 0.50000000
v 1.22073592 -0.05000000 1.00000000
v 1.06220786 -0.05000000 0.00000000
v 1.22073592 -0.05000000 0.00000000
v 1.14147189 -0.05000000 0.50000000
v 1.22073592 -0.05000000 0.50000000
v 1.10624996 -0.05000000 1.75000000
v 0.71874997 -0.05000000 1.25000000
v 0.91249996 -0.05000000 1.75000000
v -0.05625001 -0.05000000 0.25000000
v 0.33124998 -0.05000000 0.75000000
v 0.52499998 -0.05000000 1.75000000
v 0.52499998 -0.05000000 1.25000000
v 0.71874997 -0.05000000 1.75000000
v 0.71874997 -0.05000000 1.50000000
v -0.05625001 -0.05000000 1.75000000
v -0.05625001 -0.05000000 0.50000000
v 0.33124998 -0.05000000 1.75000000
v -0.05625001 -0.05000000 1.25000000
v 0.13749999 -0.05000000 1.75000000
v 0.33124998 -0.05000000 1.50000000
v -0.05625001 -0.05000000 1.50000000
v 0.33124998 -0.05000000 1.00000000
v -0.05625001 -0.05000000 1.00000000
v 0.13749999 -0.05000000 0.75000000
v 0.33124998 -0.05000000 1.25000000
v -0.05625001 -0.05000000 0.75000000
v 0.13749999 -0.05000000 1.25000000
v 1.14593115 -0.05000000 1.75000000
v 0.83779355 -0.05000000 1.25000000
v 0.95218116 -0.05000000 1.50000000
v 0.22151835 -0.05000000 0.25000000
v 0.52965595 -0.05000000 0.75000000
v 0.56468117 -0.05000000 1.00000000
v 0.64404356 -0.05000000 1.00000000
v 0.75843116 -0.05000000 1.25000000
v 0.79811236 -0.05000000 1.25000000
v -0.21031881 -0.05000000 0.00000000
v -0.13095642 -0.05000000 0.00000000
v -0.01656881 -0.05000000 0.25000000
v 0.02776836 -0.05000000 0.00000000
v -0.05159403 -0.05000000 0.00000000
v 0.18183716 -0.05000000 0.25000000
v 0.37093118 -0.05000000 0.75000000
v 0.06279358 -0.05000000 0.25000000
v 0.17718118 -0.05000000 0.50000000
v 0.41061237 -0.05000000 0.75000000
v 0.02311238 -0.05000000 0.25000000
v 0.48997476 -0.05000000 0.75000000
v 0.10247477 -0.05000000 0.25000000
v 0.33590596 -0.05000000 0.50000000
v 0.45029357 -0.05000000 0.75000000
v 0.14215597 -0.05000000 0.25000000
v 0.25654357 -0.05000000 0.50000000
v 1.26036794 -0.05000000 1.75000000
v 1.18110391 -0.05000000 1.25000000
v 1.10629914 -0.05000000 1.50000000
v 1.02257585 -0.05000000 0.25000000
v 1.10183988 -0.05000000 0.75000000
v 0.79816154 -0.05000000 1.00000000
v 1.02703511 -0.05000000 1.00000000
v 0.95223034 -0.05000000 1.25000000
v 1.06666712 -0.05000000 1.25000000
v 0.18188634 -0.05000000 0.00000000
v 0.41075991 -0.05000000 0.00000000
v 0.33595514 -0.05000000 0.25000000
v 0.86850705 -0.05000000 0.00000000
v 0.63963348 -0.05000000 0.00000000
v 0.90813906 -0.05000000 0.25000000
v 0.64409274 -0.05000000 0.75000000
v 0.56482871 -0.05000000 0.25000000
v 0.49002394 -0.05000000 0.50000000
v 0.75852952 -0.05000000 0.75000000
v 0.45039192 -0.05000000 0.25000000
v 0.98740309 -0.05000000 0.75000000
v 0.67926549 -0.05000000 0.25000000
v 0.94777108 -0.05000000 0.50000000
v 0.87296631 -0.05000000 0.75000000
v 0.79370228 -0.05000000 0.25000000
v 0.71889751 -0.05000000 0.50000000
v 1.29999995 -0.05000000 1.75000000
v 1.29999995 -0.05000000 1.25000000
v 1.26036794 -0.05000000 1.50000000
v 1.29999995 -0.05000000 0.25000000
v 1.29999995 -0.05000000 0.75000000
v 1.18110391 -0.05000000 1.00000000
v 1.26036794 -0.05000000 1.00000000
v 1.22073592 -0.05000000 1.25000000
v 1.26036794 -0.05000000 1.25000000
v 1.02257585 -0.05000000 0.00000000
v 1.10183988 -0.05000000 0.00000000
v 1.06220786 -0.05000000 0.25000000
v 1.26036794 -0.05000000 0.00000000
v 1.18110391 -0.05000000 0.00000000
v 1.26036794 -0.05000000 0.25000000
v 1.14147189 -0.05000000 0.75000000
v 1.14147189 -0.05000000 0.25000000
v 1.10183988 -0.05000000 0.50000000
v 1.18110391 -0.05000000 0.75000000
v 1.10183988 -0.05000000 0.25000000
v 1.26036794 -0.05000000 0.75000000
v 1.18110391 -0.05000000 0.25000000
v 1.26036794 -0.05000000 0.50000000
v 1.22073592 -0.05000000 0.75000000
v 1.22073592 -0.05000000 0.25000000
v 1.18110391 -0.05000000 0.50000000
v 1.29999995 -0.38547590 0.00000000
v 1.29999995 -0.34999999 1.90416664
v 1.29999995 -0.34999999 0.90416664
v 1.29999995 -0.51773794 0.90416664
v 1.29999995 -0.21773795 0.00000000
v 1.29999995 -0.51773794 0.00000000
v 1.29999995 -0.49999998 1.95208332
v 1.29999995 -0.19999999 1.95208332
v 1.29999995 -0.49999998 1.85624996
v 1.29999995 -0.34999999 1.95208332
v 1.29999995 -0.49999998 1.90416664
v 1.29999995 -0.19999999 1.45208332
v 1.29999995 -0.49999998 1.35624996
v 1.29999995 -0.19999999 0.45208332
v 1.29999995 -0.34999999 1.40416664
v 1.29999995 -0.19999999 0.95208332
v 1.29999995 -0.58386896 1.35624996
v 1.29999995 -0.45160692 0.45208332
v 1.29999995 -0.43386896 0.90416664
v 1.29999995 -0.13386898 0.00000000
v 1.29999995 -0.30160693 0.00000000
v 1.29999995 -0.28386897 0.45208332
v 1.29999995 -0.36773795 0.45208332
v 1.29999995 -0.58386896 0.90416664
v 1.29999995 -0.45160692 0.00000000
v 1.29999995 -0.58386896 0.00000000
v 1.29999995 -0.51773794 0.45208332
v 1.29999995 -0.58386896 0.45208332
v 1.29999995 -0.57499998 1.97604166
v 1.29999995 -0.42499999 1.97604166
v 1.29999995 -0.57499998 1.92812498
v 1.29999995 -0.49999998 1.97604166
v 1.29999995 -0.57499998 1.95208332
v 1.29999995 -0.12500000 1.97604166
v 1.29999995 -0.27499999 1.92812498
v 1.29999995 -0.19999999 1.97604166
v 1.29999995 -0.57499998 1.83229162
v 1.29999995 -0.42499999 1.88020830
v 1.29999995 -0.57499998 1.85624996
v 1.29999995 -0.34999999 1.97604166
v 1.29999995 -0.34999999 1.92812498
v 1.29999995 -0.27499999 1.97604166
v 1.29999995 -0.42499999 1.95208332
v 1.29999995 -0.27499999 1.95208332
v 1.29999995 -0.57499998 1.90416664
v 1.29999995 -0.42499999 1.90416664
v 1.29999995 -0.57499998 1.88020830
v 1.29999995 -0.49999998 1.92812498
v 1.29999995 -0.49999998 1.88020830
v 1.29999995 -0.42499999 1.92812498
v 1.29999995 -0.12500000 1.72604166
v 1.29999995 -0.27499999 1.67812498
v 1.29999995 -0.12500000 1.22604166
v 1.29999995 -0.19999999 1.70208332
v 1.29999995 -0.12500000 1.47604166
v 1.29999995 -0.57499998 1.58229162
v 1.29999995 -0.42499999 1.13020830
v 1.29999995 -0.49999998 1.60624996
v 1.29999995 -0.12500000 0.22604166
v 1.29999995 -0.27499999 0.67812498
v 1.29999995 -0.12500000 0.47604166
v 1.29999995 -0.34999999 1.65416664
v 1.29999995 -0.34999999 1.15416664
v 1.29999995 -0.42499999 1.63020830
v 1.29999995 -0.27499999 1.42812498
v 1.29999995 -0.42499999 1.38020830
v 1.29999995 -0.12500000 0.97604166
v 1.29999995 -0.27499999 0.92812498
v 1.29999995 -0.12500000 0.72604166
v 1.29999995 -0.19999999 1.20208332
v 1.29999995 -0.19999999 0.70208332
v 1.29999995 -0.27499999 1.17812498
v 1.29999995 -0.61693447 1.58229162
v 1.29999995 -0.55080345 1.13020830
v 1.29999995 -0.54193447 1.35624996
v 1.29999995 -0.41854141 0.22604166
v 1.29999995 -0.48467243 0.67812498
v 1.29999995 -0.39193448 0.90416664
v 1.29999995 -0.47580345 0.90416664
v 1.29999995 -0.46693447 1.13020830
v 1.29999995 -0.50886896 1.13020830
v 1.29999995 -0.09193449 0.00000000
v 1.29999995 -0.17580346 0.00000000
v 1.29999995 -0.16693449 0.22604166
v 1.29999995 -0.34354142 0.00000000
v 1.29999995 -0.25967244 0.00000000
v 1.29999995 -0.37660692 0.22604166
v 1.29999995 -0.31693448 0.67812498
v 1.29999995 -0.25080346 0.22604166
v 1.29999995 -0.24193448 0.45208332
v 1.29999995 -0.35886897 0.67812498
v 1.29999995 -0.20886897 0.22604166
v 1.29999995 -0.44273794 0.67812498
v 1.29999995 -0.29273795 0.22604166
v 1.29999995 -0.40967243 0.45208332
v 1.29999995 -0.40080346 0.67812498
v 1.29999995 -0.33467244 0.22604166
v 1.29999995 -0.32580346 0.45208332
v 1.29999995 -0.61693447 1.35624996
v 1.29999995 -0.55080345 0.90416664
v 1.29999995 -0.61693447 0.90416664
v 1.29999995 -0.58386896 1.13020830
v 1.29999995 -0.61693447 1.13020830
v 1.29999995 -0.41854141 0.00000000
v 1.29999995 -0.48467243 0.00000000
v 1.29999995 -0.45160692 0.22604166
v 1.29999995 -0.61693447 0.00000000
v 1.29999995 -0.55080345 0.00000000
v 1.29999995 -0.61693447 0.22604166
v 1.29999995 -0.51773794 0.67812498
v 1.29999995 -0.51773794 0.22604166
v 1.29999995 -0.48467243 0.45208332
v 1.29999995 -0.55080345 0.67812498
v 1.29999995 -0.48467243 0.22604166
v 1.29999995 -0.61693447 0.67812498
v 1.29999995 -0.55080345 0.22604166
v 1.29999995 -0.61693447 0.45208332
v 1.29999995 -0.58386896 0.67812498
v 1.29999995 -0.58386896 0.22604166
v 1.29999995 -0.55080345 0.45208332
v -0.20000000 0.72500002 1.00100005
v -0.20000000 0.72500002 2.04900002
v -0.20000000 1.92499995 2.04900002
v -0.20000000 1.92499995 1.00100005
v -0.20000000 0.72500002 1.52500004
v -0.20000000 1.32499999 1.52500004
v -0.20000000 1.32499999 2.04900002
v -0.20000000 1.32499999 1.00100005
v -0.20000000 1.92499995 1.52500004
v -0.20000000 0.72500002 1.26300004
v -0.20000000 0.72500002 1.78700003
v -0.20000000 1.02500001 1.26300004
v -0.20000000 1.62499997 1.78700003
v -0.20000000 1.02500001 1.52500004
v -0.20000000 1.02500001 2.04900002
v -0.20000000 1.62499997 2.04900002
v -0.20000000 1.02500001 1.78700003
v -0.20000000 1.32499999 1.78700003
v -0.20000000 1.02500001 1.00100005
v -0.20000000 1.62499997 1.00100005
v -0.20000000 1.32499999 1.26300004
v -0.20000000 1.92499995 1.78700003
v -0.20000000 1.92499995 1.26300004
v -0.20000000 1.62499997 1.52500004
v -0.20000000 1.62499997 1.26300004
v -0.20000000 0.72500002 1.13200004
v -0.20000000 0.72500002 1.39400004
v -0.20000000 0.72500002 1.91800003
v -0.20000000 0.72500002 1.65600003
v -0.20000000 0.87500001 1.13200004
v -0.20000000 1.17500000 1.39400004
v -0.20000000 0.87500001 1.26300004
v -0.20000000 1.77499996 1.91800003
v -0.20000000 1.47499998 1.65600003
v -0.20000000 0.87500001 1.52500004
v -0.20000000 1.17500000 1.52500004
v -0.20000000 0.87500001 1.39400004
v -0.20000000 1.02500001 1.39400004
v -0.20000000 0.87500001 2.04900002
v -0.20000000 1.17500000 2.04900002
v -0.20000000 0.87500001 1.91800003
v -0.20000000 1.77499996 2.04900002
v -0.20000000 1.47499998 2.04900002
v -0.20000000 1.62499997 1.91800003
v -0.20000000 0.87500001 1.65600003
v -0.20000000 1.17500000 1.91800003
v -0.20000000 0.87500001 1.78700003
v -0.20000000 1.02500001 1.65600003
v -0.20000000 1.02500001 1.91800003
v -0.20000000 1.32499999 1.65600003
v -0.20000000 1.32499999 1.91800003
v -0.20000000 1.47499998 1.78700003
v -0.20000000 1.17500000 1.65600003
v -0.20000000 1.47499998 1.91800003
v -0.20000000 1.17500000 1.78700003
v -0.20000000 0.87500001 1.00100005
v -0.20000000 1.17500000 1.00100005
v -0.20000000 1.02500001 1.13200004
v -0.20000000 1.77499996 1.00100005
v -0.20000000 1.47499998 1.00100005
v -0.20000000 1.32499999 1.39400004
v -0.20000000 1.32499999 1.13200004
v -0.20000000 1.17500000 1.26300004
v -0.20000000 1.17500000 1.13200004
v -0.20000000 1.92499995 1.91800003
v -0.20000000 1.92499995 1.65600003
v -0.20000000 1.77499996 1.78700003
v -0.20000000 1.92499995 1.13200004
v -0.20000000 1.92499995 1.39400004
v -0.20000000 1.77499996 1.13200004
v -0.20000000 1.47499998 1.52500004
v -0.20000000 1.77499996 1.52500004
v -0.20000000 1.62499997 1.65600003
v -0.20000000 1.47499998 1.39400004
v -0.20000000 1.77499996 1.65600003
v -0.20000000 1.47499998 1.13200004
v -0.20000000 1.77499996 1.39400004
v -0.20000000 1.62499997 1.13200004
v -0.20000000 1.47499998 1.26300004
v -0.20000000 1.77499996 1.26300004
v -0.20000000 1.62499997 1.39400004
v -0.22500000 1.92499995 1.03135443
v -0.22500000 1.92499995 1.00100005
v -0.22500000 1.92499995 1.55535442
v -0.22500000 1.92499995 2.04900002
v -0.21250000 1.92499995 1.01617724
v -0.23750000 1.92499995 1.04653162
v -0.21250000 1.92499995 1.00100005
v -0.23750000 1.92499995 1.00100005
v -0.22500000 1.92499995 1.01617724
v -0.23750000 1.92499995 1.03135443
v -0.23750000 1.92499995 1.01617724
v -0.21250000 1.92499995 1.27817723
v -0.23750000 1.92499995 1.30853161
v -0.21250000 1.92499995 1.80217722
v -0.22500000 1.92499995 1.29335442
v -0.21250000 1.92499995 1.54017723
v -0.23750000 1.92499995 1.55535442
v -0.21250000 1.92499995 2.04900002
v -0.23750000 1.92499995 2.04900002
v -0.22500000 1.92499995 1.80217722
v -0.23750000 1.92499995 1.80217722
v -0.20625000 1.92499995 1.00858864
v -0.21875000 1.92499995 1.02376583
v -0.24375000 1.92499995 1.05412021
v -0.23125000 1.92499995 1.03894302
v -0.20625000 1.92499995 1.00100005
v -0.21875000 1.92499995 1.00100005
v -0.21250000 1.92499995 1.00858864
v -0.24375000 1.92499995 1.00100005
v -0.23125000 1.92499995 1.00100005
v -0.22500000 1.92499995 1.02376583
v -0.22500000 1.92499995 1.00858864
v -0.21875000 1.92499995 1.01617724
v -0.21875000 1.92499995 1.00858864
v -0.24375000 1.92499995 1.04653162
v -0.24375000 1.92499995 1.00858864
v -0.23125000 1.92499995 1.03135443
v -0.24375000 1.92499995 1.03135443
v -0.23750000 1.92499995 1.03894302
v -0.23125000 1.92499995 1.02376583
v -0.24375000 1.92499995 1.03894302
v -0.23125000 1.92499995 1.00858864
v -0.24375000 1.92499995 1.02376583
v -0.23750000 1.92499995 1.00858864
v -0.23125000 1.92499995 1.01617724
v -0.24375000 1.92499995 1.01617724
v -0.23750000 1.92499995 1.02376583
v -0.20625000 1.92499995 1.13958864
v -0.21875000 1.92499995 1.15476583
v -0.20625000 1.92499995 1.40158863
v -0.21250000 1.92499995 1.14717723
v -0.20625000 1.92499995 1.27058864
v -0.24375000 1.92499995 1.18512021
v -0.23125000 1.92499995 1.43194301
v -0.23750000 1.92499995 1.17753161
v -0.20625000 1.92499995 1.92558862
v -0.21875000 1.92499995 1.67876582
v -0.20625000 1.92499995 1.79458863
v -0.22500000 1.92499995 1.16235442
v -0.22500000 1.92499995 1.42435442
v -0.23125000 1.92499995 1.16994302
v -0.21875000 1.92499995 1.28576583
v -0.23125000 1.92499995 1.30094302
v -0.20625000 1.92499995 1.53258863
v -0.21875000 1.92499995 1.54776582
v -0.20625000 1.92499995 1.66358863
v -0.21250000 1.92499995 1.40917723
v -0.21250000 1.92499995 1.67117722
v -0.21875000 1.92499995 1.41676582
v -0.24375000 1.92499995 1.30853161
v -0.23125000 1.92499995 1.55535442
v -0.24375000 1.92499995 1.55535442
v -0.23750000 1.92499995 1.43194301
v -0.24375000 1.92499995 1.43194301
v -0.20625000 1.92499995 2.04900002
v -0.21875000 1.92499995 2.04900002
v -0.21250000 1.92499995 1.92558862
v -0.24375000 1.92499995 2.04900002
v -0.23125000 1.92499995 2.04900002
v -0.24375000 1.92499995 1.92558862
v -0.22500000 1.92499995 1.67876582
v -0.22500000 1.92499995 1.92558862
v -0.21875000 1.92499995 1.80217722
v -0.23125000 1.92499995 1.67876582
v -0.21875000 1.92499995 1.92558862
v -0.24375000 1.92499995 1.67876582
v -0.23125000 1.92499995 1.92558862
v -0.24375000 1.92499995 1.80217722
v -0.23750000 1.92499995 1.67876582
v -0.23750000 1.92499995 1.92558862
v -0.23125000 1.92499995 1.80217722
v -0.22500000 0.72500002 2.04900002
v -0.22500000 1.32499999 2.04900002
v -0.21250000 0.72500002 2.04900002
v -0.23750000 0.72500002 2.04900002
v -0.21250000 1.02500001 2.04900002
v -0.23750000 1.62499997 2.04900002
v -0.22500000 1.02500001 2.04900002
v -0.23750000 1.02500001 2.04900002
v -0.23750000 1.32499999 2.04900002
v -0.21250000 1.32499999 2.04900002
v -0.22500000 1.62499997 2.04900002
v -0.21250000 1.62499997 2.04900002
v -0.20625000 0.72500002 2.04900002
v -0.21875000 0.72500002 2.04900002
v -0.24375000 0.72500002 2.04900002
v -0.23125000 0.72500002 2.04900002
v -0.20625000 0.87500001 2.04900002
v -0.21875000 1.17500000 2.04900002
v -0.21250000 0.87500001 2.04900002
v -0.24375000 1.77499996 2.04900002
v -0.23125000 1.47499998 2.04900002
v -0.22500000 0.87500001 2.04900002
v -0.22500000 1.17500000 2.04900002
v -0.21875000 0.87500001 2.04900002
v -0.21875000 1.02500001 2.04900002
v -0.24375000 0.87500001 2.04900002
v -0.24375000 1.62499997 2.04900002
v -0.23125000 0.87500001 2.04900002
v -0.24375000 1.17500000 2.04900002
v -0.23750000 0.87500001 2.04900002
v -0.23125000 1.02500001 2.04900002
v -0.24375000 1.02500001 2.04900002
v -0.23125000 1.32499999 2.04900002
v -0.24375000 1.32499999 2.04900002
v -0.23750000 1.47499998 2.04900002
v -0.23125000 1.17500000 2.04900002
v -0.24375000 1.47499998 2.04900002
v -0.23750000 1.17500000 2.04900002
v -0.20625000 1.02500001 2.04900002
v -0.21875000 1.32499999 2.04900002
v -0.20625000 1.32499999 2.04900002
v -0.21250000 1.17500000 2.04900002
v -0.20625000 1.17500000 2.04900002
v -0.23750000 1.77499996 2.04900002
v -0.20625000 1.77499996 2.04900002
v -0.22500000 1.47499998 2.04900002
v -0.22500000 1.77499996 2.04900002
v -0.23125000 1.62499997 2.04900002
v -0.21875000 1.47499998 2.04900002
v -0.23125000 1.77499996 2.04900002
v -0.20625000 1.47499998 2.04900002
v -0.21875000 1.77499996 2.04900002
v -0.20625000 1.62499997 2.04900002
v -0.21250000 1.47499998 2.04900002
v -0.21250000 1.77499996 2.04900002
v -0.21875000 1.62499997 2.04900002
v -0.22500000 0.72500002 2.01864558
v -0.22500000 0.72500002 1.49464560
v -0.22500000 0.72500002 1.00100005
v -0.21250000 0.72500002 2.03382280
v -0.23750000 0.72500002 2.00346836
v -0.22500000 0.72500002 2.03382280
v -0.23750000 0.72500002 2.01864558
v -0.23750000 0.72500002 2.03382280
v -0.21250000 0.72500002 1.77182281
v -0.23750000 0.72500002 1.74146837
v -0.21250000 0.72500002 1.24782282
v -0.22500000 0.72500002 1.75664559
v -0.21250000 0.72500002 1.50982282
v -0.23750000 0.72500002 1.49464560
v -0.21250000 0.72500002 1.00100005
v -0.23750000 0.72500002 1.00100005
v -0.22500000 0.72500002 1.24782282
v -0.23750000 0.72500002 1.24782282
v -0.20625000 0.72500002 2.04141141
v -0.21875000 0.72500002 2.02623419
v -0.24375000 0.72500002 1.99587975
v -0.23125000 0.72500002 2.01105697
v -0.21250000 0.72500002 2.04141141
v -0.22500000 0.72500002 2.02623419
v -0.22500000 0.72500002 2.04141141
v -0.21875000 0.72500002 2.03382280
v -0.21875000 0.72500002 2.04141141
v -0.24375000 0.72500002 2.00346836
v -0.24375000 0.72500002 2.04141141
v -0.23125000 0.72500002 2.01864558
v -0.24375000 0.72500002 2.01864558
v -0.23750000 0.72500002 2.01105697
v -0.23125000 0.72500002 2.02623419
v -0.24375000 0.72500002 2.01105697
v -0.23125000 0.72500002 2.04141141
v -0.24375000 0.72500002 2.02623419
v -0.23750000 0.72500002 2.04141141
v -0.23125000 0.72500002 2.03382280
v -0.24375000 0.72500002 2.03382280
v -0.23750000 0.72500002 2.02623419
v -0.20625000 0.72500002 1.91041142
v -0.21875000 0.72500002 1.89523420
v -0.20625000 0.72500002 1.64841142
v -0.21250000 0.72500002 1.90282281
v -0.20625000 0.72500002 1.77941142
v -0.24375000 0.72500002 1.86487976
v -0.23125000 0.72500002 1.61805698
v -0.23750000 0.72500002 1.87246837
v -0.20625000 0.72500002 1.12441143
v -0.21875000 0.72500002 1.37123421
v -0.20625000 0.72500002 1.25541143
v -0.22500000 0.72500002 1.88764559
v -0.22500000 0.72500002 1.62564559
v -0.23125000 0.72500002 1.88005698
v -0.21875000 0.72500002 1.76423420
v -0.23125000 0.72500002 1.74905698
v -0.20625000 0.72500002 1.51741143
v -0.21875000 0.72500002 1.50223421
v -0.20625000 0.72500002 1.38641143
v -0.21250000 0.72500002 1.64082281
v -0.21250000 0.72500002 1.37882282
v -0.21875000 0.72500002 1.63323420
v -0.24375000 0.72500002 1.74146837
v -0.23125000 0.72500002 1.49464560
v -0.24375000 0.72500002 1.49464560
v -0.23750000 0.72500002 1.61805698
v -0.24375000 0.72500002 1.61805698
v -0.20625000 0.72500002 1.00100005
v -0.21875000 0.72500002 1.00100005
v -0.21250000 0.72500002 1.12441143
v -0.24375000 0.72500002 1.00100005
v -0.23125000 0.72500002 1.00100005
v -0.24375000 0.72500002 1.12441143
v -0.22500000 0.72500002 1.37123421
v -0.22500000 0.72500002 1.12441143
v -0.21875000 0.72500002 1.24782282
v -0.23125000 0.72500002 1.37123421
v -0.21875000 0.72500002 1.12441143
v -0.24375000 0.72500002 1.37123421
v -0.23125000 0.72500002 1.12441143
v -0.24375000 0.72500002 1.24782282
v -0.23750000 0.72500002 1.37123421
v -0.23750000 0.72500002 1.12441143
v -0.23125000 0.72500002 1.24782282
v -0.22500000 1.32499999 1.00100005
v -0.21250000 1.62499997 1.00100005
v -0.23750000 1.02500001 1.00100005
v -0.22500000 1.62499997 1.00100005
v -0.23750000 1.62499997 1.00100005
v -0.23750000 1.32499999 1.00100005
v -0.21250000 1.32499999 1.00100005
v -0.22500000 1.02500001 1.00100005
v -0.21250000 1.02500001 1.00100005
v -0.20625000 1.77499996 1.00100005
v -0.21875000 1.47499998 1.00100005
v -0.21250000 1.77499996 1.00100005
v -0.24375000 0.87500001 1.00100005
v -0.23125000 1.17500000 1.00100005
v -0.22500000 1.77499996 1.00100005
v -0.22500000 1.47499998 1.00100005
v -0.21875000 1.77499996 1.00100005
v -0.21875000 1.62499997 1.00100005
v -0.24375000 1.77499996 1.00100005
v -0.24375000 1.02500001 1.00100005
v -0.23125000 1.77499996 1.00100005
v -0.24375000 1.47499998 1.00100005
v -0.23750000 1.77499996 1.00100005
v -0.23125000 1.62499997 1.00100005
v -0.24375000 1.62499997 1.00100005
v -0.23125000 1.32499999 1.00100005
v -0.24375000 1.32499999 1.00100005
v -0.23750000 1.17500000 1.00100005
v -0.23125000 1.47499998 1.00100005
v -0.24375000 1.17500000 1.00100005
v -0.23750000 1.47499998 1.00100005
v -0.20625000 1.62499997 1.00100005
v -0.21875000 1.32499999 1.00100005
v -0.20625000 1.32499999 1.00100005
v -0.21250000 1.47499998 1.00100005
v -0.20625000 1.47499998 1.00100005
v -0.23750000 0.87500001 1.00100005
v -0.20625000 0.87500001 1.00100005
v -0.22500000 1.17500000 1.00100005
v -0.22500000 0.87500001 1.00100005
v -0.23125000 1.02500001 1.00100005
v -0.21875000 1.17500000 1.00100005
v -0.23125000 0.87500001 1.00100005
v -0.20625000 1.17500000 1.00100005
v -0.21875000 0.87500001 1.00100005
v -0.20625000 1.02500001 1.00100005
v -0.21250000 1.17500000 1.00100005
v -0.21250000 0.87500001 1.00100005
v -0.21875000 1.02500001 1.00100005
v 2.50000000 1.92499995 1.00100005
v 2.50000000 1.92499995 2.04900002
v 2.50000000 0.72500002 2.04900002
v 2.50000000 0.72500002 1.00100005
v 2.50000000 1.92499995 1.52500004
v 2.50000000 1.32499999 1.52500004
v 2.50000000 1.32499999 2.04900002
v 2.50000000 1.32499999 1.00100005
v 2.50000000 0.72500002 1.52500004
v 2.50000000 1.92499995 1.26300004
v 2.50000000 1.92499995 1.78700003
v 2.50000000 1.62499997 1.26300004
v 2.50000000 1.02500001 1.78700003
v 2.50000000 1.62499997 1.52500004
v 2.50000000 1.62499997 2.04900002
v 2.50000000 1.02500001 2.04900002
v 2.50000000 1.62499997 1.78700003
v 2.50000000 1.32499999 1.78700003
v 2.50000000 1.62499997 1.00100005
v 2.50000000 1.02500001 1.00100005
v 2.50000000 1.32499999 1.26300004
v 2.50000000 0.72500002 1.78700003
v 2.50000000 0.72500002 1.26300004
v 2.50000000 1.02500001 1.52500004
v 2.50000000 1.02500001 1.26300004
v 2.50000000 1.92499995 1.13200004
v 2.50000000 1.92499995 1.39400004
v 2.50000000 1.92499995 1.91800003
v 2.50000000 1.92499995 1.65600003
v 2.50000000 1.77499996 1.13200004
v 2.50000000 1.47499998 1.39400004
v 2.50000000 1.77499996 1.26300004
v 2.50000000 0.87500001 1.91800003
v 2.50000000 1.17500000 1.65600003
v 2.50000000 1.77499996 1.52500004
v 2.50000000 1.47499998 1.52500004
v 2.50000000 1.77499996 1.39400004
v 2.50000000 1.62499997 1.39400004
v 2.50000000 1.77499996 2.04900002
v 2.50000000 1.47499998 2.04900002
v 2.50000000 1.77499996 1.91800003
v 2.50000000 0.87500001 2.04900002
v 2.50000000 1.17500000 2.04900002
v 2.50000000 1.02500001 1.91800003
v 2.50000000 1.77499996 1.65600003
v 2.50000000 1.47499998 1.91800003
v 2.50000000 1.77499996 1.78700003
v 2.50000000 1.62499997 1.65600003
v 2.50000000 1.62499997 1.91800003
v 2.50000000 1.32499999 1.65600003
v 2.50000000 1.32499999 1.91800003
v 2.50000000 1.17500000 1.78700003
v 2.50000000 1.47499998 1.65600003
v 2.50000000 1.17500000 1.91800003
v 2.50000000 1.47499998 1.78700003
v 2.50000000 1.77499996 1.00100005
v 2.50000000 1.47499998 1.00100005
v 2.50000000 1.62499997 1.13200004
v 2.50000000 0.87500001 1.00100005
v 2.50000000 1.17500000 1.00100005
v 2.50000000 1.32499999 1.39400004
v 2.50000000 1.32499999 1.13200004
v 2.50000000 1.47499998 1.26300004
v 2.50000000 1.47499998 1.13200004
v 2.50000000 0.72500002 1.91800003
v 2.50000000 0.72500002 1.65600003
v 2.50000000 0.87500001 1.78700003
v 2.50000000 0.72500002 1.13200004
v 2.50000000 0.72500002 1.39400004
v 2.50000000 0.87500001 1.13200004
v 2.50000000 1.17500000 1.52500004
v 2.50000000 0.87500001 1.52500004
v 2.50000000 1.02500001 1.65600003
v 2.50000000 1.17500000 1.39400004
v 2.50000000 0.87500001 1.65600003
v 2.50000000 1.17500000 1.13200004
v 2.50000000 0.87500001 1.39400004
v 2.50000000 1.02500001 1.13200004
v 2.50000000 1.17500000 1.26300004
v 2.50000000 0.87500001 1.26300004
v 2.50000000 1.02500001 1.39400004
v 2.52499998 0.72500002 1.03135443
v 2.52499998 0.72500002 1.00100005
v 2.52499998 0.72500002 1.55535442
v 2.52499998 0.72500002 2.04900002
v 2.51249999 0.72500002 1.01617724
v 2.53749996 0.72500002 1.04653162
v 2.51249999 0.72500002 1.00100005
v 2.53749996 0.72500002 1.00100005
v 2.52499998 0.72500002 1.01617724
v 2.53749996 0.72500002 1.03135443
v 2.53749996 0.72500002 1.01617724
v 2.51249999 0.72500002 1.27817723
v 2.53749996 0.72500002 1.30853161
v 2.51249999 0.72500002 1.80217722
v 2.52499998 0.72500002 1.29335442
v 2.51249999 0.72500002 1.54017723
v 2.53749996 0.72500002 1.55535442
v 2.51249999 0.72500002 2.04900002
v 2.53749996 0.72500002 2.04900002
v 2.52499998 0.72500002 1.80217722
v 2.53749996 0.72500002 1.80217722
v 2.50624999 0.72500002 1.00858864
v 2.51874998 0.72500002 1.02376583
v 2.54374996 0.72500002 1.05412021
v 2.53124997 0.72500002 1.03894302
v 2.50624999 0.72500002 1.00100005
v 2.51874998 0.72500002 1.00100005
v 2.51249999 0.72500002 1.00858864
v 2.54374996 0.72500002 1.00100005
v 2.53124997 0.72500002 1.00100005
v 2.52499998 0.72500002 1.02376583
v 2.52499998 0.72500002 1.00858864
v 2.51874998 0.72500002 1.01617724
v 2.51874998 0.72500002 1.00858864
v 2.54374996 0.72500002 1.04653162
v 2.54374996 0.72500002 1.00858864
v 2.53124997 0.72500002 1.03135443
v 2.54374996 0.72500002 1.03135443
v 2.53749996 0.72500002 1.03894302
v 2.53124997 0.72500002 1.02376583
v 2.54374996 0.72500002 1.03894302
v 2.53124997 0.72500002 1.00858864
v 2.54374996 0.72500002 1.02376583
v 2.53749996 0.72500002 1.00858864
v 2.53124997 0.72500002 1.01617724
v 2.54374996 0.72500002 1.01617724
v 2.53749996 0.72500002 1.02376583
v 2.50624999 0.72500002 1.13958864
v 2.51874998 0.72500002 1.15476583
v 2.50624999 0.72500002 1.40158863
v 2.51249999 0.72500002 1.14717723
v 2.50624999 0.72500002 1.27058864
v 2.54374996 0.72500002 1.18512021
v 2.53124997 0.72500002 1.43194301
v 2.53749996 0.72500002 1.17753161
v 2.50624999 0.72500002 1.92558862
v 2.51874998 0.72500002 1.67876582
v 2.50624999 0.72500002 1.79458863
v 2.52499998 0.72500002 1.16235442
v 2.52499998 0.72500002 1.42435442
v 2.53124997 0.72500002 1.16994302
v 2.51874998 0.72500002 1.28576583
v 2.53124997 0.72500002 1.30094302
v 2.50624999 0.72500002 1.53258863
v 2.51874998 0.72500002 1.54776582
v 2.50624999 0.72500002 1.66358863
v 2.51249999 0.72500002 1.40917723
v 2.51249999 0.72500002 1.67117722
v 2.51874998 0.72500002 1.41676582
v 2.54374996 0.72500002 1.30853161
v 2.53124997 0.72500002 1.55535442
v 2.54374996 0.72500002 1.55535442
v 2.53749996 0.72500002 1.43194301
v 2.54374996 0.72500002 1.43194301
v 2.50624999 0.72500002 2.04900002
v 2.51874998 0.72500002 2.04900002
v 2.51249999 0.72500002 1.92558862
v 2.54374996 0.72500002 2.04900002
v 2.53124997 0.72500002 2.04900002
v 2.54374996 0.72500002 1.92558862
v 2.52499998 0.72500002 1.67876582
v 2.52499998 0.72500002 1.92558862
v 2.51874998 0.72500002 1.80217722
v 2.53124997 0.72500002 1.67876582
v 2.51874998 0.72500002 1.92558862
v 2.54374996 0.72500002 1.67876582
v 2.53124997 0.72500002 1.92558862
v 2.54374996 0.72500002 1.80217722
v 2.53749996 0.72500002 1.67876582
v 2.53749996 0.72500002 1.92558862
v 2.53124997 0.72500002 1.80217722
v 2.52499998 1.92499995 2.04900002
v 2.52499998 1.32499999 2.04900002
v 2.51249999 1.92499995 2.04900002
v 2.53749996 1.92499995 2.04900002
v 2.51249999 1.62499997 2.04900002
v 2.53749996 1.02500001 2.04900002
v 2.52499998 1.62499997 2.04900002
v 2.53749996 1.62499997 2.04900002
v 2.53749996 1.32499999 2.04900002
v 2.51249999 1.32499999 2.04900002
v 2.52499998 1.02500001 2.04900002
v 2.51249999 1.02500001 2.04900002
v 2.50624999 1.92499995 2.04900002
v 2.51874998 1.92499995 2.04900002
v 2.54374996 1.92499995 2.04900002
v 2.53124997 1.92499995 2.04900002
v 2.50624999 1.77499996 2.04900002
v 2.51874998 1.47499998 2.04900002
v 2.51249999 1.77499996 2.04900002
v 2.54374996 0.87500001 2.04900002
v 2.53124997 1.17500000 2.04900002
v 2.52499998 1.77499996 2.04900002
v 2.52499998 1.47499998 2.04900002
v 2.51874998 1.77499996 2.04900002
v 2.51874998 1.62499997 2.04900002
v 2.54374996 1.77499996 2.04900002
v 2.54374996 1.02500001 2.04900002
v 2.53124997 1.77499996 2.04900002
v 2.54374996 1.47499998 2.04900002
v 2.53749996 1.77499996 2.04900002
v 2.53124997 1.62499997 2.04900002
v 2.54374996 1.62499997 2.04900002
v 2.53124997 1.32499999 2.04900002
v 2.54374996 1.32499999 2.04900002
v 2.53749996 1.17500000 2.04900002
v 2.53124997 1.47499998 2.04900002
v 2.54374996 1.17500000 2.04900002
v 2.53749996 1.47499998 2.04900002
v 2.50624999 1.62499997 2.04900002
v 2.51874998 1.32499999 2.04900002
v 2.50624999 1.32499999 2.04900002
v 2.51249999 1.47499998 2.04900002
v 2.50624999 1.47499998 2.04900002
v 2.53749996 0.87500001 2.04900002
v 2.50624999 0.87500001 2.04900002
v 2.52499998 1.17500000 2.04900002
v 2.52499998 0.87500001 2.04900002
v 2.53124997 1.02500001 2.04900002
v 2.51874998 1.17500000 2.04900002
v 2.53124997 0.87500001 2.04900002
v 2.50624999 1.17500000 2.04900002
v 2.51874998 0.87500001 2.04900002
v 2.50624999 1.02500001 2.04900002
v 2.51249999 1.17500000 2.04900002
v 2.51249999 0.87500001 2.04900002
v 2.51874998 1.02500001 2.04900002
v 2.52499998 1.92499995 2.01864558
v 2.52499998 1.92499995 1.49464560
v 2.52499998 1.92499995 1.00100005
v 2.51249999 1.92499995 2.03382280
v 2.53749996 1.92499995 2.00346836
v 2.52499998 1.92499995 2.03382280
v 2.53749996 1.92499995 2.01864558
v 2.53749996 1.92499995 2.03382280
v 2.51249999 1.92499995 1.77182281
v 2.53749996 1.92499995 1.74146837
v 2.51249999 1.92499995 1.24782282
v 2.52499998 1.92499995 1.75664559
v 2.51249999 1.92499995 1.50982282
v 2.53749996 1.92499995 1.49464560
v 2.51249999 1.92499995 1.00100005
v 2.53749996 1.92499995 1.00100005
v 2.52499998 1.92499995 1.24782282
v 2.53749996 1.92499995 1.24782282
v 2.50624999 1.92499995 2.04141141
v 2.51874998 1.92499995 2.02623419
v 2.54374996 1.92499995 1.99587975
v 2.53124997 1.92499995 2.01105697
v 2.51249999 1.92499995 2.04141141
v 2.52499998 1.92499995 2.02623419
v 2.52499998 1.92499995 2.04141141
v 2.51874998 1.92499995 2.03382280
v 2.51874998 1.92499995 2.04141141
v 2.54374996 1.92499995 2.00346836
v 2.54374996 1.92499995 2.04141141
v 2.53124997 1.92499995 2.01864558
v 2.54374996 1.92499995 2.01864558
v 2.53749996 1.92499995 2.01105697
v 2.53124997 1.92499995 2.02623419
v 2.54374996 1.92499995 2.01105697
v 2.53124997 1.92499995 2.04141141
v 2.54374996 1.92499995 2.02623419
v 2.53749996 1.92499995 2.04141141
v 2.53124997 1.92499995 2.03382280
v 2.54374996 1.92499995 2.03382280
v 2.53749996 1.92499995 2.02623419
v 2.50624999 1.92499995 1.91041142
v 2.51874998 1.92499995 1.89523420
v 2.50624999 1.92499995 1.64841142
v 2.51249999 1.92499995 1.90282281
v 2.50624999 1.92499995 1.77941142
v 2.54374996 1.92499995 1.86487976
v 2.53124997 1.92499995 1.61805698
v 2.53749996 1.92499995 1.87246837
v 2.50624999 1.92499995 1.12441143
v 2.51874998 1.92499995 1.37123421
v 2.50624999 1.92499995 1.25541143
v 2.52499998 1.92499995 1.88764559
v 2.52499998 1.92499995 1.62564559
v 2.53124997 1.92499995 1.88005698
v 2.51874998 1.92499995 1.76423420
v 2.53124997 1.92499995 1.74905698
v 2.50624999 1.92499995 1.51741143
v 2.51874998 1.92499995 1.50223421
v 2.50624999 1.92499995 1.38641143
v 2.51249999 1.92499995 1.64082281
v 2.51249999 1.92499995 1.37882282
v 2.51874998 1.92499995 1.63323420
v 2.54374996 1.92499995 1.74146837
v 2.53124997 1.92499995 1.49464560
v 2.54374996 1.92499995 1.49464560
v 2.53749996 1.92499995 1.61805698
v 2.54374996 1.92499995 1.61805698
v 2.50624999 1.92499995 1.00100005
v 2.51874998 1.92499995 1.00100005
v 2.51249999 1.92499995 1.12441143
v 2.54374996 1.92499995 1.00100005
v 2.53124997 1.92499995 1.00100005
v 2.54374996 1.92499995 1.12441143
v 2.52499998 1.92499995 1.37123421
v 2.52499998 1.92499995 1.12441143
v 2.51874998 1.92499995 1.24782282
v 2.53124997 1.92499995 1.37123421
v 2.51874998 1.92499995 1.12441143
v 2.54374996 1.92499995 1.37123421
v 2.53124997 1.92499995 1.12441143
v 2.54374996 1.92499995 1.24782282
v 2.53749996 1.92499995 1.37123421
v 2.53749996 1.92499995 1.12441143
v 2.53124997 1.92499995 1.24782282
v 2.52499998 1.32499999 1.00100005
v 2.51249999 1.02500001 1.00100005
v 2.53749996 1.62499997 1.00100005
v 2.52499998 1.02500001 1.00100005
v 2.53749996 1.02500001 1.00100005
v 2.53749996 1.32499999 1.00100005
v 2.51249999 1.32499999 1.00100005
v 2.52499998 1.62499997 1.00100005
v 2.51249999 1.62499997 1.00100005
v 2.50624999 0.87500001 1.00100005
v 2.51874998 1.17500000 1.00100005
v 2.51249999 0.87500001 1.00100005
v 2.54374996 1.77499996 1.00100005
v 2.53124997 1.47499998 1.00100005
v 2.52499998 0.87500001 1.00100005
v 2.52499998 1.17500000 1.00100005
v 2.51874998 0.87500001 1.00100005
v 2.51874998 1.02500001 1.00100005
v 2.54374996 0.87500001 1.00100005
v 2.54374996 1.62499997 1.00100005
v 2.53124997 0.87500001 1.00100005
v 2.54374996 1.17500000 1.00100005
v 2.53749996 0.87500001 1.00100005
v 2.53124997 1.02500001 1.00100005
v 2.54374996 1.02500001 1.00100005
v 2.53124997 1.32499999 1.00100005
v 2.54374996 1.32499999 1.00100005
v 2.53749996 1.47499998 1.00100005
v 2.53124997 1.17500000 1.00100005
v 2.54374996 1.47499998 1.00100005
v 2.53749996 1.17500000 1.00100005
v 2.50624999 1.02500001 1.00100005
v 2.51874998 1.32499999 1.00100005
v 2.50624999 1.32499999 1.00100005
v 2.51249999 1.17500000 1.00100005
v 2.50624999 1.17500000 1.00100005
v 2.53749996 1.77499996 1.00100005
v 2.50624999 1.77499996 1.00100005
v 2.52499998 1.47499998 1.00100005
v 2.52499998 1.77499996 1.00100005
v 2.53124997 1.62499997 1.00100005
v 2.51874998 1.47499998 1.00100005
v 2.53124997 1.77499996 1.00100005
v 2.50624999 1.47499998 1.00100005
v 2.51874998 1.77499996 1.00100005
v 2.50624999 1.62499997 1.00100005
v 2.51249999 1.47499998 1.00100005
v 2.51249999 1.77499996 1.00100005
v 2.51874998 1.62499997 1.00100005
v 1.00677288 1.75265908 2.84999990
v 1.05856526 1.69093537 2.84999990
v 1.05856526 1.89495730 2.84999990
v 1.13791573 1.90894890 2.84999990
v 1.20769525 1.86866164 2.84999990
v 1.20769525 1.71723104 2.84999990
v 1.13791573 1.67694378 2.84999990
v 1.23525345 1.79294634 2.84999990
v 1.00677288 1.83323359 2.84999990
v 1.03266907 1.72179723 2.84999990
v 1.03266907 1.82380819 2.84999990
v 1.05856526 1.79294634 2.84999990
v 1.09824049 1.79994214 2.84999990
v 1.09824049 1.90195310 2.84999990
v 1.17280549 1.88880527 2.84999990
v 1.17280549 1.81308997 2.84999990
v 1.20769525 1.79294634 2.84999990
v 1.09824049 1.68393958 2.84999990
v 1.13791573 1.79294634 2.84999990
v 1.17280549 1.69708741 2.84999990
v 1.22147435 1.83080399 2.84999990
v 1.22147435 1.75508869 2.84999990
v 1.00677288 1.79294634 2.84999990
v 1.03266907 1.86409545 2.84999990
v 1.01972097 1.73722816 2.84999990
v 1.04561716 1.70636630 2.84999990
v 1.01972097 1.78823364 2.84999990
v 1.04561716 1.85938275 2.84999990
v 1.03266907 1.77280271 2.84999990
v 1.05856526 1.74194086 2.84999990
v 1.05856526 1.84395182 2.84999990
v 1.04561716 1.75737178 2.84999990
v 1.04561716 1.80837727 2.84999990
v 1.07840288 1.74543875 2.84999990
v 1.11807811 1.85444552 2.84999990
v 1.07840288 1.79644424 2.84999990
v 1.07840288 1.89845520 2.84999990
v 1.11807811 1.90545100 2.84999990
v 1.07840288 1.84744972 2.84999990
v 1.09824049 1.85094762 2.84999990
v 1.15536061 1.89887708 2.84999990
v 1.19025037 1.87873346 2.84999990
v 1.15536061 1.86101943 2.84999990
v 1.19025037 1.76516050 2.84999990
v 1.17280549 1.85094762 2.84999990
v 1.20769525 1.83080399 2.84999990
v 1.20769525 1.75508869 2.84999990
v 1.19025037 1.84087580 2.84999990
v 1.19025037 1.80301815 2.84999990
v 1.07840288 1.68743747 2.84999990
v 1.11807811 1.68044168 2.84999990
v 1.09824049 1.74194086 2.84999990
v 1.13791573 1.85094762 2.84999990
v 1.13791573 1.73494506 2.84999990
v 1.11807811 1.79644424 2.84999990
v 1.15536061 1.80301815 2.84999990
v 1.11807811 1.73844296 2.84999990
v 1.19025037 1.70715922 2.84999990
v 1.15536061 1.68701559 2.84999990
v 1.17280549 1.75508869 2.84999990
v 1.15536061 1.74501687 2.84999990
v 1.21458480 1.84973282 2.84999990
v 1.22836390 1.81187516 2.84999990
v 1.21458480 1.81187516 2.84999990
v 1.21458480 1.73615986 2.84999990
v 1.22836390 1.77401751 2.84999990
v 1.21458480 1.77401751 2.84999990
v 1.22147435 1.79294634 2.84999990
v 1.00677288 1.77280271 2.84999990
v 1.00677288 1.81308997 2.84999990
v 1.01972097 1.80837727 2.84999990
v 1.04561716 1.87952638 2.84999990
v 1.01972097 1.84866452 2.84999990
v 1.03266907 1.84395182 2.84999990
v 1.01972097 1.82852089 2.84999990
v 1.01324692 1.74494362 2.84999990
v 1.02619502 1.72951269 2.84999990
v 1.05209121 1.69865084 2.84999990
v 1.03914312 1.71408176 2.84999990
v 1.01324692 1.77044636 2.84999990
v 1.02619502 1.80602092 2.84999990
v 1.01972097 1.76273090 2.84999990
v 1.05209121 1.87717003 2.84999990
v 1.03914312 1.84159547 2.84999990
v 1.03266907 1.74729997 2.84999990
v 1.03266907 1.79830545 2.84999990
v 1.02619502 1.75501543 2.84999990
v 1.02619502 1.78051817 2.84999990
v 1.05856526 1.71643811 2.84999990
v 1.05856526 1.76744360 2.84999990
v 1.05209121 1.72415358 2.84999990
v 1.05856526 1.86945456 2.84999990
v 1.05856526 1.81844908 2.84999990
v 1.05209121 1.85166728 2.84999990
v 1.03914312 1.73958451 2.84999990
v 1.05209121 1.77515906 2.84999990
v 1.04561716 1.73186904 2.84999990
v 1.03914312 1.76508725 2.84999990
v 1.05209121 1.74965632 2.84999990
v 1.03914312 1.81609273 2.84999990
v 1.05209121 1.80066180 2.84999990
v 1.04561716 1.83388001 2.84999990
v 1.03914312 1.79058999 2.84999990
v 1.05209121 1.82616454 2.84999990
v 1.04561716 1.78287452 2.84999990
v 1.06848407 1.71818706 2.84999990
v 1.08832169 1.77269045 2.84999990
v 1.06848407 1.74368981 2.84999990
v 1.12799692 1.88169721 2.84999990
v 1.10815930 1.82719383 2.84999990
v 1.06848407 1.79469529 2.84999990
v 1.08832169 1.79819319 2.84999990
v 1.06848407 1.76919255 2.84999990
v 1.07840288 1.77094150 2.84999990
v 1.06848407 1.89670625 2.84999990
v 1.08832169 1.90020415 2.84999990
v 1.06848407 1.87120351 2.84999990
v 1.12799692 1.90719995 2.84999990
v 1.10815930 1.90370205 2.84999990
v 1.11807811 1.87994826 2.84999990
v 1.06848407 1.82019803 2.84999990
v 1.08832169 1.87470141 2.84999990
v 1.06848407 1.84570077 2.84999990
v 1.07840288 1.82194698 2.84999990
v 1.07840288 1.87295246 2.84999990
v 1.09824049 1.82544488 2.84999990
v 1.09824049 1.87645036 2.84999990
v 1.10815930 1.85269657 2.84999990
v 1.08832169 1.82369593 2.84999990
v 1.10815930 1.87819931 2.84999990
v 1.08832169 1.84919867 2.84999990
v 1.14663817 1.90391299 2.84999990
v 1.16408305 1.89384118 2.84999990
v 1.19897281 1.87369755 2.84999990
v 1.18152793 1.88376936 2.84999990
v 1.14663817 1.88498417 2.84999990
v 1.16408305 1.83705470 2.84999990
v 1.15536061 1.87994826 2.84999990
v 1.19897281 1.74119577 2.84999990
v 1.18152793 1.78912523 2.84999990
v 1.17280549 1.86987644 2.84999990
v 1.17280549 1.83201879 2.84999990
v 1.16408305 1.87491235 2.84999990
v 1.16408305 1.85598353 2.84999990
v 1.20769525 1.84973282 2.84999990
v 1.20769525 1.81187516 2.84999990
v 1.19897281 1.85476872 2.84999990
v 1.20769525 1.73615986 2.84999990
v 1.20769525 1.77401751 2.84999990
v 1.19897281 1.76012459 2.84999990
v 1.18152793 1.86484054 2.84999990
v 1.19897281 1.81691107 2.84999990
v 1.19025037 1.85980463 2.84999990
v 1.18152793 1.84591171 2.84999990
v 1.19897281 1.83583990 2.84999990
v 1.18152793 1.80805406 2.84999990
v 1.19897281 1.79798225 2.84999990
v 1.19025037 1.78408933 2.84999990
v 1.18152793 1.82698289 2.84999990
v 1.19897281 1.77905342 2.84999990
v 1.19025037 1.82194698 2.84999990
v 1.06848407 1.68918642 2.84999990
v 1.08832169 1.68568853 2.84999990
v 1.07840288 1.71643811 2.84999990
v 1.12799692 1.67869273 2.84999990
v 1.10815930 1.68219063 2.84999990
v 1.09824049 1.77094150 2.84999990
v 1.09824049 1.71294022 2.84999990
v 1.08832169 1.74368981 2.84999990
v 1.08832169 1.71468917 2.84999990
v 1.13791573 1.87994826 2.84999990
v 1.13791573 1.82194698 2.84999990
v 1.12799692 1.85269657 2.84999990
v 1.14663817 1.85598353 2.84999990
v 1.13791573 1.70594442 2.84999990
v 1.13791573 1.76394570 2.84999990
v 1.12799692 1.70769337 2.84999990
v 1.10815930 1.79819319 2.84999990
v 1.12799692 1.79469529 2.84999990
v 1.11807811 1.82544488 2.84999990
v 1.10815930 1.76919255 2.84999990
v 1.12799692 1.82369593 2.84999990
v 1.16408305 1.80805406 2.84999990
v 1.14663817 1.79798225 2.84999990
v 1.15536061 1.83201879 2.84999990
v 1.14663817 1.82698289 2.84999990
v 1.10815930 1.71119127 2.84999990
v 1.12799692 1.76569465 2.84999990
v 1.11807811 1.70944232 2.84999990
v 1.10815930 1.74019191 2.84999990
v 1.12799692 1.73669401 2.84999990
v 1.11807811 1.76744360 2.84999990
v 1.19897281 1.71219513 2.84999990
v 1.18152793 1.70212331 2.84999990
v 1.19025037 1.73615986 2.84999990
v 1.14663817 1.68197969 2.84999990
v 1.16408305 1.69205150 2.84999990
v 1.14663817 1.71098033 2.84999990
v 1.17280549 1.78408933 2.84999990
v 1.17280549 1.72608805 2.84999990
v 1.18152793 1.76012459 2.84999990
v 1.16408305 1.77905342 2.84999990
v 1.18152793 1.73112395 2.84999990
v 1.14663817 1.76898161 2.84999990
v 1.16408305 1.72105214 2.84999990
v 1.14663817 1.73998097 2.84999990
v 1.15536061 1.77401751 2.84999990
v 1.15536061 1.71601623 2.84999990
v 1.16408305 1.75005278 2.84999990
v 1.21114002 1.85919723 2.84999990
v 1.21802957 1.84026840 2.84999990
v 1.21114002 1.84026840 2.84999990
v 1.23180868 1.80241075 2.84999990
v 1.22491913 1.82133958 2.84999990
v 1.21114002 1.80241075 2.84999990
v 1.21802957 1.82133958 2.84999990
v 1.21114002 1.82133958 2.84999990
v 1.21458480 1.83080399 2.84999990
v 1.21114002 1.72669545 2.84999990
v 1.21802957 1.74562427 2.84999990
v 1.21114002 1.74562427 2.84999990
v 1.23180868 1.78348193 2.84999990
v 1.22491913 1.76455310 2.84999990
v 1.22836390 1.79294634 2.84999990
v 1.21114002 1.78348193 2.84999990
v 1.21802957 1.76455310 2.84999990
v 1.21114002 1.76455310 2.84999990
v 1.21458480 1.79294634 2.84999990
v 1.21458480 1.75508869 2.84999990
v 1.22147435 1.81187516 2.84999990
v 1.22147435 1.77401751 2.84999990
v 1.22491913 1.80241075 2.84999990
v 1.21802957 1.80241075 2.84999990
v 1.22491913 1.78348193 2.84999990
v 1.21802957 1.78348193 2.84999990
v 1.00677288 1.76273090 2.84999990
v 1.00677288 1.78287452 2.84999990
v 1.01324692 1.78051817 2.84999990
v 1.00677288 1.82316178 2.84999990
v 1.00677288 1.80301815 2.84999990
v 1.02619502 1.81609273 2.84999990
v 1.01324692 1.80066180 2.84999990
v 1.01972097 1.79830545 2.84999990
v 1.01324692 1.79058999 2.84999990
v 1.05209121 1.88724184 2.84999990
v 1.03914312 1.87181091 2.84999990
v 1.04561716 1.86945456 2.84999990
v 1.01324692 1.84094906 2.84999990
v 1.02619502 1.85637999 2.84999990
v 1.01324692 1.83087724 2.84999990
v 1.03266907 1.83388001 2.84999990
v 1.03266907 1.85402364 2.84999990
v 1.03914312 1.85166728 2.84999990
v 1.02619502 1.82616454 2.84999990
v 1.03914312 1.86173910 2.84999990
v 1.01324692 1.81073362 2.84999990
v 1.02619502 1.84630817 2.84999990
v 1.01324692 1.82080543 2.84999990
v 1.01972097 1.81844908 2.84999990
v 1.01972097 1.83859271 2.84999990
v 1.02619502 1.83623636 2.84999990
v 1.23525345 1.79294634 3.04999995
v 1.20769525 1.86866164 3.04999995
v 1.13791573 1.90894890 3.04999995
v 1.05856526 1.89495730 3.04999995
v 1.00677288 1.83323359 3.04999995
v 1.00677288 1.75265908 3.04999995
v 1.05856526 1.69093537 3.04999995
v 1.13791573 1.67694378 3.04999995
v 1.20769525 1.71723104 3.04999995
v 1.22147435 1.83080399 2.94999993
v 1.23525345 1.79294634 2.94999993
v 1.20769525 1.86866164 2.94999993
v 1.22147435 1.83080399 3.04999995
v 1.17280549 1.88880527 2.94999993
v 1.17280549 1.88880527 3.04999995
v 1.13791573 1.90894890 2.94999993
v 1.09824049 1.90195310 2.94999993
v 1.09824049 1.90195310 3.04999995
v 1.05856526 1.89495730 2.94999993
v 1.03266907 1.86409545 2.94999993
v 1.03266907 1.86409545 3.04999995
v 1.00677288 1.83323359 2.94999993
v 1.00677288 1.79294634 2.94999993
v 1.00677288 1.79294634 3.04999995
v 1.00677288 1.75265908 2.94999993
v 1.03266907 1.72179723 2.94999993
v 1.03266907 1.72179723 3.04999995
v 1.05856526 1.69093537 2.94999993
v 1.09824049 1.68393958 2.94999993
v 1.09824049 1.68393958 3.04999995
v 1.13791573 1.67694378 2.94999993
v 1.17280549 1.69708741 2.94999993
v 1.22147435 1.75508869 2.94999993
v 1.22147435 1.75508869 3.04999995
v 1.17280549 1.69708741 3.04999995
v 1.20769525 1.71723104 2.94999993
v 1.21458480 1.84973282 2.89999992
v 1.22836390 1.81187516 2.99999994
v 1.22147435 1.83080399 2.89999992
v 1.23525345 1.79294634 2.89999992
v 1.23525345 1.79294634 2.99999994
v 1.22836390 1.81187516 2.89999992
v 1.22836390 1.81187516 2.94999993
v 1.20769525 1.86866164 2.89999992
v 1.20769525 1.86866164 2.99999994
v 1.21458480 1.84973282 2.94999993
v 1.22836390 1.81187516 3.04999995
v 1.21458480 1.84973282 3.04999995
v 1.22147435 1.83080399 2.99999994
v 1.21458480 1.84973282 2.99999994
v 1.19025037 1.87873346 2.89999992
v 1.19025037 1.87873346 2.99999994
v 1.15536061 1.89887708 2.89999992
v 1.19025037 1.87873346 2.94999993
v 1.17280549 1.88880527 2.89999992
v 1.19025037 1.87873346 3.04999995
v 1.15536061 1.89887708 3.04999995
v 1.17280549 1.88880527 2.99999994
v 1.13791573 1.90894890 2.89999992
v 1.13791573 1.90894890 2.99999994
v 1.15536061 1.89887708 2.94999993
v 1.15536061 1.89887708 2.99999994
v 1.11807811 1.90545100 2.89999992
v 1.11807811 1.90545100 2.99999994
v 1.07840288 1.89845520 2.89999992
v 1.11807811 1.90545100 2.94999993
v 1.09824049 1.90195310 2.89999992
v 1.11807811 1.90545100 3.04999995
v 1.07840288 1.89845520 3.04999995
v 1.09824049 1.90195310 2.99999994
v 1.05856526 1.89495730 2.89999992
v 1.05856526 1.89495730 2.99999994
v 1.07840288 1.89845520 2.94999993
v 1.07840288 1.89845520 2.99999994
v 1.04561716 1.87952638 2.89999992
v 1.04561716 1.87952638 2.99999994
v 1.01972097 1.84866452 2.89999992
v 1.04561716 1.87952638 2.94999993
v 1.03266907 1.86409545 2.89999992
v 1.04561716 1.87952638 3.04999995
v 1.01972097 1.84866452 3.04999995
v 1.03266907 1.86409545 2.99999994
v 1.00677288 1.83323359 2.89999992
v 1.00677288 1.83323359 2.99999994
v 1.01972097 1.84866452 2.94999993
v 1.01972097 1.84866452 2.99999994
v 1.00677288 1.81308997 2.89999992
v 1.00677288 1.81308997 2.99999994
v 1.00677288 1.77280271 2.89999992
v 1.00677288 1.81308997 2.94999993
v 1.00677288 1.79294634 2.89999992
v 1.00677288 1.81308997 3.04999995
v 1.00677288 1.77280271 3.04999995
v 1.00677288 1.79294634 2.99999994
v 1.00677288 1.75265908 2.89999992
v 1.00677288 1.75265908 2.99999994
v 1.00677288 1.77280271 2.94999993
v 1.00677288 1.77280271 2.99999994
v 1.01972097 1.73722816 2.89999992
v 1.01972097 1.73722816 2.99999994
v 1.04561716 1.70636630 2.89999992
v 1.01972097 1.73722816 2.94999993
v 1.03266907 1.72179723 2.89999992
v 1.01972097 1.73722816 3.04999995
v 1.04561716 1.70636630 3.04999995
v 1.03266907 1.72179723 2.99999994
v 1.05856526 1.69093537 2.89999992
v 1.05856526 1.69093537 2.99999994
v 1.04561716 1.70636630 2.94999993
v 1.04561716 1.70636630 2.99999994
v 1.07840288 1.68743747 2.89999992
v 1.07840288 1.68743747 2.99999994
v 1.11807811 1.68044168 2.89999992
v 1.07840288 1.68743747 2.94999993
v 1.09824049 1.68393958 2.89999992
v 1.07840288 1.68743747 3.04999995
v 1.11807811 1.68044168 3.04999995
v 1.09824049 1.68393958 2.99999994
v 1.13791573 1.67694378 2.89999992
v 1.13791573 1.67694378 2.99999994
v 1.11807811 1.68044168 2.94999993
v 1.11807811 1.68044168 2.99999994
v 1.15536061 1.68701559 2.89999992
v 1.15536061 1.68701559 2.99999994
v 1.19025037 1.70715922 2.89999992
v 1.15536061 1.68701559 2.94999993
v 1.17280549 1.69708741 2.89999992
v 1.22836390 1.77401751 2.89999992
v 1.21458480 1.73615986 2.99999994
v 1.22836390 1.77401751 2.94999993
v 1.22147435 1.75508869 2.89999992
v 1.22836390 1.77401751 3.04999995
v 1.21458480 1.73615986 3.04999995
v 1.22836390 1.77401751 2.99999994
v 1.22147435 1.75508869 2.99999994
v 1.15536061 1.68701559 3.04999995
v 1.19025037 1.70715922 3.04999995
v 1.17280549 1.69708741 2.99999994
v 1.20769525 1.71723104 2.89999992
v 1.20769525 1.71723104 2.99999994
v 1.21458480 1.73615986 2.89999992
v 1.19025037 1.70715922 2.94999993
v 1.21458480 1.73615986 2.94999993
v 1.19025037 1.70715922 2.99999994
v 1.21114002 1.85919723 2.87499991
v 1.21802957 1.84026840 2.92499992
v 1.21458480 1.84973282 2.87499991
v 1.23180868 1.80241075 3.02499995
v 1.22491913 1.82133958 2.97499993
v 1.22147435 1.83080399 2.87499991
v 1.22147435 1.83080399 2.92499992
v 1.21802957 1.84026840 2.87499991
v 1.21802957 1.84026840 2.89999992
v 1.23525345 1.79294634 2.87499991
v 1.23525345 1.79294634 2.92499992
v 1.23180868 1.80241075 2.87499991
v 1.23525345 1.79294634 3.02499995
v 1.23525345 1.79294634 2.97499993
v 1.23180868 1.80241075 2.99999994
v 1.22491913 1.82133958 2.87499991
v 1.23180868 1.80241075 2.92499992
v 1.22836390 1.81187516 2.87499991
v 1.22491913 1.82133958 2.89999992
v 1.23180868 1.80241075 2.89999992
v 1.22491913 1.82133958 2.94999993
v 1.23180868 1.80241075 2.94999993
v 1.22836390 1.81187516 2.97499993
v 1.22491913 1.82133958 2.92499992
v 1.23180868 1.80241075 2.97499993
v 1.22836390 1.81187516 2.92499992
v 1.20769525 1.86866164 2.87499991
v 1.20769525 1.86866164 2.92499992
v 1.21114002 1.85919723 2.89999992
v 1.20769525 1.86866164 3.02499995
v 1.20769525 1.86866164 2.97499993
v 1.21802957 1.84026840 2.94999993
v 1.21114002 1.85919723 2.94999993
v 1.21458480 1.84973282 2.92499992
v 1.21114002 1.85919723 2.92499992
v 1.23180868 1.80241075 3.04999995
v 1.22491913 1.82133958 3.04999995
v 1.22836390 1.81187516 3.02499995
v 1.21114002 1.85919723 3.04999995
v 1.21802957 1.84026840 3.04999995
v 1.21114002 1.85919723 3.02499995
v 1.22147435 1.83080399 2.97499993
v 1.22147435 1.83080399 3.02499995
v 1.22491913 1.82133958 2.99999994
v 1.21802957 1.84026840 2.97499993
v 1.22491913 1.82133958 3.02499995
v 1.21114002 1.85919723 2.97499993
v 1.21802957 1.84026840 3.02499995
v 1.21114002 1.85919723 2.99999994
v 1.21458480 1.84973282 2.97499993
v 1.21458480 1.84973282 3.02499995
v 1.21802957 1.84026840 2.99999994
v 1.19897281 1.87369755 2.87499991
v 1.19897281 1.87369755 2.92499992
v 1.18152793 1.88376936 2.87499991
v 1.19897281 1.87369755 2.89999992
v 1.19025037 1.87873346 2.87499991
v 1.19897281 1.87369755 3.02499995
v 1.18152793 1.88376936 2.97499993
v 1.19897281 1.87369755 2.99999994
v 1.14663817 1.90391299 2.87499991
v 1.16408305 1.89384118 2.92499992
v 1.15536061 1.89887708 2.87499991
v 1.19897281 1.87369755 2.94999993
v 1.18152793 1.88376936 2.94999993
v 1.19897281 1.87369755 2.97499993
v 1.19025037 1.87873346 2.92499992
v 1.19025037 1.87873346 2.97499993
v 1.17280549 1.88880527 2.87499991
v 1.17280549 1.88880527 2.92499992
v 1.16408305 1.89384118 2.87499991
v 1.18152793 1.88376936 2.89999992
v 1.16408305 1.89384118 2.89999992
v 1.18152793 1.88376936 2.92499992
v 1.19897281 1.87369755 3.04999995
v 1.18152793 1.88376936 3.04999995
v 1.19025037 1.87873346 3.02499995
v 1.14663817 1.90391299 3.04999995
v 1.16408305 1.89384118 3.04999995
v 1.17280549 1.88880527 2.97499993
v 1.17280549 1.88880527 3.02499995
v 1.18152793 1.88376936 2.99999994
v 1.18152793 1.88376936 3.02499995
v 1.13791573 1.90894890 2.87499991
v 1.13791573 1.90894890 2.92499992
v 1.14663817 1.90391299 2.89999992
v 1.13791573 1.90894890 3.02499995
v 1.13791573 1.90894890 2.97499993
v 1.14663817 1.90391299 3.02499995
v 1.16408305 1.89384118 2.94999993
v 1.14663817 1.90391299 2.94999993
v 1.15536061 1.89887708 2.92499992
v 1.16408305 1.89384118 2.97499993
v 1.14663817 1.90391299 2.92499992
v 1.16408305 1.89384118 3.02499995
v 1.14663817 1.90391299 2.97499993
v 1.15536061 1.89887708 3.02499995
v 1.16408305 1.89384118 2.99999994
v 1.14663817 1.90391299 2.99999994
v 1.15536061 1.89887708 2.97499993
v 1.12799692 1.90719995 2.87499991
v 1.12799692 1.90719995 2.92499992
v 1.10815930 1.90370205 2.87499991
v 1.12799692 1.90719995 2.89999992
v 1.11807811 1.90545100 2.87499991
v 1.12799692 1.90719995 3.02499995
v 1.10815930 1.90370205 2.97499993
v 1.12799692 1.90719995 2.99999994
v 1.06848407 1.89670625 2.87499991
v 1.08832169 1.90020415 2.92499992
v 1.07840288 1.89845520 2.87499991
v 1.12799692 1.90719995 2.94999993
v 1.10815930 1.90370205 2.94999993
v 1.12799692 1.90719995 2.97499993
v 1.11807811 1.90545100 2.92499992
v 1.11807811 1.90545100 2.97499993
v 1.09824049 1.90195310 2.87499991
v 1.09824049 1.90195310 2.92499992
v 1.08832169 1.90020415 2.87499991
v 1.10815930 1.90370205 2.89999992
v 1.08832169 1.90020415 2.89999992
v 1.10815930 1.90370205 2.92499992
v 1.12799692 1.90719995 3.04999995
v 1.10815930 1.90370205 3.04999995
v 1.11807811 1.90545100 3.02499995
v 1.06848407 1.89670625 3.04999995
v 1.08832169 1.90020415 3.04999995
v 1.09824049 1.90195310 2.97499993
v 1.09824049 1.90195310 3.02499995
v 1.10815930 1.90370205 2.99999994
v 1.10815930 1.90370205 3.02499995
v 1.05856526 1.89495730 2.87499991
v 1.05856526 1.89495730 2.92499992
v 1.06848407 1.89670625 2.89999992
v 1.05856526 1.89495730 3.02499995
v 1.05856526 1.89495730 2.97499993
v 1.06848407 1.89670625 3.02499995
v 1.08832169 1.90020415 2.94999993
v 1.06848407 1.89670625 2.94999993
v 1.07840288 1.89845520 2.92499992
v 1.08832169 1.90020415 2.97499993
v 1.06848407 1.89670625 2.92499992
v 1.08832169 1.90020415 3.02499995
v 1.06848407 1.89670625 2.97499993
v 1.07840288 1.89845520 3.02499995
v 1.08832169 1.90020415 2.99999994
v 1.06848407 1.89670625 2.99999994
v 1.07840288 1.89845520 2.97499993
v 1.05209121 1.88724184 2.87499991
v 1.05209121 1.88724184 2.92499992
v 1.03914312 1.87181091 2.87499991
v 1.05209121 1.88724184 2.89999992
v 1.04561716 1.87952638 2.87499991
v 1.05209121 1.88724184 3.02499995
v 1.03914312 1.87181091 2.97499993
v 1.05209121 1.88724184 2.99999994
v 1.01324692 1.84094906 2.87499991
v 1.02619502 1.85637999 2.92499992
v 1.01972097 1.84866452 2.87499991
v 1.05209121 1.88724184 2.94999993
v 1.03914312 1.87181091 2.94999993
v 1.05209121 1.88724184 2.97499993
v 1.04561716 1.87952638 2.92499992
v 1.04561716 1.87952638 2.97499993
v 1.03266907 1.86409545 2.87499991
v 1.03266907 1.86409545 2.92499992
v 1.02619502 1.85637999 2.87499991
v 1.03914312 1.87181091 2.89999992
v 1.02619502 1.85637999 2.89999992
v 1.03914312 1.87181091 2.92499992
v 1.05209121 1.88724184 3.04999995
v 1.03914312 1.87181091 3.04999995
v 1.04561716 1.87952638 3.02499995
v 1.01324692 1.84094906 3.04999995
v 1.02619502 1.85637999 3.04999995
v 1.03266907 1.86409545 2.97499993
v 1.03266907 1.86409545 3.02499995
v 1.03914312 1.87181091 2.99999994
v 1.03914312 1.87181091 3.02499995
v 1.00677288 1.83323359 2.87499991
v 1.00677288 1.83323359 2.92499992
v 1.01324692 1.84094906 2.89999992
v 1.00677288 1.83323359 3.02499995
v 1.00677288 1.83323359 2.97499993
v 1.01324692 1.84094906 3.02499995
v 1.02619502 1.85637999 2.94999993
v 1.01324692 1.84094906 2.94999993
v 1.01972097 1.84866452 2.92499992
v 1.02619502 1.85637999 2.97499993
v 1.01324692 1.84094906 2.92499992
v 1.02619502 1.85637999 3.02499995
v 1.01324692 1.84094906 2.97499993
v 1.01972097 1.84866452 3.02499995
v 1.02619502 1.85637999 2.99999994
v 1.01324692 1.84094906 2.99999994
v 1.01972097 1.84866452 2.97499993
v 1.00677288 1.82316178 2.87499991
v 1.00677288 1.82316178 2.92499992
v 1.00677288 1.80301815 2.87499991
v 1.00677288 1.82316178 2.89999992
v 1.00677288 1.81308997 2.87499991
v 1.00677288 1.82316178 3.02499995
v 1.00677288 1.80301815 2.97499993
v 1.00677288 1.82316178 2.99999994
v 1.00677288 1.76273090 2.87499991
v 1.00677288 1.78287452 2.92499992
v 1.00677288 1.77280271 2.87499991
v 1.00677288 1.82316178 2.94999993
v 1.00677288 1.80301815 2.94999993
v 1.00677288 1.82316178 2.97499993
v 1.00677288 1.81308997 2.92499992
v 1.00677288 1.81308997 2.97499993
v 1.00677288 1.79294634 2.87499991
v 1.00677288 1.79294634 2.92499992
v 1.00677288 1.78287452 2.87499991
v 1.00677288 1.80301815 2.89999992
v 1.00677288 1.78287452 2.89999992
v 1.00677288 1.80301815 2.92499992
v 1.00677288 1.82316178 3.04999995
v 1.00677288 1.80301815 3.04999995
v 1.00677288 1.81308997 3.02499995
v 1.00677288 1.76273090 3.04999995
v 1.00677288 1.78287452 3.04999995
v 1.00677288 1.79294634 2.97499993
v 1.00677288 1.79294634 3.02499995
v 1.00677288 1.80301815 2.99999994
v 1.00677288 1.80301815 3.02499995
v 1.00677288 1.75265908 2.87499991
v 1.00677288 1.75265908 2.92499992
v 1.00677288 1.76273090 2.89999992
v 1.00677288 1.75265908 3.02499995
v 1.00677288 1.75265908 2.97499993
v 1.00677288 1.76273090 3.02499995
v 1.00677288 1.78287452 2.94999993
v 1.00677288 1.76273090 2.94999993
v 1.00677288 1.77280271 2.92499992
v 1.00677288 1.78287452 2.97499993
v 1.00677288 1.76273090 2.92499992
v 1.00677288 1.78287452 3.02499995
v 1.00677288 1.76273090 2.97499993
v 1.00677288 1.77280271 3.02499995
v 1.00677288 1.78287452 2.99999994
v 1.00677288 1.76273090 2.99999994
v 1.00677288 1.77280271 2.97499993
v 1.01324692 1.74494362 2.87499991
v 1.01324692 1.74494362 2.92499992
v 1.02619502 1.72951269 2.87499991
v 1.01324692 1.74494362 2.89999992
v 1.01972097 1.73722816 2.87499991
v 1.01324692 1.74494362 3.02499995
v 1.02619502 1.72951269 2.97499993
v 1.01324692 1.74494362 2.99999994
v 1.05209121 1.69865084 2.87499991
v 1.03914312 1.71408176 2.92499992
v 1.04561716 1.70636630 2.87499991
v 1.01324692 1.74494362 2.94999993
v 1.02619502 1.72951269 2.94999993
v 1.01324692 1.74494362 2.97499993
v 1.01972097 1.73722816 2.92499992
v 1.01972097 1.73722816 2.97499993
v 1.03266907 1.72179723 2.87499991
v 1.03266907 1.72179723 2.92499992
v 1.03914312 1.71408176 2.87499991
v 1.02619502 1.72951269 2.89999992
v 1.03914312 1.71408176 2.89999992
v 1.02619502 1.72951269 2.92499992
v 1.01324692 1.74494362 3.04999995
v 1.02619502 1.72951269 3.04999995
v 1.01972097 1.73722816 3.02499995
v 1.05209121 1.69865084 3.04999995
v 1.03914312 1.71408176 3.04999995
v 1.03266907 1.72179723 2.97499993
v 1.03266907 1.72179723 3.02499995
v 1.02619502 1.72951269 2.99999994
v 1.02619502 1.72951269 3.02499995
v 1.05856526 1.69093537 2.87499991
v 1.05856526 1.69093537 2.92499992
v 1.05209121 1.69865084 2.89999992
v 1.05856526 1.69093537 3.02499995
v 1.05856526 1.69093537 2.97499993
v 1.05209121 1.69865084 3.02499995
v 1.03914312 1.71408176 2.94999993
v 1.05209121 1.69865084 2.94999993
v 1.04561716 1.70636630 2.92499992
v 1.03914312 1.71408176 2.97499993
v 1.05209121 1.69865084 2.92499992
v 1.03914312 1.71408176 3.02499995
v 1.05209121 1.69865084 2.97499993
v 1.04561716 1.70636630 3.02499995
v 1.03914312 1.71408176 2.99999994
v 1.05209121 1.69865084 2.99999994
v 1.04561716 1.70636630 2.97499993
v 1.06848407 1.68918642 2.87499991
v 1.06848407 1.68918642 2.92499992
v 1.08832169 1.68568853 2.87499991
v 1.06848407 1.68918642 2.89999992
v 1.07840288 1.68743747 2.87499991
v 1.06848407 1.68918642 3.02499995
v 1.08832169 1.68568853 2.97499993
v 1.06848407 1.68918642 2.99999994
v 1.12799692 1.67869273 2.87499991
v 1.10815930 1.68219063 2.92499992
v 1.11807811 1.68044168 2.87499991
v 1.06848407 1.68918642 2.94999993
v 1.08832169 1.68568853 2.94999993
v 1.06848407 1.68918642 2.97499993
v 1.07840288 1.68743747 2.92499992
v 1.07840288 1.68743747 2.97499993
v 1.09824049 1.68393958 2.87499991
v 1.09824049 1.68393958 2.92499992
v 1.10815930 1.68219063 2.87499991
v 1.08832169 1.68568853 2.89999992
v 1.10815930 1.68219063 2.89999992
v 1.08832169 1.68568853 2.92499992
v 1.06848407 1.68918642 3.04999995
v 1.08832169 1.68568853 3.04999995
v 1.07840288 1.68743747 3.02499995
v 1.12799692 1.67869273 3.04999995
v 1.10815930 1.68219063 3.04999995
v 1.09824049 1.68393958 2.97499993
v 1.09824049 1.68393958 3.02499995
v 1.08832169 1.68568853 2.99999994
v 1.08832169 1.68568853 3.02499995
v 1.13791573 1.67694378 2.87499991
v 1.13791573 1.67694378 2.92499992
v 1.12799692 1.67869273 2.89999992
v 1.13791573 1.67694378 3.02499995
v 1.13791573 1.67694378 2.97499993
v 1.12799692 1.67869273 3.02499995
v 1.10815930 1.68219063 2.94999993
v 1.12799692 1.67869273 2.94999993
v 1.11807811 1.68044168 2.92499992
v 1.10815930 1.68219063 2.97499993
v 1.12799692 1.67869273 2.92499992
v 1.10815930 1.68219063 3.02499995
v 1.12799692 1.67869273 2.97499993
v 1.11807811 1.68044168 3.02499995
v 1.10815930 1.68219063 2.99999994
v 1.12799692 1.67869273 2.99999994
v 1.11807811 1.68044168 2.97499993
v 1.14663817 1.68197969 2.87499991
v 1.14663817 1.68197969 2.92499992
v 1.16408305 1.69205150 2.87499991
v 1.14663817 1.68197969 2.89999992
v 1.15536061 1.68701559 2.87499991
v 1.14663817 1.68197969 3.02499995
v 1.16408305 1.69205150 2.97499993
v 1.14663817 1.68197969 2.99999994
v 1.19897281 1.71219513 2.87499991
v 1.18152793 1.70212331 2.92499992
v 1.19025037 1.70715922 2.87499991
v 1.14663817 1.68197969 2.94999993
v 1.16408305 1.69205150 2.94999993
v 1.14663817 1.68197969 2.97499993
v 1.15536061 1.68701559 2.92499992
v 1.15536061 1.68701559 2.97499993
v 1.17280549 1.69708741 2.87499991
v 1.17280549 1.69708741 2.92499992
v 1.18152793 1.70212331 2.87499991
v 1.16408305 1.69205150 2.89999992
v 1.18152793 1.70212331 2.89999992
v 1.16408305 1.69205150 2.92499992
v 1.23180868 1.78348193 2.87499991
v 1.22491913 1.76455310 2.92499992
v 1.23180868 1.78348193 2.89999992
v 1.22836390 1.77401751 2.87499991
v 1.21114002 1.72669545 3.02499995
v 1.21802957 1.74562427 2.97499993
v 1.23180868 1.78348193 2.94999993
v 1.22491913 1.76455310 2.94999993
v 1.23180868 1.78348193 2.92499992
v 1.22836390 1.77401751 2.92499992
v 1.22147435 1.75508869 2.87499991
v 1.22147435 1.75508869 2.92499992
v 1.22491913 1.76455310 2.87499991
v 1.22491913 1.76455310 2.89999992
v 1.23180868 1.78348193 3.04999995
v 1.22491913 1.76455310 3.04999995
v 1.23180868 1.78348193 3.02499995
v 1.21114002 1.72669545 3.04999995
v 1.21802957 1.74562427 3.04999995
v 1.21458480 1.73615986 3.02499995
v 1.23180868 1.78348193 2.97499993
v 1.22491913 1.76455310 3.02499995
v 1.23180868 1.78348193 2.99999994
v 1.22836390 1.77401751 2.97499993
v 1.22836390 1.77401751 3.02499995
v 1.22147435 1.75508869 2.97499993
v 1.22147435 1.75508869 3.02499995
v 1.21802957 1.74562427 2.99999994
v 1.22491913 1.76455310 2.97499993
v 1.21802957 1.74562427 3.02499995
v 1.22491913 1.76455310 2.99999994
v 1.14663817 1.68197969 3.04999995
v 1.16408305 1.69205150 3.04999995
v 1.15536061 1.68701559 3.02499995
v 1.19897281 1.71219513 3.04999995
v 1.18152793 1.70212331 3.04999995
v 1.17280549 1.69708741 2.97499993
v 1.17280549 1.69708741 3.02499995
v 1.16408305 1.69205150 2.99999994
v 1.16408305 1.69205150 3.02499995
v 1.20769525 1.71723104 2.87499991
v 1.20769525 1.71723104 2.92499992
v 1.21114002 1.72669545 2.87499991
v 1.19897281 1.71219513 2.89999992
v 1.20769525 1.71723104 3.02499995
v 1.20769525 1.71723104 2.97499993
v 1.21114002 1.72669545 2.99999994
v 1.19897281 1.71219513 3.02499995
v 1.21802957 1.74562427 2.87499991
v 1.21114002 1.72669545 2.92499992
v 1.21458480 1.73615986 2.87499991
v 1.21802957 1.74562427 2.89999992
v 1.21114002 1.72669545 2.89999992
v 1.18152793 1.70212331 2.94999993
v 1.19897281 1.71219513 2.94999993
v 1.19025037 1.70715922 2.92499992
v 1.18152793 1.70212331 2.97499993
v 1.19897281 1.71219513 2.92499992
v 1.21802957 1.74562427 2.94999993
v 1.21114002 1.72669545 2.94999993
v 1.21458480 1.73615986 2.97499993
v 1.21802957 1.74562427 2.92499992
v 1.21114002 1.72669545 2.97499993
v 1.21458480 1.73615986 2.92499992
v 1.18152793 1.70212331 3.02499995
v 1.19897281 1.71219513 2.97499993
v 1.19025037 1.70715922 3.02499995
v 1.18152793 1.70212331 2.99999994
v 1.19897281 1.71219513 2.99999994
v 1.19025037 1.70715922 2.97499993
v 1.69999993 2.07897902 0.00000000
v 1.90397906 2.07897902 0.00000000
v 1.69999993 1.87499988 0.00000000
v 0.62500012 0.80000013 0.00000000
v 0.39602095 0.57102096 0.00000000
v 0.39602095 0.80000013 0.00000000
v 1.90397906 0.57102096 0.00000000
v 1.69999993 0.80000013 0.00000000
v 1.80198950 2.07897902 0.00000000
v 1.69999993 1.97698945 0.00000000
v 1.80198950 1.97698945 0.00000000
v 0.51051053 0.68551055 0.00000000
v 0.51051053 0.80000013 0.00000000
v 0.39602095 0.68551055 0.00000000
v 1.90397906 1.32499999 0.00000000
v 1.26448959 0.68551055 0.00000000
v 1.15000001 0.57102096 0.00000000
v 1.80198950 1.43948957 0.00000000
v 1.69999993 1.33750001 0.00000000
v 1.16250002 0.80000013 0.00000000
v 1.80198950 0.68551055 0.00000000
v 1.75099471 2.07897902 0.00000000
v 1.85298428 2.07897902 0.00000000
v 1.69999993 2.02798423 0.00000000
v 1.69999993 1.92599466 0.00000000
v 1.75099471 2.02798423 0.00000000
v 1.85298428 2.02798423 0.00000000
v 1.75099471 1.92599466 0.00000000
v 1.80198950 2.02798423 0.00000000
v 1.75099471 1.97698945 0.00000000
v 0.56775533 0.74275534 0.00000000
v 0.45326574 0.62826575 0.00000000
v 0.56775533 0.80000013 0.00000000
v 0.45326574 0.80000013 0.00000000
v 0.51051053 0.74275534 0.00000000
v 0.39602095 0.62826575 0.00000000
v 0.39602095 0.74275534 0.00000000
v 0.45326574 0.68551055 0.00000000
v 0.45326574 0.74275534 0.00000000
v 1.90397906 1.70198950 0.00000000
v 1.90397906 0.94801047 0.00000000
v 0.94474486 0.74275534 0.00000000
v 1.58423433 0.62826575 0.00000000
v 0.88750006 0.68551055 0.00000000
v 0.77301048 0.57102096 0.00000000
v 1.52698953 0.57102096 0.00000000
v 0.83025527 0.62826575 0.00000000
v 1.20724480 0.62826575 0.00000000
v 1.85298428 1.75923429 0.00000000
v 1.75099471 1.11974485 0.00000000
v 1.80198950 1.70823951 0.00000000
v 1.85298428 1.38224478 0.00000000
v 1.69999993 1.60624994 0.00000000
v 1.69999993 1.06875007 0.00000000
v 1.75099471 1.65724473 0.00000000
v 1.75099471 1.38849479 0.00000000
v 0.89375007 0.80000013 0.00000000
v 1.43124998 0.80000013 0.00000000
v 1.21349481 0.74275534 0.00000000
v 1.85298428 0.62826575 0.00000000
v 1.75099471 0.74275534 0.00000000
v 1.85298428 1.00525527 0.00000000
v 1.53323954 0.68551055 0.00000000
v 1.80198950 1.06250006 0.00000000
v 1.48224476 0.74275534 0.00000000
v 1.72549732 2.07897902 0.00000000
v 1.77649210 2.07897902 0.00000000
v 1.87848167 2.07897902 0.00000000
v 1.82748689 2.07897902 0.00000000
v 1.69999993 2.05348162 0.00000000
v 1.69999993 2.00248684 0.00000000
v 1.72549732 2.05348162 0.00000000
v 1.69999993 1.90049727 0.00000000
v 1.69999993 1.95149206 0.00000000
v 1.77649210 2.05348162 0.00000000
v 1.72549732 2.00248684 0.00000000
v 1.75099471 2.05348162 0.00000000
v 1.72549732 2.02798423 0.00000000
v 1.87848167 2.05348162 0.00000000
v 1.82748689 2.00248684 0.00000000
v 1.85298428 2.05348162 0.00000000
v 1.72549732 1.90049727 0.00000000
v 1.77649210 1.95149206 0.00000000
v 1.72549732 1.92599466 0.00000000
v 1.80198950 2.05348162 0.00000000
v 1.80198950 2.00248684 0.00000000
v 1.82748689 2.05348162 0.00000000
v 1.77649210 2.02798423 0.00000000
v 1.82748689 2.02798423 0.00000000
v 1.72549732 1.97698945 0.00000000
v 1.77649210 1.97698945 0.00000000
v 1.72549732 1.95149206 0.00000000
v 1.75099471 2.00248684 0.00000000
v 1.75099471 1.95149206 0.00000000
v 1.77649210 2.00248684 0.00000000
v 0.59637772 0.77137773 0.00000000
v 0.53913293 0.71413294 0.00000000
v 0.42464335 0.59964336 0.00000000
v 0.48188814 0.65688815 0.00000000
v 0.59637772 0.80000013 0.00000000
v 0.53913293 0.80000013 0.00000000
v 0.56775533 0.77137773 0.00000000
v 0.42464335 0.80000013 0.00000000
v 0.48188814 0.80000013 0.00000000
v 0.51051053 0.71413294 0.00000000
v 0.51051053 0.77137773 0.00000000
v 0.53913293 0.74275534 0.00000000
v 0.53913293 0.77137773 0.00000000
v 0.39602095 0.59964336 0.00000000
v 0.39602095 0.65688815 0.00000000
v 0.42464335 0.62826575 0.00000000
v 0.39602095 0.77137773 0.00000000
v 0.39602095 0.71413294 0.00000000
v 0.42464335 0.77137773 0.00000000
v 0.48188814 0.68551055 0.00000000
v 0.42464335 0.68551055 0.00000000
v 0.45326574 0.65688815 0.00000000
v 0.48188814 0.71413294 0.00000000
v 0.42464335 0.65688815 0.00000000
v 0.48188814 0.77137773 0.00000000
v 0.42464335 0.71413294 0.00000000
v 0.45326574 0.77137773 0.00000000
v 0.48188814 0.74275534 0.00000000
v 0.42464335 0.74275534 0.00000000
v 0.45326574 0.71413294 0.00000000
v 1.90397906 1.89048426 0.00000000
v 1.90397906 1.51349474 0.00000000
v 1.90397906 0.75951572 0.00000000
v 1.90397906 1.13650523 0.00000000
v 0.78487249 0.77137773 0.00000000
v 1.10461722 0.71413294 0.00000000
v 0.75625009 0.74275534 0.00000000
v 1.74410670 0.59964336 0.00000000
v 1.42436196 0.65688815 0.00000000
v 0.69900530 0.68551055 0.00000000
v 1.07599483 0.68551055 0.00000000
v 0.72762769 0.71413294 0.00000000
v 0.91612246 0.71413294 0.00000000
v 0.58451571 0.57102096 0.00000000
v 0.96150524 0.57102096 0.00000000
v 0.61313811 0.59964336 0.00000000
v 1.71548430 0.57102096 0.00000000
v 1.33849477 0.57102096 0.00000000
v 1.55561193 0.59964336 0.00000000
v 0.67038290 0.65688815 0.00000000
v 0.99012764 0.59964336 0.00000000
v 0.64176051 0.62826575 0.00000000
v 0.85887767 0.65688815 0.00000000
v 0.80163287 0.59964336 0.00000000
v 1.23586719 0.65688815 0.00000000
v 1.17862240 0.59964336 0.00000000
v 1.39573956 0.62826575 0.00000000
v 1.04737243 0.65688815 0.00000000
v 1.36711717 0.59964336 0.00000000
v 1.01875003 0.62826575 0.00000000
v 1.87848167 1.91910665 0.00000000
v 1.82748689 1.59936193 0.00000000
v 1.85298428 1.89360926 0.00000000
v 1.87848167 1.73061190 0.00000000
v 1.72549732 0.95987249 0.00000000
v 1.77649210 1.27961721 0.00000000
v 1.80198950 1.84261448 0.00000000
v 1.80198950 1.57386454 0.00000000
v 1.82748689 1.86811187 0.00000000
v 1.82748689 1.73373690 0.00000000
v 1.87848167 1.35362238 0.00000000
v 1.82748689 1.41086718 0.00000000
v 1.87848167 1.54211714 0.00000000
v 1.85298428 1.57073954 0.00000000
v 1.69999993 1.74062491 0.00000000
v 1.69999993 1.47187497 0.00000000
v 1.72549732 1.76612230 0.00000000
v 1.69999993 0.93437510 0.00000000
v 1.69999993 1.20312504 0.00000000
v 1.72549732 1.09424746 0.00000000
v 1.77649210 1.81711709 0.00000000
v 1.72549732 1.49737237 0.00000000
v 1.75099471 1.79161970 0.00000000
v 1.77649210 1.68274212 0.00000000
v 1.72549732 1.63174734 0.00000000
v 1.77649210 1.41399218 0.00000000
v 1.72549732 1.36299740 0.00000000
v 1.75099471 1.25411982 0.00000000
v 1.77649210 1.54836715 0.00000000
v 1.72549732 1.22862243 0.00000000
v 1.75099471 1.52286976 0.00000000
v 0.75937510 0.80000013 0.00000000
v 1.02812505 0.80000013 0.00000000
v 0.91924746 0.77137773 0.00000000
v 1.56562495 0.80000013 0.00000000
v 1.29687500 0.80000013 0.00000000
v 1.23899220 0.71413294 0.00000000
v 1.18799742 0.77137773 0.00000000
v 1.07911983 0.74275534 0.00000000
v 1.05362244 0.77137773 0.00000000
v 1.87848167 0.59964336 0.00000000
v 1.82748689 0.65688815 0.00000000
v 1.87848167 0.78813811 0.00000000
v 1.71860930 0.62826575 0.00000000
v 1.72549732 0.77137773 0.00000000
v 1.77649210 0.71413294 0.00000000
v 1.75099471 0.93125010 0.00000000
v 1.59112234 0.77137773 0.00000000
v 1.87848167 1.16512763 0.00000000
v 1.82748689 0.84538291 0.00000000
v 1.87848167 0.97663287 0.00000000
v 1.85298428 1.19375002 0.00000000
v 1.85298428 0.81676051 0.00000000
v 1.39886457 0.68551055 0.00000000
v 1.66761452 0.68551055 0.00000000
v 1.55873694 0.65688815 0.00000000
v 1.37336718 0.71413294 0.00000000
v 1.69311191 0.65688815 0.00000000
v 1.80198950 1.25099482 0.00000000
v 1.80198950 0.87400530 0.00000000
v 1.77649210 1.09112246 0.00000000
v 1.82748689 1.22237242 0.00000000
v 1.77649210 0.90262770 0.00000000
v 1.82748689 1.03387766 0.00000000
v 1.32237239 0.77137773 0.00000000
v 1.64211713 0.71413294 0.00000000
v 1.45674737 0.77137773 0.00000000
v 1.34786978 0.74275534 0.00000000
v 1.61661974 0.74275534 0.00000000
v 1.50774215 0.71413294 0.00000000
v 0.15000072 2.84999943 0.10000000
v 0.15000072 2.84999943 0.30000001
v -0.00000082 3.00000095 0.30000001
v -0.00000082 3.00000095 0.10000000
v 0.15000072 2.84999943 0.20000001
v 0.07499995 2.92500019 0.20000001
v 0.07499995 2.92500019 0.30000001
v 0.07499995 2.92500019 0.10000000
v -0.00000082 3.00000095 0.20000001
v -0.12500041 3.00000095 0.20000001
v -0.12500041 3.00000095 0.10000000
v -0.12500041 3.00000095 0.21428546
v -0.12500041 3.00000095 0.25919965
v -0.12500041 3.00000095 0.26582240
v -0.12500041 3.00000095 0.30000001
v 0.15000072 2.84999943 0.15000000
v 0.15000072 2.84999943 0.25000001
v 0.11250034 2.88749981 0.15000000
v 0.03749957 2.96250057 0.25000001
v 0.11250034 2.88749981 0.20000001
v 0.11250034 2.88749981 0.30000001
v 0.03749957 2.96250057 0.30000001
v 0.11250034 2.88749981 0.25000001
v 0.07499995 2.92500019 0.25000001
v 0.11250034 2.88749981 0.10000000
v 0.03749957 2.96250057 0.10000000
v 0.07499995 2.92500019 0.15000000
v -0.00000082 3.00000095 0.25000001
v -0.00000082 3.00000095 0.15000000
v 0.03749957 2.96250057 0.20000001
v 0.03749957 2.96250057 0.15000000
v -0.06250061 3.00000095 0.25000001
v -0.18750020 3.00000095 0.15000000
v -0.06250061 3.00000095 0.20000001
v -0.06250061 3.00000095 0.10000000
v -0.18750020 3.00000095 0.10000000
v -0.06250061 3.00000095 0.15000000
v -0.12500041 3.00000095 0.15000000
v -0.06250061 3.00000095 0.25714274
v -0.18750020 3.00000095 0.17142819
v -0.12500041 3.00000095 0.20714273
v -0.18750020 3.00000095 0.15714273
v -0.18750020 3.00000095 0.16428546
v -0.06250061 3.00000095 0.27959983
v -0.18750020 3.00000095 0.23879947
v -0.12500041 3.00000095 0.23674256
v -0.18750020 3.00000095 0.19388528
v -0.18750020 3.00000095 0.21634237
v -0.06250061 3.00000095 0.28291121
v -0.18750020 3.00000095 0.24873360
v -0.12500041 3.00000095 0.26251103
v -0.18750020 3.00000095 0.24211084
v -0.18750020 3.00000095 0.24542222
v -0.06250061 3.00000095 0.30000001
v -0.18750020 3.00000095 0.30000001
v -0.12500041 3.00000095 0.28291121
v -0.18750020 3.00000095 0.26582240
v -0.18750020 3.00000095 0.28291121
v 0.15000072 2.84999943 0.12500000
v 0.15000072 2.84999943 0.17500001
v 0.15000072 2.84999943 0.27500001
v 0.15000072 2.84999943 0.22500001
v 0.13125053 2.86874962 0.12500000
v 0.09375014 2.90625000 0.17500001
v 0.13125053 2.86874962 0.15000000
v 0.01874937 2.98125076 0.27500001
v 0.05624976 2.94375038 0.22500001
v 0.13125053 2.86874962 0.20000001
v 0.09375014 2.90625000 0.20000001
v 0.13125053 2.86874962 0.17500001
v 0.11250034 2.88749981 0.17500001
v 0.13125053 2.86874962 0.30000001
v 0.09375014 2.90625000 0.30000001
v 0.13125053 2.86874962 0.27500001
v 0.01874937 2.98125076 0.30000001
v 0.05624976 2.94375038 0.30000001
v 0.03749957 2.96250057 0.27500001
v 0.13125053 2.86874962 0.22500001
v 0.09375014 2.90625000 0.27500001
v 0.13125053 2.86874962 0.25000001
v 0.11250034 2.88749981 0.22500001
v 0.11250034 2.88749981 0.27500001
v 0.07499995 2.92500019 0.22500001
v 0.07499995 2.92500019 0.27500001
v 0.05624976 2.94375038 0.25000001
v 0.09375014 2.90625000 0.22500001
v 0.05624976 2.94375038 0.27500001
v 0.09375014 2.90625000 0.25000001
v 0.13125053 2.86874962 0.10000000
v 0.09375014 2.90625000 0.10000000
v 0.11250034 2.88749981 0.12500000
v 0.01874937 2.98125076 0.10000000
v 0.05624976 2.94375038 0.10000000
v 0.07499995 2.92500019 0.17500001
v 0.07499995 2.92500019 0.12500000
v 0.09375014 2.90625000 0.15000000
v 0.09375014 2.90625000 0.12500000
v -0.00000082 3.00000095 0.27500001
v -0.00000082 3.00000095 0.22500001
v 0.01874937 2.98125076 0.25000001
v -0.00000082 3.00000095 0.12500000
v -0.00000082 3.00000095 0.17500001
v 0.01874937 2.98125076 0.12500000
v 0.05624976 2.94375038 0.20000001
v 0.01874937 2.98125076 0.20000001
v 0.03749957 2.96250057 0.22500001
v 0.05624976 2.94375038 0.17500001
v 0.01874937 2.98125076 0.22500001
v 0.05624976 2.94375038 0.12500000
v 0.01874937 2.98125076 0.17500001
v 0.03749957 2.96250057 0.12500000
v 0.05624976 2.94375038 0.15000000
v 0.01874937 2.98125076 0.15000000
v 0.03749957 2.96250057 0.17500001
v -0.03125072 3.00000095 0.27500001
v -0.09375051 3.00000095 0.22500001
v -0.03125072 3.00000095 0.25000001
v -0.21875010 3.00000095 0.12500000
v -0.15625031 3.00000095 0.17500001
v -0.03125072 3.00000095 0.20000001
v -0.09375051 3.00000095 0.20000001
v -0.03125072 3.00000095 0.22500001
v -0.06250061 3.00000095 0.22500001
v -0.03125072 3.00000095 0.10000000
v -0.09375051 3.00000095 0.10000000
v -0.03125072 3.00000095 0.12500000
v -0.21875010 3.00000095 0.10000000
v -0.15625031 3.00000095 0.10000000
v -0.18750020 3.00000095 0.12500000
v -0.03125072 3.00000095 0.17500001
v -0.09375051 3.00000095 0.12500000
v -0.03125072 3.00000095 0.15000000
v -0.06250061 3.00000095 0.17500001
v -0.06250061 3.00000095 0.12500000
v -0.12500041 3.00000095 0.17500001
v -0.12500041 3.00000095 0.12500000
v -0.15625031 3.00000095 0.15000000
v -0.09375051 3.00000095 0.17500001
v -0.15625031 3.00000095 0.12500000
v -0.09375051 3.00000095 0.15000000
v -0.03125072 3.00000095 0.27857137
v -0.09375051 3.00000095 0.23571410
v -0.06250061 3.00000095 0.25357137
v -0.21875010 3.00000095 0.14999955
v -0.15625031 3.00000095 0.19285683
v -0.12500041 3.00000095 0.20357137
v -0.12500041 3.00000095 0.21071410
v -0.09375051 3.00000095 0.22857137
v -0.09375051 3.00000095 0.23214274
v -0.21875010 3.00000095 0.12857137
v -0.21875010 3.00000095 0.14642819
v -0.15625031 3.00000095 0.17857137
v -0.21875010 3.00000095 0.13571410
v -0.18750020 3.00000095 0.15357137
v -0.15625031 3.00000095 0.18214273
v -0.21875010 3.00000095 0.13214273
v -0.15625031 3.00000095 0.18928546
v -0.21875010 3.00000095 0.13928546
v -0.18750020 3.00000095 0.16785682
v -0.15625031 3.00000095 0.18571410
v -0.21875010 3.00000095 0.14285682
v -0.18750020 3.00000095 0.16071410
v -0.03125072 3.00000095 0.28979992
v -0.09375051 3.00000095 0.26939974
v -0.06250061 3.00000095 0.26837128
v -0.21875010 3.00000095 0.22859938
v -0.15625031 3.00000095 0.24899956
v -0.12500041 3.00000095 0.22551401
v -0.12500041 3.00000095 0.24797110
v -0.09375051 3.00000095 0.24694265
v -0.09375051 3.00000095 0.25817119
v -0.21875010 3.00000095 0.16122810
v -0.21875010 3.00000095 0.21737083
v -0.15625031 3.00000095 0.20408537
v -0.21875010 3.00000095 0.18368519
v -0.18750020 3.00000095 0.18265674
v -0.15625031 3.00000095 0.21531392
v -0.21875010 3.00000095 0.17245664
v -0.15625031 3.00000095 0.23777101
v -0.21875010 3.00000095 0.19491374
v -0.18750020 3.00000095 0.22757092
v -0.15625031 3.00000095 0.22654247
v -0.21875010 3.00000095 0.20614228
v -0.18750020 3.00000095 0.20511383
v -0.03125072 3.00000095 0.29145561
v -0.09375051 3.00000095 0.27436681
v -0.06250061 3.00000095 0.28125552
v -0.21875010 3.00000095 0.24018920
v -0.15625031 3.00000095 0.25727800
v -0.12500041 3.00000095 0.26085534
v -0.12500041 3.00000095 0.26416671
v -0.09375051 3.00000095 0.27105543
v -0.09375051 3.00000095 0.27271112
v -0.21875010 3.00000095 0.23025507
v -0.21875010 3.00000095 0.23853351
v -0.15625031 3.00000095 0.25065525
v -0.21875010 3.00000095 0.23356644
v -0.18750020 3.00000095 0.24045516
v -0.15625031 3.00000095 0.25231094
v -0.21875010 3.00000095 0.23191075
v -0.15625031 3.00000095 0.25562231
v -0.21875010 3.00000095 0.23522213
v -0.18750020 3.00000095 0.24707791
v -0.15625031 3.00000095 0.25396662
v -0.21875010 3.00000095 0.23687782
v -0.18750020 3.00000095 0.24376653
v -0.03125072 3.00000095 0.30000001
v -0.09375051 3.00000095 0.30000001
v -0.06250061 3.00000095 0.29145561
v -0.21875010 3.00000095 0.30000001
v -0.15625031 3.00000095 0.30000001
v -0.12500041 3.00000095 0.27436681
v -0.12500041 3.00000095 0.29145561
v -0.09375051 3.00000095 0.28291121
v -0.09375051 3.00000095 0.29145561
v -0.21875010 3.00000095 0.24873360
v -0.21875010 3.00000095 0.29145561
v -0.15625031 3.00000095 0.26582240
v -0.21875010 3.00000095 0.26582240
v -0.18750020 3.00000095 0.25727800
v -0.15625031 3.00000095 0.27436681
v -0.21875010 3.00000095 0.25727800
v -0.15625031 3.00000095 0.29145561
v -0.21875010 3.00000095 0.27436681
v -0.18750020 3.00000095 0.29145561
v -0.15625031 3.00000095 0.28291121
v -0.21875010 3.00000095 0.28291121
v -0.18750020 3.00000095 0.27436681
v 0.15000072 2.59999943 0.10000000
v 0.15000072 2.59999943 0.30000001
v 0.15000072 2.72499943 0.10000000
v 0.15000072 2.72499943 0.20000001
v 0.15000072 2.59999943 0.20000001
v 0.15000072 2.72499943 0.30000001
v 0.15000072 2.78749943 0.10000000
v 0.15000072 2.66249943 0.10000000
v 0.15000072 2.78749943 0.15000000
v 0.15000072 2.66249943 0.25000001
v 0.15000072 2.72499943 0.15000000
v 0.15000072 2.59999943 0.15000000
v 0.15000072 2.59999943 0.25000001
v 0.15000072 2.66249943 0.15000000
v 0.15000072 2.66249943 0.20000001
v 0.15000072 2.78749943 0.20000001
v 0.15000072 2.66249943 0.30000001
v 0.15000072 2.78749943 0.30000001
v 0.15000072 2.72499943 0.25000001
v 0.15000072 2.78749943 0.25000001
v 0.15000072 2.81874943 0.10000000
v 0.15000072 2.75624943 0.10000000
v 0.15000072 2.63124943 0.10000000
v 0.15000072 2.69374943 0.10000000
v 0.15000072 2.81874943 0.12500000
v 0.15000072 2.75624943 0.17500001
v 0.15000072 2.78749943 0.12500000
v 0.15000072 2.63124943 0.27500001
v 0.15000072 2.69374943 0.22500001
v 0.15000072 2.72499943 0.12500000
v 0.15000072 2.72499943 0.17500001
v 0.15000072 2.75624943 0.12500000
v 0.15000072 2.75624943 0.15000000
v 0.15000072 2.59999943 0.12500000
v 0.15000072 2.59999943 0.17500001
v 0.15000072 2.63124943 0.12500000
v 0.15000072 2.59999943 0.27500001
v 0.15000072 2.59999943 0.22500001
v 0.15000072 2.63124943 0.25000001
v 0.15000072 2.69374943 0.12500000
v 0.15000072 2.63124943 0.17500001
v 0.15000072 2.66249943 0.12500000
v 0.15000072 2.69374943 0.15000000
v 0.15000072 2.63124943 0.15000000
v 0.15000072 2.69374943 0.20000001
v 0.15000072 2.63124943 0.20000001
v 0.15000072 2.66249943 0.22500001
v 0.15000072 2.69374943 0.17500001
v 0.15000072 2.63124943 0.22500001
v 0.15000072 2.66249943 0.17500001
v 0.15000072 2.81874943 0.15000000
v 0.15000072 2.75624943 0.20000001
v 0.15000072 2.81874943 0.20000001
v 0.15000072 2.78749943 0.17500001
v 0.15000072 2.81874943 0.17500001
v 0.15000072 2.63124943 0.30000001
v 0.15000072 2.69374943 0.30000001
v 0.15000072 2.66249943 0.27500001
v 0.15000072 2.81874943 0.30000001
v 0.15000072 2.75624943 0.30000001
v 0.15000072 2.81874943 0.27500001
v 0.15000072 2.72499943 0.22500001
v 0.15000072 2.72499943 0.27500001
v 0.15000072 2.69374943 0.25000001
v 0.15000072 2.75624943 0.22500001
v 0.15000072 2.69374943 0.27500001
v 0.15000072 2.81874943 0.22500001
v 0.15000072 2.75624943 0.27500001
v 0.15000072 2.81874943 0.25000001
v 0.15000072 2.78749943 0.22500001
v 0.15000072 2.78749943 0.27500001
v 0.15000072 2.75624943 0.25000001
v -0.21666713 2.59999943 0.10000000
v -0.10833398 2.80000019 0.10000000
v -0.03333320 2.72499943 0.10000000
v -0.03333320 2.59999943 0.10000000
v -0.12500041 2.80000019 0.10000000
v -0.23333357 2.59999943 0.10000000
v -0.12500041 2.95555580 0.10000000
v -0.05416740 2.90000057 0.10000000
v -0.16250055 2.69999981 0.10000000
v -0.01666701 2.86250019 0.10000000
v -0.12500017 2.66249943 0.10000000
v 0.05833376 2.78749943 0.10000000
v -0.07083359 2.76249981 0.10000000
v 0.02083337 2.82499981 0.10000000
v -0.12500017 2.59999943 0.10000000
v 0.05833376 2.59999943 0.10000000
v -0.03333320 2.66249943 0.10000000
v 0.05833376 2.72499943 0.10000000
v 0.05833376 2.66249943 0.10000000
v -0.06250061 2.90000057 0.10000000
v -0.18750020 2.69999981 0.10000000
v -0.11666719 2.80000019 0.10000000
v -0.22500035 2.59999943 0.10000000
v -0.24166678 2.59999943 0.10000000
v -0.17083377 2.69999981 0.10000000
v -0.17916699 2.69999981 0.10000000
v -0.06250061 2.97777838 0.10000000
v -0.18750020 2.93333322 0.10000000
v -0.12500041 2.87777799 0.10000000
v -0.18750020 2.77777761 0.10000000
v -0.18750020 2.85555542 0.10000000
v -0.12500041 2.97777838 0.10000000
v -0.18750020 2.95555580 0.10000000
v -0.18750020 2.97777838 0.10000000
v -0.02708411 2.95000076 0.10000000
v -0.08125069 2.85000038 0.10000000
v -0.18958384 2.64999962 0.10000000
v -0.13541726 2.75000000 0.10000000
v -0.00833392 2.93125057 0.10000000
v -0.06250049 2.83125019 0.10000000
v 0.02916647 2.89375019 0.10000000
v -0.03541720 2.88125038 0.10000000
v 0.01041628 2.91250038 0.10000000
v -0.17083365 2.63124943 0.10000000
v -0.07916669 2.69374943 0.10000000
v -0.14375036 2.68124962 0.10000000
v 0.10416724 2.81874943 0.10000000
v 0.01250028 2.75624943 0.10000000
v 0.08541705 2.83749962 0.10000000
v -0.08958378 2.78125000 0.10000000
v -0.05208340 2.74374962 0.10000000
v -0.11666707 2.73124981 0.10000000
v -0.04375030 2.81250000 0.10000000
v -0.09791688 2.71249962 0.10000000
v 0.04791666 2.87500000 0.10000000
v -0.00624992 2.77499962 0.10000000
v 0.06666685 2.85624981 0.10000000
v 0.00208318 2.84375000 0.10000000
v 0.03958357 2.80624962 0.10000000
v -0.02500011 2.79374981 0.10000000
v -0.17083365 2.59999943 0.10000000
v -0.07916669 2.59999943 0.10000000
v -0.12500017 2.63124943 0.10000000
v 0.10416724 2.59999943 0.10000000
v 0.01250028 2.59999943 0.10000000
v -0.03333320 2.69374943 0.10000000
v -0.03333320 2.63124943 0.10000000
v -0.07916669 2.66249943 0.10000000
v -0.07916669 2.63124943 0.10000000
v 0.10416724 2.78749943 0.10000000
v 0.10416724 2.63124943 0.10000000
v 0.01250028 2.72499943 0.10000000
v 0.10416724 2.72499943 0.10000000
v 0.05833376 2.75624943 0.10000000
v 0.01250028 2.69374943 0.10000000
v 0.10416724 2.75624943 0.10000000
v 0.01250028 2.63124943 0.10000000
v 0.10416724 2.69374943 0.10000000
v 0.05833376 2.63124943 0.10000000
v 0.01250028 2.66249943 0.10000000
v 0.10416724 2.66249943 0.10000000
v 0.05833376 2.69374943 0.10000000
v -0.03125072 2.95000076 0.10000000
v -0.09375051 2.85000038 0.10000000
v -0.05833401 2.90000057 0.10000000
v -0.21875010 2.64999962 0.10000000
v -0.15625031 2.75000000 0.10000000
v -0.11250058 2.80000019 0.10000000
v -0.12083380 2.80000019 0.10000000
v -0.08541729 2.85000038 0.10000000
v -0.08958390 2.85000038 0.10000000
v -0.22083374 2.59999943 0.10000000
v -0.22916696 2.59999943 0.10000000
v -0.19375045 2.64999962 0.10000000
v -0.24583339 2.59999943 0.10000000
v -0.23750017 2.59999943 0.10000000
v -0.21458349 2.64999962 0.10000000
v -0.13958387 2.75000000 0.10000000
v -0.20208367 2.64999962 0.10000000
v -0.16666716 2.69999981 0.10000000
v -0.14375048 2.75000000 0.10000000
v -0.19791706 2.64999962 0.10000000
v -0.15208370 2.75000000 0.10000000
v -0.20625028 2.64999962 0.10000000
v -0.18333360 2.69999981 0.10000000
v -0.14791709 2.75000000 0.10000000
v -0.21041689 2.64999962 0.10000000
v -0.17500038 2.69999981 0.10000000
v -0.03125072 2.98888966 0.10000000
v -0.09375051 2.96666709 0.10000000
v -0.06250061 2.93888947 0.10000000
v -0.21875010 2.92222193 0.10000000
v -0.15625031 2.94444451 0.10000000
v -0.12500041 2.83888909 0.10000000
v -0.12500041 2.91666690 0.10000000
v -0.09375051 2.88888928 0.10000000
v -0.09375051 2.92777818 0.10000000
v -0.21875010 2.68888852 0.10000000
v -0.21875010 2.88333303 0.10000000
v -0.15625031 2.78888890 0.10000000
v -0.21875010 2.76666632 0.10000000
v -0.18750020 2.73888871 0.10000000
v -0.15625031 2.82777780 0.10000000
v -0.21875010 2.72777742 0.10000000
v -0.15625031 2.90555561 0.10000000
v -0.21875010 2.80555522 0.10000000
v -0.18750020 2.89444432 0.10000000
v -0.15625031 2.86666670 0.10000000
v -0.21875010 2.84444413 0.10000000
v -0.18750020 2.81666651 0.10000000
v -0.06250061 2.98888966 0.10000000
v -0.12500041 2.96666709 0.10000000
v -0.12500041 2.98888966 0.10000000
v -0.09375051 2.97777838 0.10000000
v -0.09375051 2.98888966 0.10000000
v -0.21875010 2.93333322 0.10000000
v -0.21875010 2.98888966 0.10000000
v -0.15625031 2.95555580 0.10000000
v -0.21875010 2.95555580 0.10000000
v -0.18750020 2.94444451 0.10000000
v -0.15625031 2.96666709 0.10000000
v -0.21875010 2.94444451 0.10000000
v -0.15625031 2.98888966 0.10000000
v -0.21875010 2.96666709 0.10000000
v -0.18750020 2.98888966 0.10000000
v -0.15625031 2.97777838 0.10000000
v -0.21875010 2.97777838 0.10000000
v -0.18750020 2.96666709 0.10000000
v -0.14999980 2.59999943 0.30000001
v -0.12500041 2.80000019 0.30000001
v -0.04999964 2.72499943 0.30000001
v -0.19999990 2.59999943 0.30000001
v 0.00000046 2.72499943 0.30000001
v 0.00000046 2.59999943 0.30000001
v -0.12500041 2.95573819 0.30000001
v -0.12500041 2.94395649 0.30000001
v -0.18750020 2.69999981 0.30000001
v -0.06250061 2.90000057 0.30000001
v -0.14999982 2.66249943 0.30000001
v 0.05000054 2.78749943 0.30000001
v -0.08750002 2.76249981 0.30000001
v -0.02500023 2.86250019 0.30000001
v 0.01250016 2.82499981 0.30000001
v -0.22499995 2.59999943 0.30000001
v -0.17499985 2.59999943 0.30000001
v -0.12499977 2.66249943 0.30000001
v 0.07500059 2.78749943 0.30000001
v -0.07499967 2.66249943 0.30000001
v -0.02499959 2.72499943 0.30000001
v -0.09999972 2.66249943 0.30000001
v 0.07500059 2.72499943 0.30000001
v -0.07499967 2.59999943 0.30000001
v 0.07500059 2.59999943 0.30000001
v 0.00000046 2.66249943 0.30000001
v 0.07500059 2.66249943 0.30000001
v -0.06250061 2.97786957 0.30000001
v -0.18750020 2.93360680 0.30000001
v -0.18750020 2.77197796 0.30000001
v -0.06250061 2.97197872 0.30000001
v -0.18750020 2.91593426 0.30000001
v -0.12500041 2.87197834 0.30000001
v -0.12500041 2.94984734 0.30000001
v -0.18750020 2.84395611 0.30000001
v -0.18750020 2.92771596 0.30000001
v -0.18750020 2.92182511 0.30000001
v -0.12500041 2.97786957 0.30000001
v -0.18750020 2.95573819 0.30000001
v -0.18750020 2.97786957 0.30000001
v -0.21875010 2.64999962 0.30000001
v -0.15625031 2.75000000 0.30000001
v -0.03125072 2.95000076 0.30000001
v -0.09375051 2.85000038 0.30000001
v -0.19999991 2.63124943 0.30000001
v -0.09999973 2.69374943 0.30000001
v -0.16875001 2.68124962 0.30000001
v 0.10000063 2.81874943 0.30000001
v 0.00000045 2.75624943 0.30000001
v -0.10625022 2.78125000 0.30000001
v -0.06874983 2.74374962 0.30000001
v -0.13750011 2.73124981 0.30000001
v -0.11874992 2.71249962 0.30000001
v -0.01250052 2.93125057 0.30000001
v 0.08125044 2.83749962 0.30000001
v -0.07500032 2.83125019 0.30000001
v 0.02499986 2.89375019 0.30000001
v -0.04375042 2.88125038 0.30000001
v -0.05625013 2.81250000 0.30000001
v 0.00624967 2.91250038 0.30000001
v -0.01874974 2.77499962 0.30000001
v 0.04375005 2.87500000 0.30000001
v 0.03125035 2.80624962 0.30000001
v -0.03749993 2.79374981 0.30000001
v 0.06250025 2.85624981 0.30000001
v -0.00625004 2.84375000 0.30000001
v -0.23749997 2.59999943 0.30000001
v -0.21249992 2.59999943 0.30000001
v -0.18749988 2.63124943 0.30000001
v -0.16249982 2.59999943 0.30000001
v -0.18749987 2.59999943 0.30000001
v -0.08749970 2.69374943 0.30000001
v -0.16249983 2.63124943 0.30000001
v -0.13749979 2.66249943 0.30000001
v -0.17499986 2.63124943 0.30000001
v 0.11250066 2.81874943 0.30000001
v 0.03750053 2.75624943 0.30000001
v 0.06250057 2.78749943 0.30000001
v -0.11249973 2.63124943 0.30000001
v -0.03749960 2.69374943 0.30000001
v -0.12499976 2.63124943 0.30000001
v -0.03749961 2.72499943 0.30000001
v -0.01249956 2.72499943 0.30000001
v 0.01250048 2.75624943 0.30000001
v -0.07499968 2.69374943 0.30000001
v 0.02500050 2.75624943 0.30000001
v -0.14999981 2.63124943 0.30000001
v -0.04999963 2.69374943 0.30000001
v -0.13749978 2.63124943 0.30000001
v -0.11249974 2.66249943 0.30000001
v -0.08749969 2.66249943 0.30000001
v -0.06249965 2.69374943 0.30000001
v 0.11250066 2.78749943 0.30000001
v 0.03750053 2.72499943 0.30000001
v 0.11250066 2.72499943 0.30000001
v 0.07500059 2.75624943 0.30000001
v 0.11250066 2.75624943 0.30000001
v -0.11249973 2.59999943 0.30000001
v -0.03749960 2.59999943 0.30000001
v -0.07499967 2.63124943 0.30000001
v 0.11250066 2.59999943 0.30000001
v 0.03750053 2.59999943 0.30000001
v 0.11250066 2.63124943 0.30000001
v 0.00000046 2.69374943 0.30000001
v 0.00000046 2.63124943 0.30000001
v -0.03749960 2.66249943 0.30000001
v 0.03750053 2.69374943 0.30000001
v -0.03749960 2.63124943 0.30000001
v 0.11250066 2.69374943 0.30000001
v 0.03750053 2.63124943 0.30000001
v 0.11250066 2.66249943 0.30000001
v 0.07500059 2.69374943 0.30000001
v 0.07500059 2.63124943 0.30000001
v 0.03750053 2.66249943 0.30000001
v -0.03125072 2.98893526 0.30000001
v -0.09375051 2.96680388 0.30000001
v -0.21875010 2.92254111 0.30000001
v -0.15625031 2.94467250 0.30000001
v -0.21875010 2.68598869 0.30000001
v -0.15625031 2.78598908 0.30000001
v -0.21875010 2.75796685 0.30000001
v -0.18750020 2.73598889 0.30000001
v -0.21875010 2.72197777 0.30000001
v -0.03125072 2.98598984 0.30000001
v -0.09375051 2.95796761 0.30000001
v -0.06250061 2.93598965 0.30000001
v -0.06250061 2.97492415 0.30000001
v -0.21875010 2.90192315 0.30000001
v -0.15625031 2.92994538 0.30000001
v -0.21875010 2.86593407 0.30000001
v -0.12500041 2.83598927 0.30000001
v -0.12500041 2.90796742 0.30000001
v -0.09375051 2.88598946 0.30000001
v -0.15625031 2.82197815 0.30000001
v -0.09375051 2.92197853 0.30000001
v -0.12500041 2.95279276 0.30000001
v -0.12500041 2.94690192 0.30000001
v -0.09375051 2.96385846 0.30000001
v -0.09375051 2.96091303 0.30000001
v -0.21875010 2.79395592 0.30000001
v -0.15625031 2.89395630 0.30000001
v -0.21875010 2.82994500 0.30000001
v -0.18750020 2.80796704 0.30000001
v -0.18750020 2.87994519 0.30000001
v -0.15625031 2.85796723 0.30000001
v -0.21875010 2.91959569 0.30000001
v -0.21875010 2.90486857 0.30000001
v -0.15625031 2.94172707 0.30000001
v -0.21875010 2.91370484 0.30000001
v -0.18750020 2.93066138 0.30000001
v -0.15625031 2.93878165 0.30000001
v -0.21875010 2.91665027 0.30000001
v -0.15625031 2.93289080 0.30000001
v -0.21875010 2.91075942 0.30000001
v -0.18750020 2.91887969 0.30000001
v -0.15625031 2.93583623 0.30000001
v -0.21875010 2.90781400 0.30000001
v -0.18750020 2.92477053 0.30000001
v -0.06250061 2.98893526 0.30000001
v -0.12500041 2.96680388 0.30000001
v -0.12500041 2.98893526 0.30000001
v -0.09375051 2.97786957 0.30000001
v -0.09375051 2.98893526 0.30000001
v -0.21875010 2.93360680 0.30000001
v -0.21875010 2.98893526 0.30000001
v -0.15625031 2.95573819 0.30000001
v -0.21875010 2.95573819 0.30000001
v -0.18750020 2.94467250 0.30000001
v -0.15625031 2.96680388 0.30000001
v -0.21875010 2.94467250 0.30000001
v -0.15625031 2.98893526 0.30000001
v -0.21875010 2.96680388 0.30000001
v -0.18750020 2.98893526 0.30000001
v -0.15625031 2.97786957 0.30000001
v -0.21875010 2.97786957 0.30000001
v -0.18750020 2.96680388 0.30000001
v -0.09999929 0.65000051 0.50000000
v -0.09999929 0.40000051 0.50000000
v -0.09999929 0.52500051 0.50000000
v -0.17499965 0.52500051 0.50000000
v -0.17499965 0.40000051 0.50000000
v -0.17499965 0.65000051 0.50000000
v -0.09999929 0.58750051 0.50000000
v -0.09999929 0.46250051 0.50000000
v -0.13749947 0.58750051 0.50000000
v -0.21249982 0.46250051 0.50000000
v -0.13749947 0.52500051 0.50000000
v -0.13749947 0.40000051 0.50000000
v -0.21249982 0.40000051 0.50000000
v -0.13749947 0.46250051 0.50000000
v -0.17499965 0.46250051 0.50000000
v -0.13749947 0.65000051 0.50000000
v -0.21249982 0.65000051 0.50000000
v -0.17499965 0.58750051 0.50000000
v -0.21249982 0.52500051 0.50000000
v -0.21249982 0.58750051 0.50000000
v -0.09999929 0.61875051 0.50000000
v -0.09999929 0.55625051 0.50000000
v -0.09999929 0.43125051 0.50000000
v -0.09999929 0.49375051 0.50000000
v -0.11874938 0.61875051 0.50000000
v -0.15624956 0.55625051 0.50000000
v -0.11874938 0.58750051 0.50000000
v -0.23124991 0.43125051 0.50000000
v -0.19374974 0.49375051 0.50000000
v -0.11874938 0.52500051 0.50000000
v -0.15624956 0.52500051 0.50000000
v -0.11874938 0.55625051 0.50000000
v -0.13749947 0.55625051 0.50000000
v -0.11874938 0.40000051 0.50000000
v -0.15624956 0.40000051 0.50000000
v -0.11874938 0.43125051 0.50000000
v -0.23124991 0.40000051 0.50000000
v -0.19374974 0.40000051 0.50000000
v -0.21249982 0.43125051 0.50000000
v -0.11874938 0.49375051 0.50000000
v -0.15624956 0.43125051 0.50000000
v -0.11874938 0.46250051 0.50000000
v -0.13749947 0.49375051 0.50000000
v -0.13749947 0.43125051 0.50000000
v -0.17499965 0.49375051 0.50000000
v -0.17499965 0.43125051 0.50000000
v -0.19374974 0.46250051 0.50000000
v -0.15624956 0.49375051 0.50000000
v -0.19374974 0.43125051 0.50000000
v -0.15624956 0.46250051 0.50000000
v -0.11874938 0.65000051 0.50000000
v -0.15624956 0.65000051 0.50000000
v -0.13749947 0.61875051 0.50000000
v -0.23124991 0.65000051 0.50000000
v -0.19374974 0.65000051 0.50000000
v -0.17499965 0.55625051 0.50000000
v -0.17499965 0.61875051 0.50000000
v -0.15624956 0.58750051 0.50000000
v -0.15624956 0.61875051 0.50000000
v -0.23124991 0.46250051 0.50000000
v -0.23124991 0.61875051 0.50000000
v -0.19374974 0.52500051 0.50000000
v -0.23124991 0.52500051 0.50000000
v -0.21249982 0.49375051 0.50000000
v -0.19374974 0.55625051 0.50000000
v -0.23124991 0.49375051 0.50000000
v -0.19374974 0.61875051 0.50000000
v -0.23124991 0.55625051 0.50000000
v -0.21249982 0.61875051 0.50000000
v -0.19374974 0.58750051 0.50000000
v -0.23124991 0.58750051 0.50000000
v -0.21249982 0.55625051 0.50000000
v -0.09999929 0.40000051 0.30000001
v -0.00000082 0.40000051 0.10000000
v -0.00000082 0.40000051 0.30000001
v 0.15000072 0.55000013 0.30000001
v 0.15000072 0.55000013 0.10000000
v -0.17499965 0.40000051 0.30000001
v -0.17499965 0.40000051 0.40000001
v -0.09999929 0.40000051 0.40000001
v -0.05000006 0.40000051 0.20000001
v -0.12500041 0.40000051 0.20000001
v -0.05000006 0.40000051 0.30000001
v -0.00000082 0.40000051 0.20000001
v 0.07499995 0.47500032 0.20000001
v 0.07499995 0.47500032 0.30000001
v 0.07499995 0.47500032 0.10000000
v 0.15000072 0.55000013 0.20000001
v -0.12500041 0.40000051 0.12941185
v -0.12500041 0.40000051 0.16403811
v -0.12500041 0.40000051 0.10000000
v -0.12500041 0.40000051 0.12147066
v -0.13749947 0.40000051 0.30000001
v -0.21249982 0.40000051 0.30000001
v -0.13749947 0.40000051 0.35000001
v -0.21249982 0.40000051 0.45000000
v -0.17499965 0.40000051 0.35000001
v -0.21249982 0.40000051 0.35000001
v -0.21249982 0.40000051 0.40000001
v -0.09999929 0.40000051 0.35000001
v -0.09999929 0.40000051 0.45000000
v -0.13749947 0.40000051 0.40000001
v -0.17499965 0.40000051 0.45000000
v -0.13749947 0.40000051 0.45000000
v -0.07499968 0.40000051 0.25000001
v -0.02500044 0.40000051 0.15000000
v -0.11249985 0.40000051 0.25000001
v -0.18750020 0.40000051 0.25000001
v -0.06250061 0.40000051 0.15000000
v -0.15000003 0.40000051 0.25000001
v -0.08750023 0.40000051 0.20000001
v -0.07499968 0.40000051 0.30000001
v -0.02500044 0.40000051 0.30000001
v -0.05000006 0.40000051 0.25000001
v -0.00000082 0.40000051 0.15000000
v -0.00000082 0.40000051 0.25000001
v -0.02500044 0.40000051 0.20000001
v -0.02500044 0.40000051 0.25000001
v 0.03749957 0.43750042 0.15000000
v 0.11250034 0.51250023 0.25000001
v 0.03749957 0.43750042 0.20000001
v 0.03749957 0.43750042 0.30000001
v 0.11250034 0.51250023 0.30000001
v 0.03749957 0.43750042 0.25000001
v 0.07499995 0.47500032 0.25000001
v 0.03749957 0.43750042 0.10000000
v 0.11250034 0.51250023 0.10000000
v 0.07499995 0.47500032 0.15000000
v 0.15000072 0.55000013 0.25000001
v 0.15000072 0.55000013 0.15000000
v 0.11250034 0.51250023 0.20000001
v 0.11250034 0.51250023 0.15000000
v -0.06250061 0.40000051 0.11470593
v -0.18750020 0.40000051 0.14411777
v -0.18750020 0.40000051 0.23201906
v -0.06250061 0.40000051 0.13201906
v -0.18750020 0.40000051 0.19605717
v -0.12500041 0.40000051 0.18201906
v -0.12500041 0.40000051 0.14672498
v -0.18750020 0.40000051 0.21403811
v -0.18750020 0.40000051 0.16143090
v -0.18750020 0.40000051 0.17874403
v -0.06250061 0.40000051 0.10000000
v -0.18750020 0.40000051 0.10000000
v -0.06250061 0.40000051 0.11073533
v -0.18750020 0.40000051 0.13220598
v -0.12500041 0.40000051 0.12544125
v -0.12500041 0.40000051 0.11073533
v -0.18750020 0.40000051 0.14014718
v -0.18750020 0.40000051 0.13617658
v -0.18750020 0.40000051 0.11073533
v -0.18750020 0.40000051 0.12147066
v -0.11874938 0.40000051 0.30000001
v -0.15624956 0.40000051 0.30000001
v -0.23124991 0.40000051 0.30000001
v -0.19374974 0.40000051 0.30000001
v -0.11874938 0.40000051 0.32500001
v -0.15624956 0.40000051 0.37500001
v -0.13749947 0.40000051 0.32500001
v -0.23124991 0.40000051 0.47500000
v -0.19374974 0.40000051 0.42500000
v -0.17499965 0.40000051 0.32500001
v -0.17499965 0.40000051 0.37500001
v -0.15624956 0.40000051 0.32500001
v -0.15624956 0.40000051 0.35000001
v -0.23124991 0.40000051 0.32500001
v -0.23124991 0.40000051 0.45000000
v -0.19374974 0.40000051 0.32500001
v -0.23124991 0.40000051 0.37500001
v -0.21249982 0.40000051 0.32500001
v -0.19374974 0.40000051 0.35000001
v -0.23124991 0.40000051 0.35000001
v -0.19374974 0.40000051 0.40000001
v -0.23124991 0.40000051 0.40000001
v -0.21249982 0.40000051 0.42500000
v -0.19374974 0.40000051 0.37500001
v -0.23124991 0.40000051 0.42500000
v -0.21249982 0.40000051 0.37500001
v -0.09999929 0.40000051 0.32500001
v -0.09999929 0.40000051 0.37500001
v -0.11874938 0.40000051 0.35000001
v -0.09999929 0.40000051 0.47500000
v -0.09999929 0.40000051 0.42500000
v -0.15624956 0.40000051 0.40000001
v -0.11874938 0.40000051 0.40000001
v -0.13749947 0.40000051 0.37500001
v -0.11874938 0.40000051 0.37500001
v -0.21249982 0.40000051 0.47500000
v -0.11874938 0.40000051 0.47500000
v -0.17499965 0.40000051 0.42500000
v -0.17499965 0.40000051 0.47500000
v -0.19374974 0.40000051 0.45000000
v -0.15624956 0.40000051 0.42500000
v -0.19374974 0.40000051 0.47500000
v -0.11874938 0.40000051 0.42500000
v -0.15624956 0.40000051 0.47500000
v -0.11874938 0.40000051 0.45000000
v -0.13749947 0.40000051 0.42500000
v -0.13749947 0.40000051 0.47500000
v -0.15624956 0.40000051 0.45000000
v -0.08749948 0.40000051 0.27500001
v -0.06249987 0.40000051 0.22500001
v -0.10624957 0.40000051 0.27500001
v -0.01250063 0.40000051 0.12500000
v -0.03750025 0.40000051 0.17500001
v -0.14374975 0.40000051 0.27500001
v -0.08124995 0.40000051 0.22500001
v -0.12499966 0.40000051 0.27500001
v -0.09374976 0.40000051 0.25000001
v -0.21875010 0.40000051 0.27500001
v -0.15625031 0.40000051 0.22500001
v -0.20000001 0.40000051 0.27500001
v -0.03125072 0.40000051 0.12500000
v -0.09375051 0.40000051 0.17500001
v -0.04375053 0.40000051 0.15000000
v -0.16249984 0.40000051 0.27500001
v -0.13750022 0.40000051 0.22500001
v -0.18124993 0.40000051 0.27500001
v -0.13124994 0.40000051 0.25000001
v -0.16875012 0.40000051 0.25000001
v -0.06875014 0.40000051 0.20000001
v -0.10625032 0.40000051 0.20000001
v -0.05625034 0.40000051 0.17500001
v -0.10000004 0.40000051 0.22500001
v -0.07500042 0.40000051 0.17500001
v -0.11875013 0.40000051 0.22500001
v -0.08749948 0.40000051 0.30000001
v -0.06249987 0.40000051 0.30000001
v -0.07499968 0.40000051 0.27500001
v -0.01250063 0.40000051 0.30000001
v -0.03750025 0.40000051 0.30000001
v -0.05000006 0.40000051 0.22500001
v -0.05000006 0.40000051 0.27500001
v -0.06249987 0.40000051 0.25000001
v -0.06249987 0.40000051 0.27500001
v -0.00000082 0.40000051 0.12500000
v -0.00000082 0.40000051 0.17500001
v -0.01250063 0.40000051 0.15000000
v -0.00000082 0.40000051 0.27500001
v -0.00000082 0.40000051 0.22500001
v -0.01250063 0.40000051 0.27500001
v -0.03750025 0.40000051 0.20000001
v -0.01250063 0.40000051 0.20000001
v -0.02500044 0.40000051 0.17500001
v -0.03750025 0.40000051 0.22500001
v -0.01250063 0.40000051 0.17500001
v -0.03750025 0.40000051 0.27500001
v -0.01250063 0.40000051 0.22500001
v -0.02500044 0.40000051 0.27500001
v -0.03750025 0.40000051 0.25000001
v -0.01250063 0.40000051 0.25000001
v -0.02500044 0.40000051 0.22500001
v 0.01874937 0.41875046 0.12500000
v 0.05624976 0.45625037 0.17500001
v 0.01874937 0.41875046 0.15000000
v 0.13125053 0.53125018 0.27500001
v 0.09375014 0.49375027 0.22500001
v 0.01874937 0.41875046 0.20000001
v 0.05624976 0.45625037 0.20000001
v 0.01874937 0.41875046 0.17500001
v 0.03749957 0.43750042 0.17500001
v 0.01874937 0.41875046 0.30000001
v 0.05624976 0.45625037 0.30000001
v 0.01874937 0.41875046 0.27500001
v 0.13125053 0.53125018 0.30000001
v 0.09375014 0.49375027 0.30000001
v 0.11250034 0.51250023 0.27500001
v 0.01874937 0.41875046 0.22500001
v 0.05624976 0.45625037 0.27500001
v 0.01874937 0.41875046 0.25000001
v 0.03749957 0.43750042 0.22500001
v 0.03749957 0.43750042 0.27500001
v 0.07499995 0.47500032 0.22500001
v 0.07499995 0.47500032 0.27500001
v 0.09375014 0.49375027 0.25000001
v 0.05624976 0.45625037 0.22500001
v 0.09375014 0.49375027 0.27500001
v 0.05624976 0.45625037 0.25000001
v 0.01874937 0.41875046 0.10000000
v 0.05624976 0.45625037 0.10000000
v 0.03749957 0.43750042 0.12500000
v 0.13125053 0.53125018 0.10000000
v 0.09375014 0.49375027 0.10000000
v 0.07499995 0.47500032 0.17500001
v 0.07499995 0.47500032 0.12500000
v 0.05624976 0.45625037 0.15000000
v 0.05624976 0.45625037 0.12500000
v 0.15000072 0.55000013 0.27500001
v 0.15000072 0.55000013 0.22500001
v 0.13125053 0.53125018 0.25000001
v 0.15000072 0.55000013 0.12500000
v 0.15000072 0.55000013 0.17500001
v 0.13125053 0.53125018 0.12500000
v 0.09375014 0.49375027 0.20000001
v 0.13125053 0.53125018 0.20000001
v 0.11250034 0.51250023 0.22500001
v 0.09375014 0.49375027 0.17500001
v 0.13125053 0.53125018 0.22500001
v 0.09375014 0.49375027 0.12500000
v 0.13125053 0.53125018 0.17500001
v 0.11250034 0.51250023 0.12500000
v 0.09375014 0.49375027 0.15000000
v 0.13125053 0.53125018 0.15000000
v 0.11250034 0.51250023 0.17500001
v -0.03125072 0.40000051 0.10735296
v -0.09375051 0.40000051 0.12205889
v -0.21875010 0.40000051 0.15147074
v -0.15625031 0.40000051 0.13676481
v -0.21875010 0.40000051 0.26600954
v -0.15625031 0.40000051 0.21600953
v -0.21875010 0.40000051 0.24802859
v -0.18750020 0.40000051 0.24100954
v -0.21875010 0.40000051 0.25701906
v -0.03125072 0.40000051 0.11600953
v -0.09375051 0.40000051 0.14802858
v -0.06250061 0.40000051 0.14100953
v -0.06250061 0.40000051 0.12336249
v -0.21875010 0.40000051 0.21206669
v -0.15625031 0.40000051 0.18004764
v -0.21875010 0.40000051 0.22105717
v -0.12500041 0.40000051 0.19100953
v -0.12500041 0.40000051 0.17302858
v -0.09375051 0.40000051 0.16600953
v -0.15625031 0.40000051 0.20701906
v -0.09375051 0.40000051 0.15701906
v -0.12500041 0.40000051 0.13806842
v -0.12500041 0.40000051 0.15538155
v -0.09375051 0.40000051 0.13071545
v -0.09375051 0.40000051 0.13937202
v -0.21875010 0.40000051 0.23903811
v -0.15625031 0.40000051 0.18903811
v -0.21875010 0.40000051 0.23004764
v -0.18750020 0.40000051 0.22302859
v -0.18750020 0.40000051 0.20504764
v -0.15625031 0.40000051 0.19802859
v -0.21875010 0.40000051 0.16012730
v -0.21875010 0.40000051 0.20341013
v -0.15625031 0.40000051 0.14542138
v -0.21875010 0.40000051 0.17744043
v -0.18750020 0.40000051 0.15277434
v -0.15625031 0.40000051 0.15407794
v -0.21875010 0.40000051 0.16878387
v -0.15625031 0.40000051 0.17139107
v -0.21875010 0.40000051 0.18609700
v -0.18750020 0.40000051 0.18740060
v -0.15625031 0.40000051 0.16273451
v -0.21875010 0.40000051 0.19475356
v -0.18750020 0.40000051 0.17008747
v -0.03125072 0.40000051 0.10000000
v -0.09375051 0.40000051 0.10000000
v -0.21875010 0.40000051 0.10000000
v -0.15625031 0.40000051 0.10000000
v -0.03125072 0.40000051 0.10536767
v -0.09375051 0.40000051 0.11610299
v -0.06250061 0.40000051 0.11272063
v -0.06250061 0.40000051 0.10536767
v -0.21875010 0.40000051 0.13757365
v -0.15625031 0.40000051 0.12683832
v -0.12500041 0.40000051 0.12742655
v -0.12500041 0.40000051 0.12345595
v -0.09375051 0.40000051 0.12007359
v -0.09375051 0.40000051 0.11808829
v -0.12500041 0.40000051 0.10536767
v -0.12500041 0.40000051 0.11610299
v -0.09375051 0.40000051 0.10536767
v -0.09375051 0.40000051 0.11073533
v -0.21875010 0.40000051 0.14948544
v -0.21875010 0.40000051 0.13955895
v -0.15625031 0.40000051 0.13477951
v -0.21875010 0.40000051 0.14551484
v -0.18750020 0.40000051 0.14213248
v -0.15625031 0.40000051 0.13279422
v -0.21875010 0.40000051 0.14750014
v -0.15625031 0.40000051 0.12882362
v -0.21875010 0.40000051 0.14352954
v -0.18750020 0.40000051 0.13419128
v -0.15625031 0.40000051 0.13080892
v -0.21875010 0.40000051 0.14154424
v -0.18750020 0.40000051 0.13816188
v -0.21875010 0.40000051 0.10536767
v -0.21875010 0.40000051 0.13220598
v -0.15625031 0.40000051 0.10536767
v -0.21875010 0.40000051 0.11610299
v -0.18750020 0.40000051 0.10536767
v -0.15625031 0.40000051 0.11073533
v -0.21875010 0.40000051 0.11073533
v -0.15625031 0.40000051 0.12147066
v -0.21875010 0.40000051 0.12147066
v -0.18750020 0.40000051 0.12683832
v -0.15625031 0.40000051 0.11610299
v -0.21875010 0.40000051 0.12683832
v -0.18750020 0.40000051 0.11610299
v -0.09999929 0.65000051 0.30000001
v -0.09999929 0.55999792 0.30000001
v -0.09999929 0.65000051 0.40000001
v -0.09999929 0.52500051 0.40000001
v -0.09999929 0.60499921 0.30000001
v -0.09999929 0.47999921 0.40000001
v -0.09999929 0.47999921 0.30000001
v -0.09999929 0.65000051 0.45000000
v -0.09999929 0.65000051 0.35000001
v -0.09999929 0.58750051 0.45000000
v -0.09999929 0.58750051 0.35000001
v -0.09999929 0.46250051 0.45000000
v -0.09999929 0.58750051 0.40000001
v -0.09999929 0.52500051 0.45000000
v -0.09999929 0.62749986 0.30000001
v -0.09999929 0.58249857 0.30000001
v -0.09999929 0.56499986 0.35000001
v -0.09999929 0.43999986 0.45000000
v -0.09999929 0.51999857 0.35000001
v -0.09999929 0.50249986 0.40000001
v -0.09999929 0.54249921 0.35000001
v -0.09999929 0.43999986 0.40000001
v -0.09999929 0.51999857 0.30000001
v -0.09999929 0.43999986 0.30000001
v -0.09999929 0.47999921 0.35000001
v -0.09999929 0.43999986 0.35000001
v -0.09999929 0.65000051 0.47500000
v -0.09999929 0.65000051 0.42500000
v -0.09999929 0.65000051 0.32500001
v -0.09999929 0.65000051 0.37500001
v -0.09999929 0.61875051 0.47500000
v -0.09999929 0.61875051 0.42500000
v -0.09999929 0.55625051 0.47500000
v -0.09999929 0.61875051 0.45000000
v -0.09999929 0.58750051 0.47500000
v -0.09999929 0.61875051 0.32500001
v -0.09999929 0.55625051 0.37500001
v -0.09999929 0.61875051 0.35000001
v -0.09999929 0.43125051 0.47500000
v -0.09999929 0.49375051 0.42500000
v -0.09999929 0.46250051 0.47500000
v -0.09999929 0.61875051 0.40000001
v -0.09999929 0.55625051 0.40000001
v -0.09999929 0.61875051 0.37500001
v -0.09999929 0.58750051 0.42500000
v -0.09999929 0.58750051 0.37500001
v -0.09999929 0.52500051 0.47500000
v -0.09999929 0.52500051 0.42500000
v -0.09999929 0.49375051 0.47500000
v -0.09999929 0.55625051 0.45000000
v -0.09999929 0.49375051 0.45000000
v -0.09999929 0.55625051 0.42500000
v -0.09999929 0.63875019 0.30000001
v -0.09999929 0.61624954 0.30000001
v -0.09999929 0.60750019 0.32500001
v -0.09999929 0.57124824 0.30000001
v -0.09999929 0.59374889 0.30000001
v -0.09999929 0.54500019 0.37500001
v -0.09999929 0.58499954 0.32500001
v -0.09999929 0.57625019 0.35000001
v -0.09999929 0.59624986 0.32500001
v -0.09999929 0.42000019 0.47500000
v -0.09999929 0.45999954 0.42500000
v -0.09999929 0.45125019 0.45000000
v -0.09999929 0.53999824 0.32500001
v -0.09999929 0.49999889 0.37500001
v -0.09999929 0.55124857 0.32500001
v -0.09999929 0.51375019 0.40000001
v -0.09999929 0.49124954 0.40000001
v -0.09999929 0.48250019 0.42500000
v -0.09999929 0.53374986 0.37500001
v -0.09999929 0.47124986 0.42500000
v -0.09999929 0.57374921 0.32500001
v -0.09999929 0.51124921 0.37500001
v -0.09999929 0.56249889 0.32500001
v -0.09999929 0.55374954 0.35000001
v -0.09999929 0.53124889 0.35000001
v -0.09999929 0.52249954 0.37500001
v -0.09999929 0.42000019 0.45000000
v -0.09999929 0.45999954 0.40000001
v -0.09999929 0.42000019 0.40000001
v -0.09999929 0.43999986 0.42500000
v -0.09999929 0.42000019 0.42500000
v -0.09999929 0.53999824 0.30000001
v -0.09999929 0.49999889 0.30000001
v -0.09999929 0.51999857 0.32500001
v -0.09999929 0.42000019 0.30000001
v -0.09999929 0.45999954 0.30000001
v -0.09999929 0.42000019 0.32500001
v -0.09999929 0.47999921 0.37500001
v -0.09999929 0.47999921 0.32500001
v -0.09999929 0.49999889 0.35000001
v -0.09999929 0.45999954 0.37500001
v -0.09999929 0.49999889 0.32500001
v -0.09999929 0.42000019 0.37500001
v -0.09999929 0.45999954 0.32500001
v -0.09999929 0.42000019 0.35000001
v -0.09999929 0.43999986 0.37500001
v -0.09999929 0.43999986 0.32500001
v -0.09999929 0.45999954 0.35000001
v -0.21666713 0.80000013 0.10000000
v 0.15000072 0.80000013 0.10000000
v -0.12500041 0.60000032 0.10000000
v -0.10833398 0.60000032 0.10000000
v -0.23333357 0.80000013 0.10000000
v -0.03333320 0.67500013 0.10000000
v -0.03333320 0.80000013 0.10000000
v 0.15000072 0.67500013 0.10000000
v -0.18750020 0.50000042 0.10000000
v -0.06250061 0.50000042 0.10000000
v -0.18750020 0.70000023 0.10000000
v -0.12500041 0.50000042 0.10000000
v -0.18750020 0.60000032 0.10000000
v -0.05416740 0.50000042 0.10000000
v -0.16250055 0.70000023 0.10000000
v -0.11666719 0.60000032 0.10000000
v -0.24166678 0.80000013 0.10000000
v -0.22500035 0.80000013 0.10000000
v -0.17916699 0.70000023 0.10000000
v -0.17083377 0.70000023 0.10000000
v -0.01666701 0.53750032 0.10000000
v -0.12500017 0.73750013 0.10000000
v 0.05833376 0.61250013 0.10000000
v -0.07083359 0.63750023 0.10000000
v 0.02083337 0.57500023 0.10000000
v -0.12500017 0.80000013 0.10000000
v 0.05833376 0.80000013 0.10000000
v -0.03333320 0.73750013 0.10000000
v 0.15000072 0.61250013 0.10000000
v 0.15000072 0.73750013 0.10000000
v 0.05833376 0.67500013 0.10000000
v 0.05833376 0.73750013 0.10000000
v -0.21875010 0.45000046 0.10000000
v -0.15625031 0.45000046 0.10000000
v -0.21875010 0.55000037 0.10000000
v -0.18750020 0.45000046 0.10000000
v -0.21875010 0.50000042 0.10000000
v -0.03125072 0.45000046 0.10000000
v -0.09375051 0.55000037 0.10000000
v -0.06250061 0.45000046 0.10000000
v -0.21875010 0.75000018 0.10000000
v -0.15625031 0.65000027 0.10000000
v -0.21875010 0.70000023 0.10000000
v -0.12500041 0.45000046 0.10000000
v -0.12500041 0.55000037 0.10000000
v -0.09375051 0.45000046 0.10000000
v -0.15625031 0.50000042 0.10000000
v -0.09375051 0.50000042 0.10000000
v -0.21875010 0.60000032 0.10000000
v -0.15625031 0.60000032 0.10000000
v -0.21875010 0.65000027 0.10000000
v -0.18750020 0.55000037 0.10000000
v -0.18750020 0.65000027 0.10000000
v -0.15625031 0.55000037 0.10000000
v -0.02708411 0.45000046 0.10000000
v -0.08125069 0.55000037 0.10000000
v -0.05833401 0.50000042 0.10000000
v -0.18958384 0.75000018 0.10000000
v -0.13541726 0.65000027 0.10000000
v -0.12083380 0.60000032 0.10000000
v -0.11250058 0.60000032 0.10000000
v -0.08958390 0.55000037 0.10000000
v -0.08541729 0.55000037 0.10000000
v -0.24583339 0.80000013 0.10000000
v -0.23750017 0.80000013 0.10000000
v -0.21458349 0.75000018 0.10000000
v -0.22083374 0.80000013 0.10000000
v -0.22916696 0.80000013 0.10000000
v -0.19375045 0.75000018 0.10000000
v -0.15208370 0.65000027 0.10000000
v -0.20625028 0.75000018 0.10000000
v -0.18333360 0.70000023 0.10000000
v -0.14791709 0.65000027 0.10000000
v -0.21041689 0.75000018 0.10000000
v -0.13958387 0.65000027 0.10000000
v -0.20208367 0.75000018 0.10000000
v -0.16666716 0.70000023 0.10000000
v -0.14375048 0.65000027 0.10000000
v -0.19791706 0.75000018 0.10000000
v -0.17500038 0.70000023 0.10000000
v -0.00833392 0.46875042 0.10000000
v -0.06250049 0.56875032 0.10000000
v 0.02916647 0.50625032 0.10000000
v -0.03541720 0.51875037 0.10000000
v 0.01041628 0.48750037 0.10000000
v -0.17083365 0.76875013 0.10000000
v -0.07916669 0.70625013 0.10000000
v -0.14375036 0.71875018 0.10000000
v 0.10416724 0.58125013 0.10000000
v 0.01250028 0.64375013 0.10000000
v 0.08541705 0.56250018 0.10000000
v -0.08958378 0.61875027 0.10000000
v -0.05208340 0.65625018 0.10000000
v -0.11666707 0.66875023 0.10000000
v -0.04375030 0.58750027 0.10000000
v -0.09791688 0.68750018 0.10000000
v 0.04791666 0.52500027 0.10000000
v -0.00624992 0.62500018 0.10000000
v 0.06666685 0.54375023 0.10000000
v 0.00208318 0.55625027 0.10000000
v 0.03958357 0.59375018 0.10000000
v -0.02500011 0.60625023 0.10000000
v -0.17083365 0.80000013 0.10000000
v -0.07916669 0.80000013 0.10000000
v -0.12500017 0.76875013 0.10000000
v 0.10416724 0.80000013 0.10000000
v 0.01250028 0.80000013 0.10000000
v -0.03333320 0.70625013 0.10000000
v -0.03333320 0.76875013 0.10000000
v -0.07916669 0.73750013 0.10000000
v -0.07916669 0.76875013 0.10000000
v 0.15000072 0.58125013 0.10000000
v 0.15000072 0.64375013 0.10000000
v 0.10416724 0.61250013 0.10000000
v 0.15000072 0.76875013 0.10000000
v 0.15000072 0.70625013 0.10000000
v 0.10416724 0.76875013 0.10000000
v 0.01250028 0.67500013 0.10000000
v 0.10416724 0.67500013 0.10000000
v 0.05833376 0.64375013 0.10000000
v 0.01250028 0.70625013 0.10000000
v 0.10416724 0.64375013 0.10000000
v 0.01250028 0.76875013 0.10000000
v 0.10416724 0.70625013 0.10000000
v 0.05833376 0.76875013 0.10000000
v 0.01250028 0.73750013 0.10000000
v 0.10416724 0.73750013 0.10000000
v 0.05833376 0.70625013 0.10000000
v 0.15000072 0.80000013 0.30000001
v 0.15000072 0.67500013 0.20000001
v 0.15000072 0.80000013 0.20000001
v 0.15000072 0.67500013 0.30000001
v 0.15000072 0.73750013 0.15000000
v 0.15000072 0.61250013 0.25000001
v 0.15000072 0.67500013 0.15000000
v 0.15000072 0.61250013 0.15000000
v 0.15000072 0.61250013 0.20000001
v 0.15000072 0.80000013 0.15000000
v 0.15000072 0.80000013 0.25000001
v 0.15000072 0.73750013 0.20000001
v 0.15000072 0.61250013 0.30000001
v 0.15000072 0.73750013 0.30000001
v 0.15000072 0.67500013 0.25000001
v 0.15000072 0.73750013 0.25000001
v 0.15000072 0.76875013 0.12500000
v 0.15000072 0.70625013 0.17500001
v 0.15000072 0.73750013 0.12500000
v 0.15000072 0.58125013 0.27500001
v 0.15000072 0.64375013 0.22500001
v 0.15000072 0.67500013 0.12500000
v 0.15000072 0.67500013 0.17500001
v 0.15000072 0.70625013 0.12500000
v 0.15000072 0.70625013 0.15000000
v 0.15000072 0.58125013 0.12500000
v 0.15000072 0.58125013 0.25000001
v 0.15000072 0.64375013 0.12500000
v 0.15000072 0.58125013 0.17500001
v 0.15000072 0.61250013 0.12500000
v 0.15000072 0.64375013 0.15000000
v 0.15000072 0.58125013 0.15000000
v 0.15000072 0.64375013 0.20000001
v 0.15000072 0.58125013 0.20000001
v 0.15000072 0.61250013 0.22500001
v 0.15000072 0.64375013 0.17500001
v 0.15000072 0.58125013 0.22500001
v 0.15000072 0.61250013 0.17500001
v 0.15000072 0.80000013 0.12500000
v 0.15000072 0.80000013 0.17500001
v 0.15000072 0.76875013 0.15000000
v 0.15000072 0.80000013 0.27500001
v 0.15000072 0.80000013 0.22500001
v 0.15000072 0.70625013 0.20000001
v 0.15000072 0.76875013 0.20000001
v 0.15000072 0.73750013 0.17500001
v 0.15000072 0.76875013 0.17500001
v 0.15000072 0.58125013 0.30000001
v 0.15000072 0.64375013 0.30000001
v 0.15000072 0.61250013 0.27500001
v 0.15000072 0.76875013 0.30000001
v 0.15000072 0.70625013 0.30000001
v 0.15000072 0.76875013 0.27500001
v 0.15000072 0.67500013 0.22500001
v 0.15000072 0.67500013 0.27500001
v 0.15000072 0.64375013 0.25000001
v 0.15000072 0.70625013 0.22500001
v 0.15000072 0.64375013 0.27500001
v 0.15000072 0.76875013 0.22500001
v 0.15000072 0.70625013 0.27500001
v 0.15000072 0.76875013 0.25000001
v 0.15000072 0.73750013 0.22500001
v 0.15000072 0.73750013 0.27500001
v 0.15000072 0.70625013 0.25000001
v -0.15625095 0.65000051 0.30000001
v -0.12812512 0.65000051 0.40000001
v -0.20312548 0.65000051 0.30000001
v -0.17499965 0.65000051 0.40000001
v -0.12812512 0.65000051 0.30000001
v -0.17499965 0.65000051 0.42739254
v -0.14218804 0.65000051 0.35000001
v -0.11406221 0.65000051 0.45000000
v -0.17968822 0.65000051 0.30000001
v -0.22656274 0.65000051 0.30000001
v -0.16562530 0.65000051 0.35000001
v -0.13749947 0.65000051 0.45000000
v -0.21249982 0.65000051 0.35000001
v -0.15156239 0.65000051 0.40000001
v -0.18906256 0.65000051 0.35000001
v -0.14218804 0.65000051 0.30000001
v -0.11406221 0.65000051 0.30000001
v -0.12812512 0.65000051 0.35000001
v -0.11406221 0.65000051 0.40000001
v -0.11406221 0.65000051 0.35000001
v -0.13749947 0.65000051 0.46369627
v -0.21249982 0.65000051 0.39108881
v -0.17499965 0.65000051 0.41369627
v -0.21249982 0.65000051 0.36369628
v -0.21249982 0.65000051 0.37739255
v -0.17499965 0.65000051 0.46369627
v -0.21249982 0.65000051 0.42739254
v -0.21249982 0.65000051 0.46369627
v -0.14921950 0.65000051 0.32500001
v -0.13515658 0.65000051 0.37500001
v -0.10703075 0.65000051 0.47500000
v -0.12109367 0.65000051 0.42500000
v -0.16796958 0.65000051 0.30000001
v -0.19140685 0.65000051 0.30000001
v -0.16093813 0.65000051 0.32500001
v -0.23828137 0.65000051 0.30000001
v -0.21484411 0.65000051 0.30000001
v -0.14687521 0.65000051 0.37500001
v -0.18437539 0.65000051 0.32500001
v -0.15390667 0.65000051 0.35000001
v -0.17265676 0.65000051 0.32500001
v -0.11874938 0.65000051 0.47500000
v -0.15624956 0.65000051 0.42500000
v -0.12578084 0.65000051 0.45000000
v -0.23124991 0.65000051 0.32500001
v -0.19374974 0.65000051 0.37500001
v -0.21953128 0.65000051 0.32500001
v -0.13984375 0.65000051 0.40000001
v -0.16328102 0.65000051 0.40000001
v -0.13281230 0.65000051 0.42500000
v -0.15859384 0.65000051 0.37500001
v -0.14453093 0.65000051 0.42500000
v -0.19609402 0.65000051 0.32500001
v -0.18203110 0.65000051 0.37500001
v -0.20781265 0.65000051 0.32500001
v -0.17734393 0.65000051 0.35000001
v -0.20078119 0.65000051 0.35000001
v -0.17031247 0.65000051 0.37500001
v -0.14921950 0.65000051 0.30000001
v -0.13515658 0.65000051 0.30000001
v -0.14218804 0.65000051 0.32500001
v -0.10703075 0.65000051 0.30000001
v -0.12109367 0.65000051 0.30000001
v -0.12812512 0.65000051 0.37500001
v -0.12812512 0.65000051 0.32500001
v -0.13515658 0.65000051 0.35000001
v -0.13515658 0.65000051 0.32500001
v -0.10703075 0.65000051 0.45000000
v -0.10703075 0.65000051 0.32500001
v -0.12109367 0.65000051 0.40000001
v -0.10703075 0.65000051 0.40000001
v -0.11406221 0.65000051 0.42500000
v -0.12109367 0.65000051 0.37500001
v -0.10703075 0.65000051 0.42500000
v -0.12109367 0.65000051 0.32500001
v -0.10703075 0.65000051 0.37500001
v -0.11406221 0.65000051 0.32500001
v -0.12109367 0.65000051 0.35000001
v -0.10703075 0.65000051 0.35000001
v -0.11406221 0.65000051 0.37500001
v -0.11874938 0.65000051 0.48184814
v -0.15624956 0.65000051 0.44554441
v -0.13749947 0.65000051 0.45684814
v -0.23124991 0.65000051 0.37293695
v -0.19374974 0.65000051 0.40924068
v -0.17499965 0.65000051 0.40684814
v -0.17499965 0.65000051 0.42054441
v -0.15624956 0.65000051 0.43184814
v -0.15624956 0.65000051 0.43869627
v -0.23124991 0.65000051 0.33184814
v -0.23124991 0.65000051 0.36608882
v -0.19374974 0.65000051 0.38184814
v -0.23124991 0.65000051 0.34554441
v -0.21249982 0.65000051 0.35684814
v -0.19374974 0.65000051 0.38869628
v -0.23124991 0.65000051 0.33869628
v -0.19374974 0.65000051 0.40239254
v -0.23124991 0.65000051 0.35239255
v -0.21249982 0.65000051 0.38424068
v -0.19374974 0.65000051 0.39554441
v -0.23124991 0.65000051 0.35924068
v -0.21249982 0.65000051 0.37054441
v -0.13749947 0.65000051 0.48184814
v -0.17499965 0.65000051 0.44554441
v -0.17499965 0.65000051 0.48184814
v -0.15624956 0.65000051 0.46369627
v -0.15624956 0.65000051 0.48184814
v -0.23124991 0.65000051 0.39108881
v -0.23124991 0.65000051 0.48184814
v -0.19374974 0.65000051 0.42739254
v -0.23124991 0.65000051 0.42739254
v -0.21249982 0.65000051 0.40924068
v -0.19374974 0.65000051 0.44554441
v -0.23124991 0.65000051 0.40924068
v -0.19374974 0.65000051 0.48184814
v -0.23124991 0.65000051 0.44554441
v -0.21249982 0.65000051 0.48184814
v -0.19374974 0.65000051 0.46369627
v -0.23124991 0.65000051 0.46369627
v -0.21249982 0.65000051 0.44554441
v -0.14999980 0.80000013 0.30000001
v -0.05000006 0.47999921 0.30000001
v -0.20312548 0.72500032 0.30000001
v -0.19999990 0.80000013 0.30000001
v 0.02500071 0.55499902 0.30000001
v -0.04999964 0.67500013 0.30000001
v 0.00000046 0.67500013 0.30000001
v 0.00000046 0.80000013 0.30000001
v -0.17499965 0.72500032 0.30000001
v 0.02500071 0.60000032 0.30000001
v -0.07499968 0.43999986 0.30000001
v -0.07499968 0.51999857 0.30000001
v -0.02500044 0.43999986 0.30000001
v -0.07499968 0.47999921 0.30000001
v -0.05000006 0.43999986 0.30000001
v -0.22656274 0.76250023 0.30000001
v -0.17968822 0.68750042 0.30000001
v -0.22656274 0.72500032 0.30000001
v -0.20312548 0.68750042 0.30000001
v -0.22656274 0.68750042 0.30000001
v -0.22499995 0.80000013 0.30000001
v -0.17499985 0.80000013 0.30000001
v -0.03749929 0.55749847 0.30000001
v 0.08750072 0.55249958 0.30000001
v -0.01249967 0.51749912 0.30000001
v 0.01249995 0.47749977 0.30000001
v 0.05000033 0.51499967 0.30000001
v -0.14999982 0.73750013 0.30000001
v 0.05000054 0.61250013 0.30000001
v -0.12499977 0.73750013 0.30000001
v -0.07499967 0.73750013 0.30000001
v 0.07500059 0.61250013 0.30000001
v -0.09999972 0.73750013 0.30000001
v -0.02499959 0.67500013 0.30000001
v -0.07499967 0.80000013 0.30000001
v 0.07500059 0.80000013 0.30000001
v 0.00000046 0.73750013 0.30000001
v 0.07500059 0.67500013 0.30000001
v 0.07500059 0.73750013 0.30000001
v -0.03749929 0.57999912 0.30000001
v -0.21249982 0.76250023 0.30000001
v -0.13749947 0.68750042 0.30000001
v -0.18906256 0.72500032 0.30000001
v -0.11249964 0.70000023 0.30000001
v -0.16562530 0.68750042 0.30000001
v -0.15156239 0.68750042 0.30000001
v 0.08750072 0.57500023 0.30000001
v -0.03749929 0.62500042 0.30000001
v 0.02500071 0.57749967 0.30000001
v -0.01249946 0.63750023 0.30000001
v -0.03749929 0.60249977 0.30000001
v -0.07499947 0.66250032 0.30000001
v -0.08749948 0.42000019 0.30000001
v -0.08749948 0.45999954 0.30000001
v -0.06249987 0.42000019 0.30000001
v -0.08749948 0.43999986 0.30000001
v -0.07499968 0.42000019 0.30000001
v -0.08749948 0.53999824 0.30000001
v -0.06249987 0.49999889 0.30000001
v -0.08749948 0.51999857 0.30000001
v -0.01250063 0.42000019 0.30000001
v -0.03750025 0.45999954 0.30000001
v -0.02500044 0.42000019 0.30000001
v -0.08749948 0.47999921 0.30000001
v -0.06249987 0.47999921 0.30000001
v -0.08749948 0.49999889 0.30000001
v -0.07499968 0.45999954 0.30000001
v -0.07499968 0.49999889 0.30000001
v -0.05000006 0.42000019 0.30000001
v -0.05000006 0.45999954 0.30000001
v -0.03750025 0.42000019 0.30000001
v -0.06249987 0.43999986 0.30000001
v -0.03750025 0.43999986 0.30000001
v -0.06249987 0.45999954 0.30000001
v -0.23828137 0.78125018 0.30000001
v -0.21484411 0.74375027 0.30000001
v -0.16796958 0.66875046 0.30000001
v -0.19140685 0.70625037 0.30000001
v -0.23828137 0.76250023 0.30000001
v -0.21484411 0.72500032 0.30000001
v -0.23828137 0.72500032 0.30000001
v -0.22656274 0.74375027 0.30000001
v -0.23828137 0.74375027 0.30000001
v -0.17968822 0.66875046 0.30000001
v -0.23828137 0.66875046 0.30000001
v -0.20312548 0.70625037 0.30000001
v -0.20312548 0.66875046 0.30000001
v -0.19140685 0.68750042 0.30000001
v -0.21484411 0.70625037 0.30000001
v -0.19140685 0.66875046 0.30000001
v -0.23828137 0.70625037 0.30000001
v -0.21484411 0.66875046 0.30000001
v -0.23828137 0.68750042 0.30000001
v -0.22656274 0.70625037 0.30000001
v -0.22656274 0.66875046 0.30000001
v -0.21484411 0.68750042 0.30000001
v -0.23749997 0.80000013 0.30000001
v -0.21249992 0.80000013 0.30000001
v -0.16249982 0.80000013 0.30000001
v -0.18749987 0.80000013 0.30000001
v -0.06874929 0.55874819 0.30000001
v -0.00624929 0.55624875 0.30000001
v -0.05624948 0.53874852 0.30000001
v 0.11875072 0.55124985 0.30000001
v 0.05625072 0.55374930 0.30000001
v -0.03124986 0.49874917 0.30000001
v 0.00625052 0.53624907 0.30000001
v -0.04374967 0.51874884 0.30000001
v -0.02499948 0.53749879 0.30000001
v 0.00624956 0.43875014 0.30000001
v 0.10000053 0.53249990 0.30000001
v -0.01875005 0.47874949 0.30000001
v 0.04374995 0.47625005 0.30000001
v -0.00625025 0.45874982 0.30000001
v 0.00000014 0.49749944 0.30000001
v 0.02499976 0.45750009 0.30000001
v 0.03750052 0.53499935 0.30000001
v 0.06250014 0.49500000 0.30000001
v 0.06875052 0.53374963 0.30000001
v 0.01875033 0.51624940 0.30000001
v 0.08125033 0.51374995 0.30000001
v 0.03125014 0.49624972 0.30000001
v -0.19999991 0.76875013 0.30000001
v -0.09999973 0.70625013 0.30000001
v -0.18749988 0.76875013 0.30000001
v 0.10000063 0.58125013 0.30000001
v 0.00000045 0.64375013 0.30000001
v -0.16249983 0.76875013 0.30000001
v -0.08749970 0.70625013 0.30000001
v -0.17499986 0.76875013 0.30000001
v -0.13749979 0.73750013 0.30000001
v -0.11249973 0.76875013 0.30000001
v -0.03749960 0.70625013 0.30000001
v -0.12499976 0.76875013 0.30000001
v 0.11250066 0.58125013 0.30000001
v 0.03750053 0.64375013 0.30000001
v 0.06250057 0.61250013 0.30000001
v -0.14999981 0.76875013 0.30000001
v -0.04999963 0.70625013 0.30000001
v -0.13749978 0.76875013 0.30000001
v -0.11249974 0.73750013 0.30000001
v -0.08749969 0.73750013 0.30000001
v -0.03749961 0.67500013 0.30000001
v -0.01249956 0.67500013 0.30000001
v 0.01250048 0.64375013 0.30000001
v -0.07499968 0.70625013 0.30000001
v 0.02500050 0.64375013 0.30000001
v -0.06249965 0.70625013 0.30000001
v -0.11249973 0.80000013 0.30000001
v -0.03749960 0.80000013 0.30000001
v -0.07499967 0.76875013 0.30000001
v 0.11250066 0.80000013 0.30000001
v 0.03750053 0.80000013 0.30000001
v 0.00000046 0.70625013 0.30000001
v 0.00000046 0.76875013 0.30000001
v -0.03749960 0.73750013 0.30000001
v -0.03749960 0.76875013 0.30000001
v 0.11250066 0.61250013 0.30000001
v 0.11250066 0.76875013 0.30000001
v 0.03750053 0.67500013 0.30000001
v 0.11250066 0.67500013 0.30000001
v 0.07500059 0.64375013 0.30000001
v 0.03750053 0.70625013 0.30000001
v 0.11250066 0.64375013 0.30000001
v 0.03750053 0.76875013 0.30000001
v 0.11250066 0.70625013 0.30000001
v 0.07500059 0.76875013 0.30000001
v 0.03750053 0.73750013 0.30000001
v 0.11250066 0.73750013 0.30000001
v 0.07500059 0.70625013 0.30000001
v -0.06874929 0.56999852 0.30000001
v -0.00624929 0.56749907 0.30000001
v -0.06874929 0.59249917 0.30000001
v -0.03749929 0.56874879 0.30000001
v -0.06874929 0.58124884 0.30000001
v -0.23124991 0.78125018 0.30000001
v -0.19374974 0.74375027 0.30000001
v -0.21953128 0.76250023 0.30000001
v -0.18124982 0.75000018 0.30000001
v -0.11874938 0.66875046 0.30000001
v -0.15624956 0.70625037 0.30000001
v -0.19609402 0.72500032 0.30000001
v -0.18203110 0.72500032 0.30000001
v -0.20781265 0.74375027 0.30000001
v -0.20078119 0.74375027 0.30000001
v -0.08124964 0.68750018 0.30000001
v -0.14374964 0.71250027 0.30000001
v -0.13124973 0.71875018 0.30000001
v -0.16249973 0.73125023 0.30000001
v -0.16093813 0.66875046 0.30000001
v -0.12578084 0.66875046 0.30000001
v -0.18437539 0.70625037 0.30000001
v -0.14687521 0.66875046 0.30000001
v -0.17265676 0.68750042 0.30000001
v -0.17734393 0.70625037 0.30000001
v -0.15390667 0.66875046 0.30000001
v -0.16328102 0.70625037 0.30000001
v -0.13984375 0.66875046 0.30000001
v -0.14453093 0.68750042 0.30000001
v -0.17031247 0.70625037 0.30000001
v -0.13281230 0.66875046 0.30000001
v -0.15859384 0.68750042 0.30000001
v 0.11875072 0.56250018 0.30000001
v 0.05625072 0.58750027 0.30000001
v 0.08750072 0.56374990 0.30000001
v 0.06875063 0.59375018 0.30000001
v -0.06874929 0.63750046 0.30000001
v -0.00624929 0.61250037 0.30000001
v -0.06874929 0.62625014 0.30000001
v -0.08749938 0.65625042 0.30000001
v 0.02500071 0.56624935 0.30000001
v 0.02500071 0.58875000 0.30000001
v 0.05625072 0.56499963 0.30000001
v -0.00624929 0.57874940 0.30000001
v 0.05625072 0.57624995 0.30000001
v -0.03124955 0.65625018 0.30000001
v 0.00625063 0.61875027 0.30000001
v 0.01875054 0.62500018 0.30000001
v -0.06249955 0.66875023 0.30000001
v 0.03750063 0.60625023 0.30000001
v -0.06874929 0.60374949 0.30000001
v -0.00624929 0.60125005 0.30000001
v -0.06874929 0.61499982 0.30000001
v -0.03749929 0.59124944 0.30000001
v -0.03749929 0.61375009 0.30000001
v -0.00624929 0.58999972 0.30000001
v -0.12499956 0.69375032 0.30000001
v -0.02499938 0.63125032 0.30000001
v -0.10624947 0.67500037 0.30000001
v -0.09374955 0.68125027 0.30000001
v -0.05624938 0.64375037 0.30000001
v -0.04374946 0.65000027 0.30000001
v 1.69999993 2.59999943 0.00000000
v 1.74999917 2.59999943 0.44999999
v -0.09999929 2.59999943 0.44999999
v -0.15000042 2.59999943 0.89999998
v 1.31514275 2.59999943 0.00000000
v -0.01245126 2.59999943 0.00000000
v -0.06911398 2.59999943 0.00000000
v 0.12035811 2.59999943 0.00000000
v 1.72499955 2.59999943 0.22499999
v 0.80000032 2.59999943 0.22499999
v 0.82499994 2.59999943 0.44999999
v -0.17499965 2.59999943 0.67499998
v -0.12499986 2.59999943 0.67499998
v -0.20000021 2.59999943 0.89999998
v -0.23333357 2.59999943 0.05000000
v -0.17499965 2.59999943 0.37500000
v -0.12499955 2.59999943 0.37500000
v -0.04999964 2.59999943 0.05000000
v 1.50757134 2.59999943 0.00000000
v 0.73257174 2.59999943 0.05000000
v 0.92500032 2.59999943 0.15000001
v 0.02500071 2.59999943 0.37500000
v 0.73257174 2.59999943 0.15000001
v -0.17499965 2.59999943 0.47980019
v -0.17499965 2.59999943 0.49525335
v 0.06877473 2.59999943 0.05000000
v -0.15955699 2.59999943 0.00000000
v 0.04044337 2.59999943 0.05000000
v -0.04078262 2.59999943 0.00000000
v 0.13517942 2.59999943 0.05000000
v 0.71775043 2.59999943 0.00000000
v 0.05395342 2.59999943 0.00000000
v 1.71249974 2.59999943 0.11250000
v 1.73749936 2.59999943 0.33749999
v 1.25000012 2.59999943 0.11250000
v 0.35000051 2.59999943 0.33749999
v 1.26249993 2.59999943 0.22499999
v 1.28749955 2.59999943 0.44999999
v 0.36250032 2.59999943 0.44999999
v 1.27499974 2.59999943 0.33749999
v 0.81250013 2.59999943 0.33749999
v -0.13749947 2.59999943 0.56249999
v -0.21249982 2.59999943 0.78749998
v -0.11249958 2.59999943 0.56249999
v -0.13750014 2.59999943 0.78749998
v -0.14999975 2.59999943 0.67499998
v -0.22500011 2.59999943 0.89999998
v -0.17500032 2.59999943 0.89999998
v -0.18749993 2.59999943 0.78749998
v -0.16250004 2.59999943 0.78749998
v -0.24166678 2.59999943 0.02500000
v -0.22500035 2.59999943 0.07500000
v -0.24166678 2.59999943 0.05000000
v -0.23333357 2.59999943 0.07500000
v -0.24166678 2.59999943 0.07500000
v -0.13749947 2.59999943 0.41249999
v -0.21249982 2.59999943 0.33750001
v -0.11249942 2.59999943 0.41249999
v -0.13749967 2.59999943 0.33750001
v -0.14999960 2.59999943 0.37500000
v -0.18749977 2.59999943 0.33750001
v -0.16249972 2.59999943 0.33750001
v -0.14999982 2.59999943 0.02500000
v 0.05000054 2.59999943 0.07500000
v -0.14166660 2.59999943 0.05000000
v -0.13333338 2.59999943 0.07500000
v -0.04166642 2.59999943 0.07500000
v 1.60378563 2.59999943 0.00000000
v 1.41135705 2.59999943 0.00000000
v 0.44128623 2.59999943 0.07500000
v 1.02385724 2.59999943 0.02500000
v 1.31250013 2.59999943 0.07500000
v 0.53750052 2.59999943 0.22500001
v 0.86250032 2.59999943 0.18750000
v 1.21628583 2.59999943 0.07500000
v -0.03749929 2.59999943 0.41249999
v 0.08750072 2.59999943 0.33750001
v 0.41250052 2.59999943 0.30000000
v -0.04999942 2.59999943 0.37500000
v 0.47500052 2.59999943 0.26250000
v -0.06249954 2.59999943 0.33750001
v 0.01250059 2.59999943 0.33750001
v 0.44128623 2.59999943 0.12500000
v 1.02385724 2.59999943 0.07500000
v 0.44128623 2.59999943 0.22500001
v 1.12007154 2.59999943 0.07500000
v 0.73257174 2.59999943 0.10000000
v 0.82878603 2.59999943 0.15000001
v 0.44128623 2.59999943 0.17500001
v -0.13749947 2.59999943 0.46490009
v -0.21249982 2.59999943 0.49470030
v -0.17499965 2.59999943 0.42740010
v -0.21249982 2.59999943 0.38990010
v -0.21249982 2.59999943 0.44230020
v -0.13749947 2.59999943 0.47262667
v -0.21249982 2.59999943 0.51788004
v -0.17499965 2.59999943 0.58512667
v -0.17499965 2.59999943 0.48752677
v -0.21249982 2.59999943 0.69762667
v -0.21249982 2.59999943 0.60775335
v -0.21249982 2.59999943 0.50242688
v -0.21249982 2.59999943 0.51015346
v 0.10938773 2.59999943 0.07500000
v 0.02816173 2.59999943 0.02500000
v -0.20477850 2.59999943 0.00000000
v -0.11433549 2.59999943 0.00000000
v -0.10477832 2.59999943 0.02500000
v 0.09522204 2.59999943 0.07500000
v -0.01433531 2.59999943 0.02500000
v -0.00477814 2.59999943 0.05000000
v 0.05460905 2.59999943 0.05000000
v -0.05955681 2.59999943 0.02500000
v -0.02661694 2.59999943 0.00000000
v -0.05494830 2.59999943 0.00000000
v 0.01399605 2.59999943 0.02500000
v -0.00016963 2.59999943 0.02500000
v 0.14259007 2.59999943 0.07500000
v 0.12776876 2.59999943 0.02500000
v 0.43387558 2.59999943 0.05000000
v 0.10197707 2.59999943 0.05000000
v 1.01644659 2.59999943 0.00000000
v 0.41905427 2.59999943 0.00000000
v 0.72516108 2.59999943 0.02500000
v 0.42646492 2.59999943 0.02500000
v 0.02075108 2.59999943 0.00000000
v 0.08715577 2.59999943 0.00000000
v 0.06136408 2.59999943 0.02500000
v 0.09456642 2.59999943 0.02500000
v 1.70624983 2.59999943 0.05625000
v 1.71874964 2.59999943 0.16875000
v 1.74374926 2.59999943 0.39374999
v 1.73124945 2.59999943 0.28124999
v 1.47500003 2.59999943 0.05625000
v 1.02500022 2.59999943 0.16875000
v 1.48124993 2.59999943 0.11250000
v 0.12500061 2.59999943 0.39374999
v 0.57500041 2.59999943 0.28124999
v 1.49374974 2.59999943 0.22499999
v 1.03125012 2.59999943 0.22499999
v 1.48749983 2.59999943 0.16875000
v 1.25625003 2.59999943 0.16875000
v 1.51874936 2.59999943 0.44999999
v 1.05624974 2.59999943 0.44999999
v 1.51249945 2.59999943 0.39374999
v 0.13125051 2.59999943 0.44999999
v 0.59375013 2.59999943 0.44999999
v 0.35625042 2.59999943 0.39374999
v 1.49999964 2.59999943 0.28124999
v 1.04999984 2.59999943 0.39374999
v 1.50624955 2.59999943 0.33749999
v 1.26874984 2.59999943 0.28124999
v 1.28124965 2.59999943 0.39374999
v 0.80625022 2.59999943 0.28124999
v 0.81875003 2.59999943 0.39374999
v 0.58125032 2.59999943 0.33749999
v 1.03750003 2.59999943 0.28124999
v 0.58750022 2.59999943 0.39374999
v 1.04374993 2.59999943 0.33749999
v -0.11874938 2.59999943 0.50624999
v -0.15624956 2.59999943 0.61874998
v -0.23124991 2.59999943 0.84374998
v -0.19374974 2.59999943 0.73124998
v -0.10624943 2.59999943 0.50624999
v -0.11874972 2.59999943 0.61874998
v -0.12499952 2.59999943 0.56249999
v -0.14375028 2.59999943 0.84374998
v -0.13125000 2.59999943 0.73124998
v -0.16249970 2.59999943 0.67499998
v -0.13749981 2.59999943 0.67499998
v -0.14374961 2.59999943 0.61874998
v -0.13124966 2.59999943 0.61874998
v -0.23750005 2.59999943 0.89999998
v -0.21250016 2.59999943 0.89999998
v -0.21874996 2.59999943 0.84374998
v -0.16250037 2.59999943 0.89999998
v -0.18750026 2.59999943 0.89999998
v -0.15625023 2.59999943 0.84374998
v -0.18124979 2.59999943 0.73124998
v -0.19375007 2.59999943 0.84374998
v -0.19999988 2.59999943 0.78749998
v -0.16874984 2.59999943 0.73124998
v -0.20625002 2.59999943 0.84374998
v -0.14374995 2.59999943 0.73124998
v -0.18125012 2.59999943 0.84374998
v -0.15000009 2.59999943 0.78749998
v -0.15624989 2.59999943 0.73124998
v -0.16875018 2.59999943 0.84374998
v -0.17499998 2.59999943 0.78749998
v -0.24583339 2.59999943 0.01250000
v -0.23750017 2.59999943 0.03750000
v -0.22083374 2.59999943 0.08750000
v -0.22916696 2.59999943 0.06250000
v -0.24583339 2.59999943 0.02500000
v -0.23750017 2.59999943 0.05000000
v -0.24583339 2.59999943 0.05000000
v -0.24166678 2.59999943 0.03750000
v -0.24583339 2.59999943 0.03750000
v -0.22500035 2.59999943 0.08750000
v -0.24583339 2.59999943 0.08750000
v -0.23333357 2.59999943 0.06250000
v -0.23333357 2.59999943 0.08750000
v -0.22916696 2.59999943 0.07500000
v -0.23750017 2.59999943 0.06250000
v -0.22916696 2.59999943 0.08750000
v -0.24583339 2.59999943 0.06250000
v -0.23750017 2.59999943 0.08750000
v -0.24583339 2.59999943 0.07500000
v -0.24166678 2.59999943 0.06250000
v -0.24166678 2.59999943 0.08750000
v -0.23750017 2.59999943 0.07500000
v -0.11874938 2.59999943 0.43124999
v -0.15624956 2.59999943 0.39375000
v -0.23124991 2.59999943 0.31875001
v -0.19374974 2.59999943 0.35625000
v -0.10624936 2.59999943 0.43124999
v -0.11874948 2.59999943 0.39375000
v -0.12499944 2.59999943 0.41249999
v -0.14374973 2.59999943 0.31875001
v -0.13124961 2.59999943 0.35625000
v -0.16249962 2.59999943 0.37500000
v -0.13749957 2.59999943 0.37500000
v -0.14374953 2.59999943 0.39375000
v -0.13124951 2.59999943 0.39375000
v -0.21874989 2.59999943 0.31875001
v -0.15624976 2.59999943 0.31875001
v -0.18124971 2.59999943 0.35625000
v -0.19374984 2.59999943 0.31875001
v -0.19999980 2.59999943 0.33750001
v -0.16874968 2.59999943 0.35625000
v -0.20624986 2.59999943 0.31875001
v -0.14374963 2.59999943 0.35625000
v -0.18124981 2.59999943 0.31875001
v -0.14999970 2.59999943 0.33750001
v -0.15624966 2.59999943 0.35625000
v -0.16874979 2.59999943 0.31875001
v -0.17499975 2.59999943 0.33750001
v -0.19999991 2.59999943 0.01250000
v -0.09999973 2.59999943 0.03750000
v -0.19583330 2.59999943 0.02500000
v 0.10000063 2.59999943 0.08750000
v 0.00000045 2.59999943 0.06250000
v -0.18750008 2.59999943 0.05000000
v -0.09583312 2.59999943 0.05000000
v -0.19166669 2.59999943 0.03750000
v -0.14583321 2.59999943 0.03750000
v -0.17500026 2.59999943 0.08750000
v 0.05416715 2.59999943 0.08750000
v -0.18333348 2.59999943 0.06250000
v -0.08333329 2.59999943 0.08750000
v -0.17916687 2.59999943 0.07500000
v -0.13749999 2.59999943 0.06250000
v -0.12916678 2.59999943 0.08750000
v -0.04583303 2.59999943 0.06250000
v -0.03749981 2.59999943 0.08750000
v 0.00416706 2.59999943 0.07500000
v -0.09166651 2.59999943 0.06250000
v 0.00833367 2.59999943 0.08750000
v -0.08749990 2.59999943 0.07500000
v 1.65189278 2.59999943 0.00000000
v 1.55567849 2.59999943 0.00000000
v 1.36324990 2.59999943 0.00000000
v 1.45946419 2.59999943 0.00000000
v 0.29564347 2.59999943 0.08750000
v 0.58692898 2.59999943 0.06250000
v 1.16950000 2.59999943 0.01250000
v 0.87821449 2.59999943 0.03750000
v 1.50625003 2.59999943 0.03750000
v 1.11875023 2.59999943 0.11250000
v 1.28125012 2.59999943 0.09375000
v 1.45814288 2.59999943 0.03750000
v 0.34375062 2.59999943 0.26250001
v 0.73125042 2.59999943 0.18750001
v 0.83125032 2.59999943 0.20625000
v 0.89375032 2.59999943 0.16875000
v 1.05625022 2.59999943 0.15000000
v 1.08750022 2.59999943 0.13125000
v 1.36192859 2.59999943 0.03750000
v 1.07064308 2.59999943 0.11250000
v 1.41003573 2.59999943 0.03750000
v 1.26439298 2.59999943 0.07500000
v -0.06874929 2.59999943 0.43124999
v -0.00624929 2.59999943 0.39375000
v 0.15625061 2.59999943 0.37499999
v -0.07499935 2.59999943 0.41249999
v 0.11875072 2.59999943 0.31875001
v 0.05625072 2.59999943 0.35625000
v 0.31250062 2.59999943 0.28125001
v 0.60625042 2.59999943 0.26250000
v 0.21875061 2.59999943 0.33750000
v 0.38125051 2.59999943 0.31874999
v 0.63750042 2.59999943 0.24375000
v 0.18750061 2.59999943 0.35625000
v -0.08749948 2.59999943 0.37500000
v -0.01249935 2.59999943 0.37500000
v -0.08124942 2.59999943 0.39375000
v -0.04374935 2.59999943 0.39375000
v 0.70000042 2.59999943 0.20625000
v 0.25000062 2.59999943 0.31875000
v 0.50625052 2.59999943 0.24375001
v 0.66875042 2.59999943 0.22500000
v 0.28125062 2.59999943 0.30000000
v 0.44375052 2.59999943 0.28125000
v -0.10624967 2.59999943 0.31875001
v 0.08125065 2.59999943 0.31875001
v -0.09374954 2.59999943 0.35625000
v -0.03124954 2.59999943 0.31875001
v -0.09999961 2.59999943 0.33750001
v -0.05624948 2.59999943 0.35625000
v -0.06874960 2.59999943 0.31875001
v 0.01875065 2.59999943 0.35625000
v 0.00625052 2.59999943 0.31875001
v 0.05000065 2.59999943 0.33750001
v -0.01874941 2.59999943 0.35625000
v 0.04375059 2.59999943 0.31875001
v -0.02499948 2.59999943 0.33750001
v 0.29564347 2.59999943 0.11250000
v 0.58692898 2.59999943 0.08750000
v 0.29564347 2.59999943 0.16250001
v 0.44128623 2.59999943 0.10000000
v 0.29564347 2.59999943 0.13750000
v 1.16950000 2.59999943 0.03750000
v 0.87821449 2.59999943 0.11250000
v 1.21760714 2.59999943 0.03750000
v 1.02385724 2.59999943 0.05000000
v 0.29564347 2.59999943 0.26250001
v 0.58692898 2.59999943 0.18750001
v 0.48939338 2.59999943 0.22500001
v 0.29564347 2.59999943 0.23750001
v 1.31382144 2.59999943 0.03750000
v 0.92632164 2.59999943 0.11250000
v 1.26571429 2.59999943 0.03750000
v 1.16817869 2.59999943 0.07500000
v 1.07196439 2.59999943 0.07500000
v 0.73257174 2.59999943 0.07500000
v 0.73257174 2.59999943 0.12500000
v 0.87821449 2.59999943 0.06250000
v 0.58692898 2.59999943 0.11250000
v 0.87821449 2.59999943 0.08750000
v 0.87689318 2.59999943 0.15000001
v 0.78067888 2.59999943 0.15000001
v 0.68314328 2.59999943 0.18750001
v 1.02253593 2.59999943 0.11250000
v 0.63503613 2.59999943 0.18750001
v 0.97442878 2.59999943 0.11250000
v 0.29564347 2.59999943 0.18750001
v 0.58692898 2.59999943 0.16250001
v 0.29564347 2.59999943 0.21250001
v 0.44128623 2.59999943 0.15000001
v 0.44128623 2.59999943 0.20000001
v 0.58692898 2.59999943 0.13750000
v -0.11874938 2.59999943 0.45745004
v -0.15624956 2.59999943 0.47235014
v -0.13749947 2.59999943 0.43870004
v -0.23124991 2.59999943 0.50215035
v -0.19374974 2.59999943 0.48725025
v -0.17499965 2.59999943 0.40120005
v -0.17499965 2.59999943 0.45360015
v -0.15624956 2.59999943 0.41995005
v -0.15624956 2.59999943 0.44615009
v -0.23124991 2.59999943 0.34495006
v -0.23124991 2.59999943 0.47595030
v -0.19374974 2.59999943 0.38245005
v -0.23124991 2.59999943 0.39735015
v -0.21249982 2.59999943 0.36370005
v -0.19374974 2.59999943 0.40865010
v -0.23124991 2.59999943 0.37115011
v -0.19374974 2.59999943 0.46105020
v -0.23124991 2.59999943 0.42355020
v -0.21249982 2.59999943 0.46850025
v -0.19374974 2.59999943 0.43485015
v -0.23124991 2.59999943 0.44975025
v -0.21249982 2.59999943 0.41610015
v -0.11874938 2.59999943 0.46131333
v -0.15624956 2.59999943 0.48394001
v -0.13749947 2.59999943 0.51756333
v -0.13749947 2.59999943 0.46876338
v -0.23124991 2.59999943 0.52919338
v -0.19374974 2.59999943 0.50656670
v -0.17499965 2.59999943 0.63006333
v -0.17499965 2.59999943 0.54019001
v -0.15624956 2.59999943 0.57381333
v -0.15624956 2.59999943 0.52887667
v -0.17499965 2.59999943 0.48366348
v -0.17499965 2.59999943 0.49139006
v -0.15624956 2.59999943 0.47621343
v -0.15624956 2.59999943 0.48007672
v -0.23124991 2.59999943 0.79881332
v -0.23124991 2.59999943 0.57413004
v -0.19374974 2.59999943 0.68631332
v -0.23124991 2.59999943 0.70894001
v -0.21249982 2.59999943 0.74256332
v -0.19374974 2.59999943 0.64137667
v -0.23124991 2.59999943 0.75387666
v -0.19374974 2.59999943 0.55150335
v -0.23124991 2.59999943 0.66400335
v -0.21249982 2.59999943 0.56281669
v -0.19374974 2.59999943 0.59644001
v -0.23124991 2.59999943 0.61906669
v -0.21249982 2.59999943 0.65269001
v -0.23124991 2.59999943 0.50601364
v -0.23124991 2.59999943 0.52533009
v -0.19374974 2.59999943 0.49111354
v -0.23124991 2.59999943 0.51374022
v -0.21249982 2.59999943 0.49856359
v -0.19374974 2.59999943 0.49497683
v -0.23124991 2.59999943 0.50987693
v -0.19374974 2.59999943 0.50270341
v -0.23124991 2.59999943 0.51760351
v -0.21249982 2.59999943 0.51401675
v -0.19374974 2.59999943 0.49884012
v -0.23124991 2.59999943 0.52146680
v -0.21249982 2.59999943 0.50629017
v 0.12969422 2.59999943 0.08750000
v 0.08908123 2.59999943 0.06250000
v 0.00785524 2.59999943 0.01250000
v 0.04846823 2.59999943 0.03750000
v -0.22738925 2.59999943 0.00000000
v -0.18216774 2.59999943 0.00000000
v -0.17738916 2.59999943 0.01250000
v -0.09172474 2.59999943 0.00000000
v -0.13694624 2.59999943 0.00000000
v -0.07738898 2.59999943 0.03750000
v -0.13216765 2.59999943 0.01250000
v -0.12738907 2.59999943 0.02500000
v -0.15477841 2.59999943 0.01250000
v 0.12261138 2.59999943 0.08750000
v 0.06783271 2.59999943 0.06250000
v 0.07261129 2.59999943 0.07500000
v 0.10230489 2.59999943 0.07500000
v -0.04172465 2.59999943 0.01250000
v 0.01305403 2.59999943 0.03750000
v -0.06433540 2.59999943 0.01250000
v -0.02738889 2.59999943 0.05000000
v 0.01783262 2.59999943 0.05000000
v 0.02261120 2.59999943 0.06250000
v -0.05477823 2.59999943 0.03750000
v 0.04522195 2.59999943 0.06250000
v 0.06169189 2.59999943 0.05000000
v 0.04752621 2.59999943 0.05000000
v 0.08199839 2.59999943 0.06250000
v 0.07491555 2.59999943 0.06250000
v -0.10955690 2.59999943 0.01250000
v -0.00955672 2.59999943 0.03750000
v -0.08694615 2.59999943 0.01250000
v -0.08216756 2.59999943 0.02500000
v -0.03694606 2.59999943 0.02500000
v -0.03216747 2.59999943 0.03750000
v -0.01953410 2.59999943 0.00000000
v -0.03369978 2.59999943 0.00000000
v 0.00077240 2.59999943 0.01250000
v -0.06203114 2.59999943 0.00000000
v -0.04786546 2.59999943 0.00000000
v -0.03464181 2.59999943 0.01250000
v 0.04138539 2.59999943 0.03750000
v -0.01339328 2.59999943 0.01250000
v 0.02107889 2.59999943 0.02500000
v 0.03430255 2.59999943 0.03750000
v -0.00631044 2.59999943 0.01250000
v 0.02013687 2.59999943 0.03750000
v -0.02047613 2.59999943 0.01250000
v -0.00725247 2.59999943 0.02500000
v 0.02721971 2.59999943 0.03750000
v -0.02755897 2.59999943 0.01250000
v 0.00691321 2.59999943 0.02500000
v 0.14629539 2.59999943 0.08750000
v 0.13888474 2.59999943 0.06250000
v 0.29193815 2.59999943 0.07500000
v 0.12598890 2.59999943 0.07500000
v 0.12406344 2.59999943 0.01250000
v 0.13147409 2.59999943 0.03750000
v 0.58322366 2.59999943 0.05000000
v 0.28452750 2.59999943 0.05000000
v 0.43758090 2.59999943 0.06250000
v 0.28823282 2.59999943 0.06250000
v 0.08537590 2.59999943 0.05000000
v 0.11857824 2.59999943 0.05000000
v 0.10568240 2.59999943 0.06250000
v 0.12228357 2.59999943 0.06250000
v 1.16579467 2.59999943 0.00000000
v 0.86709851 2.59999943 0.00000000
v 1.02015192 2.59999943 0.01250000
v 0.26970619 2.59999943 0.00000000
v 0.56840235 2.59999943 0.00000000
v 0.27341152 2.59999943 0.01250000
v 0.72886641 2.59999943 0.03750000
v 0.72145576 2.59999943 0.01250000
v 0.87450916 2.59999943 0.02500000
v 0.57951833 2.59999943 0.03750000
v 0.87080384 2.59999943 0.01250000
v 0.28082217 2.59999943 0.03750000
v 0.57210768 2.59999943 0.01250000
v 0.27711684 2.59999943 0.02500000
v 0.43017025 2.59999943 0.03750000
v 0.42275960 2.59999943 0.01250000
v 0.57581300 2.59999943 0.02500000
v 0.00414991 2.59999943 0.00000000
v 0.03735225 2.59999943 0.00000000
v 0.02445641 2.59999943 0.01250000
v 0.10375694 2.59999943 0.00000000
v 0.07055460 2.59999943 0.00000000
v 0.10746226 2.59999943 0.01250000
v 0.06506940 2.59999943 0.03750000
v 0.05765875 2.59999943 0.01250000
v 0.04476291 2.59999943 0.02500000
v 0.08167057 2.59999943 0.03750000
v 0.04105758 2.59999943 0.01250000
v 0.11487292 2.59999943 0.03750000
v 0.07425992 2.59999943 0.01250000
v 0.11116759 2.59999943 0.02500000
v 0.09827175 2.59999943 0.03750000
v 0.09086109 2.59999943 0.01250000
v 0.07796525 2.59999943 0.02500000
v -0.09999929 0.80000013 0.44999999
v -0.15000042 0.80000013 0.89999998
v 1.74999917 0.80000013 0.44999999
v -0.17499965 0.80000013 0.67499998
v -0.12499986 0.80000013 0.67499998
v -0.20000021 0.80000013 0.89999998
v 0.80000032 0.80000013 0.22499999
v 0.82499994 0.80000013 0.44999999
v 1.72499955 0.80000013 0.22499999
v -0.12499955 0.80000013 0.37500000
v -0.17499965 0.80000013 0.37500000
v -0.23333357 0.80000013 0.05000000
v 0.02500071 0.80000013 0.37500000
v 0.92500032 0.80000013 0.15000001
v 0.38750042 0.80000013 0.15000001
v 0.07301047 0.80000013 0.00000000
v 0.27301084 0.80000013 0.15000001
v -0.04999964 0.80000013 0.05000000
v 0.27301084 0.80000013 0.05000000
v -0.17499965 0.80000013 0.44040510
v -0.13749947 0.80000013 0.56249999
v -0.21249982 0.80000013 0.78749998
v -0.11249958 0.80000013 0.56249999
v -0.13750014 0.80000013 0.78749998
v -0.14999975 0.80000013 0.67499998
v -0.22500011 0.80000013 0.89999998
v -0.17500032 0.80000013 0.89999998
v -0.18749993 0.80000013 0.78749998
v -0.16250004 0.80000013 0.78749998
v 0.35000051 0.80000013 0.33749999
v 1.25000012 0.80000013 0.11250000
v 0.36250032 0.80000013 0.44999999
v 1.28749955 0.80000013 0.44999999
v 0.81250013 0.80000013 0.33749999
v 1.71249974 0.80000013 0.11250000
v 1.73749936 0.80000013 0.33749999
v 1.26249993 0.80000013 0.22499999
v 1.27499974 0.80000013 0.33749999
v -0.11249942 0.80000013 0.41249999
v -0.13749967 0.80000013 0.33750001
v -0.13749947 0.80000013 0.41249999
v -0.21249982 0.80000013 0.33750001
v -0.14999960 0.80000013 0.37500000
v -0.16249972 0.80000013 0.33750001
v -0.18749977 0.80000013 0.33750001
v -0.24166678 0.80000013 0.02500000
v -0.22500035 0.80000013 0.07500000
v -0.24166678 0.80000013 0.05000000
v -0.24166678 0.80000013 0.07500000
v -0.23333357 0.80000013 0.07500000
v -0.03749929 0.80000013 0.41249999
v 0.08750072 0.80000013 0.33750001
v 0.41250052 0.80000013 0.30000000
v -0.04999942 0.80000013 0.37500000
v 1.31250013 0.80000013 0.07500000
v 0.53750052 0.80000013 0.22500001
v 0.86250032 0.80000013 0.18750000
v 0.47500052 0.80000013 0.26250000
v -0.06249954 0.80000013 0.33750001
v 0.01250059 0.80000013 0.33750001
v 1.04375017 0.80000013 0.07500000
v 0.26875057 0.80000013 0.22500001
v 0.50625027 0.80000013 0.07500000
v 0.65625037 0.80000013 0.15000001
v 0.77500022 0.80000013 0.07500000
v -0.08849476 0.80000013 0.00000000
v 0.23451571 0.80000013 0.00000000
v 0.21150578 0.80000013 0.22500001
v 0.33451589 0.80000013 0.07500000
v 0.33025563 0.80000013 0.15000001
v 0.44900548 0.80000013 0.07500000
v 0.39176068 0.80000013 0.07500000
v -0.14999982 0.80000013 0.02500000
v 0.05000054 0.80000013 0.07500000
v -0.14166660 0.80000013 0.05000000
v 0.01150542 0.80000013 0.02500000
v -0.13333338 0.80000013 0.07500000
v -0.04166642 0.80000013 0.07500000
v 0.21150578 0.80000013 0.17500001
v 0.33451589 0.80000013 0.02500000
v 0.21150578 0.80000013 0.07500000
v 0.17301065 0.80000013 0.02500000
v 0.27301084 0.80000013 0.10000000
v 0.11150560 0.80000013 0.05000000
v 0.21150578 0.80000013 0.12500000
v -0.13749947 0.80000013 0.44520254
v -0.21249982 0.80000013 0.43560766
v -0.17499965 0.80000013 0.55770254
v -0.17499965 0.80000013 0.40770255
v -0.21249982 0.80000013 0.67020254
v -0.21249982 0.80000013 0.55290510
v -0.21249982 0.80000013 0.37020256
v -0.21249982 0.80000013 0.40290511
v -0.11874938 0.80000013 0.50624999
v -0.15624956 0.80000013 0.61874998
v -0.23124991 0.80000013 0.84374998
v -0.19374974 0.80000013 0.73124998
v -0.10624943 0.80000013 0.50624999
v -0.11874972 0.80000013 0.61874998
v -0.12499952 0.80000013 0.56249999
v -0.14375028 0.80000013 0.84374998
v -0.13125000 0.80000013 0.73124998
v -0.16249970 0.80000013 0.67499998
v -0.13749981 0.80000013 0.67499998
v -0.14374961 0.80000013 0.61874998
v -0.13124966 0.80000013 0.61874998
v -0.23750005 0.80000013 0.89999998
v -0.21250016 0.80000013 0.89999998
v -0.21874996 0.80000013 0.84374998
v -0.16250037 0.80000013 0.89999998
v -0.18750026 0.80000013 0.89999998
v -0.15625023 0.80000013 0.84374998
v -0.18124979 0.80000013 0.73124998
v -0.19375007 0.80000013 0.84374998
v -0.19999988 0.80000013 0.78749998
v -0.16874984 0.80000013 0.73124998
v -0.20625002 0.80000013 0.84374998
v -0.14374995 0.80000013 0.73124998
v -0.18125012 0.80000013 0.84374998
v -0.15000009 0.80000013 0.78749998
v -0.15624989 0.80000013 0.73124998
v -0.16875018 0.80000013 0.84374998
v -0.17499998 0.80000013 0.78749998
v 0.12500061 0.80000013 0.39374999
v 0.57500041 0.80000013 0.28124999
v 1.47500003 0.80000013 0.05625000
v 1.02500022 0.80000013 0.16875000
v 0.13125051 0.80000013 0.44999999
v 0.59375013 0.80000013 0.44999999
v 0.35625042 0.80000013 0.39374999
v 1.51874936 0.80000013 0.44999999
v 1.05624974 0.80000013 0.44999999
v 0.80625022 0.80000013 0.28124999
v 0.81875003 0.80000013 0.39374999
v 0.58125032 0.80000013 0.33749999
v 0.58750022 0.80000013 0.39374999
v 1.70624983 0.80000013 0.05625000
v 1.71874964 0.80000013 0.16875000
v 1.48124993 0.80000013 0.11250000
v 1.74374926 0.80000013 0.39374999
v 1.73124945 0.80000013 0.28124999
v 1.51249945 0.80000013 0.39374999
v 1.03125012 0.80000013 0.22499999
v 1.49374974 0.80000013 0.22499999
v 1.25625003 0.80000013 0.16875000
v 1.03750003 0.80000013 0.28124999
v 1.48749983 0.80000013 0.16875000
v 1.04999984 0.80000013 0.39374999
v 1.49999964 0.80000013 0.28124999
v 1.28124965 0.80000013 0.39374999
v 1.04374993 0.80000013 0.33749999
v 1.50624955 0.80000013 0.33749999
v 1.26874984 0.80000013 0.28124999
v -0.10624936 0.80000013 0.43124999
v -0.11874948 0.80000013 0.39375000
v -0.14374973 0.80000013 0.31875001
v -0.13124961 0.80000013 0.35625000
v -0.11874938 0.80000013 0.43124999
v -0.15624956 0.80000013 0.39375000
v -0.12499944 0.80000013 0.41249999
v -0.23124991 0.80000013 0.31875001
v -0.19374974 0.80000013 0.35625000
v -0.13749957 0.80000013 0.37500000
v -0.16249962 0.80000013 0.37500000
v -0.13124951 0.80000013 0.39375000
v -0.14374953 0.80000013 0.39375000
v -0.15624976 0.80000013 0.31875001
v -0.21874989 0.80000013 0.31875001
v -0.14374963 0.80000013 0.35625000
v -0.18124981 0.80000013 0.31875001
v -0.14999970 0.80000013 0.33750001
v -0.15624966 0.80000013 0.35625000
v -0.16874979 0.80000013 0.31875001
v -0.18124971 0.80000013 0.35625000
v -0.19374984 0.80000013 0.31875001
v -0.19999980 0.80000013 0.33750001
v -0.16874968 0.80000013 0.35625000
v -0.20624986 0.80000013 0.31875001
v -0.17499975 0.80000013 0.33750001
v -0.24583339 0.80000013 0.01250000
v -0.23750017 0.80000013 0.03750000
v -0.24583339 0.80000013 0.02500000
v -0.22083374 0.80000013 0.08750000
v -0.22916696 0.80000013 0.06250000
v -0.24583339 0.80000013 0.05000000
v -0.23750017 0.80000013 0.05000000
v -0.24583339 0.80000013 0.03750000
v -0.24166678 0.80000013 0.03750000
v -0.24583339 0.80000013 0.08750000
v -0.22500035 0.80000013 0.08750000
v -0.24583339 0.80000013 0.06250000
v -0.23750017 0.80000013 0.08750000
v -0.24583339 0.80000013 0.07500000
v -0.24166678 0.80000013 0.06250000
v -0.24166678 0.80000013 0.08750000
v -0.23333357 0.80000013 0.06250000
v -0.23333357 0.80000013 0.08750000
v -0.22916696 0.80000013 0.07500000
v -0.23750017 0.80000013 0.06250000
v -0.22916696 0.80000013 0.08750000
v -0.23750017 0.80000013 0.07500000
v -0.06874929 0.80000013 0.43124999
v -0.00624929 0.80000013 0.39375000
v 0.15625061 0.80000013 0.37499999
v -0.07499935 0.80000013 0.41249999
v 0.11875072 0.80000013 0.31875001
v 0.05625072 0.80000013 0.35625000
v 0.60625042 0.80000013 0.26250000
v 0.21875061 0.80000013 0.33750000
v 0.38125051 0.80000013 0.31874999
v 0.18750061 0.80000013 0.35625000
v -0.08749948 0.80000013 0.37500000
v -0.01249935 0.80000013 0.37500000
v -0.08124942 0.80000013 0.39375000
v -0.04374935 0.80000013 0.39375000
v 1.50625003 0.80000013 0.03750000
v 1.11875023 0.80000013 0.11250000
v 1.28125012 0.80000013 0.09375000
v 0.34375062 0.80000013 0.26250001
v 0.73125042 0.80000013 0.18750001
v 0.31250062 0.80000013 0.28125001
v 0.83125032 0.80000013 0.20625000
v 0.89375032 0.80000013 0.16875000
v 1.05625022 0.80000013 0.15000000
v 0.63750042 0.80000013 0.24375000
v 1.08750022 0.80000013 0.13125000
v 0.25000062 0.80000013 0.31875000
v 0.70000042 0.80000013 0.20625000
v 0.28125062 0.80000013 0.30000000
v 0.44375052 0.80000013 0.28125000
v 0.50625052 0.80000013 0.24375001
v 0.66875042 0.80000013 0.22500000
v -0.10624967 0.80000013 0.31875001
v 0.08125065 0.80000013 0.31875001
v -0.09374954 0.80000013 0.35625000
v -0.03124954 0.80000013 0.31875001
v -0.09999961 0.80000013 0.33750001
v -0.05624948 0.80000013 0.35625000
v -0.06874960 0.80000013 0.31875001
v 0.01875065 0.80000013 0.35625000
v 0.00625052 0.80000013 0.31875001
v 0.05000065 0.80000013 0.33750001
v -0.01874941 0.80000013 0.35625000
v 0.04375059 0.80000013 0.31875001
v -0.02499948 0.80000013 0.33750001
v 1.37187505 0.80000013 0.03750000
v 0.98437525 0.80000013 0.11250000
v 1.10312510 0.80000013 0.03750000
v 1.17812515 0.80000013 0.07500000
v 1.23750008 0.80000013 0.03750000
v 0.20937565 0.80000013 0.26250001
v 0.32812550 0.80000013 0.18750001
v 0.40312555 0.80000013 0.22500001
v 0.56562519 0.80000013 0.03750000
v 0.44687534 0.80000013 0.11250000
v 0.70000017 0.80000013 0.03750000
v 0.79062535 0.80000013 0.15000001
v 0.52187540 0.80000013 0.15000001
v 0.59687545 0.80000013 0.18750001
v 0.85000027 0.80000013 0.11250000
v 0.46250047 0.80000013 0.18750001
v 0.96875012 0.80000013 0.03750000
v 0.58125032 0.80000013 0.11250000
v 0.83437515 0.80000013 0.03750000
v 0.90937520 0.80000013 0.07500000
v 0.64062525 0.80000013 0.07500000
v 0.71562530 0.80000013 0.11250000
v -0.16924738 0.80000013 0.00000000
v -0.00774214 0.80000013 0.00000000
v 0.31526833 0.80000013 0.00000000
v 0.15376309 0.80000013 0.00000000
v 0.18075325 0.80000013 0.26250001
v 0.24225831 0.80000013 0.18750001
v 0.24012817 0.80000013 0.22500001
v 0.36526842 0.80000013 0.03750000
v 0.30376336 0.80000013 0.11250000
v 0.35887802 0.80000013 0.15000001
v 0.30163323 0.80000013 0.15000001
v 0.29950310 0.80000013 0.18750001
v 0.27088070 0.80000013 0.18750001
v 0.53700280 0.80000013 0.03750000
v 0.39389082 0.80000013 0.03750000
v 0.41825295 0.80000013 0.11250000
v 0.47975801 0.80000013 0.03750000
v 0.47762787 0.80000013 0.07500000
v 0.38963055 0.80000013 0.11250000
v 0.50838040 0.80000013 0.03750000
v 0.33238576 0.80000013 0.11250000
v 0.45113561 0.80000013 0.03750000
v 0.36313829 0.80000013 0.07500000
v 0.36100816 0.80000013 0.11250000
v 0.42251321 0.80000013 0.03750000
v 0.42038308 0.80000013 0.07500000
v -0.19999991 0.80000013 0.01250000
v -0.09999973 0.80000013 0.03750000
v -0.19583330 0.80000013 0.02500000
v -0.11924729 0.80000013 0.01250000
v 0.10000063 0.80000013 0.08750000
v 0.00000045 0.80000013 0.06250000
v -0.18750008 0.80000013 0.05000000
v -0.09583312 0.80000013 0.05000000
v -0.19166669 0.80000013 0.03750000
v -0.14583321 0.80000013 0.03750000
v 0.04225795 0.80000013 0.01250000
v -0.01924711 0.80000013 0.03750000
v -0.03849467 0.80000013 0.01250000
v -0.06924720 0.80000013 0.02500000
v -0.17500026 0.80000013 0.08750000
v 0.05416715 0.80000013 0.08750000
v -0.18333348 0.80000013 0.06250000
v -0.08333329 0.80000013 0.08750000
v -0.17916687 0.80000013 0.07500000
v -0.13749999 0.80000013 0.06250000
v -0.12916678 0.80000013 0.08750000
v -0.04583303 0.80000013 0.06250000
v -0.03749981 0.80000013 0.08750000
v 0.00416706 0.80000013 0.07500000
v -0.09166651 0.80000013 0.06250000
v 0.00833367 0.80000013 0.08750000
v -0.08749990 0.80000013 0.07500000
v 0.18075325 0.80000013 0.23750001
v 0.24225831 0.80000013 0.16250001
v 0.18075325 0.80000013 0.18750001
v 0.21150578 0.80000013 0.20000001
v 0.18075325 0.80000013 0.21250001
v 0.36526842 0.80000013 0.01250000
v 0.30376336 0.80000013 0.03750000
v 0.28451580 0.80000013 0.01250000
v 0.33451589 0.80000013 0.05000000
v 0.18075325 0.80000013 0.08750000
v 0.24225831 0.80000013 0.06250000
v 0.13075316 0.80000013 0.07500000
v 0.18075325 0.80000013 0.11250000
v 0.12301056 0.80000013 0.01250000
v 0.22301074 0.80000013 0.03750000
v 0.20376318 0.80000013 0.01250000
v 0.09225804 0.80000013 0.02500000
v 0.25376327 0.80000013 0.02500000
v 0.27301084 0.80000013 0.12500000
v 0.27301084 0.80000013 0.07500000
v 0.30376336 0.80000013 0.08750000
v 0.24225831 0.80000013 0.13750000
v 0.30376336 0.80000013 0.06250000
v 0.03075298 0.80000013 0.05000000
v 0.19225822 0.80000013 0.05000000
v 0.08075307 0.80000013 0.06250000
v 0.06150551 0.80000013 0.03750000
v 0.16150569 0.80000013 0.06250000
v 0.14225813 0.80000013 0.03750000
v 0.18075325 0.80000013 0.16250001
v 0.24225831 0.80000013 0.08750000
v 0.18075325 0.80000013 0.13750000
v 0.21150578 0.80000013 0.15000001
v 0.21150578 0.80000013 0.10000000
v 0.24225831 0.80000013 0.11250000
v -0.11874938 0.80000013 0.44760127
v -0.15624956 0.80000013 0.44280382
v -0.13749947 0.80000013 0.50385126
v -0.13749947 0.80000013 0.42885127
v -0.23124991 0.80000013 0.43320893
v -0.19374974 0.80000013 0.43800638
v -0.17499965 0.80000013 0.61635126
v -0.17499965 0.80000013 0.49905382
v -0.15624956 0.80000013 0.56010126
v -0.15624956 0.80000013 0.50145254
v -0.17499965 0.80000013 0.39135128
v -0.17499965 0.80000013 0.42405383
v -0.15624956 0.80000013 0.41010127
v -0.15624956 0.80000013 0.42645255
v -0.23124991 0.80000013 0.78510126
v -0.23124991 0.80000013 0.49185766
v -0.19374974 0.80000013 0.67260126
v -0.23124991 0.80000013 0.66780382
v -0.21249982 0.80000013 0.72885126
v -0.19374974 0.80000013 0.61395254
v -0.23124991 0.80000013 0.72645254
v -0.19374974 0.80000013 0.49665510
v -0.23124991 0.80000013 0.60915510
v -0.21249982 0.80000013 0.49425638
v -0.19374974 0.80000013 0.55530382
v -0.23124991 0.80000013 0.55050638
v -0.21249982 0.80000013 0.61155382
v -0.23124991 0.80000013 0.33510128
v -0.23124991 0.80000013 0.41685766
v -0.19374974 0.80000013 0.37260128
v -0.23124991 0.80000013 0.36780383
v -0.21249982 0.80000013 0.35385128
v -0.19374974 0.80000013 0.38895255
v -0.23124991 0.80000013 0.35145256
v -0.19374974 0.80000013 0.42165510
v -0.23124991 0.80000013 0.38415511
v -0.21249982 0.80000013 0.41925638
v -0.19374974 0.80000013 0.40530383
v -0.23124991 0.80000013 0.40050638
v -0.21249982 0.80000013 0.38655383
v 0.82499994 1.69999978 0.44999999
v -0.09999929 1.69999978 0.44999999
v 1.74999917 1.69999978 0.44999999
v 1.28749955 1.24999996 0.44999999
v 0.36250032 2.14999960 0.44999999
v 0.82499994 1.24999996 0.44999999
v -0.09999929 1.24999996 0.44999999
v -0.09999929 2.14999960 0.44999999
v 0.36250032 1.24999996 0.44999999
v 0.36250032 1.69999978 0.44999999
v 1.74999917 1.24999996 0.44999999
v 1.74999917 2.14999960 0.44999999
v 1.28749955 1.69999978 0.44999999
v 0.82499994 2.14999960 0.44999999
v 1.28749955 2.14999960 0.44999999
v 1.51874936 1.02500004 0.44999999
v 1.05624974 1.47499987 0.44999999
v 1.28749955 1.02500004 0.44999999
v 0.13125051 2.37499952 0.44999999
v 0.59375013 1.92499969 0.44999999
v 0.82499994 1.02500004 0.44999999
v 0.82499994 1.47499987 0.44999999
v 1.05624974 1.02500004 0.44999999
v 1.05624974 1.24999996 0.44999999
v -0.09999929 1.02500004 0.44999999
v -0.09999929 1.47499987 0.44999999
v 0.13125051 1.02500004 0.44999999
v -0.09999929 2.37499952 0.44999999
v -0.09999929 1.92499969 0.44999999
v 0.13125051 2.14999960 0.44999999
v 0.59375013 1.02500004 0.44999999
v 0.13125051 1.47499987 0.44999999
v 0.36250032 1.02500004 0.44999999
v 0.59375013 1.24999996 0.44999999
v 0.13125051 1.24999996 0.44999999
v 0.59375013 1.69999978 0.44999999
v 0.13125051 1.69999978 0.44999999
v 0.36250032 1.92499969 0.44999999
v 0.59375013 1.47499987 0.44999999
v 0.13125051 1.92499969 0.44999999
v 0.36250032 1.47499987 0.44999999
v 1.74999917 1.02500004 0.44999999
v 1.74999917 1.47499987 0.44999999
v 1.51874936 1.24999996 0.44999999
v 1.74999917 2.37499952 0.44999999
v 1.74999917 1.92499969 0.44999999
v 1.05624974 1.69999978 0.44999999
v 1.51874936 1.69999978 0.44999999
v 1.28749955 1.47499987 0.44999999
v 1.51874936 1.47499987 0.44999999
v 0.36250032 2.37499952 0.44999999
v 1.51874936 2.37499952 0.44999999
v 0.82499994 1.92499969 0.44999999
v 0.82499994 2.37499952 0.44999999
v 0.59375013 2.14999960 0.44999999
v 1.05624974 1.92499969 0.44999999
v 0.59375013 2.37499952 0.44999999
v 1.51874936 1.92499969 0.44999999
v 1.05624974 2.37499952 0.44999999
v 1.51874936 2.14999960 0.44999999
v 1.28749955 1.92499969 0.44999999
v 1.28749955 2.37499952 0.44999999
v 1.05624974 2.14999960 0.44999999
v 1.69999993 2.56623363 0.00000000
v 1.72499955 2.58311653 0.22499999
v 1.72499955 1.68311688 0.22499999
v 1.69999993 2.32260633 0.00000000
v 1.72499955 1.43948957 0.22499999
v 1.72499955 1.33750001 0.22499999
v 1.69999993 2.58311653 0.00000000
v 1.73749936 2.59155798 0.33749999
v 1.71249974 2.57467508 0.11250000
v 1.73749936 2.14155816 0.33749999
v 1.71249974 2.12467526 0.11250000
v 1.73749936 1.24155851 0.33749999
v 1.72499955 2.13311671 0.22499999
v 1.73749936 1.69155833 0.33749999
v 1.69999993 2.44441998 0.00000000
v 1.69999993 2.20079267 0.00000000
v 1.71249974 2.00286160 0.11250000
v 1.73749936 1.11974485 0.33749999
v 1.71249974 1.75923429 0.11250000
v 1.72499955 1.56130323 0.22499999
v 1.71249974 1.88104795 0.11250000
v 1.73749936 1.06875007 0.33749999
v 1.71249974 1.60624994 0.11250000
v 1.72499955 1.38849479 0.22499999
v 1.71249974 1.70823951 0.11250000
v 1.71249974 1.65724473 0.11250000
v 1.72499955 1.06875007 0.22499999
v 1.71249974 1.33750001 0.11250000
v 1.71249974 1.06875007 0.11250000
v 1.72499955 2.59155798 0.22499999
v 1.69999993 2.57467508 0.00000000
v 1.69999993 2.59155798 0.00000000
v 1.71249974 2.58311653 0.11250000
v 1.71249974 2.59155798 0.11250000
v 1.74374926 2.59577870 0.39374999
v 1.73124945 2.58733726 0.28124999
v 1.70624983 2.57045436 0.05625000
v 1.71874964 2.57889581 0.16875000
v 1.74374926 2.37077879 0.39374999
v 1.73124945 2.36233734 0.28124999
v 1.74374926 1.92077897 0.39374999
v 1.73749936 2.36655807 0.33749999
v 1.74374926 2.14577888 0.39374999
v 1.70624983 2.34545445 0.05625000
v 1.71874964 1.90389607 0.16875000
v 1.71249974 2.34967517 0.11250000
v 1.74374926 1.02077932 0.39374999
v 1.73124945 1.46233770 0.28124999
v 1.74374926 1.24577923 0.39374999
v 1.72499955 2.35811662 0.22499999
v 1.72499955 1.90811680 0.22499999
v 1.71874964 2.35389590 0.16875000
v 1.73124945 2.13733743 0.28124999
v 1.71874964 2.12889598 0.16875000
v 1.74374926 1.69577906 0.39374999
v 1.73124945 1.68733761 0.28124999
v 1.74374926 1.47077914 0.39374999
v 1.73749936 1.91655824 0.33749999
v 1.73749936 1.46655842 0.33749999
v 1.73124945 1.91233752 0.28124999
v 1.69999993 2.50532681 0.00000000
v 1.69999993 2.38351315 0.00000000
v 1.70624983 2.28454762 0.05625000
v 1.69999993 2.13988584 0.00000000
v 1.69999993 2.26169950 0.00000000
v 1.71874964 1.84298924 0.16875000
v 1.70624983 2.16273396 0.05625000
v 1.71249974 2.06376843 0.11250000
v 1.70624983 2.22364079 0.05625000
v 1.74374926 0.95987249 0.39374999
v 1.73124945 1.27961721 0.28124999
v 1.73749936 1.18065168 0.33749999
v 1.70624983 1.91910665 0.05625000
v 1.71874964 1.59936193 0.16875000
v 1.70624983 1.98001348 0.05625000
v 1.72499955 1.62221006 0.22499999
v 1.72499955 1.50039640 0.22499999
v 1.73124945 1.40143087 0.28124999
v 1.71874964 1.78208242 0.16875000
v 1.73124945 1.34052404 0.28124999
v 1.70624983 2.10182714 0.05625000
v 1.71874964 1.66026876 0.16875000
v 1.70624983 2.04092031 0.05625000
v 1.71249974 1.94195478 0.11250000
v 1.71249974 1.82014112 0.11250000
v 1.71874964 1.72117559 0.16875000
v 1.74374926 0.93437510 0.39374999
v 1.73124945 1.20312504 0.28124999
v 1.73749936 1.09424746 0.33749999
v 1.70624983 1.74062491 0.05625000
v 1.71874964 1.47187497 0.16875000
v 1.72499955 1.41399218 0.22499999
v 1.72499955 1.36299740 0.22499999
v 1.73124945 1.25411982 0.28124999
v 1.73124945 1.22862243 0.28124999
v 1.70624983 1.89360926 0.05625000
v 1.70624983 1.76612230 0.05625000
v 1.71874964 1.57386454 0.16875000
v 1.70624983 1.84261448 0.05625000
v 1.71249974 1.73373690 0.11250000
v 1.71874964 1.54836715 0.16875000
v 1.70624983 1.86811187 0.05625000
v 1.71874964 1.49737237 0.16875000
v 1.70624983 1.81711709 0.05625000
v 1.71249974 1.63174734 0.11250000
v 1.71874964 1.52286976 0.16875000
v 1.70624983 1.79161970 0.05625000
v 1.71249974 1.68274212 0.11250000
v 1.73749936 0.93437510 0.33749999
v 1.72499955 1.20312504 0.22499999
v 1.72499955 0.93437510 0.22499999
v 1.73124945 1.06875007 0.28124999
v 1.73124945 0.93437510 0.28124999
v 1.70624983 1.60624994 0.05625000
v 1.70624983 0.93437510 0.05625000
v 1.71874964 1.33750001 0.16875000
v 1.70624983 1.33750001 0.05625000
v 1.71249974 1.47187497 0.11250000
v 1.71874964 1.20312504 0.16875000
v 1.70624983 1.47187497 0.05625000
v 1.71874964 0.93437510 0.16875000
v 1.70624983 1.20312504 0.05625000
v 1.71249974 0.93437510 0.11250000
v 1.71874964 1.06875007 0.16875000
v 1.70624983 1.06875007 0.05625000
v 1.71249974 1.20312504 0.11250000
v 1.73749936 2.59577870 0.33749999
v 1.72499955 2.58733726 0.22499999
v 1.72499955 2.59577870 0.22499999
v 1.73124945 2.59155798 0.28124999
v 1.73124945 2.59577870 0.28124999
v 1.69999993 2.57045436 0.00000000
v 1.69999993 2.57889581 0.00000000
v 1.70624983 2.57467508 0.05625000
v 1.69999993 2.59577870 0.00000000
v 1.69999993 2.58733726 0.00000000
v 1.70624983 2.59577870 0.05625000
v 1.71874964 2.58311653 0.16875000
v 1.70624983 2.58311653 0.05625000
v 1.71249974 2.57889581 0.11250000
v 1.71874964 2.58733726 0.16875000
v 1.70624983 2.57889581 0.05625000
v 1.71874964 2.59577870 0.16875000
v 1.70624983 2.58733726 0.05625000
v 1.71249974 2.59577870 0.11250000
v 1.71874964 2.59155798 0.16875000
v 1.70624983 2.59155798 0.05625000
v 1.71249974 2.58733726 0.11250000
v -0.20000021 2.36721277 0.89999998
v -0.20000021 2.16286176 0.89999998
v -0.20000021 2.33186781 0.89999998
v -0.15000042 1.69999978 0.89999998
v -0.20000021 1.26286212 0.89999998
v -0.17500032 2.48360610 0.89999998
v -0.22500011 2.25081944 0.89999998
v -0.20000021 2.48360610 0.89999998
v -0.22500011 2.36721277 0.89999998
v -0.22500011 2.48360610 0.89999998
v -0.17500032 2.38143060 0.89999998
v -0.22500011 1.94429293 0.89999998
v -0.17500032 2.46593362 0.89999998
v -0.22500011 2.19780201 0.89999998
v -0.20000021 2.34954029 0.89999998
v -0.20000021 2.24736479 0.89999998
v -0.22500011 2.23314697 0.89999998
v -0.22500011 2.21547449 0.89999998
v -0.22500011 2.02879596 0.89999998
v -0.22500011 2.11329898 0.89999998
v -0.15000042 2.14999960 0.89999998
v -0.15000042 1.24999996 0.89999998
v -0.17500032 1.93143077 0.89999998
v -0.22500011 1.49429311 0.89999998
v -0.17500032 1.03143112 0.89999998
v -0.20000021 1.71286194 0.89999998
v -0.22500011 1.26286212 0.89999998
v -0.17500032 1.48143095 0.89999998
v -0.22500011 1.03143112 0.89999998
v -0.20000021 1.03143112 0.89999998
v -0.16250037 2.54180276 0.89999998
v -0.18750026 2.42540944 0.89999998
v -0.23750005 2.19262278 0.89999998
v -0.21250016 2.30901611 0.89999998
v -0.17500032 2.54180276 0.89999998
v -0.20000021 2.42540944 0.89999998
v -0.20000021 2.54180276 0.89999998
v -0.18750026 2.48360610 0.89999998
v -0.18750026 2.54180276 0.89999998
v -0.23750005 2.25081944 0.89999998
v -0.23750005 2.54180276 0.89999998
v -0.21250016 2.36721277 0.89999998
v -0.23750005 2.36721277 0.89999998
v -0.22500011 2.30901611 0.89999998
v -0.21250016 2.42540944 0.89999998
v -0.23750005 2.30901611 0.89999998
v -0.21250016 2.54180276 0.89999998
v -0.23750005 2.42540944 0.89999998
v -0.22500011 2.54180276 0.89999998
v -0.21250016 2.48360610 0.89999998
v -0.23750005 2.48360610 0.89999998
v -0.22500011 2.42540944 0.89999998
v -0.16250037 2.49071501 0.89999998
v -0.18750026 2.27214618 0.89999998
v -0.23750005 1.83500852 0.89999998
v -0.21250016 2.05357735 0.89999998
v -0.16250037 2.53296652 0.89999998
v -0.18750026 2.39890072 0.89999998
v -0.17500032 2.47476986 0.89999998
v -0.17500032 2.42368211 0.89999998
v -0.23750005 2.13076910 0.89999998
v -0.21250016 2.26483491 0.89999998
v -0.20000021 2.35837653 0.89999998
v -0.20000021 2.34070405 0.89999998
v -0.18750026 2.41657320 0.89999998
v -0.18750026 2.40773696 0.89999998
v -0.20000021 2.20511328 0.89999998
v -0.20000021 2.28961630 0.89999998
v -0.18750026 2.31439769 0.89999998
v -0.18750026 2.35664921 0.89999998
v -0.23750005 2.18378654 0.89999998
v -0.23750005 2.13960534 0.89999998
v -0.21250016 2.30017987 0.89999998
v -0.23750005 2.16611406 0.89999998
v -0.22500011 2.24198321 0.89999998
v -0.21250016 2.29134363 0.89999998
v -0.23750005 2.17495030 0.89999998
v -0.21250016 2.27367115 0.89999998
v -0.23750005 2.15727782 0.89999998
v -0.22500011 2.20663825 0.89999998
v -0.21250016 2.28250739 0.89999998
v -0.23750005 2.14844158 0.89999998
v -0.22500011 2.22431073 0.89999998
v -0.23750005 1.87726003 0.89999998
v -0.23750005 2.08851759 0.89999998
v -0.21250016 2.09582886 0.89999998
v -0.23750005 1.96176305 0.89999998
v -0.22500011 1.98654445 0.89999998
v -0.21250016 2.13808037 0.89999998
v -0.23750005 1.91951154 0.89999998
v -0.21250016 2.22258340 0.89999998
v -0.23750005 2.00401457 0.89999998
v -0.22500011 2.15555049 0.89999998
v -0.21250016 2.18033189 0.89999998
v -0.23750005 2.04626608 0.89999998
v -0.22500011 2.07104747 0.89999998
v -0.15000042 2.37499952 0.89999998
v -0.15000042 1.92499969 0.89999998
v -0.16250037 2.26571510 0.89999998
v -0.15000042 1.02500004 0.89999998
v -0.15000042 1.47499987 0.89999998
v -0.18750026 2.04714627 0.89999998
v -0.16250037 1.81571528 0.89999998
v -0.17500032 2.15643068 0.89999998
v -0.16250037 2.04071519 0.89999998
v -0.23750005 1.61000860 0.89999998
v -0.21250016 1.37857761 0.89999998
v -0.22500011 1.71929302 0.89999998
v -0.23750005 1.49429311 0.89999998
v -0.16250037 0.91571563 0.89999998
v -0.18750026 1.14714662 0.89999998
v -0.16250037 1.14071554 0.89999998
v -0.20000021 1.93786185 0.89999998
v -0.20000021 1.48786203 0.89999998
v -0.21250016 1.82857744 0.89999998
v -0.18750026 1.82214636 0.89999998
v -0.21250016 1.60357752 0.89999998
v -0.23750005 1.26286212 0.89999998
v -0.21250016 1.26286212 0.89999998
v -0.23750005 1.37857761 0.89999998
v -0.22500011 1.37857761 0.89999998
v -0.16250037 1.59071536 0.89999998
v -0.18750026 1.37214653 0.89999998
v -0.16250037 1.36571545 0.89999998
v -0.17500032 1.70643086 0.89999998
v -0.17500032 1.25643104 0.89999998
v -0.18750026 1.59714644 0.89999998
v -0.23750005 0.91571563 0.89999998
v -0.17500032 0.91571563 0.89999998
v -0.23750005 1.14714662 0.89999998
v -0.21250016 0.91571563 0.89999998
v -0.23750005 1.03143112 0.89999998
v -0.22500011 1.14714662 0.89999998
v -0.22500011 0.91571563 0.89999998
v -0.20000021 1.14714662 0.89999998
v -0.20000021 0.91571563 0.89999998
v -0.18750026 1.03143112 0.89999998
v -0.21250016 1.14714662 0.89999998
v -0.18750026 0.91571563 0.89999998
v -0.21250016 1.03143112 0.89999998
v -0.12499986 1.69999978 0.67499998
v -0.11249958 2.14999960 0.56249999
v -0.13750014 1.24999996 0.78749998
v -0.11249958 1.69999978 0.56249999
v -0.11249958 1.24999996 0.56249999
v -0.12499986 1.24999996 0.67499998
v -0.12499986 2.14999960 0.67499998
v -0.13750014 1.69999978 0.78749998
v -0.13750014 2.14999960 0.78749998
v -0.10624943 2.37499952 0.50624999
v -0.11874972 1.92499969 0.61874998
v -0.10624943 2.14999960 0.50624999
v -0.14375028 1.02500004 0.84374998
v -0.13125000 1.47499987 0.73124998
v -0.10624943 1.69999978 0.50624999
v -0.11874972 1.69999978 0.61874998
v -0.10624943 1.92499969 0.50624999
v -0.11249958 1.92499969 0.56249999
v -0.10624943 1.02500004 0.50624999
v -0.13750014 1.02500004 0.78749998
v -0.10624943 1.47499987 0.50624999
v -0.11874972 1.02500004 0.61874998
v -0.10624943 1.24999996 0.50624999
v -0.11249958 1.47499987 0.56249999
v -0.11249958 1.02500004 0.56249999
v -0.12499986 1.47499987 0.67499998
v -0.12499986 1.02500004 0.67499998
v -0.13125000 1.24999996 0.73124998
v -0.11874972 1.47499987 0.61874998
v -0.13125000 1.02500004 0.73124998
v -0.11874972 1.24999996 0.61874998
v -0.11249958 2.37499952 0.56249999
v -0.12499986 1.92499969 0.67499998
v -0.12499986 2.37499952 0.67499998
v -0.11874972 2.14999960 0.61874998
v -0.11874972 2.37499952 0.61874998
v -0.14375028 1.24999996 0.84374998
v -0.14375028 2.37499952 0.84374998
v -0.13125000 1.69999978 0.73124998
v -0.14375028 1.69999978 0.84374998
v -0.13750014 1.47499987 0.78749998
v -0.13125000 1.92499969 0.73124998
v -0.14375028 1.47499987 0.84374998
v -0.13125000 2.37499952 0.73124998
v -0.14375028 1.92499969 0.84374998
v -0.13750014 2.37499952 0.78749998
v -0.13125000 2.14999960 0.73124998
v -0.14375028 2.14999960 0.84374998
v -0.13750014 1.92499969 0.78749998
v 2.22698951 0.71448952 0.00000000
v 2.22698951 2.68948948 0.00000000
v 2.22698951 -0.03948951 0.00000000
v 2.17698956 -0.03948951 0.00000000
v 1.60198951 0.26051048 0.00000000
v 1.87500000 -0.34999999 0.00000000
v 2.12499994 2.68948948 0.00000000
v 0.07301047 0.37500007 0.00000000
v 0.84801045 0.26051048 0.00000000
v 0.07301047 0.26051048 0.00000000
v 0.23173525 0.26051048 0.00000000
v 0.68948239 0.26051048 0.00000000
v 1.42499995 -0.34999999 0.00000000
v 1.42499995 -0.51773794 0.00000000
v 2.12499994 2.93311679 0.00000000
v 2.12499994 2.94999969 0.00000000
v 1.93257135 2.94999969 0.00000000
v 1.14999998 3.29999995 0.00000000
v 0.53257138 2.94999969 0.00000000
v -0.06482095 2.94999969 0.00000000
v -0.15955699 2.94999969 0.00000000
v -0.13122563 2.94999969 0.00000000
v 2.38849473 0.03224477 0.00000000
v 2.06548429 1.39673427 0.00000000
v 2.38849473 1.01974475 0.00000000
v 2.06548429 2.38423425 0.00000000
v 2.38849473 2.99474472 0.00000000
v 2.22698951 1.70198950 0.00000000
v 2.38849473 2.00724474 0.00000000
v 2.38849473 -0.34474474 0.00000000
v 2.06548429 0.26576573 0.00000000
v 2.22698951 0.33750001 0.00000000
v 2.06548429 1.01974475 0.00000000
v 2.06548429 0.64275524 0.00000000
v 2.36349475 -0.34474474 0.00000000
v 2.04048431 0.26576573 0.00000000
v 2.31349480 -0.34474474 0.00000000
v 2.20198953 -0.03948951 0.00000000
v 2.33849478 -0.34474474 0.00000000
v 1.75298429 0.41576572 0.00000000
v 1.45099473 0.10525524 0.00000000
v 1.88948953 0.11051049 0.00000000
v 2.16250002 -0.49999998 0.00000000
v 1.58749998 -0.19999999 0.00000000
v 2.02599478 -0.19474475 0.00000000
v 1.73849475 -0.04474475 0.00000000
v 2.01448950 2.38423425 0.00000000
v 2.33749995 2.99474472 0.00000000
v 1.91249993 2.38423425 0.00000000
v 2.17599472 2.68948948 0.00000000
v 1.96349472 2.38423425 0.00000000
v -0.08849476 0.16250003 0.00000000
v 0.23451571 0.58750010 0.00000000
v 1.37599476 0.41576572 0.00000000
v 1.07400520 0.10525524 0.00000000
v 0.62201570 0.41576572 0.00000000
v 1.22499998 0.26051048 0.00000000
v 0.99900523 0.41576572 0.00000000
v -0.08849476 0.10525524 0.00000000
v 0.23451571 0.41576572 0.00000000
v 0.07301047 0.31775527 0.00000000
v 0.23451571 0.53025531 0.00000000
v 0.23451571 0.47301051 0.00000000
v -0.00913237 0.10525524 0.00000000
v 0.31387810 0.41576572 0.00000000
v 0.14959240 0.10525524 0.00000000
v 0.15237286 0.26051048 0.00000000
v 0.07023001 0.10525524 0.00000000
v 0.99474117 0.10525524 0.00000000
v 0.54275167 0.41576572 0.00000000
v 0.83621311 0.10525524 0.00000000
v 0.76874642 0.26051048 0.00000000
v 0.46060882 0.26051048 0.00000000
v 0.91547714 0.10525524 0.00000000
v 0.37846597 0.10525524 0.00000000
v 0.60733954 0.10525524 0.00000000
v 1.93750000 -0.49999998 0.00000000
v 1.36249995 -0.19999999 0.00000000
v 1.48749995 -0.49999998 0.00000000
v 1.64999998 -0.34999999 0.00000000
v 1.71249998 -0.49999998 0.00000000
v 1.36249995 -0.28386897 0.00000000
v 1.48749995 -0.58386896 0.00000000
v 1.36249995 -0.45160692 0.00000000
v 1.42499995 -0.43386896 0.00000000
v 1.36249995 -0.36773795 0.00000000
v 1.42499995 -0.58386896 0.00000000
v 1.36249995 -0.51773794 0.00000000
v 1.36249995 -0.58386896 0.00000000
v -0.08849476 0.37500007 0.00000000
v 0.07301047 0.58750010 0.00000000
v -0.08849476 0.58750010 0.00000000
v 2.33749995 3.11655837 0.00000000
v 1.91249993 2.74967521 0.00000000
v 2.12499994 2.81130314 0.00000000
v 1.91249993 2.50604790 0.00000000
v 1.91249993 2.62786156 0.00000000
v 2.33749995 3.12499982 0.00000000
v 1.91249993 2.77499956 0.00000000
v 2.12499994 2.94155824 0.00000000
v 1.91249993 2.75811666 0.00000000
v 1.91249993 2.76655811 0.00000000
v 2.24128565 3.12499982 0.00000000
v 1.62385705 2.77499956 0.00000000
v 2.02878565 2.94999969 0.00000000
v 1.81628564 2.77499956 0.00000000
v 1.72007135 2.77499956 0.00000000
v 1.84999996 3.29999995 0.00000000
v 0.44999999 3.29999995 0.00000000
v 1.54128566 3.12499982 0.00000000
v 0.92385706 2.77499956 0.00000000
v 0.14128569 3.12499982 0.00000000
v 1.23257136 2.94999969 0.00000000
v 0.62516090 2.77499956 0.00000000
v 0.84128568 3.12499982 0.00000000
v 0.02776858 2.77499956 0.00000000
v -0.15741047 3.12499982 0.00000000
v 0.32646474 2.77499956 0.00000000
v 0.23387522 2.94999969 0.00000000
v -0.20477850 3.12499982 0.00000000
v -0.11433549 2.77499956 0.00000000
v -0.00543376 2.77499956 0.00000000
v -0.19061282 3.12499982 0.00000000
v -0.07183845 2.77499956 0.00000000
v -0.09802329 2.94999969 0.00000000
v -0.14539131 2.94999969 0.00000000
v -0.03863610 2.77499956 0.00000000
v -0.10016981 2.77499956 0.00000000
v -0.08600413 2.77499956 0.00000000
v -0.20477850 2.94999969 0.00000000
v -0.15955699 2.77499956 0.00000000
v -0.20477850 2.77499956 0.00000000
v 2.46924734 -0.30887760 0.00000000
v 2.30774212 0.37336715 0.00000000
v 1.98473167 1.73785664 0.00000000
v 2.14623690 1.05561189 0.00000000
v 2.46924734 0.18487239 0.00000000
v 2.30774212 0.86711714 0.00000000
v 2.46924734 1.17237237 0.00000000
v 2.38849473 0.52599476 0.00000000
v 2.46924734 0.67862238 0.00000000
v 1.98473167 2.23160663 0.00000000
v 2.14623690 2.53686187 0.00000000
v 2.06548429 1.89048426 0.00000000
v 2.46924734 3.14737234 0.00000000
v 2.30774212 2.84211710 0.00000000
v 2.46924734 2.65362234 0.00000000
v 2.22698951 1.20823951 0.00000000
v 2.22698951 2.19573949 0.00000000
v 2.14623690 1.54936188 0.00000000
v 2.30774212 1.36086713 0.00000000
v 2.14623690 2.04311188 0.00000000
v 2.46924734 1.66612236 0.00000000
v 2.30774212 2.34836711 0.00000000
v 2.46924734 2.15987235 0.00000000
v 2.38849473 1.51349474 0.00000000
v 2.38849473 2.50099473 0.00000000
v 2.30774212 1.85461712 0.00000000
v 2.46924734 -0.49737236 0.00000000
v 2.30774212 -0.19211712 0.00000000
v 2.38849473 -0.15624999 0.00000000
v 1.98473167 0.41839334 0.00000000
v 2.14623690 0.11313811 0.00000000
v 2.22698951 0.52599476 0.00000000
v 2.22698951 0.14900525 0.00000000
v 2.30774212 0.18487239 0.00000000
v 2.30774212 -0.00362237 0.00000000
v 1.98473167 1.54936188 0.00000000
v 1.98473167 0.60688810 0.00000000
v 2.14623690 0.86711714 0.00000000
v 1.98473167 1.17237237 0.00000000
v 2.06548429 1.20823951 0.00000000
v 2.14623690 0.67862238 0.00000000
v 1.98473167 1.36086713 0.00000000
v 2.14623690 0.30163287 0.00000000
v 1.98473167 0.98387761 0.00000000
v 2.06548429 0.45426048 0.00000000
v 2.14623690 0.49012762 0.00000000
v 1.98473167 0.79538286 0.00000000
v 2.06548429 0.83125000 0.00000000
v 2.45674735 -0.49737236 0.00000000
v 2.29524213 -0.19211712 0.00000000
v 2.43174738 -0.49737236 0.00000000
v 2.37599474 -0.34474474 0.00000000
v 2.44424736 -0.49737236 0.00000000
v 1.97223169 0.41839334 0.00000000
v 2.10873693 0.11313811 0.00000000
v 2.05298430 0.26576573 0.00000000
v 2.38174742 -0.49737236 0.00000000
v 2.24524218 -0.19211712 0.00000000
v 2.39424741 -0.49737236 0.00000000
v 2.21448952 -0.03948951 0.00000000
v 2.18948954 -0.03948951 0.00000000
v 2.13373691 0.11313811 0.00000000
v 2.28274214 -0.19211712 0.00000000
v 2.12123692 0.11313811 0.00000000
v 2.41924739 -0.49737236 0.00000000
v 2.25774217 -0.19211712 0.00000000
v 2.40674740 -0.49737236 0.00000000
v 2.35099477 -0.34474474 0.00000000
v 2.32599479 -0.34474474 0.00000000
v 2.27024215 -0.19211712 0.00000000
v 1.82848167 0.49339334 0.00000000
v 1.67748690 0.33813810 0.00000000
v 1.89673430 0.34076572 0.00000000
v 1.37549734 0.02762762 0.00000000
v 1.52649212 0.18288286 0.00000000
v 2.03323954 0.03551049 0.00000000
v 1.74573952 0.18551048 0.00000000
v 1.96498692 0.18813811 0.00000000
v 1.82123691 0.26313810 0.00000000
v 2.30625004 -0.57499998 0.00000000
v 2.01875001 -0.42499999 0.00000000
v 2.23799741 -0.42237236 0.00000000
v 1.44374996 -0.12500000 0.00000000
v 1.73124999 -0.27499999 0.00000000
v 1.51924735 -0.04737238 0.00000000
v 2.10149217 -0.11711713 0.00000000
v 1.95049739 -0.27237237 0.00000000
v 2.16974479 -0.26974474 0.00000000
v 1.95774215 -0.04211713 0.00000000
v 2.09424740 -0.34737237 0.00000000
v 1.67024213 0.10788286 0.00000000
v 1.80674738 -0.19737237 0.00000000
v 1.59474474 0.03025524 0.00000000
v 1.81399214 0.03288287 0.00000000
v 1.66299736 -0.12237237 0.00000000
v 1.88224477 -0.11974475 0.00000000
v 1.95923428 2.23160663 0.00000000
v 2.12073950 2.53686187 0.00000000
v 1.90823950 2.23160663 0.00000000
v 2.03998689 2.38423425 0.00000000
v 1.93373689 2.23160663 0.00000000
v 2.44374995 3.14737234 0.00000000
v 2.23124994 2.84211710 0.00000000
v 2.36299734 2.99474472 0.00000000
v 1.80624993 2.23160663 0.00000000
v 2.01874994 2.53686187 0.00000000
v 1.83174732 2.23160663 0.00000000
v 2.20149212 2.68948948 0.00000000
v 2.15049733 2.68948948 0.00000000
v 2.28224473 2.84211710 0.00000000
v 2.09524211 2.53686187 0.00000000
v 2.25674734 2.84211710 0.00000000
v 1.88274211 2.23160663 0.00000000
v 2.04424733 2.53686187 0.00000000
v 1.85724472 2.23160663 0.00000000
v 1.98899211 2.38423425 0.00000000
v 1.93799733 2.38423425 0.00000000
v 2.06974472 2.53686187 0.00000000
v -0.16924738 0.05625002 0.00000000
v -0.00774214 0.26875005 0.00000000
v 0.31526833 0.69375011 0.00000000
v 0.15376309 0.48125008 0.00000000
v 1.63998691 0.49339334 0.00000000
v 1.48899213 0.33813810 0.00000000
v 1.26299738 0.49339334 0.00000000
v 1.56448952 0.41576572 0.00000000
v 1.45149215 0.49339334 0.00000000
v 1.18700258 0.02762762 0.00000000
v 0.96100783 0.18288286 0.00000000
v 1.26249997 0.10525524 0.00000000
v 0.50901832 0.49339334 0.00000000
v 0.73501308 0.33813810 0.00000000
v 0.69751309 0.49339334 0.00000000
v 1.41349474 0.26051048 0.00000000
v 1.03650521 0.26051048 0.00000000
v 1.33799735 0.18288286 0.00000000
v 1.30049737 0.33813810 0.00000000
v 1.14950259 0.18288286 0.00000000
v 1.07450262 0.49339334 0.00000000
v 0.92350784 0.33813810 0.00000000
v 0.88600785 0.49339334 0.00000000
v 1.18749999 0.41576572 0.00000000
v 0.81051046 0.41576572 0.00000000
v 1.11200260 0.33813810 0.00000000
v -0.16924738 0.02762762 0.00000000
v -0.00774214 0.18288286 0.00000000
v -0.08849476 0.13387764 0.00000000
v 0.31526833 0.49339334 0.00000000
v 0.15376309 0.33813810 0.00000000
v 0.07301047 0.34637767 0.00000000
v 0.07301047 0.28913288 0.00000000
v -0.00774214 0.24012765 0.00000000
v -0.00774214 0.21150526 0.00000000
v 0.31526833 0.66512772 0.00000000
v 0.31526833 0.52201574 0.00000000
v 0.15376309 0.45262769 0.00000000
v 0.31526833 0.60788293 0.00000000
v 0.23451571 0.55887770 0.00000000
v 0.15376309 0.42400529 0.00000000
v 0.31526833 0.63650532 0.00000000
v 0.15376309 0.36676050 0.00000000
v 0.31526833 0.57926053 0.00000000
v 0.23451571 0.44438812 0.00000000
v 0.15376309 0.39538289 0.00000000
v 0.31526833 0.55063813 0.00000000
v 0.23451571 0.50163291 0.00000000
v -0.12956619 0.02762762 0.00000000
v 0.03193905 0.18288286 0.00000000
v -0.05020380 0.02762762 0.00000000
v -0.04881357 0.10525524 0.00000000
v -0.08988499 0.02762762 0.00000000
v 0.35494952 0.49339334 0.00000000
v 0.27280668 0.33813810 0.00000000
v 0.27419691 0.41576572 0.00000000
v 0.10852098 0.02762762 0.00000000
v 0.19066383 0.18288286 0.00000000
v 0.06883978 0.02762762 0.00000000
v 0.11269167 0.26051048 0.00000000
v 0.19205406 0.26051048 0.00000000
v 0.19344429 0.33813810 0.00000000
v 0.07162024 0.18288286 0.00000000
v 0.23312548 0.33813810 0.00000000
v -0.01052260 0.02762762 0.00000000
v 0.15098263 0.18288286 0.00000000
v 0.02915859 0.02762762 0.00000000
v 0.03054882 0.10525524 0.00000000
v 0.10991121 0.10525524 0.00000000
v 0.11130144 0.18288286 0.00000000
v 1.14737056 0.02762762 0.00000000
v 0.92137581 0.18288286 0.00000000
v 1.06810653 0.02762762 0.00000000
v 1.03437319 0.10525524 0.00000000
v 1.10773855 0.02762762 0.00000000
v 0.46938631 0.49339334 0.00000000
v 0.61611703 0.33813810 0.00000000
v 0.58238368 0.41576572 0.00000000
v 0.42831489 0.41576572 0.00000000
v 0.90957847 0.02762762 0.00000000
v 0.76284775 0.18288286 0.00000000
v 0.94921049 0.02762762 0.00000000
v 0.80837844 0.26051048 0.00000000
v 0.72911441 0.26051048 0.00000000
v 0.69538106 0.33813810 0.00000000
v 0.88174380 0.18288286 0.00000000
v 0.65574905 0.33813810 0.00000000
v 0.34617204 0.26051048 0.00000000
v 0.57504561 0.26051048 0.00000000
v 0.38724346 0.33813810 0.00000000
v 0.50168025 0.33813810 0.00000000
v 1.02847452 0.02762762 0.00000000
v 0.80247977 0.18288286 0.00000000
v 0.98884250 0.02762762 0.00000000
v 0.95510916 0.10525524 0.00000000
v 0.87584513 0.10525524 0.00000000
v 0.84211178 0.18288286 0.00000000
v 0.22295776 0.02762762 0.00000000
v 0.79514169 0.02762762 0.00000000
v 0.30510061 0.18288286 0.00000000
v 0.45183133 0.02762762 0.00000000
v 0.26402919 0.10525524 0.00000000
v 0.41953740 0.18288286 0.00000000
v 0.33739455 0.02762762 0.00000000
v 0.64841097 0.18288286 0.00000000
v 0.56626812 0.02762762 0.00000000
v 0.72177633 0.10525524 0.00000000
v 0.53397418 0.18288286 0.00000000
v 0.68070490 0.02762762 0.00000000
v 0.49290276 0.10525524 0.00000000
v 2.19375002 -0.57499998 0.00000000
v 1.90625000 -0.42499999 0.00000000
v 1.96875000 -0.57499998 0.00000000
v 2.05000001 -0.49999998 0.00000000
v 2.08125001 -0.57499998 0.00000000
v 1.33124995 -0.12500000 0.00000000
v 1.39374995 -0.27499999 0.00000000
v 1.47499996 -0.19999999 0.00000000
v 1.51874995 -0.57499998 0.00000000
v 1.45624995 -0.42499999 0.00000000
v 1.63124996 -0.57499998 0.00000000
v 1.76249999 -0.34999999 0.00000000
v 1.53749996 -0.34999999 0.00000000
v 1.61874998 -0.27499999 0.00000000
v 1.79374999 -0.42499999 0.00000000
v 1.50624996 -0.27499999 0.00000000
v 1.85624999 -0.57499998 0.00000000
v 1.56874996 -0.42499999 0.00000000
v 1.74374998 -0.57499998 0.00000000
v 1.82499999 -0.49999998 0.00000000
v 1.59999996 -0.49999998 0.00000000
v 1.68124998 -0.42499999 0.00000000
v 1.33124995 -0.16693449 0.00000000
v 1.39374995 -0.31693448 0.00000000
v 1.33124995 -0.25080346 0.00000000
v 1.36249995 -0.24193448 0.00000000
v 1.33124995 -0.20886897 0.00000000
v 1.51874995 -0.61693447 0.00000000
v 1.45624995 -0.55080345 0.00000000
v 1.48749995 -0.54193447 0.00000000
v 1.33124995 -0.41854141 0.00000000
v 1.39374995 -0.48467243 0.00000000
v 1.33124995 -0.37660692 0.00000000
v 1.42499995 -0.39193448 0.00000000
v 1.42499995 -0.47580345 0.00000000
v 1.45624995 -0.46693447 0.00000000
v 1.39374995 -0.35886897 0.00000000
v 1.45624995 -0.50886896 0.00000000
v 1.33124995 -0.29273795 0.00000000
v 1.39374995 -0.44273794 0.00000000
v 1.33124995 -0.33467244 0.00000000
v 1.36249995 -0.32580346 0.00000000
v 1.36249995 -0.40967243 0.00000000
v 1.39374995 -0.40080346 0.00000000
v 1.48749995 -0.61693447 0.00000000
v 1.42499995 -0.55080345 0.00000000
v 1.42499995 -0.61693447 0.00000000
v 1.45624995 -0.58386896 0.00000000
v 1.45624995 -0.61693447 0.00000000
v 1.33124995 -0.45160692 0.00000000
v 1.33124995 -0.61693447 0.00000000
v 1.39374995 -0.51773794 0.00000000
v 1.33124995 -0.51773794 0.00000000
v 1.36249995 -0.48467243 0.00000000
v 1.39374995 -0.55080345 0.00000000
v 1.33124995 -0.48467243 0.00000000
v 1.39374995 -0.61693447 0.00000000
v 1.33124995 -0.55080345 0.00000000
v 1.36249995 -0.61693447 0.00000000
v 1.39374995 -0.58386896 0.00000000
v 1.33124995 -0.58386896 0.00000000
v 1.36249995 -0.55080345 0.00000000
v -0.16924738 0.16250003 0.00000000
v -0.00774214 0.37500007 0.00000000
v -0.16924738 0.37500007 0.00000000
v -0.08849476 0.26875005 0.00000000
v -0.16924738 0.26875005 0.00000000
v 0.23451571 0.69375011 0.00000000
v -0.16924738 0.69375011 0.00000000
v 0.07301047 0.48125008 0.00000000
v 0.07301047 0.69375011 0.00000000
v 0.15376309 0.58750010 0.00000000
v -0.00774214 0.48125008 0.00000000
v 0.15376309 0.69375011 0.00000000
v -0.16924738 0.48125008 0.00000000
v -0.00774214 0.69375011 0.00000000
v -0.16924738 0.58750010 0.00000000
v -0.08849476 0.48125008 0.00000000
v -0.08849476 0.69375011 0.00000000
v -0.00774214 0.58750010 0.00000000
v 2.44374995 3.20827916 0.00000000
v 2.23124994 3.02483758 0.00000000
v 2.33749995 3.05565155 0.00000000
v 1.80624993 2.65795442 0.00000000
v 2.01874994 2.84139600 0.00000000
v 2.12499994 2.75039631 0.00000000
v 2.12499994 2.87220997 0.00000000
v 2.23124994 2.90302393 0.00000000
v 2.23124994 2.96393076 0.00000000
v 1.80624993 2.29251346 0.00000000
v 1.80624993 2.59704760 0.00000000
v 2.01874994 2.59776869 0.00000000
v 1.80624993 2.41432711 0.00000000
v 1.91249993 2.44514108 0.00000000
v 2.01874994 2.65867552 0.00000000
v 1.80624993 2.35342029 0.00000000
v 2.01874994 2.78048918 0.00000000
v 1.80624993 2.47523394 0.00000000
v 1.91249993 2.68876839 0.00000000
v 2.01874994 2.71958235 0.00000000
v 1.80624993 2.53614077 0.00000000
v 1.91249993 2.56695473 0.00000000
v 2.44374995 3.21249989 0.00000000
v 2.23124994 3.03749976 0.00000000
v 2.33749995 3.12077910 0.00000000
v 1.80624993 2.68749949 0.00000000
v 2.01874994 2.86249962 0.00000000
v 2.12499994 2.93733752 0.00000000
v 2.12499994 2.94577897 0.00000000
v 2.23124994 3.02905831 0.00000000
v 2.23124994 3.03327903 0.00000000
v 1.80624993 2.66217515 0.00000000
v 1.80624993 2.68327877 0.00000000
v 2.01874994 2.84561673 0.00000000
v 1.80624993 2.67061660 0.00000000
v 1.91249993 2.75389594 0.00000000
v 2.01874994 2.84983745 0.00000000
v 1.80624993 2.66639587 0.00000000
v 2.01874994 2.85827890 0.00000000
v 1.80624993 2.67483732 0.00000000
v 1.91249993 2.77077883 0.00000000
v 2.01874994 2.85405818 0.00000000
v 1.80624993 2.67905805 0.00000000
v 1.91249993 2.76233739 0.00000000
v 2.39564280 3.21249989 0.00000000
v 2.08692850 3.03749976 0.00000000
v 2.28939280 3.12499982 0.00000000
v 1.46949990 2.68749949 0.00000000
v 1.77821420 2.86249962 0.00000000
v 2.07689279 2.94999969 0.00000000
v 1.98067850 2.94999969 0.00000000
v 2.18314280 3.03749976 0.00000000
v 2.13503565 3.03749976 0.00000000
v 1.75814278 2.68749949 0.00000000
v 1.51760705 2.68749949 0.00000000
v 1.97064279 2.86249962 0.00000000
v 1.66192849 2.68749949 0.00000000
v 1.86439279 2.77499956 0.00000000
v 1.92253564 2.86249962 0.00000000
v 1.71003564 2.68749949 0.00000000
v 1.82632135 2.86249962 0.00000000
v 1.61382134 2.68749949 0.00000000
v 1.67196420 2.77499956 0.00000000
v 1.87442850 2.86249962 0.00000000
v 1.56571420 2.68749949 0.00000000
v 1.76817849 2.77499956 0.00000000
v 2.19999996 3.29999995 0.00000000
v 1.49999997 3.29999995 0.00000000
v 2.04564281 3.21249989 0.00000000
v 0.09999999 3.29999995 0.00000000
v 0.79999998 3.29999995 0.00000000
v 1.73692851 3.03749976 0.00000000
v 1.34564282 3.21249989 0.00000000
v 1.89128566 3.12499982 0.00000000
v 1.69564281 3.21249989 0.00000000
v 1.11949991 2.68749949 0.00000000
v 0.72821422 2.86249962 0.00000000
v 1.27385706 2.77499956 0.00000000
v 0.97015183 2.68749949 0.00000000
v -0.05435716 3.21249989 0.00000000
v 0.33692853 3.03749976 0.00000000
v 0.29564284 3.21249989 0.00000000
v 1.58257136 2.94999969 0.00000000
v 0.88257137 2.94999969 0.00000000
v 1.42821421 2.86249962 0.00000000
v 1.38692851 3.03749976 0.00000000
v 1.07821421 2.86249962 0.00000000
v 0.67145567 2.68749949 0.00000000
v 0.57886614 2.86249962 0.00000000
v 0.82080375 2.68749949 0.00000000
v 0.77450898 2.77499956 0.00000000
v 0.99564283 3.21249989 0.00000000
v 0.68692853 3.03749976 0.00000000
v 0.64564283 3.21249989 0.00000000
v 1.19128567 3.12499982 0.00000000
v 0.49128568 3.12499982 0.00000000
v 1.03692852 3.03749976 0.00000000
v 0.07406335 2.68749949 0.00000000
v -0.01852618 2.86249962 0.00000000
v 0.22341143 2.68749949 0.00000000
v -0.20370524 3.21249989 0.00000000
v -0.11111571 3.03749976 0.00000000
v -0.00806239 3.12499982 0.00000000
v 0.52210759 2.68749949 0.00000000
v 0.13082190 2.86249962 0.00000000
v 0.37275951 2.68749949 0.00000000
v 0.47581282 2.77499956 0.00000000
v 0.17711666 2.77499956 0.00000000
v 0.38322330 2.94999969 0.00000000
v 0.08452713 2.94999969 0.00000000
v 0.18758045 3.03749976 0.00000000
v 0.42951806 2.86249962 0.00000000
v 0.03823237 3.03749976 0.00000000
v 0.28016998 2.86249962 0.00000000
v -0.22738925 3.21249989 0.00000000
v -0.18216774 3.03749976 0.00000000
v -0.09172474 2.68749949 0.00000000
v -0.13694624 2.86249962 0.00000000
v 0.05746217 2.68749949 0.00000000
v -0.03512735 2.86249962 0.00000000
v 0.02425983 2.68749949 0.00000000
v 0.01116741 2.77499956 0.00000000
v 0.04086100 2.68749949 0.00000000
v -0.22030641 3.21249989 0.00000000
v -0.16091922 3.03749976 0.00000000
v -0.17401164 3.12499982 0.00000000
v -0.19769566 3.12499982 0.00000000
v -0.04214485 2.68749949 0.00000000
v -0.10153204 2.86249962 0.00000000
v -0.02554368 2.68749949 0.00000000
v -0.08142212 2.94999969 0.00000000
v -0.11462446 2.94999969 0.00000000
v -0.12771688 3.03749976 0.00000000
v -0.05172852 2.86249962 0.00000000
v -0.14431805 3.03749976 0.00000000
v -0.15247415 2.94999969 0.00000000
v -0.13830847 2.94999969 0.00000000
v -0.17508490 3.03749976 0.00000000
v -0.16800206 3.03749976 0.00000000
v 0.00765866 2.68749949 0.00000000
v -0.08493087 2.86249962 0.00000000
v -0.00894251 2.68749949 0.00000000
v -0.02203493 2.77499956 0.00000000
v -0.05523727 2.77499956 0.00000000
v -0.06832970 2.86249962 0.00000000
v -0.08464190 2.68749949 0.00000000
v -0.04922769 2.68749949 0.00000000
v -0.12986340 2.86249962 0.00000000
v -0.07047622 2.68749949 0.00000000
v -0.10725265 2.77499956 0.00000000
v -0.12278056 2.86249962 0.00000000
v -0.07755906 2.68749949 0.00000000
v -0.10861488 2.86249962 0.00000000
v -0.06339337 2.68749949 0.00000000
v -0.07892129 2.77499956 0.00000000
v -0.11569772 2.86249962 0.00000000
v -0.05631053 2.68749949 0.00000000
v -0.09308697 2.77499956 0.00000000
v -0.22738925 3.12499982 0.00000000
v -0.18216774 2.94999969 0.00000000
v -0.22738925 2.94999969 0.00000000
v -0.20477850 3.03749976 0.00000000
v -0.22738925 3.03749976 0.00000000
v -0.11433549 2.68749949 0.00000000
v -0.22738925 2.68749949 0.00000000
v -0.15955699 2.86249962 0.00000000
v -0.15955699 2.68749949 0.00000000
v -0.13694624 2.77499956 0.00000000
v -0.18216774 2.86249962 0.00000000
v -0.13694624 2.68749949 0.00000000
v -0.22738925 2.86249962 0.00000000
v -0.18216774 2.68749949 0.00000000
v -0.22738925 2.77499956 0.00000000
v -0.20477850 2.86249962 0.00000000
v -0.20477850 2.68749949 0.00000000
v -0.18216774 2.77499956 0.00000000
v 0.07500000 3.29999995 0.44999999
v 1.47499998 3.29999995 0.44999999
v 2.22499996 3.29999995 0.44999999
v 2.22499996 3.29999995 1.97499996
v 0.07500000 3.29999995 1.97499996
v 1.14999998 3.29999995 3.04999995
v 1.47499998 3.29999995 2.79999995
v 0.07500000 3.29999995 2.79999995
v 2.22499996 3.29999995 2.79999995
v -0.08750000 3.29999995 0.22499999
v 0.23750000 3.29999995 0.67499998
v 0.61249999 3.29999995 0.22499999
v 0.93749999 3.29999995 0.67499998
v 2.01249997 3.29999995 0.22499999
v 0.77499999 3.29999995 0.44999999
v 1.31249998 3.29999995 0.22499999
v 1.31249999 3.29999995 0.67499998
v 2.38749996 3.29999995 0.22499999
v 2.06249997 3.29999995 0.67499998
v 1.84999997 3.29999995 0.44999999
v 1.68749998 3.29999995 0.67499998
v 2.38749996 3.29999995 0.98749998
v 2.06249997 3.29999995 1.43749997
v 2.38749996 3.29999995 2.51249996
v 2.22499996 3.29999995 1.21249998
v 2.38749996 3.29999995 1.74999997
v -0.08750000 3.29999995 0.98749998
v 0.23750000 3.29999995 1.43749997
v -0.08750000 3.29999995 2.51249996
v 0.07500000 3.29999995 1.21249998
v -0.08750000 3.29999995 1.74999997
v 1.84999996 3.29999995 3.04999995
v 0.44999999 3.29999995 3.04999995
v 0.23750000 3.29999995 1.84999996
v 2.01249997 3.29999995 2.92499995
v 0.93749999 3.29999995 2.67499995
v 1.31249998 3.29999995 2.92499995
v -0.08750000 3.29999995 2.92499995
v 0.23750000 3.29999995 2.67499995
v 0.07500000 3.29999995 2.38749996
v 0.61249999 3.29999995 2.92499995
v 0.23750000 3.29999995 2.26249996
v 0.77499999 3.29999995 2.79999995
v 2.06249997 3.29999995 1.84999996
v 2.38749996 3.29999995 2.92499995
v 2.06249997 3.29999995 2.67499995
v 2.22499996 3.29999995 2.38749996
v 1.84999997 3.29999995 2.79999995
v 2.06249997 3.29999995 2.26249996
v 1.31249999 3.29999995 2.67499995
v 1.68749998 3.29999995 2.67499995
v -0.16875000 3.29999995 0.11250000
v -0.00625000 3.29999995 0.33749999
v 0.31875001 3.29999995 0.78749998
v 0.15625000 3.29999995 0.56249999
v 0.18124999 3.29999995 0.11250000
v 0.34375000 3.29999995 0.33749999
v 0.88124998 3.29999995 0.11250000
v 0.26250000 3.29999995 0.22499999
v 0.53124999 3.29999995 0.11250000
v 0.66875000 3.29999995 0.78749998
v 1.20624999 3.29999995 0.56249999
v 0.58750000 3.29999995 0.67499998
v 2.28124996 3.29999995 0.11250000
v 1.74374997 3.29999995 0.33749999
v 1.93124996 3.29999995 0.11250000
v 0.42500000 3.29999995 0.44999999
v 1.12499999 3.29999995 0.44999999
v 0.50625000 3.29999995 0.56249999
v 0.69374999 3.29999995 0.33749999
v 0.85624999 3.29999995 0.56249999
v 1.23124998 3.29999995 0.11250000
v 1.39374998 3.29999995 0.33749999
v 1.58124997 3.29999995 0.11250000
v 0.96249998 3.29999995 0.22499999
v 1.66249997 3.29999995 0.22499999
v 1.04374998 3.29999995 0.33749999
v 0.85625000 3.29999995 0.78749998
v 1.39374998 3.29999995 0.56249999
v 1.23124999 3.29999995 0.78749998
v 1.12499999 3.29999995 0.67499998
v 1.04374999 3.29999995 0.78749998
v 2.46874996 3.29999995 0.11250000
v 2.30624996 3.29999995 0.33749999
v 2.19999996 3.29999995 0.22499999
v 1.98124997 3.29999995 0.78749998
v 2.14374997 3.29999995 0.56249999
v 1.79374998 3.29999995 0.78749998
v 1.66249998 3.29999995 0.44999999
v 2.03749997 3.29999995 0.44999999
v 1.93124997 3.29999995 0.33749999
v 1.58124998 3.29999995 0.56249999
v 2.11874996 3.29999995 0.33749999
v 1.41874998 3.29999995 0.78749998
v 1.95624997 3.29999995 0.56249999
v 1.60624998 3.29999995 0.78749998
v 1.49999998 3.29999995 0.67499998
v 1.87499997 3.29999995 0.67499998
v 1.76874997 3.29999995 0.56249999
v 2.46874996 3.29999995 0.49374999
v 2.30624996 3.29999995 0.71874999
v 2.46874996 3.29999995 1.25624998
v 2.38749996 3.29999995 0.60624999
v 2.46874996 3.29999995 0.87499999
v 1.98124997 3.29999995 1.16874997
v 2.14374997 3.29999995 1.70624997
v 2.06249997 3.29999995 1.05624998
v 2.46874996 3.29999995 2.78124996
v 2.30624996 3.29999995 2.24374996
v 2.46874996 3.29999995 2.39999996
v 2.22499996 3.29999995 0.83124998
v 2.22499996 3.29999995 1.59374997
v 2.14374997 3.29999995 0.94374998
v 2.30624996 3.29999995 1.09999998
v 2.14374997 3.29999995 1.32499997
v 2.46874996 3.29999995 1.63749997
v 2.30624996 3.29999995 1.86249997
v 2.46874996 3.29999995 2.01874997
v 2.38749996 3.29999995 1.36874998
v 2.38749996 3.29999995 2.13124996
v 2.30624996 3.29999995 1.48124997
v -0.16875000 3.29999995 0.49374999
v -0.00625000 3.29999995 0.71874999
v -0.16875000 3.29999995 1.25624998
v -0.08750000 3.29999995 0.60624999
v -0.16875000 3.29999995 0.87499999
v 0.31875001 3.29999995 1.16874997
v 0.15625000 3.29999995 1.70624997
v 0.23750000 3.29999995 1.05624998
v -0.16875000 3.29999995 2.78124996
v -0.00625000 3.29999995 2.24374996
v -0.16875000 3.29999995 2.39999996
v 0.07500000 3.29999995 0.83124998
v 0.07500000 3.29999995 1.59374997
v 0.15625000 3.29999995 0.94374998
v -0.00625000 3.29999995 1.09999998
v 0.15625000 3.29999995 1.32499997
v -0.16875000 3.29999995 1.63749997
v -0.00625000 3.29999995 1.86249997
v -0.16875000 3.29999995 2.01874997
v -0.08750000 3.29999995 1.36874998
v -0.08750000 3.29999995 2.13124996
v -0.00625000 3.29999995 1.48124997
v 2.19999996 3.29999995 3.04999995
v 1.49999997 3.29999995 3.04999995
v 0.09999999 3.29999995 3.04999995
v 0.79999998 3.29999995 3.04999995
v 0.31875001 3.29999995 1.37499997
v 0.15625000 3.29999995 1.91249996
v 0.31875001 3.29999995 1.78749996
v 0.23750000 3.29999995 1.64374997
v 0.31875001 3.29999995 1.58124997
v 2.28124996 3.29999995 2.98749995
v 1.74374997 3.29999995 2.86249995
v 1.93124996 3.29999995 2.98749995
v 0.66875000 3.29999995 2.61249995
v 1.20624999 3.29999995 2.73749995
v 1.23124998 3.29999995 2.98749995
v 1.39374998 3.29999995 2.86249995
v 1.58124997 3.29999995 2.98749995
v 1.66249997 3.29999995 2.92499995
v -0.16875000 3.29999995 2.98749995
v -0.00625000 3.29999995 2.86249995
v -0.08750000 3.29999995 2.71874996
v 0.18124999 3.29999995 2.98749995
v 0.31875001 3.29999995 2.61249995
v 0.15625000 3.29999995 2.73749995
v 0.31875001 3.29999995 2.40624996
v 0.58750000 3.29999995 2.67499995
v 0.07500000 3.29999995 2.18124996
v 0.07500000 3.29999995 2.59374996
v -0.00625000 3.29999995 2.44999996
v 0.15625000 3.29999995 2.11874996
v -0.00625000 3.29999995 2.65624996
v 0.88124998 3.29999995 2.98749995
v 0.34375000 3.29999995 2.86249995
v 0.53124999 3.29999995 2.98749995
v 0.96249998 3.29999995 2.92499995
v 0.26250000 3.29999995 2.92499995
v 0.31875001 3.29999995 1.99374996
v 0.15625000 3.29999995 2.53124996
v 0.31875001 3.29999995 2.19999996
v 0.23750000 3.29999995 2.05624996
v 0.23750000 3.29999995 2.46874996
v 0.15625000 3.29999995 2.32499996
v 1.12499999 3.29999995 2.79999995
v 0.42500000 3.29999995 2.79999995
v 0.85624999 3.29999995 2.73749995
v 1.04374998 3.29999995 2.86249995
v 0.50625000 3.29999995 2.73749995
v 0.69374999 3.29999995 2.86249995
v 1.98124997 3.29999995 1.37499997
v 2.14374997 3.29999995 1.91249996
v 1.98124997 3.29999995 1.78749996
v 2.06249997 3.29999995 1.64374997
v 1.98124997 3.29999995 1.58124997
v 2.46874996 3.29999995 2.98749995
v 2.30624996 3.29999995 2.86249995
v 2.38749996 3.29999995 2.71874996
v 2.19999996 3.29999995 2.92499995
v 1.98124997 3.29999995 2.61249995
v 2.14374997 3.29999995 2.73749995
v 1.98124997 3.29999995 2.40624996
v 2.22499996 3.29999995 2.18124996
v 2.22499996 3.29999995 2.59374996
v 2.30624996 3.29999995 2.44999996
v 2.14374997 3.29999995 2.11874996
v 2.30624996 3.29999995 2.65624996
v 1.66249998 3.29999995 2.79999995
v 2.03749997 3.29999995 2.79999995
v 1.93124997 3.29999995 2.86249995
v 2.11874996 3.29999995 2.86249995
v 1.98124997 3.29999995 1.99374996
v 2.14374997 3.29999995 2.53124996
v 1.98124997 3.29999995 2.19999996
v 2.06249997 3.29999995 2.05624996
v 2.06249997 3.29999995 2.46874996
v 2.14374997 3.29999995 2.32499996
v 0.85625000 3.29999995 2.61249995
v 1.79374998 3.29999995 2.61249995
v 1.39374998 3.29999995 2.73749995
v 1.23124999 3.29999995 2.61249995
v 1.12499999 3.29999995 2.67499995
v 1.58124998 3.29999995 2.73749995
v 1.04374999 3.29999995 2.61249995
v 1.95624997 3.29999995 2.73749995
v 1.41874998 3.29999995 2.61249995
v 1.87499997 3.29999995 2.67499995
v 1.76874997 3.29999995 2.73749995
v 1.60624998 3.29999995 2.61249995
v 1.49999998 3.29999995 2.67499995
v 0.90033334 1.67720830 3.04999995
v 1.72516665 0.51360416 3.04999995
v 0.32516667 0.51360416 3.04999995
v 0.95355311 1.71493369 3.04999995
v 0.32516667 2.48860413 3.04999995
v 0.37838644 2.52632952 3.04999995
v 0.40428263 2.59747863 3.04999995
v 0.44395787 2.60447443 3.04999995
v 1.84395784 0.51347190 3.04999995
v 1.80428261 0.52046770 3.04999995
v 0.97944930 1.68407184 3.04999995
v 1.89262670 0.57147318 3.04999995
v 1.84395784 2.60447443 3.04999995
v 1.87884760 2.58433080 3.04999995
v 1.89262670 2.54647315 3.04999995
v 1.87884760 0.53361553 3.04999995
v 0.37838644 2.56661677 3.04999995
v 2.13758330 -0.06819791 3.04999995
v 1.31275000 1.09540623 3.04999995
v 1.43758331 -0.06819791 3.04999995
v 0.61275001 1.09540623 3.04999995
v 0.03758334 -0.06819791 3.04999995
v 1.02516666 0.51360416 3.04999995
v 0.73758332 -0.06819791 3.04999995
v 0.92694323 1.69607100 3.04999995
v 0.98016299 1.73379639 3.04999995
v 0.61275001 2.08290622 3.04999995
v 0.03758334 2.89430204 3.04999995
v 0.32516667 1.50110415 3.04999995
v 0.63935989 2.10176891 3.04999995
v 0.03758334 0.91930208 3.04999995
v 0.03758334 1.90680206 3.04999995
v 0.69257966 2.13949430 3.04999995
v 0.06419322 2.91316473 3.04999995
v 0.66596977 2.12063161 3.04999995
v 0.35177656 2.50746682 3.04999995
v 0.07714131 2.94873929 3.04999995
v 0.73142394 2.24621797 3.04999995
v 0.09697893 2.95223719 3.04999995
v 0.79093680 2.25671166 3.04999995
v 0.42412025 2.60097653 3.04999995
v 0.75126156 2.24971586 3.04999995
v 0.77109918 2.25321376 3.04999995
v 2.19697890 -0.06826404 3.04999995
v 1.49093679 1.09520784 3.04999995
v 2.17714128 -0.06476614 3.04999995
v 1.43142393 1.10570154 3.04999995
v 1.76472463 0.51703593 3.04999995
v 1.82412022 0.51696980 3.04999995
v 0.93989132 1.68064007 3.04999995
v 1.01900728 1.68750361 3.04999995
v 1.35230798 1.09883800 3.04999995
v 0.96650121 1.69950277 3.04999995
v 1.39186595 1.10226977 3.04999995
v 0.99311109 1.71836546 3.04999995
v 1.00605918 1.70293453 3.04999995
v 1.47109917 1.09870574 3.04999995
v 1.45126155 1.10220364 3.04999995
v 2.22131333 -0.03926340 3.04999995
v 1.56394008 1.18220976 3.04999995
v 2.22131333 0.94823658 3.04999995
v 0.79697892 2.95223719 3.04999995
v 1.49093679 2.25671166 3.04999995
v 2.19697890 2.95223719 3.04999995
v 1.14395785 2.60447443 3.04999995
v 1.50838166 2.24663985 3.04999995
v 1.49697891 2.95223719 3.04999995
v 1.54327142 2.22649622 3.04999995
v 2.21442378 2.94216537 3.04999995
v 1.52582654 2.23656803 3.04999995
v 1.55016097 2.20756739 3.04999995
v 1.86140272 2.59440261 3.04999995
v 1.56394008 2.16970974 3.04999995
v 2.22131333 2.92323655 3.04999995
v 1.89262670 1.55897316 3.04999995
v 1.55705053 2.18863857 3.04999995
v 2.22131333 1.93573657 3.04999995
v 1.88573715 2.56540197 3.04999995
v 2.21442378 -0.05819222 3.04999995
v 1.54327142 1.12542328 3.04999995
v 1.86140272 0.52354372 3.04999995
v 1.88573715 0.55254436 3.04999995
v 1.50838166 1.10527965 3.04999995
v 1.52582654 1.11535147 3.04999995
v 1.55705053 1.16328093 3.04999995
v 1.55016097 1.14435211 3.04999995
v 0.69257966 2.15963793 3.04999995
v 0.06419322 2.93330836 3.04999995
v 0.69257966 2.19992518 3.04999995
v 0.37838644 2.54647315 3.04999995
v 0.39133453 2.58204770 3.04999995
v 0.69257966 2.17978156 3.04999995
v 0.71847585 2.23078704 3.04999995
v 0.70552775 2.21535611 3.04999995
v 2.34379163 -0.35909894 3.04999995
v 1.93137497 0.22270313 3.04999995
v 1.10654167 1.38630727 3.04999995
v 1.51895832 0.80450520 3.04999995
v 1.99379163 -0.35909894 3.04999995
v 1.58137498 0.22270313 3.04999995
v 1.29379164 -0.35909894 3.04999995
v 1.78758331 -0.06819791 3.04999995
v 1.64379164 -0.35909894 3.04999995
v 0.75654168 1.38630727 3.04999995
v 0.46895834 0.80450520 3.04999995
v 0.96275000 1.09540623 3.04999995
v -0.10620833 -0.35909894 3.04999995
v 0.18137500 0.22270313 3.04999995
v 0.24379166 -0.35909894 3.04999995
v 1.37516665 0.51360416 3.04999995
v 0.67516667 0.51360416 3.04999995
v 1.16895833 0.80450520 3.04999995
v 1.23137499 0.22270313 3.04999995
v 0.81895833 0.80450520 3.04999995
v 0.94379165 -0.35909894 3.04999995
v 0.53137500 0.22270313 3.04999995
v 0.59379166 -0.35909894 3.04999995
v 1.08758332 -0.06819791 3.04999995
v 0.38758333 -0.06819791 3.04999995
v 0.88137499 0.22270313 3.04999995
v 0.91363829 1.68663965 3.04999995
v 0.94024817 1.70550235 3.04999995
v 0.99346793 1.74322774 3.04999995
v 0.96685805 1.72436504 3.04999995
v 0.75654168 1.88005726 3.04999995
v 0.46895834 2.28575517 3.04999995
v 0.61275001 1.58915623 3.04999995
v 0.76984662 1.88948861 3.04999995
v -0.10620833 3.09715100 3.04999995
v 0.18137500 2.69145308 3.04999995
v 0.32516667 1.00735416 3.04999995
v 0.32516667 1.99485414 3.04999995
v 0.46895834 1.29825519 3.04999995
v 0.46895834 1.79200518 3.04999995
v 0.79645650 1.90835130 3.04999995
v 0.48226328 2.29518652 3.04999995
v 0.78315156 1.89891995 3.04999995
v 0.62605495 2.09233756 3.04999995
v -0.10620833 0.13465105 3.04999995
v -0.10620833 2.60340101 3.04999995
v 0.18137500 0.71645312 3.04999995
v -0.10620833 1.12215103 3.04999995
v 0.03758334 0.42555209 3.04999995
v 0.18137500 1.21020311 3.04999995
v -0.10620833 0.62840104 3.04999995
v 0.18137500 2.19770309 3.04999995
v -0.10620833 1.61590102 3.04999995
v 0.03758334 2.40055205 3.04999995
v 0.18137500 1.70395310 3.04999995
v -0.10620833 2.10965101 3.04999995
v 0.03758334 1.41305207 3.04999995
v 0.84967627 1.94607669 3.04999995
v 0.53548305 2.33291191 3.04999995
v 0.83637132 1.93664534 3.04999995
v -0.09290339 3.10658234 3.04999995
v 0.22128983 2.71974713 3.04999995
v 0.05088828 2.90373339 3.04999995
v 0.80976144 1.91778265 3.04999995
v 0.52217811 2.32348056 3.04999995
v 0.82306638 1.92721400 3.04999995
v 0.65266483 2.11120026 3.04999995
v 0.67927472 2.13006295 3.04999995
v 0.33847161 2.49803548 3.04999995
v 0.36508150 2.51689817 3.04999995
v 0.19467995 2.70088443 3.04999995
v 0.49556822 2.30461787 3.04999995
v 0.20798489 2.71031578 3.04999995
v 0.50887316 2.31404921 3.04999995
v -0.08642934 3.12436962 3.04999995
v 0.24071197 2.77310896 3.04999995
v 0.89499460 2.07058764 3.04999995
v 0.56785329 2.42184830 3.04999995
v -0.07651053 3.12611857 3.04999995
v 0.27046840 2.77835581 3.04999995
v 0.08706012 2.95048824 3.04999995
v 0.96442626 2.08283028 3.04999995
v 0.61744733 2.43059304 3.04999995
v 0.41420144 2.59922758 3.04999995
v 0.43403906 2.60272548 3.04999995
v 0.25063078 2.77485791 3.04999995
v 0.26054959 2.77660686 3.04999995
v 0.90491341 2.07233658 3.04999995
v 0.95450746 2.08108133 3.04999995
v 0.57777210 2.42359725 3.04999995
v 0.92475103 2.07583448 3.04999995
v 0.74134275 2.24796692 3.04999995
v 0.58769090 2.42534620 3.04999995
v 0.91483222 2.07408553 3.04999995
v 0.60752852 2.42884409 3.04999995
v 0.93466984 2.07758343 3.04999995
v 0.78101799 2.25496271 3.04999995
v 0.59760971 2.42709514 3.04999995
v 0.94458865 2.07933238 3.04999995
v 0.76118037 2.25146481 3.04999995
v 2.37348942 -0.35913201 3.04999995
v 2.02046837 0.22260393 3.04999995
v 1.31442626 1.38607581 3.04999995
v 1.66744731 0.80433987 3.04999995
v 2.36357062 -0.35738306 3.04999995
v 1.99071194 0.22785078 3.04999995
v 2.15736229 -0.06648202 3.04999995
v 2.18706009 -0.06651509 3.04999995
v 1.24499460 1.39831845 3.04999995
v 1.61785327 0.81308462 3.04999995
v 1.74494564 0.51532005 3.04999995
v 1.78450362 0.51875181 3.04999995
v 1.95115396 0.22441901 3.04999995
v 1.97093295 0.22613490 3.04999995
v 1.83403903 0.51522085 3.04999995
v 1.81420141 0.51871875 3.04999995
v 2.01054956 0.22435288 3.04999995
v 2.00063075 0.22610183 3.04999995
v 0.92011233 1.67892419 3.04999995
v 0.95967031 1.68235596 3.04999995
v 1.12632066 1.38802315 3.04999995
v 0.93341728 1.68835554 3.04999995
v 1.03878627 1.68921949 3.04999995
v 0.99922829 1.68578772 3.04999995
v 1.22521561 1.39660257 3.04999995
v 1.53873731 0.80622108 3.04999995
v 1.16587864 1.39145492 3.04999995
v 1.33252899 1.09712212 3.04999995
v 1.55851630 0.80793697 3.04999995
v 1.14609965 1.38973904 3.04999995
v 0.96002716 1.70721823 3.04999995
v 0.97297525 1.69178730 3.04999995
v 0.94672222 1.69778688 3.04999995
v 0.95319626 1.69007142 3.04999995
v 1.59807428 0.81136873 3.04999995
v 1.18565763 1.39317080 3.04999995
v 1.41164494 1.10398565 3.04999995
v 1.57829529 0.80965285 3.04999995
v 1.20543662 1.39488669 3.04999995
v 1.37208696 1.10055389 3.04999995
v 0.99994198 1.73551227 3.04999995
v 1.03231222 1.69693495 3.04999995
v 0.97333210 1.71664958 3.04999995
v 1.01289008 1.72008134 3.04999995
v 0.98663704 1.72608092 3.04999995
v 0.97980615 1.70893411 3.04999995
v 1.00641603 1.72779681 3.04999995
v 0.99275424 1.69350319 3.04999995
v 1.01936413 1.71236588 3.04999995
v 1.01253323 1.69521907 3.04999995
v 0.98628020 1.70121865 3.04999995
v 1.02583817 1.70465042 3.04999995
v 0.99958514 1.71065000 3.04999995
v 1.30450745 1.38782476 3.04999995
v 1.25491340 1.39656951 3.04999995
v 1.65752850 0.80608882 3.04999995
v 1.28466983 1.39132266 3.04999995
v 1.48101798 1.09695679 3.04999995
v 1.64760970 0.80783777 3.04999995
v 1.29458864 1.38957371 3.04999995
v 1.62777208 0.81133567 3.04999995
v 1.27475102 1.39307161 3.04999995
v 1.44134274 1.10395259 3.04999995
v 1.63769089 0.80958672 3.04999995
v 1.26483221 1.39482056 3.04999995
v 1.46118036 1.10045469 3.04999995
v 2.38565664 -0.34463169 3.04999995
v 2.05697002 0.26610489 3.04999995
v 1.39959677 1.48757805 3.04999995
v 1.72828339 0.87684147 3.04999995
v 2.38565664 0.14911830 3.04999995
v 2.05697002 0.75985488 3.04999995
v 2.38565664 1.13661829 3.04999995
v 2.22131333 0.45448659 3.04999995
v 2.38565664 0.64286830 3.04999995
v 0.27348946 3.12611857 3.04999995
v 0.62046839 2.77835581 3.04999995
v 0.97348945 3.12611857 3.04999995
v 0.44697893 2.95223719 3.04999995
v 0.62348945 3.12611857 3.04999995
v 1.31442626 2.08283028 3.04999995
v 1.66744731 2.43059304 3.04999995
v 1.14093679 2.25671166 3.04999995
v 1.32314870 2.07779437 3.04999995
v 2.37348942 3.12611857 3.04999995
v 2.02046837 2.77835581 3.04999995
v 2.02348943 3.12611857 3.04999995
v 0.79395786 2.60447443 3.04999995
v 1.49395785 2.60447443 3.04999995
v 0.96744733 2.43059304 3.04999995
v 0.97046839 2.77835581 3.04999995
v 1.31744732 2.43059304 3.04999995
v 1.34059358 2.06772256 3.04999995
v 1.67616975 2.42555714 3.04999995
v 1.33187114 2.07275847 3.04999995
v 1.49965923 2.25167575 3.04999995
v 1.32348944 3.12611857 3.04999995
v 1.67046838 2.77835581 3.04999995
v 1.67348944 3.12611857 3.04999995
v 1.14697891 2.95223719 3.04999995
v 1.84697890 2.95223719 3.04999995
v 1.32046838 2.77835581 3.04999995
v 1.37548333 2.04757893 3.04999995
v 1.71105951 2.40541351 3.04999995
v 1.36676089 2.05261484 3.04999995
v 1.37892811 2.03811452 3.04999995
v 2.38221186 3.12108266 3.04999995
v 2.04663569 2.76324809 3.04999995
v 2.20570134 2.94720128 3.04999995
v 1.34931602 2.06268665 3.04999995
v 1.70233707 2.41044942 3.04999995
v 1.35803846 2.05765074 3.04999995
v 1.51710410 2.24160394 3.04999995
v 1.53454898 2.23153213 3.04999995
v 1.38581766 2.01918569 3.04999995
v 1.71450429 2.39594910 3.04999995
v 1.38237289 2.02865010 3.04999995
v 1.54671620 2.21703181 3.04999995
v 1.85268028 2.59943852 3.04999995
v 1.87012516 2.58936670 3.04999995
v 2.02919081 2.77331990 3.04999995
v 1.68489219 2.42052123 3.04999995
v 2.03791325 2.76828399 3.04999995
v 1.69361463 2.41548532 3.04999995
v 1.39959677 1.98132804 3.04999995
v 1.72828339 2.35809144 3.04999995
v 1.56394008 1.67595975 3.04999995
v 1.39615199 1.99079245 3.04999995
v 2.38565664 3.11161825 3.04999995
v 2.05697002 2.73485485 3.04999995
v 2.38565664 2.61786826 3.04999995
v 2.21786855 2.93270096 3.04999995
v 1.89262670 1.06522317 3.04999995
v 1.89262670 2.05272315 3.04999995
v 1.72828339 1.37059146 3.04999995
v 2.05697002 1.25360487 3.04999995
v 1.72828339 1.86434145 3.04999995
v 1.38926244 2.00972128 3.04999995
v 1.72483861 2.36755586 3.04999995
v 1.39270721 2.00025687 3.04999995
v 1.55360575 2.19810298 3.04999995
v 1.56049530 2.17917415 3.04999995
v 2.38565664 1.63036828 3.04999995
v 2.05697002 2.24110486 3.04999995
v 2.38565664 2.12411827 3.04999995
v 2.22131333 1.44198658 3.04999995
v 2.22131333 2.42948656 3.04999995
v 2.05697002 1.74735487 3.04999995
v 1.88229237 2.57486638 3.04999995
v 1.88918193 2.55593756 3.04999995
v 2.05008046 2.75378367 3.04999995
v 1.71794906 2.38648468 3.04999995
v 2.05352524 2.74431926 3.04999995
v 1.72139384 2.37702027 3.04999995
v 2.38221186 -0.35409610 3.04999995
v 2.04663569 0.23771165 3.04999995
v 2.20570134 -0.06322813 3.04999995
v 2.21786855 -0.04872781 3.04999995
v 1.37548333 1.42132716 3.04999995
v 1.71105951 0.82951941 3.04999995
v 1.85268028 0.51850781 3.04999995
v 1.87012516 0.52857962 3.04999995
v 2.02919081 0.22763984 3.04999995
v 2.03791325 0.23267575 3.04999995
v 1.88918193 0.56200877 3.04999995
v 1.88229237 0.54307994 3.04999995
v 2.05352524 0.25664048 3.04999995
v 2.05008046 0.24717607 3.04999995
v 1.32314870 1.39111172 3.04999995
v 1.36676089 1.41629125 3.04999995
v 1.67616975 0.80937578 3.04999995
v 1.34059358 1.40118353 3.04999995
v 1.49965923 1.10024375 3.04999995
v 1.68489219 0.81441168 3.04999995
v 1.33187114 1.39614762 3.04999995
v 1.70233707 0.82448350 3.04999995
v 1.34931602 1.40621944 3.04999995
v 1.53454898 1.12038738 3.04999995
v 1.69361463 0.81944759 3.04999995
v 1.35803846 1.41125534 3.04999995
v 1.51710410 1.11031556 3.04999995
v 1.39615199 1.47811364 3.04999995
v 1.37892811 1.43079157 3.04999995
v 1.72483861 0.86737706 3.04999995
v 1.38926244 1.45918481 3.04999995
v 1.56049530 1.17274535 3.04999995
v 1.72139384 0.85791264 3.04999995
v 1.39270721 1.46864922 3.04999995
v 1.71450429 0.83898382 3.04999995
v 1.38581766 1.44972040 3.04999995
v 1.54671620 1.13488770 3.04999995
v 1.71794906 0.84844823 3.04999995
v 1.38237289 1.44025598 3.04999995
v 1.55360575 1.15381652 3.04999995
v 0.84967627 1.95614851 3.04999995
v 0.53548305 2.34298372 3.04999995
v 0.84967627 1.97629213 3.04999995
v 0.69257966 2.14956611 3.04999995
v 0.84967627 1.96622032 3.04999995
v -0.09290339 3.11665416 3.04999995
v 0.22128983 2.74996257 3.04999995
v 0.06419322 2.92323655 3.04999995
v 0.07066727 2.94102383 3.04999995
v 0.84967627 2.01657939 3.04999995
v 0.53548305 2.38327098 3.04999995
v 0.84967627 2.00650758 3.04999995
v 0.37838644 2.53640133 3.04999995
v 0.37838644 2.55654496 3.04999995
v 0.22128983 2.72981894 3.04999995
v 0.53548305 2.35305554 3.04999995
v 0.22128983 2.73989075 3.04999995
v 0.39780858 2.58976316 3.04999995
v 0.38486049 2.57433224 3.04999995
v 0.23423792 2.76539350 3.04999995
v 0.22776388 2.75767803 3.04999995
v 0.84967627 1.98636395 3.04999995
v 0.53548305 2.37319916 3.04999995
v 0.84967627 1.99643576 3.04999995
v 0.69257966 2.16970974 3.04999995
v 0.69257966 2.18985337 3.04999995
v 0.53548305 2.36312735 3.04999995
v 0.88852055 2.06287217 3.04999995
v 0.85615031 2.02429485 3.04999995
v 0.56137924 2.41413283 3.04999995
v 0.87557246 2.04744124 3.04999995
v 0.72494990 2.23850250 3.04999995
v 0.55490519 2.40641737 3.04999995
v 0.88204651 2.05515671 3.04999995
v 0.54195710 2.39098644 3.04999995
v 0.86909841 2.03972578 3.04999995
v 0.69905370 2.20764065 3.04999995
v 0.54843114 2.39870191 3.04999995
v 0.86262436 2.03201032 3.04999995
v 0.71200180 2.22307158 3.04999995
f 1 26 30
f 26 10 32
f 30 32 12
f 26 32 30
f 10 27 37
f 27 5 35
f 37 35 14
f 27 35 37
f 12 38 31
f 38 14 36
f 31 36 6
f 38 36 31
f 10 37 32
f 37 14 38
f 32 38 12
f 37 38 32
f 5 29 45
f 29 11 47
f 45 47 17
f 29 47 45
f 11 28 41
f 28 2 39
f 41 39 15
f 28 39 41
f 17 49 46
f 49 15 40
f 46 40 7
f 49 40 46
f 11 41 47
f 41 15 49
f 47 49 17
f 41 49 47
f 6 50 34
f 50 18 52
f 34 52 13
f 50 52 34
f 18 51 54
f 51 7 43
f 54 43 16
f 51 43 54
f 13 44 33
f 44 16 42
f 33 42 3
f 44 42 33
f 18 54 52
f 54 16 44
f 52 44 13
f 54 44 52
f 5 45 35
f 45 17 48
f 35 48 14
f 45 48 35
f 17 46 55
f 46 7 51
f 55 51 18
f 46 51 55
f 14 53 36
f 53 18 50
f 36 50 6
f 53 50 36
f 17 55 48
f 55 18 53
f 48 53 14
f 55 53 48
f 1 30 30
f 30 12 12
f 30 12 12
f 30 12 30
f 12 31 31
f 31 6 6
f 31 6 6
f 31 6 31
f 12 31 31
f 31 6 6
f 31 6 6
f 31 6 31
f 12 31 12
f 31 6 31
f 12 31 12
f 31 31 12
f 6 34 34
f 34 13 13
f 34 13 13
f 34 13 34
f 13 33 33
f 33 3 3
f 33 3 3
f 33 3 33
f 13 33 33
f 33 3 3
f 33 3 3
f 33 3 33
f 13 33 13
f 33 3 33
f 13 33 13
f 33 33 13
f 6 34 34
f 34 13 13
f 34 13 13
f 34 13 34
f 13 33 33
f 33 3 3
f 33 3 3
f 33 3 33
f 13 33 33
f 33 3 3
f 33 3 3
f 33 3 33
f 13 33 13
f 33 3 33
f 13 33 13
f 33 33 13
f 6 34 6
f 34 13 34
f 6 34 6
f 34 34 6
f 13 33 13
f 33 3 33
f 13 33 13
f 33 33 13
f 6 34 6
f 34 13 34
f 6 34 6
f 34 34 6
f 13 13 34
f 13 13 34
f 34 34 6
f 13 34 34
f 1 30 56
f 30 12 58
f 56 58 19
f 30 58 56
f 12 31 63
f 31 6 61
f 63 61 21
f 31 61 63
f 19 64 57
f 64 21 62
f 57 62 8
f 64 62 57
f 12 63 58
f 63 21 64
f 58 64 19
f 63 64 58
f 6 34 71
f 34 13 73
f 71 73 24
f 34 73 71
f 13 33 67
f 33 3 65
f 67 65 22
f 33 65 67
f 24 75 72
f 75 22 66
f 72 66 9
f 75 66 72
f 13 67 73
f 67 22 75
f 73 75 24
f 67 75 73
f 8 76 60
f 76 25 78
f 60 78 20
f 76 78 60
f 25 77 80
f 77 9 69
f 80 69 23
f 77 69 80
f 20 70 59
f 70 23 68
f 59 68 4
f 70 68 59
f 25 80 78
f 80 23 70
f 78 70 20
f 80 70 78
f 6 71 61
f 71 24 74
f 61 74 21
f 71 74 61
f 24 72 81
f 72 9 77
f 81 77 25
f 72 77 81
f 21 79 62
f 79 25 76
f 62 76 8
f 79 76 62
f 24 81 74
f 81 25 79
f 74 79 21
f 81 79 74
f 1 56 56
f 56 19 19
f 56 19 19
f 56 19 56
f 19 57 57
f 57 8 8
f 57 8 8
f 57 8 57
f 19 57 57
f 57 8 8
f 57 8 8
f 57 8 57
f 19 57 19
f 57 8 57
f 19 57 19
f 57 57 19
f 8 60 60
f 60 20 20
f 60 20 20
f 60 20 60
f 20 59 59
f 59 4 4
f 59 4 4
f 59 4 59
f 20 59 59
f 59 4 4
f 59 4 4
f 59 4 59
f 20 59 20
f 59 4 59
f 20 59 20
f 59 59 20
f 8 60 60
f 60 20 20
f 60 20 20
f 60 20 60
f 20 59 59
f 59 4 4
f 59 4 4
f 59 4 59
f 20 59 59
f 59 4 4
f 59 4 4
f 59 4 59
f 20 59 20
f 59 4 59
f 20 59 20
f 59 59 20
f 8 60 8
f 60 20 60
f 8 60 8
f 60 60 8
f 20 59 20
f 59 4 59
f 20 59 20
f 59 59 20
f 8 60 8
f 60 20 60
f 8 60 8
f 60 60 8
f 20 20 60
f 20 20 60
f 60 60 8
f 20 60 60
f 82 102 106
f 102 88 108
f 106 108 90
f 102 108 106
f 88 103 113
f 103 84 111
f 113 111 92
f 103 111 113
f 90 114 107
f 114 92 112
f 107 112 85
f 114 112 107
f 88 113 108
f 113 92 114
f 108 114 90
f 113 114 108
f 84 105 117
f 105 89 119
f 117 119 93
f 105 119 117
f 89 104 115
f 104 1 56
f 115 56 19
f 104 56 115
f 93 121 118
f 121 19 57
f 118 57 8
f 121 57 118
f 89 115 119
f 115 19 121
f 119 121 93
f 115 121 119
f 85 122 110
f 122 94 124
f 110 124 91
f 122 124 110
f 94 123 126
f 123 8 60
f 126 60 20
f 123 60 126
f 91 116 109
f 116 20 59
f 109 59 4
f 116 59 109
f 94 126 124
f 126 20 116
f 124 116 91
f 126 116 124
f 84 117 111
f 117 93 120
f 111 120 92
f 117 120 111
f 93 118 127
f 118 8 123
f 127 123 94
f 118 123 127
f 92 125 112
f 125 94 122
f 112 122 85
f 125 122 112
f 93 127 120
f 127 94 125
f 120 125 92
f 127 125 120
f 82 106 106
f 106 90 90
f 106 90 90
f 106 90 106
f 90 107 107
f 107 85 85
f 107 85 85
f 107 85 107
f 90 107 107
f 107 85 85
f 107 85 85
f 107 85 107
f 90 107 90
f 107 85 107
f 90 107 90
f 107 107 90
f 85 110 110
f 110 91 91
f 110 91 91
f 110 91 110
f 91 109 109
f 109 4 4
f 109 4 4
f 109 4 109
f 91 109 109
f 109 4 4
f 109 4 4
f 109 4 109
f 91 109 91
f 109 4 109
f 91 109 91
f 109 109 91
f 85 110 110
f 110 91 91
f 110 91 91
f 110 91 110
f 91 109 109
f 109 4 4
f 109 4 4
f 109 4 109
f 91 109 109
f 109 4 4
f 109 4 4
f 109 4 109
f 91 109 91
f 109 4 109
f 91 109 91
f 109 109 91
f 85 110 85
f 110 91 110
f 85 110 85
f 110 110 85
f 91 109 91
f 109 4 109
f 91 109 91
f 109 109 91
f 85 110 85
f 110 91 110
f 85 110 85
f 110 110 85
f 91 91 110
f 91 91 110
f 110 110 85
f 91 110 110
f 82 106 128
f 106 90 130
f 128 130 95
f 106 130 128
f 90 107 135
f 107 85 133
f 135 133 97
f 107 133 135
f 95 136 129
f 136 97 134
f 129 134 86
f 136 134 129
f 90 135 130
f 135 97 136
f 130 136 95
f 135 136 130
f 85 110 143
f 110 91 145
f 143 145 100
f 110 145 143
f 91 109 139
f 109 4 137
f 139 137 98
f 109 137 139
f 100 147 144
f 147 98 138
f 144 138 87
f 147 138 144
f 91 139 145
f 139 98 147
f 145 147 100
f 139 147 145
f 86 148 132
f 148 101 150
f 132 150 96
f 148 150 132
f 101 149 152
f 149 87 141
f 152 141 99
f 149 141 152
f 96 142 131
f 142 99 140
f 131 140 83
f 142 140 131
f 101 152 150
f 152 99 142
f 150 142 96
f 152 142 150
f 85 143 133
f 143 100 146
f 133 146 97
f 143 146 133
f 100 144 153
f 144 87 149
f 153 149 101
f 144 149 153
f 97 151 134
f 151 101 148
f 134 148 86
f 151 148 134
f 100 153 146
f 153 101 151
f 146 151 97
f 153 151 146
f 82 128 128
f 128 95 95
f 128 95 95
f 128 95 128
f 95 129 129
f 129 86 86
f 129 86 86
f 129 86 129
f 95 129 129
f 129 86 86
f 129 86 86
f 129 86 129
f 95 129 95
f 129 86 129
f 95 129 95
f 129 129 95
f 86 132 132
f 132 96 96
f 132 96 96
f 132 96 132
f 96 131 131
f 131 83 83
f 131 83 83
f 131 83 131
f 96 131 131
f 131 83 83
f 131 83 83
f 131 83 131
f 96 131 96
f 131 83 131
f 96 131 96
f 131 131 96
f 86 132 132
f 132 96 96
f 132 96 96
f 132 96 132
f 96 131 131
f 131 83 83
f 131 83 83
f 131 83 131
f 96 131 131
f 131 83 83
f 131 83 83
f 131 83 131
f 96 131 96
f 131 83 131
f 96 131 96
f 131 131 96
f 86 132 86
f 132 96 132
f 86 132 86
f 132 132 86
f 96 131 96
f 131 83 131
f 96 131 96
f 131 131 96
f 86 132 86
f 132 96 132
f 86 132 86
f 132 132 86
f 96 96 132
f 96 96 132
f 132 132 86
f 96 132 132
f 2 174 178
f 174 160 180
f 178 180 162
f 174 180 178
f 160 175 185
f 175 156 183
f 185 183 164
f 175 183 185
f 162 186 179
f 186 164 184
f 179 184 157
f 186 184 179
f 160 185 180
f 185 164 186
f 180 186 162
f 185 186 180
f 156 177 193
f 177 161 195
f 193 195 167
f 177 195 193
f 161 176 189
f 176 154 187
f 189 187 165
f 176 187 189
f 167 197 194
f 197 165 188
f 194 188 158
f 197 188 194
f 161 189 195
f 189 165 197
f 195 197 167
f 189 197 195
f 157 198 182
f 198 168 200
f 182 200 163
f 198 200 182
f 168 199 202
f 199 158 191
f 202 191 166
f 199 191 202
f 163 192 181
f 192 166 190
f 181 190 155
f 192 190 181
f 168 202 200
f 202 166 192
f 200 192 163
f 202 192 200
f 156 193 183
f 193 167 196
f 183 196 164
f 193 196 183
f 167 194 203
f 194 158 199
f 203 199 168
f 194 199 203
f 164 201 184
f 201 168 198
f 184 198 157
f 201 198 184
f 167 203 196
f 203 168 201
f 196 201 164
f 203 201 196
f 2 178 178
f 178 162 162
f 178 162 162
f 178 162 178
f 162 179 179
f 179 157 157
f 179 157 157
f 179 157 179
f 162 179 179
f 179 157 157
f 179 157 157
f 179 157 179
f 162 179 162
f 179 157 179
f 162 179 162
f 179 179 162
f 157 182 182
f 182 163 163
f 182 163 163
f 182 163 182
f 163 181 181
f 181 155 155
f 181 155 155
f 181 155 181
f 163 181 181
f 181 155 155
f 181 155 155
f 181 155 181
f 163 181 163
f 181 155 181
f 163 181 163
f 181 181 163
f 157 182 182
f 182 163 163
f 182 163 163
f 182 163 182
f 163 181 181
f 181 155 155
f 181 155 155
f 181 155 181
f 163 181 181
f 181 155 155
f 181 155 155
f 181 155 181
f 163 181 163
f 181 155 181
f 163 181 163
f 181 181 163
f 157 182 157
f 182 163 182
f 157 182 157
f 182 182 157
f 163 181 163
f 181 155 181
f 163 181 163
f 181 181 163
f 157 182 157
f 182 163 182
f 157 182 157
f 182 182 157
f 163 163 182
f 163 163 182
f 182 182 157
f 163 182 182
f 2 178 39
f 178 162 204
f 39 204 15
f 178 204 39
f 162 179 207
f 179 157 205
f 207 205 169
f 179 205 207
f 15 208 40
f 208 169 206
f 40 206 7
f 208 206 40
f 162 207 204
f 207 169 208
f 204 208 15
f 207 208 204
f 157 182 215
f 182 163 217
f 215 217 172
f 182 217 215
f 163 181 211
f 181 155 209
f 211 209 170
f 181 209 211
f 172 219 216
f 219 170 210
f 216 210 159
f 219 210 216
f 163 211 217
f 211 170 219
f 217 219 172
f 211 219 217
f 7 220 43
f 220 173 222
f 43 222 16
f 220 222 43
f 173 221 224
f 221 159 213
f 224 213 171
f 221 213 224
f 16 214 42
f 214 171 212
f 42 212 3
f 214 212 42
f 173 224 222
f 224 171 214
f 222 214 16
f 224 214 222
f 157 215 205
f 215 172 218
f 205 218 169
f 215 218 205
f 172 216 225
f 216 159 221
f 225 221 173
f 216 221 225
f 169 223 206
f 223 173 220
f 206 220 7
f 223 220 206
f 172 225 218
f 225 173 223
f 218 223 169
f 225 223 218
f 2 39 39
f 39 15 15
f 39 15 15
f 39 15 39
f 15 40 40
f 40 7 7
f 40 7 7
f 40 7 40
f 15 40 40
f 40 7 7
f 40 7 7
f 40 7 40
f 15 40 15
f 40 7 40
f 15 40 15
f 40 40 15
f 7 43 43
f 43 16 16
f 43 16 16
f 43 16 43
f 16 42 42
f 42 3 3
f 42 3 3
f 42 3 42
f 16 42 42
f 42 3 3
f 42 3 3
f 42 3 42
f 16 42 16
f 42 3 42
f 16 42 16
f 42 42 16
f 7 43 43
f 43 16 16
f 43 16 16
f 43 16 43
f 16 42 42
f 42 3 3
f 42 3 3
f 42 3 42
f 16 42 42
f 42 3 3
f 42 3 3
f 42 3 42
f 16 42 16
f 42 3 42
f 16 42 16
f 42 42 16
f 7 43 7
f 43 16 43
f 7 43 7
f 43 43 7
f 16 42 16
f 42 3 42
f 16 42 16
f 42 42 16
f 7 43 7
f 43 16 43
f 7 43 7
f 43 43 7
f 16 16 43
f 16 16 43
f 43 43 7
f 16 43 43
f 3 212 238
f 212 171 240
f 238 240 228
f 212 240 238
f 171 213 245
f 213 159 243
f 245 243 230
f 213 243 245
f 228 246 239
f 246 230 244
f 239 244 226
f 246 244 239
f 171 245 240
f 245 230 246
f 240 246 228
f 245 246 240
f 159 210 253
f 210 170 255
f 253 255 233
f 210 255 253
f 170 209 249
f 209 155 247
f 249 247 231
f 209 247 249
f 233 257 254
f 257 231 248
f 254 248 227
f 257 248 254
f 170 249 255
f 249 231 257
f 255 257 233
f 249 257 255
f 226 258 242
f 258 234 260
f 242 260 229
f 258 260 242
f 234 259 262
f 259 227 251
f 262 251 232
f 259 251 262
f 229 252 241
f 252 232 250
f 241 250 83
f 252 250 241
f 234 262 260
f 262 232 252
f 260 252 229
f 262 252 260
f 159 253 243
f 253 233 256
f 243 256 230
f 253 256 243
f 233 254 263
f 254 227 259
f 263 259 234
f 254 259 263
f 230 261 244
f 261 234 258
f 244 258 226
f 261 258 244
f 233 263 256
f 263 234 261
f 256 261 230
f 263 261 256
f 3 238 238
f 238 228 228
f 238 228 228
f 238 228 238
f 228 239 239
f 239 226 226
f 239 226 226
f 239 226 239
f 228 239 239
f 239 226 226
f 239 226 226
f 239 226 239
f 228 239 228
f 239 226 239
f 228 239 228
f 239 239 228
f 226 242 242
f 242 229 229
f 242 229 229
f 242 229 242
f 229 241 241
f 241 83 83
f 241 83 83
f 241 83 241
f 229 241 241
f 241 83 83
f 241 83 83
f 241 83 241
f 229 241 229
f 241 83 241
f 229 241 229
f 241 241 229
f 226 242 242
f 242 229 229
f 242 229 229
f 242 229 242
f 229 241 241
f 241 83 83
f 241 83 83
f 241 83 241
f 229 241 241
f 241 83 83
f 241 83 83
f 241 83 241
f 229 241 229
f 241 83 241
f 229 241 229
f 241 241 229
f 226 242 226
f 242 229 242
f 226 242 226
f 242 242 226
f 229 241 229
f 241 83 241
f 229 241 229
f 241 241 229
f 226 242 226
f 242 229 242
f 226 242 226
f 242 242 226
f 229 229 242
f 229 229 242
f 242 242 226
f 229 242 242
f 3 238 65
f 238 228 264
f 65 264 22
f 238 264 65
f 228 239 267
f 239 226 265
f 267 265 235
f 239 265 267
f 22 268 66
f 268 235 266
f 66 266 9
f 268 266 66
f 228 267 264
f 267 235 268
f 264 268 22
f 267 268 264
f 226 242 271
f 242 229 273
f 271 273 236
f 242 273 271
f 229 241 269
f 241 83 140
f 269 140 99
f 241 140 269
f 236 275 272
f 275 99 141
f 272 141 87
f 275 141 272
f 229 269 273
f 269 99 275
f 273 275 236
f 269 275 273
f 9 276 69
f 276 237 278
f 69 278 23
f 276 278 69
f 237 277 280
f 277 87 138
f 280 138 98
f 277 138 280
f 23 270 68
f 270 98 137
f 68 137 4
f 270 137 68
f 237 280 278
f 280 98 270
f 278 270 23
f 280 270 278
f 226 271 265
f 271 236 274
f 265 274 235
f 271 274 265
f 236 272 281
f 272 87 277
f 281 277 237
f 272 277 281
f 235 279 266
f 279 237 276
f 266 276 9
f 279 276 266
f 236 281 274
f 281 237 279
f 274 279 235
f 281 279 274
f 3 65 65
f 65 22 22
f 65 22 22
f 65 22 65
f 22 66 66
f 66 9 9
f 66 9 9
f 66 9 66
f 22 66 66
f 66 9 9
f 66 9 9
f 66 9 66
f 22 66 22
f 66 9 66
f 22 66 22
f 66 66 22
f 9 69 69
f 69 23 23
f 69 23 23
f 69 23 69
f 23 68 68
f 68 4 4
f 68 4 4
f 68 4 68
f 23 68 68
f 68 4 4
f 68 4 4
f 68 4 68
f 23 68 23
f 68 4 68
f 23 68 23
f 68 68 23
f 9 69 69
f 69 23 23
f 69 23 23
f 69 23 69
f 23 68 68
f 68 4 4
f 68 4 4
f 68 4 68
f 23 68 68
f 68 4 4
f 68 4 4
f 68 4 68
f 23 68 23
f 68 4 68
f 23 68 23
f 68 68 23
f 9 69 9
f 69 23 69
f 9 69 9
f 69 69 9
f 23 68 23
f 68 4 68
f 23 68 23
f 68 68 23
f 9 69 9
f 69 23 69
f 9 69 9
f 69 69 9
f 23 23 69
f 23 23 69
f 69 69 9
f 23 69 69
f 2 28 294
f 28 11 296
f 294 296 284
f 28 296 294
f 11 29 301
f 29 5 299
f 301 299 286
f 29 299 301
f 284 302 295
f 302 286 300
f 295 300 282
f 302 300 295
f 11 301 296
f 301 286 302
f 296 302 284
f 301 302 296
f 5 27 305
f 27 10 307
f 305 307 287
f 27 307 305
f 10 26 303
f 26 1 104
f 303 104 89
f 26 104 303
f 287 309 306
f 309 89 105
f 306 105 84
f 309 105 306
f 10 303 307
f 303 89 309
f 307 309 287
f 303 309 307
f 282 310 298
f 310 288 312
f 298 312 285
f 310 312 298
f 288 311 314
f 311 84 103
f 314 103 88
f 311 103 314
f 285 304 297
f 304 88 102
f 297 102 82
f 304 102 297
f 288 314 312
f 314 88 304
f 312 304 285
f 314 304 312
f 5 305 299
f 305 287 308
f 299 308 286
f 305 308 299
f 287 306 315
f 306 84 311
f 315 311 288
f 306 311 315
f 286 313 300
f 313 288 310
f 300 310 282
f 313 310 300
f 287 315 308
f 315 288 313
f 308 313 286
f 315 313 308
f 2 294 294
f 294 284 284
f 294 284 284
f 294 284 294
f 284 295 295
f 295 282 282
f 295 282 282
f 295 282 295
f 284 295 295
f 295 282 282
f 295 282 282
f 295 282 295
f 284 295 284
f 295 282 295
f 284 295 284
f 295 295 284
f 282 298 298
f 298 285 285
f 298 285 285
f 298 285 298
f 285 297 297
f 297 82 82
f 297 82 82
f 297 82 297
f 285 297 297
f 297 82 82
f 297 82 82
f 297 82 297
f 285 297 285
f 297 82 297
f 285 297 285
f 297 297 285
f 282 298 298
f 298 285 285
f 298 285 285
f 298 285 298
f 285 297 297
f 297 82 82
f 297 82 82
f 297 82 297
f 285 297 297
f 297 82 82
f 297 82 82
f 297 82 297
f 285 297 285
f 297 82 297
f 285 297 285
f 297 297 285
f 282 298 282
f 298 285 298
f 282 298 282
f 298 298 282
f 285 297 285
f 297 82 297
f 285 297 285
f 297 297 285
f 282 298 282
f 298 285 298
f 282 298 282
f 298 298 282
f 285 285 298
f 285 285 298
f 298 298 282
f 285 298 298
f 2 294 174
f 294 284 316
f 174 316 160
f 294 316 174
f 284 295 319
f 295 282 317
f 319 317 289
f 295 317 319
f 160 320 175
f 320 289 318
f 175 318 156
f 320 318 175
f 284 319 316
f 319 289 320
f 316 320 160
f 319 320 316
f 282 298 327
f 298 285 329
f 327 329 292
f 298 329 327
f 285 297 323
f 297 82 321
f 323 321 290
f 297 321 323
f 292 331 328
f 331 290 322
f 328 322 283
f 331 322 328
f 285 323 329
f 323 290 331
f 329 331 292
f 323 331 329
f 156 332 177
f 332 293 334
f 177 334 161
f 332 334 177
f 293 333 336
f 333 283 325
f 336 325 291
f 333 325 336
f 161 326 176
f 326 291 324
f 176 324 154
f 326 324 176
f 293 336 334
f 336 291 326
f 334 326 161
f 336 326 334
f 282 327 317
f 327 292 330
f 317 330 289
f 327 330 317
f 292 328 337
f 328 283 333
f 337 333 293
f 328 333 337
f 289 335 318
f 335 293 332
f 318 332 156
f 335 332 318
f 292 337 330
f 337 293 335
f 330 335 289
f 337 335 330
f 2 174 174
f 174 160 160
f 174 160 160
f 174 160 174
f 160 175 175
f 175 156 156
f 175 156 156
f 175 156 175
f 160 175 175
f 175 156 156
f 175 156 156
f 175 156 175
f 160 175 160
f 175 156 175
f 160 175 160
f 175 175 160
f 156 177 177
f 177 161 161
f 177 161 161
f 177 161 177
f 161 176 176
f 176 154 154
f 176 154 154
f 176 154 176
f 161 176 176
f 176 154 154
f 176 154 154
f 176 154 176
f 161 176 161
f 176 154 176
f 161 176 161
f 176 176 161
f 156 177 177
f 177 161 161
f 177 161 161
f 177 161 177
f 161 176 176
f 176 154 154
f 176 154 154
f 176 154 176
f 161 176 176
f 176 154 154
f 176 154 154
f 176 154 176
f 161 176 161
f 176 154 176
f 161 176 161
f 176 176 161
f 156 177 156
f 177 161 177
f 156 177 156
f 177 177 156
f 161 176 161
f 176 154 176
f 161 176 161
f 176 176 161
f 156 177 156
f 177 161 177
f 156 177 156
f 177 177 156
f 161 161 177
f 161 161 177
f 177 177 156
f 161 177 177
f 338 433 437
f 433 368 439
f 437 439 370
f 433 439 437
f 368 434 444
f 434 349 442
f 444 442 372
f 434 442 444
f 370 445 438
f 445 372 443
f 438 443 350
f 445 443 438
f 368 444 439
f 444 372 445
f 439 445 370
f 444 445 439
f 349 436 452
f 436 369 454
f 452 454 375
f 436 454 452
f 369 435 448
f 435 339 446
f 448 446 373
f 435 446 448
f 375 456 453
f 456 373 447
f 453 447 351
f 456 447 453
f 369 448 454
f 448 373 456
f 454 456 375
f 448 456 454
f 350 457 441
f 457 376 459
f 441 459 371
f 457 459 441
f 376 458 461
f 458 351 450
f 461 450 374
f 458 450 461
f 371 451 440
f 451 374 449
f 440 449 340
f 451 449 440
f 376 461 459
f 461 374 451
f 459 451 371
f 461 451 459
f 349 452 442
f 452 375 455
f 442 455 372
f 452 455 442
f 375 453 462
f 453 351 458
f 462 458 376
f 453 458 462
f 372 460 443
f 460 376 457
f 443 457 350
f 460 457 443
f 375 462 455
f 462 376 460
f 455 460 372
f 462 460 455
f 338 437 437
f 437 370 370
f 437 370 370
f 437 370 437
f 370 438 438
f 438 350 350
f 438 350 350
f 438 350 438
f 370 438 438
f 438 350 350
f 438 350 350
f 438 350 438
f 370 438 370
f 438 350 438
f 370 438 370
f 438 438 370
f 350 441 441
f 441 371 371
f 441 371 371
f 441 371 441
f 371 440 440
f 440 340 340
f 440 340 340
f 440 340 440
f 371 440 440
f 440 340 340
f 440 340 340
f 440 340 440
f 371 440 371
f 440 340 440
f 371 440 371
f 440 440 371
f 350 441 441
f 441 371 371
f 441 371 371
f 441 371 441
f 371 440 440
f 440 340 340
f 440 340 340
f 440 340 440
f 371 440 440
f 440 340 340
f 440 340 340
f 440 340 440
f 371 440 371
f 440 340 440
f 371 440 371
f 440 440 371
f 350 441 350
f 441 371 441
f 350 441 350
f 441 441 350
f 371 440 371
f 440 340 440
f 371 440 371
f 440 440 371
f 350 441 350
f 441 371 441
f 350 441 350
f 441 441 350
f 371 371 441
f 371 371 441
f 441 441 350
f 371 441 441
f 341 489 502
f 489 384 505
f 502 505 389
f 489 505 502
f 384 490 516
f 490 354 514
f 516 514 392
f 490 514 516
f 389 517 503
f 517 392 515
f 503 515 356
f 517 515 503
f 384 516 505
f 516 392 517
f 505 517 389
f 516 517 505
f 354 492 530
f 492 385 532
f 530 532 396
f 492 532 530
f 385 491 526
f 491 342 524
f 526 524 394
f 491 524 526
f 396 534 531
f 534 394 525
f 531 525 357
f 534 525 531
f 385 526 532
f 526 394 534
f 532 534 396
f 526 534 532
f 356 535 507
f 535 397 537
f 507 537 390
f 535 537 507
f 397 536 539
f 536 357 528
f 539 528 395
f 536 528 539
f 390 529 506
f 529 395 527
f 506 527 343
f 529 527 506
f 397 539 537
f 539 395 529
f 537 529 390
f 539 529 537
f 354 530 514
f 530 396 533
f 514 533 392
f 530 533 514
f 396 531 540
f 531 357 536
f 540 536 397
f 531 536 540
f 392 538 515
f 538 397 535
f 515 535 356
f 538 535 515
f 396 540 533
f 540 397 538
f 533 538 392
f 540 538 533
f 341 502 502
f 502 389 389
f 502 389 389
f 502 389 502
f 389 503 503
f 503 356 356
f 503 356 356
f 503 356 503
f 389 503 503
f 503 356 356
f 503 356 356
f 503 356 503
f 389 503 389
f 503 356 503
f 389 503 389
f 503 503 389
f 356 507 507
f 507 390 390
f 507 390 390
f 507 390 507
f 390 506 506
f 506 343 343
f 506 343 343
f 506 343 506
f 390 506 506
f 506 343 343
f 506 343 343
f 506 343 506
f 390 506 390
f 506 343 506
f 390 506 390
f 506 506 390
f 356 507 507
f 507 390 390
f 507 390 390
f 507 390 507
f 390 506 506
f 506 343 343
f 506 343 343
f 506 343 506
f 390 506 506
f 506 343 343
f 506 343 343
f 506 343 506
f 390 506 390
f 506 343 506
f 390 506 390
f 506 506 390
f 356 507 356
f 507 390 507
f 356 507 356
f 507 507 356
f 390 506 390
f 506 343 506
f 390 506 390
f 506 506 390
f 356 507 356
f 507 390 507
f 356 507 356
f 507 507 356
f 390 390 507
f 390 390 507
f 507 507 356
f 390 507 507
f 340 472 440
f 472 380 474
f 440 474 371
f 472 474 440
f 380 473 482
f 473 353 479
f 482 479 382
f 473 479 482
f 371 480 441
f 480 382 478
f 441 478 350
f 480 478 441
f 380 482 474
f 482 382 480
f 474 480 371
f 482 480 474
f 353 476 484
f 476 381 487
f 484 487 383
f 476 487 484
f 381 475 477
f 475 341 466
f 477 466 378
f 475 466 477
f 383 485 483
f 485 378 467
f 483 467 352
f 485 467 483
f 381 477 487
f 477 378 485
f 487 485 383
f 477 485 487
f 350 468 438
f 468 379 470
f 438 470 370
f 468 470 438
f 379 469 471
f 469 352 464
f 471 464 377
f 469 464 471
f 370 465 437
f 465 377 463
f 437 463 338
f 465 463 437
f 379 471 470
f 471 377 465
f 470 465 370
f 471 465 470
f 353 484 479
f 484 383 488
f 479 488 382
f 484 488 479
f 383 483 486
f 483 352 469
f 486 469 379
f 483 469 486
f 382 481 478
f 481 379 468
f 478 468 350
f 481 468 478
f 383 486 488
f 486 379 481
f 488 481 382
f 486 481 488
f 340 440 440
f 440 371 371
f 440 371 371
f 440 371 440
f 371 441 441
f 441 350 350
f 441 350 350
f 441 350 441
f 371 441 441
f 441 350 350
f 441 350 350
f 441 350 441
f 371 441 371
f 441 350 441
f 371 441 371
f 441 441 371
f 350 438 438
f 438 370 370
f 438 370 370
f 438 370 438
f 370 437 437
f 437 338 338
f 437 338 338
f 437 338 437
f 370 437 437
f 437 338 338
f 437 338 338
f 437 338 437
f 370 437 370
f 437 338 437
f 370 437 370
f 437 437 370
f 350 438 438
f 438 370 370
f 438 370 370
f 438 370 438
f 370 437 437
f 437 338 338
f 437 338 338
f 437 338 437
f 370 437 437
f 437 338 338
f 437 338 338
f 437 338 437
f 370 437 370
f 437 338 437
f 370 437 370
f 437 437 370
f 350 438 350
f 438 370 438
f 350 438 350
f 438 438 350
f 370 437 370
f 437 338 437
f 370 437 370
f 437 437 370
f 350 438 350
f 438 370 438
f 350 438 350
f 438 438 350
f 370 370 438
f 370 370 438
f 438 438 350
f 370 438 438
f 343 496 506
f 496 387 508
f 506 508 390
f 496 508 506
f 387 497 520
f 497 355 518
f 520 518 393
f 497 518 520
f 390 522 507
f 522 393 519
f 507 519 356
f 522 519 507
f 387 520 508
f 520 393 522
f 508 522 390
f 520 522 508
f 355 494 499
f 494 386 501
f 499 501 388
f 494 501 499
f 386 493 495
f 493 338 463
f 495 463 377
f 493 463 495
f 388 500 498
f 500 377 464
f 498 464 352
f 500 464 498
f 386 495 501
f 495 377 500
f 501 500 388
f 495 500 501
f 356 510 503
f 510 391 513
f 503 513 389
f 510 513 503
f 391 509 511
f 509 352 467
f 511 467 378
f 509 467 511
f 389 504 502
f 504 378 466
f 502 466 341
f 504 466 502
f 391 511 513
f 511 378 504
f 513 504 389
f 511 504 513
f 355 499 518
f 499 388 521
f 518 521 393
f 499 521 518
f 388 498 512
f 498 352 509
f 512 509 391
f 498 509 512
f 393 523 519
f 523 391 510
f 519 510 356
f 523 510 519
f 388 512 521
f 512 391 523
f 521 523 393
f 512 523 521
f 343 506 506
f 506 390 390
f 506 390 390
f 506 390 506
f 390 507 507
f 507 356 356
f 507 356 356
f 507 356 507
f 390 507 507
f 507 356 356
f 507 356 356
f 507 356 507
f 390 507 390
f 507 356 507
f 390 507 390
f 507 507 390
f 356 503 503
f 503 389 389
f 503 389 389
f 503 389 503
f 389 502 502
f 502 341 341
f 502 341 341
f 502 341 502
f 389 502 502
f 502 341 341
f 502 341 341
f 502 341 502
f 389 502 389
f 502 341 502
f 389 502 389
f 502 502 389
f 356 503 503
f 503 389 389
f 503 389 389
f 503 389 503
f 389 502 502
f 502 341 341
f 502 341 341
f 502 341 502
f 389 502 502
f 502 341 341
f 502 341 341
f 502 341 502
f 389 502 389
f 502 341 502
f 389 502 389
f 502 502 389
f 356 503 356
f 503 389 503
f 356 503 356
f 503 503 356
f 389 502 389
f 502 341 502
f 389 502 389
f 502 502 389
f 356 503 356
f 503 389 503
f 356 503 356
f 503 503 356
f 389 389 503
f 389 389 503
f 503 503 356
f 389 503 503
f 342 541 524
f 541 398 543
f 524 543 394
f 541 543 524
f 398 542 549
f 542 358 547
f 549 547 400
f 542 547 549
f 394 548 525
f 548 400 546
f 525 546 357
f 548 546 525
f 398 549 543
f 549 400 548
f 543 548 394
f 549 548 543
f 358 545 561
f 545 399 563
f 561 563 404
f 545 563 561
f 399 544 555
f 544 344 553
f 555 553 402
f 544 553 555
f 404 565 562
f 565 402 554
f 562 554 359
f 565 554 562
f 399 555 563
f 555 402 565
f 563 565 404
f 555 565 563
f 357 556 528
f 556 403 558
f 528 558 395
f 556 558 528
f 403 557 560
f 557 359 551
f 560 551 401
f 557 551 560
f 395 552 527
f 552 401 550
f 527 550 343
f 552 550 527
f 403 560 558
f 560 401 552
f 558 552 395
f 560 552 558
f 358 561 547
f 561 404 564
f 547 564 400
f 561 564 547
f 404 562 566
f 562 359 557
f 566 557 403
f 562 557 566
f 400 559 546
f 559 403 556
f 546 556 357
f 559 556 546
f 404 566 564
f 566 403 559
f 564 559 400
f 566 559 564
f 342 524 524
f 524 394 394
f 524 394 394
f 524 394 524
f 394 525 525
f 525 357 357
f 525 357 357
f 525 357 525
f 394 525 525
f 525 357 357
f 525 357 357
f 525 357 525
f 394 525 394
f 525 357 525
f 394 525 394
f 525 525 394
f 357 528 528
f 528 395 395
f 528 395 395
f 528 395 528
f 395 527 527
f 527 343 343
f 527 343 343
f 527 343 527
f 395 527 527
f 527 343 343
f 527 343 343
f 527 343 527
f 395 527 395
f 527 343 527
f 395 527 395
f 527 527 395
f 357 528 528
f 528 395 395
f 528 395 395
f 528 395 528
f 395 527 527
f 527 343 343
f 527 343 343
f 527 343 527
f 395 527 527
f 527 343 343
f 527 343 343
f 527 343 527
f 395 527 395
f 527 343 527
f 395 527 395
f 527 527 395
f 357 528 357
f 528 395 528
f 357 528 357
f 528 528 357
f 395 527 395
f 527 343 527
f 395 527 395
f 527 527 395
f 357 528 357
f 528 395 528
f 357 528 357
f 528 528 357
f 395 395 528
f 395 395 528
f 528 528 357
f 395 528 528
f 345 570 579
f 570 406 581
f 579 581 409
f 570 581 579
f 406 571 589
f 571 360 587
f 589 587 411
f 571 587 589
f 409 591 580
f 591 411 588
f 580 588 361
f 591 588 580
f 406 589 581
f 589 411 591
f 581 591 409
f 589 591 581
f 360 568 573
f 568 405 575
f 573 575 407
f 568 575 573
f 405 567 569
f 567 343 550
f 569 550 401
f 567 550 569
f 407 574 572
f 574 401 551
f 572 551 359
f 574 551 572
f 405 569 575
f 569 401 574
f 575 574 407
f 569 574 575
f 361 583 577
f 583 410 586
f 577 586 408
f 583 586 577
f 410 582 584
f 582 359 554
f 584 554 402
f 582 554 584
f 408 578 576
f 578 402 553
f 576 553 344
f 578 553 576
f 410 584 586
f 584 402 578
f 586 578 408
f 584 578 586
f 360 573 587
f 573 407 590
f 587 590 411
f 573 590 587
f 407 572 585
f 572 359 582
f 585 582 410
f 572 582 585
f 411 592 588
f 592 410 583
f 588 583 361
f 592 583 588
f 407 585 590
f 585 410 592
f 590 592 411
f 585 592 590
f 345 579 579
f 579 409 409
f 579 409 409
f 579 409 579
f 409 580 580
f 580 361 361
f 580 361 361
f 580 361 580
f 409 580 580
f 580 361 361
f 580 361 361
f 580 361 580
f 409 580 409
f 580 361 580
f 409 580 409
f 580 580 409
f 361 577 577
f 577 408 408
f 577 408 408
f 577 408 577
f 408 576 576
f 576 344 344
f 576 344 344
f 576 344 576
f 408 576 576
f 576 344 344
f 576 344 344
f 576 344 576
f 408 576 408
f 576 344 576
f 408 576 408
f 576 576 408
f 361 577 577
f 577 408 408
f 577 408 408
f 577 408 577
f 408 576 576
f 576 344 344
f 576 344 344
f 576 344 576
f 408 576 576
f 576 344 344
f 576 344 344
f 576 344 576
f 408 576 408
f 576 344 576
f 408 576 408
f 576 576 408
f 361 577 361
f 577 408 577
f 361 577 361
f 577 577 361
f 408 576 408
f 576 344 576
f 408 576 408
f 576 576 408
f 361 577 361
f 577 408 577
f 361 577 361
f 577 577 361
f 408 408 577
f 408 408 577
f 577 577 361
f 408 577 577
f 346 605 596
f 605 416 607
f 596 607 413
f 605 607 596
f 416 606 617
f 606 363 614
f 617 614 418
f 606 614 617
f 413 615 597
f 615 418 613
f 597 613 362
f 615 613 597
f 416 617 607
f 617 418 615
f 607 615 413
f 617 615 607
f 363 603 609
f 603 415 612
f 609 612 417
f 603 612 609
f 415 602 604
f 602 344 544
f 604 544 399
f 602 544 604
f 417 610 608
f 610 399 545
f 608 545 358
f 610 545 608
f 415 604 612
f 604 399 610
f 612 610 417
f 604 610 612
f 362 599 594
f 599 414 601
f 594 601 412
f 599 601 594
f 414 598 600
f 598 358 542
f 600 542 398
f 598 542 600
f 412 595 593
f 595 398 541
f 593 541 342
f 595 541 593
f 414 600 601
f 600 398 595
f 601 595 412
f 600 595 601
f 363 609 614
f 609 417 618
f 614 618 418
f 609 618 614
f 417 608 611
f 608 358 598
f 611 598 414
f 608 598 611
f 418 616 613
f 616 414 599
f 613 599 362
f 616 599 613
f 417 611 618
f 611 414 616
f 618 616 418
f 611 616 618
f 346 596 596
f 596 413 413
f 596 413 413
f 596 413 596
f 413 597 597
f 597 362 362
f 597 362 362
f 597 362 597
f 413 597 597
f 597 362 362
f 597 362 362
f 597 362 597
f 413 597 413
f 597 362 597
f 413 597 413
f 597 597 413
f 362 594 594
f 594 412 412
f 594 412 412
f 594 412 594
f 412 593 593
f 593 342 342
f 593 342 342
f 593 342 593
f 412 593 593
f 593 342 342
f 593 342 342
f 593 342 593
f 412 593 412
f 593 342 593
f 412 593 412
f 593 593 412
f 362 594 594
f 594 412 412
f 594 412 412
f 594 412 594
f 412 593 593
f 593 342 342
f 593 342 342
f 593 342 593
f 412 593 593
f 593 342 342
f 593 342 342
f 593 342 593
f 412 593 412
f 593 342 593
f 412 593 412
f 593 593 412
f 362 594 362
f 594 412 594
f 362 594 362
f 594 594 362
f 412 593 412
f 593 342 593
f 412 593 412
f 593 593 412
f 362 594 362
f 594 412 594
f 362 594 362
f 594 594 362
f 412 412 594
f 412 412 594
f 594 594 362
f 412 594 594
f 345 619 632
f 619 419 635
f 632 635 424
f 619 635 632
f 419 620 646
f 620 364 644
f 646 644 427
f 620 644 646
f 424 647 633
f 647 427 645
f 633 645 366
f 647 645 633
f 419 646 635
f 646 427 647
f 635 647 424
f 646 647 635
f 364 622 660
f 622 420 662
f 660 662 431
f 622 662 660
f 420 621 656
f 621 347 654
f 656 654 429
f 621 654 656
f 431 664 661
f 664 429 655
f 661 655 367
f 664 655 661
f 420 656 662
f 656 429 664
f 662 664 431
f 656 664 662
f 366 665 637
f 665 432 667
f 637 667 425
f 665 667 637
f 432 666 669
f 666 367 658
f 669 658 430
f 666 658 669
f 425 659 636
f 659 430 657
f 636 657 348
f 659 657 636
f 432 669 667
f 669 430 659
f 667 659 425
f 669 659 667
f 364 660 644
f 660 431 663
f 644 663 427
f 660 663 644
f 431 661 670
f 661 367 666
f 670 666 432
f 661 666 670
f 427 668 645
f 668 432 665
f 645 665 366
f 668 665 645
f 431 670 663
f 670 432 668
f 663 668 427
f 670 668 663
f 345 632 632
f 632 424 424
f 632 424 424
f 632 424 632
f 424 633 633
f 633 366 366
f 633 366 366
f 633 366 633
f 424 633 633
f 633 366 366
f 633 366 366
f 633 366 633
f 424 633 424
f 633 366 633
f 424 633 424
f 633 633 424
f 366 637 637
f 637 425 425
f 637 425 425
f 637 425 637
f 425 636 636
f 636 348 348
f 636 348 348
f 636 348 636
f 425 636 636
f 636 348 348
f 636 348 348
f 636 348 636
f 425 636 425
f 636 348 636
f 425 636 425
f 636 636 425
f 366 637 637
f 637 425 425
f 637 425 425
f 637 425 637
f 425 636 636
f 636 348 348
f 636 348 348
f 636 348 636
f 425 636 636
f 636 348 348
f 636 348 348
f 636 348 636
f 425 636 425
f 636 348 636
f 425 636 425
f 636 636 425
f 366 637 366
f 637 425 637
f 366 637 366
f 637 637 366
f 425 636 425
f 636 348 636
f 425 636 425
f 636 636 425
f 366 637 366
f 637 425 637
f 366 637 366
f 637 637 366
f 425 425 637
f 425 425 637
f 637 637 366
f 425 637 637
f 348 626 636
f 626 422 638
f 636 638 425
f 626 638 636
f 422 627 650
f 627 365 648
f 650 648 428
f 627 648 650
f 425 652 637
f 652 428 649
f 637 649 366
f 652 649 637
f 422 650 638
f 650 428 652
f 638 652 425
f 650 652 638
f 365 624 629
f 624 421 631
f 629 631 423
f 624 631 629
f 421 623 625
f 623 343 567
f 625 567 405
f 623 567 625
f 423 630 628
f 630 405 568
f 628 568 360
f 630 568 628
f 421 625 631
f 625 405 630
f 631 630 423
f 625 630 631
f 366 640 633
f 640 426 643
f 633 643 424
f 640 643 633
f 426 639 641
f 639 360 571
f 641 571 406
f 639 571 641
f 424 634 632
f 634 406 570
f 632 570 345
f 634 570 632
f 426 641 643
f 641 406 634
f 643 634 424
f 641 634 643
f 365 629 648
f 629 423 651
f 648 651 428
f 629 651 648
f 423 628 642
f 628 360 639
f 642 639 426
f 628 639 642
f 428 653 649
f 653 426 640
f 649 640 366
f 653 640 649
f 423 642 651
f 642 426 653
f 651 653 428
f 642 653 651
f 348 636 636
f 636 425 425
f 636 425 425
f 636 425 636
f 425 637 637
f 637 366 366
f 637 366 366
f 637 366 637
f 425 637 637
f 637 366 366
f 637 366 366
f 637 366 637
f 425 637 425
f 637 366 637
f 425 637 425
f 637 637 425
f 366 633 633
f 633 424 424
f 633 424 424
f 633 424 633
f 424 632 632
f 632 345 345
f 632 345 345
f 632 345 632
f 424 632 632
f 632 345 345
f 632 345 345
f 632 345 632
f 424 632 424
f 632 345 632
f 424 632 424
f 632 632 424
f 366 633 633
f 633 424 424
f 633 424 424
f 633 424 633
f 424 632 632
f 632 345 345
f 632 345 345
f 632 345 632
f 424 632 632
f 632 345 345
f 632 345 345
f 632 345 632
f 424 632 424
f 632 345 632
f 424 632 424
f 632 632 424
f 366 633 366
f 633 424 633
f 366 633 366
f 633 633 366
f 424 632 424
f 632 345 632
f 424 632 424
f 632 632 424
f 366 633 366
f 633 424 633
f 366 633 366
f 633 633 366
f 424 424 633
f 424 424 633
f 633 633 366
f 424 633 633
f 671 1096 1100
f 1096 797 1102
f 1100 1102 799
f 1096 1102 1100
f 797 1097 1107
f 1097 712 1105
f 1107 1105 801
f 1097 1105 1107
f 799 1108 1101
f 1108 801 1106
f 1101 1106 713
f 1108 1106 1101
f 797 1107 1102
f 1107 801 1108
f 1102 1108 799
f 1107 1108 1102
f 712 1099 1115
f 1099 798 1117
f 1115 1117 804
f 1099 1117 1115
f 798 1098 1111
f 1098 672 1109
f 1111 1109 802
f 1098 1109 1111
f 804 1119 1116
f 1119 802 1110
f 1116 1110 714
f 1119 1110 1116
f 798 1111 1117
f 1111 802 1119
f 1117 1119 804
f 1111 1119 1117
f 713 1120 1104
f 1120 805 1122
f 1104 1122 800
f 1120 1122 1104
f 805 1121 1124
f 1121 714 1113
f 1124 1113 803
f 1121 1113 1124
f 800 1114 1103
f 1114 803 1112
f 1103 1112 673
f 1114 1112 1103
f 805 1124 1122
f 1124 803 1114
f 1122 1114 800
f 1124 1114 1122
f 712 1115 1105
f 1115 804 1118
f 1105 1118 801
f 1115 1118 1105
f 804 1116 1125
f 1116 714 1121
f 1125 1121 805
f 1116 1121 1125
f 801 1123 1106
f 1123 805 1120
f 1106 1120 713
f 1123 1120 1106
f 804 1125 1118
f 1125 805 1123
f 1118 1123 801
f 1125 1123 1118
f 671 1100 1100
f 1100 799 799
f 1100 799 799
f 1100 799 1100
f 799 1101 1101
f 1101 713 713
f 1101 713 713
f 1101 713 1101
f 799 1101 1101
f 1101 713 713
f 1101 713 713
f 1101 713 1101
f 799 1101 799
f 1101 713 1101
f 799 1101 799
f 1101 1101 799
f 713 1104 1104
f 1104 800 800
f 1104 800 800
f 1104 800 1104
f 800 1103 1103
f 1103 673 673
f 1103 673 673
f 1103 673 1103
f 800 1103 1103
f 1103 673 673
f 1103 673 673
f 1103 673 1103
f 800 1103 800
f 1103 673 1103
f 800 1103 800
f 1103 1103 800
f 713 1104 1104
f 1104 800 800
f 1104 800 800
f 1104 800 1104
f 800 1103 1103
f 1103 673 673
f 1103 673 673
f 1103 673 1103
f 800 1103 1103
f 1103 673 673
f 1103 673 673
f 1103 673 1103
f 800 1103 800
f 1103 673 1103
f 800 1103 800
f 1103 1103 800
f 713 1104 713
f 1104 800 1104
f 713 1104 713
f 1104 1104 713
f 800 1103 800
f 1103 673 1103
f 800 1103 800
f 1103 1103 800
f 713 1104 713
f 1104 800 1104
f 713 1104 713
f 1104 1104 713
f 800 800 1104
f 800 800 1104
f 1104 1104 713
f 800 1104 1104
f 674 1130 1134
f 1130 808 1136
f 1134 1136 810
f 1130 1136 1134
f 808 1131 1141
f 1131 716 1139
f 1141 1139 812
f 1131 1139 1141
f 810 1142 1135
f 1142 812 1140
f 1135 1140 717
f 1142 1140 1135
f 808 1141 1136
f 1141 812 1142
f 1136 1142 810
f 1141 1142 1136
f 716 1133 1149
f 1133 809 1151
f 1149 1151 815
f 1133 1151 1149
f 809 1132 1145
f 1132 675 1143
f 1145 1143 813
f 1132 1143 1145
f 815 1153 1150
f 1153 813 1144
f 1150 1144 718
f 1153 1144 1150
f 809 1145 1151
f 1145 813 1153
f 1151 1153 815
f 1145 1153 1151
f 717 1154 1138
f 1154 816 1156
f 1138 1156 811
f 1154 1156 1138
f 816 1155 1158
f 1155 718 1147
f 1158 1147 814
f 1155 1147 1158
f 811 1148 1137
f 1148 814 1146
f 1137 1146 676
f 1148 1146 1137
f 816 1158 1156
f 1158 814 1148
f 1156 1148 811
f 1158 1148 1156
f 716 1149 1139
f 1149 815 1152
f 1139 1152 812
f 1149 1152 1139
f 815 1150 1159
f 1150 718 1155
f 1159 1155 816
f 1150 1155 1159
f 812 1157 1140
f 1157 816 1154
f 1140 1154 717
f 1157 1154 1140
f 815 1159 1152
f 1159 816 1157
f 1152 1157 812
f 1159 1157 1152
f 674 1134 1134
f 1134 810 810
f 1134 810 810
f 1134 810 1134
f 810 1135 1135
f 1135 717 717
f 1135 717 717
f 1135 717 1135
f 810 1135 1135
f 1135 717 717
f 1135 717 717
f 1135 717 1135
f 810 1135 810
f 1135 717 1135
f 810 1135 810
f 1135 1135 810
f 717 1138 1138
f 1138 811 811
f 1138 811 811
f 1138 811 1138
f 811 1137 1137
f 1137 676 676
f 1137 676 676
f 1137 676 1137
f 811 1137 1137
f 1137 676 676
f 1137 676 676
f 1137 676 1137
f 811 1137 811
f 1137 676 1137
f 811 1137 811
f 1137 1137 811
f 717 1138 1138
f 1138 811 811
f 1138 811 811
f 1138 811 1138
f 811 1137 1137
f 1137 676 676
f 1137 676 676
f 1137 676 1137
f 811 1137 1137
f 1137 676 676
f 1137 676 676
f 1137 676 1137
f 811 1137 811
f 1137 676 1137
f 811 1137 811
f 1137 1137 811
f 717 1138 717
f 1138 811 1138
f 717 1138 717
f 1138 1138 717
f 811 1137 811
f 1137 676 1137
f 811 1137 811
f 1137 1137 811
f 717 1138 717
f 1138 811 1138
f 717 1138 717
f 1138 1138 717
f 811 811 1138
f 811 811 1138
f 1138 1138 717
f 811 1138 1138
f 675 1128 1191
f 1128 807 1193
f 1191 1193 825
f 1128 1193 1191
f 807 1129 1200
f 1129 715 1198
f 1200 1198 827
f 1129 1198 1200
f 825 1202 1192
f 1202 827 1199
f 1192 1199 721
f 1202 1199 1192
f 807 1200 1193
f 1200 827 1202
f 1193 1202 825
f 1200 1202 1193
f 715 1127 1170
f 1127 806 1172
f 1170 1172 820
f 1127 1172 1170
f 806 1126 1163
f 1126 671 1160
f 1163 1160 817
f 1126 1160 1163
f 820 1173 1171
f 1173 817 1161
f 1171 1161 719
f 1173 1161 1171
f 806 1163 1172
f 1163 817 1173
f 1172 1173 820
f 1163 1173 1172
f 721 1208 1196
f 1208 829 1211
f 1196 1211 826
f 1208 1211 1196
f 829 1207 1209
f 1207 719 1165
f 1209 1165 818
f 1207 1165 1209
f 826 1197 1195
f 1197 818 1164
f 1195 1164 342
f 1197 1164 1195
f 829 1209 1211
f 1209 818 1197
f 1211 1197 826
f 1209 1197 1211
f 715 1170 1198
f 1170 820 1201
f 1198 1201 827
f 1170 1201 1198
f 820 1171 1210
f 1171 719 1207
f 1210 1207 829
f 1171 1207 1210
f 827 1212 1199
f 1212 829 1208
f 1199 1208 721
f 1212 1208 1199
f 820 1210 1201
f 1210 829 1212
f 1201 1212 827
f 1210 1212 1201
f 675 1191 1191
f 1191 825 825
f 1191 825 825
f 1191 825 1191
f 825 1192 1192
f 1192 721 721
f 1192 721 721
f 1192 721 1192
f 825 1192 1192
f 1192 721 721
f 1192 721 721
f 1192 721 1192
f 825 1192 825
f 1192 721 1192
f 825 1192 825
f 1192 1192 825
f 721 1196 1196
f 1196 826 826
f 1196 826 826
f 1196 826 1196
f 826 1195 1195
f 1195 342 342
f 1195 342 342
f 1195 342 1195
f 826 1195 1195
f 1195 342 342
f 1195 342 342
f 1195 342 1195
f 826 1195 826
f 1195 342 1195
f 826 1195 826
f 1195 1195 826
f 721 1196 1196
f 1196 826 826
f 1196 826 826
f 1196 826 1196
f 826 1195 1195
f 1195 342 342
f 1195 342 342
f 1195 342 1195
f 826 1195 1195
f 1195 342 342
f 1195 342 342
f 1195 342 1195
f 826 1195 826
f 1195 342 1195
f 826 1195 826
f 1195 1195 826
f 721 1196 721
f 1196 826 1196
f 721 1196 721
f 1196 1196 721
f 826 1195 826
f 1195 342 1195
f 826 1195 826
f 1195 1195 826
f 721 1196 721
f 1196 826 1196
f 721 1196 721
f 1196 1196 721
f 826 826 1196
f 826 826 1196
f 1196 1196 721
f 826 1196 1196
f 342 1216 1195
f 1216 831 1218
f 1195 1218 826
f 1216 1218 1195
f 831 1217 1228
f 1217 722 1225
f 1228 1225 833
f 1217 1225 1228
f 826 1226 1196
f 1226 833 1224
f 1196 1224 721
f 1226 1224 1196
f 831 1228 1218
f 1228 833 1226
f 1218 1226 826
f 1228 1226 1218
f 722 1214 1220
f 1214 830 1223
f 1220 1223 832
f 1214 1223 1220
f 830 1213 1215
f 1213 676 1146
f 1215 1146 814
f 1213 1146 1215
f 832 1221 1219
f 1221 814 1147
f 1219 1147 718
f 1221 1147 1219
f 830 1215 1223
f 1215 814 1221
f 1223 1221 832
f 1215 1221 1223
f 721 1204 1192
f 1204 828 1206
f 1192 1206 825
f 1204 1206 1192
f 828 1203 1205
f 1203 718 1144
f 1205 1144 813
f 1203 1144 1205
f 825 1194 1191
f 1194 813 1143
f 1191 1143 675
f 1194 1143 1191
f 828 1205 1206
f 1205 813 1194
f 1206 1194 825
f 1205 1194 1206
f 722 1220 1225
f 1220 832 1229
f 1225 1229 833
f 1220 1229 1225
f 832 1219 1222
f 1219 718 1203
f 1222 1203 828
f 1219 1203 1222
f 833 1227 1224
f 1227 828 1204
f 1224 1204 721
f 1227 1204 1224
f 832 1222 1229
f 1222 828 1227
f 1229 1227 833
f 1222 1227 1229
f 342 1195 1195
f 1195 826 826
f 1195 826 826
f 1195 826 1195
f 826 1196 1196
f 1196 721 721
f 1196 721 721
f 1196 721 1196
f 826 1196 1196
f 1196 721 721
f 1196 721 721
f 1196 721 1196
f 826 1196 826
f 1196 721 1196
f 826 1196 826
f 1196 1196 826
f 721 1192 1192
f 1192 825 825
f 1192 825 825
f 1192 825 1192
f 825 1191 1191
f 1191 675 675
f 1191 675 675
f 1191 675 1191
f 825 1191 1191
f 1191 675 675
f 1191 675 675
f 1191 675 1191
f 825 1191 825
f 1191 675 1191
f 825 1191 825
f 1191 1191 825
f 721 1192 1192
f 1192 825 825
f 1192 825 825
f 1192 825 1192
f 825 1191 1191
f 1191 675 675
f 1191 675 675
f 1191 675 1191
f 825 1191 1191
f 1191 675 675
f 1191 675 675
f 1191 675 1191
f 825 1191 825
f 1191 675 1191
f 825 1191 825
f 1191 1191 825
f 721 1192 721
f 1192 825 1192
f 721 1192 721
f 1192 1192 721
f 825 1191 825
f 1191 675 1191
f 825 1191 825
f 1191 1191 825
f 721 1192 721
f 1192 825 1192
f 721 1192 721
f 1192 1192 721
f 825 825 1192
f 825 825 1192
f 1192 1192 721
f 825 1192 1192
f 677 1265 1242
f 1265 844 1267
f 1242 1267 838
f 1265 1267 1242
f 844 1266 1275
f 1266 726 1272
f 1275 1272 846
f 1266 1272 1275
f 838 1273 1243
f 1273 846 1271
f 1243 1271 724
f 1273 1271 1243
f 844 1275 1267
f 1275 846 1273
f 1267 1273 838
f 1275 1273 1267
f 726 1269 1277
f 1269 845 1280
f 1277 1280 847
f 1269 1280 1277
f 845 1268 1270
f 1268 678 1259
f 1270 1259 842
f 1268 1259 1270
f 847 1278 1276
f 1278 842 1260
f 1276 1260 725
f 1278 1260 1276
f 845 1270 1280
f 1270 842 1278
f 1280 1278 847
f 1270 1278 1280
f 724 1261 1240
f 1261 843 1263
f 1240 1263 837
f 1261 1263 1240
f 843 1262 1264
f 1262 725 1257
f 1264 1257 841
f 1262 1257 1264
f 837 1258 1239
f 1258 841 1256
f 1239 1256 673
f 1258 1256 1239
f 843 1264 1263
f 1264 841 1258
f 1263 1258 837
f 1264 1258 1263
f 726 1277 1272
f 1277 847 1281
f 1272 1281 846
f 1277 1281 1272
f 847 1276 1279
f 1276 725 1262
f 1279 1262 843
f 1276 1262 1279
f 846 1274 1271
f 1274 843 1261
f 1271 1261 724
f 1274 1261 1271
f 847 1279 1281
f 1279 843 1274
f 1281 1274 846
f 1279 1274 1281
f 677 1242 1242
f 1242 838 838
f 1242 838 838
f 1242 838 1242
f 838 1243 1243
f 1243 724 724
f 1243 724 724
f 1243 724 1243
f 838 1243 1243
f 1243 724 724
f 1243 724 724
f 1243 724 1243
f 838 1243 838
f 1243 724 1243
f 838 1243 838
f 1243 1243 838
f 724 1240 1240
f 1240 837 837
f 1240 837 837
f 1240 837 1240
f 837 1239 1239
f 1239 673 673
f 1239 673 673
f 1239 673 1239
f 837 1239 1239
f 1239 673 673
f 1239 673 673
f 1239 673 1239
f 837 1239 837
f 1239 673 1239
f 837 1239 837
f 1239 1239 837
f 724 1240 1240
f 1240 837 837
f 1240 837 837
f 1240 837 1240
f 837 1239 1239
f 1239 673 673
f 1239 673 673
f 1239 673 1239
f 837 1239 1239
f 1239 673 673
f 1239 673 673
f 1239 673 1239
f 837 1239 837
f 1239 673 1239
f 837 1239 837
f 1239 1239 837
f 724 1240 724
f 1240 837 1240
f 724 1240 724
f 1240 1240 724
f 837 1239 837
f 1239 673 1239
f 837 1239 837
f 1239 1239 837
f 724 1240 724
f 1240 837 1240
f 724 1240 724
f 1240 1240 724
f 837 837 1240
f 837 837 1240
f 1240 1240 724
f 837 1240 1240
f 671 1100 1160
f 1100 799 1162
f 1160 1162 817
f 1100 1162 1160
f 799 1101 1168
f 1101 713 1166
f 1168 1166 819
f 1101 1166 1168
f 817 1169 1161
f 1169 819 1167
f 1161 1167 719
f 1169 1167 1161
f 799 1168 1162
f 1168 819 1169
f 1162 1169 817
f 1168 1169 1162
f 713 1104 1180
f 1104 800 1182
f 1180 1182 823
f 1104 1182 1180
f 800 1103 1176
f 1103 673 1174
f 1176 1174 821
f 1103 1174 1176
f 823 1184 1181
f 1184 821 1175
f 1181 1175 720
f 1184 1175 1181
f 800 1176 1182
f 1176 821 1184
f 1182 1184 823
f 1176 1184 1182
f 719 1185 1165
f 1185 824 1187
f 1165 1187 818
f 1185 1187 1165
f 824 1186 1189
f 1186 720 1178
f 1189 1178 822
f 1186 1178 1189
f 818 1179 1164
f 1179 822 1177
f 1164 1177 342
f 1179 1177 1164
f 824 1189 1187
f 1189 822 1179
f 1187 1179 818
f 1189 1179 1187
f 713 1180 1166
f 1180 823 1183
f 1166 1183 819
f 1180 1183 1166
f 823 1181 1190
f 1181 720 1186
f 1190 1186 824
f 1181 1186 1190
f 819 1188 1167
f 1188 824 1185
f 1167 1185 719
f 1188 1185 1167
f 823 1190 1183
f 1190 824 1188
f 1183 1188 819
f 1190 1188 1183
f 671 1160 1160
f 1160 817 817
f 1160 817 817
f 1160 817 1160
f 817 1161 1161
f 1161 719 719
f 1161 719 719
f 1161 719 1161
f 817 1161 1161
f 1161 719 719
f 1161 719 719
f 1161 719 1161
f 817 1161 817
f 1161 719 1161
f 817 1161 817
f 1161 1161 817
f 719 1165 1165
f 1165 818 818
f 1165 818 818
f 1165 818 1165
f 818 1164 1164
f 1164 342 342
f 1164 342 342
f 1164 342 1164
f 818 1164 1164
f 1164 342 342
f 1164 342 342
f 1164 342 1164
f 818 1164 818
f 1164 342 1164
f 818 1164 818
f 1164 1164 818
f 719 1165 1165
f 1165 818 818
f 1165 818 818
f 1165 818 1165
f 818 1164 1164
f 1164 342 342
f 1164 342 342
f 1164 342 1164
f 818 1164 1164
f 1164 342 342
f 1164 342 342
f 1164 342 1164
f 818 1164 818
f 1164 342 1164
f 818 1164 818
f 1164 1164 818
f 719 1165 719
f 1165 818 1165
f 719 1165 719
f 1165 1165 719
f 818 1164 818
f 1164 342 1164
f 818 1164 818
f 1164 1164 818
f 719 1165 719
f 1165 818 1165
f 719 1165 719
f 1165 1165 719
f 818 818 1165
f 818 818 1165
f 1165 1165 719
f 818 1165 1165
f 673 1112 1239
f 1112 803 1241
f 1239 1241 837
f 1112 1241 1239
f 803 1113 1247
f 1113 714 1245
f 1247 1245 839
f 1113 1245 1247
f 837 1249 1240
f 1249 839 1246
f 1240 1246 724
f 1249 1246 1240
f 803 1247 1241
f 1247 839 1249
f 1241 1249 837
f 1247 1249 1241
f 714 1110 1235
f 1110 802 1237
f 1235 1237 836
f 1110 1237 1235
f 802 1109 1232
f 1109 672 1230
f 1232 1230 834
f 1109 1230 1232
f 836 1238 1236
f 1238 834 1231
f 1236 1231 723
f 1238 1231 1236
f 802 1232 1237
f 1232 834 1238
f 1237 1238 836
f 1232 1238 1237
f 724 1251 1243
f 1251 840 1254
f 1243 1254 838
f 1251 1254 1243
f 840 1250 1252
f 1250 723 1234
f 1252 1234 835
f 1250 1234 1252
f 838 1244 1242
f 1244 835 1233
f 1242 1233 677
f 1244 1233 1242
f 840 1252 1254
f 1252 835 1244
f 1254 1244 838
f 1252 1244 1254
f 714 1235 1245
f 1235 836 1248
f 1245 1248 839
f 1235 1248 1245
f 836 1236 1253
f 1236 723 1250
f 1253 1250 840
f 1236 1250 1253
f 839 1255 1246
f 1255 840 1251
f 1246 1251 724
f 1255 1251 1246
f 836 1253 1248
f 1253 840 1255
f 1248 1255 839
f 1253 1255 1248
f 673 1239 1239
f 1239 837 837
f 1239 837 837
f 1239 837 1239
f 837 1240 1240
f 1240 724 724
f 1240 724 724
f 1240 724 1240
f 837 1240 1240
f 1240 724 724
f 1240 724 724
f 1240 724 1240
f 837 1240 837
f 1240 724 1240
f 837 1240 837
f 1240 1240 837
f 724 1243 1243
f 1243 838 838
f 1243 838 838
f 1243 838 1243
f 838 1242 1242
f 1242 677 677
f 1242 677 677
f 1242 677 1242
f 838 1242 1242
f 1242 677 677
f 1242 677 677
f 1242 677 1242
f 838 1242 838
f 1242 677 1242
f 838 1242 838
f 1242 1242 838
f 724 1243 1243
f 1243 838 838
f 1243 838 838
f 1243 838 1243
f 838 1242 1242
f 1242 677 677
f 1242 677 677
f 1242 677 1242
f 838 1242 1242
f 1242 677 677
f 1242 677 677
f 1242 677 1242
f 838 1242 838
f 1242 677 1242
f 838 1242 838
f 1242 1242 838
f 724 1243 724
f 1243 838 1243
f 724 1243 724
f 1243 1243 724
f 838 1242 838
f 1242 677 1242
f 838 1242 838
f 1242 1242 838
f 724 1243 724
f 1243 838 1243
f 724 1243 724
f 1243 1243 724
f 838 838 1243
f 838 838 1243
f 1243 1243 724
f 838 1243 1243
f 346 596 1285
f 596 413 1292
f 1285 1292 849
f 596 1292 1285
f 413 597 1302
f 597 362 1299
f 1302 1299 852
f 597 1299 1302
f 849 1300 1286
f 1300 852 1298
f 1286 1298 727
f 1300 1298 1286
f 413 1302 1292
f 1302 852 1300
f 1292 1300 849
f 1302 1300 1292
f 362 594 1294
f 594 412 1297
f 1294 1297 851
f 594 1297 1294
f 412 593 1291
f 593 342 1177
f 1291 1177 822
f 593 1177 1291
f 851 1295 1293
f 1295 822 1178
f 1293 1178 720
f 1295 1178 1293
f 412 1291 1297
f 1291 822 1295
f 1297 1295 851
f 1291 1295 1297
f 727 1288 1283
f 1288 850 1290
f 1283 1290 848
f 1288 1290 1283
f 850 1287 1289
f 1287 720 1175
f 1289 1175 821
f 1287 1175 1289
f 848 1284 1282
f 1284 821 1174
f 1282 1174 673
f 1284 1174 1282
f 850 1289 1290
f 1289 821 1284
f 1290 1284 848
f 1289 1284 1290
f 362 1294 1299
f 1294 851 1303
f 1299 1303 852
f 1294 1303 1299
f 851 1293 1296
f 1293 720 1287
f 1296 1287 850
f 1293 1287 1296
f 852 1301 1298
f 1301 850 1288
f 1298 1288 727
f 1301 1288 1298
f 851 1296 1303
f 1296 850 1301
f 1303 1301 852
f 1296 1301 1303
f 346 1285 1285
f 1285 849 849
f 1285 849 849
f 1285 849 1285
f 849 1286 1286
f 1286 727 727
f 1286 727 727
f 1286 727 1286
f 849 1286 1286
f 1286 727 727
f 1286 727 727
f 1286 727 1286
f 849 1286 849
f 1286 727 1286
f 849 1286 849
f 1286 1286 849
f 727 1283 1283
f 1283 848 848
f 1283 848 848
f 1283 848 1283
f 848 1282 1282
f 1282 673 673
f 1282 673 673
f 1282 673 1282
f 848 1282 1282
f 1282 673 673
f 1282 673 673
f 1282 673 1282
f 848 1282 848
f 1282 673 1282
f 848 1282 848
f 1282 1282 848
f 727 1283 1283
f 1283 848 848
f 1283 848 848
f 1283 848 1283
f 848 1282 1282
f 1282 673 673
f 1282 673 673
f 1282 673 1282
f 848 1282 1282
f 1282 673 673
f 1282 673 673
f 1282 673 1282
f 848 1282 848
f 1282 673 1282
f 848 1282 848
f 1282 1282 848
f 727 1283 727
f 1283 848 1283
f 727 1283 727
f 1283 1283 727
f 848 1282 848
f 1282 673 1282
f 848 1282 848
f 1282 1282 848
f 727 1283 727
f 1283 848 1283
f 727 1283 727
f 1283 1283 727
f 848 848 1283
f 848 848 1283
f 1283 1283 727
f 848 1283 1283
f 679 1308 1312
f 1308 855 1314
f 1312 1314 857
f 1308 1314 1312
f 855 1309 1319
f 1309 729 1317
f 1319 1317 859
f 1309 1317 1319
f 857 1320 1313
f 1320 859 1318
f 1313 1318 730
f 1320 1318 1313
f 855 1319 1314
f 1319 859 1320
f 1314 1320 857
f 1319 1320 1314
f 729 1311 1327
f 1311 856 1329
f 1327 1329 862
f 1311 1329 1327
f 856 1310 1323
f 1310 680 1321
f 1323 1321 860
f 1310 1321 1323
f 862 1331 1328
f 1331 860 1322
f 1328 1322 731
f 1331 1322 1328
f 856 1323 1329
f 1323 860 1331
f 1329 1331 862
f 1323 1331 1329
f 730 1332 1316
f 1332 863 1334
f 1316 1334 858
f 1332 1334 1316
f 863 1333 1336
f 1333 731 1325
f 1336 1325 861
f 1333 1325 1336
f 858 1326 1315
f 1326 861 1324
f 1315 1324 681
f 1326 1324 1315
f 863 1336 1334
f 1336 861 1326
f 1334 1326 858
f 1336 1326 1334
f 729 1327 1317
f 1327 862 1330
f 1317 1330 859
f 1327 1330 1317
f 862 1328 1337
f 1328 731 1333
f 1337 1333 863
f 1328 1333 1337
f 859 1335 1318
f 1335 863 1332
f 1318 1332 730
f 1335 1332 1318
f 862 1337 1330
f 1337 863 1335
f 1330 1335 859
f 1337 1335 1330
f 679 1312 1312
f 1312 857 857
f 1312 857 857
f 1312 857 1312
f 857 1313 1313
f 1313 730 730
f 1313 730 730
f 1313 730 1313
f 857 1313 1313
f 1313 730 730
f 1313 730 730
f 1313 730 1313
f 857 1313 857
f 1313 730 1313
f 857 1313 857
f 1313 1313 857
f 730 1316 1316
f 1316 858 858
f 1316 858 858
f 1316 858 1316
f 858 1315 1315
f 1315 681 681
f 1315 681 681
f 1315 681 1315
f 858 1315 1315
f 1315 681 681
f 1315 681 681
f 1315 681 1315
f 858 1315 858
f 1315 681 1315
f 858 1315 858
f 1315 1315 858
f 730 1316 1316
f 1316 858 858
f 1316 858 858
f 1316 858 1316
f 858 1315 1315
f 1315 681 681
f 1315 681 681
f 1315 681 1315
f 858 1315 1315
f 1315 681 681
f 1315 681 681
f 1315 681 1315
f 858 1315 858
f 1315 681 1315
f 858 1315 858
f 1315 1315 858
f 730 1316 730
f 1316 858 1316
f 730 1316 730
f 1316 1316 730
f 858 1315 858
f 1315 681 1315
f 858 1315 858
f 1315 1315 858
f 730 1316 730
f 1316 858 1316
f 730 1316 730
f 1316 1316 730
f 858 858 1316
f 858 858 1316
f 1316 1316 730
f 858 1316 1316
f 677 1338 1342
f 1338 864 1345
f 1342 1345 866
f 1338 1345 1342
f 864 1339 1354
f 1339 732 1352
f 1354 1352 869
f 1339 1352 1354
f 866 1355 1343
f 1355 869 1353
f 1343 1353 733
f 1355 1353 1343
f 864 1354 1345
f 1354 869 1355
f 1345 1355 866
f 1354 1355 1345
f 732 1341 1379
f 1341 865 1381
f 1379 1381 876
f 1341 1381 1379
f 865 1340 1375
f 1340 682 1373
f 1375 1373 874
f 1340 1373 1375
f 876 1383 1380
f 1383 874 1374
f 1380 1374 735
f 1383 1374 1380
f 865 1375 1381
f 1375 874 1383
f 1381 1383 876
f 1375 1383 1381
f 733 1384 1347
f 1384 877 1386
f 1347 1386 867
f 1384 1386 1347
f 877 1385 1388
f 1385 735 1377
f 1388 1377 875
f 1385 1377 1388
f 867 1378 1346
f 1378 875 1376
f 1346 1376 683
f 1378 1376 1346
f 877 1388 1386
f 1388 875 1378
f 1386 1378 867
f 1388 1378 1386
f 732 1379 1352
f 1379 876 1382
f 1352 1382 869
f 1379 1382 1352
f 876 1380 1389
f 1380 735 1385
f 1389 1385 877
f 1380 1385 1389
f 869 1387 1353
f 1387 877 1384
f 1353 1384 733
f 1387 1384 1353
f 876 1389 1382
f 1389 877 1387
f 1382 1387 869
f 1389 1387 1382
f 677 1342 1342
f 1342 866 866
f 1342 866 866
f 1342 866 1342
f 866 1343 1343
f 1343 733 733
f 1343 733 733
f 1343 733 1343
f 866 1343 1343
f 1343 733 733
f 1343 733 733
f 1343 733 1343
f 866 1343 866
f 1343 733 1343
f 866 1343 866
f 1343 1343 866
f 733 1347 1347
f 1347 867 867
f 1347 867 867
f 1347 867 1347
f 867 1346 1346
f 1346 683 683
f 1346 683 683
f 1346 683 1346
f 867 1346 1346
f 1346 683 683
f 1346 683 683
f 1346 683 1346
f 867 1346 867
f 1346 683 1346
f 867 1346 867
f 1346 1346 867
f 733 1347 1347
f 1347 867 867
f 1347 867 867
f 1347 867 1347
f 867 1346 1346
f 1346 683 683
f 1346 683 683
f 1346 683 1346
f 867 1346 1346
f 1346 683 683
f 1346 683 683
f 1346 683 1346
f 867 1346 867
f 1346 683 1346
f 867 1346 867
f 1346 1346 867
f 733 1347 733
f 1347 867 1347
f 733 1347 733
f 1347 1347 733
f 867 1346 867
f 1346 683 1346
f 867 1346 867
f 1346 1346 867
f 733 1347 733
f 1347 867 1347
f 733 1347 733
f 1347 1347 733
f 867 867 1347
f 867 867 1347
f 1347 1347 733
f 867 1347 1347
f 678 1390 1403
f 1390 878 1406
f 1403 1406 883
f 1390 1406 1403
f 878 1391 1417
f 1391 736 1415
f 1417 1415 886
f 1391 1415 1417
f 883 1418 1404
f 1418 886 1416
f 1404 1416 738
f 1418 1416 1404
f 878 1417 1406
f 1417 886 1418
f 1406 1418 883
f 1417 1418 1406
f 736 1393 1431
f 1393 879 1433
f 1431 1433 890
f 1393 1433 1431
f 879 1392 1427
f 1392 684 1425
f 1427 1425 888
f 1392 1425 1427
f 890 1435 1432
f 1435 888 1426
f 1432 1426 739
f 1435 1426 1432
f 879 1427 1433
f 1427 888 1435
f 1433 1435 890
f 1427 1435 1433
f 738 1436 1408
f 1436 891 1438
f 1408 1438 884
f 1436 1438 1408
f 891 1437 1440
f 1437 739 1429
f 1440 1429 889
f 1437 1429 1440
f 884 1430 1407
f 1430 889 1428
f 1407 1428 685
f 1430 1428 1407
f 891 1440 1438
f 1440 889 1430
f 1438 1430 884
f 1440 1430 1438
f 736 1431 1415
f 1431 890 1434
f 1415 1434 886
f 1431 1434 1415
f 890 1432 1441
f 1432 739 1437
f 1441 1437 891
f 1432 1437 1441
f 886 1439 1416
f 1439 891 1436
f 1416 1436 738
f 1439 1436 1416
f 890 1441 1434
f 1441 891 1439
f 1434 1439 886
f 1441 1439 1434
f 678 1403 1403
f 1403 883 883
f 1403 883 883
f 1403 883 1403
f 883 1404 1404
f 1404 738 738
f 1404 738 738
f 1404 738 1404
f 883 1404 1404
f 1404 738 738
f 1404 738 738
f 1404 738 1404
f 883 1404 883
f 1404 738 1404
f 883 1404 883
f 1404 1404 883
f 738 1408 1408
f 1408 884 884
f 1408 884 884
f 1408 884 1408
f 884 1407 1407
f 1407 685 685
f 1407 685 685
f 1407 685 1407
f 884 1407 1407
f 1407 685 685
f 1407 685 685
f 1407 685 1407
f 884 1407 884
f 1407 685 1407
f 884 1407 884
f 1407 1407 884
f 738 1408 1408
f 1408 884 884
f 1408 884 884
f 1408 884 1408
f 884 1407 1407
f 1407 685 685
f 1407 685 685
f 1407 685 1407
f 884 1407 1407
f 1407 685 685
f 1407 685 685
f 1407 685 1407
f 884 1407 884
f 1407 685 1407
f 884 1407 884
f 1407 1407 884
f 738 1408 738
f 1408 884 1408
f 738 1408 738
f 1408 1408 738
f 884 1407 884
f 1407 685 1407
f 884 1407 884
f 1407 1407 884
f 738 1408 738
f 1408 884 1408
f 738 1408 738
f 1408 1408 738
f 884 884 1408
f 884 884 1408
f 1408 1408 738
f 884 1408 1408
f 678 1268 1356
f 1268 845 1358
f 1356 1358 870
f 1268 1358 1356
f 845 1269 1364
f 1269 726 1362
f 1364 1362 872
f 1269 1362 1364
f 870 1366 1357
f 1366 872 1363
f 1357 1363 734
f 1366 1363 1357
f 845 1364 1358
f 1364 872 1366
f 1358 1366 870
f 1364 1366 1358
f 726 1266 1348
f 1266 844 1350
f 1348 1350 868
f 1266 1350 1348
f 844 1265 1344
f 1265 677 1342
f 1344 1342 866
f 1265 1342 1344
f 868 1351 1349
f 1351 866 1343
f 1349 1343 733
f 1351 1343 1349
f 844 1344 1350
f 1344 866 1351
f 1350 1351 868
f 1344 1351 1350
f 734 1368 1360
f 1368 873 1371
f 1360 1371 871
f 1368 1371 1360
f 873 1367 1369
f 1367 733 1347
f 1369 1347 867
f 1367 1347 1369
f 871 1361 1359
f 1361 867 1346
f 1359 1346 683
f 1361 1346 1359
f 873 1369 1371
f 1369 867 1361
f 1371 1361 871
f 1369 1361 1371
f 726 1348 1362
f 1348 868 1365
f 1362 1365 872
f 1348 1365 1362
f 868 1349 1370
f 1349 733 1367
f 1370 1367 873
f 1349 1367 1370
f 872 1372 1363
f 1372 873 1368
f 1363 1368 734
f 1372 1368 1363
f 868 1370 1365
f 1370 873 1372
f 1365 1372 872
f 1370 1372 1365
f 678 1356 1356
f 1356 870 870
f 1356 870 870
f 1356 870 1356
f 870 1357 1357
f 1357 734 734
f 1357 734 734
f 1357 734 1357
f 870 1357 1357
f 1357 734 734
f 1357 734 734
f 1357 734 1357
f 870 1357 870
f 1357 734 1357
f 870 1357 870
f 1357 1357 870
f 734 1360 1360
f 1360 871 871
f 1360 871 871
f 1360 871 1360
f 871 1359 1359
f 1359 683 683
f 1359 683 683
f 1359 683 1359
f 871 1359 1359
f 1359 683 683
f 1359 683 683
f 1359 683 1359
f 871 1359 871
f 1359 683 1359
f 871 1359 871
f 1359 1359 871
f 734 1360 1360
f 1360 871 871
f 1360 871 871
f 1360 871 1360
f 871 1359 1359
f 1359 683 683
f 1359 683 683
f 1359 683 1359
f 871 1359 1359
f 1359 683 683
f 1359 683 683
f 1359 683 1359
f 871 1359 871
f 1359 683 1359
f 871 1359 871
f 1359 1359 871
f 734 1360 734
f 1360 871 1360
f 734 1360 734
f 1360 1360 734
f 871 1359 871
f 1359 683 1359
f 871 1359 871
f 1359 1359 871
f 734 1360 734
f 1360 871 1360
f 734 1360 734
f 1360 1360 734
f 871 871 1360
f 871 871 1360
f 1360 1360 734
f 871 1360 1360
f 686 1444 1455
f 1444 893 1457
f 1455 1457 897
f 1444 1457 1455
f 893 1445 1463
f 1445 740 1461
f 1463 1461 899
f 1445 1461 1463
f 897 1465 1456
f 1465 899 1462
f 1456 1462 742
f 1465 1462 1456
f 893 1463 1457
f 1463 899 1465
f 1457 1465 897
f 1463 1465 1457
f 740 1443 1451
f 1443 892 1453
f 1451 1453 896
f 1443 1453 1451
f 892 1442 1448
f 1442 685 1446
f 1448 1446 894
f 1442 1446 1448
f 896 1454 1452
f 1454 894 1447
f 1452 1447 741
f 1454 1447 1452
f 892 1448 1453
f 1448 894 1454
f 1453 1454 896
f 1448 1454 1453
f 742 1467 1459
f 1467 900 1470
f 1459 1470 898
f 1467 1470 1459
f 900 1466 1468
f 1466 741 1450
f 1468 1450 895
f 1466 1450 1468
f 898 1460 1458
f 1460 895 1449
f 1458 1449 687
f 1460 1449 1458
f 900 1468 1470
f 1468 895 1460
f 1470 1460 898
f 1468 1460 1470
f 740 1451 1461
f 1451 896 1464
f 1461 1464 899
f 1451 1464 1461
f 896 1452 1469
f 1452 741 1466
f 1469 1466 900
f 1452 1466 1469
f 899 1471 1462
f 1471 900 1467
f 1462 1467 742
f 1471 1467 1462
f 896 1469 1464
f 1469 900 1471
f 1464 1471 899
f 1469 1471 1464
f 686 1455 1455
f 1455 897 897
f 1455 897 897
f 1455 897 1455
f 897 1456 1456
f 1456 742 742
f 1456 742 742
f 1456 742 1456
f 897 1456 1456
f 1456 742 742
f 1456 742 742
f 1456 742 1456
f 897 1456 897
f 1456 742 1456
f 897 1456 897
f 1456 1456 897
f 742 1459 1459
f 1459 898 898
f 1459 898 898
f 1459 898 1459
f 898 1458 1458
f 1458 687 687
f 1458 687 687
f 1458 687 1458
f 898 1458 1458
f 1458 687 687
f 1458 687 687
f 1458 687 1458
f 898 1458 898
f 1458 687 1458
f 898 1458 898
f 1458 1458 898
f 742 1459 1459
f 1459 898 898
f 1459 898 898
f 1459 898 1459
f 898 1458 1458
f 1458 687 687
f 1458 687 687
f 1458 687 1458
f 898 1458 1458
f 1458 687 687
f 1458 687 687
f 1458 687 1458
f 898 1458 898
f 1458 687 1458
f 898 1458 898
f 1458 1458 898
f 742 1459 742
f 1459 898 1459
f 742 1459 742
f 1459 1459 742
f 898 1458 898
f 1458 687 1458
f 898 1458 898
f 1458 1458 898
f 742 1459 742
f 1459 898 1459
f 742 1459 742
f 1459 1459 742
f 898 898 1459
f 898 898 1459
f 1459 1459 742
f 898 1459 1459
f 688 1475 1507
f 1475 902 1509
f 1507 1509 911
f 1475 1509 1507
f 902 1476 1515
f 1476 743 1513
f 1515 1513 913
f 1476 1513 1515
f 911 1517 1508
f 1517 913 1514
f 1508 1514 746
f 1517 1514 1508
f 902 1515 1509
f 1515 913 1517
f 1509 1517 911
f 1515 1517 1509
f 743 1473 1503
f 1473 901 1505
f 1503 1505 910
f 1473 1505 1503
f 901 1472 1500
f 1472 682 1498
f 1500 1498 908
f 1472 1498 1500
f 910 1506 1504
f 1506 908 1499
f 1504 1499 745
f 1506 1499 1504
f 901 1500 1505
f 1500 908 1506
f 1505 1506 910
f 1500 1506 1505
f 746 1519 1511
f 1519 914 1522
f 1511 1522 912
f 1519 1522 1511
f 914 1518 1520
f 1518 745 1502
f 1520 1502 909
f 1518 1502 1520
f 912 1512 1510
f 1512 909 1501
f 1510 1501 689
f 1512 1501 1510
f 914 1520 1522
f 1520 909 1512
f 1522 1512 912
f 1520 1512 1522
f 743 1503 1513
f 1503 910 1516
f 1513 1516 913
f 1503 1516 1513
f 910 1504 1521
f 1504 745 1518
f 1521 1518 914
f 1504 1518 1521
f 913 1523 1514
f 1523 914 1519
f 1514 1519 746
f 1523 1519 1514
f 910 1521 1516
f 1521 914 1523
f 1516 1523 913
f 1521 1523 1516
f 688 1507 1507
f 1507 911 911
f 1507 911 911
f 1507 911 1507
f 911 1508 1508
f 1508 746 746
f 1508 746 746
f 1508 746 1508
f 911 1508 1508
f 1508 746 746
f 1508 746 746
f 1508 746 1508
f 911 1508 911
f 1508 746 1508
f 911 1508 911
f 1508 1508 911
f 746 1511 1511
f 1511 912 912
f 1511 912 912
f 1511 912 1511
f 912 1510 1510
f 1510 689 689
f 1510 689 689
f 1510 689 1510
f 912 1510 1510
f 1510 689 689
f 1510 689 689
f 1510 689 1510
f 912 1510 912
f 1510 689 1510
f 912 1510 912
f 1510 1510 912
f 746 1511 1511
f 1511 912 912
f 1511 912 912
f 1511 912 1511
f 912 1510 1510
f 1510 689 689
f 1510 689 689
f 1510 689 1510
f 912 1510 1510
f 1510 689 689
f 1510 689 689
f 1510 689 1510
f 912 1510 912
f 1510 689 1510
f 912 1510 912
f 1510 1510 912
f 746 1511 746
f 1511 912 1511
f 746 1511 746
f 1511 1511 746
f 912 1510 912
f 1510 689 1510
f 912 1510 912
f 1510 1510 912
f 746 1511 746
f 1511 912 1511
f 746 1511 746
f 1511 1511 746
f 912 912 1511
f 912 912 1511
f 1511 1511 746
f 912 1511 1511
f 689 1533 1510
f 1533 918 1535
f 1510 1535 912
f 1533 1535 1510
f 918 1534 1543
f 1534 748 1540
f 1543 1540 920
f 1534 1540 1543
f 912 1541 1511
f 1541 920 1539
f 1511 1539 746
f 1541 1539 1511
f 918 1543 1535
f 1543 920 1541
f 1535 1541 912
f 1543 1541 1535
f 748 1537 1545
f 1537 919 1548
f 1545 1548 921
f 1537 1548 1545
f 919 1536 1538
f 1536 690 1527
f 1538 1527 916
f 1536 1527 1538
f 921 1546 1544
f 1546 916 1528
f 1544 1528 747
f 1546 1528 1544
f 919 1538 1548
f 1538 916 1546
f 1548 1546 921
f 1538 1546 1548
f 746 1529 1508
f 1529 917 1531
f 1508 1531 911
f 1529 1531 1508
f 917 1530 1532
f 1530 747 1525
f 1532 1525 915
f 1530 1525 1532
f 911 1526 1507
f 1526 915 1524
f 1507 1524 688
f 1526 1524 1507
f 917 1532 1531
f 1532 915 1526
f 1531 1526 911
f 1532 1526 1531
f 748 1545 1540
f 1545 921 1549
f 1540 1549 920
f 1545 1549 1540
f 921 1544 1547
f 1544 747 1530
f 1547 1530 917
f 1544 1530 1547
f 920 1542 1539
f 1542 917 1529
f 1539 1529 746
f 1542 1529 1539
f 921 1547 1549
f 1547 917 1542
f 1549 1542 920
f 1547 1542 1549
f 689 1510 1510
f 1510 912 912
f 1510 912 912
f 1510 912 1510
f 912 1511 1511
f 1511 746 746
f 1511 746 746
f 1511 746 1511
f 912 1511 1511
f 1511 746 746
f 1511 746 746
f 1511 746 1511
f 912 1511 912
f 1511 746 1511
f 912 1511 912
f 1511 1511 912
f 746 1508 1508
f 1508 911 911
f 1508 911 911
f 1508 911 1508
f 911 1507 1507
f 1507 688 688
f 1507 688 688
f 1507 688 1507
f 911 1507 1507
f 1507 688 688
f 1507 688 688
f 1507 688 1507
f 911 1507 911
f 1507 688 1507
f 911 1507 911
f 1507 1507 911
f 746 1508 1508
f 1508 911 911
f 1508 911 911
f 1508 911 1508
f 911 1507 1507
f 1507 688 688
f 1507 688 688
f 1507 688 1507
f 911 1507 1507
f 1507 688 688
f 1507 688 688
f 1507 688 1507
f 911 1507 911
f 1507 688 1507
f 911 1507 911
f 1507 1507 911
f 746 1508 746
f 1508 911 1508
f 746 1508 746
f 1508 1508 746
f 911 1507 911
f 1507 688 1507
f 911 1507 911
f 1507 1507 911
f 746 1508 746
f 1508 911 1508
f 746 1508 746
f 1508 1508 746
f 911 911 1508
f 911 911 1508
f 1508 1508 746
f 911 1508 1508
f 673 1256 1394
f 1256 841 1396
f 1394 1396 880
f 1256 1396 1394
f 841 1257 1401
f 1257 725 1399
f 1401 1399 882
f 1257 1399 1401
f 880 1402 1395
f 1402 882 1400
f 1395 1400 737
f 1402 1400 1395
f 841 1401 1396
f 1401 882 1402
f 1396 1402 880
f 1401 1402 1396
f 725 1260 1410
f 1260 842 1412
f 1410 1412 885
f 1260 1412 1410
f 842 1259 1405
f 1259 678 1403
f 1405 1403 883
f 1259 1403 1405
f 885 1414 1411
f 1414 883 1404
f 1411 1404 738
f 1414 1404 1411
f 842 1405 1412
f 1405 883 1414
f 1412 1414 885
f 1405 1414 1412
f 737 1419 1398
f 1419 887 1421
f 1398 1421 881
f 1419 1421 1398
f 887 1420 1423
f 1420 738 1408
f 1423 1408 884
f 1420 1408 1423
f 881 1409 1397
f 1409 884 1407
f 1397 1407 685
f 1409 1407 1397
f 887 1423 1421
f 1423 884 1409
f 1421 1409 881
f 1423 1409 1421
f 725 1410 1399
f 1410 885 1413
f 1399 1413 882
f 1410 1413 1399
f 885 1411 1424
f 1411 738 1420
f 1424 1420 887
f 1411 1420 1424
f 882 1422 1400
f 1422 887 1419
f 1400 1419 737
f 1422 1419 1400
f 885 1424 1413
f 1424 887 1422
f 1413 1422 882
f 1424 1422 1413
f 673 1394 1394
f 1394 880 880
f 1394 880 880
f 1394 880 1394
f 880 1395 1395
f 1395 737 737
f 1395 737 737
f 1395 737 1395
f 880 1395 1395
f 1395 737 737
f 1395 737 737
f 1395 737 1395
f 880 1395 880
f 1395 737 1395
f 880 1395 880
f 1395 1395 880
f 737 1398 1398
f 1398 881 881
f 1398 881 881
f 1398 881 1398
f 881 1397 1397
f 1397 685 685
f 1397 685 685
f 1397 685 1397
f 881 1397 1397
f 1397 685 685
f 1397 685 685
f 1397 685 1397
f 881 1397 881
f 1397 685 1397
f 881 1397 881
f 1397 1397 881
f 737 1398 1398
f 1398 881 881
f 1398 881 881
f 1398 881 1398
f 881 1397 1397
f 1397 685 685
f 1397 685 685
f 1397 685 1397
f 881 1397 1397
f 1397 685 685
f 1397 685 685
f 1397 685 1397
f 881 1397 881
f 1397 685 1397
f 881 1397 881
f 1397 1397 881
f 737 1398 737
f 1398 881 1398
f 737 1398 737
f 1398 1398 737
f 881 1397 881
f 1397 685 1397
f 881 1397 881
f 1397 1397 881
f 737 1398 737
f 1398 881 1398
f 737 1398 737
f 1398 1398 737
f 881 881 1398
f 881 881 1398
f 1398 1398 737
f 881 1398 1398
f 691 1563 1552
f 1563 927 1565
f 1552 1565 923
f 1563 1565 1552
f 927 1564 1573
f 1564 751 1570
f 1573 1570 929
f 1564 1570 1573
f 923 1571 1553
f 1571 929 1569
f 1553 1569 749
f 1571 1569 1553
f 927 1573 1565
f 1573 929 1571
f 1565 1571 923
f 1573 1571 1565
f 751 1567 1575
f 1567 928 1578
f 1575 1578 930
f 1567 1578 1575
f 928 1566 1568
f 1566 692 1557
f 1568 1557 925
f 1566 1557 1568
f 930 1576 1574
f 1576 925 1558
f 1574 1558 750
f 1576 1558 1574
f 928 1568 1578
f 1568 925 1576
f 1578 1576 930
f 1568 1576 1578
f 749 1559 1551
f 1559 926 1561
f 1551 1561 922
f 1559 1561 1551
f 926 1560 1562
f 1560 750 1555
f 1562 1555 924
f 1560 1555 1562
f 922 1556 1550
f 1556 924 1554
f 1550 1554 679
f 1556 1554 1550
f 926 1562 1561
f 1562 924 1556
f 1561 1556 922
f 1562 1556 1561
f 751 1575 1570
f 1575 930 1579
f 1570 1579 929
f 1575 1579 1570
f 930 1574 1577
f 1574 750 1560
f 1577 1560 926
f 1574 1560 1577
f 929 1572 1569
f 1572 926 1559
f 1569 1559 749
f 1572 1559 1569
f 930 1577 1579
f 1577 926 1572
f 1579 1572 929
f 1577 1572 1579
f 691 1552 1552
f 1552 923 923
f 1552 923 923
f 1552 923 1552
f 923 1553 1553
f 1553 749 749
f 1553 749 749
f 1553 749 1553
f 923 1553 1553
f 1553 749 749
f 1553 749 749
f 1553 749 1553
f 923 1553 923
f 1553 749 1553
f 923 1553 923
f 1553 1553 923
f 749 1551 1551
f 1551 922 922
f 1551 922 922
f 1551 922 1551
f 922 1550 1550
f 1550 679 679
f 1550 679 679
f 1550 679 1550
f 922 1550 1550
f 1550 679 679
f 1550 679 679
f 1550 679 1550
f 922 1550 922
f 1550 679 1550
f 922 1550 922
f 1550 1550 922
f 749 1551 1551
f 1551 922 922
f 1551 922 922
f 1551 922 1551
f 922 1550 1550
f 1550 679 679
f 1550 679 679
f 1550 679 1550
f 922 1550 1550
f 1550 679 679
f 1550 679 679
f 1550 679 1550
f 922 1550 922
f 1550 679 1550
f 922 1550 922
f 1550 1550 922
f 749 1551 749
f 1551 922 1551
f 749 1551 749
f 1551 1551 749
f 922 1550 922
f 1550 679 1550
f 922 1550 922
f 1550 1550 922
f 749 1551 749
f 1551 922 1551
f 749 1551 749
f 1551 1551 749
f 922 922 1551
f 922 922 1551
f 1551 1551 749
f 922 1551 1551
f 685 1580 1606
f 1580 931 1608
f 1606 1608 938
f 1580 1608 1606
f 931 1581 1613
f 1581 752 1611
f 1613 1611 940
f 1581 1611 1613
f 938 1614 1607
f 1614 940 1612
f 1607 1612 754
f 1614 1612 1607
f 931 1613 1608
f 1613 940 1614
f 1608 1614 938
f 1613 1614 1608
f 752 1584 1621
f 1584 932 1623
f 1621 1623 943
f 1584 1623 1621
f 932 1583 1617
f 1583 693 1615
f 1617 1615 941
f 1583 1615 1617
f 943 1625 1622
f 1625 941 1616
f 1622 1616 755
f 1625 1616 1622
f 932 1617 1623
f 1617 941 1625
f 1623 1625 943
f 1617 1625 1623
f 754 1626 1610
f 1626 944 1628
f 1610 1628 939
f 1626 1628 1610
f 944 1627 1630
f 1627 755 1619
f 1630 1619 942
f 1627 1619 1630
f 939 1620 1609
f 1620 942 1618
f 1609 1618 694
f 1620 1618 1609
f 944 1630 1628
f 1630 942 1620
f 1628 1620 939
f 1630 1620 1628
f 752 1621 1611
f 1621 943 1624
f 1611 1624 940
f 1621 1624 1611
f 943 1622 1631
f 1622 755 1627
f 1631 1627 944
f 1622 1627 1631
f 940 1629 1612
f 1629 944 1626
f 1612 1626 754
f 1629 1626 1612
f 943 1631 1624
f 1631 944 1629
f 1624 1629 940
f 1631 1629 1624
f 685 1606 1606
f 1606 938 938
f 1606 938 938
f 1606 938 1606
f 938 1607 1607
f 1607 754 754
f 1607 754 754
f 1607 754 1607
f 938 1607 1607
f 1607 754 754
f 1607 754 754
f 1607 754 1607
f 938 1607 938
f 1607 754 1607
f 938 1607 938
f 1607 1607 938
f 754 1610 1610
f 1610 939 939
f 1610 939 939
f 1610 939 1610
f 939 1609 1609
f 1609 694 694
f 1609 694 694
f 1609 694 1609
f 939 1609 1609
f 1609 694 694
f 1609 694 694
f 1609 694 1609
f 939 1609 939
f 1609 694 1609
f 939 1609 939
f 1609 1609 939
f 754 1610 1610
f 1610 939 939
f 1610 939 939
f 1610 939 1610
f 939 1609 1609
f 1609 694 694
f 1609 694 694
f 1609 694 1609
f 939 1609 1609
f 1609 694 694
f 1609 694 694
f 1609 694 1609
f 939 1609 939
f 1609 694 1609
f 939 1609 939
f 1609 1609 939
f 754 1610 754
f 1610 939 1610
f 754 1610 754
f 1610 1610 754
f 939 1609 939
f 1609 694 1609
f 939 1609 939
f 1609 1609 939
f 754 1610 754
f 1610 939 1610
f 754 1610 754
f 1610 1610 754
f 939 939 1610
f 939 939 1610
f 1610 1610 754
f 939 1610 1610
f 684 1632 1425
f 1632 945 1634
f 1425 1634 888
f 1632 1634 1425
f 945 1633 1640
f 1633 756 1638
f 1640 1638 947
f 1633 1638 1640
f 888 1639 1426
f 1639 947 1637
f 1426 1637 739
f 1639 1637 1426
f 945 1640 1634
f 1640 947 1639
f 1634 1639 888
f 1640 1639 1634
f 756 1636 1652
f 1636 946 1654
f 1652 1654 951
f 1636 1654 1652
f 946 1635 1646
f 1635 695 1644
f 1646 1644 949
f 1635 1644 1646
f 951 1656 1653
f 1656 949 1645
f 1653 1645 757
f 1656 1645 1653
f 946 1646 1654
f 1646 949 1656
f 1654 1656 951
f 1646 1656 1654
f 739 1647 1429
f 1647 950 1649
f 1429 1649 889
f 1647 1649 1429
f 950 1648 1651
f 1648 757 1642
f 1651 1642 948
f 1648 1642 1651
f 889 1643 1428
f 1643 948 1641
f 1428 1641 685
f 1643 1641 1428
f 950 1651 1649
f 1651 948 1643
f 1649 1643 889
f 1651 1643 1649
f 756 1652 1638
f 1652 951 1655
f 1638 1655 947
f 1652 1655 1638
f 951 1653 1657
f 1653 757 1648
f 1657 1648 950
f 1653 1648 1657
f 947 1650 1637
f 1650 950 1647
f 1637 1647 739
f 1650 1647 1637
f 951 1657 1655
f 1657 950 1650
f 1655 1650 947
f 1657 1650 1655
f 684 1425 1425
f 1425 888 888
f 1425 888 888
f 1425 888 1425
f 888 1426 1426
f 1426 739 739
f 1426 739 739
f 1426 739 1426
f 888 1426 1426
f 1426 739 739
f 1426 739 739
f 1426 739 1426
f 888 1426 888
f 1426 739 1426
f 888 1426 888
f 1426 1426 888
f 739 1429 1429
f 1429 889 889
f 1429 889 889
f 1429 889 1429
f 889 1428 1428
f 1428 685 685
f 1428 685 685
f 1428 685 1428
f 889 1428 1428
f 1428 685 685
f 1428 685 685
f 1428 685 1428
f 889 1428 889
f 1428 685 1428
f 889 1428 889
f 1428 1428 889
f 739 1429 1429
f 1429 889 889
f 1429 889 889
f 1429 889 1429
f 889 1428 1428
f 1428 685 685
f 1428 685 685
f 1428 685 1428
f 889 1428 1428
f 1428 685 685
f 1428 685 685
f 1428 685 1428
f 889 1428 889
f 1428 685 1428
f 889 1428 889
f 1428 1428 889
f 739 1429 739
f 1429 889 1429
f 739 1429 739
f 1429 1429 739
f 889 1428 889
f 1428 685 1428
f 889 1428 889
f 1428 1428 889
f 739 1429 739
f 1429 889 1429
f 739 1429 739
f 1429 1429 739
f 889 889 1429
f 889 889 1429
f 1429 1429 739
f 889 1429 1429
f 688 1484 1475
f 1484 905 1486
f 1475 1486 902
f 1484 1486 1475
f 905 1485 1496
f 1485 744 1493
f 1496 1493 907
f 1485 1493 1496
f 902 1494 1476
f 1494 907 1492
f 1476 1492 743
f 1494 1492 1476
f 905 1496 1486
f 1496 907 1494
f 1486 1494 902
f 1496 1494 1486
f 744 1482 1488
f 1482 904 1491
f 1488 1491 906
f 1482 1491 1488
f 904 1481 1483
f 1481 683 1376
f 1483 1376 875
f 1481 1376 1483
f 906 1489 1487
f 1489 875 1377
f 1487 1377 735
f 1489 1377 1487
f 904 1483 1491
f 1483 875 1489
f 1491 1489 906
f 1483 1489 1491
f 743 1478 1473
f 1478 903 1480
f 1473 1480 901
f 1478 1480 1473
f 903 1477 1479
f 1477 735 1374
f 1479 1374 874
f 1477 1374 1479
f 901 1474 1472
f 1474 874 1373
f 1472 1373 682
f 1474 1373 1472
f 903 1479 1480
f 1479 874 1474
f 1480 1474 901
f 1479 1474 1480
f 744 1488 1493
f 1488 906 1497
f 1493 1497 907
f 1488 1497 1493
f 906 1487 1490
f 1487 735 1477
f 1490 1477 903
f 1487 1477 1490
f 907 1495 1492
f 1495 903 1478
f 1492 1478 743
f 1495 1478 1492
f 906 1490 1497
f 1490 903 1495
f 1497 1495 907
f 1490 1495 1497
f 688 1475 1475
f 1475 902 902
f 1475 902 902
f 1475 902 1475
f 902 1476 1476
f 1476 743 743
f 1476 743 743
f 1476 743 1476
f 902 1476 1476
f 1476 743 743
f 1476 743 743
f 1476 743 1476
f 902 1476 902
f 1476 743 1476
f 902 1476 902
f 1476 1476 902
f 743 1473 1473
f 1473 901 901
f 1473 901 901
f 1473 901 1473
f 901 1472 1472
f 1472 682 682
f 1472 682 682
f 1472 682 1472
f 901 1472 1472
f 1472 682 682
f 1472 682 682
f 1472 682 1472
f 901 1472 901
f 1472 682 1472
f 901 1472 901
f 1472 1472 901
f 743 1473 1473
f 1473 901 901
f 1473 901 901
f 1473 901 1473
f 901 1472 1472
f 1472 682 682
f 1472 682 682
f 1472 682 1472
f 901 1472 1472
f 1472 682 682
f 1472 682 682
f 1472 682 1472
f 901 1472 901
f 1472 682 1472
f 901 1472 901
f 1472 1472 901
f 743 1473 743
f 1473 901 1473
f 743 1473 743
f 1473 1473 743
f 901 1472 901
f 1472 682 1472
f 901 1472 901
f 1472 1472 901
f 743 1473 743
f 1473 901 1473
f 743 1473 743
f 1473 1473 743
f 901 901 1473
f 901 901 1473
f 1473 1473 743
f 901 1473 1473
f 696 1662 1741
f 1662 954 1744
f 1741 1744 974
f 1662 1744 1741
f 954 1663 1755
f 1663 759 1753
f 1755 1753 977
f 1663 1753 1755
f 974 1756 1742
f 1756 977 1754
f 1742 1754 764
f 1756 1754 1742
f 954 1755 1744
f 1755 977 1756
f 1744 1756 974
f 1755 1756 1744
f 759 1665 1769
f 1665 955 1771
f 1769 1771 981
f 1665 1771 1769
f 955 1664 1765
f 1664 697 1763
f 1765 1763 979
f 1664 1763 1765
f 981 1773 1770
f 1773 979 1764
f 1770 1764 765
f 1773 1764 1770
f 955 1765 1771
f 1765 979 1773
f 1771 1773 981
f 1765 1773 1771
f 764 1774 1746
f 1774 982 1776
f 1746 1776 975
f 1774 1776 1746
f 982 1775 1778
f 1775 765 1767
f 1778 1767 980
f 1775 1767 1778
f 975 1768 1745
f 1768 980 1766
f 1745 1766 698
f 1768 1766 1745
f 982 1778 1776
f 1778 980 1768
f 1776 1768 975
f 1778 1768 1776
f 759 1769 1753
f 1769 981 1772
f 1753 1772 977
f 1769 1772 1753
f 981 1770 1779
f 1770 765 1775
f 1779 1775 982
f 1770 1775 1779
f 977 1777 1754
f 1777 982 1774
f 1754 1774 764
f 1777 1774 1754
f 981 1779 1772
f 1779 982 1777
f 1772 1777 977
f 1779 1777 1772
f 696 1741 1741
f 1741 974 974
f 1741 974 974
f 1741 974 1741
f 974 1742 1742
f 1742 764 764
f 1742 764 764
f 1742 764 1742
f 974 1742 1742
f 1742 764 764
f 1742 764 764
f 1742 764 1742
f 974 1742 974
f 1742 764 1742
f 974 1742 974
f 1742 1742 974
f 764 1746 1746
f 1746 975 975
f 1746 975 975
f 1746 975 1746
f 975 1745 1745
f 1745 698 698
f 1745 698 698
f 1745 698 1745
f 975 1745 1745
f 1745 698 698
f 1745 698 698
f 1745 698 1745
f 975 1745 975
f 1745 698 1745
f 975 1745 975
f 1745 1745 975
f 764 1746 1746
f 1746 975 975
f 1746 975 975
f 1746 975 1746
f 975 1745 1745
f 1745 698 698
f 1745 698 698
f 1745 698 1745
f 975 1745 1745
f 1745 698 698
f 1745 698 698
f 1745 698 1745
f 975 1745 975
f 1745 698 1745
f 975 1745 975
f 1745 1745 975
f 764 1746 764
f 1746 975 1746
f 764 1746 764
f 1746 1746 764
f 975 1745 975
f 1745 698 1745
f 975 1745 975
f 1745 1745 975
f 764 1746 764
f 1746 975 1746
f 764 1746 764
f 1746 1746 764
f 975 975 1746
f 975 975 1746
f 1746 1746 764
f 975 1746 1746
f 699 1792 1783
f 1792 987 1794
f 1783 1794 984
f 1792 1794 1783
f 987 1793 1804
f 1793 767 1801
f 1804 1801 989
f 1793 1801 1804
f 984 1802 1784
f 1802 989 1800
f 1784 1800 766
f 1802 1800 1784
f 987 1804 1794
f 1804 989 1802
f 1794 1802 984
f 1804 1802 1794
f 767 1790 1796
f 1790 986 1799
f 1796 1799 988
f 1790 1799 1796
f 986 1789 1791
f 1789 697 1664
f 1791 1664 955
f 1789 1664 1791
f 988 1797 1795
f 1797 955 1665
f 1795 1665 759
f 1797 1665 1795
f 986 1791 1799
f 1791 955 1797
f 1799 1797 988
f 1791 1797 1799
f 766 1786 1781
f 1786 985 1788
f 1781 1788 983
f 1786 1788 1781
f 985 1785 1787
f 1785 759 1663
f 1787 1663 954
f 1785 1663 1787
f 983 1782 1780
f 1782 954 1662
f 1780 1662 696
f 1782 1662 1780
f 985 1787 1788
f 1787 954 1782
f 1788 1782 983
f 1787 1782 1788
f 767 1796 1801
f 1796 988 1805
f 1801 1805 989
f 1796 1805 1801
f 988 1795 1798
f 1795 759 1785
f 1798 1785 985
f 1795 1785 1798
f 989 1803 1800
f 1803 985 1786
f 1800 1786 766
f 1803 1786 1800
f 988 1798 1805
f 1798 985 1803
f 1805 1803 989
f 1798 1803 1805
f 699 1783 1783
f 1783 984 984
f 1783 984 984
f 1783 984 1783
f 984 1784 1784
f 1784 766 766
f 1784 766 766
f 1784 766 1784
f 984 1784 1784
f 1784 766 766
f 1784 766 766
f 1784 766 1784
f 984 1784 984
f 1784 766 1784
f 984 1784 984
f 1784 1784 984
f 766 1781 1781
f 1781 983 983
f 1781 983 983
f 1781 983 1781
f 983 1780 1780
f 1780 696 696
f 1780 696 696
f 1780 696 1780
f 983 1780 1780
f 1780 696 696
f 1780 696 696
f 1780 696 1780
f 983 1780 983
f 1780 696 1780
f 983 1780 983
f 1780 1780 983
f 766 1781 1781
f 1781 983 983
f 1781 983 983
f 1781 983 1781
f 983 1780 1780
f 1780 696 696
f 1780 696 696
f 1780 696 1780
f 983 1780 1780
f 1780 696 696
f 1780 696 696
f 1780 696 1780
f 983 1780 983
f 1780 696 1780
f 983 1780 983
f 1780 1780 983
f 766 1781 766
f 1781 983 1781
f 766 1781 766
f 1781 1781 766
f 983 1780 983
f 1780 696 1780
f 983 1780 983
f 1780 1780 983
f 766 1781 766
f 1781 983 1781
f 766 1781 766
f 1781 1781 766
f 983 983 1781
f 983 983 1781
f 1781 1781 766
f 983 1781 1781
f 677 1806 1338
f 1806 990 1808
f 1338 1808 864
f 1806 1808 1338
f 990 1807 1814
f 1807 768 1812
f 1814 1812 992
f 1807 1812 1814
f 864 1813 1339
f 1813 992 1811
f 1339 1811 732
f 1813 1811 1339
f 990 1814 1808
f 1814 992 1813
f 1808 1813 864
f 1814 1813 1808
f 768 1810 1826
f 1810 991 1828
f 1826 1828 996
f 1810 1828 1826
f 991 1809 1820
f 1809 700 1818
f 1820 1818 994
f 1809 1818 1820
f 996 1830 1827
f 1830 994 1819
f 1827 1819 769
f 1830 1819 1827
f 991 1820 1828
f 1820 994 1830
f 1828 1830 996
f 1820 1830 1828
f 732 1821 1341
f 1821 995 1823
f 1341 1823 865
f 1821 1823 1341
f 995 1822 1825
f 1822 769 1816
f 1825 1816 993
f 1822 1816 1825
f 865 1817 1340
f 1817 993 1815
f 1340 1815 682
f 1817 1815 1340
f 995 1825 1823
f 1825 993 1817
f 1823 1817 865
f 1825 1817 1823
f 768 1826 1812
f 1826 996 1829
f 1812 1829 992
f 1826 1829 1812
f 996 1827 1831
f 1827 769 1822
f 1831 1822 995
f 1827 1822 1831
f 992 1824 1811
f 1824 995 1821
f 1811 1821 732
f 1824 1821 1811
f 996 1831 1829
f 1831 995 1824
f 1829 1824 992
f 1831 1824 1829
f 677 1338 1338
f 1338 864 864
f 1338 864 864
f 1338 864 1338
f 864 1339 1339
f 1339 732 732
f 1339 732 732
f 1339 732 1339
f 864 1339 1339
f 1339 732 732
f 1339 732 732
f 1339 732 1339
f 864 1339 864
f 1339 732 1339
f 864 1339 864
f 1339 1339 864
f 732 1341 1341
f 1341 865 865
f 1341 865 865
f 1341 865 1341
f 865 1340 1340
f 1340 682 682
f 1340 682 682
f 1340 682 1340
f 865 1340 1340
f 1340 682 682
f 1340 682 682
f 1340 682 1340
f 865 1340 865
f 1340 682 1340
f 865 1340 865
f 1340 1340 865
f 732 1341 1341
f 1341 865 865
f 1341 865 865
f 1341 865 1341
f 865 1340 1340
f 1340 682 682
f 1340 682 682
f 1340 682 1340
f 865 1340 1340
f 1340 682 682
f 1340 682 682
f 1340 682 1340
f 865 1340 865
f 1340 682 1340
f 865 1340 865
f 1340 1340 865
f 732 1341 732
f 1341 865 1341
f 732 1341 732
f 1341 1341 732
f 865 1340 865
f 1340 682 1340
f 865 1340 865
f 1340 1340 865
f 732 1341 732
f 1341 865 1341
f 732 1341 732
f 1341 1341 732
f 865 865 1341
f 865 865 1341
f 1341 1341 732
f 865 1341 1341
f 692 1841 1557
f 1841 1000 1843
f 1557 1843 925
f 1841 1843 1557
f 1000 1842 1851
f 1842 771 1848
f 1851 1848 1002
f 1842 1848 1851
f 925 1849 1558
f 1849 1002 1847
f 1558 1847 750
f 1849 1847 1558
f 1000 1851 1843
f 1851 1002 1849
f 1843 1849 925
f 1851 1849 1843
f 771 1845 1853
f 1845 1001 1856
f 1853 1856 1003
f 1845 1856 1853
f 1001 1844 1846
f 1844 701 1835
f 1846 1835 998
f 1844 1835 1846
f 1003 1854 1852
f 1854 998 1836
f 1852 1836 770
f 1854 1836 1852
f 1001 1846 1856
f 1846 998 1854
f 1856 1854 1003
f 1846 1854 1856
f 750 1837 1555
f 1837 999 1839
f 1555 1839 924
f 1837 1839 1555
f 999 1838 1840
f 1838 770 1833
f 1840 1833 997
f 1838 1833 1840
f 924 1834 1554
f 1834 997 1832
f 1554 1832 679
f 1834 1832 1554
f 999 1840 1839
f 1840 997 1834
f 1839 1834 924
f 1840 1834 1839
f 771 1853 1848
f 1853 1003 1857
f 1848 1857 1002
f 1853 1857 1848
f 1003 1852 1855
f 1852 770 1838
f 1855 1838 999
f 1852 1838 1855
f 1002 1850 1847
f 1850 999 1837
f 1847 1837 750
f 1850 1837 1847
f 1003 1855 1857
f 1855 999 1850
f 1857 1850 1002
f 1855 1850 1857
f 692 1557 1557
f 1557 925 925
f 1557 925 925
f 1557 925 1557
f 925 1558 1558
f 1558 750 750
f 1558 750 750
f 1558 750 1558
f 925 1558 1558
f 1558 750 750
f 1558 750 750
f 1558 750 1558
f 925 1558 925
f 1558 750 1558
f 925 1558 925
f 1558 1558 925
f 750 1555 1555
f 1555 924 924
f 1555 924 924
f 1555 924 1555
f 924 1554 1554
f 1554 679 679
f 1554 679 679
f 1554 679 1554
f 924 1554 1554
f 1554 679 679
f 1554 679 679
f 1554 679 1554
f 924 1554 924
f 1554 679 1554
f 924 1554 924
f 1554 1554 924
f 750 1555 1555
f 1555 924 924
f 1555 924 924
f 1555 924 1555
f 924 1554 1554
f 1554 679 679
f 1554 679 679
f 1554 679 1554
f 924 1554 1554
f 1554 679 679
f 1554 679 679
f 1554 679 1554
f 924 1554 924
f 1554 679 1554
f 924 1554 924
f 1554 1554 924
f 750 1555 750
f 1555 924 1555
f 750 1555 750
f 1555 1555 750
f 924 1554 924
f 1554 679 1554
f 924 1554 924
f 1554 1554 924
f 750 1555 750
f 1555 924 1555
f 750 1555 750
f 1555 1555 750
f 924 924 1555
f 924 924 1555
f 1555 1555 750
f 924 1555 1555
f 702 1860 1893
f 1860 1005 1895
f 1893 1895 1014
f 1860 1895 1893
f 1005 1861 1901
f 1861 772 1899
f 1901 1899 1016
f 1861 1899 1901
f 1014 1903 1894
f 1903 1016 1900
f 1894 1900 775
f 1903 1900 1894
f 1005 1901 1895
f 1901 1016 1903
f 1895 1903 1014
f 1901 1903 1895
f 772 1859 1872
f 1859 1004 1874
f 1872 1874 1009
f 1859 1874 1872
f 1004 1858 1865
f 1858 674 1862
f 1865 1862 1006
f 1858 1862 1865
f 1009 1875 1873
f 1875 1006 1863
f 1873 1863 773
f 1875 1863 1873
f 1004 1865 1874
f 1865 1006 1875
f 1874 1875 1009
f 1865 1875 1874
f 775 1905 1897
f 1905 1017 1908
f 1897 1908 1015
f 1905 1908 1897
f 1017 1904 1906
f 1904 773 1867
f 1906 1867 1007
f 1904 1867 1906
f 1015 1898 1896
f 1898 1007 1866
f 1896 1866 703
f 1898 1866 1896
f 1017 1906 1908
f 1906 1007 1898
f 1908 1898 1015
f 1906 1898 1908
f 772 1872 1899
f 1872 1009 1902
f 1899 1902 1016
f 1872 1902 1899
f 1009 1873 1907
f 1873 773 1904
f 1907 1904 1017
f 1873 1904 1907
f 1016 1909 1900
f 1909 1017 1905
f 1900 1905 775
f 1909 1905 1900
f 1009 1907 1902
f 1907 1017 1909
f 1902 1909 1016
f 1907 1909 1902
f 702 1893 1893
f 1893 1014 1014
f 1893 1014 1014
f 1893 1014 1893
f 1014 1894 1894
f 1894 775 775
f 1894 775 775
f 1894 775 1894
f 1014 1894 1894
f 1894 775 775
f 1894 775 775
f 1894 775 1894
f 1014 1894 1014
f 1894 775 1894
f 1014 1894 1014
f 1894 1894 1014
f 775 1897 1897
f 1897 1015 1015
f 1897 1015 1015
f 1897 1015 1897
f 1015 1896 1896
f 1896 703 703
f 1896 703 703
f 1896 703 1896
f 1015 1896 1896
f 1896 703 703
f 1896 703 703
f 1896 703 1896
f 1015 1896 1015
f 1896 703 1896
f 1015 1896 1015
f 1896 1896 1015
f 775 1897 1897
f 1897 1015 1015
f 1897 1015 1015
f 1897 1015 1897
f 1015 1896 1896
f 1896 703 703
f 1896 703 703
f 1896 703 1896
f 1015 1896 1896
f 1896 703 703
f 1896 703 703
f 1896 703 1896
f 1015 1896 1015
f 1896 703 1896
f 1015 1896 1015
f 1896 1896 1015
f 775 1897 775
f 1897 1015 1897
f 775 1897 775
f 1897 1897 775
f 1015 1896 1015
f 1896 703 1896
f 1015 1896 1015
f 1896 1896 1015
f 775 1897 775
f 1897 1015 1897
f 775 1897 775
f 1897 1897 775
f 1015 1015 1897
f 1015 1015 1897
f 1897 1897 775
f 1015 1897 1897
f 674 1134 1666
f 1134 810 1668
f 1666 1668 956
f 1134 1668 1666
f 810 1135 1673
f 1135 717 1671
f 1673 1671 958
f 1135 1671 1673
f 956 1674 1667
f 1674 958 1672
f 1667 1672 760
f 1674 1672 1667
f 810 1673 1668
f 1673 958 1674
f 1668 1674 956
f 1673 1674 1668
f 717 1138 1682
f 1138 811 1684
f 1682 1684 961
f 1138 1684 1682
f 811 1137 1677
f 1137 676 1675
f 1677 1675 959
f 1137 1675 1677
f 961 1686 1683
f 1686 959 1676
f 1683 1676 761
f 1686 1676 1683
f 811 1677 1684
f 1677 959 1686
f 1684 1686 961
f 1677 1686 1684
f 760 1691 1670
f 1691 963 1693
f 1670 1693 957
f 1691 1693 1670
f 963 1692 1695
f 1692 761 1680
f 1695 1680 960
f 1692 1680 1695
f 957 1681 1669
f 1681 960 1679
f 1669 1679 698
f 1681 1679 1669
f 963 1695 1693
f 1695 960 1681
f 1693 1681 957
f 1695 1681 1693
f 717 1682 1671
f 1682 961 1685
f 1671 1685 958
f 1682 1685 1671
f 961 1683 1696
f 1683 761 1692
f 1696 1692 963
f 1683 1692 1696
f 958 1694 1672
f 1694 963 1691
f 1672 1691 760
f 1694 1691 1672
f 961 1696 1685
f 1696 963 1694
f 1685 1694 958
f 1696 1694 1685
f 674 1666 1666
f 1666 956 956
f 1666 956 956
f 1666 956 1666
f 956 1667 1667
f 1667 760 760
f 1667 760 760
f 1667 760 1667
f 956 1667 1667
f 1667 760 760
f 1667 760 760
f 1667 760 1667
f 956 1667 956
f 1667 760 1667
f 956 1667 956
f 1667 1667 956
f 760 1670 1670
f 1670 957 957
f 1670 957 957
f 1670 957 1670
f 957 1669 1669
f 1669 698 698
f 1669 698 698
f 1669 698 1669
f 957 1669 1669
f 1669 698 698
f 1669 698 698
f 1669 698 1669
f 957 1669 957
f 1669 698 1669
f 957 1669 957
f 1669 1669 957
f 760 1670 1670
f 1670 957 957
f 1670 957 957
f 1670 957 1670
f 957 1669 1669
f 1669 698 698
f 1669 698 698
f 1669 698 1669
f 957 1669 1669
f 1669 698 698
f 1669 698 698
f 1669 698 1669
f 957 1669 957
f 1669 698 1669
f 957 1669 957
f 1669 1669 957
f 760 1670 760
f 1670 957 1670
f 760 1670 760
f 1670 1670 760
f 957 1669 957
f 1669 698 1669
f 957 1669 957
f 1669 1669 957
f 760 1670 760
f 1670 957 1670
f 760 1670 760
f 1670 1670 760
f 957 957 1670
f 957 957 1670
f 1670 1670 760
f 957 1670 1670
f 679 1697 1306
f 1697 964 1699
f 1306 1699 854
f 1697 1699 1306
f 964 1698 1708
f 1698 762 1705
f 1708 1705 966
f 1698 1705 1708
f 854 1706 1307
f 1706 966 1704
f 1307 1704 728
f 1706 1704 1307
f 964 1708 1699
f 1708 966 1706
f 1699 1706 854
f 1708 1706 1699
f 762 1702 1714
f 1702 965 1717
f 1714 1717 968
f 1702 1717 1714
f 965 1701 1703
f 1701 698 1679
f 1703 1679 960
f 1701 1679 1703
f 968 1715 1713
f 1715 960 1680
f 1713 1680 761
f 1715 1680 1713
f 965 1703 1717
f 1703 960 1715
f 1717 1715 968
f 1703 1715 1717
f 728 1687 1305
f 1687 962 1689
f 1305 1689 853
f 1687 1689 1305
f 962 1688 1690
f 1688 761 1676
f 1690 1676 959
f 1688 1676 1690
f 853 1678 1304
f 1678 959 1675
f 1304 1675 676
f 1678 1675 1304
f 962 1690 1689
f 1690 959 1678
f 1689 1678 853
f 1690 1678 1689
f 762 1714 1705
f 1714 968 1718
f 1705 1718 966
f 1714 1718 1705
f 968 1713 1716
f 1713 761 1688
f 1716 1688 962
f 1713 1688 1716
f 966 1707 1704
f 1707 962 1687
f 1704 1687 728
f 1707 1687 1704
f 968 1716 1718
f 1716 962 1707
f 1718 1707 966
f 1716 1707 1718
f 679 1306 1306
f 1306 854 854
f 1306 854 854
f 1306 854 1306
f 854 1307 1307
f 1307 728 728
f 1307 728 728
f 1307 728 1307
f 854 1307 1307
f 1307 728 728
f 1307 728 728
f 1307 728 1307
f 854 1307 854
f 1307 728 1307
f 854 1307 854
f 1307 1307 854
f 728 1305 1305
f 1305 853 853
f 1305 853 853
f 1305 853 1305
f 853 1304 1304
f 1304 676 676
f 1304 676 676
f 1304 676 1304
f 853 1304 1304
f 1304 676 676
f 1304 676 676
f 1304 676 1304
f 853 1304 853
f 1304 676 1304
f 853 1304 853
f 1304 1304 853
f 728 1305 1305
f 1305 853 853
f 1305 853 853
f 1305 853 1305
f 853 1304 1304
f 1304 676 676
f 1304 676 676
f 1304 676 1304
f 853 1304 1304
f 1304 676 676
f 1304 676 676
f 1304 676 1304
f 853 1304 853
f 1304 676 1304
f 853 1304 853
f 1304 1304 853
f 728 1305 728
f 1305 853 1305
f 728 1305 728
f 1305 1305 728
f 853 1304 853
f 1304 676 1304
f 853 1304 853
f 1304 1304 853
f 728 1305 728
f 1305 853 1305
f 728 1305 728
f 1305 1305 728
f 853 853 1305
f 853 853 1305
f 1305 1305 728
f 853 1305 1305
f 698 1876 1669
f 1876 1010 1878
f 1669 1878 957
f 1876 1878 1669
f 1010 1877 1886
f 1877 774 1883
f 1886 1883 1012
f 1877 1883 1886
f 957 1884 1670
f 1884 1012 1882
f 1670 1882 760
f 1884 1882 1670
f 1010 1886 1878
f 1886 1012 1884
f 1878 1884 957
f 1886 1884 1878
f 774 1880 1888
f 1880 1011 1891
f 1888 1891 1013
f 1880 1891 1888
f 1011 1879 1881
f 1879 703 1866
f 1881 1866 1007
f 1879 1866 1881
f 1013 1889 1887
f 1889 1007 1867
f 1887 1867 773
f 1889 1867 1887
f 1011 1881 1891
f 1881 1007 1889
f 1891 1889 1013
f 1881 1889 1891
f 760 1868 1667
f 1868 1008 1870
f 1667 1870 956
f 1868 1870 1667
f 1008 1869 1871
f 1869 773 1863
f 1871 1863 1006
f 1869 1863 1871
f 956 1864 1666
f 1864 1006 1862
f 1666 1862 674
f 1864 1862 1666
f 1008 1871 1870
f 1871 1006 1864
f 1870 1864 956
f 1871 1864 1870
f 774 1888 1883
f 1888 1013 1892
f 1883 1892 1012
f 1888 1892 1883
f 1013 1887 1890
f 1887 773 1869
f 1890 1869 1008
f 1887 1869 1890
f 1012 1885 1882
f 1885 1008 1868
f 1882 1868 760
f 1885 1868 1882
f 1013 1890 1892
f 1890 1008 1885
f 1892 1885 1012
f 1890 1885 1892
f 698 1669 1669
f 1669 957 957
f 1669 957 957
f 1669 957 1669
f 957 1670 1670
f 1670 760 760
f 1670 760 760
f 1670 760 1670
f 957 1670 1670
f 1670 760 760
f 1670 760 760
f 1670 760 1670
f 957 1670 957
f 1670 760 1670
f 957 1670 957
f 1670 1670 957
f 760 1667 1667
f 1667 956 956
f 1667 956 956
f 1667 956 1667
f 956 1666 1666
f 1666 674 674
f 1666 674 674
f 1666 674 1666
f 956 1666 1666
f 1666 674 674
f 1666 674 674
f 1666 674 1666
f 956 1666 956
f 1666 674 1666
f 956 1666 956
f 1666 1666 956
f 760 1667 1667
f 1667 956 956
f 1667 956 956
f 1667 956 1667
f 956 1666 1666
f 1666 674 674
f 1666 674 674
f 1666 674 1666
f 956 1666 1666
f 1666 674 674
f 1666 674 674
f 1666 674 1666
f 956 1666 956
f 1666 674 1666
f 956 1666 956
f 1666 1666 956
f 760 1667 760
f 1667 956 1667
f 760 1667 760
f 1667 1667 760
f 956 1666 956
f 1666 674 1666
f 956 1666 956
f 1666 1666 956
f 760 1667 760
f 1667 956 1667
f 760 1667 760
f 1667 1667 760
f 956 956 1667
f 956 956 1667
f 1667 1667 760
f 956 1667 1667
f 679 1312 1697
f 1312 857 1700
f 1697 1700 964
f 1312 1700 1697
f 857 1313 1711
f 1313 730 1709
f 1711 1709 967
f 1313 1709 1711
f 964 1712 1698
f 1712 967 1710
f 1698 1710 762
f 1712 1710 1698
f 857 1711 1700
f 1711 967 1712
f 1700 1712 964
f 1711 1712 1700
f 730 1316 1726
f 1316 858 1728
f 1726 1728 971
f 1316 1728 1726
f 858 1315 1721
f 1315 681 1719
f 1721 1719 969
f 1315 1719 1721
f 971 1730 1727
f 1730 969 1720
f 1727 1720 763
f 1730 1720 1727
f 858 1721 1728
f 1721 969 1730
f 1728 1730 971
f 1721 1730 1728
f 762 1735 1702
f 1735 973 1737
f 1702 1737 965
f 1735 1737 1702
f 973 1736 1739
f 1736 763 1724
f 1739 1724 970
f 1736 1724 1739
f 965 1725 1701
f 1725 970 1723
f 1701 1723 698
f 1725 1723 1701
f 973 1739 1737
f 1739 970 1725
f 1737 1725 965
f 1739 1725 1737
f 730 1726 1709
f 1726 971 1729
f 1709 1729 967
f 1726 1729 1709
f 971 1727 1740
f 1727 763 1736
f 1740 1736 973
f 1727 1736 1740
f 967 1738 1710
f 1738 973 1735
f 1710 1735 762
f 1738 1735 1710
f 971 1740 1729
f 1740 973 1738
f 1729 1738 967
f 1740 1738 1729
f 679 1697 1697
f 1697 964 964
f 1697 964 964
f 1697 964 1697
f 964 1698 1698
f 1698 762 762
f 1698 762 762
f 1698 762 1698
f 964 1698 1698
f 1698 762 762
f 1698 762 762
f 1698 762 1698
f 964 1698 964
f 1698 762 1698
f 964 1698 964
f 1698 1698 964
f 762 1702 1702
f 1702 965 965
f 1702 965 965
f 1702 965 1702
f 965 1701 1701
f 1701 698 698
f 1701 698 698
f 1701 698 1701
f 965 1701 1701
f 1701 698 698
f 1701 698 698
f 1701 698 1701
f 965 1701 965
f 1701 698 1701
f 965 1701 965
f 1701 1701 965
f 762 1702 1702
f 1702 965 965
f 1702 965 965
f 1702 965 1702
f 965 1701 1701
f 1701 698 698
f 1701 698 698
f 1701 698 1701
f 965 1701 1701
f 1701 698 698
f 1701 698 698
f 1701 698 1701
f 965 1701 965
f 1701 698 1701
f 965 1701 965
f 1701 1701 965
f 762 1702 762
f 1702 965 1702
f 762 1702 762
f 1702 1702 762
f 965 1701 965
f 1701 698 1701
f 965 1701 965
f 1701 1701 965
f 762 1702 762
f 1702 965 1702
f 762 1702 762
f 1702 1702 762
f 965 965 1702
f 965 965 1702
f 1702 1702 762
f 965 1702 1702
f 702 1923 1860
f 1923 1023 1925
f 1860 1925 1005
f 1923 1925 1860
f 1023 1924 1933
f 1924 778 1930
f 1933 1930 1025
f 1924 1930 1933
f 1005 1931 1861
f 1931 1025 1929
f 1861 1929 772
f 1931 1929 1861
f 1023 1933 1925
f 1933 1025 1931
f 1925 1931 1005
f 1933 1931 1925
f 778 1927 1935
f 1927 1024 1938
f 1935 1938 1026
f 1927 1938 1935
f 1024 1926 1928
f 1926 704 1913
f 1928 1913 1019
f 1926 1913 1928
f 1026 1936 1934
f 1936 1019 1914
f 1934 1914 776
f 1936 1914 1934
f 1024 1928 1938
f 1928 1019 1936
f 1938 1936 1026
f 1928 1936 1938
f 772 1915 1859
f 1915 1020 1917
f 1859 1917 1004
f 1915 1917 1859
f 1020 1916 1918
f 1916 776 1911
f 1918 1911 1018
f 1916 1911 1918
f 1004 1912 1858
f 1912 1018 1910
f 1858 1910 674
f 1912 1910 1858
f 1020 1918 1917
f 1918 1018 1912
f 1917 1912 1004
f 1918 1912 1917
f 778 1935 1930
f 1935 1026 1939
f 1930 1939 1025
f 1935 1939 1930
f 1026 1934 1937
f 1934 776 1916
f 1937 1916 1020
f 1934 1916 1937
f 1025 1932 1929
f 1932 1020 1915
f 1929 1915 772
f 1932 1915 1929
f 1026 1937 1939
f 1937 1020 1932
f 1939 1932 1025
f 1937 1932 1939
f 702 1860 1860
f 1860 1005 1005
f 1860 1005 1005
f 1860 1005 1860
f 1005 1861 1861
f 1861 772 772
f 1861 772 772
f 1861 772 1861
f 1005 1861 1861
f 1861 772 772
f 1861 772 772
f 1861 772 1861
f 1005 1861 1005
f 1861 772 1861
f 1005 1861 1005
f 1861 1861 1005
f 772 1859 1859
f 1859 1004 1004
f 1859 1004 1004
f 1859 1004 1859
f 1004 1858 1858
f 1858 674 674
f 1858 674 674
f 1858 674 1858
f 1004 1858 1858
f 1858 674 674
f 1858 674 674
f 1858 674 1858
f 1004 1858 1004
f 1858 674 1858
f 1004 1858 1004
f 1858 1858 1004
f 772 1859 1859
f 1859 1004 1004
f 1859 1004 1004
f 1859 1004 1859
f 1004 1858 1858
f 1858 674 674
f 1858 674 674
f 1858 674 1858
f 1004 1858 1858
f 1858 674 674
f 1858 674 674
f 1858 674 1858
f 1004 1858 1004
f 1858 674 1858
f 1004 1858 1004
f 1858 1858 1004
f 772 1859 772
f 1859 1004 1859
f 772 1859 772
f 1859 1859 772
f 1004 1858 1004
f 1858 674 1858
f 1004 1858 1004
f 1858 1858 1004
f 772 1859 772
f 1859 1004 1859
f 772 1859 772
f 1859 1859 772
f 1004 1004 1859
f 1004 1004 1859
f 1859 1859 772
f 1004 1859 1859
f 705 1957 1944
f 1957 1032 1959
f 1944 1959 1028
f 1957 1959 1944
f 1032 1958 1969
f 1958 780 1966
f 1969 1966 1034
f 1958 1966 1969
f 1028 1967 1945
f 1967 1034 1965
f 1945 1965 779
f 1967 1965 1945
f 1032 1969 1959
f 1969 1034 1967
f 1959 1967 1028
f 1969 1967 1959
f 780 1955 1961
f 1955 1031 1964
f 1961 1964 1033
f 1955 1964 1961
f 1031 1954 1956
f 1954 700 1809
f 1956 1809 991
f 1954 1809 1956
f 1033 1962 1960
f 1962 991 1810
f 1960 1810 768
f 1962 1810 1960
f 1031 1956 1964
f 1956 991 1962
f 1964 1962 1033
f 1956 1962 1964
f 779 1947 1941
f 1947 1029 1949
f 1941 1949 1027
f 1947 1949 1941
f 1029 1946 1948
f 1946 768 1807
f 1948 1807 990
f 1946 1807 1948
f 1027 1942 1940
f 1942 990 1806
f 1940 1806 677
f 1942 1806 1940
f 1029 1948 1949
f 1948 990 1942
f 1949 1942 1027
f 1948 1942 1949
f 780 1961 1966
f 1961 1033 1970
f 1966 1970 1034
f 1961 1970 1966
f 1033 1960 1963
f 1960 768 1946
f 1963 1946 1029
f 1960 1946 1963
f 1034 1968 1965
f 1968 1029 1947
f 1965 1947 779
f 1968 1947 1965
f 1033 1963 1970
f 1963 1029 1968
f 1970 1968 1034
f 1963 1968 1970
f 705 1944 1944
f 1944 1028 1028
f 1944 1028 1028
f 1944 1028 1944
f 1028 1945 1945
f 1945 779 779
f 1945 779 779
f 1945 779 1945
f 1028 1945 1945
f 1945 779 779
f 1945 779 779
f 1945 779 1945
f 1028 1945 1028
f 1945 779 1945
f 1028 1945 1028
f 1945 1945 1028
f 779 1941 1941
f 1941 1027 1027
f 1941 1027 1027
f 1941 1027 1941
f 1027 1940 1940
f 1940 677 677
f 1940 677 677
f 1940 677 1940
f 1027 1940 1940
f 1940 677 677
f 1940 677 677
f 1940 677 1940
f 1027 1940 1027
f 1940 677 1940
f 1027 1940 1027
f 1940 1940 1027
f 779 1941 1941
f 1941 1027 1027
f 1941 1027 1027
f 1941 1027 1941
f 1027 1940 1940
f 1940 677 677
f 1940 677 677
f 1940 677 1940
f 1027 1940 1940
f 1940 677 677
f 1940 677 677
f 1940 677 1940
f 1027 1940 1027
f 1940 677 1940
f 1027 1940 1027
f 1940 1940 1027
f 779 1941 779
f 1941 1027 1941
f 779 1941 779
f 1941 1941 779
f 1027 1940 1027
f 1940 677 1940
f 1027 1940 1027
f 1940 1940 1027
f 779 1941 779
f 1941 1027 1941
f 779 1941 779
f 1941 1941 779
f 1027 1027 1941
f 1027 1027 1941
f 1941 1941 779
f 1027 1941 1941
f 704 1980 1921
f 1980 1038 1982
f 1921 1982 1022
f 1980 1982 1921
f 1038 1981 1992
f 1981 782 1989
f 1992 1989 1040
f 1981 1989 1992
f 1022 1990 1922
f 1990 1040 1988
f 1922 1988 777
f 1990 1988 1922
f 1038 1992 1982
f 1992 1040 1990
f 1982 1990 1022
f 1992 1990 1982
f 782 1985 1999
f 1985 1039 2002
f 1999 2002 1042
f 1985 2002 1999
f 1039 1984 1986
f 1984 705 1944
f 1986 1944 1028
f 1984 1944 1986
f 1042 2000 1998
f 2000 1028 1945
f 1998 1945 779
f 2000 1945 1998
f 1039 1986 2002
f 1986 1028 2000
f 2002 2000 1042
f 1986 2000 2002
f 777 1950 1920
f 1950 1030 1952
f 1920 1952 1021
f 1950 1952 1920
f 1030 1951 1953
f 1951 779 1941
f 1953 1941 1027
f 1951 1941 1953
f 1021 1943 1919
f 1943 1027 1940
f 1919 1940 677
f 1943 1940 1919
f 1030 1953 1952
f 1953 1027 1943
f 1952 1943 1021
f 1953 1943 1952
f 782 1999 1989
f 1999 1042 2003
f 1989 2003 1040
f 1999 2003 1989
f 1042 1998 2001
f 1998 779 1951
f 2001 1951 1030
f 1998 1951 2001
f 1040 1991 1988
f 1991 1030 1950
f 1988 1950 777
f 1991 1950 1988
f 1042 2001 2003
f 2001 1030 1991
f 2003 1991 1040
f 2001 1991 2003
f 704 1921 1921
f 1921 1022 1022
f 1921 1022 1022
f 1921 1022 1921
f 1022 1922 1922
f 1922 777 777
f 1922 777 777
f 1922 777 1922
f 1022 1922 1922
f 1922 777 777
f 1922 777 777
f 1922 777 1922
f 1022 1922 1022
f 1922 777 1922
f 1022 1922 1022
f 1922 1922 1022
f 777 1920 1920
f 1920 1021 1021
f 1920 1021 1021
f 1920 1021 1920
f 1021 1919 1919
f 1919 677 677
f 1919 677 677
f 1919 677 1919
f 1021 1919 1919
f 1919 677 677
f 1919 677 677
f 1919 677 1919
f 1021 1919 1021
f 1919 677 1919
f 1021 1919 1021
f 1919 1919 1021
f 777 1920 1920
f 1920 1021 1021
f 1920 1021 1021
f 1920 1021 1920
f 1021 1919 1919
f 1919 677 677
f 1919 677 677
f 1919 677 1919
f 1021 1919 1919
f 1919 677 677
f 1919 677 677
f 1919 677 1919
f 1021 1919 1021
f 1919 677 1919
f 1021 1919 1021
f 1919 1919 1021
f 777 1920 777
f 1920 1021 1920
f 777 1920 777
f 1920 1920 777
f 1021 1919 1021
f 1919 677 1919
f 1021 1919 1021
f 1919 1919 1021
f 777 1920 777
f 1920 1021 1920
f 777 1920 777
f 1920 1920 777
f 1021 1021 1920
f 1021 1021 1920
f 1920 1920 777
f 1021 1920 1920
f 705 1984 1974
f 1984 1039 1987
f 1974 1987 1036
f 1984 1987 1974
f 1039 1985 2008
f 1985 782 2005
f 2008 2005 1043
f 1985 2005 2008
f 1036 2006 1975
f 2006 1043 2004
f 1975 2004 781
f 2006 2004 1975
f 1039 2008 1987
f 2008 1043 2006
f 1987 2006 1036
f 2008 2006 1987
f 782 1981 1994
f 1981 1038 1997
f 1994 1997 1041
f 1981 1997 1994
f 1038 1980 1983
f 1980 704 1926
f 1983 1926 1024
f 1980 1926 1983
f 1041 1995 1993
f 1995 1024 1927
f 1993 1927 778
f 1995 1927 1993
f 1038 1983 1997
f 1983 1024 1995
f 1997 1995 1041
f 1983 1995 1997
f 781 1977 1972
f 1977 1037 1979
f 1972 1979 1035
f 1977 1979 1972
f 1037 1976 1978
f 1976 778 1924
f 1978 1924 1023
f 1976 1924 1978
f 1035 1973 1971
f 1973 1023 1923
f 1971 1923 702
f 1973 1923 1971
f 1037 1978 1979
f 1978 1023 1973
f 1979 1973 1035
f 1978 1973 1979
f 782 1994 2005
f 1994 1041 2009
f 2005 2009 1043
f 1994 2009 2005
f 1041 1993 1996
f 1993 778 1976
f 1996 1976 1037
f 1993 1976 1996
f 1043 2007 2004
f 2007 1037 1977
f 2004 1977 781
f 2007 1977 2004
f 1041 1996 2009
f 1996 1037 2007
f 2009 2007 1043
f 1996 2007 2009
f 705 1974 1974
f 1974 1036 1036
f 1974 1036 1036
f 1974 1036 1974
f 1036 1975 1975
f 1975 781 781
f 1975 781 781
f 1975 781 1975
f 1036 1975 1975
f 1975 781 781
f 1975 781 781
f 1975 781 1975
f 1036 1975 1036
f 1975 781 1975
f 1036 1975 1036
f 1975 1975 1036
f 781 1972 1972
f 1972 1035 1035
f 1972 1035 1035
f 1972 1035 1972
f 1035 1971 1971
f 1971 702 702
f 1971 702 702
f 1971 702 1971
f 1035 1971 1971
f 1971 702 702
f 1971 702 702
f 1971 702 1971
f 1035 1971 1035
f 1971 702 1971
f 1035 1971 1035
f 1971 1971 1035
f 781 1972 1972
f 1972 1035 1035
f 1972 1035 1035
f 1972 1035 1972
f 1035 1971 1971
f 1971 702 702
f 1971 702 702
f 1971 702 1971
f 1035 1971 1971
f 1971 702 702
f 1971 702 702
f 1971 702 1971
f 1035 1971 1035
f 1971 702 1971
f 1035 1971 1035
f 1971 1971 1035
f 781 1972 781
f 1972 1035 1972
f 781 1972 781
f 1972 1972 781
f 1035 1971 1035
f 1971 702 1971
f 1035 1971 1035
f 1971 1971 1035
f 781 1972 781
f 1972 1035 1972
f 781 1972 781
f 1972 1972 781
f 1035 1035 1972
f 1035 1035 1972
f 1972 1972 781
f 1035 1972 1972
f 698 1723 1745
f 1723 970 1747
f 1745 1747 975
f 1723 1747 1745
f 970 1724 1759
f 1724 763 1757
f 1759 1757 978
f 1724 1757 1759
f 975 1761 1746
f 1761 978 1758
f 1746 1758 764
f 1761 1758 1746
f 970 1759 1747
f 1759 978 1761
f 1747 1761 975
f 1759 1761 1747
f 763 1720 1732
f 1720 969 1734
f 1732 1734 972
f 1720 1734 1732
f 969 1719 1722
f 1719 681 1658
f 1722 1658 952
f 1719 1658 1722
f 972 1733 1731
f 1733 952 1659
f 1731 1659 758
f 1733 1659 1731
f 969 1722 1734
f 1722 952 1733
f 1734 1733 972
f 1722 1733 1734
f 764 1749 1742
f 1749 976 1752
f 1742 1752 974
f 1749 1752 1742
f 976 1748 1750
f 1748 758 1661
f 1750 1661 953
f 1748 1661 1750
f 974 1743 1741
f 1743 953 1660
f 1741 1660 696
f 1743 1660 1741
f 976 1750 1752
f 1750 953 1743
f 1752 1743 974
f 1750 1743 1752
f 763 1732 1757
f 1732 972 1760
f 1757 1760 978
f 1732 1760 1757
f 972 1731 1751
f 1731 758 1748
f 1751 1748 976
f 1731 1748 1751
f 978 1762 1758
f 1762 976 1749
f 1758 1749 764
f 1762 1749 1758
f 972 1751 1760
f 1751 976 1762
f 1760 1762 978
f 1751 1762 1760
f 698 1745 1745
f 1745 975 975
f 1745 975 975
f 1745 975 1745
f 975 1746 1746
f 1746 764 764
f 1746 764 764
f 1746 764 1746
f 975 1746 1746
f 1746 764 764
f 1746 764 764
f 1746 764 1746
f 975 1746 975
f 1746 764 1746
f 975 1746 975
f 1746 1746 975
f 764 1742 1742
f 1742 974 974
f 1742 974 974
f 1742 974 1742
f 974 1741 1741
f 1741 696 696
f 1741 696 696
f 1741 696 1741
f 974 1741 1741
f 1741 696 696
f 1741 696 696
f 1741 696 1741
f 974 1741 974
f 1741 696 1741
f 974 1741 974
f 1741 1741 974
f 764 1742 1742
f 1742 974 974
f 1742 974 974
f 1742 974 1742
f 974 1741 1741
f 1741 696 696
f 1741 696 696
f 1741 696 1741
f 974 1741 1741
f 1741 696 696
f 1741 696 696
f 1741 696 1741
f 974 1741 974
f 1741 696 1741
f 974 1741 974
f 1741 1741 974
f 764 1742 764
f 1742 974 1742
f 764 1742 764
f 1742 1742 764
f 974 1741 974
f 1741 696 1741
f 974 1741 974
f 1741 1741 974
f 764 1742 764
f 1742 974 1742
f 764 1742 764
f 1742 1742 764
f 974 974 1742
f 974 974 1742
f 1742 1742 764
f 974 1742 1742
f 685 1442 1580
f 1442 892 1582
f 1580 1582 931
f 1442 1582 1580
f 892 1443 1587
f 1443 740 1585
f 1587 1585 933
f 1443 1585 1587
f 931 1588 1581
f 1588 933 1586
f 1581 1586 752
f 1588 1586 1581
f 892 1587 1582
f 1587 933 1588
f 1582 1588 931
f 1587 1588 1582
f 740 1445 1595
f 1445 893 1597
f 1595 1597 936
f 1445 1597 1595
f 893 1444 1591
f 1444 686 1589
f 1591 1589 934
f 1444 1589 1591
f 936 1599 1596
f 1599 934 1590
f 1596 1590 753
f 1599 1590 1596
f 893 1591 1597
f 1591 934 1599
f 1597 1599 936
f 1591 1599 1597
f 752 1600 1584
f 1600 937 1602
f 1584 1602 932
f 1600 1602 1584
f 937 1601 1604
f 1601 753 1593
f 1604 1593 935
f 1601 1593 1604
f 932 1594 1583
f 1594 935 1592
f 1583 1592 693
f 1594 1592 1583
f 937 1604 1602
f 1604 935 1594
f 1602 1594 932
f 1604 1594 1602
f 740 1595 1585
f 1595 936 1598
f 1585 1598 933
f 1595 1598 1585
f 936 1596 1605
f 1596 753 1601
f 1605 1601 937
f 1596 1601 1605
f 933 1603 1586
f 1603 937 1600
f 1586 1600 752
f 1603 1600 1586
f 936 1605 1598
f 1605 937 1603
f 1598 1603 933
f 1605 1603 1598
f 685 1580 1580
f 1580 931 931
f 1580 931 931
f 1580 931 1580
f 931 1581 1581
f 1581 752 752
f 1581 752 752
f 1581 752 1581
f 931 1581 1581
f 1581 752 752
f 1581 752 752
f 1581 752 1581
f 931 1581 931
f 1581 752 1581
f 931 1581 931
f 1581 1581 931
f 752 1584 1584
f 1584 932 932
f 1584 932 932
f 1584 932 1584
f 932 1583 1583
f 1583 693 693
f 1583 693 693
f 1583 693 1583
f 932 1583 1583
f 1583 693 693
f 1583 693 693
f 1583 693 1583
f 932 1583 932
f 1583 693 1583
f 932 1583 932
f 1583 1583 932
f 752 1584 1584
f 1584 932 932
f 1584 932 932
f 1584 932 1584
f 932 1583 1583
f 1583 693 693
f 1583 693 693
f 1583 693 1583
f 932 1583 1583
f 1583 693 693
f 1583 693 693
f 1583 693 1583
f 932 1583 932
f 1583 693 1583
f 932 1583 932
f 1583 1583 932
f 752 1584 752
f 1584 932 1584
f 752 1584 752
f 1584 1584 752
f 932 1583 932
f 1583 693 1583
f 932 1583 932
f 1583 1583 932
f 752 1584 752
f 1584 932 1584
f 752 1584 752
f 1584 1584 752
f 932 932 1584
f 932 932 1584
f 1584 1584 752
f 932 1584 1584
f 695 2041 1644
f 2041 1052 2043
f 1644 2043 949
f 2041 2043 1644
f 1052 2042 2051
f 2042 785 2048
f 2051 2048 1054
f 2042 2048 2051
f 949 2049 1645
f 2049 1054 2047
f 1645 2047 757
f 2049 2047 1645
f 1052 2051 2043
f 2051 1054 2049
f 2043 2049 949
f 2051 2049 2043
f 785 2045 2053
f 2045 1053 2056
f 2053 2056 1055
f 2045 2056 2053
f 1053 2044 2046
f 2044 706 2014
f 2046 2014 1045
f 2044 2014 2046
f 1055 2054 2052
f 2054 1045 2015
f 2052 2015 783
f 2054 2015 2052
f 1053 2046 2056
f 2046 1045 2054
f 2056 2054 1055
f 2046 2054 2056
f 757 2020 1642
f 2020 1047 2022
f 1642 2022 948
f 2020 2022 1642
f 1047 2021 2023
f 2021 783 2011
f 2023 2011 1044
f 2021 2011 2023
f 948 2013 1641
f 2013 1044 2010
f 1641 2010 685
f 2013 2010 1641
f 1047 2023 2022
f 2023 1044 2013
f 2022 2013 948
f 2023 2013 2022
f 785 2053 2048
f 2053 1055 2057
f 2048 2057 1054
f 2053 2057 2048
f 1055 2052 2055
f 2052 783 2021
f 2055 2021 1047
f 2052 2021 2055
f 1054 2050 2047
f 2050 1047 2020
f 2047 2020 757
f 2050 2020 2047
f 1055 2055 2057
f 2055 1047 2050
f 2057 2050 1054
f 2055 2050 2057
f 695 1644 1644
f 1644 949 949
f 1644 949 949
f 1644 949 1644
f 949 1645 1645
f 1645 757 757
f 1645 757 757
f 1645 757 1645
f 949 1645 1645
f 1645 757 757
f 1645 757 757
f 1645 757 1645
f 949 1645 949
f 1645 757 1645
f 949 1645 949
f 1645 1645 949
f 757 1642 1642
f 1642 948 948
f 1642 948 948
f 1642 948 1642
f 948 1641 1641
f 1641 685 685
f 1641 685 685
f 1641 685 1641
f 948 1641 1641
f 1641 685 685
f 1641 685 685
f 1641 685 1641
f 948 1641 948
f 1641 685 1641
f 948 1641 948
f 1641 1641 948
f 757 1642 1642
f 1642 948 948
f 1642 948 948
f 1642 948 1642
f 948 1641 1641
f 1641 685 685
f 1641 685 685
f 1641 685 1641
f 948 1641 1641
f 1641 685 685
f 1641 685 685
f 1641 685 1641
f 948 1641 948
f 1641 685 1641
f 948 1641 948
f 1641 1641 948
f 757 1642 757
f 1642 948 1642
f 757 1642 757
f 1642 1642 757
f 948 1641 948
f 1641 685 1641
f 948 1641 948
f 1641 1641 948
f 757 1642 757
f 1642 948 1642
f 757 1642 757
f 1642 1642 757
f 948 948 1642
f 948 948 1642
f 1642 1642 757
f 948 1642 1642
f 699 2067 1792
f 2067 1059 2069
f 1792 2069 987
f 2067 2069 1792
f 1059 2068 2077
f 2068 787 2074
f 2077 2074 1061
f 2068 2074 2077
f 987 2075 1793
f 2075 1061 2073
f 1793 2073 767
f 2075 2073 1793
f 1059 2077 2069
f 2077 1061 2075
f 2069 2075 987
f 2077 2075 2069
f 787 2071 2079
f 2071 1060 2082
f 2079 2082 1062
f 2071 2082 2079
f 1060 2070 2072
f 2070 707 2061
f 2072 2061 1057
f 2070 2061 2072
f 1062 2080 2078
f 2080 1057 2062
f 2078 2062 786
f 2080 2062 2078
f 1060 2072 2082
f 2072 1057 2080
f 2082 2080 1062
f 2072 2080 2082
f 767 2063 1790
f 2063 1058 2065
f 1790 2065 986
f 2063 2065 1790
f 1058 2064 2066
f 2064 786 2059
f 2066 2059 1056
f 2064 2059 2066
f 986 2060 1789
f 2060 1056 2058
f 1789 2058 697
f 2060 2058 1789
f 1058 2066 2065
f 2066 1056 2060
f 2065 2060 986
f 2066 2060 2065
f 787 2079 2074
f 2079 1062 2083
f 2074 2083 1061
f 2079 2083 2074
f 1062 2078 2081
f 2078 786 2064
f 2081 2064 1058
f 2078 2064 2081
f 1061 2076 2073
f 2076 1058 2063
f 2073 2063 767
f 2076 2063 2073
f 1062 2081 2083
f 2081 1058 2076
f 2083 2076 1061
f 2081 2076 2083
f 699 1792 1792
f 1792 987 987
f 1792 987 987
f 1792 987 1792
f 987 1793 1793
f 1793 767 767
f 1793 767 767
f 1793 767 1793
f 987 1793 1793
f 1793 767 767
f 1793 767 767
f 1793 767 1793
f 987 1793 987
f 1793 767 1793
f 987 1793 987
f 1793 1793 987
f 767 1790 1790
f 1790 986 986
f 1790 986 986
f 1790 986 1790
f 986 1789 1789
f 1789 697 697
f 1789 697 697
f 1789 697 1789
f 986 1789 1789
f 1789 697 697
f 1789 697 697
f 1789 697 1789
f 986 1789 986
f 1789 697 1789
f 986 1789 986
f 1789 1789 986
f 767 1790 1790
f 1790 986 986
f 1790 986 986
f 1790 986 1790
f 986 1789 1789
f 1789 697 697
f 1789 697 697
f 1789 697 1789
f 986 1789 1789
f 1789 697 697
f 1789 697 697
f 1789 697 1789
f 986 1789 986
f 1789 697 1789
f 986 1789 986
f 1789 1789 986
f 767 1790 767
f 1790 986 1790
f 767 1790 767
f 1790 1790 767
f 986 1789 986
f 1789 697 1789
f 986 1789 986
f 1789 1789 986
f 767 1790 767
f 1790 986 1790
f 767 1790 767
f 1790 1790 767
f 986 986 1790
f 986 986 1790
f 1790 1790 767
f 986 1790 1790
f 680 1310 2093
f 1310 856 2095
f 2093 2095 1066
f 1310 2095 2093
f 856 1311 2101
f 1311 729 2099
f 2101 2099 1068
f 1311 2099 2101
f 1066 2103 2094
f 2103 1068 2100
f 2094 2100 789
f 2103 2100 2094
f 856 2101 2095
f 2101 1068 2103
f 2095 2103 1066
f 2101 2103 2095
f 729 1309 2089
f 1309 855 2091
f 2089 2091 1065
f 1309 2091 2089
f 855 1308 2086
f 1308 679 2084
f 2086 2084 1063
f 1308 2084 2086
f 1065 2092 2090
f 2092 1063 2085
f 2090 2085 788
f 2092 2085 2090
f 855 2086 2091
f 2086 1063 2092
f 2091 2092 1065
f 2086 2092 2091
f 789 2105 2097
f 2105 1069 2108
f 2097 2108 1067
f 2105 2108 2097
f 1069 2104 2106
f 2104 788 2088
f 2106 2088 1064
f 2104 2088 2106
f 1067 2098 2096
f 2098 1064 2087
f 2096 2087 708
f 2098 2087 2096
f 1069 2106 2108
f 2106 1064 2098
f 2108 2098 1067
f 2106 2098 2108
f 729 2089 2099
f 2089 1065 2102
f 2099 2102 1068
f 2089 2102 2099
f 1065 2090 2107
f 2090 788 2104
f 2107 2104 1069
f 2090 2104 2107
f 1068 2109 2100
f 2109 1069 2105
f 2100 2105 789
f 2109 2105 2100
f 1065 2107 2102
f 2107 1069 2109
f 2102 2109 1068
f 2107 2109 2102
f 680 2093 2093
f 2093 1066 1066
f 2093 1066 1066
f 2093 1066 2093
f 1066 2094 2094
f 2094 789 789
f 2094 789 789
f 2094 789 2094
f 1066 2094 2094
f 2094 789 789
f 2094 789 789
f 2094 789 2094
f 1066 2094 1066
f 2094 789 2094
f 1066 2094 1066
f 2094 2094 1066
f 789 2097 2097
f 2097 1067 1067
f 2097 1067 1067
f 2097 1067 2097
f 1067 2096 2096
f 2096 708 708
f 2096 708 708
f 2096 708 2096
f 1067 2096 2096
f 2096 708 708
f 2096 708 708
f 2096 708 2096
f 1067 2096 1067
f 2096 708 2096
f 1067 2096 1067
f 2096 2096 1067
f 789 2097 2097
f 2097 1067 1067
f 2097 1067 1067
f 2097 1067 2097
f 1067 2096 2096
f 2096 708 708
f 2096 708 708
f 2096 708 2096
f 1067 2096 2096
f 2096 708 708
f 2096 708 708
f 2096 708 2096
f 1067 2096 1067
f 2096 708 2096
f 1067 2096 1067
f 2096 2096 1067
f 789 2097 789
f 2097 1067 2097
f 789 2097 789
f 2097 2097 789
f 1067 2096 1067
f 2096 708 2096
f 1067 2096 1067
f 2096 2096 1067
f 789 2097 789
f 2097 1067 2097
f 789 2097 789
f 2097 2097 789
f 1067 1067 2097
f 1067 1067 2097
f 2097 2097 789
f 1067 2097 2097
f 687 1449 2024
f 1449 895 2026
f 2024 2026 1048
f 1449 2026 2024
f 895 1450 2032
f 1450 741 2030
f 2032 2030 1050
f 1450 2030 2032
f 1048 2034 2025
f 2034 1050 2031
f 2025 2031 784
f 2034 2031 2025
f 895 2032 2026
f 2032 1050 2034
f 2026 2034 1048
f 2032 2034 2026
f 741 1447 2016
f 1447 894 2018
f 2016 2018 1046
f 1447 2018 2016
f 894 1446 2012
f 1446 685 2010
f 2012 2010 1044
f 1446 2010 2012
f 1046 2019 2017
f 2019 1044 2011
f 2017 2011 783
f 2019 2011 2017
f 894 2012 2018
f 2012 1044 2019
f 2018 2019 1046
f 2012 2019 2018
f 784 2036 2028
f 2036 1051 2039
f 2028 2039 1049
f 2036 2039 2028
f 1051 2035 2037
f 2035 783 2015
f 2037 2015 1045
f 2035 2015 2037
f 1049 2029 2027
f 2029 1045 2014
f 2027 2014 706
f 2029 2014 2027
f 1051 2037 2039
f 2037 1045 2029
f 2039 2029 1049
f 2037 2029 2039
f 741 2016 2030
f 2016 1046 2033
f 2030 2033 1050
f 2016 2033 2030
f 1046 2017 2038
f 2017 783 2035
f 2038 2035 1051
f 2017 2035 2038
f 1050 2040 2031
f 2040 1051 2036
f 2031 2036 784
f 2040 2036 2031
f 1046 2038 2033
f 2038 1051 2040
f 2033 2040 1050
f 2038 2040 2033
f 687 2024 2024
f 2024 1048 1048
f 2024 1048 1048
f 2024 1048 2024
f 1048 2025 2025
f 2025 784 784
f 2025 784 784
f 2025 784 2025
f 1048 2025 2025
f 2025 784 784
f 2025 784 784
f 2025 784 2025
f 1048 2025 1048
f 2025 784 2025
f 1048 2025 1048
f 2025 2025 1048
f 784 2028 2028
f 2028 1049 1049
f 2028 1049 1049
f 2028 1049 2028
f 1049 2027 2027
f 2027 706 706
f 2027 706 706
f 2027 706 2027
f 1049 2027 2027
f 2027 706 706
f 2027 706 706
f 2027 706 2027
f 1049 2027 1049
f 2027 706 2027
f 1049 2027 1049
f 2027 2027 1049
f 784 2028 2028
f 2028 1049 1049
f 2028 1049 1049
f 2028 1049 2028
f 1049 2027 2027
f 2027 706 706
f 2027 706 706
f 2027 706 2027
f 1049 2027 2027
f 2027 706 706
f 2027 706 706
f 2027 706 2027
f 1049 2027 1049
f 2027 706 2027
f 1049 2027 1049
f 2027 2027 1049
f 784 2028 784
f 2028 1049 2028
f 784 2028 784
f 2028 2028 784
f 1049 2027 1049
f 2027 706 2027
f 1049 2027 1049
f 2027 2027 1049
f 784 2028 784
f 2028 1049 2028
f 784 2028 784
f 2028 2028 784
f 1049 1049 2028
f 1049 1049 2028
f 2028 2028 784
f 1049 2028 2028
f 679 2110 2084
f 2110 1070 2112
f 2084 2112 1063
f 2110 2112 2084
f 1070 2111 2118
f 2111 790 2116
f 2118 2116 1072
f 2111 2116 2118
f 1063 2117 2085
f 2117 1072 2115
f 2085 2115 788
f 2117 2115 2085
f 1070 2118 2112
f 2118 1072 2117
f 2112 2117 1063
f 2118 2117 2112
f 790 2114 2130
f 2114 1071 2132
f 2130 2132 1076
f 2114 2132 2130
f 1071 2113 2124
f 2113 709 2122
f 2124 2122 1074
f 2113 2122 2124
f 1076 2134 2131
f 2134 1074 2123
f 2131 2123 791
f 2134 2123 2131
f 1071 2124 2132
f 2124 1074 2134
f 2132 2134 1076
f 2124 2134 2132
f 788 2125 2088
f 2125 1075 2127
f 2088 2127 1064
f 2125 2127 2088
f 1075 2126 2129
f 2126 791 2120
f 2129 2120 1073
f 2126 2120 2129
f 1064 2121 2087
f 2121 1073 2119
f 2087 2119 708
f 2121 2119 2087
f 1075 2129 2127
f 2129 1073 2121
f 2127 2121 1064
f 2129 2121 2127
f 790 2130 2116
f 2130 1076 2133
f 2116 2133 1072
f 2130 2133 2116
f 1076 2131 2135
f 2131 791 2126
f 2135 2126 1075
f 2131 2126 2135
f 1072 2128 2115
f 2128 1075 2125
f 2115 2125 788
f 2128 2125 2115
f 1076 2135 2133
f 2135 1075 2128
f 2133 2128 1072
f 2135 2128 2133
f 679 2084 2084
f 2084 1063 1063
f 2084 1063 1063
f 2084 1063 2084
f 1063 2085 2085
f 2085 788 788
f 2085 788 788
f 2085 788 2085
f 1063 2085 2085
f 2085 788 788
f 2085 788 788
f 2085 788 2085
f 1063 2085 1063
f 2085 788 2085
f 1063 2085 1063
f 2085 2085 1063
f 788 2088 2088
f 2088 1064 1064
f 2088 1064 1064
f 2088 1064 2088
f 1064 2087 2087
f 2087 708 708
f 2087 708 708
f 2087 708 2087
f 1064 2087 2087
f 2087 708 708
f 2087 708 708
f 2087 708 2087
f 1064 2087 1064
f 2087 708 2087
f 1064 2087 1064
f 2087 2087 1064
f 788 2088 2088
f 2088 1064 1064
f 2088 1064 1064
f 2088 1064 2088
f 1064 2087 2087
f 2087 708 708
f 2087 708 708
f 2087 708 2087
f 1064 2087 2087
f 2087 708 708
f 2087 708 708
f 2087 708 2087
f 1064 2087 1064
f 2087 708 2087
f 1064 2087 1064
f 2087 2087 1064
f 788 2088 788
f 2088 1064 2088
f 788 2088 788
f 2088 2088 788
f 1064 2087 1064
f 2087 708 2087
f 1064 2087 1064
f 2087 2087 1064
f 788 2088 788
f 2088 1064 2088
f 788 2088 788
f 2088 2088 788
f 1064 1064 2088
f 1064 1064 2088
f 2088 2088 788
f 1064 2088 2088
f 710 2148 2139
f 2148 1081 2150
f 2139 2150 1078
f 2148 2150 2139
f 1081 2149 2160
f 2149 793 2157
f 2160 2157 1083
f 2149 2157 2160
f 1078 2158 2140
f 2158 1083 2156
f 2140 2156 792
f 2158 2156 2140
f 1081 2160 2150
f 2160 1083 2158
f 2150 2158 1078
f 2160 2158 2150
f 793 2146 2152
f 2146 1080 2155
f 2152 2155 1082
f 2146 2155 2152
f 1080 2145 2147
f 2145 707 2070
f 2147 2070 1060
f 2145 2070 2147
f 1082 2153 2151
f 2153 1060 2071
f 2151 2071 787
f 2153 2071 2151
f 1080 2147 2155
f 2147 1060 2153
f 2155 2153 1082
f 2147 2153 2155
f 792 2142 2137
f 2142 1079 2144
f 2137 2144 1077
f 2142 2144 2137
f 1079 2141 2143
f 2141 787 2068
f 2143 2068 1059
f 2141 2068 2143
f 1077 2138 2136
f 2138 1059 2067
f 2136 2067 699
f 2138 2067 2136
f 1079 2143 2144
f 2143 1059 2138
f 2144 2138 1077
f 2143 2138 2144
f 793 2152 2157
f 2152 1082 2161
f 2157 2161 1083
f 2152 2161 2157
f 1082 2151 2154
f 2151 787 2141
f 2154 2141 1079
f 2151 2141 2154
f 1083 2159 2156
f 2159 1079 2142
f 2156 2142 792
f 2159 2142 2156
f 1082 2154 2161
f 2154 1079 2159
f 2161 2159 1083
f 2154 2159 2161
f 710 2139 2139
f 2139 1078 1078
f 2139 1078 1078
f 2139 1078 2139
f 1078 2140 2140
f 2140 792 792
f 2140 792 792
f 2140 792 2140
f 1078 2140 2140
f 2140 792 792
f 2140 792 792
f 2140 792 2140
f 1078 2140 1078
f 2140 792 2140
f 1078 2140 1078
f 2140 2140 1078
f 792 2137 2137
f 2137 1077 1077
f 2137 1077 1077
f 2137 1077 2137
f 1077 2136 2136
f 2136 699 699
f 2136 699 699
f 2136 699 2136
f 1077 2136 2136
f 2136 699 699
f 2136 699 699
f 2136 699 2136
f 1077 2136 1077
f 2136 699 2136
f 1077 2136 1077
f 2136 2136 1077
f 792 2137 2137
f 2137 1077 1077
f 2137 1077 1077
f 2137 1077 2137
f 1077 2136 2136
f 2136 699 699
f 2136 699 699
f 2136 699 2136
f 1077 2136 2136
f 2136 699 699
f 2136 699 699
f 2136 699 2136
f 1077 2136 1077
f 2136 699 2136
f 1077 2136 1077
f 2136 2136 1077
f 792 2137 792
f 2137 1077 2137
f 792 2137 792
f 2137 2137 792
f 1077 2136 1077
f 2136 699 2136
f 1077 2136 1077
f 2136 2136 1077
f 792 2137 792
f 2137 1077 2137
f 792 2137 792
f 2137 2137 792
f 1077 1077 2137
f 1077 1077 2137
f 2137 2137 792
f 1077 2137 2137
f 701 2176 1835
f 2176 1088 2178
f 1835 2178 998
f 2176 2178 1835
f 1088 2177 2186
f 2177 795 2183
f 2186 2183 1090
f 2177 2183 2186
f 998 2184 1836
f 2184 1090 2182
f 1836 2182 770
f 2184 2182 1836
f 1088 2186 2178
f 2186 1090 2184
f 2178 2184 998
f 2186 2184 2178
f 795 2180 2188
f 2180 1089 2191
f 2188 2191 1091
f 2180 2191 2188
f 1089 2179 2181
f 2179 711 2166
f 2181 2166 1085
f 2179 2166 2181
f 1091 2189 2187
f 2189 1085 2167
f 2187 2167 794
f 2189 2167 2187
f 1089 2181 2191
f 2181 1085 2189
f 2191 2189 1091
f 2181 2189 2191
f 770 2168 1833
f 2168 1086 2170
f 1833 2170 997
f 2168 2170 1833
f 1086 2169 2171
f 2169 794 2163
f 2171 2163 1084
f 2169 2163 2171
f 997 2164 1832
f 2164 1084 2162
f 1832 2162 679
f 2164 2162 1832
f 1086 2171 2170
f 2171 1084 2164
f 2170 2164 997
f 2171 2164 2170
f 795 2188 2183
f 2188 1091 2192
f 2183 2192 1090
f 2188 2192 2183
f 1091 2187 2190
f 2187 794 2169
f 2190 2169 1086
f 2187 2169 2190
f 1090 2185 2182
f 2185 1086 2168
f 2182 2168 770
f 2185 2168 2182
f 1091 2190 2192
f 2190 1086 2185
f 2192 2185 1090
f 2190 2185 2192
f 701 1835 1835
f 1835 998 998
f 1835 998 998
f 1835 998 1835
f 998 1836 1836
f 1836 770 770
f 1836 770 770
f 1836 770 1836
f 998 1836 1836
f 1836 770 770
f 1836 770 770
f 1836 770 1836
f 998 1836 998
f 1836 770 1836
f 998 1836 998
f 1836 1836 998
f 770 1833 1833
f 1833 997 997
f 1833 997 997
f 1833 997 1833
f 997 1832 1832
f 1832 679 679
f 1832 679 679
f 1832 679 1832
f 997 1832 1832
f 1832 679 679
f 1832 679 679
f 1832 679 1832
f 997 1832 997
f 1832 679 1832
f 997 1832 997
f 1832 1832 997
f 770 1833 1833
f 1833 997 997
f 1833 997 997
f 1833 997 1833
f 997 1832 1832
f 1832 679 679
f 1832 679 679
f 1832 679 1832
f 997 1832 1832
f 1832 679 679
f 1832 679 679
f 1832 679 1832
f 997 1832 997
f 1832 679 1832
f 997 1832 997
f 1832 1832 997
f 770 1833 770
f 1833 997 1833
f 770 1833 770
f 1833 1833 770
f 997 1832 997
f 1832 679 1832
f 997 1832 997
f 1832 1832 997
f 770 1833 770
f 1833 997 1833
f 770 1833 770
f 1833 1833 770
f 997 997 1833
f 997 997 1833
f 1833 1833 770
f 997 1833 1833
f 709 2113 2193
f 2113 1071 2195
f 2193 2195 1092
f 2113 2195 2193
f 1071 2114 2201
f 2114 790 2199
f 2201 2199 1094
f 2114 2199 2201
f 1092 2203 2194
f 2203 1094 2200
f 2194 2200 796
f 2203 2200 2194
f 1071 2201 2195
f 2201 1094 2203
f 2195 2203 1092
f 2201 2203 2195
f 790 2111 2172
f 2111 1070 2174
f 2172 2174 1087
f 2111 2174 2172
f 1070 2110 2165
f 2110 679 2162
f 2165 2162 1084
f 2110 2162 2165
f 1087 2175 2173
f 2175 1084 2163
f 2173 2163 794
f 2175 2163 2173
f 1070 2165 2174
f 2165 1084 2175
f 2174 2175 1087
f 2165 2175 2174
f 796 2205 2197
f 2205 1095 2208
f 2197 2208 1093
f 2205 2208 2197
f 1095 2204 2206
f 2204 794 2167
f 2206 2167 1085
f 2204 2167 2206
f 1093 2198 2196
f 2198 1085 2166
f 2196 2166 711
f 2198 2166 2196
f 1095 2206 2208
f 2206 1085 2198
f 2208 2198 1093
f 2206 2198 2208
f 790 2172 2199
f 2172 1087 2202
f 2199 2202 1094
f 2172 2202 2199
f 1087 2173 2207
f 2173 794 2204
f 2207 2204 1095
f 2173 2204 2207
f 1094 2209 2200
f 2209 1095 2205
f 2200 2205 796
f 2209 2205 2200
f 1087 2207 2202
f 2207 1095 2209
f 2202 2209 1094
f 2207 2209 2202
f 709 2193 2193
f 2193 1092 1092
f 2193 1092 1092
f 2193 1092 2193
f 1092 2194 2194
f 2194 796 796
f 2194 796 796
f 2194 796 2194
f 1092 2194 2194
f 2194 796 796
f 2194 796 796
f 2194 796 2194
f 1092 2194 1092
f 2194 796 2194
f 1092 2194 1092
f 2194 2194 1092
f 796 2197 2197
f 2197 1093 1093
f 2197 1093 1093
f 2197 1093 2197
f 1093 2196 2196
f 2196 711 711
f 2196 711 711
f 2196 711 2196
f 1093 2196 2196
f 2196 711 711
f 2196 711 711
f 2196 711 2196
f 1093 2196 1093
f 2196 711 2196
f 1093 2196 1093
f 2196 2196 1093
f 796 2197 2197
f 2197 1093 1093
f 2197 1093 1093
f 2197 1093 2197
f 1093 2196 2196
f 2196 711 711
f 2196 711 711
f 2196 711 2196
f 1093 2196 2196
f 2196 711 711
f 2196 711 711
f 2196 711 2196
f 1093 2196 1093
f 2196 711 2196
f 1093 2196 1093
f 2196 2196 1093
f 796 2197 796
f 2197 1093 2197
f 796 2197 796
f 2197 2197 796
f 1093 2196 1093
f 2196 711 2196
f 1093 2196 1093
f 2196 2196 1093
f 796 2197 796
f 2197 1093 2197
f 796 2197 796
f 2197 2197 796
f 1093 1093 2197
f 1093 1093 2197
f 2197 2197 796
f 1093 2197 2197
f 2210 2305 2309
f 2305 2237 2311
f 2309 2311 2239
f 2305 2311 2309
f 2237 2306 2316
f 2306 2218 2314
f 2316 2314 2241
f 2306 2314 2316
f 2239 2317 2310
f 2317 2241 2315
f 2310 2315 2219
f 2317 2315 2310
f 2237 2316 2311
f 2316 2241 2317
f 2311 2317 2239
f 2316 2317 2311
f 2218 2308 2324
f 2308 2238 2326
f 2324 2326 2244
f 2308 2326 2324
f 2238 2307 2320
f 2307 2211 2318
f 2320 2318 2242
f 2307 2318 2320
f 2244 2328 2325
f 2328 2242 2319
f 2325 2319 2220
f 2328 2319 2325
f 2238 2320 2326
f 2320 2242 2328
f 2326 2328 2244
f 2320 2328 2326
f 2219 2329 2313
f 2329 2245 2331
f 2313 2331 2240
f 2329 2331 2313
f 2245 2330 2333
f 2330 2220 2322
f 2333 2322 2243
f 2330 2322 2333
f 2240 2323 2312
f 2323 2243 2321
f 2312 2321 2212
f 2323 2321 2312
f 2245 2333 2331
f 2333 2243 2323
f 2331 2323 2240
f 2333 2323 2331
f 2218 2324 2314
f 2324 2244 2327
f 2314 2327 2241
f 2324 2327 2314
f 2244 2325 2334
f 2325 2220 2330
f 2334 2330 2245
f 2325 2330 2334
f 2241 2332 2315
f 2332 2245 2329
f 2315 2329 2219
f 2332 2329 2315
f 2244 2334 2327
f 2334 2245 2332
f 2327 2332 2241
f 2334 2332 2327
f 2210 2309 2309
f 2309 2239 2239
f 2309 2239 2239
f 2309 2239 2309
f 2239 2310 2310
f 2310 2219 2219
f 2310 2219 2219
f 2310 2219 2310
f 2239 2310 2310
f 2310 2219 2219
f 2310 2219 2219
f 2310 2219 2310
f 2239 2310 2239
f 2310 2219 2310
f 2239 2310 2239
f 2310 2310 2239
f 2219 2313 2313
f 2313 2240 2240
f 2313 2240 2240
f 2313 2240 2313
f 2240 2312 2312
f 2312 2212 2212
f 2312 2212 2212
f 2312 2212 2312
f 2240 2312 2312
f 2312 2212 2212
f 2312 2212 2212
f 2312 2212 2312
f 2240 2312 2240
f 2312 2212 2312
f 2240 2312 2240
f 2312 2312 2240
f 2219 2313 2313
f 2313 2240 2240
f 2313 2240 2240
f 2313 2240 2313
f 2240 2312 2312
f 2312 2212 2212
f 2312 2212 2212
f 2312 2212 2312
f 2240 2312 2312
f 2312 2212 2212
f 2312 2212 2212
f 2312 2212 2312
f 2240 2312 2240
f 2312 2212 2312
f 2240 2312 2240
f 2312 2312 2240
f 2219 2313 2219
f 2313 2240 2313
f 2219 2313 2219
f 2313 2313 2219
f 2240 2312 2240
f 2312 2212 2312
f 2240 2312 2240
f 2312 2312 2240
f 2219 2313 2219
f 2313 2240 2313
f 2219 2313 2219
f 2313 2313 2219
f 2240 2240 2313
f 2240 2240 2313
f 2313 2313 2219
f 2240 2313 2313
f 2213 2361 2374
f 2361 2253 2376
f 2374 2376 2258
f 2361 2376 2374
f 2253 2362 2381
f 2362 2223 2379
f 2381 2379 2260
f 2362 2379 2381
f 2258 2382 2375
f 2382 2260 2380
f 2375 2380 2225
f 2382 2380 2375
f 2253 2381 2376
f 2381 2260 2382
f 2376 2382 2258
f 2381 2382 2376
f 2223 2364 2396
f 2364 2254 2398
f 2396 2398 2264
f 2364 2398 2396
f 2254 2363 2386
f 2363 2214 2383
f 2386 2383 2261
f 2363 2383 2386
f 2264 2400 2397
f 2400 2261 2384
f 2397 2384 2226
f 2400 2384 2397
f 2254 2386 2398
f 2386 2261 2400
f 2398 2400 2264
f 2386 2400 2398
f 2225 2407 2378
f 2407 2266 2409
f 2378 2409 2259
f 2407 2409 2378
f 2266 2408 2411
f 2408 2226 2388
f 2411 2388 2262
f 2408 2388 2411
f 2259 2390 2377
f 2390 2262 2387
f 2377 2387 341
f 2390 2387 2377
f 2266 2411 2409
f 2411 2262 2390
f 2409 2390 2259
f 2411 2390 2409
f 2223 2396 2379
f 2396 2264 2399
f 2379 2399 2260
f 2396 2399 2379
f 2264 2397 2412
f 2397 2226 2408
f 2412 2408 2266
f 2397 2408 2412
f 2260 2410 2380
f 2410 2266 2407
f 2380 2407 2225
f 2410 2407 2380
f 2264 2412 2399
f 2412 2266 2410
f 2399 2410 2260
f 2412 2410 2399
f 2213 2374 2374
f 2374 2258 2258
f 2374 2258 2258
f 2374 2258 2374
f 2258 2375 2375
f 2375 2225 2225
f 2375 2225 2225
f 2375 2225 2375
f 2258 2375 2375
f 2375 2225 2225
f 2375 2225 2225
f 2375 2225 2375
f 2258 2375 2258
f 2375 2225 2375
f 2258 2375 2258
f 2375 2375 2258
f 2225 2378 2378
f 2378 2259 2259
f 2378 2259 2259
f 2378 2259 2378
f 2259 2377 2377
f 2377 341 341
f 2377 341 341
f 2377 341 2377
f 2259 2377 2377
f 2377 341 341
f 2377 341 341
f 2377 341 2377
f 2259 2377 2259
f 2377 341 2377
f 2259 2377 2259
f 2377 2377 2259
f 2225 2378 2378
f 2378 2259 2259
f 2378 2259 2259
f 2378 2259 2378
f 2259 2377 2377
f 2377 341 341
f 2377 341 341
f 2377 341 2377
f 2259 2377 2377
f 2377 341 341
f 2377 341 341
f 2377 341 2377
f 2259 2377 2259
f 2377 341 2377
f 2259 2377 2259
f 2377 2377 2259
f 2225 2378 2225
f 2378 2259 2378
f 2225 2378 2225
f 2378 2378 2225
f 2259 2377 2259
f 2377 341 2377
f 2259 2377 2259
f 2377 2377 2259
f 2225 2378 2225
f 2378 2259 2378
f 2225 2378 2225
f 2378 2378 2225
f 2259 2259 2378
f 2259 2259 2378
f 2378 2378 2225
f 2259 2378 2378
f 341 475 2377
f 475 381 2422
f 2377 2422 2259
f 475 2422 2377
f 381 476 2428
f 476 353 2425
f 2428 2425 2270
f 476 2425 2428
f 2259 2426 2378
f 2426 2270 2424
f 2378 2424 2225
f 2426 2424 2378
f 381 2428 2422
f 2428 2270 2426
f 2422 2426 2259
f 2428 2426 2422
f 353 473 2430
f 473 380 2433
f 2430 2433 2271
f 473 2433 2430
f 380 472 2423
f 472 340 2416
f 2423 2416 2268
f 472 2416 2423
f 2271 2431 2429
f 2431 2268 2417
f 2429 2417 2227
f 2431 2417 2429
f 380 2423 2433
f 2423 2268 2431
f 2433 2431 2271
f 2423 2431 2433
f 2225 2418 2375
f 2418 2269 2420
f 2375 2420 2258
f 2418 2420 2375
f 2269 2419 2421
f 2419 2227 2414
f 2421 2414 2267
f 2419 2414 2421
f 2258 2415 2374
f 2415 2267 2413
f 2374 2413 2213
f 2415 2413 2374
f 2269 2421 2420
f 2421 2267 2415
f 2420 2415 2258
f 2421 2415 2420
f 353 2430 2425
f 2430 2271 2434
f 2425 2434 2270
f 2430 2434 2425
f 2271 2429 2432
f 2429 2227 2419
f 2432 2419 2269
f 2429 2419 2432
f 2270 2427 2424
f 2427 2269 2418
f 2424 2418 2225
f 2427 2418 2424
f 2271 2432 2434
f 2432 2269 2427
f 2434 2427 2270
f 2432 2427 2434
f 341 2377 2377
f 2377 2259 2259
f 2377 2259 2259
f 2377 2259 2377
f 2259 2378 2378
f 2378 2225 2225
f 2378 2225 2225
f 2378 2225 2378
f 2259 2378 2378
f 2378 2225 2225
f 2378 2225 2225
f 2378 2225 2378
f 2259 2378 2259
f 2378 2225 2378
f 2259 2378 2259
f 2378 2378 2259
f 2225 2375 2375
f 2375 2258 2258
f 2375 2258 2258
f 2375 2258 2375
f 2258 2374 2374
f 2374 2213 2213
f 2374 2213 2213
f 2374 2213 2374
f 2258 2374 2374
f 2374 2213 2213
f 2374 2213 2213
f 2374 2213 2374
f 2258 2374 2258
f 2374 2213 2374
f 2258 2374 2258
f 2374 2374 2258
f 2225 2375 2375
f 2375 2258 2258
f 2375 2258 2258
f 2375 2258 2375
f 2258 2374 2374
f 2374 2213 2213
f 2374 2213 2213
f 2374 2213 2374
f 2258 2374 2374
f 2374 2213 2213
f 2374 2213 2213
f 2374 2213 2374
f 2258 2374 2258
f 2374 2213 2374
f 2258 2374 2258
f 2374 2374 2258
f 2225 2375 2225
f 2375 2258 2375
f 2225 2375 2225
f 2375 2375 2225
f 2258 2374 2258
f 2374 2213 2374
f 2258 2374 2258
f 2374 2374 2258
f 2225 2375 2225
f 2375 2258 2375
f 2225 2375 2225
f 2375 2375 2225
f 2258 2258 2375
f 2258 2258 2375
f 2375 2375 2225
f 2258 2375 2375
f 2214 2338 2347
f 2338 2247 2349
f 2347 2349 2250
f 2338 2349 2347
f 2247 2339 2357
f 2339 2221 2355
f 2357 2355 2252
f 2339 2355 2357
f 2250 2359 2348
f 2359 2252 2356
f 2348 2356 2222
f 2359 2356 2348
f 2247 2357 2349
f 2357 2252 2359
f 2349 2359 2250
f 2357 2359 2349
f 2221 2336 2341
f 2336 2246 2343
f 2341 2343 2248
f 2336 2343 2341
f 2246 2335 2337
f 2335 2210 2309
f 2337 2309 2239
f 2335 2309 2337
f 2248 2342 2340
f 2342 2239 2310
f 2340 2310 2219
f 2342 2310 2340
f 2246 2337 2343
f 2337 2239 2342
f 2343 2342 2248
f 2337 2342 2343
f 2222 2351 2345
f 2351 2251 2354
f 2345 2354 2249
f 2351 2354 2345
f 2251 2350 2352
f 2350 2219 2313
f 2352 2313 2240
f 2350 2313 2352
f 2249 2346 2344
f 2346 2240 2312
f 2344 2312 2212
f 2346 2312 2344
f 2251 2352 2354
f 2352 2240 2346
f 2354 2346 2249
f 2352 2346 2354
f 2221 2341 2355
f 2341 2248 2358
f 2355 2358 2252
f 2341 2358 2355
f 2248 2340 2353
f 2340 2219 2350
f 2353 2350 2251
f 2340 2350 2353
f 2252 2360 2356
f 2360 2251 2351
f 2356 2351 2222
f 2360 2351 2356
f 2248 2353 2358
f 2353 2251 2360
f 2358 2360 2252
f 2353 2360 2358
f 2214 2347 2347
f 2347 2250 2250
f 2347 2250 2250
f 2347 2250 2347
f 2250 2348 2348
f 2348 2222 2222
f 2348 2222 2222
f 2348 2222 2348
f 2250 2348 2348
f 2348 2222 2222
f 2348 2222 2222
f 2348 2222 2348
f 2250 2348 2250
f 2348 2222 2348
f 2250 2348 2250
f 2348 2348 2250
f 2222 2345 2345
f 2345 2249 2249
f 2345 2249 2249
f 2345 2249 2345
f 2249 2344 2344
f 2344 2212 2212
f 2344 2212 2212
f 2344 2212 2344
f 2249 2344 2344
f 2344 2212 2212
f 2344 2212 2212
f 2344 2212 2344
f 2249 2344 2249
f 2344 2212 2344
f 2249 2344 2249
f 2344 2344 2249
f 2222 2345 2345
f 2345 2249 2249
f 2345 2249 2249
f 2345 2249 2345
f 2249 2344 2344
f 2344 2212 2212
f 2344 2212 2212
f 2344 2212 2344
f 2249 2344 2344
f 2344 2212 2212
f 2344 2212 2212
f 2344 2212 2344
f 2249 2344 2249
f 2344 2212 2344
f 2249 2344 2249
f 2344 2344 2249
f 2222 2345 2222
f 2345 2249 2345
f 2222 2345 2222
f 2345 2345 2222
f 2249 2344 2249
f 2344 2212 2344
f 2249 2344 2249
f 2344 2344 2249
f 2222 2345 2222
f 2345 2249 2345
f 2222 2345 2222
f 2345 2345 2222
f 2249 2249 2345
f 2249 2249 2345
f 2345 2345 2222
f 2249 2345 2345
f 2212 2365 2344
f 2365 2255 2367
f 2344 2367 2249
f 2365 2367 2344
f 2255 2366 2373
f 2366 2224 2371
f 2373 2371 2257
f 2366 2371 2373
f 2249 2372 2345
f 2372 2257 2370
f 2345 2370 2222
f 2372 2370 2345
f 2255 2373 2367
f 2373 2257 2372
f 2367 2372 2249
f 2373 2372 2367
f 2224 2369 2401
f 2369 2256 2403
f 2401 2403 2265
f 2369 2403 2401
f 2256 2368 2389
f 2368 341 2387
f 2389 2387 2262
f 2368 2387 2389
f 2265 2405 2402
f 2405 2262 2388
f 2402 2388 2226
f 2405 2388 2402
f 2256 2389 2403
f 2389 2262 2405
f 2403 2405 2265
f 2389 2405 2403
f 2222 2391 2348
f 2391 2263 2393
f 2348 2393 2250
f 2391 2393 2348
f 2263 2392 2395
f 2392 2226 2384
f 2395 2384 2261
f 2392 2384 2395
f 2250 2385 2347
f 2385 2261 2383
f 2347 2383 2214
f 2385 2383 2347
f 2263 2395 2393
f 2395 2261 2385
f 2393 2385 2250
f 2395 2385 2393
f 2224 2401 2371
f 2401 2265 2404
f 2371 2404 2257
f 2401 2404 2371
f 2265 2402 2406
f 2402 2226 2392
f 2406 2392 2263
f 2402 2392 2406
f 2257 2394 2370
f 2394 2263 2391
f 2370 2391 2222
f 2394 2391 2370
f 2265 2406 2404
f 2406 2263 2394
f 2404 2394 2257
f 2406 2394 2404
f 2212 2344 2344
f 2344 2249 2249
f 2344 2249 2249
f 2344 2249 2344
f 2249 2345 2345
f 2345 2222 2222
f 2345 2222 2222
f 2345 2222 2345
f 2249 2345 2345
f 2345 2222 2222
f 2345 2222 2222
f 2345 2222 2345
f 2249 2345 2249
f 2345 2222 2345
f 2249 2345 2249
f 2345 2345 2249
f 2222 2348 2348
f 2348 2250 2250
f 2348 2250 2250
f 2348 2250 2348
f 2250 2347 2347
f 2347 2214 2214
f 2347 2214 2214
f 2347 2214 2347
f 2250 2347 2347
f 2347 2214 2214
f 2347 2214 2214
f 2347 2214 2347
f 2250 2347 2250
f 2347 2214 2347
f 2250 2347 2250
f 2347 2347 2250
f 2222 2348 2348
f 2348 2250 2250
f 2348 2250 2250
f 2348 2250 2348
f 2250 2347 2347
f 2347 2214 2214
f 2347 2214 2214
f 2347 2214 2347
f 2250 2347 2347
f 2347 2214 2214
f 2347 2214 2214
f 2347 2214 2347
f 2250 2347 2250
f 2347 2214 2347
f 2250 2347 2250
f 2347 2347 2250
f 2222 2348 2222
f 2348 2250 2348
f 2222 2348 2222
f 2348 2348 2222
f 2250 2347 2250
f 2347 2214 2347
f 2250 2347 2250
f 2347 2347 2250
f 2222 2348 2222
f 2348 2250 2348
f 2222 2348 2222
f 2348 2348 2222
f 2250 2250 2348
f 2250 2250 2348
f 2348 2348 2222
f 2250 2348 2348
f 2211 2435 2443
f 2435 2272 2446
f 2443 2446 2276
f 2435 2446 2443
f 2272 2436 2455
f 2436 2228 2453
f 2455 2453 2279
f 2436 2453 2455
f 2276 2456 2444
f 2456 2279 2454
f 2444 2454 2230
f 2456 2454 2444
f 2272 2455 2446
f 2455 2279 2456
f 2446 2456 2276
f 2455 2456 2446
f 2228 2438 2491
f 2438 2273 2493
f 2491 2493 2289
f 2438 2493 2491
f 2273 2437 2485
f 2437 2215 2483
f 2485 2483 2287
f 2437 2483 2485
f 2289 2495 2492
f 2495 2287 2484
f 2492 2484 2233
f 2495 2484 2492
f 2273 2485 2493
f 2485 2287 2495
f 2493 2495 2289
f 2485 2495 2493
f 2230 2501 2448
f 2501 2291 2503
f 2448 2503 2277
f 2501 2503 2448
f 2291 2502 2505
f 2502 2233 2488
f 2505 2488 2288
f 2502 2488 2505
f 2277 2489 2447
f 2489 2288 2487
f 2447 2487 2216
f 2489 2487 2447
f 2291 2505 2503
f 2505 2288 2489
f 2503 2489 2277
f 2505 2489 2503
f 2228 2491 2453
f 2491 2289 2494
f 2453 2494 2279
f 2491 2494 2453
f 2289 2492 2506
f 2492 2233 2502
f 2506 2502 2291
f 2492 2502 2506
f 2279 2504 2454
f 2504 2291 2501
f 2454 2501 2230
f 2504 2501 2454
f 2289 2506 2494
f 2506 2291 2504
f 2494 2504 2279
f 2506 2504 2494
f 2211 2443 2443
f 2443 2276 2276
f 2443 2276 2276
f 2443 2276 2443
f 2276 2444 2444
f 2444 2230 2230
f 2444 2230 2230
f 2444 2230 2444
f 2276 2444 2444
f 2444 2230 2230
f 2444 2230 2230
f 2444 2230 2444
f 2276 2444 2276
f 2444 2230 2444
f 2276 2444 2276
f 2444 2444 2276
f 2230 2448 2448
f 2448 2277 2277
f 2448 2277 2277
f 2448 2277 2448
f 2277 2447 2447
f 2447 2216 2216
f 2447 2216 2216
f 2447 2216 2447
f 2277 2447 2447
f 2447 2216 2216
f 2447 2216 2216
f 2447 2216 2447
f 2277 2447 2277
f 2447 2216 2447
f 2277 2447 2277
f 2447 2447 2277
f 2230 2448 2448
f 2448 2277 2277
f 2448 2277 2277
f 2448 2277 2448
f 2277 2447 2447
f 2447 2216 2216
f 2447 2216 2216
f 2447 2216 2447
f 2277 2447 2447
f 2447 2216 2216
f 2447 2216 2216
f 2447 2216 2447
f 2277 2447 2277
f 2447 2216 2447
f 2277 2447 2277
f 2447 2447 2277
f 2230 2448 2230
f 2448 2277 2448
f 2230 2448 2230
f 2448 2448 2230
f 2277 2447 2277
f 2447 2216 2447
f 2277 2447 2277
f 2447 2447 2277
f 2230 2448 2230
f 2448 2277 2448
f 2230 2448 2230
f 2448 2448 2230
f 2277 2277 2448
f 2277 2277 2448
f 2448 2448 2230
f 2277 2448 2448
f 2215 2544 2441
f 2544 2301 2546
f 2441 2546 2275
f 2544 2546 2441
f 2301 2545 2554
f 2545 2236 2551
f 2554 2551 2303
f 2545 2551 2554
f 2275 2552 2442
f 2552 2303 2550
f 2442 2550 2229
f 2552 2550 2442
f 2301 2554 2546
f 2554 2303 2552
f 2546 2552 2275
f 2554 2552 2546
f 2236 2548 2556
f 2548 2302 2559
f 2556 2559 2304
f 2548 2559 2556
f 2302 2547 2549
f 2547 2217 2526
f 2549 2526 2297
f 2547 2526 2549
f 2304 2557 2555
f 2557 2297 2527
f 2555 2527 2235
f 2557 2527 2555
f 2302 2549 2559
f 2549 2297 2557
f 2559 2557 2304
f 2549 2557 2559
f 2229 2534 2440
f 2534 2299 2536
f 2440 2536 2274
f 2534 2536 2440
f 2299 2535 2537
f 2535 2235 2523
f 2537 2523 2296
f 2535 2523 2537
f 2274 2525 2439
f 2525 2296 2522
f 2439 2522 340
f 2525 2522 2439
f 2299 2537 2536
f 2537 2296 2525
f 2536 2525 2274
f 2537 2525 2536
f 2236 2556 2551
f 2556 2304 2560
f 2551 2560 2303
f 2556 2560 2551
f 2304 2555 2558
f 2555 2235 2535
f 2558 2535 2299
f 2555 2535 2558
f 2303 2553 2550
f 2553 2299 2534
f 2550 2534 2229
f 2553 2534 2550
f 2304 2558 2560
f 2558 2299 2553
f 2560 2553 2303
f 2558 2553 2560
f 2215 2441 2441
f 2441 2275 2275
f 2441 2275 2275
f 2441 2275 2441
f 2275 2442 2442
f 2442 2229 2229
f 2442 2229 2229
f 2442 2229 2442
f 2275 2442 2442
f 2442 2229 2229
f 2442 2229 2229
f 2442 2229 2442
f 2275 2442 2275
f 2442 2229 2442
f 2275 2442 2275
f 2442 2442 2275
f 2229 2440 2440
f 2440 2274 2274
f 2440 2274 2274
f 2440 2274 2440
f 2274 2439 2439
f 2439 340 340
f 2439 340 340
f 2439 340 2439
f 2274 2439 2439
f 2439 340 340
f 2439 340 340
f 2439 340 2439
f 2274 2439 2274
f 2439 340 2439
f 2274 2439 2274
f 2439 2439 2274
f 2229 2440 2440
f 2440 2274 2274
f 2440 2274 2274
f 2440 2274 2440
f 2274 2439 2439
f 2439 340 340
f 2439 340 340
f 2439 340 2439
f 2274 2439 2439
f 2439 340 340
f 2439 340 340
f 2439 340 2439
f 2274 2439 2274
f 2439 340 2439
f 2274 2439 2274
f 2439 2439 2274
f 2229 2440 2229
f 2440 2274 2440
f 2229 2440 2229
f 2440 2440 2229
f 2274 2439 2274
f 2439 340 2439
f 2274 2439 2274
f 2439 2439 2274
f 2229 2440 2229
f 2440 2274 2440
f 2229 2440 2229
f 2440 2440 2229
f 2274 2274 2440
f 2274 2274 2440
f 2440 2440 2229
f 2274 2440 2440
f 2216 2460 2447
f 2460 2281 2462
f 2447 2462 2277
f 2460 2462 2447
f 2281 2461 2472
f 2461 2231 2469
f 2472 2469 2283
f 2461 2469 2472
f 2277 2470 2448
f 2470 2283 2468
f 2448 2468 2230
f 2470 2468 2448
f 2281 2472 2462
f 2472 2283 2470
f 2462 2470 2277
f 2472 2470 2462
f 2231 2458 2464
f 2458 2280 2467
f 2464 2467 2282
f 2458 2467 2464
f 2280 2457 2459
f 2457 2212 2321
f 2459 2321 2243
f 2457 2321 2459
f 2282 2465 2463
f 2465 2243 2322
f 2463 2322 2220
f 2465 2322 2463
f 2280 2459 2467
f 2459 2243 2465
f 2467 2465 2282
f 2459 2465 2467
f 2230 2450 2444
f 2450 2278 2452
f 2444 2452 2276
f 2450 2452 2444
f 2278 2449 2451
f 2449 2220 2319
f 2451 2319 2242
f 2449 2319 2451
f 2276 2445 2443
f 2445 2242 2318
f 2443 2318 2211
f 2445 2318 2443
f 2278 2451 2452
f 2451 2242 2445
f 2452 2445 2276
f 2451 2445 2452
f 2231 2464 2469
f 2464 2282 2473
f 2469 2473 2283
f 2464 2473 2469
f 2282 2463 2466
f 2463 2220 2449
f 2466 2449 2278
f 2463 2449 2466
f 2283 2471 2468
f 2471 2278 2450
f 2468 2450 2230
f 2471 2450 2468
f 2282 2466 2473
f 2466 2278 2471
f 2473 2471 2283
f 2466 2471 2473
f 2216 2447 2447
f 2447 2277 2277
f 2447 2277 2277
f 2447 2277 2447
f 2277 2448 2448
f 2448 2230 2230
f 2448 2230 2230
f 2448 2230 2448
f 2277 2448 2448
f 2448 2230 2230
f 2448 2230 2230
f 2448 2230 2448
f 2277 2448 2277
f 2448 2230 2448
f 2277 2448 2277
f 2448 2448 2277
f 2230 2444 2444
f 2444 2276 2276
f 2444 2276 2276
f 2444 2276 2444
f 2276 2443 2443
f 2443 2211 2211
f 2443 2211 2211
f 2443 2211 2443
f 2276 2443 2443
f 2443 2211 2211
f 2443 2211 2211
f 2443 2211 2443
f 2276 2443 2276
f 2443 2211 2443
f 2276 2443 2276
f 2443 2443 2276
f 2230 2444 2444
f 2444 2276 2276
f 2444 2276 2276
f 2444 2276 2444
f 2276 2443 2443
f 2443 2211 2211
f 2443 2211 2211
f 2443 2211 2443
f 2276 2443 2443
f 2443 2211 2211
f 2443 2211 2211
f 2443 2211 2443
f 2276 2443 2276
f 2443 2211 2443
f 2276 2443 2276
f 2443 2443 2276
f 2230 2444 2230
f 2444 2276 2444
f 2230 2444 2230
f 2444 2444 2230
f 2276 2443 2276
f 2443 2211 2443
f 2276 2443 2276
f 2443 2443 2276
f 2230 2444 2230
f 2444 2276 2444
f 2230 2444 2230
f 2444 2444 2230
f 2276 2276 2444
f 2276 2276 2444
f 2444 2444 2230
f 2276 2444 2444
f 2213 2413 2513
f 2413 2267 2515
f 2513 2515 2293
f 2413 2515 2513
f 2267 2414 2520
f 2414 2227 2518
f 2520 2518 2295
f 2414 2518 2520
f 2293 2521 2514
f 2521 2295 2519
f 2514 2519 2234
f 2521 2519 2514
f 2267 2520 2515
f 2520 2295 2521
f 2515 2521 2293
f 2520 2521 2515
f 2227 2417 2529
f 2417 2268 2531
f 2529 2531 2298
f 2417 2531 2529
f 2268 2416 2524
f 2416 340 2522
f 2524 2522 2296
f 2416 2522 2524
f 2298 2533 2530
f 2533 2296 2523
f 2530 2523 2235
f 2533 2523 2530
f 2268 2524 2531
f 2524 2296 2533
f 2531 2533 2298
f 2524 2533 2531
f 2234 2538 2517
f 2538 2300 2540
f 2517 2540 2294
f 2538 2540 2517
f 2300 2539 2542
f 2539 2235 2527
f 2542 2527 2297
f 2539 2527 2542
f 2294 2528 2516
f 2528 2297 2526
f 2516 2526 2217
f 2528 2526 2516
f 2300 2542 2540
f 2542 2297 2528
f 2540 2528 2294
f 2542 2528 2540
f 2227 2529 2518
f 2529 2298 2532
f 2518 2532 2295
f 2529 2532 2518
f 2298 2530 2543
f 2530 2235 2539
f 2543 2539 2300
f 2530 2539 2543
f 2295 2541 2519
f 2541 2300 2538
f 2519 2538 2234
f 2541 2538 2519
f 2298 2543 2532
f 2543 2300 2541
f 2532 2541 2295
f 2543 2541 2532
f 2213 2513 2513
f 2513 2293 2293
f 2513 2293 2293
f 2513 2293 2513
f 2293 2514 2514
f 2514 2234 2234
f 2514 2234 2234
f 2514 2234 2514
f 2293 2514 2514
f 2514 2234 2234
f 2514 2234 2234
f 2514 2234 2514
f 2293 2514 2293
f 2514 2234 2514
f 2293 2514 2293
f 2514 2514 2293
f 2234 2517 2517
f 2517 2294 2294
f 2517 2294 2294
f 2517 2294 2517
f 2294 2516 2516
f 2516 2217 2217
f 2516 2217 2217
f 2516 2217 2516
f 2294 2516 2516
f 2516 2217 2217
f 2516 2217 2217
f 2516 2217 2516
f 2294 2516 2294
f 2516 2217 2516
f 2294 2516 2294
f 2516 2516 2294
f 2234 2517 2517
f 2517 2294 2294
f 2517 2294 2294
f 2517 2294 2517
f 2294 2516 2516
f 2516 2217 2217
f 2516 2217 2217
f 2516 2217 2516
f 2294 2516 2516
f 2516 2217 2217
f 2516 2217 2217
f 2516 2217 2516
f 2294 2516 2294
f 2516 2217 2516
f 2294 2516 2294
f 2516 2516 2294
f 2234 2517 2234
f 2517 2294 2517
f 2234 2517 2234
f 2517 2517 2234
f 2294 2516 2294
f 2516 2217 2516
f 2294 2516 2294
f 2516 2516 2294
f 2234 2517 2234
f 2517 2294 2517
f 2234 2517 2234
f 2517 2517 2234
f 2294 2294 2517
f 2294 2294 2517
f 2517 2517 2234
f 2294 2517 2517
f 340 2474 2439
f 2474 2284 2476
f 2439 2476 2274
f 2474 2476 2439
f 2284 2475 2482
f 2475 2232 2480
f 2482 2480 2286
f 2475 2480 2482
f 2274 2481 2440
f 2481 2286 2479
f 2440 2479 2229
f 2481 2479 2440
f 2284 2482 2476
f 2482 2286 2481
f 2476 2481 2274
f 2482 2481 2476
f 2232 2478 2507
f 2478 2285 2509
f 2507 2509 2292
f 2478 2509 2507
f 2285 2477 2490
f 2477 2216 2487
f 2490 2487 2288
f 2477 2487 2490
f 2292 2511 2508
f 2511 2288 2488
f 2508 2488 2233
f 2511 2488 2508
f 2285 2490 2509
f 2490 2288 2511
f 2509 2511 2292
f 2490 2511 2509
f 2229 2496 2442
f 2496 2290 2498
f 2442 2498 2275
f 2496 2498 2442
f 2290 2497 2500
f 2497 2233 2484
f 2500 2484 2287
f 2497 2484 2500
f 2275 2486 2441
f 2486 2287 2483
f 2441 2483 2215
f 2486 2483 2441
f 2290 2500 2498
f 2500 2287 2486
f 2498 2486 2275
f 2500 2486 2498
f 2232 2507 2480
f 2507 2292 2510
f 2480 2510 2286
f 2507 2510 2480
f 2292 2508 2512
f 2508 2233 2497
f 2512 2497 2290
f 2508 2497 2512
f 2286 2499 2479
f 2499 2290 2496
f 2479 2496 2229
f 2499 2496 2479
f 2292 2512 2510
f 2512 2290 2499
f 2510 2499 2286
f 2512 2499 2510
f 340 2439 2439
f 2439 2274 2274
f 2439 2274 2274
f 2439 2274 2439
f 2274 2440 2440
f 2440 2229 2229
f 2440 2229 2229
f 2440 2229 2440
f 2274 2440 2440
f 2440 2229 2229
f 2440 2229 2229
f 2440 2229 2440
f 2274 2440 2274
f 2440 2229 2440
f 2274 2440 2274
f 2440 2440 2274
f 2229 2442 2442
f 2442 2275 2275
f 2442 2275 2275
f 2442 2275 2442
f 2275 2441 2441
f 2441 2215 2215
f 2441 2215 2215
f 2441 2215 2441
f 2275 2441 2441
f 2441 2215 2215
f 2441 2215 2215
f 2441 2215 2441
f 2275 2441 2275
f 2441 2215 2441
f 2275 2441 2275
f 2441 2441 2275
f 2229 2442 2442
f 2442 2275 2275
f 2442 2275 2275
f 2442 2275 2442
f 2275 2441 2441
f 2441 2215 2215
f 2441 2215 2215
f 2441 2215 2441
f 2275 2441 2441
f 2441 2215 2215
f 2441 2215 2215
f 2441 2215 2441
f 2275 2441 2275
f 2441 2215 2441
f 2275 2441 2275
f 2441 2441 2275
f 2229 2442 2229
f 2442 2275 2442
f 2229 2442 2229
f 2442 2442 2229
f 2275 2441 2275
f 2441 2215 2441
f 2275 2441 2275
f 2441 2441 2275
f 2229 2442 2229
f 2442 2275 2442
f 2229 2442 2229
f 2442 2442 2229
f 2275 2275 2442
f 2275 2275 2442
f 2442 2442 2229
f 2275 2442 2442
f 2561 2586 2590
f 2586 2570 2592
f 2590 2592 2572
f 2586 2592 2590
f 2570 2587 2597
f 2587 2565 2595
f 2597 2595 2574
f 2587 2595 2597
f 2572 2598 2591
f 2598 2574 2596
f 2591 2596 2566
f 2598 2596 2591
f 2570 2597 2592
f 2597 2574 2598
f 2592 2598 2572
f 2597 2598 2592
f 2565 2589 2605
f 2589 2571 2607
f 2605 2607 2577
f 2589 2607 2605
f 2571 2588 2601
f 2588 2562 2599
f 2601 2599 2575
f 2588 2599 2601
f 2577 2609 2606
f 2609 2575 2600
f 2606 2600 2567
f 2609 2600 2606
f 2571 2601 2607
f 2601 2575 2609
f 2607 2609 2577
f 2601 2609 2607
f 2566 2610 2594
f 2610 2578 2612
f 2594 2612 2573
f 2610 2612 2594
f 2578 2611 2614
f 2611 2567 2603
f 2614 2603 2576
f 2611 2603 2614
f 2573 2604 2593
f 2604 2576 2602
f 2593 2602 2563
f 2604 2602 2593
f 2578 2614 2612
f 2614 2576 2604
f 2612 2604 2573
f 2614 2604 2612
f 2565 2605 2595
f 2605 2577 2608
f 2595 2608 2574
f 2605 2608 2595
f 2577 2606 2615
f 2606 2567 2611
f 2615 2611 2578
f 2606 2611 2615
f 2574 2613 2596
f 2613 2578 2610
f 2596 2610 2566
f 2613 2610 2596
f 2577 2615 2608
f 2615 2578 2613
f 2608 2613 2574
f 2615 2613 2608
f 2561 2590 2590
f 2590 2572 2572
f 2590 2572 2572
f 2590 2572 2590
f 2572 2591 2591
f 2591 2566 2566
f 2591 2566 2566
f 2591 2566 2591
f 2572 2591 2591
f 2591 2566 2566
f 2591 2566 2566
f 2591 2566 2591
f 2572 2591 2572
f 2591 2566 2591
f 2572 2591 2572
f 2591 2591 2572
f 2566 2594 2594
f 2594 2573 2573
f 2594 2573 2573
f 2594 2573 2594
f 2573 2593 2593
f 2593 2563 2563
f 2593 2563 2563
f 2593 2563 2593
f 2573 2593 2593
f 2593 2563 2563
f 2593 2563 2563
f 2593 2563 2593
f 2573 2593 2573
f 2593 2563 2593
f 2573 2593 2573
f 2593 2593 2573
f 2566 2594 2594
f 2594 2573 2573
f 2594 2573 2573
f 2594 2573 2594
f 2573 2593 2593
f 2593 2563 2563
f 2593 2563 2563
f 2593 2563 2593
f 2573 2593 2593
f 2593 2563 2563
f 2593 2563 2563
f 2593 2563 2593
f 2573 2593 2573
f 2593 2563 2593
f 2573 2593 2573
f 2593 2593 2573
f 2566 2594 2566
f 2594 2573 2594
f 2566 2594 2566
f 2594 2594 2566
f 2573 2593 2573
f 2593 2563 2593
f 2573 2593 2573
f 2593 2593 2573
f 2566 2594 2566
f 2594 2573 2594
f 2566 2594 2566
f 2594 2594 2566
f 2573 2573 2594
f 2573 2573 2594
f 2594 2594 2566
f 2573 2594 2594
f 2561 2590 2616
f 2590 2572 2618
f 2616 2618 2579
f 2590 2618 2616
f 2572 2591 2623
f 2591 2566 2621
f 2623 2621 2581
f 2591 2621 2623
f 2579 2624 2617
f 2624 2581 2622
f 2617 2622 2568
f 2624 2622 2617
f 2572 2623 2618
f 2623 2581 2624
f 2618 2624 2579
f 2623 2624 2618
f 2566 2594 2631
f 2594 2573 2633
f 2631 2633 2584
f 2594 2633 2631
f 2573 2593 2627
f 2593 2563 2625
f 2627 2625 2582
f 2593 2625 2627
f 2584 2635 2632
f 2635 2582 2626
f 2632 2626 2569
f 2635 2626 2632
f 2573 2627 2633
f 2627 2582 2635
f 2633 2635 2584
f 2627 2635 2633
f 2568 2636 2620
f 2636 2585 2638
f 2620 2638 2580
f 2636 2638 2620
f 2585 2637 2640
f 2637 2569 2629
f 2640 2629 2583
f 2637 2629 2640
f 2580 2630 2619
f 2630 2583 2628
f 2619 2628 2564
f 2630 2628 2619
f 2585 2640 2638
f 2640 2583 2630
f 2638 2630 2580
f 2640 2630 2638
f 2566 2631 2621
f 2631 2584 2634
f 2621 2634 2581
f 2631 2634 2621
f 2584 2632 2641
f 2632 2569 2637
f 2641 2637 2585
f 2632 2637 2641
f 2581 2639 2622
f 2639 2585 2636
f 2622 2636 2568
f 2639 2636 2622
f 2584 2641 2634
f 2641 2585 2639
f 2634 2639 2581
f 2641 2639 2634
f 2561 2616 2616
f 2616 2579 2579
f 2616 2579 2579
f 2616 2579 2616
f 2579 2617 2617
f 2617 2568 2568
f 2617 2568 2568
f 2617 2568 2617
f 2579 2617 2617
f 2617 2568 2568
f 2617 2568 2568
f 2617 2568 2617
f 2579 2617 2579
f 2617 2568 2617
f 2579 2617 2579
f 2617 2617 2579
f 2568 2620 2620
f 2620 2580 2580
f 2620 2580 2580
f 2620 2580 2620
f 2580 2619 2619
f 2619 2564 2564
f 2619 2564 2564
f 2619 2564 2619
f 2580 2619 2619
f 2619 2564 2564
f 2619 2564 2564
f 2619 2564 2619
f 2580 2619 2580
f 2619 2564 2619
f 2580 2619 2580
f 2619 2619 2580
f 2568 2620 2620
f 2620 2580 2580
f 2620 2580 2580
f 2620 2580 2620
f 2580 2619 2619
f 2619 2564 2564
f 2619 2564 2564
f 2619 2564 2619
f 2580 2619 2619
f 2619 2564 2564
f 2619 2564 2564
f 2619 2564 2619
f 2580 2619 2580
f 2619 2564 2619
f 2580 2619 2580
f 2619 2619 2580
f 2568 2620 2568
f 2620 2580 2620
f 2568 2620 2568
f 2620 2620 2568
f 2580 2619 2580
f 2619 2564 2619
f 2580 2619 2580
f 2619 2619 2580
f 2568 2620 2568
f 2620 2580 2620
f 2568 2620 2568
f 2620 2620 2568
f 2580 2580 2620
f 2580 2580 2620
f 2620 2620 2568
f 2580 2620 2620
f 338 493 2657
f 493 386 2659
f 2657 2659 2645
f 493 2659 2657
f 386 494 2664
f 494 355 2662
f 2664 2662 2647
f 494 2662 2664
f 2645 2665 2658
f 2665 2647 2663
f 2658 2663 2642
f 2665 2663 2658
f 386 2664 2659
f 2664 2647 2665
f 2659 2665 2645
f 2664 2665 2659
f 355 497 2672
f 497 387 2674
f 2672 2674 2650
f 497 2674 2672
f 387 496 2668
f 496 343 2666
f 2668 2666 2648
f 496 2666 2668
f 2650 2676 2673
f 2676 2648 2667
f 2673 2667 2643
f 2676 2667 2673
f 387 2668 2674
f 2668 2648 2676
f 2674 2676 2650
f 2668 2676 2674
f 2642 2677 2661
f 2677 2651 2679
f 2661 2679 2646
f 2677 2679 2661
f 2651 2678 2681
f 2678 2643 2670
f 2681 2670 2649
f 2678 2670 2681
f 2646 2671 2660
f 2671 2649 2669
f 2660 2669 2563
f 2671 2669 2660
f 2651 2681 2679
f 2681 2649 2671
f 2679 2671 2646
f 2681 2671 2679
f 355 2672 2662
f 2672 2650 2675
f 2662 2675 2647
f 2672 2675 2662
f 2650 2673 2682
f 2673 2643 2678
f 2682 2678 2651
f 2673 2678 2682
f 2647 2680 2663
f 2680 2651 2677
f 2663 2677 2642
f 2680 2677 2663
f 2650 2682 2675
f 2682 2651 2680
f 2675 2680 2647
f 2682 2680 2675
f 338 2657 2657
f 2657 2645 2645
f 2657 2645 2645
f 2657 2645 2657
f 2645 2658 2658
f 2658 2642 2642
f 2658 2642 2642
f 2658 2642 2658
f 2645 2658 2658
f 2658 2642 2642
f 2658 2642 2642
f 2658 2642 2658
f 2645 2658 2645
f 2658 2642 2658
f 2645 2658 2645
f 2658 2658 2645
f 2642 2661 2661
f 2661 2646 2646
f 2661 2646 2646
f 2661 2646 2661
f 2646 2660 2660
f 2660 2563 2563
f 2660 2563 2563
f 2660 2563 2660
f 2646 2660 2660
f 2660 2563 2563
f 2660 2563 2563
f 2660 2563 2660
f 2646 2660 2646
f 2660 2563 2660
f 2646 2660 2646
f 2660 2660 2646
f 2642 2661 2661
f 2661 2646 2646
f 2661 2646 2646
f 2661 2646 2661
f 2646 2660 2660
f 2660 2563 2563
f 2660 2563 2563
f 2660 2563 2660
f 2646 2660 2660
f 2660 2563 2563
f 2660 2563 2563
f 2660 2563 2660
f 2646 2660 2646
f 2660 2563 2660
f 2646 2660 2646
f 2660 2660 2646
f 2642 2661 2642
f 2661 2646 2661
f 2642 2661 2642
f 2661 2661 2642
f 2646 2660 2646
f 2660 2563 2660
f 2646 2660 2646
f 2660 2660 2646
f 2642 2661 2642
f 2661 2646 2661
f 2642 2661 2642
f 2661 2661 2642
f 2646 2646 2661
f 2646 2646 2661
f 2661 2661 2642
f 2646 2661 2661
f 338 2657 2683
f 2657 2645 2685
f 2683 2685 2652
f 2657 2685 2683
f 2645 2658 2690
f 2658 2642 2688
f 2690 2688 2654
f 2658 2688 2690
f 2652 2691 2684
f 2691 2654 2689
f 2684 2689 2644
f 2691 2689 2684
f 2645 2690 2685
f 2690 2654 2691
f 2685 2691 2652
f 2690 2691 2685
f 2642 2661 2694
f 2661 2646 2696
f 2694 2696 2655
f 2661 2696 2694
f 2646 2660 2692
f 2660 2563 2602
f 2692 2602 2576
f 2660 2602 2692
f 2655 2698 2695
f 2698 2576 2603
f 2695 2603 2567
f 2698 2603 2695
f 2646 2692 2696
f 2692 2576 2698
f 2696 2698 2655
f 2692 2698 2696
f 2644 2699 2687
f 2699 2656 2701
f 2687 2701 2653
f 2699 2701 2687
f 2656 2700 2703
f 2700 2567 2600
f 2703 2600 2575
f 2700 2600 2703
f 2653 2693 2686
f 2693 2575 2599
f 2686 2599 2562
f 2693 2599 2686
f 2656 2703 2701
f 2703 2575 2693
f 2701 2693 2653
f 2703 2693 2701
f 2642 2694 2688
f 2694 2655 2697
f 2688 2697 2654
f 2694 2697 2688
f 2655 2695 2704
f 2695 2567 2700
f 2704 2700 2656
f 2695 2700 2704
f 2654 2702 2689
f 2702 2656 2699
f 2689 2699 2644
f 2702 2699 2689
f 2655 2704 2697
f 2704 2656 2702
f 2697 2702 2654
f 2704 2702 2697
f 338 2683 2683
f 2683 2652 2652
f 2683 2652 2652
f 2683 2652 2683
f 2652 2684 2684
f 2684 2644 2644
f 2684 2644 2644
f 2684 2644 2684
f 2652 2684 2684
f 2684 2644 2644
f 2684 2644 2644
f 2684 2644 2684
f 2652 2684 2652
f 2684 2644 2684
f 2652 2684 2652
f 2684 2684 2652
f 2644 2687 2687
f 2687 2653 2653
f 2687 2653 2653
f 2687 2653 2687
f 2653 2686 2686
f 2686 2562 2562
f 2686 2562 2562
f 2686 2562 2686
f 2653 2686 2686
f 2686 2562 2562
f 2686 2562 2562
f 2686 2562 2686
f 2653 2686 2653
f 2686 2562 2686
f 2653 2686 2653
f 2686 2686 2653
f 2644 2687 2687
f 2687 2653 2653
f 2687 2653 2653
f 2687 2653 2687
f 2653 2686 2686
f 2686 2562 2562
f 2686 2562 2562
f 2686 2562 2686
f 2653 2686 2686
f 2686 2562 2562
f 2686 2562 2562
f 2686 2562 2686
f 2653 2686 2653
f 2686 2562 2686
f 2653 2686 2653
f 2686 2686 2653
f 2644 2687 2644
f 2687 2653 2687
f 2644 2687 2644
f 2687 2687 2644
f 2653 2686 2653
f 2686 2562 2686
f 2653 2686 2653
f 2686 2686 2653
f 2644 2687 2644
f 2687 2653 2687
f 2644 2687 2644
f 2687 2687 2644
f 2653 2653 2687
f 2653 2653 2687
f 2687 2687 2644
f 2653 2687 2687
f 339 2723 2727
f 2723 2709 2729
f 2727 2729 2711
f 2723 2729 2727
f 2709 2724 2734
f 2724 2705 2732
f 2734 2732 2713
f 2724 2732 2734
f 2711 2735 2728
f 2735 2713 2733
f 2728 2733 2706
f 2735 2733 2728
f 2709 2734 2729
f 2734 2713 2735
f 2729 2735 2711
f 2734 2735 2729
f 2705 2726 2738
f 2726 2710 2740
f 2738 2740 2714
f 2726 2740 2738
f 2710 2725 2736
f 2725 2561 2616
f 2736 2616 2579
f 2725 2616 2736
f 2714 2742 2739
f 2742 2579 2617
f 2739 2617 2568
f 2742 2617 2739
f 2710 2736 2740
f 2736 2579 2742
f 2740 2742 2714
f 2736 2742 2740
f 2706 2743 2731
f 2743 2715 2745
f 2731 2745 2712
f 2743 2745 2731
f 2715 2744 2747
f 2744 2568 2620
f 2747 2620 2580
f 2744 2620 2747
f 2712 2737 2730
f 2737 2580 2619
f 2730 2619 2564
f 2737 2619 2730
f 2715 2747 2745
f 2747 2580 2737
f 2745 2737 2712
f 2747 2737 2745
f 2705 2738 2732
f 2738 2714 2741
f 2732 2741 2713
f 2738 2741 2732
f 2714 2739 2748
f 2739 2568 2744
f 2748 2744 2715
f 2739 2744 2748
f 2713 2746 2733
f 2746 2715 2743
f 2733 2743 2706
f 2746 2743 2733
f 2714 2748 2741
f 2748 2715 2746
f 2741 2746 2713
f 2748 2746 2741
f 339 2727 2727
f 2727 2711 2711
f 2727 2711 2711
f 2727 2711 2727
f 2711 2728 2728
f 2728 2706 2706
f 2728 2706 2706
f 2728 2706 2728
f 2711 2728 2728
f 2728 2706 2706
f 2728 2706 2706
f 2728 2706 2728
f 2711 2728 2711
f 2728 2706 2728
f 2711 2728 2711
f 2728 2728 2711
f 2706 2731 2731
f 2731 2712 2712
f 2731 2712 2712
f 2731 2712 2731
f 2712 2730 2730
f 2730 2564 2564
f 2730 2564 2564
f 2730 2564 2730
f 2712 2730 2730
f 2730 2564 2564
f 2730 2564 2564
f 2730 2564 2730
f 2712 2730 2712
f 2730 2564 2730
f 2712 2730 2712
f 2730 2730 2712
f 2706 2731 2731
f 2731 2712 2712
f 2731 2712 2712
f 2731 2712 2731
f 2712 2730 2730
f 2730 2564 2564
f 2730 2564 2564
f 2730 2564 2730
f 2712 2730 2730
f 2730 2564 2564
f 2730 2564 2564
f 2730 2564 2730
f 2712 2730 2712
f 2730 2564 2730
f 2712 2730 2712
f 2730 2730 2712
f 2706 2731 2706
f 2731 2712 2731
f 2706 2731 2706
f 2731 2731 2706
f 2712 2730 2712
f 2730 2564 2730
f 2712 2730 2712
f 2730 2730 2712
f 2706 2731 2706
f 2731 2712 2731
f 2706 2731 2706
f 2731 2731 2706
f 2712 2712 2731
f 2712 2712 2731
f 2731 2731 2706
f 2712 2731 2731
f 339 2727 2749
f 2727 2711 2751
f 2749 2751 2716
f 2727 2751 2749
f 2711 2728 2756
f 2728 2706 2754
f 2756 2754 2718
f 2728 2754 2756
f 2716 2757 2750
f 2757 2718 2755
f 2750 2755 2707
f 2757 2755 2750
f 2711 2756 2751
f 2756 2718 2757
f 2751 2757 2716
f 2756 2757 2751
f 2706 2731 2764
f 2731 2712 2766
f 2764 2766 2721
f 2731 2766 2764
f 2712 2730 2760
f 2730 2564 2758
f 2760 2758 2719
f 2730 2758 2760
f 2721 2768 2765
f 2768 2719 2759
f 2765 2759 2708
f 2768 2759 2765
f 2712 2760 2766
f 2760 2719 2768
f 2766 2768 2721
f 2760 2768 2766
f 2707 2769 2753
f 2769 2722 2771
f 2753 2771 2717
f 2769 2771 2753
f 2722 2770 2773
f 2770 2708 2762
f 2773 2762 2720
f 2770 2762 2773
f 2717 2763 2752
f 2763 2720 2761
f 2752 2761 348
f 2763 2761 2752
f 2722 2773 2771
f 2773 2720 2763
f 2771 2763 2717
f 2773 2763 2771
f 2706 2764 2754
f 2764 2721 2767
f 2754 2767 2718
f 2764 2767 2754
f 2721 2765 2774
f 2765 2708 2770
f 2774 2770 2722
f 2765 2770 2774
f 2718 2772 2755
f 2772 2722 2769
f 2755 2769 2707
f 2772 2769 2755
f 2721 2774 2767
f 2774 2722 2772
f 2767 2772 2718
f 2774 2772 2767
f 339 2749 2749
f 2749 2716 2716
f 2749 2716 2716
f 2749 2716 2749
f 2716 2750 2750
f 2750 2707 2707
f 2750 2707 2707
f 2750 2707 2750
f 2716 2750 2750
f 2750 2707 2707
f 2750 2707 2707
f 2750 2707 2750
f 2716 2750 2716
f 2750 2707 2750
f 2716 2750 2716
f 2750 2750 2716
f 2707 2753 2753
f 2753 2717 2717
f 2753 2717 2717
f 2753 2717 2753
f 2717 2752 2752
f 2752 348 348
f 2752 348 348
f 2752 348 2752
f 2717 2752 2752
f 2752 348 348
f 2752 348 348
f 2752 348 2752
f 2717 2752 2717
f 2752 348 2752
f 2717 2752 2717
f 2752 2752 2717
f 2707 2753 2753
f 2753 2717 2717
f 2753 2717 2717
f 2753 2717 2753
f 2717 2752 2752
f 2752 348 348
f 2752 348 348
f 2752 348 2752
f 2717 2752 2752
f 2752 348 348
f 2752 348 348
f 2752 348 2752
f 2717 2752 2717
f 2752 348 2752
f 2717 2752 2717
f 2752 2752 2717
f 2707 2753 2707
f 2753 2717 2753
f 2707 2753 2707
f 2753 2753 2707
f 2717 2752 2717
f 2752 348 2752
f 2717 2752 2717
f 2752 2752 2717
f 2707 2753 2707
f 2753 2717 2753
f 2707 2753 2707
f 2753 2753 2707
f 2717 2717 2753
f 2717 2717 2753
f 2753 2753 2707
f 2717 2753 2753
f 338 2683 2784
f 2683 2652 2786
f 2784 2786 2776
f 2683 2786 2784
f 2652 2684 2791
f 2684 2644 2789
f 2791 2789 2778
f 2684 2789 2791
f 2776 2792 2785
f 2792 2778 2790
f 2785 2790 2775
f 2792 2790 2785
f 2652 2791 2786
f 2791 2778 2792
f 2786 2792 2776
f 2791 2792 2786
f 2644 2687 2795
f 2687 2653 2797
f 2795 2797 2779
f 2687 2797 2795
f 2653 2686 2793
f 2686 2562 2588
f 2793 2588 2571
f 2686 2588 2793
f 2779 2799 2796
f 2799 2571 2589
f 2796 2589 2565
f 2799 2589 2796
f 2653 2793 2797
f 2793 2571 2799
f 2797 2799 2779
f 2793 2799 2797
f 2775 2800 2788
f 2800 2780 2802
f 2788 2802 2777
f 2800 2802 2788
f 2780 2801 2804
f 2801 2565 2587
f 2804 2587 2570
f 2801 2587 2804
f 2777 2794 2787
f 2794 2570 2586
f 2787 2586 2561
f 2794 2586 2787
f 2780 2804 2802
f 2804 2570 2794
f 2802 2794 2777
f 2804 2794 2802
f 2644 2795 2789
f 2795 2779 2798
f 2789 2798 2778
f 2795 2798 2789
f 2779 2796 2805
f 2796 2565 2801
f 2805 2801 2780
f 2796 2801 2805
f 2778 2803 2790
f 2803 2780 2800
f 2790 2800 2775
f 2803 2800 2790
f 2779 2805 2798
f 2805 2780 2803
f 2798 2803 2778
f 2805 2803 2798
f 338 2784 2784
f 2784 2776 2776
f 2784 2776 2776
f 2784 2776 2784
f 2776 2785 2785
f 2785 2775 2775
f 2785 2775 2775
f 2785 2775 2785
f 2776 2785 2785
f 2785 2775 2775
f 2785 2775 2775
f 2785 2775 2785
f 2776 2785 2776
f 2785 2775 2785
f 2776 2785 2776
f 2785 2785 2776
f 2775 2788 2788
f 2788 2777 2777
f 2788 2777 2777
f 2788 2777 2788
f 2777 2787 2787
f 2787 2561 2561
f 2787 2561 2561
f 2787 2561 2787
f 2777 2787 2787
f 2787 2561 2561
f 2787 2561 2561
f 2787 2561 2787
f 2777 2787 2777
f 2787 2561 2787
f 2777 2787 2777
f 2787 2787 2777
f 2775 2788 2788
f 2788 2777 2777
f 2788 2777 2777
f 2788 2777 2788
f 2777 2787 2787
f 2787 2561 2561
f 2787 2561 2561
f 2787 2561 2787
f 2777 2787 2787
f 2787 2561 2561
f 2787 2561 2561
f 2787 2561 2787
f 2777 2787 2777
f 2787 2561 2787
f 2777 2787 2777
f 2787 2787 2777
f 2775 2788 2775
f 2788 2777 2788
f 2775 2788 2775
f 2788 2788 2775
f 2777 2787 2777
f 2787 2561 2787
f 2777 2787 2777
f 2787 2787 2777
f 2775 2788 2775
f 2788 2777 2788
f 2775 2788 2775
f 2788 2788 2775
f 2777 2777 2788
f 2777 2777 2788
f 2788 2788 2775
f 2777 2788 2788
f 338 2784 433
f 2784 2776 2806
f 433 2806 368
f 2784 2806 433
f 2776 2785 2809
f 2785 2775 2807
f 2809 2807 2781
f 2785 2807 2809
f 368 2810 434
f 2810 2781 2808
f 434 2808 349
f 2810 2808 434
f 2776 2809 2806
f 2809 2781 2810
f 2806 2810 368
f 2809 2810 2806
f 2775 2788 2813
f 2788 2777 2815
f 2813 2815 2782
f 2788 2815 2813
f 2777 2787 2811
f 2787 2561 2725
f 2811 2725 2710
f 2787 2725 2811
f 2782 2817 2814
f 2817 2710 2726
f 2814 2726 2705
f 2817 2726 2814
f 2777 2811 2815
f 2811 2710 2817
f 2815 2817 2782
f 2811 2817 2815
f 349 2818 436
f 2818 2783 2820
f 436 2820 369
f 2818 2820 436
f 2783 2819 2822
f 2819 2705 2724
f 2822 2724 2709
f 2819 2724 2822
f 369 2812 435
f 2812 2709 2723
f 435 2723 339
f 2812 2723 435
f 2783 2822 2820
f 2822 2709 2812
f 2820 2812 369
f 2822 2812 2820
f 2775 2813 2807
f 2813 2782 2816
f 2807 2816 2781
f 2813 2816 2807
f 2782 2814 2823
f 2814 2705 2819
f 2823 2819 2783
f 2814 2819 2823
f 2781 2821 2808
f 2821 2783 2818
f 2808 2818 349
f 2821 2818 2808
f 2782 2823 2816
f 2823 2783 2821
f 2816 2821 2781
f 2823 2821 2816
f 338 433 433
f 433 368 368
f 433 368 368
f 433 368 433
f 368 434 434
f 434 349 349
f 434 349 349
f 434 349 434
f 368 434 434
f 434 349 349
f 434 349 349
f 434 349 434
f 368 434 368
f 434 349 434
f 368 434 368
f 434 434 368
f 349 436 436
f 436 369 369
f 436 369 369
f 436 369 436
f 369 435 435
f 435 339 339
f 435 339 339
f 435 339 435
f 369 435 435
f 435 339 339
f 435 339 339
f 435 339 435
f 369 435 369
f 435 339 435
f 369 435 369
f 435 435 369
f 349 436 436
f 436 369 369
f 436 369 369
f 436 369 436
f 369 435 435
f 435 339 339
f 435 339 339
f 435 339 435
f 369 435 435
f 435 339 339
f 435 339 339
f 435 339 435
f 369 435 369
f 435 339 435
f 369 435 369
f 435 435 369
f 349 436 349
f 436 369 436
f 349 436 349
f 436 436 349
f 369 435 369
f 435 339 435
f 369 435 369
f 435 435 369
f 349 436 349
f 436 369 436
f 349 436 349
f 436 436 349
f 369 369 436
f 369 369 436
f 436 436 349
f 369 436 436
f 2563 2669 2833
f 2669 2649 2835
f 2833 2835 2825
f 2669 2835 2833
f 2649 2670 2840
f 2670 2643 2838
f 2840 2838 2827
f 2670 2838 2840
f 2825 2841 2834
f 2841 2827 2839
f 2834 2839 2824
f 2841 2839 2834
f 2649 2840 2835
f 2840 2827 2841
f 2835 2841 2825
f 2840 2841 2835
f 2643 2667 2844
f 2667 2648 2846
f 2844 2846 2828
f 2667 2846 2844
f 2648 2666 2842
f 2666 343 623
f 2842 623 421
f 2666 623 2842
f 2828 2848 2845
f 2848 421 624
f 2845 624 365
f 2848 624 2845
f 2648 2842 2846
f 2842 421 2848
f 2846 2848 2828
f 2842 2848 2846
f 2824 2849 2837
f 2849 2829 2851
f 2837 2851 2826
f 2849 2851 2837
f 2829 2850 2853
f 2850 365 627
f 2853 627 422
f 2850 627 2853
f 2826 2843 2836
f 2843 422 626
f 2836 626 348
f 2843 626 2836
f 2829 2853 2851
f 2853 422 2843
f 2851 2843 2826
f 2853 2843 2851
f 2643 2844 2838
f 2844 2828 2847
f 2838 2847 2827
f 2844 2847 2838
f 2828 2845 2854
f 2845 365 2850
f 2854 2850 2829
f 2845 2850 2854
f 2827 2852 2839
f 2852 2829 2849
f 2839 2849 2824
f 2852 2849 2839
f 2828 2854 2847
f 2854 2829 2852
f 2847 2852 2827
f 2854 2852 2847
f 2563 2833 2833
f 2833 2825 2825
f 2833 2825 2825
f 2833 2825 2833
f 2825 2834 2834
f 2834 2824 2824
f 2834 2824 2824
f 2834 2824 2834
f 2825 2834 2834
f 2834 2824 2824
f 2834 2824 2824
f 2834 2824 2834
f 2825 2834 2825
f 2834 2824 2834
f 2825 2834 2825
f 2834 2834 2825
f 2824 2837 2837
f 2837 2826 2826
f 2837 2826 2826
f 2837 2826 2837
f 2826 2836 2836
f 2836 348 348
f 2836 348 348
f 2836 348 2836
f 2826 2836 2836
f 2836 348 348
f 2836 348 348
f 2836 348 2836
f 2826 2836 2826
f 2836 348 2836
f 2826 2836 2826
f 2836 2836 2826
f 2824 2837 2837
f 2837 2826 2826
f 2837 2826 2826
f 2837 2826 2837
f 2826 2836 2836
f 2836 348 348
f 2836 348 348
f 2836 348 2836
f 2826 2836 2836
f 2836 348 348
f 2836 348 348
f 2836 348 2836
f 2826 2836 2826
f 2836 348 2836
f 2826 2836 2826
f 2836 2836 2826
f 2824 2837 2824
f 2837 2826 2837
f 2824 2837 2824
f 2837 2837 2824
f 2826 2836 2826
f 2836 348 2836
f 2826 2836 2826
f 2836 2836 2826
f 2824 2837 2824
f 2837 2826 2837
f 2824 2837 2824
f 2837 2837 2824
f 2826 2826 2837
f 2826 2826 2837
f 2837 2837 2824
f 2826 2837 2837
f 2563 2833 2625
f 2833 2825 2855
f 2625 2855 2582
f 2833 2855 2625
f 2825 2834 2858
f 2834 2824 2856
f 2858 2856 2830
f 2834 2856 2858
f 2582 2859 2626
f 2859 2830 2857
f 2626 2857 2569
f 2859 2857 2626
f 2825 2858 2855
f 2858 2830 2859
f 2855 2859 2582
f 2858 2859 2855
f 2824 2837 2862
f 2837 2826 2864
f 2862 2864 2831
f 2837 2864 2862
f 2826 2836 2860
f 2836 348 2761
f 2860 2761 2720
f 2836 2761 2860
f 2831 2866 2863
f 2866 2720 2762
f 2863 2762 2708
f 2866 2762 2863
f 2826 2860 2864
f 2860 2720 2866
f 2864 2866 2831
f 2860 2866 2864
f 2569 2867 2629
f 2867 2832 2869
f 2629 2869 2583
f 2867 2869 2629
f 2832 2868 2871
f 2868 2708 2759
f 2871 2759 2719
f 2868 2759 2871
f 2583 2861 2628
f 2861 2719 2758
f 2628 2758 2564
f 2861 2758 2628
f 2832 2871 2869
f 2871 2719 2861
f 2869 2861 2583
f 2871 2861 2869
f 2824 2862 2856
f 2862 2831 2865
f 2856 2865 2830
f 2862 2865 2856
f 2831 2863 2872
f 2863 2708 2868
f 2872 2868 2832
f 2863 2868 2872
f 2830 2870 2857
f 2870 2832 2867
f 2857 2867 2569
f 2870 2867 2857
f 2831 2872 2865
f 2872 2832 2870
f 2865 2870 2830
f 2872 2870 2865
f 2563 2625 2625
f 2625 2582 2582
f 2625 2582 2582
f 2625 2582 2625
f 2582 2626 2626
f 2626 2569 2569
f 2626 2569 2569
f 2626 2569 2626
f 2582 2626 2626
f 2626 2569 2569
f 2626 2569 2569
f 2626 2569 2626
f 2582 2626 2582
f 2626 2569 2626
f 2582 2626 2582
f 2626 2626 2582
f 2569 2629 2629
f 2629 2583 2583
f 2629 2583 2583
f 2629 2583 2629
f 2583 2628 2628
f 2628 2564 2564
f 2628 2564 2564
f 2628 2564 2628
f 2583 2628 2628
f 2628 2564 2564
f 2628 2564 2564
f 2628 2564 2628
f 2583 2628 2583
f 2628 2564 2628
f 2583 2628 2583
f 2628 2628 2583
f 2569 2629 2629
f 2629 2583 2583
f 2629 2583 2583
f 2629 2583 2629
f 2583 2628 2628
f 2628 2564 2564
f 2628 2564 2564
f 2628 2564 2628
f 2583 2628 2628
f 2628 2564 2564
f 2628 2564 2564
f 2628 2564 2628
f 2583 2628 2583
f 2628 2564 2628
f 2583 2628 2583
f 2628 2628 2583
f 2569 2629 2569
f 2629 2583 2629
f 2569 2629 2569
f 2629 2629 2569
f 2583 2628 2583
f 2628 2564 2628
f 2583 2628 2583
f 2628 2628 2583
f 2569 2629 2569
f 2629 2583 2629
f 2569 2629 2569
f 2629 2629 2569
f 2583 2583 2629
f 2583 2583 2629
f 2629 2629 2569
f 2583 2629 2629
f 344 602 2889
f 602 415 2891
f 2889 2891 2877
f 602 2891 2889
f 415 603 2896
f 603 363 2894
f 2896 2894 2879
f 603 2894 2896
f 2877 2897 2890
f 2897 2879 2895
f 2890 2895 2874
f 2897 2895 2890
f 415 2896 2891
f 2896 2879 2897
f 2891 2897 2877
f 2896 2897 2891
f 363 606 2900
f 606 416 2902
f 2900 2902 2880
f 606 2902 2900
f 416 605 2898
f 605 346 1285
f 2898 1285 849
f 605 1285 2898
f 2880 2904 2901
f 2904 849 1286
f 2901 1286 727
f 2904 1286 2901
f 416 2898 2902
f 2898 849 2904
f 2902 2904 2880
f 2898 2904 2902
f 2874 2905 2893
f 2905 2881 2907
f 2893 2907 2878
f 2905 2907 2893
f 2881 2906 2909
f 2906 727 1283
f 2909 1283 848
f 2906 1283 2909
f 2878 2899 2892
f 2899 848 1282
f 2892 1282 673
f 2899 1282 2892
f 2881 2909 2907
f 2909 848 2899
f 2907 2899 2878
f 2909 2899 2907
f 363 2900 2894
f 2900 2880 2903
f 2894 2903 2879
f 2900 2903 2894
f 2880 2901 2910
f 2901 727 2906
f 2910 2906 2881
f 2901 2906 2910
f 2879 2908 2895
f 2908 2881 2905
f 2895 2905 2874
f 2908 2905 2895
f 2880 2910 2903
f 2910 2881 2908
f 2903 2908 2879
f 2910 2908 2903
f 344 2889 2889
f 2889 2877 2877
f 2889 2877 2877
f 2889 2877 2889
f 2877 2890 2890
f 2890 2874 2874
f 2890 2874 2874
f 2890 2874 2890
f 2877 2890 2890
f 2890 2874 2874
f 2890 2874 2874
f 2890 2874 2890
f 2877 2890 2877
f 2890 2874 2890
f 2877 2890 2877
f 2890 2890 2877
f 2874 2893 2893
f 2893 2878 2878
f 2893 2878 2878
f 2893 2878 2893
f 2878 2892 2892
f 2892 673 673
f 2892 673 673
f 2892 673 2892
f 2878 2892 2892
f 2892 673 673
f 2892 673 673
f 2892 673 2892
f 2878 2892 2878
f 2892 673 2892
f 2878 2892 2878
f 2892 2892 2878
f 2874 2893 2893
f 2893 2878 2878
f 2893 2878 2878
f 2893 2878 2893
f 2878 2892 2892
f 2892 673 673
f 2892 673 673
f 2892 673 2892
f 2878 2892 2892
f 2892 673 673
f 2892 673 673
f 2892 673 2892
f 2878 2892 2878
f 2892 673 2892
f 2878 2892 2878
f 2892 2892 2878
f 2874 2893 2874
f 2893 2878 2893
f 2874 2893 2874
f 2893 2893 2874
f 2878 2892 2878
f 2892 673 2892
f 2878 2892 2878
f 2892 2892 2878
f 2874 2893 2874
f 2893 2878 2893
f 2874 2893 2874
f 2893 2893 2874
f 2878 2878 2893
f 2878 2878 2893
f 2893 2893 2874
f 2878 2893 2893
f 2873 2914 2923
f 2914 2883 2925
f 2923 2925 2886
f 2914 2925 2923
f 2883 2915 2933
f 2915 2875 2931
f 2933 2931 2888
f 2915 2931 2933
f 2886 2935 2924
f 2935 2888 2932
f 2924 2932 2876
f 2935 2932 2924
f 2883 2933 2925
f 2933 2888 2935
f 2925 2935 2886
f 2933 2935 2925
f 2875 2912 2917
f 2912 2882 2919
f 2917 2919 2884
f 2912 2919 2917
f 2882 2911 2913
f 2911 344 2889
f 2913 2889 2877
f 2911 2889 2913
f 2884 2918 2916
f 2918 2877 2890
f 2916 2890 2874
f 2918 2890 2916
f 2882 2913 2919
f 2913 2877 2918
f 2919 2918 2884
f 2913 2918 2919
f 2876 2927 2921
f 2927 2887 2930
f 2921 2930 2885
f 2927 2930 2921
f 2887 2926 2928
f 2926 2874 2893
f 2928 2893 2878
f 2926 2893 2928
f 2885 2922 2920
f 2922 2878 2892
f 2920 2892 673
f 2922 2892 2920
f 2887 2928 2930
f 2928 2878 2922
f 2930 2922 2885
f 2928 2922 2930
f 2875 2917 2931
f 2917 2884 2934
f 2931 2934 2888
f 2917 2934 2931
f 2884 2916 2929
f 2916 2874 2926
f 2929 2926 2887
f 2916 2926 2929
f 2888 2936 2932
f 2936 2887 2927
f 2932 2927 2876
f 2936 2927 2932
f 2884 2929 2934
f 2929 2887 2936
f 2934 2936 2888
f 2929 2936 2934
f 2873 2923 2923
f 2923 2886 2886
f 2923 2886 2886
f 2923 2886 2923
f 2886 2924 2924
f 2924 2876 2876
f 2924 2876 2876
f 2924 2876 2924
f 2886 2924 2924
f 2924 2876 2876
f 2924 2876 2876
f 2924 2876 2924
f 2886 2924 2886
f 2924 2876 2924
f 2886 2924 2886
f 2924 2924 2886
f 2876 2921 2921
f 2921 2885 2885
f 2921 2885 2885
f 2921 2885 2921
f 2885 2920 2920
f 2920 673 673
f 2920 673 673
f 2920 673 2920
f 2885 2920 2920
f 2920 673 673
f 2920 673 673
f 2920 673 2920
f 2885 2920 2885
f 2920 673 2920
f 2885 2920 2885
f 2920 2920 2885
f 2876 2921 2921
f 2921 2885 2885
f 2921 2885 2885
f 2921 2885 2921
f 2885 2920 2920
f 2920 673 673
f 2920 673 673
f 2920 673 2920
f 2885 2920 2920
f 2920 673 673
f 2920 673 673
f 2920 673 2920
f 2885 2920 2885
f 2920 673 2920
f 2885 2920 2885
f 2920 2920 2885
f 2876 2921 2876
f 2921 2885 2921
f 2876 2921 2876
f 2921 2921 2876
f 2885 2920 2885
f 2920 673 2920
f 2885 2920 2885
f 2920 2920 2885
f 2876 2921 2876
f 2921 2885 2921
f 2876 2921 2876
f 2921 2921 2876
f 2885 2885 2921
f 2885 2885 2921
f 2921 2921 2876
f 2885 2921 2921
f 2873 2923 2973
f 2923 2886 2975
f 2973 2975 2947
f 2923 2975 2973
f 2886 2924 2980
f 2924 2876 2978
f 2980 2978 2949
f 2924 2978 2980
f 2947 2981 2974
f 2981 2949 2979
f 2974 2979 2940
f 2981 2979 2974
f 2886 2980 2975
f 2980 2949 2981
f 2975 2981 2947
f 2980 2981 2975
f 2876 2921 2984
f 2921 2885 2986
f 2984 2986 2950
f 2921 2986 2984
f 2885 2920 2982
f 2920 673 1394
f 2982 1394 880
f 2920 1394 2982
f 2950 2988 2985
f 2988 880 1395
f 2985 1395 737
f 2988 1395 2985
f 2885 2982 2986
f 2982 880 2988
f 2986 2988 2950
f 2982 2988 2986
f 2940 2989 2977
f 2989 2951 2991
f 2977 2991 2948
f 2989 2991 2977
f 2951 2990 2993
f 2990 737 1398
f 2993 1398 881
f 2990 1398 2993
f 2948 2983 2976
f 2983 881 1397
f 2976 1397 685
f 2983 1397 2976
f 2951 2993 2991
f 2993 881 2983
f 2991 2983 2948
f 2993 2983 2991
f 2876 2984 2978
f 2984 2950 2987
f 2978 2987 2949
f 2984 2987 2978
f 2950 2985 2994
f 2985 737 2990
f 2994 2990 2951
f 2985 2990 2994
f 2949 2992 2979
f 2992 2951 2989
f 2979 2989 2940
f 2992 2989 2979
f 2950 2994 2987
f 2994 2951 2992
f 2987 2992 2949
f 2994 2992 2987
f 2873 2973 2973
f 2973 2947 2947
f 2973 2947 2947
f 2973 2947 2973
f 2947 2974 2974
f 2974 2940 2940
f 2974 2940 2940
f 2974 2940 2974
f 2947 2974 2974
f 2974 2940 2940
f 2974 2940 2940
f 2974 2940 2974
f 2947 2974 2947
f 2974 2940 2974
f 2947 2974 2947
f 2974 2974 2947
f 2940 2977 2977
f 2977 2948 2948
f 2977 2948 2948
f 2977 2948 2977
f 2948 2976 2976
f 2976 685 685
f 2976 685 685
f 2976 685 2976
f 2948 2976 2976
f 2976 685 685
f 2976 685 685
f 2976 685 2976
f 2948 2976 2948
f 2976 685 2976
f 2948 2976 2948
f 2976 2976 2948
f 2940 2977 2977
f 2977 2948 2948
f 2977 2948 2948
f 2977 2948 2977
f 2948 2976 2976
f 2976 685 685
f 2976 685 685
f 2976 685 2976
f 2948 2976 2976
f 2976 685 685
f 2976 685 685
f 2976 685 2976
f 2948 2976 2948
f 2976 685 2976
f 2948 2976 2948
f 2976 2976 2948
f 2940 2977 2940
f 2977 2948 2977
f 2940 2977 2940
f 2977 2977 2940
f 2948 2976 2948
f 2976 685 2976
f 2948 2976 2948
f 2976 2976 2948
f 2940 2977 2940
f 2977 2948 2977
f 2940 2977 2940
f 2977 2977 2940
f 2948 2948 2977
f 2948 2948 2977
f 2977 2977 2940
f 2948 2977 2977
f 2873 2973 2995
f 2973 2947 2997
f 2995 2997 2952
f 2973 2997 2995
f 2947 2974 3002
f 2974 2940 3000
f 3002 3000 2954
f 2974 3000 3002
f 2952 3003 2996
f 3003 2954 3001
f 2996 3001 2941
f 3003 3001 2996
f 2947 3002 2997
f 3002 2954 3003
f 2997 3003 2952
f 3002 3003 2997
f 2940 2977 3010
f 2977 2948 3012
f 3010 3012 2957
f 2977 3012 3010
f 2948 2976 3006
f 2976 685 3004
f 3006 3004 2955
f 2976 3004 3006
f 2957 3014 3011
f 3014 2955 3005
f 3011 3005 2942
f 3014 3005 3011
f 2948 3006 3012
f 3006 2955 3014
f 3012 3014 2957
f 3006 3014 3012
f 2941 3015 2999
f 3015 2958 3017
f 2999 3017 2953
f 3015 3017 2999
f 2958 3016 3019
f 3016 2942 3008
f 3019 3008 2956
f 3016 3008 3019
f 2953 3009 2998
f 3009 2956 3007
f 2998 3007 2937
f 3009 3007 2998
f 2958 3019 3017
f 3019 2956 3009
f 3017 3009 2953
f 3019 3009 3017
f 2940 3010 3000
f 3010 2957 3013
f 3000 3013 2954
f 3010 3013 3000
f 2957 3011 3020
f 3011 2942 3016
f 3020 3016 2958
f 3011 3016 3020
f 2954 3018 3001
f 3018 2958 3015
f 3001 3015 2941
f 3018 3015 3001
f 2957 3020 3013
f 3020 2958 3018
f 3013 3018 2954
f 3020 3018 3013
f 2873 2995 2995
f 2995 2952 2952
f 2995 2952 2952
f 2995 2952 2995
f 2952 2996 2996
f 2996 2941 2941
f 2996 2941 2941
f 2996 2941 2996
f 2952 2996 2996
f 2996 2941 2941
f 2996 2941 2941
f 2996 2941 2996
f 2952 2996 2952
f 2996 2941 2996
f 2952 2996 2952
f 2996 2996 2952
f 2941 2999 2999
f 2999 2953 2953
f 2999 2953 2953
f 2999 2953 2999
f 2953 2998 2998
f 2998 2937 2937
f 2998 2937 2937
f 2998 2937 2998
f 2953 2998 2998
f 2998 2937 2937
f 2998 2937 2937
f 2998 2937 2998
f 2953 2998 2953
f 2998 2937 2998
f 2953 2998 2953
f 2998 2998 2953
f 2941 2999 2999
f 2999 2953 2953
f 2999 2953 2953
f 2999 2953 2999
f 2953 2998 2998
f 2998 2937 2937
f 2998 2937 2937
f 2998 2937 2998
f 2953 2998 2998
f 2998 2937 2937
f 2998 2937 2937
f 2998 2937 2998
f 2953 2998 2953
f 2998 2937 2998
f 2953 2998 2953
f 2998 2998 2953
f 2941 2999 2941
f 2999 2953 2999
f 2941 2999 2941
f 2999 2999 2941
f 2953 2998 2953
f 2998 2937 2998
f 2953 2998 2953
f 2998 2998 2953
f 2941 2999 2941
f 2999 2953 2999
f 2941 2999 2941
f 2999 2999 2941
f 2953 2953 2999
f 2953 2953 2999
f 2999 2999 2941
f 2953 2999 2999
f 2938 3024 3033
f 3024 2960 3035
f 3033 3035 2963
f 3024 3035 3033
f 2960 3025 3043
f 3025 2943 3041
f 3043 3041 2965
f 3025 3041 3043
f 2963 3045 3034
f 3045 2965 3042
f 3034 3042 2944
f 3045 3042 3034
f 2960 3043 3035
f 3043 2965 3045
f 3035 3045 2963
f 3043 3045 3035
f 2943 3022 3027
f 3022 2959 3029
f 3027 3029 2961
f 3022 3029 3027
f 2959 3021 3023
f 3021 2873 2995
f 3023 2995 2952
f 3021 2995 3023
f 2961 3028 3026
f 3028 2952 2996
f 3026 2996 2941
f 3028 2996 3026
f 2959 3023 3029
f 3023 2952 3028
f 3029 3028 2961
f 3023 3028 3029
f 2944 3037 3031
f 3037 2964 3040
f 3031 3040 2962
f 3037 3040 3031
f 2964 3036 3038
f 3036 2941 2999
f 3038 2999 2953
f 3036 2999 3038
f 2962 3032 3030
f 3032 2953 2998
f 3030 2998 2937
f 3032 2998 3030
f 2964 3038 3040
f 3038 2953 3032
f 3040 3032 2962
f 3038 3032 3040
f 2943 3027 3041
f 3027 2961 3044
f 3041 3044 2965
f 3027 3044 3041
f 2961 3026 3039
f 3026 2941 3036
f 3039 3036 2964
f 3026 3036 3039
f 2965 3046 3042
f 3046 2964 3037
f 3042 3037 2944
f 3046 3037 3042
f 2961 3039 3044
f 3039 2964 3046
f 3044 3046 2965
f 3039 3046 3044
f 2938 3033 3033
f 3033 2963 2963
f 3033 2963 2963
f 3033 2963 3033
f 2963 3034 3034
f 3034 2944 2944
f 3034 2944 2944
f 3034 2944 3034
f 2963 3034 3034
f 3034 2944 2944
f 3034 2944 2944
f 3034 2944 3034
f 2963 3034 2963
f 3034 2944 3034
f 2963 3034 2963
f 3034 3034 2963
f 2944 3031 3031
f 3031 2962 2962
f 3031 2962 2962
f 3031 2962 3031
f 2962 3030 3030
f 3030 2937 2937
f 3030 2937 2937
f 3030 2937 3030
f 2962 3030 3030
f 3030 2937 2937
f 3030 2937 2937
f 3030 2937 3030
f 2962 3030 2962
f 3030 2937 3030
f 2962 3030 2962
f 3030 3030 2962
f 2944 3031 3031
f 3031 2962 2962
f 3031 2962 2962
f 3031 2962 3031
f 2962 3030 3030
f 3030 2937 2937
f 3030 2937 2937
f 3030 2937 3030
f 2962 3030 3030
f 3030 2937 2937
f 3030 2937 2937
f 3030 2937 3030
f 2962 3030 2962
f 3030 2937 3030
f 2962 3030 2962
f 3030 3030 2962
f 2944 3031 2944
f 3031 2962 3031
f 2944 3031 2944
f 3031 3031 2944
f 2962 3030 2962
f 3030 2937 3030
f 2962 3030 2962
f 3030 3030 2962
f 2944 3031 2944
f 3031 2962 3031
f 2944 3031 2944
f 3031 3031 2944
f 2962 2962 3031
f 2962 2962 3031
f 3031 3031 2944
f 2962 3031 3031
f 2873 3021 3047
f 3021 2959 3049
f 3047 3049 2966
f 3021 3049 3047
f 2959 3022 3054
f 3022 2943 3052
f 3054 3052 2968
f 3022 3052 3054
f 2966 3055 3048
f 3055 2968 3053
f 3048 3053 2945
f 3055 3053 3048
f 2959 3054 3049
f 3054 2968 3055
f 3049 3055 2966
f 3054 3055 3049
f 2943 3025 3062
f 3025 2960 3064
f 3062 3064 2971
f 3025 3064 3062
f 2960 3024 3058
f 3024 2938 3056
f 3058 3056 2969
f 3024 3056 3058
f 2971 3066 3063
f 3066 2969 3057
f 3063 3057 2946
f 3066 3057 3063
f 2960 3058 3064
f 3058 2969 3066
f 3064 3066 2971
f 3058 3066 3064
f 2945 3067 3051
f 3067 2972 3069
f 3051 3069 2967
f 3067 3069 3051
f 2972 3068 3071
f 3068 2946 3060
f 3071 3060 2970
f 3068 3060 3071
f 2967 3061 3050
f 3061 2970 3059
f 3050 3059 2939
f 3061 3059 3050
f 2972 3071 3069
f 3071 2970 3061
f 3069 3061 2967
f 3071 3061 3069
f 2943 3062 3052
f 3062 2971 3065
f 3052 3065 2968
f 3062 3065 3052
f 2971 3063 3072
f 3063 2946 3068
f 3072 3068 2972
f 3063 3068 3072
f 2968 3070 3053
f 3070 2972 3067
f 3053 3067 2945
f 3070 3067 3053
f 2971 3072 3065
f 3072 2972 3070
f 3065 3070 2968
f 3072 3070 3065
f 2873 3047 3047
f 3047 2966 2966
f 3047 2966 2966
f 3047 2966 3047
f 2966 3048 3048
f 3048 2945 2945
f 3048 2945 2945
f 3048 2945 3048
f 2966 3048 3048
f 3048 2945 2945
f 3048 2945 2945
f 3048 2945 3048
f 2966 3048 2966
f 3048 2945 3048
f 2966 3048 2966
f 3048 3048 2966
f 2945 3051 3051
f 3051 2967 2967
f 3051 2967 2967
f 3051 2967 3051
f 2967 3050 3050
f 3050 2939 2939
f 3050 2939 2939
f 3050 2939 3050
f 2967 3050 3050
f 3050 2939 2939
f 3050 2939 2939
f 3050 2939 3050
f 2967 3050 2967
f 3050 2939 3050
f 2967 3050 2967
f 3050 3050 2967
f 2945 3051 3051
f 3051 2967 2967
f 3051 2967 2967
f 3051 2967 3051
f 2967 3050 3050
f 3050 2939 2939
f 3050 2939 2939
f 3050 2939 3050
f 2967 3050 3050
f 3050 2939 2939
f 3050 2939 2939
f 3050 2939 3050
f 2967 3050 2967
f 3050 2939 3050
f 2967 3050 2967
f 3050 3050 2967
f 2945 3051 2945
f 3051 2967 3051
f 2945 3051 2945
f 3051 3051 2945
f 2967 3050 2967
f 3050 2939 3050
f 2967 3050 2967
f 3050 3050 2967
f 2945 3051 2945
f 3051 2967 3051
f 2945 3051 2945
f 3051 3051 2945
f 2967 2967 3051
f 2967 2967 3051
f 3051 3051 2945
f 2967 3051 3051
f 344 2911 576
f 2911 2882 3101
f 576 3101 408
f 2911 3101 576
f 2882 2912 3104
f 2912 2875 3102
f 3104 3102 3079
f 2912 3102 3104
f 408 3105 577
f 3105 3079 3103
f 577 3103 361
f 3105 3103 577
f 2882 3104 3101
f 3104 3079 3105
f 3101 3105 408
f 3104 3105 3101
f 2875 2915 3112
f 2915 2883 3114
f 3112 3114 3082
f 2915 3114 3112
f 2883 2914 3108
f 2914 2873 3106
f 3108 3106 3080
f 2914 3106 3108
f 3082 3116 3113
f 3116 3080 3107
f 3113 3107 3074
f 3116 3107 3113
f 2883 3108 3114
f 3108 3080 3116
f 3114 3116 3082
f 3108 3116 3114
f 361 3117 580
f 3117 3083 3119
f 580 3119 409
f 3117 3119 580
f 3083 3118 3121
f 3118 3074 3110
f 3121 3110 3081
f 3118 3110 3121
f 409 3111 579
f 3111 3081 3109
f 579 3109 345
f 3111 3109 579
f 3083 3121 3119
f 3121 3081 3111
f 3119 3111 409
f 3121 3111 3119
f 2875 3112 3102
f 3112 3082 3115
f 3102 3115 3079
f 3112 3115 3102
f 3082 3113 3122
f 3113 3074 3118
f 3122 3118 3083
f 3113 3118 3122
f 3079 3120 3103
f 3120 3083 3117
f 3103 3117 361
f 3120 3117 3103
f 3082 3122 3115
f 3122 3083 3120
f 3115 3120 3079
f 3122 3120 3115
f 344 576 576
f 576 408 408
f 576 408 408
f 576 408 576
f 408 577 577
f 577 361 361
f 577 361 361
f 577 361 577
f 408 577 577
f 577 361 361
f 577 361 361
f 577 361 577
f 408 577 408
f 577 361 577
f 408 577 408
f 577 577 408
f 361 580 580
f 580 409 409
f 580 409 409
f 580 409 580
f 409 579 579
f 579 345 345
f 579 345 345
f 579 345 579
f 409 579 579
f 579 345 345
f 579 345 345
f 579 345 579
f 409 579 409
f 579 345 579
f 409 579 409
f 579 579 409
f 361 580 580
f 580 409 409
f 580 409 409
f 580 409 580
f 409 579 579
f 579 345 345
f 579 345 345
f 579 345 579
f 409 579 579
f 579 345 345
f 579 345 345
f 579 345 579
f 409 579 409
f 579 345 579
f 409 579 409
f 579 579 409
f 361 580 361
f 580 409 580
f 361 580 361
f 580 580 361
f 409 579 409
f 579 345 579
f 409 579 409
f 579 579 409
f 361 580 361
f 580 409 580
f 361 580 361
f 580 580 361
f 409 409 580
f 409 409 580
f 580 580 361
f 409 580 580
f 2939 3154 3131
f 3154 3092 3156
f 3131 3156 3086
f 3154 3156 3131
f 3092 3155 3164
f 3155 3077 3161
f 3164 3161 3094
f 3155 3161 3164
f 3086 3162 3132
f 3162 3094 3160
f 3132 3160 3075
f 3162 3160 3132
f 3092 3164 3156
f 3164 3094 3162
f 3156 3162 3086
f 3164 3162 3156
f 3077 3158 3166
f 3158 3093 3169
f 3166 3169 3095
f 3158 3169 3166
f 3093 3157 3159
f 3157 3073 3148
f 3159 3148 3090
f 3157 3148 3159
f 3095 3167 3165
f 3167 3090 3149
f 3165 3149 3076
f 3167 3149 3165
f 3093 3159 3169
f 3159 3090 3167
f 3169 3167 3095
f 3159 3167 3169
f 3075 3150 3129
f 3150 3091 3152
f 3129 3152 3085
f 3150 3152 3129
f 3091 3151 3153
f 3151 3076 3146
f 3153 3146 3089
f 3151 3146 3153
f 3085 3147 3128
f 3147 3089 3145
f 3128 3145 345
f 3147 3145 3128
f 3091 3153 3152
f 3153 3089 3147
f 3152 3147 3085
f 3153 3147 3152
f 3077 3166 3161
f 3166 3095 3170
f 3161 3170 3094
f 3166 3170 3161
f 3095 3165 3168
f 3165 3076 3151
f 3168 3151 3091
f 3165 3151 3168
f 3094 3163 3160
f 3163 3091 3150
f 3160 3150 3075
f 3163 3150 3160
f 3095 3168 3170
f 3168 3091 3163
f 3170 3163 3094
f 3168 3163 3170
f 2939 3131 3131
f 3131 3086 3086
f 3131 3086 3086
f 3131 3086 3131
f 3086 3132 3132
f 3132 3075 3075
f 3132 3075 3075
f 3132 3075 3132
f 3086 3132 3132
f 3132 3075 3075
f 3132 3075 3075
f 3132 3075 3132
f 3086 3132 3086
f 3132 3075 3132
f 3086 3132 3086
f 3132 3132 3086
f 3075 3129 3129
f 3129 3085 3085
f 3129 3085 3085
f 3129 3085 3129
f 3085 3128 3128
f 3128 345 345
f 3128 345 345
f 3128 345 3128
f 3085 3128 3128
f 3128 345 345
f 3128 345 345
f 3128 345 3128
f 3085 3128 3085
f 3128 345 3128
f 3085 3128 3085
f 3128 3128 3085
f 3075 3129 3129
f 3129 3085 3085
f 3129 3085 3085
f 3129 3085 3129
f 3085 3128 3128
f 3128 345 345
f 3128 345 345
f 3128 345 3128
f 3085 3128 3128
f 3128 345 345
f 3128 345 345
f 3128 345 3128
f 3085 3128 3085
f 3128 345 3128
f 3085 3128 3085
f 3128 3128 3085
f 3075 3129 3075
f 3129 3085 3129
f 3075 3129 3075
f 3129 3129 3075
f 3085 3128 3085
f 3128 345 3128
f 3085 3128 3085
f 3128 3128 3085
f 3075 3129 3075
f 3129 3085 3129
f 3075 3129 3075
f 3129 3129 3075
f 3085 3085 3129
f 3085 3085 3129
f 3129 3129 3075
f 3085 3129 3129
f 3073 3176 3148
f 3176 3097 3178
f 3148 3178 3090
f 3176 3178 3148
f 3097 3177 3186
f 3177 3078 3183
f 3186 3183 3099
f 3177 3183 3186
f 3090 3184 3149
f 3184 3099 3182
f 3149 3182 3076
f 3184 3182 3149
f 3097 3186 3178
f 3186 3099 3184
f 3178 3184 3090
f 3186 3184 3178
f 3078 3180 3188
f 3180 3098 3191
f 3188 3191 3100
f 3180 3191 3188
f 3098 3179 3181
f 3179 347 621
f 3181 621 420
f 3179 621 3181
f 3100 3189 3187
f 3189 420 622
f 3187 622 364
f 3189 622 3187
f 3098 3181 3191
f 3181 420 3189
f 3191 3189 3100
f 3181 3189 3191
f 3076 3172 3146
f 3172 3096 3174
f 3146 3174 3089
f 3172 3174 3146
f 3096 3173 3175
f 3173 364 620
f 3175 620 419
f 3173 620 3175
f 3089 3171 3145
f 3171 419 619
f 3145 619 345
f 3171 619 3145
f 3096 3175 3174
f 3175 419 3171
f 3174 3171 3089
f 3175 3171 3174
f 3078 3188 3183
f 3188 3100 3192
f 3183 3192 3099
f 3188 3192 3183
f 3100 3187 3190
f 3187 364 3173
f 3190 3173 3096
f 3187 3173 3190
f 3099 3185 3182
f 3185 3096 3172
f 3182 3172 3076
f 3185 3172 3182
f 3100 3190 3192
f 3190 3096 3185
f 3192 3185 3099
f 3190 3185 3192
f 3073 3148 3148
f 3148 3090 3090
f 3148 3090 3090
f 3148 3090 3148
f 3090 3149 3149
f 3149 3076 3076
f 3149 3076 3076
f 3149 3076 3149
f 3090 3149 3149
f 3149 3076 3076
f 3149 3076 3076
f 3149 3076 3149
f 3090 3149 3090
f 3149 3076 3149
f 3090 3149 3090
f 3149 3149 3090
f 3076 3146 3146
f 3146 3089 3089
f 3146 3089 3089
f 3146 3089 3146
f 3089 3145 3145
f 3145 345 345
f 3145 345 345
f 3145 345 3145
f 3089 3145 3145
f 3145 345 345
f 3145 345 345
f 3145 345 3145
f 3089 3145 3089
f 3145 345 3145
f 3089 3145 3089
f 3145 3145 3089
f 3076 3146 3146
f 3146 3089 3089
f 3146 3089 3089
f 3146 3089 3146
f 3089 3145 3145
f 3145 345 345
f 3145 345 345
f 3145 345 3145
f 3089 3145 3145
f 3145 345 345
f 3145 345 345
f 3145 345 3145
f 3089 3145 3089
f 3145 345 3145
f 3089 3145 3089
f 3145 3145 3089
f 3076 3146 3076
f 3146 3089 3146
f 3076 3146 3076
f 3146 3146 3076
f 3089 3145 3089
f 3145 345 3145
f 3089 3145 3089
f 3145 3145 3089
f 3076 3146 3076
f 3146 3089 3146
f 3076 3146 3076
f 3146 3146 3076
f 3089 3089 3146
f 3089 3089 3146
f 3146 3146 3076
f 3089 3146 3146
f 2873 3047 3106
f 3047 2966 3123
f 3106 3123 3080
f 3047 3123 3106
f 2966 3048 3127
f 3048 2945 3125
f 3127 3125 3084
f 3048 3125 3127
f 3080 3126 3107
f 3126 3084 3124
f 3107 3124 3074
f 3126 3124 3107
f 2966 3127 3123
f 3127 3084 3126
f 3123 3126 3080
f 3127 3126 3123
f 2945 3051 3139
f 3051 2967 3141
f 3139 3141 3088
f 3051 3141 3139
f 2967 3050 3133
f 3050 2939 3131
f 3133 3131 3086
f 3050 3131 3133
f 3088 3143 3140
f 3143 3086 3132
f 3140 3132 3075
f 3143 3132 3140
f 2967 3133 3141
f 3133 3086 3143
f 3141 3143 3088
f 3133 3143 3141
f 3074 3134 3110
f 3134 3087 3136
f 3110 3136 3081
f 3134 3136 3110
f 3087 3135 3138
f 3135 3075 3129
f 3138 3129 3085
f 3135 3129 3138
f 3081 3130 3109
f 3130 3085 3128
f 3109 3128 345
f 3130 3128 3109
f 3087 3138 3136
f 3138 3085 3130
f 3136 3130 3081
f 3138 3130 3136
f 2945 3139 3125
f 3139 3088 3142
f 3125 3142 3084
f 3139 3142 3125
f 3088 3140 3144
f 3140 3075 3135
f 3144 3135 3087
f 3140 3135 3144
f 3084 3137 3124
f 3137 3087 3134
f 3124 3134 3074
f 3137 3134 3124
f 3088 3144 3142
f 3144 3087 3137
f 3142 3137 3084
f 3144 3137 3142
f 2873 3106 3106
f 3106 3080 3080
f 3106 3080 3080
f 3106 3080 3106
f 3080 3107 3107
f 3107 3074 3074
f 3107 3074 3074
f 3107 3074 3107
f 3080 3107 3107
f 3107 3074 3074
f 3107 3074 3074
f 3107 3074 3107
f 3080 3107 3080
f 3107 3074 3107
f 3080 3107 3080
f 3107 3107 3080
f 3074 3110 3110
f 3110 3081 3081
f 3110 3081 3081
f 3110 3081 3110
f 3081 3109 3109
f 3109 345 345
f 3109 345 345
f 3109 345 3109
f 3081 3109 3109
f 3109 345 345
f 3109 345 345
f 3109 345 3109
f 3081 3109 3081
f 3109 345 3109
f 3081 3109 3081
f 3109 3109 3081
f 3074 3110 3110
f 3110 3081 3081
f 3110 3081 3081
f 3110 3081 3110
f 3081 3109 3109
f 3109 345 345
f 3109 345 345
f 3109 345 3109
f 3081 3109 3109
f 3109 345 345
f 3109 345 345
f 3109 345 3109
f 3081 3109 3081
f 3109 345 3109
f 3081 3109 3081
f 3109 3109 3081
f 3074 3110 3074
f 3110 3081 3110
f 3074 3110 3074
f 3110 3110 3074
f 3081 3109 3081
f 3109 345 3109
f 3081 3109 3081
f 3109 3109 3081
f 3074 3110 3074
f 3110 3081 3110
f 3074 3110 3074
f 3110 3110 3074
f 3081 3081 3110
f 3081 3081 3110
f 3110 3110 3074
f 3081 3110 3110
f 3193 3218 3222
f 3218 3202 3224
f 3222 3224 3204
f 3218 3224 3222
f 3202 3219 3229
f 3219 3197 3227
f 3229 3227 3206
f 3219 3227 3229
f 3204 3230 3223
f 3230 3206 3228
f 3223 3228 3198
f 3230 3228 3223
f 3202 3229 3224
f 3229 3206 3230
f 3224 3230 3204
f 3229 3230 3224
f 3197 3221 3237
f 3221 3203 3239
f 3237 3239 3209
f 3221 3239 3237
f 3203 3220 3233
f 3220 3194 3231
f 3233 3231 3207
f 3220 3231 3233
f 3209 3241 3238
f 3241 3207 3232
f 3238 3232 3199
f 3241 3232 3238
f 3203 3233 3239
f 3233 3207 3241
f 3239 3241 3209
f 3233 3241 3239
f 3198 3242 3226
f 3242 3210 3244
f 3226 3244 3205
f 3242 3244 3226
f 3210 3243 3246
f 3243 3199 3235
f 3246 3235 3208
f 3243 3235 3246
f 3205 3236 3225
f 3236 3208 3234
f 3225 3234 3195
f 3236 3234 3225
f 3210 3246 3244
f 3246 3208 3236
f 3244 3236 3205
f 3246 3236 3244
f 3197 3237 3227
f 3237 3209 3240
f 3227 3240 3206
f 3237 3240 3227
f 3209 3238 3247
f 3238 3199 3243
f 3247 3243 3210
f 3238 3243 3247
f 3206 3245 3228
f 3245 3210 3242
f 3228 3242 3198
f 3245 3242 3228
f 3209 3247 3240
f 3247 3210 3245
f 3240 3245 3206
f 3247 3245 3240
f 3193 3222 3222
f 3222 3204 3204
f 3222 3204 3204
f 3222 3204 3222
f 3204 3223 3223
f 3223 3198 3198
f 3223 3198 3198
f 3223 3198 3223
f 3204 3223 3223
f 3223 3198 3198
f 3223 3198 3198
f 3223 3198 3223
f 3204 3223 3204
f 3223 3198 3223
f 3204 3223 3204
f 3223 3223 3204
f 3198 3226 3226
f 3226 3205 3205
f 3226 3205 3205
f 3226 3205 3226
f 3205 3225 3225
f 3225 3195 3195
f 3225 3195 3195
f 3225 3195 3225
f 3205 3225 3225
f 3225 3195 3195
f 3225 3195 3195
f 3225 3195 3225
f 3205 3225 3205
f 3225 3195 3225
f 3205 3225 3205
f 3225 3225 3205
f 3198 3226 3226
f 3226 3205 3205
f 3226 3205 3205
f 3226 3205 3226
f 3205 3225 3225
f 3225 3195 3195
f 3225 3195 3195
f 3225 3195 3225
f 3205 3225 3225
f 3225 3195 3195
f 3225 3195 3195
f 3225 3195 3225
f 3205 3225 3205
f 3225 3195 3225
f 3205 3225 3205
f 3225 3225 3205
f 3198 3226 3198
f 3226 3205 3226
f 3198 3226 3198
f 3226 3226 3198
f 3205 3225 3205
f 3225 3195 3225
f 3205 3225 3205
f 3225 3225 3205
f 3198 3226 3198
f 3226 3205 3226
f 3198 3226 3198
f 3226 3226 3198
f 3205 3205 3226
f 3205 3205 3226
f 3226 3226 3198
f 3205 3226 3226
f 3196 3251 3260
f 3251 3212 3262
f 3260 3262 3215
f 3251 3262 3260
f 3212 3252 3270
f 3252 3200 3268
f 3270 3268 3217
f 3252 3268 3270
f 3215 3272 3261
f 3272 3217 3269
f 3261 3269 3201
f 3272 3269 3261
f 3212 3270 3262
f 3270 3217 3272
f 3262 3272 3215
f 3270 3272 3262
f 3200 3249 3254
f 3249 3211 3256
f 3254 3256 3213
f 3249 3256 3254
f 3211 3248 3250
f 3248 3193 3222
f 3250 3222 3204
f 3248 3222 3250
f 3213 3255 3253
f 3255 3204 3223
f 3253 3223 3198
f 3255 3223 3253
f 3211 3250 3256
f 3250 3204 3255
f 3256 3255 3213
f 3250 3255 3256
f 3201 3264 3258
f 3264 3216 3267
f 3258 3267 3214
f 3264 3267 3258
f 3216 3263 3265
f 3263 3198 3226
f 3265 3226 3205
f 3263 3226 3265
f 3214 3259 3257
f 3259 3205 3225
f 3257 3225 3195
f 3259 3225 3257
f 3216 3265 3267
f 3265 3205 3259
f 3267 3259 3214
f 3265 3259 3267
f 3200 3254 3268
f 3254 3213 3271
f 3268 3271 3217
f 3254 3271 3268
f 3213 3253 3266
f 3253 3198 3263
f 3266 3263 3216
f 3253 3263 3266
f 3217 3273 3269
f 3273 3216 3264
f 3269 3264 3201
f 3273 3264 3269
f 3213 3266 3271
f 3266 3216 3273
f 3271 3273 3217
f 3266 3273 3271
f 3196 3260 3260
f 3260 3215 3215
f 3260 3215 3215
f 3260 3215 3260
f 3215 3261 3261
f 3261 3201 3201
f 3261 3201 3201
f 3261 3201 3261
f 3215 3261 3261
f 3261 3201 3201
f 3261 3201 3201
f 3261 3201 3261
f 3215 3261 3215
f 3261 3201 3261
f 3215 3261 3215
f 3261 3261 3215
f 3201 3258 3258
f 3258 3214 3214
f 3258 3214 3214
f 3258 3214 3258
f 3214 3257 3257
f 3257 3195 3195
f 3257 3195 3195
f 3257 3195 3257
f 3214 3257 3257
f 3257 3195 3195
f 3257 3195 3195
f 3257 3195 3257
f 3214 3257 3214
f 3257 3195 3257
f 3214 3257 3214
f 3257 3257 3214
f 3201 3258 3258
f 3258 3214 3214
f 3258 3214 3214
f 3258 3214 3258
f 3214 3257 3257
f 3257 3195 3195
f 3257 3195 3195
f 3257 3195 3257
f 3214 3257 3257
f 3257 3195 3195
f 3257 3195 3195
f 3257 3195 3257
f 3214 3257 3214
f 3257 3195 3257
f 3214 3257 3214
f 3257 3257 3214
f 3201 3258 3201
f 3258 3214 3258
f 3201 3258 3201
f 3258 3258 3201
f 3214 3257 3214
f 3257 3195 3257
f 3214 3257 3214
f 3257 3257 3214
f 3201 3258 3201
f 3258 3214 3258
f 3201 3258 3201
f 3258 3258 3201
f 3214 3214 3258
f 3214 3214 3258
f 3258 3258 3201
f 3214 3258 3258
f 3196 3295 3299
f 3295 3278 3301
f 3299 3301 3280
f 3295 3301 3299
f 3278 3296 3306
f 3296 3274 3304
f 3306 3304 3282
f 3296 3304 3306
f 3280 3307 3300
f 3307 3282 3305
f 3300 3305 3275
f 3307 3305 3300
f 3278 3306 3301
f 3306 3282 3307
f 3301 3307 3280
f 3306 3307 3301
f 3274 3298 3310
f 3298 3279 3312
f 3310 3312 3283
f 3298 3312 3310
f 3279 3297 3308
f 3297 674 1910
f 3308 1910 1018
f 3297 1910 3308
f 3283 3314 3311
f 3314 1018 1911
f 3311 1911 776
f 3314 1911 3311
f 3279 3308 3312
f 3308 1018 3314
f 3312 3314 3283
f 3308 3314 3312
f 3275 3315 3303
f 3315 3284 3317
f 3303 3317 3281
f 3315 3317 3303
f 3284 3316 3319
f 3316 776 1914
f 3319 1914 1019
f 3316 1914 3319
f 3281 3309 3302
f 3309 1019 1913
f 3302 1913 704
f 3309 1913 3302
f 3284 3319 3317
f 3319 1019 3309
f 3317 3309 3281
f 3319 3309 3317
f 3274 3310 3304
f 3310 3283 3313
f 3304 3313 3282
f 3310 3313 3304
f 3283 3311 3320
f 3311 776 3316
f 3320 3316 3284
f 3311 3316 3320
f 3282 3318 3305
f 3318 3284 3315
f 3305 3315 3275
f 3318 3315 3305
f 3283 3320 3313
f 3320 3284 3318
f 3313 3318 3282
f 3320 3318 3313
f 3196 3299 3299
f 3299 3280 3280
f 3299 3280 3280
f 3299 3280 3299
f 3280 3300 3300
f 3300 3275 3275
f 3300 3275 3275
f 3300 3275 3300
f 3280 3300 3300
f 3300 3275 3275
f 3300 3275 3275
f 3300 3275 3300
f 3280 3300 3280
f 3300 3275 3300
f 3280 3300 3280
f 3300 3300 3280
f 3275 3303 3303
f 3303 3281 3281
f 3303 3281 3281
f 3303 3281 3303
f 3281 3302 3302
f 3302 704 704
f 3302 704 704
f 3302 704 3302
f 3281 3302 3302
f 3302 704 704
f 3302 704 704
f 3302 704 3302
f 3281 3302 3281
f 3302 704 3302
f 3281 3302 3281
f 3302 3302 3281
f 3275 3303 3303
f 3303 3281 3281
f 3303 3281 3281
f 3303 3281 3303
f 3281 3302 3302
f 3302 704 704
f 3302 704 704
f 3302 704 3302
f 3281 3302 3302
f 3302 704 704
f 3302 704 704
f 3302 704 3302
f 3281 3302 3281
f 3302 704 3302
f 3281 3302 3281
f 3302 3302 3281
f 3275 3303 3275
f 3303 3281 3303
f 3275 3303 3275
f 3303 3303 3275
f 3281 3302 3281
f 3302 704 3302
f 3281 3302 3281
f 3302 3302 3281
f 3275 3303 3275
f 3303 3281 3303
f 3275 3303 3275
f 3303 3303 3275
f 3281 3281 3303
f 3281 3281 3303
f 3303 3303 3275
f 3281 3303 3303
f 3195 3329 3257
f 3329 3287 3331
f 3257 3331 3214
f 3329 3331 3257
f 3287 3330 3341
f 3330 3276 3338
f 3341 3338 3289
f 3330 3338 3341
f 3214 3339 3258
f 3339 3289 3337
f 3258 3337 3201
f 3339 3337 3258
f 3287 3341 3331
f 3341 3289 3339
f 3331 3339 3214
f 3341 3339 3331
f 3276 3327 3333
f 3327 3286 3336
f 3333 3336 3288
f 3327 3336 3333
f 3286 3326 3328
f 3326 674 3297
f 3328 3297 3279
f 3326 3297 3328
f 3288 3334 3332
f 3334 3279 3298
f 3332 3298 3274
f 3334 3298 3332
f 3286 3328 3336
f 3328 3279 3334
f 3336 3334 3288
f 3328 3334 3336
f 3201 3323 3261
f 3323 3285 3325
f 3261 3325 3215
f 3323 3325 3261
f 3285 3322 3324
f 3322 3274 3296
f 3324 3296 3278
f 3322 3296 3324
f 3215 3321 3260
f 3321 3278 3295
f 3260 3295 3196
f 3321 3295 3260
f 3285 3324 3325
f 3324 3278 3321
f 3325 3321 3215
f 3324 3321 3325
f 3276 3333 3338
f 3333 3288 3342
f 3338 3342 3289
f 3333 3342 3338
f 3288 3332 3335
f 3332 3274 3322
f 3335 3322 3285
f 3332 3322 3335
f 3289 3340 3337
f 3340 3285 3323
f 3337 3323 3201
f 3340 3323 3337
f 3288 3335 3342
f 3335 3285 3340
f 3342 3340 3289
f 3335 3340 3342
f 3195 3257 3257
f 3257 3214 3214
f 3257 3214 3214
f 3257 3214 3257
f 3214 3258 3258
f 3258 3201 3201
f 3258 3201 3201
f 3258 3201 3258
f 3214 3258 3258
f 3258 3201 3201
f 3258 3201 3201
f 3258 3201 3258
f 3214 3258 3214
f 3258 3201 3258
f 3214 3258 3214
f 3258 3258 3214
f 3201 3261 3261
f 3261 3215 3215
f 3261 3215 3215
f 3261 3215 3261
f 3215 3260 3260
f 3260 3196 3196
f 3260 3196 3196
f 3260 3196 3260
f 3215 3260 3260
f 3260 3196 3196
f 3260 3196 3196
f 3260 3196 3260
f 3215 3260 3215
f 3260 3196 3260
f 3215 3260 3215
f 3260 3260 3215
f 3201 3261 3261
f 3261 3215 3215
f 3261 3215 3215
f 3261 3215 3261
f 3215 3260 3260
f 3260 3196 3196
f 3260 3196 3196
f 3260 3196 3260
f 3215 3260 3260
f 3260 3196 3196
f 3260 3196 3196
f 3260 3196 3260
f 3215 3260 3215
f 3260 3196 3260
f 3215 3260 3215
f 3260 3260 3215
f 3201 3261 3201
f 3261 3215 3261
f 3201 3261 3201
f 3261 3261 3201
f 3215 3260 3215
f 3260 3196 3260
f 3215 3260 3215
f 3260 3260 3215
f 3201 3261 3201
f 3261 3215 3261
f 3201 3261 3201
f 3261 3261 3201
f 3215 3215 3261
f 3215 3215 3261
f 3261 3261 3201
f 3215 3261 3261
f 675 1132 3351
f 1132 809 3353
f 3351 3353 3292
f 1132 3353 3351
f 809 1133 3361
f 1133 716 3359
f 3361 3359 3294
f 1133 3359 3361
f 3292 3363 3352
f 3363 3294 3360
f 3352 3360 3277
f 3363 3360 3352
f 809 3361 3353
f 3361 3294 3363
f 3353 3363 3292
f 3361 3363 3353
f 716 1131 3345
f 1131 808 3347
f 3345 3347 3290
f 1131 3347 3345
f 808 1130 3343
f 1130 674 3326
f 3343 3326 3286
f 1130 3326 3343
f 3290 3346 3344
f 3346 3286 3327
f 3344 3327 3276
f 3346 3327 3344
f 808 3343 3347
f 3343 3286 3346
f 3347 3346 3290
f 3343 3346 3347
f 3277 3355 3349
f 3355 3293 3358
f 3349 3358 3291
f 3355 3358 3349
f 3293 3354 3356
f 3354 3276 3330
f 3356 3330 3287
f 3354 3330 3356
f 3291 3350 3348
f 3350 3287 3329
f 3348 3329 3195
f 3350 3329 3348
f 3293 3356 3358
f 3356 3287 3350
f 3358 3350 3291
f 3356 3350 3358
f 716 3345 3359
f 3345 3290 3362
f 3359 3362 3294
f 3345 3362 3359
f 3290 3344 3357
f 3344 3276 3354
f 3357 3354 3293
f 3344 3354 3357
f 3294 3364 3360
f 3364 3293 3355
f 3360 3355 3277
f 3364 3355 3360
f 3290 3357 3362
f 3357 3293 3364
f 3362 3364 3294
f 3357 3364 3362
f 675 3351 3351
f 3351 3292 3292
f 3351 3292 3292
f 3351 3292 3351
f 3292 3352 3352
f 3352 3277 3277
f 3352 3277 3277
f 3352 3277 3352
f 3292 3352 3352
f 3352 3277 3277
f 3352 3277 3277
f 3352 3277 3352
f 3292 3352 3292
f 3352 3277 3352
f 3292 3352 3292
f 3352 3352 3292
f 3277 3349 3349
f 3349 3291 3291
f 3349 3291 3291
f 3349 3291 3349
f 3291 3348 3348
f 3348 3195 3195
f 3348 3195 3195
f 3348 3195 3348
f 3291 3348 3348
f 3348 3195 3195
f 3348 3195 3195
f 3348 3195 3348
f 3291 3348 3291
f 3348 3195 3348
f 3291 3348 3291
f 3348 3348 3291
f 3277 3349 3349
f 3349 3291 3291
f 3349 3291 3291
f 3349 3291 3349
f 3291 3348 3348
f 3348 3195 3195
f 3348 3195 3195
f 3348 3195 3348
f 3291 3348 3348
f 3348 3195 3195
f 3348 3195 3195
f 3348 3195 3348
f 3291 3348 3291
f 3348 3195 3348
f 3291 3348 3291
f 3348 3348 3291
f 3277 3349 3277
f 3349 3291 3349
f 3277 3349 3277
f 3349 3349 3277
f 3291 3348 3291
f 3348 3195 3348
f 3291 3348 3291
f 3348 3348 3291
f 3277 3349 3277
f 3349 3291 3349
f 3277 3349 3277
f 3349 3349 3277
f 3291 3291 3349
f 3291 3291 3349
f 3349 3349 3277
f 3291 3349 3349
f 3194 3377 3381
f 3377 3367 3383
f 3381 3383 3369
f 3377 3383 3381
f 3367 3378 3388
f 3378 3365 3386
f 3388 3386 3371
f 3378 3386 3388
f 3369 3389 3382
f 3389 3371 3387
f 3382 3387 3366
f 3389 3387 3382
f 3367 3388 3383
f 3388 3371 3389
f 3383 3389 3369
f 3388 3389 3383
f 3365 3380 3392
f 3380 3368 3394
f 3392 3394 3372
f 3380 3394 3392
f 3368 3379 3390
f 3379 671 1126
f 3390 1126 806
f 3379 1126 3390
f 3372 3396 3393
f 3396 806 1127
f 3393 1127 715
f 3396 1127 3393
f 3368 3390 3394
f 3390 806 3396
f 3394 3396 3372
f 3390 3396 3394
f 3366 3397 3385
f 3397 3373 3399
f 3385 3399 3370
f 3397 3399 3385
f 3373 3398 3401
f 3398 715 1129
f 3401 1129 807
f 3398 1129 3401
f 3370 3391 3384
f 3391 807 1128
f 3384 1128 675
f 3391 1128 3384
f 3373 3401 3399
f 3401 807 3391
f 3399 3391 3370
f 3401 3391 3399
f 3365 3392 3386
f 3392 3372 3395
f 3386 3395 3371
f 3392 3395 3386
f 3372 3393 3402
f 3393 715 3398
f 3402 3398 3373
f 3393 3398 3402
f 3371 3400 3387
f 3400 3373 3397
f 3387 3397 3366
f 3400 3397 3387
f 3372 3402 3395
f 3402 3373 3400
f 3395 3400 3371
f 3402 3400 3395
f 3194 3381 3381
f 3381 3369 3369
f 3381 3369 3369
f 3381 3369 3381
f 3369 3382 3382
f 3382 3366 3366
f 3382 3366 3366
f 3382 3366 3382
f 3369 3382 3382
f 3382 3366 3366
f 3382 3366 3366
f 3382 3366 3382
f 3369 3382 3369
f 3382 3366 3382
f 3369 3382 3369
f 3382 3382 3369
f 3366 3385 3385
f 3385 3370 3370
f 3385 3370 3370
f 3385 3370 3385
f 3370 3384 3384
f 3384 675 675
f 3384 675 675
f 3384 675 3384
f 3370 3384 3384
f 3384 675 675
f 3384 675 675
f 3384 675 3384
f 3370 3384 3370
f 3384 675 3384
f 3370 3384 3370
f 3384 3384 3370
f 3366 3385 3385
f 3385 3370 3370
f 3385 3370 3370
f 3385 3370 3385
f 3370 3384 3384
f 3384 675 675
f 3384 675 675
f 3384 675 3384
f 3370 3384 3384
f 3384 675 675
f 3384 675 675
f 3384 675 3384
f 3370 3384 3370
f 3384 675 3384
f 3370 3384 3370
f 3384 3384 3370
f 3366 3385 3366
f 3385 3370 3385
f 3366 3385 3366
f 3385 3385 3366
f 3370 3384 3370
f 3384 675 3384
f 3370 3384 3370
f 3384 3384 3370
f 3366 3385 3366
f 3385 3370 3385
f 3366 3385 3366
f 3385 3385 3366
f 3370 3370 3385
f 3370 3370 3385
f 3385 3385 3366
f 3370 3385 3385
f 3195 3234 3348
f 3234 3208 3409
f 3348 3409 3291
f 3234 3409 3348
f 3208 3235 3417
f 3235 3199 3415
f 3417 3415 3376
f 3235 3415 3417
f 3291 3419 3349
f 3419 3376 3416
f 3349 3416 3277
f 3419 3416 3349
f 3208 3417 3409
f 3417 3376 3419
f 3409 3419 3291
f 3417 3419 3409
f 3199 3232 3405
f 3232 3207 3407
f 3405 3407 3374
f 3232 3407 3405
f 3207 3231 3403
f 3231 3194 3381
f 3403 3381 3369
f 3231 3381 3403
f 3374 3406 3404
f 3406 3369 3382
f 3404 3382 3366
f 3406 3382 3404
f 3207 3403 3407
f 3403 3369 3406
f 3407 3406 3374
f 3403 3406 3407
f 3277 3411 3352
f 3411 3375 3414
f 3352 3414 3292
f 3411 3414 3352
f 3375 3410 3412
f 3410 3366 3385
f 3412 3385 3370
f 3410 3385 3412
f 3292 3408 3351
f 3408 3370 3384
f 3351 3384 675
f 3408 3384 3351
f 3375 3412 3414
f 3412 3370 3408
f 3414 3408 3292
f 3412 3408 3414
f 3199 3405 3415
f 3405 3374 3418
f 3415 3418 3376
f 3405 3418 3415
f 3374 3404 3413
f 3404 3366 3410
f 3413 3410 3375
f 3404 3410 3413
f 3376 3420 3416
f 3420 3375 3411
f 3416 3411 3277
f 3420 3411 3416
f 3374 3413 3418
f 3413 3375 3420
f 3418 3420 3376
f 3413 3420 3418
f 3195 3348 3348
f 3348 3291 3291
f 3348 3291 3291
f 3348 3291 3348
f 3291 3349 3349
f 3349 3277 3277
f 3349 3277 3277
f 3349 3277 3349
f 3291 3349 3349
f 3349 3277 3277
f 3349 3277 3277
f 3349 3277 3349
f 3291 3349 3291
f 3349 3277 3349
f 3291 3349 3291
f 3349 3349 3291
f 3277 3352 3352
f 3352 3292 3292
f 3352 3292 3292
f 3352 3292 3352
f 3292 3351 3351
f 3351 675 675
f 3351 675 675
f 3351 675 3351
f 3292 3351 3351
f 3351 675 675
f 3351 675 675
f 3351 675 3351
f 3292 3351 3292
f 3351 675 3351
f 3292 3351 3292
f 3351 3351 3292
f 3277 3352 3352
f 3352 3292 3292
f 3352 3292 3292
f 3352 3292 3352
f 3292 3351 3351
f 3351 675 675
f 3351 675 675
f 3351 675 3351
f 3292 3351 3351
f 3351 675 675
f 3351 675 675
f 3351 675 3351
f 3292 3351 3292
f 3351 675 3351
f 3292 3351 3292
f 3351 3351 3292
f 3277 3352 3277
f 3352 3292 3352
f 3277 3352 3277
f 3352 3352 3277
f 3292 3351 3292
f 3351 675 3351
f 3292 3351 3292
f 3351 3351 3292
f 3277 3352 3277
f 3352 3292 3352
f 3277 3352 3277
f 3352 3352 3277
f 3292 3292 3352
f 3292 3292 3352
f 3352 3352 3277
f 3292 3352 3352
f 3194 3439 3377
f 3439 3424 3443
f 3377 3443 3367
f 3439 3443 3377
f 3424 3440 3446
f 3440 3421 3444
f 3446 3444 3426
f 3440 3444 3446
f 3367 3447 3378
f 3447 3426 3445
f 3378 3445 3365
f 3447 3445 3378
f 3424 3446 3443
f 3446 3426 3447
f 3443 3447 3367
f 3446 3447 3443
f 3421 3442 3450
f 3442 3425 3452
f 3450 3452 3427
f 3442 3452 3450
f 3425 3441 3448
f 3441 672 1098
f 3448 1098 798
f 3441 1098 3448
f 3427 3454 3451
f 3454 798 1099
f 3451 1099 712
f 3454 1099 3451
f 3425 3448 3452
f 3448 798 3454
f 3452 3454 3427
f 3448 3454 3452
f 3365 3455 3380
f 3455 3428 3457
f 3380 3457 3368
f 3455 3457 3380
f 3428 3456 3459
f 3456 712 1097
f 3459 1097 797
f 3456 1097 3459
f 3368 3449 3379
f 3449 797 1096
f 3379 1096 671
f 3449 1096 3379
f 3428 3459 3457
f 3459 797 3449
f 3457 3449 3368
f 3459 3449 3457
f 3421 3450 3444
f 3450 3427 3453
f 3444 3453 3426
f 3450 3453 3444
f 3427 3451 3460
f 3451 712 3456
f 3460 3456 3428
f 3451 3456 3460
f 3426 3458 3445
f 3458 3428 3455
f 3445 3455 3365
f 3458 3455 3445
f 3427 3460 3453
f 3460 3428 3458
f 3453 3458 3426
f 3460 3458 3453
f 3194 3377 3377
f 3377 3367 3367
f 3377 3367 3367
f 3377 3367 3377
f 3367 3378 3378
f 3378 3365 3365
f 3378 3365 3365
f 3378 3365 3378
f 3367 3378 3378
f 3378 3365 3365
f 3378 3365 3365
f 3378 3365 3378
f 3367 3378 3367
f 3378 3365 3378
f 3367 3378 3367
f 3378 3378 3367
f 3365 3380 3380
f 3380 3368 3368
f 3380 3368 3368
f 3380 3368 3380
f 3368 3379 3379
f 3379 671 671
f 3379 671 671
f 3379 671 3379
f 3368 3379 3379
f 3379 671 671
f 3379 671 671
f 3379 671 3379
f 3368 3379 3368
f 3379 671 3379
f 3368 3379 3368
f 3379 3379 3368
f 3365 3380 3380
f 3380 3368 3368
f 3380 3368 3368
f 3380 3368 3380
f 3368 3379 3379
f 3379 671 671
f 3379 671 671
f 3379 671 3379
f 3368 3379 3379
f 3379 671 671
f 3379 671 671
f 3379 671 3379
f 3368 3379 3368
f 3379 671 3379
f 3368 3379 3368
f 3379 3379 3368
f 3365 3380 3365
f 3380 3368 3380
f 3365 3380 3365
f 3380 3380 3365
f 3368 3379 3368
f 3379 671 3379
f 3368 3379 3368
f 3379 3379 3368
f 3365 3380 3365
f 3380 3368 3380
f 3365 3380 3365
f 3380 3380 3365
f 3368 3368 3380
f 3368 3368 3380
f 3380 3380 3365
f 3368 3380 3380
f 3193 3469 3218
f 3469 3431 3471
f 3218 3471 3202
f 3469 3471 3218
f 3431 3470 3481
f 3470 3422 3478
f 3481 3478 3433
f 3470 3478 3481
f 3202 3479 3219
f 3479 3433 3477
f 3219 3477 3197
f 3479 3477 3219
f 3431 3481 3471
f 3481 3433 3479
f 3471 3479 3202
f 3481 3479 3471
f 3422 3467 3473
f 3467 3430 3476
f 3473 3476 3432
f 3467 3476 3473
f 3430 3466 3468
f 3466 672 3441
f 3468 3441 3425
f 3466 3441 3468
f 3432 3474 3472
f 3474 3425 3442
f 3472 3442 3421
f 3474 3442 3472
f 3430 3468 3476
f 3468 3425 3474
f 3476 3474 3432
f 3468 3474 3476
f 3197 3463 3221
f 3463 3429 3465
f 3221 3465 3203
f 3463 3465 3221
f 3429 3462 3464
f 3462 3421 3440
f 3464 3440 3424
f 3462 3440 3464
f 3203 3461 3220
f 3461 3424 3439
f 3220 3439 3194
f 3461 3439 3220
f 3429 3464 3465
f 3464 3424 3461
f 3465 3461 3203
f 3464 3461 3465
f 3422 3473 3478
f 3473 3432 3482
f 3478 3482 3433
f 3473 3482 3478
f 3432 3472 3475
f 3472 3421 3462
f 3475 3462 3429
f 3472 3462 3475
f 3433 3480 3477
f 3480 3429 3463
f 3477 3463 3197
f 3480 3463 3477
f 3432 3475 3482
f 3475 3429 3480
f 3482 3480 3433
f 3475 3480 3482
f 3193 3218 3218
f 3218 3202 3202
f 3218 3202 3202
f 3218 3202 3218
f 3202 3219 3219
f 3219 3197 3197
f 3219 3197 3197
f 3219 3197 3219
f 3202 3219 3219
f 3219 3197 3197
f 3219 3197 3197
f 3219 3197 3219
f 3202 3219 3202
f 3219 3197 3219
f 3202 3219 3202
f 3219 3219 3202
f 3197 3221 3221
f 3221 3203 3203
f 3221 3203 3203
f 3221 3203 3221
f 3203 3220 3220
f 3220 3194 3194
f 3220 3194 3194
f 3220 3194 3220
f 3203 3220 3220
f 3220 3194 3194
f 3220 3194 3194
f 3220 3194 3220
f 3203 3220 3203
f 3220 3194 3220
f 3203 3220 3203
f 3220 3220 3203
f 3197 3221 3221
f 3221 3203 3203
f 3221 3203 3203
f 3221 3203 3221
f 3203 3220 3220
f 3220 3194 3194
f 3220 3194 3194
f 3220 3194 3220
f 3203 3220 3220
f 3220 3194 3194
f 3220 3194 3194
f 3220 3194 3220
f 3203 3220 3203
f 3220 3194 3220
f 3203 3220 3203
f 3220 3220 3203
f 3197 3221 3197
f 3221 3203 3221
f 3197 3221 3197
f 3221 3221 3197
f 3203 3220 3203
f 3220 3194 3220
f 3203 3220 3203
f 3220 3220 3203
f 3197 3221 3197
f 3221 3203 3221
f 3197 3221 3197
f 3221 3221 3197
f 3203 3203 3221
f 3203 3203 3221
f 3221 3221 3197
f 3203 3221 3221
f 677 1233 3491
f 1233 835 3493
f 3491 3493 3436
f 1233 3493 3491
f 835 1234 3501
f 1234 723 3499
f 3501 3499 3438
f 1234 3499 3501
f 3436 3503 3492
f 3503 3438 3500
f 3492 3500 3423
f 3503 3500 3492
f 835 3501 3493
f 3501 3438 3503
f 3493 3503 3436
f 3501 3503 3493
f 723 1231 3485
f 1231 834 3487
f 3485 3487 3434
f 1231 3487 3485
f 834 1230 3483
f 1230 672 3466
f 3483 3466 3430
f 1230 3466 3483
f 3434 3486 3484
f 3486 3430 3467
f 3484 3467 3422
f 3486 3467 3484
f 834 3483 3487
f 3483 3430 3486
f 3487 3486 3434
f 3483 3486 3487
f 3423 3495 3489
f 3495 3437 3498
f 3489 3498 3435
f 3495 3498 3489
f 3437 3494 3496
f 3494 3422 3470
f 3496 3470 3431
f 3494 3470 3496
f 3435 3490 3488
f 3490 3431 3469
f 3488 3469 3193
f 3490 3469 3488
f 3437 3496 3498
f 3496 3431 3490
f 3498 3490 3435
f 3496 3490 3498
f 723 3485 3499
f 3485 3434 3502
f 3499 3502 3438
f 3485 3502 3499
f 3434 3484 3497
f 3484 3422 3494
f 3497 3494 3437
f 3484 3494 3497
f 3438 3504 3500
f 3504 3437 3495
f 3500 3495 3423
f 3504 3495 3500
f 3434 3497 3502
f 3497 3437 3504
f 3502 3504 3438
f 3497 3504 3502
f 677 3491 3491
f 3491 3436 3436
f 3491 3436 3436
f 3491 3436 3491
f 3436 3492 3492
f 3492 3423 3423
f 3492 3423 3423
f 3492 3423 3492
f 3436 3492 3492
f 3492 3423 3423
f 3492 3423 3423
f 3492 3423 3492
f 3436 3492 3436
f 3492 3423 3492
f 3436 3492 3436
f 3492 3492 3436
f 3423 3489 3489
f 3489 3435 3435
f 3489 3435 3435
f 3489 3435 3489
f 3435 3488 3488
f 3488 3193 3193
f 3488 3193 3193
f 3488 3193 3488
f 3435 3488 3488
f 3488 3193 3193
f 3488 3193 3193
f 3488 3193 3488
f 3435 3488 3435
f 3488 3193 3488
f 3435 3488 3435
f 3488 3488 3435
f 3423 3489 3489
f 3489 3435 3435
f 3489 3435 3435
f 3489 3435 3489
f 3435 3488 3488
f 3488 3193 3193
f 3488 3193 3193
f 3488 3193 3488
f 3435 3488 3488
f 3488 3193 3193
f 3488 3193 3193
f 3488 3193 3488
f 3435 3488 3435
f 3488 3193 3488
f 3435 3488 3435
f 3488 3488 3435
f 3423 3489 3423
f 3489 3435 3489
f 3423 3489 3423
f 3489 3489 3423
f 3435 3488 3435
f 3488 3193 3488
f 3435 3488 3435
f 3488 3488 3435
f 3423 3489 3423
f 3489 3435 3489
f 3423 3489 3423
f 3489 3489 3423
f 3435 3435 3489
f 3435 3435 3489
f 3489 3489 3423
f 3435 3489 3489
f 3196 3299 3514
f 3299 3280 3516
f 3514 3516 3506
f 3299 3516 3514
f 3280 3300 3521
f 3300 3275 3519
f 3521 3519 3508
f 3300 3519 3521
f 3506 3522 3515
f 3522 3508 3520
f 3515 3520 3505
f 3522 3520 3515
f 3280 3521 3516
f 3521 3508 3522
f 3516 3522 3506
f 3521 3522 3516
f 3275 3303 3525
f 3303 3281 3527
f 3525 3527 3509
f 3303 3527 3525
f 3281 3302 3523
f 3302 704 1921
f 3523 1921 1022
f 3302 1921 3523
f 3509 3529 3526
f 3529 1022 1922
f 3526 1922 777
f 3529 1922 3526
f 3281 3523 3527
f 3523 1022 3529
f 3527 3529 3509
f 3523 3529 3527
f 3505 3530 3518
f 3530 3510 3532
f 3518 3532 3507
f 3530 3532 3518
f 3510 3531 3534
f 3531 777 1920
f 3534 1920 1021
f 3531 1920 3534
f 3507 3524 3517
f 3524 1021 1919
f 3517 1919 677
f 3524 1919 3517
f 3510 3534 3532
f 3534 1021 3524
f 3532 3524 3507
f 3534 3524 3532
f 3275 3525 3519
f 3525 3509 3528
f 3519 3528 3508
f 3525 3528 3519
f 3509 3526 3535
f 3526 777 3531
f 3535 3531 3510
f 3526 3531 3535
f 3508 3533 3520
f 3533 3510 3530
f 3520 3530 3505
f 3533 3530 3520
f 3509 3535 3528
f 3535 3510 3533
f 3528 3533 3508
f 3535 3533 3528
f 3196 3514 3514
f 3514 3506 3506
f 3514 3506 3506
f 3514 3506 3514
f 3506 3515 3515
f 3515 3505 3505
f 3515 3505 3505
f 3515 3505 3515
f 3506 3515 3515
f 3515 3505 3505
f 3515 3505 3505
f 3515 3505 3515
f 3506 3515 3506
f 3515 3505 3515
f 3506 3515 3506
f 3515 3515 3506
f 3505 3518 3518
f 3518 3507 3507
f 3518 3507 3507
f 3518 3507 3518
f 3507 3517 3517
f 3517 677 677
f 3517 677 677
f 3517 677 3517
f 3507 3517 3517
f 3517 677 677
f 3517 677 677
f 3517 677 3517
f 3507 3517 3507
f 3517 677 3517
f 3507 3517 3507
f 3517 3517 3507
f 3505 3518 3518
f 3518 3507 3507
f 3518 3507 3507
f 3518 3507 3518
f 3507 3517 3517
f 3517 677 677
f 3517 677 677
f 3517 677 3517
f 3507 3517 3517
f 3517 677 677
f 3517 677 677
f 3517 677 3517
f 3507 3517 3507
f 3517 677 3517
f 3507 3517 3507
f 3517 3517 3507
f 3505 3518 3505
f 3518 3507 3518
f 3505 3518 3505
f 3518 3518 3505
f 3507 3517 3507
f 3517 677 3517
f 3507 3517 3507
f 3517 3517 3507
f 3505 3518 3505
f 3518 3507 3518
f 3505 3518 3505
f 3518 3518 3505
f 3507 3507 3518
f 3507 3507 3518
f 3518 3518 3505
f 3507 3518 3518
f 3193 3248 3488
f 3248 3211 3542
f 3488 3542 3435
f 3248 3542 3488
f 3211 3249 3550
f 3249 3200 3548
f 3550 3548 3513
f 3249 3548 3550
f 3435 3552 3489
f 3552 3513 3549
f 3489 3549 3423
f 3552 3549 3489
f 3211 3550 3542
f 3550 3513 3552
f 3542 3552 3435
f 3550 3552 3542
f 3200 3252 3538
f 3252 3212 3540
f 3538 3540 3511
f 3252 3540 3538
f 3212 3251 3536
f 3251 3196 3514
f 3536 3514 3506
f 3251 3514 3536
f 3511 3539 3537
f 3539 3506 3515
f 3537 3515 3505
f 3539 3515 3537
f 3212 3536 3540
f 3536 3506 3539
f 3540 3539 3511
f 3536 3539 3540
f 3423 3544 3492
f 3544 3512 3547
f 3492 3547 3436
f 3544 3547 3492
f 3512 3543 3545
f 3543 3505 3518
f 3545 3518 3507
f 3543 3518 3545
f 3436 3541 3491
f 3541 3507 3517
f 3491 3517 677
f 3541 3517 3491
f 3512 3545 3547
f 3545 3507 3541
f 3547 3541 3436
f 3545 3541 3547
f 3200 3538 3548
f 3538 3511 3551
f 3548 3551 3513
f 3538 3551 3548
f 3511 3537 3546
f 3537 3505 3543
f 3546 3543 3512
f 3537 3543 3546
f 3513 3553 3549
f 3553 3512 3544
f 3549 3544 3423
f 3553 3544 3549
f 3511 3546 3551
f 3546 3512 3553
f 3551 3553 3513
f 3546 3553 3551
f 3193 3488 3488
f 3488 3435 3435
f 3488 3435 3435
f 3488 3435 3488
f 3435 3489 3489
f 3489 3423 3423
f 3489 3423 3423
f 3489 3423 3489
f 3435 3489 3489
f 3489 3423 3423
f 3489 3423 3423
f 3489 3423 3489
f 3435 3489 3435
f 3489 3423 3489
f 3435 3489 3435
f 3489 3489 3435
f 3423 3492 3492
f 3492 3436 3436
f 3492 3436 3436
f 3492 3436 3492
f 3436 3491 3491
f 3491 677 677
f 3491 677 677
f 3491 677 3491
f 3436 3491 3491
f 3491 677 677
f 3491 677 677
f 3491 677 3491
f 3436 3491 3436
f 3491 677 3491
f 3436 3491 3436
f 3491 3491 3436
f 3423 3492 3492
f 3492 3436 3436
f 3492 3436 3436
f 3492 3436 3492
f 3436 3491 3491
f 3491 677 677
f 3491 677 677
f 3491 677 3491
f 3436 3491 3491
f 3491 677 677
f 3491 677 677
f 3491 677 3491
f 3436 3491 3436
f 3491 677 3491
f 3436 3491 3436
f 3491 3491 3436
f 3423 3492 3423
f 3492 3436 3492
f 3423 3492 3423
f 3492 3492 3423
f 3436 3491 3436
f 3491 677 3491
f 3436 3491 3436
f 3491 3491 3436
f 3423 3492 3423
f 3492 3436 3492
f 3423 3492 3423
f 3492 3492 3423
f 3436 3436 3492
f 3436 3436 3492
f 3492 3492 3423
f 3436 3492 3492
f 3554 3579 3583
f 3579 3563 3585
f 3583 3585 3565
f 3579 3585 3583
f 3563 3580 3590
f 3580 3558 3588
f 3590 3588 3567
f 3580 3588 3590
f 3565 3591 3584
f 3591 3567 3589
f 3584 3589 3559
f 3591 3589 3584
f 3563 3590 3585
f 3590 3567 3591
f 3585 3591 3565
f 3590 3591 3585
f 3558 3582 3598
f 3582 3564 3600
f 3598 3600 3570
f 3582 3600 3598
f 3564 3581 3594
f 3581 3555 3592
f 3594 3592 3568
f 3581 3592 3594
f 3570 3602 3599
f 3602 3568 3593
f 3599 3593 3560
f 3602 3593 3599
f 3564 3594 3600
f 3594 3568 3602
f 3600 3602 3570
f 3594 3602 3600
f 3559 3603 3587
f 3603 3571 3605
f 3587 3605 3566
f 3603 3605 3587
f 3571 3604 3607
f 3604 3560 3596
f 3607 3596 3569
f 3604 3596 3607
f 3566 3597 3586
f 3597 3569 3595
f 3586 3595 3556
f 3597 3595 3586
f 3571 3607 3605
f 3607 3569 3597
f 3605 3597 3566
f 3607 3597 3605
f 3558 3598 3588
f 3598 3570 3601
f 3588 3601 3567
f 3598 3601 3588
f 3570 3599 3608
f 3599 3560 3604
f 3608 3604 3571
f 3599 3604 3608
f 3567 3606 3589
f 3606 3571 3603
f 3589 3603 3559
f 3606 3603 3589
f 3570 3608 3601
f 3608 3571 3606
f 3601 3606 3567
f 3608 3606 3601
f 3554 3583 3583
f 3583 3565 3565
f 3583 3565 3565
f 3583 3565 3583
f 3565 3584 3584
f 3584 3559 3559
f 3584 3559 3559
f 3584 3559 3584
f 3565 3584 3584
f 3584 3559 3559
f 3584 3559 3559
f 3584 3559 3584
f 3565 3584 3565
f 3584 3559 3584
f 3565 3584 3565
f 3584 3584 3565
f 3559 3587 3587
f 3587 3566 3566
f 3587 3566 3566
f 3587 3566 3587
f 3566 3586 3586
f 3586 3556 3556
f 3586 3556 3556
f 3586 3556 3586
f 3566 3586 3586
f 3586 3556 3556
f 3586 3556 3556
f 3586 3556 3586
f 3566 3586 3566
f 3586 3556 3586
f 3566 3586 3566
f 3586 3586 3566
f 3559 3587 3587
f 3587 3566 3566
f 3587 3566 3566
f 3587 3566 3587
f 3566 3586 3586
f 3586 3556 3556
f 3586 3556 3556
f 3586 3556 3586
f 3566 3586 3586
f 3586 3556 3556
f 3586 3556 3556
f 3586 3556 3586
f 3566 3586 3566
f 3586 3556 3586
f 3566 3586 3566
f 3586 3586 3566
f 3559 3587 3559
f 3587 3566 3587
f 3559 3587 3559
f 3587 3587 3559
f 3566 3586 3566
f 3586 3556 3586
f 3566 3586 3566
f 3586 3586 3566
f 3559 3587 3559
f 3587 3566 3587
f 3559 3587 3559
f 3587 3587 3559
f 3566 3566 3587
f 3566 3566 3587
f 3587 3587 3559
f 3566 3587 3587
f 3557 3612 3621
f 3612 3573 3623
f 3621 3623 3576
f 3612 3623 3621
f 3573 3613 3631
f 3613 3561 3629
f 3631 3629 3578
f 3613 3629 3631
f 3576 3633 3622
f 3633 3578 3630
f 3622 3630 3562
f 3633 3630 3622
f 3573 3631 3623
f 3631 3578 3633
f 3623 3633 3576
f 3631 3633 3623
f 3561 3610 3615
f 3610 3572 3617
f 3615 3617 3574
f 3610 3617 3615
f 3572 3609 3611
f 3609 3554 3583
f 3611 3583 3565
f 3609 3583 3611
f 3574 3616 3614
f 3616 3565 3584
f 3614 3584 3559
f 3616 3584 3614
f 3572 3611 3617
f 3611 3565 3616
f 3617 3616 3574
f 3611 3616 3617
f 3562 3625 3619
f 3625 3577 3628
f 3619 3628 3575
f 3625 3628 3619
f 3577 3624 3626
f 3624 3559 3587
f 3626 3587 3566
f 3624 3587 3626
f 3575 3620 3618
f 3620 3566 3586
f 3618 3586 3556
f 3620 3586 3618
f 3577 3626 3628
f 3626 3566 3620
f 3628 3620 3575
f 3626 3620 3628
f 3561 3615 3629
f 3615 3574 3632
f 3629 3632 3578
f 3615 3632 3629
f 3574 3614 3627
f 3614 3559 3624
f 3627 3624 3577
f 3614 3624 3627
f 3578 3634 3630
f 3634 3577 3625
f 3630 3625 3562
f 3634 3625 3630
f 3574 3627 3632
f 3627 3577 3634
f 3632 3634 3578
f 3627 3634 3632
f 3557 3621 3621
f 3621 3576 3576
f 3621 3576 3576
f 3621 3576 3621
f 3576 3622 3622
f 3622 3562 3562
f 3622 3562 3562
f 3622 3562 3622
f 3576 3622 3622
f 3622 3562 3562
f 3622 3562 3562
f 3622 3562 3622
f 3576 3622 3576
f 3622 3562 3622
f 3576 3622 3576
f 3622 3622 3576
f 3562 3619 3619
f 3619 3575 3575
f 3619 3575 3575
f 3619 3575 3619
f 3575 3618 3618
f 3618 3556 3556
f 3618 3556 3556
f 3618 3556 3618
f 3575 3618 3618
f 3618 3556 3556
f 3618 3556 3556
f 3618 3556 3618
f 3575 3618 3575
f 3618 3556 3618
f 3575 3618 3575
f 3618 3618 3575
f 3562 3619 3619
f 3619 3575 3575
f 3619 3575 3575
f 3619 3575 3619
f 3575 3618 3618
f 3618 3556 3556
f 3618 3556 3556
f 3618 3556 3618
f 3575 3618 3618
f 3618 3556 3556
f 3618 3556 3556
f 3618 3556 3618
f 3575 3618 3575
f 3618 3556 3618
f 3575 3618 3575
f 3618 3618 3575
f 3562 3619 3562
f 3619 3575 3619
f 3562 3619 3562
f 3619 3619 3562
f 3575 3618 3575
f 3618 3556 3618
f 3575 3618 3575
f 3618 3618 3575
f 3562 3619 3562
f 3619 3575 3619
f 3562 3619 3562
f 3619 3619 3562
f 3575 3575 3619
f 3575 3575 3619
f 3619 3619 3562
f 3575 3619 3619
f 3557 3656 3660
f 3656 3639 3662
f 3660 3662 3641
f 3656 3662 3660
f 3639 3657 3667
f 3657 3635 3665
f 3667 3665 3643
f 3657 3665 3667
f 3641 3668 3661
f 3668 3643 3666
f 3661 3666 3636
f 3668 3666 3661
f 3639 3667 3662
f 3667 3643 3668
f 3662 3668 3641
f 3667 3668 3662
f 3635 3659 3671
f 3659 3640 3673
f 3671 3673 3644
f 3659 3673 3671
f 3640 3658 3669
f 3658 2213 2513
f 3669 2513 2293
f 3658 2513 3669
f 3644 3675 3672
f 3675 2293 2514
f 3672 2514 2234
f 3675 2514 3672
f 3640 3669 3673
f 3669 2293 3675
f 3673 3675 3644
f 3669 3675 3673
f 3636 3676 3664
f 3676 3645 3678
f 3664 3678 3642
f 3676 3678 3664
f 3645 3677 3680
f 3677 2234 2517
f 3680 2517 2294
f 3677 2517 3680
f 3642 3670 3663
f 3670 2294 2516
f 3663 2516 2217
f 3670 2516 3663
f 3645 3680 3678
f 3680 2294 3670
f 3678 3670 3642
f 3680 3670 3678
f 3635 3671 3665
f 3671 3644 3674
f 3665 3674 3643
f 3671 3674 3665
f 3644 3672 3681
f 3672 2234 3677
f 3681 3677 3645
f 3672 3677 3681
f 3643 3679 3666
f 3679 3645 3676
f 3666 3676 3636
f 3679 3676 3666
f 3644 3681 3674
f 3681 3645 3679
f 3674 3679 3643
f 3681 3679 3674
f 3557 3660 3660
f 3660 3641 3641
f 3660 3641 3641
f 3660 3641 3660
f 3641 3661 3661
f 3661 3636 3636
f 3661 3636 3636
f 3661 3636 3661
f 3641 3661 3661
f 3661 3636 3636
f 3661 3636 3636
f 3661 3636 3661
f 3641 3661 3641
f 3661 3636 3661
f 3641 3661 3641
f 3661 3661 3641
f 3636 3664 3664
f 3664 3642 3642
f 3664 3642 3642
f 3664 3642 3664
f 3642 3663 3663
f 3663 2217 2217
f 3663 2217 2217
f 3663 2217 3663
f 3642 3663 3663
f 3663 2217 2217
f 3663 2217 2217
f 3663 2217 3663
f 3642 3663 3642
f 3663 2217 3663
f 3642 3663 3642
f 3663 3663 3642
f 3636 3664 3664
f 3664 3642 3642
f 3664 3642 3642
f 3664 3642 3664
f 3642 3663 3663
f 3663 2217 2217
f 3663 2217 2217
f 3663 2217 3663
f 3642 3663 3663
f 3663 2217 2217
f 3663 2217 2217
f 3663 2217 3663
f 3642 3663 3642
f 3663 2217 3663
f 3642 3663 3642
f 3663 3663 3642
f 3636 3664 3636
f 3664 3642 3664
f 3636 3664 3636
f 3664 3664 3636
f 3642 3663 3642
f 3663 2217 3663
f 3642 3663 3642
f 3663 3663 3642
f 3636 3664 3636
f 3664 3642 3664
f 3636 3664 3636
f 3664 3664 3636
f 3642 3642 3664
f 3642 3642 3664
f 3664 3664 3636
f 3642 3664 3664
f 3556 3690 3618
f 3690 3648 3692
f 3618 3692 3575
f 3690 3692 3618
f 3648 3691 3702
f 3691 3637 3699
f 3702 3699 3650
f 3691 3699 3702
f 3575 3700 3619
f 3700 3650 3698
f 3619 3698 3562
f 3700 3698 3619
f 3648 3702 3692
f 3702 3650 3700
f 3692 3700 3575
f 3702 3700 3692
f 3637 3688 3694
f 3688 3647 3697
f 3694 3697 3649
f 3688 3697 3694
f 3647 3687 3689
f 3687 2213 3658
f 3689 3658 3640
f 3687 3658 3689
f 3649 3695 3693
f 3695 3640 3659
f 3693 3659 3635
f 3695 3659 3693
f 3647 3689 3697
f 3689 3640 3695
f 3697 3695 3649
f 3689 3695 3697
f 3562 3684 3622
f 3684 3646 3686
f 3622 3686 3576
f 3684 3686 3622
f 3646 3683 3685
f 3683 3635 3657
f 3685 3657 3639
f 3683 3657 3685
f 3576 3682 3621
f 3682 3639 3656
f 3621 3656 3557
f 3682 3656 3621
f 3646 3685 3686
f 3685 3639 3682
f 3686 3682 3576
f 3685 3682 3686
f 3637 3694 3699
f 3694 3649 3703
f 3699 3703 3650
f 3694 3703 3699
f 3649 3693 3696
f 3693 3635 3683
f 3696 3683 3646
f 3693 3683 3696
f 3650 3701 3698
f 3701 3646 3684
f 3698 3684 3562
f 3701 3684 3698
f 3649 3696 3703
f 3696 3646 3701
f 3703 3701 3650
f 3696 3701 3703
f 3556 3618 3618
f 3618 3575 3575
f 3618 3575 3575
f 3618 3575 3618
f 3575 3619 3619
f 3619 3562 3562
f 3619 3562 3562
f 3619 3562 3619
f 3575 3619 3619
f 3619 3562 3562
f 3619 3562 3562
f 3619 3562 3619
f 3575 3619 3575
f 3619 3562 3619
f 3575 3619 3575
f 3619 3619 3575
f 3562 3622 3622
f 3622 3576 3576
f 3622 3576 3576
f 3622 3576 3622
f 3576 3621 3621
f 3621 3557 3557
f 3621 3557 3557
f 3621 3557 3621
f 3576 3621 3621
f 3621 3557 3557
f 3621 3557 3557
f 3621 3557 3621
f 3576 3621 3576
f 3621 3557 3621
f 3576 3621 3576
f 3621 3621 3576
f 3562 3622 3622
f 3622 3576 3576
f 3622 3576 3576
f 3622 3576 3622
f 3576 3621 3621
f 3621 3557 3557
f 3621 3557 3557
f 3621 3557 3621
f 3576 3621 3621
f 3621 3557 3557
f 3621 3557 3557
f 3621 3557 3621
f 3576 3621 3576
f 3621 3557 3621
f 3576 3621 3576
f 3621 3621 3576
f 3562 3622 3562
f 3622 3576 3622
f 3562 3622 3562
f 3622 3622 3562
f 3576 3621 3576
f 3621 3557 3621
f 3576 3621 3576
f 3621 3621 3576
f 3562 3622 3562
f 3622 3576 3622
f 3562 3622 3562
f 3622 3622 3562
f 3576 3576 3622
f 3576 3576 3622
f 3622 3622 3562
f 3576 3622 3622
f 2214 2363 3712
f 2363 2254 3714
f 3712 3714 3653
f 2363 3714 3712
f 2254 2364 3722
f 2364 2223 3720
f 3722 3720 3655
f 2364 3720 3722
f 3653 3724 3713
f 3724 3655 3721
f 3713 3721 3638
f 3724 3721 3713
f 2254 3722 3714
f 3722 3655 3724
f 3714 3724 3653
f 3722 3724 3714
f 2223 2362 3706
f 2362 2253 3708
f 3706 3708 3651
f 2362 3708 3706
f 2253 2361 3704
f 2361 2213 3687
f 3704 3687 3647
f 2361 3687 3704
f 3651 3707 3705
f 3707 3647 3688
f 3705 3688 3637
f 3707 3688 3705
f 2253 3704 3708
f 3704 3647 3707
f 3708 3707 3651
f 3704 3707 3708
f 3638 3716 3710
f 3716 3654 3719
f 3710 3719 3652
f 3716 3719 3710
f 3654 3715 3717
f 3715 3637 3691
f 3717 3691 3648
f 3715 3691 3717
f 3652 3711 3709
f 3711 3648 3690
f 3709 3690 3556
f 3711 3690 3709
f 3654 3717 3719
f 3717 3648 3711
f 3719 3711 3652
f 3717 3711 3719
f 2223 3706 3720
f 3706 3651 3723
f 3720 3723 3655
f 3706 3723 3720
f 3651 3705 3718
f 3705 3637 3715
f 3718 3715 3654
f 3705 3715 3718
f 3655 3725 3721
f 3725 3654 3716
f 3721 3716 3638
f 3725 3716 3721
f 3651 3718 3723
f 3718 3654 3725
f 3723 3725 3655
f 3718 3725 3723
f 2214 3712 3712
f 3712 3653 3653
f 3712 3653 3653
f 3712 3653 3712
f 3653 3713 3713
f 3713 3638 3638
f 3713 3638 3638
f 3713 3638 3713
f 3653 3713 3713
f 3713 3638 3638
f 3713 3638 3638
f 3713 3638 3713
f 3653 3713 3653
f 3713 3638 3713
f 3653 3713 3653
f 3713 3713 3653
f 3638 3710 3710
f 3710 3652 3652
f 3710 3652 3652
f 3710 3652 3710
f 3652 3709 3709
f 3709 3556 3556
f 3709 3556 3556
f 3709 3556 3709
f 3652 3709 3709
f 3709 3556 3556
f 3709 3556 3556
f 3709 3556 3709
f 3652 3709 3652
f 3709 3556 3709
f 3652 3709 3652
f 3709 3709 3652
f 3638 3710 3710
f 3710 3652 3652
f 3710 3652 3652
f 3710 3652 3710
f 3652 3709 3709
f 3709 3556 3556
f 3709 3556 3556
f 3709 3556 3709
f 3652 3709 3709
f 3709 3556 3556
f 3709 3556 3556
f 3709 3556 3709
f 3652 3709 3652
f 3709 3556 3709
f 3652 3709 3652
f 3709 3709 3652
f 3638 3710 3638
f 3710 3652 3710
f 3638 3710 3638
f 3710 3710 3638
f 3652 3709 3652
f 3709 3556 3709
f 3652 3709 3652
f 3709 3709 3652
f 3638 3710 3638
f 3710 3652 3710
f 3638 3710 3638
f 3710 3710 3638
f 3652 3652 3710
f 3652 3652 3710
f 3710 3710 3638
f 3652 3710 3710
f 3555 3738 3742
f 3738 3728 3744
f 3742 3744 3730
f 3738 3744 3742
f 3728 3739 3749
f 3739 3726 3747
f 3749 3747 3732
f 3739 3747 3749
f 3730 3750 3743
f 3750 3732 3748
f 3743 3748 3727
f 3750 3748 3743
f 3728 3749 3744
f 3749 3732 3750
f 3744 3750 3730
f 3749 3750 3744
f 3726 3741 3753
f 3741 3729 3755
f 3753 3755 3733
f 3741 3755 3753
f 3729 3740 3751
f 3740 2210 2335
f 3751 2335 2246
f 3740 2335 3751
f 3733 3757 3754
f 3757 2246 2336
f 3754 2336 2221
f 3757 2336 3754
f 3729 3751 3755
f 3751 2246 3757
f 3755 3757 3733
f 3751 3757 3755
f 3727 3758 3746
f 3758 3734 3760
f 3746 3760 3731
f 3758 3760 3746
f 3734 3759 3762
f 3759 2221 2339
f 3762 2339 2247
f 3759 2339 3762
f 3731 3752 3745
f 3752 2247 2338
f 3745 2338 2214
f 3752 2338 3745
f 3734 3762 3760
f 3762 2247 3752
f 3760 3752 3731
f 3762 3752 3760
f 3726 3753 3747
f 3753 3733 3756
f 3747 3756 3732
f 3753 3756 3747
f 3733 3754 3763
f 3754 2221 3759
f 3763 3759 3734
f 3754 3759 3763
f 3732 3761 3748
f 3761 3734 3758
f 3748 3758 3727
f 3761 3758 3748
f 3733 3763 3756
f 3763 3734 3761
f 3756 3761 3732
f 3763 3761 3756
f 3555 3742 3742
f 3742 3730 3730
f 3742 3730 3730
f 3742 3730 3742
f 3730 3743 3743
f 3743 3727 3727
f 3743 3727 3727
f 3743 3727 3743
f 3730 3743 3743
f 3743 3727 3727
f 3743 3727 3727
f 3743 3727 3743
f 3730 3743 3730
f 3743 3727 3743
f 3730 3743 3730
f 3743 3743 3730
f 3727 3746 3746
f 3746 3731 3731
f 3746 3731 3731
f 3746 3731 3746
f 3731 3745 3745
f 3745 2214 2214
f 3745 2214 2214
f 3745 2214 3745
f 3731 3745 3745
f 3745 2214 2214
f 3745 2214 2214
f 3745 2214 3745
f 3731 3745 3731
f 3745 2214 3745
f 3731 3745 3731
f 3745 3745 3731
f 3727 3746 3746
f 3746 3731 3731
f 3746 3731 3731
f 3746 3731 3746
f 3731 3745 3745
f 3745 2214 2214
f 3745 2214 2214
f 3745 2214 3745
f 3731 3745 3745
f 3745 2214 2214
f 3745 2214 2214
f 3745 2214 3745
f 3731 3745 3731
f 3745 2214 3745
f 3731 3745 3731
f 3745 3745 3731
f 3727 3746 3727
f 3746 3731 3746
f 3727 3746 3727
f 3746 3746 3727
f 3731 3745 3731
f 3745 2214 3745
f 3731 3745 3731
f 3745 3745 3731
f 3727 3746 3727
f 3746 3731 3746
f 3727 3746 3727
f 3746 3746 3727
f 3731 3731 3746
f 3731 3731 3746
f 3746 3746 3727
f 3731 3746 3746
f 3556 3595 3709
f 3595 3569 3770
f 3709 3770 3652
f 3595 3770 3709
f 3569 3596 3778
f 3596 3560 3776
f 3778 3776 3737
f 3596 3776 3778
f 3652 3780 3710
f 3780 3737 3777
f 3710 3777 3638
f 3780 3777 3710
f 3569 3778 3770
f 3778 3737 3780
f 3770 3780 3652
f 3778 3780 3770
f 3560 3593 3766
f 3593 3568 3768
f 3766 3768 3735
f 3593 3768 3766
f 3568 3592 3764
f 3592 3555 3742
f 3764 3742 3730
f 3592 3742 3764
f 3735 3767 3765
f 3767 3730 3743
f 3765 3743 3727
f 3767 3743 3765
f 3568 3764 3768
f 3764 3730 3767
f 3768 3767 3735
f 3764 3767 3768
f 3638 3772 3713
f 3772 3736 3775
f 3713 3775 3653
f 3772 3775 3713
f 3736 3771 3773
f 3771 3727 3746
f 3773 3746 3731
f 3771 3746 3773
f 3653 3769 3712
f 3769 3731 3745
f 3712 3745 2214
f 3769 3745 3712
f 3736 3773 3775
f 3773 3731 3769
f 3775 3769 3653
f 3773 3769 3775
f 3560 3766 3776
f 3766 3735 3779
f 3776 3779 3737
f 3766 3779 3776
f 3735 3765 3774
f 3765 3727 3771
f 3774 3771 3736
f 3765 3771 3774
f 3737 3781 3777
f 3781 3736 3772
f 3777 3772 3638
f 3781 3772 3777
f 3735 3774 3779
f 3774 3736 3781
f 3779 3781 3737
f 3774 3781 3779
f 3556 3709 3709
f 3709 3652 3652
f 3709 3652 3652
f 3709 3652 3709
f 3652 3710 3710
f 3710 3638 3638
f 3710 3638 3638
f 3710 3638 3710
f 3652 3710 3710
f 3710 3638 3638
f 3710 3638 3638
f 3710 3638 3710
f 3652 3710 3652
f 3710 3638 3710
f 3652 3710 3652
f 3710 3710 3652
f 3638 3713 3713
f 3713 3653 3653
f 3713 3653 3653
f 3713 3653 3713
f 3653 3712 3712
f 3712 2214 2214
f 3712 2214 2214
f 3712 2214 3712
f 3653 3712 3712
f 3712 2214 2214
f 3712 2214 2214
f 3712 2214 3712
f 3653 3712 3653
f 3712 2214 3712
f 3653 3712 3653
f 3712 3712 3653
f 3638 3713 3713
f 3713 3653 3653
f 3713 3653 3653
f 3713 3653 3713
f 3653 3712 3712
f 3712 2214 2214
f 3712 2214 2214
f 3712 2214 3712
f 3653 3712 3712
f 3712 2214 2214
f 3712 2214 2214
f 3712 2214 3712
f 3653 3712 3653
f 3712 2214 3712
f 3653 3712 3653
f 3712 3712 3653
f 3638 3713 3638
f 3713 3653 3713
f 3638 3713 3638
f 3713 3713 3638
f 3653 3712 3653
f 3712 2214 3712
f 3653 3712 3653
f 3712 3712 3653
f 3638 3713 3638
f 3713 3653 3713
f 3638 3713 3638
f 3713 3713 3638
f 3653 3653 3713
f 3653 3653 3713
f 3713 3713 3638
f 3653 3713 3713
f 3555 3800 3738
f 3800 3785 3804
f 3738 3804 3728
f 3800 3804 3738
f 3785 3801 3807
f 3801 3782 3805
f 3807 3805 3787
f 3801 3805 3807
f 3728 3808 3739
f 3808 3787 3806
f 3739 3806 3726
f 3808 3806 3739
f 3785 3807 3804
f 3807 3787 3808
f 3804 3808 3728
f 3807 3808 3804
f 3782 3803 3811
f 3803 3786 3813
f 3811 3813 3788
f 3803 3813 3811
f 3786 3802 3809
f 3802 2211 2307
f 3809 2307 2238
f 3802 2307 3809
f 3788 3815 3812
f 3815 2238 2308
f 3812 2308 2218
f 3815 2308 3812
f 3786 3809 3813
f 3809 2238 3815
f 3813 3815 3788
f 3809 3815 3813
f 3726 3816 3741
f 3816 3789 3818
f 3741 3818 3729
f 3816 3818 3741
f 3789 3817 3820
f 3817 2218 2306
f 3820 2306 2237
f 3817 2306 3820
f 3729 3810 3740
f 3810 2237 2305
f 3740 2305 2210
f 3810 2305 3740
f 3789 3820 3818
f 3820 2237 3810
f 3818 3810 3729
f 3820 3810 3818
f 3782 3811 3805
f 3811 3788 3814
f 3805 3814 3787
f 3811 3814 3805
f 3788 3812 3821
f 3812 2218 3817
f 3821 3817 3789
f 3812 3817 3821
f 3787 3819 3806
f 3819 3789 3816
f 3806 3816 3726
f 3819 3816 3806
f 3788 3821 3814
f 3821 3789 3819
f 3814 3819 3787
f 3821 3819 3814
f 3555 3738 3738
f 3738 3728 3728
f 3738 3728 3728
f 3738 3728 3738
f 3728 3739 3739
f 3739 3726 3726
f 3739 3726 3726
f 3739 3726 3739
f 3728 3739 3739
f 3739 3726 3726
f 3739 3726 3726
f 3739 3726 3739
f 3728 3739 3728
f 3739 3726 3739
f 3728 3739 3728
f 3739 3739 3728
f 3726 3741 3741
f 3741 3729 3729
f 3741 3729 3729
f 3741 3729 3741
f 3729 3740 3740
f 3740 2210 2210
f 3740 2210 2210
f 3740 2210 3740
f 3729 3740 3740
f 3740 2210 2210
f 3740 2210 2210
f 3740 2210 3740
f 3729 3740 3729
f 3740 2210 3740
f 3729 3740 3729
f 3740 3740 3729
f 3726 3741 3741
f 3741 3729 3729
f 3741 3729 3729
f 3741 3729 3741
f 3729 3740 3740
f 3740 2210 2210
f 3740 2210 2210
f 3740 2210 3740
f 3729 3740 3740
f 3740 2210 2210
f 3740 2210 2210
f 3740 2210 3740
f 3729 3740 3729
f 3740 2210 3740
f 3729 3740 3729
f 3740 3740 3729
f 3726 3741 3726
f 3741 3729 3741
f 3726 3741 3726
f 3741 3741 3726
f 3729 3740 3729
f 3740 2210 3740
f 3729 3740 3729
f 3740 3740 3729
f 3726 3741 3726
f 3741 3729 3741
f 3726 3741 3726
f 3741 3741 3726
f 3729 3729 3741
f 3729 3729 3741
f 3741 3741 3726
f 3729 3741 3741
f 3554 3830 3579
f 3830 3792 3832
f 3579 3832 3563
f 3830 3832 3579
f 3792 3831 3842
f 3831 3783 3839
f 3842 3839 3794
f 3831 3839 3842
f 3563 3840 3580
f 3840 3794 3838
f 3580 3838 3558
f 3840 3838 3580
f 3792 3842 3832
f 3842 3794 3840
f 3832 3840 3563
f 3842 3840 3832
f 3783 3828 3834
f 3828 3791 3837
f 3834 3837 3793
f 3828 3837 3834
f 3791 3827 3829
f 3827 2211 3802
f 3829 3802 3786
f 3827 3802 3829
f 3793 3835 3833
f 3835 3786 3803
f 3833 3803 3782
f 3835 3803 3833
f 3791 3829 3837
f 3829 3786 3835
f 3837 3835 3793
f 3829 3835 3837
f 3558 3824 3582
f 3824 3790 3826
f 3582 3826 3564
f 3824 3826 3582
f 3790 3823 3825
f 3823 3782 3801
f 3825 3801 3785
f 3823 3801 3825
f 3564 3822 3581
f 3822 3785 3800
f 3581 3800 3555
f 3822 3800 3581
f 3790 3825 3826
f 3825 3785 3822
f 3826 3822 3564
f 3825 3822 3826
f 3783 3834 3839
f 3834 3793 3843
f 3839 3843 3794
f 3834 3843 3839
f 3793 3833 3836
f 3833 3782 3823
f 3836 3823 3790
f 3833 3823 3836
f 3794 3841 3838
f 3841 3790 3824
f 3838 3824 3558
f 3841 3824 3838
f 3793 3836 3843
f 3836 3790 3841
f 3843 3841 3794
f 3836 3841 3843
f 3554 3579 3579
f 3579 3563 3563
f 3579 3563 3563
f 3579 3563 3579
f 3563 3580 3580
f 3580 3558 3558
f 3580 3558 3558
f 3580 3558 3580
f 3563 3580 3580
f 3580 3558 3558
f 3580 3558 3558
f 3580 3558 3580
f 3563 3580 3563
f 3580 3558 3580
f 3563 3580 3563
f 3580 3580 3563
f 3558 3582 3582
f 3582 3564 3564
f 3582 3564 3564
f 3582 3564 3582
f 3564 3581 3581
f 3581 3555 3555
f 3581 3555 3555
f 3581 3555 3581
f 3564 3581 3581
f 3581 3555 3555
f 3581 3555 3555
f 3581 3555 3581
f 3564 3581 3564
f 3581 3555 3581
f 3564 3581 3564
f 3581 3581 3564
f 3558 3582 3582
f 3582 3564 3564
f 3582 3564 3564
f 3582 3564 3582
f 3564 3581 3581
f 3581 3555 3555
f 3581 3555 3555
f 3581 3555 3581
f 3564 3581 3581
f 3581 3555 3555
f 3581 3555 3555
f 3581 3555 3581
f 3564 3581 3564
f 3581 3555 3581
f 3564 3581 3564
f 3581 3581 3564
f 3558 3582 3558
f 3582 3564 3582
f 3558 3582 3558
f 3582 3582 3558
f 3564 3581 3564
f 3581 3555 3581
f 3564 3581 3564
f 3581 3581 3564
f 3558 3582 3558
f 3582 3564 3582
f 3558 3582 3558
f 3582 3582 3558
f 3564 3564 3582
f 3564 3564 3582
f 3582 3582 3558
f 3564 3582 3582
f 2215 2437 3852
f 2437 2273 3854
f 3852 3854 3797
f 2437 3854 3852
f 2273 2438 3862
f 2438 2228 3860
f 3862 3860 3799
f 2438 3860 3862
f 3797 3864 3853
f 3864 3799 3861
f 3853 3861 3784
f 3864 3861 3853
f 2273 3862 3854
f 3862 3799 3864
f 3854 3864 3797
f 3862 3864 3854
f 2228 2436 3846
f 2436 2272 3848
f 3846 3848 3795
f 2436 3848 3846
f 2272 2435 3844
f 2435 2211 3827
f 3844 3827 3791
f 2435 3827 3844
f 3795 3847 3845
f 3847 3791 3828
f 3845 3828 3783
f 3847 3828 3845
f 2272 3844 3848
f 3844 3791 3847
f 3848 3847 3795
f 3844 3847 3848
f 3784 3856 3850
f 3856 3798 3859
f 3850 3859 3796
f 3856 3859 3850
f 3798 3855 3857
f 3855 3783 3831
f 3857 3831 3792
f 3855 3831 3857
f 3796 3851 3849
f 3851 3792 3830
f 3849 3830 3554
f 3851 3830 3849
f 3798 3857 3859
f 3857 3792 3851
f 3859 3851 3796
f 3857 3851 3859
f 2228 3846 3860
f 3846 3795 3863
f 3860 3863 3799
f 3846 3863 3860
f 3795 3845 3858
f 3845 3783 3855
f 3858 3855 3798
f 3845 3855 3858
f 3799 3865 3861
f 3865 3798 3856
f 3861 3856 3784
f 3865 3856 3861
f 3795 3858 3863
f 3858 3798 3865
f 3863 3865 3799
f 3858 3865 3863
f 2215 3852 3852
f 3852 3797 3797
f 3852 3797 3797
f 3852 3797 3852
f 3797 3853 3853
f 3853 3784 3784
f 3853 3784 3784
f 3853 3784 3853
f 3797 3853 3853
f 3853 3784 3784
f 3853 3784 3784
f 3853 3784 3853
f 3797 3853 3797
f 3853 3784 3853
f 3797 3853 3797
f 3853 3853 3797
f 3784 3850 3850
f 3850 3796 3796
f 3850 3796 3796
f 3850 3796 3850
f 3796 3849 3849
f 3849 3554 3554
f 3849 3554 3554
f 3849 3554 3849
f 3796 3849 3849
f 3849 3554 3554
f 3849 3554 3554
f 3849 3554 3849
f 3796 3849 3796
f 3849 3554 3849
f 3796 3849 3796
f 3849 3849 3796
f 3784 3850 3850
f 3850 3796 3796
f 3850 3796 3796
f 3850 3796 3850
f 3796 3849 3849
f 3849 3554 3554
f 3849 3554 3554
f 3849 3554 3849
f 3796 3849 3849
f 3849 3554 3554
f 3849 3554 3554
f 3849 3554 3849
f 3796 3849 3796
f 3849 3554 3849
f 3796 3849 3796
f 3849 3849 3796
f 3784 3850 3784
f 3850 3796 3850
f 3784 3850 3784
f 3850 3850 3784
f 3796 3849 3796
f 3849 3554 3849
f 3796 3849 3796
f 3849 3849 3796
f 3784 3850 3784
f 3850 3796 3850
f 3784 3850 3784
f 3850 3850 3784
f 3796 3796 3850
f 3796 3796 3850
f 3850 3850 3784
f 3796 3850 3850
f 3557 3660 3875
f 3660 3641 3877
f 3875 3877 3867
f 3660 3877 3875
f 3641 3661 3882
f 3661 3636 3880
f 3882 3880 3869
f 3661 3880 3882
f 3867 3883 3876
f 3883 3869 3881
f 3876 3881 3866
f 3883 3881 3876
f 3641 3882 3877
f 3882 3869 3883
f 3877 3883 3867
f 3882 3883 3877
f 3636 3664 3886
f 3664 3642 3888
f 3886 3888 3870
f 3664 3888 3886
f 3642 3663 3884
f 3663 2217 2547
f 3884 2547 2302
f 3663 2547 3884
f 3870 3890 3887
f 3890 2302 2548
f 3887 2548 2236
f 3890 2548 3887
f 3642 3884 3888
f 3884 2302 3890
f 3888 3890 3870
f 3884 3890 3888
f 3866 3891 3879
f 3891 3871 3893
f 3879 3893 3868
f 3891 3893 3879
f 3871 3892 3895
f 3892 2236 2545
f 3895 2545 2301
f 3892 2545 3895
f 3868 3885 3878
f 3885 2301 2544
f 3878 2544 2215
f 3885 2544 3878
f 3871 3895 3893
f 3895 2301 3885
f 3893 3885 3868
f 3895 3885 3893
f 3636 3886 3880
f 3886 3870 3889
f 3880 3889 3869
f 3886 3889 3880
f 3870 3887 3896
f 3887 2236 3892
f 3896 3892 3871
f 3887 3892 3896
f 3869 3894 3881
f 3894 3871 3891
f 3881 3891 3866
f 3894 3891 3881
f 3870 3896 3889
f 3896 3871 3894
f 3889 3894 3869
f 3896 3894 3889
f 3557 3875 3875
f 3875 3867 3867
f 3875 3867 3867
f 3875 3867 3875
f 3867 3876 3876
f 3876 3866 3866
f 3876 3866 3866
f 3876 3866 3876
f 3867 3876 3876
f 3876 3866 3866
f 3876 3866 3866
f 3876 3866 3876
f 3867 3876 3867
f 3876 3866 3876
f 3867 3876 3867
f 3876 3876 3867
f 3866 3879 3879
f 3879 3868 3868
f 3879 3868 3868
f 3879 3868 3879
f 3868 3878 3878
f 3878 2215 2215
f 3878 2215 2215
f 3878 2215 3878
f 3868 3878 3878
f 3878 2215 2215
f 3878 2215 2215
f 3878 2215 3878
f 3868 3878 3868
f 3878 2215 3878
f 3868 3878 3868
f 3878 3878 3868
f 3866 3879 3879
f 3879 3868 3868
f 3879 3868 3868
f 3879 3868 3879
f 3868 3878 3878
f 3878 2215 2215
f 3878 2215 2215
f 3878 2215 3878
f 3868 3878 3878
f 3878 2215 2215
f 3878 2215 2215
f 3878 2215 3878
f 3868 3878 3868
f 3878 2215 3878
f 3868 3878 3868
f 3878 3878 3868
f 3866 3879 3866
f 3879 3868 3879
f 3866 3879 3866
f 3879 3879 3866
f 3868 3878 3868
f 3878 2215 3878
f 3868 3878 3868
f 3878 3878 3868
f 3866 3879 3866
f 3879 3868 3879
f 3866 3879 3866
f 3879 3879 3866
f 3868 3868 3879
f 3868 3868 3879
f 3879 3879 3866
f 3868 3879 3879
f 3554 3609 3849
f 3609 3572 3903
f 3849 3903 3796
f 3609 3903 3849
f 3572 3610 3911
f 3610 3561 3909
f 3911 3909 3874
f 3610 3909 3911
f 3796 3913 3850
f 3913 3874 3910
f 3850 3910 3784
f 3913 3910 3850
f 3572 3911 3903
f 3911 3874 3913
f 3903 3913 3796
f 3911 3913 3903
f 3561 3613 3899
f 3613 3573 3901
f 3899 3901 3872
f 3613 3901 3899
f 3573 3612 3897
f 3612 3557 3875
f 3897 3875 3867
f 3612 3875 3897
f 3872 3900 3898
f 3900 3867 3876
f 3898 3876 3866
f 3900 3876 3898
f 3573 3897 3901
f 3897 3867 3900
f 3901 3900 3872
f 3897 3900 3901
f 3784 3905 3853
f 3905 3873 3908
f 3853 3908 3797
f 3905 3908 3853
f 3873 3904 3906
f 3904 3866 3879
f 3906 3879 3868
f 3904 3879 3906
f 3797 3902 3852
f 3902 3868 3878
f 3852 3878 2215
f 3902 3878 3852
f 3873 3906 3908
f 3906 3868 3902
f 3908 3902 3797
f 3906 3902 3908
f 3561 3899 3909
f 3899 3872 3912
f 3909 3912 3874
f 3899 3912 3909
f 3872 3898 3907
f 3898 3866 3904
f 3907 3904 3873
f 3898 3904 3907
f 3874 3914 3910
f 3914 3873 3905
f 3910 3905 3784
f 3914 3905 3910
f 3872 3907 3912
f 3907 3873 3914
f 3912 3914 3874
f 3907 3914 3912
f 3554 3849 3849
f 3849 3796 3796
f 3849 3796 3796
f 3849 3796 3849
f 3796 3850 3850
f 3850 3784 3784
f 3850 3784 3784
f 3850 3784 3850
f 3796 3850 3850
f 3850 3784 3784
f 3850 3784 3784
f 3850 3784 3850
f 3796 3850 3796
f 3850 3784 3850
f 3796 3850 3796
f 3850 3850 3796
f 3784 3853 3853
f 3853 3797 3797
f 3853 3797 3797
f 3853 3797 3853
f 3797 3852 3852
f 3852 2215 2215
f 3852 2215 2215
f 3852 2215 3852
f 3797 3852 3852
f 3852 2215 2215
f 3852 2215 2215
f 3852 2215 3852
f 3797 3852 3797
f 3852 2215 3852
f 3797 3852 3797
f 3852 3852 3797
f 3784 3853 3853
f 3853 3797 3797
f 3853 3797 3797
f 3853 3797 3853
f 3797 3852 3852
f 3852 2215 2215
f 3852 2215 2215
f 3852 2215 3852
f 3797 3852 3852
f 3852 2215 2215
f 3852 2215 2215
f 3852 2215 3852
f 3797 3852 3797
f 3852 2215 3852
f 3797 3852 3797
f 3852 3852 3797
f 3784 3853 3784
f 3853 3797 3853
f 3784 3853 3784
f 3853 3853 3784
f 3797 3852 3797
f 3852 2215 3852
f 3797 3852 3797
f 3852 3852 3797
f 3784 3853 3784
f 3853 3797 3853
f 3784 3853 3784
f 3853 3853 3784
f 3797 3797 3853
f 3797 3797 3853
f 3853 3853 3784
f 3797 3853 3853
f 3915 3990 3994
f 3990 3939 3996
f 3994 3996 3941
f 3990 3996 3994
f 3939 3991 4001
f 3991 3924 3999
f 4001 3999 3943
f 3991 3999 4001
f 3941 4002 3995
f 4002 3943 4000
f 3995 4000 3925
f 4002 4000 3995
f 3939 4001 3996
f 4001 3943 4002
f 3996 4002 3941
f 4001 4002 3996
f 3924 3993 4009
f 3993 3940 4011
f 4009 4011 3946
f 3993 4011 4009
f 3940 3992 4005
f 3992 3916 4003
f 4005 4003 3944
f 3992 4003 4005
f 3946 4013 4010
f 4013 3944 4004
f 4010 4004 3926
f 4013 4004 4010
f 3940 4005 4011
f 4005 3944 4013
f 4011 4013 3946
f 4005 4013 4011
f 3925 4014 3998
f 4014 3947 4016
f 3998 4016 3942
f 4014 4016 3998
f 3947 4015 4018
f 4015 3926 4007
f 4018 4007 3945
f 4015 4007 4018
f 3942 4008 3997
f 4008 3945 4006
f 3997 4006 3917
f 4008 4006 3997
f 3947 4018 4016
f 4018 3945 4008
f 4016 4008 3942
f 4018 4008 4016
f 3924 4009 3999
f 4009 3946 4012
f 3999 4012 3943
f 4009 4012 3999
f 3946 4010 4019
f 4010 3926 4015
f 4019 4015 3947
f 4010 4015 4019
f 3943 4017 4000
f 4017 3947 4014
f 4000 4014 3925
f 4017 4014 4000
f 3946 4019 4012
f 4019 3947 4017
f 4012 4017 3943
f 4019 4017 4012
f 3915 3994 3994
f 3994 3941 3941
f 3994 3941 3941
f 3994 3941 3994
f 3941 3995 3995
f 3995 3925 3925
f 3995 3925 3925
f 3995 3925 3995
f 3941 3995 3995
f 3995 3925 3925
f 3995 3925 3925
f 3995 3925 3995
f 3941 3995 3941
f 3995 3925 3995
f 3941 3995 3941
f 3995 3995 3941
f 3925 3998 3998
f 3998 3942 3942
f 3998 3942 3942
f 3998 3942 3998
f 3942 3997 3997
f 3997 3917 3917
f 3997 3917 3917
f 3997 3917 3997
f 3942 3997 3997
f 3997 3917 3917
f 3997 3917 3917
f 3997 3917 3997
f 3942 3997 3942
f 3997 3917 3997
f 3942 3997 3942
f 3997 3997 3942
f 3925 3998 3998
f 3998 3942 3942
f 3998 3942 3942
f 3998 3942 3998
f 3942 3997 3997
f 3997 3917 3917
f 3997 3917 3917
f 3997 3917 3997
f 3942 3997 3997
f 3997 3917 3917
f 3997 3917 3917
f 3997 3917 3997
f 3942 3997 3942
f 3997 3917 3997
f 3942 3997 3942
f 3997 3997 3942
f 3925 3998 3925
f 3998 3942 3998
f 3925 3998 3925
f 3998 3998 3925
f 3942 3997 3942
f 3997 3917 3997
f 3942 3997 3942
f 3997 3997 3942
f 3925 3998 3925
f 3998 3942 3998
f 3925 3998 3925
f 3998 3998 3925
f 3942 3942 3998
f 3942 3942 3998
f 3998 3998 3925
f 3942 3998 3998
f 3918 4032 4023
f 4032 3952 4034
f 4023 4034 3949
f 4032 4034 4023
f 3952 4033 4044
f 4033 3928 4041
f 4044 4041 3954
f 4033 4041 4044
f 3949 4042 4024
f 4042 3954 4040
f 4024 4040 3927
f 4042 4040 4024
f 3952 4044 4034
f 4044 3954 4042
f 4034 4042 3949
f 4044 4042 4034
f 3928 4030 4036
f 4030 3951 4039
f 4036 4039 3953
f 4030 4039 4036
f 3951 4029 4031
f 4029 3917 4006
f 4031 4006 3945
f 4029 4006 4031
f 3953 4037 4035
f 4037 3945 4007
f 4035 4007 3926
f 4037 4007 4035
f 3951 4031 4039
f 4031 3945 4037
f 4039 4037 3953
f 4031 4037 4039
f 3927 4026 4021
f 4026 3950 4028
f 4021 4028 3948
f 4026 4028 4021
f 3950 4025 4027
f 4025 3926 4004
f 4027 4004 3944
f 4025 4004 4027
f 3948 4022 4020
f 4022 3944 4003
f 4020 4003 3916
f 4022 4003 4020
f 3950 4027 4028
f 4027 3944 4022
f 4028 4022 3948
f 4027 4022 4028
f 3928 4036 4041
f 4036 3953 4045
f 4041 4045 3954
f 4036 4045 4041
f 3953 4035 4038
f 4035 3926 4025
f 4038 4025 3950
f 4035 4025 4038
f 3954 4043 4040
f 4043 3950 4026
f 4040 4026 3927
f 4043 4026 4040
f 3953 4038 4045
f 4038 3950 4043
f 4045 4043 3954
f 4038 4043 4045
f 3918 4023 4023
f 4023 3949 3949
f 4023 3949 3949
f 4023 3949 4023
f 3949 4024 4024
f 4024 3927 3927
f 4024 3927 3927
f 4024 3927 4024
f 3949 4024 4024
f 4024 3927 3927
f 4024 3927 3927
f 4024 3927 4024
f 3949 4024 3949
f 4024 3927 4024
f 3949 4024 3949
f 4024 4024 3949
f 3927 4021 4021
f 4021 3948 3948
f 4021 3948 3948
f 4021 3948 4021
f 3948 4020 4020
f 4020 3916 3916
f 4020 3916 3916
f 4020 3916 4020
f 3948 4020 4020
f 4020 3916 3916
f 4020 3916 3916
f 4020 3916 4020
f 3948 4020 3948
f 4020 3916 4020
f 3948 4020 3948
f 4020 4020 3948
f 3927 4021 4021
f 4021 3948 3948
f 4021 3948 3948
f 4021 3948 4021
f 3948 4020 4020
f 4020 3916 3916
f 4020 3916 3916
f 4020 3916 4020
f 3948 4020 4020
f 4020 3916 3916
f 4020 3916 3916
f 4020 3916 4020
f 3948 4020 3948
f 4020 3916 4020
f 3948 4020 3948
f 4020 4020 3948
f 3927 4021 3927
f 4021 3948 4021
f 3927 4021 3927
f 4021 4021 3927
f 3948 4020 3948
f 4020 3916 4020
f 3948 4020 3948
f 4020 4020 3948
f 3927 4021 3927
f 4021 3948 4021
f 3927 4021 3927
f 4021 4021 3927
f 3948 3948 4021
f 3948 3948 4021
f 4021 4021 3927
f 3948 4021 4021
f 3919 4048 4059
f 4048 3956 4061
f 4059 4061 3960
f 4048 4061 4059
f 3956 4049 4067
f 4049 3929 4065
f 4067 4065 3962
f 4049 4065 4067
f 3960 4069 4060
f 4069 3962 4066
f 4060 4066 3931
f 4069 4066 4060
f 3956 4067 4061
f 4067 3962 4069
f 4061 4069 3960
f 4067 4069 4061
f 3929 4047 4055
f 4047 3955 4057
f 4055 4057 3959
f 4047 4057 4055
f 3955 4046 4052
f 4046 3918 4050
f 4052 4050 3957
f 4046 4050 4052
f 3959 4058 4056
f 4058 3957 4051
f 4056 4051 3930
f 4058 4051 4056
f 3955 4052 4057
f 4052 3957 4058
f 4057 4058 3959
f 4052 4058 4057
f 3931 4071 4063
f 4071 3963 4074
f 4063 4074 3961
f 4071 4074 4063
f 3963 4070 4072
f 4070 3930 4054
f 4072 4054 3958
f 4070 4054 4072
f 3961 4064 4062
f 4064 3958 4053
f 4062 4053 3920
f 4064 4053 4062
f 3963 4072 4074
f 4072 3958 4064
f 4074 4064 3961
f 4072 4064 4074
f 3929 4055 4065
f 4055 3959 4068
f 4065 4068 3962
f 4055 4068 4065
f 3959 4056 4073
f 4056 3930 4070
f 4073 4070 3963
f 4056 4070 4073
f 3962 4075 4066
f 4075 3963 4071
f 4066 4071 3931
f 4075 4071 4066
f 3959 4073 4068
f 4073 3963 4075
f 4068 4075 3962
f 4073 4075 4068
f 3919 4059 4059
f 4059 3960 3960
f 4059 3960 3960
f 4059 3960 4059
f 3960 4060 4060
f 4060 3931 3931
f 4060 3931 3931
f 4060 3931 4060
f 3960 4060 4060
f 4060 3931 3931
f 4060 3931 3931
f 4060 3931 4060
f 3960 4060 3960
f 4060 3931 4060
f 3960 4060 3960
f 4060 4060 3960
f 3931 4063 4063
f 4063 3961 3961
f 4063 3961 3961
f 4063 3961 4063
f 3961 4062 4062
f 4062 3920 3920
f 4062 3920 3920
f 4062 3920 4062
f 3961 4062 4062
f 4062 3920 3920
f 4062 3920 3920
f 4062 3920 4062
f 3961 4062 3961
f 4062 3920 4062
f 3961 4062 3961
f 4062 4062 3961
f 3931 4063 4063
f 4063 3961 3961
f 4063 3961 3961
f 4063 3961 4063
f 3961 4062 4062
f 4062 3920 3920
f 4062 3920 3920
f 4062 3920 4062
f 3961 4062 4062
f 4062 3920 3920
f 4062 3920 3920
f 4062 3920 4062
f 3961 4062 3961
f 4062 3920 4062
f 3961 4062 3961
f 4062 4062 3961
f 3931 4063 3931
f 4063 3961 4063
f 3931 4063 3931
f 4063 4063 3931
f 3961 4062 3961
f 4062 3920 4062
f 3961 4062 3961
f 4062 4062 3961
f 3931 4063 3931
f 4063 3961 4063
f 3931 4063 3931
f 4063 4063 3931
f 3961 3961 4063
f 3961 3961 4063
f 4063 4063 3931
f 3961 4063 4063
f 3920 4053 4107
f 4053 3958 4109
f 4107 4109 3972
f 4053 4109 4107
f 3958 4054 4115
f 4054 3930 4113
f 4115 4113 3974
f 4054 4113 4115
f 3972 4117 4108
f 4117 3974 4114
f 4108 4114 3934
f 4117 4114 4108
f 3958 4115 4109
f 4115 3974 4117
f 4109 4117 3972
f 4115 4117 4109
f 3930 4051 4097
f 4051 3957 4099
f 4097 4099 3970
f 4051 4099 4097
f 3957 4050 4088
f 4050 3918 4085
f 4088 4085 3967
f 4050 4085 4088
f 3970 4100 4098
f 4100 3967 4086
f 4098 4086 3933
f 4100 4086 4098
f 3957 4088 4099
f 4088 3967 4100
f 4099 4100 3970
f 4088 4100 4099
f 3934 4119 4111
f 4119 3975 4122
f 4111 4122 3973
f 4119 4122 4111
f 3975 4118 4120
f 4118 3933 4090
f 4120 4090 3968
f 4118 4090 4120
f 3973 4112 4110
f 4112 3968 4089
f 4110 4089 3921
f 4112 4089 4110
f 3975 4120 4122
f 4120 3968 4112
f 4122 4112 3973
f 4120 4112 4122
f 3930 4097 4113
f 4097 3970 4116
f 4113 4116 3974
f 4097 4116 4113
f 3970 4098 4121
f 4098 3933 4118
f 4121 4118 3975
f 4098 4118 4121
f 3974 4123 4114
f 4123 3975 4119
f 4114 4119 3934
f 4123 4119 4114
f 3970 4121 4116
f 4121 3975 4123
f 4116 4123 3974
f 4121 4123 4116
f 3920 4107 4107
f 4107 3972 3972
f 4107 3972 3972
f 4107 3972 4107
f 3972 4108 4108
f 4108 3934 3934
f 4108 3934 3934
f 4108 3934 4108
f 3972 4108 4108
f 4108 3934 3934
f 4108 3934 3934
f 4108 3934 4108
f 3972 4108 3972
f 4108 3934 4108
f 3972 4108 3972
f 4108 4108 3972
f 3934 4111 4111
f 4111 3973 3973
f 4111 3973 3973
f 4111 3973 4111
f 3973 4110 4110
f 4110 3921 3921
f 4110 3921 3921
f 4110 3921 4110
f 3973 4110 4110
f 4110 3921 3921
f 4110 3921 3921
f 4110 3921 4110
f 3973 4110 3973
f 4110 3921 4110
f 3973 4110 3973
f 4110 4110 3973
f 3934 4111 4111
f 4111 3973 3973
f 4111 3973 3973
f 4111 3973 4111
f 3973 4110 4110
f 4110 3921 3921
f 4110 3921 3921
f 4110 3921 4110
f 3973 4110 4110
f 4110 3921 3921
f 4110 3921 3921
f 4110 3921 4110
f 3973 4110 3973
f 4110 3921 4110
f 3973 4110 3973
f 4110 4110 3973
f 3934 4111 3934
f 4111 3973 4111
f 3934 4111 3934
f 4111 4111 3934
f 3973 4110 3973
f 4110 3921 4110
f 3973 4110 3973
f 4110 4110 3973
f 3934 4111 3934
f 4111 3973 4111
f 3934 4111 3934
f 4111 4111 3934
f 3973 3973 4111
f 3973 3973 4111
f 4111 4111 3934
f 3973 4111 4111
f 3919 4059 4124
f 4059 3960 4126
f 4124 4126 3976
f 4059 4126 4124
f 3960 4060 4131
f 4060 3931 4129
f 4131 4129 3978
f 4060 4129 4131
f 3976 4132 4125
f 4132 3978 4130
f 4125 4130 3935
f 4132 4130 4125
f 3960 4131 4126
f 4131 3978 4132
f 4126 4132 3976
f 4131 4132 4126
f 3931 4063 4139
f 4063 3961 4141
f 4139 4141 3981
f 4063 4141 4139
f 3961 4062 4135
f 4062 3920 4133
f 4135 4133 3979
f 4062 4133 4135
f 3981 4143 4140
f 4143 3979 4134
f 4140 4134 3936
f 4143 4134 4140
f 3961 4135 4141
f 4135 3979 4143
f 4141 4143 3981
f 4135 4143 4141
f 3935 4144 4128
f 4144 3982 4146
f 4128 4146 3977
f 4144 4146 4128
f 3982 4145 4148
f 4145 3936 4137
f 4148 4137 3980
f 4145 4137 4148
f 3977 4138 4127
f 4138 3980 4136
f 4127 4136 3922
f 4138 4136 4127
f 3982 4148 4146
f 4148 3980 4138
f 4146 4138 3977
f 4148 4138 4146
f 3931 4139 4129
f 4139 3981 4142
f 4129 4142 3978
f 4139 4142 4129
f 3981 4140 4149
f 4140 3936 4145
f 4149 4145 3982
f 4140 4145 4149
f 3978 4147 4130
f 4147 3982 4144
f 4130 4144 3935
f 4147 4144 4130
f 3981 4149 4142
f 4149 3982 4147
f 4142 4147 3978
f 4149 4147 4142
f 3919 4124 4124
f 4124 3976 3976
f 4124 3976 3976
f 4124 3976 4124
f 3976 4125 4125
f 4125 3935 3935
f 4125 3935 3935
f 4125 3935 4125
f 3976 4125 4125
f 4125 3935 3935
f 4125 3935 3935
f 4125 3935 4125
f 3976 4125 3976
f 4125 3935 4125
f 3976 4125 3976
f 4125 4125 3976
f 3935 4128 4128
f 4128 3977 3977
f 4128 3977 3977
f 4128 3977 4128
f 3977 4127 4127
f 4127 3922 3922
f 4127 3922 3922
f 4127 3922 4127
f 3977 4127 4127
f 4127 3922 3922
f 4127 3922 3922
f 4127 3922 4127
f 3977 4127 3977
f 4127 3922 4127
f 3977 4127 3977
f 4127 4127 3977
f 3935 4128 4128
f 4128 3977 3977
f 4128 3977 3977
f 4128 3977 4128
f 3977 4127 4127
f 4127 3922 3922
f 4127 3922 3922
f 4127 3922 4127
f 3977 4127 4127
f 4127 3922 3922
f 4127 3922 3922
f 4127 3922 4127
f 3977 4127 3977
f 4127 3922 4127
f 3977 4127 3977
f 4127 4127 3977
f 3935 4128 3935
f 4128 3977 4128
f 3935 4128 3935
f 4128 4128 3935
f 3977 4127 3977
f 4127 3922 4127
f 3977 4127 3977
f 4127 4127 3977
f 3935 4128 3935
f 4128 3977 4128
f 3935 4128 3935
f 4128 4128 3935
f 3977 3977 4128
f 3977 3977 4128
f 4128 4128 3935
f 3977 4128 4128
f 3921 4089 4079
f 4089 3968 4091
f 4079 4091 3965
f 4089 4091 4079
f 3968 4090 4105
f 4090 3933 4102
f 4105 4102 3971
f 4090 4102 4105
f 3965 4103 4080
f 4103 3971 4101
f 4080 4101 3932
f 4103 4101 4080
f 3968 4105 4091
f 4105 3971 4103
f 4091 4103 3965
f 4105 4103 4091
f 3933 4086 4093
f 4086 3967 4096
f 4093 4096 3969
f 4086 4096 4093
f 3967 4085 4087
f 4085 3918 4023
f 4087 4023 3949
f 4085 4023 4087
f 3969 4094 4092
f 4094 3949 4024
f 4092 4024 3927
f 4094 4024 4092
f 3967 4087 4096
f 4087 3949 4094
f 4096 4094 3969
f 4087 4094 4096
f 3932 4082 4077
f 4082 3966 4084
f 4077 4084 3964
f 4082 4084 4077
f 3966 4081 4083
f 4081 3927 4021
f 4083 4021 3948
f 4081 4021 4083
f 3964 4078 4076
f 4078 3948 4020
f 4076 4020 3916
f 4078 4020 4076
f 3966 4083 4084
f 4083 3948 4078
f 4084 4078 3964
f 4083 4078 4084
f 3933 4093 4102
f 4093 3969 4106
f 4102 4106 3971
f 4093 4106 4102
f 3969 4092 4095
f 4092 3927 4081
f 4095 4081 3966
f 4092 4081 4095
f 3971 4104 4101
f 4104 3966 4082
f 4101 4082 3932
f 4104 4082 4101
f 3969 4095 4106
f 4095 3966 4104
f 4106 4104 3971
f 4095 4104 4106
f 3921 4079 4079
f 4079 3965 3965
f 4079 3965 3965
f 4079 3965 4079
f 3965 4080 4080
f 4080 3932 3932
f 4080 3932 3932
f 4080 3932 4080
f 3965 4080 4080
f 4080 3932 3932
f 4080 3932 3932
f 4080 3932 4080
f 3965 4080 3965
f 4080 3932 4080
f 3965 4080 3965
f 4080 4080 3965
f 3932 4077 4077
f 4077 3964 3964
f 4077 3964 3964
f 4077 3964 4077
f 3964 4076 4076
f 4076 3916 3916
f 4076 3916 3916
f 4076 3916 4076
f 3964 4076 4076
f 4076 3916 3916
f 4076 3916 3916
f 4076 3916 4076
f 3964 4076 3964
f 4076 3916 4076
f 3964 4076 3964
f 4076 4076 3964
f 3932 4077 4077
f 4077 3964 3964
f 4077 3964 3964
f 4077 3964 4077
f 3964 4076 4076
f 4076 3916 3916
f 4076 3916 3916
f 4076 3916 4076
f 3964 4076 4076
f 4076 3916 3916
f 4076 3916 3916
f 4076 3916 4076
f 3964 4076 3964
f 4076 3916 4076
f 3964 4076 3964
f 4076 4076 3964
f 3932 4077 3932
f 4077 3964 4077
f 3932 4077 3932
f 4077 4077 3932
f 3964 4076 3964
f 4076 3916 4076
f 3964 4076 3964
f 4076 4076 3964
f 3932 4077 3932
f 4077 3964 4077
f 3932 4077 3932
f 4077 4077 3932
f 3964 3964 4077
f 3964 3964 4077
f 4077 4077 3932
f 3964 4077 4077
f 3923 4153 4162
f 4153 3984 4164
f 4162 4164 3987
f 4153 4164 4162
f 3984 4154 4172
f 4154 3937 4170
f 4172 4170 3989
f 4154 4170 4172
f 3987 4174 4163
f 4174 3989 4171
f 4163 4171 3938
f 4174 4171 4163
f 3984 4172 4164
f 4172 3989 4174
f 4164 4174 3987
f 4172 4174 4164
f 3937 4151 4156
f 4151 3983 4158
f 4156 4158 3985
f 4151 4158 4156
f 3983 4150 4152
f 4150 3915 3994
f 4152 3994 3941
f 4150 3994 4152
f 3985 4157 4155
f 4157 3941 3995
f 4155 3995 3925
f 4157 3995 4155
f 3983 4152 4158
f 4152 3941 4157
f 4158 4157 3985
f 4152 4157 4158
f 3938 4166 4160
f 4166 3988 4169
f 4160 4169 3986
f 4166 4169 4160
f 3988 4165 4167
f 4165 3925 3998
f 4167 3998 3942
f 4165 3998 4167
f 3986 4161 4159
f 4161 3942 3997
f 4159 3997 3917
f 4161 3997 4159
f 3988 4167 4169
f 4167 3942 4161
f 4169 4161 3986
f 4167 4161 4169
f 3937 4156 4170
f 4156 3985 4173
f 4170 4173 3989
f 4156 4173 4170
f 3985 4155 4168
f 4155 3925 4165
f 4168 4165 3988
f 4155 4165 4168
f 3989 4175 4171
f 4175 3988 4166
f 4171 4166 3938
f 4175 4166 4171
f 3985 4168 4173
f 4168 3988 4175
f 4173 4175 3989
f 4168 4175 4173
f 3923 4162 4162
f 4162 3987 3987
f 4162 3987 3987
f 4162 3987 4162
f 3987 4163 4163
f 4163 3938 3938
f 4163 3938 3938
f 4163 3938 4163
f 3987 4163 4163
f 4163 3938 3938
f 4163 3938 3938
f 4163 3938 4163
f 3987 4163 3987
f 4163 3938 4163
f 3987 4163 3987
f 4163 4163 3987
f 3938 4160 4160
f 4160 3986 3986
f 4160 3986 3986
f 4160 3986 4160
f 3986 4159 4159
f 4159 3917 3917
f 4159 3917 3917
f 4159 3917 4159
f 3986 4159 4159
f 4159 3917 3917
f 4159 3917 3917
f 4159 3917 4159
f 3986 4159 3986
f 4159 3917 4159
f 3986 4159 3986
f 4159 4159 3986
f 3938 4160 4160
f 4160 3986 3986
f 4160 3986 3986
f 4160 3986 4160
f 3986 4159 4159
f 4159 3917 3917
f 4159 3917 3917
f 4159 3917 4159
f 3986 4159 4159
f 4159 3917 3917
f 4159 3917 3917
f 4159 3917 4159
f 3986 4159 3986
f 4159 3917 4159
f 3986 4159 3986
f 4159 4159 3986
f 3938 4160 3938
f 4160 3986 4160
f 3938 4160 3938
f 4160 4160 3938
f 3986 4159 3986
f 4159 3917 4159
f 3986 4159 3986
f 4159 4159 3986
f 3938 4160 3938
f 4160 3986 4160
f 3938 4160 3938
f 4160 4160 3938
f 3986 3986 4160
f 3986 3986 4160
f 4160 4160 3938
f 3986 4160 4160
f 3919 4124 4320
f 4124 3976 4322
f 4320 4322 4212
f 4124 4322 4320
f 3976 4125 4327
f 4125 3935 4325
f 4327 4325 4214
f 4125 4325 4327
f 4212 4328 4321
f 4328 4214 4326
f 4321 4326 4185
f 4328 4326 4321
f 3976 4327 4322
f 4327 4214 4328
f 4322 4328 4212
f 4327 4328 4322
f 3935 4128 4335
f 4128 3977 4337
f 4335 4337 4217
f 4128 4337 4335
f 3977 4127 4331
f 4127 3922 4329
f 4331 4329 4215
f 4127 4329 4331
f 4217 4339 4336
f 4339 4215 4330
f 4336 4330 4186
f 4339 4330 4336
f 3977 4331 4337
f 4331 4215 4339
f 4337 4339 4217
f 4331 4339 4337
f 4185 4340 4324
f 4340 4218 4342
f 4324 4342 4213
f 4340 4342 4324
f 4218 4341 4344
f 4341 4186 4333
f 4344 4333 4216
f 4341 4333 4344
f 4213 4334 4323
f 4334 4216 4332
f 4323 4332 4176
f 4334 4332 4323
f 4218 4344 4342
f 4344 4216 4334
f 4342 4334 4213
f 4344 4334 4342
f 3935 4335 4325
f 4335 4217 4338
f 4325 4338 4214
f 4335 4338 4325
f 4217 4336 4345
f 4336 4186 4341
f 4345 4341 4218
f 4336 4341 4345
f 4214 4343 4326
f 4343 4218 4340
f 4326 4340 4185
f 4343 4340 4326
f 4217 4345 4338
f 4345 4218 4343
f 4338 4343 4214
f 4345 4343 4338
f 3919 4320 4320
f 4320 4212 4212
f 4320 4212 4212
f 4320 4212 4320
f 4212 4321 4321
f 4321 4185 4185
f 4321 4185 4185
f 4321 4185 4321
f 4212 4321 4321
f 4321 4185 4185
f 4321 4185 4185
f 4321 4185 4321
f 4212 4321 4212
f 4321 4185 4321
f 4212 4321 4212
f 4321 4321 4212
f 4185 4324 4324
f 4324 4213 4213
f 4324 4213 4213
f 4324 4213 4324
f 4213 4323 4323
f 4323 4176 4176
f 4323 4176 4176
f 4323 4176 4323
f 4213 4323 4323
f 4323 4176 4176
f 4323 4176 4176
f 4323 4176 4323
f 4213 4323 4213
f 4323 4176 4323
f 4213 4323 4213
f 4323 4323 4213
f 4185 4324 4324
f 4324 4213 4213
f 4324 4213 4213
f 4324 4213 4324
f 4213 4323 4323
f 4323 4176 4176
f 4323 4176 4176
f 4323 4176 4323
f 4213 4323 4323
f 4323 4176 4176
f 4323 4176 4176
f 4323 4176 4323
f 4213 4323 4213
f 4323 4176 4323
f 4213 4323 4213
f 4323 4323 4213
f 4185 4324 4185
f 4324 4213 4324
f 4185 4324 4185
f 4324 4324 4185
f 4213 4323 4213
f 4323 4176 4323
f 4213 4323 4213
f 4323 4323 4213
f 4185 4324 4185
f 4324 4213 4324
f 4185 4324 4185
f 4324 4324 4185
f 4213 4213 4324
f 4213 4213 4324
f 4324 4324 4185
f 4213 4324 4324
f 4177 4349 4358
f 4349 4220 4360
f 4358 4360 4223
f 4349 4360 4358
f 4220 4350 4368
f 4350 4187 4366
f 4368 4366 4225
f 4350 4366 4368
f 4223 4370 4359
f 4370 4225 4367
f 4359 4367 4188
f 4370 4367 4359
f 4220 4368 4360
f 4368 4225 4370
f 4360 4370 4223
f 4368 4370 4360
f 4187 4347 4352
f 4347 4219 4354
f 4352 4354 4221
f 4347 4354 4352
f 4219 4346 4348
f 4346 3919 4320
f 4348 4320 4212
f 4346 4320 4348
f 4221 4353 4351
f 4353 4212 4321
f 4351 4321 4185
f 4353 4321 4351
f 4219 4348 4354
f 4348 4212 4353
f 4354 4353 4221
f 4348 4353 4354
f 4188 4362 4356
f 4362 4224 4365
f 4356 4365 4222
f 4362 4365 4356
f 4224 4361 4363
f 4361 4185 4324
f 4363 4324 4213
f 4361 4324 4363
f 4222 4357 4355
f 4357 4213 4323
f 4355 4323 4176
f 4357 4323 4355
f 4224 4363 4365
f 4363 4213 4357
f 4365 4357 4222
f 4363 4357 4365
f 4187 4352 4366
f 4352 4221 4369
f 4366 4369 4225
f 4352 4369 4366
f 4221 4351 4364
f 4351 4185 4361
f 4364 4361 4224
f 4351 4361 4364
f 4225 4371 4367
f 4371 4224 4362
f 4367 4362 4188
f 4371 4362 4367
f 4221 4364 4369
f 4364 4224 4371
f 4369 4371 4225
f 4364 4371 4369
f 4177 4358 4358
f 4358 4223 4223
f 4358 4223 4223
f 4358 4223 4358
f 4223 4359 4359
f 4359 4188 4188
f 4359 4188 4188
f 4359 4188 4359
f 4223 4359 4359
f 4359 4188 4188
f 4359 4188 4188
f 4359 4188 4359
f 4223 4359 4223
f 4359 4188 4359
f 4223 4359 4223
f 4359 4359 4223
f 4188 4356 4356
f 4356 4222 4222
f 4356 4222 4222
f 4356 4222 4356
f 4222 4355 4355
f 4355 4176 4176
f 4355 4176 4176
f 4355 4176 4355
f 4222 4355 4355
f 4355 4176 4176
f 4355 4176 4176
f 4355 4176 4355
f 4222 4355 4222
f 4355 4176 4355
f 4222 4355 4222
f 4355 4355 4222
f 4188 4356 4356
f 4356 4222 4222
f 4356 4222 4222
f 4356 4222 4356
f 4222 4355 4355
f 4355 4176 4176
f 4355 4176 4176
f 4355 4176 4355
f 4222 4355 4355
f 4355 4176 4176
f 4355 4176 4176
f 4355 4176 4355
f 4222 4355 4222
f 4355 4176 4355
f 4222 4355 4222
f 4355 4355 4222
f 4188 4356 4188
f 4356 4222 4356
f 4188 4356 4188
f 4356 4356 4188
f 4222 4355 4222
f 4355 4176 4355
f 4222 4355 4222
f 4355 4355 4222
f 4188 4356 4188
f 4356 4222 4356
f 4188 4356 4188
f 4356 4356 4188
f 4222 4222 4356
f 4222 4222 4356
f 4356 4356 4188
f 4222 4356 4356
f 3918 4046 4380
f 4046 3955 4382
f 4380 4382 4228
f 4046 4382 4380
f 3955 4047 4390
f 4047 3929 4388
f 4390 4388 4230
f 4047 4388 4390
f 4228 4392 4381
f 4392 4230 4389
f 4381 4389 4189
f 4392 4389 4381
f 3955 4390 4382
f 4390 4230 4392
f 4382 4392 4228
f 4390 4392 4382
f 3929 4049 4374
f 4049 3956 4376
f 4374 4376 4226
f 4049 4376 4374
f 3956 4048 4372
f 4048 3919 4346
f 4372 4346 4219
f 4048 4346 4372
f 4226 4375 4373
f 4375 4219 4347
f 4373 4347 4187
f 4375 4347 4373
f 3956 4372 4376
f 4372 4219 4375
f 4376 4375 4226
f 4372 4375 4376
f 4189 4384 4378
f 4384 4229 4387
f 4378 4387 4227
f 4384 4387 4378
f 4229 4383 4385
f 4383 4187 4350
f 4385 4350 4220
f 4383 4350 4385
f 4227 4379 4377
f 4379 4220 4349
f 4377 4349 4177
f 4379 4349 4377
f 4229 4385 4387
f 4385 4220 4379
f 4387 4379 4227
f 4385 4379 4387
f 3929 4374 4388
f 4374 4226 4391
f 4388 4391 4230
f 4374 4391 4388
f 4226 4373 4386
f 4373 4187 4383
f 4386 4383 4229
f 4373 4383 4386
f 4230 4393 4389
f 4393 4229 4384
f 4389 4384 4189
f 4393 4384 4389
f 4226 4386 4391
f 4386 4229 4393
f 4391 4393 4230
f 4386 4393 4391
f 3918 4380 4380
f 4380 4228 4228
f 4380 4228 4228
f 4380 4228 4380
f 4228 4381 4381
f 4381 4189 4189
f 4381 4189 4189
f 4381 4189 4381
f 4228 4381 4381
f 4381 4189 4189
f 4381 4189 4189
f 4381 4189 4381
f 4228 4381 4228
f 4381 4189 4381
f 4228 4381 4228
f 4381 4381 4228
f 4189 4378 4378
f 4378 4227 4227
f 4378 4227 4227
f 4378 4227 4378
f 4227 4377 4377
f 4377 4177 4177
f 4377 4177 4177
f 4377 4177 4377
f 4227 4377 4377
f 4377 4177 4177
f 4377 4177 4177
f 4377 4177 4377
f 4227 4377 4227
f 4377 4177 4377
f 4227 4377 4227
f 4377 4377 4227
f 4189 4378 4378
f 4378 4227 4227
f 4378 4227 4227
f 4378 4227 4378
f 4227 4377 4377
f 4377 4177 4177
f 4377 4177 4177
f 4377 4177 4377
f 4227 4377 4377
f 4377 4177 4177
f 4377 4177 4177
f 4377 4177 4377
f 4227 4377 4227
f 4377 4177 4377
f 4227 4377 4227
f 4377 4377 4227
f 4189 4378 4189
f 4378 4227 4378
f 4189 4378 4189
f 4378 4378 4189
f 4227 4377 4227
f 4377 4177 4377
f 4227 4377 4227
f 4377 4377 4227
f 4189 4378 4189
f 4378 4227 4378
f 4189 4378 4189
f 4378 4378 4189
f 4227 4227 4378
f 4227 4227 4378
f 4378 4378 4189
f 4227 4378 4378
f 4178 4406 4397
f 4406 4235 4408
f 4397 4408 4232
f 4406 4408 4397
f 4235 4407 4418
f 4407 4191 4415
f 4418 4415 4237
f 4407 4415 4418
f 4232 4416 4398
f 4416 4237 4414
f 4398 4414 4190
f 4416 4414 4398
f 4235 4418 4408
f 4418 4237 4416
f 4408 4416 4232
f 4418 4416 4408
f 4191 4404 4410
f 4404 4234 4413
f 4410 4413 4236
f 4404 4413 4410
f 4234 4403 4405
f 4403 3918 4380
f 4405 4380 4228
f 4403 4380 4405
f 4236 4411 4409
f 4411 4228 4381
f 4409 4381 4189
f 4411 4381 4409
f 4234 4405 4413
f 4405 4228 4411
f 4413 4411 4236
f 4405 4411 4413
f 4190 4400 4395
f 4400 4233 4402
f 4395 4402 4231
f 4400 4402 4395
f 4233 4399 4401
f 4399 4189 4378
f 4401 4378 4227
f 4399 4378 4401
f 4231 4396 4394
f 4396 4227 4377
f 4394 4377 4177
f 4396 4377 4394
f 4233 4401 4402
f 4401 4227 4396
f 4402 4396 4231
f 4401 4396 4402
f 4191 4410 4415
f 4410 4236 4419
f 4415 4419 4237
f 4410 4419 4415
f 4236 4409 4412
f 4409 4189 4399
f 4412 4399 4233
f 4409 4399 4412
f 4237 4417 4414
f 4417 4233 4400
f 4414 4400 4190
f 4417 4400 4414
f 4236 4412 4419
f 4412 4233 4417
f 4419 4417 4237
f 4412 4417 4419
f 4178 4397 4397
f 4397 4232 4232
f 4397 4232 4232
f 4397 4232 4397
f 4232 4398 4398
f 4398 4190 4190
f 4398 4190 4190
f 4398 4190 4398
f 4232 4398 4398
f 4398 4190 4190
f 4398 4190 4190
f 4398 4190 4398
f 4232 4398 4232
f 4398 4190 4398
f 4232 4398 4232
f 4398 4398 4232
f 4190 4395 4395
f 4395 4231 4231
f 4395 4231 4231
f 4395 4231 4395
f 4231 4394 4394
f 4394 4177 4177
f 4394 4177 4177
f 4394 4177 4394
f 4231 4394 4394
f 4394 4177 4177
f 4394 4177 4177
f 4394 4177 4394
f 4231 4394 4231
f 4394 4177 4394
f 4231 4394 4231
f 4394 4394 4231
f 4190 4395 4395
f 4395 4231 4231
f 4395 4231 4231
f 4395 4231 4395
f 4231 4394 4394
f 4394 4177 4177
f 4394 4177 4177
f 4394 4177 4394
f 4231 4394 4394
f 4394 4177 4177
f 4394 4177 4177
f 4394 4177 4394
f 4231 4394 4231
f 4394 4177 4394
f 4231 4394 4231
f 4394 4394 4231
f 4190 4395 4190
f 4395 4231 4395
f 4190 4395 4190
f 4395 4395 4190
f 4231 4394 4231
f 4394 4177 4394
f 4231 4394 4231
f 4394 4394 4231
f 4190 4395 4190
f 4395 4231 4395
f 4190 4395 4190
f 4395 4395 4190
f 4231 4231 4395
f 4231 4231 4395
f 4395 4395 4190
f 4231 4395 4395
f 3917 4029 4428
f 4029 3951 4430
f 4428 4430 4240
f 4029 4430 4428
f 3951 4030 4438
f 4030 3928 4436
f 4438 4436 4242
f 4030 4436 4438
f 4240 4440 4429
f 4440 4242 4437
f 4429 4437 4192
f 4440 4437 4429
f 3951 4438 4430
f 4438 4242 4440
f 4430 4440 4240
f 4438 4440 4430
f 3928 4033 4422
f 4033 3952 4424
f 4422 4424 4238
f 4033 4424 4422
f 3952 4032 4420
f 4032 3918 4403
f 4420 4403 4234
f 4032 4403 4420
f 4238 4423 4421
f 4423 4234 4404
f 4421 4404 4191
f 4423 4404 4421
f 3952 4420 4424
f 4420 4234 4423
f 4424 4423 4238
f 4420 4423 4424
f 4192 4432 4426
f 4432 4241 4435
f 4426 4435 4239
f 4432 4435 4426
f 4241 4431 4433
f 4431 4191 4407
f 4433 4407 4235
f 4431 4407 4433
f 4239 4427 4425
f 4427 4235 4406
f 4425 4406 4178
f 4427 4406 4425
f 4241 4433 4435
f 4433 4235 4427
f 4435 4427 4239
f 4433 4427 4435
f 3928 4422 4436
f 4422 4238 4439
f 4436 4439 4242
f 4422 4439 4436
f 4238 4421 4434
f 4421 4191 4431
f 4434 4431 4241
f 4421 4431 4434
f 4242 4441 4437
f 4441 4241 4432
f 4437 4432 4192
f 4441 4432 4437
f 4238 4434 4439
f 4434 4241 4441
f 4439 4441 4242
f 4434 4441 4439
f 3917 4428 4428
f 4428 4240 4240
f 4428 4240 4240
f 4428 4240 4428
f 4240 4429 4429
f 4429 4192 4192
f 4429 4192 4192
f 4429 4192 4429
f 4240 4429 4429
f 4429 4192 4192
f 4429 4192 4192
f 4429 4192 4429
f 4240 4429 4240
f 4429 4192 4429
f 4240 4429 4240
f 4429 4429 4240
f 4192 4426 4426
f 4426 4239 4239
f 4426 4239 4239
f 4426 4239 4426
f 4239 4425 4425
f 4425 4178 4178
f 4425 4178 4178
f 4425 4178 4425
f 4239 4425 4425
f 4425 4178 4178
f 4425 4178 4178
f 4425 4178 4425
f 4239 4425 4239
f 4425 4178 4425
f 4239 4425 4239
f 4425 4425 4239
f 4192 4426 4426
f 4426 4239 4239
f 4426 4239 4239
f 4426 4239 4426
f 4239 4425 4425
f 4425 4178 4178
f 4425 4178 4178
f 4425 4178 4425
f 4239 4425 4425
f 4425 4178 4178
f 4425 4178 4178
f 4425 4178 4425
f 4239 4425 4239
f 4425 4178 4425
f 4239 4425 4239
f 4425 4425 4239
f 4192 4426 4192
f 4426 4239 4426
f 4192 4426 4192
f 4426 4426 4192
f 4239 4425 4239
f 4425 4178 4425
f 4239 4425 4239
f 4425 4425 4239
f 4192 4426 4192
f 4426 4239 4426
f 4192 4426 4192
f 4426 4426 4192
f 4239 4239 4426
f 4239 4239 4426
f 4426 4426 4192
f 4239 4426 4426
f 4179 4454 4445
f 4454 4247 4456
f 4445 4456 4244
f 4454 4456 4445
f 4247 4455 4466
f 4455 4194 4463
f 4466 4463 4249
f 4455 4463 4466
f 4244 4464 4446
f 4464 4249 4462
f 4446 4462 4193
f 4464 4462 4446
f 4247 4466 4456
f 4466 4249 4464
f 4456 4464 4244
f 4466 4464 4456
f 4194 4452 4458
f 4452 4246 4461
f 4458 4461 4248
f 4452 4461 4458
f 4246 4451 4453
f 4451 3917 4428
f 4453 4428 4240
f 4451 4428 4453
f 4248 4459 4457
f 4459 4240 4429
f 4457 4429 4192
f 4459 4429 4457
f 4246 4453 4461
f 4453 4240 4459
f 4461 4459 4248
f 4453 4459 4461
f 4193 4448 4443
f 4448 4245 4450
f 4443 4450 4243
f 4448 4450 4443
f 4245 4447 4449
f 4447 4192 4426
f 4449 4426 4239
f 4447 4426 4449
f 4243 4444 4442
f 4444 4239 4425
f 4442 4425 4178
f 4444 4425 4442
f 4245 4449 4450
f 4449 4239 4444
f 4450 4444 4243
f 4449 4444 4450
f 4194 4458 4463
f 4458 4248 4467
f 4463 4467 4249
f 4458 4467 4463
f 4248 4457 4460
f 4457 4192 4447
f 4460 4447 4245
f 4457 4447 4460
f 4249 4465 4462
f 4465 4245 4448
f 4462 4448 4193
f 4465 4448 4462
f 4248 4460 4467
f 4460 4245 4465
f 4467 4465 4249
f 4460 4465 4467
f 4179 4445 4445
f 4445 4244 4244
f 4445 4244 4244
f 4445 4244 4445
f 4244 4446 4446
f 4446 4193 4193
f 4446 4193 4193
f 4446 4193 4446
f 4244 4446 4446
f 4446 4193 4193
f 4446 4193 4193
f 4446 4193 4446
f 4244 4446 4244
f 4446 4193 4446
f 4244 4446 4244
f 4446 4446 4244
f 4193 4443 4443
f 4443 4243 4243
f 4443 4243 4243
f 4443 4243 4443
f 4243 4442 4442
f 4442 4178 4178
f 4442 4178 4178
f 4442 4178 4442
f 4243 4442 4442
f 4442 4178 4178
f 4442 4178 4178
f 4442 4178 4442
f 4243 4442 4243
f 4442 4178 4442
f 4243 4442 4243
f 4442 4442 4243
f 4193 4443 4443
f 4443 4243 4243
f 4443 4243 4243
f 4443 4243 4443
f 4243 4442 4442
f 4442 4178 4178
f 4442 4178 4178
f 4442 4178 4442
f 4243 4442 4442
f 4442 4178 4178
f 4442 4178 4178
f 4442 4178 4442
f 4243 4442 4243
f 4442 4178 4442
f 4243 4442 4243
f 4442 4442 4243
f 4193 4443 4193
f 4443 4243 4443
f 4193 4443 4193
f 4443 4443 4193
f 4243 4442 4243
f 4442 4178 4442
f 4243 4442 4243
f 4442 4442 4243
f 4193 4443 4193
f 4443 4243 4443
f 4193 4443 4193
f 4443 4443 4193
f 4243 4243 4443
f 4243 4243 4443
f 4443 4443 4193
f 4243 4443 4443
f 3923 4162 4476
f 4162 3987 4478
f 4476 4478 4252
f 4162 4478 4476
f 3987 4163 4486
f 4163 3938 4484
f 4486 4484 4254
f 4163 4484 4486
f 4252 4488 4477
f 4488 4254 4485
f 4477 4485 4195
f 4488 4485 4477
f 3987 4486 4478
f 4486 4254 4488
f 4478 4488 4252
f 4486 4488 4478
f 3938 4160 4470
f 4160 3986 4472
f 4470 4472 4250
f 4160 4472 4470
f 3986 4159 4468
f 4159 3917 4451
f 4468 4451 4246
f 4159 4451 4468
f 4250 4471 4469
f 4471 4246 4452
f 4469 4452 4194
f 4471 4452 4469
f 3986 4468 4472
f 4468 4246 4471
f 4472 4471 4250
f 4468 4471 4472
f 4195 4480 4474
f 4480 4253 4483
f 4474 4483 4251
f 4480 4483 4474
f 4253 4479 4481
f 4479 4194 4455
f 4481 4455 4247
f 4479 4455 4481
f 4251 4475 4473
f 4475 4247 4454
f 4473 4454 4179
f 4475 4454 4473
f 4253 4481 4483
f 4481 4247 4475
f 4483 4475 4251
f 4481 4475 4483
f 3938 4470 4484
f 4470 4250 4487
f 4484 4487 4254
f 4470 4487 4484
f 4250 4469 4482
f 4469 4194 4479
f 4482 4479 4253
f 4469 4479 4482
f 4254 4489 4485
f 4489 4253 4480
f 4485 4480 4195
f 4489 4480 4485
f 4250 4482 4487
f 4482 4253 4489
f 4487 4489 4254
f 4482 4489 4487
f 3923 4476 4476
f 4476 4252 4252
f 4476 4252 4252
f 4476 4252 4476
f 4252 4477 4477
f 4477 4195 4195
f 4477 4195 4195
f 4477 4195 4477
f 4252 4477 4477
f 4477 4195 4195
f 4477 4195 4195
f 4477 4195 4477
f 4252 4477 4252
f 4477 4195 4477
f 4252 4477 4252
f 4477 4477 4252
f 4195 4474 4474
f 4474 4251 4251
f 4474 4251 4251
f 4474 4251 4474
f 4251 4473 4473
f 4473 4179 4179
f 4473 4179 4179
f 4473 4179 4473
f 4251 4473 4473
f 4473 4179 4179
f 4473 4179 4179
f 4473 4179 4473
f 4251 4473 4251
f 4473 4179 4473
f 4251 4473 4251
f 4473 4473 4251
f 4195 4474 4474
f 4474 4251 4251
f 4474 4251 4251
f 4474 4251 4474
f 4251 4473 4473
f 4473 4179 4179
f 4473 4179 4179
f 4473 4179 4473
f 4251 4473 4473
f 4473 4179 4179
f 4473 4179 4179
f 4473 4179 4473
f 4251 4473 4251
f 4473 4179 4473
f 4251 4473 4251
f 4473 4473 4251
f 4195 4474 4195
f 4474 4251 4474
f 4195 4474 4195
f 4474 4474 4195
f 4251 4473 4251
f 4473 4179 4473
f 4251 4473 4251
f 4473 4473 4251
f 4195 4474 4195
f 4474 4251 4474
f 4195 4474 4195
f 4474 4474 4195
f 4251 4251 4474
f 4251 4251 4474
f 4474 4474 4195
f 4251 4474 4474
f 4180 4502 4493
f 4502 4259 4504
f 4493 4504 4256
f 4502 4504 4493
f 4259 4503 4514
f 4503 4197 4511
f 4514 4511 4261
f 4503 4511 4514
f 4256 4512 4494
f 4512 4261 4510
f 4494 4510 4196
f 4512 4510 4494
f 4259 4514 4504
f 4514 4261 4512
f 4504 4512 4256
f 4514 4512 4504
f 4197 4500 4506
f 4500 4258 4509
f 4506 4509 4260
f 4500 4509 4506
f 4258 4499 4501
f 4499 3923 4476
f 4501 4476 4252
f 4499 4476 4501
f 4260 4507 4505
f 4507 4252 4477
f 4505 4477 4195
f 4507 4477 4505
f 4258 4501 4509
f 4501 4252 4507
f 4509 4507 4260
f 4501 4507 4509
f 4196 4496 4491
f 4496 4257 4498
f 4491 4498 4255
f 4496 4498 4491
f 4257 4495 4497
f 4495 4195 4474
f 4497 4474 4251
f 4495 4474 4497
f 4255 4492 4490
f 4492 4251 4473
f 4490 4473 4179
f 4492 4473 4490
f 4257 4497 4498
f 4497 4251 4492
f 4498 4492 4255
f 4497 4492 4498
f 4197 4506 4511
f 4506 4260 4515
f 4511 4515 4261
f 4506 4515 4511
f 4260 4505 4508
f 4505 4195 4495
f 4508 4495 4257
f 4505 4495 4508
f 4261 4513 4510
f 4513 4257 4496
f 4510 4496 4196
f 4513 4496 4510
f 4260 4508 4515
f 4508 4257 4513
f 4515 4513 4261
f 4508 4513 4515
f 4180 4493 4493
f 4493 4256 4256
f 4493 4256 4256
f 4493 4256 4493
f 4256 4494 4494
f 4494 4196 4196
f 4494 4196 4196
f 4494 4196 4494
f 4256 4494 4494
f 4494 4196 4196
f 4494 4196 4196
f 4494 4196 4494
f 4256 4494 4256
f 4494 4196 4494
f 4256 4494 4256
f 4494 4494 4256
f 4196 4491 4491
f 4491 4255 4255
f 4491 4255 4255
f 4491 4255 4491
f 4255 4490 4490
f 4490 4179 4179
f 4490 4179 4179
f 4490 4179 4490
f 4255 4490 4490
f 4490 4179 4179
f 4490 4179 4179
f 4490 4179 4490
f 4255 4490 4255
f 4490 4179 4490
f 4255 4490 4255
f 4490 4490 4255
f 4196 4491 4491
f 4491 4255 4255
f 4491 4255 4255
f 4491 4255 4491
f 4255 4490 4490
f 4490 4179 4179
f 4490 4179 4179
f 4490 4179 4490
f 4255 4490 4490
f 4490 4179 4179
f 4490 4179 4179
f 4490 4179 4490
f 4255 4490 4255
f 4490 4179 4490
f 4255 4490 4255
f 4490 4490 4255
f 4196 4491 4196
f 4491 4255 4491
f 4196 4491 4196
f 4491 4491 4196
f 4255 4490 4255
f 4490 4179 4490
f 4255 4490 4255
f 4490 4490 4255
f 4196 4491 4196
f 4491 4255 4491
f 4196 4491 4196
f 4491 4491 4196
f 4255 4255 4491
f 4255 4255 4491
f 4491 4491 4196
f 4255 4491 4491
f 3915 4150 4524
f 4150 3983 4526
f 4524 4526 4264
f 4150 4526 4524
f 3983 4151 4534
f 4151 3937 4532
f 4534 4532 4266
f 4151 4532 4534
f 4264 4536 4525
f 4536 4266 4533
f 4525 4533 4198
f 4536 4533 4525
f 3983 4534 4526
f 4534 4266 4536
f 4526 4536 4264
f 4534 4536 4526
f 3937 4154 4518
f 4154 3984 4520
f 4518 4520 4262
f 4154 4520 4518
f 3984 4153 4516
f 4153 3923 4499
f 4516 4499 4258
f 4153 4499 4516
f 4262 4519 4517
f 4519 4258 4500
f 4517 4500 4197
f 4519 4500 4517
f 3984 4516 4520
f 4516 4258 4519
f 4520 4519 4262
f 4516 4519 4520
f 4198 4528 4522
f 4528 4265 4531
f 4522 4531 4263
f 4528 4531 4522
f 4265 4527 4529
f 4527 4197 4503
f 4529 4503 4259
f 4527 4503 4529
f 4263 4523 4521
f 4523 4259 4502
f 4521 4502 4180
f 4523 4502 4521
f 4265 4529 4531
f 4529 4259 4523
f 4531 4523 4263
f 4529 4523 4531
f 3937 4518 4532
f 4518 4262 4535
f 4532 4535 4266
f 4518 4535 4532
f 4262 4517 4530
f 4517 4197 4527
f 4530 4527 4265
f 4517 4527 4530
f 4266 4537 4533
f 4537 4265 4528
f 4533 4528 4198
f 4537 4528 4533
f 4262 4530 4535
f 4530 4265 4537
f 4535 4537 4266
f 4530 4537 4535
f 3915 4524 4524
f 4524 4264 4264
f 4524 4264 4264
f 4524 4264 4524
f 4264 4525 4525
f 4525 4198 4198
f 4525 4198 4198
f 4525 4198 4525
f 4264 4525 4525
f 4525 4198 4198
f 4525 4198 4198
f 4525 4198 4525
f 4264 4525 4264
f 4525 4198 4525
f 4264 4525 4264
f 4525 4525 4264
f 4198 4522 4522
f 4522 4263 4263
f 4522 4263 4263
f 4522 4263 4522
f 4263 4521 4521
f 4521 4180 4180
f 4521 4180 4180
f 4521 4180 4521
f 4263 4521 4521
f 4521 4180 4180
f 4521 4180 4180
f 4521 4180 4521
f 4263 4521 4263
f 4521 4180 4521
f 4263 4521 4263
f 4521 4521 4263
f 4198 4522 4522
f 4522 4263 4263
f 4522 4263 4263
f 4522 4263 4522
f 4263 4521 4521
f 4521 4180 4180
f 4521 4180 4180
f 4521 4180 4521
f 4263 4521 4521
f 4521 4180 4180
f 4521 4180 4180
f 4521 4180 4521
f 4263 4521 4263
f 4521 4180 4521
f 4263 4521 4263
f 4521 4521 4263
f 4198 4522 4198
f 4522 4263 4522
f 4198 4522 4198
f 4522 4522 4198
f 4263 4521 4263
f 4521 4180 4521
f 4263 4521 4263
f 4521 4521 4263
f 4198 4522 4198
f 4522 4263 4522
f 4198 4522 4198
f 4522 4522 4198
f 4263 4263 4522
f 4263 4263 4522
f 4522 4522 4198
f 4263 4522 4522
f 4181 4550 4541
f 4550 4271 4552
f 4541 4552 4268
f 4550 4552 4541
f 4271 4551 4562
f 4551 4200 4559
f 4562 4559 4273
f 4551 4559 4562
f 4268 4560 4542
f 4560 4273 4558
f 4542 4558 4199
f 4560 4558 4542
f 4271 4562 4552
f 4562 4273 4560
f 4552 4560 4268
f 4562 4560 4552
f 4200 4548 4554
f 4548 4270 4557
f 4554 4557 4272
f 4548 4557 4554
f 4270 4547 4549
f 4547 3915 4524
f 4549 4524 4264
f 4547 4524 4549
f 4272 4555 4553
f 4555 4264 4525
f 4553 4525 4198
f 4555 4525 4553
f 4270 4549 4557
f 4549 4264 4555
f 4557 4555 4272
f 4549 4555 4557
f 4199 4544 4539
f 4544 4269 4546
f 4539 4546 4267
f 4544 4546 4539
f 4269 4543 4545
f 4543 4198 4522
f 4545 4522 4263
f 4543 4522 4545
f 4267 4540 4538
f 4540 4263 4521
f 4538 4521 4180
f 4540 4521 4538
f 4269 4545 4546
f 4545 4263 4540
f 4546 4540 4267
f 4545 4540 4546
f 4200 4554 4559
f 4554 4272 4563
f 4559 4563 4273
f 4554 4563 4559
f 4272 4553 4556
f 4553 4198 4543
f 4556 4543 4269
f 4553 4543 4556
f 4273 4561 4558
f 4561 4269 4544
f 4558 4544 4199
f 4561 4544 4558
f 4272 4556 4563
f 4556 4269 4561
f 4563 4561 4273
f 4556 4561 4563
f 4181 4541 4541
f 4541 4268 4268
f 4541 4268 4268
f 4541 4268 4541
f 4268 4542 4542
f 4542 4199 4199
f 4542 4199 4199
f 4542 4199 4542
f 4268 4542 4542
f 4542 4199 4199
f 4542 4199 4199
f 4542 4199 4542
f 4268 4542 4268
f 4542 4199 4542
f 4268 4542 4268
f 4542 4542 4268
f 4199 4539 4539
f 4539 4267 4267
f 4539 4267 4267
f 4539 4267 4539
f 4267 4538 4538
f 4538 4180 4180
f 4538 4180 4180
f 4538 4180 4538
f 4267 4538 4538
f 4538 4180 4180
f 4538 4180 4180
f 4538 4180 4538
f 4267 4538 4267
f 4538 4180 4538
f 4267 4538 4267
f 4538 4538 4267
f 4199 4539 4539
f 4539 4267 4267
f 4539 4267 4267
f 4539 4267 4539
f 4267 4538 4538
f 4538 4180 4180
f 4538 4180 4180
f 4538 4180 4538
f 4267 4538 4538
f 4538 4180 4180
f 4538 4180 4180
f 4538 4180 4538
f 4267 4538 4267
f 4538 4180 4538
f 4267 4538 4267
f 4538 4538 4267
f 4199 4539 4199
f 4539 4267 4539
f 4199 4539 4199
f 4539 4539 4199
f 4267 4538 4267
f 4538 4180 4538
f 4267 4538 4267
f 4538 4538 4267
f 4199 4539 4199
f 4539 4267 4539
f 4199 4539 4199
f 4539 4539 4199
f 4267 4267 4539
f 4267 4267 4539
f 4539 4539 4199
f 4267 4539 4539
f 3916 3992 4572
f 3992 3940 4574
f 4572 4574 4276
f 3992 4574 4572
f 3940 3993 4582
f 3993 3924 4580
f 4582 4580 4278
f 3993 4580 4582
f 4276 4584 4573
f 4584 4278 4581
f 4573 4581 4201
f 4584 4581 4573
f 3940 4582 4574
f 4582 4278 4584
f 4574 4584 4276
f 4582 4584 4574
f 3924 3991 4566
f 3991 3939 4568
f 4566 4568 4274
f 3991 4568 4566
f 3939 3990 4564
f 3990 3915 4547
f 4564 4547 4270
f 3990 4547 4564
f 4274 4567 4565
f 4567 4270 4548
f 4565 4548 4200
f 4567 4548 4565
f 3939 4564 4568
f 4564 4270 4567
f 4568 4567 4274
f 4564 4567 4568
f 4201 4576 4570
f 4576 4277 4579
f 4570 4579 4275
f 4576 4579 4570
f 4277 4575 4577
f 4575 4200 4551
f 4577 4551 4271
f 4575 4551 4577
f 4275 4571 4569
f 4571 4271 4550
f 4569 4550 4181
f 4571 4550 4569
f 4277 4577 4579
f 4577 4271 4571
f 4579 4571 4275
f 4577 4571 4579
f 3924 4566 4580
f 4566 4274 4583
f 4580 4583 4278
f 4566 4583 4580
f 4274 4565 4578
f 4565 4200 4575
f 4578 4575 4277
f 4565 4575 4578
f 4278 4585 4581
f 4585 4277 4576
f 4581 4576 4201
f 4585 4576 4581
f 4274 4578 4583
f 4578 4277 4585
f 4583 4585 4278
f 4578 4585 4583
f 3916 4572 4572
f 4572 4276 4276
f 4572 4276 4276
f 4572 4276 4572
f 4276 4573 4573
f 4573 4201 4201
f 4573 4201 4201
f 4573 4201 4573
f 4276 4573 4573
f 4573 4201 4201
f 4573 4201 4201
f 4573 4201 4573
f 4276 4573 4276
f 4573 4201 4573
f 4276 4573 4276
f 4573 4573 4276
f 4201 4570 4570
f 4570 4275 4275
f 4570 4275 4275
f 4570 4275 4570
f 4275 4569 4569
f 4569 4181 4181
f 4569 4181 4181
f 4569 4181 4569
f 4275 4569 4569
f 4569 4181 4181
f 4569 4181 4181
f 4569 4181 4569
f 4275 4569 4275
f 4569 4181 4569
f 4275 4569 4275
f 4569 4569 4275
f 4201 4570 4570
f 4570 4275 4275
f 4570 4275 4275
f 4570 4275 4570
f 4275 4569 4569
f 4569 4181 4181
f 4569 4181 4181
f 4569 4181 4569
f 4275 4569 4569
f 4569 4181 4181
f 4569 4181 4181
f 4569 4181 4569
f 4275 4569 4275
f 4569 4181 4569
f 4275 4569 4275
f 4569 4569 4275
f 4201 4570 4201
f 4570 4275 4570
f 4201 4570 4201
f 4570 4570 4201
f 4275 4569 4275
f 4569 4181 4569
f 4275 4569 4275
f 4569 4569 4275
f 4201 4570 4201
f 4570 4275 4570
f 4201 4570 4201
f 4570 4570 4201
f 4275 4275 4570
f 4275 4275 4570
f 4570 4570 4201
f 4275 4570 4570
f 4182 4598 4589
f 4598 4283 4600
f 4589 4600 4280
f 4598 4600 4589
f 4283 4599 4610
f 4599 4203 4607
f 4610 4607 4285
f 4599 4607 4610
f 4280 4608 4590
f 4608 4285 4606
f 4590 4606 4202
f 4608 4606 4590
f 4283 4610 4600
f 4610 4285 4608
f 4600 4608 4280
f 4610 4608 4600
f 4203 4596 4602
f 4596 4282 4605
f 4602 4605 4284
f 4596 4605 4602
f 4282 4595 4597
f 4595 3916 4572
f 4597 4572 4276
f 4595 4572 4597
f 4284 4603 4601
f 4603 4276 4573
f 4601 4573 4201
f 4603 4573 4601
f 4282 4597 4605
f 4597 4276 4603
f 4605 4603 4284
f 4597 4603 4605
f 4202 4592 4587
f 4592 4281 4594
f 4587 4594 4279
f 4592 4594 4587
f 4281 4591 4593
f 4591 4201 4570
f 4593 4570 4275
f 4591 4570 4593
f 4279 4588 4586
f 4588 4275 4569
f 4586 4569 4181
f 4588 4569 4586
f 4281 4593 4594
f 4593 4275 4588
f 4594 4588 4279
f 4593 4588 4594
f 4203 4602 4607
f 4602 4284 4611
f 4607 4611 4285
f 4602 4611 4607
f 4284 4601 4604
f 4601 4201 4591
f 4604 4591 4281
f 4601 4591 4604
f 4285 4609 4606
f 4609 4281 4592
f 4606 4592 4202
f 4609 4592 4606
f 4284 4604 4611
f 4604 4281 4609
f 4611 4609 4285
f 4604 4609 4611
f 4182 4589 4589
f 4589 4280 4280
f 4589 4280 4280
f 4589 4280 4589
f 4280 4590 4590
f 4590 4202 4202
f 4590 4202 4202
f 4590 4202 4590
f 4280 4590 4590
f 4590 4202 4202
f 4590 4202 4202
f 4590 4202 4590
f 4280 4590 4280
f 4590 4202 4590
f 4280 4590 4280
f 4590 4590 4280
f 4202 4587 4587
f 4587 4279 4279
f 4587 4279 4279
f 4587 4279 4587
f 4279 4586 4586
f 4586 4181 4181
f 4586 4181 4181
f 4586 4181 4586
f 4279 4586 4586
f 4586 4181 4181
f 4586 4181 4181
f 4586 4181 4586
f 4279 4586 4279
f 4586 4181 4586
f 4279 4586 4279
f 4586 4586 4279
f 4202 4587 4587
f 4587 4279 4279
f 4587 4279 4279
f 4587 4279 4587
f 4279 4586 4586
f 4586 4181 4181
f 4586 4181 4181
f 4586 4181 4586
f 4279 4586 4586
f 4586 4181 4181
f 4586 4181 4181
f 4586 4181 4586
f 4279 4586 4279
f 4586 4181 4586
f 4279 4586 4279
f 4586 4586 4279
f 4202 4587 4202
f 4587 4279 4587
f 4202 4587 4202
f 4587 4587 4202
f 4279 4586 4279
f 4586 4181 4586
f 4279 4586 4279
f 4586 4586 4279
f 4202 4587 4202
f 4587 4279 4587
f 4202 4587 4202
f 4587 4587 4202
f 4279 4279 4587
f 4279 4279 4587
f 4587 4587 4202
f 4279 4587 4587
f 3921 4079 4620
f 4079 3965 4622
f 4620 4622 4288
f 4079 4622 4620
f 3965 4080 4630
f 4080 3932 4628
f 4630 4628 4290
f 4080 4628 4630
f 4288 4632 4621
f 4632 4290 4629
f 4621 4629 4204
f 4632 4629 4621
f 3965 4630 4622
f 4630 4290 4632
f 4622 4632 4288
f 4630 4632 4622
f 3932 4077 4614
f 4077 3964 4616
f 4614 4616 4286
f 4077 4616 4614
f 3964 4076 4612
f 4076 3916 4595
f 4612 4595 4282
f 4076 4595 4612
f 4286 4615 4613
f 4615 4282 4596
f 4613 4596 4203
f 4615 4596 4613
f 3964 4612 4616
f 4612 4282 4615
f 4616 4615 4286
f 4612 4615 4616
f 4204 4624 4618
f 4624 4289 4627
f 4618 4627 4287
f 4624 4627 4618
f 4289 4623 4625
f 4623 4203 4599
f 4625 4599 4283
f 4623 4599 4625
f 4287 4619 4617
f 4619 4283 4598
f 4617 4598 4182
f 4619 4598 4617
f 4289 4625 4627
f 4625 4283 4619
f 4627 4619 4287
f 4625 4619 4627
f 3932 4614 4628
f 4614 4286 4631
f 4628 4631 4290
f 4614 4631 4628
f 4286 4613 4626
f 4613 4203 4623
f 4626 4623 4289
f 4613 4623 4626
f 4290 4633 4629
f 4633 4289 4624
f 4629 4624 4204
f 4633 4624 4629
f 4286 4626 4631
f 4626 4289 4633
f 4631 4633 4290
f 4626 4633 4631
f 3921 4620 4620
f 4620 4288 4288
f 4620 4288 4288
f 4620 4288 4620
f 4288 4621 4621
f 4621 4204 4204
f 4621 4204 4204
f 4621 4204 4621
f 4288 4621 4621
f 4621 4204 4204
f 4621 4204 4204
f 4621 4204 4621
f 4288 4621 4288
f 4621 4204 4621
f 4288 4621 4288
f 4621 4621 4288
f 4204 4618 4618
f 4618 4287 4287
f 4618 4287 4287
f 4618 4287 4618
f 4287 4617 4617
f 4617 4182 4182
f 4617 4182 4182
f 4617 4182 4617
f 4287 4617 4617
f 4617 4182 4182
f 4617 4182 4182
f 4617 4182 4617
f 4287 4617 4287
f 4617 4182 4617
f 4287 4617 4287
f 4617 4617 4287
f 4204 4618 4618
f 4618 4287 4287
f 4618 4287 4287
f 4618 4287 4618
f 4287 4617 4617
f 4617 4182 4182
f 4617 4182 4182
f 4617 4182 4617
f 4287 4617 4617
f 4617 4182 4182
f 4617 4182 4182
f 4617 4182 4617
f 4287 4617 4287
f 4617 4182 4617
f 4287 4617 4287
f 4617 4617 4287
f 4204 4618 4204
f 4618 4287 4618
f 4204 4618 4204
f 4618 4618 4204
f 4287 4617 4287
f 4617 4182 4617
f 4287 4617 4287
f 4617 4617 4287
f 4204 4618 4204
f 4618 4287 4618
f 4204 4618 4204
f 4618 4618 4204
f 4287 4287 4618
f 4287 4287 4618
f 4618 4618 4204
f 4287 4618 4618
f 4183 4646 4637
f 4646 4295 4648
f 4637 4648 4292
f 4646 4648 4637
f 4295 4647 4658
f 4647 4206 4655
f 4658 4655 4297
f 4647 4655 4658
f 4292 4656 4638
f 4656 4297 4654
f 4638 4654 4205
f 4656 4654 4638
f 4295 4658 4648
f 4658 4297 4656
f 4648 4656 4292
f 4658 4656 4648
f 4206 4644 4650
f 4644 4294 4653
f 4650 4653 4296
f 4644 4653 4650
f 4294 4643 4645
f 4643 3921 4620
f 4645 4620 4288
f 4643 4620 4645
f 4296 4651 4649
f 4651 4288 4621
f 4649 4621 4204
f 4651 4621 4649
f 4294 4645 4653
f 4645 4288 4651
f 4653 4651 4296
f 4645 4651 4653
f 4205 4640 4635
f 4640 4293 4642
f 4635 4642 4291
f 4640 4642 4635
f 4293 4639 4641
f 4639 4204 4618
f 4641 4618 4287
f 4639 4618 4641
f 4291 4636 4634
f 4636 4287 4617
f 4634 4617 4182
f 4636 4617 4634
f 4293 4641 4642
f 4641 4287 4636
f 4642 4636 4291
f 4641 4636 4642
f 4206 4650 4655
f 4650 4296 4659
f 4655 4659 4297
f 4650 4659 4655
f 4296 4649 4652
f 4649 4204 4639
f 4652 4639 4293
f 4649 4639 4652
f 4297 4657 4654
f 4657 4293 4640
f 4654 4640 4205
f 4657 4640 4654
f 4296 4652 4659
f 4652 4293 4657
f 4659 4657 4297
f 4652 4657 4659
f 4183 4637 4637
f 4637 4292 4292
f 4637 4292 4292
f 4637 4292 4637
f 4292 4638 4638
f 4638 4205 4205
f 4638 4205 4205
f 4638 4205 4638
f 4292 4638 4638
f 4638 4205 4205
f 4638 4205 4205
f 4638 4205 4638
f 4292 4638 4292
f 4638 4205 4638
f 4292 4638 4292
f 4638 4638 4292
f 4205 4635 4635
f 4635 4291 4291
f 4635 4291 4291
f 4635 4291 4635
f 4291 4634 4634
f 4634 4182 4182
f 4634 4182 4182
f 4634 4182 4634
f 4291 4634 4634
f 4634 4182 4182
f 4634 4182 4182
f 4634 4182 4634
f 4291 4634 4291
f 4634 4182 4634
f 4291 4634 4291
f 4634 4634 4291
f 4205 4635 4635
f 4635 4291 4291
f 4635 4291 4291
f 4635 4291 4635
f 4291 4634 4634
f 4634 4182 4182
f 4634 4182 4182
f 4634 4182 4634
f 4291 4634 4634
f 4634 4182 4182
f 4634 4182 4182
f 4634 4182 4634
f 4291 4634 4291
f 4634 4182 4634
f 4291 4634 4291
f 4634 4634 4291
f 4205 4635 4205
f 4635 4291 4635
f 4205 4635 4205
f 4635 4635 4205
f 4291 4634 4291
f 4634 4182 4634
f 4291 4634 4291
f 4634 4634 4291
f 4205 4635 4205
f 4635 4291 4635
f 4205 4635 4205
f 4635 4635 4205
f 4291 4291 4635
f 4291 4291 4635
f 4635 4635 4205
f 4291 4635 4635
f 3920 4107 4668
f 4107 3972 4670
f 4668 4670 4300
f 4107 4670 4668
f 3972 4108 4678
f 4108 3934 4676
f 4678 4676 4302
f 4108 4676 4678
f 4300 4680 4669
f 4680 4302 4677
f 4669 4677 4207
f 4680 4677 4669
f 3972 4678 4670
f 4678 4302 4680
f 4670 4680 4300
f 4678 4680 4670
f 3934 4111 4662
f 4111 3973 4664
f 4662 4664 4298
f 4111 4664 4662
f 3973 4110 4660
f 4110 3921 4643
f 4660 4643 4294
f 4110 4643 4660
f 4298 4663 4661
f 4663 4294 4644
f 4661 4644 4206
f 4663 4644 4661
f 3973 4660 4664
f 4660 4294 4663
f 4664 4663 4298
f 4660 4663 4664
f 4207 4672 4666
f 4672 4301 4675
f 4666 4675 4299
f 4672 4675 4666
f 4301 4671 4673
f 4671 4206 4647
f 4673 4647 4295
f 4671 4647 4673
f 4299 4667 4665
f 4667 4295 4646
f 4665 4646 4183
f 4667 4646 4665
f 4301 4673 4675
f 4673 4295 4667
f 4675 4667 4299
f 4673 4667 4675
f 3934 4662 4676
f 4662 4298 4679
f 4676 4679 4302
f 4662 4679 4676
f 4298 4661 4674
f 4661 4206 4671
f 4674 4671 4301
f 4661 4671 4674
f 4302 4681 4677
f 4681 4301 4672
f 4677 4672 4207
f 4681 4672 4677
f 4298 4674 4679
f 4674 4301 4681
f 4679 4681 4302
f 4674 4681 4679
f 3920 4668 4668
f 4668 4300 4300
f 4668 4300 4300
f 4668 4300 4668
f 4300 4669 4669
f 4669 4207 4207
f 4669 4207 4207
f 4669 4207 4669
f 4300 4669 4669
f 4669 4207 4207
f 4669 4207 4207
f 4669 4207 4669
f 4300 4669 4300
f 4669 4207 4669
f 4300 4669 4300
f 4669 4669 4300
f 4207 4666 4666
f 4666 4299 4299
f 4666 4299 4299
f 4666 4299 4666
f 4299 4665 4665
f 4665 4183 4183
f 4665 4183 4183
f 4665 4183 4665
f 4299 4665 4665
f 4665 4183 4183
f 4665 4183 4183
f 4665 4183 4665
f 4299 4665 4299
f 4665 4183 4665
f 4299 4665 4299
f 4665 4665 4299
f 4207 4666 4666
f 4666 4299 4299
f 4666 4299 4299
f 4666 4299 4666
f 4299 4665 4665
f 4665 4183 4183
f 4665 4183 4183
f 4665 4183 4665
f 4299 4665 4665
f 4665 4183 4183
f 4665 4183 4183
f 4665 4183 4665
f 4299 4665 4299
f 4665 4183 4665
f 4299 4665 4299
f 4665 4665 4299
f 4207 4666 4207
f 4666 4299 4666
f 4207 4666 4207
f 4666 4666 4207
f 4299 4665 4299
f 4665 4183 4665
f 4299 4665 4299
f 4665 4665 4299
f 4207 4666 4207
f 4666 4299 4666
f 4207 4666 4207
f 4666 4666 4207
f 4299 4299 4666
f 4299 4299 4666
f 4666 4666 4207
f 4299 4666 4666
f 4184 4726 4716
f 4726 4315 4729
f 4716 4729 4312
f 4726 4729 4716
f 4315 4727 4750
f 4727 4211 4747
f 4750 4747 4319
f 4727 4747 4750
f 4312 4748 4717
f 4748 4319 4746
f 4717 4746 4210
f 4748 4746 4717
f 4315 4750 4729
f 4750 4319 4748
f 4729 4748 4312
f 4750 4748 4729
f 4211 4723 4736
f 4723 4314 4739
f 4736 4739 4317
f 4723 4739 4736
f 4314 4722 4725
f 4722 3920 4668
f 4725 4668 4300
f 4722 4668 4725
f 4317 4737 4735
f 4737 4300 4669
f 4735 4669 4207
f 4737 4669 4735
f 4314 4725 4739
f 4725 4300 4737
f 4739 4737 4317
f 4725 4737 4739
f 4210 4719 4714
f 4719 4313 4721
f 4714 4721 4311
f 4719 4721 4714
f 4313 4718 4720
f 4718 4207 4666
f 4720 4666 4299
f 4718 4666 4720
f 4311 4715 4713
f 4715 4299 4665
f 4713 4665 4183
f 4715 4665 4713
f 4313 4720 4721
f 4720 4299 4715
f 4721 4715 4311
f 4720 4715 4721
f 4211 4736 4747
f 4736 4317 4751
f 4747 4751 4319
f 4736 4751 4747
f 4317 4735 4738
f 4735 4207 4718
f 4738 4718 4313
f 4735 4718 4738
f 4319 4749 4746
f 4749 4313 4719
f 4746 4719 4210
f 4749 4719 4746
f 4317 4738 4751
f 4738 4313 4749
f 4751 4749 4319
f 4738 4749 4751
f 4184 4716 4716
f 4716 4312 4312
f 4716 4312 4312
f 4716 4312 4716
f 4312 4717 4717
f 4717 4210 4210
f 4717 4210 4210
f 4717 4210 4717
f 4312 4717 4717
f 4717 4210 4210
f 4717 4210 4210
f 4717 4210 4717
f 4312 4717 4312
f 4717 4210 4717
f 4312 4717 4312
f 4717 4717 4312
f 4210 4714 4714
f 4714 4311 4311
f 4714 4311 4311
f 4714 4311 4714
f 4311 4713 4713
f 4713 4183 4183
f 4713 4183 4183
f 4713 4183 4713
f 4311 4713 4713
f 4713 4183 4183
f 4713 4183 4183
f 4713 4183 4713
f 4311 4713 4311
f 4713 4183 4713
f 4311 4713 4311
f 4713 4713 4311
f 4210 4714 4714
f 4714 4311 4311
f 4714 4311 4311
f 4714 4311 4714
f 4311 4713 4713
f 4713 4183 4183
f 4713 4183 4183
f 4713 4183 4713
f 4311 4713 4713
f 4713 4183 4183
f 4713 4183 4183
f 4713 4183 4713
f 4311 4713 4311
f 4713 4183 4713
f 4311 4713 4311
f 4713 4713 4311
f 4210 4714 4210
f 4714 4311 4714
f 4210 4714 4210
f 4714 4714 4210
f 4311 4713 4311
f 4713 4183 4713
f 4311 4713 4311
f 4713 4713 4311
f 4210 4714 4210
f 4714 4311 4714
f 4210 4714 4210
f 4714 4714 4210
f 4311 4311 4714
f 4311 4311 4714
f 4714 4714 4210
f 4311 4714 4714
f 3922 4136 4682
f 4136 3980 4685
f 4682 4685 4303
f 4136 4685 4682
f 3980 4137 4694
f 4137 3936 4692
f 4694 4692 4306
f 4137 4692 4694
f 4303 4695 4683
f 4695 4306 4693
f 4683 4693 4208
f 4695 4693 4683
f 3980 4694 4685
f 4694 4306 4695
f 4685 4695 4303
f 4694 4695 4685
f 3936 4134 4730
f 4134 3979 4732
f 4730 4732 4316
f 4134 4732 4730
f 3979 4133 4724
f 4133 3920 4722
f 4724 4722 4314
f 4133 4722 4724
f 4316 4734 4731
f 4734 4314 4723
f 4731 4723 4211
f 4734 4723 4731
f 3979 4724 4732
f 4724 4314 4734
f 4732 4734 4316
f 4724 4734 4732
f 4208 4740 4687
f 4740 4318 4742
f 4687 4742 4304
f 4740 4742 4687
f 4318 4741 4744
f 4741 4211 4727
f 4744 4727 4315
f 4741 4727 4744
f 4304 4728 4686
f 4728 4315 4726
f 4686 4726 4184
f 4728 4726 4686
f 4318 4744 4742
f 4744 4315 4728
f 4742 4728 4304
f 4744 4728 4742
f 3936 4730 4692
f 4730 4316 4733
f 4692 4733 4306
f 4730 4733 4692
f 4316 4731 4745
f 4731 4211 4741
f 4745 4741 4318
f 4731 4741 4745
f 4306 4743 4693
f 4743 4318 4740
f 4693 4740 4208
f 4743 4740 4693
f 4316 4745 4733
f 4745 4318 4743
f 4733 4743 4306
f 4745 4743 4733
f 3922 4682 4682
f 4682 4303 4303
f 4682 4303 4303
f 4682 4303 4682
f 4303 4683 4683
f 4683 4208 4208
f 4683 4208 4208
f 4683 4208 4683
f 4303 4683 4683
f 4683 4208 4208
f 4683 4208 4208
f 4683 4208 4683
f 4303 4683 4303
f 4683 4208 4683
f 4303 4683 4303
f 4683 4683 4303
f 4208 4687 4687
f 4687 4304 4304
f 4687 4304 4304
f 4687 4304 4687
f 4304 4686 4686
f 4686 4184 4184
f 4686 4184 4184
f 4686 4184 4686
f 4304 4686 4686
f 4686 4184 4184
f 4686 4184 4184
f 4686 4184 4686
f 4304 4686 4304
f 4686 4184 4686
f 4304 4686 4304
f 4686 4686 4304
f 4208 4687 4687
f 4687 4304 4304
f 4687 4304 4304
f 4687 4304 4687
f 4304 4686 4686
f 4686 4184 4184
f 4686 4184 4184
f 4686 4184 4686
f 4304 4686 4686
f 4686 4184 4184
f 4686 4184 4184
f 4686 4184 4686
f 4304 4686 4304
f 4686 4184 4686
f 4304 4686 4304
f 4686 4686 4304
f 4208 4687 4208
f 4687 4304 4687
f 4208 4687 4208
f 4687 4687 4208
f 4304 4686 4304
f 4686 4184 4686
f 4304 4686 4304
f 4686 4686 4304
f 4208 4687 4208
f 4687 4304 4687
f 4208 4687 4208
f 4687 4687 4208
f 4304 4304 4687
f 4304 4304 4687
f 4687 4687 4208
f 4304 4687 4687
f 4176 4332 4696
f 4332 4216 4698
f 4696 4698 4307
f 4332 4698 4696
f 4216 4333 4704
f 4333 4186 4702
f 4704 4702 4309
f 4333 4702 4704
f 4307 4706 4697
f 4706 4309 4703
f 4697 4703 4209
f 4706 4703 4697
f 4216 4704 4698
f 4704 4309 4706
f 4698 4706 4307
f 4704 4706 4698
f 4186 4330 4688
f 4330 4215 4690
f 4688 4690 4305
f 4330 4690 4688
f 4215 4329 4684
f 4329 3922 4682
f 4684 4682 4303
f 4329 4682 4684
f 4305 4691 4689
f 4691 4303 4683
f 4689 4683 4208
f 4691 4683 4689
f 4215 4684 4690
f 4684 4303 4691
f 4690 4691 4305
f 4684 4691 4690
f 4209 4708 4700
f 4708 4310 4711
f 4700 4711 4308
f 4708 4711 4700
f 4310 4707 4709
f 4707 4208 4687
f 4709 4687 4304
f 4707 4687 4709
f 4308 4701 4699
f 4701 4304 4686
f 4699 4686 4184
f 4701 4686 4699
f 4310 4709 4711
f 4709 4304 4701
f 4711 4701 4308
f 4709 4701 4711
f 4186 4688 4702
f 4688 4305 4705
f 4702 4705 4309
f 4688 4705 4702
f 4305 4689 4710
f 4689 4208 4707
f 4710 4707 4310
f 4689 4707 4710
f 4309 4712 4703
f 4712 4310 4708
f 4703 4708 4209
f 4712 4708 4703
f 4305 4710 4705
f 4710 4310 4712
f 4705 4712 4309
f 4710 4712 4705
f 4176 4696 4696
f 4696 4307 4307
f 4696 4307 4307
f 4696 4307 4696
f 4307 4697 4697
f 4697 4209 4209
f 4697 4209 4209
f 4697 4209 4697
f 4307 4697 4697
f 4697 4209 4209
f 4697 4209 4209
f 4697 4209 4697
f 4307 4697 4307
f 4697 4209 4697
f 4307 4697 4307
f 4697 4697 4307
f 4209 4700 4700
f 4700 4308 4308
f 4700 4308 4308
f 4700 4308 4700
f 4308 4699 4699
f 4699 4184 4184
f 4699 4184 4184
f 4699 4184 4699
f 4308 4699 4699
f 4699 4184 4184
f 4699 4184 4184
f 4699 4184 4699
f 4308 4699 4308
f 4699 4184 4699
f 4308 4699 4308
f 4699 4699 4308
f 4209 4700 4700
f 4700 4308 4308
f 4700 4308 4308
f 4700 4308 4700
f 4308 4699 4699
f 4699 4184 4184
f 4699 4184 4184
f 4699 4184 4699
f 4308 4699 4699
f 4699 4184 4184
f 4699 4184 4184
f 4699 4184 4699
f 4308 4699 4308
f 4699 4184 4699
f 4308 4699 4308
f 4699 4699 4308
f 4209 4700 4209
f 4700 4308 4700
f 4209 4700 4209
f 4700 4700 4209
f 4308 4699 4308
f 4699 4184 4699
f 4308 4699 4308
f 4699 4699 4308
f 4209 4700 4209
f 4700 4308 4700
f 4209 4700 4209
f 4700 4700 4209
f 4308 4308 4700
f 4308 4308 4700
f 4700 4700 4209
f 4308 4700 4700
f 4752 4817 4821
f 4817 4773 4823
f 4821 4823 4775
f 4817 4823 4821
f 4773 4818 4828
f 4818 4760 4826
f 4828 4826 4777
f 4818 4826 4828
f 4775 4829 4822
f 4829 4777 4827
f 4822 4827 4761
f 4829 4827 4822
f 4773 4828 4823
f 4828 4777 4829
f 4823 4829 4775
f 4828 4829 4823
f 4760 4820 4836
f 4820 4774 4838
f 4836 4838 4780
f 4820 4838 4836
f 4774 4819 4832
f 4819 4753 4830
f 4832 4830 4778
f 4819 4830 4832
f 4780 4840 4837
f 4840 4778 4831
f 4837 4831 4762
f 4840 4831 4837
f 4774 4832 4838
f 4832 4778 4840
f 4838 4840 4780
f 4832 4840 4838
f 4761 4841 4825
f 4841 4781 4843
f 4825 4843 4776
f 4841 4843 4825
f 4781 4842 4845
f 4842 4762 4834
f 4845 4834 4779
f 4842 4834 4845
f 4776 4835 4824
f 4835 4779 4833
f 4824 4833 4754
f 4835 4833 4824
f 4781 4845 4843
f 4845 4779 4835
f 4843 4835 4776
f 4845 4835 4843
f 4760 4836 4826
f 4836 4780 4839
f 4826 4839 4777
f 4836 4839 4826
f 4780 4837 4846
f 4837 4762 4842
f 4846 4842 4781
f 4837 4842 4846
f 4777 4844 4827
f 4844 4781 4841
f 4827 4841 4761
f 4844 4841 4827
f 4780 4846 4839
f 4846 4781 4844
f 4839 4844 4777
f 4846 4844 4839
f 4752 4821 4821
f 4821 4775 4775
f 4821 4775 4775
f 4821 4775 4821
f 4775 4822 4822
f 4822 4761 4761
f 4822 4761 4761
f 4822 4761 4822
f 4775 4822 4822
f 4822 4761 4761
f 4822 4761 4761
f 4822 4761 4822
f 4775 4822 4775
f 4822 4761 4822
f 4775 4822 4775
f 4822 4822 4775
f 4761 4825 4825
f 4825 4776 4776
f 4825 4776 4776
f 4825 4776 4825
f 4776 4824 4824
f 4824 4754 4754
f 4824 4754 4754
f 4824 4754 4824
f 4776 4824 4824
f 4824 4754 4754
f 4824 4754 4754
f 4824 4754 4824
f 4776 4824 4776
f 4824 4754 4824
f 4776 4824 4776
f 4824 4824 4776
f 4761 4825 4825
f 4825 4776 4776
f 4825 4776 4776
f 4825 4776 4825
f 4776 4824 4824
f 4824 4754 4754
f 4824 4754 4754
f 4824 4754 4824
f 4776 4824 4824
f 4824 4754 4754
f 4824 4754 4754
f 4824 4754 4824
f 4776 4824 4776
f 4824 4754 4824
f 4776 4824 4776
f 4824 4824 4776
f 4761 4825 4761
f 4825 4776 4825
f 4761 4825 4761
f 4825 4825 4761
f 4776 4824 4776
f 4824 4754 4824
f 4776 4824 4776
f 4824 4824 4776
f 4761 4825 4761
f 4825 4776 4825
f 4761 4825 4761
f 4825 4825 4761
f 4776 4776 4825
f 4776 4776 4825
f 4825 4825 4761
f 4776 4825 4825
f 4755 4847 4851
f 4847 4782 4853
f 4851 4853 4784
f 4847 4853 4851
f 4782 4848 4858
f 4848 4763 4856
f 4858 4856 4786
f 4848 4856 4858
f 4784 4859 4852
f 4859 4786 4857
f 4852 4857 4764
f 4859 4857 4852
f 4782 4858 4853
f 4858 4786 4859
f 4853 4859 4784
f 4858 4859 4853
f 4763 4850 4866
f 4850 4783 4868
f 4866 4868 4789
f 4850 4868 4866
f 4783 4849 4862
f 4849 4756 4860
f 4862 4860 4787
f 4849 4860 4862
f 4789 4870 4867
f 4870 4787 4861
f 4867 4861 4765
f 4870 4861 4867
f 4783 4862 4868
f 4862 4787 4870
f 4868 4870 4789
f 4862 4870 4868
f 4764 4871 4855
f 4871 4790 4873
f 4855 4873 4785
f 4871 4873 4855
f 4790 4872 4875
f 4872 4765 4864
f 4875 4864 4788
f 4872 4864 4875
f 4785 4865 4854
f 4865 4788 4863
f 4854 4863 4757
f 4865 4863 4854
f 4790 4875 4873
f 4875 4788 4865
f 4873 4865 4785
f 4875 4865 4873
f 4763 4866 4856
f 4866 4789 4869
f 4856 4869 4786
f 4866 4869 4856
f 4789 4867 4876
f 4867 4765 4872
f 4876 4872 4790
f 4867 4872 4876
f 4786 4874 4857
f 4874 4790 4871
f 4857 4871 4764
f 4874 4871 4857
f 4789 4876 4869
f 4876 4790 4874
f 4869 4874 4786
f 4876 4874 4869
f 4755 4851 4851
f 4851 4784 4784
f 4851 4784 4784
f 4851 4784 4851
f 4784 4852 4852
f 4852 4764 4764
f 4852 4764 4764
f 4852 4764 4852
f 4784 4852 4852
f 4852 4764 4764
f 4852 4764 4764
f 4852 4764 4852
f 4784 4852 4784
f 4852 4764 4852
f 4784 4852 4784
f 4852 4852 4784
f 4764 4855 4855
f 4855 4785 4785
f 4855 4785 4785
f 4855 4785 4855
f 4785 4854 4854
f 4854 4757 4757
f 4854 4757 4757
f 4854 4757 4854
f 4785 4854 4854
f 4854 4757 4757
f 4854 4757 4757
f 4854 4757 4854
f 4785 4854 4785
f 4854 4757 4854
f 4785 4854 4785
f 4854 4854 4785
f 4764 4855 4855
f 4855 4785 4785
f 4855 4785 4785
f 4855 4785 4855
f 4785 4854 4854
f 4854 4757 4757
f 4854 4757 4757
f 4854 4757 4854
f 4785 4854 4854
f 4854 4757 4757
f 4854 4757 4757
f 4854 4757 4854
f 4785 4854 4785
f 4854 4757 4854
f 4785 4854 4785
f 4854 4854 4785
f 4764 4855 4764
f 4855 4785 4855
f 4764 4855 4764
f 4855 4855 4764
f 4785 4854 4785
f 4854 4757 4854
f 4785 4854 4785
f 4854 4854 4785
f 4764 4855 4764
f 4855 4785 4855
f 4764 4855 4764
f 4855 4855 4764
f 4785 4785 4855
f 4785 4785 4855
f 4855 4855 4764
f 4785 4855 4855
f 4758 4947 4879
f 4947 4811 4949
f 4879 4949 4792
f 4947 4949 4879
f 4811 4948 4959
f 4948 4772 4956
f 4959 4956 4813
f 4948 4956 4959
f 4792 4957 4880
f 4957 4813 4955
f 4880 4955 4766
f 4957 4955 4880
f 4811 4959 4949
f 4959 4813 4957
f 4949 4957 4792
f 4959 4957 4949
f 4772 4952 4966
f 4952 4812 4969
f 4966 4969 4815
f 4952 4969 4966
f 4812 4951 4953
f 4951 4759 4911
f 4953 4911 4801
f 4951 4911 4953
f 4815 4967 4965
f 4967 4801 4912
f 4965 4912 4769
f 4967 4912 4965
f 4812 4953 4969
f 4953 4801 4967
f 4969 4967 4815
f 4953 4967 4969
f 4766 4917 4878
f 4917 4803 4919
f 4878 4919 4791
f 4917 4919 4878
f 4803 4918 4920
f 4918 4769 4908
f 4920 4908 4800
f 4918 4908 4920
f 4791 4910 4877
f 4910 4800 4907
f 4877 4907 4753
f 4910 4907 4877
f 4803 4920 4919
f 4920 4800 4910
f 4919 4910 4791
f 4920 4910 4919
f 4772 4966 4956
f 4966 4815 4970
f 4956 4970 4813
f 4966 4970 4956
f 4815 4965 4968
f 4965 4769 4918
f 4968 4918 4803
f 4965 4918 4968
f 4813 4958 4955
f 4958 4803 4917
f 4955 4917 4766
f 4958 4917 4955
f 4815 4968 4970
f 4968 4803 4958
f 4970 4958 4813
f 4968 4958 4970
f 4758 4879 4879
f 4879 4792 4792
f 4879 4792 4792
f 4879 4792 4879
f 4792 4880 4880
f 4880 4766 4766
f 4880 4766 4766
f 4880 4766 4880
f 4792 4880 4880
f 4880 4766 4766
f 4880 4766 4766
f 4880 4766 4880
f 4792 4880 4792
f 4880 4766 4880
f 4792 4880 4792
f 4880 4880 4792
f 4766 4878 4878
f 4878 4791 4791
f 4878 4791 4791
f 4878 4791 4878
f 4791 4877 4877
f 4877 4753 4753
f 4877 4753 4753
f 4877 4753 4877
f 4791 4877 4877
f 4877 4753 4753
f 4877 4753 4753
f 4877 4753 4877
f 4791 4877 4791
f 4877 4753 4877
f 4791 4877 4791
f 4877 4877 4791
f 4766 4878 4878
f 4878 4791 4791
f 4878 4791 4791
f 4878 4791 4878
f 4791 4877 4877
f 4877 4753 4753
f 4877 4753 4753
f 4877 4753 4877
f 4791 4877 4877
f 4877 4753 4753
f 4877 4753 4753
f 4877 4753 4877
f 4791 4877 4791
f 4877 4753 4877
f 4791 4877 4791
f 4877 4877 4791
f 4766 4878 4766
f 4878 4791 4878
f 4766 4878 4766
f 4878 4878 4766
f 4791 4877 4791
f 4877 4753 4877
f 4791 4877 4791
f 4877 4877 4791
f 4766 4878 4766
f 4878 4791 4878
f 4766 4878 4766
f 4878 4878 4766
f 4791 4791 4878
f 4791 4791 4878
f 4878 4878 4766
f 4791 4878 4878
f 4754 4833 4921
f 4833 4779 4923
f 4921 4923 4804
f 4833 4923 4921
f 4779 4834 4929
f 4834 4762 4927
f 4929 4927 4806
f 4834 4927 4929
f 4804 4931 4922
f 4931 4806 4928
f 4922 4928 4770
f 4931 4928 4922
f 4779 4929 4923
f 4929 4806 4931
f 4923 4931 4804
f 4929 4931 4923
f 4762 4831 4913
f 4831 4778 4915
f 4913 4915 4802
f 4831 4915 4913
f 4778 4830 4909
f 4830 4753 4907
f 4909 4907 4800
f 4830 4907 4909
f 4802 4916 4914
f 4916 4800 4908
f 4914 4908 4769
f 4916 4908 4914
f 4778 4909 4915
f 4909 4800 4916
f 4915 4916 4802
f 4909 4916 4915
f 4770 4933 4925
f 4933 4807 4936
f 4925 4936 4805
f 4933 4936 4925
f 4807 4932 4934
f 4932 4769 4912
f 4934 4912 4801
f 4932 4912 4934
f 4805 4926 4924
f 4926 4801 4911
f 4924 4911 4759
f 4926 4911 4924
f 4807 4934 4936
f 4934 4801 4926
f 4936 4926 4805
f 4934 4926 4936
f 4762 4913 4927
f 4913 4802 4930
f 4927 4930 4806
f 4913 4930 4927
f 4802 4914 4935
f 4914 4769 4932
f 4935 4932 4807
f 4914 4932 4935
f 4806 4937 4928
f 4937 4807 4933
f 4928 4933 4770
f 4937 4933 4928
f 4802 4935 4930
f 4935 4807 4937
f 4930 4937 4806
f 4935 4937 4930
f 4754 4921 4921
f 4921 4804 4804
f 4921 4804 4804
f 4921 4804 4921
f 4804 4922 4922
f 4922 4770 4770
f 4922 4770 4770
f 4922 4770 4922
f 4804 4922 4922
f 4922 4770 4770
f 4922 4770 4770
f 4922 4770 4922
f 4804 4922 4804
f 4922 4770 4922
f 4804 4922 4804
f 4922 4922 4804
f 4770 4925 4925
f 4925 4805 4805
f 4925 4805 4805
f 4925 4805 4925
f 4805 4924 4924
f 4924 4759 4759
f 4924 4759 4759
f 4924 4759 4924
f 4805 4924 4924
f 4924 4759 4759
f 4924 4759 4759
f 4924 4759 4924
f 4805 4924 4805
f 4924 4759 4924
f 4805 4924 4805
f 4924 4924 4805
f 4770 4925 4925
f 4925 4805 4805
f 4925 4805 4805
f 4925 4805 4925
f 4805 4924 4924
f 4924 4759 4759
f 4924 4759 4759
f 4924 4759 4924
f 4805 4924 4924
f 4924 4759 4759
f 4924 4759 4759
f 4924 4759 4924
f 4805 4924 4805
f 4924 4759 4924
f 4805 4924 4805
f 4924 4924 4805
f 4770 4925 4770
f 4925 4805 4925
f 4770 4925 4770
f 4925 4925 4770
f 4805 4924 4805
f 4924 4759 4924
f 4805 4924 4805
f 4924 4924 4805
f 4770 4925 4770
f 4925 4805 4925
f 4770 4925 4770
f 4925 4925 4770
f 4805 4805 4925
f 4805 4805 4925
f 4925 4925 4770
f 4805 4925 4925
f 4755 4938 4881
f 4938 4808 4940
f 4881 4940 4793
f 4938 4940 4881
f 4808 4939 4946
f 4939 4771 4944
f 4946 4944 4810
f 4939 4944 4946
f 4793 4945 4882
f 4945 4810 4943
f 4882 4943 4767
f 4945 4943 4882
f 4808 4946 4940
f 4946 4810 4945
f 4940 4945 4793
f 4946 4945 4940
f 4771 4942 4971
f 4942 4809 4973
f 4971 4973 4816
f 4942 4973 4971
f 4809 4941 4954
f 4941 4759 4951
f 4954 4951 4812
f 4941 4951 4954
f 4816 4975 4972
f 4975 4812 4952
f 4972 4952 4772
f 4975 4952 4972
f 4809 4954 4973
f 4954 4812 4975
f 4973 4975 4816
f 4954 4975 4973
f 4767 4960 4885
f 4960 4814 4962
f 4885 4962 4794
f 4960 4962 4885
f 4814 4961 4964
f 4961 4772 4948
f 4964 4948 4811
f 4961 4948 4964
f 4794 4950 4884
f 4950 4811 4947
f 4884 4947 4758
f 4950 4947 4884
f 4814 4964 4962
f 4964 4811 4950
f 4962 4950 4794
f 4964 4950 4962
f 4771 4971 4944
f 4971 4816 4974
f 4944 4974 4810
f 4971 4974 4944
f 4816 4972 4976
f 4972 4772 4961
f 4976 4961 4814
f 4972 4961 4976
f 4810 4963 4943
f 4963 4814 4960
f 4943 4960 4767
f 4963 4960 4943
f 4816 4976 4974
f 4976 4814 4963
f 4974 4963 4810
f 4976 4963 4974
f 4755 4881 4881
f 4881 4793 4793
f 4881 4793 4793
f 4881 4793 4881
f 4793 4882 4882
f 4882 4767 4767
f 4882 4767 4767
f 4882 4767 4882
f 4793 4882 4882
f 4882 4767 4767
f 4882 4767 4767
f 4882 4767 4882
f 4793 4882 4793
f 4882 4767 4882
f 4793 4882 4793
f 4882 4882 4793
f 4767 4885 4885
f 4885 4794 4794
f 4885 4794 4794
f 4885 4794 4885
f 4794 4884 4884
f 4884 4758 4758
f 4884 4758 4758
f 4884 4758 4884
f 4794 4884 4884
f 4884 4758 4758
f 4884 4758 4758
f 4884 4758 4884
f 4794 4884 4794
f 4884 4758 4884
f 4794 4884 4794
f 4884 4884 4794
f 4767 4885 4885
f 4885 4794 4794
f 4885 4794 4794
f 4885 4794 4885
f 4794 4884 4884
f 4884 4758 4758
f 4884 4758 4758
f 4884 4758 4884
f 4794 4884 4884
f 4884 4758 4758
f 4884 4758 4758
f 4884 4758 4884
f 4794 4884 4794
f 4884 4758 4884
f 4794 4884 4794
f 4884 4884 4794
f 4767 4885 4767
f 4885 4794 4885
f 4767 4885 4767
f 4885 4885 4767
f 4794 4884 4794
f 4884 4758 4884
f 4794 4884 4794
f 4884 4884 4794
f 4767 4885 4767
f 4885 4794 4885
f 4767 4885 4767
f 4885 4885 4767
f 4794 4794 4885
f 4794 4794 4885
f 4885 4885 4767
f 4794 4885 4885
f 4758 4893 4884
f 4893 4797 4895
f 4884 4895 4794
f 4893 4895 4884
f 4797 4894 4905
f 4894 4768 4902
f 4905 4902 4799
f 4894 4902 4905
f 4794 4903 4885
f 4903 4799 4901
f 4885 4901 4767
f 4903 4901 4885
f 4797 4905 4895
f 4905 4799 4903
f 4895 4903 4794
f 4905 4903 4895
f 4768 4891 4897
f 4891 4796 4900
f 4897 4900 4798
f 4891 4900 4897
f 4796 4890 4892
f 4890 4756 4849
f 4892 4849 4783
f 4890 4849 4892
f 4798 4898 4896
f 4898 4783 4850
f 4896 4850 4763
f 4898 4850 4896
f 4796 4892 4900
f 4892 4783 4898
f 4900 4898 4798
f 4892 4898 4900
f 4767 4887 4882
f 4887 4795 4889
f 4882 4889 4793
f 4887 4889 4882
f 4795 4886 4888
f 4886 4763 4848
f 4888 4848 4782
f 4886 4848 4888
f 4793 4883 4881
f 4883 4782 4847
f 4881 4847 4755
f 4883 4847 4881
f 4795 4888 4889
f 4888 4782 4883
f 4889 4883 4793
f 4888 4883 4889
f 4768 4897 4902
f 4897 4798 4906
f 4902 4906 4799
f 4897 4906 4902
f 4798 4896 4899
f 4896 4763 4886
f 4899 4886 4795
f 4896 4886 4899
f 4799 4904 4901
f 4904 4795 4887
f 4901 4887 4767
f 4904 4887 4901
f 4798 4899 4906
f 4899 4795 4904
f 4906 4904 4799
f 4899 4904 4906
f 4758 4884 4884
f 4884 4794 4794
f 4884 4794 4794
f 4884 4794 4884
f 4794 4885 4885
f 4885 4767 4767
f 4885 4767 4767
f 4885 4767 4885
f 4794 4885 4885
f 4885 4767 4767
f 4885 4767 4767
f 4885 4767 4885
f 4794 4885 4794
f 4885 4767 4885
f 4794 4885 4794
f 4885 4885 4794
f 4767 4882 4882
f 4882 4793 4793
f 4882 4793 4793
f 4882 4793 4882
f 4793 4881 4881
f 4881 4755 4755
f 4881 4755 4755
f 4881 4755 4881
f 4793 4881 4881
f 4881 4755 4755
f 4881 4755 4755
f 4881 4755 4881
f 4793 4881 4793
f 4881 4755 4881
f 4793 4881 4793
f 4881 4881 4793
f 4767 4882 4882
f 4882 4793 4793
f 4882 4793 4793
f 4882 4793 4882
f 4793 4881 4881
f 4881 4755 4755
f 4881 4755 4755
f 4881 4755 4881
f 4793 4881 4881
f 4881 4755 4755
f 4881 4755 4755
f 4881 4755 4881
f 4793 4881 4793
f 4881 4755 4881
f 4793 4881 4793
f 4881 4881 4793
f 4767 4882 4767
f 4882 4793 4882
f 4767 4882 4767
f 4882 4882 4767
f 4793 4881 4793
f 4881 4755 4881
f 4793 4881 4793
f 4881 4881 4793
f 4767 4882 4767
f 4882 4793 4882
f 4767 4882 4767
f 4882 4882 4767
f 4793 4793 4882
f 4793 4793 4882
f 4882 4882 4767
f 4793 4882 4882
f 4977 5035 5039
f 5035 4992 5041
f 5039 5041 4994
f 5035 5041 5039
f 4992 5036 5046
f 5036 4981 5044
f 5046 5044 4996
f 5036 5044 5046
f 4994 5047 5040
f 5047 4996 5045
f 5040 5045 4982
f 5047 5045 5040
f 4992 5046 5041
f 5046 4996 5047
f 5041 5047 4994
f 5046 5047 5041
f 4981 5038 5054
f 5038 4993 5056
f 5054 5056 4999
f 5038 5056 5054
f 4993 5037 5050
f 5037 4978 5048
f 5050 5048 4997
f 5037 5048 5050
f 4999 5058 5055
f 5058 4997 5049
f 5055 5049 4983
f 5058 5049 5055
f 4993 5050 5056
f 5050 4997 5058
f 5056 5058 4999
f 5050 5058 5056
f 4982 5059 5043
f 5059 5000 5061
f 5043 5061 4995
f 5059 5061 5043
f 5000 5060 5063
f 5060 4983 5052
f 5063 5052 4998
f 5060 5052 5063
f 4995 5053 5042
f 5053 4998 5051
f 5042 5051 4979
f 5053 5051 5042
f 5000 5063 5061
f 5063 4998 5053
f 5061 5053 4995
f 5063 5053 5061
f 4981 5054 5044
f 5054 4999 5057
f 5044 5057 4996
f 5054 5057 5044
f 4999 5055 5064
f 5055 4983 5060
f 5064 5060 5000
f 5055 5060 5064
f 4996 5062 5045
f 5062 5000 5059
f 5045 5059 4982
f 5062 5059 5045
f 4999 5064 5057
f 5064 5000 5062
f 5057 5062 4996
f 5064 5062 5057
f 4977 5039 5039
f 5039 4994 4994
f 5039 4994 4994
f 5039 4994 5039
f 4994 5040 5040
f 5040 4982 4982
f 5040 4982 4982
f 5040 4982 5040
f 4994 5040 5040
f 5040 4982 4982
f 5040 4982 4982
f 5040 4982 5040
f 4994 5040 4994
f 5040 4982 5040
f 4994 5040 4994
f 5040 5040 4994
f 4982 5043 5043
f 5043 4995 4995
f 5043 4995 4995
f 5043 4995 5043
f 4995 5042 5042
f 5042 4979 4979
f 5042 4979 4979
f 5042 4979 5042
f 4995 5042 5042
f 5042 4979 4979
f 5042 4979 4979
f 5042 4979 5042
f 4995 5042 4995
f 5042 4979 5042
f 4995 5042 4995
f 5042 5042 4995
f 4982 5043 5043
f 5043 4995 4995
f 5043 4995 4995
f 5043 4995 5043
f 4995 5042 5042
f 5042 4979 4979
f 5042 4979 4979
f 5042 4979 5042
f 4995 5042 5042
f 5042 4979 4979
f 5042 4979 4979
f 5042 4979 5042
f 4995 5042 4995
f 5042 4979 5042
f 4995 5042 4995
f 5042 5042 4995
f 4982 5043 4982
f 5043 4995 5043
f 4982 5043 4982
f 5043 5043 4982
f 4995 5042 4995
f 5042 4979 5042
f 4995 5042 4995
f 5042 5042 4995
f 4982 5043 4982
f 5043 4995 5043
f 4982 5043 4982
f 5043 5043 4982
f 4995 4995 5043
f 4995 4995 5043
f 5043 5043 4982
f 4995 5043 5043
f 4980 5068 5077
f 5068 5002 5079
f 5077 5079 5005
f 5068 5079 5077
f 5002 5069 5087
f 5069 4984 5085
f 5087 5085 5007
f 5069 5085 5087
f 5005 5089 5078
f 5089 5007 5086
f 5078 5086 4985
f 5089 5086 5078
f 5002 5087 5079
f 5087 5007 5089
f 5079 5089 5005
f 5087 5089 5079
f 4984 5066 5071
f 5066 5001 5073
f 5071 5073 5003
f 5066 5073 5071
f 5001 5065 5067
f 5065 4977 5039
f 5067 5039 4994
f 5065 5039 5067
f 5003 5072 5070
f 5072 4994 5040
f 5070 5040 4982
f 5072 5040 5070
f 5001 5067 5073
f 5067 4994 5072
f 5073 5072 5003
f 5067 5072 5073
f 4985 5081 5075
f 5081 5006 5084
f 5075 5084 5004
f 5081 5084 5075
f 5006 5080 5082
f 5080 4982 5043
f 5082 5043 4995
f 5080 5043 5082
f 5004 5076 5074
f 5076 4995 5042
f 5074 5042 4979
f 5076 5042 5074
f 5006 5082 5084
f 5082 4995 5076
f 5084 5076 5004
f 5082 5076 5084
f 4984 5071 5085
f 5071 5003 5088
f 5085 5088 5007
f 5071 5088 5085
f 5003 5070 5083
f 5070 4982 5080
f 5083 5080 5006
f 5070 5080 5083
f 5007 5090 5086
f 5090 5006 5081
f 5086 5081 4985
f 5090 5081 5086
f 5003 5083 5088
f 5083 5006 5090
f 5088 5090 5007
f 5083 5090 5088
f 4980 5077 5077
f 5077 5005 5005
f 5077 5005 5005
f 5077 5005 5077
f 5005 5078 5078
f 5078 4985 4985
f 5078 4985 4985
f 5078 4985 5078
f 5005 5078 5078
f 5078 4985 4985
f 5078 4985 4985
f 5078 4985 5078
f 5005 5078 5005
f 5078 4985 5078
f 5005 5078 5005
f 5078 5078 5005
f 4985 5075 5075
f 5075 5004 5004
f 5075 5004 5004
f 5075 5004 5075
f 5004 5074 5074
f 5074 4979 4979
f 5074 4979 4979
f 5074 4979 5074
f 5004 5074 5074
f 5074 4979 4979
f 5074 4979 4979
f 5074 4979 5074
f 5004 5074 5004
f 5074 4979 5074
f 5004 5074 5004
f 5074 5074 5004
f 4985 5075 5075
f 5075 5004 5004
f 5075 5004 5004
f 5075 5004 5075
f 5004 5074 5074
f 5074 4979 4979
f 5074 4979 4979
f 5074 4979 5074
f 5004 5074 5074
f 5074 4979 4979
f 5074 4979 4979
f 5074 4979 5074
f 5004 5074 5004
f 5074 4979 5074
f 5004 5074 5004
f 5074 5074 5004
f 4985 5075 4985
f 5075 5004 5075
f 4985 5075 4985
f 5075 5075 4985
f 5004 5074 5004
f 5074 4979 5074
f 5004 5074 5004
f 5074 5074 5004
f 4985 5075 4985
f 5075 5004 5075
f 4985 5075 4985
f 5075 5075 4985
f 5004 5004 5075
f 5004 5004 5075
f 5075 5075 4985
f 5004 5075 5075
f 711 5103 5094
f 5103 5012 5105
f 5094 5105 5009
f 5103 5105 5094
f 5012 5104 5115
f 5104 4987 5112
f 5115 5112 5014
f 5104 5112 5115
f 5009 5113 5095
f 5113 5014 5111
f 5095 5111 4986
f 5113 5111 5095
f 5012 5115 5105
f 5115 5014 5113
f 5105 5113 5009
f 5115 5113 5105
f 4987 5101 5107
f 5101 5011 5110
f 5107 5110 5013
f 5101 5110 5107
f 5011 5100 5102
f 5100 4980 5077
f 5102 5077 5005
f 5100 5077 5102
f 5013 5108 5106
f 5108 5005 5078
f 5106 5078 4985
f 5108 5078 5106
f 5011 5102 5110
f 5102 5005 5108
f 5110 5108 5013
f 5102 5108 5110
f 4986 5097 5092
f 5097 5010 5099
f 5092 5099 5008
f 5097 5099 5092
f 5010 5096 5098
f 5096 4985 5075
f 5098 5075 5004
f 5096 5075 5098
f 5008 5093 5091
f 5093 5004 5074
f 5091 5074 4979
f 5093 5074 5091
f 5010 5098 5099
f 5098 5004 5093
f 5099 5093 5008
f 5098 5093 5099
f 4987 5107 5112
f 5107 5013 5116
f 5112 5116 5014
f 5107 5116 5112
f 5013 5106 5109
f 5106 4985 5096
f 5109 5096 5010
f 5106 5096 5109
f 5014 5114 5111
f 5114 5010 5097
f 5111 5097 4986
f 5114 5097 5111
f 5013 5109 5116
f 5109 5010 5114
f 5116 5114 5014
f 5109 5114 5116
f 711 5094 5094
f 5094 5009 5009
f 5094 5009 5009
f 5094 5009 5094
f 5009 5095 5095
f 5095 4986 4986
f 5095 4986 4986
f 5095 4986 5095
f 5009 5095 5095
f 5095 4986 4986
f 5095 4986 4986
f 5095 4986 5095
f 5009 5095 5009
f 5095 4986 5095
f 5009 5095 5009
f 5095 5095 5009
f 4986 5092 5092
f 5092 5008 5008
f 5092 5008 5008
f 5092 5008 5092
f 5008 5091 5091
f 5091 4979 4979
f 5091 4979 4979
f 5091 4979 5091
f 5008 5091 5091
f 5091 4979 4979
f 5091 4979 4979
f 5091 4979 5091
f 5008 5091 5008
f 5091 4979 5091
f 5008 5091 5008
f 5091 5091 5008
f 4986 5092 5092
f 5092 5008 5008
f 5092 5008 5008
f 5092 5008 5092
f 5008 5091 5091
f 5091 4979 4979
f 5091 4979 4979
f 5091 4979 5091
f 5008 5091 5091
f 5091 4979 4979
f 5091 4979 4979
f 5091 4979 5091
f 5008 5091 5008
f 5091 4979 5091
f 5008 5091 5008
f 5091 5091 5008
f 4986 5092 4986
f 5092 5008 5092
f 4986 5092 4986
f 5092 5092 4986
f 5008 5091 5008
f 5091 4979 5091
f 5008 5091 5008
f 5091 5091 5008
f 4986 5092 4986
f 5092 5008 5092
f 4986 5092 4986
f 5092 5092 4986
f 5008 5008 5092
f 5008 5008 5092
f 5092 5092 4986
f 5008 5092 5092
f 709 5120 2122
f 5120 5016 5148
f 2122 5148 1074
f 5120 5148 2122
f 5016 5121 5152
f 5121 4988 5150
f 5152 5150 5023
f 5121 5150 5152
f 1074 5154 2123
f 5154 5023 5151
f 2123 5151 791
f 5154 5151 2123
f 5016 5152 5148
f 5152 5023 5154
f 5148 5154 1074
f 5152 5154 5148
f 4988 5118 5144
f 5118 5015 5146
f 5144 5146 5022
f 5118 5146 5144
f 5015 5117 5141
f 5117 4979 5139
f 5141 5139 5020
f 5117 5139 5141
f 5022 5147 5145
f 5147 5020 5140
f 5145 5140 4989
f 5147 5140 5145
f 5015 5141 5146
f 5141 5020 5147
f 5146 5147 5022
f 5141 5147 5146
f 791 5156 2120
f 5156 5024 5159
f 2120 5159 1073
f 5156 5159 2120
f 5024 5155 5157
f 5155 4989 5143
f 5157 5143 5021
f 5155 5143 5157
f 1073 5149 2119
f 5149 5021 5142
f 2119 5142 708
f 5149 5142 2119
f 5024 5157 5159
f 5157 5021 5149
f 5159 5149 1073
f 5157 5149 5159
f 4988 5144 5150
f 5144 5022 5153
f 5150 5153 5023
f 5144 5153 5150
f 5022 5145 5158
f 5145 4989 5155
f 5158 5155 5024
f 5145 5155 5158
f 5023 5160 5151
f 5160 5024 5156
f 5151 5156 791
f 5160 5156 5151
f 5022 5158 5153
f 5158 5024 5160
f 5153 5160 5023
f 5158 5160 5153
f 709 2122 2122
f 2122 1074 1074
f 2122 1074 1074
f 2122 1074 2122
f 1074 2123 2123
f 2123 791 791
f 2123 791 791
f 2123 791 2123
f 1074 2123 2123
f 2123 791 791
f 2123 791 791
f 2123 791 2123
f 1074 2123 1074
f 2123 791 2123
f 1074 2123 1074
f 2123 2123 1074
f 791 2120 2120
f 2120 1073 1073
f 2120 1073 1073
f 2120 1073 2120
f 1073 2119 2119
f 2119 708 708
f 2119 708 708
f 2119 708 2119
f 1073 2119 2119
f 2119 708 708
f 2119 708 708
f 2119 708 2119
f 1073 2119 1073
f 2119 708 2119
f 1073 2119 1073
f 2119 2119 1073
f 791 2120 2120
f 2120 1073 1073
f 2120 1073 1073
f 2120 1073 2120
f 1073 2119 2119
f 2119 708 708
f 2119 708 708
f 2119 708 2119
f 1073 2119 2119
f 2119 708 708
f 2119 708 708
f 2119 708 2119
f 1073 2119 1073
f 2119 708 2119
f 1073 2119 1073
f 2119 2119 1073
f 791 2120 791
f 2120 1073 2120
f 791 2120 791
f 2120 2120 791
f 1073 2119 1073
f 2119 708 2119
f 1073 2119 1073
f 2119 2119 1073
f 791 2120 791
f 2120 1073 2120
f 791 2120 791
f 2120 2120 791
f 1073 1073 2120
f 1073 1073 2120
f 2120 2120 791
f 1073 2120 2120
f 680 5164 1321
f 5164 5026 5192
f 1321 5192 860
f 5164 5192 1321
f 5026 5165 5196
f 5165 4990 5194
f 5196 5194 5033
f 5165 5194 5196
f 860 5198 1322
f 5198 5033 5195
f 1322 5195 731
f 5198 5195 1322
f 5026 5196 5192
f 5196 5033 5198
f 5192 5198 860
f 5196 5198 5192
f 4990 5162 5188
f 5162 5025 5190
f 5188 5190 5032
f 5162 5190 5188
f 5025 5161 5185
f 5161 4979 5183
f 5185 5183 5030
f 5161 5183 5185
f 5032 5191 5189
f 5191 5030 5184
f 5189 5184 4991
f 5191 5184 5189
f 5025 5185 5190
f 5185 5030 5191
f 5190 5191 5032
f 5185 5191 5190
f 731 5200 1325
f 5200 5034 5203
f 1325 5203 861
f 5200 5203 1325
f 5034 5199 5201
f 5199 4991 5187
f 5201 5187 5031
f 5199 5187 5201
f 861 5193 1324
f 5193 5031 5186
f 1324 5186 681
f 5193 5186 1324
f 5034 5201 5203
f 5201 5031 5193
f 5203 5193 861
f 5201 5193 5203
f 4990 5188 5194
f 5188 5032 5197
f 5194 5197 5033
f 5188 5197 5194
f 5032 5189 5202
f 5189 4991 5199
f 5202 5199 5034
f 5189 5199 5202
f 5033 5204 5195
f 5204 5034 5200
f 5195 5200 731
f 5204 5200 5195
f 5032 5202 5197
f 5202 5034 5204
f 5197 5204 5033
f 5202 5204 5197
f 680 1321 1321
f 1321 860 860
f 1321 860 860
f 1321 860 1321
f 860 1322 1322
f 1322 731 731
f 1322 731 731
f 1322 731 1322
f 860 1322 1322
f 1322 731 731
f 1322 731 731
f 1322 731 1322
f 860 1322 860
f 1322 731 1322
f 860 1322 860
f 1322 1322 860
f 731 1325 1325
f 1325 861 861
f 1325 861 861
f 1325 861 1325
f 861 1324 1324
f 1324 681 681
f 1324 681 681
f 1324 681 1324
f 861 1324 1324
f 1324 681 681
f 1324 681 681
f 1324 681 1324
f 861 1324 861
f 1324 681 1324
f 861 1324 861
f 1324 1324 861
f 731 1325 1325
f 1325 861 861
f 1325 861 861
f 1325 861 1325
f 861 1324 1324
f 1324 681 681
f 1324 681 681
f 1324 681 1324
f 861 1324 1324
f 1324 681 681
f 1324 681 681
f 1324 681 1324
f 861 1324 861
f 1324 681 1324
f 861 1324 861
f 1324 1324 861
f 731 1325 731
f 1325 861 1325
f 731 1325 731
f 1325 1325 731
f 861 1324 861
f 1324 681 1324
f 861 1324 861
f 1324 1324 861
f 731 1325 731
f 1325 861 1325
f 731 1325 731
f 1325 1325 731
f 861 861 1325
f 861 861 1325
f 1325 1325 731
f 861 1325 1325
f 711 5094 2196
f 5094 5009 5126
f 2196 5126 1093
f 5094 5126 2196
f 5009 5095 5130
f 5095 4986 5128
f 5130 5128 5018
f 5095 5128 5130
f 1093 5132 2197
f 5132 5018 5129
f 2197 5129 796
f 5132 5129 2197
f 5009 5130 5126
f 5130 5018 5132
f 5126 5132 1093
f 5130 5132 5126
f 4986 5092 5122
f 5092 5008 5124
f 5122 5124 5017
f 5092 5124 5122
f 5008 5091 5119
f 5091 4979 5117
f 5119 5117 5015
f 5091 5117 5119
f 5017 5125 5123
f 5125 5015 5118
f 5123 5118 4988
f 5125 5118 5123
f 5008 5119 5124
f 5119 5015 5125
f 5124 5125 5017
f 5119 5125 5124
f 796 5134 2194
f 5134 5019 5137
f 2194 5137 1092
f 5134 5137 2194
f 5019 5133 5135
f 5133 4988 5121
f 5135 5121 5016
f 5133 5121 5135
f 1092 5127 2193
f 5127 5016 5120
f 2193 5120 709
f 5127 5120 2193
f 5019 5135 5137
f 5135 5016 5127
f 5137 5127 1092
f 5135 5127 5137
f 4986 5122 5128
f 5122 5017 5131
f 5128 5131 5018
f 5122 5131 5128
f 5017 5123 5136
f 5123 4988 5133
f 5136 5133 5019
f 5123 5133 5136
f 5018 5138 5129
f 5138 5019 5134
f 5129 5134 796
f 5138 5134 5129
f 5017 5136 5131
f 5136 5019 5138
f 5131 5138 5018
f 5136 5138 5131
f 711 2196 2196
f 2196 1093 1093
f 2196 1093 1093
f 2196 1093 2196
f 1093 2197 2197
f 2197 796 796
f 2197 796 796
f 2197 796 2197
f 1093 2197 2197
f 2197 796 796
f 2197 796 796
f 2197 796 2197
f 1093 2197 1093
f 2197 796 2197
f 1093 2197 1093
f 2197 2197 1093
f 796 2194 2194
f 2194 1092 1092
f 2194 1092 1092
f 2194 1092 2194
f 1092 2193 2193
f 2193 709 709
f 2193 709 709
f 2193 709 2193
f 1092 2193 2193
f 2193 709 709
f 2193 709 709
f 2193 709 2193
f 1092 2193 1092
f 2193 709 2193
f 1092 2193 1092
f 2193 2193 1092
f 796 2194 2194
f 2194 1092 1092
f 2194 1092 1092
f 2194 1092 2194
f 1092 2193 2193
f 2193 709 709
f 2193 709 709
f 2193 709 2193
f 1092 2193 2193
f 2193 709 709
f 2193 709 709
f 2193 709 2193
f 1092 2193 1092
f 2193 709 2193
f 1092 2193 1092
f 2193 2193 1092
f 796 2194 796
f 2194 1092 2194
f 796 2194 796
f 2194 2194 796
f 1092 2193 1092
f 2193 709 2193
f 1092 2193 1092
f 2193 2193 1092
f 796 2194 796
f 2194 1092 2194
f 796 2194 796
f 2194 2194 796
f 1092 1092 2194
f 1092 1092 2194
f 2194 2194 796
f 1092 2194 2194
f 4979 5161 5139
f 5161 5025 5163
f 5139 5163 5020
f 5161 5163 5139
f 5025 5162 5169
f 5162 4990 5167
f 5169 5167 5027
f 5162 5167 5169
f 5020 5168 5140
f 5168 5027 5166
f 5140 5166 4989
f 5168 5166 5140
f 5025 5169 5163
f 5169 5027 5168
f 5163 5168 5020
f 5169 5168 5163
f 4990 5165 5177
f 5165 5026 5179
f 5177 5179 5029
f 5165 5179 5177
f 5026 5164 5171
f 5164 680 2093
f 5171 2093 1066
f 5164 2093 5171
f 5029 5181 5178
f 5181 1066 2094
f 5178 2094 789
f 5181 2094 5178
f 5026 5171 5179
f 5171 1066 5181
f 5179 5181 5029
f 5171 5181 5179
f 4989 5172 5143
f 5172 5028 5174
f 5143 5174 5021
f 5172 5174 5143
f 5028 5173 5176
f 5173 789 2097
f 5176 2097 1067
f 5173 2097 5176
f 5021 5170 5142
f 5170 1067 2096
f 5142 2096 708
f 5170 2096 5142
f 5028 5176 5174
f 5176 1067 5170
f 5174 5170 5021
f 5176 5170 5174
f 4990 5177 5167
f 5177 5029 5180
f 5167 5180 5027
f 5177 5180 5167
f 5029 5178 5182
f 5178 789 5173
f 5182 5173 5028
f 5178 5173 5182
f 5027 5175 5166
f 5175 5028 5172
f 5166 5172 4989
f 5175 5172 5166
f 5029 5182 5180
f 5182 5028 5175
f 5180 5175 5027
f 5182 5175 5180
f 4979 5139 5139
f 5139 5020 5020
f 5139 5020 5020
f 5139 5020 5139
f 5020 5140 5140
f 5140 4989 4989
f 5140 4989 4989
f 5140 4989 5140
f 5020 5140 5140
f 5140 4989 4989
f 5140 4989 4989
f 5140 4989 5140
f 5020 5140 5020
f 5140 4989 5140
f 5020 5140 5020
f 5140 5140 5020
f 4989 5143 5143
f 5143 5021 5021
f 5143 5021 5021
f 5143 5021 5143
f 5021 5142 5142
f 5142 708 708
f 5142 708 708
f 5142 708 5142
f 5021 5142 5142
f 5142 708 708
f 5142 708 708
f 5142 708 5142
f 5021 5142 5021
f 5142 708 5142
f 5021 5142 5021
f 5142 5142 5021
f 4989 5143 5143
f 5143 5021 5021
f 5143 5021 5021
f 5143 5021 5143
f 5021 5142 5142
f 5142 708 708
f 5142 708 708
f 5142 708 5142
f 5021 5142 5142
f 5142 708 708
f 5142 708 708
f 5142 708 5142
f 5021 5142 5021
f 5142 708 5142
f 5021 5142 5021
f 5142 5142 5021
f 4989 5143 4989
f 5143 5021 5143
f 4989 5143 4989
f 5143 5143 4989
f 5021 5142 5021
f 5142 708 5142
f 5021 5142 5021
f 5142 5142 5021
f 4989 5143 4989
f 5143 5021 5143
f 4989 5143 4989
f 5143 5143 4989
f 5021 5021 5143
f 5021 5021 5143
f 5143 5143 4989
f 5021 5143 5143
f 4977 5225 5229
f 5225 5211 5231
f 5229 5231 5213
f 5225 5231 5229
f 5211 5226 5236
f 5226 5207 5234
f 5236 5234 5215
f 5226 5234 5236
f 5213 5237 5230
f 5237 5215 5235
f 5230 5235 5208
f 5237 5235 5230
f 5211 5236 5231
f 5236 5215 5237
f 5231 5237 5213
f 5236 5237 5231
f 5207 5228 5244
f 5228 5212 5246
f 5244 5246 5218
f 5228 5246 5244
f 5212 5227 5240
f 5227 5205 5238
f 5240 5238 5216
f 5227 5238 5240
f 5218 5248 5245
f 5248 5216 5239
f 5245 5239 5209
f 5248 5239 5245
f 5212 5240 5246
f 5240 5216 5248
f 5246 5248 5218
f 5240 5248 5246
f 5208 5249 5233
f 5249 5219 5251
f 5233 5251 5214
f 5249 5251 5233
f 5219 5250 5253
f 5250 5209 5242
f 5253 5242 5217
f 5250 5242 5253
f 5214 5243 5232
f 5243 5217 5241
f 5232 5241 5206
f 5243 5241 5232
f 5219 5253 5251
f 5253 5217 5243
f 5251 5243 5214
f 5253 5243 5251
f 5207 5244 5234
f 5244 5218 5247
f 5234 5247 5215
f 5244 5247 5234
f 5218 5245 5254
f 5245 5209 5250
f 5254 5250 5219
f 5245 5250 5254
f 5215 5252 5235
f 5252 5219 5249
f 5235 5249 5208
f 5252 5249 5235
f 5218 5254 5247
f 5254 5219 5252
f 5247 5252 5215
f 5254 5252 5247
f 4977 5229 5229
f 5229 5213 5213
f 5229 5213 5213
f 5229 5213 5229
f 5213 5230 5230
f 5230 5208 5208
f 5230 5208 5208
f 5230 5208 5230
f 5213 5230 5230
f 5230 5208 5208
f 5230 5208 5208
f 5230 5208 5230
f 5213 5230 5213
f 5230 5208 5230
f 5213 5230 5213
f 5230 5230 5213
f 5208 5233 5233
f 5233 5214 5214
f 5233 5214 5214
f 5233 5214 5233
f 5214 5232 5232
f 5232 5206 5206
f 5232 5206 5206
f 5232 5206 5232
f 5214 5232 5232
f 5232 5206 5206
f 5232 5206 5206
f 5232 5206 5232
f 5214 5232 5214
f 5232 5206 5232
f 5214 5232 5214
f 5232 5232 5214
f 5208 5233 5233
f 5233 5214 5214
f 5233 5214 5214
f 5233 5214 5233
f 5214 5232 5232
f 5232 5206 5206
f 5232 5206 5206
f 5232 5206 5232
f 5214 5232 5232
f 5232 5206 5206
f 5232 5206 5206
f 5232 5206 5232
f 5214 5232 5214
f 5232 5206 5232
f 5214 5232 5214
f 5232 5232 5214
f 5208 5233 5208
f 5233 5214 5233
f 5208 5233 5208
f 5233 5233 5208
f 5214 5232 5214
f 5232 5206 5232
f 5214 5232 5214
f 5232 5232 5214
f 5208 5233 5208
f 5233 5214 5233
f 5208 5233 5208
f 5233 5233 5208
f 5214 5214 5233
f 5214 5214 5233
f 5233 5233 5208
f 5214 5233 5233
f 4978 5037 5263
f 5037 4993 5265
f 5263 5265 5222
f 5037 5265 5263
f 4993 5038 5273
f 5038 4981 5271
f 5273 5271 5224
f 5038 5271 5273
f 5222 5275 5264
f 5275 5224 5272
f 5264 5272 5210
f 5275 5272 5264
f 4993 5273 5265
f 5273 5224 5275
f 5265 5275 5222
f 5273 5275 5265
f 4981 5036 5257
f 5036 4992 5259
f 5257 5259 5220
f 5036 5259 5257
f 4992 5035 5255
f 5035 4977 5229
f 5255 5229 5213
f 5035 5229 5255
f 5220 5258 5256
f 5258 5213 5230
f 5256 5230 5208
f 5258 5230 5256
f 4992 5255 5259
f 5255 5213 5258
f 5259 5258 5220
f 5255 5258 5259
f 5210 5267 5261
f 5267 5223 5270
f 5261 5270 5221
f 5267 5270 5261
f 5223 5266 5268
f 5266 5208 5233
f 5268 5233 5214
f 5266 5233 5268
f 5221 5262 5260
f 5262 5214 5232
f 5260 5232 5206
f 5262 5232 5260
f 5223 5268 5270
f 5268 5214 5262
f 5270 5262 5221
f 5268 5262 5270
f 4981 5257 5271
f 5257 5220 5274
f 5271 5274 5224
f 5257 5274 5271
f 5220 5256 5269
f 5256 5208 5266
f 5269 5266 5223
f 5256 5266 5269
f 5224 5276 5272
f 5276 5223 5267
f 5272 5267 5210
f 5276 5267 5272
f 5220 5269 5274
f 5269 5223 5276
f 5274 5276 5224
f 5269 5276 5274
f 4978 5263 5263
f 5263 5222 5222
f 5263 5222 5222
f 5263 5222 5263
f 5222 5264 5264
f 5264 5210 5210
f 5264 5210 5210
f 5264 5210 5264
f 5222 5264 5264
f 5264 5210 5210
f 5264 5210 5210
f 5264 5210 5264
f 5222 5264 5222
f 5264 5210 5264
f 5222 5264 5222
f 5264 5264 5222
f 5210 5261 5261
f 5261 5221 5221
f 5261 5221 5221
f 5261 5221 5261
f 5221 5260 5260
f 5260 5206 5206
f 5260 5206 5206
f 5260 5206 5260
f 5221 5260 5260
f 5260 5206 5206
f 5260 5206 5206
f 5260 5206 5260
f 5221 5260 5221
f 5260 5206 5260
f 5221 5260 5221
f 5260 5260 5221
f 5210 5261 5261
f 5261 5221 5221
f 5261 5221 5221
f 5261 5221 5261
f 5221 5260 5260
f 5260 5206 5206
f 5260 5206 5206
f 5260 5206 5260
f 5221 5260 5260
f 5260 5206 5206
f 5260 5206 5206
f 5260 5206 5260
f 5221 5260 5221
f 5260 5206 5260
f 5221 5260 5221
f 5260 5260 5221
f 5210 5261 5210
f 5261 5221 5261
f 5210 5261 5210
f 5261 5261 5210
f 5221 5260 5221
f 5260 5206 5260
f 5221 5260 5221
f 5260 5260 5221
f 5210 5261 5210
f 5261 5221 5261
f 5210 5261 5210
f 5261 5261 5210
f 5221 5221 5261
f 5221 5221 5261
f 5261 5261 5210
f 5221 5261 5261
f 4980 5311 5068
f 5311 5284 5315
f 5068 5315 5002
f 5311 5315 5068
f 5284 5312 5318
f 5312 5278 5316
f 5318 5316 5286
f 5312 5316 5318
f 5002 5319 5069
f 5319 5286 5317
f 5069 5317 4984
f 5319 5317 5069
f 5284 5318 5315
f 5318 5286 5319
f 5315 5319 5002
f 5318 5319 5315
f 5278 5314 5326
f 5314 5285 5328
f 5326 5328 5289
f 5314 5328 5326
f 5285 5313 5322
f 5313 5277 5320
f 5322 5320 5287
f 5313 5320 5322
f 5289 5330 5327
f 5330 5287 5321
f 5327 5321 5279
f 5330 5321 5327
f 5285 5322 5328
f 5322 5287 5330
f 5328 5330 5289
f 5322 5330 5328
f 4984 5331 5066
f 5331 5290 5333
f 5066 5333 5001
f 5331 5333 5066
f 5290 5332 5335
f 5332 5279 5324
f 5335 5324 5288
f 5332 5324 5335
f 5001 5325 5065
f 5325 5288 5323
f 5065 5323 4977
f 5325 5323 5065
f 5290 5335 5333
f 5335 5288 5325
f 5333 5325 5001
f 5335 5325 5333
f 5278 5326 5316
f 5326 5289 5329
f 5316 5329 5286
f 5326 5329 5316
f 5289 5327 5336
f 5327 5279 5332
f 5336 5332 5290
f 5327 5332 5336
f 5286 5334 5317
f 5334 5290 5331
f 5317 5331 4984
f 5334 5331 5317
f 5289 5336 5329
f 5336 5290 5334
f 5329 5334 5286
f 5336 5334 5329
f 4980 5068 5068
f 5068 5002 5002
f 5068 5002 5002
f 5068 5002 5068
f 5002 5069 5069
f 5069 4984 4984
f 5069 4984 4984
f 5069 4984 5069
f 5002 5069 5069
f 5069 4984 4984
f 5069 4984 4984
f 5069 4984 5069
f 5002 5069 5002
f 5069 4984 5069
f 5002 5069 5002
f 5069 5069 5002
f 4984 5066 5066
f 5066 5001 5001
f 5066 5001 5001
f 5066 5001 5066
f 5001 5065 5065
f 5065 4977 4977
f 5065 4977 4977
f 5065 4977 5065
f 5001 5065 5065
f 5065 4977 4977
f 5065 4977 4977
f 5065 4977 5065
f 5001 5065 5001
f 5065 4977 5065
f 5001 5065 5001
f 5065 5065 5001
f 4984 5066 5066
f 5066 5001 5001
f 5066 5001 5001
f 5066 5001 5066
f 5001 5065 5065
f 5065 4977 4977
f 5065 4977 4977
f 5065 4977 5065
f 5001 5065 5065
f 5065 4977 4977
f 5065 4977 4977
f 5065 4977 5065
f 5001 5065 5001
f 5065 4977 5065
f 5001 5065 5001
f 5065 5065 5001
f 4984 5066 4984
f 5066 5001 5066
f 4984 5066 4984
f 5066 5066 4984
f 5001 5065 5001
f 5065 4977 5065
f 5001 5065 5001
f 5065 5065 5001
f 4984 5066 4984
f 5066 5001 5066
f 4984 5066 4984
f 5066 5066 4984
f 5001 5001 5066
f 5001 5001 5066
f 5066 5066 4984
f 5001 5066 5066
f 5277 5337 5320
f 5337 5291 5339
f 5320 5339 5287
f 5337 5339 5320
f 5291 5338 5345
f 5338 5280 5343
f 5345 5343 5293
f 5338 5343 5345
f 5287 5344 5321
f 5344 5293 5342
f 5321 5342 5279
f 5344 5342 5321
f 5291 5345 5339
f 5345 5293 5344
f 5339 5344 5287
f 5345 5344 5339
f 5280 5341 5353
f 5341 5292 5355
f 5353 5355 5295
f 5341 5355 5353
f 5292 5340 5347
f 5340 5205 5227
f 5347 5227 5212
f 5340 5227 5347
f 5295 5357 5354
f 5357 5212 5228
f 5354 5228 5207
f 5357 5228 5354
f 5292 5347 5355
f 5347 5212 5357
f 5355 5357 5295
f 5347 5357 5355
f 5279 5348 5324
f 5348 5294 5350
f 5324 5350 5288
f 5348 5350 5324
f 5294 5349 5352
f 5349 5207 5226
f 5352 5226 5211
f 5349 5226 5352
f 5288 5346 5323
f 5346 5211 5225
f 5323 5225 4977
f 5346 5225 5323
f 5294 5352 5350
f 5352 5211 5346
f 5350 5346 5288
f 5352 5346 5350
f 5280 5353 5343
f 5353 5295 5356
f 5343 5356 5293
f 5353 5356 5343
f 5295 5354 5358
f 5354 5207 5349
f 5358 5349 5294
f 5354 5349 5358
f 5293 5351 5342
f 5351 5294 5348
f 5342 5348 5279
f 5351 5348 5342
f 5295 5358 5356
f 5358 5294 5351
f 5356 5351 5293
f 5358 5351 5356
f 5277 5320 5320
f 5320 5287 5287
f 5320 5287 5287
f 5320 5287 5320
f 5287 5321 5321
f 5321 5279 5279
f 5321 5279 5279
f 5321 5279 5321
f 5287 5321 5321
f 5321 5279 5279
f 5321 5279 5279
f 5321 5279 5321
f 5287 5321 5287
f 5321 5279 5321
f 5287 5321 5287
f 5321 5321 5287
f 5279 5324 5324
f 5324 5288 5288
f 5324 5288 5288
f 5324 5288 5324
f 5288 5323 5323
f 5323 4977 4977
f 5323 4977 4977
f 5323 4977 5323
f 5288 5323 5323
f 5323 4977 4977
f 5323 4977 4977
f 5323 4977 5323
f 5288 5323 5288
f 5323 4977 5323
f 5288 5323 5288
f 5323 5323 5288
f 5279 5324 5324
f 5324 5288 5288
f 5324 5288 5288
f 5324 5288 5324
f 5288 5323 5323
f 5323 4977 4977
f 5323 4977 4977
f 5323 4977 5323
f 5288 5323 5323
f 5323 4977 4977
f 5323 4977 4977
f 5323 4977 5323
f 5288 5323 5288
f 5323 4977 5323
f 5288 5323 5288
f 5323 5323 5288
f 5279 5324 5279
f 5324 5288 5324
f 5279 5324 5279
f 5324 5324 5279
f 5288 5323 5288
f 5323 4977 5323
f 5288 5323 5288
f 5323 5323 5288
f 5279 5324 5279
f 5324 5288 5324
f 5279 5324 5279
f 5324 5324 5279
f 5288 5288 5324
f 5288 5288 5324
f 5324 5324 5279
f 5288 5324 5324
f 692 5371 5362
f 5371 5300 5373
f 5362 5373 5297
f 5371 5373 5362
f 5300 5372 5383
f 5372 5282 5380
f 5383 5380 5302
f 5372 5380 5383
f 5297 5381 5363
f 5381 5302 5379
f 5363 5379 5281
f 5381 5379 5363
f 5300 5383 5373
f 5383 5302 5381
f 5373 5381 5297
f 5383 5381 5373
f 5282 5369 5375
f 5369 5299 5378
f 5375 5378 5301
f 5369 5378 5375
f 5299 5368 5370
f 5368 5277 5313
f 5370 5313 5285
f 5368 5313 5370
f 5301 5376 5374
f 5376 5285 5314
f 5374 5314 5278
f 5376 5314 5374
f 5299 5370 5378
f 5370 5285 5376
f 5378 5376 5301
f 5370 5376 5378
f 5281 5365 5360
f 5365 5298 5367
f 5360 5367 5296
f 5365 5367 5360
f 5298 5364 5366
f 5364 5278 5312
f 5366 5312 5284
f 5364 5312 5366
f 5296 5361 5359
f 5361 5284 5311
f 5359 5311 4980
f 5361 5311 5359
f 5298 5366 5367
f 5366 5284 5361
f 5367 5361 5296
f 5366 5361 5367
f 5282 5375 5380
f 5375 5301 5384
f 5380 5384 5302
f 5375 5384 5380
f 5301 5374 5377
f 5374 5278 5364
f 5377 5364 5298
f 5374 5364 5377
f 5302 5382 5379
f 5382 5298 5365
f 5379 5365 5281
f 5382 5365 5379
f 5301 5377 5384
f 5377 5298 5382
f 5384 5382 5302
f 5377 5382 5384
f 692 5362 5362
f 5362 5297 5297
f 5362 5297 5297
f 5362 5297 5362
f 5297 5363 5363
f 5363 5281 5281
f 5363 5281 5281
f 5363 5281 5363
f 5297 5363 5363
f 5363 5281 5281
f 5363 5281 5281
f 5363 5281 5363
f 5297 5363 5297
f 5363 5281 5363
f 5297 5363 5297
f 5363 5363 5297
f 5281 5360 5360
f 5360 5296 5296
f 5360 5296 5296
f 5360 5296 5360
f 5296 5359 5359
f 5359 4980 4980
f 5359 4980 4980
f 5359 4980 5359
f 5296 5359 5359
f 5359 4980 4980
f 5359 4980 4980
f 5359 4980 5359
f 5296 5359 5296
f 5359 4980 5359
f 5296 5359 5296
f 5359 5359 5296
f 5281 5360 5360
f 5360 5296 5296
f 5360 5296 5296
f 5360 5296 5360
f 5296 5359 5359
f 5359 4980 4980
f 5359 4980 4980
f 5359 4980 5359
f 5296 5359 5359
f 5359 4980 4980
f 5359 4980 4980
f 5359 4980 5359
f 5296 5359 5296
f 5359 4980 5359
f 5296 5359 5296
f 5359 5359 5296
f 5281 5360 5281
f 5360 5296 5360
f 5281 5360 5281
f 5360 5360 5281
f 5296 5359 5296
f 5359 4980 5359
f 5296 5359 5296
f 5359 5359 5296
f 5281 5360 5281
f 5360 5296 5360
f 5281 5360 5281
f 5360 5360 5281
f 5296 5296 5360
f 5296 5296 5360
f 5360 5360 5281
f 5296 5360 5360
f 701 1844 5388
f 1844 1001 5395
f 5388 5395 5304
f 1844 5395 5388
f 1001 1845 5405
f 1845 771 5402
f 5405 5402 5307
f 1845 5402 5405
f 5304 5403 5389
f 5403 5307 5401
f 5389 5401 5283
f 5403 5401 5389
f 1001 5405 5395
f 5405 5307 5403
f 5395 5403 5304
f 5405 5403 5395
f 771 1842 5397
f 1842 1000 5400
f 5397 5400 5306
f 1842 5400 5397
f 1000 1841 5394
f 1841 692 5362
f 5394 5362 5297
f 1841 5362 5394
f 5306 5398 5396
f 5398 5297 5363
f 5396 5363 5281
f 5398 5363 5396
f 1000 5394 5400
f 5394 5297 5398
f 5400 5398 5306
f 5394 5398 5400
f 5283 5391 5386
f 5391 5305 5393
f 5386 5393 5303
f 5391 5393 5386
f 5305 5390 5392
f 5390 5281 5360
f 5392 5360 5296
f 5390 5360 5392
f 5303 5387 5385
f 5387 5296 5359
f 5385 5359 4980
f 5387 5359 5385
f 5305 5392 5393
f 5392 5296 5387
f 5393 5387 5303
f 5392 5387 5393
f 771 5397 5402
f 5397 5306 5406
f 5402 5406 5307
f 5397 5406 5402
f 5306 5396 5399
f 5396 5281 5390
f 5399 5390 5305
f 5396 5390 5399
f 5307 5404 5401
f 5404 5305 5391
f 5401 5391 5283
f 5404 5391 5401
f 5306 5399 5406
f 5399 5305 5404
f 5406 5404 5307
f 5399 5404 5406
f 701 5388 5388
f 5388 5304 5304
f 5388 5304 5304
f 5388 5304 5388
f 5304 5389 5389
f 5389 5283 5283
f 5389 5283 5283
f 5389 5283 5389
f 5304 5389 5389
f 5389 5283 5283
f 5389 5283 5283
f 5389 5283 5389
f 5304 5389 5304
f 5389 5283 5389
f 5304 5389 5304
f 5389 5389 5304
f 5283 5386 5386
f 5386 5303 5303
f 5386 5303 5303
f 5386 5303 5386
f 5303 5385 5385
f 5385 4980 4980
f 5385 4980 4980
f 5385 4980 5385
f 5303 5385 5385
f 5385 4980 4980
f 5385 4980 4980
f 5385 4980 5385
f 5303 5385 5303
f 5385 4980 5385
f 5303 5385 5303
f 5385 5385 5303
f 5283 5386 5386
f 5386 5303 5303
f 5386 5303 5303
f 5386 5303 5386
f 5303 5385 5385
f 5385 4980 4980
f 5385 4980 4980
f 5385 4980 5385
f 5303 5385 5385
f 5385 4980 4980
f 5385 4980 4980
f 5385 4980 5385
f 5303 5385 5303
f 5385 4980 5385
f 5303 5385 5303
f 5385 5385 5303
f 5283 5386 5283
f 5386 5303 5386
f 5283 5386 5283
f 5386 5386 5283
f 5303 5385 5303
f 5385 4980 5385
f 5303 5385 5303
f 5385 5385 5303
f 5283 5386 5283
f 5386 5303 5386
f 5283 5386 5283
f 5386 5386 5283
f 5303 5303 5386
f 5303 5303 5386
f 5386 5386 5283
f 5303 5386 5386
f 711 2179 5103
f 2179 1089 5413
f 5103 5413 5012
f 2179 5413 5103
f 1089 2180 5423
f 2180 795 5420
f 5423 5420 5310
f 2180 5420 5423
f 5012 5421 5104
f 5421 5310 5419
f 5104 5419 4987
f 5421 5419 5104
f 1089 5423 5413
f 5423 5310 5421
f 5413 5421 5012
f 5423 5421 5413
f 795 2177 5415
f 2177 1088 5418
f 5415 5418 5309
f 2177 5418 5415
f 1088 2176 5412
f 2176 701 5388
f 5412 5388 5304
f 2176 5388 5412
f 5309 5416 5414
f 5416 5304 5389
f 5414 5389 5283
f 5416 5389 5414
f 1088 5412 5418
f 5412 5304 5416
f 5418 5416 5309
f 5412 5416 5418
f 4987 5409 5101
f 5409 5308 5411
f 5101 5411 5011
f 5409 5411 5101
f 5308 5408 5410
f 5408 5283 5386
f 5410 5386 5303
f 5408 5386 5410
f 5011 5407 5100
f 5407 5303 5385
f 5100 5385 4980
f 5407 5385 5100
f 5308 5410 5411
f 5410 5303 5407
f 5411 5407 5011
f 5410 5407 5411
f 795 5415 5420
f 5415 5309 5424
f 5420 5424 5310
f 5415 5424 5420
f 5309 5414 5417
f 5414 5283 5408
f 5417 5408 5308
f 5414 5408 5417
f 5310 5422 5419
f 5422 5308 5409
f 5419 5409 4987
f 5422 5409 5419
f 5309 5417 5424
f 5417 5308 5422
f 5424 5422 5310
f 5417 5422 5424
f 711 5103 5103
f 5103 5012 5012
f 5103 5012 5012
f 5103 5012 5103
f 5012 5104 5104
f 5104 4987 4987
f 5104 4987 4987
f 5104 4987 5104
f 5012 5104 5104
f 5104 4987 4987
f 5104 4987 4987
f 5104 4987 5104
f 5012 5104 5012
f 5104 4987 5104
f 5012 5104 5012
f 5104 5104 5012
f 4987 5101 5101
f 5101 5011 5011
f 5101 5011 5011
f 5101 5011 5101
f 5011 5100 5100
f 5100 4980 4980
f 5100 4980 4980
f 5100 4980 5100
f 5011 5100 5100
f 5100 4980 4980
f 5100 4980 4980
f 5100 4980 5100
f 5011 5100 5011
f 5100 4980 5100
f 5011 5100 5011
f 5100 5100 5011
f 4987 5101 5101
f 5101 5011 5011
f 5101 5011 5011
f 5101 5011 5101
f 5011 5100 5100
f 5100 4980 4980
f 5100 4980 4980
f 5100 4980 5100
f 5011 5100 5100
f 5100 4980 4980
f 5100 4980 4980
f 5100 4980 5100
f 5011 5100 5011
f 5100 4980 5100
f 5011 5100 5011
f 5100 5100 5011
f 4987 5101 4987
f 5101 5011 5101
f 4987 5101 4987
f 5101 5101 4987
f 5011 5100 5011
f 5100 4980 5100
f 5011 5100 5011
f 5100 5100 5011
f 4987 5101 4987
f 5101 5011 5101
f 4987 5101 4987
f 5101 5101 4987
f 5011 5011 5101
f 5011 5011 5101
f 5101 5101 4987
f 5011 5101 5101
f 710 5465 5469
f 5465 5433 5471
f 5469 5471 5435
f 5465 5471 5469
f 5433 5466 5476
f 5466 5426 5474
f 5476 5474 5437
f 5466 5474 5476
f 5435 5477 5470
f 5477 5437 5475
f 5470 5475 5427
f 5477 5475 5470
f 5433 5476 5471
f 5476 5437 5477
f 5471 5477 5435
f 5476 5477 5471
f 5426 5468 5480
f 5468 5434 5482
f 5480 5482 5438
f 5468 5482 5480
f 5434 5467 5478
f 5467 4979 5051
f 5478 5051 4998
f 5467 5051 5478
f 5438 5484 5481
f 5484 4998 5052
f 5481 5052 4983
f 5484 5052 5481
f 5434 5478 5482
f 5478 4998 5484
f 5482 5484 5438
f 5478 5484 5482
f 5427 5485 5473
f 5485 5439 5487
f 5473 5487 5436
f 5485 5487 5473
f 5439 5486 5489
f 5486 4983 5049
f 5489 5049 4997
f 5486 5049 5489
f 5436 5479 5472
f 5479 4997 5048
f 5472 5048 4978
f 5479 5048 5472
f 5439 5489 5487
f 5489 4997 5479
f 5487 5479 5436
f 5489 5479 5487
f 5426 5480 5474
f 5480 5438 5483
f 5474 5483 5437
f 5480 5483 5474
f 5438 5481 5490
f 5481 4983 5486
f 5490 5486 5439
f 5481 5486 5490
f 5437 5488 5475
f 5488 5439 5485
f 5475 5485 5427
f 5488 5485 5475
f 5438 5490 5483
f 5490 5439 5488
f 5483 5488 5437
f 5490 5488 5483
f 710 5469 5469
f 5469 5435 5435
f 5469 5435 5435
f 5469 5435 5469
f 5435 5470 5470
f 5470 5427 5427
f 5470 5427 5427
f 5470 5427 5470
f 5435 5470 5470
f 5470 5427 5427
f 5470 5427 5427
f 5470 5427 5470
f 5435 5470 5435
f 5470 5427 5470
f 5435 5470 5435
f 5470 5470 5435
f 5427 5473 5473
f 5473 5436 5436
f 5473 5436 5436
f 5473 5436 5473
f 5436 5472 5472
f 5472 4978 4978
f 5472 4978 4978
f 5472 4978 5472
f 5436 5472 5472
f 5472 4978 4978
f 5472 4978 4978
f 5472 4978 5472
f 5436 5472 5436
f 5472 4978 5472
f 5436 5472 5436
f 5472 5472 5436
f 5427 5473 5473
f 5473 5436 5436
f 5473 5436 5436
f 5473 5436 5473
f 5436 5472 5472
f 5472 4978 4978
f 5472 4978 4978
f 5472 4978 5472
f 5436 5472 5472
f 5472 4978 4978
f 5472 4978 4978
f 5472 4978 5472
f 5436 5472 5436
f 5472 4978 5472
f 5436 5472 5436
f 5472 5472 5436
f 5427 5473 5427
f 5473 5436 5473
f 5427 5473 5427
f 5473 5473 5427
f 5436 5472 5436
f 5472 4978 5472
f 5436 5472 5436
f 5472 5472 5436
f 5427 5473 5427
f 5473 5436 5473
f 5427 5473 5427
f 5473 5473 5427
f 5436 5436 5473
f 5436 5436 5473
f 5473 5473 5427
f 5436 5473 5473
f 4978 5500 5472
f 5500 5443 5502
f 5472 5502 5436
f 5500 5502 5472
f 5443 5501 5510
f 5501 5429 5507
f 5510 5507 5445
f 5501 5507 5510
f 5436 5508 5473
f 5508 5445 5506
f 5473 5506 5427
f 5508 5506 5473
f 5443 5510 5502
f 5510 5445 5508
f 5502 5508 5436
f 5510 5508 5502
f 5429 5504 5512
f 5504 5444 5515
f 5512 5515 5446
f 5504 5515 5512
f 5444 5503 5505
f 5503 5425 5494
f 5505 5494 5441
f 5503 5494 5505
f 5446 5513 5511
f 5513 5441 5495
f 5511 5495 5428
f 5513 5495 5511
f 5444 5505 5515
f 5505 5441 5513
f 5515 5513 5446
f 5505 5513 5515
f 5427 5496 5470
f 5496 5442 5498
f 5470 5498 5435
f 5496 5498 5470
f 5442 5497 5499
f 5497 5428 5492
f 5499 5492 5440
f 5497 5492 5499
f 5435 5493 5469
f 5493 5440 5491
f 5469 5491 710
f 5493 5491 5469
f 5442 5499 5498
f 5499 5440 5493
f 5498 5493 5435
f 5499 5493 5498
f 5429 5512 5507
f 5512 5446 5516
f 5507 5516 5445
f 5512 5516 5507
f 5446 5511 5514
f 5511 5428 5497
f 5514 5497 5442
f 5511 5497 5514
f 5445 5509 5506
f 5509 5442 5496
f 5506 5496 5427
f 5509 5496 5506
f 5446 5514 5516
f 5514 5442 5509
f 5516 5509 5445
f 5514 5509 5516
f 4978 5472 5472
f 5472 5436 5436
f 5472 5436 5436
f 5472 5436 5472
f 5436 5473 5473
f 5473 5427 5427
f 5473 5427 5427
f 5473 5427 5473
f 5436 5473 5473
f 5473 5427 5427
f 5473 5427 5427
f 5473 5427 5473
f 5436 5473 5436
f 5473 5427 5473
f 5436 5473 5436
f 5473 5473 5436
f 5427 5470 5470
f 5470 5435 5435
f 5470 5435 5435
f 5470 5435 5470
f 5435 5469 5469
f 5469 710 710
f 5469 710 710
f 5469 710 5469
f 5435 5469 5469
f 5469 710 710
f 5469 710 710
f 5469 710 5469
f 5435 5469 5435
f 5469 710 5469
f 5435 5469 5435
f 5469 5469 5435
f 5427 5470 5470
f 5470 5435 5435
f 5470 5435 5435
f 5470 5435 5470
f 5435 5469 5469
f 5469 710 710
f 5469 710 710
f 5469 710 5469
f 5435 5469 5469
f 5469 710 710
f 5469 710 710
f 5469 710 5469
f 5435 5469 5435
f 5469 710 5469
f 5435 5469 5435
f 5469 5469 5435
f 5427 5470 5427
f 5470 5435 5470
f 5427 5470 5427
f 5470 5470 5427
f 5435 5469 5435
f 5469 710 5469
f 5435 5469 5435
f 5469 5469 5435
f 5427 5470 5427
f 5470 5435 5470
f 5427 5470 5427
f 5470 5470 5427
f 5435 5435 5470
f 5435 5435 5470
f 5470 5470 5427
f 5435 5470 5470
f 5425 5503 5522
f 5503 5444 5524
f 5522 5524 5448
f 5503 5524 5522
f 5444 5504 5530
f 5504 5429 5528
f 5530 5528 5450
f 5504 5528 5530
f 5448 5532 5523
f 5532 5450 5529
f 5523 5529 5430
f 5532 5529 5523
f 5444 5530 5524
f 5530 5450 5532
f 5524 5532 5448
f 5530 5532 5524
f 5429 5501 5518
f 5501 5443 5520
f 5518 5520 5447
f 5501 5520 5518
f 5443 5500 5517
f 5500 4978 5263
f 5517 5263 5222
f 5500 5263 5517
f 5447 5521 5519
f 5521 5222 5264
f 5519 5264 5210
f 5521 5264 5519
f 5443 5517 5520
f 5517 5222 5521
f 5520 5521 5447
f 5517 5521 5520
f 5430 5534 5526
f 5534 5451 5537
f 5526 5537 5449
f 5534 5537 5526
f 5451 5533 5535
f 5533 5210 5261
f 5535 5261 5221
f 5533 5261 5535
f 5449 5527 5525
f 5527 5221 5260
f 5525 5260 5206
f 5527 5260 5525
f 5451 5535 5537
f 5535 5221 5527
f 5537 5527 5449
f 5535 5527 5537
f 5429 5518 5528
f 5518 5447 5531
f 5528 5531 5450
f 5518 5531 5528
f 5447 5519 5536
f 5519 5210 5533
f 5536 5533 5451
f 5519 5533 5536
f 5450 5538 5529
f 5538 5451 5534
f 5529 5534 5430
f 5538 5534 5529
f 5447 5536 5531
f 5536 5451 5538
f 5531 5538 5450
f 5536 5538 5531
f 5425 5522 5522
f 5522 5448 5448
f 5522 5448 5448
f 5522 5448 5522
f 5448 5523 5523
f 5523 5430 5430
f 5523 5430 5430
f 5523 5430 5523
f 5448 5523 5523
f 5523 5430 5430
f 5523 5430 5430
f 5523 5430 5523
f 5448 5523 5448
f 5523 5430 5523
f 5448 5523 5448
f 5523 5523 5448
f 5430 5526 5526
f 5526 5449 5449
f 5526 5449 5449
f 5526 5449 5526
f 5449 5525 5525
f 5525 5206 5206
f 5525 5206 5206
f 5525 5206 5525
f 5449 5525 5525
f 5525 5206 5206
f 5525 5206 5206
f 5525 5206 5525
f 5449 5525 5449
f 5525 5206 5525
f 5449 5525 5449
f 5525 5525 5449
f 5430 5526 5526
f 5526 5449 5449
f 5526 5449 5449
f 5526 5449 5526
f 5449 5525 5525
f 5525 5206 5206
f 5525 5206 5206
f 5525 5206 5525
f 5449 5525 5525
f 5525 5206 5206
f 5525 5206 5206
f 5525 5206 5525
f 5449 5525 5449
f 5525 5206 5525
f 5449 5525 5449
f 5525 5525 5449
f 5430 5526 5430
f 5526 5449 5526
f 5430 5526 5430
f 5526 5526 5430
f 5449 5525 5449
f 5525 5206 5525
f 5449 5525 5449
f 5525 5525 5449
f 5430 5526 5430
f 5526 5449 5526
f 5430 5526 5430
f 5526 5526 5430
f 5449 5449 5526
f 5449 5449 5526
f 5526 5526 5430
f 5449 5526 5526
f 696 5541 1780
f 5541 5453 5570
f 1780 5570 983
f 5541 5570 1780
f 5453 5542 5574
f 5542 5431 5572
f 5574 5572 5460
f 5542 5572 5574
f 983 5576 1781
f 5576 5460 5573
f 1781 5573 766
f 5576 5573 1781
f 5453 5574 5570
f 5574 5460 5576
f 5570 5576 983
f 5574 5576 5570
f 5431 5540 5560
f 5540 5452 5562
f 5560 5562 5458
f 5540 5562 5560
f 5452 5539 5551
f 5539 4979 5548
f 5551 5548 5455
f 5539 5548 5551
f 5458 5563 5561
f 5563 5455 5549
f 5561 5549 5432
f 5563 5549 5561
f 5452 5551 5562
f 5551 5455 5563
f 5562 5563 5458
f 5551 5563 5562
f 766 5578 1784
f 5578 5461 5581
f 1784 5581 984
f 5578 5581 1784
f 5461 5577 5579
f 5577 5432 5553
f 5579 5553 5456
f 5577 5553 5579
f 984 5571 1783
f 5571 5456 5552
f 1783 5552 699
f 5571 5552 1783
f 5461 5579 5581
f 5579 5456 5571
f 5581 5571 984
f 5579 5571 5581
f 5431 5560 5572
f 5560 5458 5575
f 5572 5575 5460
f 5560 5575 5572
f 5458 5561 5580
f 5561 5432 5577
f 5580 5577 5461
f 5561 5577 5580
f 5460 5582 5573
f 5582 5461 5578
f 5573 5578 766
f 5582 5578 5573
f 5458 5580 5575
f 5580 5461 5582
f 5575 5582 5460
f 5580 5582 5575
f 696 1780 1780
f 1780 983 983
f 1780 983 983
f 1780 983 1780
f 983 1781 1781
f 1781 766 766
f 1781 766 766
f 1781 766 1781
f 983 1781 1781
f 1781 766 766
f 1781 766 766
f 1781 766 1781
f 983 1781 983
f 1781 766 1781
f 983 1781 983
f 1781 1781 983
f 766 1784 1784
f 1784 984 984
f 1784 984 984
f 1784 984 1784
f 984 1783 1783
f 1783 699 699
f 1783 699 699
f 1783 699 1783
f 984 1783 1783
f 1783 699 699
f 1783 699 699
f 1783 699 1783
f 984 1783 984
f 1783 699 1783
f 984 1783 984
f 1783 1783 984
f 766 1784 1784
f 1784 984 984
f 1784 984 984
f 1784 984 1784
f 984 1783 1783
f 1783 699 699
f 1783 699 699
f 1783 699 1783
f 984 1783 1783
f 1783 699 699
f 1783 699 699
f 1783 699 1783
f 984 1783 984
f 1783 699 1783
f 984 1783 984
f 1783 1783 984
f 766 1784 766
f 1784 984 1784
f 766 1784 766
f 1784 1784 766
f 984 1783 984
f 1783 699 1783
f 984 1783 984
f 1783 1783 984
f 766 1784 766
f 1784 984 1784
f 766 1784 766
f 1784 1784 766
f 984 984 1784
f 984 984 1784
f 1784 1784 766
f 984 1784 1784
f 4979 5539 5183
f 5539 5452 5583
f 5183 5583 5030
f 5539 5583 5183
f 5452 5540 5586
f 5540 5431 5584
f 5586 5584 5462
f 5540 5584 5586
f 5030 5587 5184
f 5587 5462 5585
f 5184 5585 4991
f 5587 5585 5184
f 5452 5586 5583
f 5586 5462 5587
f 5583 5587 5030
f 5586 5587 5583
f 5431 5542 5590
f 5542 5453 5592
f 5590 5592 5463
f 5542 5592 5590
f 5453 5541 5588
f 5541 696 1660
f 5588 1660 953
f 5541 1660 5588
f 5463 5594 5591
f 5594 953 1661
f 5591 1661 758
f 5594 1661 5591
f 5453 5588 5592
f 5588 953 5594
f 5592 5594 5463
f 5588 5594 5592
f 4991 5595 5187
f 5595 5464 5597
f 5187 5597 5031
f 5595 5597 5187
f 5464 5596 5599
f 5596 758 1659
f 5599 1659 952
f 5596 1659 5599
f 5031 5589 5186
f 5589 952 1658
f 5186 1658 681
f 5589 1658 5186
f 5464 5599 5597
f 5599 952 5589
f 5597 5589 5031
f 5599 5589 5597
f 5431 5590 5584
f 5590 5463 5593
f 5584 5593 5462
f 5590 5593 5584
f 5463 5591 5600
f 5591 758 5596
f 5600 5596 5464
f 5591 5596 5600
f 5462 5598 5585
f 5598 5464 5595
f 5585 5595 4991
f 5598 5595 5585
f 5463 5600 5593
f 5600 5464 5598
f 5593 5598 5462
f 5600 5598 5593
f 4979 5183 5183
f 5183 5030 5030
f 5183 5030 5030
f 5183 5030 5183
f 5030 5184 5184
f 5184 4991 4991
f 5184 4991 4991
f 5184 4991 5184
f 5030 5184 5184
f 5184 4991 4991
f 5184 4991 4991
f 5184 4991 5184
f 5030 5184 5030
f 5184 4991 5184
f 5030 5184 5030
f 5184 5184 5030
f 4991 5187 5187
f 5187 5031 5031
f 5187 5031 5031
f 5187 5031 5187
f 5031 5186 5186
f 5186 681 681
f 5186 681 681
f 5186 681 5186
f 5031 5186 5186
f 5186 681 681
f 5186 681 681
f 5186 681 5186
f 5031 5186 5031
f 5186 681 5186
f 5031 5186 5031
f 5186 5186 5031
f 4991 5187 5187
f 5187 5031 5031
f 5187 5031 5031
f 5187 5031 5187
f 5031 5186 5186
f 5186 681 681
f 5186 681 681
f 5186 681 5186
f 5031 5186 5186
f 5186 681 681
f 5186 681 681
f 5186 681 5186
f 5031 5186 5031
f 5186 681 5186
f 5031 5186 5031
f 5186 5186 5031
f 4991 5187 4991
f 5187 5031 5187
f 4991 5187 4991
f 5187 5187 4991
f 5031 5186 5031
f 5186 681 5186
f 5031 5186 5031
f 5186 5186 5031
f 4991 5187 4991
f 5187 5031 5187
f 4991 5187 4991
f 5187 5187 4991
f 5031 5031 5187
f 5031 5031 5187
f 5187 5187 4991
f 5031 5187 5187
f 4979 5467 5548
f 5467 5434 5550
f 5548 5550 5455
f 5467 5550 5548
f 5434 5468 5557
f 5468 5426 5555
f 5557 5555 5457
f 5468 5555 5557
f 5455 5559 5549
f 5559 5457 5556
f 5549 5556 5432
f 5559 5556 5549
f 5434 5557 5550
f 5557 5457 5559
f 5550 5559 5455
f 5557 5559 5550
f 5426 5466 5544
f 5466 5433 5546
f 5544 5546 5454
f 5466 5546 5544
f 5433 5465 5543
f 5465 710 2139
f 5543 2139 1078
f 5465 2139 5543
f 5454 5547 5545
f 5547 1078 2140
f 5545 2140 792
f 5547 2140 5545
f 5433 5543 5546
f 5543 1078 5547
f 5546 5547 5454
f 5543 5547 5546
f 5432 5565 5553
f 5565 5459 5568
f 5553 5568 5456
f 5565 5568 5553
f 5459 5564 5566
f 5564 792 2137
f 5566 2137 1077
f 5564 2137 5566
f 5456 5554 5552
f 5554 1077 2136
f 5552 2136 699
f 5554 2136 5552
f 5459 5566 5568
f 5566 1077 5554
f 5568 5554 5456
f 5566 5554 5568
f 5426 5544 5555
f 5544 5454 5558
f 5555 5558 5457
f 5544 5558 5555
f 5454 5545 5567
f 5545 792 5564
f 5567 5564 5459
f 5545 5564 5567
f 5457 5569 5556
f 5569 5459 5565
f 5556 5565 5432
f 5569 5565 5556
f 5454 5567 5558
f 5567 5459 5569
f 5558 5569 5457
f 5567 5569 5558
f 4979 5548 5548
f 5548 5455 5455
f 5548 5455 5455
f 5548 5455 5548
f 5455 5549 5549
f 5549 5432 5432
f 5549 5432 5432
f 5549 5432 5549
f 5455 5549 5549
f 5549 5432 5432
f 5549 5432 5432
f 5549 5432 5549
f 5455 5549 5455
f 5549 5432 5549
f 5455 5549 5455
f 5549 5549 5455
f 5432 5553 5553
f 5553 5456 5456
f 5553 5456 5456
f 5553 5456 5553
f 5456 5552 5552
f 5552 699 699
f 5552 699 699
f 5552 699 5552
f 5456 5552 5552
f 5552 699 699
f 5552 699 699
f 5552 699 5552
f 5456 5552 5456
f 5552 699 5552
f 5456 5552 5456
f 5552 5552 5456
f 5432 5553 5553
f 5553 5456 5456
f 5553 5456 5456
f 5553 5456 5553
f 5456 5552 5552
f 5552 699 699
f 5552 699 699
f 5552 699 5552
f 5456 5552 5552
f 5552 699 699
f 5552 699 699
f 5552 699 5552
f 5456 5552 5456
f 5552 699 5552
f 5456 5552 5456
f 5552 5552 5456
f 5432 5553 5432
f 5553 5456 5553
f 5432 5553 5432
f 5553 5553 5432
f 5456 5552 5456
f 5552 699 5552
f 5456 5552 5456
f 5552 5552 5456
f 5432 5553 5432
f 5553 5456 5553
f 5432 5553 5432
f 5553 5553 5432
f 5456 5456 5553
f 5456 5456 5553
f 5553 5553 5432
f 5456 5553 5553
f 5601 5621 5625
f 5621 5607 5627
f 5625 5627 5609
f 5621 5627 5625
f 5607 5622 5632
f 5622 5603 5630
f 5632 5630 5611
f 5622 5630 5632
f 5609 5633 5626
f 5633 5611 5631
f 5626 5631 5604
f 5633 5631 5626
f 5607 5632 5627
f 5632 5611 5633
f 5627 5633 5609
f 5632 5633 5627
f 5603 5624 5640
f 5624 5608 5642
f 5640 5642 5614
f 5624 5642 5640
f 5608 5623 5636
f 5623 5602 5634
f 5636 5634 5612
f 5623 5634 5636
f 5614 5644 5641
f 5644 5612 5635
f 5641 5635 5605
f 5644 5635 5641
f 5608 5636 5642
f 5636 5612 5644
f 5642 5644 5614
f 5636 5644 5642
f 5604 5645 5629
f 5645 5615 5647
f 5629 5647 5610
f 5645 5647 5629
f 5615 5646 5649
f 5646 5605 5638
f 5649 5638 5613
f 5646 5638 5649
f 5610 5639 5628
f 5639 5613 5637
f 5628 5637 678
f 5639 5637 5628
f 5615 5649 5647
f 5649 5613 5639
f 5647 5639 5610
f 5649 5639 5647
f 5603 5640 5630
f 5640 5614 5643
f 5630 5643 5611
f 5640 5643 5630
f 5614 5641 5650
f 5641 5605 5646
f 5650 5646 5615
f 5641 5646 5650
f 5611 5648 5631
f 5648 5615 5645
f 5631 5645 5604
f 5648 5645 5631
f 5614 5650 5643
f 5650 5615 5648
f 5643 5648 5611
f 5650 5648 5643
f 5601 5625 5625
f 5625 5609 5609
f 5625 5609 5609
f 5625 5609 5625
f 5609 5626 5626
f 5626 5604 5604
f 5626 5604 5604
f 5626 5604 5626
f 5609 5626 5626
f 5626 5604 5604
f 5626 5604 5604
f 5626 5604 5626
f 5609 5626 5609
f 5626 5604 5626
f 5609 5626 5609
f 5626 5626 5609
f 5604 5629 5629
f 5629 5610 5610
f 5629 5610 5610
f 5629 5610 5629
f 5610 5628 5628
f 5628 678 678
f 5628 678 678
f 5628 678 5628
f 5610 5628 5628
f 5628 678 678
f 5628 678 678
f 5628 678 5628
f 5610 5628 5610
f 5628 678 5628
f 5610 5628 5610
f 5628 5628 5610
f 5604 5629 5629
f 5629 5610 5610
f 5629 5610 5610
f 5629 5610 5629
f 5610 5628 5628
f 5628 678 678
f 5628 678 678
f 5628 678 5628
f 5610 5628 5628
f 5628 678 678
f 5628 678 678
f 5628 678 5628
f 5610 5628 5610
f 5628 678 5628
f 5610 5628 5610
f 5628 5628 5610
f 5604 5629 5604
f 5629 5610 5629
f 5604 5629 5604
f 5629 5629 5604
f 5610 5628 5610
f 5628 678 5628
f 5610 5628 5610
f 5628 5628 5610
f 5604 5629 5604
f 5629 5610 5629
f 5604 5629 5604
f 5629 5629 5604
f 5610 5610 5629
f 5610 5610 5629
f 5629 5629 5604
f 5610 5629 5629
f 683 5654 1359
f 5654 5617 5661
f 1359 5661 871
f 5654 5661 1359
f 5617 5655 5669
f 5655 5606 5667
f 5669 5667 5620
f 5655 5667 5669
f 871 5671 1360
f 5671 5620 5668
f 1360 5668 734
f 5671 5668 1360
f 5617 5669 5661
f 5669 5620 5671
f 5661 5671 871
f 5669 5671 5661
f 5606 5652 5657
f 5652 5616 5659
f 5657 5659 5618
f 5652 5659 5657
f 5616 5651 5653
f 5651 5601 5625
f 5653 5625 5609
f 5651 5625 5653
f 5618 5658 5656
f 5658 5609 5626
f 5656 5626 5604
f 5658 5626 5656
f 5616 5653 5659
f 5653 5609 5658
f 5659 5658 5618
f 5653 5658 5659
f 734 5663 1357
f 5663 5619 5666
f 1357 5666 870
f 5663 5666 1357
f 5619 5662 5664
f 5662 5604 5629
f 5664 5629 5610
f 5662 5629 5664
f 870 5660 1356
f 5660 5610 5628
f 1356 5628 678
f 5660 5628 1356
f 5619 5664 5666
f 5664 5610 5660
f 5666 5660 870
f 5664 5660 5666
f 5606 5657 5667
f 5657 5618 5670
f 5667 5670 5620
f 5657 5670 5667
f 5618 5656 5665
f 5656 5604 5662
f 5665 5662 5619
f 5656 5662 5665
f 5620 5672 5668
f 5672 5619 5663
f 5668 5663 734
f 5672 5663 5668
f 5618 5665 5670
f 5665 5619 5672
f 5670 5672 5620
f 5665 5672 5670
f 683 1359 1359
f 1359 871 871
f 1359 871 871
f 1359 871 1359
f 871 1360 1360
f 1360 734 734
f 1360 734 734
f 1360 734 1360
f 871 1360 1360
f 1360 734 734
f 1360 734 734
f 1360 734 1360
f 871 1360 871
f 1360 734 1360
f 871 1360 871
f 1360 1360 871
f 734 1357 1357
f 1357 870 870
f 1357 870 870
f 1357 870 1357
f 870 1356 1356
f 1356 678 678
f 1356 678 678
f 1356 678 1356
f 870 1356 1356
f 1356 678 678
f 1356 678 678
f 1356 678 1356
f 870 1356 870
f 1356 678 1356
f 870 1356 870
f 1356 1356 870
f 734 1357 1357
f 1357 870 870
f 1357 870 870
f 1357 870 1357
f 870 1356 1356
f 1356 678 678
f 1356 678 678
f 1356 678 1356
f 870 1356 1356
f 1356 678 678
f 1356 678 678
f 1356 678 1356
f 870 1356 870
f 1356 678 1356
f 870 1356 870
f 1356 1356 870
f 734 1357 734
f 1357 870 1357
f 734 1357 734
f 1357 1357 734
f 870 1356 870
f 1356 678 1356
f 870 1356 870
f 1356 1356 870
f 734 1357 734
f 1357 870 1357
f 734 1357 734
f 1357 1357 734
f 870 870 1357
f 870 870 1357
f 1357 1357 734
f 870 1357 1357
f 5673 5753 5757
f 5753 5693 5759
f 5757 5759 5695
f 5753 5759 5757
f 5693 5754 5764
f 5754 5678 5762
f 5764 5762 5697
f 5754 5762 5764
f 5695 5765 5758
f 5765 5697 5763
f 5758 5763 5679
f 5765 5763 5758
f 5693 5764 5759
f 5764 5697 5765
f 5759 5765 5695
f 5764 5765 5759
f 5678 5756 5768
f 5756 5694 5770
f 5768 5770 5698
f 5756 5770 5768
f 5694 5755 5766
f 5755 684 1392
f 5766 1392 879
f 5755 1392 5766
f 5698 5772 5769
f 5772 879 1393
f 5769 1393 736
f 5772 1393 5769
f 5694 5766 5770
f 5766 879 5772
f 5770 5772 5698
f 5766 5772 5770
f 5679 5773 5761
f 5773 5699 5775
f 5761 5775 5696
f 5773 5775 5761
f 5699 5774 5777
f 5774 736 1391
f 5777 1391 878
f 5774 1391 5777
f 5696 5767 5760
f 5767 878 1390
f 5760 1390 678
f 5767 1390 5760
f 5699 5777 5775
f 5777 878 5767
f 5775 5767 5696
f 5777 5767 5775
f 5678 5768 5762
f 5768 5698 5771
f 5762 5771 5697
f 5768 5771 5762
f 5698 5769 5778
f 5769 736 5774
f 5778 5774 5699
f 5769 5774 5778
f 5697 5776 5763
f 5776 5699 5773
f 5763 5773 5679
f 5776 5773 5763
f 5698 5778 5771
f 5778 5699 5776
f 5771 5776 5697
f 5778 5776 5771
f 5673 5757 5757
f 5757 5695 5695
f 5757 5695 5695
f 5757 5695 5757
f 5695 5758 5758
f 5758 5679 5679
f 5758 5679 5679
f 5758 5679 5758
f 5695 5758 5758
f 5758 5679 5679
f 5758 5679 5679
f 5758 5679 5758
f 5695 5758 5695
f 5758 5679 5758
f 5695 5758 5695
f 5758 5758 5695
f 5679 5761 5761
f 5761 5696 5696
f 5761 5696 5696
f 5761 5696 5761
f 5696 5760 5760
f 5760 678 678
f 5760 678 678
f 5760 678 5760
f 5696 5760 5760
f 5760 678 678
f 5760 678 678
f 5760 678 5760
f 5696 5760 5696
f 5760 678 5760
f 5696 5760 5696
f 5760 5760 5696
f 5679 5761 5761
f 5761 5696 5696
f 5761 5696 5696
f 5761 5696 5761
f 5696 5760 5760
f 5760 678 678
f 5760 678 678
f 5760 678 5760
f 5696 5760 5760
f 5760 678 678
f 5760 678 678
f 5760 678 5760
f 5696 5760 5696
f 5760 678 5760
f 5696 5760 5696
f 5760 5760 5696
f 5679 5761 5679
f 5761 5696 5761
f 5679 5761 5679
f 5761 5761 5679
f 5696 5760 5696
f 5760 678 5760
f 5696 5760 5696
f 5760 5760 5696
f 5679 5761 5679
f 5761 5696 5761
f 5679 5761 5679
f 5761 5761 5679
f 5696 5696 5761
f 5696 5696 5761
f 5761 5761 5679
f 5696 5761 5761
f 5602 5782 5634
f 5782 5701 5789
f 5634 5789 5612
f 5782 5789 5634
f 5701 5783 5797
f 5783 5680 5795
f 5797 5795 5704
f 5783 5795 5797
f 5612 5799 5635
f 5799 5704 5796
f 5635 5796 5605
f 5799 5796 5635
f 5701 5797 5789
f 5797 5704 5799
f 5789 5799 5612
f 5797 5799 5789
f 5680 5780 5785
f 5780 5700 5787
f 5785 5787 5702
f 5780 5787 5785
f 5700 5779 5781
f 5779 5673 5757
f 5781 5757 5695
f 5779 5757 5781
f 5702 5786 5784
f 5786 5695 5758
f 5784 5758 5679
f 5786 5758 5784
f 5700 5781 5787
f 5781 5695 5786
f 5787 5786 5702
f 5781 5786 5787
f 5605 5791 5638
f 5791 5703 5794
f 5638 5794 5613
f 5791 5794 5638
f 5703 5790 5792
f 5790 5679 5761
f 5792 5761 5696
f 5790 5761 5792
f 5613 5788 5637
f 5788 5696 5760
f 5637 5760 678
f 5788 5760 5637
f 5703 5792 5794
f 5792 5696 5788
f 5794 5788 5613
f 5792 5788 5794
f 5680 5785 5795
f 5785 5702 5798
f 5795 5798 5704
f 5785 5798 5795
f 5702 5784 5793
f 5784 5679 5790
f 5793 5790 5703
f 5784 5790 5793
f 5704 5800 5796
f 5800 5703 5791
f 5796 5791 5605
f 5800 5791 5796
f 5702 5793 5798
f 5793 5703 5800
f 5798 5800 5704
f 5793 5800 5798
f 5602 5634 5634
f 5634 5612 5612
f 5634 5612 5612
f 5634 5612 5634
f 5612 5635 5635
f 5635 5605 5605
f 5635 5605 5605
f 5635 5605 5635
f 5612 5635 5635
f 5635 5605 5605
f 5635 5605 5605
f 5635 5605 5635
f 5612 5635 5612
f 5635 5605 5635
f 5612 5635 5612
f 5635 5635 5612
f 5605 5638 5638
f 5638 5613 5613
f 5638 5613 5613
f 5638 5613 5638
f 5613 5637 5637
f 5637 678 678
f 5637 678 678
f 5637 678 5637
f 5613 5637 5637
f 5637 678 678
f 5637 678 678
f 5637 678 5637
f 5613 5637 5613
f 5637 678 5637
f 5613 5637 5613
f 5637 5637 5613
f 5605 5638 5638
f 5638 5613 5613
f 5638 5613 5613
f 5638 5613 5638
f 5613 5637 5637
f 5637 678 678
f 5637 678 678
f 5637 678 5637
f 5613 5637 5637
f 5637 678 678
f 5637 678 678
f 5637 678 5637
f 5613 5637 5613
f 5637 678 5637
f 5613 5637 5613
f 5637 5637 5613
f 5605 5638 5605
f 5638 5613 5638
f 5605 5638 5605
f 5638 5638 5605
f 5613 5637 5613
f 5637 678 5637
f 5613 5637 5613
f 5637 5637 5613
f 5605 5638 5605
f 5638 5613 5638
f 5605 5638 5605
f 5638 5638 5605
f 5613 5613 5638
f 5613 5613 5638
f 5638 5638 5605
f 5613 5638 5638
f 5674 5836 5853
f 5836 5715 5855
f 5853 5855 5719
f 5836 5855 5853
f 5715 5837 5860
f 5837 5684 5858
f 5860 5858 5721
f 5837 5858 5860
f 5719 5861 5854
f 5861 5721 5859
f 5854 5859 5685
f 5861 5859 5854
f 5715 5860 5855
f 5860 5721 5861
f 5855 5861 5719
f 5860 5861 5855
f 5684 5840 5868
f 5840 5716 5870
f 5868 5870 5724
f 5840 5870 5868
f 5716 5839 5864
f 5839 5675 5862
f 5864 5862 5722
f 5839 5862 5864
f 5724 5872 5869
f 5872 5722 5863
f 5869 5863 5686
f 5872 5863 5869
f 5716 5864 5870
f 5864 5722 5872
f 5870 5872 5724
f 5864 5872 5870
f 5685 5873 5857
f 5873 5725 5875
f 5857 5875 5720
f 5873 5875 5857
f 5725 5874 5877
f 5874 5686 5866
f 5877 5866 5723
f 5874 5866 5877
f 5720 5867 5856
f 5867 5723 5865
f 5856 5865 5676
f 5867 5865 5856
f 5725 5877 5875
f 5877 5723 5867
f 5875 5867 5720
f 5877 5867 5875
f 5684 5868 5858
f 5868 5724 5871
f 5858 5871 5721
f 5868 5871 5858
f 5724 5869 5878
f 5869 5686 5874
f 5878 5874 5725
f 5869 5874 5878
f 5721 5876 5859
f 5876 5725 5873
f 5859 5873 5685
f 5876 5873 5859
f 5724 5878 5871
f 5878 5725 5876
f 5871 5876 5721
f 5878 5876 5871
f 5674 5853 5853
f 5853 5719 5719
f 5853 5719 5719
f 5853 5719 5853
f 5719 5854 5854
f 5854 5685 5685
f 5854 5685 5685
f 5854 5685 5854
f 5719 5854 5854
f 5854 5685 5685
f 5854 5685 5685
f 5854 5685 5854
f 5719 5854 5719
f 5854 5685 5854
f 5719 5854 5719
f 5854 5854 5719
f 5685 5857 5857
f 5857 5720 5720
f 5857 5720 5720
f 5857 5720 5857
f 5720 5856 5856
f 5856 5676 5676
f 5856 5676 5676
f 5856 5676 5856
f 5720 5856 5856
f 5856 5676 5676
f 5856 5676 5676
f 5856 5676 5856
f 5720 5856 5720
f 5856 5676 5856
f 5720 5856 5720
f 5856 5856 5720
f 5685 5857 5857
f 5857 5720 5720
f 5857 5720 5720
f 5857 5720 5857
f 5720 5856 5856
f 5856 5676 5676
f 5856 5676 5676
f 5856 5676 5856
f 5720 5856 5856
f 5856 5676 5676
f 5856 5676 5676
f 5856 5676 5856
f 5720 5856 5720
f 5856 5676 5856
f 5720 5856 5720
f 5856 5856 5720
f 5685 5857 5685
f 5857 5720 5857
f 5685 5857 5685
f 5857 5857 5685
f 5720 5856 5720
f 5856 5676 5856
f 5720 5856 5720
f 5856 5856 5720
f 5685 5857 5685
f 5857 5720 5857
f 5685 5857 5685
f 5857 5857 5685
f 5720 5720 5857
f 5720 5720 5857
f 5857 5857 5685
f 5720 5857 5857
f 5677 5882 5891
f 5882 5727 5893
f 5891 5893 5730
f 5882 5893 5891
f 5727 5883 5901
f 5883 5687 5899
f 5901 5899 5732
f 5883 5899 5901
f 5730 5903 5892
f 5903 5732 5900
f 5892 5900 5688
f 5903 5900 5892
f 5727 5901 5893
f 5901 5732 5903
f 5893 5903 5730
f 5901 5903 5893
f 5687 5880 5885
f 5880 5726 5887
f 5885 5887 5728
f 5880 5887 5885
f 5726 5879 5881
f 5879 5674 5853
f 5881 5853 5719
f 5879 5853 5881
f 5728 5886 5884
f 5886 5719 5854
f 5884 5854 5685
f 5886 5854 5884
f 5726 5881 5887
f 5881 5719 5886
f 5887 5886 5728
f 5881 5886 5887
f 5688 5895 5889
f 5895 5731 5898
f 5889 5898 5729
f 5895 5898 5889
f 5731 5894 5896
f 5894 5685 5857
f 5896 5857 5720
f 5894 5857 5896
f 5729 5890 5888
f 5890 5720 5856
f 5888 5856 5676
f 5890 5856 5888
f 5731 5896 5898
f 5896 5720 5890
f 5898 5890 5729
f 5896 5890 5898
f 5687 5885 5899
f 5885 5728 5902
f 5899 5902 5732
f 5885 5902 5899
f 5728 5884 5897
f 5884 5685 5894
f 5897 5894 5731
f 5884 5894 5897
f 5732 5904 5900
f 5904 5731 5895
f 5900 5895 5688
f 5904 5895 5900
f 5728 5897 5902
f 5897 5731 5904
f 5902 5904 5732
f 5897 5904 5902
f 5677 5891 5891
f 5891 5730 5730
f 5891 5730 5730
f 5891 5730 5891
f 5730 5892 5892
f 5892 5688 5688
f 5892 5688 5688
f 5892 5688 5892
f 5730 5892 5892
f 5892 5688 5688
f 5892 5688 5688
f 5892 5688 5892
f 5730 5892 5730
f 5892 5688 5892
f 5730 5892 5730
f 5892 5892 5730
f 5688 5889 5889
f 5889 5729 5729
f 5889 5729 5729
f 5889 5729 5889
f 5729 5888 5888
f 5888 5676 5676
f 5888 5676 5676
f 5888 5676 5888
f 5729 5888 5888
f 5888 5676 5676
f 5888 5676 5676
f 5888 5676 5888
f 5729 5888 5729
f 5888 5676 5888
f 5729 5888 5729
f 5888 5888 5729
f 5688 5889 5889
f 5889 5729 5729
f 5889 5729 5729
f 5889 5729 5889
f 5729 5888 5888
f 5888 5676 5676
f 5888 5676 5676
f 5888 5676 5888
f 5729 5888 5888
f 5888 5676 5676
f 5888 5676 5676
f 5888 5676 5888
f 5729 5888 5729
f 5888 5676 5888
f 5729 5888 5729
f 5888 5888 5729
f 5688 5889 5688
f 5889 5729 5889
f 5688 5889 5688
f 5889 5889 5688
f 5729 5888 5729
f 5888 5676 5888
f 5729 5888 5729
f 5888 5888 5729
f 5688 5889 5688
f 5889 5729 5889
f 5688 5889 5688
f 5889 5889 5688
f 5729 5729 5889
f 5729 5729 5889
f 5889 5889 5688
f 5729 5889 5889
f 684 5755 5810
f 5755 5694 5812
f 5810 5812 5708
f 5755 5812 5810
f 5694 5756 5818
f 5756 5678 5816
f 5818 5816 5710
f 5756 5816 5818
f 5708 5820 5811
f 5820 5710 5817
f 5811 5817 5682
f 5820 5817 5811
f 5694 5818 5812
f 5818 5710 5820
f 5812 5820 5708
f 5818 5820 5812
f 5678 5754 5806
f 5754 5693 5808
f 5806 5808 5707
f 5754 5808 5806
f 5693 5753 5803
f 5753 5673 5801
f 5803 5801 5705
f 5753 5801 5803
f 5707 5809 5807
f 5809 5705 5802
f 5807 5802 5681
f 5809 5802 5807
f 5693 5803 5808
f 5803 5705 5809
f 5808 5809 5707
f 5803 5809 5808
f 5682 5822 5814
f 5822 5711 5825
f 5814 5825 5709
f 5822 5825 5814
f 5711 5821 5823
f 5821 5681 5805
f 5823 5805 5706
f 5821 5805 5823
f 5709 5815 5813
f 5815 5706 5804
f 5813 5804 5674
f 5815 5804 5813
f 5711 5823 5825
f 5823 5706 5815
f 5825 5815 5709
f 5823 5815 5825
f 5678 5806 5816
f 5806 5707 5819
f 5816 5819 5710
f 5806 5819 5816
f 5707 5807 5824
f 5807 5681 5821
f 5824 5821 5711
f 5807 5821 5824
f 5710 5826 5817
f 5826 5711 5822
f 5817 5822 5682
f 5826 5822 5817
f 5707 5824 5819
f 5824 5711 5826
f 5819 5826 5710
f 5824 5826 5819
f 684 5810 5810
f 5810 5708 5708
f 5810 5708 5708
f 5810 5708 5810
f 5708 5811 5811
f 5811 5682 5682
f 5811 5682 5682
f 5811 5682 5811
f 5708 5811 5811
f 5811 5682 5682
f 5811 5682 5682
f 5811 5682 5811
f 5708 5811 5708
f 5811 5682 5811
f 5708 5811 5708
f 5811 5811 5708
f 5682 5814 5814
f 5814 5709 5709
f 5814 5709 5709
f 5814 5709 5814
f 5709 5813 5813
f 5813 5674 5674
f 5813 5674 5674
f 5813 5674 5813
f 5709 5813 5813
f 5813 5674 5674
f 5813 5674 5674
f 5813 5674 5813
f 5709 5813 5709
f 5813 5674 5813
f 5709 5813 5709
f 5813 5813 5709
f 5682 5814 5814
f 5814 5709 5709
f 5814 5709 5709
f 5814 5709 5814
f 5709 5813 5813
f 5813 5674 5674
f 5813 5674 5674
f 5813 5674 5813
f 5709 5813 5813
f 5813 5674 5674
f 5813 5674 5674
f 5813 5674 5813
f 5709 5813 5709
f 5813 5674 5813
f 5709 5813 5709
f 5813 5813 5709
f 5682 5814 5682
f 5814 5709 5814
f 5682 5814 5682
f 5814 5814 5682
f 5709 5813 5709
f 5813 5674 5813
f 5709 5813 5709
f 5813 5813 5709
f 5682 5814 5682
f 5814 5709 5814
f 5682 5814 5682
f 5814 5814 5682
f 5709 5709 5814
f 5709 5709 5814
f 5814 5814 5682
f 5709 5814 5814
f 5674 5804 5836
f 5804 5706 5838
f 5836 5838 5715
f 5804 5838 5836
f 5706 5805 5844
f 5805 5681 5842
f 5844 5842 5717
f 5805 5842 5844
f 5715 5846 5837
f 5846 5717 5843
f 5837 5843 5684
f 5846 5843 5837
f 5706 5844 5838
f 5844 5717 5846
f 5838 5846 5715
f 5844 5846 5838
f 5681 5802 5832
f 5802 5705 5834
f 5832 5834 5714
f 5802 5834 5832
f 5705 5801 5829
f 5801 5673 5827
f 5829 5827 5712
f 5801 5827 5829
f 5714 5835 5833
f 5835 5712 5828
f 5833 5828 5683
f 5835 5828 5833
f 5705 5829 5834
f 5829 5712 5835
f 5834 5835 5714
f 5829 5835 5834
f 5684 5848 5840
f 5848 5718 5851
f 5840 5851 5716
f 5848 5851 5840
f 5718 5847 5849
f 5847 5683 5831
f 5849 5831 5713
f 5847 5831 5849
f 5716 5841 5839
f 5841 5713 5830
f 5839 5830 5675
f 5841 5830 5839
f 5718 5849 5851
f 5849 5713 5841
f 5851 5841 5716
f 5849 5841 5851
f 5681 5832 5842
f 5832 5714 5845
f 5842 5845 5717
f 5832 5845 5842
f 5714 5833 5850
f 5833 5683 5847
f 5850 5847 5718
f 5833 5847 5850
f 5717 5852 5843
f 5852 5718 5848
f 5843 5848 5684
f 5852 5848 5843
f 5714 5850 5845
f 5850 5718 5852
f 5845 5852 5717
f 5850 5852 5845
f 5674 5836 5836
f 5836 5715 5715
f 5836 5715 5715
f 5836 5715 5836
f 5715 5837 5837
f 5837 5684 5684
f 5837 5684 5684
f 5837 5684 5837
f 5715 5837 5837
f 5837 5684 5684
f 5837 5684 5684
f 5837 5684 5837
f 5715 5837 5715
f 5837 5684 5837
f 5715 5837 5715
f 5837 5837 5715
f 5684 5840 5840
f 5840 5716 5716
f 5840 5716 5716
f 5840 5716 5840
f 5716 5839 5839
f 5839 5675 5675
f 5839 5675 5675
f 5839 5675 5839
f 5716 5839 5839
f 5839 5675 5675
f 5839 5675 5675
f 5839 5675 5839
f 5716 5839 5716
f 5839 5675 5839
f 5716 5839 5716
f 5839 5839 5716
f 5684 5840 5840
f 5840 5716 5716
f 5840 5716 5716
f 5840 5716 5840
f 5716 5839 5839
f 5839 5675 5675
f 5839 5675 5675
f 5839 5675 5839
f 5716 5839 5839
f 5839 5675 5675
f 5839 5675 5675
f 5839 5675 5839
f 5716 5839 5716
f 5839 5675 5839
f 5716 5839 5716
f 5839 5839 5716
f 5684 5840 5684
f 5840 5716 5840
f 5684 5840 5684
f 5840 5840 5684
f 5716 5839 5716
f 5839 5675 5839
f 5716 5839 5716
f 5839 5839 5716
f 5684 5840 5684
f 5840 5716 5840
f 5684 5840 5684
f 5840 5840 5684
f 5716 5716 5840
f 5716 5716 5840
f 5840 5840 5684
f 5716 5840 5840
f 706 2044 5907
f 2044 1053 5936
f 5907 5936 5734
f 2044 5936 5907
f 1053 2045 5942
f 2045 785 5939
f 5942 5939 5741
f 2045 5939 5942
f 5734 5940 5908
f 5940 5741 5938
f 5908 5938 5689
f 5940 5938 5908
f 1053 5942 5936
f 5942 5741 5940
f 5936 5940 5734
f 5942 5940 5936
f 785 2042 5944
f 2042 1052 5947
f 5944 5947 5742
f 2042 5947 5944
f 1052 2041 5937
f 2041 695 5918
f 5937 5918 5737
f 2041 5918 5937
f 5742 5945 5943
f 5945 5737 5919
f 5943 5919 5690
f 5945 5919 5943
f 1052 5937 5947
f 5937 5737 5945
f 5947 5945 5742
f 5937 5945 5947
f 5689 5926 5906
f 5926 5739 5928
f 5906 5928 5733
f 5926 5928 5906
f 5739 5927 5929
f 5927 5690 5915
f 5929 5915 5736
f 5927 5915 5929
f 5733 5917 5905
f 5917 5736 5914
f 5905 5914 5674
f 5917 5914 5905
f 5739 5929 5928
f 5929 5736 5917
f 5928 5917 5733
f 5929 5917 5928
f 785 5944 5939
f 5944 5742 5948
f 5939 5948 5741
f 5944 5948 5939
f 5742 5943 5946
f 5943 5690 5927
f 5946 5927 5739
f 5943 5927 5946
f 5741 5941 5938
f 5941 5739 5926
f 5938 5926 5689
f 5941 5926 5938
f 5742 5946 5948
f 5946 5739 5941
f 5948 5941 5741
f 5946 5941 5948
f 706 5907 5907
f 5907 5734 5734
f 5907 5734 5734
f 5907 5734 5907
f 5734 5908 5908
f 5908 5689 5689
f 5908 5689 5689
f 5908 5689 5908
f 5734 5908 5908
f 5908 5689 5689
f 5908 5689 5689
f 5908 5689 5908
f 5734 5908 5734
f 5908 5689 5908
f 5734 5908 5734
f 5908 5908 5734
f 5689 5906 5906
f 5906 5733 5733
f 5906 5733 5733
f 5906 5733 5906
f 5733 5905 5905
f 5905 5674 5674
f 5905 5674 5674
f 5905 5674 5905
f 5733 5905 5905
f 5905 5674 5674
f 5905 5674 5674
f 5905 5674 5905
f 5733 5905 5733
f 5905 5674 5905
f 5733 5905 5733
f 5905 5905 5733
f 5689 5906 5906
f 5906 5733 5733
f 5906 5733 5733
f 5906 5733 5906
f 5733 5905 5905
f 5905 5674 5674
f 5905 5674 5674
f 5905 5674 5905
f 5733 5905 5905
f 5905 5674 5674
f 5905 5674 5674
f 5905 5674 5905
f 5733 5905 5733
f 5905 5674 5905
f 5733 5905 5733
f 5905 5905 5733
f 5689 5906 5689
f 5906 5733 5906
f 5689 5906 5689
f 5906 5906 5689
f 5733 5905 5733
f 5905 5674 5905
f 5733 5905 5733
f 5905 5905 5733
f 5689 5906 5689
f 5906 5733 5906
f 5689 5906 5689
f 5906 5906 5689
f 5733 5733 5906
f 5733 5733 5906
f 5906 5906 5689
f 5733 5906 5906
f 5674 5914 5813
f 5914 5736 5916
f 5813 5916 5709
f 5914 5916 5813
f 5736 5915 5925
f 5915 5690 5922
f 5925 5922 5738
f 5915 5922 5925
f 5709 5923 5814
f 5923 5738 5921
f 5814 5921 5682
f 5923 5921 5814
f 5736 5925 5916
f 5925 5738 5923
f 5916 5923 5709
f 5925 5923 5916
f 5690 5919 5931
f 5919 5737 5934
f 5931 5934 5740
f 5919 5934 5931
f 5737 5918 5920
f 5918 695 1635
f 5920 1635 946
f 5918 1635 5920
f 5740 5932 5930
f 5932 946 1636
f 5930 1636 756
f 5932 1636 5930
f 5737 5920 5934
f 5920 946 5932
f 5934 5932 5740
f 5920 5932 5934
f 5682 5910 5811
f 5910 5735 5912
f 5811 5912 5708
f 5910 5912 5811
f 5735 5911 5913
f 5911 756 1633
f 5913 1633 945
f 5911 1633 5913
f 5708 5909 5810
f 5909 945 1632
f 5810 1632 684
f 5909 1632 5810
f 5735 5913 5912
f 5913 945 5909
f 5912 5909 5708
f 5913 5909 5912
f 5690 5931 5922
f 5931 5740 5935
f 5922 5935 5738
f 5931 5935 5922
f 5740 5930 5933
f 5930 756 5911
f 5933 5911 5735
f 5930 5911 5933
f 5738 5924 5921
f 5924 5735 5910
f 5921 5910 5682
f 5924 5910 5921
f 5740 5933 5935
f 5933 5735 5924
f 5935 5924 5738
f 5933 5924 5935
f 5674 5813 5813
f 5813 5709 5709
f 5813 5709 5709
f 5813 5709 5813
f 5709 5814 5814
f 5814 5682 5682
f 5814 5682 5682
f 5814 5682 5814
f 5709 5814 5814
f 5814 5682 5682
f 5814 5682 5682
f 5814 5682 5814
f 5709 5814 5709
f 5814 5682 5814
f 5709 5814 5709
f 5814 5814 5709
f 5682 5811 5811
f 5811 5708 5708
f 5811 5708 5708
f 5811 5708 5811
f 5708 5810 5810
f 5810 684 684
f 5810 684 684
f 5810 684 5810
f 5708 5810 5810
f 5810 684 684
f 5810 684 684
f 5810 684 5810
f 5708 5810 5708
f 5810 684 5810
f 5708 5810 5708
f 5810 5810 5708
f 5682 5811 5811
f 5811 5708 5708
f 5811 5708 5708
f 5811 5708 5811
f 5708 5810 5810
f 5810 684 684
f 5810 684 684
f 5810 684 5810
f 5708 5810 5810
f 5810 684 684
f 5810 684 684
f 5810 684 5810
f 5708 5810 5708
f 5810 684 5810
f 5708 5810 5708
f 5810 5810 5708
f 5682 5811 5682
f 5811 5708 5811
f 5682 5811 5682
f 5811 5811 5682
f 5708 5810 5708
f 5810 684 5810
f 5708 5810 5708
f 5810 5810 5708
f 5682 5811 5682
f 5811 5708 5811
f 5682 5811 5682
f 5811 5811 5682
f 5708 5708 5811
f 5708 5708 5811
f 5811 5811 5682
f 5708 5811 5811
f 686 1455 5951
f 1455 897 5980
f 5951 5980 5744
f 1455 5980 5951
f 897 1456 5986
f 1456 742 5983
f 5986 5983 5751
f 1456 5983 5986
f 5744 5984 5952
f 5984 5751 5982
f 5952 5982 5691
f 5984 5982 5952
f 897 5986 5980
f 5986 5751 5984
f 5980 5984 5744
f 5986 5984 5980
f 742 1459 5988
f 1459 898 5991
f 5988 5991 5752
f 1459 5991 5988
f 898 1458 5981
f 1458 687 5957
f 5981 5957 5746
f 1458 5957 5981
f 5752 5989 5987
f 5989 5746 5958
f 5987 5958 5692
f 5989 5958 5987
f 898 5981 5991
f 5981 5746 5989
f 5991 5989 5752
f 5981 5989 5991
f 5691 5963 5950
f 5963 5748 5965
f 5950 5965 5743
f 5963 5965 5950
f 5748 5964 5966
f 5964 5692 5954
f 5966 5954 5745
f 5964 5954 5966
f 5743 5956 5949
f 5956 5745 5953
f 5949 5953 5674
f 5956 5953 5949
f 5748 5966 5965
f 5966 5745 5956
f 5965 5956 5743
f 5966 5956 5965
f 742 5988 5983
f 5988 5752 5992
f 5983 5992 5751
f 5988 5992 5983
f 5752 5987 5990
f 5987 5692 5964
f 5990 5964 5748
f 5987 5964 5990
f 5751 5985 5982
f 5985 5748 5963
f 5982 5963 5691
f 5985 5963 5982
f 5752 5990 5992
f 5990 5748 5985
f 5992 5985 5751
f 5990 5985 5992
f 686 5951 5951
f 5951 5744 5744
f 5951 5744 5744
f 5951 5744 5951
f 5744 5952 5952
f 5952 5691 5691
f 5952 5691 5691
f 5952 5691 5952
f 5744 5952 5952
f 5952 5691 5691
f 5952 5691 5691
f 5952 5691 5952
f 5744 5952 5744
f 5952 5691 5952
f 5744 5952 5744
f 5952 5952 5744
f 5691 5950 5950
f 5950 5743 5743
f 5950 5743 5743
f 5950 5743 5950
f 5743 5949 5949
f 5949 5674 5674
f 5949 5674 5674
f 5949 5674 5949
f 5743 5949 5949
f 5949 5674 5674
f 5949 5674 5674
f 5949 5674 5949
f 5743 5949 5743
f 5949 5674 5949
f 5743 5949 5743
f 5949 5949 5743
f 5691 5950 5950
f 5950 5743 5743
f 5950 5743 5743
f 5950 5743 5950
f 5743 5949 5949
f 5949 5674 5674
f 5949 5674 5674
f 5949 5674 5949
f 5743 5949 5949
f 5949 5674 5674
f 5949 5674 5674
f 5949 5674 5949
f 5743 5949 5743
f 5949 5674 5949
f 5743 5949 5743
f 5949 5949 5743
f 5691 5950 5691
f 5950 5743 5950
f 5691 5950 5691
f 5950 5950 5691
f 5743 5949 5743
f 5949 5674 5949
f 5743 5949 5743
f 5949 5949 5743
f 5691 5950 5691
f 5950 5743 5950
f 5691 5950 5691
f 5950 5950 5691
f 5743 5743 5950
f 5743 5743 5950
f 5950 5950 5691
f 5743 5950 5950
f 687 2024 5957
f 2024 1048 5968
f 5957 5968 5746
f 2024 5968 5957
f 1048 2025 5978
f 2025 784 5975
f 5978 5975 5750
f 2025 5975 5978
f 5746 5976 5958
f 5976 5750 5974
f 5958 5974 5692
f 5976 5974 5958
f 1048 5978 5968
f 5978 5750 5976
f 5968 5976 5746
f 5978 5976 5968
f 784 2028 5970
f 2028 1049 5973
f 5970 5973 5749
f 2028 5973 5970
f 1049 2027 5967
f 2027 706 5907
f 5967 5907 5734
f 2027 5907 5967
f 5749 5971 5969
f 5971 5734 5908
f 5969 5908 5689
f 5971 5908 5969
f 1049 5967 5973
f 5967 5734 5971
f 5973 5971 5749
f 5967 5971 5973
f 5692 5960 5954
f 5960 5747 5962
f 5954 5962 5745
f 5960 5962 5954
f 5747 5959 5961
f 5959 5689 5906
f 5961 5906 5733
f 5959 5906 5961
f 5745 5955 5953
f 5955 5733 5905
f 5953 5905 5674
f 5955 5905 5953
f 5747 5961 5962
f 5961 5733 5955
f 5962 5955 5745
f 5961 5955 5962
f 784 5970 5975
f 5970 5749 5979
f 5975 5979 5750
f 5970 5979 5975
f 5749 5969 5972
f 5969 5689 5959
f 5972 5959 5747
f 5969 5959 5972
f 5750 5977 5974
f 5977 5747 5960
f 5974 5960 5692
f 5977 5960 5974
f 5749 5972 5979
f 5972 5747 5977
f 5979 5977 5750
f 5972 5977 5979
f 687 5957 5957
f 5957 5746 5746
f 5957 5746 5746
f 5957 5746 5957
f 5746 5958 5958
f 5958 5692 5692
f 5958 5692 5692
f 5958 5692 5958
f 5746 5958 5958
f 5958 5692 5692
f 5958 5692 5692
f 5958 5692 5958
f 5746 5958 5746
f 5958 5692 5958
f 5746 5958 5746
f 5958 5958 5746
f 5692 5954 5954
f 5954 5745 5745
f 5954 5745 5745
f 5954 5745 5954
f 5745 5953 5953
f 5953 5674 5674
f 5953 5674 5674
f 5953 5674 5953
f 5745 5953 5953
f 5953 5674 5674
f 5953 5674 5674
f 5953 5674 5953
f 5745 5953 5745
f 5953 5674 5953
f 5745 5953 5745
f 5953 5953 5745
f 5692 5954 5954
f 5954 5745 5745
f 5954 5745 5745
f 5954 5745 5954
f 5745 5953 5953
f 5953 5674 5674
f 5953 5674 5674
f 5953 5674 5953
f 5745 5953 5953
f 5953 5674 5674
f 5953 5674 5674
f 5953 5674 5953
f 5745 5953 5745
f 5953 5674 5953
f 5745 5953 5745
f 5953 5953 5745
f 5692 5954 5692
f 5954 5745 5954
f 5692 5954 5692
f 5954 5954 5692
f 5745 5953 5745
f 5953 5674 5953
f 5745 5953 5745
f 5953 5953 5745
f 5692 5954 5692
f 5954 5745 5954
f 5692 5954 5692
f 5954 5954 5692
f 5745 5745 5954
f 5745 5745 5954
f 5954 5954 5692
f 5745 5954 5954
f 5601 6019 5621
f 6019 6000 6023
f 5621 6023 5607
f 6019 6023 5621
f 6000 6020 6026
f 6020 5995 6024
f 6026 6024 6002
f 6020 6024 6026
f 5607 6027 5622
f 6027 6002 6025
f 5622 6025 5603
f 6027 6025 5622
f 6000 6026 6023
f 6026 6002 6027
f 6023 6027 5607
f 6026 6027 6023
f 5995 6022 6034
f 6022 6001 6036
f 6034 6036 6005
f 6022 6036 6034
f 6001 6021 6030
f 6021 5993 6028
f 6030 6028 6003
f 6021 6028 6030
f 6005 6038 6035
f 6038 6003 6029
f 6035 6029 5996
f 6038 6029 6035
f 6001 6030 6036
f 6030 6003 6038
f 6036 6038 6005
f 6030 6038 6036
f 5603 6039 5624
f 6039 6006 6041
f 5624 6041 5608
f 6039 6041 5624
f 6006 6040 6043
f 6040 5996 6032
f 6043 6032 6004
f 6040 6032 6043
f 5608 6033 5623
f 6033 6004 6031
f 5623 6031 5602
f 6033 6031 5623
f 6006 6043 6041
f 6043 6004 6033
f 6041 6033 5608
f 6043 6033 6041
f 5995 6034 6024
f 6034 6005 6037
f 6024 6037 6002
f 6034 6037 6024
f 6005 6035 6044
f 6035 5996 6040
f 6044 6040 6006
f 6035 6040 6044
f 6002 6042 6025
f 6042 6006 6039
f 6025 6039 5603
f 6042 6039 6025
f 6005 6044 6037
f 6044 6006 6042
f 6037 6042 6002
f 6044 6042 6037
f 5601 5621 5621
f 5621 5607 5607
f 5621 5607 5607
f 5621 5607 5621
f 5607 5622 5622
f 5622 5603 5603
f 5622 5603 5603
f 5622 5603 5622
f 5607 5622 5622
f 5622 5603 5603
f 5622 5603 5603
f 5622 5603 5622
f 5607 5622 5607
f 5622 5603 5622
f 5607 5622 5607
f 5622 5622 5607
f 5603 5624 5624
f 5624 5608 5608
f 5624 5608 5608
f 5624 5608 5624
f 5608 5623 5623
f 5623 5602 5602
f 5623 5602 5602
f 5623 5602 5623
f 5608 5623 5623
f 5623 5602 5602
f 5623 5602 5602
f 5623 5602 5623
f 5608 5623 5608
f 5623 5602 5623
f 5608 5623 5608
f 5623 5623 5608
f 5603 5624 5624
f 5624 5608 5608
f 5624 5608 5608
f 5624 5608 5624
f 5608 5623 5623
f 5623 5602 5602
f 5623 5602 5602
f 5623 5602 5623
f 5608 5623 5623
f 5623 5602 5602
f 5623 5602 5602
f 5623 5602 5623
f 5608 5623 5608
f 5623 5602 5623
f 5608 5623 5608
f 5623 5623 5608
f 5603 5624 5603
f 5624 5608 5624
f 5603 5624 5603
f 5624 5624 5603
f 5608 5623 5608
f 5623 5602 5623
f 5608 5623 5608
f 5623 5623 5608
f 5603 5624 5603
f 5624 5608 5624
f 5603 5624 5603
f 5624 5624 5603
f 5608 5608 5624
f 5608 5608 5624
f 5624 5624 5603
f 5608 5624 5624
f 5994 6076 6057
f 6076 6015 6078
f 6057 6078 6011
f 6076 6078 6057
f 6015 6077 6086
f 6077 5999 6083
f 6086 6083 6017
f 6077 6083 6086
f 6011 6084 6058
f 6084 6017 6082
f 6058 6082 5998
f 6084 6082 6058
f 6015 6086 6078
f 6086 6017 6084
f 6078 6084 6011
f 6086 6084 6078
f 5999 6080 6088
f 6080 6016 6091
f 6088 6091 6018
f 6080 6091 6088
f 6016 6079 6081
f 6079 5673 5779
f 6081 5779 5700
f 6079 5779 6081
f 6018 6089 6087
f 6089 5700 5780
f 6087 5780 5680
f 6089 5780 6087
f 6016 6081 6091
f 6081 5700 6089
f 6091 6089 6018
f 6081 6089 6091
f 5998 6072 6055
f 6072 6014 6074
f 6055 6074 6010
f 6072 6074 6055
f 6014 6073 6075
f 6073 5680 5783
f 6075 5783 5701
f 6073 5783 6075
f 6010 6071 6054
f 6071 5701 5782
f 6054 5782 5602
f 6071 5782 6054
f 6014 6075 6074
f 6075 5701 6071
f 6074 6071 6010
f 6075 6071 6074
f 5999 6088 6083
f 6088 6018 6092
f 6083 6092 6017
f 6088 6092 6083
f 6018 6087 6090
f 6087 5680 6073
f 6090 6073 6014
f 6087 6073 6090
f 6017 6085 6082
f 6085 6014 6072
f 6082 6072 5998
f 6085 6072 6082
f 6018 6090 6092
f 6090 6014 6085
f 6092 6085 6017
f 6090 6085 6092
f 5994 6057 6057
f 6057 6011 6011
f 6057 6011 6011
f 6057 6011 6057
f 6011 6058 6058
f 6058 5998 5998
f 6058 5998 5998
f 6058 5998 6058
f 6011 6058 6058
f 6058 5998 5998
f 6058 5998 5998
f 6058 5998 6058
f 6011 6058 6011
f 6058 5998 6058
f 6011 6058 6011
f 6058 6058 6011
f 5998 6055 6055
f 6055 6010 6010
f 6055 6010 6010
f 6055 6010 6055
f 6010 6054 6054
f 6054 5602 5602
f 6054 5602 5602
f 6054 5602 6054
f 6010 6054 6054
f 6054 5602 5602
f 6054 5602 5602
f 6054 5602 6054
f 6010 6054 6010
f 6054 5602 6054
f 6010 6054 6010
f 6054 6054 6010
f 5998 6055 6055
f 6055 6010 6010
f 6055 6010 6010
f 6055 6010 6055
f 6010 6054 6054
f 6054 5602 5602
f 6054 5602 5602
f 6054 5602 6054
f 6010 6054 6054
f 6054 5602 5602
f 6054 5602 5602
f 6054 5602 6054
f 6010 6054 6010
f 6054 5602 6054
f 6010 6054 6010
f 6054 6054 6010
f 5998 6055 5998
f 6055 6010 6055
f 5998 6055 5998
f 6055 6055 5998
f 6010 6054 6010
f 6054 5602 6054
f 6010 6054 6010
f 6054 6054 6010
f 5998 6055 5998
f 6055 6010 6055
f 5998 6055 5998
f 6055 6055 5998
f 6010 6010 6055
f 6010 6010 6055
f 6055 6055 5998
f 6010 6055 6055
f 5993 6045 6028
f 6045 6007 6047
f 6028 6047 6003
f 6045 6047 6028
f 6007 6046 6053
f 6046 5997 6051
f 6053 6051 6009
f 6046 6051 6053
f 6003 6052 6029
f 6052 6009 6050
f 6029 6050 5996
f 6052 6050 6029
f 6007 6053 6047
f 6053 6009 6052
f 6047 6052 6003
f 6053 6052 6047
f 5997 6049 6065
f 6049 6008 6067
f 6065 6067 6013
f 6049 6067 6065
f 6008 6048 6059
f 6048 5994 6057
f 6059 6057 6011
f 6048 6057 6059
f 6013 6069 6066
f 6069 6011 6058
f 6066 6058 5998
f 6069 6058 6066
f 6008 6059 6067
f 6059 6011 6069
f 6067 6069 6013
f 6059 6069 6067
f 5996 6060 6032
f 6060 6012 6062
f 6032 6062 6004
f 6060 6062 6032
f 6012 6061 6064
f 6061 5998 6055
f 6064 6055 6010
f 6061 6055 6064
f 6004 6056 6031
f 6056 6010 6054
f 6031 6054 5602
f 6056 6054 6031
f 6012 6064 6062
f 6064 6010 6056
f 6062 6056 6004
f 6064 6056 6062
f 5997 6065 6051
f 6065 6013 6068
f 6051 6068 6009
f 6065 6068 6051
f 6013 6066 6070
f 6066 5998 6061
f 6070 6061 6012
f 6066 6061 6070
f 6009 6063 6050
f 6063 6012 6060
f 6050 6060 5996
f 6063 6060 6050
f 6013 6070 6068
f 6070 6012 6063
f 6068 6063 6009
f 6070 6063 6068
f 5993 6028 6028
f 6028 6003 6003
f 6028 6003 6003
f 6028 6003 6028
f 6003 6029 6029
f 6029 5996 5996
f 6029 5996 5996
f 6029 5996 6029
f 6003 6029 6029
f 6029 5996 5996
f 6029 5996 5996
f 6029 5996 6029
f 6003 6029 6003
f 6029 5996 6029
f 6003 6029 6003
f 6029 6029 6003
f 5996 6032 6032
f 6032 6004 6004
f 6032 6004 6004
f 6032 6004 6032
f 6004 6031 6031
f 6031 5602 5602
f 6031 5602 5602
f 6031 5602 6031
f 6004 6031 6031
f 6031 5602 5602
f 6031 5602 5602
f 6031 5602 6031
f 6004 6031 6004
f 6031 5602 6031
f 6004 6031 6004
f 6031 6031 6004
f 5996 6032 6032
f 6032 6004 6004
f 6032 6004 6004
f 6032 6004 6032
f 6004 6031 6031
f 6031 5602 5602
f 6031 5602 5602
f 6031 5602 6031
f 6004 6031 6031
f 6031 5602 5602
f 6031 5602 5602
f 6031 5602 6031
f 6004 6031 6004
f 6031 5602 6031
f 6004 6031 6004
f 6031 6031 6004
f 5996 6032 5996
f 6032 6004 6032
f 5996 6032 5996
f 6032 6032 5996
f 6004 6031 6004
f 6031 5602 6031
f 6004 6031 6004
f 6031 6031 6004
f 5996 6032 5996
f 6032 6004 6032
f 5996 6032 5996
f 6032 6032 5996
f 6004 6004 6032
f 6004 6004 6032
f 6032 6032 5996
f 6004 6032 6032
f 686 5951 1589
f 5951 5744 6125
f 1589 6125 934
f 5951 6125 1589
f 5744 5952 6128
f 5952 5691 6126
f 6128 6126 6101
f 5952 6126 6128
f 934 6129 1590
f 6129 6101 6127
f 1590 6127 753
f 6129 6127 1590
f 5744 6128 6125
f 6128 6101 6129
f 6125 6129 934
f 6128 6129 6125
f 5691 5950 6136
f 5950 5743 6138
f 6136 6138 6104
f 5950 6138 6136
f 5743 5949 6132
f 5949 5674 6130
f 6132 6130 6102
f 5949 6130 6132
f 6104 6140 6137
f 6140 6102 6131
f 6137 6131 6095
f 6140 6131 6137
f 5743 6132 6138
f 6132 6102 6140
f 6138 6140 6104
f 6132 6140 6138
f 753 6141 1593
f 6141 6105 6143
f 1593 6143 935
f 6141 6143 1593
f 6105 6142 6145
f 6142 6095 6134
f 6145 6134 6103
f 6142 6134 6145
f 935 6135 1592
f 6135 6103 6133
f 1592 6133 693
f 6135 6133 1592
f 6105 6145 6143
f 6145 6103 6135
f 6143 6135 935
f 6145 6135 6143
f 5691 6136 6126
f 6136 6104 6139
f 6126 6139 6101
f 6136 6139 6126
f 6104 6137 6146
f 6137 6095 6142
f 6146 6142 6105
f 6137 6142 6146
f 6101 6144 6127
f 6144 6105 6141
f 6127 6141 753
f 6144 6141 6127
f 6104 6146 6139
f 6146 6105 6144
f 6139 6144 6101
f 6146 6144 6139
f 686 1589 1589
f 1589 934 934
f 1589 934 934
f 1589 934 1589
f 934 1590 1590
f 1590 753 753
f 1590 753 753
f 1590 753 1590
f 934 1590 1590
f 1590 753 753
f 1590 753 753
f 1590 753 1590
f 934 1590 934
f 1590 753 1590
f 934 1590 934
f 1590 1590 934
f 753 1593 1593
f 1593 935 935
f 1593 935 935
f 1593 935 1593
f 935 1592 1592
f 1592 693 693
f 1592 693 693
f 1592 693 1592
f 935 1592 1592
f 1592 693 693
f 1592 693 693
f 1592 693 1592
f 935 1592 935
f 1592 693 1592
f 935 1592 935
f 1592 1592 935
f 753 1593 1593
f 1593 935 935
f 1593 935 935
f 1593 935 1593
f 935 1592 1592
f 1592 693 693
f 1592 693 693
f 1592 693 1592
f 935 1592 1592
f 1592 693 693
f 1592 693 693
f 1592 693 1592
f 935 1592 935
f 1592 693 1592
f 935 1592 935
f 1592 1592 935
f 753 1593 753
f 1593 935 1593
f 753 1593 753
f 1593 1593 753
f 935 1592 935
f 1592 693 1592
f 935 1592 935
f 1592 1592 935
f 753 1593 753
f 1593 935 1593
f 753 1593 753
f 1593 1593 753
f 935 935 1593
f 935 935 1593
f 1593 1593 753
f 935 1593 1593
f 6093 6159 6150
f 6159 6110 6161
f 6150 6161 6107
f 6159 6161 6150
f 6110 6160 6171
f 6160 6097 6168
f 6171 6168 6112
f 6160 6168 6171
f 6107 6169 6151
f 6169 6112 6167
f 6151 6167 6096
f 6169 6167 6151
f 6110 6171 6161
f 6171 6112 6169
f 6161 6169 6107
f 6171 6169 6161
f 6097 6157 6163
f 6157 6109 6166
f 6163 6166 6111
f 6157 6166 6163
f 6109 6156 6158
f 6156 693 6133
f 6158 6133 6103
f 6156 6133 6158
f 6111 6164 6162
f 6164 6103 6134
f 6162 6134 6095
f 6164 6134 6162
f 6109 6158 6166
f 6158 6103 6164
f 6166 6164 6111
f 6158 6164 6166
f 6096 6153 6148
f 6153 6108 6155
f 6148 6155 6106
f 6153 6155 6148
f 6108 6152 6154
f 6152 6095 6131
f 6154 6131 6102
f 6152 6131 6154
f 6106 6149 6147
f 6149 6102 6130
f 6147 6130 5674
f 6149 6130 6147
f 6108 6154 6155
f 6154 6102 6149
f 6155 6149 6106
f 6154 6149 6155
f 6097 6163 6168
f 6163 6111 6172
f 6168 6172 6112
f 6163 6172 6168
f 6111 6162 6165
f 6162 6095 6152
f 6165 6152 6108
f 6162 6152 6165
f 6112 6170 6167
f 6170 6108 6153
f 6167 6153 6096
f 6170 6153 6167
f 6111 6165 6172
f 6165 6108 6170
f 6172 6170 6112
f 6165 6170 6172
f 6093 6150 6150
f 6150 6107 6107
f 6150 6107 6107
f 6150 6107 6150
f 6107 6151 6151
f 6151 6096 6096
f 6151 6096 6096
f 6151 6096 6151
f 6107 6151 6151
f 6151 6096 6096
f 6151 6096 6096
f 6151 6096 6151
f 6107 6151 6107
f 6151 6096 6151
f 6107 6151 6107
f 6151 6151 6107
f 6096 6148 6148
f 6148 6106 6106
f 6148 6106 6106
f 6148 6106 6148
f 6106 6147 6147
f 6147 5674 5674
f 6147 5674 5674
f 6147 5674 6147
f 6106 6147 6147
f 6147 5674 5674
f 6147 5674 5674
f 6147 5674 6147
f 6106 6147 6106
f 6147 5674 6147
f 6106 6147 6106
f 6147 6147 6106
f 6096 6148 6148
f 6148 6106 6106
f 6148 6106 6106
f 6148 6106 6148
f 6106 6147 6147
f 6147 5674 5674
f 6147 5674 5674
f 6147 5674 6147
f 6106 6147 6147
f 6147 5674 5674
f 6147 5674 5674
f 6147 5674 6147
f 6106 6147 6106
f 6147 5674 6147
f 6106 6147 6106
f 6147 6147 6106
f 6096 6148 6096
f 6148 6106 6148
f 6096 6148 6096
f 6148 6148 6096
f 6106 6147 6106
f 6147 5674 6147
f 6106 6147 6106
f 6147 6147 6106
f 6096 6148 6096
f 6148 6106 6148
f 6096 6148 6096
f 6148 6148 6096
f 6106 6106 6148
f 6106 6106 6148
f 6148 6148 6096
f 6106 6148 6148
f 5677 6181 5882
f 6181 6115 6183
f 5882 6183 5727
f 6181 6183 5882
f 6115 6182 6193
f 6182 6098 6190
f 6193 6190 6117
f 6182 6190 6193
f 5727 6191 5883
f 6191 6117 6189
f 5883 6189 5687
f 6191 6189 5883
f 6115 6193 6183
f 6193 6117 6191
f 6183 6191 5727
f 6193 6191 6183
f 6098 6179 6185
f 6179 6114 6188
f 6185 6188 6116
f 6179 6188 6185
f 6114 6178 6180
f 6178 6093 6150
f 6180 6150 6107
f 6178 6150 6180
f 6116 6186 6184
f 6186 6107 6151
f 6184 6151 6096
f 6186 6151 6184
f 6114 6180 6188
f 6180 6107 6186
f 6188 6186 6116
f 6180 6186 6188
f 5687 6175 5880
f 6175 6113 6177
f 5880 6177 5726
f 6175 6177 5880
f 6113 6174 6176
f 6174 6096 6148
f 6176 6148 6106
f 6174 6148 6176
f 5726 6173 5879
f 6173 6106 6147
f 5879 6147 5674
f 6173 6147 5879
f 6113 6176 6177
f 6176 6106 6173
f 6177 6173 5726
f 6176 6173 6177
f 6098 6185 6190
f 6185 6116 6194
f 6190 6194 6117
f 6185 6194 6190
f 6116 6184 6187
f 6184 6096 6174
f 6187 6174 6113
f 6184 6174 6187
f 6117 6192 6189
f 6192 6113 6175
f 6189 6175 5687
f 6192 6175 6189
f 6116 6187 6194
f 6187 6113 6192
f 6194 6192 6117
f 6187 6192 6194
f 5677 5882 5882
f 5882 5727 5727
f 5882 5727 5727
f 5882 5727 5882
f 5727 5883 5883
f 5883 5687 5687
f 5883 5687 5687
f 5883 5687 5883
f 5727 5883 5883
f 5883 5687 5687
f 5883 5687 5687
f 5883 5687 5883
f 5727 5883 5727
f 5883 5687 5883
f 5727 5883 5727
f 5883 5883 5727
f 5687 5880 5880
f 5880 5726 5726
f 5880 5726 5726
f 5880 5726 5880
f 5726 5879 5879
f 5879 5674 5674
f 5879 5674 5674
f 5879 5674 5879
f 5726 5879 5879
f 5879 5674 5674
f 5879 5674 5674
f 5879 5674 5879
f 5726 5879 5726
f 5879 5674 5879
f 5726 5879 5726
f 5879 5879 5726
f 5687 5880 5880
f 5880 5726 5726
f 5880 5726 5726
f 5880 5726 5880
f 5726 5879 5879
f 5879 5674 5674
f 5879 5674 5674
f 5879 5674 5879
f 5726 5879 5879
f 5879 5674 5674
f 5879 5674 5674
f 5879 5674 5879
f 5726 5879 5726
f 5879 5674 5879
f 5726 5879 5726
f 5879 5879 5726
f 5687 5880 5687
f 5880 5726 5880
f 5687 5880 5687
f 5880 5880 5687
f 5726 5879 5726
f 5879 5674 5879
f 5726 5879 5726
f 5879 5879 5726
f 5687 5880 5687
f 5880 5726 5880
f 5687 5880 5687
f 5880 5880 5687
f 5726 5726 5880
f 5726 5726 5880
f 5880 5880 5687
f 5726 5880 5880
f 6094 6198 6207
f 6198 6119 6209
f 6207 6209 6122
f 6198 6209 6207
f 6119 6199 6217
f 6199 6099 6215
f 6217 6215 6124
f 6199 6215 6217
f 6122 6219 6208
f 6219 6124 6216
f 6208 6216 6100
f 6219 6216 6208
f 6119 6217 6209
f 6217 6124 6219
f 6209 6219 6122
f 6217 6219 6209
f 6099 6196 6201
f 6196 6118 6203
f 6201 6203 6120
f 6196 6203 6201
f 6118 6195 6197
f 6195 6093 6178
f 6197 6178 6114
f 6195 6178 6197
f 6120 6202 6200
f 6202 6114 6179
f 6200 6179 6098
f 6202 6179 6200
f 6118 6197 6203
f 6197 6114 6202
f 6203 6202 6120
f 6197 6202 6203
f 6100 6211 6205
f 6211 6123 6214
f 6205 6214 6121
f 6211 6214 6205
f 6123 6210 6212
f 6210 6098 6182
f 6212 6182 6115
f 6210 6182 6212
f 6121 6206 6204
f 6206 6115 6181
f 6204 6181 5677
f 6206 6181 6204
f 6123 6212 6214
f 6212 6115 6206
f 6214 6206 6121
f 6212 6206 6214
f 6099 6201 6215
f 6201 6120 6218
f 6215 6218 6124
f 6201 6218 6215
f 6120 6200 6213
f 6200 6098 6210
f 6213 6210 6123
f 6200 6210 6213
f 6124 6220 6216
f 6220 6123 6211
f 6216 6211 6100
f 6220 6211 6216
f 6120 6213 6218
f 6213 6123 6220
f 6218 6220 6124
f 6213 6220 6218
f 6094 6207 6207
f 6207 6122 6122
f 6207 6122 6122
f 6207 6122 6207
f 6122 6208 6208
f 6208 6100 6100
f 6208 6100 6100
f 6208 6100 6208
f 6122 6208 6208
f 6208 6100 6100
f 6208 6100 6100
f 6208 6100 6208
f 6122 6208 6122
f 6208 6100 6208
f 6122 6208 6122
f 6208 6208 6122
f 6100 6205 6205
f 6205 6121 6121
f 6205 6121 6121
f 6205 6121 6205
f 6121 6204 6204
f 6204 5677 5677
f 6204 5677 5677
f 6204 5677 6204
f 6121 6204 6204
f 6204 5677 5677
f 6204 5677 5677
f 6204 5677 6204
f 6121 6204 6121
f 6204 5677 6204
f 6121 6204 6121
f 6204 6204 6121
f 6100 6205 6205
f 6205 6121 6121
f 6205 6121 6121
f 6205 6121 6205
f 6121 6204 6204
f 6204 5677 5677
f 6204 5677 5677
f 6204 5677 6204
f 6121 6204 6204
f 6204 5677 5677
f 6204 5677 5677
f 6204 5677 6204
f 6121 6204 6121
f 6204 5677 6204
f 6121 6204 6121
f 6204 6204 6121
f 6100 6205 6100
f 6205 6121 6205
f 6100 6205 6100
f 6205 6205 6100
f 6121 6204 6121
f 6204 5677 6204
f 6121 6204 6121
f 6204 6204 6121
f 6100 6205 6100
f 6205 6121 6205
f 6100 6205 6100
f 6205 6205 6100
f 6121 6121 6205
f 6121 6121 6205
f 6205 6205 6100
f 6121 6205 6205
f 6094 6207 6237
f 6207 6122 6239
f 6237 6239 6225
f 6207 6239 6237
f 6122 6208 6244
f 6208 6100 6242
f 6244 6242 6227
f 6208 6242 6244
f 6225 6245 6238
f 6245 6227 6243
f 6238 6243 6222
f 6245 6243 6238
f 6122 6244 6239
f 6244 6227 6245
f 6239 6245 6225
f 6244 6245 6239
f 6100 6205 6248
f 6205 6121 6250
f 6248 6250 6228
f 6205 6250 6248
f 6121 6204 6246
f 6204 5677 5891
f 6246 5891 5730
f 6204 5891 6246
f 6228 6252 6249
f 6252 5730 5892
f 6249 5892 5688
f 6252 5892 6249
f 6121 6246 6250
f 6246 5730 6252
f 6250 6252 6228
f 6246 6252 6250
f 6222 6253 6241
f 6253 6229 6255
f 6241 6255 6226
f 6253 6255 6241
f 6229 6254 6257
f 6254 5688 5889
f 6257 5889 5729
f 6254 5889 6257
f 6226 6247 6240
f 6247 5729 5888
f 6240 5888 5676
f 6247 5888 6240
f 6229 6257 6255
f 6257 5729 6247
f 6255 6247 6226
f 6257 6247 6255
f 6100 6248 6242
f 6248 6228 6251
f 6242 6251 6227
f 6248 6251 6242
f 6228 6249 6258
f 6249 5688 6254
f 6258 6254 6229
f 6249 6254 6258
f 6227 6256 6243
f 6256 6229 6253
f 6243 6253 6222
f 6256 6253 6243
f 6228 6258 6251
f 6258 6229 6256
f 6251 6256 6227
f 6258 6256 6251
f 6094 6237 6237
f 6237 6225 6225
f 6237 6225 6225
f 6237 6225 6237
f 6225 6238 6238
f 6238 6222 6222
f 6238 6222 6222
f 6238 6222 6238
f 6225 6238 6238
f 6238 6222 6222
f 6238 6222 6222
f 6238 6222 6238
f 6225 6238 6225
f 6238 6222 6238
f 6225 6238 6225
f 6238 6238 6225
f 6222 6241 6241
f 6241 6226 6226
f 6241 6226 6226
f 6241 6226 6241
f 6226 6240 6240
f 6240 5676 5676
f 6240 5676 5676
f 6240 5676 6240
f 6226 6240 6240
f 6240 5676 5676
f 6240 5676 5676
f 6240 5676 6240
f 6226 6240 6226
f 6240 5676 6240
f 6226 6240 6226
f 6240 6240 6226
f 6222 6241 6241
f 6241 6226 6226
f 6241 6226 6226
f 6241 6226 6241
f 6226 6240 6240
f 6240 5676 5676
f 6240 5676 5676
f 6240 5676 6240
f 6226 6240 6240
f 6240 5676 5676
f 6240 5676 5676
f 6240 5676 6240
f 6226 6240 6226
f 6240 5676 6240
f 6226 6240 6226
f 6240 6240 6226
f 6222 6241 6222
f 6241 6226 6241
f 6222 6241 6222
f 6241 6241 6222
f 6226 6240 6226
f 6240 5676 6240
f 6226 6240 6226
f 6240 6240 6226
f 6222 6241 6222
f 6241 6226 6241
f 6222 6241 6222
f 6241 6241 6222
f 6226 6226 6241
f 6226 6226 6241
f 6241 6241 6222
f 6226 6241 6241
f 6221 6262 6271
f 6262 6231 6273
f 6271 6273 6234
f 6262 6273 6271
f 6231 6263 6281
f 6263 6223 6279
f 6281 6279 6236
f 6263 6279 6281
f 6234 6283 6272
f 6283 6236 6280
f 6272 6280 6224
f 6283 6280 6272
f 6231 6281 6273
f 6281 6236 6283
f 6273 6283 6234
f 6281 6283 6273
f 6223 6260 6265
f 6260 6230 6267
f 6265 6267 6232
f 6260 6267 6265
f 6230 6259 6261
f 6259 6094 6237
f 6261 6237 6225
f 6259 6237 6261
f 6232 6266 6264
f 6266 6225 6238
f 6264 6238 6222
f 6266 6238 6264
f 6230 6261 6267
f 6261 6225 6266
f 6267 6266 6232
f 6261 6266 6267
f 6224 6275 6269
f 6275 6235 6278
f 6269 6278 6233
f 6275 6278 6269
f 6235 6274 6276
f 6274 6222 6241
f 6276 6241 6226
f 6274 6241 6276
f 6233 6270 6268
f 6270 6226 6240
f 6268 6240 5676
f 6270 6240 6268
f 6235 6276 6278
f 6276 6226 6270
f 6278 6270 6233
f 6276 6270 6278
f 6223 6265 6279
f 6265 6232 6282
f 6279 6282 6236
f 6265 6282 6279
f 6232 6264 6277
f 6264 6222 6274
f 6277 6274 6235
f 6264 6274 6277
f 6236 6284 6280
f 6284 6235 6275
f 6280 6275 6224
f 6284 6275 6280
f 6232 6277 6282
f 6277 6235 6284
f 6282 6284 6236
f 6277 6284 6282
f 6221 6271 6271
f 6271 6234 6234
f 6271 6234 6234
f 6271 6234 6271
f 6234 6272 6272
f 6272 6224 6224
f 6272 6224 6224
f 6272 6224 6272
f 6234 6272 6272
f 6272 6224 6224
f 6272 6224 6224
f 6272 6224 6272
f 6234 6272 6234
f 6272 6224 6272
f 6234 6272 6234
f 6272 6272 6234
f 6224 6269 6269
f 6269 6233 6233
f 6269 6233 6233
f 6269 6233 6269
f 6233 6268 6268
f 6268 5676 5676
f 6268 5676 5676
f 6268 5676 6268
f 6233 6268 6268
f 6268 5676 5676
f 6268 5676 5676
f 6268 5676 6268
f 6233 6268 6233
f 6268 5676 6268
f 6233 6268 6233
f 6268 6268 6233
f 6224 6269 6269
f 6269 6233 6233
f 6269 6233 6233
f 6269 6233 6269
f 6233 6268 6268
f 6268 5676 5676
f 6268 5676 5676
f 6268 5676 6268
f 6233 6268 6268
f 6268 5676 5676
f 6268 5676 5676
f 6268 5676 6268
f 6233 6268 6233
f 6268 5676 6268
f 6233 6268 6233
f 6268 6268 6233
f 6224 6269 6224
f 6269 6233 6269
f 6224 6269 6224
f 6269 6269 6224
f 6233 6268 6233
f 6268 5676 6268
f 6233 6268 6233
f 6268 6268 6233
f 6224 6269 6224
f 6269 6233 6269
f 6224 6269 6224
f 6269 6269 6224
f 6233 6233 6269
f 6233 6233 6269
f 6269 6269 6224
f 6233 6269 6269
f 6285 6313 6317
f 6313 6291 6319
f 6317 6319 6293
f 6313 6319 6317
f 6291 6314 6324
f 6314 6286 6322
f 6324 6322 6295
f 6314 6322 6324
f 6293 6325 6318
f 6325 6295 6323
f 6318 6323 6287
f 6325 6323 6318
f 6291 6324 6319
f 6324 6295 6325
f 6319 6325 6293
f 6324 6325 6319
f 6286 6316 6332
f 6316 6292 6334
f 6332 6334 6298
f 6316 6334 6332
f 6292 6315 6328
f 6315 5601 6326
f 6328 6326 6296
f 6315 6326 6328
f 6298 6336 6333
f 6336 6296 6327
f 6333 6327 6288
f 6336 6327 6333
f 6292 6328 6334
f 6328 6296 6336
f 6334 6336 6298
f 6328 6336 6334
f 6287 6337 6321
f 6337 6299 6339
f 6321 6339 6294
f 6337 6339 6321
f 6299 6338 6341
f 6338 6288 6330
f 6341 6330 6297
f 6338 6330 6341
f 6294 6331 6320
f 6331 6297 6329
f 6320 6329 690
f 6331 6329 6320
f 6299 6341 6339
f 6341 6297 6331
f 6339 6331 6294
f 6341 6331 6339
f 6286 6332 6322
f 6332 6298 6335
f 6322 6335 6295
f 6332 6335 6322
f 6298 6333 6342
f 6333 6288 6338
f 6342 6338 6299
f 6333 6338 6342
f 6295 6340 6323
f 6340 6299 6337
f 6323 6337 6287
f 6340 6337 6323
f 6298 6342 6335
f 6342 6299 6340
f 6335 6340 6295
f 6342 6340 6335
f 6285 6317 6317
f 6317 6293 6293
f 6317 6293 6293
f 6317 6293 6317
f 6293 6318 6318
f 6318 6287 6287
f 6318 6287 6287
f 6318 6287 6318
f 6293 6318 6318
f 6318 6287 6287
f 6318 6287 6287
f 6318 6287 6318
f 6293 6318 6293
f 6318 6287 6318
f 6293 6318 6293
f 6318 6318 6293
f 6287 6321 6321
f 6321 6294 6294
f 6321 6294 6294
f 6321 6294 6321
f 6294 6320 6320
f 6320 690 690
f 6320 690 690
f 6320 690 6320
f 6294 6320 6320
f 6320 690 690
f 6320 690 690
f 6320 690 6320
f 6294 6320 6294
f 6320 690 6320
f 6294 6320 6294
f 6320 6320 6294
f 6287 6321 6321
f 6321 6294 6294
f 6321 6294 6294
f 6321 6294 6321
f 6294 6320 6320
f 6320 690 690
f 6320 690 690
f 6320 690 6320
f 6294 6320 6320
f 6320 690 690
f 6320 690 690
f 6320 690 6320
f 6294 6320 6294
f 6320 690 6320
f 6294 6320 6294
f 6320 6320 6294
f 6287 6321 6287
f 6321 6294 6321
f 6287 6321 6287
f 6321 6321 6287
f 6294 6320 6294
f 6320 690 6320
f 6294 6320 6294
f 6320 6320 6294
f 6287 6321 6287
f 6321 6294 6321
f 6287 6321 6287
f 6321 6321 6287
f 6294 6294 6321
f 6294 6294 6321
f 6321 6321 6287
f 6294 6321 6321
f 6285 6343 6313
f 6343 6300 6345
f 6313 6345 6291
f 6343 6345 6313
f 6300 6344 6351
f 6344 6289 6349
f 6351 6349 6302
f 6344 6349 6351
f 6291 6350 6314
f 6350 6302 6348
f 6314 6348 6286
f 6350 6348 6314
f 6300 6351 6345
f 6351 6302 6350
f 6345 6350 6291
f 6351 6350 6345
f 6289 6347 6359
f 6347 6301 6361
f 6359 6361 6304
f 6347 6361 6359
f 6301 6346 6353
f 6346 5993 6021
f 6353 6021 6001
f 6346 6021 6353
f 6304 6363 6360
f 6363 6001 6022
f 6360 6022 5995
f 6363 6022 6360
f 6301 6353 6361
f 6353 6001 6363
f 6361 6363 6304
f 6353 6363 6361
f 6286 6354 6316
f 6354 6303 6356
f 6316 6356 6292
f 6354 6356 6316
f 6303 6355 6358
f 6355 5995 6020
f 6358 6020 6000
f 6355 6020 6358
f 6292 6352 6315
f 6352 6000 6019
f 6315 6019 5601
f 6352 6019 6315
f 6303 6358 6356
f 6358 6000 6352
f 6356 6352 6292
f 6358 6352 6356
f 6289 6359 6349
f 6359 6304 6362
f 6349 6362 6302
f 6359 6362 6349
f 6304 6360 6364
f 6360 5995 6355
f 6364 6355 6303
f 6360 6355 6364
f 6302 6357 6348
f 6357 6303 6354
f 6348 6354 6286
f 6357 6354 6348
f 6304 6364 6362
f 6364 6303 6357
f 6362 6357 6302
f 6364 6357 6362
f 6285 6313 6313
f 6313 6291 6291
f 6313 6291 6291
f 6313 6291 6313
f 6291 6314 6314
f 6314 6286 6286
f 6314 6286 6286
f 6314 6286 6314
f 6291 6314 6314
f 6314 6286 6286
f 6314 6286 6286
f 6314 6286 6314
f 6291 6314 6291
f 6314 6286 6314
f 6291 6314 6291
f 6314 6314 6291
f 6286 6316 6316
f 6316 6292 6292
f 6316 6292 6292
f 6316 6292 6316
f 6292 6315 6315
f 6315 5601 5601
f 6315 5601 5601
f 6315 5601 6315
f 6292 6315 6315
f 6315 5601 5601
f 6315 5601 5601
f 6315 5601 6315
f 6292 6315 6292
f 6315 5601 6315
f 6292 6315 6292
f 6315 6315 6292
f 6286 6316 6316
f 6316 6292 6292
f 6316 6292 6292
f 6316 6292 6316
f 6292 6315 6315
f 6315 5601 5601
f 6315 5601 5601
f 6315 5601 6315
f 6292 6315 6315
f 6315 5601 5601
f 6315 5601 5601
f 6315 5601 6315
f 6292 6315 6292
f 6315 5601 6315
f 6292 6315 6292
f 6315 6315 6292
f 6286 6316 6286
f 6316 6292 6316
f 6286 6316 6286
f 6316 6316 6286
f 6292 6315 6292
f 6315 5601 6315
f 6292 6315 6292
f 6315 6315 6292
f 6286 6316 6286
f 6316 6292 6316
f 6286 6316 6286
f 6316 6316 6286
f 6292 6292 6316
f 6292 6292 6316
f 6316 6316 6286
f 6292 6316 6316
f 688 6368 1484
f 6368 6306 6392
f 1484 6392 905
f 6368 6392 1484
f 6306 6369 6396
f 6369 6290 6394
f 6396 6394 6311
f 6369 6394 6396
f 905 6398 1485
f 6398 6311 6395
f 1485 6395 744
f 6398 6395 1485
f 6306 6396 6392
f 6396 6311 6398
f 6392 6398 905
f 6396 6398 6392
f 6290 6366 6388
f 6366 6305 6390
f 6388 6390 6310
f 6366 6390 6388
f 6305 6365 6387
f 6365 5601 5651
f 6387 5651 5616
f 6365 5651 6387
f 6310 6391 6389
f 6391 5616 5652
f 6389 5652 5606
f 6391 5652 6389
f 6305 6387 6390
f 6387 5616 6391
f 6390 6391 6310
f 6387 6391 6390
f 744 6400 1482
f 6400 6312 6403
f 1482 6403 904
f 6400 6403 1482
f 6312 6399 6401
f 6399 5606 5655
f 6401 5655 5617
f 6399 5655 6401
f 904 6393 1481
f 6393 5617 5654
f 1481 5654 683
f 6393 5654 1481
f 6312 6401 6403
f 6401 5617 6393
f 6403 6393 904
f 6401 6393 6403
f 6290 6388 6394
f 6388 6310 6397
f 6394 6397 6311
f 6388 6397 6394
f 6310 6389 6402
f 6389 5606 6399
f 6402 6399 6312
f 6389 6399 6402
f 6311 6404 6395
f 6404 6312 6400
f 6395 6400 744
f 6404 6400 6395
f 6310 6402 6397
f 6402 6312 6404
f 6397 6404 6311
f 6402 6404 6397
f 688 1484 1484
f 1484 905 905
f 1484 905 905
f 1484 905 1484
f 905 1485 1485
f 1485 744 744
f 1485 744 744
f 1485 744 1485
f 905 1485 1485
f 1485 744 744
f 1485 744 744
f 1485 744 1485
f 905 1485 905
f 1485 744 1485
f 905 1485 905
f 1485 1485 905
f 744 1482 1482
f 1482 904 904
f 1482 904 904
f 1482 904 1482
f 904 1481 1481
f 1481 683 683
f 1481 683 683
f 1481 683 1481
f 904 1481 1481
f 1481 683 683
f 1481 683 683
f 1481 683 1481
f 904 1481 904
f 1481 683 1481
f 904 1481 904
f 1481 1481 904
f 744 1482 1482
f 1482 904 904
f 1482 904 904
f 1482 904 1482
f 904 1481 1481
f 1481 683 683
f 1481 683 683
f 1481 683 1481
f 904 1481 1481
f 1481 683 683
f 1481 683 683
f 1481 683 1481
f 904 1481 904
f 1481 683 1481
f 904 1481 904
f 1481 1481 904
f 744 1482 744
f 1482 904 1482
f 744 1482 744
f 1482 1482 744
f 904 1481 904
f 1481 683 1481
f 904 1481 904
f 1481 1481 904
f 744 1482 744
f 1482 904 1482
f 744 1482 744
f 1482 1482 744
f 904 904 1482
f 904 904 1482
f 1482 1482 744
f 904 1482 1482
f 5601 6365 6326
f 6365 6305 6367
f 6326 6367 6296
f 6365 6367 6326
f 6305 6366 6373
f 6366 6290 6371
f 6373 6371 6307
f 6366 6371 6373
f 6296 6372 6327
f 6372 6307 6370
f 6327 6370 6288
f 6372 6370 6327
f 6305 6373 6367
f 6373 6307 6372
f 6367 6372 6296
f 6373 6372 6367
f 6290 6369 6381
f 6369 6306 6383
f 6381 6383 6309
f 6369 6383 6381
f 6306 6368 6375
f 6368 688 1524
f 6375 1524 915
f 6368 1524 6375
f 6309 6385 6382
f 6385 915 1525
f 6382 1525 747
f 6385 1525 6382
f 6306 6375 6383
f 6375 915 6385
f 6383 6385 6309
f 6375 6385 6383
f 6288 6376 6330
f 6376 6308 6378
f 6330 6378 6297
f 6376 6378 6330
f 6308 6377 6380
f 6377 747 1528
f 6380 1528 916
f 6377 1528 6380
f 6297 6374 6329
f 6374 916 1527
f 6329 1527 690
f 6374 1527 6329
f 6308 6380 6378
f 6380 916 6374
f 6378 6374 6297
f 6380 6374 6378
f 6290 6381 6371
f 6381 6309 6384
f 6371 6384 6307
f 6381 6384 6371
f 6309 6382 6386
f 6382 747 6377
f 6386 6377 6308
f 6382 6377 6386
f 6307 6379 6370
f 6379 6308 6376
f 6370 6376 6288
f 6379 6376 6370
f 6309 6386 6384
f 6386 6308 6379
f 6384 6379 6307
f 6386 6379 6384
f 5601 6326 6326
f 6326 6296 6296
f 6326 6296 6296
f 6326 6296 6326
f 6296 6327 6327
f 6327 6288 6288
f 6327 6288 6288
f 6327 6288 6327
f 6296 6327 6327
f 6327 6288 6288
f 6327 6288 6288
f 6327 6288 6327
f 6296 6327 6296
f 6327 6288 6327
f 6296 6327 6296
f 6327 6327 6296
f 6288 6330 6330
f 6330 6297 6297
f 6330 6297 6297
f 6330 6297 6330
f 6297 6329 6329
f 6329 690 690
f 6329 690 690
f 6329 690 6329
f 6297 6329 6329
f 6329 690 690
f 6329 690 690
f 6329 690 6329
f 6297 6329 6297
f 6329 690 6329
f 6297 6329 6297
f 6329 6329 6297
f 6288 6330 6330
f 6330 6297 6297
f 6330 6297 6297
f 6330 6297 6330
f 6297 6329 6329
f 6329 690 690
f 6329 690 690
f 6329 690 6329
f 6297 6329 6329
f 6329 690 690
f 6329 690 690
f 6329 690 6329
f 6297 6329 6297
f 6329 690 6329
f 6297 6329 6297
f 6329 6329 6297
f 6288 6330 6288
f 6330 6297 6330
f 6288 6330 6288
f 6330 6330 6288
f 6297 6329 6297
f 6329 690 6329
f 6297 6329 6297
f 6329 6329 6297
f 6288 6330 6288
f 6330 6297 6330
f 6288 6330 6288
f 6330 6330 6288
f 6297 6297 6330
f 6297 6297 6330
f 6330 6330 6288
f 6297 6330 6330
f 5673 6079 5827
f 6079 6016 6457
f 5827 6457 5712
f 6079 6457 5827
f 6016 6080 6460
f 6080 5999 6458
f 6460 6458 6415
f 6080 6458 6460
f 5712 6461 5828
f 6461 6415 6459
f 5828 6459 5683
f 6461 6459 5828
f 6016 6460 6457
f 6460 6415 6461
f 6457 6461 5712
f 6460 6461 6457
f 5999 6077 6468
f 6077 6015 6470
f 6468 6470 6418
f 6077 6470 6468
f 6015 6076 6464
f 6076 5994 6462
f 6464 6462 6416
f 6076 6462 6464
f 6418 6472 6469
f 6472 6416 6463
f 6469 6463 6406
f 6472 6463 6469
f 6015 6464 6470
f 6464 6416 6472
f 6470 6472 6418
f 6464 6472 6470
f 5683 6473 5831
f 6473 6419 6475
f 5831 6475 5713
f 6473 6475 5831
f 6419 6474 6477
f 6474 6406 6466
f 6477 6466 6417
f 6474 6466 6477
f 5713 6467 5830
f 6467 6417 6465
f 5830 6465 5675
f 6467 6465 5830
f 6419 6477 6475
f 6477 6417 6467
f 6475 6467 5713
f 6477 6467 6475
f 5999 6468 6458
f 6468 6418 6471
f 6458 6471 6415
f 6468 6471 6458
f 6418 6469 6478
f 6469 6406 6474
f 6478 6474 6419
f 6469 6474 6478
f 6415 6476 6459
f 6476 6419 6473
f 6459 6473 5683
f 6476 6473 6459
f 6418 6478 6471
f 6478 6419 6476
f 6471 6476 6415
f 6478 6476 6471
f 5673 5827 5827
f 5827 5712 5712
f 5827 5712 5712
f 5827 5712 5827
f 5712 5828 5828
f 5828 5683 5683
f 5828 5683 5683
f 5828 5683 5828
f 5712 5828 5828
f 5828 5683 5683
f 5828 5683 5683
f 5828 5683 5828
f 5712 5828 5712
f 5828 5683 5828
f 5712 5828 5712
f 5828 5828 5712
f 5683 5831 5831
f 5831 5713 5713
f 5831 5713 5713
f 5831 5713 5831
f 5713 5830 5830
f 5830 5675 5675
f 5830 5675 5675
f 5830 5675 5830
f 5713 5830 5830
f 5830 5675 5675
f 5830 5675 5675
f 5830 5675 5830
f 5713 5830 5713
f 5830 5675 5830
f 5713 5830 5713
f 5830 5830 5713
f 5683 5831 5831
f 5831 5713 5713
f 5831 5713 5713
f 5831 5713 5831
f 5713 5830 5830
f 5830 5675 5675
f 5830 5675 5675
f 5830 5675 5830
f 5713 5830 5830
f 5830 5675 5675
f 5830 5675 5675
f 5830 5675 5830
f 5713 5830 5713
f 5830 5675 5830
f 5713 5830 5713
f 5830 5830 5713
f 5683 5831 5683
f 5831 5713 5831
f 5683 5831 5683
f 5831 5831 5683
f 5713 5830 5713
f 5830 5675 5830
f 5713 5830 5713
f 5830 5830 5713
f 5683 5831 5683
f 5831 5713 5831
f 5683 5831 5683
f 5831 5831 5683
f 5713 5713 5831
f 5713 5713 5831
f 5831 5831 5683
f 5713 5831 5831
f 689 6479 1533
f 6479 6420 6483
f 1533 6483 918
f 6479 6483 1533
f 6420 6480 6486
f 6480 6407 6484
f 6486 6484 6422
f 6480 6484 6486
f 918 6487 1534
f 6487 6422 6485
f 1534 6485 748
f 6487 6485 1534
f 6420 6486 6483
f 6486 6422 6487
f 6483 6487 918
f 6486 6487 6483
f 6407 6482 6490
f 6482 6421 6492
f 6490 6492 6423
f 6482 6492 6490
f 6421 6481 6488
f 6481 6285 6317
f 6488 6317 6293
f 6481 6317 6488
f 6423 6494 6491
f 6494 6293 6318
f 6491 6318 6287
f 6494 6318 6491
f 6421 6488 6492
f 6488 6293 6494
f 6492 6494 6423
f 6488 6494 6492
f 748 6495 1537
f 6495 6424 6497
f 1537 6497 919
f 6495 6497 1537
f 6424 6496 6499
f 6496 6287 6321
f 6499 6321 6294
f 6496 6321 6499
f 919 6489 1536
f 6489 6294 6320
f 1536 6320 690
f 6489 6320 1536
f 6424 6499 6497
f 6499 6294 6489
f 6497 6489 919
f 6499 6489 6497
f 6407 6490 6484
f 6490 6423 6493
f 6484 6493 6422
f 6490 6493 6484
f 6423 6491 6500
f 6491 6287 6496
f 6500 6496 6424
f 6491 6496 6500
f 6422 6498 6485
f 6498 6424 6495
f 6485 6495 748
f 6498 6495 6485
f 6423 6500 6493
f 6500 6424 6498
f 6493 6498 6422
f 6500 6498 6493
f 689 1533 1533
f 1533 918 918
f 1533 918 918
f 1533 918 1533
f 918 1534 1534
f 1534 748 748
f 1534 748 748
f 1534 748 1534
f 918 1534 1534
f 1534 748 748
f 1534 748 748
f 1534 748 1534
f 918 1534 918
f 1534 748 1534
f 918 1534 918
f 1534 1534 918
f 748 1537 1537
f 1537 919 919
f 1537 919 919
f 1537 919 1537
f 919 1536 1536
f 1536 690 690
f 1536 690 690
f 1536 690 1536
f 919 1536 1536
f 1536 690 690
f 1536 690 690
f 1536 690 1536
f 919 1536 919
f 1536 690 1536
f 919 1536 919
f 1536 1536 919
f 748 1537 1537
f 1537 919 919
f 1537 919 919
f 1537 919 1537
f 919 1536 1536
f 1536 690 690
f 1536 690 690
f 1536 690 1536
f 919 1536 1536
f 1536 690 690
f 1536 690 690
f 1536 690 1536
f 919 1536 919
f 1536 690 1536
f 919 1536 919
f 1536 1536 919
f 748 1537 748
f 1537 919 1537
f 748 1537 748
f 1537 1537 748
f 919 1536 919
f 1536 690 1536
f 919 1536 919
f 1536 1536 919
f 748 1537 748
f 1537 919 1537
f 748 1537 748
f 1537 1537 748
f 919 919 1537
f 919 919 1537
f 1537 1537 748
f 919 1537 1537
f 689 6501 6527
f 6501 6425 6529
f 6527 6529 6432
f 6501 6529 6527
f 6425 6502 6534
f 6502 6408 6532
f 6534 6532 6434
f 6502 6532 6534
f 6432 6535 6528
f 6535 6434 6533
f 6528 6533 6410
f 6535 6533 6528
f 6425 6534 6529
f 6534 6434 6535
f 6529 6535 6432
f 6534 6535 6529
f 6408 6504 6542
f 6504 6426 6544
f 6542 6544 6437
f 6504 6544 6542
f 6426 6503 6538
f 6503 6405 6536
f 6538 6536 6435
f 6503 6536 6538
f 6437 6546 6543
f 6546 6435 6537
f 6543 6537 6411
f 6546 6537 6543
f 6426 6538 6544
f 6538 6435 6546
f 6544 6546 6437
f 6538 6546 6544
f 6410 6547 6531
f 6547 6438 6549
f 6531 6549 6433
f 6547 6549 6531
f 6438 6548 6551
f 6548 6411 6540
f 6551 6540 6436
f 6548 6540 6551
f 6433 6541 6530
f 6541 6436 6539
f 6530 6539 5676
f 6541 6539 6530
f 6438 6551 6549
f 6551 6436 6541
f 6549 6541 6433
f 6551 6541 6549
f 6408 6542 6532
f 6542 6437 6545
f 6532 6545 6434
f 6542 6545 6532
f 6437 6543 6552
f 6543 6411 6548
f 6552 6548 6438
f 6543 6548 6552
f 6434 6550 6533
f 6550 6438 6547
f 6533 6547 6410
f 6550 6547 6533
f 6437 6552 6545
f 6552 6438 6550
f 6545 6550 6434
f 6552 6550 6545
f 689 6527 6527
f 6527 6432 6432
f 6527 6432 6432
f 6527 6432 6527
f 6432 6528 6528
f 6528 6410 6410
f 6528 6410 6410
f 6528 6410 6528
f 6432 6528 6528
f 6528 6410 6410
f 6528 6410 6410
f 6528 6410 6528
f 6432 6528 6432
f 6528 6410 6528
f 6432 6528 6432
f 6528 6528 6432
f 6410 6531 6531
f 6531 6433 6433
f 6531 6433 6433
f 6531 6433 6531
f 6433 6530 6530
f 6530 5676 5676
f 6530 5676 5676
f 6530 5676 6530
f 6433 6530 6530
f 6530 5676 5676
f 6530 5676 5676
f 6530 5676 6530
f 6433 6530 6433
f 6530 5676 6530
f 6433 6530 6433
f 6530 6530 6433
f 6410 6531 6531
f 6531 6433 6433
f 6531 6433 6433
f 6531 6433 6531
f 6433 6530 6530
f 6530 5676 5676
f 6530 5676 5676
f 6530 5676 6530
f 6433 6530 6530
f 6530 5676 5676
f 6530 5676 5676
f 6530 5676 6530
f 6433 6530 6433
f 6530 5676 6530
f 6433 6530 6433
f 6530 6530 6433
f 6410 6531 6410
f 6531 6433 6531
f 6410 6531 6410
f 6531 6531 6410
f 6433 6530 6433
f 6530 5676 6530
f 6433 6530 6433
f 6530 6530 6433
f 6410 6531 6410
f 6531 6433 6531
f 6410 6531 6410
f 6531 6531 6410
f 6433 6433 6531
f 6433 6433 6531
f 6531 6531 6410
f 6433 6531 6531
f 5676 6539 6268
f 6539 6436 6562
f 6268 6562 6233
f 6539 6562 6268
f 6436 6540 6566
f 6540 6411 6564
f 6566 6564 6442
f 6540 6564 6566
f 6233 6568 6269
f 6568 6442 6565
f 6269 6565 6224
f 6568 6565 6269
f 6436 6566 6562
f 6566 6442 6568
f 6562 6568 6233
f 6566 6568 6562
f 6411 6537 6558
f 6537 6435 6560
f 6558 6560 6441
f 6537 6560 6558
f 6435 6536 6555
f 6536 6405 6553
f 6555 6553 6439
f 6536 6553 6555
f 6441 6561 6559
f 6561 6439 6554
f 6559 6554 6412
f 6561 6554 6559
f 6435 6555 6560
f 6555 6439 6561
f 6560 6561 6441
f 6555 6561 6560
f 6224 6570 6272
f 6570 6443 6573
f 6272 6573 6234
f 6570 6573 6272
f 6443 6569 6571
f 6569 6412 6557
f 6571 6557 6440
f 6569 6557 6571
f 6234 6563 6271
f 6563 6440 6556
f 6271 6556 6221
f 6563 6556 6271
f 6443 6571 6573
f 6571 6440 6563
f 6573 6563 6234
f 6571 6563 6573
f 6411 6558 6564
f 6558 6441 6567
f 6564 6567 6442
f 6558 6567 6564
f 6441 6559 6572
f 6559 6412 6569
f 6572 6569 6443
f 6559 6569 6572
f 6442 6574 6565
f 6574 6443 6570
f 6565 6570 6224
f 6574 6570 6565
f 6441 6572 6567
f 6572 6443 6574
f 6567 6574 6442
f 6572 6574 6567
f 5676 6268 6268
f 6268 6233 6233
f 6268 6233 6233
f 6268 6233 6268
f 6233 6269 6269
f 6269 6224 6224
f 6269 6224 6224
f 6269 6224 6269
f 6233 6269 6269
f 6269 6224 6224
f 6269 6224 6224
f 6269 6224 6269
f 6233 6269 6233
f 6269 6224 6269
f 6233 6269 6233
f 6269 6269 6233
f 6224 6272 6272
f 6272 6234 6234
f 6272 6234 6234
f 6272 6234 6272
f 6234 6271 6271
f 6271 6221 6221
f 6271 6221 6221
f 6271 6221 6271
f 6234 6271 6271
f 6271 6221 6221
f 6271 6221 6221
f 6271 6221 6271
f 6234 6271 6234
f 6271 6221 6271
f 6234 6271 6234
f 6271 6271 6234
f 6224 6272 6272
f 6272 6234 6234
f 6272 6234 6234
f 6272 6234 6272
f 6234 6271 6271
f 6271 6221 6221
f 6271 6221 6221
f 6271 6221 6271
f 6234 6271 6271
f 6271 6221 6221
f 6271 6221 6221
f 6271 6221 6271
f 6234 6271 6234
f 6271 6221 6271
f 6234 6271 6234
f 6271 6271 6234
f 6224 6272 6224
f 6272 6234 6272
f 6224 6272 6224
f 6272 6272 6224
f 6234 6271 6234
f 6271 6221 6271
f 6234 6271 6234
f 6271 6271 6234
f 6224 6272 6224
f 6272 6234 6272
f 6224 6272 6224
f 6272 6272 6224
f 6234 6234 6272
f 6234 6234 6272
f 6272 6272 6224
f 6234 6272 6272
f 5676 6607 6530
f 6607 6451 6610
f 6530 6610 6433
f 6607 6610 6530
f 6451 6608 6624
f 6608 6414 6621
f 6624 6621 6454
f 6608 6621 6624
f 6433 6622 6531
f 6622 6454 6620
f 6531 6620 6410
f 6622 6620 6531
f 6451 6624 6610
f 6624 6454 6622
f 6610 6622 6433
f 6624 6622 6610
f 6414 6612 6632
f 6612 6452 6635
f 6632 6635 6456
f 6612 6635 6632
f 6452 6611 6614
f 6611 5993 6584
f 6614 6584 6446
f 6611 6584 6614
f 6456 6633 6631
f 6633 6446 6585
f 6631 6585 6413
f 6633 6585 6631
f 6452 6614 6635
f 6614 6446 6633
f 6635 6633 6456
f 6614 6633 6635
f 6410 6590 6528
f 6590 6448 6592
f 6528 6592 6432
f 6590 6592 6528
f 6448 6591 6593
f 6591 6413 6581
f 6593 6581 6445
f 6591 6581 6593
f 6432 6583 6527
f 6583 6445 6580
f 6527 6580 689
f 6583 6580 6527
f 6448 6593 6592
f 6593 6445 6583
f 6592 6583 6432
f 6593 6583 6592
f 6414 6632 6621
f 6632 6456 6636
f 6621 6636 6454
f 6632 6636 6621
f 6456 6631 6634
f 6631 6413 6591
f 6634 6591 6448
f 6631 6591 6634
f 6454 6623 6620
f 6623 6448 6590
f 6620 6590 6410
f 6623 6590 6620
f 6456 6634 6636
f 6634 6448 6623
f 6636 6623 6454
f 6634 6623 6636
f 5676 6530 6530
f 6530 6433 6433
f 6530 6433 6433
f 6530 6433 6530
f 6433 6531 6531
f 6531 6410 6410
f 6531 6410 6410
f 6531 6410 6531
f 6433 6531 6531
f 6531 6410 6410
f 6531 6410 6410
f 6531 6410 6531
f 6433 6531 6433
f 6531 6410 6531
f 6433 6531 6433
f 6531 6531 6433
f 6410 6528 6528
f 6528 6432 6432
f 6528 6432 6432
f 6528 6432 6528
f 6432 6527 6527
f 6527 689 689
f 6527 689 689
f 6527 689 6527
f 6432 6527 6527
f 6527 689 689
f 6527 689 689
f 6527 689 6527
f 6432 6527 6432
f 6527 689 6527
f 6432 6527 6432
f 6527 6527 6432
f 6410 6528 6528
f 6528 6432 6432
f 6528 6432 6432
f 6528 6432 6528
f 6432 6527 6527
f 6527 689 689
f 6527 689 689
f 6527 689 6527
f 6432 6527 6527
f 6527 689 689
f 6527 689 689
f 6527 689 6527
f 6432 6527 6432
f 6527 689 6527
f 6432 6527 6432
f 6527 6527 6432
f 6410 6528 6410
f 6528 6432 6528
f 6410 6528 6410
f 6528 6528 6410
f 6432 6527 6432
f 6527 689 6527
f 6432 6527 6432
f 6527 6527 6432
f 6410 6528 6410
f 6528 6432 6528
f 6410 6528 6410
f 6528 6528 6410
f 6432 6432 6528
f 6432 6432 6528
f 6528 6528 6410
f 6432 6528 6528
f 5994 6048 6505
f 6048 6008 6575
f 6505 6575 6427
f 6048 6575 6505
f 6008 6049 6579
f 6049 5997 6577
f 6579 6577 6444
f 6049 6577 6579
f 6427 6578 6506
f 6578 6444 6576
f 6506 6576 6409
f 6578 6576 6506
f 6008 6579 6575
f 6579 6444 6578
f 6575 6578 6427
f 6579 6578 6575
f 5997 6046 6625
f 6046 6007 6627
f 6625 6627 6455
f 6046 6627 6625
f 6007 6045 6613
f 6045 5993 6611
f 6613 6611 6452
f 6045 6611 6613
f 6455 6629 6626
f 6629 6452 6612
f 6626 6612 6414
f 6629 6612 6626
f 6007 6613 6627
f 6613 6452 6629
f 6627 6629 6455
f 6613 6629 6627
f 6409 6615 6509
f 6615 6453 6617
f 6509 6617 6428
f 6615 6617 6509
f 6453 6616 6619
f 6616 6414 6608
f 6619 6608 6451
f 6616 6608 6619
f 6428 6609 6508
f 6609 6451 6607
f 6508 6607 5676
f 6609 6607 6508
f 6453 6619 6617
f 6619 6451 6609
f 6617 6609 6428
f 6619 6609 6617
f 5997 6625 6577
f 6625 6455 6628
f 6577 6628 6444
f 6625 6628 6577
f 6455 6626 6630
f 6626 6414 6616
f 6630 6616 6453
f 6626 6616 6630
f 6444 6618 6576
f 6618 6453 6615
f 6576 6615 6409
f 6618 6615 6576
f 6455 6630 6628
f 6630 6453 6618
f 6628 6618 6444
f 6630 6618 6628
f 5994 6505 6505
f 6505 6427 6427
f 6505 6427 6427
f 6505 6427 6505
f 6427 6506 6506
f 6506 6409 6409
f 6506 6409 6409
f 6506 6409 6506
f 6427 6506 6506
f 6506 6409 6409
f 6506 6409 6409
f 6506 6409 6506
f 6427 6506 6427
f 6506 6409 6506
f 6427 6506 6427
f 6506 6506 6427
f 6409 6509 6509
f 6509 6428 6428
f 6509 6428 6428
f 6509 6428 6509
f 6428 6508 6508
f 6508 5676 5676
f 6508 5676 5676
f 6508 5676 6508
f 6428 6508 6508
f 6508 5676 5676
f 6508 5676 5676
f 6508 5676 6508
f 6428 6508 6428
f 6508 5676 6508
f 6428 6508 6428
f 6508 6508 6428
f 6409 6509 6509
f 6509 6428 6428
f 6509 6428 6428
f 6509 6428 6509
f 6428 6508 6508
f 6508 5676 5676
f 6508 5676 5676
f 6508 5676 6508
f 6428 6508 6508
f 6508 5676 5676
f 6508 5676 5676
f 6508 5676 6508
f 6428 6508 6428
f 6508 5676 6508
f 6428 6508 6428
f 6508 6508 6428
f 6409 6509 6409
f 6509 6428 6509
f 6409 6509 6409
f 6509 6509 6409
f 6428 6508 6428
f 6508 5676 6508
f 6428 6508 6428
f 6508 6508 6428
f 6409 6509 6409
f 6509 6428 6509
f 6409 6509 6409
f 6509 6509 6409
f 6428 6428 6509
f 6428 6428 6509
f 6509 6509 6409
f 6428 6509 6509
f 5676 5865 6508
f 5865 5723 6515
f 6508 6515 6428
f 5865 6515 6508
f 5723 5866 6525
f 5866 5686 6522
f 6525 6522 6431
f 5866 6522 6525
f 6428 6523 6509
f 6523 6431 6521
f 6509 6521 6409
f 6523 6521 6509
f 5723 6525 6515
f 6525 6431 6523
f 6515 6523 6428
f 6525 6523 6515
f 5686 5863 6517
f 5863 5722 6520
f 6517 6520 6430
f 5863 6520 6517
f 5722 5862 6514
f 5862 5675 6465
f 6514 6465 6417
f 5862 6465 6514
f 6430 6518 6516
f 6518 6417 6466
f 6516 6466 6406
f 6518 6466 6516
f 5722 6514 6520
f 6514 6417 6518
f 6520 6518 6430
f 6514 6518 6520
f 6409 6511 6506
f 6511 6429 6513
f 6506 6513 6427
f 6511 6513 6506
f 6429 6510 6512
f 6510 6406 6463
f 6512 6463 6416
f 6510 6463 6512
f 6427 6507 6505
f 6507 6416 6462
f 6505 6462 5994
f 6507 6462 6505
f 6429 6512 6513
f 6512 6416 6507
f 6513 6507 6427
f 6512 6507 6513
f 5686 6517 6522
f 6517 6430 6526
f 6522 6526 6431
f 6517 6526 6522
f 6430 6516 6519
f 6516 6406 6510
f 6519 6510 6429
f 6516 6510 6519
f 6431 6524 6521
f 6524 6429 6511
f 6521 6511 6409
f 6524 6511 6521
f 6430 6519 6526
f 6519 6429 6524
f 6526 6524 6431
f 6519 6524 6526
f 5676 6508 6508
f 6508 6428 6428
f 6508 6428 6428
f 6508 6428 6508
f 6428 6509 6509
f 6509 6409 6409
f 6509 6409 6409
f 6509 6409 6509
f 6428 6509 6509
f 6509 6409 6409
f 6509 6409 6409
f 6509 6409 6509
f 6428 6509 6428
f 6509 6409 6509
f 6428 6509 6428
f 6509 6509 6428
f 6409 6506 6506
f 6506 6427 6427
f 6506 6427 6427
f 6506 6427 6506
f 6427 6505 6505
f 6505 5994 5994
f 6505 5994 5994
f 6505 5994 6505
f 6427 6505 6505
f 6505 5994 5994
f 6505 5994 5994
f 6505 5994 6505
f 6427 6505 6427
f 6505 5994 6505
f 6427 6505 6427
f 6505 6505 6427
f 6409 6506 6506
f 6506 6427 6427
f 6506 6427 6427
f 6506 6427 6506
f 6427 6505 6505
f 6505 5994 5994
f 6505 5994 5994
f 6505 5994 6505
f 6427 6505 6505
f 6505 5994 5994
f 6505 5994 5994
f 6505 5994 6505
f 6427 6505 6427
f 6505 5994 6505
f 6427 6505 6427
f 6505 6505 6427
f 6409 6506 6409
f 6506 6427 6506
f 6409 6506 6409
f 6506 6506 6409
f 6427 6505 6427
f 6505 5994 6505
f 6427 6505 6427
f 6505 6505 6427
f 6409 6506 6409
f 6506 6427 6506
f 6409 6506 6409
f 6506 6506 6409
f 6427 6427 6506
f 6427 6427 6506
f 6506 6506 6409
f 6427 6506 6506
f 5993 6346 6584
f 6346 6301 6595
f 6584 6595 6446
f 6346 6595 6584
f 6301 6347 6605
f 6347 6289 6602
f 6605 6602 6450
f 6347 6602 6605
f 6446 6603 6585
f 6603 6450 6601
f 6585 6601 6413
f 6603 6601 6585
f 6301 6605 6595
f 6605 6450 6603
f 6595 6603 6446
f 6605 6603 6595
f 6289 6344 6597
f 6344 6300 6600
f 6597 6600 6449
f 6344 6600 6597
f 6300 6343 6594
f 6343 6285 6481
f 6594 6481 6421
f 6343 6481 6594
f 6449 6598 6596
f 6598 6421 6482
f 6596 6482 6407
f 6598 6482 6596
f 6300 6594 6600
f 6594 6421 6598
f 6600 6598 6449
f 6594 6598 6600
f 6413 6587 6581
f 6587 6447 6589
f 6581 6589 6445
f 6587 6589 6581
f 6447 6586 6588
f 6586 6407 6480
f 6588 6480 6420
f 6586 6480 6588
f 6445 6582 6580
f 6582 6420 6479
f 6580 6479 689
f 6582 6479 6580
f 6447 6588 6589
f 6588 6420 6582
f 6589 6582 6445
f 6588 6582 6589
f 6289 6597 6602
f 6597 6449 6606
f 6602 6606 6450
f 6597 6606 6602
f 6449 6596 6599
f 6596 6407 6586
f 6599 6586 6447
f 6596 6586 6599
f 6450 6604 6601
f 6604 6447 6587
f 6601 6587 6413
f 6604 6587 6601
f 6449 6599 6606
f 6599 6447 6604
f 6606 6604 6450
f 6599 6604 6606
f 5993 6584 6584
f 6584 6446 6446
f 6584 6446 6446
f 6584 6446 6584
f 6446 6585 6585
f 6585 6413 6413
f 6585 6413 6413
f 6585 6413 6585
f 6446 6585 6585
f 6585 6413 6413
f 6585 6413 6413
f 6585 6413 6585
f 6446 6585 6446
f 6585 6413 6585
f 6446 6585 6446
f 6585 6585 6446
f 6413 6581 6581
f 6581 6445 6445
f 6581 6445 6445
f 6581 6445 6581
f 6445 6580 6580
f 6580 689 689
f 6580 689 689
f 6580 689 6580
f 6445 6580 6580
f 6580 689 689
f 6580 689 689
f 6580 689 6580
f 6445 6580 6445
f 6580 689 6580
f 6445 6580 6445
f 6580 6580 6445
f 6413 6581 6581
f 6581 6445 6445
f 6581 6445 6445
f 6581 6445 6581
f 6445 6580 6580
f 6580 689 689
f 6580 689 689
f 6580 689 6580
f 6445 6580 6580
f 6580 689 689
f 6580 689 689
f 6580 689 6580
f 6445 6580 6445
f 6580 689 6580
f 6445 6580 6445
f 6580 6580 6445
f 6413 6581 6413
f 6581 6445 6581
f 6413 6581 6413
f 6581 6581 6413
f 6445 6580 6445
f 6580 689 6580
f 6445 6580 6445
f 6580 6580 6445
f 6413 6581 6413
f 6581 6445 6581
f 6413 6581 6413
f 6581 6581 6413
f 6445 6445 6581
f 6445 6445 6581
f 6581 6581 6413
f 6445 6581 6581
f 6637 6765 6769
f 6765 6669 6771
f 6769 6771 6671
f 6765 6771 6769
f 6669 6766 6776
f 6766 6645 6774
f 6776 6774 6673
f 6766 6774 6776
f 6671 6777 6770
f 6777 6673 6775
f 6770 6775 6646
f 6777 6775 6770
f 6669 6776 6771
f 6776 6673 6777
f 6771 6777 6671
f 6776 6777 6771
f 6645 6768 6784
f 6768 6670 6786
f 6784 6786 6676
f 6768 6786 6784
f 6670 6767 6780
f 6767 6638 6778
f 6780 6778 6674
f 6767 6778 6780
f 6676 6788 6785
f 6788 6674 6779
f 6785 6779 6647
f 6788 6779 6785
f 6670 6780 6786
f 6780 6674 6788
f 6786 6788 6676
f 6780 6788 6786
f 6646 6789 6773
f 6789 6677 6791
f 6773 6791 6672
f 6789 6791 6773
f 6677 6790 6793
f 6790 6647 6782
f 6793 6782 6675
f 6790 6782 6793
f 6672 6783 6772
f 6783 6675 6781
f 6772 6781 6639
f 6783 6781 6772
f 6677 6793 6791
f 6793 6675 6783
f 6791 6783 6672
f 6793 6783 6791
f 6645 6784 6774
f 6784 6676 6787
f 6774 6787 6673
f 6784 6787 6774
f 6676 6785 6794
f 6785 6647 6790
f 6794 6790 6677
f 6785 6790 6794
f 6673 6792 6775
f 6792 6677 6789
f 6775 6789 6646
f 6792 6789 6775
f 6676 6794 6787
f 6794 6677 6792
f 6787 6792 6673
f 6794 6792 6787
f 6637 6769 6769
f 6769 6671 6671
f 6769 6671 6671
f 6769 6671 6769
f 6671 6770 6770
f 6770 6646 6646
f 6770 6646 6646
f 6770 6646 6770
f 6671 6770 6770
f 6770 6646 6646
f 6770 6646 6646
f 6770 6646 6770
f 6671 6770 6671
f 6770 6646 6770
f 6671 6770 6671
f 6770 6770 6671
f 6646 6773 6773
f 6773 6672 6672
f 6773 6672 6672
f 6773 6672 6773
f 6672 6772 6772
f 6772 6639 6639
f 6772 6639 6639
f 6772 6639 6772
f 6672 6772 6772
f 6772 6639 6639
f 6772 6639 6639
f 6772 6639 6772
f 6672 6772 6672
f 6772 6639 6772
f 6672 6772 6672
f 6772 6772 6672
f 6646 6773 6773
f 6773 6672 6672
f 6773 6672 6672
f 6773 6672 6773
f 6672 6772 6772
f 6772 6639 6639
f 6772 6639 6639
f 6772 6639 6772
f 6672 6772 6772
f 6772 6639 6639
f 6772 6639 6639
f 6772 6639 6772
f 6672 6772 6672
f 6772 6639 6772
f 6672 6772 6672
f 6772 6772 6672
f 6646 6773 6646
f 6773 6672 6773
f 6646 6773 6646
f 6773 6773 6646
f 6672 6772 6672
f 6772 6639 6772
f 6672 6772 6672
f 6772 6772 6672
f 6646 6773 6646
f 6773 6672 6773
f 6646 6773 6646
f 6773 6773 6646
f 6672 6672 6773
f 6672 6672 6773
f 6773 6773 6646
f 6672 6773 6773
f 698 6797 6808
f 6797 6679 6810
f 6808 6810 6683
f 6797 6810 6808
f 6679 6798 6816
f 6798 6648 6814
f 6816 6814 6685
f 6798 6814 6816
f 6683 6818 6809
f 6818 6685 6815
f 6809 6815 6650
f 6818 6815 6809
f 6679 6816 6810
f 6816 6685 6818
f 6810 6818 6683
f 6816 6818 6810
f 6648 6796 6804
f 6796 6678 6806
f 6804 6806 6682
f 6796 6806 6804
f 6678 6795 6801
f 6795 6639 6799
f 6801 6799 6680
f 6795 6799 6801
f 6682 6807 6805
f 6807 6680 6800
f 6805 6800 6649
f 6807 6800 6805
f 6678 6801 6806
f 6801 6680 6807
f 6806 6807 6682
f 6801 6807 6806
f 6650 6820 6812
f 6820 6686 6823
f 6812 6823 6684
f 6820 6823 6812
f 6686 6819 6821
f 6819 6649 6803
f 6821 6803 6681
f 6819 6803 6821
f 6684 6813 6811
f 6813 6681 6802
f 6811 6802 6640
f 6813 6802 6811
f 6686 6821 6823
f 6821 6681 6813
f 6823 6813 6684
f 6821 6813 6823
f 6648 6804 6814
f 6804 6682 6817
f 6814 6817 6685
f 6804 6817 6814
f 6682 6805 6822
f 6805 6649 6819
f 6822 6819 6686
f 6805 6819 6822
f 6685 6824 6815
f 6824 6686 6820
f 6815 6820 6650
f 6824 6820 6815
f 6682 6822 6817
f 6822 6686 6824
f 6817 6824 6685
f 6822 6824 6817
f 698 6808 6808
f 6808 6683 6683
f 6808 6683 6683
f 6808 6683 6808
f 6683 6809 6809
f 6809 6650 6650
f 6809 6650 6650
f 6809 6650 6809
f 6683 6809 6809
f 6809 6650 6650
f 6809 6650 6650
f 6809 6650 6809
f 6683 6809 6683
f 6809 6650 6809
f 6683 6809 6683
f 6809 6809 6683
f 6650 6812 6812
f 6812 6684 6684
f 6812 6684 6684
f 6812 6684 6812
f 6684 6811 6811
f 6811 6640 6640
f 6811 6640 6640
f 6811 6640 6811
f 6684 6811 6811
f 6811 6640 6640
f 6811 6640 6640
f 6811 6640 6811
f 6684 6811 6684
f 6811 6640 6811
f 6684 6811 6684
f 6811 6811 6684
f 6650 6812 6812
f 6812 6684 6684
f 6812 6684 6684
f 6812 6684 6812
f 6684 6811 6811
f 6811 6640 6640
f 6811 6640 6640
f 6811 6640 6811
f 6684 6811 6811
f 6811 6640 6640
f 6811 6640 6640
f 6811 6640 6811
f 6684 6811 6684
f 6811 6640 6811
f 6684 6811 6684
f 6811 6811 6684
f 6650 6812 6650
f 6812 6684 6812
f 6650 6812 6650
f 6812 6812 6650
f 6684 6811 6684
f 6811 6640 6811
f 6684 6811 6684
f 6811 6811 6684
f 6650 6812 6650
f 6812 6684 6812
f 6650 6812 6650
f 6812 6812 6650
f 6684 6684 6812
f 6684 6684 6812
f 6812 6812 6650
f 6684 6812 6812
f 691 6825 1563
f 6825 6687 6829
f 1563 6829 927
f 6825 6829 1563
f 6687 6826 6832
f 6826 6651 6830
f 6832 6830 6689
f 6826 6830 6832
f 927 6833 1564
f 6833 6689 6831
f 1564 6831 751
f 6833 6831 1564
f 6687 6832 6829
f 6832 6689 6833
f 6829 6833 927
f 6832 6833 6829
f 6651 6828 6836
f 6828 6688 6838
f 6836 6838 6690
f 6828 6838 6836
f 6688 6827 6834
f 6827 5277 5368
f 6834 5368 5299
f 6827 5368 6834
f 6690 6840 6837
f 6840 5299 5369
f 6837 5369 5282
f 6840 5369 6837
f 6688 6834 6838
f 6834 5299 6840
f 6838 6840 6690
f 6834 6840 6838
f 751 6841 1567
f 6841 6691 6843
f 1567 6843 928
f 6841 6843 1567
f 6691 6842 6845
f 6842 5282 5372
f 6845 5372 5300
f 6842 5372 6845
f 928 6835 1566
f 6835 5300 5371
f 1566 5371 692
f 6835 5371 1566
f 6691 6845 6843
f 6845 5300 6835
f 6843 6835 928
f 6845 6835 6843
f 6651 6836 6830
f 6836 6690 6839
f 6830 6839 6689
f 6836 6839 6830
f 6690 6837 6846
f 6837 5282 6842
f 6846 6842 6691
f 6837 6842 6846
f 6689 6844 6831
f 6844 6691 6841
f 6831 6841 751
f 6844 6841 6831
f 6690 6846 6839
f 6846 6691 6844
f 6839 6844 6689
f 6846 6844 6839
f 691 1563 1563
f 1563 927 927
f 1563 927 927
f 1563 927 1563
f 927 1564 1564
f 1564 751 751
f 1564 751 751
f 1564 751 1564
f 927 1564 1564
f 1564 751 751
f 1564 751 751
f 1564 751 1564
f 927 1564 927
f 1564 751 1564
f 927 1564 927
f 1564 1564 927
f 751 1567 1567
f 1567 928 928
f 1567 928 928
f 1567 928 1567
f 928 1566 1566
f 1566 692 692
f 1566 692 692
f 1566 692 1566
f 928 1566 1566
f 1566 692 692
f 1566 692 692
f 1566 692 1566
f 928 1566 928
f 1566 692 1566
f 928 1566 928
f 1566 1566 928
f 751 1567 1567
f 1567 928 928
f 1567 928 928
f 1567 928 1567
f 928 1566 1566
f 1566 692 692
f 1566 692 692
f 1566 692 1566
f 928 1566 1566
f 1566 692 692
f 1566 692 692
f 1566 692 1566
f 928 1566 928
f 1566 692 1566
f 928 1566 928
f 1566 1566 928
f 751 1567 751
f 1567 928 1567
f 751 1567 751
f 1567 1567 751
f 928 1566 928
f 1566 692 1566
f 928 1566 928
f 1566 1566 928
f 751 1567 751
f 1567 928 1567
f 751 1567 751
f 1567 1567 751
f 928 928 1567
f 928 928 1567
f 1567 1567 751
f 928 1567 1567
f 6639 6847 6851
f 6847 6692 6853
f 6851 6853 6694
f 6847 6853 6851
f 6692 6848 6858
f 6848 6652 6856
f 6858 6856 6696
f 6848 6856 6858
f 6694 6859 6852
f 6859 6696 6857
f 6852 6857 6653
f 6859 6857 6852
f 6692 6858 6853
f 6858 6696 6859
f 6853 6859 6694
f 6858 6859 6853
f 6652 6850 6862
f 6850 6693 6864
f 6862 6864 6697
f 6850 6864 6862
f 6693 6849 6860
f 6849 710 5491
f 6860 5491 5440
f 6849 5491 6860
f 6697 6866 6863
f 6866 5440 5492
f 6863 5492 5428
f 6866 5492 6863
f 6693 6860 6864
f 6860 5440 6866
f 6864 6866 6697
f 6860 6866 6864
f 6653 6867 6855
f 6867 6698 6869
f 6855 6869 6695
f 6867 6869 6855
f 6698 6868 6871
f 6868 5428 5495
f 6871 5495 5441
f 6868 5495 6871
f 6695 6861 6854
f 6861 5441 5494
f 6854 5494 5425
f 6861 5494 6854
f 6698 6871 6869
f 6871 5441 6861
f 6869 6861 6695
f 6871 6861 6869
f 6652 6862 6856
f 6862 6697 6865
f 6856 6865 6696
f 6862 6865 6856
f 6697 6863 6872
f 6863 5428 6868
f 6872 6868 6698
f 6863 6868 6872
f 6696 6870 6857
f 6870 6698 6867
f 6857 6867 6653
f 6870 6867 6857
f 6697 6872 6865
f 6872 6698 6870
f 6865 6870 6696
f 6872 6870 6865
f 6639 6851 6851
f 6851 6694 6694
f 6851 6694 6694
f 6851 6694 6851
f 6694 6852 6852
f 6852 6653 6653
f 6852 6653 6653
f 6852 6653 6852
f 6694 6852 6852
f 6852 6653 6653
f 6852 6653 6653
f 6852 6653 6852
f 6694 6852 6694
f 6852 6653 6852
f 6694 6852 6694
f 6852 6852 6694
f 6653 6855 6855
f 6855 6695 6695
f 6855 6695 6695
f 6855 6695 6855
f 6695 6854 6854
f 6854 5425 5425
f 6854 5425 5425
f 6854 5425 6854
f 6695 6854 6854
f 6854 5425 5425
f 6854 5425 5425
f 6854 5425 6854
f 6695 6854 6695
f 6854 5425 6854
f 6695 6854 6695
f 6854 6854 6695
f 6653 6855 6855
f 6855 6695 6695
f 6855 6695 6695
f 6855 6695 6855
f 6695 6854 6854
f 6854 5425 5425
f 6854 5425 5425
f 6854 5425 6854
f 6695 6854 6854
f 6854 5425 5425
f 6854 5425 5425
f 6854 5425 6854
f 6695 6854 6695
f 6854 5425 6854
f 6695 6854 6695
f 6854 6854 6695
f 6653 6855 6653
f 6855 6695 6855
f 6653 6855 6653
f 6855 6855 6653
f 6695 6854 6695
f 6854 5425 6854
f 6695 6854 6695
f 6854 6854 6695
f 6653 6855 6653
f 6855 6695 6855
f 6653 6855 6653
f 6855 6855 6653
f 6695 6695 6855
f 6695 6695 6855
f 6855 6855 6653
f 6695 6855 6855
f 5205 5340 6876
f 5340 5292 6883
f 6876 6883 6700
f 5340 6883 6876
f 5292 5341 6893
f 5341 5280 6890
f 6893 6890 6703
f 5341 6890 6893
f 6700 6891 6877
f 6891 6703 6889
f 6877 6889 6654
f 6891 6889 6877
f 5292 6893 6883
f 6893 6703 6891
f 6883 6891 6700
f 6893 6891 6883
f 5280 5338 6885
f 5338 5291 6888
f 6885 6888 6702
f 5338 6888 6885
f 5291 5337 6882
f 5337 5277 6827
f 6882 6827 6688
f 5337 6827 6882
f 6702 6886 6884
f 6886 6688 6828
f 6884 6828 6651
f 6886 6828 6884
f 5291 6882 6888
f 6882 6688 6886
f 6888 6886 6702
f 6882 6886 6888
f 6654 6879 6874
f 6879 6701 6881
f 6874 6881 6699
f 6879 6881 6874
f 6701 6878 6880
f 6878 6651 6826
f 6880 6826 6687
f 6878 6826 6880
f 6699 6875 6873
f 6875 6687 6825
f 6873 6825 691
f 6875 6825 6873
f 6701 6880 6881
f 6880 6687 6875
f 6881 6875 6699
f 6880 6875 6881
f 5280 6885 6890
f 6885 6702 6894
f 6890 6894 6703
f 6885 6894 6890
f 6702 6884 6887
f 6884 6651 6878
f 6887 6878 6701
f 6884 6878 6887
f 6703 6892 6889
f 6892 6701 6879
f 6889 6879 6654
f 6892 6879 6889
f 6702 6887 6894
f 6887 6701 6892
f 6894 6892 6703
f 6887 6892 6894
f 5205 6876 6876
f 6876 6700 6700
f 6876 6700 6700
f 6876 6700 6876
f 6700 6877 6877
f 6877 6654 6654
f 6877 6654 6654
f 6877 6654 6877
f 6700 6877 6877
f 6877 6654 6654
f 6877 6654 6654
f 6877 6654 6877
f 6700 6877 6700
f 6877 6654 6877
f 6700 6877 6700
f 6877 6877 6700
f 6654 6874 6874
f 6874 6699 6699
f 6874 6699 6699
f 6874 6699 6874
f 6699 6873 6873
f 6873 691 691
f 6873 691 691
f 6873 691 6873
f 6699 6873 6873
f 6873 691 691
f 6873 691 691
f 6873 691 6873
f 6699 6873 6699
f 6873 691 6873
f 6699 6873 6699
f 6873 6873 6699
f 6654 6874 6874
f 6874 6699 6699
f 6874 6699 6699
f 6874 6699 6874
f 6699 6873 6873
f 6873 691 691
f 6873 691 691
f 6873 691 6873
f 6699 6873 6873
f 6873 691 691
f 6873 691 691
f 6873 691 6873
f 6699 6873 6699
f 6873 691 6873
f 6699 6873 6699
f 6873 6873 6699
f 6654 6874 6654
f 6874 6699 6874
f 6654 6874 6654
f 6874 6874 6654
f 6699 6873 6699
f 6873 691 6873
f 6699 6873 6699
f 6873 6873 6699
f 6654 6874 6654
f 6874 6699 6874
f 6654 6874 6654
f 6874 6874 6654
f 6699 6699 6874
f 6699 6699 6874
f 6874 6874 6654
f 6699 6874 6874
f 6641 6897 6957
f 6897 6705 6959
f 6957 6959 6720
f 6897 6959 6957
f 6705 6898 6967
f 6898 6655 6965
f 6967 6965 6722
f 6898 6965 6967
f 6720 6969 6958
f 6969 6722 6966
f 6958 6966 6659
f 6969 6966 6958
f 6705 6967 6959
f 6967 6722 6969
f 6959 6969 6720
f 6967 6969 6959
f 6655 6896 6913
f 6896 6704 6915
f 6913 6915 6711
f 6896 6915 6913
f 6704 6895 6906
f 6895 6637 6903
f 6906 6903 6708
f 6895 6903 6906
f 6711 6916 6914
f 6916 6708 6904
f 6914 6904 6657
f 6916 6904 6914
f 6704 6906 6915
f 6906 6708 6916
f 6915 6916 6711
f 6906 6916 6915
f 6659 6976 6962
f 6976 6724 6979
f 6962 6979 6721
f 6976 6979 6962
f 6724 6975 6977
f 6975 6657 6908
f 6977 6908 6709
f 6975 6908 6977
f 6721 6963 6961
f 6963 6709 6907
f 6961 6907 5206
f 6963 6907 6961
f 6724 6977 6979
f 6977 6709 6963
f 6979 6963 6721
f 6977 6963 6979
f 6655 6913 6965
f 6913 6711 6968
f 6965 6968 6722
f 6913 6968 6965
f 6711 6914 6978
f 6914 6657 6975
f 6978 6975 6724
f 6914 6975 6978
f 6722 6980 6966
f 6980 6724 6976
f 6966 6976 6659
f 6980 6976 6966
f 6711 6978 6968
f 6978 6724 6980
f 6968 6980 6722
f 6978 6980 6968
f 6641 6957 6957
f 6957 6720 6720
f 6957 6720 6720
f 6957 6720 6957
f 6720 6958 6958
f 6958 6659 6659
f 6958 6659 6659
f 6958 6659 6958
f 6720 6958 6958
f 6958 6659 6659
f 6958 6659 6659
f 6958 6659 6958
f 6720 6958 6720
f 6958 6659 6958
f 6720 6958 6720
f 6958 6958 6720
f 6659 6962 6962
f 6962 6721 6721
f 6962 6721 6721
f 6962 6721 6962
f 6721 6961 6961
f 6961 5206 5206
f 6961 5206 5206
f 6961 5206 6961
f 6721 6961 6961
f 6961 5206 5206
f 6961 5206 5206
f 6961 5206 6961
f 6721 6961 6721
f 6961 5206 6961
f 6721 6961 6721
f 6961 6961 6721
f 6659 6962 6962
f 6962 6721 6721
f 6962 6721 6721
f 6962 6721 6962
f 6721 6961 6961
f 6961 5206 5206
f 6961 5206 5206
f 6961 5206 6961
f 6721 6961 6961
f 6961 5206 5206
f 6961 5206 5206
f 6961 5206 6961
f 6721 6961 6721
f 6961 5206 6961
f 6721 6961 6721
f 6961 6961 6721
f 6659 6962 6659
f 6962 6721 6962
f 6659 6962 6659
f 6962 6962 6659
f 6721 6961 6721
f 6961 5206 6961
f 6721 6961 6721
f 6961 6961 6721
f 6659 6962 6659
f 6962 6721 6962
f 6659 6962 6659
f 6962 6962 6659
f 6721 6721 6962
f 6721 6721 6962
f 6962 6962 6659
f 6721 6962 6962
f 6639 6851 6917
f 6851 6694 6920
f 6917 6920 6712
f 6851 6920 6917
f 6694 6852 6931
f 6852 6653 6929
f 6931 6929 6715
f 6852 6929 6931
f 6712 6932 6918
f 6932 6715 6930
f 6918 6930 6658
f 6932 6930 6918
f 6694 6931 6920
f 6931 6715 6932
f 6920 6932 6712
f 6931 6932 6920
f 6653 6855 6941
f 6855 6695 6943
f 6941 6943 6717
f 6855 6943 6941
f 6695 6854 6939
f 6854 5425 5522
f 6939 5522 5448
f 6854 5522 6939
f 6717 6945 6942
f 6945 5448 5523
f 6942 5523 5430
f 6945 5523 6942
f 6695 6939 6943
f 6939 5448 6945
f 6943 6945 6717
f 6939 6945 6943
f 6658 6946 6922
f 6946 6718 6948
f 6922 6948 6713
f 6946 6948 6922
f 6718 6947 6950
f 6947 5430 5526
f 6950 5526 5449
f 6947 5526 6950
f 6713 6940 6921
f 6940 5449 5525
f 6921 5525 5206
f 6940 5525 6921
f 6718 6950 6948
f 6950 5449 6940
f 6948 6940 6713
f 6950 6940 6948
f 6653 6941 6929
f 6941 6717 6944
f 6929 6944 6715
f 6941 6944 6929
f 6717 6942 6951
f 6942 5430 6947
f 6951 6947 6718
f 6942 6947 6951
f 6715 6949 6930
f 6949 6718 6946
f 6930 6946 6658
f 6949 6946 6930
f 6717 6951 6944
f 6951 6718 6949
f 6944 6949 6715
f 6951 6949 6944
f 6639 6917 6917
f 6917 6712 6712
f 6917 6712 6712
f 6917 6712 6917
f 6712 6918 6918
f 6918 6658 6658
f 6918 6658 6658
f 6918 6658 6918
f 6712 6918 6918
f 6918 6658 6658
f 6918 6658 6658
f 6918 6658 6918
f 6712 6918 6712
f 6918 6658 6918
f 6712 6918 6712
f 6918 6918 6712
f 6658 6922 6922
f 6922 6713 6713
f 6922 6713 6713
f 6922 6713 6922
f 6713 6921 6921
f 6921 5206 5206
f 6921 5206 5206
f 6921 5206 6921
f 6713 6921 6921
f 6921 5206 5206
f 6921 5206 5206
f 6921 5206 6921
f 6713 6921 6713
f 6921 5206 6921
f 6713 6921 6713
f 6921 6921 6713
f 6658 6922 6922
f 6922 6713 6713
f 6922 6713 6713
f 6922 6713 6922
f 6713 6921 6921
f 6921 5206 5206
f 6921 5206 5206
f 6921 5206 6921
f 6713 6921 6921
f 6921 5206 5206
f 6921 5206 5206
f 6921 5206 6921
f 6713 6921 6713
f 6921 5206 6921
f 6713 6921 6713
f 6921 6921 6713
f 6658 6922 6658
f 6922 6713 6922
f 6658 6922 6658
f 6922 6922 6658
f 6713 6921 6713
f 6921 5206 6921
f 6713 6921 6713
f 6921 6921 6713
f 6658 6922 6658
f 6922 6713 6922
f 6658 6922 6658
f 6922 6922 6658
f 6713 6713 6922
f 6713 6713 6922
f 6922 6922 6658
f 6713 6922 6922
f 6639 6917 6772
f 6917 6712 6919
f 6772 6919 6672
f 6917 6919 6772
f 6712 6918 6928
f 6918 6658 6925
f 6928 6925 6714
f 6918 6925 6928
f 6672 6926 6773
f 6926 6714 6924
f 6773 6924 6646
f 6926 6924 6773
f 6712 6928 6919
f 6928 6714 6926
f 6919 6926 6672
f 6928 6926 6919
f 6658 6922 6934
f 6922 6713 6937
f 6934 6937 6716
f 6922 6937 6934
f 6713 6921 6923
f 6921 5206 6907
f 6923 6907 6709
f 6921 6907 6923
f 6716 6935 6933
f 6935 6709 6908
f 6933 6908 6657
f 6935 6908 6933
f 6713 6923 6937
f 6923 6709 6935
f 6937 6935 6716
f 6923 6935 6937
f 6646 6909 6770
f 6909 6710 6911
f 6770 6911 6671
f 6909 6911 6770
f 6710 6910 6912
f 6910 6657 6904
f 6912 6904 6708
f 6910 6904 6912
f 6671 6905 6769
f 6905 6708 6903
f 6769 6903 6637
f 6905 6903 6769
f 6710 6912 6911
f 6912 6708 6905
f 6911 6905 6671
f 6912 6905 6911
f 6658 6934 6925
f 6934 6716 6938
f 6925 6938 6714
f 6934 6938 6925
f 6716 6933 6936
f 6933 6657 6910
f 6936 6910 6710
f 6933 6910 6936
f 6714 6927 6924
f 6927 6710 6909
f 6924 6909 6646
f 6927 6909 6924
f 6716 6936 6938
f 6936 6710 6927
f 6938 6927 6714
f 6936 6927 6938
f 6639 6772 6772
f 6772 6672 6672
f 6772 6672 6672
f 6772 6672 6772
f 6672 6773 6773
f 6773 6646 6646
f 6773 6646 6646
f 6773 6646 6773
f 6672 6773 6773
f 6773 6646 6646
f 6773 6646 6646
f 6773 6646 6773
f 6672 6773 6672
f 6773 6646 6773
f 6672 6773 6672
f 6773 6773 6672
f 6646 6770 6770
f 6770 6671 6671
f 6770 6671 6671
f 6770 6671 6770
f 6671 6769 6769
f 6769 6637 6637
f 6769 6637 6637
f 6769 6637 6769
f 6671 6769 6769
f 6769 6637 6637
f 6769 6637 6637
f 6769 6637 6769
f 6671 6769 6671
f 6769 6637 6769
f 6671 6769 6671
f 6769 6769 6671
f 6646 6770 6770
f 6770 6671 6671
f 6770 6671 6671
f 6770 6671 6770
f 6671 6769 6769
f 6769 6637 6637
f 6769 6637 6637
f 6769 6637 6769
f 6671 6769 6769
f 6769 6637 6637
f 6769 6637 6637
f 6769 6637 6769
f 6671 6769 6671
f 6769 6637 6769
f 6671 6769 6671
f 6769 6769 6671
f 6646 6770 6646
f 6770 6671 6770
f 6646 6770 6646
f 6770 6770 6646
f 6671 6769 6671
f 6769 6637 6769
f 6671 6769 6671
f 6769 6769 6671
f 6646 6770 6646
f 6770 6671 6770
f 6646 6770 6646
f 6770 6770 6646
f 6671 6671 6770
f 6671 6671 6770
f 6770 6770 6646
f 6671 6770 6770
f 707 2145 6990
f 2145 1080 6997
f 6990 6997 6727
f 2145 6997 6990
f 1080 2146 7007
f 2146 793 7004
f 7007 7004 6730
f 2146 7004 7007
f 6727 7005 6991
f 7005 6730 7003
f 6991 7003 6660
f 7005 7003 6991
f 1080 7007 6997
f 7007 6730 7005
f 6997 7005 6727
f 7007 7005 6997
f 793 2149 6999
f 2149 1081 7002
f 6999 7002 6729
f 2149 7002 6999
f 1081 2148 6996
f 2148 710 6849
f 6996 6849 6693
f 2148 6849 6996
f 6729 7000 6998
f 7000 6693 6850
f 6998 6850 6652
f 7000 6850 6998
f 1081 6996 7002
f 6996 6693 7000
f 7002 7000 6729
f 6996 7000 7002
f 6660 6993 6988
f 6993 6728 6995
f 6988 6995 6726
f 6993 6995 6988
f 6728 6992 6994
f 6992 6652 6848
f 6994 6848 6692
f 6992 6848 6994
f 6726 6989 6987
f 6989 6692 6847
f 6987 6847 6639
f 6989 6847 6987
f 6728 6994 6995
f 6994 6692 6989
f 6995 6989 6726
f 6994 6989 6995
f 793 6999 7004
f 6999 6729 7008
f 7004 7008 6730
f 6999 7008 7004
f 6729 6998 7001
f 6998 6652 6992
f 7001 6992 6728
f 6998 6992 7001
f 6730 7006 7003
f 7006 6728 6993
f 7003 6993 6660
f 7006 6993 7003
f 6729 7001 7008
f 7001 6728 7006
f 7008 7006 6730
f 7001 7006 7008
f 707 6990 6990
f 6990 6727 6727
f 6990 6727 6727
f 6990 6727 6990
f 6727 6991 6991
f 6991 6660 6660
f 6991 6660 6660
f 6991 6660 6991
f 6727 6991 6991
f 6991 6660 6660
f 6991 6660 6660
f 6991 6660 6991
f 6727 6991 6727
f 6991 6660 6991
f 6727 6991 6727
f 6991 6991 6727
f 6660 6988 6988
f 6988 6726 6726
f 6988 6726 6726
f 6988 6726 6988
f 6726 6987 6987
f 6987 6639 6639
f 6987 6639 6639
f 6987 6639 6987
f 6726 6987 6987
f 6987 6639 6639
f 6987 6639 6639
f 6987 6639 6987
f 6726 6987 6726
f 6987 6639 6987
f 6726 6987 6726
f 6987 6987 6726
f 6660 6988 6988
f 6988 6726 6726
f 6988 6726 6726
f 6988 6726 6988
f 6726 6987 6987
f 6987 6639 6639
f 6987 6639 6639
f 6987 6639 6987
f 6726 6987 6987
f 6987 6639 6639
f 6987 6639 6639
f 6987 6639 6987
f 6726 6987 6726
f 6987 6639 6987
f 6726 6987 6726
f 6987 6987 6726
f 6660 6988 6660
f 6988 6726 6988
f 6660 6988 6660
f 6988 6988 6660
f 6726 6987 6726
f 6987 6639 6987
f 6726 6987 6726
f 6987 6987 6726
f 6660 6988 6660
f 6988 6726 6988
f 6660 6988 6660
f 6988 6988 6660
f 6726 6726 6988
f 6726 6726 6988
f 6988 6988 6660
f 6726 6988 6988
f 707 6990 2061
f 6990 6727 7036
f 2061 7036 1057
f 6990 7036 2061
f 6727 6991 7040
f 6991 6660 7038
f 7040 7038 6737
f 6991 7038 7040
f 1057 7042 2062
f 7042 6737 7039
f 2062 7039 786
f 7042 7039 2062
f 6727 7040 7036
f 7040 6737 7042
f 7036 7042 1057
f 7040 7042 7036
f 6660 6988 7019
f 6988 6726 7021
f 7019 7021 6734
f 6988 7021 7019
f 6726 6987 7012
f 6987 6639 7009
f 7012 7009 6731
f 6987 7009 7012
f 6734 7022 7020
f 7022 6731 7010
f 7020 7010 6661
f 7022 7010 7020
f 6726 7012 7021
f 7012 6731 7022
f 7021 7022 6734
f 7012 7022 7021
f 786 7044 2059
f 7044 6738 7047
f 2059 7047 1056
f 7044 7047 2059
f 6738 7043 7045
f 7043 6661 7014
f 7045 7014 6732
f 7043 7014 7045
f 1056 7037 2058
f 7037 6732 7013
f 2058 7013 697
f 7037 7013 2058
f 6738 7045 7047
f 7045 6732 7037
f 7047 7037 1056
f 7045 7037 7047
f 6660 7019 7038
f 7019 6734 7041
f 7038 7041 6737
f 7019 7041 7038
f 6734 7020 7046
f 7020 6661 7043
f 7046 7043 6738
f 7020 7043 7046
f 6737 7048 7039
f 7048 6738 7044
f 7039 7044 786
f 7048 7044 7039
f 6734 7046 7041
f 7046 6738 7048
f 7041 7048 6737
f 7046 7048 7041
f 707 2061 2061
f 2061 1057 1057
f 2061 1057 1057
f 2061 1057 2061
f 1057 2062 2062
f 2062 786 786
f 2062 786 786
f 2062 786 2062
f 1057 2062 2062
f 2062 786 786
f 2062 786 786
f 2062 786 2062
f 1057 2062 1057
f 2062 786 2062
f 1057 2062 1057
f 2062 2062 1057
f 786 2059 2059
f 2059 1056 1056
f 2059 1056 1056
f 2059 1056 2059
f 1056 2058 2058
f 2058 697 697
f 2058 697 697
f 2058 697 2058
f 1056 2058 2058
f 2058 697 697
f 2058 697 697
f 2058 697 2058
f 1056 2058 1056
f 2058 697 2058
f 1056 2058 1056
f 2058 2058 1056
f 786 2059 2059
f 2059 1056 1056
f 2059 1056 1056
f 2059 1056 2059
f 1056 2058 2058
f 2058 697 697
f 2058 697 697
f 2058 697 2058
f 1056 2058 2058
f 2058 697 697
f 2058 697 697
f 2058 697 2058
f 1056 2058 1056
f 2058 697 2058
f 1056 2058 1056
f 2058 2058 1056
f 786 2059 786
f 2059 1056 2059
f 786 2059 786
f 2059 2059 786
f 1056 2058 1056
f 2058 697 2058
f 1056 2058 1056
f 2058 2058 1056
f 786 2059 786
f 2059 1056 2059
f 786 2059 786
f 2059 2059 786
f 1056 1056 2059
f 1056 1056 2059
f 2059 2059 786
f 1056 2059 2059
f 6642 7051 7084
f 7051 6740 7086
f 7084 7086 6749
f 7051 7086 7084
f 6740 7052 7092
f 7052 6662 7090
f 7092 7090 6751
f 7052 7090 7092
f 6749 7094 7085
f 7094 6751 7091
f 7085 7091 6665
f 7094 7091 7085
f 6740 7092 7086
f 7092 6751 7094
f 7086 7094 6749
f 7092 7094 7086
f 6662 7050 7074
f 7050 6739 7076
f 7074 7076 6747
f 7050 7076 7074
f 6739 7049 7065
f 7049 5205 7062
f 7065 7062 6744
f 7049 7062 7065
f 6747 7077 7075
f 7077 6744 7063
f 7075 7063 6664
f 7077 7063 7075
f 6739 7065 7076
f 7065 6744 7077
f 7076 7077 6747
f 7065 7077 7076
f 6665 7096 7088
f 7096 6752 7099
f 7088 7099 6750
f 7096 7099 7088
f 6752 7095 7097
f 7095 6664 7067
f 7097 7067 6745
f 7095 7067 7097
f 6750 7089 7087
f 7089 6745 7066
f 7087 7066 6643
f 7089 7066 7087
f 6752 7097 7099
f 7097 6745 7089
f 7099 7089 6750
f 7097 7089 7099
f 6662 7074 7090
f 7074 6747 7093
f 7090 7093 6751
f 7074 7093 7090
f 6747 7075 7098
f 7075 6664 7095
f 7098 7095 6752
f 7075 7095 7098
f 6751 7100 7091
f 7100 6752 7096
f 7091 7096 6665
f 7100 7096 7091
f 6747 7098 7093
f 7098 6752 7100
f 7093 7100 6751
f 7098 7100 7093
f 6642 7084 7084
f 7084 6749 6749
f 7084 6749 6749
f 7084 6749 7084
f 6749 7085 7085
f 7085 6665 6665
f 7085 6665 6665
f 7085 6665 7085
f 6749 7085 7085
f 7085 6665 6665
f 7085 6665 6665
f 7085 6665 7085
f 6749 7085 6749
f 7085 6665 7085
f 6749 7085 6749
f 7085 7085 6749
f 6665 7088 7088
f 7088 6750 6750
f 7088 6750 6750
f 7088 6750 7088
f 6750 7087 7087
f 7087 6643 6643
f 7087 6643 6643
f 7087 6643 7087
f 6750 7087 7087
f 7087 6643 6643
f 7087 6643 6643
f 7087 6643 7087
f 6750 7087 6750
f 7087 6643 7087
f 6750 7087 6750
f 7087 7087 6750
f 6665 7088 7088
f 7088 6750 6750
f 7088 6750 6750
f 7088 6750 7088
f 6750 7087 7087
f 7087 6643 6643
f 7087 6643 6643
f 7087 6643 7087
f 6750 7087 7087
f 7087 6643 6643
f 7087 6643 6643
f 7087 6643 7087
f 6750 7087 6750
f 7087 6643 7087
f 6750 7087 6750
f 7087 7087 6750
f 6665 7088 6665
f 7088 6750 7088
f 6665 7088 6665
f 7088 7088 6665
f 6750 7087 6750
f 7087 6643 7087
f 6750 7087 6750
f 7087 7087 6750
f 6665 7088 6665
f 7088 6750 7088
f 6665 7088 6665
f 7088 7088 6665
f 6750 6750 7088
f 6750 6750 7088
f 7088 7088 6665
f 6750 7088 7088
f 5205 6876 7062
f 6876 6700 7064
f 7062 7064 6744
f 6876 7064 7062
f 6700 6877 7071
f 6877 6654 7069
f 7071 7069 6746
f 6877 7069 7071
f 6744 7073 7063
f 7073 6746 7070
f 7063 7070 6664
f 7073 7070 7063
f 6700 7071 7064
f 7071 6746 7073
f 7064 7073 6744
f 7071 7073 7064
f 6654 6874 7058
f 6874 6699 7060
f 7058 7060 6743
f 6874 7060 7058
f 6699 6873 7055
f 6873 691 7053
f 7055 7053 6741
f 6873 7053 7055
f 6743 7061 7059
f 7061 6741 7054
f 7059 7054 6663
f 7061 7054 7059
f 6699 7055 7060
f 7055 6741 7061
f 7060 7061 6743
f 7055 7061 7060
f 6664 7079 7067
f 7079 6748 7082
f 7067 7082 6745
f 7079 7082 7067
f 6748 7078 7080
f 7078 6663 7057
f 7080 7057 6742
f 7078 7057 7080
f 6745 7068 7066
f 7068 6742 7056
f 7066 7056 6643
f 7068 7056 7066
f 6748 7080 7082
f 7080 6742 7068
f 7082 7068 6745
f 7080 7068 7082
f 6654 7058 7069
f 7058 6743 7072
f 7069 7072 6746
f 7058 7072 7069
f 6743 7059 7081
f 7059 6663 7078
f 7081 7078 6748
f 7059 7078 7081
f 6746 7083 7070
f 7083 6748 7079
f 7070 7079 6664
f 7083 7079 7070
f 6743 7081 7072
f 7081 6748 7083
f 7072 7083 6746
f 7081 7083 7072
f 5205 7062 7062
f 7062 6744 6744
f 7062 6744 6744
f 7062 6744 7062
f 6744 7063 7063
f 7063 6664 6664
f 7063 6664 6664
f 7063 6664 7063
f 6744 7063 7063
f 7063 6664 6664
f 7063 6664 6664
f 7063 6664 7063
f 6744 7063 6744
f 7063 6664 7063
f 6744 7063 6744
f 7063 7063 6744
f 6664 7067 7067
f 7067 6745 6745
f 7067 6745 6745
f 7067 6745 7067
f 6745 7066 7066
f 7066 6643 6643
f 7066 6643 6643
f 7066 6643 7066
f 6745 7066 7066
f 7066 6643 6643
f 7066 6643 6643
f 7066 6643 7066
f 6745 7066 6745
f 7066 6643 7066
f 6745 7066 6745
f 7066 7066 6745
f 6664 7067 7067
f 7067 6745 6745
f 7067 6745 6745
f 7067 6745 7067
f 6745 7066 7066
f 7066 6643 6643
f 7066 6643 6643
f 7066 6643 7066
f 6745 7066 7066
f 7066 6643 6643
f 7066 6643 6643
f 7066 6643 7066
f 6745 7066 6745
f 7066 6643 7066
f 6745 7066 6745
f 7066 7066 6745
f 6664 7067 6664
f 7067 6745 7067
f 6664 7067 6664
f 7067 7067 6664
f 6745 7066 6745
f 7066 6643 7066
f 6745 7066 6745
f 7066 7066 6745
f 6664 7067 6664
f 7067 6745 7067
f 6664 7067 6664
f 7067 7067 6664
f 6745 6745 7067
f 6745 6745 7067
f 7067 7067 6664
f 6745 7067 7067
f 5205 6899 5238
f 6899 6706 6952
f 5238 6952 5216
f 6899 6952 5238
f 6706 6900 6955
f 6900 6656 6953
f 6955 6953 6719
f 6900 6953 6955
f 5216 6956 5239
f 6956 6719 6954
f 5239 6954 5209
f 6956 6954 5239
f 6706 6955 6952
f 6955 6719 6956
f 6952 6956 5216
f 6955 6956 6952
f 6656 6902 6970
f 6902 6707 6972
f 6970 6972 6723
f 6902 6972 6970
f 6707 6901 6960
f 6901 6641 6957
f 6960 6957 6720
f 6901 6957 6960
f 6723 6974 6971
f 6974 6720 6958
f 6971 6958 6659
f 6974 6958 6971
f 6707 6960 6972
f 6960 6720 6974
f 6972 6974 6723
f 6960 6974 6972
f 5209 6981 5242
f 6981 6725 6983
f 5242 6983 5217
f 6981 6983 5242
f 6725 6982 6985
f 6982 6659 6962
f 6985 6962 6721
f 6982 6962 6985
f 5217 6964 5241
f 6964 6721 6961
f 5241 6961 5206
f 6964 6961 5241
f 6725 6985 6983
f 6985 6721 6964
f 6983 6964 5217
f 6985 6964 6983
f 6656 6970 6953
f 6970 6723 6973
f 6953 6973 6719
f 6970 6973 6953
f 6723 6971 6986
f 6971 6659 6982
f 6986 6982 6725
f 6971 6982 6986
f 6719 6984 6954
f 6984 6725 6981
f 6954 6981 5209
f 6984 6981 6954
f 6723 6986 6973
f 6986 6725 6984
f 6973 6984 6719
f 6986 6984 6973
f 5205 5238 5238
f 5238 5216 5216
f 5238 5216 5216
f 5238 5216 5238
f 5216 5239 5239
f 5239 5209 5209
f 5239 5209 5209
f 5239 5209 5239
f 5216 5239 5239
f 5239 5209 5209
f 5239 5209 5209
f 5239 5209 5239
f 5216 5239 5216
f 5239 5209 5239
f 5216 5239 5216
f 5239 5239 5216
f 5209 5242 5242
f 5242 5217 5217
f 5242 5217 5217
f 5242 5217 5242
f 5217 5241 5241
f 5241 5206 5206
f 5241 5206 5206
f 5241 5206 5241
f 5217 5241 5241
f 5241 5206 5206
f 5241 5206 5206
f 5241 5206 5241
f 5217 5241 5217
f 5241 5206 5241
f 5217 5241 5217
f 5241 5241 5217
f 5209 5242 5242
f 5242 5217 5217
f 5242 5217 5217
f 5242 5217 5242
f 5217 5241 5241
f 5241 5206 5206
f 5241 5206 5206
f 5241 5206 5241
f 5217 5241 5241
f 5241 5206 5206
f 5241 5206 5206
f 5241 5206 5241
f 5217 5241 5217
f 5241 5206 5241
f 5217 5241 5217
f 5241 5241 5217
f 5209 5242 5209
f 5242 5217 5242
f 5209 5242 5209
f 5242 5242 5209
f 5217 5241 5217
f 5241 5206 5241
f 5217 5241 5217
f 5241 5241 5217
f 5209 5242 5209
f 5242 5217 5242
f 5209 5242 5209
f 5242 5242 5209
f 5217 5217 5242
f 5217 5217 5242
f 5242 5242 5209
f 5217 5242 5242
f 6641 6901 7115
f 6901 6707 7117
f 7115 7117 6757
f 6901 7117 7115
f 6707 6902 7123
f 6902 6656 7121
f 7123 7121 6759
f 6902 7121 7123
f 6757 7125 7116
f 7125 6759 7122
f 7116 7122 6667
f 7125 7122 7116
f 6707 7123 7117
f 7123 6759 7125
f 7117 7125 6757
f 7123 7125 7117
f 6656 6900 7107
f 6900 6706 7109
f 7107 7109 6755
f 6900 7109 7107
f 6706 6899 7103
f 6899 5205 7101
f 7103 7101 6753
f 6899 7101 7103
f 6755 7110 7108
f 7110 6753 7102
f 7108 7102 6666
f 7110 7102 7108
f 6706 7103 7109
f 7103 6753 7110
f 7109 7110 6755
f 7103 7110 7109
f 6667 7127 7119
f 7127 6760 7130
f 7119 7130 6758
f 7127 7130 7119
f 6760 7126 7128
f 7126 6666 7106
f 7128 7106 6754
f 7126 7106 7128
f 6758 7120 7118
f 7120 6754 7105
f 7118 7105 6644
f 7120 7105 7118
f 6760 7128 7130
f 7128 6754 7120
f 7130 7120 6758
f 7128 7120 7130
f 6656 7107 7121
f 7107 6755 7124
f 7121 7124 6759
f 7107 7124 7121
f 6755 7108 7129
f 7108 6666 7126
f 7129 7126 6760
f 7108 7126 7129
f 6759 7131 7122
f 7131 6760 7127
f 7122 7127 6667
f 7131 7127 7122
f 6755 7129 7124
f 7129 6760 7131
f 7124 7131 6759
f 7129 7131 7124
f 6641 7115 7115
f 7115 6757 6757
f 7115 6757 6757
f 7115 6757 7115
f 6757 7116 7116
f 7116 6667 6667
f 7116 6667 6667
f 7116 6667 7116
f 6757 7116 7116
f 7116 6667 6667
f 7116 6667 6667
f 7116 6667 7116
f 6757 7116 6757
f 7116 6667 7116
f 6757 7116 6757
f 7116 7116 6757
f 6667 7119 7119
f 7119 6758 6758
f 7119 6758 6758
f 7119 6758 7119
f 6758 7118 7118
f 7118 6644 6644
f 7118 6644 6644
f 7118 6644 7118
f 6758 7118 7118
f 7118 6644 6644
f 7118 6644 6644
f 7118 6644 7118
f 6758 7118 6758
f 7118 6644 7118
f 6758 7118 6758
f 7118 7118 6758
f 6667 7119 7119
f 7119 6758 6758
f 7119 6758 6758
f 7119 6758 7119
f 6758 7118 7118
f 7118 6644 6644
f 7118 6644 6644
f 7118 6644 7118
f 6758 7118 7118
f 7118 6644 6644
f 7118 6644 6644
f 7118 6644 7118
f 6758 7118 6758
f 7118 6644 7118
f 6758 7118 6758
f 7118 7118 6758
f 6667 7119 6667
f 7119 6758 7119
f 6667 7119 6667
f 7119 7119 6667
f 6758 7118 6758
f 7118 6644 7118
f 6758 7118 6758
f 7118 7118 6758
f 6667 7119 6667
f 7119 6758 7119
f 6667 7119 6667
f 7119 7119 6667
f 6758 6758 7119
f 6758 6758 7119
f 7119 7119 6667
f 6758 7119 7119
f 5205 7049 7101
f 7049 6739 7104
f 7101 7104 6753
f 7049 7104 7101
f 6739 7050 7113
f 7050 6662 7111
f 7113 7111 6756
f 7050 7111 7113
f 6753 7114 7102
f 7114 6756 7112
f 7102 7112 6666
f 7114 7112 7102
f 6739 7113 7104
f 7113 6756 7114
f 7104 7114 6753
f 7113 7114 7104
f 6662 7052 7138
f 7052 6740 7140
f 7138 7140 6763
f 7052 7140 7138
f 6740 7051 7134
f 7051 6642 7132
f 7134 7132 6761
f 7051 7132 7134
f 6763 7142 7139
f 7142 6761 7133
f 7139 7133 6668
f 7142 7133 7139
f 6740 7134 7140
f 7134 6761 7142
f 7140 7142 6763
f 7134 7142 7140
f 6666 7143 7106
f 7143 6764 7145
f 7106 7145 6754
f 7143 7145 7106
f 6764 7144 7147
f 7144 6668 7136
f 7147 7136 6762
f 7144 7136 7147
f 6754 7137 7105
f 7137 6762 7135
f 7105 7135 6644
f 7137 7135 7105
f 6764 7147 7145
f 7147 6762 7137
f 7145 7137 6754
f 7147 7137 7145
f 6662 7138 7111
f 7138 6763 7141
f 7111 7141 6756
f 7138 7141 7111
f 6763 7139 7148
f 7139 6668 7144
f 7148 7144 6764
f 7139 7144 7148
f 6756 7146 7112
f 7146 6764 7143
f 7112 7143 6666
f 7146 7143 7112
f 6763 7148 7141
f 7148 6764 7146
f 7141 7146 6756
f 7148 7146 7141
f 5205 7101 7101
f 7101 6753 6753
f 7101 6753 6753
f 7101 6753 7101
f 6753 7102 7102
f 7102 6666 6666
f 7102 6666 6666
f 7102 6666 7102
f 6753 7102 7102
f 7102 6666 6666
f 7102 6666 6666
f 7102 6666 7102
f 6753 7102 6753
f 7102 6666 7102
f 6753 7102 6753
f 7102 7102 6753
f 6666 7106 7106
f 7106 6754 6754
f 7106 6754 6754
f 7106 6754 7106
f 6754 7105 7105
f 7105 6644 6644
f 7105 6644 6644
f 7105 6644 7105
f 6754 7105 7105
f 7105 6644 6644
f 7105 6644 6644
f 7105 6644 7105
f 6754 7105 6754
f 7105 6644 7105
f 6754 7105 6754
f 7105 7105 6754
f 6666 7106 7106
f 7106 6754 6754
f 7106 6754 6754
f 7106 6754 7106
f 6754 7105 7105
f 7105 6644 6644
f 7105 6644 6644
f 7105 6644 7105
f 6754 7105 7105
f 7105 6644 6644
f 7105 6644 6644
f 7105 6644 7105
f 6754 7105 6754
f 7105 6644 7105
f 6754 7105 6754
f 7105 7105 6754
f 6666 7106 6666
f 7106 6754 7106
f 6666 7106 6666
f 7106 7106 6666
f 6754 7105 6754
f 7105 6644 7105
f 6754 7105 6754
f 7105 7105 6754
f 6666 7106 6666
f 7106 6754 7106
f 6666 7106 6666
f 7106 7106 6666
f 6754 6754 7106
f 6754 6754 7106
f 7106 7106 6666
f 6754 7106 7106
f 6639 6795 7009
f 6795 6678 7011
f 7009 7011 6731
f 6795 7011 7009
f 6678 6796 7017
f 6796 6648 7015
f 7017 7015 6733
f 6796 7015 7017
f 6731 7018 7010
f 7018 6733 7016
f 7010 7016 6661
f 7018 7016 7010
f 6678 7017 7011
f 7017 6733 7018
f 7011 7018 6731
f 7017 7018 7011
f 6648 6798 7025
f 6798 6679 7027
f 7025 7027 6735
f 6798 7027 7025
f 6679 6797 7023
f 6797 698 1766
f 7023 1766 980
f 6797 1766 7023
f 6735 7029 7026
f 7029 980 1767
f 7026 1767 765
f 7029 1767 7026
f 6679 7023 7027
f 7023 980 7029
f 7027 7029 6735
f 7023 7029 7027
f 6661 7030 7014
f 7030 6736 7032
f 7014 7032 6732
f 7030 7032 7014
f 6736 7031 7034
f 7031 765 1764
f 7034 1764 979
f 7031 1764 7034
f 6732 7024 7013
f 7024 979 1763
f 7013 1763 697
f 7024 1763 7013
f 6736 7034 7032
f 7034 979 7024
f 7032 7024 6732
f 7034 7024 7032
f 6648 7025 7015
f 7025 6735 7028
f 7015 7028 6733
f 7025 7028 7015
f 6735 7026 7035
f 7026 765 7031
f 7035 7031 6736
f 7026 7031 7035
f 6733 7033 7016
f 7033 6736 7030
f 7016 7030 6661
f 7033 7030 7016
f 6735 7035 7028
f 7035 6736 7033
f 7028 7033 6733
f 7035 7033 7028
f 6639 7009 7009
f 7009 6731 6731
f 7009 6731 6731
f 7009 6731 7009
f 6731 7010 7010
f 7010 6661 6661
f 7010 6661 6661
f 7010 6661 7010
f 6731 7010 7010
f 7010 6661 6661
f 7010 6661 6661
f 7010 6661 7010
f 6731 7010 6731
f 7010 6661 7010
f 6731 7010 6731
f 7010 7010 6731
f 6661 7014 7014
f 7014 6732 6732
f 7014 6732 6732
f 7014 6732 7014
f 6732 7013 7013
f 7013 697 697
f 7013 697 697
f 7013 697 7013
f 6732 7013 7013
f 7013 697 697
f 7013 697 697
f 7013 697 7013
f 6732 7013 6732
f 7013 697 7013
f 6732 7013 6732
f 7013 7013 6732
f 6661 7014 7014
f 7014 6732 6732
f 7014 6732 6732
f 7014 6732 7014
f 6732 7013 7013
f 7013 697 697
f 7013 697 697
f 7013 697 7013
f 6732 7013 7013
f 7013 697 697
f 7013 697 697
f 7013 697 7013
f 6732 7013 6732
f 7013 697 7013
f 6732 7013 6732
f 7013 7013 6732
f 6661 7014 6661
f 7014 6732 7014
f 6661 7014 6661
f 7014 7014 6661
f 6732 7013 6732
f 7013 697 7013
f 6732 7013 6732
f 7013 7013 6732
f 6661 7014 6661
f 7014 6732 7014
f 6661 7014 6661
f 7014 7014 6661
f 6732 6732 7014
f 6732 6732 7014
f 7014 7014 6661
f 6732 7014 7014
f 7149 7242 7246
f 7242 7169 7248
f 7246 7248 7171
f 7242 7248 7246
f 7169 7243 7253
f 7243 7152 7251
f 7253 7251 7173
f 7243 7251 7253
f 7171 7254 7247
f 7254 7173 7252
f 7247 7252 7153
f 7254 7252 7247
f 7169 7253 7248
f 7253 7173 7254
f 7248 7254 7171
f 7253 7254 7248
f 7152 7245 7261
f 7245 7170 7263
f 7261 7263 7176
f 7245 7263 7261
f 7170 7244 7257
f 7244 700 7255
f 7257 7255 7174
f 7244 7255 7257
f 7176 7265 7262
f 7265 7174 7256
f 7262 7256 7154
f 7265 7256 7262
f 7170 7257 7263
f 7257 7174 7265
f 7263 7265 7176
f 7257 7265 7263
f 7153 7266 7250
f 7266 7177 7268
f 7250 7268 7172
f 7266 7268 7250
f 7177 7267 7270
f 7267 7154 7259
f 7270 7259 7175
f 7267 7259 7270
f 7172 7260 7249
f 7260 7175 7258
f 7249 7258 7150
f 7260 7258 7249
f 7177 7270 7268
f 7270 7175 7260
f 7268 7260 7172
f 7270 7260 7268
f 7152 7261 7251
f 7261 7176 7264
f 7251 7264 7173
f 7261 7264 7251
f 7176 7262 7271
f 7262 7154 7267
f 7271 7267 7177
f 7262 7267 7271
f 7173 7269 7252
f 7269 7177 7266
f 7252 7266 7153
f 7269 7266 7252
f 7176 7271 7264
f 7271 7177 7269
f 7264 7269 7173
f 7271 7269 7264
f 7149 7246 7246
f 7246 7171 7171
f 7246 7171 7171
f 7246 7171 7246
f 7171 7247 7247
f 7247 7153 7153
f 7247 7153 7153
f 7247 7153 7247
f 7171 7247 7247
f 7247 7153 7153
f 7247 7153 7153
f 7247 7153 7247
f 7171 7247 7171
f 7247 7153 7247
f 7171 7247 7171
f 7247 7247 7171
f 7153 7250 7250
f 7250 7172 7172
f 7250 7172 7172
f 7250 7172 7250
f 7172 7249 7249
f 7249 7150 7150
f 7249 7150 7150
f 7249 7150 7249
f 7172 7249 7249
f 7249 7150 7150
f 7249 7150 7150
f 7249 7150 7249
f 7172 7249 7172
f 7249 7150 7249
f 7172 7249 7172
f 7249 7249 7172
f 7153 7250 7250
f 7250 7172 7172
f 7250 7172 7172
f 7250 7172 7250
f 7172 7249 7249
f 7249 7150 7150
f 7249 7150 7150
f 7249 7150 7249
f 7172 7249 7249
f 7249 7150 7150
f 7249 7150 7150
f 7249 7150 7249
f 7172 7249 7172
f 7249 7150 7249
f 7172 7249 7172
f 7249 7249 7172
f 7153 7250 7153
f 7250 7172 7250
f 7153 7250 7153
f 7250 7250 7153
f 7172 7249 7172
f 7249 7150 7249
f 7172 7249 7172
f 7249 7249 7172
f 7153 7250 7153
f 7250 7172 7250
f 7153 7250 7153
f 7250 7250 7153
f 7172 7172 7250
f 7172 7172 7250
f 7250 7250 7153
f 7172 7250 7250
f 4759 7274 7285
f 7274 7179 7287
f 7285 7287 7183
f 7274 7287 7285
f 7179 7275 7293
f 7275 7155 7291
f 7293 7291 7185
f 7275 7291 7293
f 7183 7295 7286
f 7295 7185 7292
f 7286 7292 7157
f 7295 7292 7286
f 7179 7293 7287
f 7293 7185 7295
f 7287 7295 7183
f 7293 7295 7287
f 7155 7273 7281
f 7273 7178 7283
f 7281 7283 7182
f 7273 7283 7281
f 7178 7272 7278
f 7272 7149 7276
f 7278 7276 7180
f 7272 7276 7278
f 7182 7284 7282
f 7284 7180 7277
f 7282 7277 7156
f 7284 7277 7282
f 7178 7278 7283
f 7278 7180 7284
f 7283 7284 7182
f 7278 7284 7283
f 7157 7297 7289
f 7297 7186 7300
f 7289 7300 7184
f 7297 7300 7289
f 7186 7296 7298
f 7296 7156 7280
f 7298 7280 7181
f 7296 7280 7298
f 7184 7290 7288
f 7290 7181 7279
f 7288 7279 7151
f 7290 7279 7288
f 7186 7298 7300
f 7298 7181 7290
f 7300 7290 7184
f 7298 7290 7300
f 7155 7281 7291
f 7281 7182 7294
f 7291 7294 7185
f 7281 7294 7291
f 7182 7282 7299
f 7282 7156 7296
f 7299 7296 7186
f 7282 7296 7299
f 7185 7301 7292
f 7301 7186 7297
f 7292 7297 7157
f 7301 7297 7292
f 7182 7299 7294
f 7299 7186 7301
f 7294 7301 7185
f 7299 7301 7294
f 4759 7285 7285
f 7285 7183 7183
f 7285 7183 7183
f 7285 7183 7285
f 7183 7286 7286
f 7286 7157 7157
f 7286 7157 7157
f 7286 7157 7286
f 7183 7286 7286
f 7286 7157 7157
f 7286 7157 7157
f 7286 7157 7286
f 7183 7286 7183
f 7286 7157 7286
f 7183 7286 7183
f 7286 7286 7183
f 7157 7289 7289
f 7289 7184 7184
f 7289 7184 7184
f 7289 7184 7289
f 7184 7288 7288
f 7288 7151 7151
f 7288 7151 7151
f 7288 7151 7288
f 7184 7288 7288
f 7288 7151 7151
f 7288 7151 7151
f 7288 7151 7288
f 7184 7288 7184
f 7288 7151 7288
f 7184 7288 7184
f 7288 7288 7184
f 7157 7289 7289
f 7289 7184 7184
f 7289 7184 7184
f 7289 7184 7289
f 7184 7288 7288
f 7288 7151 7151
f 7288 7151 7151
f 7288 7151 7288
f 7184 7288 7288
f 7288 7151 7151
f 7288 7151 7151
f 7288 7151 7288
f 7184 7288 7184
f 7288 7151 7288
f 7184 7288 7184
f 7288 7288 7184
f 7157 7289 7157
f 7289 7184 7289
f 7157 7289 7157
f 7289 7289 7157
f 7184 7288 7184
f 7288 7151 7288
f 7184 7288 7184
f 7288 7288 7184
f 7157 7289 7157
f 7289 7184 7289
f 7157 7289 7157
f 7289 7289 7157
f 7184 7184 7289
f 7184 7184 7289
f 7289 7289 7157
f 7184 7289 7289
f 7149 7302 7306
f 7302 7187 7308
f 7306 7308 7189
f 7302 7308 7306
f 7187 7303 7313
f 7303 7158 7311
f 7313 7311 7191
f 7303 7311 7313
f 7189 7314 7307
f 7314 7191 7312
f 7307 7312 7159
f 7314 7312 7307
f 7187 7313 7308
f 7313 7191 7314
f 7308 7314 7189
f 7313 7314 7308
f 7158 7305 7317
f 7305 7188 7319
f 7317 7319 7192
f 7305 7319 7317
f 7188 7304 7315
f 7304 6405 6503
f 7315 6503 6426
f 7304 6503 7315
f 7192 7321 7318
f 7321 6426 6504
f 7318 6504 6408
f 7321 6504 7318
f 7188 7315 7319
f 7315 6426 7321
f 7319 7321 7192
f 7315 7321 7319
f 7159 7322 7310
f 7322 7193 7324
f 7310 7324 7190
f 7322 7324 7310
f 7193 7323 7326
f 7323 6408 6502
f 7326 6502 6425
f 7323 6502 7326
f 7190 7316 7309
f 7316 6425 6501
f 7309 6501 689
f 7316 6501 7309
f 7193 7326 7324
f 7326 6425 7316
f 7324 7316 7190
f 7326 7316 7324
f 7158 7317 7311
f 7317 7192 7320
f 7311 7320 7191
f 7317 7320 7311
f 7192 7318 7327
f 7318 6408 7323
f 7327 7323 7193
f 7318 7323 7327
f 7191 7325 7312
f 7325 7193 7322
f 7312 7322 7159
f 7325 7322 7312
f 7192 7327 7320
f 7327 7193 7325
f 7320 7325 7191
f 7327 7325 7320
f 7149 7306 7306
f 7306 7189 7189
f 7306 7189 7189
f 7306 7189 7306
f 7189 7307 7307
f 7307 7159 7159
f 7307 7159 7159
f 7307 7159 7307
f 7189 7307 7307
f 7307 7159 7159
f 7307 7159 7159
f 7307 7159 7307
f 7189 7307 7189
f 7307 7159 7307
f 7189 7307 7189
f 7307 7307 7189
f 7159 7310 7310
f 7310 7190 7190
f 7310 7190 7190
f 7310 7190 7310
f 7190 7309 7309
f 7309 689 689
f 7309 689 689
f 7309 689 7309
f 7190 7309 7309
f 7309 689 689
f 7309 689 689
f 7309 689 7309
f 7190 7309 7190
f 7309 689 7309
f 7190 7309 7190
f 7309 7309 7190
f 7159 7310 7310
f 7310 7190 7190
f 7310 7190 7190
f 7310 7190 7310
f 7190 7309 7309
f 7309 689 689
f 7309 689 689
f 7309 689 7309
f 7190 7309 7309
f 7309 689 689
f 7309 689 689
f 7309 689 7309
f 7190 7309 7190
f 7309 689 7309
f 7190 7309 7190
f 7309 7309 7190
f 7159 7310 7159
f 7310 7190 7310
f 7159 7310 7159
f 7310 7310 7159
f 7190 7309 7190
f 7309 689 7309
f 7190 7309 7190
f 7309 7309 7190
f 7159 7310 7159
f 7310 7190 7310
f 7159 7310 7159
f 7310 7310 7159
f 7190 7190 7310
f 7190 7190 7310
f 7310 7310 7159
f 7190 7310 7310
f 694 1618 7328
f 1618 942 7330
f 7328 7330 7194
f 1618 7330 7328
f 942 1619 7335
f 1619 755 7333
f 7335 7333 7196
f 1619 7333 7335
f 7194 7336 7329
f 7336 7196 7334
f 7329 7334 7160
f 7336 7334 7329
f 942 7335 7330
f 7335 7196 7336
f 7330 7336 7194
f 7335 7336 7330
f 755 1616 7339
f 1616 941 7341
f 7339 7341 7197
f 1616 7341 7339
f 941 1615 7337
f 1615 693 6156
f 7337 6156 6109
f 1615 6156 7337
f 7197 7343 7340
f 7343 6109 6157
f 7340 6157 6097
f 7343 6157 7340
f 941 7337 7341
f 7337 6109 7343
f 7341 7343 7197
f 7337 7343 7341
f 7160 7344 7332
f 7344 7198 7346
f 7332 7346 7195
f 7344 7346 7332
f 7198 7345 7348
f 7345 6097 6160
f 7348 6160 6110
f 7345 6160 7348
f 7195 7338 7331
f 7338 6110 6159
f 7331 6159 6093
f 7338 6159 7331
f 7198 7348 7346
f 7348 6110 7338
f 7346 7338 7195
f 7348 7338 7346
f 755 7339 7333
f 7339 7197 7342
f 7333 7342 7196
f 7339 7342 7333
f 7197 7340 7349
f 7340 6097 7345
f 7349 7345 7198
f 7340 7345 7349
f 7196 7347 7334
f 7347 7198 7344
f 7334 7344 7160
f 7347 7344 7334
f 7197 7349 7342
f 7349 7198 7347
f 7342 7347 7196
f 7349 7347 7342
f 694 7328 7328
f 7328 7194 7194
f 7328 7194 7194
f 7328 7194 7328
f 7194 7329 7329
f 7329 7160 7160
f 7329 7160 7160
f 7329 7160 7329
f 7194 7329 7329
f 7329 7160 7160
f 7329 7160 7160
f 7329 7160 7329
f 7194 7329 7194
f 7329 7160 7329
f 7194 7329 7194
f 7329 7329 7194
f 7160 7332 7332
f 7332 7195 7195
f 7332 7195 7195
f 7332 7195 7332
f 7195 7331 7331
f 7331 6093 6093
f 7331 6093 6093
f 7331 6093 7331
f 7195 7331 7331
f 7331 6093 6093
f 7331 6093 6093
f 7331 6093 7331
f 7195 7331 7195
f 7331 6093 7331
f 7195 7331 7195
f 7331 7331 7195
f 7160 7332 7332
f 7332 7195 7195
f 7332 7195 7195
f 7332 7195 7332
f 7195 7331 7331
f 7331 6093 6093
f 7331 6093 6093
f 7331 6093 7331
f 7195 7331 7331
f 7331 6093 6093
f 7331 6093 6093
f 7331 6093 7331
f 7195 7331 7195
f 7331 6093 7331
f 7195 7331 7195
f 7331 7331 7195
f 7160 7332 7160
f 7332 7195 7332
f 7160 7332 7160
f 7332 7332 7160
f 7195 7331 7195
f 7331 6093 7331
f 7195 7331 7195
f 7331 7331 7195
f 7160 7332 7160
f 7332 7195 7332
f 7160 7332 7160
f 7332 7332 7160
f 7195 7195 7332
f 7195 7195 7332
f 7332 7332 7160
f 7195 7332 7332
f 6221 7399 7420
f 7399 7210 7422
f 7420 7422 7216
f 7399 7422 7420
f 7210 7400 7427
f 7400 7163 7425
f 7427 7425 7218
f 7400 7425 7427
f 7216 7428 7421
f 7428 7218 7426
f 7421 7426 7165
f 7428 7426 7421
f 7210 7427 7422
f 7427 7218 7428
f 7422 7428 7216
f 7427 7428 7422
f 7163 7403 7431
f 7403 7211 7433
f 7431 7433 7219
f 7403 7433 7431
f 7211 7402 7429
f 7402 4755 4851
f 7429 4851 4784
f 7402 4851 7429
f 7219 7435 7432
f 7435 4784 4852
f 7432 4852 4764
f 7435 4852 7432
f 7211 7429 7433
f 7429 4784 7435
f 7433 7435 7219
f 7429 7435 7433
f 7165 7436 7424
f 7436 7220 7438
f 7424 7438 7217
f 7436 7438 7424
f 7220 7437 7440
f 7437 4764 4855
f 7440 4855 4785
f 7437 4855 7440
f 7217 7430 7423
f 7430 4785 4854
f 7423 4854 4757
f 7430 4854 7423
f 7220 7440 7438
f 7440 4785 7430
f 7438 7430 7217
f 7440 7430 7438
f 7163 7431 7425
f 7431 7219 7434
f 7425 7434 7218
f 7431 7434 7425
f 7219 7432 7441
f 7432 4764 7437
f 7441 7437 7220
f 7432 7437 7441
f 7218 7439 7426
f 7439 7220 7436
f 7426 7436 7165
f 7439 7436 7426
f 7219 7441 7434
f 7441 7220 7439
f 7434 7439 7218
f 7441 7439 7434
f 6221 7420 7420
f 7420 7216 7216
f 7420 7216 7216
f 7420 7216 7420
f 7216 7421 7421
f 7421 7165 7165
f 7421 7165 7165
f 7421 7165 7421
f 7216 7421 7421
f 7421 7165 7165
f 7421 7165 7165
f 7421 7165 7421
f 7216 7421 7216
f 7421 7165 7421
f 7216 7421 7216
f 7421 7421 7216
f 7165 7424 7424
f 7424 7217 7217
f 7424 7217 7217
f 7424 7217 7424
f 7217 7423 7423
f 7423 4757 4757
f 7423 4757 4757
f 7423 4757 7423
f 7217 7423 7423
f 7423 4757 4757
f 7423 4757 4757
f 7423 4757 7423
f 7217 7423 7217
f 7423 4757 7423
f 7217 7423 7217
f 7423 7423 7217
f 7165 7424 7424
f 7424 7217 7217
f 7424 7217 7217
f 7424 7217 7424
f 7217 7423 7423
f 7423 4757 4757
f 7423 4757 4757
f 7423 4757 7423
f 7217 7423 7423
f 7423 4757 4757
f 7423 4757 4757
f 7423 4757 7423
f 7217 7423 7217
f 7423 4757 7423
f 7217 7423 7217
f 7423 7423 7217
f 7165 7424 7165
f 7424 7217 7424
f 7165 7424 7165
f 7424 7424 7165
f 7217 7423 7217
f 7423 4757 7423
f 7217 7423 7217
f 7423 7423 7217
f 7165 7424 7165
f 7424 7217 7424
f 7165 7424 7165
f 7424 7424 7165
f 7217 7217 7424
f 7217 7217 7424
f 7424 7424 7165
f 7217 7424 7424
f 4757 7418 7474
f 7418 7215 7476
f 7474 7476 7228
f 7418 7476 7474
f 7215 7419 7484
f 7419 7164 7482
f 7484 7482 7230
f 7419 7482 7484
f 7228 7486 7475
f 7486 7230 7483
f 7475 7483 7167
f 7486 7483 7475
f 7215 7484 7476
f 7484 7230 7486
f 7476 7486 7228
f 7484 7486 7476
f 7164 7417 7452
f 7417 7214 7454
f 7452 7454 7224
f 7417 7454 7452
f 7214 7416 7445
f 7416 694 7442
f 7445 7442 7221
f 7416 7442 7445
f 7224 7455 7453
f 7455 7221 7443
f 7453 7443 7166
f 7455 7443 7453
f 7214 7445 7454
f 7445 7221 7455
f 7454 7455 7224
f 7445 7455 7454
f 7167 7493 7479
f 7493 7232 7496
f 7479 7496 7229
f 7493 7496 7479
f 7232 7492 7494
f 7492 7166 7447
f 7494 7447 7222
f 7492 7447 7494
f 7229 7480 7478
f 7480 7222 7446
f 7478 7446 6094
f 7480 7446 7478
f 7232 7494 7496
f 7494 7222 7480
f 7496 7480 7229
f 7494 7480 7496
f 7164 7452 7482
f 7452 7224 7485
f 7482 7485 7230
f 7452 7485 7482
f 7224 7453 7495
f 7453 7166 7492
f 7495 7492 7232
f 7453 7492 7495
f 7230 7497 7483
f 7497 7232 7493
f 7483 7493 7167
f 7497 7493 7483
f 7224 7495 7485
f 7495 7232 7497
f 7485 7497 7230
f 7495 7497 7485
f 4757 7474 7474
f 7474 7228 7228
f 7474 7228 7228
f 7474 7228 7474
f 7228 7475 7475
f 7475 7167 7167
f 7475 7167 7167
f 7475 7167 7475
f 7228 7475 7475
f 7475 7167 7167
f 7475 7167 7167
f 7475 7167 7475
f 7228 7475 7228
f 7475 7167 7475
f 7228 7475 7228
f 7475 7475 7228
f 7167 7479 7479
f 7479 7229 7229
f 7479 7229 7229
f 7479 7229 7479
f 7229 7478 7478
f 7478 6094 6094
f 7478 6094 6094
f 7478 6094 7478
f 7229 7478 7478
f 7478 6094 6094
f 7478 6094 6094
f 7478 6094 7478
f 7229 7478 7229
f 7478 6094 7478
f 7229 7478 7229
f 7478 7478 7229
f 7167 7479 7479
f 7479 7229 7229
f 7479 7229 7229
f 7479 7229 7479
f 7229 7478 7478
f 7478 6094 6094
f 7478 6094 6094
f 7478 6094 7478
f 7229 7478 7478
f 7478 6094 6094
f 7478 6094 6094
f 7478 6094 7478
f 7229 7478 7229
f 7478 6094 7478
f 7229 7478 7229
f 7478 7478 7229
f 7167 7479 7167
f 7479 7229 7479
f 7167 7479 7167
f 7479 7479 7167
f 7229 7478 7229
f 7478 6094 7478
f 7229 7478 7229
f 7478 7478 7229
f 7167 7479 7167
f 7479 7229 7479
f 7167 7479 7167
f 7479 7479 7167
f 7229 7229 7479
f 7229 7229 7479
f 7479 7479 7167
f 7229 7479 7479
f 694 7328 7442
f 7328 7194 7444
f 7442 7444 7221
f 7328 7444 7442
f 7194 7329 7450
f 7329 7160 7448
f 7450 7448 7223
f 7329 7448 7450
f 7221 7451 7443
f 7451 7223 7449
f 7443 7449 7166
f 7451 7449 7443
f 7194 7450 7444
f 7450 7223 7451
f 7444 7451 7221
f 7450 7451 7444
f 7160 7332 7458
f 7332 7195 7460
f 7458 7460 7225
f 7332 7460 7458
f 7195 7331 7456
f 7331 6093 6195
f 7456 6195 6118
f 7331 6195 7456
f 7225 7462 7459
f 7462 6118 6196
f 7459 6196 6099
f 7462 6196 7459
f 7195 7456 7460
f 7456 6118 7462
f 7460 7462 7225
f 7456 7462 7460
f 7166 7463 7447
f 7463 7226 7465
f 7447 7465 7222
f 7463 7465 7447
f 7226 7464 7467
f 7464 6099 6199
f 7467 6199 6119
f 7464 6199 7467
f 7222 7457 7446
f 7457 6119 6198
f 7446 6198 6094
f 7457 6198 7446
f 7226 7467 7465
f 7467 6119 7457
f 7465 7457 7222
f 7467 7457 7465
f 7160 7458 7448
f 7458 7225 7461
f 7448 7461 7223
f 7458 7461 7448
f 7225 7459 7468
f 7459 6099 7464
f 7468 7464 7226
f 7459 7464 7468
f 7223 7466 7449
f 7466 7226 7463
f 7449 7463 7166
f 7466 7463 7449
f 7225 7468 7461
f 7468 7226 7466
f 7461 7466 7223
f 7468 7466 7461
f 694 7442 7442
f 7442 7221 7221
f 7442 7221 7221
f 7442 7221 7442
f 7221 7443 7443
f 7443 7166 7166
f 7443 7166 7166
f 7443 7166 7443
f 7221 7443 7443
f 7443 7166 7166
f 7443 7166 7166
f 7443 7166 7443
f 7221 7443 7221
f 7443 7166 7443
f 7221 7443 7221
f 7443 7443 7221
f 7166 7447 7447
f 7447 7222 7222
f 7447 7222 7222
f 7447 7222 7447
f 7222 7446 7446
f 7446 6094 6094
f 7446 6094 6094
f 7446 6094 7446
f 7222 7446 7446
f 7446 6094 6094
f 7446 6094 6094
f 7446 6094 7446
f 7222 7446 7222
f 7446 6094 7446
f 7222 7446 7222
f 7446 7446 7222
f 7166 7447 7447
f 7447 7222 7222
f 7447 7222 7222
f 7447 7222 7447
f 7222 7446 7446
f 7446 6094 6094
f 7446 6094 6094
f 7446 6094 7446
f 7222 7446 7446
f 7446 6094 6094
f 7446 6094 6094
f 7446 6094 7446
f 7222 7446 7222
f 7446 6094 7446
f 7222 7446 7222
f 7446 7446 7222
f 7166 7447 7166
f 7447 7222 7447
f 7166 7447 7166
f 7447 7447 7166
f 7222 7446 7222
f 7446 6094 7446
f 7222 7446 7222
f 7446 7446 7222
f 7166 7447 7166
f 7447 7222 7447
f 7166 7447 7166
f 7447 7447 7166
f 7222 7222 7447
f 7222 7222 7447
f 7447 7447 7166
f 7222 7447 7447
f 7149 7350 7302
f 7350 7199 7353
f 7302 7353 7187
f 7350 7353 7302
f 7199 7351 7363
f 7351 7161 7361
f 7363 7361 7202
f 7351 7361 7363
f 7187 7362 7303
f 7362 7202 7360
f 7303 7360 7158
f 7362 7360 7303
f 7199 7363 7353
f 7363 7202 7362
f 7353 7362 7187
f 7363 7362 7353
f 7161 7355 7388
f 7355 7200 7390
f 7388 7390 7208
f 7355 7390 7388
f 7200 7354 7382
f 7354 6221 6556
f 7382 6556 6440
f 7354 6556 7382
f 7208 7392 7389
f 7392 6440 6557
f 7389 6557 6412
f 7392 6557 7389
f 7200 7382 7390
f 7382 6440 7392
f 7390 7392 7208
f 7382 7392 7390
f 7158 7383 7305
f 7383 7207 7385
f 7305 7385 7188
f 7383 7385 7305
f 7207 7384 7387
f 7384 6412 6554
f 7387 6554 6439
f 7384 6554 7387
f 7188 7381 7304
f 7381 6439 6553
f 7304 6553 6405
f 7381 6553 7304
f 7207 7387 7385
f 7387 6439 7381
f 7385 7381 7188
f 7387 7381 7385
f 7161 7388 7361
f 7388 7208 7391
f 7361 7391 7202
f 7388 7391 7361
f 7208 7389 7393
f 7389 6412 7384
f 7393 7384 7207
f 7389 7384 7393
f 7202 7386 7360
f 7386 7207 7383
f 7360 7383 7158
f 7386 7383 7360
f 7208 7393 7391
f 7393 7207 7386
f 7391 7386 7202
f 7393 7386 7391
f 7149 7302 7302
f 7302 7187 7187
f 7302 7187 7187
f 7302 7187 7302
f 7187 7303 7303
f 7303 7158 7158
f 7303 7158 7158
f 7303 7158 7303
f 7187 7303 7303
f 7303 7158 7158
f 7303 7158 7158
f 7303 7158 7303
f 7187 7303 7187
f 7303 7158 7303
f 7187 7303 7187
f 7303 7303 7187
f 7158 7305 7305
f 7305 7188 7188
f 7305 7188 7188
f 7305 7188 7305
f 7188 7304 7304
f 7304 6405 6405
f 7304 6405 6405
f 7304 6405 7304
f 7188 7304 7304
f 7304 6405 6405
f 7304 6405 6405
f 7304 6405 7304
f 7188 7304 7188
f 7304 6405 7304
f 7188 7304 7188
f 7304 7304 7188
f 7158 7305 7305
f 7305 7188 7188
f 7305 7188 7188
f 7305 7188 7305
f 7188 7304 7304
f 7304 6405 6405
f 7304 6405 6405
f 7304 6405 7304
f 7188 7304 7304
f 7304 6405 6405
f 7304 6405 6405
f 7304 6405 7304
f 7188 7304 7188
f 7304 6405 7304
f 7188 7304 7188
f 7304 7304 7188
f 7158 7305 7158
f 7305 7188 7305
f 7158 7305 7158
f 7305 7305 7158
f 7188 7304 7188
f 7304 6405 7304
f 7188 7304 7188
f 7304 7304 7188
f 7158 7305 7158
f 7305 7188 7305
f 7158 7305 7158
f 7305 7305 7158
f 7188 7188 7305
f 7188 7188 7305
f 7305 7305 7158
f 7188 7305 7305
f 6221 7367 7399
f 7367 7204 7401
f 7399 7401 7210
f 7367 7401 7399
f 7204 7368 7407
f 7368 7162 7405
f 7407 7405 7212
f 7368 7405 7407
f 7210 7409 7400
f 7409 7212 7406
f 7400 7406 7163
f 7409 7406 7400
f 7204 7407 7401
f 7407 7212 7409
f 7401 7409 7210
f 7407 7409 7401
f 7162 7365 7395
f 7365 7203 7397
f 7395 7397 7209
f 7365 7397 7395
f 7203 7364 7394
f 7364 4759 4941
f 7394 4941 4809
f 7364 4941 7394
f 7209 7398 7396
f 7398 4809 4942
f 7396 4942 4771
f 7398 4942 7396
f 7203 7394 7397
f 7394 4809 7398
f 7397 7398 7209
f 7394 7398 7397
f 7163 7411 7403
f 7411 7213 7414
f 7403 7414 7211
f 7411 7414 7403
f 7213 7410 7412
f 7410 4771 4939
f 7412 4939 4808
f 7410 4939 7412
f 7211 7404 7402
f 7404 4808 4938
f 7402 4938 4755
f 7404 4938 7402
f 7213 7412 7414
f 7412 4808 7404
f 7414 7404 7211
f 7412 7404 7414
f 7162 7395 7405
f 7395 7209 7408
f 7405 7408 7212
f 7395 7408 7405
f 7209 7396 7413
f 7396 4771 7410
f 7413 7410 7213
f 7396 7410 7413
f 7212 7415 7406
f 7415 7213 7411
f 7406 7411 7163
f 7415 7411 7406
f 7209 7413 7408
f 7413 7213 7415
f 7408 7415 7212
f 7413 7415 7408
f 6221 7399 7399
f 7399 7210 7210
f 7399 7210 7210
f 7399 7210 7399
f 7210 7400 7400
f 7400 7163 7163
f 7400 7163 7163
f 7400 7163 7400
f 7210 7400 7400
f 7400 7163 7163
f 7400 7163 7163
f 7400 7163 7400
f 7210 7400 7210
f 7400 7163 7400
f 7210 7400 7210
f 7400 7400 7210
f 7163 7403 7403
f 7403 7211 7211
f 7403 7211 7211
f 7403 7211 7403
f 7211 7402 7402
f 7402 4755 4755
f 7402 4755 4755
f 7402 4755 7402
f 7211 7402 7402
f 7402 4755 4755
f 7402 4755 4755
f 7402 4755 7402
f 7211 7402 7211
f 7402 4755 7402
f 7211 7402 7211
f 7402 7402 7211
f 7163 7403 7403
f 7403 7211 7211
f 7403 7211 7211
f 7403 7211 7403
f 7211 7402 7402
f 7402 4755 4755
f 7402 4755 4755
f 7402 4755 7402
f 7211 7402 7402
f 7402 4755 4755
f 7402 4755 4755
f 7402 4755 7402
f 7211 7402 7211
f 7402 4755 7402
f 7211 7402 7211
f 7402 7402 7211
f 7163 7403 7163
f 7403 7211 7403
f 7163 7403 7163
f 7403 7403 7163
f 7211 7402 7211
f 7402 4755 7402
f 7211 7402 7211
f 7402 7402 7211
f 7163 7403 7163
f 7403 7211 7403
f 7163 7403 7163
f 7403 7403 7163
f 7211 7211 7403
f 7211 7211 7403
f 7403 7403 7163
f 7211 7403 7403
f 4759 7364 7274
f 7364 7203 7366
f 7274 7366 7179
f 7364 7366 7274
f 7203 7365 7374
f 7365 7162 7371
f 7374 7371 7205
f 7365 7371 7374
f 7179 7372 7275
f 7372 7205 7370
f 7275 7370 7155
f 7372 7370 7275
f 7203 7374 7366
f 7374 7205 7372
f 7366 7372 7179
f 7374 7372 7366
f 7162 7368 7376
f 7368 7204 7379
f 7376 7379 7206
f 7368 7379 7376
f 7204 7367 7369
f 7367 6221 7354
f 7369 7354 7200
f 7367 7354 7369
f 7206 7377 7375
f 7377 7200 7355
f 7375 7355 7161
f 7377 7355 7375
f 7204 7369 7379
f 7369 7200 7377
f 7379 7377 7206
f 7369 7377 7379
f 7155 7356 7273
f 7356 7201 7358
f 7273 7358 7178
f 7356 7358 7273
f 7201 7357 7359
f 7357 7161 7351
f 7359 7351 7199
f 7357 7351 7359
f 7178 7352 7272
f 7352 7199 7350
f 7272 7350 7149
f 7352 7350 7272
f 7201 7359 7358
f 7359 7199 7352
f 7358 7352 7178
f 7359 7352 7358
f 7162 7376 7371
f 7376 7206 7380
f 7371 7380 7205
f 7376 7380 7371
f 7206 7375 7378
f 7375 7161 7357
f 7378 7357 7201
f 7375 7357 7378
f 7205 7373 7370
f 7373 7201 7356
f 7370 7356 7155
f 7373 7356 7370
f 7206 7378 7380
f 7378 7201 7373
f 7380 7373 7205
f 7378 7373 7380
f 4759 7274 7274
f 7274 7179 7179
f 7274 7179 7179
f 7274 7179 7274
f 7179 7275 7275
f 7275 7155 7155
f 7275 7155 7155
f 7275 7155 7275
f 7179 7275 7275
f 7275 7155 7155
f 7275 7155 7155
f 7275 7155 7275
f 7179 7275 7179
f 7275 7155 7275
f 7179 7275 7179
f 7275 7275 7179
f 7155 7273 7273
f 7273 7178 7178
f 7273 7178 7178
f 7273 7178 7273
f 7178 7272 7272
f 7272 7149 7149
f 7272 7149 7149
f 7272 7149 7272
f 7178 7272 7272
f 7272 7149 7149
f 7272 7149 7149
f 7272 7149 7272
f 7178 7272 7178
f 7272 7149 7272
f 7178 7272 7178
f 7272 7272 7178
f 7155 7273 7273
f 7273 7178 7178
f 7273 7178 7178
f 7273 7178 7273
f 7178 7272 7272
f 7272 7149 7149
f 7272 7149 7149
f 7272 7149 7272
f 7178 7272 7272
f 7272 7149 7149
f 7272 7149 7149
f 7272 7149 7272
f 7178 7272 7178
f 7272 7149 7272
f 7178 7272 7178
f 7272 7272 7178
f 7155 7273 7155
f 7273 7178 7273
f 7155 7273 7155
f 7273 7273 7155
f 7178 7272 7178
f 7272 7149 7272
f 7178 7272 7178
f 7272 7272 7178
f 7155 7273 7155
f 7273 7178 7273
f 7155 7273 7155
f 7273 7273 7155
f 7178 7178 7273
f 7178 7178 7273
f 7273 7273 7155
f 7178 7273 7273
f 4757 7474 7423
f 7474 7228 7477
f 7423 7477 7217
f 7474 7477 7423
f 7228 7475 7491
f 7475 7167 7488
f 7491 7488 7231
f 7475 7488 7491
f 7217 7489 7424
f 7489 7231 7487
f 7424 7487 7165
f 7489 7487 7424
f 7228 7491 7477
f 7491 7231 7489
f 7477 7489 7217
f 7491 7489 7477
f 7167 7479 7499
f 7479 7229 7502
f 7499 7502 7233
f 7479 7502 7499
f 7229 7478 7481
f 7478 6094 6259
f 7481 6259 6230
f 7478 6259 7481
f 7233 7500 7498
f 7500 6230 6260
f 7498 6260 6223
f 7500 6260 7498
f 7229 7481 7502
f 7481 6230 7500
f 7502 7500 7233
f 7481 7500 7502
f 7165 7470 7421
f 7470 7227 7472
f 7421 7472 7216
f 7470 7472 7421
f 7227 7471 7473
f 7471 6223 6263
f 7473 6263 6231
f 7471 6263 7473
f 7216 7469 7420
f 7469 6231 6262
f 7420 6262 6221
f 7469 6262 7420
f 7227 7473 7472
f 7473 6231 7469
f 7472 7469 7216
f 7473 7469 7472
f 7167 7499 7488
f 7499 7233 7503
f 7488 7503 7231
f 7499 7503 7488
f 7233 7498 7501
f 7498 6223 7471
f 7501 7471 7227
f 7498 7471 7501
f 7231 7490 7487
f 7490 7227 7470
f 7487 7470 7165
f 7490 7470 7487
f 7233 7501 7503
f 7501 7227 7490
f 7503 7490 7231
f 7501 7490 7503
f 4757 7423 7423
f 7423 7217 7217
f 7423 7217 7217
f 7423 7217 7423
f 7217 7424 7424
f 7424 7165 7165
f 7424 7165 7165
f 7424 7165 7424
f 7217 7424 7424
f 7424 7165 7165
f 7424 7165 7165
f 7424 7165 7424
f 7217 7424 7217
f 7424 7165 7424
f 7217 7424 7217
f 7424 7424 7217
f 7165 7421 7421
f 7421 7216 7216
f 7421 7216 7216
f 7421 7216 7421
f 7216 7420 7420
f 7420 6221 6221
f 7420 6221 6221
f 7420 6221 7420
f 7216 7420 7420
f 7420 6221 6221
f 7420 6221 6221
f 7420 6221 7420
f 7216 7420 7216
f 7420 6221 7420
f 7216 7420 7216
f 7420 7420 7216
f 7165 7421 7421
f 7421 7216 7216
f 7421 7216 7216
f 7421 7216 7421
f 7216 7420 7420
f 7420 6221 6221
f 7420 6221 6221
f 7420 6221 7420
f 7216 7420 7420
f 7420 6221 6221
f 7420 6221 6221
f 7420 6221 7420
f 7216 7420 7216
f 7420 6221 7420
f 7216 7420 7216
f 7420 7420 7216
f 7165 7421 7165
f 7421 7216 7421
f 7165 7421 7165
f 7421 7421 7165
f 7216 7420 7216
f 7420 6221 7420
f 7216 7420 7216
f 7420 7420 7216
f 7165 7421 7165
f 7421 7216 7421
f 7165 7421 7165
f 7421 7421 7165
f 7216 7216 7421
f 7216 7216 7421
f 7421 7421 7165
f 7216 7421 7421
f 682 1815 7508
f 1815 993 7519
f 7508 7519 7235
f 1815 7519 7508
f 993 1816 7529
f 1816 769 7526
f 7529 7526 7239
f 1816 7526 7529
f 7235 7527 7509
f 7527 7239 7525
f 7509 7525 7168
f 7527 7525 7509
f 993 7529 7519
f 7529 7239 7527
f 7519 7527 7235
f 7529 7527 7519
f 769 1819 7521
f 1819 994 7524
f 7521 7524 7238
f 1819 7524 7521
f 994 1818 7518
f 1818 700 7244
f 7518 7244 7170
f 1818 7244 7518
f 7238 7522 7520
f 7522 7170 7245
f 7520 7245 7152
f 7522 7245 7520
f 994 7518 7524
f 7518 7170 7522
f 7524 7522 7238
f 7518 7522 7524
f 7168 7511 7505
f 7511 7236 7513
f 7505 7513 7234
f 7511 7513 7505
f 7236 7510 7512
f 7510 7152 7243
f 7512 7243 7169
f 7510 7243 7512
f 7234 7506 7504
f 7506 7169 7242
f 7504 7242 7149
f 7506 7242 7504
f 7236 7512 7513
f 7512 7169 7506
f 7513 7506 7234
f 7512 7506 7513
f 769 7521 7526
f 7521 7238 7530
f 7526 7530 7239
f 7521 7530 7526
f 7238 7520 7523
f 7520 7152 7510
f 7523 7510 7236
f 7520 7510 7523
f 7239 7528 7525
f 7528 7236 7511
f 7525 7511 7168
f 7528 7511 7525
f 7238 7523 7530
f 7523 7236 7528
f 7530 7528 7239
f 7523 7528 7530
f 682 7508 7508
f 7508 7235 7235
f 7508 7235 7235
f 7508 7235 7508
f 7235 7509 7509
f 7509 7168 7168
f 7509 7168 7168
f 7509 7168 7509
f 7235 7509 7509
f 7509 7168 7168
f 7509 7168 7168
f 7509 7168 7509
f 7235 7509 7235
f 7509 7168 7509
f 7235 7509 7235
f 7509 7509 7235
f 7168 7505 7505
f 7505 7234 7234
f 7505 7234 7234
f 7505 7234 7505
f 7234 7504 7504
f 7504 7149 7149
f 7504 7149 7149
f 7504 7149 7504
f 7234 7504 7504
f 7504 7149 7149
f 7504 7149 7149
f 7504 7149 7504
f 7234 7504 7234
f 7504 7149 7504
f 7234 7504 7234
f 7504 7504 7234
f 7168 7505 7505
f 7505 7234 7234
f 7505 7234 7234
f 7505 7234 7505
f 7234 7504 7504
f 7504 7149 7149
f 7504 7149 7149
f 7504 7149 7504
f 7234 7504 7504
f 7504 7149 7149
f 7504 7149 7149
f 7504 7149 7504
f 7234 7504 7234
f 7504 7149 7504
f 7234 7504 7234
f 7504 7504 7234
f 7168 7505 7168
f 7505 7234 7505
f 7168 7505 7168
f 7505 7505 7168
f 7234 7504 7234
f 7504 7149 7504
f 7234 7504 7234
f 7504 7504 7234
f 7168 7505 7168
f 7505 7234 7505
f 7168 7505 7168
f 7505 7505 7168
f 7234 7234 7505
f 7234 7234 7505
f 7505 7505 7168
f 7234 7505 7505
f 682 7508 1498
f 7508 7235 7532
f 1498 7532 908
f 7508 7532 1498
f 7235 7509 7540
f 7509 7168 7538
f 7540 7538 7241
f 7509 7538 7540
f 908 7542 1499
f 7542 7241 7539
f 1499 7539 745
f 7542 7539 1499
f 7235 7540 7532
f 7540 7241 7542
f 7532 7542 908
f 7540 7542 7532
f 7168 7505 7515
f 7505 7234 7517
f 7515 7517 7237
f 7505 7517 7515
f 7234 7504 7507
f 7504 7149 7306
f 7507 7306 7189
f 7504 7306 7507
f 7237 7516 7514
f 7516 7189 7307
f 7514 7307 7159
f 7516 7307 7514
f 7234 7507 7517
f 7507 7189 7516
f 7517 7516 7237
f 7507 7516 7517
f 745 7534 1502
f 7534 7240 7537
f 1502 7537 909
f 7534 7537 1502
f 7240 7533 7535
f 7533 7159 7310
f 7535 7310 7190
f 7533 7310 7535
f 909 7531 1501
f 7531 7190 7309
f 1501 7309 689
f 7531 7309 1501
f 7240 7535 7537
f 7535 7190 7531
f 7537 7531 909
f 7535 7531 7537
f 7168 7515 7538
f 7515 7237 7541
f 7538 7541 7241
f 7515 7541 7538
f 7237 7514 7536
f 7514 7159 7533
f 7536 7533 7240
f 7514 7533 7536
f 7241 7543 7539
f 7543 7240 7534
f 7539 7534 745
f 7543 7534 7539
f 7237 7536 7541
f 7536 7240 7543
f 7541 7543 7241
f 7536 7543 7541
f 682 1498 1498
f 1498 908 908
f 1498 908 908
f 1498 908 1498
f 908 1499 1499
f 1499 745 745
f 1499 745 745
f 1499 745 1499
f 908 1499 1499
f 1499 745 745
f 1499 745 745
f 1499 745 1499
f 908 1499 908
f 1499 745 1499
f 908 1499 908
f 1499 1499 908
f 745 1502 1502
f 1502 909 909
f 1502 909 909
f 1502 909 1502
f 909 1501 1501
f 1501 689 689
f 1501 689 689
f 1501 689 1501
f 909 1501 1501
f 1501 689 689
f 1501 689 689
f 1501 689 1501
f 909 1501 909
f 1501 689 1501
f 909 1501 909
f 1501 1501 909
f 745 1502 1502
f 1502 909 909
f 1502 909 909
f 1502 909 1502
f 909 1501 1501
f 1501 689 689
f 1501 689 689
f 1501 689 1501
f 909 1501 1501
f 1501 689 689
f 1501 689 689
f 1501 689 1501
f 909 1501 909
f 1501 689 1501
f 909 1501 909
f 1501 1501 909
f 745 1502 745
f 1502 909 1502
f 745 1502 745
f 1502 1502 745
f 909 1501 909
f 1501 689 1501
f 909 1501 909
f 1501 1501 909
f 745 1502 745
f 1502 909 1502
f 745 1502 745
f 1502 1502 745
f 909 909 1502
f 909 909 1502
f 1502 1502 745
f 909 1502 1502
f 7151 7279 7559
f 7279 7181 7561
f 7559 7561 7547
f 7279 7561 7559
f 7181 7280 7566
f 7280 7156 7564
f 7566 7564 7549
f 7280 7564 7566
f 7547 7567 7560
f 7567 7549 7565
f 7560 7565 7544
f 7567 7565 7560
f 7181 7566 7561
f 7566 7549 7567
f 7561 7567 7547
f 7566 7567 7561
f 7156 7277 7574
f 7277 7180 7576
f 7574 7576 7552
f 7277 7576 7574
f 7180 7276 7570
f 7276 7149 7568
f 7570 7568 7550
f 7276 7568 7570
f 7552 7578 7575
f 7578 7550 7569
f 7575 7569 7545
f 7578 7569 7575
f 7180 7570 7576
f 7570 7550 7578
f 7576 7578 7552
f 7570 7578 7576
f 7544 7579 7563
f 7579 7553 7581
f 7563 7581 7548
f 7579 7581 7563
f 7553 7580 7583
f 7580 7545 7572
f 7583 7572 7551
f 7580 7572 7583
f 7548 7573 7562
f 7573 7551 7571
f 7562 7571 6639
f 7573 7571 7562
f 7553 7583 7581
f 7583 7551 7573
f 7581 7573 7548
f 7583 7573 7581
f 7156 7574 7564
f 7574 7552 7577
f 7564 7577 7549
f 7574 7577 7564
f 7552 7575 7584
f 7575 7545 7580
f 7584 7580 7553
f 7575 7580 7584
f 7549 7582 7565
f 7582 7553 7579
f 7565 7579 7544
f 7582 7579 7565
f 7552 7584 7577
f 7584 7553 7582
f 7577 7582 7549
f 7584 7582 7577
f 7151 7559 7559
f 7559 7547 7547
f 7559 7547 7547
f 7559 7547 7559
f 7547 7560 7560
f 7560 7544 7544
f 7560 7544 7544
f 7560 7544 7560
f 7547 7560 7560
f 7560 7544 7544
f 7560 7544 7544
f 7560 7544 7560
f 7547 7560 7547
f 7560 7544 7560
f 7547 7560 7547
f 7560 7560 7547
f 7544 7563 7563
f 7563 7548 7548
f 7563 7548 7548
f 7563 7548 7563
f 7548 7562 7562
f 7562 6639 6639
f 7562 6639 6639
f 7562 6639 7562
f 7548 7562 7562
f 7562 6639 6639
f 7562 6639 6639
f 7562 6639 7562
f 7548 7562 7548
f 7562 6639 7562
f 7548 7562 7548
f 7562 7562 7548
f 7544 7563 7563
f 7563 7548 7548
f 7563 7548 7548
f 7563 7548 7563
f 7548 7562 7562
f 7562 6639 6639
f 7562 6639 6639
f 7562 6639 7562
f 7548 7562 7562
f 7562 6639 6639
f 7562 6639 6639
f 7562 6639 7562
f 7548 7562 7548
f 7562 6639 7562
f 7548 7562 7548
f 7562 7562 7548
f 7544 7563 7544
f 7563 7548 7563
f 7544 7563 7544
f 7563 7563 7544
f 7548 7562 7548
f 7562 6639 7562
f 7548 7562 7548
f 7562 7562 7548
f 7544 7563 7544
f 7563 7548 7563
f 7544 7563 7544
f 7563 7563 7544
f 7548 7548 7563
f 7548 7548 7563
f 7563 7563 7544
f 7548 7563 7563
f 6638 7588 6778
f 7588 7555 7595
f 6778 7595 6674
f 7588 7595 6778
f 7555 7589 7603
f 7589 7546 7601
f 7603 7601 7558
f 7589 7601 7603
f 6674 7605 6779
f 7605 7558 7602
f 6779 7602 6647
f 7605 7602 6779
f 7555 7603 7595
f 7603 7558 7605
f 7595 7605 6674
f 7603 7605 7595
f 7546 7586 7591
f 7586 7554 7593
f 7591 7593 7556
f 7586 7593 7591
f 7554 7585 7587
f 7585 7151 7559
f 7587 7559 7547
f 7585 7559 7587
f 7556 7592 7590
f 7592 7547 7560
f 7590 7560 7544
f 7592 7560 7590
f 7554 7587 7593
f 7587 7547 7592
f 7593 7592 7556
f 7587 7592 7593
f 6647 7597 6782
f 7597 7557 7600
f 6782 7600 6675
f 7597 7600 6782
f 7557 7596 7598
f 7596 7544 7563
f 7598 7563 7548
f 7596 7563 7598
f 6675 7594 6781
f 7594 7548 7562
f 6781 7562 6639
f 7594 7562 6781
f 7557 7598 7600
f 7598 7548 7594
f 7600 7594 6675
f 7598 7594 7600
f 7546 7591 7601
f 7591 7556 7604
f 7601 7604 7558
f 7591 7604 7601
f 7556 7590 7599
f 7590 7544 7596
f 7599 7596 7557
f 7590 7596 7599
f 7558 7606 7602
f 7606 7557 7597
f 7602 7597 6647
f 7606 7597 7602
f 7556 7599 7604
f 7599 7557 7606
f 7604 7606 7558
f 7599 7606 7604
f 6638 6778 6778
f 6778 6674 6674
f 6778 6674 6674
f 6778 6674 6778
f 6674 6779 6779
f 6779 6647 6647
f 6779 6647 6647
f 6779 6647 6779
f 6674 6779 6779
f 6779 6647 6647
f 6779 6647 6647
f 6779 6647 6779
f 6674 6779 6674
f 6779 6647 6779
f 6674 6779 6674
f 6779 6779 6674
f 6647 6782 6782
f 6782 6675 6675
f 6782 6675 6675
f 6782 6675 6782
f 6675 6781 6781
f 6781 6639 6639
f 6781 6639 6639
f 6781 6639 6781
f 6675 6781 6781
f 6781 6639 6639
f 6781 6639 6639
f 6781 6639 6781
f 6675 6781 6675
f 6781 6639 6781
f 6675 6781 6675
f 6781 6781 6675
f 6647 6782 6782
f 6782 6675 6675
f 6782 6675 6675
f 6782 6675 6782
f 6675 6781 6781
f 6781 6639 6639
f 6781 6639 6639
f 6781 6639 6781
f 6675 6781 6781
f 6781 6639 6639
f 6781 6639 6639
f 6781 6639 6781
f 6675 6781 6675
f 6781 6639 6781
f 6675 6781 6675
f 6781 6781 6675
f 6647 6782 6647
f 6782 6675 6782
f 6647 6782 6647
f 6782 6782 6647
f 6675 6781 6675
f 6781 6639 6781
f 6675 6781 6675
f 6781 6781 6675
f 6647 6782 6647
f 6782 6675 6782
f 6647 6782 6647
f 6782 6782 6647
f 6675 6675 6782
f 6675 6675 6782
f 6782 6782 6647
f 6675 6782 6782
f 6638 7641 7588
f 7641 7614 7645
f 7588 7645 7555
f 7641 7645 7588
f 7614 7642 7648
f 7642 7608 7646
f 7648 7646 7616
f 7642 7646 7648
f 7555 7649 7589
f 7649 7616 7647
f 7589 7647 7546
f 7649 7647 7589
f 7614 7648 7645
f 7648 7616 7649
f 7645 7649 7555
f 7648 7649 7645
f 7608 7644 7656
f 7644 7615 7658
f 7656 7658 7619
f 7644 7658 7656
f 7615 7643 7652
f 7643 7607 7650
f 7652 7650 7617
f 7643 7650 7652
f 7619 7660 7657
f 7660 7617 7651
f 7657 7651 7609
f 7660 7651 7657
f 7615 7652 7658
f 7652 7617 7660
f 7658 7660 7619
f 7652 7660 7658
f 7546 7661 7586
f 7661 7620 7663
f 7586 7663 7554
f 7661 7663 7586
f 7620 7662 7665
f 7662 7609 7654
f 7665 7654 7618
f 7662 7654 7665
f 7554 7655 7585
f 7655 7618 7653
f 7585 7653 7151
f 7655 7653 7585
f 7620 7665 7663
f 7665 7618 7655
f 7663 7655 7554
f 7665 7655 7663
f 7608 7656 7646
f 7656 7619 7659
f 7646 7659 7616
f 7656 7659 7646
f 7619 7657 7666
f 7657 7609 7662
f 7666 7662 7620
f 7657 7662 7666
f 7616 7664 7647
f 7664 7620 7661
f 7647 7661 7546
f 7664 7661 7647
f 7619 7666 7659
f 7666 7620 7664
f 7659 7664 7616
f 7666 7664 7659
f 6638 7588 7588
f 7588 7555 7555
f 7588 7555 7555
f 7588 7555 7588
f 7555 7589 7589
f 7589 7546 7546
f 7589 7546 7546
f 7589 7546 7589
f 7555 7589 7589
f 7589 7546 7546
f 7589 7546 7546
f 7589 7546 7589
f 7555 7589 7555
f 7589 7546 7589
f 7555 7589 7555
f 7589 7589 7555
f 7546 7586 7586
f 7586 7554 7554
f 7586 7554 7554
f 7586 7554 7586
f 7554 7585 7585
f 7585 7151 7151
f 7585 7151 7151
f 7585 7151 7585
f 7554 7585 7585
f 7585 7151 7151
f 7585 7151 7151
f 7585 7151 7585
f 7554 7585 7554
f 7585 7151 7585
f 7554 7585 7554
f 7585 7585 7554
f 7546 7586 7586
f 7586 7554 7554
f 7586 7554 7554
f 7586 7554 7586
f 7554 7585 7585
f 7585 7151 7151
f 7585 7151 7151
f 7585 7151 7585
f 7554 7585 7585
f 7585 7151 7151
f 7585 7151 7151
f 7585 7151 7585
f 7554 7585 7554
f 7585 7151 7585
f 7554 7585 7554
f 7585 7585 7554
f 7546 7586 7546
f 7586 7554 7586
f 7546 7586 7546
f 7586 7586 7546
f 7554 7585 7554
f 7585 7151 7585
f 7554 7585 7554
f 7585 7585 7554
f 7546 7586 7546
f 7586 7554 7586
f 7546 7586 7546
f 7586 7586 7546
f 7554 7554 7586
f 7554 7554 7586
f 7586 7586 7546
f 7554 7586 7586
f 4752 4821 7679
f 4821 4775 7702
f 7679 7702 7625
f 4821 7702 7679
f 4775 4822 7708
f 4822 4761 7705
f 7708 7705 7631
f 4822 7705 7708
f 7625 7706 7680
f 7706 7631 7704
f 7680 7704 7611
f 7706 7704 7680
f 4775 7708 7702
f 7708 7631 7706
f 7702 7706 7625
f 7708 7706 7702
f 4761 4825 7710
f 4825 4776 7713
f 7710 7713 7632
f 4825 7713 7710
f 4776 4824 7703
f 4824 4754 7696
f 7703 7696 7629
f 4824 7696 7703
f 7632 7711 7709
f 7711 7629 7697
f 7709 7697 7612
f 7711 7697 7709
f 4776 7703 7713
f 7703 7629 7711
f 7713 7711 7632
f 7703 7711 7713
f 7611 7698 7677
f 7698 7630 7700
f 7677 7700 7624
f 7698 7700 7677
f 7630 7699 7701
f 7699 7612 7694
f 7701 7694 7628
f 7699 7694 7701
f 7624 7695 7676
f 7695 7628 7693
f 7676 7693 7151
f 7695 7693 7676
f 7630 7701 7700
f 7701 7628 7695
f 7700 7695 7624
f 7701 7695 7700
f 4761 7710 7705
f 7710 7632 7714
f 7705 7714 7631
f 7710 7714 7705
f 7632 7709 7712
f 7709 7612 7699
f 7712 7699 7630
f 7709 7699 7712
f 7631 7707 7704
f 7707 7630 7698
f 7704 7698 7611
f 7707 7698 7704
f 7632 7712 7714
f 7712 7630 7707
f 7714 7707 7631
f 7712 7707 7714
f 4752 7679 7679
f 7679 7625 7625
f 7679 7625 7625
f 7679 7625 7679
f 7625 7680 7680
f 7680 7611 7611
f 7680 7611 7611
f 7680 7611 7680
f 7625 7680 7680
f 7680 7611 7611
f 7680 7611 7611
f 7680 7611 7680
f 7625 7680 7625
f 7680 7611 7680
f 7625 7680 7625
f 7680 7680 7625
f 7611 7677 7677
f 7677 7624 7624
f 7677 7624 7624
f 7677 7624 7677
f 7624 7676 7676
f 7676 7151 7151
f 7676 7151 7151
f 7676 7151 7676
f 7624 7676 7676
f 7676 7151 7151
f 7676 7151 7151
f 7676 7151 7676
f 7624 7676 7624
f 7676 7151 7676
f 7624 7676 7624
f 7676 7676 7624
f 7611 7677 7677
f 7677 7624 7624
f 7677 7624 7624
f 7677 7624 7677
f 7624 7676 7676
f 7676 7151 7151
f 7676 7151 7151
f 7676 7151 7676
f 7624 7676 7676
f 7676 7151 7151
f 7676 7151 7151
f 7676 7151 7676
f 7624 7676 7624
f 7676 7151 7676
f 7624 7676 7624
f 7676 7676 7624
f 7611 7677 7611
f 7677 7624 7677
f 7611 7677 7611
f 7677 7677 7611
f 7624 7676 7624
f 7676 7151 7676
f 7624 7676 7624
f 7676 7676 7624
f 7611 7677 7611
f 7677 7624 7677
f 7611 7677 7611
f 7677 7677 7611
f 7624 7624 7677
f 7624 7624 7677
f 7677 7677 7611
f 7624 7677 7677
f 4754 4921 7696
f 4921 4804 7720
f 7696 7720 7629
f 4921 7720 7696
f 4804 4922 7726
f 4922 4770 7723
f 7726 7723 7634
f 4922 7723 7726
f 7629 7724 7697
f 7724 7634 7722
f 7697 7722 7612
f 7724 7722 7697
f 4804 7726 7720
f 7726 7634 7724
f 7720 7724 7629
f 7726 7724 7720
f 4770 4925 7728
f 4925 4805 7731
f 7728 7731 7635
f 4925 7731 7728
f 4805 4924 7721
f 4924 4759 7285
f 7721 7285 7183
f 4924 7285 7721
f 7635 7729 7727
f 7729 7183 7286
f 7727 7286 7157
f 7729 7286 7727
f 4805 7721 7731
f 7721 7183 7729
f 7731 7729 7635
f 7721 7729 7731
f 7612 7716 7694
f 7716 7633 7718
f 7694 7718 7628
f 7716 7718 7694
f 7633 7717 7719
f 7717 7157 7289
f 7719 7289 7184
f 7717 7289 7719
f 7628 7715 7693
f 7715 7184 7288
f 7693 7288 7151
f 7715 7288 7693
f 7633 7719 7718
f 7719 7184 7715
f 7718 7715 7628
f 7719 7715 7718
f 4770 7728 7723
f 7728 7635 7732
f 7723 7732 7634
f 7728 7732 7723
f 7635 7727 7730
f 7727 7157 7717
f 7730 7717 7633
f 7727 7717 7730
f 7634 7725 7722
f 7725 7633 7716
f 7722 7716 7612
f 7725 7716 7722
f 7635 7730 7732
f 7730 7633 7725
f 7732 7725 7634
f 7730 7725 7732
f 4754 7696 7696
f 7696 7629 7629
f 7696 7629 7629
f 7696 7629 7696
f 7629 7697 7697
f 7697 7612 7612
f 7697 7612 7612
f 7697 7612 7697
f 7629 7697 7697
f 7697 7612 7612
f 7697 7612 7612
f 7697 7612 7697
f 7629 7697 7629
f 7697 7612 7697
f 7629 7697 7629
f 7697 7697 7629
f 7612 7694 7694
f 7694 7628 7628
f 7694 7628 7628
f 7694 7628 7694
f 7628 7693 7693
f 7693 7151 7151
f 7693 7151 7151
f 7693 7151 7693
f 7628 7693 7693
f 7693 7151 7151
f 7693 7151 7151
f 7693 7151 7693
f 7628 7693 7628
f 7693 7151 7693
f 7628 7693 7628
f 7693 7693 7628
f 7612 7694 7694
f 7694 7628 7628
f 7694 7628 7628
f 7694 7628 7694
f 7628 7693 7693
f 7693 7151 7151
f 7693 7151 7151
f 7693 7151 7693
f 7628 7693 7693
f 7693 7151 7151
f 7693 7151 7151
f 7693 7151 7693
f 7628 7693 7628
f 7693 7151 7693
f 7628 7693 7628
f 7693 7693 7628
f 7612 7694 7612
f 7694 7628 7694
f 7612 7694 7612
f 7694 7694 7612
f 7628 7693 7628
f 7693 7151 7693
f 7628 7693 7628
f 7693 7693 7628
f 7612 7694 7612
f 7694 7628 7694
f 7612 7694 7612
f 7694 7694 7612
f 7628 7628 7694
f 7628 7628 7694
f 7694 7694 7612
f 7628 7694 7694
f 7607 7667 7650
f 7667 7621 7669
f 7650 7669 7617
f 7667 7669 7650
f 7621 7668 7675
f 7668 7610 7673
f 7675 7673 7623
f 7668 7673 7675
f 7617 7674 7651
f 7674 7623 7672
f 7651 7672 7609
f 7674 7672 7651
f 7621 7675 7669
f 7675 7623 7674
f 7669 7674 7617
f 7675 7674 7669
f 7610 7671 7687
f 7671 7622 7689
f 7687 7689 7627
f 7671 7689 7687
f 7622 7670 7681
f 7670 4752 7679
f 7681 7679 7625
f 7670 7679 7681
f 7627 7691 7688
f 7691 7625 7680
f 7688 7680 7611
f 7691 7680 7688
f 7622 7681 7689
f 7681 7625 7691
f 7689 7691 7627
f 7681 7691 7689
f 7609 7682 7654
f 7682 7626 7684
f 7654 7684 7618
f 7682 7684 7654
f 7626 7683 7686
f 7683 7611 7677
f 7686 7677 7624
f 7683 7677 7686
f 7618 7678 7653
f 7678 7624 7676
f 7653 7676 7151
f 7678 7676 7653
f 7626 7686 7684
f 7686 7624 7678
f 7684 7678 7618
f 7686 7678 7684
f 7610 7687 7673
f 7687 7627 7690
f 7673 7690 7623
f 7687 7690 7673
f 7627 7688 7692
f 7688 7611 7683
f 7692 7683 7626
f 7688 7683 7692
f 7623 7685 7672
f 7685 7626 7682
f 7672 7682 7609
f 7685 7682 7672
f 7627 7692 7690
f 7692 7626 7685
f 7690 7685 7623
f 7692 7685 7690
f 7607 7650 7650
f 7650 7617 7617
f 7650 7617 7617
f 7650 7617 7650
f 7617 7651 7651
f 7651 7609 7609
f 7651 7609 7609
f 7651 7609 7651
f 7617 7651 7651
f 7651 7609 7609
f 7651 7609 7609
f 7651 7609 7651
f 7617 7651 7617
f 7651 7609 7651
f 7617 7651 7617
f 7651 7651 7617
f 7609 7654 7654
f 7654 7618 7618
f 7654 7618 7618
f 7654 7618 7654
f 7618 7653 7653
f 7653 7151 7151
f 7653 7151 7151
f 7653 7151 7653
f 7618 7653 7653
f 7653 7151 7151
f 7653 7151 7151
f 7653 7151 7653
f 7618 7653 7618
f 7653 7151 7653
f 7618 7653 7618
f 7653 7653 7618
f 7609 7654 7654
f 7654 7618 7618
f 7654 7618 7618
f 7654 7618 7654
f 7618 7653 7653
f 7653 7151 7151
f 7653 7151 7151
f 7653 7151 7653
f 7618 7653 7653
f 7653 7151 7151
f 7653 7151 7151
f 7653 7151 7653
f 7618 7653 7618
f 7653 7151 7653
f 7618 7653 7618
f 7653 7653 7618
f 7609 7654 7609
f 7654 7618 7654
f 7609 7654 7609
f 7654 7654 7609
f 7618 7653 7618
f 7653 7151 7653
f 7618 7653 7618
f 7653 7653 7618
f 7609 7654 7609
f 7654 7618 7654
f 7609 7654 7609
f 7654 7654 7609
f 7618 7618 7654
f 7618 7618 7654
f 7654 7654 7609
f 7618 7654 7654
f 6637 7741 6765
f 7741 7638 7743
f 6765 7743 6669
f 7741 7743 6765
f 7638 7742 7753
f 7742 7613 7750
f 7753 7750 7640
f 7742 7750 7753
f 6669 7751 6766
f 7751 7640 7749
f 6766 7749 6645
f 7751 7749 6766
f 7638 7753 7743
f 7753 7640 7751
f 7743 7751 6669
f 7753 7751 7743
f 7613 7739 7745
f 7739 7637 7748
f 7745 7748 7639
f 7739 7748 7745
f 7637 7738 7740
f 7738 7607 7643
f 7740 7643 7615
f 7738 7643 7740
f 7639 7746 7744
f 7746 7615 7644
f 7744 7644 7608
f 7746 7644 7744
f 7637 7740 7748
f 7740 7615 7746
f 7748 7746 7639
f 7740 7746 7748
f 6645 7735 6768
f 7735 7636 7737
f 6768 7737 6670
f 7735 7737 6768
f 7636 7734 7736
f 7734 7608 7642
f 7736 7642 7614
f 7734 7642 7736
f 6670 7733 6767
f 7733 7614 7641
f 6767 7641 6638
f 7733 7641 6767
f 7636 7736 7737
f 7736 7614 7733
f 7737 7733 6670
f 7736 7733 7737
f 7613 7745 7750
f 7745 7639 7754
f 7750 7754 7640
f 7745 7754 7750
f 7639 7744 7747
f 7744 7608 7734
f 7747 7734 7636
f 7744 7734 7747
f 7640 7752 7749
f 7752 7636 7735
f 7749 7735 6645
f 7752 7735 7749
f 7639 7747 7754
f 7747 7636 7752
f 7754 7752 7640
f 7747 7752 7754
f 6637 6765 6765
f 6765 6669 6669
f 6765 6669 6669
f 6765 6669 6765
f 6669 6766 6766
f 6766 6645 6645
f 6766 6645 6645
f 6766 6645 6766
f 6669 6766 6766
f 6766 6645 6645
f 6766 6645 6645
f 6766 6645 6766
f 6669 6766 6669
f 6766 6645 6766
f 6669 6766 6669
f 6766 6766 6669
f 6645 6768 6768
f 6768 6670 6670
f 6768 6670 6670
f 6768 6670 6768
f 6670 6767 6767
f 6767 6638 6638
f 6767 6638 6638
f 6767 6638 6767
f 6670 6767 6767
f 6767 6638 6638
f 6767 6638 6638
f 6767 6638 6767
f 6670 6767 6670
f 6767 6638 6767
f 6670 6767 6670
f 6767 6767 6670
f 6645 6768 6768
f 6768 6670 6670
f 6768 6670 6670
f 6768 6670 6768
f 6670 6767 6767
f 6767 6638 6638
f 6767 6638 6638
f 6767 6638 6767
f 6670 6767 6767
f 6767 6638 6638
f 6767 6638 6638
f 6767 6638 6767
f 6670 6767 6670
f 6767 6638 6767
f 6670 6767 6670
f 6767 6767 6670
f 6645 6768 6645
f 6768 6670 6768
f 6645 6768 6645
f 6768 6768 6645
f 6670 6767 6670
f 6767 6638 6767
f 6670 6767 6670
f 6767 6767 6670
f 6645 6768 6645
f 6768 6670 6768
f 6645 6768 6645
f 6768 6768 6645
f 6670 6670 6768
f 6670 6670 6768
f 6768 6768 6645
f 6670 6768 6768
f 6640 7785 6811
f 7785 7760 7789
f 6811 7789 6684
f 7785 7789 6811
f 7760 7786 7792
f 7786 7755 7790
f 7792 7790 7762
f 7786 7790 7792
f 6684 7793 6812
f 7793 7762 7791
f 6812 7791 6650
f 7793 7791 6812
f 7760 7792 7789
f 7792 7762 7793
f 7789 7793 6684
f 7792 7793 7789
f 7755 7788 7796
f 7788 7761 7798
f 7796 7798 7763
f 7788 7798 7796
f 7761 7787 7794
f 7787 703 1879
f 7794 1879 1011
f 7787 1879 7794
f 7763 7800 7797
f 7800 1011 1880
f 7797 1880 774
f 7800 1880 7797
f 7761 7794 7798
f 7794 1011 7800
f 7798 7800 7763
f 7794 7800 7798
f 6650 7801 6809
f 7801 7764 7803
f 6809 7803 6683
f 7801 7803 6809
f 7764 7802 7805
f 7802 774 1877
f 7805 1877 1010
f 7802 1877 7805
f 6683 7795 6808
f 7795 1010 1876
f 6808 1876 698
f 7795 1876 6808
f 7764 7805 7803
f 7805 1010 7795
f 7803 7795 6683
f 7805 7795 7803
f 7755 7796 7790
f 7796 7763 7799
f 7790 7799 7762
f 7796 7799 7790
f 7763 7797 7806
f 7797 774 7802
f 7806 7802 7764
f 7797 7802 7806
f 7762 7804 7791
f 7804 7764 7801
f 7791 7801 6650
f 7804 7801 7791
f 7763 7806 7799
f 7806 7764 7804
f 7799 7804 7762
f 7806 7804 7799
f 6640 6811 6811
f 6811 6684 6684
f 6811 6684 6684
f 6811 6684 6811
f 6684 6812 6812
f 6812 6650 6650
f 6812 6650 6650
f 6812 6650 6812
f 6684 6812 6812
f 6812 6650 6650
f 6812 6650 6650
f 6812 6650 6812
f 6684 6812 6684
f 6812 6650 6812
f 6684 6812 6684
f 6812 6812 6684
f 6650 6809 6809
f 6809 6683 6683
f 6809 6683 6683
f 6809 6683 6809
f 6683 6808 6808
f 6808 698 698
f 6808 698 698
f 6808 698 6808
f 6683 6808 6808
f 6808 698 698
f 6808 698 698
f 6808 698 6808
f 6683 6808 6683
f 6808 698 6808
f 6683 6808 6683
f 6808 6808 6683
f 6650 6809 6809
f 6809 6683 6683
f 6809 6683 6683
f 6809 6683 6809
f 6683 6808 6808
f 6808 698 698
f 6808 698 698
f 6808 698 6808
f 6683 6808 6808
f 6808 698 698
f 6808 698 698
f 6808 698 6808
f 6683 6808 6683
f 6808 698 6808
f 6683 6808 6683
f 6808 6808 6683
f 6650 6809 6650
f 6809 6683 6809
f 6650 6809 6650
f 6809 6809 6650
f 6683 6808 6683
f 6808 698 6808
f 6683 6808 6683
f 6808 6808 6683
f 6650 6809 6650
f 6809 6683 6809
f 6650 6809 6650
f 6809 6809 6650
f 6683 6683 6809
f 6683 6683 6809
f 6809 6809 6650
f 6683 6809 6809
f 705 1974 7809
f 1974 1036 7838
f 7809 7838 7766
f 1974 7838 7809
f 1036 1975 7844
f 1975 781 7841
f 7844 7841 7773
f 1975 7841 7844
f 7766 7842 7810
f 7842 7773 7840
f 7810 7840 7756
f 7842 7840 7810
f 1036 7844 7838
f 7844 7773 7842
f 7838 7842 7766
f 7844 7842 7838
f 781 1972 7846
f 1972 1035 7849
f 7846 7849 7774
f 1972 7849 7846
f 1035 1971 7839
f 1971 702 7815
f 7839 7815 7768
f 1971 7815 7839
f 7774 7847 7845
f 7847 7768 7816
f 7845 7816 7757
f 7847 7816 7845
f 1035 7839 7849
f 7839 7768 7847
f 7849 7847 7774
f 7839 7847 7849
f 7756 7821 7808
f 7821 7770 7823
f 7808 7823 7765
f 7821 7823 7808
f 7770 7822 7824
f 7822 7757 7812
f 7824 7812 7767
f 7822 7812 7824
f 7765 7814 7807
f 7814 7767 7811
f 7807 7811 6640
f 7814 7811 7807
f 7770 7824 7823
f 7824 7767 7814
f 7823 7814 7765
f 7824 7814 7823
f 781 7846 7841
f 7846 7774 7850
f 7841 7850 7773
f 7846 7850 7841
f 7774 7845 7848
f 7845 7757 7822
f 7848 7822 7770
f 7845 7822 7848
f 7773 7843 7840
f 7843 7770 7821
f 7840 7821 7756
f 7843 7821 7840
f 7774 7848 7850
f 7848 7770 7843
f 7850 7843 7773
f 7848 7843 7850
f 705 7809 7809
f 7809 7766 7766
f 7809 7766 7766
f 7809 7766 7809
f 7766 7810 7810
f 7810 7756 7756
f 7810 7756 7756
f 7810 7756 7810
f 7766 7810 7810
f 7810 7756 7756
f 7810 7756 7756
f 7810 7756 7810
f 7766 7810 7766
f 7810 7756 7810
f 7766 7810 7766
f 7810 7810 7766
f 7756 7808 7808
f 7808 7765 7765
f 7808 7765 7765
f 7808 7765 7808
f 7765 7807 7807
f 7807 6640 6640
f 7807 6640 6640
f 7807 6640 7807
f 7765 7807 7807
f 7807 6640 6640
f 7807 6640 6640
f 7807 6640 7807
f 7765 7807 7765
f 7807 6640 7807
f 7765 7807 7765
f 7807 7807 7765
f 7756 7808 7808
f 7808 7765 7765
f 7808 7765 7765
f 7808 7765 7808
f 7765 7807 7807
f 7807 6640 6640
f 7807 6640 6640
f 7807 6640 7807
f 7765 7807 7807
f 7807 6640 6640
f 7807 6640 6640
f 7807 6640 7807
f 7765 7807 7765
f 7807 6640 7807
f 7765 7807 7765
f 7807 7807 7765
f 7756 7808 7756
f 7808 7765 7808
f 7756 7808 7756
f 7808 7808 7756
f 7765 7807 7765
f 7807 6640 7807
f 7765 7807 7765
f 7807 7807 7765
f 7756 7808 7756
f 7808 7765 7808
f 7756 7808 7756
f 7808 7808 7756
f 7765 7765 7808
f 7765 7765 7808
f 7808 7808 7756
f 7765 7808 7808
f 700 1954 7255
f 1954 1031 7882
f 7255 7882 7174
f 1954 7882 7255
f 1031 1955 7886
f 1955 780 7884
f 7886 7884 7783
f 1955 7884 7886
f 7174 7888 7256
f 7888 7783 7885
f 7256 7885 7154
f 7888 7885 7256
f 1031 7886 7882
f 7886 7783 7888
f 7882 7888 7174
f 7886 7888 7882
f 780 1958 7872
f 1958 1032 7874
f 7872 7874 7781
f 1958 7874 7872
f 1032 1957 7863
f 1957 705 7860
f 7863 7860 7778
f 1957 7860 7863
f 7781 7875 7873
f 7875 7778 7861
f 7873 7861 7759
f 7875 7861 7873
f 1032 7863 7874
f 7863 7778 7875
f 7874 7875 7781
f 7863 7875 7874
f 7154 7890 7259
f 7890 7784 7893
f 7259 7893 7175
f 7890 7893 7259
f 7784 7889 7891
f 7889 7759 7865
f 7891 7865 7779
f 7889 7865 7891
f 7175 7883 7258
f 7883 7779 7864
f 7258 7864 7150
f 7883 7864 7258
f 7784 7891 7893
f 7891 7779 7883
f 7893 7883 7175
f 7891 7883 7893
f 780 7872 7884
f 7872 7781 7887
f 7884 7887 7783
f 7872 7887 7884
f 7781 7873 7892
f 7873 7759 7889
f 7892 7889 7784
f 7873 7889 7892
f 7783 7894 7885
f 7894 7784 7890
f 7885 7890 7154
f 7894 7890 7885
f 7781 7892 7887
f 7892 7784 7894
f 7887 7894 7783
f 7892 7894 7887
f 700 7255 7255
f 7255 7174 7174
f 7255 7174 7174
f 7255 7174 7255
f 7174 7256 7256
f 7256 7154 7154
f 7256 7154 7154
f 7256 7154 7256
f 7174 7256 7256
f 7256 7154 7154
f 7256 7154 7154
f 7256 7154 7256
f 7174 7256 7174
f 7256 7154 7256
f 7174 7256 7174
f 7256 7256 7174
f 7154 7259 7259
f 7259 7175 7175
f 7259 7175 7175
f 7259 7175 7259
f 7175 7258 7258
f 7258 7150 7150
f 7258 7150 7150
f 7258 7150 7258
f 7175 7258 7258
f 7258 7150 7150
f 7258 7150 7150
f 7258 7150 7258
f 7175 7258 7175
f 7258 7150 7258
f 7175 7258 7175
f 7258 7258 7175
f 7154 7259 7259
f 7259 7175 7175
f 7259 7175 7175
f 7259 7175 7259
f 7175 7258 7258
f 7258 7150 7150
f 7258 7150 7150
f 7258 7150 7258
f 7175 7258 7258
f 7258 7150 7150
f 7258 7150 7150
f 7258 7150 7258
f 7175 7258 7175
f 7258 7150 7258
f 7175 7258 7175
f 7258 7258 7175
f 7154 7259 7154
f 7259 7175 7259
f 7154 7259 7154
f 7259 7259 7154
f 7175 7258 7175
f 7258 7150 7258
f 7175 7258 7175
f 7258 7258 7175
f 7154 7259 7154
f 7259 7175 7259
f 7154 7259 7154
f 7259 7259 7154
f 7175 7175 7259
f 7175 7175 7259
f 7259 7259 7154
f 7175 7259 7259
f 702 1893 7815
f 1893 1014 7826
f 7815 7826 7768
f 1893 7826 7815
f 1014 1894 7836
f 1894 775 7833
f 7836 7833 7772
f 1894 7833 7836
f 7768 7834 7816
f 7834 7772 7832
f 7816 7832 7757
f 7834 7832 7816
f 1014 7836 7826
f 7836 7772 7834
f 7826 7834 7768
f 7836 7834 7826
f 775 1897 7828
f 1897 1015 7831
f 7828 7831 7771
f 1897 7831 7828
f 1015 1896 7825
f 1896 703 7787
f 7825 7787 7761
f 1896 7787 7825
f 7771 7829 7827
f 7829 7761 7788
f 7827 7788 7755
f 7829 7788 7827
f 1015 7825 7831
f 7825 7761 7829
f 7831 7829 7771
f 7825 7829 7831
f 7757 7818 7812
f 7818 7769 7820
f 7812 7820 7767
f 7818 7820 7812
f 7769 7817 7819
f 7817 7755 7786
f 7819 7786 7760
f 7817 7786 7819
f 7767 7813 7811
f 7813 7760 7785
f 7811 7785 6640
f 7813 7785 7811
f 7769 7819 7820
f 7819 7760 7813
f 7820 7813 7767
f 7819 7813 7820
f 775 7828 7833
f 7828 7771 7837
f 7833 7837 7772
f 7828 7837 7833
f 7771 7827 7830
f 7827 7755 7817
f 7830 7817 7769
f 7827 7817 7830
f 7772 7835 7832
f 7835 7769 7818
f 7832 7818 7757
f 7835 7818 7832
f 7771 7830 7837
f 7830 7769 7835
f 7837 7835 7772
f 7830 7835 7837
f 702 7815 7815
f 7815 7768 7768
f 7815 7768 7768
f 7815 7768 7815
f 7768 7816 7816
f 7816 7757 7757
f 7816 7757 7757
f 7816 7757 7816
f 7768 7816 7816
f 7816 7757 7757
f 7816 7757 7757
f 7816 7757 7816
f 7768 7816 7768
f 7816 7757 7816
f 7768 7816 7768
f 7816 7816 7768
f 7757 7812 7812
f 7812 7767 7767
f 7812 7767 7767
f 7812 7767 7812
f 7767 7811 7811
f 7811 6640 6640
f 7811 6640 6640
f 7811 6640 7811
f 7767 7811 7811
f 7811 6640 6640
f 7811 6640 6640
f 7811 6640 7811
f 7767 7811 7767
f 7811 6640 7811
f 7767 7811 7767
f 7811 7811 7767
f 7757 7812 7812
f 7812 7767 7767
f 7812 7767 7767
f 7812 7767 7812
f 7767 7811 7811
f 7811 6640 6640
f 7811 6640 6640
f 7811 6640 7811
f 7767 7811 7811
f 7811 6640 6640
f 7811 6640 6640
f 7811 6640 7811
f 7767 7811 7767
f 7811 6640 7811
f 7767 7811 7767
f 7811 7811 7767
f 7757 7812 7757
f 7812 7767 7812
f 7757 7812 7757
f 7812 7812 7757
f 7767 7811 7767
f 7811 6640 7811
f 7767 7811 7767
f 7811 7811 7767
f 7757 7812 7757
f 7812 7767 7812
f 7757 7812 7757
f 7812 7812 7757
f 7767 7767 7812
f 7767 7767 7812
f 7812 7812 7757
f 7767 7812 7812
f 7150 7864 7854
f 7864 7779 7866
f 7854 7866 7776
f 7864 7866 7854
f 7779 7865 7880
f 7865 7759 7877
f 7880 7877 7782
f 7865 7877 7880
f 7776 7878 7855
f 7878 7782 7876
f 7855 7876 7758
f 7878 7876 7855
f 7779 7880 7866
f 7880 7782 7878
f 7866 7878 7776
f 7880 7878 7866
f 7759 7861 7868
f 7861 7778 7871
f 7868 7871 7780
f 7861 7871 7868
f 7778 7860 7862
f 7860 705 7809
f 7862 7809 7766
f 7860 7809 7862
f 7780 7869 7867
f 7869 7766 7810
f 7867 7810 7756
f 7869 7810 7867
f 7778 7862 7871
f 7862 7766 7869
f 7871 7869 7780
f 7862 7869 7871
f 7758 7857 7852
f 7857 7777 7859
f 7852 7859 7775
f 7857 7859 7852
f 7777 7856 7858
f 7856 7756 7808
f 7858 7808 7765
f 7856 7808 7858
f 7775 7853 7851
f 7853 7765 7807
f 7851 7807 6640
f 7853 7807 7851
f 7777 7858 7859
f 7858 7765 7853
f 7859 7853 7775
f 7858 7853 7859
f 7759 7868 7877
f 7868 7780 7881
f 7877 7881 7782
f 7868 7881 7877
f 7780 7867 7870
f 7867 7756 7856
f 7870 7856 7777
f 7867 7856 7870
f 7782 7879 7876
f 7879 7777 7857
f 7876 7857 7758
f 7879 7857 7876
f 7780 7870 7881
f 7870 7777 7879
f 7881 7879 7782
f 7870 7879 7881
f 7150 7854 7854
f 7854 7776 7776
f 7854 7776 7776
f 7854 7776 7854
f 7776 7855 7855
f 7855 7758 7758
f 7855 7758 7758
f 7855 7758 7855
f 7776 7855 7855
f 7855 7758 7758
f 7855 7758 7758
f 7855 7758 7855
f 7776 7855 7776
f 7855 7758 7855
f 7776 7855 7776
f 7855 7855 7776
f 7758 7852 7852
f 7852 7775 7775
f 7852 7775 7775
f 7852 7775 7852
f 7775 7851 7851
f 7851 6640 6640
f 7851 6640 6640
f 7851 6640 7851
f 7775 7851 7851
f 7851 6640 6640
f 7851 6640 6640
f 7851 6640 7851
f 7775 7851 7775
f 7851 6640 7851
f 7775 7851 7775
f 7851 7851 7775
f 7758 7852 7852
f 7852 7775 7775
f 7852 7775 7775
f 7852 7775 7852
f 7775 7851 7851
f 7851 6640 6640
f 7851 6640 6640
f 7851 6640 7851
f 7775 7851 7851
f 7851 6640 6640
f 7851 6640 6640
f 7851 6640 7851
f 7775 7851 7775
f 7851 6640 7851
f 7775 7851 7775
f 7851 7851 7775
f 7758 7852 7758
f 7852 7775 7852
f 7758 7852 7758
f 7852 7852 7758
f 7775 7851 7775
f 7851 6640 7851
f 7775 7851 7775
f 7851 7851 7775
f 7758 7852 7758
f 7852 7775 7852
f 7758 7852 7758
f 7852 7852 7758
f 7775 7775 7852
f 7775 7775 7852
f 7852 7852 7758
f 7775 7852 7852
f 6639 7571 7904
f 7571 7551 7906
f 7904 7906 7896
f 7571 7906 7904
f 7551 7572 7911
f 7572 7545 7909
f 7911 7909 7898
f 7572 7909 7911
f 7896 7912 7905
f 7912 7898 7910
f 7905 7910 7895
f 7912 7910 7905
f 7551 7911 7906
f 7911 7898 7912
f 7906 7912 7896
f 7911 7912 7906
f 7545 7569 7915
f 7569 7550 7917
f 7915 7917 7899
f 7569 7917 7915
f 7550 7568 7913
f 7568 7149 7246
f 7913 7246 7171
f 7568 7246 7913
f 7899 7919 7916
f 7919 7171 7247
f 7916 7247 7153
f 7919 7247 7916
f 7550 7913 7917
f 7913 7171 7919
f 7917 7919 7899
f 7913 7919 7917
f 7895 7920 7908
f 7920 7900 7922
f 7908 7922 7897
f 7920 7922 7908
f 7900 7921 7924
f 7921 7153 7250
f 7924 7250 7172
f 7921 7250 7924
f 7897 7914 7907
f 7914 7172 7249
f 7907 7249 7150
f 7914 7249 7907
f 7900 7924 7922
f 7924 7172 7914
f 7922 7914 7897
f 7924 7914 7922
f 7545 7915 7909
f 7915 7899 7918
f 7909 7918 7898
f 7915 7918 7909
f 7899 7916 7925
f 7916 7153 7921
f 7925 7921 7900
f 7916 7921 7925
f 7898 7923 7910
f 7923 7900 7920
f 7910 7920 7895
f 7923 7920 7910
f 7899 7925 7918
f 7925 7900 7923
f 7918 7923 7898
f 7925 7923 7918
f 6639 7904 7904
f 7904 7896 7896
f 7904 7896 7896
f 7904 7896 7904
f 7896 7905 7905
f 7905 7895 7895
f 7905 7895 7895
f 7905 7895 7905
f 7896 7905 7905
f 7905 7895 7895
f 7905 7895 7895
f 7905 7895 7905
f 7896 7905 7896
f 7905 7895 7905
f 7896 7905 7896
f 7905 7905 7896
f 7895 7908 7908
f 7908 7897 7897
f 7908 7897 7897
f 7908 7897 7908
f 7897 7907 7907
f 7907 7150 7150
f 7907 7150 7150
f 7907 7150 7907
f 7897 7907 7907
f 7907 7150 7150
f 7907 7150 7150
f 7907 7150 7907
f 7897 7907 7897
f 7907 7150 7907
f 7897 7907 7897
f 7907 7907 7897
f 7895 7908 7908
f 7908 7897 7897
f 7908 7897 7897
f 7908 7897 7908
f 7897 7907 7907
f 7907 7150 7150
f 7907 7150 7150
f 7907 7150 7907
f 7897 7907 7907
f 7907 7150 7150
f 7907 7150 7150
f 7907 7150 7907
f 7897 7907 7897
f 7907 7150 7907
f 7897 7907 7897
f 7907 7907 7897
f 7895 7908 7895
f 7908 7897 7908
f 7895 7908 7895
f 7908 7908 7895
f 7897 7907 7897
f 7907 7150 7907
f 7897 7907 7897
f 7907 7907 7897
f 7895 7908 7895
f 7908 7897 7908
f 7895 7908 7895
f 7908 7908 7895
f 7897 7897 7908
f 7897 7897 7908
f 7908 7908 7895
f 7897 7908 7908
f 6640 6802 7851
f 6802 6681 7932
f 7851 7932 7775
f 6802 7932 7851
f 6681 6803 7940
f 6803 6649 7938
f 7940 7938 7903
f 6803 7938 7940
f 7775 7942 7852
f 7942 7903 7939
f 7852 7939 7758
f 7942 7939 7852
f 6681 7940 7932
f 7940 7903 7942
f 7932 7942 7775
f 7940 7942 7932
f 6649 6800 7928
f 6800 6680 7930
f 7928 7930 7901
f 6800 7930 7928
f 6680 6799 7926
f 6799 6639 7904
f 7926 7904 7896
f 6799 7904 7926
f 7901 7929 7927
f 7929 7896 7905
f 7927 7905 7895
f 7929 7905 7927
f 6680 7926 7930
f 7926 7896 7929
f 7930 7929 7901
f 7926 7929 7930
f 7758 7934 7855
f 7934 7902 7937
f 7855 7937 7776
f 7934 7937 7855
f 7902 7933 7935
f 7933 7895 7908
f 7935 7908 7897
f 7933 7908 7935
f 7776 7931 7854
f 7931 7897 7907
f 7854 7907 7150
f 7931 7907 7854
f 7902 7935 7937
f 7935 7897 7931
f 7937 7931 7776
f 7935 7931 7937
f 6649 7928 7938
f 7928 7901 7941
f 7938 7941 7903
f 7928 7941 7938
f 7901 7927 7936
f 7927 7895 7933
f 7936 7933 7902
f 7927 7933 7936
f 7903 7943 7939
f 7943 7902 7934
f 7939 7934 7758
f 7943 7934 7939
f 7901 7936 7941
f 7936 7902 7943
f 7941 7943 7903
f 7936 7943 7941
f 6640 7851 7851
f 7851 7775 7775
f 7851 7775 7775
f 7851 7775 7851
f 7775 7852 7852
f 7852 7758 7758
f 7852 7758 7758
f 7852 7758 7852
f 7775 7852 7852
f 7852 7758 7758
f 7852 7758 7758
f 7852 7758 7852
f 7775 7852 7775
f 7852 7758 7852
f 7775 7852 7775
f 7852 7852 7775
f 7758 7855 7855
f 7855 7776 7776
f 7855 7776 7776
f 7855 7776 7855
f 7776 7854 7854
f 7854 7150 7150
f 7854 7150 7150
f 7854 7150 7854
f 7776 7854 7854
f 7854 7150 7150
f 7854 7150 7150
f 7854 7150 7854
f 7776 7854 7776
f 7854 7150 7854
f 7776 7854 7776
f 7854 7854 7776
f 7758 7855 7855
f 7855 7776 7776
f 7855 7776 7776
f 7855 7776 7855
f 7776 7854 7854
f 7854 7150 7150
f 7854 7150 7150
f 7854 7150 7854
f 7776 7854 7854
f 7854 7150 7150
f 7854 7150 7150
f 7854 7150 7854
f 7776 7854 7776
f 7854 7150 7854
f 7776 7854 7776
f 7854 7854 7776
f 7758 7855 7758
f 7855 7776 7855
f 7758 7855 7758
f 7855 7855 7758
f 7776 7854 7776
f 7854 7150 7854
f 7776 7854 7776
f 7854 7854 7776
f 7758 7855 7758
f 7855 7776 7855
f 7758 7855 7758
f 7855 7855 7758
f 7776 7776 7855
f 7776 7776 7855
f 7855 7855 7758
f 7776 7855 7855
f 340 8076 2474
f 8076 7966 8080
f 2474 8080 2284
f 8076 8080 2474
f 7966 8077 8083
f 8077 7944 8081
f 8083 8081 7968
f 8077 8081 8083
f 2284 8084 2475
f 8084 7968 8082
f 2475 8082 2232
f 8084 8082 2475
f 7966 8083 8080
f 8083 7968 8084
f 8080 8084 2284
f 8083 8084 8080
f 7944 8079 8091
f 8079 7967 8093
f 8091 8093 7971
f 8079 8093 8091
f 7967 8078 8087
f 8078 4753 8085
f 8087 8085 7969
f 8078 8085 8087
f 7971 8095 8092
f 8095 7969 8086
f 8092 8086 7945
f 8095 8086 8092
f 7967 8087 8093
f 8087 7969 8095
f 8093 8095 7971
f 8087 8095 8093
f 2232 8096 2478
f 8096 7972 8098
f 2478 8098 2285
f 8096 8098 2478
f 7972 8097 8100
f 8097 7945 8089
f 8100 8089 7970
f 8097 8089 8100
f 2285 8090 2477
f 8090 7970 8088
f 2477 8088 2216
f 8090 8088 2477
f 7972 8100 8098
f 8100 7970 8090
f 8098 8090 2285
f 8100 8090 8098
f 7944 8091 8081
f 8091 7971 8094
f 8081 8094 7968
f 8091 8094 8081
f 7971 8092 8101
f 8092 7945 8097
f 8101 8097 7972
f 8092 8097 8101
f 7968 8099 8082
f 8099 7972 8096
f 8082 8096 2232
f 8099 8096 8082
f 7971 8101 8094
f 8101 7972 8099
f 8094 8099 7968
f 8101 8099 8094
f 340 2474 2474
f 2474 2284 2284
f 2474 2284 2284
f 2474 2284 2474
f 2284 2475 2475
f 2475 2232 2232
f 2475 2232 2232
f 2475 2232 2475
f 2284 2475 2475
f 2475 2232 2232
f 2475 2232 2232
f 2475 2232 2475
f 2284 2475 2284
f 2475 2232 2475
f 2284 2475 2284
f 2475 2475 2284
f 2232 2478 2478
f 2478 2285 2285
f 2478 2285 2285
f 2478 2285 2478
f 2285 2477 2477
f 2477 2216 2216
f 2477 2216 2216
f 2477 2216 2477
f 2285 2477 2477
f 2477 2216 2216
f 2477 2216 2216
f 2477 2216 2477
f 2285 2477 2285
f 2477 2216 2477
f 2285 2477 2285
f 2477 2477 2285
f 2232 2478 2478
f 2478 2285 2285
f 2478 2285 2285
f 2478 2285 2478
f 2285 2477 2477
f 2477 2216 2216
f 2477 2216 2216
f 2477 2216 2477
f 2285 2477 2477
f 2477 2216 2216
f 2477 2216 2216
f 2477 2216 2477
f 2285 2477 2285
f 2477 2216 2477
f 2285 2477 2285
f 2477 2477 2285
f 2232 2478 2232
f 2478 2285 2478
f 2232 2478 2232
f 2478 2478 2232
f 2285 2477 2285
f 2477 2216 2477
f 2285 2477 2285
f 2477 2477 2285
f 2232 2478 2232
f 2478 2285 2478
f 2232 2478 2232
f 2478 2478 2232
f 2285 2285 2478
f 2285 2285 2478
f 2478 2478 2232
f 2285 2478 2478
f 4758 8105 8129
f 8105 7974 8131
f 8129 8131 7979
f 8105 8131 8129
f 7974 8106 8137
f 8106 7946 8135
f 8137 8135 7981
f 8106 8135 8137
f 7979 8139 8130
f 8139 7981 8136
f 8130 8136 7947
f 8139 8136 8130
f 7974 8137 8131
f 8137 7981 8139
f 8131 8139 7979
f 8137 8139 8131
f 7946 8103 8125
f 8103 7973 8127
f 8125 8127 7978
f 8103 8127 8125
f 7973 8102 8124
f 8102 340 449
f 8124 449 374
f 8102 449 8124
f 7978 8128 8126
f 8128 374 450
f 8126 450 351
f 8128 450 8126
f 7973 8124 8127
f 8124 374 8128
f 8127 8128 7978
f 8124 8128 8127
f 7947 8141 8133
f 8141 7982 8144
f 8133 8144 7980
f 8141 8144 8133
f 7982 8140 8142
f 8140 351 447
f 8142 447 373
f 8140 447 8142
f 7980 8134 8132
f 8134 373 446
f 8132 446 339
f 8134 446 8132
f 7982 8142 8144
f 8142 373 8134
f 8144 8134 7980
f 8142 8134 8144
f 7946 8125 8135
f 8125 7978 8138
f 8135 8138 7981
f 8125 8138 8135
f 7978 8126 8143
f 8126 351 8140
f 8143 8140 7982
f 8126 8140 8143
f 7981 8145 8136
f 8145 7982 8141
f 8136 8141 7947
f 8145 8141 8136
f 7978 8143 8138
f 8143 7982 8145
f 8138 8145 7981
f 8143 8145 8138
f 4758 8129 8129
f 8129 7979 7979
f 8129 7979 7979
f 8129 7979 8129
f 7979 8130 8130
f 8130 7947 7947
f 8130 7947 7947
f 8130 7947 8130
f 7979 8130 8130
f 8130 7947 7947
f 8130 7947 7947
f 8130 7947 8130
f 7979 8130 7979
f 8130 7947 8130
f 7979 8130 7979
f 8130 8130 7979
f 7947 8133 8133
f 8133 7980 7980
f 8133 7980 7980
f 8133 7980 8133
f 7980 8132 8132
f 8132 339 339
f 8132 339 339
f 8132 339 8132
f 7980 8132 8132
f 8132 339 339
f 8132 339 339
f 8132 339 8132
f 7980 8132 7980
f 8132 339 8132
f 7980 8132 7980
f 8132 8132 7980
f 7947 8133 8133
f 8133 7980 7980
f 8133 7980 7980
f 8133 7980 8133
f 7980 8132 8132
f 8132 339 339
f 8132 339 339
f 8132 339 8132
f 7980 8132 8132
f 8132 339 339
f 8132 339 339
f 8132 339 8132
f 7980 8132 7980
f 8132 339 8132
f 7980 8132 7980
f 8132 8132 7980
f 7947 8133 7947
f 8133 7980 8133
f 7947 8133 7947
f 8133 8133 7947
f 7980 8132 7980
f 8132 339 8132
f 7980 8132 7980
f 8132 8132 7980
f 7947 8133 7947
f 8133 7980 8133
f 7947 8133 7947
f 8133 8133 7947
f 7980 7980 8133
f 7980 7980 8133
f 8133 8133 7947
f 7980 8133 8133
f 4753 8078 4877
f 8078 7967 8111
f 4877 8111 4791
f 8078 8111 4877
f 7967 8079 8115
f 8079 7944 8113
f 8115 8113 7976
f 8079 8113 8115
f 4791 8117 4878
f 8117 7976 8114
f 4878 8114 4766
f 8117 8114 4878
f 7967 8115 8111
f 8115 7976 8117
f 8111 8117 4791
f 8115 8117 8111
f 7944 8077 8107
f 8077 7966 8109
f 8107 8109 7975
f 8077 8109 8107
f 7966 8076 8104
f 8076 340 8102
f 8104 8102 7973
f 8076 8102 8104
f 7975 8110 8108
f 8110 7973 8103
f 8108 8103 7946
f 8110 8103 8108
f 7966 8104 8109
f 8104 7973 8110
f 8109 8110 7975
f 8104 8110 8109
f 4766 8119 4880
f 8119 7977 8122
f 4880 8122 4792
f 8119 8122 4880
f 7977 8118 8120
f 8118 7946 8106
f 8120 8106 7974
f 8118 8106 8120
f 4792 8112 4879
f 8112 7974 8105
f 4879 8105 4758
f 8112 8105 4879
f 7977 8120 8122
f 8120 7974 8112
f 8122 8112 4792
f 8120 8112 8122
f 7944 8107 8113
f 8107 7975 8116
f 8113 8116 7976
f 8107 8116 8113
f 7975 8108 8121
f 8108 7946 8118
f 8121 8118 7977
f 8108 8118 8121
f 7976 8123 8114
f 8123 7977 8119
f 8114 8119 4766
f 8123 8119 8114
f 7975 8121 8116
f 8121 7977 8123
f 8116 8123 7976
f 8121 8123 8116
f 4753 4877 4877
f 4877 4791 4791
f 4877 4791 4791
f 4877 4791 4877
f 4791 4878 4878
f 4878 4766 4766
f 4878 4766 4766
f 4878 4766 4878
f 4791 4878 4878
f 4878 4766 4766
f 4878 4766 4766
f 4878 4766 4878
f 4791 4878 4791
f 4878 4766 4878
f 4791 4878 4791
f 4878 4878 4791
f 4766 4880 4880
f 4880 4792 4792
f 4880 4792 4792
f 4880 4792 4880
f 4792 4879 4879
f 4879 4758 4758
f 4879 4758 4758
f 4879 4758 4879
f 4792 4879 4879
f 4879 4758 4758
f 4879 4758 4758
f 4879 4758 4879
f 4792 4879 4792
f 4879 4758 4879
f 4792 4879 4792
f 4879 4879 4792
f 4766 4880 4880
f 4880 4792 4792
f 4880 4792 4792
f 4880 4792 4880
f 4792 4879 4879
f 4879 4758 4758
f 4879 4758 4758
f 4879 4758 4879
f 4792 4879 4879
f 4879 4758 4758
f 4879 4758 4758
f 4879 4758 4879
f 4792 4879 4792
f 4879 4758 4879
f 4792 4879 4792
f 4879 4879 4792
f 4766 4880 4766
f 4880 4792 4880
f 4766 4880 4766
f 4880 4880 4766
f 4792 4879 4792
f 4879 4758 4879
f 4792 4879 4792
f 4879 4879 4792
f 4766 4880 4766
f 4880 4792 4880
f 4766 4880 4766
f 4880 4880 4766
f 4792 4792 4880
f 4792 4792 4880
f 4880 4880 4766
f 4792 4880 4880
f 4758 8129 8146
f 8129 7979 8148
f 8146 8148 7983
f 8129 8148 8146
f 7979 8130 8153
f 8130 7947 8151
f 8153 8151 7985
f 8130 8151 8153
f 7983 8154 8147
f 8154 7985 8152
f 8147 8152 7948
f 8154 8152 8147
f 7979 8153 8148
f 8153 7985 8154
f 8148 8154 7983
f 8153 8154 8148
f 7947 8133 8161
f 8133 7980 8163
f 8161 8163 7988
f 8133 8163 8161
f 7980 8132 8157
f 8132 339 8155
f 8157 8155 7986
f 8132 8155 8157
f 7988 8165 8162
f 8165 7986 8156
f 8162 8156 7949
f 8165 8156 8162
f 7980 8157 8163
f 8157 7986 8165
f 8163 8165 7988
f 8157 8165 8163
f 7948 8166 8150
f 8166 7989 8168
f 8150 8168 7984
f 8166 8168 8150
f 7989 8167 8170
f 8167 7949 8159
f 8170 8159 7987
f 8167 8159 8170
f 7984 8160 8149
f 8160 7987 8158
f 8149 8158 2939
f 8160 8158 8149
f 7989 8170 8168
f 8170 7987 8160
f 8168 8160 7984
f 8170 8160 8168
f 7947 8161 8151
f 8161 7988 8164
f 8151 8164 7985
f 8161 8164 8151
f 7988 8162 8171
f 8162 7949 8167
f 8171 8167 7989
f 8162 8167 8171
f 7985 8169 8152
f 8169 7989 8166
f 8152 8166 7948
f 8169 8166 8152
f 7988 8171 8164
f 8171 7989 8169
f 8164 8169 7985
f 8171 8169 8164
f 4758 8146 8146
f 8146 7983 7983
f 8146 7983 7983
f 8146 7983 8146
f 7983 8147 8147
f 8147 7948 7948
f 8147 7948 7948
f 8147 7948 8147
f 7983 8147 8147
f 8147 7948 7948
f 8147 7948 7948
f 8147 7948 8147
f 7983 8147 7983
f 8147 7948 8147
f 7983 8147 7983
f 8147 8147 7983
f 7948 8150 8150
f 8150 7984 7984
f 8150 7984 7984
f 8150 7984 8150
f 7984 8149 8149
f 8149 2939 2939
f 8149 2939 2939
f 8149 2939 8149
f 7984 8149 8149
f 8149 2939 2939
f 8149 2939 2939
f 8149 2939 8149
f 7984 8149 7984
f 8149 2939 8149
f 7984 8149 7984
f 8149 8149 7984
f 7948 8150 8150
f 8150 7984 7984
f 8150 7984 7984
f 8150 7984 8150
f 7984 8149 8149
f 8149 2939 2939
f 8149 2939 2939
f 8149 2939 8149
f 7984 8149 8149
f 8149 2939 2939
f 8149 2939 2939
f 8149 2939 8149
f 7984 8149 7984
f 8149 2939 8149
f 7984 8149 7984
f 8149 8149 7984
f 7948 8150 7948
f 8150 7984 8150
f 7948 8150 7948
f 8150 8150 7948
f 7984 8149 7984
f 8149 2939 8149
f 7984 8149 7984
f 8149 8149 7984
f 7948 8150 7948
f 8150 7984 8150
f 7948 8150 7948
f 8150 8150 7948
f 7984 7984 8150
f 7984 7984 8150
f 8150 8150 7948
f 7984 8150 8150
f 4752 8180 4817
f 8180 7992 8182
f 4817 8182 4773
f 8180 8182 4817
f 7992 8181 8192
f 8181 7950 8189
f 8192 8189 7994
f 8181 8189 8192
f 4773 8190 4818
f 8190 7994 8188
f 4818 8188 4760
f 8190 8188 4818
f 7992 8192 8182
f 8192 7994 8190
f 8182 8190 4773
f 8192 8190 8182
f 7950 8178 8184
f 8178 7991 8187
f 8184 8187 7993
f 8178 8187 8184
f 7991 8177 8179
f 8177 2216 8088
f 8179 8088 7970
f 8177 8088 8179
f 7993 8185 8183
f 8185 7970 8089
f 8183 8089 7945
f 8185 8089 8183
f 7991 8179 8187
f 8179 7970 8185
f 8187 8185 7993
f 8179 8185 8187
f 4760 8174 4820
f 8174 7990 8176
f 4820 8176 4774
f 8174 8176 4820
f 7990 8173 8175
f 8173 7945 8086
f 8175 8086 7969
f 8173 8086 8175
f 4774 8172 4819
f 8172 7969 8085
f 4819 8085 4753
f 8172 8085 4819
f 7990 8175 8176
f 8175 7969 8172
f 8176 8172 4774
f 8175 8172 8176
f 7950 8184 8189
f 8184 7993 8193
f 8189 8193 7994
f 8184 8193 8189
f 7993 8183 8186
f 8183 7945 8173
f 8186 8173 7990
f 8183 8173 8186
f 7994 8191 8188
f 8191 7990 8174
f 8188 8174 4760
f 8191 8174 8188
f 7993 8186 8193
f 8186 7990 8191
f 8193 8191 7994
f 8186 8191 8193
f 4752 4817 4817
f 4817 4773 4773
f 4817 4773 4773
f 4817 4773 4817
f 4773 4818 4818
f 4818 4760 4760
f 4818 4760 4760
f 4818 4760 4818
f 4773 4818 4818
f 4818 4760 4760
f 4818 4760 4760
f 4818 4760 4818
f 4773 4818 4773
f 4818 4760 4818
f 4773 4818 4773
f 4818 4818 4773
f 4760 4820 4820
f 4820 4774 4774
f 4820 4774 4774
f 4820 4774 4820
f 4774 4819 4819
f 4819 4753 4753
f 4819 4753 4753
f 4819 4753 4819
f 4774 4819 4819
f 4819 4753 4753
f 4819 4753 4753
f 4819 4753 4819
f 4774 4819 4774
f 4819 4753 4819
f 4774 4819 4774
f 4819 4819 4774
f 4760 4820 4820
f 4820 4774 4774
f 4820 4774 4774
f 4820 4774 4820
f 4774 4819 4819
f 4819 4753 4753
f 4819 4753 4753
f 4819 4753 4819
f 4774 4819 4819
f 4819 4753 4753
f 4819 4753 4753
f 4819 4753 4819
f 4774 4819 4774
f 4819 4753 4819
f 4774 4819 4774
f 4819 4819 4774
f 4760 4820 4760
f 4820 4774 4820
f 4760 4820 4760
f 4820 4820 4760
f 4774 4819 4774
f 4819 4753 4819
f 4774 4819 4774
f 4819 4819 4774
f 4760 4820 4760
f 4820 4774 4820
f 4760 4820 4760
f 4820 4820 4760
f 4774 4774 4820
f 4774 4774 4820
f 4820 4820 4760
f 4774 4820 4820
f 685 8194 8220
f 8194 7995 8222
f 8220 8222 8002
f 8194 8222 8220
f 7995 8195 8227
f 8195 7951 8225
f 8227 8225 8004
f 8195 8225 8227
f 8002 8228 8221
f 8228 8004 8226
f 8221 8226 7953
f 8228 8226 8221
f 7995 8227 8222
f 8227 8004 8228
f 8222 8228 8002
f 8227 8228 8222
f 7951 8197 8231
f 8197 7996 8233
f 8231 8233 8005
f 8197 8233 8231
f 7996 8196 8229
f 8196 4757 4863
f 8229 4863 4788
f 8196 4863 8229
f 8005 8235 8232
f 8235 4788 4864
f 8232 4864 4765
f 8235 4864 8232
f 7996 8229 8233
f 8229 4788 8235
f 8233 8235 8005
f 8229 8235 8233
f 7953 8236 8224
f 8236 8006 8238
f 8224 8238 8003
f 8236 8238 8224
f 8006 8237 8240
f 8237 4765 4861
f 8240 4861 4787
f 8237 4861 8240
f 8003 8230 8223
f 8230 4787 4860
f 8223 4860 4756
f 8230 4860 8223
f 8006 8240 8238
f 8240 4787 8230
f 8238 8230 8003
f 8240 8230 8238
f 7951 8231 8225
f 8231 8005 8234
f 8225 8234 8004
f 8231 8234 8225
f 8005 8232 8241
f 8232 4765 8237
f 8241 8237 8006
f 8232 8237 8241
f 8004 8239 8226
f 8239 8006 8236
f 8226 8236 7953
f 8239 8236 8226
f 8005 8241 8234
f 8241 8006 8239
f 8234 8239 8004
f 8241 8239 8234
f 685 8220 8220
f 8220 8002 8002
f 8220 8002 8002
f 8220 8002 8220
f 8002 8221 8221
f 8221 7953 7953
f 8221 7953 7953
f 8221 7953 8221
f 8002 8221 8221
f 8221 7953 7953
f 8221 7953 7953
f 8221 7953 8221
f 8002 8221 8002
f 8221 7953 8221
f 8002 8221 8002
f 8221 8221 8002
f 7953 8224 8224
f 8224 8003 8003
f 8224 8003 8003
f 8224 8003 8224
f 8003 8223 8223
f 8223 4756 4756
f 8223 4756 4756
f 8223 4756 8223
f 8003 8223 8223
f 8223 4756 4756
f 8223 4756 4756
f 8223 4756 8223
f 8003 8223 8003
f 8223 4756 8223
f 8003 8223 8003
f 8223 8223 8003
f 7953 8224 8224
f 8224 8003 8003
f 8224 8003 8003
f 8224 8003 8224
f 8003 8223 8223
f 8223 4756 4756
f 8223 4756 4756
f 8223 4756 8223
f 8003 8223 8223
f 8223 4756 4756
f 8223 4756 4756
f 8223 4756 8223
f 8003 8223 8003
f 8223 4756 8223
f 8003 8223 8003
f 8223 8223 8003
f 7953 8224 7953
f 8224 8003 8224
f 7953 8224 7953
f 8224 8224 7953
f 8003 8223 8003
f 8223 4756 8223
f 8003 8223 8003
f 8223 8223 8003
f 7953 8224 7953
f 8224 8003 8224
f 7953 8224 7953
f 8224 8224 7953
f 8003 8003 8224
f 8003 8003 8224
f 8224 8224 7953
f 8003 8224 8224
f 685 8220 3004
f 8220 8002 8242
f 3004 8242 2955
f 8220 8242 3004
f 8002 8221 8245
f 8221 7953 8243
f 8245 8243 8007
f 8221 8243 8245
f 2955 8246 3005
f 8246 8007 8244
f 3005 8244 2942
f 8246 8244 3005
f 8002 8245 8242
f 8245 8007 8246
f 8242 8246 2955
f 8245 8246 8242
f 7953 8224 8253
f 8224 8003 8255
f 8253 8255 8010
f 8224 8255 8253
f 8003 8223 8249
f 8223 4756 8247
f 8249 8247 8008
f 8223 8247 8249
f 8010 8257 8254
f 8257 8008 8248
f 8254 8248 7954
f 8257 8248 8254
f 8003 8249 8255
f 8249 8008 8257
f 8255 8257 8010
f 8249 8257 8255
f 2942 8258 3008
f 8258 8011 8260
f 3008 8260 2956
f 8258 8260 3008
f 8011 8259 8262
f 8259 7954 8251
f 8262 8251 8009
f 8259 8251 8262
f 2956 8252 3007
f 8252 8009 8250
f 3007 8250 2937
f 8252 8250 3007
f 8011 8262 8260
f 8262 8009 8252
f 8260 8252 2956
f 8262 8252 8260
f 7953 8253 8243
f 8253 8010 8256
f 8243 8256 8007
f 8253 8256 8243
f 8010 8254 8263
f 8254 7954 8259
f 8263 8259 8011
f 8254 8259 8263
f 8007 8261 8244
f 8261 8011 8258
f 8244 8258 2942
f 8261 8258 8244
f 8010 8263 8256
f 8263 8011 8261
f 8256 8261 8007
f 8263 8261 8256
f 685 3004 3004
f 3004 2955 2955
f 3004 2955 2955
f 3004 2955 3004
f 2955 3005 3005
f 3005 2942 2942
f 3005 2942 2942
f 3005 2942 3005
f 2955 3005 3005
f 3005 2942 2942
f 3005 2942 2942
f 3005 2942 3005
f 2955 3005 2955
f 3005 2942 3005
f 2955 3005 2955
f 3005 3005 2955
f 2942 3008 3008
f 3008 2956 2956
f 3008 2956 2956
f 3008 2956 3008
f 2956 3007 3007
f 3007 2937 2937
f 3007 2937 2937
f 3007 2937 3007
f 2956 3007 3007
f 3007 2937 2937
f 3007 2937 2937
f 3007 2937 3007
f 2956 3007 2956
f 3007 2937 3007
f 2956 3007 2956
f 3007 3007 2956
f 2942 3008 3008
f 3008 2956 2956
f 3008 2956 2956
f 3008 2956 3008
f 2956 3007 3007
f 3007 2937 2937
f 3007 2937 2937
f 3007 2937 3007
f 2956 3007 3007
f 3007 2937 2937
f 3007 2937 2937
f 3007 2937 3007
f 2956 3007 2956
f 3007 2937 3007
f 2956 3007 2956
f 3007 3007 2956
f 2942 3008 2942
f 3008 2956 3008
f 2942 3008 2942
f 3008 3008 2942
f 2956 3007 2956
f 3007 2937 3007
f 2956 3007 2956
f 3007 3007 2956
f 2942 3008 2942
f 3008 2956 3008
f 2942 3008 2942
f 3008 3008 2942
f 2956 2956 3008
f 2956 2956 3008
f 3008 3008 2942
f 2956 3008 3008
f 4756 8206 8269
f 8206 7999 8271
f 8269 8271 8013
f 8206 8271 8269
f 7999 8207 8278
f 8207 7952 8276
f 8278 8276 8015
f 8207 8276 8278
f 8013 8280 8270
f 8280 8015 8277
f 8270 8277 7955
f 8280 8277 8270
f 7999 8278 8271
f 8278 8015 8280
f 8271 8280 8013
f 8278 8280 8271
f 7952 8204 8265
f 8204 7998 8267
f 8265 8267 8012
f 8204 8267 8265
f 7998 8203 8264
f 8203 2939 3059
f 8264 3059 2970
f 8203 3059 8264
f 8012 8268 8266
f 8268 2970 3060
f 8266 3060 2946
f 8268 3060 8266
f 7998 8264 8267
f 8264 2970 8268
f 8267 8268 8012
f 8264 8268 8267
f 7955 8286 8274
f 8286 8017 8289
f 8274 8289 8014
f 8286 8289 8274
f 8017 8285 8287
f 8285 2946 3057
f 8287 3057 2969
f 8285 3057 8287
f 8014 8275 8273
f 8275 2969 3056
f 8273 3056 2938
f 8275 3056 8273
f 8017 8287 8289
f 8287 2969 8275
f 8289 8275 8014
f 8287 8275 8289
f 7952 8265 8276
f 8265 8012 8279
f 8276 8279 8015
f 8265 8279 8276
f 8012 8266 8288
f 8266 2946 8285
f 8288 8285 8017
f 8266 8285 8288
f 8015 8290 8277
f 8290 8017 8286
f 8277 8286 7955
f 8290 8286 8277
f 8012 8288 8279
f 8288 8017 8290
f 8279 8290 8015
f 8288 8290 8279
f 4756 8269 8269
f 8269 8013 8013
f 8269 8013 8013
f 8269 8013 8269
f 8013 8270 8270
f 8270 7955 7955
f 8270 7955 7955
f 8270 7955 8270
f 8013 8270 8270
f 8270 7955 7955
f 8270 7955 7955
f 8270 7955 8270
f 8013 8270 8013
f 8270 7955 8270
f 8013 8270 8013
f 8270 8270 8013
f 7955 8274 8274
f 8274 8014 8014
f 8274 8014 8014
f 8274 8014 8274
f 8014 8273 8273
f 8273 2938 2938
f 8273 2938 2938
f 8273 2938 8273
f 8014 8273 8273
f 8273 2938 2938
f 8273 2938 2938
f 8273 2938 8273
f 8014 8273 8014
f 8273 2938 8273
f 8014 8273 8014
f 8273 8273 8014
f 7955 8274 8274
f 8274 8014 8014
f 8274 8014 8014
f 8274 8014 8274
f 8014 8273 8273
f 8273 2938 2938
f 8273 2938 2938
f 8273 2938 8273
f 8014 8273 8273
f 8273 2938 2938
f 8273 2938 2938
f 8273 2938 8273
f 8014 8273 8014
f 8273 2938 8273
f 8014 8273 8014
f 8273 8273 8014
f 7955 8274 7955
f 8274 8014 8274
f 7955 8274 7955
f 8274 8274 7955
f 8014 8273 8014
f 8273 2938 8273
f 8014 8273 8014
f 8273 8273 8014
f 7955 8274 7955
f 8274 8014 8274
f 7955 8274 7955
f 8274 8274 7955
f 8014 8014 8274
f 8014 8014 8274
f 8274 8274 7955
f 8014 8274 8274
f 2939 8158 8309
f 8158 7987 8311
f 8309 8311 8021
f 8158 8311 8309
f 7987 8159 8317
f 8159 7949 8315
f 8317 8315 8023
f 8159 8315 8317
f 8021 8319 8310
f 8319 8023 8316
f 8310 8316 7956
f 8319 8316 8310
f 7987 8317 8311
f 8317 8023 8319
f 8311 8319 8021
f 8317 8319 8311
f 7949 8156 8305
f 8156 7986 8307
f 8305 8307 8020
f 8156 8307 8305
f 7986 8155 8304
f 8155 339 2749
f 8304 2749 2716
f 8155 2749 8304
f 8020 8308 8306
f 8308 2716 2750
f 8306 2750 2707
f 8308 2750 8306
f 7986 8304 8307
f 8304 2716 8308
f 8307 8308 8020
f 8304 8308 8307
f 7956 8321 8313
f 8321 8024 8324
f 8313 8324 8022
f 8321 8324 8313
f 8024 8320 8322
f 8320 2707 2753
f 8322 2753 2717
f 8320 2753 8322
f 8022 8314 8312
f 8314 2717 2752
f 8312 2752 348
f 8314 2752 8312
f 8024 8322 8324
f 8322 2717 8314
f 8324 8314 8022
f 8322 8314 8324
f 7949 8305 8315
f 8305 8020 8318
f 8315 8318 8023
f 8305 8318 8315
f 8020 8306 8323
f 8306 2707 8320
f 8323 8320 8024
f 8306 8320 8323
f 8023 8325 8316
f 8325 8024 8321
f 8316 8321 7956
f 8325 8321 8316
f 8020 8323 8318
f 8323 8024 8325
f 8318 8325 8023
f 8323 8325 8318
f 2939 8309 8309
f 8309 8021 8021
f 8309 8021 8021
f 8309 8021 8309
f 8021 8310 8310
f 8310 7956 7956
f 8310 7956 7956
f 8310 7956 8310
f 8021 8310 8310
f 8310 7956 7956
f 8310 7956 7956
f 8310 7956 8310
f 8021 8310 8021
f 8310 7956 8310
f 8021 8310 8021
f 8310 8310 8021
f 7956 8313 8313
f 8313 8022 8022
f 8313 8022 8022
f 8313 8022 8313
f 8022 8312 8312
f 8312 348 348
f 8312 348 348
f 8312 348 8312
f 8022 8312 8312
f 8312 348 348
f 8312 348 348
f 8312 348 8312
f 8022 8312 8022
f 8312 348 8312
f 8022 8312 8022
f 8312 8312 8022
f 7956 8313 8313
f 8313 8022 8022
f 8313 8022 8022
f 8313 8022 8313
f 8022 8312 8312
f 8312 348 348
f 8312 348 348
f 8312 348 8312
f 8022 8312 8312
f 8312 348 348
f 8312 348 348
f 8312 348 8312
f 8022 8312 8022
f 8312 348 8312
f 8022 8312 8022
f 8312 8312 8022
f 7956 8313 7956
f 8313 8022 8313
f 7956 8313 7956
f 8313 8313 7956
f 8022 8312 8022
f 8312 348 8312
f 8022 8312 8022
f 8312 8312 8022
f 7956 8313 7956
f 8313 8022 8313
f 7956 8313 7956
f 8313 8313 7956
f 8022 8022 8313
f 8022 8022 8313
f 8313 8313 7956
f 8022 8313 8313
f 348 8331 8312
f 8331 8026 8333
f 8312 8333 8022
f 8331 8333 8312
f 8026 8332 8341
f 8332 7957 8338
f 8341 8338 8028
f 8332 8338 8341
f 8022 8339 8313
f 8339 8028 8337
f 8313 8337 7956
f 8339 8337 8313
f 8026 8341 8333
f 8341 8028 8339
f 8333 8339 8022
f 8341 8339 8333
f 7957 8335 8343
f 8335 8027 8346
f 8343 8346 8029
f 8335 8346 8343
f 8027 8334 8336
f 8334 3073 3157
f 8336 3157 3093
f 8334 3157 8336
f 8029 8344 8342
f 8344 3093 3158
f 8342 3158 3077
f 8344 3158 8342
f 8027 8336 8346
f 8336 3093 8344
f 8346 8344 8029
f 8336 8344 8346
f 7956 8327 8310
f 8327 8025 8329
f 8310 8329 8021
f 8327 8329 8310
f 8025 8328 8330
f 8328 3077 3155
f 8330 3155 3092
f 8328 3155 8330
f 8021 8326 8309
f 8326 3092 3154
f 8309 3154 2939
f 8326 3154 8309
f 8025 8330 8329
f 8330 3092 8326
f 8329 8326 8021
f 8330 8326 8329
f 7957 8343 8338
f 8343 8029 8347
f 8338 8347 8028
f 8343 8347 8338
f 8029 8342 8345
f 8342 3077 8328
f 8345 8328 8025
f 8342 8328 8345
f 8028 8340 8337
f 8340 8025 8327
f 8337 8327 7956
f 8340 8327 8337
f 8029 8345 8347
f 8345 8025 8340
f 8347 8340 8028
f 8345 8340 8347
f 348 8312 8312
f 8312 8022 8022
f 8312 8022 8022
f 8312 8022 8312
f 8022 8313 8313
f 8313 7956 7956
f 8313 7956 7956
f 8313 7956 8313
f 8022 8313 8313
f 8313 7956 7956
f 8313 7956 7956
f 8313 7956 8313
f 8022 8313 8022
f 8313 7956 8313
f 8022 8313 8022
f 8313 8313 8022
f 7956 8310 8310
f 8310 8021 8021
f 8310 8021 8021
f 8310 8021 8310
f 8021 8309 8309
f 8309 2939 2939
f 8309 2939 2939
f 8309 2939 8309
f 8021 8309 8309
f 8309 2939 2939
f 8309 2939 2939
f 8309 2939 8309
f 8021 8309 8021
f 8309 2939 8309
f 8021 8309 8021
f 8309 8309 8021
f 7956 8310 8310
f 8310 8021 8021
f 8310 8021 8021
f 8310 8021 8310
f 8021 8309 8309
f 8309 2939 2939
f 8309 2939 2939
f 8309 2939 8309
f 8021 8309 8309
f 8309 2939 2939
f 8309 2939 2939
f 8309 2939 8309
f 8021 8309 8021
f 8309 2939 8309
f 8021 8309 8021
f 8309 8309 8021
f 7956 8310 7956
f 8310 8021 8310
f 7956 8310 7956
f 8310 8310 7956
f 8021 8309 8021
f 8309 2939 8309
f 8021 8309 8021
f 8309 8309 8021
f 7956 8310 7956
f 8310 8021 8310
f 7956 8310 7956
f 8310 8310 7956
f 8021 8021 8310
f 8021 8021 8310
f 8310 8310 7956
f 8021 8310 8310
f 4758 8146 4893
f 8146 7983 8198
f 4893 8198 4797
f 8146 8198 4893
f 7983 8147 8201
f 8147 7948 8199
f 8201 8199 7997
f 8147 8199 8201
f 4797 8202 4894
f 8202 7997 8200
f 4894 8200 4768
f 8202 8200 4894
f 7983 8201 8198
f 8201 7997 8202
f 8198 8202 4797
f 8201 8202 8198
f 7948 8150 8209
f 8150 7984 8211
f 8209 8211 8000
f 8150 8211 8209
f 7984 8149 8205
f 8149 2939 8203
f 8205 8203 7998
f 8149 8203 8205
f 8000 8213 8210
f 8213 7998 8204
f 8210 8204 7952
f 8213 8204 8210
f 7984 8205 8211
f 8205 7998 8213
f 8211 8213 8000
f 8205 8213 8211
f 4768 8214 4891
f 8214 8001 8216
f 4891 8216 4796
f 8214 8216 4891
f 8001 8215 8218
f 8215 7952 8207
f 8218 8207 7999
f 8215 8207 8218
f 4796 8208 4890
f 8208 7999 8206
f 4890 8206 4756
f 8208 8206 4890
f 8001 8218 8216
f 8218 7999 8208
f 8216 8208 4796
f 8218 8208 8216
f 7948 8209 8199
f 8209 8000 8212
f 8199 8212 7997
f 8209 8212 8199
f 8000 8210 8219
f 8210 7952 8215
f 8219 8215 8001
f 8210 8215 8219
f 7997 8217 8200
f 8217 8001 8214
f 8200 8214 4768
f 8217 8214 8200
f 8000 8219 8212
f 8219 8001 8217
f 8212 8217 7997
f 8219 8217 8212
f 4758 4893 4893
f 4893 4797 4797
f 4893 4797 4797
f 4893 4797 4893
f 4797 4894 4894
f 4894 4768 4768
f 4894 4768 4768
f 4894 4768 4894
f 4797 4894 4894
f 4894 4768 4768
f 4894 4768 4768
f 4894 4768 4894
f 4797 4894 4797
f 4894 4768 4894
f 4797 4894 4797
f 4894 4894 4797
f 4768 4891 4891
f 4891 4796 4796
f 4891 4796 4796
f 4891 4796 4891
f 4796 4890 4890
f 4890 4756 4756
f 4890 4756 4756
f 4890 4756 4890
f 4796 4890 4890
f 4890 4756 4756
f 4890 4756 4756
f 4890 4756 4890
f 4796 4890 4796
f 4890 4756 4890
f 4796 4890 4796
f 4890 4890 4796
f 4768 4891 4891
f 4891 4796 4796
f 4891 4796 4796
f 4891 4796 4891
f 4796 4890 4890
f 4890 4756 4756
f 4890 4756 4756
f 4890 4756 4890
f 4796 4890 4890
f 4890 4756 4756
f 4890 4756 4756
f 4890 4756 4890
f 4796 4890 4796
f 4890 4756 4890
f 4796 4890 4796
f 4890 4890 4796
f 4768 4891 4768
f 4891 4796 4891
f 4768 4891 4768
f 4891 4891 4768
f 4796 4890 4796
f 4890 4756 4890
f 4796 4890 4796
f 4890 4890 4796
f 4768 4891 4768
f 4891 4796 4891
f 4768 4891 4768
f 4891 4891 4768
f 4796 4796 4891
f 4796 4796 4891
f 4891 4891 4768
f 4796 4891 4891
f 4756 8269 8247
f 8269 8013 8272
f 8247 8272 8008
f 8269 8272 8247
f 8013 8270 8284
f 8270 7955 8282
f 8284 8282 8016
f 8270 8282 8284
f 8008 8283 8248
f 8283 8016 8281
f 8248 8281 7954
f 8283 8281 8248
f 8013 8284 8272
f 8284 8016 8283
f 8272 8283 8008
f 8284 8283 8272
f 7955 8274 8298
f 8274 8014 8300
f 8298 8300 8019
f 8274 8300 8298
f 8014 8273 8292
f 8273 2938 3033
f 8292 3033 2963
f 8273 3033 8292
f 8019 8302 8299
f 8302 2963 3034
f 8299 3034 2944
f 8302 3034 8299
f 8014 8292 8300
f 8292 2963 8302
f 8300 8302 8019
f 8292 8302 8300
f 7954 8293 8251
f 8293 8018 8295
f 8251 8295 8009
f 8293 8295 8251
f 8018 8294 8297
f 8294 2944 3031
f 8297 3031 2962
f 8294 3031 8297
f 8009 8291 8250
f 8291 2962 3030
f 8250 3030 2937
f 8291 3030 8250
f 8018 8297 8295
f 8297 2962 8291
f 8295 8291 8009
f 8297 8291 8295
f 7955 8298 8282
f 8298 8019 8301
f 8282 8301 8016
f 8298 8301 8282
f 8019 8299 8303
f 8299 2944 8294
f 8303 8294 8018
f 8299 8294 8303
f 8016 8296 8281
f 8296 8018 8293
f 8281 8293 7954
f 8296 8293 8281
f 8019 8303 8301
f 8303 8018 8296
f 8301 8296 8016
f 8303 8296 8301
f 4756 8247 8247
f 8247 8008 8008
f 8247 8008 8008
f 8247 8008 8247
f 8008 8248 8248
f 8248 7954 7954
f 8248 7954 7954
f 8248 7954 8248
f 8008 8248 8248
f 8248 7954 7954
f 8248 7954 7954
f 8248 7954 8248
f 8008 8248 8008
f 8248 7954 8248
f 8008 8248 8008
f 8248 8248 8008
f 7954 8251 8251
f 8251 8009 8009
f 8251 8009 8009
f 8251 8009 8251
f 8009 8250 8250
f 8250 2937 2937
f 8250 2937 2937
f 8250 2937 8250
f 8009 8250 8250
f 8250 2937 2937
f 8250 2937 2937
f 8250 2937 8250
f 8009 8250 8009
f 8250 2937 8250
f 8009 8250 8009
f 8250 8250 8009
f 7954 8251 8251
f 8251 8009 8009
f 8251 8009 8009
f 8251 8009 8251
f 8009 8250 8250
f 8250 2937 2937
f 8250 2937 2937
f 8250 2937 8250
f 8009 8250 8250
f 8250 2937 2937
f 8250 2937 2937
f 8250 2937 8250
f 8009 8250 8009
f 8250 2937 8250
f 8009 8250 8009
f 8250 8250 8009
f 7954 8251 7954
f 8251 8009 8251
f 7954 8251 7954
f 8251 8251 7954
f 8009 8250 8009
f 8250 2937 8250
f 8009 8250 8009
f 8250 8250 8009
f 7954 8251 7954
f 8251 8009 8251
f 7954 8251 7954
f 8251 8251 7954
f 8009 8009 8251
f 8009 8009 8251
f 8251 8251 7954
f 8009 8251 8251
f 3073 8334 3176
f 8334 8027 8353
f 3176 8353 3097
f 8334 8353 3176
f 8027 8335 8357
f 8335 7957 8355
f 8357 8355 8031
f 8335 8355 8357
f 3097 8359 3177
f 8359 8031 8356
f 3177 8356 3078
f 8359 8356 3177
f 8027 8357 8353
f 8357 8031 8359
f 8353 8359 3097
f 8357 8359 8353
f 7957 8332 8349
f 8332 8026 8351
f 8349 8351 8030
f 8332 8351 8349
f 8026 8331 8348
f 8331 348 657
f 8348 657 430
f 8331 657 8348
f 8030 8352 8350
f 8352 430 658
f 8350 658 367
f 8352 658 8350
f 8026 8348 8351
f 8348 430 8352
f 8351 8352 8030
f 8348 8352 8351
f 3078 8361 3180
f 8361 8032 8364
f 3180 8364 3098
f 8361 8364 3180
f 8032 8360 8362
f 8360 367 655
f 8362 655 429
f 8360 655 8362
f 3098 8354 3179
f 8354 429 654
f 3179 654 347
f 8354 654 3179
f 8032 8362 8364
f 8362 429 8354
f 8364 8354 3098
f 8362 8354 8364
f 7957 8349 8355
f 8349 8030 8358
f 8355 8358 8031
f 8349 8358 8355
f 8030 8350 8363
f 8350 367 8360
f 8363 8360 8032
f 8350 8360 8363
f 8031 8365 8356
f 8365 8032 8361
f 8356 8361 3078
f 8365 8361 8356
f 8030 8363 8358
f 8363 8032 8365
f 8358 8365 8031
f 8363 8365 8358
f 3073 3176 3176
f 3176 3097 3097
f 3176 3097 3097
f 3176 3097 3176
f 3097 3177 3177
f 3177 3078 3078
f 3177 3078 3078
f 3177 3078 3177
f 3097 3177 3177
f 3177 3078 3078
f 3177 3078 3078
f 3177 3078 3177
f 3097 3177 3097
f 3177 3078 3177
f 3097 3177 3097
f 3177 3177 3097
f 3078 3180 3180
f 3180 3098 3098
f 3180 3098 3098
f 3180 3098 3180
f 3098 3179 3179
f 3179 347 347
f 3179 347 347
f 3179 347 3179
f 3098 3179 3179
f 3179 347 347
f 3179 347 347
f 3179 347 3179
f 3098 3179 3098
f 3179 347 3179
f 3098 3179 3098
f 3179 3179 3098
f 3078 3180 3180
f 3180 3098 3098
f 3180 3098 3098
f 3180 3098 3180
f 3098 3179 3179
f 3179 347 347
f 3179 347 347
f 3179 347 3179
f 3098 3179 3179
f 3179 347 347
f 3179 347 347
f 3179 347 3179
f 3098 3179 3098
f 3179 347 3179
f 3098 3179 3098
f 3179 3179 3098
f 3078 3180 3078
f 3180 3098 3180
f 3078 3180 3078
f 3180 3180 3078
f 3098 3179 3098
f 3179 347 3179
f 3098 3179 3098
f 3179 3179 3098
f 3078 3180 3078
f 3180 3098 3180
f 3078 3180 3078
f 3180 3180 3078
f 3098 3098 3180
f 3098 3098 3180
f 3180 3180 3078
f 3098 3180 3180
f 4757 8196 7418
f 8196 7996 8371
f 7418 8371 7215
f 8196 8371 7418
f 7996 8197 8375
f 8197 7951 8373
f 8375 8373 8034
f 8197 8373 8375
f 7215 8377 7419
f 8377 8034 8374
f 7419 8374 7164
f 8377 8374 7419
f 7996 8375 8371
f 8375 8034 8377
f 8371 8377 7215
f 8375 8377 8371
f 7951 8195 8367
f 8195 7995 8369
f 8367 8369 8033
f 8195 8369 8367
f 7995 8194 8366
f 8194 685 1606
f 8366 1606 938
f 8194 1606 8366
f 8033 8370 8368
f 8370 938 1607
f 8368 1607 754
f 8370 1607 8368
f 7995 8366 8369
f 8366 938 8370
f 8369 8370 8033
f 8366 8370 8369
f 7164 8379 7417
f 8379 8035 8382
f 7417 8382 7214
f 8379 8382 7417
f 8035 8378 8380
f 8378 754 1610
f 8380 1610 939
f 8378 1610 8380
f 7214 8372 7416
f 8372 939 1609
f 7416 1609 694
f 8372 1609 7416
f 8035 8380 8382
f 8380 939 8372
f 8382 8372 7214
f 8380 8372 8382
f 7951 8367 8373
f 8367 8033 8376
f 8373 8376 8034
f 8367 8376 8373
f 8033 8368 8381
f 8368 754 8378
f 8381 8378 8035
f 8368 8378 8381
f 8034 8383 8374
f 8383 8035 8379
f 8374 8379 7164
f 8383 8379 8374
f 8033 8381 8376
f 8381 8035 8383
f 8376 8383 8034
f 8381 8383 8376
f 4757 7418 7418
f 7418 7215 7215
f 7418 7215 7215
f 7418 7215 7418
f 7215 7419 7419
f 7419 7164 7164
f 7419 7164 7164
f 7419 7164 7419
f 7215 7419 7419
f 7419 7164 7164
f 7419 7164 7164
f 7419 7164 7419
f 7215 7419 7215
f 7419 7164 7419
f 7215 7419 7215
f 7419 7419 7215
f 7164 7417 7417
f 7417 7214 7214
f 7417 7214 7214
f 7417 7214 7417
f 7214 7416 7416
f 7416 694 694
f 7416 694 694
f 7416 694 7416
f 7214 7416 7416
f 7416 694 694
f 7416 694 694
f 7416 694 7416
f 7214 7416 7214
f 7416 694 7416
f 7214 7416 7214
f 7416 7416 7214
f 7164 7417 7417
f 7417 7214 7214
f 7417 7214 7214
f 7417 7214 7417
f 7214 7416 7416
f 7416 694 694
f 7416 694 694
f 7416 694 7416
f 7214 7416 7416
f 7416 694 694
f 7416 694 694
f 7416 694 7416
f 7214 7416 7214
f 7416 694 7416
f 7214 7416 7214
f 7416 7416 7214
f 7164 7417 7164
f 7417 7214 7417
f 7164 7417 7164
f 7417 7417 7164
f 7214 7416 7214
f 7416 694 7416
f 7214 7416 7214
f 7416 7416 7214
f 7164 7417 7164
f 7417 7214 7417
f 7164 7417 7164
f 7417 7417 7164
f 7214 7214 7417
f 7214 7214 7417
f 7417 7417 7164
f 7214 7417 7417
f 2216 8177 8384
f 8177 7991 8386
f 8384 8386 8036
f 8177 8386 8384
f 7991 8178 8391
f 8178 7950 8389
f 8391 8389 8038
f 8178 8389 8391
f 8036 8392 8385
f 8392 8038 8390
f 8385 8390 7958
f 8392 8390 8385
f 7991 8391 8386
f 8391 8038 8392
f 8386 8392 8036
f 8391 8392 8386
f 7950 8181 8395
f 8181 7992 8397
f 8395 8397 8039
f 8181 8397 8395
f 7992 8180 8393
f 8180 4752 7670
f 8393 7670 7622
f 8180 7670 8393
f 8039 8399 8396
f 8399 7622 7671
f 8396 7671 7610
f 8399 7671 8396
f 7992 8393 8397
f 8393 7622 8399
f 8397 8399 8039
f 8393 8399 8397
f 7958 8400 8388
f 8400 8040 8402
f 8388 8402 8037
f 8400 8402 8388
f 8040 8401 8404
f 8401 7610 7668
f 8404 7668 7621
f 8401 7668 8404
f 8037 8394 8387
f 8394 7621 7667
f 8387 7667 7607
f 8394 7667 8387
f 8040 8404 8402
f 8404 7621 8394
f 8402 8394 8037
f 8404 8394 8402
f 7950 8395 8389
f 8395 8039 8398
f 8389 8398 8038
f 8395 8398 8389
f 8039 8396 8405
f 8396 7610 8401
f 8405 8401 8040
f 8396 8401 8405
f 8038 8403 8390
f 8403 8040 8400
f 8390 8400 7958
f 8403 8400 8390
f 8039 8405 8398
f 8405 8040 8403
f 8398 8403 8038
f 8405 8403 8398
f 2216 8384 8384
f 8384 8036 8036
f 8384 8036 8036
f 8384 8036 8384
f 8036 8385 8385
f 8385 7958 7958
f 8385 7958 7958
f 8385 7958 8385
f 8036 8385 8385
f 8385 7958 7958
f 8385 7958 7958
f 8385 7958 8385
f 8036 8385 8036
f 8385 7958 8385
f 8036 8385 8036
f 8385 8385 8036
f 7958 8388 8388
f 8388 8037 8037
f 8388 8037 8037
f 8388 8037 8388
f 8037 8387 8387
f 8387 7607 7607
f 8387 7607 7607
f 8387 7607 8387
f 8037 8387 8387
f 8387 7607 7607
f 8387 7607 7607
f 8387 7607 8387
f 8037 8387 8037
f 8387 7607 8387
f 8037 8387 8037
f 8387 8387 8037
f 7958 8388 8388
f 8388 8037 8037
f 8388 8037 8037
f 8388 8037 8388
f 8037 8387 8387
f 8387 7607 7607
f 8387 7607 7607
f 8387 7607 8387
f 8037 8387 8387
f 8387 7607 7607
f 8387 7607 7607
f 8387 7607 8387
f 8037 8387 8037
f 8387 7607 8387
f 8037 8387 8037
f 8387 8387 8037
f 7958 8388 7958
f 8388 8037 8388
f 7958 8388 7958
f 8388 8388 7958
f 8037 8387 8037
f 8387 7607 8387
f 8037 8387 8037
f 8387 8387 8037
f 7958 8388 7958
f 8388 8037 8388
f 7958 8388 7958
f 8388 8388 7958
f 8037 8037 8388
f 8037 8037 8388
f 8388 8388 7958
f 8037 8388 8388
f 2216 8406 8428
f 8406 8041 8430
f 8428 8430 8046
f 8406 8430 8428
f 8041 8407 8435
f 8407 7959 8433
f 8435 8433 8048
f 8407 8433 8435
f 8046 8436 8429
f 8436 8048 8434
f 8429 8434 7960
f 8436 8434 8429
f 8041 8435 8430
f 8435 8048 8436
f 8430 8436 8046
f 8435 8436 8430
f 7959 8410 8439
f 8410 8042 8441
f 8439 8441 8049
f 8410 8441 8439
f 8042 8409 8437
f 8409 6637 6895
f 8437 6895 6704
f 8409 6895 8437
f 8049 8443 8440
f 8443 6704 6896
f 8440 6896 6655
f 8443 6896 8440
f 8042 8437 8441
f 8437 6704 8443
f 8441 8443 8049
f 8437 8443 8441
f 7960 8444 8432
f 8444 8050 8446
f 8432 8446 8047
f 8444 8446 8432
f 8050 8445 8448
f 8445 6655 6898
f 8448 6898 6705
f 8445 6898 8448
f 8047 8438 8431
f 8438 6705 6897
f 8431 6897 6641
f 8438 6897 8431
f 8050 8448 8446
f 8448 6705 8438
f 8446 8438 8047
f 8448 8438 8446
f 7959 8439 8433
f 8439 8049 8442
f 8433 8442 8048
f 8439 8442 8433
f 8049 8440 8449
f 8440 6655 8445
f 8449 8445 8050
f 8440 8445 8449
f 8048 8447 8434
f 8447 8050 8444
f 8434 8444 7960
f 8447 8444 8434
f 8049 8449 8442
f 8449 8050 8447
f 8442 8447 8048
f 8449 8447 8442
f 2216 8428 8428
f 8428 8046 8046
f 8428 8046 8046
f 8428 8046 8428
f 8046 8429 8429
f 8429 7960 7960
f 8429 7960 7960
f 8429 7960 8429
f 8046 8429 8429
f 8429 7960 7960
f 8429 7960 7960
f 8429 7960 8429
f 8046 8429 8046
f 8429 7960 8429
f 8046 8429 8046
f 8429 8429 8046
f 7960 8432 8432
f 8432 8047 8047
f 8432 8047 8047
f 8432 8047 8432
f 8047 8431 8431
f 8431 6641 6641
f 8431 6641 6641
f 8431 6641 8431
f 8047 8431 8431
f 8431 6641 6641
f 8431 6641 6641
f 8431 6641 8431
f 8047 8431 8047
f 8431 6641 8431
f 8047 8431 8047
f 8431 8431 8047
f 7960 8432 8432
f 8432 8047 8047
f 8432 8047 8047
f 8432 8047 8432
f 8047 8431 8431
f 8431 6641 6641
f 8431 6641 6641
f 8431 6641 8431
f 8047 8431 8431
f 8431 6641 6641
f 8431 6641 6641
f 8431 6641 8431
f 8047 8431 8047
f 8431 6641 8431
f 8047 8431 8047
f 8431 8431 8047
f 7960 8432 7960
f 8432 8047 8432
f 7960 8432 7960
f 8432 8432 7960
f 8047 8431 8047
f 8431 6641 8431
f 8047 8431 8047
f 8431 8431 8047
f 7960 8432 7960
f 8432 8047 8432
f 7960 8432 7960
f 8432 8432 7960
f 8047 8047 8432
f 8047 8047 8432
f 8432 8432 7960
f 8047 8432 8432
f 6644 8481 7118
f 8481 8059 8483
f 7118 8483 6758
f 8481 8483 7118
f 8059 8482 8491
f 8482 7963 8488
f 8491 8488 8061
f 8482 8488 8491
f 6758 8489 7119
f 8489 8061 8487
f 7119 8487 6667
f 8489 8487 7119
f 8059 8491 8483
f 8491 8061 8489
f 8483 8489 6758
f 8491 8489 8483
f 7963 8485 8493
f 8485 8060 8496
f 8493 8496 8062
f 8485 8496 8493
f 8060 8484 8486
f 8484 679 8463
f 8486 8463 8055
f 8484 8463 8486
f 8062 8494 8492
f 8494 8055 8464
f 8492 8464 7962
f 8494 8464 8492
f 8060 8486 8496
f 8486 8055 8494
f 8496 8494 8062
f 8486 8494 8496
f 6667 8471 7116
f 8471 8057 8473
f 7116 8473 6757
f 8471 8473 7116
f 8057 8472 8474
f 8472 7962 8460
f 8474 8460 8054
f 8472 8460 8474
f 6757 8462 7115
f 8462 8054 8459
f 7115 8459 6641
f 8462 8459 7115
f 8057 8474 8473
f 8474 8054 8462
f 8473 8462 6757
f 8474 8462 8473
f 7963 8493 8488
f 8493 8062 8497
f 8488 8497 8061
f 8493 8497 8488
f 8062 8492 8495
f 8492 7962 8472
f 8495 8472 8057
f 8492 8472 8495
f 8061 8490 8487
f 8490 8057 8471
f 8487 8471 6667
f 8490 8471 8487
f 8062 8495 8497
f 8495 8057 8490
f 8497 8490 8061
f 8495 8490 8497
f 6644 7118 7118
f 7118 6758 6758
f 7118 6758 6758
f 7118 6758 7118
f 6758 7119 7119
f 7119 6667 6667
f 7119 6667 6667
f 7119 6667 7119
f 6758 7119 7119
f 7119 6667 6667
f 7119 6667 6667
f 7119 6667 7119
f 6758 7119 6758
f 7119 6667 7119
f 6758 7119 6758
f 7119 7119 6758
f 6667 7116 7116
f 7116 6757 6757
f 7116 6757 6757
f 7116 6757 7116
f 6757 7115 7115
f 7115 6641 6641
f 7115 6641 6641
f 7115 6641 7115
f 6757 7115 7115
f 7115 6641 6641
f 7115 6641 6641
f 7115 6641 7115
f 6757 7115 6757
f 7115 6641 7115
f 6757 7115 6757
f 7115 7115 6757
f 6667 7116 7116
f 7116 6757 6757
f 7116 6757 6757
f 7116 6757 7116
f 6757 7115 7115
f 7115 6641 6641
f 7115 6641 6641
f 7115 6641 7115
f 6757 7115 7115
f 7115 6641 6641
f 7115 6641 6641
f 7115 6641 7115
f 6757 7115 6757
f 7115 6641 7115
f 6757 7115 6757
f 7115 7115 6757
f 6667 7116 6667
f 7116 6757 7116
f 6667 7116 6667
f 7116 7116 6667
f 6757 7115 6757
f 7115 6641 7115
f 6757 7115 6757
f 7115 7115 6757
f 6667 7116 6667
f 7116 6757 7116
f 6667 7116 6667
f 7116 7116 6667
f 6757 6757 7116
f 6757 6757 7116
f 7116 7116 6667
f 6757 7116 7116
f 2216 8428 8450
f 8428 8046 8452
f 8450 8452 8051
f 8428 8452 8450
f 8046 8429 8457
f 8429 7960 8455
f 8457 8455 8053
f 8429 8455 8457
f 8051 8458 8451
f 8458 8053 8456
f 8451 8456 7961
f 8458 8456 8451
f 8046 8457 8452
f 8457 8053 8458
f 8452 8458 8051
f 8457 8458 8452
f 7960 8432 8466
f 8432 8047 8468
f 8466 8468 8056
f 8432 8468 8466
f 8047 8431 8461
f 8431 6641 8459
f 8461 8459 8054
f 8431 8459 8461
f 8056 8470 8467
f 8470 8054 8460
f 8467 8460 7962
f 8470 8460 8467
f 8047 8461 8468
f 8461 8054 8470
f 8468 8470 8056
f 8461 8470 8468
f 7961 8475 8454
f 8475 8058 8477
f 8454 8477 8052
f 8475 8477 8454
f 8058 8476 8479
f 8476 7962 8464
f 8479 8464 8055
f 8476 8464 8479
f 8052 8465 8453
f 8465 8055 8463
f 8453 8463 679
f 8465 8463 8453
f 8058 8479 8477
f 8479 8055 8465
f 8477 8465 8052
f 8479 8465 8477
f 7960 8466 8455
f 8466 8056 8469
f 8455 8469 8053
f 8466 8469 8455
f 8056 8467 8480
f 8467 7962 8476
f 8480 8476 8058
f 8467 8476 8480
f 8053 8478 8456
f 8478 8058 8475
f 8456 8475 7961
f 8478 8475 8456
f 8056 8480 8469
f 8480 8058 8478
f 8469 8478 8053
f 8480 8478 8469
f 2216 8450 8450
f 8450 8051 8051
f 8450 8051 8051
f 8450 8051 8450
f 8051 8451 8451
f 8451 7961 7961
f 8451 7961 7961
f 8451 7961 8451
f 8051 8451 8451
f 8451 7961 7961
f 8451 7961 7961
f 8451 7961 8451
f 8051 8451 8051
f 8451 7961 8451
f 8051 8451 8051
f 8451 8451 8051
f 7961 8454 8454
f 8454 8052 8052
f 8454 8052 8052
f 8454 8052 8454
f 8052 8453 8453
f 8453 679 679
f 8453 679 679
f 8453 679 8453
f 8052 8453 8453
f 8453 679 679
f 8453 679 679
f 8453 679 8453
f 8052 8453 8052
f 8453 679 8453
f 8052 8453 8052
f 8453 8453 8052
f 7961 8454 8454
f 8454 8052 8052
f 8454 8052 8052
f 8454 8052 8454
f 8052 8453 8453
f 8453 679 679
f 8453 679 679
f 8453 679 8453
f 8052 8453 8453
f 8453 679 679
f 8453 679 679
f 8453 679 8453
f 8052 8453 8052
f 8453 679 8453
f 8052 8453 8052
f 8453 8453 8052
f 7961 8454 7961
f 8454 8052 8454
f 7961 8454 7961
f 8454 8454 7961
f 8052 8453 8052
f 8453 679 8453
f 8052 8453 8052
f 8453 8453 8052
f 7961 8454 7961
f 8454 8052 8454
f 7961 8454 7961
f 8454 8454 7961
f 8052 8052 8454
f 8052 8052 8454
f 8454 8454 7961
f 8052 8454 8454
f 6643 8500 7087
f 8500 8064 8529
f 7087 8529 6750
f 8500 8529 7087
f 8064 8501 8533
f 8501 7964 8531
f 8533 8531 8071
f 8501 8531 8533
f 6750 8535 7088
f 8535 8071 8532
f 7088 8532 6665
f 8535 8532 7088
f 8064 8533 8529
f 8533 8071 8535
f 8529 8535 6750
f 8533 8535 8529
f 7964 8499 8519
f 8499 8063 8521
f 8519 8521 8069
f 8499 8521 8519
f 8063 8498 8510
f 8498 679 8507
f 8510 8507 8066
f 8498 8507 8510
f 8069 8522 8520
f 8522 8066 8508
f 8520 8508 7965
f 8522 8508 8520
f 8063 8510 8521
f 8510 8066 8522
f 8521 8522 8069
f 8510 8522 8521
f 6665 8537 7085
f 8537 8072 8540
f 7085 8540 6749
f 8537 8540 7085
f 8072 8536 8538
f 8536 7965 8512
f 8538 8512 8067
f 8536 8512 8538
f 6749 8530 7084
f 8530 8067 8511
f 7084 8511 6642
f 8530 8511 7084
f 8072 8538 8540
f 8538 8067 8530
f 8540 8530 6749
f 8538 8530 8540
f 7964 8519 8531
f 8519 8069 8534
f 8531 8534 8071
f 8519 8534 8531
f 8069 8520 8539
f 8520 7965 8536
f 8539 8536 8072
f 8520 8536 8539
f 8071 8541 8532
f 8541 8072 8537
f 8532 8537 6665
f 8541 8537 8532
f 8069 8539 8534
f 8539 8072 8541
f 8534 8541 8071
f 8539 8541 8534
f 6643 7087 7087
f 7087 6750 6750
f 7087 6750 6750
f 7087 6750 7087
f 6750 7088 7088
f 7088 6665 6665
f 7088 6665 6665
f 7088 6665 7088
f 6750 7088 7088
f 7088 6665 6665
f 7088 6665 6665
f 7088 6665 7088
f 6750 7088 6750
f 7088 6665 7088
f 6750 7088 6750
f 7088 7088 6750
f 6665 7085 7085
f 7085 6749 6749
f 7085 6749 6749
f 7085 6749 7085
f 6749 7084 7084
f 7084 6642 6642
f 7084 6642 6642
f 7084 6642 7084
f 6749 7084 7084
f 7084 6642 6642
f 7084 6642 6642
f 7084 6642 7084
f 6749 7084 6749
f 7084 6642 7084
f 6749 7084 6749
f 7084 7084 6749
f 6665 7085 7085
f 7085 6749 6749
f 7085 6749 6749
f 7085 6749 7085
f 6749 7084 7084
f 7084 6642 6642
f 7084 6642 6642
f 7084 6642 7084
f 6749 7084 7084
f 7084 6642 6642
f 7084 6642 6642
f 7084 6642 7084
f 6749 7084 6749
f 7084 6642 7084
f 6749 7084 6749
f 7084 7084 6749
f 6665 7085 6665
f 7085 6749 7085
f 6665 7085 6665
f 7085 7085 6665
f 6749 7084 6749
f 7084 6642 7084
f 6749 7084 6749
f 7084 7084 6749
f 6665 7085 6665
f 7085 6749 7085
f 6665 7085 6665
f 7085 7085 6665
f 6749 6749 7085
f 6749 6749 7085
f 7085 7085 6665
f 6749 7085 7085
f 7607 7738 8387
f 7738 7637 8415
f 8387 8415 8037
f 7738 8415 8387
f 7637 7739 8421
f 7739 7613 8418
f 8421 8418 8044
f 7739 8418 8421
f 8037 8419 8388
f 8419 8044 8417
f 8388 8417 7958
f 8419 8417 8388
f 7637 8421 8415
f 8421 8044 8419
f 8415 8419 8037
f 8421 8419 8415
f 7613 7742 8423
f 7742 7638 8426
f 8423 8426 8045
f 7742 8426 8423
f 7638 7741 8416
f 7741 6637 8409
f 8416 8409 8042
f 7741 8409 8416
f 8045 8424 8422
f 8424 8042 8410
f 8422 8410 7959
f 8424 8410 8422
f 7638 8416 8426
f 8416 8042 8424
f 8426 8424 8045
f 8416 8424 8426
f 7958 8411 8385
f 8411 8043 8413
f 8385 8413 8036
f 8411 8413 8385
f 8043 8412 8414
f 8412 7959 8407
f 8414 8407 8041
f 8412 8407 8414
f 8036 8408 8384
f 8408 8041 8406
f 8384 8406 2216
f 8408 8406 8384
f 8043 8414 8413
f 8414 8041 8408
f 8413 8408 8036
f 8414 8408 8413
f 7613 8423 8418
f 8423 8045 8427
f 8418 8427 8044
f 8423 8427 8418
f 8045 8422 8425
f 8422 7959 8412
f 8425 8412 8043
f 8422 8412 8425
f 8044 8420 8417
f 8420 8043 8411
f 8417 8411 7958
f 8420 8411 8417
f 8045 8425 8427
f 8425 8043 8420
f 8427 8420 8044
f 8425 8420 8427
f 7607 8387 8387
f 8387 8037 8037
f 8387 8037 8037
f 8387 8037 8387
f 8037 8388 8388
f 8388 7958 7958
f 8388 7958 7958
f 8388 7958 8388
f 8037 8388 8388
f 8388 7958 7958
f 8388 7958 7958
f 8388 7958 8388
f 8037 8388 8037
f 8388 7958 8388
f 8037 8388 8037
f 8388 8388 8037
f 7958 8385 8385
f 8385 8036 8036
f 8385 8036 8036
f 8385 8036 8385
f 8036 8384 8384
f 8384 2216 2216
f 8384 2216 2216
f 8384 2216 8384
f 8036 8384 8384
f 8384 2216 2216
f 8384 2216 2216
f 8384 2216 8384
f 8036 8384 8036
f 8384 2216 8384
f 8036 8384 8036
f 8384 8384 8036
f 7958 8385 8385
f 8385 8036 8036
f 8385 8036 8036
f 8385 8036 8385
f 8036 8384 8384
f 8384 2216 2216
f 8384 2216 2216
f 8384 2216 8384
f 8036 8384 8384
f 8384 2216 2216
f 8384 2216 2216
f 8384 2216 8384
f 8036 8384 8036
f 8384 2216 8384
f 8036 8384 8036
f 8384 8384 8036
f 7958 8385 7958
f 8385 8036 8385
f 7958 8385 7958
f 8385 8385 7958
f 8036 8384 8036
f 8384 2216 8384
f 8036 8384 8036
f 8384 8384 8036
f 7958 8385 7958
f 8385 8036 8385
f 7958 8385 7958
f 8385 8385 7958
f 8036 8036 8385
f 8036 8036 8385
f 8385 8385 7958
f 8036 8385 8385
f 691 1552 7053
f 1552 923 8548
f 7053 8548 6741
f 1552 8548 7053
f 923 1553 8556
f 1553 749 8554
f 8556 8554 8075
f 1553 8554 8556
f 6741 8558 7054
f 8558 8075 8555
f 7054 8555 6663
f 8558 8555 7054
f 923 8556 8548
f 8556 8075 8558
f 8548 8558 6741
f 8556 8558 8548
f 749 1551 8544
f 1551 922 8546
f 8544 8546 8073
f 1551 8546 8544
f 922 1550 8542
f 1550 679 8498
f 8542 8498 8063
f 1550 8498 8542
f 8073 8545 8543
f 8545 8063 8499
f 8543 8499 7964
f 8545 8499 8543
f 922 8542 8546
f 8542 8063 8545
f 8546 8545 8073
f 8542 8545 8546
f 6663 8550 7057
f 8550 8074 8553
f 7057 8553 6742
f 8550 8553 7057
f 8074 8549 8551
f 8549 7964 8501
f 8551 8501 8064
f 8549 8501 8551
f 6742 8547 7056
f 8547 8064 8500
f 7056 8500 6643
f 8547 8500 7056
f 8074 8551 8553
f 8551 8064 8547
f 8553 8547 6742
f 8551 8547 8553
f 749 8544 8554
f 8544 8073 8557
f 8554 8557 8075
f 8544 8557 8554
f 8073 8543 8552
f 8543 7964 8549
f 8552 8549 8074
f 8543 8549 8552
f 8075 8559 8555
f 8559 8074 8550
f 8555 8550 6663
f 8559 8550 8555
f 8073 8552 8557
f 8552 8074 8559
f 8557 8559 8075
f 8552 8559 8557
f 691 7053 7053
f 7053 6741 6741
f 7053 6741 6741
f 7053 6741 7053
f 6741 7054 7054
f 7054 6663 6663
f 7054 6663 6663
f 7054 6663 7054
f 6741 7054 7054
f 7054 6663 6663
f 7054 6663 6663
f 7054 6663 7054
f 6741 7054 6741
f 7054 6663 7054
f 6741 7054 6741
f 7054 7054 6741
f 6663 7057 7057
f 7057 6742 6742
f 7057 6742 6742
f 7057 6742 7057
f 6742 7056 7056
f 7056 6643 6643
f 7056 6643 6643
f 7056 6643 7056
f 6742 7056 7056
f 7056 6643 6643
f 7056 6643 6643
f 7056 6643 7056
f 6742 7056 6742
f 7056 6643 7056
f 6742 7056 6742
f 7056 7056 6742
f 6663 7057 7057
f 7057 6742 6742
f 7057 6742 6742
f 7057 6742 7057
f 6742 7056 7056
f 7056 6643 6643
f 7056 6643 6643
f 7056 6643 7056
f 6742 7056 7056
f 7056 6643 6643
f 7056 6643 6643
f 7056 6643 7056
f 6742 7056 6742
f 7056 6643 7056
f 6742 7056 6742
f 7056 7056 6742
f 6663 7057 6663
f 7057 6742 7057
f 6663 7057 6663
f 7057 7057 6663
f 6742 7056 6742
f 7056 6643 7056
f 6742 7056 6742
f 7056 7056 6742
f 6663 7057 6663
f 7057 6742 7057
f 6663 7057 6663
f 7057 7057 6663
f 6742 6742 7057
f 6742 6742 7057
f 7057 7057 6663
f 6742 7057 7057
f 6644 7135 8481
f 7135 6762 8502
f 8481 8502 8059
f 7135 8502 8481
f 6762 7136 8506
f 7136 6668 8504
f 8506 8504 8065
f 7136 8504 8506
f 8059 8505 8482
f 8505 8065 8503
f 8482 8503 7963
f 8505 8503 8482
f 6762 8506 8502
f 8506 8065 8505
f 8502 8505 8059
f 8506 8505 8502
f 6668 7133 8523
f 7133 6761 8525
f 8523 8525 8070
f 7133 8525 8523
f 6761 7132 8513
f 7132 6642 8511
f 8513 8511 8067
f 7132 8511 8513
f 8070 8527 8524
f 8527 8067 8512
f 8524 8512 7965
f 8527 8512 8524
f 6761 8513 8525
f 8513 8067 8527
f 8525 8527 8070
f 8513 8527 8525
f 7963 8514 8485
f 8514 8068 8516
f 8485 8516 8060
f 8514 8516 8485
f 8068 8515 8518
f 8515 7965 8508
f 8518 8508 8066
f 8515 8508 8518
f 8060 8509 8484
f 8509 8066 8507
f 8484 8507 679
f 8509 8507 8484
f 8068 8518 8516
f 8518 8066 8509
f 8516 8509 8060
f 8518 8509 8516
f 6668 8523 8504
f 8523 8070 8526
f 8504 8526 8065
f 8523 8526 8504
f 8070 8524 8528
f 8524 7965 8515
f 8528 8515 8068
f 8524 8515 8528
f 8065 8517 8503
f 8517 8068 8514
f 8503 8514 7963
f 8517 8514 8503
f 8070 8528 8526
f 8528 8068 8517
f 8526 8517 8065
f 8528 8517 8526
f 6644 8481 8481
f 8481 8059 8059
f 8481 8059 8059
f 8481 8059 8481
f 8059 8482 8482
f 8482 7963 7963
f 8482 7963 7963
f 8482 7963 8482
f 8059 8482 8482
f 8482 7963 7963
f 8482 7963 7963
f 8482 7963 8482
f 8059 8482 8059
f 8482 7963 8482
f 8059 8482 8059
f 8482 8482 8059
f 7963 8485 8485
f 8485 8060 8060
f 8485 8060 8060
f 8485 8060 8485
f 8060 8484 8484
f 8484 679 679
f 8484 679 679
f 8484 679 8484
f 8060 8484 8484
f 8484 679 679
f 8484 679 679
f 8484 679 8484
f 8060 8484 8060
f 8484 679 8484
f 8060 8484 8060
f 8484 8484 8060
f 7963 8485 8485
f 8485 8060 8060
f 8485 8060 8060
f 8485 8060 8485
f 8060 8484 8484
f 8484 679 679
f 8484 679 679
f 8484 679 8484
f 8060 8484 8484
f 8484 679 679
f 8484 679 679
f 8484 679 8484
f 8060 8484 8060
f 8484 679 8484
f 8060 8484 8060
f 8484 8484 8060
f 7963 8485 7963
f 8485 8060 8485
f 7963 8485 7963
f 8485 8485 7963
f 8060 8484 8060
f 8484 679 8484
f 8060 8484 8060
f 8484 8484 8060
f 7963 8485 7963
f 8485 8060 8485
f 7963 8485 7963
f 8485 8485 7963
f 8060 8060 8485
f 8060 8060 8485
f 8485 8485 7963
f 8060 8485 8485
f 679 8611 8453
f 8611 8569 8615
f 8453 8615 8052
f 8611 8615 8453
f 8569 8612 8618
f 8612 8560 8616
f 8618 8616 8571
f 8612 8616 8618
f 8052 8619 8454
f 8619 8571 8617
f 8454 8617 7961
f 8619 8617 8454
f 8569 8618 8615
f 8618 8571 8619
f 8615 8619 8052
f 8618 8619 8615
f 8560 8614 8626
f 8614 8570 8628
f 8626 8628 8574
f 8614 8628 8626
f 8570 8613 8622
f 8613 83 8620
f 8622 8620 8572
f 8613 8620 8622
f 8574 8630 8627
f 8630 8572 8621
f 8627 8621 8561
f 8630 8621 8627
f 8570 8622 8628
f 8622 8572 8630
f 8628 8630 8574
f 8622 8630 8628
f 7961 8631 8451
f 8631 8575 8633
f 8451 8633 8051
f 8631 8633 8451
f 8575 8632 8635
f 8632 8561 8624
f 8635 8624 8573
f 8632 8624 8635
f 8051 8625 8450
f 8625 8573 8623
f 8450 8623 2216
f 8625 8623 8450
f 8575 8635 8633
f 8635 8573 8625
f 8633 8625 8051
f 8635 8625 8633
f 8560 8626 8616
f 8626 8574 8629
f 8616 8629 8571
f 8626 8629 8616
f 8574 8627 8636
f 8627 8561 8632
f 8636 8632 8575
f 8627 8632 8636
f 8571 8634 8617
f 8634 8575 8631
f 8617 8631 7961
f 8634 8631 8617
f 8574 8636 8629
f 8636 8575 8634
f 8629 8634 8571
f 8636 8634 8629
f 679 8453 8453
f 8453 8052 8052
f 8453 8052 8052
f 8453 8052 8453
f 8052 8454 8454
f 8454 7961 7961
f 8454 7961 7961
f 8454 7961 8454
f 8052 8454 8454
f 8454 7961 7961
f 8454 7961 7961
f 8454 7961 8454
f 8052 8454 8052
f 8454 7961 8454
f 8052 8454 8052
f 8454 8454 8052
f 7961 8451 8451
f 8451 8051 8051
f 8451 8051 8051
f 8451 8051 8451
f 8051 8450 8450
f 8450 2216 2216
f 8450 2216 2216
f 8450 2216 8450
f 8051 8450 8450
f 8450 2216 2216
f 8450 2216 2216
f 8450 2216 8450
f 8051 8450 8051
f 8450 2216 8450
f 8051 8450 8051
f 8450 8450 8051
f 7961 8451 8451
f 8451 8051 8051
f 8451 8051 8051
f 8451 8051 8451
f 8051 8450 8450
f 8450 2216 2216
f 8450 2216 2216
f 8450 2216 8450
f 8051 8450 8450
f 8450 2216 2216
f 8450 2216 2216
f 8450 2216 8450
f 8051 8450 8051
f 8450 2216 8450
f 8051 8450 8051
f 8450 8450 8051
f 7961 8451 7961
f 8451 8051 8451
f 7961 8451 7961
f 8451 8451 7961
f 8051 8450 8051
f 8450 2216 8450
f 8051 8450 8051
f 8450 8450 8051
f 7961 8451 7961
f 8451 8051 8451
f 7961 8451 7961
f 8451 8451 7961
f 8051 8051 8451
f 8051 8051 8451
f 8451 8451 7961
f 8051 8451 8451
f 2216 8642 2460
f 8642 8577 8659
f 2460 8659 2281
f 8642 8659 2460
f 8577 8643 8662
f 8643 8562 8660
f 8662 8660 8581
f 8643 8660 8662
f 2281 8663 2461
f 8663 8581 8661
f 2461 8661 2231
f 8663 8661 2461
f 8577 8662 8659
f 8662 8581 8663
f 8659 8663 2281
f 8662 8663 8659
f 8562 8646 8670
f 8646 8578 8672
f 8670 8672 8584
f 8646 8672 8670
f 8578 8645 8666
f 8645 155 8664
f 8666 8664 8582
f 8645 8664 8666
f 8584 8674 8671
f 8674 8582 8665
f 8671 8665 8563
f 8674 8665 8671
f 8578 8666 8672
f 8666 8582 8674
f 8672 8674 8584
f 8666 8674 8672
f 2231 8675 2458
f 8675 8585 8677
f 2458 8677 2280
f 8675 8677 2458
f 8585 8676 8679
f 8676 8563 8668
f 8679 8668 8583
f 8676 8668 8679
f 2280 8669 2457
f 8669 8583 8667
f 2457 8667 2212
f 8669 8667 2457
f 8585 8679 8677
f 8679 8583 8669
f 8677 8669 2280
f 8679 8669 8677
f 8562 8670 8660
f 8670 8584 8673
f 8660 8673 8581
f 8670 8673 8660
f 8584 8671 8680
f 8671 8563 8676
f 8680 8676 8585
f 8671 8676 8680
f 8581 8678 8661
f 8678 8585 8675
f 8661 8675 2231
f 8678 8675 8661
f 8584 8680 8673
f 8680 8585 8678
f 8673 8678 8581
f 8680 8678 8673
f 2216 2460 2460
f 2460 2281 2281
f 2460 2281 2281
f 2460 2281 2460
f 2281 2461 2461
f 2461 2231 2231
f 2461 2231 2231
f 2461 2231 2461
f 2281 2461 2461
f 2461 2231 2231
f 2461 2231 2231
f 2461 2231 2461
f 2281 2461 2281
f 2461 2231 2461
f 2281 2461 2281
f 2461 2461 2281
f 2231 2458 2458
f 2458 2280 2280
f 2458 2280 2280
f 2458 2280 2458
f 2280 2457 2457
f 2457 2212 2212
f 2457 2212 2212
f 2457 2212 2457
f 2280 2457 2457
f 2457 2212 2212
f 2457 2212 2212
f 2457 2212 2457
f 2280 2457 2280
f 2457 2212 2457
f 2280 2457 2280
f 2457 2457 2280
f 2231 2458 2458
f 2458 2280 2280
f 2458 2280 2280
f 2458 2280 2458
f 2280 2457 2457
f 2457 2212 2212
f 2457 2212 2212
f 2457 2212 2457
f 2280 2457 2457
f 2457 2212 2212
f 2457 2212 2212
f 2457 2212 2457
f 2280 2457 2280
f 2457 2212 2457
f 2280 2457 2280
f 2457 2457 2280
f 2231 2458 2231
f 2458 2280 2458
f 2231 2458 2231
f 2458 2458 2231
f 2280 2457 2280
f 2457 2212 2457
f 2280 2457 2280
f 2457 2457 2280
f 2231 2458 2231
f 2458 2280 2458
f 2231 2458 2231
f 2458 2458 2231
f 2280 2280 2458
f 2280 2280 2458
f 2458 2458 2231
f 2280 2458 2458
f 676 8721 8689
f 8721 8597 8723
f 8689 8723 8588
f 8721 8723 8689
f 8597 8722 8733
f 8722 8567 8730
f 8733 8730 8599
f 8722 8730 8733
f 8588 8731 8690
f 8731 8599 8729
f 8690 8729 8564
f 8731 8729 8690
f 8597 8733 8723
f 8733 8599 8731
f 8723 8731 8588
f 8733 8731 8723
f 8567 8726 8740
f 8726 8598 8743
f 8740 8743 8601
f 8726 8743 8740
f 8598 8725 8727
f 8725 82 128
f 8727 128 95
f 8725 128 8727
f 8601 8741 8739
f 8741 95 129
f 8739 129 86
f 8741 129 8739
f 8598 8727 8743
f 8727 95 8741
f 8743 8741 8601
f 8727 8741 8743
f 8564 8708 8687
f 8708 8593 8710
f 8687 8710 8587
f 8708 8710 8687
f 8593 8709 8711
f 8709 86 132
f 8711 132 96
f 8709 132 8711
f 8587 8707 8686
f 8707 96 131
f 8686 131 83
f 8707 131 8686
f 8593 8711 8710
f 8711 96 8707
f 8710 8707 8587
f 8711 8707 8710
f 8567 8740 8730
f 8740 8601 8744
f 8730 8744 8599
f 8740 8744 8730
f 8601 8739 8742
f 8739 86 8709
f 8742 8709 8593
f 8739 8709 8742
f 8599 8732 8729
f 8732 8593 8708
f 8729 8708 8564
f 8732 8708 8729
f 8601 8742 8744
f 8742 8593 8732
f 8744 8732 8599
f 8742 8732 8744
f 676 8689 8689
f 8689 8588 8588
f 8689 8588 8588
f 8689 8588 8689
f 8588 8690 8690
f 8690 8564 8564
f 8690 8564 8564
f 8690 8564 8690
f 8588 8690 8690
f 8690 8564 8564
f 8690 8564 8564
f 8690 8564 8690
f 8588 8690 8588
f 8690 8564 8690
f 8588 8690 8588
f 8690 8690 8588
f 8564 8687 8687
f 8687 8587 8587
f 8687 8587 8587
f 8687 8587 8687
f 8587 8686 8686
f 8686 83 83
f 8686 83 83
f 8686 83 8686
f 8587 8686 8686
f 8686 83 83
f 8686 83 83
f 8686 83 8686
f 8587 8686 8587
f 8686 83 8686
f 8587 8686 8587
f 8686 8686 8587
f 8564 8687 8687
f 8687 8587 8587
f 8687 8587 8587
f 8687 8587 8687
f 8587 8686 8686
f 8686 83 83
f 8686 83 83
f 8686 83 8686
f 8587 8686 8686
f 8686 83 83
f 8686 83 83
f 8686 83 8686
f 8587 8686 8587
f 8686 83 8686
f 8587 8686 8587
f 8686 8686 8587
f 8564 8687 8564
f 8687 8587 8687
f 8564 8687 8564
f 8687 8687 8564
f 8587 8686 8587
f 8686 83 8686
f 8587 8686 8587
f 8686 8686 8587
f 8564 8687 8564
f 8687 8587 8687
f 8564 8687 8564
f 8687 8687 8564
f 8587 8587 8687
f 8587 8587 8687
f 8687 8687 8564
f 8587 8687 8687
f 2212 8756 8712
f 8756 8604 8759
f 8712 8759 8594
f 8756 8759 8712
f 8604 8757 8771
f 8757 8568 8769
f 8771 8769 8607
f 8757 8769 8771
f 8594 8770 8713
f 8770 8607 8768
f 8713 8768 8566
f 8770 8768 8713
f 8604 8771 8759
f 8771 8607 8770
f 8759 8770 8594
f 8771 8770 8759
f 8568 8761 8785
f 8761 8605 8787
f 8785 8787 8610
f 8761 8787 8785
f 8605 8760 8779
f 8760 154 324
f 8779 324 291
f 8760 324 8779
f 8610 8789 8786
f 8789 291 325
f 8786 325 283
f 8789 325 8786
f 8605 8779 8787
f 8779 291 8789
f 8787 8789 8610
f 8779 8789 8787
f 8566 8780 8716
f 8780 8609 8782
f 8716 8782 8595
f 8780 8782 8716
f 8609 8781 8784
f 8781 283 322
f 8784 322 290
f 8781 322 8784
f 8595 8778 8715
f 8778 290 321
f 8715 321 82
f 8778 321 8715
f 8609 8784 8782
f 8784 290 8778
f 8782 8778 8595
f 8784 8778 8782
f 8568 8785 8769
f 8785 8610 8788
f 8769 8788 8607
f 8785 8788 8769
f 8610 8786 8790
f 8786 283 8781
f 8790 8781 8609
f 8786 8781 8790
f 8607 8783 8768
f 8783 8609 8780
f 8768 8780 8566
f 8783 8780 8768
f 8610 8790 8788
f 8790 8609 8783
f 8788 8783 8607
f 8790 8783 8788
f 2212 8712 8712
f 8712 8594 8594
f 8712 8594 8594
f 8712 8594 8712
f 8594 8713 8713
f 8713 8566 8566
f 8713 8566 8566
f 8713 8566 8713
f 8594 8713 8713
f 8713 8566 8566
f 8713 8566 8566
f 8713 8566 8713
f 8594 8713 8594
f 8713 8566 8713
f 8594 8713 8594
f 8713 8713 8594
f 8566 8716 8716
f 8716 8595 8595
f 8716 8595 8595
f 8716 8595 8716
f 8595 8715 8715
f 8715 82 82
f 8715 82 82
f 8715 82 8715
f 8595 8715 8715
f 8715 82 82
f 8715 82 82
f 8715 82 8715
f 8595 8715 8595
f 8715 82 8715
f 8595 8715 8595
f 8715 8715 8595
f 8566 8716 8716
f 8716 8595 8595
f 8716 8595 8595
f 8716 8595 8716
f 8595 8715 8715
f 8715 82 82
f 8715 82 82
f 8715 82 8715
f 8595 8715 8715
f 8715 82 82
f 8715 82 82
f 8715 82 8715
f 8595 8715 8595
f 8715 82 8715
f 8595 8715 8595
f 8715 8715 8595
f 8566 8716 8566
f 8716 8595 8716
f 8566 8716 8566
f 8716 8716 8566
f 8595 8715 8595
f 8715 82 8715
f 8595 8715 8595
f 8715 8715 8595
f 8566 8716 8566
f 8716 8595 8716
f 8566 8716 8566
f 8716 8716 8566
f 8595 8595 8716
f 8595 8595 8716
f 8716 8716 8566
f 8595 8716 8716
f 83 250 8620
f 250 232 8637
f 8620 8637 8572
f 250 8637 8620
f 232 251 8641
f 251 227 8639
f 8641 8639 8576
f 251 8639 8641
f 8572 8640 8621
f 8640 8576 8638
f 8621 8638 8561
f 8640 8638 8621
f 232 8641 8637
f 8641 8576 8640
f 8637 8640 8572
f 8641 8640 8637
f 227 248 8653
f 248 231 8655
f 8653 8655 8580
f 248 8655 8653
f 231 247 8647
f 247 155 8645
f 8647 8645 8578
f 247 8645 8647
f 8580 8657 8654
f 8657 8578 8646
f 8654 8646 8562
f 8657 8646 8654
f 231 8647 8655
f 8647 8578 8657
f 8655 8657 8580
f 8647 8657 8655
f 8561 8648 8624
f 8648 8579 8650
f 8624 8650 8573
f 8648 8650 8624
f 8579 8649 8652
f 8649 8562 8643
f 8652 8643 8577
f 8649 8643 8652
f 8573 8644 8623
f 8644 8577 8642
f 8623 8642 2216
f 8644 8642 8623
f 8579 8652 8650
f 8652 8577 8644
f 8650 8644 8573
f 8652 8644 8650
f 227 8653 8639
f 8653 8580 8656
f 8639 8656 8576
f 8653 8656 8639
f 8580 8654 8658
f 8654 8562 8649
f 8658 8649 8579
f 8654 8649 8658
f 8576 8651 8638
f 8651 8579 8648
f 8638 8648 8561
f 8651 8648 8638
f 8580 8658 8656
f 8658 8579 8651
f 8656 8651 8576
f 8658 8651 8656
f 83 8620 8620
f 8620 8572 8572
f 8620 8572 8572
f 8620 8572 8620
f 8572 8621 8621
f 8621 8561 8561
f 8621 8561 8561
f 8621 8561 8621
f 8572 8621 8621
f 8621 8561 8561
f 8621 8561 8561
f 8621 8561 8621
f 8572 8621 8572
f 8621 8561 8621
f 8572 8621 8572
f 8621 8621 8572
f 8561 8624 8624
f 8624 8573 8573
f 8624 8573 8573
f 8624 8573 8624
f 8573 8623 8623
f 8623 2216 2216
f 8623 2216 2216
f 8623 2216 8623
f 8573 8623 8623
f 8623 2216 2216
f 8623 2216 2216
f 8623 2216 8623
f 8573 8623 8573
f 8623 2216 8623
f 8573 8623 8573
f 8623 8623 8573
f 8561 8624 8624
f 8624 8573 8573
f 8624 8573 8573
f 8624 8573 8624
f 8573 8623 8623
f 8623 2216 2216
f 8623 2216 2216
f 8623 2216 8623
f 8573 8623 8623
f 8623 2216 2216
f 8623 2216 2216
f 8623 2216 8623
f 8573 8623 8573
f 8623 2216 8623
f 8573 8623 8573
f 8623 8623 8573
f 8561 8624 8561
f 8624 8573 8624
f 8561 8624 8561
f 8624 8624 8561
f 8573 8623 8573
f 8623 2216 8623
f 8573 8623 8573
f 8623 8623 8573
f 8561 8624 8561
f 8624 8573 8624
f 8561 8624 8561
f 8624 8624 8561
f 8573 8573 8624
f 8573 8573 8624
f 8624 8624 8561
f 8573 8624 8624
f 155 190 8664
f 190 166 8751
f 8664 8751 8582
f 190 8751 8664
f 166 191 8755
f 191 158 8753
f 8755 8753 8603
f 191 8753 8755
f 8582 8754 8665
f 8754 8603 8752
f 8665 8752 8563
f 8754 8752 8665
f 166 8755 8751
f 8755 8603 8754
f 8751 8754 8582
f 8755 8754 8751
f 158 188 8772
f 188 165 8774
f 8772 8774 8608
f 188 8774 8772
f 165 187 8762
f 187 154 8760
f 8762 8760 8605
f 187 8760 8762
f 8608 8776 8773
f 8776 8605 8761
f 8773 8761 8568
f 8776 8761 8773
f 165 8762 8774
f 8762 8605 8776
f 8774 8776 8608
f 8762 8776 8774
f 8563 8763 8668
f 8763 8606 8765
f 8668 8765 8583
f 8763 8765 8668
f 8606 8764 8767
f 8764 8568 8757
f 8767 8757 8604
f 8764 8757 8767
f 8583 8758 8667
f 8758 8604 8756
f 8667 8756 2212
f 8758 8756 8667
f 8606 8767 8765
f 8767 8604 8758
f 8765 8758 8583
f 8767 8758 8765
f 158 8772 8753
f 8772 8608 8775
f 8753 8775 8603
f 8772 8775 8753
f 8608 8773 8777
f 8773 8568 8764
f 8777 8764 8606
f 8773 8764 8777
f 8603 8766 8752
f 8766 8606 8763
f 8752 8763 8563
f 8766 8763 8752
f 8608 8777 8775
f 8777 8606 8766
f 8775 8766 8603
f 8777 8766 8775
f 155 8664 8664
f 8664 8582 8582
f 8664 8582 8582
f 8664 8582 8664
f 8582 8665 8665
f 8665 8563 8563
f 8665 8563 8563
f 8665 8563 8665
f 8582 8665 8665
f 8665 8563 8563
f 8665 8563 8563
f 8665 8563 8665
f 8582 8665 8582
f 8665 8563 8665
f 8582 8665 8582
f 8665 8665 8582
f 8563 8668 8668
f 8668 8583 8583
f 8668 8583 8583
f 8668 8583 8668
f 8583 8667 8667
f 8667 2212 2212
f 8667 2212 2212
f 8667 2212 8667
f 8583 8667 8667
f 8667 2212 2212
f 8667 2212 2212
f 8667 2212 8667
f 8583 8667 8583
f 8667 2212 8667
f 8583 8667 8583
f 8667 8667 8583
f 8563 8668 8668
f 8668 8583 8583
f 8668 8583 8583
f 8668 8583 8668
f 8583 8667 8667
f 8667 2212 2212
f 8667 2212 2212
f 8667 2212 8667
f 8583 8667 8667
f 8667 2212 2212
f 8667 2212 2212
f 8667 2212 8667
f 8583 8667 8583
f 8667 2212 8667
f 8583 8667 8583
f 8667 8667 8583
f 8563 8668 8563
f 8668 8583 8668
f 8563 8668 8563
f 8668 8668 8563
f 8583 8667 8583
f 8667 2212 8667
f 8583 8667 8583
f 8667 8667 8583
f 8563 8668 8563
f 8668 8583 8668
f 8563 8668 8563
f 8668 8668 8563
f 8583 8583 8668
f 8583 8583 8668
f 8668 8668 8563
f 8583 8668 8668
f 676 8689 1304
f 8689 8588 8691
f 1304 8691 853
f 8689 8691 1304
f 8588 8690 8701
f 8690 8564 8698
f 8701 8698 8590
f 8690 8698 8701
f 853 8699 1305
f 8699 8590 8697
f 1305 8697 728
f 8699 8697 1305
f 8588 8701 8691
f 8701 8590 8699
f 8691 8699 853
f 8701 8699 8691
f 8564 8687 8693
f 8687 8587 8696
f 8693 8696 8589
f 8687 8696 8693
f 8587 8686 8688
f 8686 83 8613
f 8688 8613 8570
f 8686 8613 8688
f 8589 8694 8692
f 8694 8570 8614
f 8692 8614 8560
f 8694 8614 8692
f 8587 8688 8696
f 8688 8570 8694
f 8696 8694 8589
f 8688 8694 8696
f 728 8683 1307
f 8683 8586 8685
f 1307 8685 854
f 8683 8685 1307
f 8586 8682 8684
f 8682 8560 8612
f 8684 8612 8569
f 8682 8612 8684
f 854 8681 1306
f 8681 8569 8611
f 1306 8611 679
f 8681 8611 1306
f 8586 8684 8685
f 8684 8569 8681
f 8685 8681 854
f 8684 8681 8685
f 8564 8693 8698
f 8693 8589 8702
f 8698 8702 8590
f 8693 8702 8698
f 8589 8692 8695
f 8692 8560 8682
f 8695 8682 8586
f 8692 8682 8695
f 8590 8700 8697
f 8700 8586 8683
f 8697 8683 728
f 8700 8683 8697
f 8589 8695 8702
f 8695 8586 8700
f 8702 8700 8590
f 8695 8700 8702
f 676 1304 1304
f 1304 853 853
f 1304 853 853
f 1304 853 1304
f 853 1305 1305
f 1305 728 728
f 1305 728 728
f 1305 728 1305
f 853 1305 1305
f 1305 728 728
f 1305 728 728
f 1305 728 1305
f 853 1305 853
f 1305 728 1305
f 853 1305 853
f 1305 1305 853
f 728 1307 1307
f 1307 854 854
f 1307 854 854
f 1307 854 1307
f 854 1306 1306
f 1306 679 679
f 1306 679 679
f 1306 679 1306
f 854 1306 1306
f 1306 679 679
f 1306 679 679
f 1306 679 1306
f 854 1306 854
f 1306 679 1306
f 854 1306 854
f 1306 1306 854
f 728 1307 1307
f 1307 854 854
f 1307 854 854
f 1307 854 1307
f 854 1306 1306
f 1306 679 679
f 1306 679 679
f 1306 679 1306
f 854 1306 1306
f 1306 679 679
f 1306 679 679
f 1306 679 1306
f 854 1306 854
f 1306 679 1306
f 854 1306 854
f 1306 1306 854
f 728 1307 728
f 1307 854 1307
f 728 1307 728
f 1307 1307 728
f 854 1306 854
f 1306 679 1306
f 854 1306 854
f 1306 1306 854
f 728 1307 728
f 1307 854 1307
f 728 1307 728
f 1307 1307 728
f 854 854 1307
f 854 854 1307
f 1307 1307 728
f 854 1307 1307
f 2212 8712 8703
f 8712 8594 8714
f 8703 8714 8591
f 8712 8714 8703
f 8594 8713 8720
f 8713 8566 8718
f 8720 8718 8596
f 8713 8718 8720
f 8591 8719 8704
f 8719 8596 8717
f 8704 8717 8565
f 8719 8717 8704
f 8594 8720 8714
f 8720 8596 8719
f 8714 8719 8591
f 8720 8719 8714
f 8566 8716 8745
f 8716 8595 8747
f 8745 8747 8602
f 8716 8747 8745
f 8595 8715 8728
f 8715 82 8725
f 8728 8725 8598
f 8715 8725 8728
f 8602 8749 8746
f 8749 8598 8726
f 8746 8726 8567
f 8749 8726 8746
f 8595 8728 8747
f 8728 8598 8749
f 8747 8749 8602
f 8728 8749 8747
f 8565 8734 8706
f 8734 8600 8736
f 8706 8736 8592
f 8734 8736 8706
f 8600 8735 8738
f 8735 8567 8722
f 8738 8722 8597
f 8735 8722 8738
f 8592 8724 8705
f 8724 8597 8721
f 8705 8721 676
f 8724 8721 8705
f 8600 8738 8736
f 8738 8597 8724
f 8736 8724 8592
f 8738 8724 8736
f 8566 8745 8718
f 8745 8602 8748
f 8718 8748 8596
f 8745 8748 8718
f 8602 8746 8750
f 8746 8567 8735
f 8750 8735 8600
f 8746 8735 8750
f 8596 8737 8717
f 8737 8600 8734
f 8717 8734 8565
f 8737 8734 8717
f 8602 8750 8748
f 8750 8600 8737
f 8748 8737 8596
f 8750 8737 8748
f 2212 8703 8703
f 8703 8591 8591
f 8703 8591 8591
f 8703 8591 8703
f 8591 8704 8704
f 8704 8565 8565
f 8704 8565 8565
f 8704 8565 8704
f 8591 8704 8704
f 8704 8565 8565
f 8704 8565 8565
f 8704 8565 8704
f 8591 8704 8591
f 8704 8565 8704
f 8591 8704 8591
f 8704 8704 8591
f 8565 8706 8706
f 8706 8592 8592
f 8706 8592 8592
f 8706 8592 8706
f 8592 8705 8705
f 8705 676 676
f 8705 676 676
f 8705 676 8705
f 8592 8705 8705
f 8705 676 676
f 8705 676 676
f 8705 676 8705
f 8592 8705 8592
f 8705 676 8705
f 8592 8705 8592
f 8705 8705 8592
f 8565 8706 8706
f 8706 8592 8592
f 8706 8592 8592
f 8706 8592 8706
f 8592 8705 8705
f 8705 676 676
f 8705 676 676
f 8705 676 8705
f 8592 8705 8705
f 8705 676 676
f 8705 676 676
f 8705 676 8705
f 8592 8705 8592
f 8705 676 8705
f 8592 8705 8592
f 8705 8705 8592
f 8565 8706 8565
f 8706 8592 8706
f 8565 8706 8565
f 8706 8706 8565
f 8592 8705 8592
f 8705 676 8705
f 8592 8705 8592
f 8705 8705 8592
f 8565 8706 8565
f 8706 8592 8706
f 8565 8706 8565
f 8706 8706 8565
f 8592 8592 8706
f 8592 8592 8706
f 8706 8706 8565
f 8592 8706 8706
f 341 8885 489
f 8885 8808 8889
f 489 8889 384
f 8885 8889 489
f 8808 8886 8892
f 8886 8792 8890
f 8892 8890 8810
f 8886 8890 8892
f 384 8893 490
f 8893 8810 8891
f 490 8891 354
f 8893 8891 490
f 8808 8892 8889
f 8892 8810 8893
f 8889 8893 384
f 8892 8893 8889
f 8792 8888 8900
f 8888 8809 8902
f 8900 8902 8813
f 8888 8902 8900
f 8809 8887 8896
f 8887 8791 8894
f 8896 8894 8811
f 8887 8894 8896
f 8813 8904 8901
f 8904 8811 8895
f 8901 8895 8793
f 8904 8895 8901
f 8809 8896 8902
f 8896 8811 8904
f 8902 8904 8813
f 8896 8904 8902
f 354 8905 492
f 8905 8814 8907
f 492 8907 385
f 8905 8907 492
f 8814 8906 8909
f 8906 8793 8898
f 8909 8898 8812
f 8906 8898 8909
f 385 8899 491
f 8899 8812 8897
f 491 8897 342
f 8899 8897 491
f 8814 8909 8907
f 8909 8812 8899
f 8907 8899 385
f 8909 8899 8907
f 8792 8900 8890
f 8900 8813 8903
f 8890 8903 8810
f 8900 8903 8890
f 8813 8901 8910
f 8901 8793 8906
f 8910 8906 8814
f 8901 8906 8910
f 8810 8908 8891
f 8908 8814 8905
f 8891 8905 354
f 8908 8905 8891
f 8813 8910 8903
f 8910 8814 8908
f 8903 8908 8810
f 8910 8908 8903
f 341 489 489
f 489 384 384
f 489 384 384
f 489 384 489
f 384 490 490
f 490 354 354
f 490 354 354
f 490 354 490
f 384 490 490
f 490 354 354
f 490 354 354
f 490 354 490
f 384 490 384
f 490 354 490
f 384 490 384
f 490 490 384
f 354 492 492
f 492 385 385
f 492 385 385
f 492 385 492
f 385 491 491
f 491 342 342
f 491 342 342
f 491 342 491
f 385 491 491
f 491 342 342
f 491 342 342
f 491 342 491
f 385 491 385
f 491 342 491
f 385 491 385
f 491 491 385
f 354 492 492
f 492 385 385
f 492 385 385
f 492 385 492
f 385 491 491
f 491 342 342
f 491 342 342
f 491 342 491
f 385 491 491
f 491 342 342
f 491 342 342
f 491 342 491
f 385 491 385
f 491 342 491
f 385 491 385
f 491 491 385
f 354 492 354
f 492 385 492
f 354 492 354
f 492 492 354
f 385 491 385
f 491 342 491
f 385 491 385
f 491 491 385
f 354 492 354
f 492 385 492
f 354 492 354
f 492 492 354
f 385 385 492
f 385 385 492
f 492 492 354
f 385 492 492
f 8791 8911 8915
f 8911 8815 8918
f 8915 8918 8817
f 8911 8918 8915
f 8815 8912 8927
f 8912 8794 8925
f 8927 8925 8820
f 8912 8925 8927
f 8817 8928 8916
f 8928 8820 8926
f 8916 8926 8795
f 8928 8926 8916
f 8815 8927 8918
f 8927 8820 8928
f 8918 8928 8817
f 8927 8928 8918
f 8794 8914 8948
f 8914 8816 8950
f 8948 8950 8825
f 8914 8950 8948
f 8816 8913 8944
f 8913 4181 8942
f 8944 8942 8823
f 8913 8942 8944
f 8825 8952 8949
f 8952 8823 8943
f 8949 8943 8796
f 8952 8943 8949
f 8816 8944 8950
f 8944 8823 8952
f 8950 8952 8825
f 8944 8952 8950
f 8795 8953 8920
f 8953 8826 8955
f 8920 8955 8818
f 8953 8955 8920
f 8826 8954 8957
f 8954 8796 8946
f 8957 8946 8824
f 8954 8946 8957
f 8818 8947 8919
f 8947 8824 8945
f 8919 8945 676
f 8947 8945 8919
f 8826 8957 8955
f 8957 8824 8947
f 8955 8947 8818
f 8957 8947 8955
f 8794 8948 8925
f 8948 8825 8951
f 8925 8951 8820
f 8948 8951 8925
f 8825 8949 8958
f 8949 8796 8954
f 8958 8954 8826
f 8949 8954 8958
f 8820 8956 8926
f 8956 8826 8953
f 8926 8953 8795
f 8956 8953 8926
f 8825 8958 8951
f 8958 8826 8956
f 8951 8956 8820
f 8958 8956 8951
f 8791 8915 8915
f 8915 8817 8817
f 8915 8817 8817
f 8915 8817 8915
f 8817 8916 8916
f 8916 8795 8795
f 8916 8795 8795
f 8916 8795 8916
f 8817 8916 8916
f 8916 8795 8795
f 8916 8795 8795
f 8916 8795 8916
f 8817 8916 8817
f 8916 8795 8916
f 8817 8916 8817
f 8916 8916 8817
f 8795 8920 8920
f 8920 8818 8818
f 8920 8818 8818
f 8920 8818 8920
f 8818 8919 8919
f 8919 676 676
f 8919 676 676
f 8919 676 8919
f 8818 8919 8919
f 8919 676 676
f 8919 676 676
f 8919 676 8919
f 8818 8919 8818
f 8919 676 8919
f 8818 8919 8818
f 8919 8919 8818
f 8795 8920 8920
f 8920 8818 8818
f 8920 8818 8818
f 8920 8818 8920
f 8818 8919 8919
f 8919 676 676
f 8919 676 676
f 8919 676 8919
f 8818 8919 8919
f 8919 676 676
f 8919 676 676
f 8919 676 8919
f 8818 8919 8818
f 8919 676 8919
f 8818 8919 8818
f 8919 8919 8818
f 8795 8920 8795
f 8920 8818 8920
f 8795 8920 8795
f 8920 8920 8795
f 8818 8919 8818
f 8919 676 8919
f 8818 8919 8818
f 8919 8919 8818
f 8795 8920 8795
f 8920 8818 8920
f 8795 8920 8795
f 8920 8920 8795
f 8818 8818 8920
f 8818 8818 8920
f 8920 8920 8795
f 8818 8920 8920
f 676 8959 8963
f 8959 8827 8965
f 8963 8965 8829
f 8959 8965 8963
f 8827 8960 8970
f 8960 8797 8968
f 8970 8968 8831
f 8960 8968 8970
f 8829 8971 8964
f 8971 8831 8969
f 8964 8969 8798
f 8971 8969 8964
f 8827 8970 8965
f 8970 8831 8971
f 8965 8971 8829
f 8970 8971 8965
f 8797 8962 8974
f 8962 8828 8976
f 8974 8976 8832
f 8962 8976 8974
f 8828 8961 8972
f 8961 4179 4445
f 8972 4445 4244
f 8961 4445 8972
f 8832 8978 8975
f 8978 4244 4446
f 8975 4446 4193
f 8978 4446 8975
f 8828 8972 8976
f 8972 4244 8978
f 8976 8978 8832
f 8972 8978 8976
f 8798 8979 8967
f 8979 8833 8981
f 8967 8981 8830
f 8979 8981 8967
f 8833 8980 8983
f 8980 4193 4443
f 8983 4443 4243
f 8980 4443 8983
f 8830 8973 8966
f 8973 4243 4442
f 8966 4442 4178
f 8973 4442 8966
f 8833 8983 8981
f 8983 4243 8973
f 8981 8973 8830
f 8983 8973 8981
f 8797 8974 8968
f 8974 8832 8977
f 8968 8977 8831
f 8974 8977 8968
f 8832 8975 8984
f 8975 4193 8980
f 8984 8980 8833
f 8975 8980 8984
f 8831 8982 8969
f 8982 8833 8979
f 8969 8979 8798
f 8982 8979 8969
f 8832 8984 8977
f 8984 8833 8982
f 8977 8982 8831
f 8984 8982 8977
f 676 8963 8963
f 8963 8829 8829
f 8963 8829 8829
f 8963 8829 8963
f 8829 8964 8964
f 8964 8798 8798
f 8964 8798 8798
f 8964 8798 8964
f 8829 8964 8964
f 8964 8798 8798
f 8964 8798 8798
f 8964 8798 8964
f 8829 8964 8829
f 8964 8798 8964
f 8829 8964 8829
f 8964 8964 8829
f 8798 8967 8967
f 8967 8830 8830
f 8967 8830 8830
f 8967 8830 8967
f 8830 8966 8966
f 8966 4178 4178
f 8966 4178 4178
f 8966 4178 8966
f 8830 8966 8966
f 8966 4178 4178
f 8966 4178 4178
f 8966 4178 8966
f 8830 8966 8830
f 8966 4178 8966
f 8830 8966 8830
f 8966 8966 8830
f 8798 8967 8967
f 8967 8830 8830
f 8967 8830 8830
f 8967 8830 8967
f 8830 8966 8966
f 8966 4178 4178
f 8966 4178 4178
f 8966 4178 8966
f 8830 8966 8966
f 8966 4178 4178
f 8966 4178 4178
f 8966 4178 8966
f 8830 8966 8830
f 8966 4178 8966
f 8830 8966 8830
f 8966 8966 8830
f 8798 8967 8798
f 8967 8830 8967
f 8798 8967 8798
f 8967 8967 8798
f 8830 8966 8830
f 8966 4178 8966
f 8830 8966 8830
f 8966 8966 8830
f 8798 8967 8798
f 8967 8830 8967
f 8798 8967 8798
f 8967 8967 8798
f 8830 8830 8967
f 8830 8830 8967
f 8967 8967 8798
f 8830 8967 8967
f 4183 4637 8987
f 4637 4292 9038
f 8987 9038 8835
f 4637 9038 8987
f 4292 4638 9044
f 4638 4205 9041
f 9044 9041 8847
f 4638 9041 9044
f 8835 9042 8988
f 9042 8847 9040
f 8988 9040 8799
f 9042 9040 8988
f 4292 9044 9038
f 9044 8847 9042
f 9038 9042 8835
f 9044 9042 9038
f 4205 4635 9046
f 4635 4291 9049
f 9046 9049 8848
f 4635 9049 9046
f 4291 4634 9039
f 4634 4182 8993
f 9039 8993 8837
f 4634 8993 9039
f 8848 9047 9045
f 9047 8837 8994
f 9045 8994 8800
f 9047 8994 9045
f 4291 9039 9049
f 9039 8837 9047
f 9049 9047 8848
f 9039 9047 9049
f 8799 8999 8986
f 8999 8839 9001
f 8986 9001 8834
f 8999 9001 8986
f 8839 9000 9002
f 9000 8800 8990
f 9002 8990 8836
f 9000 8990 9002
f 8834 8992 8985
f 8992 8836 8989
f 8985 8989 341
f 8992 8989 8985
f 8839 9002 9001
f 9002 8836 8992
f 9001 8992 8834
f 9002 8992 9001
f 4205 9046 9041
f 9046 8848 9050
f 9041 9050 8847
f 9046 9050 9041
f 8848 9045 9048
f 9045 8800 9000
f 9048 9000 8839
f 9045 9000 9048
f 8847 9043 9040
f 9043 8839 8999
f 9040 8999 8799
f 9043 8999 9040
f 8848 9048 9050
f 9048 8839 9043
f 9050 9043 8847
f 9048 9043 9050
f 4183 8987 8987
f 8987 8835 8835
f 8987 8835 8835
f 8987 8835 8987
f 8835 8988 8988
f 8988 8799 8799
f 8988 8799 8799
f 8988 8799 8988
f 8835 8988 8988
f 8988 8799 8799
f 8988 8799 8799
f 8988 8799 8988
f 8835 8988 8835
f 8988 8799 8988
f 8835 8988 8835
f 8988 8988 8835
f 8799 8986 8986
f 8986 8834 8834
f 8986 8834 8834
f 8986 8834 8986
f 8834 8985 8985
f 8985 341 341
f 8985 341 341
f 8985 341 8985
f 8834 8985 8985
f 8985 341 341
f 8985 341 341
f 8985 341 8985
f 8834 8985 8834
f 8985 341 8985
f 8834 8985 8834
f 8985 8985 8834
f 8799 8986 8986
f 8986 8834 8834
f 8986 8834 8834
f 8986 8834 8986
f 8834 8985 8985
f 8985 341 341
f 8985 341 341
f 8985 341 8985
f 8834 8985 8985
f 8985 341 341
f 8985 341 341
f 8985 341 8985
f 8834 8985 8834
f 8985 341 8985
f 8834 8985 8834
f 8985 8985 8834
f 8799 8986 8799
f 8986 8834 8986
f 8799 8986 8799
f 8986 8986 8799
f 8834 8985 8834
f 8985 341 8985
f 8834 8985 8834
f 8985 8985 8834
f 8799 8986 8799
f 8986 8834 8986
f 8799 8986 8799
f 8986 8986 8799
f 8834 8834 8986
f 8834 8834 8986
f 8986 8986 8799
f 8834 8986 8986
f 4177 4358 9087
f 4358 4223 9090
f 9087 9090 8858
f 4358 9090 9087
f 4223 4359 9101
f 4359 4188 9099
f 9101 9099 8861
f 4359 9099 9101
f 8858 9102 9088
f 9102 8861 9100
f 9088 9100 8804
f 9102 9100 9088
f 4223 9101 9090
f 9101 8861 9102
f 9090 9102 8858
f 9101 9102 9090
f 4188 4356 9122
f 4356 4222 9124
f 9122 9124 8866
f 4356 9124 9122
f 4222 4355 9112
f 4355 4176 9109
f 9112 9109 8863
f 4355 9109 9112
f 8866 9126 9123
f 9126 8863 9110
f 9123 9110 8805
f 9126 9110 9123
f 4222 9112 9124
f 9112 8863 9126
f 9124 9126 8866
f 9112 9126 9124
f 8804 9133 9092
f 9133 8868 9135
f 9092 9135 8859
f 9133 9135 9092
f 8868 9134 9137
f 9134 8805 9114
f 9137 9114 8864
f 9134 9114 9137
f 8859 9116 9091
f 9116 8864 9113
f 9091 9113 2212
f 9116 9113 9091
f 8868 9137 9135
f 9137 8864 9116
f 9135 9116 8859
f 9137 9116 9135
f 4188 9122 9099
f 9122 8866 9125
f 9099 9125 8861
f 9122 9125 9099
f 8866 9123 9138
f 9123 8805 9134
f 9138 9134 8868
f 9123 9134 9138
f 8861 9136 9100
f 9136 8868 9133
f 9100 9133 8804
f 9136 9133 9100
f 8866 9138 9125
f 9138 8868 9136
f 9125 9136 8861
f 9138 9136 9125
f 4177 9087 9087
f 9087 8858 8858
f 9087 8858 8858
f 9087 8858 9087
f 8858 9088 9088
f 9088 8804 8804
f 9088 8804 8804
f 9088 8804 9088
f 8858 9088 9088
f 9088 8804 8804
f 9088 8804 8804
f 9088 8804 9088
f 8858 9088 8858
f 9088 8804 9088
f 8858 9088 8858
f 9088 9088 8858
f 8804 9092 9092
f 9092 8859 8859
f 9092 8859 8859
f 9092 8859 9092
f 8859 9091 9091
f 9091 2212 2212
f 9091 2212 2212
f 9091 2212 9091
f 8859 9091 9091
f 9091 2212 2212
f 9091 2212 2212
f 9091 2212 9091
f 8859 9091 8859
f 9091 2212 9091
f 8859 9091 8859
f 9091 9091 8859
f 8804 9092 9092
f 9092 8859 8859
f 9092 8859 8859
f 9092 8859 9092
f 8859 9091 9091
f 9091 2212 2212
f 9091 2212 2212
f 9091 2212 9091
f 8859 9091 9091
f 9091 2212 2212
f 9091 2212 2212
f 9091 2212 9091
f 8859 9091 8859
f 9091 2212 9091
f 8859 9091 8859
f 9091 9091 8859
f 8804 9092 8804
f 9092 8859 9092
f 8804 9092 8804
f 9092 9092 8804
f 8859 9091 8859
f 9091 2212 9091
f 8859 9091 8859
f 9091 9091 8859
f 8804 9092 8804
f 9092 8859 9092
f 8804 9092 8804
f 9092 9092 8804
f 8859 8859 9092
f 8859 8859 9092
f 9092 9092 8804
f 8859 9092 9092
f 4176 4696 9053
f 4696 4307 9166
f 9053 9166 8850
f 4696 9166 9053
f 4307 4697 9172
f 4697 4209 9169
f 9172 9169 8875
f 4697 9169 9172
f 8850 9170 9054
f 9170 8875 9168
f 9054 9168 8802
f 9170 9168 9054
f 4307 9172 9166
f 9172 8875 9170
f 9166 9170 8850
f 9172 9170 9166
f 4209 4700 9174
f 4700 4308 9177
f 9174 9177 8876
f 4700 9177 9174
f 4308 4699 9167
f 4699 4184 9143
f 9167 9143 8870
f 4699 9143 9167
f 8876 9175 9173
f 9175 8870 9144
f 9173 9144 8806
f 9175 9144 9173
f 4308 9167 9177
f 9167 8870 9175
f 9177 9175 8876
f 9167 9175 9177
f 8802 9149 9052
f 9149 8872 9151
f 9052 9151 8849
f 9149 9151 9052
f 8872 9150 9152
f 9150 8806 9140
f 9152 9140 8869
f 9150 9140 9152
f 8849 9142 9051
f 9142 8869 9139
f 9051 9139 341
f 9142 9139 9051
f 8872 9152 9151
f 9152 8869 9142
f 9151 9142 8849
f 9152 9142 9151
f 4209 9174 9169
f 9174 8876 9178
f 9169 9178 8875
f 9174 9178 9169
f 8876 9173 9176
f 9173 8806 9150
f 9176 9150 8872
f 9173 9150 9176
f 8875 9171 9168
f 9171 8872 9149
f 9168 9149 8802
f 9171 9149 9168
f 8876 9176 9178
f 9176 8872 9171
f 9178 9171 8875
f 9176 9171 9178
f 4176 9053 9053
f 9053 8850 8850
f 9053 8850 8850
f 9053 8850 9053
f 8850 9054 9054
f 9054 8802 8802
f 9054 8802 8802
f 9054 8802 9054
f 8850 9054 9054
f 9054 8802 8802
f 9054 8802 8802
f 9054 8802 9054
f 8850 9054 8850
f 9054 8802 9054
f 8850 9054 8850
f 9054 9054 8850
f 8802 9052 9052
f 9052 8849 8849
f 9052 8849 8849
f 9052 8849 9052
f 8849 9051 9051
f 9051 341 341
f 9051 341 341
f 9051 341 9051
f 8849 9051 9051
f 9051 341 341
f 9051 341 341
f 9051 341 9051
f 8849 9051 8849
f 9051 341 9051
f 8849 9051 8849
f 9051 9051 8849
f 8802 9052 9052
f 9052 8849 8849
f 9052 8849 8849
f 9052 8849 9052
f 8849 9051 9051
f 9051 341 341
f 9051 341 341
f 9051 341 9051
f 8849 9051 9051
f 9051 341 341
f 9051 341 341
f 9051 341 9051
f 8849 9051 8849
f 9051 341 9051
f 8849 9051 8849
f 9051 9051 8849
f 8802 9052 8802
f 9052 8849 9052
f 8802 9052 8802
f 9052 9052 8802
f 8849 9051 8849
f 9051 341 9051
f 8849 9051 8849
f 9051 9051 8849
f 8802 9052 8802
f 9052 8849 9052
f 8802 9052 8802
f 9052 9052 8802
f 8849 8849 9052
f 8849 8849 9052
f 9052 9052 8802
f 8849 9052 9052
f 4183 8987 4713
f 8987 8835 9153
f 4713 9153 4311
f 8987 9153 4713
f 8835 8988 9157
f 8988 8799 9155
f 9157 9155 8873
f 8988 9155 9157
f 4311 9159 4714
f 9159 8873 9156
f 4714 9156 4210
f 9159 9156 4714
f 8835 9157 9153
f 9157 8873 9159
f 9153 9159 4311
f 9157 9159 9153
f 8799 8986 9145
f 8986 8834 9147
f 9145 9147 8871
f 8986 9147 9145
f 8834 8985 9141
f 8985 341 9139
f 9141 9139 8869
f 8985 9139 9141
f 8871 9148 9146
f 9148 8869 9140
f 9146 9140 8806
f 9148 9140 9146
f 8834 9141 9147
f 9141 8869 9148
f 9147 9148 8871
f 9141 9148 9147
f 4210 9161 4717
f 9161 8874 9164
f 4717 9164 4312
f 9161 9164 4717
f 8874 9160 9162
f 9160 8806 9144
f 9162 9144 8870
f 9160 9144 9162
f 4312 9154 4716
f 9154 8870 9143
f 4716 9143 4184
f 9154 9143 4716
f 8874 9162 9164
f 9162 8870 9154
f 9164 9154 4312
f 9162 9154 9164
f 8799 9145 9155
f 9145 8871 9158
f 9155 9158 8873
f 9145 9158 9155
f 8871 9146 9163
f 9146 8806 9160
f 9163 9160 8874
f 9146 9160 9163
f 8873 9165 9156
f 9165 8874 9161
f 9156 9161 4210
f 9165 9161 9156
f 8871 9163 9158
f 9163 8874 9165
f 9158 9165 8873
f 9163 9165 9158
f 4183 4713 4713
f 4713 4311 4311
f 4713 4311 4311
f 4713 4311 4713
f 4311 4714 4714
f 4714 4210 4210
f 4714 4210 4210
f 4714 4210 4714
f 4311 4714 4714
f 4714 4210 4210
f 4714 4210 4210
f 4714 4210 4714
f 4311 4714 4311
f 4714 4210 4714
f 4311 4714 4311
f 4714 4714 4311
f 4210 4717 4717
f 4717 4312 4312
f 4717 4312 4312
f 4717 4312 4717
f 4312 4716 4716
f 4716 4184 4184
f 4716 4184 4184
f 4716 4184 4716
f 4312 4716 4716
f 4716 4184 4184
f 4716 4184 4184
f 4716 4184 4716
f 4312 4716 4312
f 4716 4184 4716
f 4312 4716 4312
f 4716 4716 4312
f 4210 4717 4717
f 4717 4312 4312
f 4717 4312 4312
f 4717 4312 4717
f 4312 4716 4716
f 4716 4184 4184
f 4716 4184 4184
f 4716 4184 4716
f 4312 4716 4716
f 4716 4184 4184
f 4716 4184 4184
f 4716 4184 4716
f 4312 4716 4312
f 4716 4184 4716
f 4312 4716 4312
f 4716 4716 4312
f 4210 4717 4210
f 4717 4312 4717
f 4210 4717 4210
f 4717 4717 4210
f 4312 4716 4312
f 4716 4184 4716
f 4312 4716 4312
f 4716 4716 4312
f 4210 4717 4210
f 4717 4312 4717
f 4210 4717 4210
f 4717 4717 4210
f 4312 4312 4717
f 4312 4312 4717
f 4717 4717 4210
f 4312 4717 4717
f 676 9184 8959
f 9184 8878 9187
f 8959 9187 8827
f 9184 9187 8959
f 8878 9185 9199
f 9185 8807 9197
f 9199 9197 8881
f 9185 9197 9199
f 8827 9198 8960
f 9198 8881 9196
f 8960 9196 8797
f 9198 9196 8960
f 8878 9199 9187
f 9199 8881 9198
f 9187 9198 8827
f 9199 9198 9187
f 8807 9189 9213
f 9189 8879 9215
f 9213 9215 8884
f 9189 9215 9213
f 8879 9188 9207
f 9188 4180 4493
f 9207 4493 4256
f 9188 4493 9207
f 8884 9217 9214
f 9217 4256 4494
f 9214 4494 4196
f 9217 4494 9214
f 8879 9207 9215
f 9207 4256 9217
f 9215 9217 8884
f 9207 9217 9215
f 8797 9208 8962
f 9208 8883 9210
f 8962 9210 8828
f 9208 9210 8962
f 8883 9209 9212
f 9209 4196 4491
f 9212 4491 4255
f 9209 4491 9212
f 8828 9206 8961
f 9206 4255 4490
f 8961 4490 4179
f 9206 4490 8961
f 8883 9212 9210
f 9212 4255 9206
f 9210 9206 8828
f 9212 9206 9210
f 8807 9213 9197
f 9213 8884 9216
f 9197 9216 8881
f 9213 9216 9197
f 8884 9214 9218
f 9214 4196 9209
f 9218 9209 8883
f 9214 9209 9218
f 8881 9211 9196
f 9211 8883 9208
f 9196 9208 8797
f 9211 9208 9196
f 8884 9218 9216
f 9218 8883 9211
f 9216 9211 8881
f 9218 9211 9216
f 676 8959 8959
f 8959 8827 8827
f 8959 8827 8827
f 8959 8827 8959
f 8827 8960 8960
f 8960 8797 8797
f 8960 8797 8797
f 8960 8797 8960
f 8827 8960 8960
f 8960 8797 8797
f 8960 8797 8797
f 8960 8797 8960
f 8827 8960 8827
f 8960 8797 8960
f 8827 8960 8827
f 8960 8960 8827
f 8797 8962 8962
f 8962 8828 8828
f 8962 8828 8828
f 8962 8828 8962
f 8828 8961 8961
f 8961 4179 4179
f 8961 4179 4179
f 8961 4179 8961
f 8828 8961 8961
f 8961 4179 4179
f 8961 4179 4179
f 8961 4179 8961
f 8828 8961 8828
f 8961 4179 8961
f 8828 8961 8828
f 8961 8961 8828
f 8797 8962 8962
f 8962 8828 8828
f 8962 8828 8828
f 8962 8828 8962
f 8828 8961 8961
f 8961 4179 4179
f 8961 4179 4179
f 8961 4179 8961
f 8828 8961 8961
f 8961 4179 4179
f 8961 4179 4179
f 8961 4179 8961
f 8828 8961 8828
f 8961 4179 8961
f 8828 8961 8828
f 8961 8961 8828
f 8797 8962 8797
f 8962 8828 8962
f 8797 8962 8797
f 8962 8962 8797
f 8828 8961 8828
f 8961 4179 8961
f 8828 8961 8828
f 8961 8961 8828
f 8797 8962 8797
f 8962 8828 8962
f 8797 8962 8797
f 8962 8962 8797
f 8828 8828 8962
f 8828 8828 8962
f 8962 8962 8797
f 8828 8962 8962
f 4178 4397 9065
f 4397 4232 9068
f 9065 9068 8853
f 4397 9068 9065
f 4232 4398 9079
f 4398 4190 9077
f 9079 9077 8856
f 4398 9077 9079
f 8853 9080 9066
f 9080 8856 9078
f 9066 9078 8803
f 9080 9078 9066
f 4232 9079 9068
f 9079 8856 9080
f 9068 9080 8853
f 9079 9080 9068
f 4190 4395 9094
f 4395 4231 9096
f 9094 9096 8860
f 4395 9096 9094
f 4231 4394 9089
f 4394 4177 9087
f 9089 9087 8858
f 4394 9087 9089
f 8860 9098 9095
f 9098 8858 9088
f 9095 9088 8804
f 9098 9088 9095
f 4231 9089 9096
f 9089 8858 9098
f 9096 9098 8860
f 9089 9098 9096
f 8803 9103 9070
f 9103 8862 9105
f 9070 9105 8854
f 9103 9105 9070
f 8862 9104 9107
f 9104 8804 9092
f 9107 9092 8859
f 9104 9092 9107
f 8854 9093 9069
f 9093 8859 9091
f 9069 9091 2212
f 9093 9091 9069
f 8862 9107 9105
f 9107 8859 9093
f 9105 9093 8854
f 9107 9093 9105
f 4190 9094 9077
f 9094 8860 9097
f 9077 9097 8856
f 9094 9097 9077
f 8860 9095 9108
f 9095 8804 9104
f 9108 9104 8862
f 9095 9104 9108
f 8856 9106 9078
f 9106 8862 9103
f 9078 9103 8803
f 9106 9103 9078
f 8860 9108 9097
f 9108 8862 9106
f 9097 9106 8856
f 9108 9106 9097
f 4178 9065 9065
f 9065 8853 8853
f 9065 8853 8853
f 9065 8853 9065
f 8853 9066 9066
f 9066 8803 8803
f 9066 8803 8803
f 9066 8803 9066
f 8853 9066 9066
f 9066 8803 8803
f 9066 8803 8803
f 9066 8803 9066
f 8853 9066 8853
f 9066 8803 9066
f 8853 9066 8853
f 9066 9066 8853
f 8803 9070 9070
f 9070 8854 8854
f 9070 8854 8854
f 9070 8854 9070
f 8854 9069 9069
f 9069 2212 2212
f 9069 2212 2212
f 9069 2212 9069
f 8854 9069 9069
f 9069 2212 2212
f 9069 2212 2212
f 9069 2212 9069
f 8854 9069 8854
f 9069 2212 9069
f 8854 9069 8854
f 9069 9069 8854
f 8803 9070 9070
f 9070 8854 8854
f 9070 8854 8854
f 9070 8854 9070
f 8854 9069 9069
f 9069 2212 2212
f 9069 2212 2212
f 9069 2212 9069
f 8854 9069 9069
f 9069 2212 2212
f 9069 2212 2212
f 9069 2212 9069
f 8854 9069 8854
f 9069 2212 9069
f 8854 9069 8854
f 9069 9069 8854
f 8803 9070 8803
f 9070 8854 9070
f 8803 9070 8803
f 9070 9070 8803
f 8854 9069 8854
f 9069 2212 9069
f 8854 9069 8854
f 9069 9069 8854
f 8803 9070 8803
f 9070 8854 9070
f 8803 9070 8803
f 9070 9070 8803
f 8854 8854 9070
f 8854 8854 9070
f 9070 9070 8803
f 8854 9070 9070
f 341 2368 9051
f 2368 2256 9055
f 9051 9055 8849
f 2368 9055 9051
f 2256 2369 9059
f 2369 2224 9057
f 9059 9057 8851
f 2369 9057 9059
f 8849 9058 9052
f 9058 8851 9056
f 9052 9056 8802
f 9058 9056 9052
f 2256 9059 9055
f 9059 8851 9058
f 9055 9058 8849
f 9059 9058 9055
f 2224 2366 9127
f 2366 2255 9129
f 9127 9129 8867
f 2366 9129 9127
f 2255 2365 9115
f 2365 2212 9113
f 9115 9113 8864
f 2365 9113 9115
f 8867 9131 9128
f 9131 8864 9114
f 9128 9114 8805
f 9131 9114 9128
f 2255 9115 9129
f 9115 8864 9131
f 9129 9131 8867
f 9115 9131 9129
f 8802 9117 9054
f 9117 8865 9119
f 9054 9119 8850
f 9117 9119 9054
f 8865 9118 9121
f 9118 8805 9110
f 9121 9110 8863
f 9118 9110 9121
f 8850 9111 9053
f 9111 8863 9109
f 9053 9109 4176
f 9111 9109 9053
f 8865 9121 9119
f 9121 8863 9111
f 9119 9111 8850
f 9121 9111 9119
f 2224 9127 9057
f 9127 8867 9130
f 9057 9130 8851
f 9127 9130 9057
f 8867 9128 9132
f 9128 8805 9118
f 9132 9118 8865
f 9128 9118 9132
f 8851 9120 9056
f 9120 8865 9117
f 9056 9117 8802
f 9120 9117 9056
f 8867 9132 9130
f 9132 8865 9120
f 9130 9120 8851
f 9132 9120 9130
f 341 9051 9051
f 9051 8849 8849
f 9051 8849 8849
f 9051 8849 9051
f 8849 9052 9052
f 9052 8802 8802
f 9052 8802 8802
f 9052 8802 9052
f 8849 9052 9052
f 9052 8802 8802
f 9052 8802 8802
f 9052 8802 9052
f 8849 9052 8849
f 9052 8802 9052
f 8849 9052 8849
f 9052 9052 8849
f 8802 9054 9054
f 9054 8850 8850
f 9054 8850 8850
f 9054 8850 9054
f 8850 9053 9053
f 9053 4176 4176
f 9053 4176 4176
f 9053 4176 9053
f 8850 9053 9053
f 9053 4176 4176
f 9053 4176 4176
f 9053 4176 9053
f 8850 9053 8850
f 9053 4176 9053
f 8850 9053 8850
f 9053 9053 8850
f 8802 9054 9054
f 9054 8850 8850
f 9054 8850 8850
f 9054 8850 9054
f 8850 9053 9053
f 9053 4176 4176
f 9053 4176 4176
f 9053 4176 9053
f 8850 9053 9053
f 9053 4176 4176
f 9053 4176 4176
f 9053 4176 9053
f 8850 9053 8850
f 9053 4176 9053
f 8850 9053 8850
f 9053 9053 8850
f 8802 9054 8802
f 9054 8850 9054
f 8802 9054 8802
f 9054 9054 8802
f 8850 9053 8850
f 9053 4176 9053
f 8850 9053 8850
f 9053 9053 8850
f 8802 9054 8802
f 9054 8850 9054
f 8802 9054 8802
f 9054 9054 8802
f 8850 8850 9054
f 8850 8850 9054
f 9054 9054 8802
f 8850 9054 9054
f 8791 9003 8911
f 9003 8840 9006
f 8911 9006 8815
f 9003 9006 8911
f 8840 9004 9018
f 9004 8801 9016
f 9018 9016 8843
f 9004 9016 9018
f 8815 9017 8912
f 9017 8843 9015
f 8912 9015 8794
f 9017 9015 8912
f 8840 9018 9006
f 9018 8843 9017
f 9006 9017 8815
f 9018 9017 9006
f 8801 9008 9032
f 9008 8841 9034
f 9032 9034 8846
f 9008 9034 9032
f 8841 9007 9026
f 9007 4182 4589
f 9026 4589 4280
f 9007 4589 9026
f 8846 9036 9033
f 9036 4280 4590
f 9033 4590 4202
f 9036 4590 9033
f 8841 9026 9034
f 9026 4280 9036
f 9034 9036 8846
f 9026 9036 9034
f 8794 9027 8914
f 9027 8845 9029
f 8914 9029 8816
f 9027 9029 8914
f 8845 9028 9031
f 9028 4202 4587
f 9031 4587 4279
f 9028 4587 9031
f 8816 9025 8913
f 9025 4279 4586
f 8913 4586 4181
f 9025 4586 8913
f 8845 9031 9029
f 9031 4279 9025
f 9029 9025 8816
f 9031 9025 9029
f 8801 9032 9016
f 9032 8846 9035
f 9016 9035 8843
f 9032 9035 9016
f 8846 9033 9037
f 9033 4202 9028
f 9037 9028 8845
f 9033 9028 9037
f 8843 9030 9015
f 9030 8845 9027
f 9015 9027 8794
f 9030 9027 9015
f 8846 9037 9035
f 9037 8845 9030
f 9035 9030 8843
f 9037 9030 9035
f 8791 8911 8911
f 8911 8815 8815
f 8911 8815 8815
f 8911 8815 8911
f 8815 8912 8912
f 8912 8794 8794
f 8912 8794 8794
f 8912 8794 8912
f 8815 8912 8912
f 8912 8794 8794
f 8912 8794 8794
f 8912 8794 8912
f 8815 8912 8815
f 8912 8794 8912
f 8815 8912 8815
f 8912 8912 8815
f 8794 8914 8914
f 8914 8816 8816
f 8914 8816 8816
f 8914 8816 8914
f 8816 8913 8913
f 8913 4181 4181
f 8913 4181 4181
f 8913 4181 8913
f 8816 8913 8913
f 8913 4181 4181
f 8913 4181 4181
f 8913 4181 8913
f 8816 8913 8816
f 8913 4181 8913
f 8816 8913 8816
f 8913 8913 8816
f 8794 8914 8914
f 8914 8816 8816
f 8914 8816 8816
f 8914 8816 8914
f 8816 8913 8913
f 8913 4181 4181
f 8913 4181 4181
f 8913 4181 8913
f 8816 8913 8913
f 8913 4181 4181
f 8913 4181 4181
f 8913 4181 8913
f 8816 8913 8816
f 8913 4181 8913
f 8816 8913 8816
f 8913 8913 8816
f 8794 8914 8794
f 8914 8816 8914
f 8794 8914 8794
f 8914 8914 8794
f 8816 8913 8816
f 8913 4181 8913
f 8816 8913 8816
f 8913 8913 8816
f 8794 8914 8794
f 8914 8816 8914
f 8794 8914 8794
f 8914 8914 8794
f 8816 8816 8914
f 8816 8816 8914
f 8914 8914 8794
f 8816 8914 8914
f 2212 8703 9069
f 8703 8591 9071
f 9069 9071 8854
f 8703 9071 9069
f 8591 8704 9083
f 8704 8565 9081
f 9083 9081 8857
f 8704 9081 9083
f 8854 9085 9070
f 9085 8857 9082
f 9070 9082 8803
f 9085 9082 9070
f 8591 9083 9071
f 9083 8857 9085
f 9071 9085 8854
f 9083 9085 9071
f 8565 8706 9062
f 8706 8592 9064
f 9062 9064 8852
f 8706 9064 9062
f 8592 8705 9060
f 8705 676 8963
f 9060 8963 8829
f 8705 8963 9060
f 8852 9063 9061
f 9063 8829 8964
f 9061 8964 8798
f 9063 8964 9061
f 8592 9060 9064
f 9060 8829 9063
f 9064 9063 8852
f 9060 9063 9064
f 8803 9073 9066
f 9073 8855 9076
f 9066 9076 8853
f 9073 9076 9066
f 8855 9072 9074
f 9072 8798 8967
f 9074 8967 8830
f 9072 8967 9074
f 8853 9067 9065
f 9067 8830 8966
f 9065 8966 4178
f 9067 8966 9065
f 8855 9074 9076
f 9074 8830 9067
f 9076 9067 8853
f 9074 9067 9076
f 8565 9062 9081
f 9062 8852 9084
f 9081 9084 8857
f 9062 9084 9081
f 8852 9061 9075
f 9061 8798 9072
f 9075 9072 8855
f 9061 9072 9075
f 8857 9086 9082
f 9086 8855 9073
f 9082 9073 8803
f 9086 9073 9082
f 8852 9075 9084
f 9075 8855 9086
f 9084 9086 8857
f 9075 9086 9084
f 2212 9069 9069
f 9069 8854 8854
f 9069 8854 8854
f 9069 8854 9069
f 8854 9070 9070
f 9070 8803 8803
f 9070 8803 8803
f 9070 8803 9070
f 8854 9070 9070
f 9070 8803 8803
f 9070 8803 8803
f 9070 8803 9070
f 8854 9070 8854
f 9070 8803 9070
f 8854 9070 8854
f 9070 9070 8854
f 8803 9066 9066
f 9066 8853 8853
f 9066 8853 8853
f 9066 8853 9066
f 8853 9065 9065
f 9065 4178 4178
f 9065 4178 4178
f 9065 4178 9065
f 8853 9065 9065
f 9065 4178 4178
f 9065 4178 4178
f 9065 4178 9065
f 8853 9065 8853
f 9065 4178 9065
f 8853 9065 8853
f 9065 9065 8853
f 8803 9066 9066
f 9066 8853 8853
f 9066 8853 8853
f 9066 8853 9066
f 8853 9065 9065
f 9065 4178 4178
f 9065 4178 4178
f 9065 4178 9065
f 8853 9065 9065
f 9065 4178 4178
f 9065 4178 4178
f 9065 4178 9065
f 8853 9065 8853
f 9065 4178 9065
f 8853 9065 8853
f 9065 9065 8853
f 8803 9066 8803
f 9066 8853 9066
f 8803 9066 8803
f 9066 9066 8803
f 8853 9065 8853
f 9065 4178 9065
f 8853 9065 8853
f 9065 9065 8853
f 8803 9066 8803
f 9066 8853 9066
f 8803 9066 8803
f 9066 9066 8803
f 8853 8853 9066
f 8853 8853 9066
f 9066 9066 8803
f 8853 9066 9066
f 676 8945 9184
f 8945 8824 9186
f 9184 9186 8878
f 8945 9186 9184
f 8824 8946 9193
f 8946 8796 9191
f 9193 9191 8880
f 8946 9191 9193
f 8878 9195 9185
f 9195 8880 9192
f 9185 9192 8807
f 9195 9192 9185
f 8824 9193 9186
f 9193 8880 9195
f 9186 9195 8878
f 9193 9195 9186
f 8796 8943 9180
f 8943 8823 9182
f 9180 9182 8877
f 8943 9182 9180
f 8823 8942 9179
f 8942 4181 4541
f 9179 4541 4268
f 8942 4541 9179
f 8877 9183 9181
f 9183 4268 4542
f 9181 4542 4199
f 9183 4542 9181
f 8823 9179 9182
f 9179 4268 9183
f 9182 9183 8877
f 9179 9183 9182
f 8807 9201 9189
f 9201 8882 9204
f 9189 9204 8879
f 9201 9204 9189
f 8882 9200 9202
f 9200 4199 4539
f 9202 4539 4267
f 9200 4539 9202
f 8879 9190 9188
f 9190 4267 4538
f 9188 4538 4180
f 9190 4538 9188
f 8882 9202 9204
f 9202 4267 9190
f 9204 9190 8879
f 9202 9190 9204
f 8796 9180 9191
f 9180 8877 9194
f 9191 9194 8880
f 9180 9194 9191
f 8877 9181 9203
f 9181 4199 9200
f 9203 9200 8882
f 9181 9200 9203
f 8880 9205 9192
f 9205 8882 9201
f 9192 9201 8807
f 9205 9201 9192
f 8877 9203 9194
f 9203 8882 9205
f 9194 9205 8880
f 9203 9205 9194
f 676 9184 9184
f 9184 8878 8878
f 9184 8878 8878
f 9184 8878 9184
f 8878 9185 9185
f 9185 8807 8807
f 9185 8807 8807
f 9185 8807 9185
f 8878 9185 9185
f 9185 8807 8807
f 9185 8807 8807
f 9185 8807 9185
f 8878 9185 8878
f 9185 8807 9185
f 8878 9185 8878
f 9185 9185 8878
f 8807 9189 9189
f 9189 8879 8879
f 9189 8879 8879
f 9189 8879 9189
f 8879 9188 9188
f 9188 4180 4180
f 9188 4180 4180
f 9188 4180 9188
f 8879 9188 9188
f 9188 4180 4180
f 9188 4180 4180
f 9188 4180 9188
f 8879 9188 8879
f 9188 4180 9188
f 8879 9188 8879
f 9188 9188 8879
f 8807 9189 9189
f 9189 8879 8879
f 9189 8879 8879
f 9189 8879 9189
f 8879 9188 9188
f 9188 4180 4180
f 9188 4180 4180
f 9188 4180 9188
f 8879 9188 9188
f 9188 4180 4180
f 9188 4180 4180
f 9188 4180 9188
f 8879 9188 8879
f 9188 4180 9188
f 8879 9188 8879
f 9188 9188 8879
f 8807 9189 8807
f 9189 8879 9189
f 8807 9189 8807
f 9189 9189 8807
f 8879 9188 8879
f 9188 4180 9188
f 8879 9188 8879
f 9188 9188 8879
f 8807 9189 8807
f 9189 8879 9189
f 8807 9189 8807
f 9189 9189 8807
f 8879 8879 9189
f 8879 8879 9189
f 9189 9189 8807
f 8879 9189 9189
f 341 8989 8885
f 8989 8836 8991
f 8885 8991 8808
f 8989 8991 8885
f 8836 8990 8998
f 8990 8800 8996
f 8998 8996 8838
f 8990 8996 8998
f 8808 8997 8886
f 8997 8838 8995
f 8886 8995 8792
f 8997 8995 8886
f 8836 8998 8991
f 8998 8838 8997
f 8991 8997 8808
f 8998 8997 8991
f 8800 8994 9019
f 8994 8837 9021
f 9019 9021 8844
f 8994 9021 9019
f 8837 8993 9009
f 8993 4182 9007
f 9009 9007 8841
f 8993 9007 9009
f 8844 9023 9020
f 9023 8841 9008
f 9020 9008 8801
f 9023 9008 9020
f 8837 9009 9021
f 9009 8841 9023
f 9021 9023 8844
f 9009 9023 9021
f 8792 9010 8888
f 9010 8842 9012
f 8888 9012 8809
f 9010 9012 8888
f 8842 9011 9014
f 9011 8801 9004
f 9014 9004 8840
f 9011 9004 9014
f 8809 9005 8887
f 9005 8840 9003
f 8887 9003 8791
f 9005 9003 8887
f 8842 9014 9012
f 9014 8840 9005
f 9012 9005 8809
f 9014 9005 9012
f 8800 9019 8996
f 9019 8844 9022
f 8996 9022 8838
f 9019 9022 8996
f 8844 9020 9024
f 9020 8801 9011
f 9024 9011 8842
f 9020 9011 9024
f 8838 9013 8995
f 9013 8842 9010
f 8995 9010 8792
f 9013 9010 8995
f 8844 9024 9022
f 9024 8842 9013
f 9022 9013 8838
f 9024 9013 9022
f 341 8885 8885
f 8885 8808 8808
f 8885 8808 8808
f 8885 8808 8885
f 8808 8886 8886
f 8886 8792 8792
f 8886 8792 8792
f 8886 8792 8886
f 8808 8886 8886
f 8886 8792 8792
f 8886 8792 8792
f 8886 8792 8886
f 8808 8886 8808
f 8886 8792 8886
f 8808 8886 8808
f 8886 8886 8808
f 8792 8888 8888
f 8888 8809 8809
f 8888 8809 8809
f 8888 8809 8888
f 8809 8887 8887
f 8887 8791 8791
f 8887 8791 8791
f 8887 8791 8887
f 8809 8887 8887
f 8887 8791 8791
f 8887 8791 8791
f 8887 8791 8887
f 8809 8887 8809
f 8887 8791 8887
f 8809 8887 8809
f 8887 8887 8809
f 8792 8888 8888
f 8888 8809 8809
f 8888 8809 8809
f 8888 8809 8888
f 8809 8887 8887
f 8887 8791 8791
f 8887 8791 8791
f 8887 8791 8887
f 8809 8887 8887
f 8887 8791 8791
f 8887 8791 8791
f 8887 8791 8887
f 8809 8887 8809
f 8887 8791 8887
f 8809 8887 8809
f 8887 8887 8809
f 8792 8888 8792
f 8888 8809 8888
f 8792 8888 8792
f 8888 8888 8792
f 8809 8887 8809
f 8887 8791 8887
f 8809 8887 8809
f 8887 8887 8809
f 8792 8888 8792
f 8888 8809 8888
f 8792 8888 8792
f 8888 8888 8792
f 8809 8809 8888
f 8809 8809 8888
f 8888 8888 8792
f 8809 8888 8888
f 8791 8915 8894
f 8915 8817 8917
f 8894 8917 8811
f 8915 8917 8894
f 8817 8916 8924
f 8916 8795 8922
f 8924 8922 8819
f 8916 8922 8924
f 8811 8923 8895
f 8923 8819 8921
f 8895 8921 8793
f 8923 8921 8895
f 8817 8924 8917
f 8924 8819 8923
f 8917 8923 8811
f 8924 8923 8917
f 8795 8920 8936
f 8920 8818 8938
f 8936 8938 8822
f 8920 8938 8936
f 8818 8919 8930
f 8919 676 1213
f 8930 1213 830
f 8919 1213 8930
f 8822 8940 8937
f 8940 830 1214
f 8937 1214 722
f 8940 1214 8937
f 8818 8930 8938
f 8930 830 8940
f 8938 8940 8822
f 8930 8940 8938
f 8793 8931 8898
f 8931 8821 8933
f 8898 8933 8812
f 8931 8933 8898
f 8821 8932 8935
f 8932 722 1217
f 8935 1217 831
f 8932 1217 8935
f 8812 8929 8897
f 8929 831 1216
f 8897 1216 342
f 8929 1216 8897
f 8821 8935 8933
f 8935 831 8929
f 8933 8929 8812
f 8935 8929 8933
f 8795 8936 8922
f 8936 8822 8939
f 8922 8939 8819
f 8936 8939 8922
f 8822 8937 8941
f 8937 722 8932
f 8941 8932 8821
f 8937 8932 8941
f 8819 8934 8921
f 8934 8821 8931
f 8921 8931 8793
f 8934 8931 8921
f 8822 8941 8939
f 8941 8821 8934
f 8939 8934 8819
f 8941 8934 8939
f 8791 8894 8894
f 8894 8811 8811
f 8894 8811 8811
f 8894 8811 8894
f 8811 8895 8895
f 8895 8793 8793
f 8895 8793 8793
f 8895 8793 8895
f 8811 8895 8895
f 8895 8793 8793
f 8895 8793 8793
f 8895 8793 8895
f 8811 8895 8811
f 8895 8793 8895
f 8811 8895 8811
f 8895 8895 8811
f 8793 8898 8898
f 8898 8812 8812
f 8898 8812 8812
f 8898 8812 8898
f 8812 8897 8897
f 8897 342 342
f 8897 342 342
f 8897 342 8897
f 8812 8897 8897
f 8897 342 342
f 8897 342 342
f 8897 342 8897
f 8812 8897 8812
f 8897 342 8897
f 8812 8897 8812
f 8897 8897 8812
f 8793 8898 8898
f 8898 8812 8812
f 8898 8812 8812
f 8898 8812 8898
f 8812 8897 8897
f 8897 342 342
f 8897 342 342
f 8897 342 8897
f 8812 8897 8897
f 8897 342 342
f 8897 342 342
f 8897 342 8897
f 8812 8897 8812
f 8897 342 8897
f 8812 8897 8812
f 8897 8897 8812
f 8793 8898 8793
f 8898 8812 8898
f 8793 8898 8793
f 8898 8898 8793
f 8812 8897 8812
f 8897 342 8897
f 8812 8897 8812
f 8897 8897 8812
f 8793 8898 8793
f 8898 8812 8898
f 8793 8898 8793
f 8898 8898 8793
f 8812 8812 8898
f 8812 8812 8898
f 8898 8898 8793
f 8812 8898 8898

