# https://github.com/mikedh/trimesh
v 2.20000005 3.54999995 2.04999995
v 4.30000019 3.54999995 2.04999995
v 4.30000019 3.54999995 0.89999998
v 2.20000005 3.54999995 0.89999998
v 3.25000012 3.54999995 2.04999995
v 3.25000012 3.54999995 1.47499996
v 4.30000019 3.54999995 1.47499996
v 2.20000005 3.54999995 1.47499996
v 3.25000012 3.54999995 0.89999998
v 2.72500008 3.54999995 2.04999995
v 3.77500015 3.54999995 2.04999995
v 2.72500008 3.54999995 1.76249996
v 3.77500015 3.54999995 1.18749997
v 3.25000012 3.54999995 1.76249996
v 4.30000019 3.54999995 1.76249996
v 4.30000019 3.54999995 1.18749997
v 3.77500015 3.54999995 1.76249996
v 3.77500015 3.54999995 1.47499996
v 2.20000005 3.54999995 1.76249996
v 2.20000005 3.54999995 1.18749997
v 2.72500008 3.54999995 1.47499996
v 3.77500015 3.54999995 0.89999998
v 2.72500008 3.54999995 0.89999998
v 3.25000012 3.54999995 1.18749997
v 2.72500008 3.54999995 1.18749997
v 2.46250007 3.54999995 2.04999995
v 2.98750010 3.54999995 2.04999995
v 4.03750017 3.54999995 2.04999995
v 3.51250014 3.54999995 2.04999995
v 2.46250007 3.54999995 1.90624996
v 2.98750010 3.54999995 1.61874996
v 2.72500008 3.54999995 1.90624996
v 4.03750017 3.54999995 1.04374997
v 3.51250014 3.54999995 1.33124997
v 3.25000012 3.54999995 1.90624996
v 3.25000012 3.54999995 1.61874996
v 2.98750010 3.54999995 1.90624996
v 2.98750010 3.54999995 1.76249996
v 4.30000019 3.54999995 1.90624996
v 4.30000019 3.54999995 1.61874996
v 4.03750017 3.54999995 1.90624996
v 4.30000019 3.54999995 1.04374997
v 4.30000019 3.54999995 1.33124997
v 4.03750017 3.54999995 1.18749997
v 3.51250014 3.54999995 1.90624996
v 4.03750017 3.54999995 1.61874996
v 3.77500015 3.54999995 1.90624996
v 3.51250014 3.54999995 1.76249996
v 4.03750017 3.54999995 1.76249996
v 3.51250014 3.54999995 1.47499996
v 4.03750017 3.54999995 1.47499996
v 3.77500015 3.54999995 1.33124997
v 3.51250014 3.54999995 1.61874996
v 4.03750017 3.54999995 1.33124997
v 3.77500015 3.54999995 1.61874996
v 2.20000005 3.54999995 1.90624996
v 2.20000005 3.54999995 1.61874996
v 2.46250007 3.54999995 1.76249996
v 2.20000005 3.54999995 1.04374997
v 2.20000005 3.54999995 1.33124997
v 2.98750010 3.54999995 1.47499996
v 2.46250007 3.54999995 1.47499996
v 2.72500008 3.54999995 1.61874996
v 2.46250007 3.54999995 1.61874996
v 4.03750017 3.54999995 0.89999998
v 3.51250014 3.54999995 0.89999998
v 3.77500015 3.54999995 1.04374997
v 2.46250007 3.54999995 0.89999998
v 2.98750010 3.54999995 0.89999998
v 2.46250007 3.54999995 1.04374997
v 3.25000012 3.54999995 1.33124997
v 3.25000012 3.54999995 1.04374997
v 3.51250014 3.54999995 1.18749997
v 2.98750010 3.54999995 1.33124997
v 3.51250014 3.54999995 1.04374997
v 2.46250007 3.54999995 1.33124997
v 2.98750010 3.54999995 1.04374997
v 2.46250007 3.54999995 1.18749997
v 2.72500008 3.54999995 1.33124997
v 2.72500008 3.54999995 1.04374997
v 2.98750010 3.54999995 1.18749997
v 4.30000019 3.34999990 0.89999998
v 2.20000005 3.34999990 0.89999998
v 4.30000019 3.44999993 0.89999998
v 3.25000012 3.44999993 0.89999998
v 3.25000012 3.34999990 0.89999998
v 2.20000005 3.44999993 0.89999998
v 4.30000019 3.49999994 0.89999998
v 4.30000019 3.39999992 0.89999998
v 3.77500015 3.49999994 0.89999998
v 2.72500008 3.39999992 0.89999998
v 3.77500015 3.44999993 0.89999998
v 3.77500015 3.34999990 0.89999998
v 2.72500008 3.34999990 0.89999998
v 3.77500015 3.39999992 0.89999998
v 3.25000012 3.39999992 0.89999998
v 3.25000012 3.49999994 0.89999998
v 2.20000005 3.39999992 0.89999998
v 2.20000005 3.49999994 0.89999998
v 2.72500008 3.44999993 0.89999998
v 2.72500008 3.49999994 0.89999998
v 4.30000019 3.52499995 0.89999998
v 4.30000019 3.47499993 0.89999998
v 4.30000019 3.37499991 0.89999998
v 4.30000019 3.42499992 0.89999998
v 4.03750017 3.52499995 0.89999998
v 3.51250014 3.47499993 0.89999998
v 4.03750017 3.49999994 0.89999998
v 2.46250007 3.37499991 0.89999998
v 2.98750010 3.42499992 0.89999998
v 4.03750017 3.44999993 0.89999998
v 3.51250014 3.44999993 0.89999998
v 4.03750017 3.47499993 0.89999998
v 3.77500015 3.47499993 0.89999998
v 4.03750017 3.34999990 0.89999998
v 3.51250014 3.34999990 0.89999998
v 4.03750017 3.37499991 0.89999998
v 2.46250007 3.34999990 0.89999998
v 2.98750010 3.34999990 0.89999998
v 2.72500008 3.37499991 0.89999998
v 4.03750017 3.42499992 0.89999998
v 3.51250014 3.37499991 0.89999998
v 4.03750017 3.39999992 0.89999998
v 3.77500015 3.42499992 0.89999998
v 3.77500015 3.37499991 0.89999998
v 3.25000012 3.42499992 0.89999998
v 3.25000012 3.37499991 0.89999998
v 2.98750010 3.39999992 0.89999998
v 3.51250014 3.42499992 0.89999998
v 2.98750010 3.37499991 0.89999998
v 3.51250014 3.39999992 0.89999998
v 3.77500015 3.52499995 0.89999998
v 3.25000012 3.47499993 0.89999998
v 3.25000012 3.52499995 0.89999998
v 3.51250014 3.49999994 0.89999998
v 3.51250014 3.52499995 0.89999998
v 2.20000005 3.37499991 0.89999998
v 2.20000005 3.42499992 0.89999998
v 2.46250007 3.39999992 0.89999998
v 2.20000005 3.52499995 0.89999998
v 2.20000005 3.47499993 0.89999998
v 2.46250007 3.52499995 0.89999998
v 2.98750010 3.44999993 0.89999998
v 2.46250007 3.44999993 0.89999998
v 2.72500008 3.42499992 0.89999998
v 2.98750010 3.47499993 0.89999998
v 2.46250007 3.42499992 0.89999998
v 2.98750010 3.52499995 0.89999998
v 2.46250007 3.47499993 0.89999998
v 2.72500008 3.52499995 0.89999998
v 2.98750010 3.49999994 0.89999998
v 2.46250007 3.49999994 0.89999998
v 2.72500008 3.47499993 0.89999998
v 2.20000005 3.34999990 2.04999995
v 4.30000019 3.34999990 2.04999995
v 3.25000012 3.44999993 2.04999995
v 2.20000005 3.44999993 2.04999995
v 4.30000019 3.44999993 2.04999995
v 3.25000012 3.34999990 2.04999995
v 3.77500015 3.49999994 2.04999995
v 2.72500008 3.39999992 2.04999995
v 3.25000012 3.49999994 2.04999995
v 2.20000005 3.49999994 2.04999995
v 2.20000005 3.39999992 2.04999995
v 2.72500008 3.49999994 2.04999995
v 2.72500008 3.44999993 2.04999995
v 4.30000019 3.49999994 2.04999995
v 4.30000019 3.39999992 2.04999995
v 3.77500015 3.44999993 2.04999995
v 2.72500008 3.34999990 2.04999995
v 3.77500015 3.34999990 2.04999995
v 3.25000012 3.39999992 2.04999995
v 3.77500015 3.39999992 2.04999995
v 4.03750017 3.52499995 2.04999995
v 3.51250014 3.47499993 2.04999995
v 3.77500015 3.52499995 2.04999995
v 2.46250007 3.37499991 2.04999995
v 2.98750010 3.42499992 2.04999995
v 3.25000012 3.52499995 2.04999995
v 3.25000012 3.47499993 2.04999995
v 3.51250014 3.52499995 2.04999995
v 3.51250014 3.49999994 2.04999995
v 2.20000005 3.52499995 2.04999995
v 2.20000005 3.47499993 2.04999995
v 2.46250007 3.52499995 2.04999995
v 2.20000005 3.37499991 2.04999995
v 2.20000005 3.42499992 2.04999995
v 2.46250007 3.39999992 2.04999995
v 2.98750010 3.52499995 2.04999995
v 2.46250007 3.47499993 2.04999995
v 2.72500008 3.52499995 2.04999995
v 2.98750010 3.49999994 2.04999995
v 2.46250007 3.49999994 2.04999995
v 2.98750010 3.44999993 2.04999995
v 2.46250007 3.44999993 2.04999995
v 2.72500008 3.42499992 2.04999995
v 2.98750010 3.47499993 2.04999995
v 2.46250007 3.42499992 2.04999995
v 2.72500008 3.47499993 2.04999995
v 4.30000019 3.52499995 2.04999995
v 4.30000019 3.47499993 2.04999995
v 4.03750017 3.49999994 2.04999995
v 4.30000019 3.37499991 2.04999995
v 4.30000019 3.42499992 2.04999995
v 3.51250014 3.44999993 2.04999995
v 4.03750017 3.44999993 2.04999995
v 3.77500015 3.47499993 2.04999995
v 4.03750017 3.47499993 2.04999995
v 2.46250007 3.34999990 2.04999995
v 2.98750010 3.34999990 2.04999995
v 2.72500008 3.37499991 2.04999995
v 4.03750017 3.34999990 2.04999995
v 3.51250014 3.34999990 2.04999995
v 4.03750017 3.37499991 2.04999995
v 3.25000012 3.42499992 2.04999995
v 3.25000012 3.37499991 2.04999995
v 2.98750010 3.39999992 2.04999995
v 3.51250014 3.42499992 2.04999995
v 2.98750010 3.37499991 2.04999995
v 4.03750017 3.42499992 2.04999995
v 3.51250014 3.37499991 2.04999995
v 4.03750017 3.39999992 2.04999995
v 3.77500015 3.42499992 2.04999995
v 3.77500015 3.37499991 2.04999995
v 3.51250014 3.39999992 2.04999995
v 2.20000005 3.44999993 1.47499996
v 2.20000005 3.34999990 1.47499996
v 2.20000005 3.39999992 1.76249996
v 2.20000005 3.49999994 1.18749997
v 2.20000005 3.44999993 1.76249996
v 2.20000005 3.49999994 1.76249996
v 2.20000005 3.49999994 1.47499996
v 2.20000005 3.34999990 1.76249996
v 2.20000005 3.34999990 1.18749997
v 2.20000005 3.39999992 1.47499996
v 2.20000005 3.44999993 1.18749997
v 2.20000005 3.39999992 1.18749997
v 2.20000005 3.37499991 1.90624996
v 2.20000005 3.42499992 1.61874996
v 2.20000005 3.39999992 1.90624996
v 2.20000005 3.52499995 1.04374997
v 2.20000005 3.47499993 1.33124997
v 2.20000005 3.44999993 1.90624996
v 2.20000005 3.44999993 1.61874996
v 2.20000005 3.42499992 1.90624996
v 2.20000005 3.42499992 1.76249996
v 2.20000005 3.52499995 1.90624996
v 2.20000005 3.52499995 1.18749997
v 2.20000005 3.47499993 1.90624996
v 2.20000005 3.52499995 1.61874996
v 2.20000005 3.49999994 1.90624996
v 2.20000005 3.47499993 1.76249996
v 2.20000005 3.52499995 1.76249996
v 2.20000005 3.47499993 1.47499996
v 2.20000005 3.52499995 1.47499996
v 2.20000005 3.49999994 1.33124997
v 2.20000005 3.47499993 1.61874996
v 2.20000005 3.52499995 1.33124997
v 2.20000005 3.49999994 1.61874996
v 2.20000005 3.34999990 1.90624996
v 2.20000005 3.34999990 1.61874996
v 2.20000005 3.37499991 1.76249996
v 2.20000005 3.34999990 1.04374997
v 2.20000005 3.34999990 1.33124997
v 2.20000005 3.42499992 1.47499996
v 2.20000005 3.37499991 1.47499996
v 2.20000005 3.39999992 1.61874996
v 2.20000005 3.37499991 1.61874996
v 2.20000005 3.49999994 1.04374997
v 2.20000005 3.37499991 1.04374997
v 2.20000005 3.44999993 1.33124997
v 2.20000005 3.44999993 1.04374997
v 2.20000005 3.47499993 1.18749997
v 2.20000005 3.42499992 1.33124997
v 2.20000005 3.47499993 1.04374997
v 2.20000005 3.37499991 1.33124997
v 2.20000005 3.42499992 1.04374997
v 2.20000005 3.37499991 1.18749997
v 2.20000005 3.39999992 1.33124997
v 2.20000005 3.39999992 1.04374997
v 2.20000005 3.42499992 1.18749997
v 4.30000019 3.44999993 1.47499996
v 4.30000019 3.34999990 1.47499996
v 4.30000019 3.49999994 1.76249996
v 4.30000019 3.39999992 1.18749997
v 4.30000019 3.44999993 1.76249996
v 4.30000019 3.34999990 1.76249996
v 4.30000019 3.34999990 1.18749997
v 4.30000019 3.39999992 1.76249996
v 4.30000019 3.39999992 1.47499996
v 4.30000019 3.49999994 1.47499996
v 4.30000019 3.44999993 1.18749997
v 4.30000019 3.49999994 1.18749997
v 4.30000019 3.52499995 1.90624996
v 4.30000019 3.47499993 1.61874996
v 4.30000019 3.49999994 1.90624996
v 4.30000019 3.37499991 1.04374997
v 4.30000019 3.42499992 1.33124997
v 4.30000019 3.44999993 1.90624996
v 4.30000019 3.44999993 1.61874996
v 4.30000019 3.47499993 1.90624996
v 4.30000019 3.47499993 1.76249996
v 4.30000019 3.34999990 1.90624996
v 4.30000019 3.34999990 1.61874996
v 4.30000019 3.37499991 1.90624996
v 4.30000019 3.34999990 1.04374997
v 4.30000019 3.34999990 1.33124997
v 4.30000019 3.37499991 1.18749997
v 4.30000019 3.42499992 1.90624996
v 4.30000019 3.37499991 1.61874996
v 4.30000019 3.39999992 1.90624996
v 4.30000019 3.42499992 1.76249996
v 4.30000019 3.37499991 1.76249996
v 4.30000019 3.42499992 1.47499996
v 4.30000019 3.37499991 1.47499996
v 4.30000019 3.39999992 1.33124997
v 4.30000019 3.42499992 1.61874996
v 4.30000019 3.37499991 1.33124997
v 4.30000019 3.39999992 1.61874996
v 4.30000019 3.52499995 1.76249996
v 4.30000019 3.47499993 1.47499996
v 4.30000019 3.52499995 1.47499996
v 4.30000019 3.49999994 1.61874996
v 4.30000019 3.52499995 1.61874996
v 4.30000019 3.39999992 1.04374997
v 4.30000019 3.52499995 1.04374997
v 4.30000019 3.44999993 1.33124997
v 4.30000019 3.44999993 1.04374997
v 4.30000019 3.42499992 1.18749997
v 4.30000019 3.47499993 1.33124997
v 4.30000019 3.42499992 1.04374997
v 4.30000019 3.52499995 1.33124997
v 4.30000019 3.47499993 1.04374997
v 4.30000019 3.52499995 1.18749997
v 4.30000019 3.49999994 1.33124997
v 4.30000019 3.49999994 1.04374997
v 4.30000019 3.47499993 1.18749997
v 2.34999990 -0.69999999 2.09999990
v 5.00000000 -0.69999999 2.54999995
v 1.45000005 -0.69999999 2.54999995
v 1.45000005 -0.69999999 2.09999990
v 2.70000005 -0.69999999 1.82264137
v 2.34999990 -0.69999999 0.00000000
v 2.70000005 -0.69999999 0.00000000
v 2.70000005 -0.69999999 2.00000000
v 5.00000000 -0.69999999 2.00000000
v 3.67499995 -0.69999999 2.32499993
v 1.89999998 -0.69999999 2.32499993
v 3.22500002 -0.69999999 2.54999995
v 1.89999998 -0.69999999 2.09999990
v 1.45000005 -0.69999999 2.32499993
v 2.52499998 -0.69999999 1.96132064
v 2.34999990 -0.69999999 1.04999995
v 2.52499998 -0.69999999 0.91132069
v 2.70000005 -0.69999999 0.91132069
v 2.52499998 -0.69999999 0.00000000
v 2.52499998 -0.69999999 2.04999995
v 3.85000002 -0.69999999 2.27499998
v 2.70000005 -0.69999999 1.91132069
v 5.00000000 -0.69999999 2.27499998
v 3.85000002 -0.69999999 2.00000000
v 3.01249993 -0.69999999 2.21249992
v 4.33749998 -0.69999999 2.43749994
v 2.12499994 -0.69999999 2.21249992
v 1.67500001 -0.69999999 2.43749994
v 2.78749996 -0.69999999 2.32499993
v 4.11250001 -0.69999999 2.54999995
v 2.33750004 -0.69999999 2.54999995
v 3.44999999 -0.69999999 2.43749994
v 2.56250000 -0.69999999 2.43749994
v 2.12499994 -0.69999999 2.09999990
v 1.67500001 -0.69999999 2.09999990
v 1.89999998 -0.69999999 2.21249992
v 1.45000005 -0.69999999 2.43749994
v 1.45000005 -0.69999999 2.21249992
v 1.67500001 -0.69999999 2.32499993
v 1.67500001 -0.69999999 2.21249992
v 2.43749994 -0.69999999 2.03066027
v 2.61250001 -0.69999999 1.89198101
v 2.34999990 -0.69999999 1.57499993
v 2.34999990 -0.69999999 0.52499998
v 2.43749994 -0.69999999 1.50566030
v 2.61250001 -0.69999999 1.36698103
v 2.43749994 -0.69999999 0.45566034
v 2.52499998 -0.69999999 1.43632066
v 2.43749994 -0.69999999 0.98066032
v 2.70000005 -0.69999999 1.36698103
v 2.70000005 -0.69999999 0.45566034
v 2.61250001 -0.69999999 0.91132069
v 2.43749994 -0.69999999 0.00000000
v 2.61250001 -0.69999999 0.00000000
v 2.52499998 -0.69999999 0.45566034
v 2.61250001 -0.69999999 0.45566034
v 2.43749994 -0.69999999 2.07499993
v 2.61250001 -0.69999999 2.02499998
v 3.09999996 -0.69999999 2.18749994
v 2.52499998 -0.69999999 2.00566030
v 4.42500001 -0.69999999 2.41249996
v 3.27500004 -0.69999999 2.13749999
v 3.76249999 -0.69999999 2.29999995
v 3.18750000 -0.69999999 2.16249996
v 2.70000005 -0.69999999 1.86698103
v 2.70000005 -0.69999999 1.95566034
v 2.61250001 -0.69999999 1.93632066
v 2.61250001 -0.69999999 1.98066032
v 5.00000000 -0.69999999 2.41249996
v 5.00000000 -0.69999999 2.13749999
v 4.42500001 -0.69999999 2.27499998
v 3.27500004 -0.69999999 2.00000000
v 4.42500001 -0.69999999 2.00000000
v 3.85000002 -0.69999999 2.13749999
v 4.42500001 -0.69999999 2.13749999
v 2.68124992 -0.69999999 2.15624991
v 3.34374994 -0.69999999 2.26874992
v 4.66874999 -0.69999999 2.49374995
v 4.00624996 -0.69999999 2.38124993
v 2.23749992 -0.69999999 2.15624991
v 2.01249996 -0.69999999 2.26874992
v 2.56874993 -0.69999999 2.21249992
v 1.56250003 -0.69999999 2.49374995
v 1.78749999 -0.69999999 2.38124993
v 3.23124996 -0.69999999 2.32499993
v 2.34374997 -0.69999999 2.32499993
v 2.89999995 -0.69999999 2.26874992
v 2.45624995 -0.69999999 2.26874992
v 4.55625001 -0.69999999 2.54999995
v 3.66875002 -0.69999999 2.54999995
v 4.22499999 -0.69999999 2.49374995
v 1.89375004 -0.69999999 2.54999995
v 2.78125003 -0.69999999 2.54999995
v 2.00625002 -0.69999999 2.49374995
v 3.56249997 -0.69999999 2.38124993
v 3.33750001 -0.69999999 2.49374995
v 3.89374998 -0.69999999 2.43749994
v 3.11874998 -0.69999999 2.38124993
v 3.78125000 -0.69999999 2.49374995
v 2.23124999 -0.69999999 2.38124993
v 2.89375001 -0.69999999 2.49374995
v 2.11875001 -0.69999999 2.43749994
v 2.67499998 -0.69999999 2.38124993
v 2.45000002 -0.69999999 2.49374995
v 3.00624999 -0.69999999 2.43749994
v 2.23749992 -0.69999999 2.09999990
v 2.01249996 -0.69999999 2.09999990
v 2.12499994 -0.69999999 2.15624991
v 1.56250003 -0.69999999 2.09999990
v 1.78749999 -0.69999999 2.09999990
v 1.89999998 -0.69999999 2.26874992
v 1.89999998 -0.69999999 2.15624991
v 2.01249996 -0.69999999 2.21249992
v 2.01249996 -0.69999999 2.15624991
v 1.45000005 -0.69999999 2.49374995
v 1.45000005 -0.69999999 2.38124993
v 1.56250003 -0.69999999 2.43749994
v 1.45000005 -0.69999999 2.15624991
v 1.45000005 -0.69999999 2.26874992
v 1.56250003 -0.69999999 2.15624991
v 1.78749999 -0.69999999 2.32499993
v 1.56250003 -0.69999999 2.32499993
v 1.67500001 -0.69999999 2.38124993
v 1.78749999 -0.69999999 2.26874992
v 1.56250003 -0.69999999 2.38124993
v 1.78749999 -0.69999999 2.15624991
v 1.56250003 -0.69999999 2.26874992
v 1.67500001 -0.69999999 2.15624991
v 1.78749999 -0.69999999 2.21249992
v 1.56250003 -0.69999999 2.21249992
v 1.67500001 -0.69999999 2.26874992
v 2.39374992 -0.69999999 2.06533009
v 2.48124996 -0.69999999 1.99599046
v 2.65625003 -0.69999999 1.85731119
v 2.56874999 -0.69999999 1.92665082
v 2.34999990 -0.69999999 1.83749992
v 2.34999990 -0.69999999 1.31249994
v 2.39374992 -0.69999999 1.80283010
v 2.34999990 -0.69999999 0.26249999
v 2.34999990 -0.69999999 0.78749996
v 2.48124996 -0.69999999 1.73349047
v 2.39374992 -0.69999999 1.27783012
v 2.43749994 -0.69999999 1.76816028
v 2.39374992 -0.69999999 1.54033011
v 2.65625003 -0.69999999 1.59481120
v 2.56874999 -0.69999999 1.13915086
v 2.61250001 -0.69999999 1.62948102
v 2.39374992 -0.69999999 0.22783017
v 2.48124996 -0.69999999 0.68349051
v 2.39374992 -0.69999999 0.49033016
v 2.52499998 -0.69999999 1.69882065
v 2.52499998 -0.69999999 1.17382067
v 2.56874999 -0.69999999 1.66415083
v 2.48124996 -0.69999999 1.47099048
v 2.56874999 -0.69999999 1.40165085
v 2.39374992 -0.69999999 1.01533014
v 2.48124996 -0.69999999 0.94599050
v 2.39374992 -0.69999999 0.75283015
v 2.43749994 -0.69999999 1.24316031
v 2.43749994 -0.69999999 0.71816033
v 2.48124996 -0.69999999 1.20849049
v 2.70000005 -0.69999999 1.59481120
v 2.70000005 -0.69999999 1.13915086
v 2.65625003 -0.69999999 1.36698103
v 2.70000005 -0.69999999 0.22783017
v 2.70000005 -0.69999999 0.68349051
v 2.56874999 -0.69999999 0.91132069
v 2.65625003 -0.69999999 0.91132069
v 2.61250001 -0.69999999 1.13915086
v 2.65625003 -0.69999999 1.13915086
v 2.39374992 -0.69999999 0.00000000
v 2.48124996 -0.69999999 0.00000000
v 2.43749994 -0.69999999 0.22783017
v 2.65625003 -0.69999999 0.00000000
v 2.56874999 -0.69999999 0.00000000
v 2.65625003 -0.69999999 0.22783017
v 2.52499998 -0.69999999 0.68349051
v 2.52499998 -0.69999999 0.22783017
v 2.48124996 -0.69999999 0.45566034
v 2.56874999 -0.69999999 0.68349051
v 2.48124996 -0.69999999 0.22783017
v 2.65625003 -0.69999999 0.68349051
v 2.56874999 -0.69999999 0.22783017
v 2.65625003 -0.69999999 0.45566034
v 2.61250001 -0.69999999 0.68349051
v 2.61250001 -0.69999999 0.22783017
v 2.56874999 -0.69999999 0.45566034
v 2.39374992 -0.69999999 2.08749992
v 2.48124996 -0.69999999 2.06249994
v 2.72499993 -0.69999999 2.14374992
v 2.43749994 -0.69999999 2.05283010
v 2.65625003 -0.69999999 2.01249999
v 2.56874999 -0.69999999 2.03749996
v 3.38749996 -0.69999999 2.25624993
v 2.81249997 -0.69999999 2.11874995
v 3.05624995 -0.69999999 2.19999993
v 2.76874995 -0.69999999 2.13124993
v 2.52499998 -0.69999999 1.98349047
v 2.52499998 -0.69999999 2.02783012
v 2.48124996 -0.69999999 2.01816028
v 2.48124996 -0.69999999 2.04033011
v 4.71250001 -0.69999999 2.48124996
v 4.13750002 -0.69999999 2.34374997
v 4.38124999 -0.69999999 2.42499995
v 2.98750004 -0.69999999 2.06874999
v 3.56250003 -0.69999999 2.20624998
v 2.94375002 -0.69999999 2.08124998
v 3.71874997 -0.69999999 2.31249994
v 3.80625001 -0.69999999 2.28749996
v 4.04999998 -0.69999999 2.36874995
v 3.43124998 -0.69999999 2.24374995
v 4.09375000 -0.69999999 2.35624996
v 2.85624999 -0.69999999 2.10624996
v 3.51875001 -0.69999999 2.21874997
v 2.90000001 -0.69999999 2.09374997
v 3.14374998 -0.69999999 2.17499995
v 3.23125002 -0.69999999 2.14999998
v 3.47499999 -0.69999999 2.23124996
v 2.70000005 -0.69999999 1.84481120
v 2.70000005 -0.69999999 1.88915086
v 2.65625003 -0.69999999 1.87948102
v 2.70000005 -0.69999999 1.97783017
v 2.70000005 -0.69999999 1.93349051
v 2.65625003 -0.69999999 1.99033016
v 2.56874999 -0.69999999 1.94882065
v 2.65625003 -0.69999999 1.92382067
v 2.61250001 -0.69999999 1.91415083
v 2.56874999 -0.69999999 1.97099048
v 2.65625003 -0.69999999 1.90165085
v 2.56874999 -0.69999999 2.01533014
v 2.65625003 -0.69999999 1.94599050
v 2.61250001 -0.69999999 2.00283015
v 2.56874999 -0.69999999 1.99316031
v 2.65625003 -0.69999999 1.96816033
v 2.61250001 -0.69999999 1.95849049
v 5.00000000 -0.69999999 2.48124996
v 5.00000000 -0.69999999 2.34374997
v 4.71250001 -0.69999999 2.41249996
v 5.00000000 -0.69999999 2.06874999
v 5.00000000 -0.69999999 2.20624998
v 4.13750002 -0.69999999 2.27499998
v 4.71250001 -0.69999999 2.27499998
v 4.42500001 -0.69999999 2.34374997
v 4.71250001 -0.69999999 2.34374997
v 2.98750004 -0.69999999 2.00000000
v 3.56250003 -0.69999999 2.00000000
v 3.27500004 -0.69999999 2.06874999
v 4.71250001 -0.69999999 2.00000000
v 4.13750002 -0.69999999 2.00000000
v 4.71250001 -0.69999999 2.06874999
v 3.85000002 -0.69999999 2.20624998
v 3.85000002 -0.69999999 2.06874999
v 3.56250003 -0.69999999 2.13749999
v 4.13750002 -0.69999999 2.20624998
v 3.56250003 -0.69999999 2.06874999
v 4.71250001 -0.69999999 2.20624998
v 4.13750002 -0.69999999 2.06874999
v 4.71250001 -0.69999999 2.13749999
v 4.42500001 -0.69999999 2.20624998
v 4.42500001 -0.69999999 2.06874999
v 4.13750002 -0.69999999 2.13749999
v 1.45000005 1.92499995 1.54900002
v 1.45000005 3.34999990 2.54999995
v 1.45000005 3.34999990 0.00000000
v 1.45000005 1.92499995 1.00000000
v 1.45000005 1.76154828 1.00013626
v 1.45000005 0.88845164 1.54986370
v 1.45000005 -0.69999999 0.00000000
v 1.45000005 0.72500002 1.00100005
v 1.45000005 1.42061782 1.00042033
v 1.45000005 0.72500002 1.36111104
v 1.45000005 0.72500002 1.54999995
v 1.45000005 2.63749993 2.04949999
v 1.45000005 2.63749993 0.77450001
v 1.45000005 3.34999990 1.27499998
v 1.45000005 1.92499995 1.27450001
v 1.45000005 2.63749993 0.50000000
v 1.45000005 2.55577409 0.50006813
v 1.45000005 1.84327412 1.00006813
v 1.45000005 1.40672579 1.54943186
v 1.45000005 2.11922577 2.04993182
v 1.45000005 1.32499996 2.54999995
v 1.45000005 0.09422582 2.04993182
v 1.45000005 1.32499996 0.00000000
v 1.45000005 0.01250002 0.50050002
v 1.45000005 2.38530886 0.50021017
v 1.45000005 1.59108305 1.00027829
v 1.45000005 0.36030892 0.50021017
v 1.45000005 1.07280892 1.00071019
v 1.45000005 -0.69999999 1.04999995
v 1.45000005 0.01250002 1.55049998
v 1.45000005 0.72500002 1.18105555
v 1.45000005 0.01250002 1.73055547
v 1.45000005 0.80672583 1.54993182
v 1.45000005 0.01250002 2.04999995
v 1.45000005 0.01250002 1.82499993
v 1.45000005 0.72500002 1.45555550
v 1.45000005 2.28124994 1.79925001
v 1.45000005 2.99374992 2.29974997
v 1.45000005 2.28124994 1.16175002
v 1.45000005 2.99374992 0.38725001
v 1.45000005 2.63749993 1.41200000
v 1.45000005 3.34999990 1.91249996
v 1.45000005 3.34999990 0.63749999
v 1.45000005 2.99374992 1.66224998
v 1.45000005 2.99374992 1.02474999
v 1.45000005 1.92499995 1.41175002
v 1.45000005 1.92499995 1.13725001
v 1.45000005 2.28124994 1.02450001
v 1.45000005 2.99374992 0.25000000
v 1.45000005 2.28124994 0.75000000
v 1.45000005 2.63749993 0.63725001
v 1.45000005 2.28124994 0.88725001
v 1.45000005 2.95288700 0.25003406
v 1.45000005 2.15866119 0.75010219
v 1.45000005 2.59663701 0.50003406
v 1.45000005 1.88413703 1.00003406
v 1.45000005 1.80241120 1.00010219
v 1.45000005 2.24038702 0.75003406
v 1.45000005 2.19952410 0.75006813
v 1.45000005 1.66586287 1.54921594
v 1.45000005 1.14758871 1.54964778
v 1.45000005 2.02211286 1.79946592
v 1.45000005 2.73461284 2.29996589
v 1.45000005 1.50383870 1.79989776
v 1.45000005 2.37836285 2.04971591
v 1.45000005 1.76297578 1.79968184
v 1.45000005 2.33749993 2.54999995
v 1.45000005 0.31249999 2.54999995
v 1.45000005 1.72211286 2.29996589
v 1.45000005 0.49133873 1.79989776
v 1.45000005 -0.30288708 2.29996589
v 1.45000005 1.10672580 2.04993182
v 1.45000005 0.70961289 2.29996589
v 1.45000005 2.33749993 0.00000000
v 1.45000005 0.31249999 0.00000000
v 1.45000005 -0.34374999 0.25025001
v 1.45000005 0.36875002 0.75075004
v 1.45000005 2.86765438 0.25010508
v 1.45000005 1.90296334 0.75031525
v 1.45000005 2.47054148 0.50013915
v 1.45000005 1.85515441 0.25010508
v 1.45000005 1.67631567 1.00020728
v 1.45000005 1.50585043 1.00034931
v 1.45000005 2.07342857 0.75017321
v 1.45000005 1.98819596 0.75024423
v 1.45000005 -0.16984554 0.25010508
v 1.45000005 0.89046337 0.75031525
v 1.45000005 0.84265444 0.25010508
v 1.45000005 0.18640447 0.50035509
v 1.45000005 1.37280889 0.50021017
v 1.45000005 0.89890447 1.00085512
v 1.45000005 1.24671337 1.00056526
v 1.45000005 0.54265447 0.75060511
v 1.45000005 0.71655892 0.75046018
v 1.45000005 -0.69999999 0.52499998
v 1.45000005 -0.69999999 1.57499993
v 1.45000005 -0.34374999 0.77524999
v 1.45000005 0.36875002 1.27575001
v 1.45000005 -0.34374999 1.82524994
v 1.45000005 0.01250002 1.02550000
v 1.45000005 -0.34374999 1.30024996
v 1.45000005 0.72500002 1.09102780
v 1.45000005 0.72500002 1.27108330
v 1.45000005 0.36875002 1.36577776
v 1.45000005 -0.34374999 1.91527769
v 1.45000005 0.36875002 1.54583326
v 1.45000005 0.01250002 1.64052773
v 1.45000005 0.36875002 1.45580551
v 1.45000005 0.84758873 1.54989776
v 1.45000005 0.76586293 1.54996589
v 1.45000005 0.45047583 1.79993182
v 1.45000005 -0.34374999 2.29999995
v 1.45000005 0.36875002 1.79999995
v 1.45000005 0.05336292 2.04996589
v 1.45000005 -0.34374999 2.18749994
v 1.45000005 0.40961292 1.79996589
v 1.45000005 -0.34374999 1.96249992
v 1.45000005 0.36875002 1.68749994
v 1.45000005 -0.34374999 2.07499993
v 1.45000005 0.01250002 1.77777770
v 1.45000005 0.01250002 1.93749994
v 1.45000005 0.72500002 1.40833327
v 1.45000005 0.72500002 1.50277773
v 1.45000005 0.36875002 1.59305549
v 1.45000005 0.36875002 1.64027771
v 1.45000005 2.10312495 1.67412502
v 1.45000005 2.45937493 1.92437500
v 1.45000005 3.17187491 2.42487496
v 1.45000005 2.81562492 2.17462498
v 1.45000005 2.10312495 1.35537502
v 1.45000005 2.45937493 0.96812502
v 1.45000005 2.28124994 1.48050001
v 1.45000005 3.17187491 0.19362500
v 1.45000005 2.81562492 0.58087501
v 1.45000005 2.63749993 1.73074999
v 1.45000005 2.63749993 1.09325001
v 1.45000005 2.45937493 1.60562500
v 1.45000005 2.45937493 1.28687501
v 1.45000005 3.34999990 2.23124996
v 1.45000005 3.34999990 1.59374997
v 1.45000005 3.17187491 2.10612497
v 1.45000005 3.34999990 0.31874999
v 1.45000005 3.34999990 0.95624998
v 1.45000005 3.17187491 0.51237500
v 1.45000005 2.81562492 1.85587499
v 1.45000005 3.17187491 1.46862498
v 1.45000005 2.99374992 1.98099998
v 1.45000005 2.81562492 1.53712499
v 1.45000005 3.17187491 1.78737497
v 1.45000005 2.81562492 0.89962500
v 1.45000005 3.17187491 1.14987499
v 1.45000005 2.99374992 0.70600000
v 1.45000005 2.81562492 1.21837500
v 1.45000005 3.17187491 0.83112499
v 1.45000005 2.99374992 1.34349999
v 1.45000005 1.92499995 1.48037502
v 1.45000005 1.92499995 1.34312502
v 1.45000005 2.10312495 1.28675002
v 1.45000005 1.92499995 1.06862500
v 1.45000005 1.92499995 1.20587501
v 1.45000005 2.45937493 0.89950001
v 1.45000005 2.10312495 1.14950001
v 1.45000005 2.28124994 1.09312502
v 1.45000005 2.10312495 1.21812502
v 1.45000005 3.17187491 0.12500000
v 1.45000005 2.81562492 0.37500000
v 1.45000005 2.99374992 0.31862500
v 1.45000005 2.10312495 0.87500000
v 1.45000005 2.45937493 0.62500000
v 1.45000005 2.10312495 0.94362500
v 1.45000005 2.63749993 0.70587501
v 1.45000005 2.63749993 0.56862500
v 1.45000005 2.81562492 0.51225001
v 1.45000005 2.45937493 0.83087501
v 1.45000005 2.81562492 0.44362500
v 1.45000005 2.10312495 1.08087501
v 1.45000005 2.45937493 0.69362500
v 1.45000005 2.10312495 1.01225001
v 1.45000005 2.28124994 0.95587501
v 1.45000005 2.28124994 0.81862500
v 1.45000005 2.45937493 0.76225001
v 1.45000005 3.15144345 0.12501703
v 1.45000005 2.75433055 0.37505110
v 1.45000005 2.97331846 0.25001703
v 1.45000005 1.96010473 0.87511922
v 1.45000005 2.35721764 0.62508516
v 1.45000005 2.61706847 0.50001703
v 1.45000005 2.57620555 0.50005110
v 1.45000005 2.79519346 0.37501703
v 1.45000005 2.77476200 0.37503406
v 1.45000005 1.90456849 1.00001703
v 1.45000005 1.86370558 1.00005110
v 1.45000005 2.08269349 0.87501703
v 1.45000005 1.78197974 1.00011922
v 1.45000005 1.82284266 1.00008516
v 1.45000005 1.98053619 0.87510219
v 1.45000005 2.43894348 0.62501703
v 1.45000005 2.04183057 0.87505110
v 1.45000005 2.26081848 0.75001703
v 1.45000005 2.41851202 0.62503406
v 1.45000005 2.06226203 0.87503406
v 1.45000005 2.37764910 0.62506813
v 1.45000005 2.02139911 0.87506813
v 1.45000005 2.17909265 0.75008516
v 1.45000005 2.39808056 0.62505110
v 1.45000005 2.00096765 0.87508516
v 1.45000005 2.21995556 0.75005110
v 1.45000005 1.79543141 1.54910798
v 1.45000005 1.53629433 1.54932390
v 1.45000005 1.97355641 1.67423297
v 1.45000005 1.01802018 1.54975574
v 1.45000005 1.27715725 1.54953982
v 1.45000005 2.32980639 1.92448296
v 1.45000005 1.71441933 1.67444889
v 1.45000005 2.15168140 1.79935797
v 1.45000005 1.84398787 1.67434093
v 1.45000005 3.04230637 2.42498292
v 1.45000005 2.42691930 2.17494886
v 1.45000005 2.86418138 2.29985793
v 1.45000005 1.19614517 1.67488073
v 1.45000005 1.81153224 1.92491479
v 1.45000005 1.32571371 1.67477277
v 1.45000005 2.50793139 2.04960795
v 1.45000005 2.24879431 2.04982387
v 1.45000005 2.68605638 2.17473294
v 1.45000005 2.20023786 1.92459092
v 1.45000005 2.55648784 2.17484090
v 1.45000005 1.58485079 1.67455685
v 1.45000005 1.94110078 1.92480683
v 1.45000005 1.45528225 1.67466481
v 1.45000005 1.89254432 1.79957388
v 1.45000005 1.63340724 1.79978980
v 1.45000005 2.07066932 1.92469887
v 1.45000005 2.84374992 2.54999995
v 1.45000005 1.83124994 2.54999995
v 1.45000005 2.53605638 2.42498292
v 1.45000005 -0.19375000 2.54999995
v 1.45000005 0.81874997 2.54999995
v 1.45000005 1.92066932 2.17494886
v 1.45000005 1.52355641 2.42498292
v 1.45000005 2.22836285 2.29996589
v 1.45000005 2.02980640 2.42498292
v 1.45000005 0.68989518 1.67488073
v 1.45000005 0.29278228 1.92491479
v 1.45000005 0.99758872 1.79989776
v 1.45000005 -0.50144354 2.42498292
v 1.45000005 -0.10433063 2.17494886
v 1.45000005 0.00480645 2.42498292
v 1.45000005 1.61297578 2.04993182
v 1.45000005 0.60047581 2.04993182
v 1.45000005 1.30528225 1.92491479
v 1.45000005 1.41441933 2.17494886
v 1.45000005 0.79903226 1.92491479
v 1.45000005 1.01730642 2.42498292
v 1.45000005 0.40191936 2.17494886
v 1.45000005 0.51105644 2.42498292
v 1.45000005 1.21586288 2.29996589
v 1.45000005 0.20336290 2.29996589
v 1.45000005 0.90816934 2.17494886
v 1.45000005 2.84374992 0.00000000
v 1.45000005 1.83124994 0.00000000
v 1.45000005 -0.19375000 0.00000000
v 1.45000005 0.81874997 0.00000000
v 1.45000005 -0.52187499 0.12512501
v 1.45000005 -0.16562498 0.37537502
v 1.45000005 0.54687502 0.87587504
v 1.45000005 0.19062502 0.62562503
v 1.45000005 3.10882714 0.12505254
v 1.45000005 2.62648162 0.37515762
v 1.45000005 2.91027069 0.25006957
v 1.45000005 2.60257716 0.12505254
v 1.45000005 1.66179058 0.87536779
v 1.45000005 2.14413610 0.62526271
v 1.45000005 2.51315778 0.50010364
v 1.45000005 2.42792517 0.50017466
v 1.45000005 2.71171424 0.37508661
v 1.45000005 2.66909793 0.37512212
v 1.45000005 1.59007718 0.12505254
v 1.45000005 2.12023164 0.37515762
v 1.45000005 2.09632717 0.12505254
v 1.45000005 2.36140440 0.25010508
v 1.45000005 1.71893197 1.00017177
v 1.45000005 1.63369936 1.00024278
v 1.45000005 1.91748843 0.87515473
v 1.45000005 1.46323413 1.00038482
v 1.45000005 1.54846674 1.00031380
v 1.45000005 1.70440689 0.87533228
v 1.45000005 2.31460133 0.62512067
v 1.45000005 1.83225581 0.87522575
v 1.45000005 2.11604488 0.75013770
v 1.45000005 2.27198502 0.62515618
v 1.45000005 1.87487212 0.87519024
v 1.45000005 2.18675241 0.62522720
v 1.45000005 1.78963950 0.87526126
v 1.45000005 1.94557965 0.75027974
v 1.45000005 2.22936872 0.62519169
v 1.45000005 1.74702320 0.87529677
v 1.45000005 2.03081226 0.75020872
v 1.45000005 -0.43492276 0.12505254
v 1.45000005 0.09523169 0.37515762
v 1.45000005 0.07132722 0.12505254
v 1.45000005 -0.25679776 0.25017755
v 1.45000005 1.15554059 0.87536779
v 1.45000005 0.62538614 0.62526271
v 1.45000005 1.39671335 0.75031525
v 1.45000005 1.08382720 0.12505254
v 1.45000005 0.60148168 0.37515762
v 1.45000005 0.57757721 0.12505254
v 1.45000005 1.34890442 0.25010508
v 1.45000005 0.33640445 0.25010508
v 1.45000005 0.09945224 0.50042756
v 1.45000005 0.27335669 0.50028263
v 1.45000005 -0.07867276 0.37530255
v 1.45000005 0.00827947 0.37523009
v 1.45000005 1.87905888 0.50021017
v 1.45000005 0.86655890 0.50021017
v 1.45000005 1.63788611 0.62526271
v 1.45000005 1.61398165 0.37515762
v 1.45000005 1.13163613 0.62526271
v 1.45000005 1.10773166 0.37515762
v 1.45000005 0.81195225 1.00092758
v 1.45000005 0.98585670 1.00078265
v 1.45000005 0.63382725 0.87580258
v 1.45000005 1.33366559 1.00049280
v 1.45000005 1.15976115 1.00063772
v 1.45000005 1.06858837 0.87544025
v 1.45000005 0.27757724 0.62555256
v 1.45000005 0.80773170 0.87565765
v 1.45000005 0.45570225 0.75067757
v 1.45000005 0.36452947 0.62548010
v 1.45000005 0.72077947 0.87573011
v 1.45000005 0.53843392 0.62533517
v 1.45000005 0.89468392 0.87558518
v 1.45000005 0.80351114 0.75038771
v 1.45000005 0.45148169 0.62540764
v 1.45000005 0.98163614 0.87551272
v 1.45000005 0.62960669 0.75053264
v 1.45000005 -0.69999999 0.26249999
v 1.45000005 -0.69999999 0.78749996
v 1.45000005 -0.52187499 0.38762499
v 1.45000005 -0.69999999 1.83749992
v 1.45000005 -0.69999999 1.31249994
v 1.45000005 -0.16562498 0.63787501
v 1.45000005 -0.52187499 0.91262497
v 1.45000005 -0.34374999 0.51275000
v 1.45000005 -0.52187499 0.65012498
v 1.45000005 0.54687502 1.13837503
v 1.45000005 0.19062502 1.41312499
v 1.45000005 0.36875002 1.01325002
v 1.45000005 -0.52187499 1.96262492
v 1.45000005 -0.16562498 1.68787496
v 1.45000005 -0.52187499 1.70012493
v 1.45000005 0.01250002 0.76300001
v 1.45000005 0.01250002 1.28799999
v 1.45000005 0.19062502 0.88812502
v 1.45000005 -0.16562498 0.90037499
v 1.45000005 0.19062502 1.15062501
v 1.45000005 -0.52187499 1.17512496
v 1.45000005 -0.16562498 1.42537497
v 1.45000005 -0.52187499 1.43762495
v 1.45000005 -0.34374999 1.03774998
v 1.45000005 -0.34374999 1.56274995
v 1.45000005 -0.16562498 1.16287498
v 1.45000005 0.72500002 1.04601392
v 1.45000005 0.72500002 1.13604167
v 1.45000005 0.54687502 1.18338890
v 1.45000005 0.72500002 1.31609717
v 1.45000005 0.72500002 1.22606942
v 1.45000005 0.19062502 1.45813887
v 1.45000005 0.54687502 1.27341665
v 1.45000005 0.36875002 1.32076389
v 1.45000005 0.54687502 1.22840278
v 1.45000005 -0.52187499 2.00763880
v 1.45000005 -0.16562498 1.82291658
v 1.45000005 -0.34374999 1.87026381
v 1.45000005 0.54687502 1.45347215
v 1.45000005 0.19062502 1.63819437
v 1.45000005 0.54687502 1.40845828
v 1.45000005 0.01250002 1.59551385
v 1.45000005 0.01250002 1.68554160
v 1.45000005 -0.16562498 1.73288883
v 1.45000005 0.19062502 1.50315274
v 1.45000005 -0.16562498 1.77790271
v 1.45000005 0.54687502 1.31843053
v 1.45000005 0.19062502 1.59318049
v 1.45000005 0.54687502 1.36344440
v 1.45000005 0.36875002 1.41079164
v 1.45000005 0.36875002 1.50081939
v 1.45000005 0.19062502 1.54816662
v 1.45000005 0.86802018 1.54988073
v 1.45000005 0.82715728 1.54991479
v 1.45000005 0.66946373 1.67489776
v 1.45000005 0.74543148 1.54998292
v 1.45000005 0.78629438 1.54994886
v 1.45000005 0.27235083 1.92493182
v 1.45000005 0.62860083 1.67493182
v 1.45000005 0.47090728 1.79991479
v 1.45000005 0.64903228 1.67491479
v 1.45000005 -0.52187499 2.42499995
v 1.45000005 -0.16562498 2.17499995
v 1.45000005 -0.32331853 2.29998292
v 1.45000005 -0.52187499 2.36874995
v 1.45000005 0.54687502 1.67499995
v 1.45000005 0.19062502 1.92499995
v 1.45000005 0.56730647 1.67498292
v 1.45000005 0.07379437 2.04994886
v 1.45000005 0.03293147 2.04998292
v 1.45000005 -0.12476208 2.17496589
v 1.45000005 0.25191937 1.92494886
v 1.45000005 -0.14519353 2.17498292
v 1.45000005 -0.52187499 2.25624993
v 1.45000005 -0.16562498 2.11874995
v 1.45000005 -0.52187499 2.31249994
v 1.45000005 -0.34374999 2.24374995
v 1.45000005 0.60816938 1.67494886
v 1.45000005 0.21105647 1.92498292
v 1.45000005 0.58773793 1.67496589
v 1.45000005 0.43004438 1.79994886
v 1.45000005 0.38918147 1.79998292
v 1.45000005 0.23148792 1.92496589
v 1.45000005 -0.52187499 2.03124991
v 1.45000005 -0.16562498 1.89374992
v 1.45000005 -0.52187499 2.08749992
v 1.45000005 -0.34374999 1.93888880
v 1.45000005 0.54687502 1.61874995
v 1.45000005 0.19062502 1.75624993
v 1.45000005 0.36875002 1.74374995
v 1.45000005 -0.52187499 2.19999993
v 1.45000005 -0.16562498 1.94999993
v 1.45000005 -0.52187499 2.14374992
v 1.45000005 -0.34374999 2.13124993
v 1.45000005 -0.34374999 2.01874992
v 1.45000005 0.01250002 1.75416659
v 1.45000005 0.01250002 1.80138882
v 1.45000005 -0.16562498 1.84652770
v 1.45000005 -0.16562498 1.87013881
v 1.45000005 0.01250002 1.99374995
v 1.45000005 0.01250002 1.88124993
v 1.45000005 0.19062502 1.86874995
v 1.45000005 -0.16562498 2.06249994
v 1.45000005 0.19062502 1.81249994
v 1.45000005 -0.16562498 2.00624993
v 1.45000005 0.72500002 1.38472216
v 1.45000005 0.72500002 1.43194439
v 1.45000005 0.54687502 1.47708327
v 1.45000005 0.72500002 1.52638884
v 1.45000005 0.72500002 1.47916661
v 1.45000005 0.54687502 1.59513883
v 1.45000005 0.19062502 1.66180548
v 1.45000005 0.54687502 1.52430549
v 1.45000005 0.36875002 1.56944437
v 1.45000005 0.19062502 1.68541659
v 1.45000005 0.54687502 1.50069438
v 1.45000005 0.19062502 1.73263882
v 1.45000005 0.54687502 1.54791661
v 1.45000005 0.36875002 1.66388883
v 1.45000005 0.19062502 1.70902771
v 1.45000005 0.54687502 1.57152772
v 1.45000005 0.36875002 1.61666660
v 2.34999990 -0.75000000 0.00000000
v 2.34999990 -0.75000000 2.09999990
v 1.45000005 -0.75000000 2.09999990
v 1.45000005 -0.75000000 0.00000000
v 2.34999990 -0.75000000 1.04999995
v 1.89999998 -0.75000000 1.04999995
v 1.89999998 -0.75000000 2.09999990
v 1.89999998 -0.75000000 0.00000000
v 1.45000005 -0.75000000 1.04999995
v 2.34999990 -0.75000000 0.52499998
v 2.34999990 -0.75000000 1.57499993
v 2.12499994 -0.75000000 0.52499998
v 1.67500001 -0.75000000 1.57499993
v 2.12499994 -0.75000000 1.04999995
v 2.12499994 -0.75000000 2.09999990
v 1.67500001 -0.75000000 2.09999990
v 2.12499994 -0.75000000 1.57499993
v 1.89999998 -0.75000000 1.57499993
v 2.12499994 -0.75000000 0.00000000
v 1.67500001 -0.75000000 0.00000000
v 1.89999998 -0.75000000 0.52499998
v 1.45000005 -0.75000000 1.57499993
v 1.45000005 -0.75000000 0.52499998
v 1.67500001 -0.75000000 1.04999995
v 1.67500001 -0.75000000 0.52499998
v 2.34999990 -0.75000000 0.26249999
v 2.34999990 -0.75000000 0.78749996
v 2.34999990 -0.75000000 1.83749992
v 2.34999990 -0.75000000 1.31249994
v 2.23749992 -0.75000000 0.26249999
v 2.01249996 -0.75000000 0.78749996
v 2.23749992 -0.75000000 0.52499998
v 1.56250003 -0.75000000 1.83749992
v 1.78749999 -0.75000000 1.31249994
v 2.23749992 -0.75000000 1.04999995
v 2.01249996 -0.75000000 1.04999995
v 2.23749992 -0.75000000 0.78749996
v 2.12499994 -0.75000000 0.78749996
v 2.23749992 -0.75000000 2.09999990
v 2.01249996 -0.75000000 2.09999990
v 2.23749992 -0.75000000 1.83749992
v 1.56250003 -0.75000000 2.09999990
v 1.78749999 -0.75000000 2.09999990
v 1.67500001 -0.75000000 1.83749992
v 2.23749992 -0.75000000 1.31249994
v 2.01249996 -0.75000000 1.83749992
v 2.23749992 -0.75000000 1.57499993
v 2.12499994 -0.75000000 1.31249994
v 2.12499994 -0.75000000 1.83749992
v 1.89999998 -0.75000000 1.31249994
v 1.89999998 -0.75000000 1.83749992
v 1.78749999 -0.75000000 1.57499993
v 2.01249996 -0.75000000 1.31249994
v 1.78749999 -0.75000000 1.83749992
v 2.01249996 -0.75000000 1.57499993
v 2.23749992 -0.75000000 0.00000000
v 2.01249996 -0.75000000 0.00000000
v 2.12499994 -0.75000000 0.26249999
v 1.56250003 -0.75000000 0.00000000
v 1.78749999 -0.75000000 0.00000000
v 1.89999998 -0.75000000 0.78749996
v 1.89999998 -0.75000000 0.26249999
v 2.01249996 -0.75000000 0.52499998
v 2.01249996 -0.75000000 0.26249999
v 1.45000005 -0.75000000 1.83749992
v 1.45000005 -0.75000000 1.31249994
v 1.56250003 -0.75000000 1.57499993
v 1.45000005 -0.75000000 0.26249999
v 1.45000005 -0.75000000 0.78749996
v 1.56250003 -0.75000000 0.26249999
v 1.78749999 -0.75000000 1.04999995
v 1.56250003 -0.75000000 1.04999995
v 1.67500001 -0.75000000 1.31249994
v 1.78749999 -0.75000000 0.78749996
v 1.56250003 -0.75000000 1.31249994
v 1.78749999 -0.75000000 0.26249999
v 1.56250003 -0.75000000 0.78749996
v 1.67500001 -0.75000000 0.26249999
v 1.78749999 -0.75000000 0.52499998
v 1.56250003 -0.75000000 0.52499998
v 1.67500001 -0.75000000 0.78749996
v 1.89999998 -0.72499999 2.09999990
v 1.45000005 -0.72499999 2.09999990
v 2.34999990 -0.72499999 2.09999990
v 2.12499994 -0.71249999 2.09999990
v 1.67500001 -0.73750000 2.09999990
v 1.89999998 -0.71249999 2.09999990
v 1.45000005 -0.71249999 2.09999990
v 1.45000005 -0.73750000 2.09999990
v 1.67500001 -0.71249999 2.09999990
v 1.67500001 -0.72499999 2.09999990
v 2.34999990 -0.71249999 2.09999990
v 2.34999990 -0.73750000 2.09999990
v 2.12499994 -0.72499999 2.09999990
v 1.89999998 -0.73750000 2.09999990
v 2.12499994 -0.73750000 2.09999990
v 2.23749992 -0.70624999 2.09999990
v 2.01249996 -0.71874999 2.09999990
v 2.12499994 -0.70624999 2.09999990
v 1.56250003 -0.74375000 2.09999990
v 1.78749999 -0.73125000 2.09999990
v 1.89999998 -0.70624999 2.09999990
v 1.89999998 -0.71874999 2.09999990
v 2.01249996 -0.70624999 2.09999990
v 2.01249996 -0.71249999 2.09999990
v 1.45000005 -0.70624999 2.09999990
v 1.45000005 -0.71874999 2.09999990
v 1.56250003 -0.70624999 2.09999990
v 1.45000005 -0.74375000 2.09999990
v 1.45000005 -0.73125000 2.09999990
v 1.56250003 -0.73750000 2.09999990
v 1.78749999 -0.70624999 2.09999990
v 1.56250003 -0.71874999 2.09999990
v 1.67500001 -0.70624999 2.09999990
v 1.78749999 -0.71249999 2.09999990
v 1.56250003 -0.71249999 2.09999990
v 1.78749999 -0.72499999 2.09999990
v 1.56250003 -0.72499999 2.09999990
v 1.67500001 -0.73125000 2.09999990
v 1.78749999 -0.71874999 2.09999990
v 1.56250003 -0.73125000 2.09999990
v 1.67500001 -0.71874999 2.09999990
v 2.34999990 -0.70624999 2.09999990
v 2.34999990 -0.71874999 2.09999990
v 2.23749992 -0.71249999 2.09999990
v 2.34999990 -0.74375000 2.09999990
v 2.34999990 -0.73125000 2.09999990
v 2.01249996 -0.72499999 2.09999990
v 2.23749992 -0.72499999 2.09999990
v 2.12499994 -0.71874999 2.09999990
v 2.23749992 -0.71874999 2.09999990
v 1.67500001 -0.74375000 2.09999990
v 2.23749992 -0.74375000 2.09999990
v 1.89999998 -0.73125000 2.09999990
v 1.89999998 -0.74375000 2.09999990
v 1.78749999 -0.73750000 2.09999990
v 2.01249996 -0.73125000 2.09999990
v 1.78749999 -0.74375000 2.09999990
v 2.23749992 -0.73125000 2.09999990
v 2.01249996 -0.74375000 2.09999990
v 2.23749992 -0.73750000 2.09999990
v 2.12499994 -0.73125000 2.09999990
v 2.12499994 -0.74375000 2.09999990
v 2.01249996 -0.73750000 2.09999990
v 2.34999990 -0.72499999 0.00000000
v 1.89999998 -0.72499999 0.00000000
v 1.89999998 -0.69999999 0.00000000
v 1.45000005 -0.72499999 0.00000000
v 2.34999990 -0.71249999 0.00000000
v 2.34999990 -0.73750000 0.00000000
v 2.12499994 -0.71249999 0.00000000
v 1.67500001 -0.73750000 0.00000000
v 2.12499994 -0.72499999 0.00000000
v 2.12499994 -0.73750000 0.00000000
v 1.89999998 -0.73750000 0.00000000
v 2.12499994 -0.69999999 0.00000000
v 1.67500001 -0.69999999 0.00000000
v 1.89999998 -0.71249999 0.00000000
v 1.45000005 -0.73750000 0.00000000
v 1.45000005 -0.71249999 0.00000000
v 1.67500001 -0.72499999 0.00000000
v 1.67500001 -0.71249999 0.00000000
v 2.34999990 -0.70624999 0.00000000
v 2.34999990 -0.71874999 0.00000000
v 2.34999990 -0.74375000 0.00000000
v 2.34999990 -0.73125000 0.00000000
v 2.23749992 -0.70624999 0.00000000
v 2.01249996 -0.71874999 0.00000000
v 2.23749992 -0.71249999 0.00000000
v 1.56250003 -0.74375000 0.00000000
v 1.78749999 -0.73125000 0.00000000
v 2.23749992 -0.72499999 0.00000000
v 2.01249996 -0.72499999 0.00000000
v 2.23749992 -0.71874999 0.00000000
v 2.12499994 -0.71874999 0.00000000
v 2.23749992 -0.74375000 0.00000000
v 1.67500001 -0.74375000 0.00000000
v 2.23749992 -0.73125000 0.00000000
v 2.01249996 -0.74375000 0.00000000
v 2.23749992 -0.73750000 0.00000000
v 2.12499994 -0.73125000 0.00000000
v 2.12499994 -0.74375000 0.00000000
v 1.89999998 -0.73125000 0.00000000
v 1.89999998 -0.74375000 0.00000000
v 1.78749999 -0.73750000 0.00000000
v 2.01249996 -0.73125000 0.00000000
v 1.78749999 -0.74375000 0.00000000
v 2.01249996 -0.73750000 0.00000000
v 2.23749992 -0.69999999 0.00000000
v 2.01249996 -0.69999999 0.00000000
v 2.12499994 -0.70624999 0.00000000
v 1.56250003 -0.69999999 0.00000000
v 1.78749999 -0.69999999 0.00000000
v 1.89999998 -0.71874999 0.00000000
v 1.89999998 -0.70624999 0.00000000
v 2.01249996 -0.71249999 0.00000000
v 2.01249996 -0.70624999 0.00000000
v 1.45000005 -0.74375000 0.00000000
v 1.45000005 -0.73125000 0.00000000
v 1.56250003 -0.73750000 0.00000000
v 1.45000005 -0.70624999 0.00000000
v 1.45000005 -0.71874999 0.00000000
v 1.56250003 -0.70624999 0.00000000
v 1.78749999 -0.72499999 0.00000000
v 1.56250003 -0.72499999 0.00000000
v 1.67500001 -0.73125000 0.00000000
v 1.78749999 -0.71874999 0.00000000
v 1.56250003 -0.73125000 0.00000000
v 1.78749999 -0.70624999 0.00000000
v 1.56250003 -0.71874999 0.00000000
v 1.67500001 -0.70624999 0.00000000
v 1.78749999 -0.71249999 0.00000000
v 1.56250003 -0.71249999 0.00000000
v 1.67500001 -0.71874999 0.00000000
v 2.34999990 -0.72499999 1.04999995
v 2.34999990 -0.71249999 1.57499993
v 2.34999990 -0.73750000 0.52499998
v 2.34999990 -0.72499999 1.57499993
v 2.34999990 -0.73750000 1.57499993
v 2.34999990 -0.73750000 1.04999995
v 2.34999990 -0.71249999 1.04999995
v 2.34999990 -0.72499999 0.52499998
v 2.34999990 -0.71249999 0.52499998
v 2.34999990 -0.70624999 1.83749992
v 2.34999990 -0.71874999 1.31249994
v 2.34999990 -0.71249999 1.83749992
v 2.34999990 -0.74375000 0.26249999
v 2.34999990 -0.73125000 0.78749996
v 2.34999990 -0.72499999 1.83749992
v 2.34999990 -0.72499999 1.31249994
v 2.34999990 -0.71874999 1.83749992
v 2.34999990 -0.71874999 1.57499993
v 2.34999990 -0.74375000 1.83749992
v 2.34999990 -0.74375000 0.52499998
v 2.34999990 -0.73125000 1.83749992
v 2.34999990 -0.74375000 1.31249994
v 2.34999990 -0.73750000 1.83749992
v 2.34999990 -0.73125000 1.57499993
v 2.34999990 -0.74375000 1.57499993
v 2.34999990 -0.73125000 1.04999995
v 2.34999990 -0.74375000 1.04999995
v 2.34999990 -0.73750000 0.78749996
v 2.34999990 -0.73125000 1.31249994
v 2.34999990 -0.74375000 0.78749996
v 2.34999990 -0.73750000 1.31249994
v 2.34999990 -0.70624999 1.57499993
v 2.34999990 -0.71874999 1.04999995
v 2.34999990 -0.70624999 1.04999995
v 2.34999990 -0.71249999 1.31249994
v 2.34999990 -0.70624999 1.31249994
v 2.34999990 -0.73750000 0.26249999
v 2.34999990 -0.70624999 0.26249999
v 2.34999990 -0.72499999 0.78749996
v 2.34999990 -0.72499999 0.26249999
v 2.34999990 -0.73125000 0.52499998
v 2.34999990 -0.71874999 0.78749996
v 2.34999990 -0.73125000 0.26249999
v 2.34999990 -0.70624999 0.78749996
v 2.34999990 -0.71874999 0.26249999
v 2.34999990 -0.70624999 0.52499998
v 2.34999990 -0.71249999 0.78749996
v 2.34999990 -0.71249999 0.26249999
v 2.34999990 -0.71874999 0.52499998
v 1.45000005 -0.72499999 1.04999995
v 1.45000005 -0.73750000 1.57499993
v 1.45000005 -0.71249999 0.52499998
v 1.45000005 -0.72499999 1.57499993
v 1.45000005 -0.71249999 1.57499993
v 1.45000005 -0.71249999 1.04999995
v 1.45000005 -0.73750000 1.04999995
v 1.45000005 -0.72499999 0.52499998
v 1.45000005 -0.73750000 0.52499998
v 1.45000005 -0.74375000 1.83749992
v 1.45000005 -0.73125000 1.31249994
v 1.45000005 -0.73750000 1.83749992
v 1.45000005 -0.70624999 0.26249999
v 1.45000005 -0.71874999 0.78749996
v 1.45000005 -0.72499999 1.83749992
v 1.45000005 -0.72499999 1.31249994
v 1.45000005 -0.73125000 1.83749992
v 1.45000005 -0.73125000 1.57499993
v 1.45000005 -0.70624999 1.83749992
v 1.45000005 -0.70624999 0.52499998
v 1.45000005 -0.71874999 1.83749992
v 1.45000005 -0.70624999 1.31249994
v 1.45000005 -0.71249999 1.83749992
v 1.45000005 -0.71874999 1.57499993
v 1.45000005 -0.70624999 1.57499993
v 1.45000005 -0.71874999 1.04999995
v 1.45000005 -0.70624999 1.04999995
v 1.45000005 -0.71249999 0.78749996
v 1.45000005 -0.71874999 1.31249994
v 1.45000005 -0.70624999 0.78749996
v 1.45000005 -0.71249999 1.31249994
v 1.45000005 -0.74375000 1.57499993
v 1.45000005 -0.73125000 1.04999995
v 1.45000005 -0.74375000 1.04999995
v 1.45000005 -0.73750000 1.31249994
v 1.45000005 -0.74375000 1.31249994
v 1.45000005 -0.71249999 0.26249999
v 1.45000005 -0.74375000 0.26249999
v 1.45000005 -0.72499999 0.78749996
v 1.45000005 -0.72499999 0.26249999
v 1.45000005 -0.71874999 0.52499998
v 1.45000005 -0.73125000 0.78749996
v 1.45000005 -0.71874999 0.26249999
v 1.45000005 -0.74375000 0.78749996
v 1.45000005 -0.73125000 0.26249999
v 1.45000005 -0.74375000 0.52499998
v 1.45000005 -0.73750000 0.78749996
v 1.45000005 -0.73750000 0.26249999
v 1.45000005 -0.73125000 0.52499998
v 2.70000005 -0.10000000 2.00000000
v 5.00000000 -0.10000000 2.00000000
v 5.00000000 -0.22352946 2.00000000
v 5.00000000 -0.24999982 2.00000000
v 3.85000002 -0.39999999 2.00000000
v 2.70000005 -0.39999999 2.00000000
v 3.85000002 -0.10000000 2.00000000
v 3.85000002 -0.16176473 2.00000000
v 5.00000000 -0.16176473 2.00000000
v 5.00000000 -0.47499990 2.00000000
v 3.85000002 -0.17499991 2.00000000
v 5.00000000 -0.23676464 2.00000000
v 4.42500001 -0.54999999 2.00000000
v 3.27500004 -0.25000000 2.00000000
v 3.85000002 -0.54999999 2.00000000
v 2.70000005 -0.54999999 2.00000000
v 2.70000005 -0.25000000 2.00000000
v 3.27500004 -0.54999999 2.00000000
v 3.27500004 -0.39999999 2.00000000
v 3.27500004 -0.10000000 2.00000000
v 4.42500001 -0.10000000 2.00000000
v 3.27500004 -0.13088237 2.00000000
v 4.42500001 -0.19264709 2.00000000
v 3.85000002 -0.13088237 2.00000000
v 5.00000000 -0.13088237 2.00000000
v 5.00000000 -0.19264709 2.00000000
v 4.42500001 -0.13088237 2.00000000
v 4.42500001 -0.16176473 2.00000000
v 5.00000000 -0.58749995 2.00000000
v 5.00000000 -0.36249986 2.00000000
v 4.42500001 -0.43749995 2.00000000
v 3.27500004 -0.13749996 2.00000000
v 4.42500001 -0.21249987 2.00000000
v 3.85000002 -0.28749995 2.00000000
v 3.85000002 -0.16838232 2.00000000
v 4.42500001 -0.32499991 2.00000000
v 5.00000000 -0.23014705 2.00000000
v 5.00000000 -0.24338223 2.00000000
v 4.42500001 -0.19926468 2.00000000
v 4.42500001 -0.20588228 2.00000000
v 4.71250001 -0.62499999 2.00000000
v 4.13750002 -0.47499999 2.00000000
v 4.42500001 -0.62499999 2.00000000
v 2.98750004 -0.17500000 2.00000000
v 3.56250003 -0.32500000 2.00000000
v 3.85000002 -0.62499999 2.00000000
v 3.85000002 -0.47499999 2.00000000
v 4.13750002 -0.62499999 2.00000000
v 4.13750002 -0.54999999 2.00000000
v 2.70000005 -0.62499999 2.00000000
v 2.70000005 -0.47499999 2.00000000
v 2.98750004 -0.62499999 2.00000000
v 2.70000005 -0.17500000 2.00000000
v 2.70000005 -0.32500000 2.00000000
v 2.98750004 -0.25000000 2.00000000
v 3.56250003 -0.62499999 2.00000000
v 2.98750004 -0.47499999 2.00000000
v 3.27500004 -0.62499999 2.00000000
v 3.56250003 -0.54999999 2.00000000
v 2.98750004 -0.54999999 2.00000000
v 3.56250003 -0.39999999 2.00000000
v 2.98750004 -0.39999999 2.00000000
v 3.27500004 -0.32500000 2.00000000
v 3.56250003 -0.47499999 2.00000000
v 2.98750004 -0.32500000 2.00000000
v 3.27500004 -0.47499999 2.00000000
v 2.98750004 -0.10000000 2.00000000
v 3.56250003 -0.10000000 2.00000000
v 4.71250001 -0.10000000 2.00000000
v 4.13750002 -0.10000000 2.00000000
v 2.98750004 -0.11544118 2.00000000
v 3.56250003 -0.14632355 2.00000000
v 3.27500004 -0.11544118 2.00000000
v 4.71250001 -0.20808828 2.00000000
v 4.13750002 -0.17720591 2.00000000
v 3.85000002 -0.11544118 2.00000000
v 3.85000002 -0.14632355 2.00000000
v 3.56250003 -0.11544118 2.00000000
v 3.56250003 -0.13088237 2.00000000
v 5.00000000 -0.11544118 2.00000000
v 5.00000000 -0.14632355 2.00000000
v 4.71250001 -0.11544118 2.00000000
v 5.00000000 -0.20808828 2.00000000
v 5.00000000 -0.17720591 2.00000000
v 4.71250001 -0.19264709 2.00000000
v 4.13750002 -0.11544118 2.00000000
v 4.71250001 -0.14632355 2.00000000
v 4.42500001 -0.11544118 2.00000000
v 4.13750002 -0.13088237 2.00000000
v 4.71250001 -0.13088237 2.00000000
v 4.13750002 -0.16176473 2.00000000
v 4.71250001 -0.16176473 2.00000000
v 4.42500001 -0.17720591 2.00000000
v 4.13750002 -0.14632355 2.00000000
v 4.71250001 -0.17720591 2.00000000
v 4.42500001 -0.14632355 2.00000000
v 5.00000000 -0.64374997 2.00000000
v 5.00000000 -0.53124993 2.00000000
v 4.71250001 -0.56874997 2.00000000
v 5.00000000 -0.30624984 2.00000000
v 5.00000000 -0.41874988 2.00000000
v 4.13750002 -0.41874997 2.00000000
v 4.71250001 -0.45624993 2.00000000
v 4.42500001 -0.49374997 2.00000000
v 4.71250001 -0.51249995 2.00000000
v 2.98750004 -0.11874998 2.00000000
v 3.56250003 -0.15624993 2.00000000
v 3.27500004 -0.19374998 2.00000000
v 3.27500004 -0.13419116 2.00000000
v 4.71250001 -0.23124984 2.00000000
v 4.13750002 -0.19374989 2.00000000
v 4.71250001 -0.28749986 2.00000000
v 3.85000002 -0.34374997 2.00000000
v 3.85000002 -0.23124993 2.00000000
v 3.56250003 -0.26874998 2.00000000
v 4.13750002 -0.36249995 2.00000000
v 3.56250003 -0.21249995 2.00000000
v 3.85000002 -0.16507353 2.00000000
v 3.85000002 -0.17169112 2.00000000
v 3.56250003 -0.14963234 2.00000000
v 3.56250003 -0.15294114 2.00000000
v 4.71250001 -0.39999991 2.00000000
v 4.13750002 -0.24999991 2.00000000
v 4.71250001 -0.34374989 2.00000000
v 4.42500001 -0.38124993 2.00000000
v 4.42500001 -0.26874989 2.00000000
v 4.13750002 -0.30624993 2.00000000
v 5.00000000 -0.22683825 2.00000000
v 5.00000000 -0.23345584 2.00000000
v 4.71250001 -0.21139707 2.00000000
v 5.00000000 -0.24669103 2.00000000
v 5.00000000 -0.24007344 2.00000000
v 4.71250001 -0.22794105 2.00000000
v 4.13750002 -0.18051471 2.00000000
v 4.71250001 -0.21801466 2.00000000
v 4.42500001 -0.19595589 2.00000000
v 4.13750002 -0.18382350 2.00000000
v 4.71250001 -0.21470587 2.00000000
v 4.13750002 -0.19044109 2.00000000
v 4.71250001 -0.22132346 2.00000000
v 4.42500001 -0.20919107 2.00000000
v 4.13750002 -0.18713230 2.00000000
v 4.71250001 -0.22463225 2.00000000
v 4.42500001 -0.20257348 2.00000000
v 5.00000000 -0.10000000 1.85740733
v 2.70000005 -0.10000000 0.00000000
v 3.41738582 -0.10000000 0.00000000
v 5.00000000 -0.10000000 1.81666696
v 4.84136057 -0.10000000 0.00000000
v 5.00000000 -0.10000000 1.51111138
v 4.54359293 -0.10000000 0.00000000
v 5.00000000 -0.10000000 0.37777779
v 5.00000000 -0.10000000 0.00000000
v 5.00000000 -0.10000000 1.92870367
v 3.85000002 -0.10000000 1.92870367
v 2.70000005 -0.10000000 1.00000000
v 3.05869293 -0.10000000 0.00000000
v 3.85000002 -0.10000000 1.90833348
v 5.00000000 -0.10000000 1.83703715
v 3.85000002 -0.10000000 0.90833348
v 4.20869291 -0.10000000 0.90833348
v 4.20869291 -0.10000000 0.75555569
v 5.00000000 -0.10000000 1.66388917
v 4.92068028 -0.10000000 0.75555569
v 3.98048937 -0.10000000 0.00000000
v 4.69247675 -0.10000000 0.00000000
v 4.77179646 -0.10000000 0.75555569
v 4.92068028 -0.10000000 0.18888889
v 5.00000000 -0.10000000 0.94444458
v 4.92068028 -0.10000000 0.00000000
v 5.00000000 -0.10000000 0.18888889
v 5.00000000 -0.10000000 1.96435183
v 5.00000000 -0.10000000 1.89305550
v 4.42500001 -0.10000000 1.96435183
v 3.27500004 -0.10000000 1.96435183
v 4.42500001 -0.10000000 1.89305550
v 3.85000002 -0.10000000 1.96435183
v 4.42500001 -0.10000000 1.92870367
v 2.70000005 -0.10000000 1.50000000
v 2.70000005 -0.10000000 0.50000000
v 2.87934649 -0.10000000 0.00000000
v 3.23803937 -0.10000000 0.00000000
v 3.27500004 -0.10000000 1.95416674
v 4.42500001 -0.10000000 1.86250022
v 3.85000002 -0.10000000 1.91851857
v 3.27500004 -0.10000000 1.45416674
v 5.00000000 -0.10000000 1.84722224
v 5.00000000 -0.10000000 1.82685205
v 4.42500001 -0.10000000 1.88287041
v 4.42500001 -0.10000000 1.87268531
v 3.27500004 -0.10000000 0.45416674
v 4.42500001 -0.10000000 1.36250022
v 3.27500004 -0.10000000 0.95416674
v 3.45434648 -0.10000000 0.45416674
v 3.85000002 -0.10000000 1.40833348
v 3.81303936 -0.10000000 0.45416674
v 4.60434645 -0.10000000 1.36250022
v 3.63369292 -0.10000000 0.45416674
v 4.02934647 -0.10000000 0.90833348
v 3.81303936 -0.10000000 0.37777784
v 4.60434645 -0.10000000 1.13333353
v 4.20869291 -0.10000000 0.83194458
v 5.00000000 -0.10000000 1.74027807
v 5.00000000 -0.10000000 1.58750027
v 4.60434645 -0.10000000 1.28611133
v 4.60434645 -0.10000000 1.20972243
v 4.88102043 -0.10000000 0.37777784
v 4.96034014 -0.10000000 1.13333353
v 3.69893759 -0.10000000 0.00000000
v 4.26204115 -0.10000000 0.00000000
v 4.09459114 -0.10000000 0.37777784
v 4.76691866 -0.10000000 0.00000000
v 4.61803484 -0.10000000 0.00000000
v 4.80657852 -0.10000000 0.37777784
v 4.88589823 -0.10000000 1.13333353
v 4.65769470 -0.10000000 0.37777784
v 4.49024469 -0.10000000 0.75555569
v 4.84623837 -0.10000000 0.75555569
v 4.37614292 -0.10000000 0.37777784
v 4.73213661 -0.10000000 0.37777784
v 4.88102043 -0.10000000 0.09444445
v 4.96034014 -0.10000000 0.28333334
v 4.92068028 -0.10000000 0.47222229
v 5.00000000 -0.10000000 1.22777798
v 5.00000000 -0.10000000 0.66111118
v 4.96034014 -0.10000000 0.85000014
v 4.96034014 -0.10000000 0.56666674
v 4.88102043 -0.10000000 0.00000000
v 4.96034014 -0.10000000 0.00000000
v 4.92068028 -0.10000000 0.09444445
v 5.00000000 -0.10000000 0.28333334
v 5.00000000 -0.10000000 0.09444445
v 4.96034014 -0.10000000 0.18888889
v 4.96034014 -0.10000000 0.09444445
v 5.00000000 -0.10000000 1.98217592
v 5.00000000 -0.10000000 1.94652775
v 4.71250001 -0.10000000 1.98217592
v 5.00000000 -0.10000000 1.87523142
v 5.00000000 -0.10000000 1.91087958
v 4.13750002 -0.10000000 1.98217592
v 4.71250001 -0.10000000 1.94652775
v 4.42500001 -0.10000000 1.98217592
v 4.71250001 -0.10000000 1.96435183
v 2.98750004 -0.10000000 1.98217592
v 3.56250003 -0.10000000 1.94652775
v 3.27500004 -0.10000000 1.98217592
v 4.71250001 -0.10000000 1.87523142
v 4.13750002 -0.10000000 1.91087958
v 4.71250001 -0.10000000 1.89305550
v 3.85000002 -0.10000000 1.98217592
v 3.85000002 -0.10000000 1.94652775
v 3.56250003 -0.10000000 1.98217592
v 4.13750002 -0.10000000 1.96435183
v 3.56250003 -0.10000000 1.96435183
v 4.71250001 -0.10000000 1.92870367
v 4.13750002 -0.10000000 1.92870367
v 4.71250001 -0.10000000 1.91087958
v 4.42500001 -0.10000000 1.94652775
v 4.42500001 -0.10000000 1.91087958
v 4.13750002 -0.10000000 1.94652775
v 2.70000005 -0.10000000 1.75000000
v 2.70000005 -0.10000000 1.25000000
v 2.70000005 -0.10000000 0.25000000
v 2.70000005 -0.10000000 0.75000000
v 2.78967327 -0.10000000 0.00000000
v 2.96901971 -0.10000000 0.00000000
v 3.32771260 -0.10000000 0.00000000
v 3.14836615 -0.10000000 0.00000000
v 2.98750004 -0.10000000 1.97708337
v 3.56250003 -0.10000000 1.93125011
v 3.27500004 -0.10000000 1.95925929
v 2.98750004 -0.10000000 1.72708337
v 4.71250001 -0.10000000 1.83958359
v 4.13750002 -0.10000000 1.88541685
v 3.85000002 -0.10000000 1.92361112
v 3.85000002 -0.10000000 1.91342603
v 3.56250003 -0.10000000 1.94143520
v 3.56250003 -0.10000000 1.93634266
v 2.98750004 -0.10000000 1.22708337
v 3.56250003 -0.10000000 1.68125011
v 2.98750004 -0.10000000 1.47708337
v 3.27500004 -0.10000000 1.70416674
v 5.00000000 -0.10000000 1.85231479
v 5.00000000 -0.10000000 1.84212969
v 4.71250001 -0.10000000 1.87013887
v 5.00000000 -0.10000000 1.82175951
v 5.00000000 -0.10000000 1.83194460
v 4.71250001 -0.10000000 1.84467614
v 4.13750002 -0.10000000 1.90578704
v 4.71250001 -0.10000000 1.85995378
v 4.42500001 -0.10000000 1.88796295
v 4.13750002 -0.10000000 1.90069449
v 4.71250001 -0.10000000 1.86504632
v 4.13750002 -0.10000000 1.89050940
v 4.71250001 -0.10000000 1.85486123
v 4.42500001 -0.10000000 1.86759277
v 4.13750002 -0.10000000 1.89560194
v 4.71250001 -0.10000000 1.84976868
v 4.42500001 -0.10000000 1.87777786
v 2.98750004 -0.10000000 0.22708337
v 3.56250003 -0.10000000 0.68125011
v 2.98750004 -0.10000000 0.47708337
v 3.07717326 -0.10000000 0.22708337
v 4.71250001 -0.10000000 1.58958359
v 4.13750002 -0.10000000 1.13541685
v 4.42500001 -0.10000000 1.61250022
v 2.98750004 -0.10000000 0.97708337
v 3.56250003 -0.10000000 0.93125011
v 2.98750004 -0.10000000 0.72708337
v 3.27500004 -0.10000000 1.20416674
v 3.27500004 -0.10000000 0.70416674
v 3.25651971 -0.10000000 0.22708337
v 3.65217325 -0.10000000 0.68125011
v 3.16684648 -0.10000000 0.22708337
v 3.36467326 -0.10000000 0.45416674
v 3.85000002 -0.10000000 1.65833348
v 3.85000002 -0.10000000 1.15833348
v 4.13750002 -0.10000000 1.63541685
v 3.56250003 -0.10000000 1.43125011
v 4.13750002 -0.10000000 1.38541685
v 3.56250003 -0.10000000 1.18125011
v 3.61521259 -0.10000000 0.22708337
v 4.01086614 -0.10000000 0.68125011
v 3.52553937 -0.10000000 0.22708337
v 4.80217323 -0.10000000 1.58958359
v 4.40651968 -0.10000000 1.13541685
v 4.51467323 -0.10000000 1.36250022
v 3.34619293 -0.10000000 0.22708337
v 3.92119291 -0.10000000 0.68125011
v 3.43586615 -0.10000000 0.22708337
v 3.54401970 -0.10000000 0.45416674
v 3.72336614 -0.10000000 0.45416674
v 3.93967324 -0.10000000 0.90833348
v 4.11901969 -0.10000000 0.90833348
v 4.22717324 -0.10000000 1.13541685
v 3.74184647 -0.10000000 0.68125011
v 4.31684646 -0.10000000 1.13541685
v 3.83151969 -0.10000000 0.68125011
v 3.61521259 -0.10000000 0.18888892
v 4.01086614 -0.10000000 0.56666677
v 3.81303936 -0.10000000 0.41597229
v 4.80217323 -0.10000000 1.32222246
v 4.40651968 -0.10000000 0.94444461
v 4.20869291 -0.10000000 0.87013903
v 4.20869291 -0.10000000 0.79375014
v 4.01086614 -0.10000000 0.64305566
v 4.01086614 -0.10000000 0.60486121
v 5.00000000 -0.10000000 1.77847251
v 5.00000000 -0.10000000 1.70208362
v 4.80217323 -0.10000000 1.55138914
v 5.00000000 -0.10000000 1.54930583
v 5.00000000 -0.10000000 1.62569472
v 4.80217323 -0.10000000 1.36041690
v 4.40651968 -0.10000000 1.09722240
v 4.80217323 -0.10000000 1.47500025
v 4.60434645 -0.10000000 1.32430577
v 4.40651968 -0.10000000 1.05902795
v 4.80217323 -0.10000000 1.51319470
v 4.40651968 -0.10000000 0.98263906
v 4.80217323 -0.10000000 1.43680580
v 4.60434645 -0.10000000 1.17152798
v 4.40651968 -0.10000000 1.02083351
v 4.80217323 -0.10000000 1.39861135
v 4.60434645 -0.10000000 1.24791688
v 4.86119050 -0.10000000 0.18888892
v 4.90085036 -0.10000000 0.56666677
v 4.98017007 -0.10000000 1.32222246
v 4.94051021 -0.10000000 0.94444461
v 3.55816171 -0.10000000 0.00000000
v 3.83971348 -0.10000000 0.00000000
v 3.75598848 -0.10000000 0.18888892
v 4.40281704 -0.10000000 0.00000000
v 4.12126526 -0.10000000 0.00000000
v 4.15164202 -0.10000000 0.56666677
v 4.03754026 -0.10000000 0.18888892
v 3.95381525 -0.10000000 0.37777784
v 3.89676437 -0.10000000 0.18888892
v 4.80413961 -0.10000000 0.00000000
v 4.72969770 -0.10000000 0.00000000
v 4.82396954 -0.10000000 0.18888892
v 4.58081388 -0.10000000 0.00000000
v 4.65525579 -0.10000000 0.00000000
v 4.86362940 -0.10000000 0.56666677
v 4.74952763 -0.10000000 0.18888892
v 4.84379947 -0.10000000 0.37777784
v 4.78674859 -0.10000000 0.18888892
v 4.94294912 -0.10000000 1.32222246
v 4.82884735 -0.10000000 0.94444461
v 4.74512234 -0.10000000 1.13333353
v 4.92311919 -0.10000000 1.13333353
v 4.60064381 -0.10000000 0.18888892
v 4.71474558 -0.10000000 0.56666677
v 4.45986792 -0.10000000 0.18888892
v 4.63786477 -0.10000000 0.18888892
v 4.34946880 -0.10000000 0.75555569
v 4.63102058 -0.10000000 0.75555569
v 4.54729557 -0.10000000 0.94444461
v 4.29241791 -0.10000000 0.56666677
v 4.68807146 -0.10000000 0.94444461
v 4.88345933 -0.10000000 0.75555569
v 4.80901742 -0.10000000 0.75555569
v 4.90328926 -0.10000000 0.94444461
v 4.82640845 -0.10000000 0.56666677
v 4.86606830 -0.10000000 0.94444461
v 4.17831615 -0.10000000 0.18888892
v 4.57396969 -0.10000000 0.56666677
v 4.31909204 -0.10000000 0.18888892
v 4.23536703 -0.10000000 0.37777784
v 4.51691881 -0.10000000 0.37777784
v 4.43319380 -0.10000000 0.56666677
v 4.71230668 -0.10000000 0.18888892
v 4.75196654 -0.10000000 0.56666677
v 4.67508572 -0.10000000 0.18888892
v 4.76935756 -0.10000000 0.37777784
v 4.69491565 -0.10000000 0.37777784
v 4.78918749 -0.10000000 0.56666677
v 4.86119050 -0.10000000 0.04722222
v 4.90085036 -0.10000000 0.14166667
v 4.88102043 -0.10000000 0.23611115
v 4.98017007 -0.10000000 0.33055556
v 4.94051021 -0.10000000 0.23611112
v 4.92068028 -0.10000000 0.61388899
v 4.92068028 -0.10000000 0.33055559
v 4.90085036 -0.10000000 0.42500007
v 4.90085036 -0.10000000 0.28333337
v 5.00000000 -0.10000000 1.36944468
v 5.00000000 -0.10000000 1.08611128
v 4.98017007 -0.10000000 1.18055576
v 5.00000000 -0.10000000 0.51944448
v 5.00000000 -0.10000000 0.80277788
v 4.98017007 -0.10000000 0.47222226
v 4.94051021 -0.10000000 0.80277791
v 4.98017007 -0.10000000 0.89722236
v 4.96034014 -0.10000000 0.99166683
v 4.94051021 -0.10000000 0.66111121
v 4.98017007 -0.10000000 1.03888906
v 4.94051021 -0.10000000 0.37777781
v 4.98017007 -0.10000000 0.75555566
v 4.96034014 -0.10000000 0.42500004
v 4.94051021 -0.10000000 0.51944451
v 4.98017007 -0.10000000 0.61388896
v 4.96034014 -0.10000000 0.70833344
v 4.86119050 -0.10000000 0.00000000
v 4.90085036 -0.10000000 0.00000000
v 4.88102043 -0.10000000 0.04722222
v 4.98017007 -0.10000000 0.00000000
v 4.94051021 -0.10000000 0.00000000
v 4.92068028 -0.10000000 0.14166667
v 4.92068028 -0.10000000 0.04722222
v 4.90085036 -0.10000000 0.09444445
v 4.90085036 -0.10000000 0.04722222
v 5.00000000 -0.10000000 0.33055556
v 5.00000000 -0.10000000 0.23611112
v 4.98017007 -0.10000000 0.28333334
v 5.00000000 -0.10000000 0.04722222
v 5.00000000 -0.10000000 0.14166667
v 4.98017007 -0.10000000 0.04722222
v 4.94051021 -0.10000000 0.18888889
v 4.98017007 -0.10000000 0.18888889
v 4.96034014 -0.10000000 0.23611112
v 4.94051021 -0.10000000 0.14166667
v 4.98017007 -0.10000000 0.23611112
v 4.94051021 -0.10000000 0.04722222
v 4.98017007 -0.10000000 0.14166667
v 4.96034014 -0.10000000 0.04722222
v 4.94051021 -0.10000000 0.09444445
v 4.98017007 -0.10000000 0.09444445
v 4.96034014 -0.10000000 0.14166667
v 2.70000005 -0.39999999 0.00000000
v 2.70000005 -0.39999999 1.00000000
v 2.70000005 -0.39999999 1.91132069
v 2.70000005 -0.25000000 0.00000000
v 2.70000005 -0.54999999 0.00000000
v 2.70000005 -0.25000000 0.50000000
v 2.70000005 -0.25000000 1.50000000
v 2.70000005 -0.54999999 0.50000000
v 2.70000005 -0.25000000 1.00000000
v 2.70000005 -0.39999999 0.50000000
v 2.70000005 -0.25000000 1.95566034
v 2.70000005 -0.54999999 1.86698103
v 2.70000005 -0.39999999 1.45566034
v 2.70000005 -0.39999999 1.95566034
v 2.70000005 -0.54999999 0.95566034
v 2.70000005 -0.54999999 1.41132069
v 2.70000005 -0.54999999 1.95566034
v 2.70000005 -0.54999999 1.91132069
v 2.70000005 -0.17500000 0.00000000
v 2.70000005 -0.32500000 0.00000000
v 2.70000005 -0.17500000 0.25000000
v 2.70000005 -0.62499999 0.00000000
v 2.70000005 -0.47499999 0.00000000
v 2.70000005 -0.17500000 0.75000000
v 2.70000005 -0.32500000 0.25000000
v 2.70000005 -0.17500000 0.50000000
v 2.70000005 -0.25000000 0.25000000
v 2.70000005 -0.17500000 1.75000000
v 2.70000005 -0.32500000 1.25000000
v 2.70000005 -0.17500000 1.50000000
v 2.70000005 -0.62499999 0.25000000
v 2.70000005 -0.47499999 0.75000000
v 2.70000005 -0.54999999 0.25000000
v 2.70000005 -0.17500000 1.00000000
v 2.70000005 -0.32500000 1.00000000
v 2.70000005 -0.17500000 1.25000000
v 2.70000005 -0.25000000 0.75000000
v 2.70000005 -0.25000000 1.25000000
v 2.70000005 -0.39999999 0.25000000
v 2.70000005 -0.39999999 0.75000000
v 2.70000005 -0.47499999 0.25000000
v 2.70000005 -0.32500000 0.50000000
v 2.70000005 -0.47499999 0.50000000
v 2.70000005 -0.32500000 0.75000000
v 2.70000005 -0.17500000 1.97783017
v 2.70000005 -0.32500000 1.93349051
v 2.70000005 -0.25000000 1.72783017
v 2.70000005 -0.25000000 1.97783017
v 2.70000005 -0.62499999 1.84481120
v 2.70000005 -0.47499999 1.88915086
v 2.70000005 -0.39999999 1.22783017
v 2.70000005 -0.39999999 1.68349051
v 2.70000005 -0.32500000 1.47783017
v 2.70000005 -0.32500000 1.70566034
v 2.70000005 -0.39999999 1.97783017
v 2.70000005 -0.39999999 1.93349051
v 2.70000005 -0.32500000 1.97783017
v 2.70000005 -0.32500000 1.95566034
v 2.70000005 -0.62499999 0.47783017
v 2.70000005 -0.62499999 1.61698103
v 2.70000005 -0.47499999 0.97783017
v 2.70000005 -0.62499999 0.93349051
v 2.70000005 -0.54999999 0.72783017
v 2.70000005 -0.47499999 1.20566034
v 2.70000005 -0.62499999 0.70566034
v 2.70000005 -0.47499999 1.66132069
v 2.70000005 -0.62499999 1.16132069
v 2.70000005 -0.54999999 1.63915086
v 2.70000005 -0.47499999 1.43349051
v 2.70000005 -0.62499999 1.38915086
v 2.70000005 -0.54999999 1.18349051
v 2.70000005 -0.62499999 1.97783017
v 2.70000005 -0.62499999 1.86698103
v 2.70000005 -0.47499999 1.97783017
v 2.70000005 -0.62499999 1.93349051
v 2.70000005 -0.54999999 1.97783017
v 2.70000005 -0.47499999 1.95566034
v 2.70000005 -0.62499999 1.95566034
v 2.70000005 -0.47499999 1.91132069
v 2.70000005 -0.62499999 1.91132069
v 2.70000005 -0.54999999 1.88915086
v 2.70000005 -0.47499999 1.93349051
v 2.70000005 -0.62499999 1.88915086
v 2.70000005 -0.54999999 1.93349051
v 4.80000019 0.32499999 1.50000000
v 5.00000000 1.68235290 1.50000000
v 4.80000019 2.32500005 1.50000000
v 5.00000000 2.32500005 1.50000000
v 5.00000000 0.32499999 1.50000000
v 4.90000010 1.00367644 1.50000000
v 4.80000019 1.32500002 1.50000000
v 4.90000010 2.00367647 1.50000000
v 5.00000000 2.00367647 1.50000000
v 4.90000010 2.32500005 1.50000000
v 4.90000010 0.32499999 1.50000000
v 5.00000000 1.00367644 1.50000000
v 4.85000014 0.66433822 1.50000000
v 4.95000005 1.34301467 1.50000000
v 4.80000019 0.82500000 1.50000000
v 4.80000019 1.82500003 1.50000000
v 4.85000014 1.16433823 1.50000000
v 4.95000005 1.84301469 1.50000000
v 4.85000014 2.16433826 1.50000000
v 4.90000010 1.50367646 1.50000000
v 4.85000014 1.66433825 1.50000000
v 5.00000000 1.84301469 1.50000000
v 5.00000000 2.16433826 1.50000000
v 4.95000005 2.00367647 1.50000000
v 4.85000014 2.32500005 1.50000000
v 4.95000005 2.32500005 1.50000000
v 4.90000010 2.16433826 1.50000000
v 4.95000005 2.16433826 1.50000000
v 4.85000014 0.32499999 1.50000000
v 4.95000005 0.32499999 1.50000000
v 4.90000010 0.66433822 1.50000000
v 5.00000000 1.34301467 1.50000000
v 5.00000000 0.66433822 1.50000000
v 4.95000005 1.00367644 1.50000000
v 4.95000005 0.66433822 1.50000000
v 4.82500017 0.49466910 1.50000000
v 4.87500012 0.83400733 1.50000000
v 4.97500002 1.51268379 1.50000000
v 4.92500007 1.17334556 1.50000000
v 4.80000019 0.57500000 1.50000000
v 4.80000019 1.07500001 1.50000000
v 4.82500017 0.74466911 1.50000000
v 4.80000019 2.07500004 1.50000000
v 4.80000019 1.57500003 1.50000000
v 4.87500012 1.08400734 1.50000000
v 4.82500017 1.24466912 1.50000000
v 4.85000014 0.91433822 1.50000000
v 4.82500017 0.99466912 1.50000000
v 4.97500002 1.76268379 1.50000000
v 4.92500007 1.92334558 1.50000000
v 4.95000005 1.59301468 1.50000000
v 4.82500017 2.24466915 1.50000000
v 4.87500012 2.08400737 1.50000000
v 4.82500017 1.99466915 1.50000000
v 4.90000010 1.25367645 1.50000000
v 4.90000010 1.75367647 1.50000000
v 4.92500007 1.42334557 1.50000000
v 4.87500012 1.33400735 1.50000000
v 4.92500007 1.67334557 1.50000000
v 4.82500017 1.49466913 1.50000000
v 4.87500012 1.83400736 1.50000000
v 4.82500017 1.74466914 1.50000000
v 4.85000014 1.41433824 1.50000000
v 4.85000014 1.91433825 1.50000000
v 4.87500012 1.58400735 1.50000000
v 5.00000000 1.76268379 1.50000000
v 5.00000000 1.92334558 1.50000000
v 4.97500002 1.84301469 1.50000000
v 5.00000000 2.24466915 1.50000000
v 5.00000000 2.08400737 1.50000000
v 4.92500007 2.00367647 1.50000000
v 4.97500002 2.00367647 1.50000000
v 4.95000005 1.92334558 1.50000000
v 4.97500002 1.92334558 1.50000000
v 4.82500017 2.32500005 1.50000000
v 4.87500012 2.32500005 1.50000000
v 4.85000014 2.24466915 1.50000000
v 4.97500002 2.32500005 1.50000000
v 4.92500007 2.32500005 1.50000000
v 4.97500002 2.24466915 1.50000000
v 4.90000010 2.08400737 1.50000000
v 4.90000010 2.24466915 1.50000000
v 4.87500012 2.16433826 1.50000000
v 4.92500007 2.08400737 1.50000000
v 4.87500012 2.24466915 1.50000000
v 4.97500002 2.08400737 1.50000000
v 4.92500007 2.24466915 1.50000000
v 4.97500002 2.16433826 1.50000000
v 4.95000005 2.08400737 1.50000000
v 4.95000005 2.24466915 1.50000000
v 4.92500007 2.16433826 1.50000000
v 4.82500017 0.32499999 1.50000000
v 4.87500012 0.32499999 1.50000000
v 4.85000014 0.49466910 1.50000000
v 4.97500002 0.32499999 1.50000000
v 4.92500007 0.32499999 1.50000000
v 4.90000010 0.83400733 1.50000000
v 4.90000010 0.49466910 1.50000000
v 4.87500012 0.66433822 1.50000000
v 4.87500012 0.49466910 1.50000000
v 5.00000000 1.51268379 1.50000000
v 5.00000000 1.17334556 1.50000000
v 4.97500002 1.34301467 1.50000000
v 5.00000000 0.49466910 1.50000000
v 5.00000000 0.83400733 1.50000000
v 4.97500002 0.49466910 1.50000000
v 4.92500007 1.00367644 1.50000000
v 4.97500002 1.00367644 1.50000000
v 4.95000005 1.17334556 1.50000000
v 4.92500007 0.83400733 1.50000000
v 4.97500002 1.17334556 1.50000000
v 4.92500007 0.49466910 1.50000000
v 4.97500002 0.83400733 1.50000000
v 4.95000005 0.49466910 1.50000000
v 4.92500007 0.66433822 1.50000000
v 4.97500002 0.66433822 1.50000000
v 4.95000005 0.83400733 1.50000000
v 4.80000019 0.32499999 1.88750005
v 5.00000000 2.29779410 1.88750005
v 4.80000019 2.32500005 1.88750005
v 5.00000000 2.32500005 1.88750005
v 5.00000000 0.32499999 1.88750005
v 4.90000010 1.31139705 1.88750005
v 4.80000019 1.32500002 1.88750005
v 4.90000010 2.31139708 1.88750005
v 5.00000000 2.31139708 1.88750005
v 4.90000010 2.32500005 1.88750005
v 4.90000010 0.32499999 1.88750005
v 5.00000000 1.31139705 1.88750005
v 4.85000014 0.81819852 1.88750005
v 4.95000005 1.80459557 1.88750005
v 4.80000019 0.82500000 1.88750005
v 4.80000019 1.82500003 1.88750005
v 4.85000014 1.31819853 1.88750005
v 4.95000005 2.30459559 1.88750005
v 4.85000014 2.31819856 1.88750005
v 4.90000010 1.81139706 1.88750005
v 4.85000014 1.81819855 1.88750005
v 5.00000000 2.30459559 1.88750005
v 5.00000000 2.31819856 1.88750005
v 4.95000005 2.31139708 1.88750005
v 4.85000014 2.32500005 1.88750005
v 4.95000005 2.32500005 1.88750005
v 4.90000010 2.31819856 1.88750005
v 4.95000005 2.31819856 1.88750005
v 4.85000014 0.32499999 1.88750005
v 4.95000005 0.32499999 1.88750005
v 4.90000010 0.81819852 1.88750005
v 5.00000000 1.80459557 1.88750005
v 5.00000000 0.81819852 1.88750005
v 4.95000005 1.31139705 1.88750005
v 4.95000005 0.81819852 1.88750005
v 4.82500017 0.57159925 1.88750005
v 4.87500012 1.06479778 1.88750005
v 4.97500002 2.05119484 1.88750005
v 4.92500007 1.55799631 1.88750005
v 4.80000019 0.57500000 1.88750005
v 4.80000019 1.07500001 1.88750005
v 4.82500017 0.82159926 1.88750005
v 4.80000019 2.07500004 1.88750005
v 4.80000019 1.57500003 1.88750005
v 4.87500012 1.31479779 1.88750005
v 4.82500017 1.32159927 1.88750005
v 4.85000014 1.06819852 1.88750005
v 4.82500017 1.07159927 1.88750005
v 4.97500002 2.30119485 1.88750005
v 4.92500007 2.30799633 1.88750005
v 4.95000005 2.05459558 1.88750005
v 4.82500017 2.32159930 1.88750005
v 4.87500012 2.31479782 1.88750005
v 4.82500017 2.07159930 1.88750005
v 4.90000010 1.56139705 1.88750005
v 4.90000010 2.06139707 1.88750005
v 4.92500007 1.80799632 1.88750005
v 4.87500012 1.56479780 1.88750005
v 4.92500007 2.05799633 1.88750005
v 4.82500017 1.57159928 1.88750005
v 4.87500012 2.06479781 1.88750005
v 4.82500017 1.82159929 1.88750005
v 4.85000014 1.56819854 1.88750005
v 4.85000014 2.06819855 1.88750005
v 4.87500012 1.81479780 1.88750005
v 5.00000000 2.30119485 1.88750005
v 5.00000000 2.30799633 1.88750005
v 4.97500002 2.30459559 1.88750005
v 5.00000000 2.32159930 1.88750005
v 5.00000000 2.31479782 1.88750005
v 4.92500007 2.31139708 1.88750005
v 4.97500002 2.31139708 1.88750005
v 4.95000005 2.30799633 1.88750005
v 4.97500002 2.30799633 1.88750005
v 4.82500017 2.32500005 1.88750005
v 4.87500012 2.32500005 1.88750005
v 4.85000014 2.32159930 1.88750005
v 4.97500002 2.32500005 1.88750005
v 4.92500007 2.32500005 1.88750005
v 4.97500002 2.32159930 1.88750005
v 4.90000010 2.31479782 1.88750005
v 4.90000010 2.32159930 1.88750005
v 4.87500012 2.31819856 1.88750005
v 4.92500007 2.31479782 1.88750005
v 4.87500012 2.32159930 1.88750005
v 4.97500002 2.31479782 1.88750005
v 4.92500007 2.32159930 1.88750005
v 4.97500002 2.31819856 1.88750005
v 4.95000005 2.31479782 1.88750005
v 4.95000005 2.32159930 1.88750005
v 4.92500007 2.31819856 1.88750005
v 4.82500017 0.32499999 1.88750005
v 4.87500012 0.32499999 1.88750005
v 4.85000014 0.57159925 1.88750005
v 4.97500002 0.32499999 1.88750005
v 4.92500007 0.32499999 1.88750005
v 4.90000010 1.06479778 1.88750005
v 4.90000010 0.57159925 1.88750005
v 4.87500012 0.81819852 1.88750005
v 4.87500012 0.57159925 1.88750005
v 5.00000000 2.05119484 1.88750005
v 5.00000000 1.55799631 1.88750005
v 4.97500002 1.80459557 1.88750005
v 5.00000000 0.57159925 1.88750005
v 5.00000000 1.06479778 1.88750005
v 4.97500002 0.57159925 1.88750005
v 4.92500007 1.31139705 1.88750005
v 4.97500002 1.31139705 1.88750005
v 4.95000005 1.55799631 1.88750005
v 4.92500007 1.06479778 1.88750005
v 4.97500002 1.55799631 1.88750005
v 4.92500007 0.57159925 1.88750005
v 4.97500002 1.06479778 1.88750005
v 4.95000005 0.57159925 1.88750005
v 4.92500007 0.81819852 1.88750005
v 4.97500002 0.81819852 1.88750005
v 4.95000005 1.06479778 1.88750005
v 4.80000019 2.32500005 2.27500010
v 5.00000000 0.32499999 2.27500010
v 4.80000019 0.32499999 2.27500010
v 5.00000000 1.62500072 2.27500010
v 5.00000000 2.32500005 2.27500010
v 4.90000010 1.32500002 2.27500010
v 4.80000019 1.32500002 2.27500010
v 4.90000010 0.32499999 2.27500010
v 4.90000010 1.97500038 2.27500010
v 5.00000000 0.97500035 2.27500010
v 4.90000010 2.32500005 2.27500010
v 5.00000000 1.97500038 2.27500010
v 4.85000014 1.82500003 2.27500010
v 4.95000005 0.82500000 2.27500010
v 4.80000019 1.82500003 2.27500010
v 4.80000019 0.82500000 2.27500010
v 4.85000014 1.32500002 2.27500010
v 4.95000005 0.32499999 2.27500010
v 4.85000014 0.32499999 2.27500010
v 4.90000010 0.82500000 2.27500010
v 4.85000014 0.82500000 2.27500010
v 4.85000014 2.15000021 2.27500010
v 4.95000005 1.80000055 2.27500010
v 4.90000010 1.65000020 2.27500010
v 5.00000000 0.65000017 2.27500010
v 5.00000000 1.30000053 2.27500010
v 4.95000005 1.15000018 2.27500010
v 4.95000005 1.47500037 2.27500010
v 4.85000014 2.32500005 2.27500010
v 4.95000005 2.32500005 2.27500010
v 4.90000010 2.15000021 2.27500010
v 5.00000000 1.80000055 2.27500010
v 5.00000000 2.15000021 2.27500010
v 4.95000005 1.97500038 2.27500010
v 4.95000005 2.15000021 2.27500010
v 4.82500017 2.07500004 2.27500010
v 4.87500012 1.57500003 2.27500010
v 4.97500002 0.57500000 2.27500010
v 4.92500007 1.07500001 2.27500010
v 4.80000019 2.07500004 2.27500010
v 4.80000019 1.57500003 2.27500010
v 4.82500017 1.82500003 2.27500010
v 4.80000019 0.57500000 2.27500010
v 4.80000019 1.07500001 2.27500010
v 4.87500012 1.32500002 2.27500010
v 4.82500017 1.32500002 2.27500010
v 4.85000014 1.57500003 2.27500010
v 4.82500017 1.57500003 2.27500010
v 4.97500002 0.32499999 2.27500010
v 4.92500007 0.32499999 2.27500010
v 4.95000005 0.57500000 2.27500010
v 4.82500017 0.32499999 2.27500010
v 4.87500012 0.32499999 2.27500010
v 4.82500017 0.57500000 2.27500010
v 4.90000010 1.07500001 2.27500010
v 4.90000010 0.57500000 2.27500010
v 4.92500007 0.82500000 2.27500010
v 4.87500012 1.07500001 2.27500010
v 4.92500007 0.57500000 2.27500010
v 4.82500017 1.07500001 2.27500010
v 4.87500012 0.57500000 2.27500010
v 4.82500017 0.82500000 2.27500010
v 4.85000014 1.07500001 2.27500010
v 4.85000014 0.57500000 2.27500010
v 4.87500012 0.82500000 2.27500010
v 4.82500017 2.23750013 2.27500010
v 4.87500012 2.06250030 2.27500010
v 4.85000014 1.98750012 2.27500010
v 4.97500002 1.71250063 2.27500010
v 4.92500007 1.88750046 2.27500010
v 4.90000010 1.48750011 2.27500010
v 4.90000010 1.81250029 2.27500010
v 4.87500012 1.73750012 2.27500010
v 4.87500012 1.90000021 2.27500010
v 5.00000000 0.48750008 2.27500010
v 5.00000000 0.81250026 2.27500010
v 4.97500002 0.73750009 2.27500010
v 5.00000000 1.46250062 2.27500010
v 5.00000000 1.13750044 2.27500010
v 4.97500002 1.55000054 2.27500010
v 4.92500007 1.23750010 2.27500010
v 4.97500002 1.06250027 2.27500010
v 4.95000005 0.98750009 2.27500010
v 4.92500007 1.40000019 2.27500010
v 4.97500002 0.90000018 2.27500010
v 4.92500007 1.72500037 2.27500010
v 4.97500002 1.22500036 2.27500010
v 4.95000005 1.63750046 2.27500010
v 4.92500007 1.56250028 2.27500010
v 4.97500002 1.38750045 2.27500010
v 4.95000005 1.31250028 2.27500010
v 4.82500017 2.32500005 2.27500010
v 4.87500012 2.32500005 2.27500010
v 4.85000014 2.23750013 2.27500010
v 4.97500002 2.32500005 2.27500010
v 4.92500007 2.32500005 2.27500010
v 4.90000010 2.06250030 2.27500010
v 4.90000010 2.23750013 2.27500010
v 4.87500012 2.15000021 2.27500010
v 4.87500012 2.23750013 2.27500010
v 5.00000000 1.71250063 2.27500010
v 5.00000000 1.88750046 2.27500010
v 4.97500002 1.80000055 2.27500010
v 5.00000000 2.23750013 2.27500010
v 5.00000000 2.06250030 2.27500010
v 4.97500002 2.23750013 2.27500010
v 4.92500007 1.97500038 2.27500010
v 4.97500002 1.97500038 2.27500010
v 4.95000005 1.88750046 2.27500010
v 4.92500007 2.06250030 2.27500010
v 4.97500002 1.88750046 2.27500010
v 4.92500007 2.23750013 2.27500010
v 4.97500002 2.06250030 2.27500010
v 4.95000005 2.23750013 2.27500010
v 4.92500007 2.15000021 2.27500010
v 4.97500002 2.15000021 2.27500010
v 4.95000005 2.06250030 2.27500010
v 1.50000000 0.72500002 1.00100005
v 1.50000000 0.72500002 1.54999995
v 1.50000000 1.92499995 1.54900002
v 1.50000000 1.92499995 1.00000000
v 1.50000000 0.72500002 1.27550000
v 1.50000000 1.32499999 1.27500004
v 1.50000000 1.32499999 1.54949999
v 1.50000000 1.32499999 1.00050002
v 1.50000000 1.92499995 1.27450001
v 1.50000000 0.72500002 1.13825002
v 1.50000000 0.72500002 1.41274998
v 1.50000000 1.02500001 1.13800004
v 1.50000000 1.62499997 1.41200003
v 1.50000000 1.02500001 1.27525002
v 1.50000000 1.02500001 1.54974997
v 1.50000000 1.62499997 1.54925001
v 1.50000000 1.02500001 1.41249999
v 1.50000000 1.32499999 1.41225001
v 1.50000000 1.02500001 1.00075004
v 1.50000000 1.62499997 1.00025001
v 1.50000000 1.32499999 1.13775003
v 1.50000000 1.92499995 1.41175002
v 1.50000000 1.92499995 1.13725001
v 1.50000000 1.62499997 1.27475002
v 1.50000000 1.62499997 1.13750002
v 1.50000000 0.72500002 1.06962503
v 1.50000000 0.72500002 1.20687501
v 1.50000000 0.72500002 1.48137496
v 1.50000000 0.72500002 1.34412499
v 1.50000000 0.87500001 1.06950004
v 1.50000000 1.17500000 1.20650004
v 1.50000000 0.87500001 1.13812503
v 1.50000000 1.77499996 1.48050003
v 1.50000000 1.47499998 1.34350003
v 1.50000000 0.87500001 1.27537501
v 1.50000000 1.17500000 1.27512503
v 1.50000000 0.87500001 1.20675002
v 1.50000000 1.02500001 1.20662503
v 1.50000000 0.87500001 1.54987496
v 1.50000000 1.17500000 1.54962498
v 1.50000000 0.87500001 1.48124997
v 1.50000000 1.77499996 1.54912502
v 1.50000000 1.47499998 1.54937500
v 1.50000000 1.62499997 1.48062502
v 1.50000000 0.87500001 1.34400000
v 1.50000000 1.17500000 1.48099999
v 1.50000000 0.87500001 1.41262498
v 1.50000000 1.02500001 1.34387501
v 1.50000000 1.02500001 1.48112498
v 1.50000000 1.32499999 1.34362502
v 1.50000000 1.32499999 1.48087500
v 1.50000000 1.47499998 1.41212502
v 1.50000000 1.17500000 1.34375001
v 1.50000000 1.47499998 1.48075001
v 1.50000000 1.17500000 1.41237500
v 1.50000000 0.87500001 1.00087504
v 1.50000000 1.17500000 1.00062503
v 1.50000000 1.02500001 1.06937504
v 1.50000000 1.77499996 1.00012501
v 1.50000000 1.47499998 1.00037502
v 1.50000000 1.32499999 1.20637503
v 1.50000000 1.32499999 1.06912503
v 1.50000000 1.17500000 1.13787504
v 1.50000000 1.17500000 1.06925003
v 1.50000000 1.92499995 1.48037502
v 1.50000000 1.92499995 1.34312502
v 1.50000000 1.77499996 1.41187502
v 1.50000000 1.92499995 1.06862500
v 1.50000000 1.92499995 1.20587501
v 1.50000000 1.77499996 1.06875001
v 1.50000000 1.47499998 1.27487503
v 1.50000000 1.77499996 1.27462502
v 1.50000000 1.62499997 1.34337503
v 1.50000000 1.47499998 1.20625003
v 1.50000000 1.77499996 1.34325002
v 1.50000000 1.47499998 1.06900002
v 1.50000000 1.77499996 1.20600002
v 1.50000000 1.62499997 1.06887501
v 1.50000000 1.47499998 1.13762502
v 1.50000000 1.77499996 1.13737501
v 1.50000000 1.62499997 1.20612502
v 1.47500002 1.92499995 1.54900002
v 1.47500002 1.92499995 1.27450001
v 1.47500002 1.92499995 1.00000000
v 1.48750001 1.92499995 1.54900002
v 1.46250004 1.92499995 1.54900002
v 1.48750001 1.92499995 1.41175002
v 1.46250004 1.92499995 1.13725001
v 1.47500002 1.92499995 1.41175002
v 1.46250004 1.92499995 1.41175002
v 1.46250004 1.92499995 1.27450001
v 1.48750001 1.92499995 1.27450001
v 1.46250004 1.92499995 1.00000000
v 1.48750001 1.92499995 1.00000000
v 1.47500002 1.92499995 1.13725001
v 1.48750001 1.92499995 1.13725001
v 1.49375001 1.92499995 1.54900002
v 1.48125002 1.92499995 1.54900002
v 1.45625004 1.92499995 1.54900002
v 1.46875003 1.92499995 1.54900002
v 1.49375001 1.92499995 1.48037502
v 1.48125002 1.92499995 1.34312502
v 1.48750001 1.92499995 1.48037502
v 1.45625004 1.92499995 1.06862500
v 1.46875003 1.92499995 1.20587501
v 1.47500002 1.92499995 1.48037502
v 1.47500002 1.92499995 1.34312502
v 1.48125002 1.92499995 1.48037502
v 1.48125002 1.92499995 1.41175002
v 1.45625004 1.92499995 1.48037502
v 1.45625004 1.92499995 1.13725001
v 1.46875003 1.92499995 1.48037502
v 1.45625004 1.92499995 1.34312502
v 1.46250004 1.92499995 1.48037502
v 1.46875003 1.92499995 1.41175002
v 1.45625004 1.92499995 1.41175002
v 1.46875003 1.92499995 1.27450001
v 1.45625004 1.92499995 1.27450001
v 1.46250004 1.92499995 1.20587501
v 1.46875003 1.92499995 1.34312502
v 1.45625004 1.92499995 1.20587501
v 1.46250004 1.92499995 1.34312502
v 1.49375001 1.92499995 1.41175002
v 1.48125002 1.92499995 1.27450001
v 1.49375001 1.92499995 1.27450001
v 1.48750001 1.92499995 1.34312502
v 1.49375001 1.92499995 1.34312502
v 1.45625004 1.92499995 1.00000000
v 1.46875003 1.92499995 1.00000000
v 1.46250004 1.92499995 1.06862500
v 1.49375001 1.92499995 1.00000000
v 1.48125002 1.92499995 1.00000000
v 1.49375001 1.92499995 1.06862500
v 1.47500002 1.92499995 1.20587501
v 1.47500002 1.92499995 1.06862500
v 1.46875003 1.92499995 1.13725001
v 1.48125002 1.92499995 1.20587501
v 1.46875003 1.92499995 1.06862500
v 1.49375001 1.92499995 1.20587501
v 1.48125002 1.92499995 1.06862500
v 1.49375001 1.92499995 1.13725001
v 1.48750001 1.92499995 1.20587501
v 1.48750001 1.92499995 1.06862500
v 1.48125002 1.92499995 1.13725001
v 1.47500002 1.40672579 1.54943186
v 1.47500002 0.80672583 1.54993182
v 1.47500002 0.72500002 1.54999995
v 1.48750001 1.66586287 1.54921594
v 1.46250004 1.14758871 1.54964778
v 1.47500002 1.66586287 1.54921594
v 1.46250004 1.40672579 1.54943186
v 1.46250004 1.66586287 1.54921594
v 1.48750001 1.36586289 1.54946592
v 1.46250004 0.84758873 1.54989776
v 1.48750001 0.76586293 1.54996589
v 1.47500002 1.10672581 1.54968184
v 1.46250004 0.80672583 1.54993182
v 1.48750001 1.06586291 1.54971591
v 1.46250004 0.72500002 1.54999995
v 1.48750001 0.72500002 1.54999995
v 1.46250004 0.76586293 1.54996589
v 1.47500002 0.76586293 1.54996589
v 1.49375001 1.79543141 1.54910798
v 1.48125002 1.53629433 1.54932390
v 1.45625004 1.01802018 1.54975574
v 1.46875003 1.27715725 1.54953982
v 1.48750001 1.79543141 1.54910798
v 1.47500002 1.53629433 1.54932390
v 1.47500002 1.79543141 1.54910798
v 1.48125002 1.66586287 1.54921594
v 1.48125002 1.79543141 1.54910798
v 1.45625004 1.14758871 1.54964778
v 1.45625004 1.79543141 1.54910798
v 1.46875003 1.40672579 1.54943186
v 1.45625004 1.40672579 1.54943186
v 1.46250004 1.27715725 1.54953982
v 1.46875003 1.53629433 1.54932390
v 1.45625004 1.27715725 1.54953982
v 1.46875003 1.79543141 1.54910798
v 1.45625004 1.53629433 1.54932390
v 1.46250004 1.79543141 1.54910798
v 1.46875003 1.66586287 1.54921594
v 1.45625004 1.66586287 1.54921594
v 1.46250004 1.53629433 1.54932390
v 1.49375001 1.64543142 1.54923297
v 1.48125002 1.38629434 1.54944889
v 1.49375001 1.34543144 1.54948296
v 1.48750001 1.51586288 1.54934093
v 1.49375001 1.49543143 1.54935797
v 1.45625004 0.86802018 1.54988073
v 1.46875003 0.82715728 1.54991479
v 1.46250004 0.99758872 1.54977277
v 1.45625004 0.84758873 1.54989776
v 1.49375001 0.74543148 1.54998292
v 1.48125002 0.78629438 1.54994886
v 1.49375001 0.89543147 1.54985793
v 1.47500002 1.25672580 1.54955685
v 1.47500002 0.95672582 1.54980683
v 1.46875003 1.12715726 1.54966481
v 1.48125002 1.23629435 1.54957388
v 1.46875003 0.97715727 1.54978980
v 1.45625004 0.80672583 1.54993182
v 1.46875003 0.80672583 1.54993182
v 1.45625004 0.82715728 1.54991479
v 1.46250004 0.82715728 1.54991479
v 1.49375001 1.19543145 1.54960795
v 1.48125002 0.93629437 1.54982387
v 1.49375001 1.04543146 1.54973294
v 1.48750001 1.21586290 1.54959092
v 1.48750001 0.91586292 1.54984090
v 1.48125002 1.08629436 1.54969887
v 1.45625004 0.72500002 1.54999995
v 1.46875003 0.72500002 1.54999995
v 1.45625004 0.74543148 1.54998292
v 1.49375001 0.72500002 1.54999995
v 1.48125002 0.72500002 1.54999995
v 1.48750001 0.74543148 1.54998292
v 1.45625004 0.78629438 1.54994886
v 1.46875003 0.74543148 1.54998292
v 1.45625004 0.76586293 1.54996589
v 1.46250004 0.78629438 1.54994886
v 1.46250004 0.74543148 1.54998292
v 1.47500002 0.78629438 1.54994886
v 1.47500002 0.74543148 1.54998292
v 1.48125002 0.76586293 1.54996589
v 1.46875003 0.78629438 1.54994886
v 1.48125002 0.74543148 1.54998292
v 1.46875003 0.76586293 1.54996589
v 1.47500002 0.72500002 1.45555550
v 1.47500002 0.72500002 1.18105555
v 1.47500002 0.72500002 1.00100005
v 1.48750001 0.72500002 1.50277773
v 1.46250004 0.72500002 1.40833327
v 1.47500002 0.72500002 1.50277773
v 1.46250004 0.72500002 1.45555550
v 1.46250004 0.72500002 1.50277773
v 1.48750001 0.72500002 1.36552775
v 1.46250004 0.72500002 1.27108330
v 1.48750001 0.72500002 1.09102780
v 1.47500002 0.72500002 1.31830552
v 1.46250004 0.72500002 1.18105555
v 1.48750001 0.72500002 1.22827777
v 1.46250004 0.72500002 1.00100005
v 1.48750001 0.72500002 1.00100005
v 1.46250004 0.72500002 1.09102780
v 1.47500002 0.72500002 1.09102780
v 1.49375001 0.72500002 1.52638884
v 1.48125002 0.72500002 1.47916661
v 1.45625004 0.72500002 1.38472216
v 1.46875003 0.72500002 1.43194439
v 1.48750001 0.72500002 1.52638884
v 1.47500002 0.72500002 1.47916661
v 1.47500002 0.72500002 1.52638884
v 1.48125002 0.72500002 1.50277773
v 1.48125002 0.72500002 1.52638884
v 1.45625004 0.72500002 1.40833327
v 1.45625004 0.72500002 1.52638884
v 1.46875003 0.72500002 1.45555550
v 1.45625004 0.72500002 1.45555550
v 1.46250004 0.72500002 1.43194439
v 1.46875003 0.72500002 1.47916661
v 1.45625004 0.72500002 1.43194439
v 1.46875003 0.72500002 1.52638884
v 1.45625004 0.72500002 1.47916661
v 1.46250004 0.72500002 1.52638884
v 1.46875003 0.72500002 1.50277773
v 1.45625004 0.72500002 1.50277773
v 1.46250004 0.72500002 1.47916661
v 1.49375001 0.72500002 1.45776385
v 1.48125002 0.72500002 1.41054162
v 1.49375001 0.72500002 1.32051387
v 1.48750001 0.72500002 1.43415274
v 1.49375001 0.72500002 1.38913886
v 1.45625004 0.72500002 1.31609717
v 1.46875003 0.72500002 1.22606942
v 1.46250004 0.72500002 1.33970828
v 1.45625004 0.72500002 1.27108330
v 1.49375001 0.72500002 1.04601392
v 1.48125002 0.72500002 1.13604167
v 1.49375001 0.72500002 1.11463891
v 1.47500002 0.72500002 1.38693051
v 1.47500002 0.72500002 1.24968053
v 1.46875003 0.72500002 1.36331940
v 1.48125002 0.72500002 1.34191664
v 1.46875003 0.72500002 1.29469441
v 1.45625004 0.72500002 1.18105555
v 1.46875003 0.72500002 1.18105555
v 1.45625004 0.72500002 1.22606942
v 1.46250004 0.72500002 1.22606942
v 1.49375001 0.72500002 1.25188889
v 1.48125002 0.72500002 1.20466666
v 1.49375001 0.72500002 1.18326390
v 1.48750001 0.72500002 1.29690276
v 1.48750001 0.72500002 1.15965278
v 1.48125002 0.72500002 1.27329165
v 1.45625004 0.72500002 1.00100005
v 1.46875003 0.72500002 1.00100005
v 1.45625004 0.72500002 1.04601392
v 1.49375001 0.72500002 1.00100005
v 1.48125002 0.72500002 1.00100005
v 1.48750001 0.72500002 1.04601392
v 1.45625004 0.72500002 1.13604167
v 1.46875003 0.72500002 1.04601392
v 1.45625004 0.72500002 1.09102780
v 1.46250004 0.72500002 1.13604167
v 1.46250004 0.72500002 1.04601392
v 1.47500002 0.72500002 1.13604167
v 1.47500002 0.72500002 1.04601392
v 1.48125002 0.72500002 1.09102780
v 1.46875003 0.72500002 1.13604167
v 1.48125002 0.72500002 1.04601392
v 1.46875003 0.72500002 1.09102780
v 1.47500002 1.07280892 1.00071019
v 1.47500002 1.67280889 1.00021017
v 1.47500002 1.84327412 1.00006813
v 1.48750001 0.89890447 1.00085512
v 1.46250004 1.24671337 1.00056526
v 1.47500002 0.89890447 1.00085512
v 1.46250004 1.07280892 1.00071019
v 1.46250004 0.89890447 1.00085512
v 1.48750001 1.19890445 1.00060511
v 1.46250004 1.54671335 1.00031525
v 1.48750001 1.79890442 1.00010508
v 1.47500002 1.37280890 1.00046018
v 1.48750001 1.49890444 1.00035509
v 1.46250004 1.63194597 1.00024423
v 1.48750001 1.88413703 1.00003406
v 1.46250004 1.80241120 1.00010219
v 1.47500002 1.75804150 1.00013915
v 1.46250004 1.71717858 1.00017321
v 1.47500002 1.88413703 1.00003406
v 1.46250004 1.84327412 1.00006813
v 1.46250004 1.88413703 1.00003406
v 1.49375001 0.81195225 1.00092758
v 1.48125002 0.98585670 1.00078265
v 1.45625004 1.33366559 1.00049280
v 1.46875003 1.15976115 1.00063772
v 1.48750001 0.81195225 1.00092758
v 1.47500002 0.98585670 1.00078265
v 1.47500002 0.81195225 1.00092758
v 1.48125002 0.89890447 1.00085512
v 1.48125002 0.81195225 1.00092758
v 1.45625004 1.24671337 1.00056526
v 1.45625004 0.81195225 1.00092758
v 1.46875003 1.07280892 1.00071019
v 1.45625004 1.07280892 1.00071019
v 1.46250004 1.15976115 1.00063772
v 1.46875003 0.98585670 1.00078265
v 1.45625004 1.15976115 1.00063772
v 1.46875003 0.81195225 1.00092758
v 1.45625004 0.98585670 1.00078265
v 1.46250004 0.81195225 1.00092758
v 1.46875003 0.89890447 1.00085512
v 1.45625004 0.89890447 1.00085512
v 1.46250004 0.98585670 1.00078265
v 1.49375001 0.96195224 1.00080258
v 1.48125002 1.13585669 1.00065765
v 1.49375001 1.26195222 1.00055256
v 1.48750001 1.04890446 1.00073011
v 1.49375001 1.11195223 1.00067757
v 1.45625004 1.48366559 1.00036779
v 1.46875003 1.60976112 1.00026271
v 1.46250004 1.39671336 1.00044025
v 1.49375001 1.86195219 1.00005254
v 1.48125002 1.73585665 1.00015762
v 1.49375001 1.71195219 1.00017755
v 1.47500002 1.22280891 1.00058518
v 1.47500002 1.52280889 1.00033517
v 1.46875003 1.30976114 1.00051272
v 1.48125002 1.28585668 1.00053264
v 1.46875003 1.45976113 1.00038771
v 1.49375001 1.41195221 1.00042756
v 1.48125002 1.58585666 1.00028263
v 1.49375001 1.56195220 1.00030255
v 1.48750001 1.34890445 1.00048010
v 1.48750001 1.64890443 1.00023009
v 1.48125002 1.43585667 1.00040764
v 1.45625004 1.52628189 1.00033228
v 1.46875003 1.65237743 1.00022720
v 1.45625004 1.61151451 1.00026126
v 1.46250004 1.58932966 1.00027974
v 1.45625004 1.56889820 1.00029677
v 1.49375001 1.90456849 1.00001703
v 1.48125002 1.86370558 1.00005110
v 1.48750001 1.84152073 1.00006957
v 1.45625004 1.78197974 1.00011922
v 1.46875003 1.82284266 1.00008516
v 1.45625004 1.73936343 1.00015473
v 1.47500002 1.71542519 1.00017466
v 1.47500002 1.80065781 1.00010364
v 1.48125002 1.77847296 1.00012212
v 1.46875003 1.69499373 1.00019169
v 1.48125002 1.82108927 1.00008661
v 1.45625004 1.65413082 1.00022575
v 1.46875003 1.78022635 1.00012067
v 1.45625004 1.69674712 1.00019024
v 1.46250004 1.67456228 1.00020872
v 1.46250004 1.75979489 1.00013770
v 1.46875003 1.73761004 1.00015618
v 1.48750001 1.90456849 1.00001703
v 1.47500002 1.86370558 1.00005110
v 1.47500002 1.90456849 1.00001703
v 1.48125002 1.88413703 1.00003406
v 1.48125002 1.90456849 1.00001703
v 1.45625004 1.80241120 1.00010219
v 1.45625004 1.90456849 1.00001703
v 1.46875003 1.84327412 1.00006813
v 1.45625004 1.84327412 1.00006813
v 1.46250004 1.82284266 1.00008516
v 1.46875003 1.86370558 1.00005110
v 1.45625004 1.82284266 1.00008516
v 1.46875003 1.90456849 1.00001703
v 1.45625004 1.86370558 1.00005110
v 1.46250004 1.90456849 1.00001703
v 1.46875003 1.88413703 1.00003406
v 1.45625004 1.88413703 1.00003406
v 1.46250004 1.86370558 1.00005110
v 3.38360000 1.59361267 2.34999990
v 3.27019787 1.55676603 2.34999990
v 3.27019787 1.43752789 2.34999990
v 3.45368648 1.49714696 2.34999990
v 3.38360000 1.40068126 2.34999990
v 3.32689893 1.57518935 2.34999990
v 3.32689893 1.51557028 2.34999990
v 3.27019787 1.49714696 2.34999990
v 3.41864324 1.54537982 2.34999990
v 3.38360000 1.49714696 2.34999990
v 3.32689893 1.41910458 2.34999990
v 3.41864324 1.44891411 2.34999990
v 3.35524946 1.58440101 2.34999990
v 3.29854840 1.56597769 2.34999990
v 3.35524946 1.55459148 2.34999990
v 3.29854840 1.47654909 2.34999990
v 3.32689893 1.54537982 2.34999990
v 3.27019787 1.52695650 2.34999990
v 3.27019787 1.46733743 2.34999990
v 3.29854840 1.53616816 2.34999990
v 3.29854840 1.50635862 2.34999990
v 3.40112162 1.56949624 2.34999990
v 3.43616486 1.52126339 2.34999990
v 3.38360000 1.54537982 2.34999990
v 3.38360000 1.44891411 2.34999990
v 3.35524946 1.50635862 2.34999990
v 3.40112162 1.52126339 2.34999990
v 3.29854840 1.42831624 2.34999990
v 3.35524946 1.40989292 2.34999990
v 3.32689893 1.46733743 2.34999990
v 3.35524946 1.45812577 2.34999990
v 3.43616486 1.47303054 2.34999990
v 3.40112162 1.42479768 2.34999990
v 3.41864324 1.49714696 2.34999990
v 3.40112162 1.47303054 2.34999990
v 3.36942473 1.58900684 2.34999990
v 3.34107420 1.57979518 2.34999990
v 3.28437313 1.56137186 2.34999990
v 3.31272367 1.57058352 2.34999990
v 3.36942473 1.57410207 2.34999990
v 3.34107420 1.53508088 2.34999990
v 3.35524946 1.56949624 2.34999990
v 3.28437313 1.45703849 2.34999990
v 3.31272367 1.49605969 2.34999990
v 3.32689893 1.56028458 2.34999990
v 3.32689893 1.53047505 2.34999990
v 3.34107420 1.56489041 2.34999990
v 3.34107420 1.54998565 2.34999990
v 3.27019787 1.54186127 2.34999990
v 3.27019787 1.51205173 2.34999990
v 3.28437313 1.54646710 2.34999990
v 3.27019787 1.45243266 2.34999990
v 3.27019787 1.48224220 2.34999990
v 3.28437313 1.47194326 2.34999990
v 3.31272367 1.55567876 2.34999990
v 3.28437313 1.51665756 2.34999990
v 3.29854840 1.55107293 2.34999990
v 3.31272367 1.54077399 2.34999990
v 3.28437313 1.53156233 2.34999990
v 3.31272367 1.51096445 2.34999990
v 3.28437313 1.50175279 2.34999990
v 3.29854840 1.49145386 2.34999990
v 3.31272367 1.52586922 2.34999990
v 3.28437313 1.48684803 2.34999990
v 3.29854840 1.52126339 2.34999990
v 3.39236081 1.58155446 2.34999990
v 3.40988243 1.55743803 2.34999990
v 3.44492567 1.50920518 2.34999990
v 3.42740405 1.53332160 2.34999990
v 3.38360000 1.56949624 2.34999990
v 3.38360000 1.52126339 2.34999990
v 3.36942473 1.54998565 2.34999990
v 3.39236081 1.55743803 2.34999990
v 3.38360000 1.42479768 2.34999990
v 3.38360000 1.47303054 2.34999990
v 3.34107420 1.51096445 2.34999990
v 3.36942473 1.50175279 2.34999990
v 3.35524946 1.53047505 2.34999990
v 3.36942473 1.52586922 2.34999990
v 3.40988243 1.53332160 2.34999990
v 3.39236081 1.50920518 2.34999990
v 3.40112162 1.54537982 2.34999990
v 3.39236081 1.53332160 2.34999990
v 3.28437313 1.43292207 2.34999990
v 3.31272367 1.42371041 2.34999990
v 3.29854840 1.45243266 2.34999990
v 3.36942473 1.40528709 2.34999990
v 3.34107420 1.41449875 2.34999990
v 3.36942473 1.42940351 2.34999990
v 3.32689893 1.49145386 2.34999990
v 3.32689893 1.44322100 2.34999990
v 3.31272367 1.47194326 2.34999990
v 3.34107420 1.48684803 2.34999990
v 3.31272367 1.44782683 2.34999990
v 3.36942473 1.47763637 2.34999990
v 3.34107420 1.43861517 2.34999990
v 3.36942473 1.45351994 2.34999990
v 3.35524946 1.48224220 2.34999990
v 3.35524946 1.43400934 2.34999990
v 3.34107420 1.46273160 2.34999990
v 3.44492567 1.48508875 2.34999990
v 3.42740405 1.46097232 2.34999990
v 3.43616486 1.49714696 2.34999990
v 3.39236081 1.41273947 2.34999990
v 3.40988243 1.43685590 2.34999990
v 3.39236081 1.43685590 2.34999990
v 3.41864324 1.52126339 2.34999990
v 3.41864324 1.47303054 2.34999990
v 3.42740405 1.50920518 2.34999990
v 3.40988243 1.50920518 2.34999990
v 3.42740405 1.48508875 2.34999990
v 3.39236081 1.48508875 2.34999990
v 3.40988243 1.46097232 2.34999990
v 3.39236081 1.46097232 2.34999990
v 3.40112162 1.49714696 2.34999990
v 3.40112162 1.44891411 2.34999990
v 3.40988243 1.48508875 2.34999990
v 3.45368648 1.49714696 2.54999995
v 3.38360000 1.59361267 2.54999995
v 3.41864324 1.54537982 2.44999993
v 3.45368648 1.49714696 2.44999993
v 3.38360000 1.59361267 2.44999993
v 3.41864324 1.54537982 2.54999995
v 3.40112162 1.56949624 2.39999992
v 3.43616486 1.52126339 2.49999994
v 3.41864324 1.54537982 2.39999992
v 3.45368648 1.49714696 2.39999992
v 3.45368648 1.49714696 2.49999994
v 3.43616486 1.52126339 2.39999992
v 3.43616486 1.52126339 2.44999993
v 3.38360000 1.59361267 2.39999992
v 3.38360000 1.59361267 2.49999994
v 3.40112162 1.56949624 2.44999993
v 3.43616486 1.52126339 2.54999995
v 3.40112162 1.56949624 2.54999995
v 3.41864324 1.54537982 2.49999994
v 3.40112162 1.56949624 2.49999994
v 3.39236081 1.58155446 2.37499991
v 3.40988243 1.55743803 2.42499992
v 3.40112162 1.56949624 2.37499991
v 3.44492567 1.50920518 2.52499995
v 3.42740405 1.53332160 2.47499993
v 3.41864324 1.54537982 2.37499991
v 3.41864324 1.54537982 2.42499992
v 3.40988243 1.55743803 2.37499991
v 3.40988243 1.55743803 2.39999992
v 3.45368648 1.49714696 2.37499991
v 3.45368648 1.49714696 2.42499992
v 3.44492567 1.50920518 2.37499991
v 3.45368648 1.49714696 2.52499995
v 3.45368648 1.49714696 2.47499993
v 3.44492567 1.50920518 2.49999994
v 3.42740405 1.53332160 2.37499991
v 3.44492567 1.50920518 2.42499992
v 3.43616486 1.52126339 2.37499991
v 3.42740405 1.53332160 2.39999992
v 3.44492567 1.50920518 2.39999992
v 3.42740405 1.53332160 2.44999993
v 3.44492567 1.50920518 2.44999993
v 3.43616486 1.52126339 2.47499993
v 3.42740405 1.53332160 2.42499992
v 3.44492567 1.50920518 2.47499993
v 3.43616486 1.52126339 2.42499992
v 3.38360000 1.59361267 2.37499991
v 3.38360000 1.59361267 2.42499992
v 3.39236081 1.58155446 2.39999992
v 3.38360000 1.59361267 2.52499995
v 3.38360000 1.59361267 2.47499993
v 3.40988243 1.55743803 2.44999993
v 3.39236081 1.58155446 2.44999993
v 3.40112162 1.56949624 2.42499992
v 3.39236081 1.58155446 2.42499992
v 3.44492567 1.50920518 2.54999995
v 3.42740405 1.53332160 2.54999995
v 3.43616486 1.52126339 2.52499995
v 3.39236081 1.58155446 2.54999995
v 3.40988243 1.55743803 2.54999995
v 3.39236081 1.58155446 2.52499995
v 3.41864324 1.54537982 2.47499993
v 3.41864324 1.54537982 2.52499995
v 3.42740405 1.53332160 2.49999994
v 3.40988243 1.55743803 2.47499993
v 3.42740405 1.53332160 2.52499995
v 3.39236081 1.58155446 2.47499993
v 3.40988243 1.55743803 2.52499995
v 3.39236081 1.58155446 2.49999994
v 3.40112162 1.56949624 2.47499993
v 3.40112162 1.56949624 2.52499995
v 3.40988243 1.55743803 2.49999994
v 3.27019787 1.55676603 2.54999995
v 3.32689893 1.57518935 2.44999993
v 3.27019787 1.55676603 2.44999993
v 3.32689893 1.57518935 2.54999995
v 3.29854840 1.56597769 2.39999992
v 3.35524946 1.58440101 2.49999994
v 3.32689893 1.57518935 2.39999992
v 3.35524946 1.58440101 2.39999992
v 3.35524946 1.58440101 2.44999993
v 3.27019787 1.55676603 2.39999992
v 3.27019787 1.55676603 2.49999994
v 3.29854840 1.56597769 2.44999993
v 3.35524946 1.58440101 2.54999995
v 3.29854840 1.56597769 2.54999995
v 3.32689893 1.57518935 2.49999994
v 3.29854840 1.56597769 2.49999994
v 3.28437313 1.56137186 2.37499991
v 3.31272367 1.57058352 2.42499992
v 3.29854840 1.56597769 2.37499991
v 3.36942473 1.58900684 2.52499995
v 3.34107420 1.57979518 2.47499993
v 3.32689893 1.57518935 2.37499991
v 3.32689893 1.57518935 2.42499992
v 3.31272367 1.57058352 2.37499991
v 3.31272367 1.57058352 2.39999992
v 3.36942473 1.58900684 2.37499991
v 3.36942473 1.58900684 2.49999994
v 3.34107420 1.57979518 2.37499991
v 3.36942473 1.58900684 2.42499992
v 3.35524946 1.58440101 2.37499991
v 3.34107420 1.57979518 2.39999992
v 3.36942473 1.58900684 2.39999992
v 3.34107420 1.57979518 2.44999993
v 3.36942473 1.58900684 2.44999993
v 3.35524946 1.58440101 2.47499993
v 3.34107420 1.57979518 2.42499992
v 3.36942473 1.58900684 2.47499993
v 3.35524946 1.58440101 2.42499992
v 3.27019787 1.55676603 2.37499991
v 3.27019787 1.55676603 2.42499992
v 3.28437313 1.56137186 2.39999992
v 3.27019787 1.55676603 2.52499995
v 3.27019787 1.55676603 2.47499993
v 3.31272367 1.57058352 2.44999993
v 3.28437313 1.56137186 2.44999993
v 3.29854840 1.56597769 2.42499992
v 3.28437313 1.56137186 2.42499992
v 3.36942473 1.58900684 2.54999995
v 3.34107420 1.57979518 2.54999995
v 3.35524946 1.58440101 2.52499995
v 3.28437313 1.56137186 2.54999995
v 3.31272367 1.57058352 2.54999995
v 3.28437313 1.56137186 2.52499995
v 3.32689893 1.57518935 2.47499993
v 3.32689893 1.57518935 2.52499995
v 3.34107420 1.57979518 2.49999994
v 3.31272367 1.57058352 2.47499993
v 3.34107420 1.57979518 2.52499995
v 3.28437313 1.56137186 2.47499993
v 3.31272367 1.57058352 2.52499995
v 3.28437313 1.56137186 2.49999994
v 3.29854840 1.56597769 2.47499993
v 3.29854840 1.56597769 2.52499995
v 3.31272367 1.57058352 2.49999994
v 3.27019787 1.43752789 2.54999995
v 3.27019787 1.49714696 2.44999993
v 3.27019787 1.43752789 2.44999993
v 3.27019787 1.49714696 2.54999995
v 3.27019787 1.46733743 2.39999992
v 3.27019787 1.52695650 2.49999994
v 3.27019787 1.49714696 2.39999992
v 3.27019787 1.52695650 2.39999992
v 3.27019787 1.52695650 2.44999993
v 3.27019787 1.43752789 2.39999992
v 3.27019787 1.43752789 2.49999994
v 3.27019787 1.46733743 2.44999993
v 3.27019787 1.52695650 2.54999995
v 3.27019787 1.46733743 2.54999995
v 3.27019787 1.49714696 2.49999994
v 3.27019787 1.46733743 2.49999994
v 3.27019787 1.45243266 2.37499991
v 3.27019787 1.48224220 2.42499992
v 3.27019787 1.46733743 2.37499991
v 3.27019787 1.54186127 2.52499995
v 3.27019787 1.51205173 2.47499993
v 3.27019787 1.49714696 2.37499991
v 3.27019787 1.49714696 2.42499992
v 3.27019787 1.48224220 2.37499991
v 3.27019787 1.48224220 2.39999992
v 3.27019787 1.54186127 2.37499991
v 3.27019787 1.54186127 2.49999994
v 3.27019787 1.51205173 2.37499991
v 3.27019787 1.54186127 2.42499992
v 3.27019787 1.52695650 2.37499991
v 3.27019787 1.51205173 2.39999992
v 3.27019787 1.54186127 2.39999992
v 3.27019787 1.51205173 2.44999993
v 3.27019787 1.54186127 2.44999993
v 3.27019787 1.52695650 2.47499993
v 3.27019787 1.51205173 2.42499992
v 3.27019787 1.54186127 2.47499993
v 3.27019787 1.52695650 2.42499992
v 3.27019787 1.43752789 2.37499991
v 3.27019787 1.43752789 2.42499992
v 3.27019787 1.45243266 2.39999992
v 3.27019787 1.43752789 2.52499995
v 3.27019787 1.43752789 2.47499993
v 3.27019787 1.48224220 2.44999993
v 3.27019787 1.45243266 2.44999993
v 3.27019787 1.46733743 2.42499992
v 3.27019787 1.45243266 2.42499992
v 3.27019787 1.54186127 2.54999995
v 3.27019787 1.51205173 2.54999995
v 3.27019787 1.52695650 2.52499995
v 3.27019787 1.45243266 2.54999995
v 3.27019787 1.48224220 2.54999995
v 3.27019787 1.45243266 2.52499995
v 3.27019787 1.49714696 2.47499993
v 3.27019787 1.49714696 2.52499995
v 3.27019787 1.51205173 2.49999994
v 3.27019787 1.48224220 2.47499993
v 3.27019787 1.51205173 2.52499995
v 3.27019787 1.45243266 2.47499993
v 3.27019787 1.48224220 2.52499995
v 3.27019787 1.45243266 2.49999994
v 3.27019787 1.46733743 2.47499993
v 3.27019787 1.46733743 2.52499995
v 3.27019787 1.48224220 2.49999994
v 3.38360000 1.40068126 2.54999995
v 3.32689893 1.41910458 2.44999993
v 3.38360000 1.40068126 2.44999993
v 3.32689893 1.41910458 2.54999995
v 3.35524946 1.40989292 2.39999992
v 3.29854840 1.42831624 2.49999994
v 3.32689893 1.41910458 2.39999992
v 3.29854840 1.42831624 2.39999992
v 3.29854840 1.42831624 2.44999993
v 3.38360000 1.40068126 2.39999992
v 3.38360000 1.40068126 2.49999994
v 3.35524946 1.40989292 2.44999993
v 3.29854840 1.42831624 2.54999995
v 3.35524946 1.40989292 2.54999995
v 3.32689893 1.41910458 2.49999994
v 3.35524946 1.40989292 2.49999994
v 3.36942473 1.40528709 2.37499991
v 3.34107420 1.41449875 2.42499992
v 3.35524946 1.40989292 2.37499991
v 3.28437313 1.43292207 2.52499995
v 3.31272367 1.42371041 2.47499993
v 3.32689893 1.41910458 2.37499991
v 3.32689893 1.41910458 2.42499992
v 3.34107420 1.41449875 2.37499991
v 3.34107420 1.41449875 2.39999992
v 3.28437313 1.43292207 2.37499991
v 3.28437313 1.43292207 2.49999994
v 3.31272367 1.42371041 2.37499991
v 3.28437313 1.43292207 2.42499992
v 3.29854840 1.42831624 2.37499991
v 3.31272367 1.42371041 2.39999992
v 3.28437313 1.43292207 2.39999992
v 3.31272367 1.42371041 2.44999993
v 3.28437313 1.43292207 2.44999993
v 3.29854840 1.42831624 2.47499993
v 3.31272367 1.42371041 2.42499992
v 3.28437313 1.43292207 2.47499993
v 3.29854840 1.42831624 2.42499992
v 3.38360000 1.40068126 2.37499991
v 3.38360000 1.40068126 2.42499992
v 3.36942473 1.40528709 2.39999992
v 3.38360000 1.40068126 2.52499995
v 3.38360000 1.40068126 2.47499993
v 3.34107420 1.41449875 2.44999993
v 3.36942473 1.40528709 2.44999993
v 3.35524946 1.40989292 2.42499992
v 3.36942473 1.40528709 2.42499992
v 3.28437313 1.43292207 2.54999995
v 3.31272367 1.42371041 2.54999995
v 3.29854840 1.42831624 2.52499995
v 3.36942473 1.40528709 2.54999995
v 3.34107420 1.41449875 2.54999995
v 3.36942473 1.40528709 2.52499995
v 3.32689893 1.41910458 2.47499993
v 3.32689893 1.41910458 2.52499995
v 3.31272367 1.42371041 2.49999994
v 3.34107420 1.41449875 2.47499993
v 3.31272367 1.42371041 2.52499995
v 3.36942473 1.40528709 2.47499993
v 3.34107420 1.41449875 2.52499995
v 3.36942473 1.40528709 2.49999994
v 3.35524946 1.40989292 2.47499993
v 3.35524946 1.40989292 2.52499995
v 3.34107420 1.41449875 2.49999994
v 3.41864324 1.44891411 2.44999993
v 3.41864324 1.44891411 2.54999995
v 3.43616486 1.47303054 2.39999992
v 3.40112162 1.42479768 2.49999994
v 3.41864324 1.44891411 2.39999992
v 3.40112162 1.42479768 2.39999992
v 3.40112162 1.42479768 2.44999993
v 3.43616486 1.47303054 2.44999993
v 3.40112162 1.42479768 2.54999995
v 3.43616486 1.47303054 2.54999995
v 3.41864324 1.44891411 2.49999994
v 3.43616486 1.47303054 2.49999994
v 3.44492567 1.48508875 2.37499991
v 3.42740405 1.46097232 2.42499992
v 3.43616486 1.47303054 2.37499991
v 3.39236081 1.41273947 2.52499995
v 3.40988243 1.43685590 2.47499993
v 3.41864324 1.44891411 2.37499991
v 3.41864324 1.44891411 2.42499992
v 3.42740405 1.46097232 2.37499991
v 3.42740405 1.46097232 2.39999992
v 3.39236081 1.41273947 2.37499991
v 3.39236081 1.41273947 2.49999994
v 3.40988243 1.43685590 2.37499991
v 3.39236081 1.41273947 2.42499992
v 3.40112162 1.42479768 2.37499991
v 3.40988243 1.43685590 2.39999992
v 3.39236081 1.41273947 2.39999992
v 3.40988243 1.43685590 2.44999993
v 3.39236081 1.41273947 2.44999993
v 3.40112162 1.42479768 2.47499993
v 3.40988243 1.43685590 2.42499992
v 3.39236081 1.41273947 2.47499993
v 3.40112162 1.42479768 2.42499992
v 3.44492567 1.48508875 2.39999992
v 3.42740405 1.46097232 2.44999993
v 3.44492567 1.48508875 2.44999993
v 3.43616486 1.47303054 2.42499992
v 3.44492567 1.48508875 2.42499992
v 3.39236081 1.41273947 2.54999995
v 3.40988243 1.43685590 2.54999995
v 3.40112162 1.42479768 2.52499995
v 3.44492567 1.48508875 2.54999995
v 3.42740405 1.46097232 2.54999995
v 3.44492567 1.48508875 2.52499995
v 3.41864324 1.44891411 2.47499993
v 3.41864324 1.44891411 2.52499995
v 3.40988243 1.43685590 2.49999994
v 3.42740405 1.46097232 2.47499993
v 3.40988243 1.43685590 2.52499995
v 3.44492567 1.48508875 2.47499993
v 3.42740405 1.46097232 2.52499995
v 3.44492567 1.48508875 2.49999994
v 3.43616486 1.47303054 2.47499993
v 3.43616486 1.47303054 2.52499995
v 3.42740405 1.46097232 2.49999994
v 2.24461889 0.34461892 0.00000000
v 2.24461889 2.30538106 0.00000000
v 3.05000019 1.15000021 0.00000000
v 3.05000019 2.30538106 0.00000000
v 3.05000019 0.65000063 0.00000000
v 4.20538092 0.34461892 0.00000000
v 4.20538092 0.65000063 0.00000000
v 2.24461889 1.32499999 0.00000000
v 2.64730954 0.74730957 0.00000000
v 2.64730954 1.72769064 0.00000000
v 2.64730954 2.30538106 0.00000000
v 3.05000019 1.72769064 0.00000000
v 2.64730954 0.49730977 0.00000000
v 3.05000019 0.90000042 0.00000000
v 3.22499990 0.34461892 0.00000000
v 3.62769055 0.49730977 0.00000000
v 3.62769055 0.65000063 0.00000000
v 4.20538092 0.49730977 0.00000000
v 2.24461889 0.83480945 0.00000000
v 2.24461889 1.81519052 0.00000000
v 2.44596422 0.54596424 0.00000000
v 2.84865487 0.94865489 0.00000000
v 2.44596422 1.03615478 0.00000000
v 2.44596422 2.01653585 0.00000000
v 2.84865487 1.43884543 0.00000000
v 2.44596422 1.52634531 0.00000000
v 2.64730954 1.23750010 0.00000000
v 2.44596422 2.30538106 0.00000000
v 2.84865487 2.30538106 0.00000000
v 2.64730954 2.01653585 0.00000000
v 3.05000019 1.43884543 0.00000000
v 3.05000019 2.01653585 0.00000000
v 2.84865487 1.72769064 0.00000000
v 2.84865487 2.01653585 0.00000000
v 2.44596422 0.42096435 0.00000000
v 2.84865487 0.57365520 0.00000000
v 2.64730954 0.62230967 0.00000000
v 3.05000019 1.02500032 0.00000000
v 3.05000019 0.77500053 0.00000000
v 2.84865487 0.82365499 0.00000000
v 2.84865487 0.69865510 0.00000000
v 2.73480940 0.34461892 0.00000000
v 3.71519041 0.34461892 0.00000000
v 2.93615472 0.42096435 0.00000000
v 3.33884537 0.57365520 0.00000000
v 3.91653574 0.42096435 0.00000000
v 3.13750005 0.49730977 0.00000000
v 3.42634523 0.42096435 0.00000000
v 3.33884537 0.65000063 0.00000000
v 3.91653574 0.65000063 0.00000000
v 3.62769055 0.57365520 0.00000000
v 4.20538092 0.42096435 0.00000000
v 4.20538092 0.57365520 0.00000000
v 3.91653574 0.49730977 0.00000000
v 3.91653574 0.57365520 0.00000000
v 2.24461889 0.58971418 0.00000000
v 2.24461889 1.07990472 0.00000000
v 2.24461889 2.06028579 0.00000000
v 2.24461889 1.57009526 0.00000000
v 2.34529155 0.44529158 0.00000000
v 2.54663688 0.64663690 0.00000000
v 2.34529155 0.69038685 0.00000000
v 2.94932753 1.04932755 0.00000000
v 2.74798220 0.84798223 0.00000000
v 2.34529155 1.18057738 0.00000000
v 2.54663688 0.89173217 0.00000000
v 2.34529155 0.93548211 0.00000000
v 2.44596422 0.79105951 0.00000000
v 2.34529155 2.16095845 0.00000000
v 2.54663688 1.87211324 0.00000000
v 2.34529155 1.91586319 0.00000000
v 2.94932753 1.29442282 0.00000000
v 2.74798220 1.58326803 0.00000000
v 2.84865487 1.19375016 0.00000000
v 2.34529155 1.42567265 0.00000000
v 2.54663688 1.62701797 0.00000000
v 2.34529155 1.67076792 0.00000000
v 2.44596422 1.28125004 0.00000000
v 2.44596422 1.77144058 0.00000000
v 2.64730954 0.99240483 0.00000000
v 2.64730954 1.48259537 0.00000000
v 2.74798220 1.09307750 0.00000000
v 2.54663688 1.13682744 0.00000000
v 2.74798220 1.33817276 0.00000000
v 2.54663688 1.38192271 0.00000000
v 2.34529155 2.30538106 0.00000000
v 2.54663688 2.30538106 0.00000000
v 2.44596422 2.16095845 0.00000000
v 2.94932753 2.30538106 0.00000000
v 2.74798220 2.30538106 0.00000000
v 2.64730954 1.87211324 0.00000000
v 2.64730954 2.16095845 0.00000000
v 2.54663688 2.01653585 0.00000000
v 2.54663688 2.16095845 0.00000000
v 3.05000019 1.29442282 0.00000000
v 3.05000019 1.58326803 0.00000000
v 2.94932753 1.43884543 0.00000000
v 3.05000019 2.16095845 0.00000000
v 3.05000019 1.87211324 0.00000000
v 2.94932753 2.16095845 0.00000000
v 2.74798220 1.72769064 0.00000000
v 2.94932753 1.72769064 0.00000000
v 2.84865487 1.58326803 0.00000000
v 2.74798220 1.87211324 0.00000000
v 2.94932753 1.58326803 0.00000000
v 2.74798220 2.16095845 0.00000000
v 2.94932753 1.87211324 0.00000000
v 2.84865487 2.16095845 0.00000000
v 2.74798220 2.01653585 0.00000000
v 2.94932753 2.01653585 0.00000000
v 2.84865487 1.87211324 0.00000000
v 2.34529155 0.38279163 0.00000000
v 2.54663688 0.45913706 0.00000000
v 2.44596422 0.48346429 0.00000000
v 2.94932753 0.61182792 0.00000000
v 2.74798220 0.53548249 0.00000000
v 2.64730954 0.68480962 0.00000000
v 2.64730954 0.55980972 0.00000000
v 2.54663688 0.58413696 0.00000000
v 2.54663688 0.52163701 0.00000000
v 3.05000019 1.08750027 0.00000000
v 3.05000019 0.96250037 0.00000000
v 2.94932753 0.98682760 0.00000000
v 3.05000019 0.71250058 0.00000000
v 3.05000019 0.83750048 0.00000000
v 2.94932753 0.67432787 0.00000000
v 2.74798220 0.78548228 0.00000000
v 2.94932753 0.86182771 0.00000000
v 2.84865487 0.88615494 0.00000000
v 2.74798220 0.72298233 0.00000000
v 2.94932753 0.92432766 0.00000000
v 2.74798220 0.59798244 0.00000000
v 2.94932753 0.79932776 0.00000000
v 2.84865487 0.63615515 0.00000000
v 2.74798220 0.66048238 0.00000000
v 2.94932753 0.73682781 0.00000000
v 2.84865487 0.76115505 0.00000000
v 2.48971415 0.34461892 0.00000000
v 2.97990465 0.34461892 0.00000000
v 2.59038681 0.38279163 0.00000000
v 3.96028566 0.34461892 0.00000000
v 3.47009516 0.34461892 0.00000000
v 2.79173213 0.45913706 0.00000000
v 3.08057731 0.38279163 0.00000000
v 2.69105947 0.42096435 0.00000000
v 2.83548206 0.38279163 0.00000000
v 3.19442278 0.61182792 0.00000000
v 3.48326796 0.53548249 0.00000000
v 3.09375012 0.57365520 0.00000000
v 4.06095833 0.38279163 0.00000000
v 3.77211314 0.45913706 0.00000000
v 3.81586307 0.38279163 0.00000000
v 2.89240479 0.49730977 0.00000000
v 3.38259530 0.49730977 0.00000000
v 2.99307746 0.53548249 0.00000000
v 3.03682739 0.45913706 0.00000000
v 3.23817271 0.53548249 0.00000000
v 3.32567257 0.38279163 0.00000000
v 3.52701789 0.45913706 0.00000000
v 3.57076782 0.38279163 0.00000000
v 3.18124998 0.42096435 0.00000000
v 3.67144048 0.42096435 0.00000000
v 3.28192264 0.45913706 0.00000000
v 3.19442278 0.65000063 0.00000000
v 3.48326796 0.65000063 0.00000000
v 3.33884537 0.61182792 0.00000000
v 4.06095833 0.65000063 0.00000000
v 3.77211314 0.65000063 0.00000000
v 3.62769055 0.53548249 0.00000000
v 3.62769055 0.61182792 0.00000000
v 3.48326796 0.57365520 0.00000000
v 3.48326796 0.61182792 0.00000000
v 4.20538092 0.38279163 0.00000000
v 4.20538092 0.45913706 0.00000000
v 4.06095833 0.42096435 0.00000000
v 4.20538092 0.61182792 0.00000000
v 4.20538092 0.53548249 0.00000000
v 4.06095833 0.61182792 0.00000000
v 3.77211314 0.49730977 0.00000000
v 4.06095833 0.49730977 0.00000000
v 3.91653574 0.45913706 0.00000000
v 3.77211314 0.53548249 0.00000000
v 4.06095833 0.45913706 0.00000000
v 3.77211314 0.61182792 0.00000000
v 4.06095833 0.53548249 0.00000000
v 3.91653574 0.61182792 0.00000000
v 3.77211314 0.57365520 0.00000000
v 4.06095833 0.57365520 0.00000000
v 3.91653574 0.53548249 0.00000000
v 4.59999943 0.40000063 0.10000000
v 4.59999943 0.40000063 0.30000001
v 4.75000095 0.24999909 0.30000001
v 4.75000095 0.24999909 0.10000000
v 4.59999943 0.65000063 0.30000001
v 4.59999943 0.65000063 0.27547815
v 4.59999943 0.65000063 0.10000000
v 4.59999943 0.40000063 0.20000001
v 4.67500019 0.32499986 0.20000001
v 4.67500019 0.32499986 0.30000001
v 4.67500019 0.32499986 0.10000000
v 4.75000095 0.24999909 0.20000001
v 4.59999943 0.52500063 0.20000001
v 4.59999943 0.52500063 0.30000001
v 4.59999943 0.52500063 0.18773908
v 4.59999943 0.65000063 0.28773908
v 4.59999943 0.52500063 0.10000000
v 4.59999943 0.65000063 0.18773908
v 4.59999943 0.40000063 0.15000000
v 4.59999943 0.40000063 0.25000001
v 4.63749981 0.36250025 0.15000000
v 4.71250057 0.28749948 0.25000001
v 4.63749981 0.36250025 0.20000001
v 4.63749981 0.36250025 0.30000001
v 4.71250057 0.28749948 0.30000001
v 4.63749981 0.36250025 0.25000001
v 4.67500019 0.32499986 0.25000001
v 4.63749981 0.36250025 0.10000000
v 4.71250057 0.28749948 0.10000000
v 4.67500019 0.32499986 0.15000000
v 4.75000095 0.24999909 0.25000001
v 4.75000095 0.24999909 0.15000000
v 4.71250057 0.28749948 0.20000001
v 4.71250057 0.28749948 0.15000000
v 4.59999943 0.46250063 0.15000000
v 4.59999943 0.58750063 0.25000001
v 4.59999943 0.46250063 0.20000001
v 4.59999943 0.46250063 0.30000001
v 4.59999943 0.58750063 0.30000001
v 4.59999943 0.46250063 0.25000001
v 4.59999943 0.52500063 0.25000001
v 4.59999943 0.46250063 0.14386954
v 4.59999943 0.58750063 0.23160862
v 4.59999943 0.52500063 0.19386954
v 4.59999943 0.65000063 0.29386955
v 4.59999943 0.65000063 0.28160862
v 4.59999943 0.58750063 0.24386954
v 4.59999943 0.58750063 0.23773908
v 4.59999943 0.46250063 0.10000000
v 4.59999943 0.58750063 0.10000000
v 4.59999943 0.52500063 0.14386954
v 4.59999943 0.65000063 0.23160862
v 4.59999943 0.65000063 0.14386954
v 4.59999943 0.58750063 0.18773908
v 4.59999943 0.58750063 0.14386954
v 4.59999943 0.40000063 0.12500000
v 4.59999943 0.40000063 0.17500001
v 4.59999943 0.40000063 0.27500001
v 4.59999943 0.40000063 0.22500001
v 4.61874962 0.38125044 0.12500000
v 4.65625000 0.34375005 0.17500001
v 4.61874962 0.38125044 0.15000000
v 4.73125076 0.26874928 0.27500001
v 4.69375038 0.30624967 0.22500001
v 4.61874962 0.38125044 0.20000001
v 4.65625000 0.34375005 0.20000001
v 4.61874962 0.38125044 0.17500001
v 4.63749981 0.36250025 0.17500001
v 4.61874962 0.38125044 0.30000001
v 4.65625000 0.34375005 0.30000001
v 4.61874962 0.38125044 0.27500001
v 4.73125076 0.26874928 0.30000001
v 4.69375038 0.30624967 0.30000001
v 4.71250057 0.28749948 0.27500001
v 4.61874962 0.38125044 0.22500001
v 4.65625000 0.34375005 0.27500001
v 4.61874962 0.38125044 0.25000001
v 4.63749981 0.36250025 0.22500001
v 4.63749981 0.36250025 0.27500001
v 4.67500019 0.32499986 0.22500001
v 4.67500019 0.32499986 0.27500001
v 4.69375038 0.30624967 0.25000001
v 4.65625000 0.34375005 0.22500001
v 4.69375038 0.30624967 0.27500001
v 4.65625000 0.34375005 0.25000001
v 4.61874962 0.38125044 0.10000000
v 4.65625000 0.34375005 0.10000000
v 4.63749981 0.36250025 0.12500000
v 4.73125076 0.26874928 0.10000000
v 4.69375038 0.30624967 0.10000000
v 4.67500019 0.32499986 0.17500001
v 4.67500019 0.32499986 0.12500000
v 4.65625000 0.34375005 0.15000000
v 4.65625000 0.34375005 0.12500000
v 4.75000095 0.24999909 0.27500001
v 4.75000095 0.24999909 0.22500001
v 4.73125076 0.26874928 0.25000001
v 4.75000095 0.24999909 0.12500000
v 4.75000095 0.24999909 0.17500001
v 4.73125076 0.26874928 0.12500000
v 4.69375038 0.30624967 0.20000001
v 4.73125076 0.26874928 0.20000001
v 4.71250057 0.28749948 0.22500001
v 4.69375038 0.30624967 0.17500001
v 4.73125076 0.26874928 0.22500001
v 4.69375038 0.30624967 0.12500000
v 4.73125076 0.26874928 0.17500001
v 4.71250057 0.28749948 0.12500000
v 4.69375038 0.30624967 0.15000000
v 4.73125076 0.26874928 0.15000000
v 4.71250057 0.28749948 0.17500001
v 4.59999943 0.43125063 0.12500000
v 4.59999943 0.49375063 0.17500001
v 4.59999943 0.43125063 0.15000000
v 4.59999943 0.61875063 0.27500001
v 4.59999943 0.55625063 0.22500001
v 4.59999943 0.43125063 0.20000001
v 4.59999943 0.49375063 0.20000001
v 4.59999943 0.43125063 0.17500001
v 4.59999943 0.46250063 0.17500001
v 4.59999943 0.43125063 0.30000001
v 4.59999943 0.49375063 0.30000001
v 4.59999943 0.43125063 0.27500001
v 4.59999943 0.61875063 0.30000001
v 4.59999943 0.55625063 0.30000001
v 4.59999943 0.58750063 0.27500001
v 4.59999943 0.43125063 0.22500001
v 4.59999943 0.49375063 0.27500001
v 4.59999943 0.43125063 0.25000001
v 4.59999943 0.46250063 0.22500001
v 4.59999943 0.46250063 0.27500001
v 4.59999943 0.52500063 0.22500001
v 4.59999943 0.52500063 0.27500001
v 4.59999943 0.55625063 0.25000001
v 4.59999943 0.49375063 0.22500001
v 4.59999943 0.55625063 0.27500001
v 4.59999943 0.49375063 0.25000001
v 4.59999943 0.43125063 0.12193477
v 4.59999943 0.49375063 0.16580431
v 4.59999943 0.46250063 0.14693477
v 4.59999943 0.61875063 0.25354339
v 4.59999943 0.55625063 0.20967385
v 4.59999943 0.52500063 0.19693477
v 4.59999943 0.52500063 0.19080431
v 4.59999943 0.49375063 0.17193477
v 4.59999943 0.49375063 0.16886954
v 4.59999943 0.65000063 0.29693478
v 4.59999943 0.65000063 0.29080432
v 4.59999943 0.61875063 0.27193478
v 4.59999943 0.65000063 0.27854339
v 4.59999943 0.65000063 0.28467385
v 4.59999943 0.61875063 0.25660862
v 4.59999943 0.55625063 0.22193478
v 4.59999943 0.61875063 0.26580431
v 4.59999943 0.58750063 0.24693478
v 4.59999943 0.55625063 0.21886954
v 4.59999943 0.61875063 0.26886955
v 4.59999943 0.55625063 0.21273908
v 4.59999943 0.61875063 0.26273908
v 4.59999943 0.58750063 0.23467385
v 4.59999943 0.55625063 0.21580431
v 4.59999943 0.61875063 0.25967385
v 4.59999943 0.58750063 0.24080431
v 4.59999943 0.43125063 0.10000000
v 4.59999943 0.49375063 0.10000000
v 4.59999943 0.46250063 0.12193477
v 4.59999943 0.61875063 0.10000000
v 4.59999943 0.55625063 0.10000000
v 4.59999943 0.52500063 0.16580431
v 4.59999943 0.52500063 0.12193477
v 4.59999943 0.49375063 0.14386954
v 4.59999943 0.49375063 0.12193477
v 4.59999943 0.65000063 0.25354339
v 4.59999943 0.65000063 0.20967385
v 4.59999943 0.61875063 0.23160862
v 4.59999943 0.65000063 0.12193477
v 4.59999943 0.65000063 0.16580431
v 4.59999943 0.61875063 0.12193477
v 4.59999943 0.55625063 0.18773908
v 4.59999943 0.61875063 0.18773908
v 4.59999943 0.58750063 0.20967385
v 4.59999943 0.55625063 0.16580431
v 4.59999943 0.61875063 0.20967385
v 4.59999943 0.55625063 0.12193477
v 4.59999943 0.61875063 0.16580431
v 4.59999943 0.58750063 0.12193477
v 4.59999943 0.55625063 0.14386954
v 4.59999943 0.61875063 0.14386954
v 4.59999943 0.58750063 0.16580431
v 5.00000000 0.24999909 0.10000000
v 5.00000000 0.65000063 0.10000000
v 4.96666670 0.65000063 0.10000000
v 4.87500048 0.24999909 0.10000000
v 4.87500048 0.44999986 0.10000000
v 5.00000000 0.44999986 0.10000000
v 4.85833383 0.44999986 0.10000000
v 4.98333335 0.65000063 0.10000000
v 4.78333306 0.52500063 0.10000000
v 4.78333306 0.65000063 0.10000000
v 4.81250072 0.24999909 0.10000000
v 4.93750024 0.24999909 0.10000000
v 4.81250072 0.34999948 0.10000000
v 4.93750024 0.55000025 0.10000000
v 4.87500048 0.34999948 0.10000000
v 5.00000000 0.34999948 0.10000000
v 5.00000000 0.55000025 0.10000000
v 4.93750024 0.34999948 0.10000000
v 4.93750024 0.44999986 0.10000000
v 4.80416739 0.34999948 0.10000000
v 4.91250026 0.55000025 0.10000000
v 4.86666715 0.44999986 0.10000000
v 4.99166667 0.65000063 0.10000000
v 4.97500002 0.65000063 0.10000000
v 4.92916691 0.55000025 0.10000000
v 4.92083359 0.55000025 0.10000000
v 4.76666701 0.38749986 0.10000000
v 4.87499988 0.58750063 0.10000000
v 4.69166625 0.46250063 0.10000000
v 4.82083344 0.48750025 0.10000000
v 4.72916663 0.42500025 0.10000000
v 4.87499988 0.65000063 0.10000000
v 4.69166625 0.65000063 0.10000000
v 4.78333306 0.58750063 0.10000000
v 4.69166625 0.52500063 0.10000000
v 4.69166625 0.58750063 0.10000000
v 4.78125083 0.24999909 0.10000000
v 4.84375060 0.24999909 0.10000000
v 4.96875012 0.24999909 0.10000000
v 4.90625036 0.24999909 0.10000000
v 4.78125083 0.29999928 0.10000000
v 4.84375060 0.39999967 0.10000000
v 4.81250072 0.29999928 0.10000000
v 4.96875012 0.60000044 0.10000000
v 4.90625036 0.50000005 0.10000000
v 4.87500048 0.29999928 0.10000000
v 4.87500048 0.39999967 0.10000000
v 4.84375060 0.29999928 0.10000000
v 4.84375060 0.34999948 0.10000000
v 5.00000000 0.29999928 0.10000000
v 5.00000000 0.39999967 0.10000000
v 4.96875012 0.29999928 0.10000000
v 5.00000000 0.60000044 0.10000000
v 5.00000000 0.50000005 0.10000000
v 4.96875012 0.55000025 0.10000000
v 4.90625036 0.29999928 0.10000000
v 4.96875012 0.39999967 0.10000000
v 4.93750024 0.29999928 0.10000000
v 4.90625036 0.34999948 0.10000000
v 4.96875012 0.34999948 0.10000000
v 4.90625036 0.44999986 0.10000000
v 4.96875012 0.44999986 0.10000000
v 4.93750024 0.50000005 0.10000000
v 4.90625036 0.39999967 0.10000000
v 4.96875012 0.50000005 0.10000000
v 4.93750024 0.39999967 0.10000000
v 4.77708417 0.29999928 0.10000000
v 4.83125061 0.39999967 0.10000000
v 4.80833405 0.34999948 0.10000000
v 4.93958348 0.60000044 0.10000000
v 4.88541704 0.50000005 0.10000000
v 4.87083381 0.44999986 0.10000000
v 4.86250049 0.44999986 0.10000000
v 4.83958393 0.39999967 0.10000000
v 4.83541727 0.39999967 0.10000000
v 4.99583334 0.65000063 0.10000000
v 4.98750001 0.65000063 0.10000000
v 4.96458346 0.60000044 0.10000000
v 4.97083336 0.65000063 0.10000000
v 4.97916669 0.65000063 0.10000000
v 4.94375014 0.60000044 0.10000000
v 4.90208369 0.50000005 0.10000000
v 4.95625013 0.60000044 0.10000000
v 4.93333358 0.55000025 0.10000000
v 4.89791703 0.50000005 0.10000000
v 4.96041679 0.60000044 0.10000000
v 4.88958371 0.50000005 0.10000000
v 4.95208347 0.60000044 0.10000000
v 4.91666692 0.55000025 0.10000000
v 4.89375037 0.50000005 0.10000000
v 4.94791681 0.60000044 0.10000000
v 4.92500025 0.55000025 0.10000000
v 4.75833398 0.31874948 0.10000000
v 4.81250042 0.41874986 0.10000000
v 4.72083360 0.35624986 0.10000000
v 4.78541720 0.36874967 0.10000000
v 4.73958379 0.33749967 0.10000000
v 4.92083329 0.61875063 0.10000000
v 4.82916647 0.55625063 0.10000000
v 4.89375007 0.56875044 0.10000000
v 4.64583284 0.43125063 0.10000000
v 4.73749965 0.49375063 0.10000000
v 4.66458303 0.41250044 0.10000000
v 4.83958364 0.46875005 0.10000000
v 4.80208325 0.50625044 0.10000000
v 4.86666685 0.51875025 0.10000000
v 4.79375023 0.43750005 0.10000000
v 4.84791666 0.53750044 0.10000000
v 4.70208341 0.37500005 0.10000000
v 4.75624985 0.47500044 0.10000000
v 4.68333322 0.39375025 0.10000000
v 4.74791682 0.40625005 0.10000000
v 4.71041644 0.44375044 0.10000000
v 4.77500004 0.45625025 0.10000000
v 4.92083329 0.65000063 0.10000000
v 4.82916647 0.65000063 0.10000000
v 4.87499988 0.61875063 0.10000000
v 4.64583284 0.65000063 0.10000000
v 4.73749965 0.65000063 0.10000000
v 4.78333306 0.55625063 0.10000000
v 4.78333306 0.61875063 0.10000000
v 4.82916647 0.58750063 0.10000000
v 4.82916647 0.61875063 0.10000000
v 4.64583284 0.46250063 0.10000000
v 4.64583284 0.61875063 0.10000000
v 4.73749965 0.52500063 0.10000000
v 4.64583284 0.52500063 0.10000000
v 4.69166625 0.49375063 0.10000000
v 4.73749965 0.55625063 0.10000000
v 4.64583284 0.49375063 0.10000000
v 4.73749965 0.61875063 0.10000000
v 4.64583284 0.55625063 0.10000000
v 4.69166625 0.61875063 0.10000000
v 4.73749965 0.58750063 0.10000000
v 4.64583284 0.58750063 0.10000000
v 4.69166625 0.55625063 0.10000000
v 5.00000000 0.24999909 0.30000001
v 5.00000000 0.65000063 0.30000001
v 4.89999962 0.65000063 0.30000001
v 4.63512659 0.65000063 0.30000001
v 4.87500048 0.24999909 0.30000001
v 5.00000000 0.44999986 0.30000001
v 4.87500048 0.44999986 0.30000001
v 4.79999971 0.52500063 0.30000001
v 4.94999981 0.65000063 0.30000001
v 4.74999952 0.52500063 0.30000001
v 4.61756301 0.52500063 0.30000001
v 4.76756310 0.65000063 0.30000001
v 4.61756301 0.65000063 0.30000001
v 4.93750024 0.24999909 0.30000001
v 4.81250072 0.24999909 0.30000001
v 5.00000000 0.34999948 0.30000001
v 5.00000000 0.55000025 0.30000001
v 4.93750024 0.34999948 0.30000001
v 4.81250072 0.34999948 0.30000001
v 4.93750024 0.55000025 0.30000001
v 4.87500048 0.34999948 0.30000001
v 4.93750024 0.44999986 0.30000001
v 4.77500033 0.38749986 0.30000001
v 4.89999986 0.58750063 0.30000001
v 4.69999957 0.46250063 0.30000001
v 4.83750010 0.48750025 0.30000001
v 4.73749995 0.42500025 0.30000001
v 4.97499990 0.65000063 0.30000001
v 4.92499971 0.65000063 0.30000001
v 4.87499976 0.58750063 0.30000001
v 4.67499948 0.46250063 0.30000001
v 4.82499957 0.58750063 0.30000001
v 4.77499962 0.52500063 0.30000001
v 4.84999967 0.58750063 0.30000001
v 4.60878122 0.46250063 0.30000001
v 4.62634480 0.58750063 0.30000001
v 4.68378127 0.52500063 0.30000001
v 4.83378136 0.65000063 0.30000001
v 4.70134485 0.65000063 0.30000001
v 4.75878131 0.58750063 0.30000001
v 4.69256306 0.58750063 0.30000001
v 4.60878122 0.52500063 0.30000001
v 4.62634480 0.65000063 0.30000001
v 4.60878122 0.65000063 0.30000001
v 4.61756301 0.58750063 0.30000001
v 4.60878122 0.58750063 0.30000001
v 4.96875012 0.24999909 0.30000001
v 4.90625036 0.24999909 0.30000001
v 4.78125083 0.24999909 0.30000001
v 4.84375060 0.24999909 0.30000001
v 5.00000000 0.29999928 0.30000001
v 5.00000000 0.39999967 0.30000001
v 4.96875012 0.29999928 0.30000001
v 5.00000000 0.60000044 0.30000001
v 5.00000000 0.50000005 0.30000001
v 4.90625036 0.29999928 0.30000001
v 4.96875012 0.39999967 0.30000001
v 4.93750024 0.29999928 0.30000001
v 4.96875012 0.34999948 0.30000001
v 4.78125083 0.29999928 0.30000001
v 4.84375060 0.39999967 0.30000001
v 4.81250072 0.29999928 0.30000001
v 4.96875012 0.60000044 0.30000001
v 4.90625036 0.50000005 0.30000001
v 4.96875012 0.55000025 0.30000001
v 4.87500048 0.29999928 0.30000001
v 4.87500048 0.39999967 0.30000001
v 4.84375060 0.29999928 0.30000001
v 4.90625036 0.34999948 0.30000001
v 4.84375060 0.34999948 0.30000001
v 4.96875012 0.44999986 0.30000001
v 4.90625036 0.44999986 0.30000001
v 4.96875012 0.50000005 0.30000001
v 4.93750024 0.39999967 0.30000001
v 4.93750024 0.50000005 0.30000001
v 4.90625036 0.39999967 0.30000001
v 4.76250064 0.31874948 0.30000001
v 4.82500041 0.41874986 0.30000001
v 4.72500026 0.35624986 0.30000001
v 4.79375052 0.36874967 0.30000001
v 4.74375045 0.33749967 0.30000001
v 4.94999993 0.61875063 0.30000001
v 4.84999979 0.55625063 0.30000001
v 4.91875005 0.56875044 0.30000001
v 4.64999950 0.43125063 0.30000001
v 4.74999964 0.49375063 0.30000001
v 4.66874969 0.41250044 0.30000001
v 4.85625029 0.46875005 0.30000001
v 4.81874990 0.50625044 0.30000001
v 4.88750017 0.51875025 0.30000001
v 4.80625021 0.43750005 0.30000001
v 4.86874998 0.53750044 0.30000001
v 4.70625007 0.37500005 0.30000001
v 4.76874983 0.47500044 0.30000001
v 4.68749988 0.39375025 0.30000001
v 4.75625014 0.40625005 0.30000001
v 4.71874976 0.44375044 0.30000001
v 4.78750002 0.45625025 0.30000001
v 4.98749995 0.65000063 0.30000001
v 4.96249986 0.65000063 0.30000001
v 4.93749988 0.61875063 0.30000001
v 4.91249967 0.65000063 0.30000001
v 4.93749976 0.65000063 0.30000001
v 4.83749974 0.55625063 0.30000001
v 4.91249979 0.61875063 0.30000001
v 4.88749981 0.58750063 0.30000001
v 4.92499983 0.61875063 0.30000001
v 4.63749945 0.43125063 0.30000001
v 4.71249950 0.49375063 0.30000001
v 4.68749952 0.46250063 0.30000001
v 4.86249959 0.61875063 0.30000001
v 4.78749955 0.55625063 0.30000001
v 4.87499964 0.61875063 0.30000001
v 4.78749967 0.52500063 0.30000001
v 4.76249957 0.52500063 0.30000001
v 4.73749959 0.49375063 0.30000001
v 4.82499969 0.55625063 0.30000001
v 4.72499955 0.49375063 0.30000001
v 4.89999974 0.61875063 0.30000001
v 4.79999959 0.55625063 0.30000001
v 4.88749969 0.61875063 0.30000001
v 4.86249971 0.58750063 0.30000001
v 4.83749962 0.58750063 0.30000001
v 4.81249964 0.55625063 0.30000001
v 4.60439032 0.43125063 0.30000001
v 4.61317211 0.49375063 0.30000001
v 4.64189035 0.46250063 0.30000001
v 4.63073570 0.61875063 0.30000001
v 4.62195390 0.55625063 0.30000001
v 4.71689039 0.52500063 0.30000001
v 4.65067214 0.52500063 0.30000001
v 4.67939037 0.49375063 0.30000001
v 4.64628124 0.49375063 0.30000001
v 4.86689049 0.65000063 0.30000001
v 4.80067223 0.65000063 0.30000001
v 4.82939047 0.61875063 0.30000001
v 4.66823572 0.65000063 0.30000001
v 4.73445398 0.65000063 0.30000001
v 4.66384482 0.61875063 0.30000001
v 4.75439042 0.55625063 0.30000001
v 4.76317221 0.61875063 0.30000001
v 4.79189044 0.58750063 0.30000001
v 4.72128129 0.55625063 0.30000001
v 4.79628134 0.61875063 0.30000001
v 4.65506303 0.55625063 0.30000001
v 4.73006308 0.61875063 0.30000001
v 4.65945393 0.58750063 0.30000001
v 4.68817216 0.55625063 0.30000001
v 4.69695395 0.61875063 0.30000001
v 4.72567219 0.58750063 0.30000001
v 4.60439032 0.46250063 0.30000001
v 4.61317211 0.52500063 0.30000001
v 4.60439032 0.52500063 0.30000001
v 4.60878122 0.49375063 0.30000001
v 4.60439032 0.49375063 0.30000001
v 4.63073570 0.65000063 0.30000001
v 4.62195390 0.65000063 0.30000001
v 4.62634480 0.61875063 0.30000001
v 4.60439032 0.65000063 0.30000001
v 4.61317211 0.65000063 0.30000001
v 4.60439032 0.61875063 0.30000001
v 4.61756301 0.55625063 0.30000001
v 4.61756301 0.61875063 0.30000001
v 4.62195390 0.58750063 0.30000001
v 4.61317211 0.55625063 0.30000001
v 4.62195390 0.61875063 0.30000001
v 4.60439032 0.55625063 0.30000001
v 4.61317211 0.61875063 0.30000001
v 4.60439032 0.58750063 0.30000001
v 4.60878122 0.55625063 0.30000001
v 4.60878122 0.61875063 0.30000001
v 4.61317211 0.58750063 0.30000001
v 4.87500048 0.24999909 0.20000001
v 5.00000000 0.24999909 0.20000001
v 4.93750024 0.24999909 0.15000000
v 4.81250072 0.24999909 0.25000001
v 4.87500048 0.24999909 0.15000000
v 4.81250072 0.24999909 0.15000000
v 4.81250072 0.24999909 0.20000001
v 5.00000000 0.24999909 0.15000000
v 5.00000000 0.24999909 0.25000001
v 4.93750024 0.24999909 0.20000001
v 4.87500048 0.24999909 0.25000001
v 4.93750024 0.24999909 0.25000001
v 4.96875012 0.24999909 0.12500000
v 4.90625036 0.24999909 0.17500001
v 4.93750024 0.24999909 0.12500000
v 4.78125083 0.24999909 0.27500001
v 4.84375060 0.24999909 0.22500001
v 4.87500048 0.24999909 0.12500000
v 4.87500048 0.24999909 0.17500001
v 4.90625036 0.24999909 0.12500000
v 4.90625036 0.24999909 0.15000000
v 4.78125083 0.24999909 0.12500000
v 4.78125083 0.24999909 0.25000001
v 4.84375060 0.24999909 0.12500000
v 4.78125083 0.24999909 0.17500001
v 4.81250072 0.24999909 0.12500000
v 4.84375060 0.24999909 0.15000000
v 4.78125083 0.24999909 0.15000000
v 4.84375060 0.24999909 0.20000001
v 4.78125083 0.24999909 0.20000001
v 4.81250072 0.24999909 0.22500001
v 4.84375060 0.24999909 0.17500001
v 4.78125083 0.24999909 0.22500001
v 4.81250072 0.24999909 0.17500001
v 5.00000000 0.24999909 0.12500000
v 5.00000000 0.24999909 0.17500001
v 4.96875012 0.24999909 0.15000000
v 5.00000000 0.24999909 0.27500001
v 5.00000000 0.24999909 0.22500001
v 4.90625036 0.24999909 0.20000001
v 4.96875012 0.24999909 0.20000001
v 4.93750024 0.24999909 0.17500001
v 4.96875012 0.24999909 0.17500001
v 4.81250072 0.24999909 0.27500001
v 4.96875012 0.24999909 0.27500001
v 4.87500048 0.24999909 0.22500001
v 4.87500048 0.24999909 0.27500001
v 4.84375060 0.24999909 0.25000001
v 4.90625036 0.24999909 0.22500001
v 4.84375060 0.24999909 0.27500001
v 4.96875012 0.24999909 0.22500001
v 4.90625036 0.24999909 0.27500001
v 4.96875012 0.24999909 0.25000001
v 4.93750024 0.24999909 0.22500001
v 4.93750024 0.24999909 0.27500001
v 4.90625036 0.24999909 0.25000001
v 4.84999943 2.59999943 0.50000000
v 4.84999943 2.84999943 0.50000000
v 5.00000000 2.84999943 0.50000000
v 5.00000000 2.59999943 0.50000000
v 4.84999943 2.72499943 0.50000000
v 4.92499971 2.72499943 0.50000000
v 4.92499971 2.84999943 0.50000000
v 4.92499971 2.59999943 0.50000000
v 5.00000000 2.72499943 0.50000000
v 4.84999943 2.66249943 0.50000000
v 4.84999943 2.78749943 0.50000000
v 4.88749957 2.66249943 0.50000000
v 4.96249986 2.78749943 0.50000000
v 4.88749957 2.72499943 0.50000000
v 4.88749957 2.84999943 0.50000000
v 4.96249986 2.84999943 0.50000000
v 4.88749957 2.78749943 0.50000000
v 4.92499971 2.78749943 0.50000000
v 4.88749957 2.59999943 0.50000000
v 4.96249986 2.59999943 0.50000000
v 4.92499971 2.66249943 0.50000000
v 5.00000000 2.78749943 0.50000000
v 5.00000000 2.66249943 0.50000000
v 4.96249986 2.72499943 0.50000000
v 4.96249986 2.66249943 0.50000000
v 4.84999943 2.63124943 0.50000000
v 4.84999943 2.69374943 0.50000000
v 4.84999943 2.81874943 0.50000000
v 4.84999943 2.75624943 0.50000000
v 4.86874950 2.63124943 0.50000000
v 4.90624964 2.69374943 0.50000000
v 4.86874950 2.66249943 0.50000000
v 4.98124993 2.81874943 0.50000000
v 4.94374979 2.75624943 0.50000000
v 4.86874950 2.72499943 0.50000000
v 4.90624964 2.72499943 0.50000000
v 4.86874950 2.69374943 0.50000000
v 4.88749957 2.69374943 0.50000000
v 4.86874950 2.84999943 0.50000000
v 4.90624964 2.84999943 0.50000000
v 4.86874950 2.81874943 0.50000000
v 4.98124993 2.84999943 0.50000000
v 4.94374979 2.84999943 0.50000000
v 4.96249986 2.81874943 0.50000000
v 4.86874950 2.75624943 0.50000000
v 4.90624964 2.81874943 0.50000000
v 4.86874950 2.78749943 0.50000000
v 4.88749957 2.75624943 0.50000000
v 4.88749957 2.81874943 0.50000000
v 4.92499971 2.75624943 0.50000000
v 4.92499971 2.81874943 0.50000000
v 4.94374979 2.78749943 0.50000000
v 4.90624964 2.75624943 0.50000000
v 4.94374979 2.81874943 0.50000000
v 4.90624964 2.78749943 0.50000000
v 4.86874950 2.59999943 0.50000000
v 4.90624964 2.59999943 0.50000000
v 4.88749957 2.63124943 0.50000000
v 4.98124993 2.59999943 0.50000000
v 4.94374979 2.59999943 0.50000000
v 4.92499971 2.69374943 0.50000000
v 4.92499971 2.63124943 0.50000000
v 4.90624964 2.66249943 0.50000000
v 4.90624964 2.63124943 0.50000000
v 5.00000000 2.81874943 0.50000000
v 5.00000000 2.75624943 0.50000000
v 4.98124993 2.78749943 0.50000000
v 5.00000000 2.63124943 0.50000000
v 5.00000000 2.69374943 0.50000000
v 4.98124993 2.63124943 0.50000000
v 4.94374979 2.72499943 0.50000000
v 4.98124993 2.72499943 0.50000000
v 4.96249986 2.75624943 0.50000000
v 4.94374979 2.69374943 0.50000000
v 4.98124993 2.75624943 0.50000000
v 4.94374979 2.63124943 0.50000000
v 4.98124993 2.69374943 0.50000000
v 4.96249986 2.63124943 0.50000000
v 4.94374979 2.66249943 0.50000000
v 4.98124993 2.66249943 0.50000000
v 4.96249986 2.69374943 0.50000000
v 4.84999943 2.84999943 0.30000001
v 5.00000000 2.84999943 0.30000001
v 4.75000095 2.84999943 0.10000000
v 4.75000095 2.84999943 0.30000001
v 4.59999943 2.69999981 0.30000001
v 4.59999943 2.69999981 0.10000000
v 5.00000000 2.84999943 0.16666682
v 5.00000000 2.84999943 0.10000000
v 4.92499971 2.84999943 0.30000001
v 4.92499971 2.84999943 0.40000001
v 5.00000000 2.84999943 0.40000001
v 4.84999943 2.84999943 0.40000001
v 4.80000019 2.84999943 0.20000001
v 4.87500048 2.84999943 0.20000001
v 4.80000019 2.84999943 0.30000001
v 4.75000095 2.84999943 0.20000001
v 4.67500019 2.77499962 0.20000001
v 4.67500019 2.77499962 0.30000001
v 4.67500019 2.77499962 0.10000000
v 4.59999943 2.69999981 0.20000001
v 5.00000000 2.84999943 0.23333342
v 4.87500048 2.84999943 0.13333341
v 4.87500048 2.84999943 0.10000000
v 5.00000000 2.84999943 0.13333341
v 4.88749957 2.84999943 0.30000001
v 4.96249986 2.84999943 0.30000001
v 4.88749957 2.84999943 0.35000001
v 4.96249986 2.84999943 0.45000000
v 4.92499971 2.84999943 0.35000001
v 5.00000000 2.84999943 0.35000001
v 5.00000000 2.84999943 0.45000000
v 4.96249986 2.84999943 0.35000001
v 4.96249986 2.84999943 0.40000001
v 4.84999943 2.84999943 0.35000001
v 4.84999943 2.84999943 0.45000000
v 4.88749957 2.84999943 0.40000001
v 4.92499971 2.84999943 0.45000000
v 4.88749957 2.84999943 0.45000000
v 4.82499981 2.84999943 0.25000001
v 4.77500057 2.84999943 0.15000000
v 4.86249995 2.84999943 0.25000001
v 4.93750024 2.84999943 0.25000001
v 4.81250072 2.84999943 0.15000000
v 4.90000010 2.84999943 0.25000001
v 4.83750033 2.84999943 0.20000001
v 4.82499981 2.84999943 0.30000001
v 4.77500057 2.84999943 0.30000001
v 4.80000019 2.84999943 0.25000001
v 4.75000095 2.84999943 0.15000000
v 4.75000095 2.84999943 0.25000001
v 4.77500057 2.84999943 0.20000001
v 4.77500057 2.84999943 0.25000001
v 4.71250057 2.81249952 0.15000000
v 4.63749981 2.73749971 0.25000001
v 4.71250057 2.81249952 0.20000001
v 4.71250057 2.81249952 0.30000001
v 4.63749981 2.73749971 0.30000001
v 4.71250057 2.81249952 0.25000001
v 4.67500019 2.77499962 0.25000001
v 4.71250057 2.81249952 0.10000000
v 4.63749981 2.73749971 0.10000000
v 4.67500019 2.77499962 0.15000000
v 4.59999943 2.69999981 0.25000001
v 4.59999943 2.69999981 0.15000000
v 4.63749981 2.73749971 0.20000001
v 4.63749981 2.73749971 0.15000000
v 5.00000000 2.84999943 0.26666671
v 5.00000000 2.84999943 0.20000012
v 4.93750024 2.84999943 0.21666671
v 4.81250072 2.84999943 0.11666671
v 4.93750024 2.84999943 0.15000012
v 4.87500048 2.84999943 0.16666671
v 4.93750024 2.84999943 0.18333341
v 4.81250072 2.84999943 0.10000000
v 4.93750024 2.84999943 0.10000000
v 4.87500048 2.84999943 0.11666671
v 5.00000000 2.84999943 0.15000012
v 5.00000000 2.84999943 0.11666671
v 4.93750024 2.84999943 0.13333341
v 4.93750024 2.84999943 0.11666671
v 4.86874950 2.84999943 0.30000001
v 4.90624964 2.84999943 0.30000001
v 4.98124993 2.84999943 0.30000001
v 4.94374979 2.84999943 0.30000001
v 4.86874950 2.84999943 0.32500001
v 4.90624964 2.84999943 0.37500001
v 4.88749957 2.84999943 0.32500001
v 4.98124993 2.84999943 0.47500000
v 4.94374979 2.84999943 0.42500000
v 4.92499971 2.84999943 0.32500001
v 4.92499971 2.84999943 0.37500001
v 4.90624964 2.84999943 0.32500001
v 4.90624964 2.84999943 0.35000001
v 5.00000000 2.84999943 0.32500001
v 5.00000000 2.84999943 0.37500001
v 4.98124993 2.84999943 0.32500001
v 5.00000000 2.84999943 0.47500000
v 5.00000000 2.84999943 0.42500000
v 4.98124993 2.84999943 0.45000000
v 4.94374979 2.84999943 0.32500001
v 4.98124993 2.84999943 0.37500001
v 4.96249986 2.84999943 0.32500001
v 4.94374979 2.84999943 0.35000001
v 4.98124993 2.84999943 0.35000001
v 4.94374979 2.84999943 0.40000001
v 4.98124993 2.84999943 0.40000001
v 4.96249986 2.84999943 0.42500000
v 4.94374979 2.84999943 0.37500001
v 4.98124993 2.84999943 0.42500000
v 4.96249986 2.84999943 0.37500001
v 4.84999943 2.84999943 0.32500001
v 4.84999943 2.84999943 0.37500001
v 4.86874950 2.84999943 0.35000001
v 4.84999943 2.84999943 0.47500000
v 4.84999943 2.84999943 0.42500000
v 4.90624964 2.84999943 0.40000001
v 4.86874950 2.84999943 0.40000001
v 4.88749957 2.84999943 0.37500001
v 4.86874950 2.84999943 0.37500001
v 4.96249986 2.84999943 0.47500000
v 4.86874950 2.84999943 0.47500000
v 4.92499971 2.84999943 0.42500000
v 4.92499971 2.84999943 0.47500000
v 4.94374979 2.84999943 0.45000000
v 4.90624964 2.84999943 0.42500000
v 4.94374979 2.84999943 0.47500000
v 4.86874950 2.84999943 0.42500000
v 4.90624964 2.84999943 0.47500000
v 4.86874950 2.84999943 0.45000000
v 4.88749957 2.84999943 0.42500000
v 4.88749957 2.84999943 0.47500000
v 4.90624964 2.84999943 0.45000000
v 4.83749962 2.84999943 0.27500001
v 4.81250000 2.84999943 0.22500001
v 4.85624969 2.84999943 0.27500001
v 4.76250076 2.84999943 0.12500000
v 4.78750038 2.84999943 0.17500001
v 4.89374983 2.84999943 0.27500001
v 4.83125007 2.84999943 0.22500001
v 4.87499976 2.84999943 0.27500001
v 4.84374988 2.84999943 0.25000001
v 4.96875012 2.84999943 0.27500001
v 4.90625036 2.84999943 0.22500001
v 4.95000005 2.84999943 0.27500001
v 4.78125083 2.84999943 0.12500000
v 4.84375060 2.84999943 0.17500001
v 4.79375064 2.84999943 0.15000000
v 4.91249990 2.84999943 0.27500001
v 4.88750029 2.84999943 0.22500001
v 4.93124998 2.84999943 0.27500001
v 4.88125002 2.84999943 0.25000001
v 4.91875017 2.84999943 0.25000001
v 4.81875026 2.84999943 0.20000001
v 4.85625041 2.84999943 0.20000001
v 4.80625045 2.84999943 0.17500001
v 4.85000014 2.84999943 0.22500001
v 4.82500052 2.84999943 0.17500001
v 4.86875021 2.84999943 0.22500001
v 4.83749962 2.84999943 0.30000001
v 4.81250000 2.84999943 0.30000001
v 4.82499981 2.84999943 0.27500001
v 4.76250076 2.84999943 0.30000001
v 4.78750038 2.84999943 0.30000001
v 4.80000019 2.84999943 0.22500001
v 4.80000019 2.84999943 0.27500001
v 4.81250000 2.84999943 0.25000001
v 4.81250000 2.84999943 0.27500001
v 4.75000095 2.84999943 0.12500000
v 4.75000095 2.84999943 0.17500001
v 4.76250076 2.84999943 0.15000000
v 4.75000095 2.84999943 0.27500001
v 4.75000095 2.84999943 0.22500001
v 4.76250076 2.84999943 0.27500001
v 4.78750038 2.84999943 0.20000001
v 4.76250076 2.84999943 0.20000001
v 4.77500057 2.84999943 0.17500001
v 4.78750038 2.84999943 0.22500001
v 4.76250076 2.84999943 0.17500001
v 4.78750038 2.84999943 0.27500001
v 4.76250076 2.84999943 0.22500001
v 4.77500057 2.84999943 0.27500001
v 4.78750038 2.84999943 0.25000001
v 4.76250076 2.84999943 0.25000001
v 4.77500057 2.84999943 0.22500001
v 4.73125076 2.83124948 0.12500000
v 4.69375038 2.79374957 0.17500001
v 4.73125076 2.83124948 0.15000000
v 4.61874962 2.71874976 0.27500001
v 4.65625000 2.75624967 0.22500001
v 4.73125076 2.83124948 0.20000001
v 4.69375038 2.79374957 0.20000001
v 4.73125076 2.83124948 0.17500001
v 4.71250057 2.81249952 0.17500001
v 4.73125076 2.83124948 0.30000001
v 4.69375038 2.79374957 0.30000001
v 4.73125076 2.83124948 0.27500001
v 4.61874962 2.71874976 0.30000001
v 4.65625000 2.75624967 0.30000001
v 4.63749981 2.73749971 0.27500001
v 4.73125076 2.83124948 0.22500001
v 4.69375038 2.79374957 0.27500001
v 4.73125076 2.83124948 0.25000001
v 4.71250057 2.81249952 0.22500001
v 4.71250057 2.81249952 0.27500001
v 4.67500019 2.77499962 0.22500001
v 4.67500019 2.77499962 0.27500001
v 4.65625000 2.75624967 0.25000001
v 4.69375038 2.79374957 0.22500001
v 4.65625000 2.75624967 0.27500001
v 4.69375038 2.79374957 0.25000001
v 4.73125076 2.83124948 0.10000000
v 4.69375038 2.79374957 0.10000000
v 4.71250057 2.81249952 0.12500000
v 4.61874962 2.71874976 0.10000000
v 4.65625000 2.75624967 0.10000000
v 4.67500019 2.77499962 0.17500001
v 4.67500019 2.77499962 0.12500000
v 4.69375038 2.79374957 0.15000000
v 4.69375038 2.79374957 0.12500000
v 4.59999943 2.69999981 0.27500001
v 4.59999943 2.69999981 0.22500001
v 4.61874962 2.71874976 0.25000001
v 4.59999943 2.69999981 0.12500000
v 4.59999943 2.69999981 0.17500001
v 4.61874962 2.71874976 0.12500000
v 4.65625000 2.75624967 0.20000001
v 4.61874962 2.71874976 0.20000001
v 4.63749981 2.73749971 0.22500001
v 4.65625000 2.75624967 0.17500001
v 4.61874962 2.71874976 0.22500001
v 4.65625000 2.75624967 0.12500000
v 4.61874962 2.71874976 0.17500001
v 4.63749981 2.73749971 0.12500000
v 4.65625000 2.75624967 0.15000000
v 4.61874962 2.71874976 0.15000000
v 4.63749981 2.73749971 0.17500001
v 5.00000000 2.84999943 0.28333336
v 5.00000000 2.84999943 0.25000007
v 4.96875012 2.84999943 0.25833336
v 5.00000000 2.84999943 0.18333347
v 5.00000000 2.84999943 0.21666677
v 4.90625036 2.84999943 0.20833336
v 4.96875012 2.84999943 0.22500006
v 4.93750024 2.84999943 0.23333336
v 4.96875012 2.84999943 0.24166671
v 4.78125083 2.84999943 0.10833335
v 4.84375060 2.84999943 0.12500006
v 4.81250072 2.84999943 0.13333336
v 4.96875012 2.84999943 0.15833347
v 4.90625036 2.84999943 0.14166676
v 4.96875012 2.84999943 0.17500012
v 4.87500048 2.84999943 0.18333336
v 4.87500048 2.84999943 0.15000006
v 4.84375060 2.84999943 0.15833336
v 4.90625036 2.84999943 0.19166671
v 4.84375060 2.84999943 0.14166671
v 4.96875012 2.84999943 0.20833341
v 4.90625036 2.84999943 0.15833341
v 4.96875012 2.84999943 0.19166677
v 4.93750024 2.84999943 0.20000006
v 4.93750024 2.84999943 0.16666676
v 4.90625036 2.84999943 0.17500006
v 4.78125083 2.84999943 0.10000000
v 4.84375060 2.84999943 0.10000000
v 4.81250072 2.84999943 0.10833335
v 4.96875012 2.84999943 0.10000000
v 4.90625036 2.84999943 0.10000000
v 4.87500048 2.84999943 0.12500006
v 4.87500048 2.84999943 0.10833335
v 4.84375060 2.84999943 0.11666671
v 4.84375060 2.84999943 0.10833335
v 5.00000000 2.84999943 0.15833347
v 5.00000000 2.84999943 0.14166676
v 4.96875012 2.84999943 0.15000012
v 5.00000000 2.84999943 0.10833335
v 5.00000000 2.84999943 0.12500006
v 4.96875012 2.84999943 0.10833335
v 4.90625036 2.84999943 0.13333341
v 4.96875012 2.84999943 0.13333341
v 4.93750024 2.84999943 0.14166676
v 4.90625036 2.84999943 0.12500006
v 4.96875012 2.84999943 0.14166676
v 4.90625036 2.84999943 0.10833335
v 4.96875012 2.84999943 0.12500006
v 4.93750024 2.84999943 0.10833335
v 4.90625036 2.84999943 0.11666671
v 4.96875012 2.84999943 0.11666671
v 4.93750024 2.84999943 0.12500006
v 5.00000000 2.59999943 0.30000001
v 4.90625048 2.59999943 0.30000001
v 4.84999943 2.59999943 0.30000001
v 5.00000000 2.59999943 0.40000001
v 4.92499971 2.59999943 0.40000001
v 4.95312524 2.59999943 0.30000001
v 4.87812495 2.59999943 0.40000001
v 4.84999943 2.59999943 0.40000001
v 4.87812495 2.59999943 0.30000001
v 5.00000000 2.59999943 0.45000000
v 5.00000000 2.59999943 0.35000001
v 4.96249986 2.59999943 0.45000000
v 4.96249986 2.59999943 0.35000001
v 4.88749957 2.59999943 0.45000000
v 4.96249986 2.59999943 0.40000001
v 4.92499971 2.59999943 0.45000000
v 4.97656262 2.59999943 0.30000001
v 4.92968786 2.59999943 0.30000001
v 4.93906248 2.59999943 0.35000001
v 4.86406219 2.59999943 0.45000000
v 4.89218771 2.59999943 0.35000001
v 4.90156233 2.59999943 0.40000001
v 4.91562510 2.59999943 0.35000001
v 4.84999943 2.59999943 0.45000000
v 4.84999943 2.59999943 0.35000001
v 4.86406219 2.59999943 0.40000001
v 4.89218771 2.59999943 0.30000001
v 4.86406219 2.59999943 0.30000001
v 4.87812495 2.59999943 0.35000001
v 4.86406219 2.59999943 0.35000001
v 5.00000000 2.59999943 0.47500000
v 5.00000000 2.59999943 0.42500000
v 5.00000000 2.59999943 0.32500001
v 5.00000000 2.59999943 0.37500001
v 4.98124993 2.59999943 0.47500000
v 4.98124993 2.59999943 0.42500000
v 4.94374979 2.59999943 0.47500000
v 4.98124993 2.59999943 0.45000000
v 4.96249986 2.59999943 0.47500000
v 4.98124993 2.59999943 0.32500001
v 4.94374979 2.59999943 0.37500001
v 4.98124993 2.59999943 0.35000001
v 4.86874950 2.59999943 0.47500000
v 4.90624964 2.59999943 0.42500000
v 4.88749957 2.59999943 0.47500000
v 4.98124993 2.59999943 0.40000001
v 4.94374979 2.59999943 0.40000001
v 4.98124993 2.59999943 0.37500001
v 4.96249986 2.59999943 0.42500000
v 4.96249986 2.59999943 0.37500001
v 4.92499971 2.59999943 0.47500000
v 4.92499971 2.59999943 0.42500000
v 4.90624964 2.59999943 0.47500000
v 4.94374979 2.59999943 0.45000000
v 4.90624964 2.59999943 0.45000000
v 4.94374979 2.59999943 0.42500000
v 4.98828131 2.59999943 0.30000001
v 4.96484393 2.59999943 0.30000001
v 4.96953124 2.59999943 0.32500001
v 4.91796917 2.59999943 0.30000001
v 4.94140655 2.59999943 0.30000001
v 4.93203110 2.59999943 0.37500001
v 4.94609386 2.59999943 0.32500001
v 4.95078117 2.59999943 0.35000001
v 4.95781255 2.59999943 0.32500001
v 4.85703081 2.59999943 0.47500000
v 4.87109357 2.59999943 0.42500000
v 4.87578088 2.59999943 0.45000000
v 4.89921910 2.59999943 0.32500001
v 4.88515633 2.59999943 0.37500001
v 4.91093779 2.59999943 0.32500001
v 4.91328102 2.59999943 0.40000001
v 4.88984364 2.59999943 0.40000001
v 4.89453095 2.59999943 0.42500000
v 4.92031240 2.59999943 0.37500001
v 4.88281226 2.59999943 0.42500000
v 4.93437517 2.59999943 0.32500001
v 4.89687502 2.59999943 0.37500001
v 4.92265648 2.59999943 0.32500001
v 4.92734379 2.59999943 0.35000001
v 4.90390640 2.59999943 0.35000001
v 4.90859371 2.59999943 0.37500001
v 4.84999943 2.59999943 0.47500000
v 4.84999943 2.59999943 0.42500000
v 4.85703081 2.59999943 0.45000000
v 4.84999943 2.59999943 0.32500001
v 4.84999943 2.59999943 0.37500001
v 4.87109357 2.59999943 0.40000001
v 4.85703081 2.59999943 0.40000001
v 4.86406219 2.59999943 0.42500000
v 4.85703081 2.59999943 0.42500000
v 4.89921910 2.59999943 0.30000001
v 4.88515633 2.59999943 0.30000001
v 4.89218771 2.59999943 0.32500001
v 4.85703081 2.59999943 0.30000001
v 4.87109357 2.59999943 0.30000001
v 4.85703081 2.59999943 0.32500001
v 4.87812495 2.59999943 0.37500001
v 4.87812495 2.59999943 0.32500001
v 4.88515633 2.59999943 0.35000001
v 4.87109357 2.59999943 0.37500001
v 4.88515633 2.59999943 0.32500001
v 4.85703081 2.59999943 0.37500001
v 4.87109357 2.59999943 0.32500001
v 4.85703081 2.59999943 0.35000001
v 4.86406219 2.59999943 0.37500001
v 4.86406219 2.59999943 0.32500001
v 4.87109357 2.59999943 0.35000001
v 4.84999943 2.69000149 0.30000001
v 4.84999943 2.72499943 0.40000001
v 4.84999943 2.64500046 0.30000001
v 4.84999943 2.77000046 0.40000001
v 4.84999943 2.77000046 0.30000001
v 4.84999943 2.66249943 0.45000000
v 4.84999943 2.66249943 0.35000001
v 4.84999943 2.78749943 0.45000000
v 4.84999943 2.66249943 0.40000001
v 4.84999943 2.72499943 0.45000000
v 4.84999943 2.62249994 0.30000001
v 4.84999943 2.66750097 0.30000001
v 4.84999943 2.68499994 0.35000001
v 4.84999943 2.80999994 0.45000000
v 4.84999943 2.73000097 0.35000001
v 4.84999943 2.74749994 0.40000001
v 4.84999943 2.70750046 0.35000001
v 4.84999943 2.80999994 0.40000001
v 4.84999943 2.73000097 0.30000001
v 4.84999943 2.80999994 0.30000001
v 4.84999943 2.77000046 0.35000001
v 4.84999943 2.80999994 0.35000001
v 4.84999943 2.63124943 0.47500000
v 4.84999943 2.63124943 0.42500000
v 4.84999943 2.69374943 0.47500000
v 4.84999943 2.63124943 0.45000000
v 4.84999943 2.66249943 0.47500000
v 4.84999943 2.63124943 0.32500001
v 4.84999943 2.69374943 0.37500001
v 4.84999943 2.63124943 0.35000001
v 4.84999943 2.81874943 0.47500000
v 4.84999943 2.75624943 0.42500000
v 4.84999943 2.78749943 0.47500000
v 4.84999943 2.63124943 0.40000001
v 4.84999943 2.69374943 0.40000001
v 4.84999943 2.63124943 0.37500001
v 4.84999943 2.66249943 0.42500000
v 4.84999943 2.66249943 0.37500001
v 4.84999943 2.72499943 0.47500000
v 4.84999943 2.72499943 0.42500000
v 4.84999943 2.75624943 0.47500000
v 4.84999943 2.69374943 0.45000000
v 4.84999943 2.75624943 0.45000000
v 4.84999943 2.69374943 0.42500000
v 4.84999943 2.61124969 0.30000001
v 4.84999943 2.63375020 0.30000001
v 4.84999943 2.64249969 0.32500001
v 4.84999943 2.67875123 0.30000001
v 4.84999943 2.65625072 0.30000001
v 4.84999943 2.70499969 0.37500001
v 4.84999943 2.66500020 0.32500001
v 4.84999943 2.67374969 0.35000001
v 4.84999943 2.65374994 0.32500001
v 4.84999943 2.82999969 0.47500000
v 4.84999943 2.79000020 0.42500000
v 4.84999943 2.79874969 0.45000000
v 4.84999943 2.71000123 0.32500001
v 4.84999943 2.75000072 0.37500001
v 4.84999943 2.69875097 0.32500001
v 4.84999943 2.73624969 0.40000001
v 4.84999943 2.75875020 0.40000001
v 4.84999943 2.76749969 0.42500000
v 4.84999943 2.71624994 0.37500001
v 4.84999943 2.77874994 0.42500000
v 4.84999943 2.67625046 0.32500001
v 4.84999943 2.73875046 0.37500001
v 4.84999943 2.68750072 0.32500001
v 4.84999943 2.69625020 0.35000001
v 4.84999943 2.71875072 0.35000001
v 4.84999943 2.72750020 0.37500001
v 4.84999943 2.82999969 0.45000000
v 4.84999943 2.79000020 0.40000001
v 4.84999943 2.82999969 0.40000001
v 4.84999943 2.80999994 0.42500000
v 4.84999943 2.82999969 0.42500000
v 4.84999943 2.71000123 0.30000001
v 4.84999943 2.75000072 0.30000001
v 4.84999943 2.73000097 0.32500001
v 4.84999943 2.82999969 0.30000001
v 4.84999943 2.79000020 0.30000001
v 4.84999943 2.82999969 0.32500001
v 4.84999943 2.77000046 0.37500001
v 4.84999943 2.77000046 0.32500001
v 4.84999943 2.75000072 0.35000001
v 4.84999943 2.79000020 0.37500001
v 4.84999943 2.75000072 0.32500001
v 4.84999943 2.82999969 0.37500001
v 4.84999943 2.79000020 0.32500001
v 4.84999943 2.82999969 0.35000001
v 4.84999943 2.80999994 0.37500001
v 4.84999943 2.80999994 0.32500001
v 4.84999943 2.79000020 0.35000001
v 5.00000000 2.44999981 0.10000000
v 4.96666670 2.44999981 0.10000000
v 4.59999943 2.44999981 0.10000000
v 5.00000000 2.64999962 0.10000000
v 4.87500048 2.64999962 0.10000000
v 4.85833383 2.64999962 0.10000000
v 4.98333335 2.44999981 0.10000000
v 4.78333306 2.57499981 0.10000000
v 4.78333306 2.44999981 0.10000000
v 4.59999943 2.57499981 0.10000000
v 5.00000000 2.74999952 0.10000000
v 5.00000000 2.54999971 0.10000000
v 4.93750024 2.74999952 0.10000000
v 4.81250072 2.74999952 0.10000000
v 4.93750024 2.54999971 0.10000000
v 4.87500048 2.74999952 0.10000000
v 4.93750024 2.64999962 0.10000000
v 4.80416739 2.74999952 0.10000000
v 4.91250026 2.54999971 0.10000000
v 4.86666715 2.64999962 0.10000000
v 4.99166667 2.44999981 0.10000000
v 4.97500002 2.44999981 0.10000000
v 4.92916691 2.54999971 0.10000000
v 4.92083359 2.54999971 0.10000000
v 4.76666701 2.71249962 0.10000000
v 4.87499988 2.51249981 0.10000000
v 4.69166625 2.63749981 0.10000000
v 4.82083344 2.61249971 0.10000000
v 4.72916663 2.67499971 0.10000000
v 4.87499988 2.44999981 0.10000000
v 4.69166625 2.44999981 0.10000000
v 4.78333306 2.51249981 0.10000000
v 4.59999943 2.63749981 0.10000000
v 4.59999943 2.51249981 0.10000000
v 4.69166625 2.57499981 0.10000000
v 4.69166625 2.51249981 0.10000000
v 5.00000000 2.79999948 0.10000000
v 5.00000000 2.69999957 0.10000000
v 4.96875012 2.79999948 0.10000000
v 5.00000000 2.49999976 0.10000000
v 5.00000000 2.59999967 0.10000000
v 4.90625036 2.79999948 0.10000000
v 4.96875012 2.69999957 0.10000000
v 4.93750024 2.79999948 0.10000000
v 4.96875012 2.74999952 0.10000000
v 4.78125083 2.79999948 0.10000000
v 4.84375060 2.69999957 0.10000000
v 4.81250072 2.79999948 0.10000000
v 4.96875012 2.49999976 0.10000000
v 4.90625036 2.59999967 0.10000000
v 4.96875012 2.54999971 0.10000000
v 4.87500048 2.79999948 0.10000000
v 4.87500048 2.69999957 0.10000000
v 4.84375060 2.79999948 0.10000000
v 4.90625036 2.74999952 0.10000000
v 4.84375060 2.74999952 0.10000000
v 4.96875012 2.64999962 0.10000000
v 4.90625036 2.64999962 0.10000000
v 4.96875012 2.59999967 0.10000000
v 4.93750024 2.69999957 0.10000000
v 4.93750024 2.59999967 0.10000000
v 4.90625036 2.69999957 0.10000000
v 4.77708417 2.79999948 0.10000000
v 4.83125061 2.69999957 0.10000000
v 4.80833405 2.74999952 0.10000000
v 4.93958348 2.49999976 0.10000000
v 4.88541704 2.59999967 0.10000000
v 4.87083381 2.64999962 0.10000000
v 4.86250049 2.64999962 0.10000000
v 4.83958393 2.69999957 0.10000000
v 4.83541727 2.69999957 0.10000000
v 4.99583334 2.44999981 0.10000000
v 4.98750001 2.44999981 0.10000000
v 4.96458346 2.49999976 0.10000000
v 4.97083336 2.44999981 0.10000000
v 4.97916669 2.44999981 0.10000000
v 4.94375014 2.49999976 0.10000000
v 4.90208369 2.59999967 0.10000000
v 4.95625013 2.49999976 0.10000000
v 4.93333358 2.54999971 0.10000000
v 4.89791703 2.59999967 0.10000000
v 4.96041679 2.49999976 0.10000000
v 4.88958371 2.59999967 0.10000000
v 4.95208347 2.49999976 0.10000000
v 4.91666692 2.54999971 0.10000000
v 4.89375037 2.59999967 0.10000000
v 4.94791681 2.49999976 0.10000000
v 4.92500025 2.54999971 0.10000000
v 4.75833398 2.78124952 0.10000000
v 4.81250042 2.68124962 0.10000000
v 4.72083360 2.74374962 0.10000000
v 4.78541720 2.73124957 0.10000000
v 4.73958379 2.76249957 0.10000000
v 4.92083329 2.48124981 0.10000000
v 4.82916647 2.54374981 0.10000000
v 4.89375007 2.53124976 0.10000000
v 4.64583284 2.66874981 0.10000000
v 4.73749965 2.60624981 0.10000000
v 4.66458303 2.68749976 0.10000000
v 4.83958364 2.63124967 0.10000000
v 4.80208325 2.59374976 0.10000000
v 4.86666685 2.58124971 0.10000000
v 4.79375023 2.66249967 0.10000000
v 4.84791666 2.56249976 0.10000000
v 4.70208341 2.72499967 0.10000000
v 4.75624985 2.62499976 0.10000000
v 4.68333322 2.70624971 0.10000000
v 4.74791682 2.69374967 0.10000000
v 4.71041644 2.65624976 0.10000000
v 4.77500004 2.64374971 0.10000000
v 4.92083329 2.44999981 0.10000000
v 4.82916647 2.44999981 0.10000000
v 4.87499988 2.48124981 0.10000000
v 4.64583284 2.44999981 0.10000000
v 4.73749965 2.44999981 0.10000000
v 4.78333306 2.54374981 0.10000000
v 4.78333306 2.48124981 0.10000000
v 4.82916647 2.51249981 0.10000000
v 4.82916647 2.48124981 0.10000000
v 4.59999943 2.66874981 0.10000000
v 4.59999943 2.60624981 0.10000000
v 4.64583284 2.63749981 0.10000000
v 4.59999943 2.48124981 0.10000000
v 4.59999943 2.54374981 0.10000000
v 4.64583284 2.48124981 0.10000000
v 4.73749965 2.57499981 0.10000000
v 4.64583284 2.57499981 0.10000000
v 4.69166625 2.60624981 0.10000000
v 4.73749965 2.54374981 0.10000000
v 4.64583284 2.60624981 0.10000000
v 4.73749965 2.48124981 0.10000000
v 4.64583284 2.54374981 0.10000000
v 4.69166625 2.48124981 0.10000000
v 4.73749965 2.51249981 0.10000000
v 4.64583284 2.51249981 0.10000000
v 4.69166625 2.54374981 0.10000000
v 4.59999943 2.44999981 0.30000001
v 4.59999943 2.57499981 0.20000001
v 4.59999943 2.44999981 0.20000001
v 4.59999943 2.57499981 0.30000001
v 4.59999943 2.51249981 0.15000000
v 4.59999943 2.63749981 0.25000001
v 4.59999943 2.57499981 0.15000000
v 4.59999943 2.63749981 0.15000000
v 4.59999943 2.63749981 0.20000001
v 4.59999943 2.44999981 0.15000000
v 4.59999943 2.44999981 0.25000001
v 4.59999943 2.51249981 0.20000001
v 4.59999943 2.63749981 0.30000001
v 4.59999943 2.51249981 0.30000001
v 4.59999943 2.57499981 0.25000001
v 4.59999943 2.51249981 0.25000001
v 4.59999943 2.48124981 0.12500000
v 4.59999943 2.54374981 0.17500001
v 4.59999943 2.51249981 0.12500000
v 4.59999943 2.66874981 0.27500001
v 4.59999943 2.60624981 0.22500001
v 4.59999943 2.57499981 0.12500000
v 4.59999943 2.57499981 0.17500001
v 4.59999943 2.54374981 0.12500000
v 4.59999943 2.54374981 0.15000000
v 4.59999943 2.66874981 0.12500000
v 4.59999943 2.66874981 0.25000001
v 4.59999943 2.60624981 0.12500000
v 4.59999943 2.66874981 0.17500001
v 4.59999943 2.63749981 0.12500000
v 4.59999943 2.60624981 0.15000000
v 4.59999943 2.66874981 0.15000000
v 4.59999943 2.60624981 0.20000001
v 4.59999943 2.66874981 0.20000001
v 4.59999943 2.63749981 0.22500001
v 4.59999943 2.60624981 0.17500001
v 4.59999943 2.66874981 0.22500001
v 4.59999943 2.63749981 0.17500001
v 4.59999943 2.44999981 0.12500000
v 4.59999943 2.44999981 0.17500001
v 4.59999943 2.48124981 0.15000000
v 4.59999943 2.44999981 0.27500001
v 4.59999943 2.44999981 0.22500001
v 4.59999943 2.54374981 0.20000001
v 4.59999943 2.48124981 0.20000001
v 4.59999943 2.51249981 0.17500001
v 4.59999943 2.48124981 0.17500001
v 4.59999943 2.66874981 0.30000001
v 4.59999943 2.60624981 0.30000001
v 4.59999943 2.63749981 0.27500001
v 4.59999943 2.48124981 0.30000001
v 4.59999943 2.54374981 0.30000001
v 4.59999943 2.48124981 0.27500001
v 4.59999943 2.57499981 0.22500001
v 4.59999943 2.57499981 0.27500001
v 4.59999943 2.60624981 0.25000001
v 4.59999943 2.54374981 0.22500001
v 4.59999943 2.60624981 0.27500001
v 4.59999943 2.48124981 0.22500001
v 4.59999943 2.54374981 0.27500001
v 4.59999943 2.48124981 0.25000001
v 4.59999943 2.51249981 0.22500001
v 4.59999943 2.51249981 0.27500001
v 4.59999943 2.54374981 0.25000001
v 5.00000000 2.44999981 0.30000001
v 4.89999962 2.44999981 0.30000001
v 4.80000019 2.77000046 0.30000001
v 4.95312524 2.52499962 0.30000001
v 5.00000000 2.52499962 0.30000001
v 4.94999981 2.44999981 0.30000001
v 4.72499943 2.69500065 0.30000001
v 4.79999971 2.57499981 0.30000001
v 4.74999952 2.57499981 0.30000001
v 4.74999952 2.44999981 0.30000001
v 4.92499971 2.52499962 0.30000001
v 4.72499943 2.64999962 0.30000001
v 4.82499981 2.80999994 0.30000001
v 4.82499981 2.73000097 0.30000001
v 4.77500057 2.80999994 0.30000001
v 4.82499981 2.77000046 0.30000001
v 4.80000019 2.80999994 0.30000001
v 4.97656262 2.48749971 0.30000001
v 4.92968786 2.56249952 0.30000001
v 5.00000000 2.48749971 0.30000001
v 5.00000000 2.56249952 0.30000001
v 4.97656262 2.52499962 0.30000001
v 4.95312524 2.56249952 0.30000001
v 4.97656262 2.56249952 0.30000001
v 4.97499990 2.44999981 0.30000001
v 4.92499971 2.44999981 0.30000001
v 4.78749943 2.69250107 0.30000001
v 4.66249943 2.69750023 0.30000001
v 4.76249981 2.73250055 0.30000001
v 4.73750019 2.77250004 0.30000001
v 4.69999981 2.73500013 0.30000001
v 4.89999986 2.51249981 0.30000001
v 4.69999957 2.63749981 0.30000001
v 4.87499976 2.51249981 0.30000001
v 4.82499957 2.51249981 0.30000001
v 4.67499948 2.63749981 0.30000001
v 4.84999967 2.51249981 0.30000001
v 4.77499962 2.57499981 0.30000001
v 4.82499957 2.44999981 0.30000001
v 4.67499948 2.44999981 0.30000001
v 4.74999952 2.51249981 0.30000001
v 4.67499948 2.57499981 0.30000001
v 4.67499948 2.51249981 0.30000001
v 4.78749943 2.67000055 0.30000001
v 4.96249986 2.48749971 0.30000001
v 4.88749957 2.56249952 0.30000001
v 4.93906248 2.52499962 0.30000001
v 4.86249971 2.54999971 0.30000001
v 4.91562510 2.56249952 0.30000001
v 4.90156233 2.56249952 0.30000001
v 4.66249943 2.67499971 0.30000001
v 4.78749943 2.62499952 0.30000001
v 4.72499943 2.67250013 0.30000001
v 4.76249957 2.61249971 0.30000001
v 4.78749943 2.64750004 0.30000001
v 4.82499957 2.58749962 0.30000001
v 4.83749962 2.82999969 0.30000001
v 4.83749962 2.79000020 0.30000001
v 4.81250000 2.82999969 0.30000001
v 4.83749962 2.80999994 0.30000001
v 4.82499981 2.82999969 0.30000001
v 4.83749962 2.71000123 0.30000001
v 4.81250000 2.75000072 0.30000001
v 4.83749962 2.73000097 0.30000001
v 4.76250076 2.82999969 0.30000001
v 4.78750038 2.79000020 0.30000001
v 4.77500057 2.82999969 0.30000001
v 4.83749962 2.77000046 0.30000001
v 4.81250000 2.77000046 0.30000001
v 4.83749962 2.75000072 0.30000001
v 4.82499981 2.79000020 0.30000001
v 4.82499981 2.75000072 0.30000001
v 4.80000019 2.82999969 0.30000001
v 4.80000019 2.79000020 0.30000001
v 4.78750038 2.82999969 0.30000001
v 4.81250000 2.80999994 0.30000001
v 4.78750038 2.80999994 0.30000001
v 4.81250000 2.79000020 0.30000001
v 4.98828131 2.46874976 0.30000001
v 4.96484393 2.50624967 0.30000001
v 4.91796917 2.58124948 0.30000001
v 4.94140655 2.54374957 0.30000001
v 5.00000000 2.46874976 0.30000001
v 5.00000000 2.50624967 0.30000001
v 4.98828131 2.48749971 0.30000001
v 5.00000000 2.58124948 0.30000001
v 5.00000000 2.54374957 0.30000001
v 4.96484393 2.52499962 0.30000001
v 4.98828131 2.52499962 0.30000001
v 4.97656262 2.50624967 0.30000001
v 4.98828131 2.50624967 0.30000001
v 4.92968786 2.58124948 0.30000001
v 4.98828131 2.58124948 0.30000001
v 4.95312524 2.54374957 0.30000001
v 4.95312524 2.58124948 0.30000001
v 4.94140655 2.56249952 0.30000001
v 4.96484393 2.54374957 0.30000001
v 4.94140655 2.58124948 0.30000001
v 4.98828131 2.54374957 0.30000001
v 4.96484393 2.58124948 0.30000001
v 4.98828131 2.56249952 0.30000001
v 4.97656262 2.54374957 0.30000001
v 4.97656262 2.58124948 0.30000001
v 4.96484393 2.56249952 0.30000001
v 4.98749995 2.44999981 0.30000001
v 4.96249986 2.44999981 0.30000001
v 4.91249967 2.44999981 0.30000001
v 4.93749976 2.44999981 0.30000001
v 4.81874943 2.69125128 0.30000001
v 4.75624943 2.69375086 0.30000001
v 4.80624962 2.71125102 0.30000001
v 4.63124943 2.69875002 0.30000001
v 4.69374943 2.69625044 0.30000001
v 4.78125000 2.75125051 0.30000001
v 4.74374962 2.71375060 0.30000001
v 4.79374981 2.73125076 0.30000001
v 4.77499962 2.71250081 0.30000001
v 4.74375057 2.81124973 0.30000001
v 4.64999962 2.71749997 0.30000001
v 4.76875019 2.77125025 0.30000001
v 4.70625019 2.77374983 0.30000001
v 4.75625038 2.79124999 0.30000001
v 4.75000000 2.75250030 0.30000001
v 4.72500038 2.79249978 0.30000001
v 4.71249962 2.71500039 0.30000001
v 4.68750000 2.75499988 0.30000001
v 4.68124962 2.71625018 0.30000001
v 4.73124981 2.73375034 0.30000001
v 4.66874981 2.73624992 0.30000001
v 4.71875000 2.75375009 0.30000001
v 4.94999993 2.48124981 0.30000001
v 4.84999979 2.54374981 0.30000001
v 4.93749988 2.48124981 0.30000001
v 4.64999950 2.66874981 0.30000001
v 4.74999964 2.60624981 0.30000001
v 4.91249979 2.48124981 0.30000001
v 4.83749974 2.54374981 0.30000001
v 4.92499983 2.48124981 0.30000001
v 4.88749981 2.51249981 0.30000001
v 4.86249959 2.48124981 0.30000001
v 4.78749955 2.54374981 0.30000001
v 4.87499964 2.48124981 0.30000001
v 4.63749945 2.66874981 0.30000001
v 4.71249950 2.60624981 0.30000001
v 4.68749952 2.63749981 0.30000001
v 4.89999974 2.48124981 0.30000001
v 4.79999959 2.54374981 0.30000001
v 4.88749969 2.48124981 0.30000001
v 4.86249971 2.51249981 0.30000001
v 4.83749962 2.51249981 0.30000001
v 4.78749967 2.57499981 0.30000001
v 4.76249957 2.57499981 0.30000001
v 4.73749959 2.60624981 0.30000001
v 4.82499969 2.54374981 0.30000001
v 4.72499955 2.60624981 0.30000001
v 4.81249964 2.54374981 0.30000001
v 4.86249959 2.44999981 0.30000001
v 4.78749955 2.44999981 0.30000001
v 4.82499957 2.48124981 0.30000001
v 4.63749945 2.44999981 0.30000001
v 4.71249950 2.44999981 0.30000001
v 4.74999952 2.54374981 0.30000001
v 4.74999952 2.48124981 0.30000001
v 4.78749955 2.51249981 0.30000001
v 4.78749955 2.48124981 0.30000001
v 4.63749945 2.63749981 0.30000001
v 4.63749945 2.48124981 0.30000001
v 4.71249950 2.57499981 0.30000001
v 4.63749945 2.57499981 0.30000001
v 4.67499948 2.60624981 0.30000001
v 4.71249950 2.54374981 0.30000001
v 4.63749945 2.60624981 0.30000001
v 4.71249950 2.48124981 0.30000001
v 4.63749945 2.54374981 0.30000001
v 4.67499948 2.48124981 0.30000001
v 4.71249950 2.51249981 0.30000001
v 4.63749945 2.51249981 0.30000001
v 4.67499948 2.54374981 0.30000001
v 4.81874943 2.68000102 0.30000001
v 4.75624943 2.68250060 0.30000001
v 4.81874943 2.65750051 0.30000001
v 4.78749943 2.68125081 0.30000001
v 4.81874943 2.66875076 0.30000001
v 4.98124993 2.46874976 0.30000001
v 4.94374979 2.50624967 0.30000001
v 4.96953124 2.48749971 0.30000001
v 4.93124986 2.49999976 0.30000001
v 4.86874950 2.58124948 0.30000001
v 4.90624964 2.54374957 0.30000001
v 4.94609386 2.52499962 0.30000001
v 4.93203110 2.52499962 0.30000001
v 4.95781255 2.50624967 0.30000001
v 4.95078117 2.50624967 0.30000001
v 4.83124971 2.56249976 0.30000001
v 4.89374971 2.53749967 0.30000001
v 4.88124979 2.53124976 0.30000001
v 4.91249979 2.51874971 0.30000001
v 4.91093779 2.58124948 0.30000001
v 4.87578088 2.58124948 0.30000001
v 4.93437517 2.54374957 0.30000001
v 4.89687502 2.58124948 0.30000001
v 4.92265648 2.56249952 0.30000001
v 4.92734379 2.54374957 0.30000001
v 4.90390640 2.58124948 0.30000001
v 4.91328102 2.54374957 0.30000001
v 4.88984364 2.58124948 0.30000001
v 4.89453095 2.56249952 0.30000001
v 4.92031240 2.54374957 0.30000001
v 4.88281226 2.58124948 0.30000001
v 4.90859371 2.56249952 0.30000001
v 4.63124943 2.68749976 0.30000001
v 4.69374943 2.66249967 0.30000001
v 4.66249943 2.68624997 0.30000001
v 4.68124950 2.65624976 0.30000001
v 4.81874943 2.61249948 0.30000001
v 4.75624943 2.63749957 0.30000001
v 4.81874943 2.62374973 0.30000001
v 4.83749950 2.59374952 0.30000001
v 4.72499943 2.68375039 0.30000001
v 4.72499943 2.66124988 0.30000001
v 4.69374943 2.68500018 0.30000001
v 4.75624943 2.67125034 0.30000001
v 4.69374943 2.67374992 0.30000001
v 4.78124964 2.59374976 0.30000001
v 4.74374950 2.63124967 0.30000001
v 4.73124957 2.62499976 0.30000001
v 4.81249964 2.58124971 0.30000001
v 4.71249950 2.64374971 0.30000001
v 4.81874943 2.64625025 0.30000001
v 4.75624943 2.64874983 0.30000001
v 4.81874943 2.63499999 0.30000001
v 4.78749943 2.65875030 0.30000001
v 4.78749943 2.63624978 0.30000001
v 4.75624943 2.66000009 0.30000001
v 4.87499964 2.55624962 0.30000001
v 4.77499950 2.61874962 0.30000001
v 4.85624957 2.57499957 0.30000001
v 4.84374964 2.56874967 0.30000001
v 4.80624950 2.60624957 0.30000001
v 4.79374957 2.59999967 0.30000001
v 3.00000095 0.65000063 0.44999999
v 4.84999943 0.65000063 0.44999999
v 5.00000000 0.65000063 0.85000038
v 4.90000057 0.65000063 0.89999998
v 5.00000000 0.65000063 0.89999998
v 5.00000000 0.65000063 0.00000000
v 4.64306164 0.65000063 0.00000000
v 4.57877684 0.65000063 0.00000000
v 3.02500057 0.65000063 0.22499999
v 3.94999981 0.65000063 0.22499999
v 3.92500019 0.65000063 0.44999999
v 4.92499971 0.65000063 0.65000018
v 4.87500000 0.65000063 0.67499998
v 4.95000029 0.65000063 0.87500018
v 5.00000000 0.65000063 0.87500018
v 4.95000029 0.65000063 0.89999998
v 3.82499981 0.65000063 0.15000001
v 4.72499943 0.65000063 0.37500000
v 4.40269017 0.65000063 0.15000001
v 4.40269017 0.65000063 0.13773908
v 4.74256301 0.65000063 0.37500000
v 4.40269017 0.65000063 0.05000000
v 4.98333335 0.65000063 0.05000000
v 4.62153053 0.65000063 0.05000000
v 4.80486417 0.65000063 0.05000000
v 4.82153082 0.65000063 0.00000000
v 4.92499971 0.65000063 0.37500000
v 5.00000000 0.65000063 0.57500020
v 4.87499952 0.65000063 0.37500000
v 5.00000000 0.65000063 0.05000000
v 4.39207888 0.65000063 0.00000000
v 4.58938813 0.65000063 0.05000000
v 4.61091924 0.65000063 0.00000000
v 3.03750038 0.65000063 0.11250000
v 3.01250076 0.65000063 0.33749999
v 3.50000000 0.65000063 0.11250000
v 4.39999962 0.65000063 0.33749999
v 3.48750019 0.65000063 0.22499999
v 3.46250057 0.65000063 0.44999999
v 4.38749981 0.65000063 0.44999999
v 3.47500038 0.65000063 0.33749999
v 3.93750000 0.65000063 0.33749999
v 4.88749957 0.65000063 0.55000009
v 4.96249986 0.65000063 0.75000028
v 4.86249971 0.65000063 0.56249999
v 4.88750029 0.65000063 0.78749998
v 4.89999986 0.65000063 0.66250008
v 4.97500014 0.65000063 0.86250028
v 4.92500043 0.65000063 0.88750008
v 4.93750000 0.65000063 0.76250018
v 4.91250014 0.65000063 0.77500008
v 5.00000000 0.65000063 0.86250028
v 5.00000000 0.65000063 0.88750008
v 4.97500014 0.65000063 0.87500018
v 4.92500043 0.65000063 0.89999998
v 4.97500014 0.65000063 0.89999998
v 4.95000029 0.65000063 0.88750008
v 4.97500014 0.65000063 0.88750008
v 3.43750000 0.65000063 0.07500000
v 4.21249962 0.65000063 0.22500001
v 3.88749981 0.65000063 0.18750000
v 4.78749943 0.65000063 0.41249999
v 4.66249943 0.65000063 0.33750001
v 4.33749962 0.65000063 0.30000000
v 4.27499962 0.65000063 0.26250000
v 3.72634518 0.65000063 0.07500000
v 4.50134480 0.65000063 0.22500001
v 4.30403554 0.65000063 0.07500000
v 4.11384499 0.65000063 0.15000001
v 4.50134480 0.65000063 0.21886954
v 4.01519036 0.65000063 0.07500000
v 4.50134480 0.65000063 0.20660862
v 4.30403554 0.65000063 0.06886954
v 4.50134480 0.65000063 0.21273908
v 4.40269017 0.65000063 0.14386954
v 4.79628122 0.65000063 0.41249999
v 4.68884480 0.65000063 0.33750001
v 4.73378122 0.65000063 0.37500000
v 4.67128122 0.65000063 0.33750001
v 4.68006301 0.65000063 0.33750001
v 4.50134480 0.65000063 0.16273908
v 4.30403554 0.65000063 0.02500000
v 4.50134480 0.65000063 0.07500000
v 4.40269017 0.65000063 0.09386954
v 4.50134480 0.65000063 0.11886954
v 4.97500002 0.65000063 0.07500000
v 4.99166667 0.65000063 0.02500000
v 4.61076498 0.65000063 0.07500000
v 4.63229609 0.65000063 0.02500000
v 4.70243180 0.65000063 0.07500000
v 4.88576543 0.65000063 0.07500000
v 4.72396290 0.65000063 0.02500000
v 4.79409862 0.65000063 0.07500000
v 4.89409876 0.65000063 0.05000000
v 4.71319735 0.65000063 0.05000000
v 4.91076541 0.65000063 0.00000000
v 4.73229623 0.65000063 0.00000000
v 4.90243208 0.65000063 0.02500000
v 4.81319749 0.65000063 0.02500000
v 4.88749957 0.65000063 0.41249999
v 4.96249986 0.65000063 0.33750001
v 4.92499971 0.65000063 0.51250009
v 5.00000000 0.65000063 0.71250029
v 5.00000000 0.65000063 0.43750010
v 4.96249986 0.65000063 0.61250019
v 4.96249986 0.65000063 0.47500010
v 4.86249948 0.65000063 0.41249999
v 4.88749957 0.65000063 0.33750001
v 4.80878127 0.65000063 0.37500000
v 4.89999962 0.65000063 0.37500000
v 4.75506306 0.65000063 0.33750001
v 4.82128131 0.65000063 0.33750001
v 4.93749976 0.65000063 0.33750001
v 4.91249967 0.65000063 0.33750001
v 4.98333335 0.65000063 0.07500000
v 5.00000000 0.65000063 0.02500000
v 5.00000000 0.65000063 0.07500000
v 4.99166667 0.65000063 0.05000000
v 4.99166667 0.65000063 0.07500000
v 4.29872990 0.65000063 0.00000000
v 4.48542786 0.65000063 0.00000000
v 4.39738452 0.65000063 0.02500000
v 4.59469378 0.65000063 0.07500000
v 4.58408248 0.65000063 0.02500000
v 4.49603915 0.65000063 0.05000000
v 4.60545933 0.65000063 0.05000000
v 4.49073350 0.65000063 0.02500000
v 4.62699044 0.65000063 0.00000000
v 4.59484804 0.65000063 0.00000000
v 4.61622488 0.65000063 0.02500000
v 4.60015368 0.65000063 0.02500000
v 3.04375029 0.65000063 0.05625000
v 3.03125048 0.65000063 0.16875000
v 3.00625086 0.65000063 0.39374999
v 3.01875067 0.65000063 0.28124999
v 3.27500010 0.65000063 0.05625000
v 3.72499990 0.65000063 0.16875000
v 3.26875019 0.65000063 0.11250000
v 4.62499952 0.65000063 0.39374999
v 4.17499971 0.65000063 0.28124999
v 3.25625038 0.65000063 0.22499999
v 3.71875000 0.65000063 0.22499999
v 3.26250029 0.65000063 0.16875000
v 3.49375010 0.65000063 0.16875000
v 3.23125076 0.65000063 0.44999999
v 3.69375038 0.65000063 0.44999999
v 3.23750067 0.65000063 0.39374999
v 4.61874962 0.65000063 0.44999999
v 4.15625000 0.65000063 0.44999999
v 4.39374971 0.65000063 0.39374999
v 3.25000048 0.65000063 0.28124999
v 3.70000029 0.65000063 0.39374999
v 3.24375057 0.65000063 0.33749999
v 3.48125029 0.65000063 0.28124999
v 3.46875048 0.65000063 0.39374999
v 3.94374990 0.65000063 0.28124999
v 3.93125010 0.65000063 0.39374999
v 4.16874981 0.65000063 0.33749999
v 3.71250010 0.65000063 0.28124999
v 4.16249990 0.65000063 0.39374999
v 3.70625019 0.65000063 0.33749999
v 4.86874950 0.65000063 0.50000004
v 4.90624964 0.65000063 0.60000014
v 4.98124993 0.65000063 0.80000033
v 4.94374979 0.65000063 0.70000023
v 4.85624957 0.65000063 0.50624999
v 4.86874986 0.65000063 0.61874998
v 4.87499964 0.65000063 0.55625004
v 4.89375043 0.65000063 0.84374998
v 4.88125014 0.65000063 0.73124998
v 4.91249979 0.65000063 0.65625013
v 4.88749993 0.65000063 0.66875003
v 4.89374971 0.65000063 0.60625008
v 4.88124979 0.65000063 0.61250003
v 4.98750007 0.65000063 0.85625033
v 4.96250021 0.65000063 0.86875023
v 4.96875000 0.65000063 0.80625028
v 4.91250050 0.65000063 0.89375003
v 4.93750036 0.65000063 0.88125013
v 4.90625036 0.65000063 0.83750003
v 4.93124986 0.65000063 0.70625018
v 4.94375014 0.65000063 0.81875018
v 4.94999993 0.65000063 0.75625023
v 4.91874993 0.65000063 0.71250013
v 4.95625007 0.65000063 0.81250023
v 4.89375007 0.65000063 0.72500003
v 4.93125021 0.65000063 0.82500013
v 4.90000021 0.65000063 0.78125003
v 4.90625000 0.65000063 0.71875008
v 4.91875029 0.65000063 0.83125008
v 4.92500007 0.65000063 0.76875013
v 5.00000000 0.65000063 0.85625033
v 5.00000000 0.65000063 0.86875023
v 4.98750007 0.65000063 0.86250028
v 5.00000000 0.65000063 0.89375003
v 5.00000000 0.65000063 0.88125013
v 4.96250021 0.65000063 0.87500018
v 4.98750007 0.65000063 0.87500018
v 4.97500014 0.65000063 0.86875023
v 4.98750007 0.65000063 0.86875023
v 4.91250050 0.65000063 0.89999998
v 4.93750036 0.65000063 0.89999998
v 4.92500043 0.65000063 0.89375003
v 4.98750007 0.65000063 0.89999998
v 4.96250021 0.65000063 0.89999998
v 4.98750007 0.65000063 0.89375003
v 4.95000029 0.65000063 0.88125013
v 4.95000029 0.65000063 0.89375003
v 4.93750036 0.65000063 0.88750008
v 4.96250021 0.65000063 0.88125013
v 4.93750036 0.65000063 0.89375003
v 4.98750007 0.65000063 0.88125013
v 4.96250021 0.65000063 0.89375003
v 4.98750007 0.65000063 0.88750008
v 4.97500014 0.65000063 0.88125013
v 4.97500014 0.65000063 0.89375003
v 4.96250021 0.65000063 0.88750008
v 3.24375010 0.65000063 0.03750000
v 3.63124990 0.65000063 0.11250000
v 3.46875000 0.65000063 0.09375000
v 4.40624952 0.65000063 0.26250001
v 4.01874971 0.65000063 0.18750001
v 3.91874981 0.65000063 0.20625000
v 3.85624981 0.65000063 0.16875000
v 3.69374990 0.65000063 0.15000000
v 3.66249990 0.65000063 0.13125000
v 4.81874943 0.65000063 0.43124999
v 4.75624943 0.65000063 0.39375000
v 4.59374952 0.65000063 0.37499999
v 4.63124943 0.65000063 0.31875001
v 4.69374943 0.65000063 0.35625000
v 4.43749952 0.65000063 0.28125001
v 4.14374971 0.65000063 0.26250000
v 4.53124952 0.65000063 0.33750000
v 4.36874962 0.65000063 0.31874999
v 4.11249971 0.65000063 0.24375000
v 4.56249952 0.65000063 0.35625000
v 4.04999971 0.65000063 0.20625000
v 4.49999952 0.65000063 0.31875000
v 4.24374962 0.65000063 0.24375001
v 4.08124971 0.65000063 0.22500000
v 4.46874952 0.65000063 0.30000000
v 4.30624962 0.65000063 0.28125000
v 3.38817269 0.65000063 0.03750000
v 3.77567250 0.65000063 0.11250000
v 3.67701787 0.65000063 0.03750000
v 3.58192259 0.65000063 0.07500000
v 3.53259528 0.65000063 0.03750000
v 4.55067211 0.65000063 0.26250001
v 4.45201749 0.65000063 0.18750001
v 4.35692221 0.65000063 0.22500001
v 4.55067211 0.65000063 0.25943478
v 4.25470823 0.65000063 0.03750000
v 4.35336286 0.65000063 0.11250000
v 4.11028564 0.65000063 0.03750000
v 3.96942240 0.65000063 0.15000001
v 4.25826758 0.65000063 0.15000001
v 4.16317230 0.65000063 0.18750001
v 3.92009509 0.65000063 0.11250000
v 4.30759490 0.65000063 0.18750001
v 4.55067211 0.65000063 0.25330431
v 4.45201749 0.65000063 0.18443478
v 4.55067211 0.65000063 0.25636955
v 4.50134480 0.65000063 0.22193478
v 3.82144046 0.65000063 0.03750000
v 4.20894027 0.65000063 0.11250000
v 3.96586305 0.65000063 0.03750000
v 3.87076777 0.65000063 0.07500000
v 4.15961295 0.65000063 0.07500000
v 4.06451768 0.65000063 0.11250000
v 4.55067211 0.65000063 0.24104339
v 4.45201749 0.65000063 0.17217385
v 4.55067211 0.65000063 0.24410862
v 4.25470823 0.65000063 0.03443477
v 4.35336286 0.65000063 0.10330431
v 4.30403554 0.65000063 0.07193477
v 4.55067211 0.65000063 0.25023908
v 4.45201749 0.65000063 0.17523908
v 4.55067211 0.65000063 0.24717385
v 4.50134480 0.65000063 0.21580431
v 4.50134480 0.65000063 0.20967385
v 4.40269017 0.65000063 0.14693477
v 4.40269017 0.65000063 0.14080431
v 4.35336286 0.65000063 0.10943477
v 4.45201749 0.65000063 0.18136954
v 4.35336286 0.65000063 0.10636954
v 4.45201749 0.65000063 0.17830431
v 4.82314032 0.65000063 0.43124999
v 4.76942211 0.65000063 0.39375000
v 4.79189032 0.65000063 0.41249999
v 4.66198570 0.65000063 0.31875001
v 4.71570390 0.65000063 0.35625000
v 4.72939032 0.65000063 0.37500000
v 4.73817211 0.65000063 0.37500000
v 4.76064032 0.65000063 0.39375000
v 4.76503122 0.65000063 0.39375000
v 4.63564032 0.65000063 0.31875001
v 4.65759480 0.65000063 0.31875001
v 4.69814032 0.65000063 0.35625000
v 4.64442211 0.65000063 0.31875001
v 4.66689032 0.65000063 0.33750001
v 4.70253122 0.65000063 0.35625000
v 4.64003122 0.65000063 0.31875001
v 4.71131301 0.65000063 0.35625000
v 4.64881301 0.65000063 0.31875001
v 4.68445390 0.65000063 0.33750001
v 4.70692211 0.65000063 0.35625000
v 4.65320390 0.65000063 0.31875001
v 4.67567211 0.65000063 0.33750001
v 4.55067211 0.65000063 0.21910862
v 4.45201749 0.65000063 0.15023908
v 4.55067211 0.65000063 0.17523908
v 4.50134480 0.65000063 0.18467385
v 4.55067211 0.65000063 0.19717385
v 4.25470823 0.65000063 0.01250000
v 4.35336286 0.65000063 0.03750000
v 4.30403554 0.65000063 0.04693477
v 4.55067211 0.65000063 0.08750000
v 4.45201749 0.65000063 0.06250000
v 4.55067211 0.65000063 0.10943477
v 4.40269017 0.65000063 0.11580431
v 4.40269017 0.65000063 0.07193477
v 4.35336286 0.65000063 0.08136954
v 4.45201749 0.65000063 0.12830431
v 4.35336286 0.65000063 0.05943477
v 4.55067211 0.65000063 0.15330431
v 4.45201749 0.65000063 0.08443477
v 4.55067211 0.65000063 0.13136954
v 4.50134480 0.65000063 0.14080431
v 4.50134480 0.65000063 0.09693477
v 4.45201749 0.65000063 0.10636954
v 4.97083336 0.65000063 0.08750000
v 4.97916669 0.65000063 0.06250000
v 4.99583334 0.65000063 0.01250000
v 4.98750001 0.65000063 0.03750000
v 4.60538220 0.65000063 0.08750000
v 4.61614776 0.65000063 0.06250000
v 4.65121561 0.65000063 0.08750000
v 4.63767886 0.65000063 0.01250000
v 4.62691331 0.65000063 0.03750000
v 4.74288243 0.65000063 0.08750000
v 4.66198117 0.65000063 0.06250000
v 4.69704902 0.65000063 0.08750000
v 4.65659839 0.65000063 0.07500000
v 4.92621607 0.65000063 0.08750000
v 4.84531480 0.65000063 0.06250000
v 4.88038266 0.65000063 0.08750000
v 4.93038273 0.65000063 0.07500000
v 4.68351227 0.65000063 0.01250000
v 4.76441354 0.65000063 0.03750000
v 4.67812949 0.65000063 0.02500000
v 4.78871584 0.65000063 0.08750000
v 4.79948139 0.65000063 0.06250000
v 4.83454925 0.65000063 0.08750000
v 4.74826521 0.65000063 0.07500000
v 4.83993202 0.65000063 0.07500000
v 4.93871605 0.65000063 0.05000000
v 4.84948146 0.65000063 0.05000000
v 4.93454939 0.65000063 0.06250000
v 4.88993210 0.65000063 0.06250000
v 4.66736394 0.65000063 0.05000000
v 4.75903076 0.65000063 0.05000000
v 4.67274672 0.65000063 0.03750000
v 4.70781457 0.65000063 0.06250000
v 4.71858013 0.65000063 0.03750000
v 4.75364798 0.65000063 0.06250000
v 4.95538270 0.65000063 0.00000000
v 4.86614811 0.65000063 0.00000000
v 4.95121604 0.65000063 0.01250000
v 4.68767893 0.65000063 0.00000000
v 4.77691352 0.65000063 0.00000000
v 4.72812957 0.65000063 0.01250000
v 4.94288272 0.65000063 0.03750000
v 4.86198145 0.65000063 0.01250000
v 4.94704938 0.65000063 0.02500000
v 4.89826542 0.65000063 0.03750000
v 4.90659875 0.65000063 0.01250000
v 4.80903083 0.65000063 0.03750000
v 4.81736416 0.65000063 0.01250000
v 4.76858020 0.65000063 0.02500000
v 4.85364813 0.65000063 0.03750000
v 4.77274686 0.65000063 0.01250000
v 4.85781479 0.65000063 0.02500000
v 4.86874950 0.65000063 0.43124999
v 4.90624964 0.65000063 0.39375000
v 4.88749957 0.65000063 0.48125004
v 4.98124993 0.65000063 0.31875001
v 4.94374979 0.65000063 0.35625000
v 4.92499971 0.65000063 0.58125014
v 4.92499971 0.65000063 0.44375005
v 4.90624964 0.65000063 0.53125009
v 4.90624964 0.65000063 0.46250004
v 5.00000000 0.65000063 0.78125034
v 5.00000000 0.65000063 0.64375024
v 4.98124993 0.65000063 0.73125029
v 5.00000000 0.65000063 0.36875006
v 5.00000000 0.65000063 0.50625015
v 4.98124993 0.65000063 0.38750006
v 4.94374979 0.65000063 0.63125019
v 4.98124993 0.65000063 0.59375019
v 4.96249986 0.65000063 0.68125024
v 4.94374979 0.65000063 0.56250014
v 4.98124993 0.65000063 0.66250024
v 4.94374979 0.65000063 0.42500005
v 4.98124993 0.65000063 0.52500015
v 4.96249986 0.65000063 0.40625005
v 4.94374979 0.65000063 0.49375010
v 4.98124993 0.65000063 0.45625010
v 4.96249986 0.65000063 0.54375014
v 4.85624945 0.65000063 0.43124999
v 4.86874950 0.65000063 0.39375000
v 4.82939035 0.65000063 0.41249999
v 4.87499952 0.65000063 0.41249999
v 4.89374959 0.65000063 0.31875001
v 4.88124955 0.65000063 0.35625000
v 4.77567214 0.65000063 0.37500000
v 4.84189039 0.65000063 0.37500000
v 4.80253124 0.65000063 0.39375000
v 4.83564037 0.65000063 0.39375000
v 4.91249967 0.65000063 0.37500000
v 4.88749957 0.65000063 0.37500000
v 4.89374959 0.65000063 0.39375000
v 4.88124955 0.65000063 0.39375000
v 4.69509482 0.65000063 0.31875001
v 4.86064047 0.65000063 0.31875001
v 4.74881303 0.65000063 0.35625000
v 4.76131308 0.65000063 0.31875001
v 4.72195393 0.65000063 0.33750001
v 4.78192216 0.65000063 0.35625000
v 4.72820395 0.65000063 0.31875001
v 4.84814042 0.65000063 0.35625000
v 4.79442221 0.65000063 0.31875001
v 4.85439044 0.65000063 0.33750001
v 4.81503129 0.65000063 0.35625000
v 4.82753134 0.65000063 0.31875001
v 4.78817219 0.65000063 0.33750001
v 4.96874988 0.65000063 0.31875001
v 4.90624964 0.65000063 0.31875001
v 4.93124974 0.65000063 0.35625000
v 4.94374979 0.65000063 0.31875001
v 4.94999981 0.65000063 0.33750001
v 4.91874969 0.65000063 0.35625000
v 4.95624983 0.65000063 0.31875001
v 4.89374959 0.65000063 0.35625000
v 4.93124974 0.65000063 0.31875001
v 4.89999962 0.65000063 0.33750001
v 4.90624964 0.65000063 0.35625000
v 4.91874969 0.65000063 0.31875001
v 4.92499971 0.65000063 0.33750001
v 4.97500002 0.65000063 0.08750000
v 4.98333335 0.65000063 0.06250000
v 4.98333335 0.65000063 0.08750000
v 4.97916669 0.65000063 0.07500000
v 4.97916669 0.65000063 0.08750000
v 5.00000000 0.65000063 0.01250000
v 5.00000000 0.65000063 0.03750000
v 4.99583334 0.65000063 0.02500000
v 5.00000000 0.65000063 0.08750000
v 5.00000000 0.65000063 0.06250000
v 4.99583334 0.65000063 0.08750000
v 4.98750001 0.65000063 0.05000000
v 4.99583334 0.65000063 0.05000000
v 4.99166667 0.65000063 0.03750000
v 4.98750001 0.65000063 0.06250000
v 4.99583334 0.65000063 0.03750000
v 4.98750001 0.65000063 0.08750000
v 4.99583334 0.65000063 0.06250000
v 4.99166667 0.65000063 0.08750000
v 4.98750001 0.65000063 0.07500000
v 4.99583334 0.65000063 0.07500000
v 4.99166667 0.65000063 0.06250000
v 4.25205541 0.65000063 0.00000000
v 4.34540439 0.65000063 0.00000000
v 4.30138272 0.65000063 0.01250000
v 4.53210235 0.65000063 0.00000000
v 4.43875337 0.65000063 0.00000000
v 4.40003735 0.65000063 0.03750000
v 4.39473170 0.65000063 0.01250000
v 4.35071003 0.65000063 0.02500000
v 4.34805721 0.65000063 0.01250000
v 4.59734660 0.65000063 0.08750000
v 4.59204096 0.65000063 0.06250000
v 4.54801929 0.65000063 0.07500000
v 4.60272938 0.65000063 0.07500000
v 4.58142966 0.65000063 0.01250000
v 4.58673531 0.65000063 0.03750000
v 4.53475517 0.65000063 0.01250000
v 4.44936466 0.65000063 0.05000000
v 4.54271364 0.65000063 0.05000000
v 4.49869198 0.65000063 0.06250000
v 4.44671184 0.65000063 0.03750000
v 4.54536647 0.65000063 0.06250000
v 4.61349493 0.65000063 0.05000000
v 4.59742373 0.65000063 0.05000000
v 4.60811216 0.65000063 0.06250000
v 4.60007656 0.65000063 0.06250000
v 4.44140619 0.65000063 0.01250000
v 4.54006082 0.65000063 0.03750000
v 4.48808068 0.65000063 0.01250000
v 4.44405901 0.65000063 0.02500000
v 4.53740799 0.65000063 0.02500000
v 4.49338633 0.65000063 0.03750000
v 4.63502604 0.65000063 0.00000000
v 4.61895484 0.65000063 0.00000000
v 4.62964326 0.65000063 0.01250000
v 4.58681244 0.65000063 0.00000000
v 4.60288364 0.65000063 0.00000000
v 4.58946526 0.65000063 0.01250000
v 4.61887771 0.65000063 0.03750000
v 4.61357206 0.65000063 0.01250000
v 4.62426049 0.65000063 0.02500000
v 4.61084211 0.65000063 0.03750000
v 4.62160766 0.65000063 0.01250000
v 4.59477091 0.65000063 0.03750000
v 4.60553646 0.65000063 0.01250000
v 4.59211808 0.65000063 0.02500000
v 4.60280651 0.65000063 0.03750000
v 4.59750086 0.65000063 0.01250000
v 4.60818928 0.65000063 0.02500000
v 4.84999943 2.44999981 0.44999999
v 5.00000000 2.44999981 0.89999998
v 4.90000057 2.44999981 0.89999998
v 3.05000019 2.44999981 0.00000000
v 3.00000095 2.44999981 0.44999999
v 5.00000000 2.44999981 0.00000000
v 3.82392144 2.44999981 0.00000000
v 4.31538916 2.44999981 0.00000000
v 4.92499971 2.44999981 0.67499998
v 4.87500000 2.44999981 0.67499998
v 4.95000029 2.44999981 0.89999998
v 3.94999981 2.44999981 0.22499999
v 3.92500019 2.44999981 0.44999999
v 3.02500057 2.44999981 0.22499999
v 5.00000000 2.44999981 0.05000000
v 4.98333335 2.44999981 0.05000000
v 4.92499971 2.44999981 0.37500000
v 5.00000000 2.44999981 0.59999999
v 4.87499952 2.44999981 0.37500000
v 4.72499943 2.44999981 0.37500000
v 3.82499981 2.44999981 0.15000001
v 3.43696082 2.44999981 0.00000000
v 4.21196043 2.44999981 0.15000001
v 4.79999971 2.44999981 0.05000000
v 4.21196043 2.44999981 0.05000000
v 4.65769458 2.44999981 0.00000000
v 4.06965530 2.44999981 0.00000000
v 4.45769429 2.44999981 0.05000000
v 4.88749957 2.44999981 0.56249999
v 4.96249986 2.44999981 0.78749998
v 4.86249971 2.44999981 0.56249999
v 4.88750029 2.44999981 0.78749998
v 4.89999986 2.44999981 0.67499998
v 4.97500014 2.44999981 0.89999998
v 4.92500043 2.44999981 0.89999998
v 4.93750000 2.44999981 0.78749998
v 4.91250014 2.44999981 0.78749998
v 4.39999962 2.44999981 0.33749999
v 3.50000000 2.44999981 0.11250000
v 4.38749981 2.44999981 0.44999999
v 3.46250057 2.44999981 0.44999999
v 3.93750000 2.44999981 0.33749999
v 3.03750038 2.44999981 0.11250000
v 3.01250076 2.44999981 0.33749999
v 3.48750019 2.44999981 0.22499999
v 3.47500038 2.44999981 0.33749999
v 5.00000000 2.44999981 0.02500000
v 5.00000000 2.44999981 0.07500000
v 4.99166667 2.44999981 0.02500000
v 4.97500002 2.44999981 0.07500000
v 4.99166667 2.44999981 0.05000000
v 4.99166667 2.44999981 0.07500000
v 4.98333335 2.44999981 0.07500000
v 4.88749957 2.44999981 0.41249999
v 4.96249986 2.44999981 0.33750001
v 4.92499971 2.44999981 0.52499999
v 5.00000000 2.44999981 0.74999999
v 5.00000000 2.44999981 0.45000000
v 4.96249986 2.44999981 0.63749999
v 4.96249986 2.44999981 0.48750000
v 4.86249948 2.44999981 0.41249999
v 4.88749957 2.44999981 0.33750001
v 4.89999962 2.44999981 0.37500000
v 4.93749976 2.44999981 0.33750001
v 4.91249967 2.44999981 0.33750001
v 4.78749943 2.44999981 0.41249999
v 4.66249943 2.44999981 0.33750001
v 4.33749962 2.44999981 0.30000000
v 4.79999948 2.44999981 0.37500000
v 3.43750000 2.44999981 0.07500000
v 4.21249962 2.44999981 0.22500001
v 3.88749981 2.44999981 0.18750000
v 4.27499962 2.44999981 0.26250000
v 4.81249952 2.44999981 0.33750001
v 4.73749948 2.44999981 0.33750001
v 3.24348050 2.44999981 0.00000000
v 3.63044113 2.44999981 0.00000000
v 3.63098031 2.44999981 0.07500000
v 4.40597993 2.44999981 0.22500001
v 4.01794094 2.44999981 0.07500000
v 4.01848012 2.44999981 0.15000001
v 3.82446063 2.44999981 0.07500000
v 4.89999986 2.44999981 0.02500000
v 4.69999957 2.44999981 0.07500000
v 4.89166653 2.44999981 0.05000000
v 4.88333321 2.44999981 0.07500000
v 4.79166639 2.44999981 0.07500000
v 4.40597993 2.44999981 0.17500001
v 4.01794094 2.44999981 0.02500000
v 4.40597993 2.44999981 0.07500000
v 4.21196043 2.44999981 0.10000000
v 4.40597993 2.44999981 0.12500000
v 4.82884729 2.44999981 0.00000000
v 4.48654187 2.44999981 0.00000000
v 4.72884715 2.44999981 0.02500000
v 3.94678837 2.44999981 0.00000000
v 4.19252223 2.44999981 0.00000000
v 4.14080787 2.44999981 0.02500000
v 4.52884686 2.44999981 0.07500000
v 4.38654172 2.44999981 0.02500000
v 4.62884700 2.44999981 0.05000000
v 4.33482736 2.44999981 0.05000000
v 4.55769444 2.44999981 0.02500000
v 4.26367480 2.44999981 0.02500000
v 4.86874950 2.44999981 0.50624999
v 4.90624964 2.44999981 0.61874998
v 4.98124993 2.44999981 0.84374998
v 4.94374979 2.44999981 0.73124998
v 4.85624957 2.44999981 0.50624999
v 4.86874986 2.44999981 0.61874998
v 4.87499964 2.44999981 0.56249999
v 4.89375043 2.44999981 0.84374998
v 4.88125014 2.44999981 0.73124998
v 4.91249979 2.44999981 0.67499998
v 4.88749993 2.44999981 0.67499998
v 4.89374971 2.44999981 0.61874998
v 4.88124979 2.44999981 0.61874998
v 4.98750007 2.44999981 0.89999998
v 4.96250021 2.44999981 0.89999998
v 4.96875000 2.44999981 0.84374998
v 4.91250050 2.44999981 0.89999998
v 4.93750036 2.44999981 0.89999998
v 4.90625036 2.44999981 0.84374998
v 4.93124986 2.44999981 0.73124998
v 4.94375014 2.44999981 0.84374998
v 4.94999993 2.44999981 0.78749998
v 4.91874993 2.44999981 0.73124998
v 4.95625007 2.44999981 0.84374998
v 4.89375007 2.44999981 0.73124998
v 4.93125021 2.44999981 0.84374998
v 4.90000021 2.44999981 0.78749998
v 4.90625000 2.44999981 0.73124998
v 4.91875029 2.44999981 0.84374998
v 4.92500007 2.44999981 0.78749998
v 4.62499952 2.44999981 0.39374999
v 4.17499971 2.44999981 0.28124999
v 3.27500010 2.44999981 0.05625000
v 3.72499990 2.44999981 0.16875000
v 4.61874962 2.44999981 0.44999999
v 4.15625000 2.44999981 0.44999999
v 4.39374971 2.44999981 0.39374999
v 3.23125076 2.44999981 0.44999999
v 3.69375038 2.44999981 0.44999999
v 3.94374990 2.44999981 0.28124999
v 3.93125010 2.44999981 0.39374999
v 4.16874981 2.44999981 0.33749999
v 4.16249990 2.44999981 0.39374999
v 3.04375029 2.44999981 0.05625000
v 3.03125048 2.44999981 0.16875000
v 3.26875019 2.44999981 0.11250000
v 3.00625086 2.44999981 0.39374999
v 3.01875067 2.44999981 0.28124999
v 3.23750067 2.44999981 0.39374999
v 3.71875000 2.44999981 0.22499999
v 3.25625038 2.44999981 0.22499999
v 3.49375010 2.44999981 0.16875000
v 3.71250010 2.44999981 0.28124999
v 3.26250029 2.44999981 0.16875000
v 3.70000029 2.44999981 0.39374999
v 3.25000048 2.44999981 0.28124999
v 3.46875048 2.44999981 0.39374999
v 3.70625019 2.44999981 0.33749999
v 3.24375057 2.44999981 0.33749999
v 3.48125029 2.44999981 0.28124999
v 5.00000000 2.44999981 0.01250000
v 5.00000000 2.44999981 0.03750000
v 5.00000000 2.44999981 0.08750000
v 5.00000000 2.44999981 0.06250000
v 4.99583334 2.44999981 0.01250000
v 4.98750001 2.44999981 0.03750000
v 4.99583334 2.44999981 0.02500000
v 4.97083336 2.44999981 0.08750000
v 4.97916669 2.44999981 0.06250000
v 4.99583334 2.44999981 0.05000000
v 4.98750001 2.44999981 0.05000000
v 4.99583334 2.44999981 0.03750000
v 4.99166667 2.44999981 0.03750000
v 4.99583334 2.44999981 0.08750000
v 4.97500002 2.44999981 0.08750000
v 4.99583334 2.44999981 0.06250000
v 4.98750001 2.44999981 0.08750000
v 4.99583334 2.44999981 0.07500000
v 4.99166667 2.44999981 0.06250000
v 4.99166667 2.44999981 0.08750000
v 4.98333335 2.44999981 0.06250000
v 4.98333335 2.44999981 0.08750000
v 4.97916669 2.44999981 0.07500000
v 4.98750001 2.44999981 0.06250000
v 4.97916669 2.44999981 0.08750000
v 4.98750001 2.44999981 0.07500000
v 4.86874950 2.44999981 0.43124999
v 4.90624964 2.44999981 0.39375000
v 4.88749957 2.44999981 0.48749999
v 4.98124993 2.44999981 0.31875001
v 4.94374979 2.44999981 0.35625000
v 4.92499971 2.44999981 0.59999999
v 4.92499971 2.44999981 0.45000000
v 4.90624964 2.44999981 0.54374999
v 4.90624964 2.44999981 0.46874999
v 5.00000000 2.44999981 0.82499998
v 5.00000000 2.44999981 0.67499999
v 4.98124993 2.44999981 0.76874998
v 5.00000000 2.44999981 0.37500001
v 5.00000000 2.44999981 0.52500000
v 4.98124993 2.44999981 0.39375000
v 4.94374979 2.44999981 0.65624999
v 4.98124993 2.44999981 0.61874999
v 4.96249986 2.44999981 0.71249998
v 4.94374979 2.44999981 0.58124999
v 4.98124993 2.44999981 0.69374999
v 4.94374979 2.44999981 0.43125000
v 4.98124993 2.44999981 0.54375000
v 4.96249986 2.44999981 0.41250000
v 4.94374979 2.44999981 0.50624999
v 4.98124993 2.44999981 0.46875000
v 4.96249986 2.44999981 0.56249999
v 4.85624945 2.44999981 0.43124999
v 4.86874950 2.44999981 0.39375000
v 4.87499952 2.44999981 0.41249999
v 4.89374959 2.44999981 0.31875001
v 4.88124955 2.44999981 0.35625000
v 4.91249967 2.44999981 0.37500000
v 4.88749957 2.44999981 0.37500000
v 4.89374959 2.44999981 0.39375000
v 4.88124955 2.44999981 0.39375000
v 4.96874988 2.44999981 0.31875001
v 4.90624964 2.44999981 0.31875001
v 4.93124974 2.44999981 0.35625000
v 4.94374979 2.44999981 0.31875001
v 4.94999981 2.44999981 0.33750001
v 4.91874969 2.44999981 0.35625000
v 4.95624983 2.44999981 0.31875001
v 4.89374959 2.44999981 0.35625000
v 4.93124974 2.44999981 0.31875001
v 4.89999962 2.44999981 0.33750001
v 4.90624964 2.44999981 0.35625000
v 4.91874969 2.44999981 0.31875001
v 4.92499971 2.44999981 0.33750001
v 4.81874943 2.44999981 0.43124999
v 4.75624943 2.44999981 0.39375000
v 4.59374952 2.44999981 0.37499999
v 4.82499945 2.44999981 0.41249999
v 4.63124943 2.44999981 0.31875001
v 4.69374943 2.44999981 0.35625000
v 4.14374971 2.44999981 0.26250000
v 4.53124952 2.44999981 0.33750000
v 4.36874962 2.44999981 0.31874999
v 4.56249952 2.44999981 0.35625000
v 4.83749950 2.44999981 0.37500000
v 4.76249945 2.44999981 0.37500000
v 4.83124948 2.44999981 0.39375000
v 4.79374945 2.44999981 0.39375000
v 3.24375010 2.44999981 0.03750000
v 3.63124990 2.44999981 0.11250000
v 3.46875000 2.44999981 0.09375000
v 4.40624952 2.44999981 0.26250001
v 4.01874971 2.44999981 0.18750001
v 4.43749952 2.44999981 0.28125001
v 3.91874981 2.44999981 0.20625000
v 3.85624981 2.44999981 0.16875000
v 3.69374990 2.44999981 0.15000000
v 4.11249971 2.44999981 0.24375000
v 3.66249990 2.44999981 0.13125000
v 4.49999952 2.44999981 0.31875000
v 4.04999971 2.44999981 0.20625000
v 4.46874952 2.44999981 0.30000000
v 4.30624962 2.44999981 0.28125000
v 4.24374962 2.44999981 0.24375001
v 4.08124971 2.44999981 0.22500000
v 4.85624957 2.44999981 0.31875001
v 4.66874945 2.44999981 0.31875001
v 4.84374952 2.44999981 0.35625000
v 4.78124952 2.44999981 0.31875001
v 4.84999955 2.44999981 0.33750001
v 4.80624950 2.44999981 0.35625000
v 4.81874955 2.44999981 0.31875001
v 4.73124945 2.44999981 0.35625000
v 4.74374950 2.44999981 0.31875001
v 4.69999945 2.44999981 0.33750001
v 4.76874948 2.44999981 0.35625000
v 4.70624948 2.44999981 0.31875001
v 4.77499950 2.44999981 0.33750001
v 3.14674035 2.44999981 0.00000000
v 3.34022066 2.44999981 0.00000000
v 3.34049025 2.44999981 0.03750000
v 3.72718129 2.44999981 0.00000000
v 3.53370097 2.44999981 0.00000000
v 3.72799006 2.44999981 0.11250000
v 3.53397056 2.44999981 0.03750000
v 3.53424016 2.44999981 0.07500000
v 3.43723041 2.44999981 0.03750000
v 4.50298968 2.44999981 0.26250001
v 4.30897018 2.44999981 0.18750001
v 4.30923977 2.44999981 0.22500001
v 3.92093119 2.44999981 0.03750000
v 4.11495069 2.44999981 0.11250000
v 3.82419103 2.44999981 0.03750000
v 3.92173997 2.44999981 0.15000001
v 4.11522028 2.44999981 0.15000001
v 4.11548987 2.44999981 0.18750001
v 3.82473022 2.44999981 0.11250000
v 4.21223003 2.44999981 0.18750001
v 3.63071072 2.44999981 0.03750000
v 4.01821053 2.44999981 0.11250000
v 3.72745088 2.44999981 0.03750000
v 3.72772047 2.44999981 0.07500000
v 3.92120078 2.44999981 0.07500000
v 3.92147037 2.44999981 0.11250000
v 4.94999993 2.44999981 0.01250000
v 4.84999979 2.44999981 0.03750000
v 4.94583327 2.44999981 0.02500000
v 4.64999950 2.44999981 0.08750000
v 4.74999964 2.44999981 0.06250000
v 4.93749994 2.44999981 0.05000000
v 4.84583312 2.44999981 0.05000000
v 4.94166660 2.44999981 0.03750000
v 4.89583319 2.44999981 0.03750000
v 4.92499995 2.44999981 0.08750000
v 4.69583291 2.44999981 0.08750000
v 4.93333328 2.44999981 0.06250000
v 4.83333313 2.44999981 0.08750000
v 4.92916662 2.44999981 0.07500000
v 4.88749987 2.44999981 0.06250000
v 4.87916654 2.44999981 0.08750000
v 4.79583305 2.44999981 0.06250000
v 4.78749973 2.44999981 0.08750000
v 4.74583298 2.44999981 0.07500000
v 4.84166646 2.44999981 0.06250000
v 4.74166632 2.44999981 0.08750000
v 4.83749980 2.44999981 0.07500000
v 4.50298968 2.44999981 0.23750001
v 4.30897018 2.44999981 0.16250001
v 4.50298968 2.44999981 0.18750001
v 4.40597993 2.44999981 0.20000001
v 4.50298968 2.44999981 0.21250001
v 3.92093119 2.44999981 0.01250000
v 4.11495069 2.44999981 0.03750000
v 4.01794094 2.44999981 0.05000000
v 4.50298968 2.44999981 0.08750000
v 4.30897018 2.44999981 0.06250000
v 4.50298968 2.44999981 0.11250000
v 4.21196043 2.44999981 0.12500000
v 4.21196043 2.44999981 0.07500000
v 4.11495069 2.44999981 0.08750000
v 4.30897018 2.44999981 0.13750000
v 4.11495069 2.44999981 0.06250000
v 4.50298968 2.44999981 0.16250001
v 4.30897018 2.44999981 0.08750000
v 4.50298968 2.44999981 0.13750000
v 4.40597993 2.44999981 0.15000001
v 4.40597993 2.44999981 0.10000000
v 4.30897018 2.44999981 0.11250000
v 4.91442364 2.44999981 0.00000000
v 4.74327093 2.44999981 0.00000000
v 4.86442357 2.44999981 0.01250000
v 4.40096551 2.44999981 0.00000000
v 4.57211822 2.44999981 0.00000000
v 4.76442343 2.44999981 0.03750000
v 4.69327086 2.44999981 0.01250000
v 4.81442350 2.44999981 0.02500000
v 4.77884722 2.44999981 0.01250000
v 3.88535491 2.44999981 0.00000000
v 4.00822183 2.44999981 0.00000000
v 3.98236465 2.44999981 0.01250000
v 4.25395569 2.44999981 0.00000000
v 4.13108876 2.44999981 0.00000000
v 4.17638415 2.44999981 0.03750000
v 4.10523158 2.44999981 0.01250000
v 4.07937440 2.44999981 0.02500000
v 4.04379812 2.44999981 0.01250000
v 4.56442314 2.44999981 0.08750000
v 4.49327058 2.44999981 0.06250000
v 4.61442322 2.44999981 0.07500000
v 4.46741340 2.44999981 0.07500000
v 4.35096544 2.44999981 0.01250000
v 4.42211801 2.44999981 0.03750000
v 4.43654180 2.44999981 0.01250000
v 4.28953198 2.44999981 0.01250000
v 4.71442336 2.44999981 0.05000000
v 4.54327065 2.44999981 0.05000000
v 4.66442329 2.44999981 0.06250000
v 4.67884707 2.44999981 0.03750000
v 4.57884693 2.44999981 0.06250000
v 4.27339390 2.44999981 0.05000000
v 4.39626083 2.44999981 0.05000000
v 4.37040365 2.44999981 0.06250000
v 4.23781762 2.44999981 0.03750000
v 4.43183711 2.44999981 0.06250000
v 4.60769451 2.44999981 0.01250000
v 4.50769436 2.44999981 0.03750000
v 4.52211815 2.44999981 0.01250000
v 4.64327079 2.44999981 0.02500000
v 4.47211808 2.44999981 0.02500000
v 4.59327072 2.44999981 0.03750000
v 4.16666505 2.44999981 0.01250000
v 4.36068454 2.44999981 0.03750000
v 4.22809851 2.44999981 0.01250000
v 4.20224133 2.44999981 0.02500000
v 4.32510826 2.44999981 0.02500000
v 4.29925108 2.44999981 0.03750000
v 3.92500019 1.55000022 0.44999999
v 4.84999943 1.55000022 0.44999999
v 3.00000095 1.55000022 0.44999999
v 3.46250057 2.00000001 0.44999999
v 4.38749981 1.10000043 0.44999999
v 3.92500019 2.00000001 0.44999999
v 4.84999943 2.00000001 0.44999999
v 4.84999943 1.10000043 0.44999999
v 4.38749981 2.00000001 0.44999999
v 4.38749981 1.55000022 0.44999999
v 3.00000095 2.00000001 0.44999999
v 3.00000095 1.10000043 0.44999999
v 3.46250057 1.55000022 0.44999999
v 3.92500019 1.10000043 0.44999999
v 3.46250057 1.10000043 0.44999999
v 3.23125076 2.22499991 0.44999999
v 3.69375038 1.77500012 0.44999999
v 3.46250057 2.22499991 0.44999999
v 4.61874962 0.87500053 0.44999999
v 4.15625000 1.32500032 0.44999999
v 3.92500019 2.22499991 0.44999999
v 3.92500019 1.77500012 0.44999999
v 3.69375038 2.22499991 0.44999999
v 3.69375038 2.00000001 0.44999999
v 4.84999943 2.22499991 0.44999999
v 4.84999943 1.77500012 0.44999999
v 4.61874962 2.22499991 0.44999999
v 4.84999943 0.87500053 0.44999999
v 4.84999943 1.32500032 0.44999999
v 4.61874962 1.10000043 0.44999999
v 4.15625000 2.22499991 0.44999999
v 4.61874962 1.77500012 0.44999999
v 4.38749981 2.22499991 0.44999999
v 4.15625000 2.00000001 0.44999999
v 4.61874962 2.00000001 0.44999999
v 4.15625000 1.55000022 0.44999999
v 4.61874962 1.55000022 0.44999999
v 4.38749981 1.32500032 0.44999999
v 4.15625000 1.77500012 0.44999999
v 4.61874962 1.32500032 0.44999999
v 4.38749981 1.77500012 0.44999999
v 3.00000095 2.22499991 0.44999999
v 3.00000095 1.77500012 0.44999999
v 3.23125076 2.00000001 0.44999999
v 3.00000095 0.87500053 0.44999999
v 3.00000095 1.32500032 0.44999999
v 3.69375038 1.55000022 0.44999999
v 3.23125076 1.55000022 0.44999999
v 3.46250057 1.77500012 0.44999999
v 3.23125076 1.77500012 0.44999999
v 4.38749981 0.87500053 0.44999999
v 3.23125076 0.87500053 0.44999999
v 3.92500019 1.32500032 0.44999999
v 3.92500019 0.87500053 0.44999999
v 4.15625000 1.10000043 0.44999999
v 3.69375038 1.32500032 0.44999999
v 4.15625000 0.87500053 0.44999999
v 3.23125076 1.32500032 0.44999999
v 3.69375038 0.87500053 0.44999999
v 3.23125076 1.10000043 0.44999999
v 3.46250057 1.32500032 0.44999999
v 3.46250057 0.87500053 0.44999999
v 3.69375038 1.10000043 0.44999999
v 3.02500057 1.55000022 0.22499999
v 3.02500057 1.80000001 0.22499999
v 3.02500057 2.37769043 0.22499999
v 3.05000019 2.37769043 0.00000000
v 3.01250076 1.10000043 0.33749999
v 3.03750038 1.10000043 0.11250000
v 3.01250076 2.00000001 0.33749999
v 3.02500057 1.10000043 0.22499999
v 3.01250076 1.55000022 0.33749999
v 3.03750038 1.22500032 0.11250000
v 3.01250076 2.12499991 0.33749999
v 3.03750038 1.47500011 0.11250000
v 3.02500057 1.67500012 0.22499999
v 3.03750038 1.35000022 0.11250000
v 3.01250076 2.41384512 0.33749999
v 3.03750038 2.34153575 0.11250000
v 3.02500057 2.08884522 0.22499999
v 3.03750038 1.76384532 0.11250000
v 3.03750038 2.05269054 0.11250000
v 3.02500057 2.41384512 0.22499999
v 3.05000019 2.34153575 0.00000000
v 3.05000019 2.41384512 0.00000000
v 3.03750038 2.37769043 0.11250000
v 3.03750038 2.41384512 0.11250000
v 3.00625086 0.87500053 0.39374999
v 3.01875067 0.87500053 0.28124999
v 3.00625086 1.32500032 0.39374999
v 3.01250076 0.87500053 0.33749999
v 3.00625086 1.10000043 0.39374999
v 3.04375029 0.87500053 0.05625000
v 3.03125048 1.32500032 0.16875000
v 3.03750038 0.87500053 0.11250000
v 3.00625086 2.22499991 0.39374999
v 3.01875067 1.77500012 0.28124999
v 3.00625086 2.00000001 0.39374999
v 3.02500057 0.87500053 0.22499999
v 3.02500057 1.32500032 0.22499999
v 3.03125048 0.87500053 0.16875000
v 3.01875067 1.10000043 0.28124999
v 3.03125048 1.10000043 0.16875000
v 3.00625086 1.55000022 0.39374999
v 3.01875067 1.55000022 0.28124999
v 3.00625086 1.77500012 0.39374999
v 3.01250076 1.32500032 0.33749999
v 3.01250076 1.77500012 0.33749999
v 3.01875067 1.32500032 0.28124999
v 3.04375029 0.93750048 0.05625000
v 3.03125048 1.38750027 0.16875000
v 3.04375029 1.06250037 0.05625000
v 3.03750038 1.16250037 0.11250000
v 3.04375029 1.00000042 0.05625000
v 3.00625086 2.28749986 0.39374999
v 3.01875067 1.96249996 0.28124999
v 3.01250076 2.06249996 0.33749999
v 3.04375029 1.31250016 0.05625000
v 3.03125048 1.63750006 0.16875000
v 3.04375029 1.25000022 0.05625000
v 3.02500057 1.61250017 0.22499999
v 3.02500057 1.73750006 0.22499999
v 3.01875067 1.83750007 0.28124999
v 3.03125048 1.45000022 0.16875000
v 3.01875067 1.90000001 0.28124999
v 3.04375029 1.12500032 0.05625000
v 3.03125048 1.57500011 0.16875000
v 3.04375029 1.18750027 0.05625000
v 3.03750038 1.28750027 0.11250000
v 3.03750038 1.41250017 0.11250000
v 3.03125048 1.51250017 0.16875000
v 3.00625086 2.43192247 0.39374999
v 3.01875067 2.39576778 0.28124999
v 3.01250076 2.26942252 0.33749999
v 3.04375029 2.32345840 0.05625000
v 3.03125048 2.35961309 0.16875000
v 3.02500057 1.94442262 0.22499999
v 3.02500057 2.23326783 0.22499999
v 3.01875067 2.10692257 0.28124999
v 3.01875067 2.25134517 0.28124999
v 3.04375029 1.45692277 0.05625000
v 3.04375029 2.17903580 0.05625000
v 3.03125048 1.78192267 0.16875000
v 3.04375029 1.74576798 0.05625000
v 3.03750038 1.61942272 0.11250000
v 3.03125048 1.92634527 0.16875000
v 3.04375029 1.60134538 0.05625000
v 3.03125048 2.21519049 0.16875000
v 3.04375029 1.89019059 0.05625000
v 3.03750038 2.19711314 0.11250000
v 3.03125048 2.07076788 0.16875000
v 3.04375029 2.03461319 0.05625000
v 3.03750038 1.90826793 0.11250000
v 3.01250076 2.43192247 0.33749999
v 3.02500057 2.39576778 0.22499999
v 3.02500057 2.43192247 0.22499999
v 3.01875067 2.41384512 0.28124999
v 3.01875067 2.43192247 0.28124999
v 3.05000019 2.32345840 0.00000000
v 3.05000019 2.35961309 0.00000000
v 3.04375029 2.34153575 0.05625000
v 3.05000019 2.43192247 0.00000000
v 3.05000019 2.39576778 0.00000000
v 3.04375029 2.43192247 0.05625000
v 3.03125048 2.37769043 0.16875000
v 3.04375029 2.37769043 0.05625000
v 3.03750038 2.35961309 0.11250000
v 3.03125048 2.39576778 0.16875000
v 3.04375029 2.35961309 0.05625000
v 3.03125048 2.43192247 0.16875000
v 3.04375029 2.39576778 0.05625000
v 3.03750038 2.43192247 0.11250000
v 3.03125048 2.41384512 0.16875000
v 3.04375029 2.41384512 0.05625000
v 3.03750038 2.39576778 0.11250000
v 5.00000000 0.72941172 0.89999998
v 4.95000029 0.68970618 0.89999998
v 5.00000000 0.68970618 0.89999998
v 4.90000057 1.55000022 0.89999998
v 4.95000029 1.58970577 0.89999998
v 5.00000000 1.58970577 0.89999998
v 4.92500043 0.66985340 0.89999998
v 4.97500014 0.70955895 0.89999998
v 4.95000029 0.66985340 0.89999998
v 5.00000000 0.70955895 0.89999998
v 5.00000000 0.66985340 0.89999998
v 4.97500014 0.68970618 0.89999998
v 4.97500014 0.66985340 0.89999998
v 4.90000057 1.10000043 0.89999998
v 4.90000057 2.00000001 0.89999998
v 4.92500043 1.11985320 0.89999998
v 4.97500014 1.15955874 0.89999998
v 4.92500043 2.01985279 0.89999998
v 4.95000029 1.13970597 0.89999998
v 4.92500043 1.56985299 0.89999998
v 5.00000000 1.15955874 0.89999998
v 5.00000000 2.01985279 0.89999998
v 4.97500014 1.58970577 0.89999998
v 4.95000029 2.01985279 0.89999998
v 4.97500014 2.01985279 0.89999998
v 4.91250050 0.65992702 0.89999998
v 4.93750036 0.67977979 0.89999998
v 4.98750007 0.71948534 0.89999998
v 4.96250021 0.69963256 0.89999998
v 4.92500043 0.65992702 0.89999998
v 4.95000029 0.67977979 0.89999998
v 4.95000029 0.65992702 0.89999998
v 4.93750036 0.66985340 0.89999998
v 4.93750036 0.65992702 0.89999998
v 5.00000000 0.71948534 0.89999998
v 5.00000000 0.69963256 0.89999998
v 4.98750007 0.70955895 0.89999998
v 5.00000000 0.65992702 0.89999998
v 5.00000000 0.67977979 0.89999998
v 4.98750007 0.65992702 0.89999998
v 4.96250021 0.68970618 0.89999998
v 4.98750007 0.68970618 0.89999998
v 4.97500014 0.69963256 0.89999998
v 4.96250021 0.67977979 0.89999998
v 4.98750007 0.69963256 0.89999998
v 4.96250021 0.65992702 0.89999998
v 4.98750007 0.67977979 0.89999998
v 4.97500014 0.65992702 0.89999998
v 4.96250021 0.66985340 0.89999998
v 4.98750007 0.66985340 0.89999998
v 4.97500014 0.67977979 0.89999998
v 4.90000057 0.87500053 0.89999998
v 4.90000057 1.32500032 0.89999998
v 4.91250050 0.88492692 0.89999998
v 4.90000057 2.22499991 0.89999998
v 4.90000057 1.77500012 0.89999998
v 4.93750036 0.90477969 0.89999998
v 4.91250050 1.33492671 0.89999998
v 4.92500043 0.89485330 0.89999998
v 4.91250050 1.10992681 0.89999998
v 4.98750007 0.94448523 0.89999998
v 4.96250021 1.37463225 0.89999998
v 4.97500014 0.93455885 0.89999998
v 4.91250050 2.23492630 0.89999998
v 4.93750036 1.80477928 0.89999998
v 4.91250050 2.00992640 0.89999998
v 4.95000029 0.91470607 0.89999998
v 4.95000029 1.36470587 0.89999998
v 4.96250021 0.92463246 0.89999998
v 4.93750036 1.12977958 0.89999998
v 4.96250021 1.14963236 0.89999998
v 4.91250050 1.55992661 0.89999998
v 4.93750036 1.57977938 0.89999998
v 4.91250050 1.78492650 0.89999998
v 4.92500043 1.34485310 0.89999998
v 4.92500043 1.79485289 0.89999998
v 4.93750036 1.35477948 0.89999998
v 5.00000000 0.94448523 0.89999998
v 5.00000000 1.37463225 0.89999998
v 4.98750007 1.15955874 0.89999998
v 5.00000000 2.23492630 0.89999998
v 5.00000000 1.80477928 0.89999998
v 4.96250021 1.58970577 0.89999998
v 4.98750007 1.58970577 0.89999998
v 4.97500014 1.37463225 0.89999998
v 4.98750007 1.37463225 0.89999998
v 4.92500043 2.23492630 0.89999998
v 4.98750007 2.23492630 0.89999998
v 4.95000029 1.80477928 0.89999998
v 4.95000029 2.23492630 0.89999998
v 4.93750036 2.01985279 0.89999998
v 4.96250021 1.80477928 0.89999998
v 4.93750036 2.23492630 0.89999998
v 4.98750007 1.80477928 0.89999998
v 4.96250021 2.23492630 0.89999998
v 4.98750007 2.01985279 0.89999998
v 4.97500014 1.80477928 0.89999998
v 4.97500014 2.23492630 0.89999998
v 4.96250021 2.01985279 0.89999998
v 4.87500000 1.55000022 0.67499998
v 4.86249971 1.10000043 0.56249999
v 4.88750029 2.00000001 0.78749998
v 4.86249971 1.55000022 0.56249999
v 4.86249971 2.00000001 0.56249999
v 4.87500000 2.00000001 0.67499998
v 4.87500000 1.10000043 0.67499998
v 4.88750029 1.55000022 0.78749998
v 4.88750029 1.10000043 0.78749998
v 4.85624957 0.87500053 0.50624999
v 4.86874986 1.32500032 0.61874998
v 4.85624957 1.10000043 0.50624999
v 4.89375043 2.22499991 0.84374998
v 4.88125014 1.77500012 0.73124998
v 4.85624957 1.55000022 0.50624999
v 4.86874986 1.55000022 0.61874998
v 4.85624957 1.32500032 0.50624999
v 4.86249971 1.32500032 0.56249999
v 4.85624957 2.22499991 0.50624999
v 4.88750029 2.22499991 0.78749998
v 4.85624957 1.77500012 0.50624999
v 4.86874986 2.22499991 0.61874998
v 4.85624957 2.00000001 0.50624999
v 4.86249971 1.77500012 0.56249999
v 4.86249971 2.22499991 0.56249999
v 4.87500000 1.77500012 0.67499998
v 4.87500000 2.22499991 0.67499998
v 4.88125014 2.00000001 0.73124998
v 4.86874986 1.77500012 0.61874998
v 4.88125014 2.22499991 0.73124998
v 4.86874986 2.00000001 0.61874998
v 4.86249971 0.87500053 0.56249999
v 4.87500000 1.32500032 0.67499998
v 4.87500000 0.87500053 0.67499998
v 4.86874986 1.10000043 0.61874998
v 4.86874986 0.87500053 0.61874998
v 4.89375043 2.00000001 0.84374998
v 4.89375043 0.87500053 0.84374998
v 4.88125014 1.55000022 0.73124998
v 4.89375043 1.55000022 0.84374998
v 4.88750029 1.77500012 0.78749998
v 4.88125014 1.32500032 0.73124998
v 4.89375043 1.77500012 0.84374998
v 4.88125014 0.87500053 0.73124998
v 4.89375043 1.32500032 0.84374998
v 4.88750029 0.87500053 0.78749998
v 4.88125014 1.10000043 0.73124998
v 4.89375043 1.10000043 0.84374998
v 4.88750029 1.32500032 0.78749998
v 5.00000000 3.34999990 0.00000000
v 1.84730947 1.84730941 0.00000000
v 1.84730947 2.82769048 0.00000000
v 1.84730947 -0.17769054 0.00000000
v 4.52337074 0.27500032 0.00000000
v 4.71006870 0.27500032 0.00000000
v 4.92068028 0.27500032 0.00000000
v 4.74221110 0.27500032 0.00000000
v 3.22500002 3.34999990 0.00000000
v 5.00000000 2.89999986 0.00000000
v 4.65769458 2.89999986 0.00000000
v 2.29730940 -0.17769054 0.00000000
v 5.00000000 0.27500032 0.00000000
v 2.83100235 0.12230946 0.00000000
v 2.47230947 0.12230946 0.00000000
v 2.52499998 -0.39999999 0.00000000
v 4.52337074 0.12230946 0.00000000
v 3.81138337 0.12230946 0.00000000
v 4.37448692 0.12230946 0.00000000
v 2.25000012 2.82769048 0.00000000
v 2.25000012 2.89999986 0.00000000
v 2.63696074 2.89999986 0.00000000
v 4.41196072 2.89999986 0.00000000
v 2.04596418 1.09596416 0.00000000
v 1.64865476 2.59865466 0.00000000
v 2.04596418 1.58615470 0.00000000
v 1.64865476 3.08884519 0.00000000
v 2.04596418 2.56653577 0.00000000
v 1.84730947 2.33749995 0.00000000
v 2.04596418 2.07634524 0.00000000
v 2.04596418 0.08346419 0.00000000
v 1.64865476 -0.43884526 0.00000000
v 1.84730947 0.83480944 0.00000000
v 1.64865476 1.58615468 0.00000000
v 1.64865476 0.57365471 0.00000000
v 4.68236566 0.08750016 0.00000000
v 4.36437583 0.46250047 0.00000000
v 4.77571464 0.08750016 0.00000000
v 4.64442277 0.46250047 0.00000000
v 4.61671972 0.27500032 0.00000000
v 4.45772481 0.46250047 0.00000000
v 4.55107379 0.46250047 0.00000000
v 4.88102043 0.08750016 0.00000000
v 4.96034014 0.46250047 0.00000000
v 4.79178584 0.08750016 0.00000000
v 4.69263637 0.46250047 0.00000000
v 4.72613990 0.27500032 0.00000000
v 4.83144569 0.27500032 0.00000000
v 4.66049397 0.46250047 0.00000000
v 4.67656517 0.46250047 0.00000000
v 4.87110555 0.46250047 0.00000000
v 4.78187096 0.46250047 0.00000000
v 2.33750004 3.34999990 0.00000000
v 4.11250001 3.34999990 0.00000000
v 5.00000000 3.12499988 0.00000000
v 5.00000000 2.67499983 0.00000000
v 4.82884729 3.12499988 0.00000000
v 4.48654187 2.67499983 0.00000000
v 4.82884729 2.89999986 0.00000000
v 4.82884729 2.67499983 0.00000000
v 4.65769458 2.67499983 0.00000000
v 2.27096415 0.08346419 0.00000000
v 2.32365465 -0.43884526 0.00000000
v 2.07230943 -0.17769054 0.00000000
v 1.87365472 -0.43884526 0.00000000
v 2.09865469 -0.43884526 0.00000000
v 4.92068028 0.08750016 0.00000000
v 5.00000000 0.46250047 0.00000000
v 5.00000000 0.08750016 0.00000000
v 4.96034014 0.27500032 0.00000000
v 4.96034014 0.08750016 0.00000000
v 2.53781062 0.23346419 0.00000000
v 3.12419409 0.01115473 0.00000000
v 2.35846418 0.23346419 0.00000000
v 2.58615476 0.01115473 0.00000000
v 2.38480943 -0.02769054 0.00000000
v 2.65165591 0.12230946 0.00000000
v 2.43749994 -0.54999999 0.00000000
v 2.61250001 -0.25000000 0.00000000
v 2.41115469 -0.28884527 0.00000000
v 2.49865472 -0.13884527 0.00000000
v 2.94484764 0.01115473 0.00000000
v 2.76550120 0.01115473 0.00000000
v 2.52499998 -0.54999999 0.00000000
v 2.61250001 -0.39999999 0.00000000
v 2.61250001 -0.54999999 0.00000000
v 3.02800113 0.23346419 0.00000000
v 4.68236566 0.01115473 0.00000000
v 4.36437583 0.23346419 0.00000000
v 4.52337074 0.19865489 0.00000000
v 4.36437583 0.38615504 0.00000000
v 4.36437583 0.30980962 0.00000000
v 3.61438459 0.01115473 0.00000000
v 4.00838214 0.23346419 0.00000000
v 3.32119286 0.12230946 0.00000000
v 3.51819164 0.23346419 0.00000000
v 4.60792375 0.01115473 0.00000000
v 3.89593637 0.01115473 0.00000000
v 4.28993392 0.23346419 0.00000000
v 4.45903993 0.01115473 0.00000000
v 4.44892883 0.12230946 0.00000000
v 4.09293514 0.12230946 0.00000000
v 4.53348184 0.01115473 0.00000000
v 4.17748815 0.01115473 0.00000000
v 1.85000008 3.08884519 0.00000000
v 2.65000015 2.56653577 0.00000000
v 2.04865479 2.82769048 0.00000000
v 2.24730951 2.56653577 0.00000000
v 2.44865483 2.56653577 0.00000000
v 1.85000008 3.12499988 0.00000000
v 2.65000015 2.67499983 0.00000000
v 2.25000012 2.86384517 0.00000000
v 2.65000015 2.60269046 0.00000000
v 2.65000015 2.63884515 0.00000000
v 2.04348040 3.12499988 0.00000000
v 3.23044109 2.67499983 0.00000000
v 2.93098038 3.12499988 0.00000000
v 2.44348043 2.89999986 0.00000000
v 4.70598036 3.12499988 0.00000000
v 4.11794108 2.67499983 0.00000000
v 3.81848037 3.12499988 0.00000000
v 4.53482765 2.89999986 0.00000000
v 3.52446073 2.89999986 0.00000000
v 4.36367494 2.67499983 0.00000000
v 4.24080801 2.67499983 0.00000000
v 2.84348047 2.67499983 0.00000000
v 3.03696078 2.67499983 0.00000000
v 2.14529154 0.72029154 0.00000000
v 1.94663683 1.47163679 0.00000000
v 1.54932740 2.97432728 0.00000000
v 1.74798211 2.22298203 0.00000000
v 2.14529154 0.96538681 0.00000000
v 1.94663683 1.71673205 0.00000000
v 2.14529154 1.45557734 0.00000000
v 2.04596418 1.34105943 0.00000000
v 2.14529154 1.21048208 0.00000000
v 1.54932740 3.21942255 0.00000000
v 1.74798211 2.95826784 0.00000000
v 1.64865476 2.84374993 0.00000000
v 2.14529154 2.43595842 0.00000000
v 1.94663683 2.69711313 0.00000000
v 2.14529154 2.19086315 0.00000000
v 1.84730947 2.09240468 0.00000000
v 1.84730947 2.58259521 0.00000000
v 1.74798211 2.46807730 0.00000000
v 1.94663683 1.96182732 0.00000000
v 1.74798211 2.71317257 0.00000000
v 2.14529154 1.70067261 0.00000000
v 1.94663683 2.45201786 0.00000000
v 2.14529154 1.94576788 0.00000000
v 2.04596418 1.83124997 0.00000000
v 2.04596418 2.32144050 0.00000000
v 1.94663683 2.20692259 0.00000000
v 2.14529154 0.21404155 0.00000000
v 1.94663683 -0.04711317 0.00000000
v 2.04596418 0.58971418 0.00000000
v 1.54932740 -0.56942263 0.00000000
v 1.74798211 -0.30826790 0.00000000
v 1.84730947 1.34105942 0.00000000
v 1.84730947 0.32855945 0.00000000
v 1.94663683 0.96538680 0.00000000
v 1.94663683 0.45913681 0.00000000
v 1.54932740 2.46807729 0.00000000
v 1.54932740 -0.06317264 0.00000000
v 1.74798211 1.71673205 0.00000000
v 1.54932740 1.45557732 0.00000000
v 1.64865476 2.09240467 0.00000000
v 1.74798211 1.21048206 0.00000000
v 1.54932740 1.96182731 0.00000000
v 1.74798211 0.19798209 0.00000000
v 1.54932740 0.94932733 0.00000000
v 1.64865476 0.06740472 0.00000000
v 1.74798211 0.70423207 0.00000000
v 1.54932740 0.44307735 0.00000000
v 1.64865476 1.07990470 0.00000000
v 4.76186311 -0.00624992 0.00000000
v 4.60286820 0.18125024 0.00000000
v 4.28487837 0.55625055 0.00000000
v 4.44387329 0.36875039 0.00000000
v 4.80853760 -0.00624992 0.00000000
v 4.74289167 0.18125024 0.00000000
v 4.72904015 0.08750016 0.00000000
v 4.61159980 0.55625055 0.00000000
v 4.67724574 0.36875039 0.00000000
v 4.57004523 0.27500032 0.00000000
v 4.66339421 0.27500032 0.00000000
v 4.64954269 0.18125024 0.00000000
v 4.69621718 0.18125024 0.00000000
v 4.33155286 0.55625055 0.00000000
v 4.56492531 0.55625055 0.00000000
v 4.49054778 0.36875039 0.00000000
v 4.42490184 0.55625055 0.00000000
v 4.41105032 0.46250047 0.00000000
v 4.53722227 0.36875039 0.00000000
v 4.37822735 0.55625055 0.00000000
v 4.63057125 0.36875039 0.00000000
v 4.47157633 0.55625055 0.00000000
v 4.59774828 0.46250047 0.00000000
v 4.58389676 0.36875039 0.00000000
v 4.51825082 0.55625055 0.00000000
v 4.50439930 0.46250047 0.00000000
v 4.86119050 -0.00624992 0.00000000
v 4.90085036 0.18125024 0.00000000
v 4.98017007 0.55625055 0.00000000
v 4.94051021 0.36875039 0.00000000
v 4.81657320 -0.00624992 0.00000000
v 4.76699847 0.18125024 0.00000000
v 4.78375024 0.08750016 0.00000000
v 4.83640313 0.08750016 0.00000000
v 4.66784900 0.55625055 0.00000000
v 4.71742374 0.36875039 0.00000000
v 4.71810430 0.27500032 0.00000000
v 4.73417550 0.27500032 0.00000000
v 4.75092727 0.18125024 0.00000000
v 4.75896287 0.18125024 0.00000000
v 4.87606299 0.27500032 0.00000000
v 4.78682840 0.27500032 0.00000000
v 4.85623306 0.18125024 0.00000000
v 4.81161577 0.18125024 0.00000000
v 4.61963540 0.55625055 0.00000000
v 4.65981340 0.55625055 0.00000000
v 4.68528134 0.36875039 0.00000000
v 4.63570660 0.55625055 0.00000000
v 4.65245837 0.46250047 0.00000000
v 4.69331694 0.36875039 0.00000000
v 4.62767100 0.55625055 0.00000000
v 4.70938814 0.36875039 0.00000000
v 4.64374220 0.55625055 0.00000000
v 4.68460077 0.46250047 0.00000000
v 4.70135254 0.36875039 0.00000000
v 4.65177780 0.55625055 0.00000000
v 4.66852957 0.46250047 0.00000000
v 4.93555278 0.55625055 0.00000000
v 4.71246630 0.55625055 0.00000000
v 4.89589292 0.36875039 0.00000000
v 4.84631819 0.55625055 0.00000000
v 4.91572285 0.46250047 0.00000000
v 4.85127562 0.36875039 0.00000000
v 4.89093548 0.55625055 0.00000000
v 4.76204103 0.36875039 0.00000000
v 4.80170089 0.55625055 0.00000000
v 4.73725367 0.46250047 0.00000000
v 4.80665833 0.36875039 0.00000000
v 4.75708359 0.55625055 0.00000000
v 4.82648826 0.46250047 0.00000000
v 1.89375004 3.34999990 0.00000000
v 2.78125003 3.34999990 0.00000000
v 4.55625001 3.34999990 0.00000000
v 3.66875002 3.34999990 0.00000000
v 5.00000000 3.23749989 0.00000000
v 5.00000000 3.01249987 0.00000000
v 5.00000000 2.56249982 0.00000000
v 5.00000000 2.78749985 0.00000000
v 4.91442364 3.23749989 0.00000000
v 4.74327093 3.01249987 0.00000000
v 4.91442364 3.12499988 0.00000000
v 4.40096551 2.56249982 0.00000000
v 4.57211822 2.78749985 0.00000000
v 4.91442364 2.89999986 0.00000000
v 4.74327093 2.89999986 0.00000000
v 4.91442364 3.01249987 0.00000000
v 4.82884729 3.01249987 0.00000000
v 4.91442364 2.56249982 0.00000000
v 4.48654187 2.56249982 0.00000000
v 4.91442364 2.78749985 0.00000000
v 4.74327093 2.56249982 0.00000000
v 4.91442364 2.67499983 0.00000000
v 4.82884729 2.78749985 0.00000000
v 4.82884729 2.56249982 0.00000000
v 4.65769458 2.78749985 0.00000000
v 4.65769458 2.56249982 0.00000000
v 4.57211822 2.67499983 0.00000000
v 4.74327093 2.78749985 0.00000000
v 4.57211822 2.56249982 0.00000000
v 4.74327093 2.67499983 0.00000000
v 2.25779152 0.21404155 0.00000000
v 2.28413677 -0.04711317 0.00000000
v 2.15846416 0.08346419 0.00000000
v 2.33682728 -0.56942263 0.00000000
v 2.31048203 -0.30826790 0.00000000
v 1.95980945 -0.17769054 0.00000000
v 2.18480942 -0.17769054 0.00000000
v 2.05913681 -0.04711317 0.00000000
v 2.17163679 -0.04711317 0.00000000
v 1.66182739 -0.56942263 0.00000000
v 2.22432730 -0.56942263 0.00000000
v 1.86048210 -0.30826790 0.00000000
v 1.88682735 -0.56942263 0.00000000
v 1.76115474 -0.43884526 0.00000000
v 1.97298208 -0.30826790 0.00000000
v 1.77432737 -0.56942263 0.00000000
v 2.19798204 -0.30826790 0.00000000
v 1.99932733 -0.56942263 0.00000000
v 2.21115467 -0.43884526 0.00000000
v 2.08548206 -0.30826790 0.00000000
v 2.11182731 -0.56942263 0.00000000
v 1.98615471 -0.43884526 0.00000000
v 4.88102043 -0.00624992 0.00000000
v 4.92068028 0.18125024 0.00000000
v 4.92068028 -0.00624992 0.00000000
v 4.90085036 0.08750016 0.00000000
v 4.90085036 -0.00624992 0.00000000
v 5.00000000 0.55625055 0.00000000
v 5.00000000 0.36875039 0.00000000
v 4.98017007 0.46250047 0.00000000
v 5.00000000 -0.00624992 0.00000000
v 5.00000000 0.18125024 0.00000000
v 4.98017007 -0.00624992 0.00000000
v 4.94051021 0.27500032 0.00000000
v 4.98017007 0.27500032 0.00000000
v 4.96034014 0.36875039 0.00000000
v 4.94051021 0.18125024 0.00000000
v 4.98017007 0.36875039 0.00000000
v 4.94051021 -0.00624992 0.00000000
v 4.98017007 0.18125024 0.00000000
v 4.96034014 -0.00624992 0.00000000
v 4.94051021 0.08750016 0.00000000
v 4.98017007 0.08750016 0.00000000
v 4.96034014 0.18125024 0.00000000
v 2.39121476 0.28904155 0.00000000
v 2.68440649 0.17788682 0.00000000
v 3.27078995 -0.04442264 0.00000000
v 2.97759822 0.06673209 0.00000000
v 2.30154154 0.28904155 0.00000000
v 2.41538683 0.17788682 0.00000000
v 2.31471416 0.15846419 0.00000000
v 2.44813740 0.23346419 0.00000000
v 2.64307740 -0.04442264 0.00000000
v 2.52923211 0.06673209 0.00000000
v 2.34105942 -0.10269054 0.00000000
v 2.42855945 0.04730946 0.00000000
v 2.32788679 0.02788683 0.00000000
v 2.37163681 0.10288682 0.00000000
v 2.74132913 0.12230946 0.00000000
v 2.56198269 0.12230946 0.00000000
v 2.59473327 0.17788682 0.00000000
v 2.50506005 0.17788682 0.00000000
v 2.39374992 -0.62499999 0.00000000
v 2.48124996 -0.47499999 0.00000000
v 2.38057730 -0.49442263 0.00000000
v 2.65625003 -0.17500000 0.00000000
v 2.56874999 -0.32500000 0.00000000
v 2.59932739 -0.11942264 0.00000000
v 2.35423204 -0.23326790 0.00000000
v 2.46807733 -0.34442263 0.00000000
v 2.36740467 -0.36384526 0.00000000
v 2.39798206 -0.15826790 0.00000000
v 2.42432731 -0.41942263 0.00000000
v 2.48548210 -0.00826791 0.00000000
v 2.51182735 -0.26942263 0.00000000
v 2.54240474 -0.06384527 0.00000000
v 2.44173208 -0.08326790 0.00000000
v 2.55557737 -0.19442263 0.00000000
v 2.45490471 -0.21384527 0.00000000
v 3.18111673 -0.04442264 0.00000000
v 2.73275062 -0.04442264 0.00000000
v 2.88792500 0.06673209 0.00000000
v 3.00177029 -0.04442264 0.00000000
v 3.03452086 0.01115473 0.00000000
v 2.79825178 0.06673209 0.00000000
v 3.09144351 -0.04442264 0.00000000
v 2.61890534 0.06673209 0.00000000
v 2.91209707 -0.04442264 0.00000000
v 2.67582798 0.01115473 0.00000000
v 2.70857856 0.06673209 0.00000000
v 2.82242385 -0.04442264 0.00000000
v 2.85517442 0.01115473 0.00000000
v 2.43749994 -0.62499999 0.00000000
v 2.52499998 -0.47499999 0.00000000
v 2.52499998 -0.62499999 0.00000000
v 2.48124996 -0.54999999 0.00000000
v 2.48124996 -0.62499999 0.00000000
v 2.65625003 -0.25000000 0.00000000
v 2.65625003 -0.62499999 0.00000000
v 2.56874999 -0.39999999 0.00000000
v 2.65625003 -0.39999999 0.00000000
v 2.61250001 -0.32500000 0.00000000
v 2.56874999 -0.47499999 0.00000000
v 2.65625003 -0.32500000 0.00000000
v 2.56874999 -0.62499999 0.00000000
v 2.65625003 -0.47499999 0.00000000
v 2.61250001 -0.62499999 0.00000000
v 2.56874999 -0.54999999 0.00000000
v 2.65625003 -0.54999999 0.00000000
v 2.61250001 -0.47499999 0.00000000
v 2.63631001 0.28904155 0.00000000
v 2.92950174 0.17788682 0.00000000
v 3.12650052 0.28904155 0.00000000
v 2.78290588 0.23346419 0.00000000
v 2.88140526 0.28904155 0.00000000
v 4.76186311 -0.04442264 0.00000000
v 4.60286820 0.06673209 0.00000000
v 4.68236566 0.04932744 0.00000000
v 4.28487837 0.28904155 0.00000000
v 4.44387329 0.17788682 0.00000000
v 4.52337074 0.23682760 0.00000000
v 4.52337074 0.16048217 0.00000000
v 4.60286820 0.14307752 0.00000000
v 4.60286820 0.10490481 0.00000000
v 4.28487837 0.51807784 0.00000000
v 4.28487837 0.32721427 0.00000000
v 4.44387329 0.33057768 0.00000000
v 4.28487837 0.44173241 0.00000000
v 4.36437583 0.42432776 0.00000000
v 4.44387329 0.29240497 0.00000000
v 4.28487837 0.47990512 0.00000000
v 4.44387329 0.21605954 0.00000000
v 4.28487837 0.40355969 0.00000000
v 4.36437583 0.27163690 0.00000000
v 4.44387329 0.25423225 0.00000000
v 4.28487837 0.36538698 0.00000000
v 4.36437583 0.34798233 0.00000000
v 3.51588520 -0.04442264 0.00000000
v 3.71288398 0.06673209 0.00000000
v 3.36928934 0.01115473 0.00000000
v 4.10688153 0.28904155 0.00000000
v 3.90988275 0.17788682 0.00000000
v 3.86178628 0.28904155 0.00000000
v 3.07609761 0.12230946 0.00000000
v 3.56628811 0.12230946 0.00000000
v 3.22269347 0.06673209 0.00000000
v 3.17459700 0.17788682 0.00000000
v 3.46778873 0.06673209 0.00000000
v 3.37159577 0.28904155 0.00000000
v 3.66478750 0.17788682 0.00000000
v 3.61669102 0.28904155 0.00000000
v 3.27309638 0.23346419 0.00000000
v 3.76328689 0.23346419 0.00000000
v 3.41969225 0.17788682 0.00000000
v 4.72464216 -0.04442264 0.00000000
v 4.56564724 0.06673209 0.00000000
v 4.65020025 -0.04442264 0.00000000
v 4.64514470 0.01115473 0.00000000
v 4.68742120 -0.04442264 0.00000000
v 3.65666109 -0.04442264 0.00000000
v 3.85365987 0.06673209 0.00000000
v 3.93821287 -0.04442264 0.00000000
v 3.75516048 0.01115473 0.00000000
v 3.79743698 -0.04442264 0.00000000
v 4.24765742 0.28904155 0.00000000
v 4.33221042 0.17788682 0.00000000
v 4.32715487 0.23346419 0.00000000
v 4.14915803 0.23346419 0.00000000
v 4.50131643 -0.04442264 0.00000000
v 4.41676342 0.06673209 0.00000000
v 4.53853738 -0.04442264 0.00000000
v 4.36054054 -0.04442264 0.00000000
v 4.48614979 0.12230946 0.00000000
v 4.41170788 0.12230946 0.00000000
v 4.40665233 0.17788682 0.00000000
v 4.52842629 0.06673209 0.00000000
v 4.36943138 0.17788682 0.00000000
v 3.95215926 0.12230946 0.00000000
v 4.23371103 0.12230946 0.00000000
v 4.05065864 0.17788682 0.00000000
v 3.99443576 0.06673209 0.00000000
v 4.19143453 0.17788682 0.00000000
v 4.61297929 -0.04442264 0.00000000
v 4.45398438 0.06673209 0.00000000
v 4.57575834 -0.04442264 0.00000000
v 4.57070279 0.01115473 0.00000000
v 4.49626088 0.01115473 0.00000000
v 4.49120533 0.06673209 0.00000000
v 4.07898876 -0.04442264 0.00000000
v 4.27598754 0.06673209 0.00000000
v 4.21976465 -0.04442264 0.00000000
v 4.03671226 0.01115473 0.00000000
v 4.31826404 0.01115473 0.00000000
v 4.13521165 0.06673209 0.00000000
v 1.65000007 3.21942255 0.00000000
v 2.05000010 2.95826784 0.00000000
v 1.74932742 3.08884519 0.00000000
v 2.85000017 2.43595842 0.00000000
v 2.45000014 2.69711313 0.00000000
v 1.94798213 2.82769048 0.00000000
v 2.14932746 2.82769048 0.00000000
v 1.84865478 2.95826784 0.00000000
v 1.94932744 2.95826784 0.00000000
v 2.24596420 2.43595842 0.00000000
v 2.74932751 2.43595842 0.00000000
v 2.04730949 2.69711313 0.00000000
v 2.44730952 2.43595842 0.00000000
v 2.14663684 2.56653577 0.00000000
v 2.14798215 2.69711313 0.00000000
v 2.34663686 2.43595842 0.00000000
v 2.34932747 2.69711313 0.00000000
v 2.54798219 2.43595842 0.00000000
v 2.54932749 2.56653577 0.00000000
v 2.24865481 2.69711313 0.00000000
v 2.64865485 2.43595842 0.00000000
v 2.34798217 2.56653577 0.00000000
v 1.65000007 3.23749989 0.00000000
v 2.05000010 3.01249987 0.00000000
v 1.85000008 3.10692254 0.00000000
v 2.85000017 2.56249982 0.00000000
v 2.45000014 2.78749985 0.00000000
v 2.25000012 2.84576783 0.00000000
v 2.25000012 2.88192251 0.00000000
v 2.05000010 2.97634518 0.00000000
v 2.05000010 2.99442253 0.00000000
v 2.85000017 2.45403576 0.00000000
v 2.85000017 2.54442248 0.00000000
v 2.45000014 2.71519047 0.00000000
v 2.85000017 2.49019045 0.00000000
v 2.65000015 2.58461311 0.00000000
v 2.45000014 2.73326781 0.00000000
v 2.85000017 2.47211310 0.00000000
v 2.45000014 2.76942250 0.00000000
v 2.85000017 2.50826779 0.00000000
v 2.65000015 2.65692249 0.00000000
v 2.45000014 2.75134516 0.00000000
v 2.85000017 2.52634513 0.00000000
v 2.65000015 2.62076780 0.00000000
v 1.74674022 3.23749989 0.00000000
v 2.34022057 3.01249987 0.00000000
v 2.19049022 3.23749989 0.00000000
v 1.94674024 3.12499988 0.00000000
v 3.52718127 2.56249982 0.00000000
v 2.93370092 2.78749985 0.00000000
v 3.07799020 3.23749989 0.00000000
v 2.78397056 3.01249987 0.00000000
v 2.63424021 3.23749989 0.00000000
v 2.48723039 3.12499988 0.00000000
v 2.34674028 2.89999986 0.00000000
v 2.54022059 2.89999986 0.00000000
v 2.14674026 3.01249987 0.00000000
v 2.24348041 3.01249987 0.00000000
v 4.85299018 3.23749989 0.00000000
v 4.55897054 3.01249987 0.00000000
v 4.40924019 3.23749989 0.00000000
v 4.76741382 3.12499988 0.00000000
v 3.97093126 2.56249982 0.00000000
v 4.26495090 2.78749985 0.00000000
v 3.67419109 2.67499983 0.00000000
v 3.52174020 3.23749989 0.00000000
v 4.11522055 3.01249987 0.00000000
v 3.96549019 3.23749989 0.00000000
v 3.37473038 3.12499988 0.00000000
v 4.26223037 3.12499988 0.00000000
v 4.59626111 2.89999986 0.00000000
v 4.47339419 2.89999986 0.00000000
v 4.68183747 3.01249987 0.00000000
v 4.62040401 3.01249987 0.00000000
v 3.08071074 2.89999986 0.00000000
v 3.96821073 2.89999986 0.00000000
v 3.37745091 2.78749985 0.00000000
v 3.22772056 3.01249987 0.00000000
v 3.82120091 2.78749985 0.00000000
v 3.67147055 3.01249987 0.00000000
v 4.33953205 2.56249982 0.00000000
v 4.03236473 2.56249982 0.00000000
v 4.51068476 2.78749985 0.00000000
v 4.21666512 2.56249982 0.00000000
v 4.42510840 2.67499983 0.00000000
v 4.44925129 2.78749985 0.00000000
v 4.27809858 2.56249982 0.00000000
v 4.32638437 2.78749985 0.00000000
v 4.15523165 2.56249982 0.00000000
v 4.17937455 2.67499983 0.00000000
v 4.38781783 2.78749985 0.00000000
v 4.09379819 2.56249982 0.00000000
v 4.30224147 2.67499983 0.00000000
v 2.94674033 2.56249982 0.00000000
v 3.43044111 2.56249982 0.00000000
v 2.54674029 2.78749985 0.00000000
v 3.14022064 2.56249982 0.00000000
v 2.74674031 2.67499983 0.00000000
v 2.64348045 2.78749985 0.00000000
v 3.04348049 2.56249982 0.00000000
v 2.83696076 2.78749985 0.00000000
v 3.23696080 2.56249982 0.00000000
v 3.13370094 2.67499983 0.00000000
v 2.74022061 2.78749985 0.00000000
v 3.33370095 2.56249982 0.00000000
v 2.94022062 2.67499983 0.00000000
v 5.00000000 3.34999990 2.54999995
v 4.65000010 3.34999990 0.44999999
v 3.60000002 3.34999990 0.44999999
v 4.65000010 3.34999990 1.72499996
v 5.00000000 3.34999990 1.27499998
v 1.82500005 3.34999990 1.72499996
v 3.22500002 3.34999990 2.54999995
v 3.60000002 3.34999990 2.29999995
v 1.82500005 3.34999990 2.29999995
v 1.82500005 3.34999990 0.44999999
v 4.65000010 3.34999990 2.29999995
v 4.47500014 3.34999990 0.67499998
v 4.82500005 3.34999990 0.22499999
v 3.95000011 3.34999990 0.67499998
v 4.30000001 3.34999990 0.22499999
v 2.90000004 3.34999990 0.67499998
v 4.12500006 3.34999990 0.44999999
v 3.42500007 3.34999990 0.67499998
v 4.47500014 3.34999990 1.31249997
v 4.82500005 3.34999990 2.13749996
v 4.65000010 3.34999990 1.08749998
v 5.00000000 3.34999990 0.63749999
v 5.00000000 3.34999990 1.91249996
v 4.82500005 3.34999990 0.86249998
v 4.82500005 3.34999990 1.49999997
v 2.01250005 3.34999990 1.31249997
v 1.63750005 3.34999990 2.13749996
v 4.11250001 3.34999990 2.54999995
v 2.33750004 3.34999990 2.54999995
v 2.01250005 3.34999990 1.59999996
v 4.30000001 3.34999990 2.42499995
v 2.90000004 3.34999990 2.17499995
v 3.41250002 3.34999990 2.42499995
v 1.63750005 3.34999990 2.42499995
v 2.01250005 3.34999990 2.17499995
v 1.82500005 3.34999990 2.01249996
v 2.52500004 3.34999990 2.42499995
v 2.01250005 3.34999990 1.88749996
v 2.71250004 3.34999990 2.29999995
v 3.41250002 3.34999990 0.22499999
v 2.01250005 3.34999990 0.67499998
v 1.63750005 3.34999990 0.22499999
v 2.71250004 3.34999990 0.44999999
v 1.82500005 3.34999990 1.08749998
v 2.52500004 3.34999990 0.22499999
v 1.63750005 3.34999990 1.49999997
v 1.63750005 3.34999990 0.86249998
v 4.47500014 3.34999990 1.59999996
v 4.82500005 3.34999990 2.42499995
v 4.47500014 3.34999990 2.17499995
v 4.65000010 3.34999990 2.01249996
v 4.12500006 3.34999990 2.29999995
v 4.47500014 3.34999990 1.88749996
v 3.42500007 3.34999990 2.17499995
v 3.95000011 3.34999990 2.17499995
v 4.38750017 3.34999990 0.78749998
v 4.56250012 3.34999990 0.56249999
v 4.91250002 3.34999990 0.11250000
v 4.73750007 3.34999990 0.33749999
v 4.12500015 3.34999990 0.78749998
v 4.30000010 3.34999990 0.56249999
v 3.60000011 3.34999990 0.78749998
v 4.21250013 3.34999990 0.67499998
v 3.86250013 3.34999990 0.78749998
v 4.65000001 3.34999990 0.11250000
v 3.95000002 3.34999990 0.33749999
v 4.56250003 3.34999990 0.22499999
v 2.55000004 3.34999990 0.78749998
v 3.25000003 3.34999990 0.56249999
v 2.81250006 3.34999990 0.78749998
v 4.38750008 3.34999990 0.44999999
v 3.86250004 3.34999990 0.44999999
v 4.47500005 3.34999990 0.33749999
v 4.03750008 3.34999990 0.56249999
v 4.21250004 3.34999990 0.33749999
v 3.33750010 3.34999990 0.78749998
v 3.51250005 3.34999990 0.56249999
v 3.07500008 3.34999990 0.78749998
v 3.68750009 3.34999990 0.67499998
v 3.16250005 3.34999990 0.67499998
v 3.77500007 3.34999990 0.56249999
v 4.38750017 3.34999990 1.10624997
v 4.56250012 3.34999990 1.51874997
v 4.47500014 3.34999990 0.99374998
v 4.91250002 3.34999990 2.34374996
v 4.73750007 3.34999990 1.93124996
v 4.65000010 3.34999990 0.76874998
v 4.65000010 3.34999990 1.40624997
v 4.56250012 3.34999990 0.88124998
v 4.56250012 3.34999990 1.19999997
v 5.00000000 3.34999990 0.31874999
v 5.00000000 3.34999990 0.95624998
v 4.91250002 3.34999990 0.43124999
v 5.00000000 3.34999990 2.23124996
v 5.00000000 3.34999990 1.59374997
v 4.91250002 3.34999990 2.02499996
v 4.73750007 3.34999990 0.65624999
v 4.91250002 3.34999990 1.06874998
v 4.82500005 3.34999990 0.54374999
v 4.73750007 3.34999990 0.97499998
v 4.91250002 3.34999990 0.74999999
v 4.73750007 3.34999990 1.61249997
v 4.91250002 3.34999990 1.38749997
v 4.82500005 3.34999990 1.81874996
v 4.73750007 3.34999990 1.29374997
v 4.91250002 3.34999990 1.70624997
v 4.82500005 3.34999990 1.18124998
v 2.10625005 3.34999990 1.10624997
v 1.91875005 3.34999990 1.51874997
v 1.54375005 3.34999990 2.34374996
v 1.73125005 3.34999990 1.93124996
v 4.55625001 3.34999990 2.54999995
v 3.66875002 3.34999990 2.54999995
v 1.89375004 3.34999990 2.54999995
v 2.78125003 3.34999990 2.54999995
v 2.10625005 3.34999990 1.24999997
v 1.91875005 3.34999990 1.66249996
v 2.10625005 3.34999990 1.53749996
v 2.01250005 3.34999990 1.45624997
v 2.10625005 3.34999990 1.39374997
v 4.65000001 3.34999990 2.48749995
v 3.95000002 3.34999990 2.36249995
v 4.20625001 3.34999990 2.48749995
v 2.55000004 3.34999990 2.11249995
v 3.25000003 3.34999990 2.23749995
v 3.31875002 3.34999990 2.48749995
v 3.50625002 3.34999990 2.36249995
v 3.76250002 3.34999990 2.48749995
v 3.85625002 3.34999990 2.42499995
v 1.54375005 3.34999990 2.48749995
v 1.73125005 3.34999990 2.36249995
v 1.63750005 3.34999990 2.28124996
v 1.98750004 3.34999990 2.48749995
v 2.10625005 3.34999990 2.11249995
v 1.91875005 3.34999990 2.23749995
v 2.10625005 3.34999990 1.96874996
v 2.45625004 3.34999990 2.17499995
v 1.82500005 3.34999990 1.86874996
v 1.82500005 3.34999990 2.15624996
v 1.73125005 3.34999990 2.07499996
v 1.91875005 3.34999990 1.80624996
v 1.73125005 3.34999990 2.21874996
v 2.87500003 3.34999990 2.48749995
v 2.17500004 3.34999990 2.36249995
v 2.43125004 3.34999990 2.48749995
v 2.96875003 3.34999990 2.42499995
v 2.08125004 3.34999990 2.42499995
v 2.10625005 3.34999990 1.68124996
v 1.91875005 3.34999990 2.09374996
v 2.10625005 3.34999990 1.82499996
v 2.01250005 3.34999990 1.74374996
v 2.01250005 3.34999990 2.03124996
v 1.91875005 3.34999990 1.94999996
v 3.15625003 3.34999990 2.29999995
v 2.26875004 3.34999990 2.29999995
v 2.80625004 3.34999990 2.23749995
v 3.06250003 3.34999990 2.36249995
v 2.36250004 3.34999990 2.23749995
v 2.61875004 3.34999990 2.36249995
v 4.20625001 3.34999990 0.11250000
v 3.50625002 3.34999990 0.33749999
v 3.31875002 3.34999990 0.11250000
v 3.85625002 3.34999990 0.22499999
v 3.76250002 3.34999990 0.11250000
v 2.10625005 3.34999990 0.78749998
v 1.91875005 3.34999990 0.56249999
v 2.45625004 3.34999990 0.67499998
v 2.01250005 3.34999990 0.99374998
v 1.54375005 3.34999990 0.11250000
v 1.73125005 3.34999990 0.33749999
v 1.98750004 3.34999990 0.11250000
v 3.15625003 3.34999990 0.44999999
v 2.26875004 3.34999990 0.44999999
v 2.80625004 3.34999990 0.56249999
v 3.06250003 3.34999990 0.33749999
v 2.36250004 3.34999990 0.56249999
v 1.82500005 3.34999990 1.40624997
v 1.82500005 3.34999990 0.76874998
v 1.91875005 3.34999990 1.19999997
v 1.91875005 3.34999990 0.88124998
v 2.87500003 3.34999990 0.11250000
v 2.17500004 3.34999990 0.33749999
v 2.43125004 3.34999990 0.11250000
v 2.96875003 3.34999990 0.22499999
v 2.08125004 3.34999990 0.22499999
v 2.61875004 3.34999990 0.33749999
v 1.54375005 3.34999990 2.02499996
v 1.54375005 3.34999990 0.43124999
v 1.73125005 3.34999990 1.61249997
v 1.54375005 3.34999990 1.38749997
v 1.63750005 3.34999990 1.81874996
v 1.73125005 3.34999990 1.29374997
v 1.54375005 3.34999990 1.70624997
v 1.73125005 3.34999990 0.65624999
v 1.54375005 3.34999990 1.06874998
v 1.63750005 3.34999990 0.54374999
v 1.73125005 3.34999990 0.97499998
v 1.54375005 3.34999990 0.74999999
v 1.63750005 3.34999990 1.18124998
v 4.38750017 3.34999990 1.24999997
v 4.56250012 3.34999990 1.66249996
v 4.38750017 3.34999990 1.53749996
v 4.47500014 3.34999990 1.45624997
v 4.38750017 3.34999990 1.39374997
v 4.91250002 3.34999990 2.48749995
v 4.73750007 3.34999990 2.36249995
v 4.82500005 3.34999990 2.28124996
v 4.56250003 3.34999990 2.42499995
v 4.38750017 3.34999990 2.11249995
v 4.56250012 3.34999990 2.23749995
v 4.38750017 3.34999990 1.96874996
v 4.65000010 3.34999990 1.86874996
v 4.65000010 3.34999990 2.15624996
v 4.73750007 3.34999990 2.07499996
v 4.56250012 3.34999990 1.80624996
v 4.73750007 3.34999990 2.21874996
v 3.86250004 3.34999990 2.29999995
v 4.38750008 3.34999990 2.29999995
v 4.21250004 3.34999990 2.36249995
v 4.47500005 3.34999990 2.36249995
v 4.38750017 3.34999990 1.68124996
v 4.56250012 3.34999990 2.09374996
v 4.38750017 3.34999990 1.82499996
v 4.47500014 3.34999990 1.74374996
v 4.47500014 3.34999990 2.03124996
v 4.56250012 3.34999990 1.94999996
v 2.81250006 3.34999990 2.11249995
v 4.12500015 3.34999990 2.11249995
v 3.51250005 3.34999990 2.23749995
v 3.33750010 3.34999990 2.11249995
v 3.16250005 3.34999990 2.17499995
v 3.77500007 3.34999990 2.23749995
v 3.07500008 3.34999990 2.11249995
v 4.30000010 3.34999990 2.23749995
v 3.60000011 3.34999990 2.11249995
v 4.21250013 3.34999990 2.17499995
v 4.03750008 3.34999990 2.23749995
v 3.86250013 3.34999990 2.11249995
v 3.68750009 3.34999990 2.17499995
v 4.19180000 0.35034063 2.54999995
v 2.41680002 0.35034063 2.54999995
v 2.36009896 0.36876395 2.54999995
v 2.36009896 2.39376390 2.54999995
v 2.36009896 2.45338297 2.54999995
v 2.41680002 2.47180629 2.54999995
v 4.22684324 0.39857349 2.54999995
v 5.00000000 1.32499996 2.54999995
v 4.19180000 2.47180629 2.54999995
v 4.22684324 2.42357343 2.54999995
v 4.59590000 -0.17482968 2.54999995
v 3.78770000 0.87551095 2.54999995
v 3.70840001 -0.17482968 2.54999995
v 2.90020001 0.87551095 2.54999995
v 1.93340003 -0.17482968 2.54999995
v 3.30430001 0.35034063 2.54999995
v 2.82090002 -0.17482968 2.54999995
v 2.87184948 0.88472261 2.54999995
v 1.90504950 -0.16561802 2.54999995
v 2.81514841 0.90314592 2.54999995
v 2.38844949 0.35955229 2.54999995
v 2.84349895 0.89393426 2.54999995
v 1.90504950 0.84688196 2.54999995
v 2.81514841 1.91564590 2.54999995
v 1.90504950 2.87188190 2.54999995
v 2.36009896 1.38126393 2.54999995
v 1.90504950 1.85938193 2.54999995
v 2.81514841 1.94545543 2.54999995
v 1.90504950 2.90169144 2.54999995
v 2.81514841 2.00507450 2.54999995
v 2.36009896 2.42357343 2.54999995
v 2.81514841 1.97526497 2.54999995
v 1.93340003 2.91090310 2.54999995
v 2.90020001 2.03270948 2.54999995
v 2.38844949 2.46259463 2.54999995
v 2.84349895 2.01428616 2.54999995
v 2.87184948 2.02349782 2.54999995
v 4.61342162 -0.15071325 2.54999995
v 3.84026486 0.94786023 2.54999995
v 4.20932162 0.37445706 2.54999995
v 3.80522162 0.89962737 2.54999995
v 3.82274324 0.92374380 2.54999995
v 5.00000000 0.31249999 2.54999995
v 5.00000000 2.33749993 2.54999995
v 4.61342162 0.86178672 2.54999995
v 2.82090002 2.91090310 2.54999995
v 3.78770000 2.03270948 2.54999995
v 4.59590000 2.91090310 2.54999995
v 3.30430001 2.47180629 2.54999995
v 3.80522162 2.00859305 2.54999995
v 3.70840001 2.91090310 2.54999995
v 3.84026486 1.96036020 2.54999995
v 4.61342162 2.88678667 2.54999995
v 4.22684324 1.41107346 2.54999995
v 3.82274324 1.98447663 2.54999995
v 4.61342162 1.87428670 2.54999995
v 4.20932162 2.44768986 2.54999995
v 4.79795000 -0.43741483 2.54999995
v 4.39385000 0.08775548 2.54999995
v 3.58565000 1.13809610 2.54999995
v 3.98975000 0.61292579 2.54999995
v 4.35420001 -0.43741483 2.54999995
v 3.95010000 0.08775548 2.54999995
v 3.46670002 -0.43741483 2.54999995
v 4.15215001 -0.17482968 2.54999995
v 3.91045001 -0.43741483 2.54999995
v 3.14190000 1.13809610 2.54999995
v 2.65850002 0.61292579 2.54999995
v 3.34395000 0.87551095 2.54999995
v 1.69170004 -0.43741483 2.54999995
v 2.17510003 0.08775548 2.54999995
v 2.13545004 -0.43741483 2.54999995
v 3.74805000 0.35034063 2.54999995
v 2.86055002 0.35034063 2.54999995
v 3.54600000 0.61292579 2.54999995
v 3.50635001 0.08775548 2.54999995
v 3.10225001 0.61292579 2.54999995
v 3.02295002 -0.43741483 2.54999995
v 2.61885002 0.08775548 2.54999995
v 2.57920003 -0.43741483 2.54999995
v 3.26465002 -0.17482968 2.54999995
v 2.37715003 -0.17482968 2.54999995
v 3.06260002 0.08775548 2.54999995
v 3.12772474 1.14270193 2.54999995
v 2.64432475 0.61753162 2.54999995
v 3.09937420 1.15191359 2.54999995
v 2.88602474 0.88011678 2.54999995
v 3.11354947 1.14730776 2.54999995
v 1.67752478 -0.43280900 2.54999995
v 2.13257423 0.10157297 2.54999995
v 1.91922477 -0.17022385 2.54999995
v 3.04267314 1.17033691 2.54999995
v 2.58762369 0.63595494 2.54999995
v 3.05684841 1.16573108 2.54999995
v 2.40262476 0.35494646 2.54999995
v 2.37427422 0.36415812 2.54999995
v 2.16092476 0.09236131 2.54999995
v 2.63014948 0.62213745 2.54999995
v 2.14674950 0.09696714 2.54999995
v 3.08519894 1.15651942 2.54999995
v 2.60179895 0.63134911 2.54999995
v 3.07102367 1.16112525 2.54999995
v 2.85767421 0.88932844 2.54999995
v 2.82932368 0.89854009 2.54999995
v 2.61597422 0.62674328 2.54999995
v 1.67752478 0.07344098 2.54999995
v 2.13257423 0.60782295 2.54999995
v 1.67752478 1.08594096 2.54999995
v 1.90504950 0.34063197 2.54999995
v 1.67752478 0.57969097 2.54999995
v 3.04267314 1.67658690 2.54999995
v 2.58762369 2.15470490 2.54999995
v 2.81514841 1.40939591 2.54999995
v 1.67752478 3.11094090 2.54999995
v 2.13257423 2.63282290 2.54999995
v 1.67752478 2.60469092 2.54999995
v 2.36009896 0.87501394 2.54999995
v 2.36009896 1.88751391 2.54999995
v 2.58762369 1.14220493 2.54999995
v 2.13257423 1.11407294 2.54999995
v 2.58762369 1.64845491 2.54999995
v 1.67752478 1.59219094 2.54999995
v 2.13257423 2.12657291 2.54999995
v 1.67752478 2.09844093 2.54999995
v 1.90504950 1.35313194 2.54999995
v 1.90504950 2.36563192 2.54999995
v 2.13257423 1.62032293 2.54999995
v 3.04267314 1.69149166 2.54999995
v 2.58762369 2.16960967 2.54999995
v 3.04267314 1.72130120 2.54999995
v 2.81514841 1.93055066 2.54999995
v 3.04267314 1.70639643 2.54999995
v 1.67752478 3.12584567 2.54999995
v 2.13257423 2.67753720 2.54999995
v 1.90504950 2.88678667 2.54999995
v 3.04267314 1.78092027 2.54999995
v 2.58762369 2.22922873 2.54999995
v 3.04267314 1.76601550 2.54999995
v 2.36009896 2.40866867 2.54999995
v 2.36009896 2.43847820 2.54999995
v 2.13257423 2.64772767 2.54999995
v 2.58762369 2.18451443 2.54999995
v 2.13257423 2.66263244 2.54999995
v 3.04267314 1.73620597 2.54999995
v 2.58762369 2.21432397 2.54999995
v 3.04267314 1.75111073 2.54999995
v 2.81514841 1.96036020 2.54999995
v 2.81514841 1.99016973 2.54999995
v 2.58762369 2.19941920 2.54999995
v 1.69170004 3.13045150 2.54999995
v 2.17510003 2.69135469 2.54999995
v 1.91922477 2.90629727 2.54999995
v 3.14190000 1.81316108 2.54999995
v 2.65850002 2.25225788 2.54999995
v 2.37427422 2.45798880 2.54999995
v 2.40262476 2.46720046 2.54999995
v 2.14674950 2.68214303 2.54999995
v 2.16092476 2.68674886 2.54999995
v 3.05684841 1.78552610 2.54999995
v 3.12772474 1.80855525 2.54999995
v 2.60179895 2.23383456 2.54999995
v 3.08519894 1.79473776 2.54999995
v 2.82932368 2.00968033 2.54999995
v 2.61597422 2.23844039 2.54999995
v 3.07102367 1.79013193 2.54999995
v 2.64432475 2.24765205 2.54999995
v 3.09937420 1.79934359 2.54999995
v 2.88602474 2.02810365 2.54999995
v 2.63014948 2.24304622 2.54999995
v 3.11354947 1.80394942 2.54999995
v 2.85767421 2.01889199 2.54999995
v 4.80671081 -0.42535662 2.54999995
v 4.42013243 0.12393012 2.54999995
v 4.60466081 -0.16277146 2.54999995
v 3.64697567 1.22250360 2.54999995
v 4.03355405 0.67321686 2.54999995
v 4.20056081 0.36239885 2.54999995
v 4.21808243 0.38651527 2.54999995
v 4.40261081 0.09981369 2.54999995
v 4.41137162 0.11187191 2.54999995
v 3.59441081 1.15015431 2.54999995
v 3.63821486 1.21044538 2.54999995
v 3.99851081 0.62498400 2.54999995
v 3.61193243 1.17427074 2.54999995
v 3.79646081 0.88756916 2.54999995
v 4.00727162 0.63704222 2.54999995
v 3.60317162 1.16221253 2.54999995
v 4.02479324 0.66115864 2.54999995
v 3.62069324 1.18632895 2.54999995
v 3.83150405 0.93580201 2.54999995
v 4.01603243 0.64910043 2.54999995
v 3.62945405 1.19838717 2.54999995
v 3.81398243 0.91168559 2.54999995
v 5.00000000 -0.19375000 2.54999995
v 5.00000000 0.81874997 2.54999995
v 4.80671081 0.08089337 2.54999995
v 5.00000000 2.84374992 2.54999995
v 5.00000000 1.83124994 2.54999995
v 4.42013243 0.63018011 2.54999995
v 4.80671081 1.09339334 2.54999995
v 4.61342162 0.35553674 2.54999995
v 4.80671081 0.58714335 2.54999995
v 2.13545004 3.13045150 2.54999995
v 2.61885002 2.69135469 2.54999995
v 3.02295002 3.13045150 2.54999995
v 2.37715003 2.91090310 2.54999995
v 2.57920003 3.13045150 2.54999995
v 3.58565000 1.81316108 2.54999995
v 3.98975000 2.25225788 2.54999995
v 3.34395000 2.03270948 2.54999995
v 3.59441081 1.80110286 2.54999995
v 4.79795000 3.13045150 2.54999995
v 4.39385000 2.69135469 2.54999995
v 4.35420001 3.13045150 2.54999995
v 2.86055002 2.47180629 2.54999995
v 3.74805000 2.47180629 2.54999995
v 3.10225001 2.25225788 2.54999995
v 3.06260002 2.69135469 2.54999995
v 3.54600000 2.25225788 2.54999995
v 3.61193243 1.77698644 2.54999995
v 3.99851081 2.24019967 2.54999995
v 3.60317162 1.78904465 2.54999995
v 3.79646081 2.02065127 2.54999995
v 3.46670002 3.13045150 2.54999995
v 3.95010000 2.69135469 2.54999995
v 3.91045001 3.13045150 2.54999995
v 3.26465002 2.91090310 2.54999995
v 4.15215001 2.91090310 2.54999995
v 3.50635001 2.69135469 2.54999995
v 3.64697567 1.72875358 2.54999995
v 4.03355405 2.19196682 2.54999995
v 3.84026486 1.45411021 2.54999995
v 3.63821486 1.74081179 2.54999995
v 4.80671081 3.11839329 2.54999995
v 4.42013243 2.65518005 2.54999995
v 4.80671081 2.61214330 2.54999995
v 4.60466081 2.89884488 2.54999995
v 4.22684324 0.90482347 2.54999995
v 4.22684324 1.91732345 2.54999995
v 4.03355405 1.17946684 2.54999995
v 4.42013243 1.13643009 2.54999995
v 4.03355405 1.68571683 2.54999995
v 3.62069324 1.76492822 2.54999995
v 4.02479324 2.20402503 2.54999995
v 3.62945405 1.75287001 2.54999995
v 3.81398243 1.99653484 2.54999995
v 3.83150405 1.97241841 2.54999995
v 4.80671081 1.59964333 2.54999995
v 4.42013243 2.14893007 2.54999995
v 4.80671081 2.10589331 2.54999995
v 4.61342162 1.36803671 2.54999995
v 4.61342162 2.38053668 2.54999995
v 4.42013243 1.64268008 2.54999995
v 4.20056081 2.45974807 2.54999995
v 4.21808243 2.43563165 2.54999995
v 4.40261081 2.67929648 2.54999995
v 4.00727162 2.22814146 2.54999995
v 4.41137162 2.66723827 2.54999995
v 4.01603243 2.21608324 2.54999995
v 5.00000000 0.27500032 0.42500019
v 5.00000000 0.27500032 0.61388908
v 5.00000000 3.09999967 0.05000000
v 5.00000000 3.09999967 0.08333341
v 5.00000000 2.52499962 0.69999999
v 5.00000000 2.52499962 0.40000001
v 5.00000000 3.09999967 0.25000000
v 5.00000000 2.64999962 0.69999999
v 5.00000000 2.89999986 1.72499996
v 5.00000000 3.09999967 1.52499998
v 5.00000000 0.27500032 0.63888888
v 5.00000000 0.27500032 1.20555568
v 5.00000000 0.07499954 0.05000000
v 5.00000000 0.44999986 0.05000000
v 5.00000000 0.07499954 0.15000001
v 5.00000000 0.44999986 0.57500020
v 5.00000000 -0.47499990 2.27499998
v 5.00000000 0.27500032 1.35833347
v 5.00000000 0.31470586 1.35833347
v 5.00000000 2.83749998 2.21875000
v 5.00000000 2.83749998 2.41250002
v 5.00000000 2.32500005 2.08125007
v 5.00000000 2.06617635 1.19999999
v 5.00000000 1.20588231 1.19999999
v 5.00000000 1.00367644 1.69375002
v 5.00000000 2.31139708 2.08125007
v 5.00000000 1.99007350 1.69375002
v 5.00000000 2.38749993 1.19999999
v 5.00000000 2.83749998 2.02499998
v 5.00000000 2.32500005 1.69375002
v 5.00000000 2.31139708 1.69375002
v 5.00000000 2.64999962 0.05000000
v 5.00000000 0.11249999 1.65833348
v 5.00000000 0.52720585 1.19999999
v 5.00000000 0.32499999 1.69375002
v 5.00000000 -0.46176472 2.27499998
v 5.00000000 0.11249999 1.67870367
v 5.00000000 -0.39999999 2.27499998
v 5.00000000 0.11249999 1.94375002
v 5.00000000 0.11249999 1.75000000
v 5.00000000 2.48750031 2.41250002
v 5.00000000 0.46250036 2.41250002
v 5.00000000 0.97500035 2.08125007
v 5.00000000 1.96139741 2.08125007
v 5.00000000 0.76250036 2.13750005
v 5.00000000 -0.18750000 2.41250002
v 5.00000000 0.11249999 2.13750005
v 5.00000000 3.09999967 0.15000001
v 5.00000000 0.08750016 0.21250010
v 5.00000000 0.46250047 0.63750029
v 5.00000000 0.08750016 0.30694454
v 5.00000000 0.46250047 0.73194473
v 5.00000000 0.08750016 0.49583343
v 5.00000000 0.27500032 0.51944464
v 5.00000000 0.08750016 0.40138899
v 5.00000000 2.97499955 0.07500000
v 5.00000000 3.22499979 0.02500000
v 5.00000000 2.97499955 0.09166671
v 5.00000000 3.22499979 0.04166671
v 5.00000000 2.97499955 0.12500012
v 5.00000000 3.09999967 0.06666671
v 5.00000000 2.97499955 0.10833341
v 5.00000000 2.56249952 0.59999999
v 5.00000000 2.48749971 0.79999998
v 5.00000000 2.56249952 0.45000000
v 5.00000000 2.48749971 0.35000001
v 5.00000000 2.52499962 0.55000000
v 5.00000000 2.48749971 0.64999999
v 5.00000000 2.48749971 0.50000000
v 5.00000000 3.22499979 0.12500000
v 5.00000000 2.97499955 0.37500000
v 5.00000000 2.62499952 0.59999999
v 5.00000000 2.54999971 0.79999998
v 5.00000000 2.74999952 0.59999999
v 5.00000000 2.58749962 0.69999999
v 5.00000000 2.68749952 0.59999999
v 5.00000000 3.22499979 0.76249999
v 5.00000000 2.67499983 1.31249997
v 5.00000000 3.12499988 2.13749996
v 5.00000000 2.77499974 1.21249998
v 5.00000000 2.97499955 1.01249999
v 5.00000000 3.22499979 2.03749996
v 5.00000000 3.09999967 0.88749999
v 5.00000000 2.87499964 1.11249998
v 5.00000000 3.22499979 1.39999998
v 5.00000000 2.99999976 1.62499997
v 5.00000000 0.46250047 0.74444463
v 5.00000000 0.08750016 0.50833333
v 5.00000000 0.46250047 0.76944443
v 5.00000000 0.27500032 0.62638898
v 5.00000000 0.46250047 0.75694453
v 5.00000000 0.08750016 0.79166673
v 5.00000000 0.46250047 1.05277783
v 5.00000000 0.08750016 1.35833353
v 5.00000000 0.27500032 0.92222228
v 5.00000000 0.08750016 1.07500013
v 5.00000000 -0.01250023 0.02500000
v 5.00000000 0.16249932 0.07500000
v 5.00000000 0.17499993 0.02500000
v 5.00000000 0.55000025 0.02500000
v 5.00000000 0.34999948 0.07500000
v 5.00000000 0.36250009 0.02500000
v 5.00000000 0.55000025 0.05000000
v 5.00000000 0.26249970 0.05000000
v 5.00000000 0.55000025 0.07500000
v 5.00000000 0.44999986 0.07500000
v 5.00000000 -0.01250023 0.07500000
v 5.00000000 0.16249932 0.22500001
v 5.00000000 0.17499993 0.28750010
v 5.00000000 0.07499954 0.10000000
v 5.00000000 0.55000025 0.71250029
v 5.00000000 0.34999948 0.43750010
v 5.00000000 0.36250009 0.50000019
v 5.00000000 0.26249970 0.36250010
v 5.00000000 0.16249932 0.12500000
v 5.00000000 0.16249932 0.17500001
v 5.00000000 0.55000025 0.57500020
v 5.00000000 0.44999986 0.43750010
v 5.00000000 0.55000025 0.43750010
v 5.00000000 -0.36249986 2.13749999
v 5.00000000 -0.58749995 2.41249996
v 5.00000000 -0.47499990 2.13749999
v 5.00000000 -0.58749995 2.27499998
v 5.00000000 -0.58749995 2.13749999
v 5.00000000 0.46250047 1.12916672
v 5.00000000 0.08750016 1.58750021
v 5.00000000 0.27500032 1.28194457
v 5.00000000 0.08750016 1.43472242
v 5.00000000 0.08750016 1.51111132
v 5.00000000 0.48235325 1.12916672
v 5.00000000 0.10735293 1.58750021
v 5.00000000 0.52205879 1.12916672
v 5.00000000 0.29485309 1.35833347
v 5.00000000 0.50220602 1.12916672
v 5.00000000 3.09374994 2.38437498
v 5.00000000 2.58125001 2.05312502
v 5.00000000 3.09374994 2.48124999
v 5.00000000 2.58125001 2.34375006
v 5.00000000 2.83749998 2.31562501
v 5.00000000 2.32500005 1.98437506
v 5.00000000 2.32500005 2.17812508
v 5.00000000 2.58125001 2.15000004
v 5.00000000 2.58125001 2.24687505
v 5.00000000 2.25808808 1.04999998
v 5.00000000 1.87426463 1.34999999
v 5.00000000 1.82794106 1.04999998
v 5.00000000 0.96764702 1.04999998
v 5.00000000 1.44411761 1.34999999
v 5.00000000 1.39779404 1.04999998
v 5.00000000 1.63602933 1.19999999
v 5.00000000 0.66433822 1.79062504
v 5.00000000 1.34301467 1.59687501
v 5.00000000 2.31819856 1.98437506
v 5.00000000 2.31819856 2.17812508
v 5.00000000 2.30459559 1.98437506
v 5.00000000 2.31819856 2.08125007
v 5.00000000 2.31139708 1.98437506
v 5.00000000 1.15753675 1.79062504
v 5.00000000 1.83621320 1.59687501
v 5.00000000 2.14393380 1.79062504
v 5.00000000 1.49687497 1.69375002
v 5.00000000 1.65073527 1.79062504
v 5.00000000 2.41874987 1.04999998
v 5.00000000 2.35624999 1.34999999
v 5.00000000 2.64374989 1.46249998
v 5.00000000 2.22683814 1.19999999
v 5.00000000 3.09374994 2.28749996
v 5.00000000 2.58125001 1.76249999
v 5.00000000 2.86874992 1.87499997
v 5.00000000 2.83749998 2.12187499
v 5.00000000 2.61249995 1.61249998
v 5.00000000 2.32500005 1.79062504
v 5.00000000 2.32500005 1.59687501
v 5.00000000 2.58125001 1.95625001
v 5.00000000 2.31819856 1.79062504
v 5.00000000 2.58125001 1.85937500
v 5.00000000 2.03492641 1.34999999
v 5.00000000 1.99687499 1.59687501
v 5.00000000 2.19558820 1.34999999
v 5.00000000 2.30459559 1.79062504
v 5.00000000 2.31819856 1.59687501
v 5.00000000 2.31139708 1.79062504
v 5.00000000 2.15073529 1.69375002
v 5.00000000 2.31819856 1.69375002
v 5.00000000 2.15753677 1.59687501
v 5.00000000 2.74999952 0.07500000
v 5.00000000 2.54999971 0.02500000
v 5.00000000 2.87499964 0.05000000
v 5.00000000 2.64999962 0.07500000
v 5.00000000 2.99999976 0.02500000
v 5.00000000 2.77499974 0.02500000
v 5.00000000 2.54999971 0.07500000
v 5.00000000 2.54999971 0.05000000
v 5.00000000 0.00625000 1.73750022
v 5.00000000 0.21874999 1.57916674
v 5.00000000 0.21360293 1.50833347
v 5.00000000 0.62830879 1.04999998
v 5.00000000 0.42610292 1.34999999
v 5.00000000 0.42095586 1.27916673
v 5.00000000 0.86654408 1.19999999
v 5.00000000 0.31985292 1.42916673
v 5.00000000 0.32499999 1.79062504
v 5.00000000 0.32499999 1.59687501
v 5.00000000 0.66433822 1.69375002
v 5.00000000 1.10477938 1.34999999
v 5.00000000 1.00367644 1.59687501
v 5.00000000 0.76544115 1.34999999
v 5.00000000 0.66433822 1.59687501
v 5.00000000 -0.35588227 2.13749999
v 5.00000000 -0.58088236 2.41249996
v 5.00000000 -0.34264709 2.13749999
v 5.00000000 -0.46838231 2.27499998
v 5.00000000 -0.34926468 2.13749999
v 5.00000000 0.00625000 1.74768531
v 5.00000000 0.21874999 1.58935183
v 5.00000000 0.00625000 1.76805550
v 5.00000000 0.11249999 1.66851857
v 5.00000000 0.00625000 1.75787041
v 5.00000000 -0.54999999 2.41249996
v 5.00000000 -0.25000000 2.13749999
v 5.00000000 -0.43088236 2.27499998
v 5.00000000 0.21874999 1.91562504
v 5.00000000 0.00625000 1.97187501
v 5.00000000 0.21874999 1.81875002
v 5.00000000 0.21874999 1.62500000
v 5.00000000 0.00625000 1.87500000
v 5.00000000 0.21874999 1.72187501
v 5.00000000 0.11249999 1.71435183
v 5.00000000 0.11249999 1.84687501
v 5.00000000 -0.31176473 2.13749999
v 5.00000000 -0.28088236 2.13749999
v 5.00000000 0.00625000 1.80370367
v 5.00000000 0.00625000 1.83935183
v 5.00000000 2.91875011 2.48124999
v 5.00000000 2.05625051 2.34375006
v 5.00000000 1.90625013 2.48124999
v 5.00000000 2.66250014 2.41250002
v 5.00000000 -0.11874981 2.48124999
v 5.00000000 1.04375054 2.34375006
v 5.00000000 0.89375016 2.48124999
v 5.00000000 1.47500034 2.41250002
v 5.00000000 2.40625018 2.34375006
v 5.00000000 2.14319873 2.17812508
v 5.00000000 2.23125035 2.34375006
v 5.00000000 0.65000017 1.98437506
v 5.00000000 1.30000053 2.17812508
v 5.00000000 1.14319870 1.98437506
v 5.00000000 0.54375017 2.01250005
v 5.00000000 2.12959576 1.98437506
v 5.00000000 1.79319906 2.17812508
v 5.00000000 2.13639724 2.08125007
v 5.00000000 1.63639723 1.98437506
v 5.00000000 1.96819890 2.17812508
v 5.00000000 1.46819888 2.08125007
v 5.00000000 0.33125018 2.06875002
v 5.00000000 1.19375054 2.20625007
v 5.00000000 0.43750018 2.04062504
v 5.00000000 0.86875035 2.10937506
v 5.00000000 -0.44374999 2.48124999
v 5.00000000 0.06874999 2.34375006
v 5.00000000 -0.29375000 2.34375000
v 5.00000000 0.13750018 2.41250002
v 5.00000000 0.00625000 2.06875002
v 5.00000000 0.21874999 2.20625007
v 5.00000000 -0.14375000 2.20625001
v 5.00000000 0.43750018 2.13750005
v 5.00000000 -0.03750000 2.27500004
v 5.00000000 0.71875036 2.34375006
v 5.00000000 0.86875035 2.20625007
v 5.00000000 0.39375018 2.34375006
v 5.00000000 0.54375017 2.20625007
v 5.00000000 3.22499979 0.07500000
v 5.00000000 2.97499955 0.22500001
v 5.00000000 3.09999967 0.11666671
v 5.00000000 3.09999967 0.20000000
v 5.00000000 2.97499955 0.15833341
v 5.00000000 2.97499955 0.19166671
v 5.00000000 2.97499955 0.32500000
v 5.00000000 2.97499955 0.27500001
v 5.00000000 2.56249952 0.40000001
v 5.00000000 2.52499962 0.35000001
v 5.00000000 2.56249952 0.35000001
v 5.00000000 -0.00624992 0.10625005
v 5.00000000 0.18125024 0.31875014
v 5.00000000 0.55625055 0.74375033
v 5.00000000 0.36875039 0.53125024
v 5.00000000 -0.00624992 0.15347227
v 5.00000000 0.18125024 0.36597237
v 5.00000000 -0.00624992 0.24791672
v 5.00000000 0.08750016 0.25972232
v 5.00000000 -0.00624992 0.20069449
v 5.00000000 0.55625055 0.79097256
v 5.00000000 0.36875039 0.67291691
v 5.00000000 0.46250047 0.68472251
v 5.00000000 -0.00624992 0.43680561
v 5.00000000 0.18125024 0.55486126
v 5.00000000 -0.00624992 0.38958339
v 5.00000000 0.27500032 0.47222241
v 5.00000000 0.27500032 0.56666686
v 5.00000000 0.36875039 0.57847246
v 5.00000000 0.18125024 0.41319459
v 5.00000000 0.36875039 0.62569468
v 5.00000000 -0.00624992 0.29513894
v 5.00000000 0.18125024 0.50763904
v 5.00000000 -0.00624992 0.34236116
v 5.00000000 0.08750016 0.35416676
v 5.00000000 0.08750016 0.44861121
v 5.00000000 0.18125024 0.46041681
v 5.00000000 2.91249949 0.08750000
v 5.00000000 3.03749961 0.06250000
v 5.00000000 3.28749985 0.01250000
v 5.00000000 3.16249973 0.03750000
v 5.00000000 2.91249949 0.09583335
v 5.00000000 3.03749961 0.07083335
v 5.00000000 2.91249949 0.11250006
v 5.00000000 2.97499955 0.08333335
v 5.00000000 2.91249949 0.10416671
v 5.00000000 3.28749985 0.02083335
v 5.00000000 3.16249973 0.06250006
v 5.00000000 3.22499979 0.03333335
v 5.00000000 2.91249949 0.14583347
v 5.00000000 3.03749961 0.10416676
v 5.00000000 2.91249949 0.13750012
v 5.00000000 3.09999967 0.05833335
v 5.00000000 3.09999967 0.07500006
v 5.00000000 3.16249973 0.04583335
v 5.00000000 3.03749961 0.07916671
v 5.00000000 3.16249973 0.05416671
v 5.00000000 2.91249949 0.12083341
v 5.00000000 3.03749961 0.09583341
v 5.00000000 2.91249949 0.12916676
v 5.00000000 2.97499955 0.10000006
v 5.00000000 2.97499955 0.11666676
v 5.00000000 3.03749961 0.08750006
v 5.00000000 2.58124948 0.55000000
v 5.00000000 2.54374957 0.64999999
v 5.00000000 2.46874976 0.84999998
v 5.00000000 2.50624967 0.74999999
v 5.00000000 2.58124948 0.47500000
v 5.00000000 2.54374957 0.42500000
v 5.00000000 2.56249952 0.52500000
v 5.00000000 2.46874976 0.32500001
v 5.00000000 2.50624967 0.37500001
v 5.00000000 2.52499962 0.62499999
v 5.00000000 2.52499962 0.47500000
v 5.00000000 2.54374957 0.57500000
v 5.00000000 2.54374957 0.50000000
v 5.00000000 2.46874976 0.77499998
v 5.00000000 2.46874976 0.40000001
v 5.00000000 2.50624967 0.67499999
v 5.00000000 2.46874976 0.62499999
v 5.00000000 2.48749971 0.72499999
v 5.00000000 2.50624967 0.59999999
v 5.00000000 2.46874976 0.69999999
v 5.00000000 2.50624967 0.45000000
v 5.00000000 2.46874976 0.55000000
v 5.00000000 2.48749971 0.42500000
v 5.00000000 2.50624967 0.52500000
v 5.00000000 2.46874976 0.47500000
v 5.00000000 2.48749971 0.57500000
v 5.00000000 3.28749985 0.06250000
v 5.00000000 3.16249973 0.18750000
v 5.00000000 2.91249949 0.43750000
v 5.00000000 3.03749961 0.31250000
v 5.00000000 2.61249948 0.55000000
v 5.00000000 2.57499957 0.64999999
v 5.00000000 2.67499948 0.55000000
v 5.00000000 2.59374952 0.59999999
v 5.00000000 2.64374948 0.55000000
v 5.00000000 2.49999976 0.84999998
v 5.00000000 2.59999967 0.74999999
v 5.00000000 2.51874971 0.79999998
v 5.00000000 2.79999948 0.55000000
v 5.00000000 2.69999957 0.64999999
v 5.00000000 2.76874948 0.55000000
v 5.00000000 2.55624962 0.69999999
v 5.00000000 2.61874962 0.69999999
v 5.00000000 2.53749967 0.74999999
v 5.00000000 2.60624957 0.64999999
v 5.00000000 2.56874967 0.74999999
v 5.00000000 2.70624948 0.55000000
v 5.00000000 2.66874957 0.64999999
v 5.00000000 2.73749948 0.55000000
v 5.00000000 2.65624952 0.59999999
v 5.00000000 2.71874952 0.59999999
v 5.00000000 2.63749957 0.64999999
v 5.00000000 3.28749985 0.38124999
v 5.00000000 3.16249973 0.50624999
v 5.00000000 3.28749985 1.01874998
v 5.00000000 3.22499979 0.44374999
v 5.00000000 3.28749985 0.69999999
v 5.00000000 2.56249982 1.10624997
v 5.00000000 2.78749985 1.51874997
v 5.00000000 2.61249977 1.05624998
v 5.00000000 3.23749989 2.34374996
v 5.00000000 3.01249987 1.93124996
v 5.00000000 2.71249968 0.95624998
v 5.00000000 2.83749980 1.46874997
v 5.00000000 2.66249973 1.00624998
v 5.00000000 2.72499979 1.26249997
v 5.00000000 2.91249949 0.75624999
v 5.00000000 3.03749961 1.26874998
v 5.00000000 2.97499955 0.69374999
v 5.00000000 2.86249954 0.80624999
v 5.00000000 3.28749985 2.29374996
v 5.00000000 3.16249973 1.78124997
v 5.00000000 3.28749985 1.97499996
v 5.00000000 3.17499983 2.08749996
v 5.00000000 3.09999967 0.56874999
v 5.00000000 3.09999967 1.20624998
v 5.00000000 3.03749961 0.63124999
v 5.00000000 3.16249973 0.82499999
v 5.00000000 3.03749961 0.94999999
v 5.00000000 2.76249963 0.90624999
v 5.00000000 2.98749965 1.31874998
v 5.00000000 2.81249958 0.85624999
v 5.00000000 2.82499969 1.16249998
v 5.00000000 2.92499959 1.06249999
v 5.00000000 3.28749985 1.33749998
v 5.00000000 3.16249973 1.46249998
v 5.00000000 3.28749985 1.65624997
v 5.00000000 3.22499979 1.08124998
v 5.00000000 3.22499979 1.71874997
v 5.00000000 3.16249973 1.14374998
v 5.00000000 2.94999981 1.67499997
v 5.00000000 3.04999971 1.57499997
v 5.00000000 3.06249982 1.88124996
v 5.00000000 2.88749975 1.41874997
v 5.00000000 3.11249977 1.83124997
v 5.00000000 2.93749970 1.36874998
v 5.00000000 0.55625055 0.79722251
v 5.00000000 0.36875039 0.67916686
v 5.00000000 0.55625055 0.80972240
v 5.00000000 0.46250047 0.73819468
v 5.00000000 0.55625055 0.80347246
v 5.00000000 -0.00624992 0.44305556
v 5.00000000 0.18125024 0.57361111
v 5.00000000 0.08750016 0.50208338
v 5.00000000 0.55625055 0.83472220
v 5.00000000 0.36875039 0.70416665
v 5.00000000 0.55625055 0.82847225
v 5.00000000 0.27500032 0.62013903
v 5.00000000 0.27500032 0.63263893
v 5.00000000 0.18125024 0.56111121
v 5.00000000 0.36875039 0.68541681
v 5.00000000 0.18125024 0.56736116
v 5.00000000 0.55625055 0.81597235
v 5.00000000 0.36875039 0.69791671
v 5.00000000 0.55625055 0.82222230
v 5.00000000 0.46250047 0.75069458
v 5.00000000 0.46250047 0.76319448
v 5.00000000 0.36875039 0.69166676
v 5.00000000 -0.00624992 0.58472226
v 5.00000000 0.18125024 0.71527781
v 5.00000000 -0.00624992 0.86805566
v 5.00000000 0.08750016 0.65000003
v 5.00000000 -0.00624992 0.72638896
v 5.00000000 0.55625055 0.97638890
v 5.00000000 0.36875039 1.12916675
v 5.00000000 0.46250047 0.91111113
v 5.00000000 -0.00624992 1.43472245
v 5.00000000 0.18125024 1.28194460
v 5.00000000 -0.00624992 1.29305575
v 5.00000000 0.27500032 0.78055558
v 5.00000000 0.27500032 1.06388898
v 5.00000000 0.36875039 0.84583335
v 5.00000000 0.18125024 0.85694451
v 5.00000000 0.36875039 0.98750005
v 5.00000000 -0.00624992 1.00972236
v 5.00000000 0.18125024 1.14027790
v 5.00000000 -0.00624992 1.15138905
v 5.00000000 0.08750016 0.93333343
v 5.00000000 0.08750016 1.21666683
v 5.00000000 0.18125024 0.99861120
v 5.00000000 -0.05625011 0.01250000
v 5.00000000 0.03124966 0.03750000
v 5.00000000 0.03749996 0.01250000
v 5.00000000 0.20624920 0.08750000
v 5.00000000 0.11874943 0.06250000
v 5.00000000 0.22500012 0.01250000
v 5.00000000 0.12499974 0.03750000
v 5.00000000 0.13125004 0.01250000
v 5.00000000 0.08124985 0.02500000
v 5.00000000 0.60000044 0.01250000
v 5.00000000 0.50000005 0.03750000
v 5.00000000 0.50625036 0.01250000
v 5.00000000 0.60000044 0.02500000
v 5.00000000 0.29999928 0.08750000
v 5.00000000 0.39999967 0.06250000
v 5.00000000 0.25624940 0.07500000
v 5.00000000 0.31875020 0.01250000
v 5.00000000 0.40624997 0.03750000
v 5.00000000 0.41250028 0.01250000
v 5.00000000 0.26875001 0.02500000
v 5.00000000 0.45625017 0.02500000
v 5.00000000 0.60000044 0.05000000
v 5.00000000 0.50000005 0.05000000
v 5.00000000 0.60000044 0.03750000
v 5.00000000 0.55000025 0.03750000
v 5.00000000 0.16874962 0.05000000
v 5.00000000 0.35624978 0.05000000
v 5.00000000 0.21249951 0.06250000
v 5.00000000 0.21874982 0.03750000
v 5.00000000 0.30624959 0.06250000
v 5.00000000 0.31249990 0.03750000
v 5.00000000 0.60000044 0.08750000
v 5.00000000 0.34999948 0.08750000
v 5.00000000 0.60000044 0.06250000
v 5.00000000 0.50000005 0.08750000
v 5.00000000 0.60000044 0.07500000
v 5.00000000 0.55000025 0.06250000
v 5.00000000 0.55000025 0.08750000
v 5.00000000 0.44999986 0.06250000
v 5.00000000 0.44999986 0.08750000
v 5.00000000 0.39999967 0.07500000
v 5.00000000 0.50000005 0.06250000
v 5.00000000 0.39999967 0.08750000
v 5.00000000 0.50000005 0.07500000
v 5.00000000 -0.05625011 0.03750000
v 5.00000000 0.03124966 0.11250000
v 5.00000000 0.03749996 0.14375005
v 5.00000000 -0.01250023 0.05000000
v 5.00000000 0.20624920 0.26250001
v 5.00000000 0.11874943 0.18750001
v 5.00000000 0.22500012 0.35625014
v 5.00000000 0.12499974 0.21875005
v 5.00000000 0.13125004 0.25000010
v 5.00000000 0.08124985 0.18125005
v 5.00000000 0.07499954 0.07500000
v 5.00000000 0.07499954 0.12500000
v 5.00000000 0.03124966 0.06250000
v 5.00000000 0.03124966 0.08750000
v 5.00000000 0.60000044 0.78125034
v 5.00000000 0.50000005 0.64375024
v 5.00000000 0.50625036 0.67500029
v 5.00000000 0.29999928 0.36875006
v 5.00000000 0.39999967 0.50625015
v 5.00000000 0.25624940 0.33125006
v 5.00000000 0.31875020 0.46250019
v 5.00000000 0.40624997 0.53750020
v 5.00000000 0.41250028 0.56875024
v 5.00000000 0.26875001 0.39375015
v 5.00000000 0.45625017 0.60625024
v 5.00000000 0.16874962 0.25625005
v 5.00000000 0.35624978 0.46875015
v 5.00000000 0.21249951 0.29375006
v 5.00000000 0.21874982 0.32500010
v 5.00000000 0.30624959 0.40000010
v 5.00000000 0.31249990 0.43125015
v 5.00000000 0.20624920 0.11250000
v 5.00000000 0.20624920 0.23750001
v 5.00000000 0.11874943 0.08750000
v 5.00000000 0.20624920 0.16250001
v 5.00000000 0.16249932 0.10000000
v 5.00000000 0.11874943 0.11250000
v 5.00000000 0.20624920 0.13750000
v 5.00000000 0.11874943 0.16250001
v 5.00000000 0.20624920 0.18750001
v 5.00000000 0.16249932 0.20000001
v 5.00000000 0.11874943 0.13750000
v 5.00000000 0.20624920 0.21250001
v 5.00000000 0.16249932 0.15000001
v 5.00000000 0.60000044 0.71250029
v 5.00000000 0.50000005 0.57500020
v 5.00000000 0.60000044 0.57500020
v 5.00000000 0.55000025 0.64375024
v 5.00000000 0.60000044 0.64375024
v 5.00000000 0.34999948 0.36875006
v 5.00000000 0.60000044 0.36875006
v 5.00000000 0.44999986 0.50625015
v 5.00000000 0.44999986 0.36875006
v 5.00000000 0.39999967 0.43750010
v 5.00000000 0.50000005 0.50625015
v 5.00000000 0.39999967 0.36875006
v 5.00000000 0.60000044 0.50625015
v 5.00000000 0.50000005 0.36875006
v 5.00000000 0.60000044 0.43750010
v 5.00000000 0.55000025 0.50625015
v 5.00000000 0.55000025 0.36875006
v 5.00000000 0.50000005 0.43750010
v 5.00000000 -0.30624984 2.06874999
v 5.00000000 -0.41874988 2.20624998
v 5.00000000 -0.64374997 2.48124996
v 5.00000000 -0.53124993 2.34374997
v 5.00000000 -0.36249986 2.06874999
v 5.00000000 -0.47499990 2.20624998
v 5.00000000 -0.47499990 2.06874999
v 5.00000000 -0.41874988 2.13749999
v 5.00000000 -0.41874988 2.06874999
v 5.00000000 -0.64374997 2.41249996
v 5.00000000 -0.64374997 2.06874999
v 5.00000000 -0.53124993 2.27499998
v 5.00000000 -0.64374997 2.27499998
v 5.00000000 -0.58749995 2.34374997
v 5.00000000 -0.53124993 2.20624998
v 5.00000000 -0.64374997 2.34374997
v 5.00000000 -0.53124993 2.06874999
v 5.00000000 -0.64374997 2.20624998
v 5.00000000 -0.58749995 2.06874999
v 5.00000000 -0.53124993 2.13749999
v 5.00000000 -0.64374997 2.13749999
v 5.00000000 -0.58749995 2.20624998
v 5.00000000 0.55625055 1.01458335
v 5.00000000 0.36875039 1.24375010
v 5.00000000 0.46250047 1.09097227
v 5.00000000 -0.00624992 1.70208359
v 5.00000000 0.18125024 1.47291684
v 5.00000000 0.27500032 1.24375013
v 5.00000000 0.27500032 1.32013902
v 5.00000000 0.36875039 1.16736120
v 5.00000000 0.36875039 1.20555565
v 5.00000000 -0.00624992 1.47291690
v 5.00000000 -0.00624992 1.66388914
v 5.00000000 0.18125024 1.32013905
v 5.00000000 -0.00624992 1.54930580
v 5.00000000 0.08750016 1.39652798
v 5.00000000 0.18125024 1.35833350
v 5.00000000 -0.00624992 1.51111135
v 5.00000000 0.18125024 1.43472239
v 5.00000000 -0.00624992 1.58750024
v 5.00000000 0.08750016 1.54930577
v 5.00000000 0.18125024 1.39652795
v 5.00000000 -0.00624992 1.62569469
v 5.00000000 0.08750016 1.47291687
v 5.00000000 0.56617694 1.01458335
v 5.00000000 0.37867678 1.24375010
v 5.00000000 0.58602971 1.01458335
v 5.00000000 0.47242686 1.12916672
v 5.00000000 0.57610333 1.01458335
v 5.00000000 0.00367646 1.70208359
v 5.00000000 0.21102939 1.47291684
v 5.00000000 0.09742654 1.58750021
v 5.00000000 0.62573526 1.01458335
v 5.00000000 0.41838233 1.24375010
v 5.00000000 0.61580887 1.01458335
v 5.00000000 0.28492670 1.35833347
v 5.00000000 0.30477947 1.35833347
v 5.00000000 0.19117662 1.47291684
v 5.00000000 0.38860317 1.24375010
v 5.00000000 0.20110301 1.47291684
v 5.00000000 0.59595610 1.01458335
v 5.00000000 0.40845594 1.24375010
v 5.00000000 0.60588248 1.01458335
v 5.00000000 0.49227963 1.12916672
v 5.00000000 0.51213240 1.12916672
v 5.00000000 0.39852955 1.24375010
v 5.00000000 3.22187492 2.46718746
v 5.00000000 2.96562496 2.30156249
v 5.00000000 2.45312503 1.97031254
v 5.00000000 2.70937499 2.13593751
v 5.00000000 3.22187492 2.51562497
v 5.00000000 2.96562496 2.44687501
v 5.00000000 3.09374994 2.43281248
v 5.00000000 2.45312503 2.30937508
v 5.00000000 2.70937499 2.37812504
v 5.00000000 2.83749998 2.26718751
v 5.00000000 2.83749998 2.36406252
v 5.00000000 2.96562496 2.34999999
v 5.00000000 2.96562496 2.39843750
v 5.00000000 2.32500005 1.93593755
v 5.00000000 2.32500005 2.03281257
v 5.00000000 2.45312503 2.01875004
v 5.00000000 2.32500005 2.22656259
v 5.00000000 2.32500005 2.12968758
v 5.00000000 2.45312503 2.26093757
v 5.00000000 2.70937499 2.18437502
v 5.00000000 2.45312503 2.11562505
v 5.00000000 2.58125001 2.10156253
v 5.00000000 2.70937499 2.23281252
v 5.00000000 2.45312503 2.06718755
v 5.00000000 2.70937499 2.32968754
v 5.00000000 2.45312503 2.16406256
v 5.00000000 2.58125001 2.29531255
v 5.00000000 2.70937499 2.28125003
v 5.00000000 2.45312503 2.21250007
v 5.00000000 2.58125001 2.19843754
v 5.00000000 2.35404395 0.97499998
v 5.00000000 2.16213222 1.12499999
v 5.00000000 2.13897043 0.97499998
v 5.00000000 1.77830876 1.42500000
v 5.00000000 1.97022049 1.27499999
v 5.00000000 1.70882341 0.97499998
v 5.00000000 1.94705871 1.12499999
v 5.00000000 1.92389692 0.97499998
v 5.00000000 2.04301457 1.04999998
v 5.00000000 0.84852937 0.97499998
v 5.00000000 1.08676466 1.12499999
v 5.00000000 1.06360288 0.97499998
v 5.00000000 1.56323525 1.42500000
v 5.00000000 1.32499996 1.27499999
v 5.00000000 1.65919112 1.34999999
v 5.00000000 1.49374990 0.97499998
v 5.00000000 1.30183817 1.12499999
v 5.00000000 1.27867639 0.97499998
v 5.00000000 1.61286755 1.04999998
v 5.00000000 1.18272053 1.04999998
v 5.00000000 1.85110284 1.19999999
v 5.00000000 1.42095582 1.19999999
v 5.00000000 1.75514698 1.27499999
v 5.00000000 1.73198520 1.12499999
v 5.00000000 1.54007347 1.27499999
v 5.00000000 1.51691169 1.12499999
v 5.00000000 0.49466910 1.83906254
v 5.00000000 0.83400733 1.74218753
v 5.00000000 1.51268379 1.54843751
v 5.00000000 1.17334556 1.64531252
v 5.00000000 2.32159930 1.93593755
v 5.00000000 2.32159930 2.03281257
v 5.00000000 2.31479782 1.93593755
v 5.00000000 2.32159930 1.98437506
v 5.00000000 2.31819856 1.93593755
v 5.00000000 2.32159930 2.22656259
v 5.00000000 2.31479782 2.12968758
v 5.00000000 2.32159930 2.17812508
v 5.00000000 2.30119485 1.93593755
v 5.00000000 2.30799633 2.03281257
v 5.00000000 2.30459559 1.93593755
v 5.00000000 2.32159930 2.08125007
v 5.00000000 2.31479782 2.08125007
v 5.00000000 2.32159930 2.12968758
v 5.00000000 2.31819856 2.03281257
v 5.00000000 2.31819856 2.12968758
v 5.00000000 2.31139708 1.93593755
v 5.00000000 2.31139708 2.03281257
v 5.00000000 2.30799633 1.93593755
v 5.00000000 2.31479782 1.98437506
v 5.00000000 2.30799633 1.98437506
v 5.00000000 2.31479782 2.03281257
v 5.00000000 0.74126837 1.83906254
v 5.00000000 1.08060659 1.74218753
v 5.00000000 1.23446690 1.83906254
v 5.00000000 0.91093748 1.79062504
v 5.00000000 0.98786763 1.83906254
v 5.00000000 1.75928305 1.54843751
v 5.00000000 1.91314335 1.64531252
v 5.00000000 1.58961394 1.59687501
v 5.00000000 2.22086395 1.83906254
v 5.00000000 2.06700365 1.74218753
v 5.00000000 1.97426469 1.83906254
v 5.00000000 1.25027571 1.69375002
v 5.00000000 1.74347424 1.69375002
v 5.00000000 1.41994482 1.64531252
v 5.00000000 1.32720586 1.74218753
v 5.00000000 1.66654409 1.64531252
v 5.00000000 1.48106616 1.83906254
v 5.00000000 1.82040439 1.74218753
v 5.00000000 1.72766542 1.83906254
v 5.00000000 1.40413601 1.79062504
v 5.00000000 1.89733454 1.79062504
v 5.00000000 1.57380512 1.74218753
v 5.00000000 2.43437484 0.97499998
v 5.00000000 2.40312490 1.12499999
v 5.00000000 2.54687485 1.18124998
v 5.00000000 2.33841898 1.04999998
v 5.00000000 2.34062502 1.42500000
v 5.00000000 2.37187496 1.27499999
v 5.00000000 2.77187487 1.59374997
v 5.00000000 2.51562491 1.33124998
v 5.00000000 2.65937486 1.38749997
v 5.00000000 2.53124988 1.25624998
v 5.00000000 2.14650725 1.19999999
v 5.00000000 2.30716904 1.19999999
v 5.00000000 2.24246311 1.12499999
v 5.00000000 2.32279401 1.12499999
v 5.00000000 3.22187492 2.41874996
v 5.00000000 2.96562496 2.15624997
v 5.00000000 3.10937491 2.21249996
v 5.00000000 3.09374994 2.33593747
v 5.00000000 2.45312503 1.63124999
v 5.00000000 2.70937499 1.89374998
v 5.00000000 2.46875000 1.55624999
v 5.00000000 2.88437489 1.79999997
v 5.00000000 2.85312495 1.94999997
v 5.00000000 2.99687490 2.00624996
v 5.00000000 2.75624990 1.66874997
v 5.00000000 2.98124993 2.08124997
v 5.00000000 2.83749998 2.17031249
v 5.00000000 2.83749998 2.07343748
v 5.00000000 2.96562496 2.25312498
v 5.00000000 2.96562496 2.20468748
v 5.00000000 2.49999994 1.40624999
v 5.00000000 2.72499996 1.81874998
v 5.00000000 2.48437497 1.48124999
v 5.00000000 2.62812492 1.53749998
v 5.00000000 2.59687498 1.68749999
v 5.00000000 2.74062493 1.74374998
v 5.00000000 2.32500005 1.83906254
v 5.00000000 2.32500005 1.74218753
v 5.00000000 2.45312503 1.92187503
v 5.00000000 2.32159930 1.83906254
v 5.00000000 2.32500005 1.54843751
v 5.00000000 2.32500005 1.64531252
v 5.00000000 2.45312503 1.67968750
v 5.00000000 2.70937499 2.08750001
v 5.00000000 2.45312503 1.82500002
v 5.00000000 2.58125001 2.00468752
v 5.00000000 2.70937499 2.03906250
v 5.00000000 2.45312503 1.87343752
v 5.00000000 2.31479782 1.83906254
v 5.00000000 2.32159930 1.74218753
v 5.00000000 2.31819856 1.83906254
v 5.00000000 2.32159930 1.79062504
v 5.00000000 2.70937499 1.94218749
v 5.00000000 2.45312503 1.77656251
v 5.00000000 2.58125001 1.81093749
v 5.00000000 2.70937499 1.99062499
v 5.00000000 2.45312503 1.72812501
v 5.00000000 2.58125001 1.90781251
v 5.00000000 1.85863966 1.42500000
v 5.00000000 1.83961394 1.54843751
v 5.00000000 2.26029412 1.42500000
v 5.00000000 2.05055138 1.27499999
v 5.00000000 2.01930144 1.42500000
v 5.00000000 1.95459552 1.34999999
v 5.00000000 2.13088228 1.27499999
v 5.00000000 1.93897055 1.42500000
v 5.00000000 1.99347425 1.64531252
v 5.00000000 2.00027573 1.54843751
v 5.00000000 1.91654409 1.59687501
v 5.00000000 1.91994484 1.54843751
v 5.00000000 2.29154406 1.27499999
v 5.00000000 2.09963234 1.42500000
v 5.00000000 2.27591909 1.34999999
v 5.00000000 2.21121317 1.27499999
v 5.00000000 2.17996323 1.42500000
v 5.00000000 2.11525731 1.34999999
v 5.00000000 2.30119485 1.83906254
v 5.00000000 2.30799633 1.74218753
v 5.00000000 2.30459559 1.83906254
v 5.00000000 2.22426470 1.79062504
v 5.00000000 2.32159930 1.54843751
v 5.00000000 2.31479782 1.64531252
v 5.00000000 2.32159930 1.59687501
v 5.00000000 2.24126841 1.54843751
v 5.00000000 2.31139708 1.83906254
v 5.00000000 2.31139708 1.74218753
v 5.00000000 2.30799633 1.83906254
v 5.00000000 2.31479782 1.79062504
v 5.00000000 2.30799633 1.79062504
v 5.00000000 2.07040440 1.69375002
v 5.00000000 2.23106618 1.69375002
v 5.00000000 2.14733455 1.74218753
v 5.00000000 2.07380514 1.64531252
v 5.00000000 2.22766544 1.74218753
v 5.00000000 2.32159930 1.69375002
v 5.00000000 2.31479782 1.69375002
v 5.00000000 2.32159930 1.64531252
v 5.00000000 2.31819856 1.74218753
v 5.00000000 2.31819856 1.64531252
v 5.00000000 2.31479782 1.74218753
v 5.00000000 2.08060662 1.54843751
v 5.00000000 2.23446693 1.64531252
v 5.00000000 2.16093752 1.54843751
v 5.00000000 2.07720588 1.59687501
v 5.00000000 2.23786767 1.59687501
v 5.00000000 2.15413603 1.64531252
v 5.00000000 2.79999948 0.08750000
v 5.00000000 2.69999957 0.06250000
v 5.00000000 2.86249954 0.07500000
v 5.00000000 2.74999952 0.08750000
v 5.00000000 2.49999976 0.01250000
v 5.00000000 2.59999967 0.03750000
v 5.00000000 2.98749965 0.05000000
v 5.00000000 2.76249963 0.05000000
v 5.00000000 2.92499959 0.06250000
v 5.00000000 2.81249958 0.06250000
v 5.00000000 2.64999962 0.08750000
v 5.00000000 2.64999962 0.06250000
v 5.00000000 2.69999957 0.08750000
v 5.00000000 2.69999957 0.07500000
v 5.00000000 3.17499983 0.01250000
v 5.00000000 2.61249977 0.01250000
v 5.00000000 3.04999971 0.03750000
v 5.00000000 2.94999981 0.01250000
v 5.00000000 3.11249977 0.02500000
v 5.00000000 2.93749970 0.03750000
v 5.00000000 3.06249982 0.01250000
v 5.00000000 2.71249968 0.03750000
v 5.00000000 2.83749980 0.01250000
v 5.00000000 2.66249973 0.02500000
v 5.00000000 2.82499969 0.03750000
v 5.00000000 2.72499979 0.01250000
v 5.00000000 2.88749975 0.02500000
v 5.00000000 2.49999976 0.08750000
v 5.00000000 2.49999976 0.02500000
v 5.00000000 2.59999967 0.08750000
v 5.00000000 2.49999976 0.06250000
v 5.00000000 2.54999971 0.08750000
v 5.00000000 2.59999967 0.07500000
v 5.00000000 2.49999976 0.07500000
v 5.00000000 2.59999967 0.05000000
v 5.00000000 2.49999976 0.05000000
v 5.00000000 2.54999971 0.03750000
v 5.00000000 2.59999967 0.06250000
v 5.00000000 2.49999976 0.03750000
v 5.00000000 2.54999971 0.06250000
v 5.00000000 -0.04687500 1.77708359
v 5.00000000 0.05937499 1.69791685
v 5.00000000 0.05680146 1.66250022
v 5.00000000 0.27187499 1.53958337
v 5.00000000 0.16562499 1.61875011
v 5.00000000 0.26415439 1.43333347
v 5.00000000 0.16305146 1.58333348
v 5.00000000 0.16047793 1.54791684
v 5.00000000 0.10992646 1.62291685
v 5.00000000 0.67886025 0.97499998
v 5.00000000 0.57775732 1.12499999
v 5.00000000 0.57518379 1.08958335
v 5.00000000 0.79797790 1.04999998
v 5.00000000 0.37555145 1.42500000
v 5.00000000 0.47665439 1.27499999
v 5.00000000 0.32242646 1.46458337
v 5.00000000 0.36783086 1.31875010
v 5.00000000 0.47408086 1.23958336
v 5.00000000 0.47150732 1.20416673
v 5.00000000 0.31727939 1.39375010
v 5.00000000 0.52463232 1.16458336
v 5.00000000 1.03621320 1.19999999
v 5.00000000 0.69687497 1.19999999
v 5.00000000 0.91709555 1.12499999
v 5.00000000 0.74742644 1.12499999
v 5.00000000 0.21617646 1.54375011
v 5.00000000 0.42352939 1.31458336
v 5.00000000 0.26930146 1.50416674
v 5.00000000 0.26672793 1.46875010
v 5.00000000 0.37297792 1.38958336
v 5.00000000 0.37040439 1.35416673
v 5.00000000 0.32499999 1.83906254
v 5.00000000 0.32499999 1.74218753
v 5.00000000 0.49466910 1.79062504
v 5.00000000 0.32499999 1.54843751
v 5.00000000 0.32499999 1.64531252
v 5.00000000 0.83400733 1.69375002
v 5.00000000 0.49466910 1.69375002
v 5.00000000 0.66433822 1.74218753
v 5.00000000 0.49466910 1.74218753
v 5.00000000 1.39356614 1.42500000
v 5.00000000 1.34301467 1.54843751
v 5.00000000 0.54522057 1.42500000
v 5.00000000 0.49466910 1.54843751
v 5.00000000 1.15533084 1.27499999
v 5.00000000 1.05422791 1.42500000
v 5.00000000 1.27444849 1.34999999
v 5.00000000 0.98566173 1.27499999
v 5.00000000 1.22389702 1.42500000
v 5.00000000 1.00367644 1.64531252
v 5.00000000 1.00367644 1.54843751
v 5.00000000 1.17334556 1.59687501
v 5.00000000 0.83400733 1.64531252
v 5.00000000 1.17334556 1.54843751
v 5.00000000 0.64632350 1.27499999
v 5.00000000 0.88455880 1.42500000
v 5.00000000 0.59577204 1.34999999
v 5.00000000 0.81599262 1.27499999
v 5.00000000 0.71488968 1.42500000
v 5.00000000 0.93511026 1.34999999
v 5.00000000 0.49466910 1.64531252
v 5.00000000 0.83400733 1.54843751
v 5.00000000 0.49466910 1.59687501
v 5.00000000 0.66433822 1.64531252
v 5.00000000 0.66433822 1.54843751
v 5.00000000 0.83400733 1.59687501
v 5.00000000 -0.30294105 2.06874999
v 5.00000000 -0.41544109 2.20624998
v 5.00000000 -0.29632346 2.06874999
v 5.00000000 -0.35919107 2.13749999
v 5.00000000 -0.29963225 2.06874999
v 5.00000000 -0.64044117 2.48124996
v 5.00000000 -0.52132354 2.34374997
v 5.00000000 -0.58419115 2.41249996
v 5.00000000 -0.28308827 2.06874999
v 5.00000000 -0.40220591 2.20624998
v 5.00000000 -0.28639707 2.06874999
v 5.00000000 -0.47169111 2.27499998
v 5.00000000 -0.46507352 2.27499998
v 5.00000000 -0.52794113 2.34374997
v 5.00000000 -0.41213229 2.20624998
v 5.00000000 -0.52463233 2.34374997
v 5.00000000 -0.29301466 2.06874999
v 5.00000000 -0.40551470 2.20624998
v 5.00000000 -0.28970587 2.06874999
v 5.00000000 -0.35257348 2.13749999
v 5.00000000 -0.34595589 2.13749999
v 5.00000000 -0.40882350 2.20624998
v 5.00000000 -0.04687500 1.78217614
v 5.00000000 0.05937499 1.70300940
v 5.00000000 -0.04687500 1.79236123
v 5.00000000 0.00625000 1.74259277
v 5.00000000 -0.04687500 1.78726868
v 5.00000000 0.27187499 1.54467592
v 5.00000000 0.16562499 1.63402775
v 5.00000000 0.21874999 1.58425929
v 5.00000000 -0.04687500 1.81273142
v 5.00000000 0.05937499 1.72337958
v 5.00000000 -0.04687500 1.80763887
v 5.00000000 0.11249999 1.66342603
v 5.00000000 0.11249999 1.67361112
v 5.00000000 0.16562499 1.62384266
v 5.00000000 0.05937499 1.70810194
v 5.00000000 0.16562499 1.62893520
v 5.00000000 -0.04687500 1.79745378
v 5.00000000 0.05937499 1.71828704
v 5.00000000 -0.04687500 1.80254632
v 5.00000000 0.00625000 1.75277786
v 5.00000000 0.00625000 1.76296295
v 5.00000000 0.05937499 1.71319449
v 5.00000000 -0.62499999 2.48124996
v 5.00000000 -0.47499999 2.34374997
v 5.00000000 -0.56544117 2.41249996
v 5.00000000 -0.17500000 2.06874999
v 5.00000000 -0.32500000 2.20624998
v 5.00000000 -0.44632354 2.27499998
v 5.00000000 -0.41544118 2.27499998
v 5.00000000 -0.50588236 2.34374997
v 5.00000000 -0.49044118 2.34374997
v 5.00000000 0.27187499 1.90156254
v 5.00000000 0.16562499 1.92968753
v 5.00000000 0.27187499 1.85312504
v 5.00000000 -0.04687500 1.98593751
v 5.00000000 0.05937499 1.95781252
v 5.00000000 0.27187499 1.75625002
v 5.00000000 0.16562499 1.88125002
v 5.00000000 0.27187499 1.80468753
v 5.00000000 0.21874999 1.86718753
v 5.00000000 0.27187499 1.56250000
v 5.00000000 0.16562499 1.68750000
v 5.00000000 0.27187499 1.61093751
v 5.00000000 0.21874999 1.60717592
v 5.00000000 -0.04687500 1.93750000
v 5.00000000 0.05937499 1.81250000
v 5.00000000 0.00625000 1.92343751
v 5.00000000 0.27187499 1.70781252
v 5.00000000 0.16562499 1.73593751
v 5.00000000 0.27187499 1.65937501
v 5.00000000 0.21874999 1.77031252
v 5.00000000 0.21874999 1.67343751
v 5.00000000 0.11249999 1.69652775
v 5.00000000 0.11249999 1.73217592
v 5.00000000 0.16562499 1.65185183
v 5.00000000 0.16562499 1.66967592
v 5.00000000 0.11249999 1.89531252
v 5.00000000 0.11249999 1.79843751
v 5.00000000 0.05937499 1.90937501
v 5.00000000 0.16562499 1.83281252
v 5.00000000 0.05937499 1.86093751
v 5.00000000 0.16562499 1.78437501
v 5.00000000 -0.26764709 2.06874999
v 5.00000000 -0.19044118 2.06874999
v 5.00000000 -0.38676472 2.20624998
v 5.00000000 -0.23676473 2.06874999
v 5.00000000 -0.32720591 2.13749999
v 5.00000000 -0.37132354 2.20624998
v 5.00000000 -0.25220591 2.06874999
v 5.00000000 -0.34044118 2.20624998
v 5.00000000 -0.22132355 2.06874999
v 5.00000000 -0.26544118 2.13749999
v 5.00000000 -0.35588236 2.20624998
v 5.00000000 -0.20588236 2.06874999
v 5.00000000 -0.29632354 2.13749999
v 5.00000000 -0.04687500 1.83055550
v 5.00000000 -0.04687500 1.91967592
v 5.00000000 0.05937499 1.74120367
v 5.00000000 -0.04687500 1.86620367
v 5.00000000 0.00625000 1.78587958
v 5.00000000 0.05937499 1.75902775
v 5.00000000 -0.04687500 1.84837958
v 5.00000000 0.05937499 1.79467592
v 5.00000000 -0.04687500 1.88402775
v 5.00000000 0.00625000 1.85717592
v 5.00000000 0.05937499 1.77685183
v 5.00000000 -0.04687500 1.90185183
v 5.00000000 0.00625000 1.82152775
v 5.00000000 3.13437501 2.51562497
v 5.00000000 2.70312521 2.44687501
v 5.00000000 2.62812502 2.51562497
v 5.00000000 3.00625002 2.48124999
v 5.00000000 1.84062561 2.30937508
v 5.00000000 2.27187541 2.37812504
v 5.00000000 1.61562505 2.51562497
v 5.00000000 2.19687522 2.44687501
v 5.00000000 2.12187503 2.51562497
v 5.00000000 2.41250012 2.48124999
v 5.00000000 2.75000006 2.41250002
v 5.00000000 2.57500023 2.41250002
v 5.00000000 2.87812504 2.44687501
v 5.00000000 2.79062513 2.44687501
v 5.00000000 -0.40937490 2.51562497
v 5.00000000 0.17187528 2.44687501
v 5.00000000 0.09687509 2.51562497
v 5.00000000 1.33437563 2.30937508
v 5.00000000 0.75312545 2.37812504
v 5.00000000 1.55000053 2.34375006
v 5.00000000 1.10937506 2.51562497
v 5.00000000 0.67812526 2.44687501
v 5.00000000 0.60312507 2.51562497
v 5.00000000 1.40000015 2.48124999
v 5.00000000 0.38750017 2.48124999
v 5.00000000 1.98125032 2.41250002
v 5.00000000 0.96875035 2.41250002
v 5.00000000 1.76562542 2.37812504
v 5.00000000 1.69062524 2.44687501
v 5.00000000 1.25937544 2.37812504
v 5.00000000 1.18437525 2.44687501
v 5.00000000 2.36562511 2.30937508
v 5.00000000 2.23409939 2.22656259
v 5.00000000 1.92812553 2.30937508
v 5.00000000 2.62187508 2.37812504
v 5.00000000 2.19062528 2.30937508
v 5.00000000 2.49375010 2.34375006
v 5.00000000 2.53437516 2.37812504
v 5.00000000 2.27812520 2.30937508
v 5.00000000 2.22729790 2.12968758
v 5.00000000 2.05909956 2.22656259
v 5.00000000 2.23069865 2.17812508
v 5.00000000 2.14659947 2.22656259
v 5.00000000 2.35937533 2.37812504
v 5.00000000 2.10312536 2.30937508
v 5.00000000 2.14375043 2.34375006
v 5.00000000 2.44687524 2.37812504
v 5.00000000 2.01562545 2.30937508
v 5.00000000 2.31875026 2.34375006
v 5.00000000 0.48750008 1.93593755
v 5.00000000 0.81250026 2.03281257
v 5.00000000 0.73409934 1.93593755
v 5.00000000 0.43437508 1.95000005
v 5.00000000 1.46250062 2.22656259
v 5.00000000 1.13750044 2.12968758
v 5.00000000 1.22729787 1.93593755
v 5.00000000 1.05909953 2.03281257
v 5.00000000 0.98069861 1.93593755
v 5.00000000 0.89659943 1.98437506
v 5.00000000 0.32812508 1.97812504
v 5.00000000 0.75937526 2.04687506
v 5.00000000 0.38125008 1.96406254
v 5.00000000 0.59687517 1.99843755
v 5.00000000 2.21369493 1.93593755
v 5.00000000 2.04549658 2.03281257
v 5.00000000 2.21709567 1.98437506
v 5.00000000 1.96709567 1.93593755
v 5.00000000 1.70909989 2.22656259
v 5.00000000 1.87729824 2.12968758
v 5.00000000 1.79659981 2.22656259
v 5.00000000 1.54659980 2.17812508
v 5.00000000 2.22389716 2.08125007
v 5.00000000 2.04889733 2.08125007
v 5.00000000 2.22049642 2.03281257
v 5.00000000 2.13979799 2.12968758
v 5.00000000 2.13299650 2.03281257
v 5.00000000 1.47389714 1.93593755
v 5.00000000 1.79889732 2.03281257
v 5.00000000 1.72049640 1.93593755
v 5.00000000 1.38979796 1.98437506
v 5.00000000 1.88299649 1.98437506
v 5.00000000 1.97159964 2.22656259
v 5.00000000 1.96479815 2.12968758
v 5.00000000 1.88409972 2.22656259
v 5.00000000 2.05569881 2.17812508
v 5.00000000 1.88069898 2.17812508
v 5.00000000 2.05229807 2.12968758
v 5.00000000 1.22159962 2.08125007
v 5.00000000 1.71479814 2.08125007
v 5.00000000 1.38409971 2.12968758
v 5.00000000 1.30569879 2.03281257
v 5.00000000 1.63069897 2.12968758
v 5.00000000 1.55229805 2.03281257
v 5.00000000 0.11562509 2.03437501
v 5.00000000 0.54687527 2.10312504
v 5.00000000 0.16875009 2.02031252
v 5.00000000 1.40937563 2.24062508
v 5.00000000 0.97812545 2.17187506
v 5.00000000 1.24687553 2.19218758
v 5.00000000 0.27500008 1.99218753
v 5.00000000 0.60000027 2.08906254
v 5.00000000 0.22187509 2.00625002
v 5.00000000 0.49062517 2.02656254
v 5.00000000 0.38437518 2.05468753
v 5.00000000 0.92187535 2.09531257
v 5.00000000 0.81562536 2.12343755
v 5.00000000 1.08437544 2.14375007
v 5.00000000 0.70625026 2.06093755
v 5.00000000 1.03125045 2.15781257
v 5.00000000 0.65312526 2.07500005
v 5.00000000 -0.57187499 2.51562497
v 5.00000000 -0.31562500 2.44687501
v 5.00000000 -0.49687499 2.44687498
v 5.00000000 -0.28124990 2.48124999
v 5.00000000 0.19687499 2.30937508
v 5.00000000 -0.05937500 2.37812504
v 5.00000000 -0.34687500 2.30937499
v 5.00000000 -0.24062500 2.37812501
v 5.00000000 -0.42187499 2.37812498
v 5.00000000 -0.36875000 2.41249999
v 5.00000000 0.30000027 2.41250002
v 5.00000000 -0.02499991 2.41250002
v 5.00000000 0.00937518 2.44687501
v 5.00000000 -0.15312491 2.44687501
v 5.00000000 -0.04687500 2.03437501
v 5.00000000 0.05937499 2.10312504
v 5.00000000 -0.12187500 2.10312501
v 5.00000000 0.16875009 2.06875002
v 5.00000000 0.27187499 2.24062508
v 5.00000000 0.16562499 2.17187506
v 5.00000000 0.14374999 2.27500007
v 5.00000000 -0.27187500 2.24062499
v 5.00000000 -0.01562500 2.17187503
v 5.00000000 -0.19687500 2.17187500
v 5.00000000 -0.21875000 2.27500001
v 5.00000000 -0.06875000 2.13750002
v 5.00000000 0.60000027 2.13750005
v 5.00000000 0.27500008 2.13750005
v 5.00000000 0.38437518 2.10312504
v 5.00000000 0.22187509 2.10312504
v 5.00000000 -0.11250000 2.34375003
v 5.00000000 0.03749999 2.20625004
v 5.00000000 0.01562500 2.30937505
v 5.00000000 -0.16562500 2.30937502
v 5.00000000 0.09062499 2.24062505
v 5.00000000 -0.09062500 2.24062502
v 5.00000000 1.17187554 2.30937508
v 5.00000000 1.24687553 2.24062508
v 5.00000000 0.35937508 2.30937508
v 5.00000000 0.43437508 2.24062508
v 5.00000000 0.59062536 2.37812504
v 5.00000000 0.84687535 2.30937508
v 5.00000000 0.88125045 2.34375006
v 5.00000000 0.42812527 2.37812504
v 5.00000000 1.00937545 2.30937508
v 5.00000000 0.81562536 2.17187506
v 5.00000000 0.92187535 2.24062508
v 5.00000000 1.03125045 2.20625007
v 5.00000000 0.65312526 2.17187506
v 5.00000000 1.08437544 2.24062508
v 5.00000000 0.10312509 2.37812504
v 5.00000000 0.68437526 2.30937508
v 5.00000000 0.23125008 2.34375006
v 5.00000000 0.26562518 2.37812504
v 5.00000000 0.52187517 2.30937508
v 5.00000000 0.55625027 2.34375006
v 5.00000000 0.32812508 2.17187506
v 5.00000000 0.75937526 2.24062508
v 5.00000000 0.38125008 2.20625007
v 5.00000000 0.49062517 2.17187506
v 5.00000000 0.59687517 2.24062508
v 5.00000000 0.70625026 2.20625007
v 5.00000000 3.28749985 0.03750000
v 5.00000000 3.16249973 0.11250000
v 5.00000000 3.22499979 0.05833335
v 5.00000000 3.22499979 0.10000000
v 5.00000000 2.91249949 0.26250001
v 5.00000000 3.03749961 0.18750001
v 5.00000000 3.09999967 0.10000006
v 5.00000000 3.09999967 0.13333336
v 5.00000000 3.16249973 0.07916671
v 5.00000000 3.16249973 0.09583336
v 5.00000000 3.09999967 0.22500000
v 5.00000000 3.09999967 0.17500000
v 5.00000000 3.16249973 0.16250000
v 5.00000000 3.16249973 0.13750000
v 5.00000000 2.91249949 0.16250012
v 5.00000000 2.91249949 0.24583336
v 5.00000000 3.03749961 0.12083341
v 5.00000000 2.91249949 0.19583341
v 5.00000000 2.97499955 0.14166676
v 5.00000000 3.03749961 0.13750006
v 5.00000000 2.91249949 0.17916677
v 5.00000000 3.03749961 0.17083336
v 5.00000000 2.91249949 0.21250006
v 5.00000000 2.97499955 0.20833336
v 5.00000000 3.03749961 0.15416671
v 5.00000000 2.91249949 0.22916671
v 5.00000000 2.97499955 0.17500006
v 5.00000000 2.91249949 0.41250000
v 5.00000000 2.91249949 0.28750001
v 5.00000000 3.03749961 0.28750000
v 5.00000000 2.91249949 0.36250000
v 5.00000000 2.97499955 0.35000000
v 5.00000000 3.03749961 0.26250000
v 5.00000000 2.91249949 0.38750000
v 5.00000000 3.03749961 0.21250001
v 5.00000000 2.91249949 0.33750001
v 5.00000000 2.97499955 0.25000001
v 5.00000000 3.03749961 0.23750000
v 5.00000000 2.91249949 0.31250001
v 5.00000000 2.97499955 0.30000000
v 5.00000000 2.58124948 0.45000000
v 5.00000000 2.54374957 0.40000001
v 5.00000000 2.58124948 0.40000001
v 5.00000000 2.56249952 0.42500000
v 5.00000000 2.58124948 0.42500000
v 5.00000000 2.48749971 0.32500001
v 5.00000000 2.58124948 0.32500001
v 5.00000000 2.52499962 0.37500001
v 5.00000000 2.52499962 0.32500001
v 5.00000000 2.50624967 0.35000001
v 5.00000000 2.54374957 0.37500001
v 5.00000000 2.50624967 0.32500001
v 5.00000000 2.58124948 0.37500001
v 5.00000000 2.54374957 0.32500001
v 5.00000000 2.58124948 0.35000001
v 5.00000000 2.56249952 0.37500001
v 5.00000000 2.56249952 0.32500001
v 5.00000000 2.54374957 0.35000001
f 1 26 30
f 26 10 32
f 30 32 12
f 26 32 30
f 10 27 37
f 27 5 35
f 37 35 14
f 27 35 37
f 12 38 31
f 38 14 36
f 31 36 6
f 38 36 31
f 10 37 32
f 37 14 38
f 32 38 12
f 37 38 32
f 5 29 45
f 29 11 47
f 45 47 17
f 29 47 45
f 11 28 41
f 28 2 39
f 41 39 15
f 28 39 41
f 17 49 46
f 49 15 40
f 46 40 7
f 49 40 46
f 11 41 47
f 41 15 49
f 47 49 17
f 41 49 47
f 6 50 34
f 50 18 52
f 34 52 13
f 50 52 34
f 18 51 54
f 51 7 43
f 54 43 16
f 51 43 54
f 13 44 33
f 44 16 42
f 33 42 3
f 44 42 33
f 18 54 52
f 54 16 44
f 52 44 13
f 54 44 52
f 5 45 35
f 45 17 48
f 35 48 14
f 45 48 35
f 17 46 55
f 46 7 51
f 55 51 18
f 46 51 55
f 14 53 36
f 53 18 50
f 36 50 6
f 53 50 36
f 17 55 48
f 55 18 53
f 48 53 14
f 55 53 48
f 1 30 30
f 30 12 12
f 30 12 12
f 30 12 30
f 12 31 31
f 31 6 6
f 31 6 6
f 31 6 31
f 12 31 31
f 31 6 6
f 31 6 6
f 31 6 31
f 12 31 12
f 31 6 31
f 12 31 12
f 31 31 12
f 6 34 34
f 34 13 13
f 34 13 13
f 34 13 34
f 13 33 33
f 33 3 3
f 33 3 3
f 33 3 33
f 13 33 33
f 33 3 3
f 33 3 3
f 33 3 33
f 13 33 13
f 33 3 33
f 13 33 13
f 33 33 13
f 6 34 34
f 34 13 13
f 34 13 13
f 34 13 34
f 13 33 33
f 33 3 3
f 33 3 3
f 33 3 33
f 13 33 33
f 33 3 3
f 33 3 3
f 33 3 33
f 13 33 13
f 33 3 33
f 13 33 13
f 33 33 13
f 6 34 6
f 34 13 34
f 6 34 6
f 34 34 6
f 13 33 13
f 33 3 33
f 13 33 13
f 33 33 13
f 6 34 6
f 34 13 34
f 6 34 6
f 34 34 6
f 13 13 34
f 13 13 34
f 34 34 6
f 13 34 34
f 1 30 56
f 30 12 58
f 56 58 19
f 30 58 56
f 12 31 63
f 31 6 61
f 63 61 21
f 31 61 63
f 19 64 57
f 64 21 62
f 57 62 8
f 64 62 57
f 12 63 58
f 63 21 64
f 58 64 19
f 63 64 58
f 6 34 71
f 34 13 73
f 71 73 24
f 34 73 71
f 13 33 67
f 33 3 65
f 67 65 22
f 33 65 67
f 24 75 72
f 75 22 66
f 72 66 9
f 75 66 72
f 13 67 73
f 67 22 75
f 73 75 24
f 67 75 73
f 8 76 60
f 76 25 78
f 60 78 20
f 76 78 60
f 25 77 80
f 77 9 69
f 80 69 23
f 77 69 80
f 20 70 59
f 70 23 68
f 59 68 4
f 70 68 59
f 25 80 78
f 80 23 70
f 78 70 20
f 80 70 78
f 6 71 61
f 71 24 74
f 61 74 21
f 71 74 61
f 24 72 81
f 72 9 77
f 81 77 25
f 72 77 81
f 21 79 62
f 79 25 76
f 62 76 8
f 79 76 62
f 24 81 74
f 81 25 79
f 74 79 21
f 81 79 74
f 1 56 56
f 56 19 19
f 56 19 19
f 56 19 56
f 19 57 57
f 57 8 8
f 57 8 8
f 57 8 57
f 19 57 57
f 57 8 8
f 57 8 8
f 57 8 57
f 19 57 19
f 57 8 57
f 19 57 19
f 57 57 19
f 8 60 60
f 60 20 20
f 60 20 20
f 60 20 60
f 20 59 59
f 59 4 4
f 59 4 4
f 59 4 59
f 20 59 59
f 59 4 4
f 59 4 4
f 59 4 59
f 20 59 20
f 59 4 59
f 20 59 20
f 59 59 20
f 8 60 60
f 60 20 20
f 60 20 20
f 60 20 60
f 20 59 59
f 59 4 4
f 59 4 4
f 59 4 59
f 20 59 59
f 59 4 4
f 59 4 4
f 59 4 59
f 20 59 20
f 59 4 59
f 20 59 20
f 59 59 20
f 8 60 8
f 60 20 60
f 8 60 8
f 60 60 8
f 20 59 20
f 59 4 59
f 20 59 20
f 59 59 20
f 8 60 8
f 60 20 60
f 8 60 8
f 60 60 8
f 20 20 60
f 20 20 60
f 60 60 8
f 20 60 60
f 3 102 106
f 102 88 108
f 106 108 90
f 102 108 106
f 88 103 113
f 103 84 111
f 113 111 92
f 103 111 113
f 90 114 107
f 114 92 112
f 107 112 85
f 114 112 107
f 88 113 108
f 113 92 114
f 108 114 90
f 113 114 108
f 84 105 121
f 105 89 123
f 121 123 95
f 105 123 121
f 89 104 117
f 104 82 115
f 117 115 93
f 104 115 117
f 95 125 122
f 125 93 116
f 122 116 86
f 125 116 122
f 89 117 123
f 117 93 125
f 123 125 95
f 117 125 123
f 85 126 110
f 126 96 128
f 110 128 91
f 126 128 110
f 96 127 130
f 127 86 119
f 130 119 94
f 127 119 130
f 91 120 109
f 120 94 118
f 109 118 83
f 120 118 109
f 96 130 128
f 130 94 120
f 128 120 91
f 130 120 128
f 84 121 111
f 121 95 124
f 111 124 92
f 121 124 111
f 95 122 131
f 122 86 127
f 131 127 96
f 122 127 131
f 92 129 112
f 129 96 126
f 112 126 85
f 129 126 112
f 95 131 124
f 131 96 129
f 124 129 92
f 131 129 124
f 3 106 106
f 106 90 90
f 106 90 90
f 106 90 106
f 90 107 107
f 107 85 85
f 107 85 85
f 107 85 107
f 90 107 107
f 107 85 85
f 107 85 85
f 107 85 107
f 90 107 90
f 107 85 107
f 90 107 90
f 107 107 90
f 85 110 110
f 110 91 91
f 110 91 91
f 110 91 110
f 91 109 109
f 109 83 83
f 109 83 83
f 109 83 109
f 91 109 109
f 109 83 83
f 109 83 83
f 109 83 109
f 91 109 91
f 109 83 109
f 91 109 91
f 109 109 91
f 85 110 110
f 110 91 91
f 110 91 91
f 110 91 110
f 91 109 109
f 109 83 83
f 109 83 83
f 109 83 109
f 91 109 109
f 109 83 83
f 109 83 83
f 109 83 109
f 91 109 91
f 109 83 109
f 91 109 91
f 109 109 91
f 85 110 85
f 110 91 110
f 85 110 85
f 110 110 85
f 91 109 91
f 109 83 109
f 91 109 91
f 109 109 91
f 85 110 85
f 110 91 110
f 85 110 85
f 110 110 85
f 91 91 110
f 91 91 110
f 110 110 85
f 91 110 110
f 3 106 65
f 106 90 132
f 65 132 22
f 106 132 65
f 90 107 135
f 107 85 133
f 135 133 97
f 107 133 135
f 22 136 66
f 136 97 134
f 66 134 9
f 136 134 66
f 90 135 132
f 135 97 136
f 132 136 22
f 135 136 132
f 85 110 143
f 110 91 145
f 143 145 100
f 110 145 143
f 91 109 139
f 109 83 137
f 139 137 98
f 109 137 139
f 100 147 144
f 147 98 138
f 144 138 87
f 147 138 144
f 91 139 145
f 139 98 147
f 145 147 100
f 139 147 145
f 9 148 69
f 148 101 150
f 69 150 23
f 148 150 69
f 101 149 152
f 149 87 141
f 152 141 99
f 149 141 152
f 23 142 68
f 142 99 140
f 68 140 4
f 142 140 68
f 101 152 150
f 152 99 142
f 150 142 23
f 152 142 150
f 85 143 133
f 143 100 146
f 133 146 97
f 143 146 133
f 100 144 153
f 144 87 149
f 153 149 101
f 144 149 153
f 97 151 134
f 151 101 148
f 134 148 9
f 151 148 134
f 100 153 146
f 153 101 151
f 146 151 97
f 153 151 146
f 3 65 65
f 65 22 22
f 65 22 22
f 65 22 65
f 22 66 66
f 66 9 9
f 66 9 9
f 66 9 66
f 22 66 66
f 66 9 9
f 66 9 9
f 66 9 66
f 22 66 22
f 66 9 66
f 22 66 22
f 66 66 22
f 9 69 69
f 69 23 23
f 69 23 23
f 69 23 69
f 23 68 68
f 68 4 4
f 68 4 4
f 68 4 68
f 23 68 68
f 68 4 4
f 68 4 4
f 68 4 68
f 23 68 23
f 68 4 68
f 23 68 23
f 68 68 23
f 9 69 69
f 69 23 23
f 69 23 23
f 69 23 69
f 23 68 68
f 68 4 4
f 68 4 4
f 68 4 68
f 23 68 68
f 68 4 4
f 68 4 4
f 68 4 68
f 23 68 23
f 68 4 68
f 23 68 23
f 68 68 23
f 9 69 9
f 69 23 69
f 9 69 9
f 69 69 9
f 23 68 23
f 68 4 68
f 23 68 23
f 68 68 23
f 9 69 9
f 69 23 69
f 9 69 9
f 69 69 9
f 23 23 69
f 23 23 69
f 69 69 9
f 23 69 69
f 2 28 174
f 28 11 176
f 174 176 160
f 28 176 174
f 11 29 181
f 29 5 179
f 181 179 162
f 29 179 181
f 160 182 175
f 182 162 180
f 175 180 156
f 182 180 175
f 11 181 176
f 181 162 182
f 176 182 160
f 181 182 176
f 5 27 189
f 27 10 191
f 189 191 165
f 27 191 189
f 10 26 185
f 26 1 183
f 185 183 163
f 26 183 185
f 165 193 190
f 193 163 184
f 190 184 157
f 193 184 190
f 10 185 191
f 185 163 193
f 191 193 165
f 185 193 191
f 156 194 178
f 194 166 196
f 178 196 161
f 194 196 178
f 166 195 198
f 195 157 187
f 198 187 164
f 195 187 198
f 161 188 177
f 188 164 186
f 177 186 154
f 188 186 177
f 166 198 196
f 198 164 188
f 196 188 161
f 198 188 196
f 5 189 179
f 189 165 192
f 179 192 162
f 189 192 179
f 165 190 199
f 190 157 195
f 199 195 166
f 190 195 199
f 162 197 180
f 197 166 194
f 180 194 156
f 197 194 180
f 165 199 192
f 199 166 197
f 192 197 162
f 199 197 192
f 2 174 174
f 174 160 160
f 174 160 160
f 174 160 174
f 160 175 175
f 175 156 156
f 175 156 156
f 175 156 175
f 160 175 175
f 175 156 156
f 175 156 156
f 175 156 175
f 160 175 160
f 175 156 175
f 160 175 160
f 175 175 160
f 156 178 178
f 178 161 161
f 178 161 161
f 178 161 178
f 161 177 177
f 177 154 154
f 177 154 154
f 177 154 177
f 161 177 177
f 177 154 154
f 177 154 154
f 177 154 177
f 161 177 161
f 177 154 177
f 161 177 161
f 177 177 161
f 156 178 178
f 178 161 161
f 178 161 161
f 178 161 178
f 161 177 177
f 177 154 154
f 177 154 154
f 177 154 177
f 161 177 177
f 177 154 154
f 177 154 154
f 177 154 177
f 161 177 161
f 177 154 177
f 161 177 161
f 177 177 161
f 156 178 156
f 178 161 178
f 156 178 156
f 178 178 156
f 161 177 161
f 177 154 177
f 161 177 161
f 177 177 161
f 156 178 156
f 178 161 178
f 156 178 156
f 178 178 156
f 161 161 178
f 161 161 178
f 178 178 156
f 161 178 178
f 2 174 200
f 174 160 202
f 200 202 167
f 174 202 200
f 160 175 207
f 175 156 205
f 207 205 169
f 175 205 207
f 167 208 201
f 208 169 206
f 201 206 158
f 208 206 201
f 160 207 202
f 207 169 208
f 202 208 167
f 207 208 202
f 156 178 215
f 178 161 217
f 215 217 172
f 178 217 215
f 161 177 211
f 177 154 209
f 211 209 170
f 177 209 211
f 172 219 216
f 219 170 210
f 216 210 159
f 219 210 216
f 161 211 217
f 211 170 219
f 217 219 172
f 211 219 217
f 158 220 204
f 220 173 222
f 204 222 168
f 220 222 204
f 173 221 224
f 221 159 213
f 224 213 171
f 221 213 224
f 168 214 203
f 214 171 212
f 203 212 155
f 214 212 203
f 173 224 222
f 224 171 214
f 222 214 168
f 224 214 222
f 156 215 205
f 215 172 218
f 205 218 169
f 215 218 205
f 172 216 225
f 216 159 221
f 225 221 173
f 216 221 225
f 169 223 206
f 223 173 220
f 206 220 158
f 223 220 206
f 172 225 218
f 225 173 223
f 218 223 169
f 225 223 218
f 2 200 200
f 200 167 167
f 200 167 167
f 200 167 200
f 167 201 201
f 201 158 158
f 201 158 158
f 201 158 201
f 167 201 201
f 201 158 158
f 201 158 158
f 201 158 201
f 167 201 167
f 201 158 201
f 167 201 167
f 201 201 167
f 158 204 204
f 204 168 168
f 204 168 168
f 204 168 204
f 168 203 203
f 203 155 155
f 203 155 155
f 203 155 203
f 168 203 203
f 203 155 155
f 203 155 155
f 203 155 203
f 168 203 168
f 203 155 203
f 168 203 168
f 203 203 168
f 158 204 204
f 204 168 168
f 204 168 168
f 204 168 204
f 168 203 203
f 203 155 155
f 203 155 155
f 203 155 203
f 168 203 203
f 203 155 155
f 203 155 155
f 203 155 203
f 168 203 168
f 203 155 203
f 168 203 168
f 203 203 168
f 158 204 158
f 204 168 204
f 158 204 158
f 204 204 158
f 168 203 168
f 203 155 203
f 168 203 168
f 203 203 168
f 158 204 158
f 204 168 204
f 158 204 158
f 204 204 158
f 168 168 204
f 168 168 204
f 204 204 158
f 168 204 204
f 154 186 238
f 186 164 240
f 238 240 228
f 186 240 238
f 164 187 245
f 187 157 243
f 245 243 230
f 187 243 245
f 228 246 239
f 246 230 244
f 239 244 226
f 246 244 239
f 164 245 240
f 245 230 246
f 240 246 228
f 245 246 240
f 157 184 249
f 184 163 251
f 249 251 231
f 184 251 249
f 163 183 247
f 183 1 56
f 247 56 19
f 183 56 247
f 231 253 250
f 253 19 57
f 250 57 8
f 253 57 250
f 163 247 251
f 247 19 253
f 251 253 231
f 247 253 251
f 226 254 242
f 254 232 256
f 242 256 229
f 254 256 242
f 232 255 258
f 255 8 60
f 258 60 20
f 255 60 258
f 229 248 241
f 248 20 59
f 241 59 4
f 248 59 241
f 232 258 256
f 258 20 248
f 256 248 229
f 258 248 256
f 157 249 243
f 249 231 252
f 243 252 230
f 249 252 243
f 231 250 259
f 250 8 255
f 259 255 232
f 250 255 259
f 230 257 244
f 257 232 254
f 244 254 226
f 257 254 244
f 231 259 252
f 259 232 257
f 252 257 230
f 259 257 252
f 154 238 238
f 238 228 228
f 238 228 228
f 238 228 238
f 228 239 239
f 239 226 226
f 239 226 226
f 239 226 239
f 228 239 239
f 239 226 226
f 239 226 226
f 239 226 239
f 228 239 228
f 239 226 239
f 228 239 228
f 239 239 228
f 226 242 242
f 242 229 229
f 242 229 229
f 242 229 242
f 229 241 241
f 241 4 4
f 241 4 4
f 241 4 241
f 229 241 241
f 241 4 4
f 241 4 4
f 241 4 241
f 229 241 229
f 241 4 241
f 229 241 229
f 241 241 229
f 226 242 242
f 242 229 229
f 242 229 229
f 242 229 242
f 229 241 241
f 241 4 4
f 241 4 4
f 241 4 241
f 229 241 241
f 241 4 4
f 241 4 4
f 241 4 241
f 229 241 229
f 241 4 241
f 229 241 229
f 241 241 229
f 226 242 226
f 242 229 242
f 226 242 226
f 242 242 226
f 229 241 229
f 241 4 241
f 229 241 229
f 241 241 229
f 226 242 226
f 242 229 242
f 226 242 226
f 242 242 226
f 229 229 242
f 229 229 242
f 242 242 226
f 229 242 242
f 154 238 260
f 238 228 262
f 260 262 233
f 238 262 260
f 228 239 267
f 239 226 265
f 267 265 235
f 239 265 267
f 233 268 261
f 268 235 266
f 261 266 227
f 268 266 261
f 228 267 262
f 267 235 268
f 262 268 233
f 267 268 262
f 226 242 271
f 242 229 273
f 271 273 236
f 242 273 271
f 229 241 269
f 241 4 140
f 269 140 99
f 241 140 269
f 236 275 272
f 275 99 141
f 272 141 87
f 275 141 272
f 229 269 273
f 269 99 275
f 273 275 236
f 269 275 273
f 227 276 264
f 276 237 278
f 264 278 234
f 276 278 264
f 237 277 280
f 277 87 138
f 280 138 98
f 277 138 280
f 234 270 263
f 270 98 137
f 263 137 83
f 270 137 263
f 237 280 278
f 280 98 270
f 278 270 234
f 280 270 278
f 226 271 265
f 271 236 274
f 265 274 235
f 271 274 265
f 236 272 281
f 272 87 277
f 281 277 237
f 272 277 281
f 235 279 266
f 279 237 276
f 266 276 227
f 279 276 266
f 236 281 274
f 281 237 279
f 274 279 235
f 281 279 274
f 154 260 260
f 260 233 233
f 260 233 233
f 260 233 260
f 233 261 261
f 261 227 227
f 261 227 227
f 261 227 261
f 233 261 261
f 261 227 227
f 261 227 227
f 261 227 261
f 233 261 233
f 261 227 261
f 233 261 233
f 261 261 233
f 227 264 264
f 264 234 234
f 264 234 234
f 264 234 264
f 234 263 263
f 263 83 83
f 263 83 83
f 263 83 263
f 234 263 263
f 263 83 83
f 263 83 83
f 263 83 263
f 234 263 234
f 263 83 263
f 234 263 234
f 263 263 234
f 227 264 264
f 264 234 234
f 264 234 234
f 264 234 264
f 234 263 263
f 263 83 83
f 263 83 83
f 263 83 263
f 234 263 263
f 263 83 83
f 263 83 83
f 263 83 263
f 234 263 234
f 263 83 263
f 234 263 234
f 263 263 234
f 227 264 227
f 264 234 264
f 227 264 227
f 264 264 227
f 234 263 234
f 263 83 263
f 234 263 234
f 263 263 234
f 227 264 227
f 264 234 264
f 227 264 227
f 264 264 227
f 234 234 264
f 234 234 264
f 264 264 227
f 234 264 264
f 2 200 294
f 200 167 296
f 294 296 284
f 200 296 294
f 167 201 301
f 201 158 299
f 301 299 286
f 201 299 301
f 284 302 295
f 302 286 300
f 295 300 282
f 302 300 295
f 167 301 296
f 301 286 302
f 296 302 284
f 301 302 296
f 158 204 309
f 204 168 311
f 309 311 289
f 204 311 309
f 168 203 305
f 203 155 303
f 305 303 287
f 203 303 305
f 289 313 310
f 313 287 304
f 310 304 283
f 313 304 310
f 168 305 311
f 305 287 313
f 311 313 289
f 305 313 311
f 282 314 298
f 314 290 316
f 298 316 285
f 314 316 298
f 290 315 318
f 315 283 307
f 318 307 288
f 315 307 318
f 285 308 297
f 308 288 306
f 297 306 82
f 308 306 297
f 290 318 316
f 318 288 308
f 316 308 285
f 318 308 316
f 158 309 299
f 309 289 312
f 299 312 286
f 309 312 299
f 289 310 319
f 310 283 315
f 319 315 290
f 310 315 319
f 286 317 300
f 317 290 314
f 300 314 282
f 317 314 300
f 289 319 312
f 319 290 317
f 312 317 286
f 319 317 312
f 2 294 294
f 294 284 284
f 294 284 284
f 294 284 294
f 284 295 295
f 295 282 282
f 295 282 282
f 295 282 295
f 284 295 295
f 295 282 282
f 295 282 282
f 295 282 295
f 284 295 284
f 295 282 295
f 284 295 284
f 295 295 284
f 282 298 298
f 298 285 285
f 298 285 285
f 298 285 298
f 285 297 297
f 297 82 82
f 297 82 82
f 297 82 297
f 285 297 297
f 297 82 82
f 297 82 82
f 297 82 297
f 285 297 285
f 297 82 297
f 285 297 285
f 297 297 285
f 282 298 298
f 298 285 285
f 298 285 285
f 298 285 298
f 285 297 297
f 297 82 82
f 297 82 82
f 297 82 297
f 285 297 297
f 297 82 82
f 297 82 82
f 297 82 297
f 285 297 285
f 297 82 297
f 285 297 285
f 297 297 285
f 282 298 282
f 298 285 298
f 282 298 282
f 298 298 282
f 285 297 285
f 297 82 297
f 285 297 285
f 297 297 285
f 282 298 282
f 298 285 298
f 282 298 282
f 298 298 282
f 285 285 298
f 285 285 298
f 298 298 282
f 285 298 298
f 2 294 39
f 294 284 320
f 39 320 15
f 294 320 39
f 284 295 323
f 295 282 321
f 323 321 291
f 295 321 323
f 15 324 40
f 324 291 322
f 40 322 7
f 324 322 40
f 284 323 320
f 323 291 324
f 320 324 15
f 323 324 320
f 282 298 327
f 298 285 329
f 327 329 292
f 298 329 327
f 285 297 325
f 297 82 104
f 325 104 89
f 297 104 325
f 292 331 328
f 331 89 105
f 328 105 84
f 331 105 328
f 285 325 329
f 325 89 331
f 329 331 292
f 325 331 329
f 7 332 43
f 332 293 334
f 43 334 16
f 332 334 43
f 293 333 336
f 333 84 103
f 336 103 88
f 333 103 336
f 16 326 42
f 326 88 102
f 42 102 3
f 326 102 42
f 293 336 334
f 336 88 326
f 334 326 16
f 336 326 334
f 282 327 321
f 327 292 330
f 321 330 291
f 327 330 321
f 292 328 337
f 328 84 333
f 337 333 293
f 328 333 337
f 291 335 322
f 335 293 332
f 322 332 7
f 335 332 322
f 292 337 330
f 337 293 335
f 330 335 291
f 337 335 330
f 2 39 39
f 39 15 15
f 39 15 15
f 39 15 39
f 15 40 40
f 40 7 7
f 40 7 7
f 40 7 40
f 15 40 40
f 40 7 7
f 40 7 7
f 40 7 40
f 15 40 15
f 40 7 40
f 15 40 15
f 40 40 15
f 7 43 43
f 43 16 16
f 43 16 16
f 43 16 43
f 16 42 42
f 42 3 3
f 42 3 3
f 42 3 42
f 16 42 42
f 42 3 3
f 42 3 3
f 42 3 42
f 16 42 16
f 42 3 42
f 16 42 16
f 42 42 16
f 7 43 43
f 43 16 16
f 43 16 16
f 43 16 43
f 16 42 42
f 42 3 3
f 42 3 3
f 42 3 42
f 16 42 42
f 42 3 3
f 42 3 3
f 42 3 42
f 16 42 16
f 42 3 42
f 16 42 16
f 42 42 16
f 7 43 7
f 43 16 43
f 7 43 7
f 43 43 7
f 16 42 16
f 42 3 42
f 16 42 16
f 42 42 16
f 7 43 7
f 43 16 43
f 7 43 7
f 43 43 7
f 16 16 43
f 16 16 43
f 43 43 7
f 16 43 43
f 338 413 417
f 413 362 419
f 417 419 364
f 413 419 417
f 362 414 424
f 414 347 422
f 424 422 366
f 414 422 424
f 364 425 418
f 425 366 423
f 418 423 348
f 425 423 418
f 362 424 419
f 424 366 425
f 419 425 364
f 424 425 419
f 347 416 432
f 416 363 434
f 432 434 369
f 416 434 432
f 363 415 428
f 415 339 426
f 428 426 367
f 415 426 428
f 369 436 433
f 436 367 427
f 433 427 349
f 436 427 433
f 363 428 434
f 428 367 436
f 434 436 369
f 428 436 434
f 348 437 421
f 437 370 439
f 421 439 365
f 437 439 421
f 370 438 441
f 438 349 430
f 441 430 368
f 438 430 441
f 365 431 420
f 431 368 429
f 420 429 340
f 431 429 420
f 370 441 439
f 441 368 431
f 439 431 365
f 441 431 439
f 347 432 422
f 432 369 435
f 422 435 366
f 432 435 422
f 369 433 442
f 433 349 438
f 442 438 370
f 433 438 442
f 366 440 423
f 440 370 437
f 423 437 348
f 440 437 423
f 369 442 435
f 442 370 440
f 435 440 366
f 442 440 435
f 338 417 417
f 417 364 364
f 417 364 364
f 417 364 417
f 364 418 418
f 418 348 348
f 418 348 348
f 418 348 418
f 364 418 418
f 418 348 348
f 418 348 348
f 418 348 418
f 364 418 364
f 418 348 418
f 364 418 364
f 418 418 364
f 348 421 421
f 421 365 365
f 421 365 365
f 421 365 421
f 365 420 420
f 420 340 340
f 420 340 340
f 420 340 420
f 365 420 420
f 420 340 340
f 420 340 340
f 420 340 420
f 365 420 365
f 420 340 420
f 365 420 365
f 420 420 365
f 348 421 421
f 421 365 365
f 421 365 365
f 421 365 421
f 365 420 420
f 420 340 340
f 420 340 340
f 420 340 420
f 365 420 420
f 420 340 340
f 420 340 340
f 420 340 420
f 365 420 365
f 420 340 420
f 365 420 365
f 420 420 365
f 348 421 348
f 421 365 421
f 348 421 348
f 421 421 348
f 365 420 365
f 420 340 420
f 365 420 365
f 420 420 365
f 348 421 348
f 421 365 421
f 348 421 348
f 421 421 348
f 365 365 421
f 365 365 421
f 421 421 348
f 365 421 421
f 341 446 455
f 446 372 457
f 455 457 375
f 446 457 455
f 372 447 465
f 447 350 463
f 465 463 377
f 447 463 465
f 375 467 456
f 467 377 464
f 456 464 351
f 467 464 456
f 372 465 457
f 465 377 467
f 457 467 375
f 465 467 457
f 350 444 449
f 444 371 451
f 449 451 373
f 444 451 449
f 371 443 445
f 443 338 417
f 445 417 364
f 443 417 445
f 373 450 448
f 450 364 418
f 448 418 348
f 450 418 448
f 371 445 451
f 445 364 450
f 451 450 373
f 445 450 451
f 351 459 453
f 459 376 462
f 453 462 374
f 459 462 453
f 376 458 460
f 458 348 421
f 460 421 365
f 458 421 460
f 374 454 452
f 454 365 420
f 452 420 340
f 454 420 452
f 376 460 462
f 460 365 454
f 462 454 374
f 460 454 462
f 350 449 463
f 449 373 466
f 463 466 377
f 449 466 463
f 373 448 461
f 448 348 458
f 461 458 376
f 448 458 461
f 377 468 464
f 468 376 459
f 464 459 351
f 468 459 464
f 373 461 466
f 461 376 468
f 466 468 377
f 461 468 466
f 341 455 455
f 455 375 375
f 455 375 375
f 455 375 455
f 375 456 456
f 456 351 351
f 456 351 351
f 456 351 456
f 375 456 456
f 456 351 351
f 456 351 351
f 456 351 456
f 375 456 375
f 456 351 456
f 375 456 375
f 456 456 375
f 351 453 453
f 453 374 374
f 453 374 374
f 453 374 453
f 374 452 452
f 452 340 340
f 452 340 340
f 452 340 452
f 374 452 452
f 452 340 340
f 452 340 340
f 452 340 452
f 374 452 374
f 452 340 452
f 374 452 374
f 452 452 374
f 351 453 453
f 453 374 374
f 453 374 374
f 453 374 453
f 374 452 452
f 452 340 340
f 452 340 340
f 452 340 452
f 374 452 452
f 452 340 340
f 452 340 340
f 452 340 452
f 374 452 374
f 452 340 452
f 374 452 374
f 452 452 374
f 351 453 351
f 453 374 453
f 351 453 351
f 453 453 351
f 374 452 374
f 452 340 452
f 374 452 374
f 452 452 374
f 351 453 351
f 453 374 453
f 351 453 351
f 453 453 351
f 374 374 453
f 374 374 453
f 453 453 351
f 374 453 453
f 342 471 482
f 471 379 484
f 482 484 383
f 471 484 482
f 379 472 490
f 472 352 488
f 490 488 385
f 472 488 490
f 383 492 483
f 492 385 489
f 483 489 354
f 492 489 483
f 379 490 484
f 490 385 492
f 484 492 383
f 490 492 484
f 352 470 478
f 470 378 480
f 478 480 382
f 470 480 478
f 378 469 475
f 469 338 473
f 475 473 380
f 469 473 475
f 382 481 479
f 481 380 474
f 479 474 353
f 481 474 479
f 378 475 480
f 475 380 481
f 480 481 382
f 475 481 480
f 354 494 486
f 494 386 497
f 486 497 384
f 494 497 486
f 386 493 495
f 493 353 477
f 495 477 381
f 493 477 495
f 384 487 485
f 487 381 476
f 485 476 343
f 487 476 485
f 386 495 497
f 495 381 487
f 497 487 384
f 495 487 497
f 352 478 488
f 478 382 491
f 488 491 385
f 478 491 488
f 382 479 496
f 479 353 493
f 496 493 386
f 479 493 496
f 385 498 489
f 498 386 494
f 489 494 354
f 498 494 489
f 382 496 491
f 496 386 498
f 491 498 385
f 496 498 491
f 342 482 482
f 482 383 383
f 482 383 383
f 482 383 482
f 383 483 483
f 483 354 354
f 483 354 354
f 483 354 483
f 383 483 483
f 483 354 354
f 483 354 354
f 483 354 483
f 383 483 383
f 483 354 483
f 383 483 383
f 483 483 383
f 354 486 486
f 486 384 384
f 486 384 384
f 486 384 486
f 384 485 485
f 485 343 343
f 485 343 343
f 485 343 485
f 384 485 485
f 485 343 343
f 485 343 343
f 485 343 485
f 384 485 384
f 485 343 485
f 384 485 384
f 485 485 384
f 354 486 486
f 486 384 384
f 486 384 384
f 486 384 486
f 384 485 485
f 485 343 343
f 485 343 343
f 485 343 485
f 384 485 485
f 485 343 343
f 485 343 343
f 485 343 485
f 384 485 384
f 485 343 485
f 384 485 384
f 485 485 384
f 354 486 354
f 486 384 486
f 354 486 354
f 486 486 354
f 384 485 384
f 485 343 485
f 384 485 384
f 485 485 384
f 354 486 354
f 486 384 486
f 354 486 354
f 486 486 354
f 384 384 486
f 384 384 486
f 486 486 354
f 384 486 486
f 343 508 485
f 508 390 510
f 485 510 384
f 508 510 485
f 390 509 518
f 509 356 515
f 518 515 392
f 509 515 518
f 384 516 486
f 516 392 514
f 486 514 354
f 516 514 486
f 390 518 510
f 518 392 516
f 510 516 384
f 518 516 510
f 356 512 520
f 512 391 523
f 520 523 393
f 512 523 520
f 391 511 513
f 511 344 502
f 513 502 388
f 511 502 513
f 393 521 519
f 521 388 503
f 519 503 355
f 521 503 519
f 391 513 523
f 513 388 521
f 523 521 393
f 513 521 523
f 354 504 483
f 504 389 506
f 483 506 383
f 504 506 483
f 389 505 507
f 505 355 500
f 507 500 387
f 505 500 507
f 383 501 482
f 501 387 499
f 482 499 342
f 501 499 482
f 389 507 506
f 507 387 501
f 506 501 383
f 507 501 506
f 356 520 515
f 520 393 524
f 515 524 392
f 520 524 515
f 393 519 522
f 519 355 505
f 522 505 389
f 519 505 522
f 392 517 514
f 517 389 504
f 514 504 354
f 517 504 514
f 393 522 524
f 522 389 517
f 524 517 392
f 522 517 524
f 343 485 485
f 485 384 384
f 485 384 384
f 485 384 485
f 384 486 486
f 486 354 354
f 486 354 354
f 486 354 486
f 384 486 486
f 486 354 354
f 486 354 354
f 486 354 486
f 384 486 384
f 486 354 486
f 384 486 384
f 486 486 384
f 354 483 483
f 483 383 383
f 483 383 383
f 483 383 483
f 383 482 482
f 482 342 342
f 482 342 342
f 482 342 482
f 383 482 482
f 482 342 342
f 482 342 342
f 482 342 482
f 383 482 383
f 482 342 482
f 383 482 383
f 482 482 383
f 354 483 483
f 483 383 383
f 483 383 383
f 483 383 483
f 383 482 482
f 482 342 342
f 482 342 342
f 482 342 482
f 383 482 482
f 482 342 342
f 482 342 342
f 482 342 482
f 383 482 383
f 482 342 482
f 383 482 383
f 482 482 383
f 354 483 354
f 483 383 483
f 354 483 354
f 483 483 354
f 383 482 383
f 482 342 482
f 383 482 383
f 482 482 383
f 354 483 354
f 483 383 483
f 354 483 354
f 483 483 354
f 383 383 483
f 383 383 483
f 483 483 354
f 383 483 483
f 345 582 542
f 582 409 584
f 542 584 399
f 582 584 542
f 409 583 592
f 583 361 589
f 592 589 411
f 583 589 592
f 399 590 543
f 590 411 588
f 543 588 358
f 590 588 543
f 409 592 584
f 592 411 590
f 584 590 399
f 592 590 584
f 361 586 594
f 586 410 597
f 594 597 412
f 586 597 594
f 410 585 587
f 585 346 576
f 587 576 407
f 585 576 587
f 412 595 593
f 595 407 577
f 593 577 360
f 595 577 593
f 410 587 597
f 587 407 595
f 597 595 412
f 587 595 597
f 358 578 540
f 578 408 580
f 540 580 398
f 578 580 540
f 408 579 581
f 579 360 574
f 581 574 406
f 579 574 581
f 398 575 539
f 575 406 573
f 539 573 339
f 575 573 539
f 408 581 580
f 581 406 575
f 580 575 398
f 581 575 580
f 361 594 589
f 594 412 598
f 589 598 411
f 594 598 589
f 412 593 596
f 593 360 579
f 596 579 408
f 593 579 596
f 411 591 588
f 591 408 578
f 588 578 358
f 591 578 588
f 412 596 598
f 596 408 591
f 598 591 411
f 596 591 598
f 345 542 542
f 542 399 399
f 542 399 399
f 542 399 542
f 399 543 543
f 543 358 358
f 543 358 358
f 543 358 543
f 399 543 543
f 543 358 358
f 543 358 358
f 543 358 543
f 399 543 399
f 543 358 543
f 399 543 399
f 543 543 399
f 358 540 540
f 540 398 398
f 540 398 398
f 540 398 540
f 398 539 539
f 539 339 339
f 539 339 339
f 539 339 539
f 398 539 539
f 539 339 339
f 539 339 339
f 539 339 539
f 398 539 398
f 539 339 539
f 398 539 398
f 539 539 398
f 358 540 540
f 540 398 398
f 540 398 398
f 540 398 540
f 398 539 539
f 539 339 339
f 539 339 339
f 539 339 539
f 398 539 539
f 539 339 339
f 539 339 339
f 539 339 539
f 398 539 398
f 539 339 539
f 398 539 398
f 539 539 398
f 358 540 358
f 540 398 540
f 358 540 358
f 540 540 358
f 398 539 398
f 539 339 539
f 398 539 398
f 539 539 398
f 358 540 358
f 540 398 540
f 358 540 358
f 540 540 358
f 398 398 540
f 398 398 540
f 540 540 358
f 398 540 540
f 339 415 539
f 415 363 541
f 539 541 398
f 415 541 539
f 363 416 547
f 416 347 545
f 547 545 400
f 416 545 547
f 398 549 540
f 549 400 546
f 540 546 358
f 549 546 540
f 363 547 541
f 547 400 549
f 541 549 398
f 547 549 541
f 347 414 531
f 414 362 533
f 531 533 396
f 414 533 531
f 362 413 527
f 413 338 525
f 527 525 394
f 413 525 527
f 396 534 532
f 534 394 526
f 532 526 357
f 534 526 532
f 362 527 533
f 527 394 534
f 533 534 396
f 527 534 533
f 358 551 543
f 551 401 554
f 543 554 399
f 551 554 543
f 401 550 552
f 550 357 530
f 552 530 395
f 550 530 552
f 399 544 542
f 544 395 529
f 542 529 345
f 544 529 542
f 401 552 554
f 552 395 544
f 554 544 399
f 552 544 554
f 347 531 545
f 531 396 548
f 545 548 400
f 531 548 545
f 396 532 553
f 532 357 550
f 553 550 401
f 532 550 553
f 400 555 546
f 555 401 551
f 546 551 358
f 555 551 546
f 396 553 548
f 553 401 555
f 548 555 400
f 553 555 548
f 339 539 539
f 539 398 398
f 539 398 398
f 539 398 539
f 398 540 540
f 540 358 358
f 540 358 358
f 540 358 540
f 398 540 540
f 540 358 358
f 540 358 358
f 540 358 540
f 398 540 398
f 540 358 540
f 398 540 398
f 540 540 398
f 358 543 543
f 543 399 399
f 543 399 399
f 543 399 543
f 399 542 542
f 542 345 345
f 542 345 345
f 542 345 542
f 399 542 542
f 542 345 345
f 542 345 345
f 542 345 542
f 399 542 399
f 542 345 542
f 399 542 399
f 542 542 399
f 358 543 543
f 543 399 399
f 543 399 399
f 543 399 543
f 399 542 542
f 542 345 345
f 542 345 345
f 542 345 542
f 399 542 542
f 542 345 345
f 542 345 345
f 542 345 542
f 399 542 399
f 542 345 542
f 399 542 399
f 542 542 399
f 358 543 358
f 543 399 543
f 358 543 358
f 543 543 358
f 399 542 399
f 542 345 542
f 399 542 399
f 542 542 399
f 358 543 358
f 543 399 543
f 358 543 358
f 543 543 358
f 399 399 543
f 399 399 543
f 543 543 358
f 399 543 543
f 338 469 525
f 469 378 528
f 525 528 394
f 469 528 525
f 378 470 537
f 470 352 535
f 537 535 397
f 470 535 537
f 394 538 526
f 538 397 536
f 526 536 357
f 538 536 526
f 378 537 528
f 537 397 538
f 528 538 394
f 537 538 528
f 352 472 562
f 472 379 564
f 562 564 404
f 472 564 562
f 379 471 558
f 471 342 556
f 558 556 402
f 471 556 558
f 404 566 563
f 566 402 557
f 563 557 359
f 566 557 563
f 379 558 564
f 558 402 566
f 564 566 404
f 558 566 564
f 357 567 530
f 567 405 569
f 530 569 395
f 567 569 530
f 405 568 571
f 568 359 560
f 571 560 403
f 568 560 571
f 395 561 529
f 561 403 559
f 529 559 345
f 561 559 529
f 405 571 569
f 571 403 561
f 569 561 395
f 571 561 569
f 352 562 535
f 562 404 565
f 535 565 397
f 562 565 535
f 404 563 572
f 563 359 568
f 572 568 405
f 563 568 572
f 397 570 536
f 570 405 567
f 536 567 357
f 570 567 536
f 404 572 565
f 572 405 570
f 565 570 397
f 572 570 565
f 338 525 525
f 525 394 394
f 525 394 394
f 525 394 525
f 394 526 526
f 526 357 357
f 526 357 357
f 526 357 526
f 394 526 526
f 526 357 357
f 526 357 357
f 526 357 526
f 394 526 394
f 526 357 526
f 394 526 394
f 526 526 394
f 357 530 530
f 530 395 395
f 530 395 395
f 530 395 530
f 395 529 529
f 529 345 345
f 529 345 345
f 529 345 529
f 395 529 529
f 529 345 345
f 529 345 345
f 529 345 529
f 395 529 395
f 529 345 529
f 395 529 395
f 529 529 395
f 357 530 530
f 530 395 395
f 530 395 395
f 530 395 530
f 395 529 529
f 529 345 345
f 529 345 345
f 529 345 529
f 395 529 529
f 529 345 345
f 529 345 345
f 529 345 529
f 395 529 395
f 529 345 529
f 395 529 395
f 529 529 395
f 357 530 357
f 530 395 530
f 357 530 357
f 530 530 357
f 395 529 395
f 529 345 529
f 395 529 395
f 529 529 395
f 357 530 357
f 530 395 530
f 357 530 357
f 530 530 357
f 395 395 530
f 395 395 530
f 530 530 357
f 395 530 530
f 599 724 728
f 724 635 730
f 728 730 637
f 724 730 728
f 635 725 735
f 725 610 733
f 735 733 639
f 725 733 735
f 637 736 729
f 736 639 734
f 729 734 611
f 736 734 729
f 635 735 730
f 735 639 736
f 730 736 637
f 735 736 730
f 610 727 743
f 727 636 745
f 743 745 642
f 727 745 743
f 636 726 739
f 726 600 737
f 739 737 640
f 726 737 739
f 642 747 744
f 747 640 738
f 744 738 612
f 747 738 744
f 636 739 745
f 739 640 747
f 745 747 642
f 739 747 745
f 611 748 732
f 748 643 750
f 732 750 638
f 748 750 732
f 643 749 752
f 749 612 741
f 752 741 641
f 749 741 752
f 638 742 731
f 742 641 740
f 731 740 601
f 742 740 731
f 643 752 750
f 752 641 742
f 750 742 638
f 752 742 750
f 610 743 733
f 743 642 746
f 733 746 639
f 743 746 733
f 642 744 753
f 744 612 749
f 753 749 643
f 744 749 753
f 639 751 734
f 751 643 748
f 734 748 611
f 751 748 734
f 642 753 746
f 753 643 751
f 746 751 639
f 753 751 746
f 599 728 728
f 728 637 637
f 728 637 637
f 728 637 728
f 637 729 729
f 729 611 611
f 729 611 611
f 729 611 729
f 637 729 729
f 729 611 611
f 729 611 611
f 729 611 729
f 637 729 637
f 729 611 729
f 637 729 637
f 729 729 637
f 611 732 732
f 732 638 638
f 732 638 638
f 732 638 732
f 638 731 731
f 731 601 601
f 731 601 601
f 731 601 731
f 638 731 731
f 731 601 601
f 731 601 601
f 731 601 731
f 638 731 638
f 731 601 731
f 638 731 638
f 731 731 638
f 611 732 732
f 732 638 638
f 732 638 638
f 732 638 732
f 638 731 731
f 731 601 601
f 731 601 601
f 731 601 731
f 638 731 731
f 731 601 601
f 731 601 601
f 731 601 731
f 638 731 638
f 731 601 731
f 638 731 638
f 731 731 638
f 611 732 611
f 732 638 732
f 611 732 611
f 732 732 611
f 638 731 638
f 731 601 731
f 638 731 638
f 731 731 638
f 611 732 611
f 732 638 732
f 611 732 611
f 732 732 611
f 638 638 732
f 638 638 732
f 732 732 611
f 638 732 732
f 602 766 789
f 766 648 791
f 789 791 654
f 766 791 789
f 648 767 797
f 767 614 795
f 797 795 656
f 767 795 797
f 654 799 790
f 799 656 796
f 790 796 616
f 799 796 790
f 648 797 791
f 797 656 799
f 791 799 654
f 797 799 791
f 614 764 785
f 764 647 787
f 785 787 653
f 764 787 785
f 647 763 782
f 763 601 780
f 782 780 651
f 763 780 782
f 653 788 786
f 788 651 781
f 786 781 615
f 788 781 786
f 647 782 787
f 782 651 788
f 787 788 653
f 782 788 787
f 616 801 793
f 801 657 804
f 793 804 655
f 801 804 793
f 657 800 802
f 800 615 784
f 802 784 652
f 800 784 802
f 655 794 792
f 794 652 783
f 792 783 603
f 794 783 792
f 657 802 804
f 802 652 794
f 804 794 655
f 802 794 804
f 614 785 795
f 785 653 798
f 795 798 656
f 785 798 795
f 653 786 803
f 786 615 800
f 803 800 657
f 786 800 803
f 656 805 796
f 805 657 801
f 796 801 616
f 805 801 796
f 653 803 798
f 803 657 805
f 798 805 656
f 803 805 798
f 602 789 789
f 789 654 654
f 789 654 654
f 789 654 789
f 654 790 790
f 790 616 616
f 790 616 616
f 790 616 790
f 654 790 790
f 790 616 616
f 790 616 616
f 790 616 790
f 654 790 654
f 790 616 790
f 654 790 654
f 790 790 654
f 616 793 793
f 793 655 655
f 793 655 655
f 793 655 793
f 655 792 792
f 792 603 603
f 792 603 603
f 792 603 792
f 655 792 792
f 792 603 603
f 792 603 603
f 792 603 792
f 655 792 655
f 792 603 792
f 655 792 655
f 792 792 655
f 616 793 793
f 793 655 655
f 793 655 655
f 793 655 793
f 655 792 792
f 792 603 603
f 792 603 603
f 792 603 792
f 655 792 792
f 792 603 603
f 792 603 603
f 792 603 792
f 655 792 655
f 792 603 792
f 655 792 655
f 792 792 655
f 616 793 616
f 793 655 793
f 616 793 616
f 793 793 616
f 655 792 655
f 792 603 792
f 655 792 655
f 792 792 655
f 616 793 616
f 793 655 793
f 616 793 616
f 793 793 616
f 655 655 793
f 655 655 793
f 793 793 616
f 655 793 793
f 601 763 731
f 763 647 765
f 731 765 638
f 763 765 731
f 647 764 773
f 764 614 770
f 773 770 649
f 764 770 773
f 638 771 732
f 771 649 769
f 732 769 611
f 771 769 732
f 647 773 765
f 773 649 771
f 765 771 638
f 773 771 765
f 614 767 775
f 767 648 778
f 775 778 650
f 767 778 775
f 648 766 768
f 766 602 757
f 768 757 645
f 766 757 768
f 650 776 774
f 776 645 758
f 774 758 613
f 776 758 774
f 648 768 778
f 768 645 776
f 778 776 650
f 768 776 778
f 611 759 729
f 759 646 761
f 729 761 637
f 759 761 729
f 646 760 762
f 760 613 755
f 762 755 644
f 760 755 762
f 637 756 728
f 756 644 754
f 728 754 599
f 756 754 728
f 646 762 761
f 762 644 756
f 761 756 637
f 762 756 761
f 614 775 770
f 775 650 779
f 770 779 649
f 775 779 770
f 650 774 777
f 774 613 760
f 777 760 646
f 774 760 777
f 649 772 769
f 772 646 759
f 769 759 611
f 772 759 769
f 650 777 779
f 777 646 772
f 779 772 649
f 777 772 779
f 601 731 731
f 731 638 638
f 731 638 638
f 731 638 731
f 638 732 732
f 732 611 611
f 732 611 611
f 732 611 732
f 638 732 732
f 732 611 611
f 732 611 611
f 732 611 732
f 638 732 638
f 732 611 732
f 638 732 638
f 732 732 638
f 611 729 729
f 729 637 637
f 729 637 637
f 729 637 729
f 637 728 728
f 728 599 599
f 728 599 599
f 728 599 728
f 637 728 728
f 728 599 599
f 728 599 599
f 728 599 728
f 637 728 637
f 728 599 728
f 637 728 637
f 728 728 637
f 611 729 729
f 729 637 637
f 729 637 637
f 729 637 729
f 637 728 728
f 728 599 599
f 728 599 599
f 728 599 728
f 637 728 728
f 728 599 599
f 728 599 599
f 728 599 728
f 637 728 637
f 728 599 728
f 637 728 637
f 728 728 637
f 611 729 611
f 729 637 729
f 611 729 611
f 729 729 611
f 637 728 637
f 728 599 728
f 637 728 637
f 728 728 637
f 611 729 611
f 729 637 729
f 611 729 611
f 729 729 611
f 637 637 729
f 637 637 729
f 729 729 611
f 637 729 729
f 604 841 818
f 841 668 843
f 818 843 662
f 841 843 818
f 668 842 851
f 842 620 848
f 851 848 670
f 842 848 851
f 662 849 819
f 849 670 847
f 819 847 618
f 849 847 819
f 668 851 843
f 851 670 849
f 843 849 662
f 851 849 843
f 620 845 853
f 845 669 856
f 853 856 671
f 845 856 853
f 669 844 846
f 844 340 835
f 846 835 666
f 844 835 846
f 671 854 852
f 854 666 836
f 852 836 619
f 854 836 852
f 669 846 856
f 846 666 854
f 856 854 671
f 846 854 856
f 618 837 816
f 837 667 839
f 816 839 661
f 837 839 816
f 667 838 840
f 838 619 833
f 840 833 665
f 838 833 840
f 661 834 815
f 834 665 832
f 815 832 600
f 834 832 815
f 667 840 839
f 840 665 834
f 839 834 661
f 840 834 839
f 620 853 848
f 853 671 857
f 848 857 670
f 853 857 848
f 671 852 855
f 852 619 838
f 855 838 667
f 852 838 855
f 670 850 847
f 850 667 837
f 847 837 618
f 850 837 847
f 671 855 857
f 855 667 850
f 857 850 670
f 855 850 857
f 604 818 818
f 818 662 662
f 818 662 662
f 818 662 818
f 662 819 819
f 819 618 618
f 819 618 618
f 819 618 819
f 662 819 819
f 819 618 618
f 819 618 618
f 819 618 819
f 662 819 662
f 819 618 819
f 662 819 662
f 819 819 662
f 618 816 816
f 816 661 661
f 816 661 661
f 816 661 816
f 661 815 815
f 815 600 600
f 815 600 600
f 815 600 815
f 661 815 815
f 815 600 600
f 815 600 600
f 815 600 815
f 661 815 661
f 815 600 815
f 661 815 661
f 815 815 661
f 618 816 816
f 816 661 661
f 816 661 661
f 816 661 816
f 661 815 815
f 815 600 600
f 815 600 600
f 815 600 815
f 661 815 815
f 815 600 600
f 815 600 600
f 815 600 815
f 661 815 661
f 815 600 815
f 661 815 661
f 815 815 661
f 618 816 618
f 816 661 816
f 618 816 618
f 816 816 618
f 661 815 661
f 815 600 815
f 661 815 661
f 815 815 661
f 618 816 618
f 816 661 816
f 618 816 618
f 816 816 618
f 661 661 816
f 661 661 816
f 816 816 618
f 661 816 816
f 604 818 809
f 818 662 820
f 809 820 659
f 818 820 809
f 662 819 830
f 819 618 827
f 830 827 664
f 819 827 830
f 659 828 810
f 828 664 826
f 810 826 617
f 828 826 810
f 662 830 820
f 830 664 828
f 820 828 659
f 830 828 820
f 618 816 822
f 816 661 825
f 822 825 663
f 816 825 822
f 661 815 817
f 815 600 726
f 817 726 636
f 815 726 817
f 663 823 821
f 823 636 727
f 821 727 610
f 823 727 821
f 661 817 825
f 817 636 823
f 825 823 663
f 817 823 825
f 617 812 807
f 812 660 814
f 807 814 658
f 812 814 807
f 660 811 813
f 811 610 725
f 813 725 635
f 811 725 813
f 658 808 806
f 808 635 724
f 806 724 599
f 808 724 806
f 660 813 814
f 813 635 808
f 814 808 658
f 813 808 814
f 618 822 827
f 822 663 831
f 827 831 664
f 822 831 827
f 663 821 824
f 821 610 811
f 824 811 660
f 821 811 824
f 664 829 826
f 829 660 812
f 826 812 617
f 829 812 826
f 663 824 831
f 824 660 829
f 831 829 664
f 824 829 831
f 604 809 809
f 809 659 659
f 809 659 659
f 809 659 809
f 659 810 810
f 810 617 617
f 810 617 617
f 810 617 810
f 659 810 810
f 810 617 617
f 810 617 617
f 810 617 810
f 659 810 659
f 810 617 810
f 659 810 659
f 810 810 659
f 617 807 807
f 807 658 658
f 807 658 658
f 807 658 807
f 658 806 806
f 806 599 599
f 806 599 599
f 806 599 806
f 658 806 806
f 806 599 599
f 806 599 599
f 806 599 806
f 658 806 658
f 806 599 806
f 658 806 658
f 806 806 658
f 617 807 807
f 807 658 658
f 807 658 658
f 807 658 807
f 658 806 806
f 806 599 599
f 806 599 599
f 806 599 806
f 658 806 806
f 806 599 599
f 806 599 599
f 806 599 806
f 658 806 658
f 806 599 806
f 658 806 658
f 806 806 658
f 617 807 617
f 807 658 807
f 617 807 617
f 807 807 617
f 658 806 658
f 806 599 806
f 658 806 658
f 806 806 658
f 617 807 617
f 807 658 807
f 617 807 617
f 807 807 617
f 658 658 807
f 658 658 807
f 807 807 617
f 658 807 807
f 605 862 897
f 862 674 900
f 897 900 684
f 862 900 897
f 674 863 911
f 863 622 909
f 911 909 687
f 863 909 911
f 684 912 898
f 912 687 910
f 898 910 625
f 912 910 898
f 674 911 900
f 911 687 912
f 900 912 684
f 911 912 900
f 622 865 925
f 865 675 927
f 925 927 691
f 865 927 925
f 675 864 921
f 864 606 919
f 921 919 689
f 864 919 921
f 691 929 926
f 929 689 920
f 926 920 626
f 929 920 926
f 675 921 927
f 921 689 929
f 927 929 691
f 921 929 927
f 625 930 902
f 930 692 932
f 902 932 685
f 930 932 902
f 692 931 934
f 931 626 923
f 934 923 690
f 931 923 934
f 685 924 901
f 924 690 922
f 901 922 607
f 924 922 901
f 692 934 932
f 934 690 924
f 932 924 685
f 934 924 932
f 622 925 909
f 925 691 928
f 909 928 687
f 925 928 909
f 691 926 935
f 926 626 931
f 935 931 692
f 926 931 935
f 687 933 910
f 933 692 930
f 910 930 625
f 933 930 910
f 691 935 928
f 935 692 933
f 928 933 687
f 935 933 928
f 605 897 897
f 897 684 684
f 897 684 684
f 897 684 897
f 684 898 898
f 898 625 625
f 898 625 625
f 898 625 898
f 684 898 898
f 898 625 625
f 898 625 625
f 898 625 898
f 684 898 684
f 898 625 898
f 684 898 684
f 898 898 684
f 625 902 902
f 902 685 685
f 902 685 685
f 902 685 902
f 685 901 901
f 901 607 607
f 901 607 607
f 901 607 901
f 685 901 901
f 901 607 607
f 901 607 607
f 901 607 901
f 685 901 685
f 901 607 901
f 685 901 685
f 901 901 685
f 625 902 902
f 902 685 685
f 902 685 685
f 902 685 902
f 685 901 901
f 901 607 607
f 901 607 607
f 901 607 901
f 685 901 901
f 901 607 607
f 901 607 607
f 901 607 901
f 685 901 685
f 901 607 901
f 685 901 685
f 901 901 685
f 625 902 625
f 902 685 902
f 625 902 625
f 902 902 625
f 685 901 685
f 901 607 901
f 685 901 685
f 901 901 685
f 625 902 625
f 902 685 902
f 625 902 625
f 902 902 625
f 685 685 902
f 685 685 902
f 902 902 625
f 685 902 902
f 605 936 862
f 936 693 938
f 862 938 674
f 936 938 862
f 693 937 944
f 937 627 942
f 944 942 695
f 937 942 944
f 674 943 863
f 943 695 941
f 863 941 622
f 943 941 863
f 693 944 938
f 944 695 943
f 938 943 674
f 944 943 938
f 627 940 956
f 940 694 958
f 956 958 699
f 940 958 956
f 694 939 950
f 939 341 948
f 950 948 697
f 939 948 950
f 699 960 957
f 960 697 949
f 957 949 628
f 960 949 957
f 694 950 958
f 950 697 960
f 958 960 699
f 950 960 958
f 622 951 865
f 951 698 953
f 865 953 675
f 951 953 865
f 698 952 955
f 952 628 946
f 955 946 696
f 952 946 955
f 675 947 864
f 947 696 945
f 864 945 606
f 947 945 864
f 698 955 953
f 955 696 947
f 953 947 675
f 955 947 953
f 627 956 942
f 956 699 959
f 942 959 695
f 956 959 942
f 699 957 961
f 957 628 952
f 961 952 698
f 957 952 961
f 695 954 941
f 954 698 951
f 941 951 622
f 954 951 941
f 699 961 959
f 961 698 954
f 959 954 695
f 961 954 959
f 605 862 862
f 862 674 674
f 862 674 674
f 862 674 862
f 674 863 863
f 863 622 622
f 863 622 622
f 863 622 863
f 674 863 863
f 863 622 622
f 863 622 622
f 863 622 863
f 674 863 674
f 863 622 863
f 674 863 674
f 863 863 674
f 622 865 865
f 865 675 675
f 865 675 675
f 865 675 865
f 675 864 864
f 864 606 606
f 864 606 606
f 864 606 864
f 675 864 864
f 864 606 606
f 864 606 606
f 864 606 864
f 675 864 675
f 864 606 864
f 675 864 675
f 864 864 675
f 622 865 865
f 865 675 675
f 865 675 675
f 865 675 865
f 675 864 864
f 864 606 606
f 864 606 606
f 864 606 864
f 675 864 864
f 864 606 606
f 864 606 606
f 864 606 864
f 675 864 675
f 864 606 864
f 675 864 675
f 864 864 675
f 622 865 622
f 865 675 865
f 622 865 622
f 865 865 622
f 675 864 675
f 864 606 864
f 675 864 675
f 864 864 675
f 622 865 622
f 865 675 865
f 622 865 622
f 865 865 622
f 675 675 865
f 675 675 865
f 865 865 622
f 675 865 865
f 608 965 974
f 965 701 976
f 974 976 704
f 965 976 974
f 701 966 984
f 966 629 982
f 984 982 706
f 966 982 984
f 704 986 975
f 986 706 983
f 975 983 630
f 986 983 975
f 701 984 976
f 984 706 986
f 976 986 704
f 984 986 976
f 629 963 968
f 963 700 970
f 968 970 702
f 963 970 968
f 700 962 964
f 962 606 945
f 964 945 696
f 962 945 964
f 702 969 967
f 969 696 946
f 967 946 628
f 969 946 967
f 700 964 970
f 964 696 969
f 970 969 702
f 964 969 970
f 630 978 972
f 978 705 981
f 972 981 703
f 978 981 972
f 705 977 979
f 977 628 949
f 979 949 697
f 977 949 979
f 703 973 971
f 973 697 948
f 971 948 341
f 973 948 971
f 705 979 981
f 979 697 973
f 981 973 703
f 979 973 981
f 629 968 982
f 968 702 985
f 982 985 706
f 968 985 982
f 702 967 980
f 967 628 977
f 980 977 705
f 967 977 980
f 706 987 983
f 987 705 978
f 983 978 630
f 987 978 983
f 702 980 985
f 980 705 987
f 985 987 706
f 980 987 985
f 608 974 974
f 974 704 704
f 974 704 704
f 974 704 974
f 704 975 975
f 975 630 630
f 975 630 630
f 975 630 975
f 704 975 975
f 975 630 630
f 975 630 630
f 975 630 975
f 704 975 704
f 975 630 975
f 704 975 704
f 975 975 704
f 630 972 972
f 972 703 703
f 972 703 703
f 972 703 972
f 703 971 971
f 971 341 341
f 971 341 341
f 971 341 971
f 703 971 971
f 971 341 341
f 971 341 341
f 971 341 971
f 703 971 703
f 971 341 971
f 703 971 703
f 971 971 703
f 630 972 972
f 972 703 703
f 972 703 703
f 972 703 972
f 703 971 971
f 971 341 341
f 971 341 341
f 971 341 971
f 703 971 971
f 971 341 341
f 971 341 341
f 971 341 971
f 703 971 703
f 971 341 971
f 703 971 703
f 971 971 703
f 630 972 630
f 972 703 972
f 630 972 630
f 972 972 630
f 703 971 703
f 971 341 971
f 703 971 703
f 971 971 703
f 630 972 630
f 972 703 972
f 630 972 630
f 972 972 630
f 703 703 972
f 703 703 972
f 972 972 630
f 703 972 972
f 607 870 901
f 870 677 903
f 901 903 685
f 870 903 901
f 677 871 915
f 871 623 913
f 915 913 688
f 871 913 915
f 685 917 902
f 917 688 914
f 902 914 625
f 917 914 902
f 677 915 903
f 915 688 917
f 903 917 685
f 915 917 903
f 623 867 877
f 867 676 879
f 877 879 679
f 867 879 877
f 676 866 869
f 866 601 858
f 869 858 672
f 866 858 869
f 679 878 876
f 878 672 859
f 876 859 621
f 878 859 876
f 676 869 879
f 869 672 878
f 879 878 679
f 869 878 879
f 625 905 898
f 905 686 908
f 898 908 684
f 905 908 898
f 686 904 906
f 904 621 861
f 906 861 673
f 904 861 906
f 684 899 897
f 899 673 860
f 897 860 605
f 899 860 897
f 686 906 908
f 906 673 899
f 908 899 684
f 906 899 908
f 623 877 913
f 877 679 916
f 913 916 688
f 877 916 913
f 679 876 907
f 876 621 904
f 907 904 686
f 876 904 907
f 688 918 914
f 918 686 905
f 914 905 625
f 918 905 914
f 679 907 916
f 907 686 918
f 916 918 688
f 907 918 916
f 607 901 901
f 901 685 685
f 901 685 685
f 901 685 901
f 685 902 902
f 902 625 625
f 902 625 625
f 902 625 902
f 685 902 902
f 902 625 625
f 902 625 625
f 902 625 902
f 685 902 685
f 902 625 902
f 685 902 685
f 902 902 685
f 625 898 898
f 898 684 684
f 898 684 684
f 898 684 898
f 684 897 897
f 897 605 605
f 897 605 605
f 897 605 897
f 684 897 897
f 897 605 605
f 897 605 605
f 897 605 897
f 684 897 684
f 897 605 897
f 684 897 684
f 897 897 684
f 625 898 898
f 898 684 684
f 898 684 684
f 898 684 898
f 684 897 897
f 897 605 605
f 897 605 605
f 897 605 897
f 684 897 897
f 897 605 605
f 897 605 605
f 897 605 897
f 684 897 684
f 897 605 897
f 684 897 684
f 897 897 684
f 625 898 625
f 898 684 898
f 625 898 625
f 898 898 625
f 684 897 684
f 897 605 897
f 684 897 684
f 897 897 684
f 625 898 625
f 898 684 898
f 625 898 625
f 898 898 625
f 684 684 898
f 684 684 898
f 898 898 625
f 684 898 898
f 341 455 1019
f 455 375 1021
f 1019 1021 715
f 455 1021 1019
f 375 456 1028
f 456 351 1026
f 1028 1026 717
f 456 1026 1028
f 715 1030 1020
f 1030 717 1027
f 1020 1027 633
f 1030 1027 1020
f 375 1028 1021
f 1028 717 1030
f 1021 1030 715
f 1028 1030 1021
f 351 453 1009
f 453 374 1011
f 1009 1011 713
f 453 1011 1009
f 374 452 1000
f 452 340 997
f 1000 997 710
f 452 997 1000
f 713 1012 1010
f 1012 710 998
f 1010 998 632
f 1012 998 1010
f 374 1000 1011
f 1000 710 1012
f 1011 1012 713
f 1000 1012 1011
f 633 1036 1024
f 1036 719 1039
f 1024 1039 716
f 1036 1039 1024
f 719 1035 1037
f 1035 632 1002
f 1037 1002 711
f 1035 1002 1037
f 716 1025 1023
f 1025 711 1001
f 1023 1001 609
f 1025 1001 1023
f 719 1037 1039
f 1037 711 1025
f 1039 1025 716
f 1037 1025 1039
f 351 1009 1026
f 1009 713 1029
f 1026 1029 717
f 1009 1029 1026
f 713 1010 1038
f 1010 632 1035
f 1038 1035 719
f 1010 1035 1038
f 717 1040 1027
f 1040 719 1036
f 1027 1036 633
f 1040 1036 1027
f 713 1038 1029
f 1038 719 1040
f 1029 1040 717
f 1038 1040 1029
f 341 1019 1019
f 1019 715 715
f 1019 715 715
f 1019 715 1019
f 715 1020 1020
f 1020 633 633
f 1020 633 633
f 1020 633 1020
f 715 1020 1020
f 1020 633 633
f 1020 633 633
f 1020 633 1020
f 715 1020 715
f 1020 633 1020
f 715 1020 715
f 1020 1020 715
f 633 1024 1024
f 1024 716 716
f 1024 716 716
f 1024 716 1024
f 716 1023 1023
f 1023 609 609
f 1023 609 609
f 1023 609 1023
f 716 1023 1023
f 1023 609 609
f 1023 609 609
f 1023 609 1023
f 716 1023 716
f 1023 609 1023
f 716 1023 716
f 1023 1023 716
f 633 1024 1024
f 1024 716 716
f 1024 716 716
f 1024 716 1024
f 716 1023 1023
f 1023 609 609
f 1023 609 609
f 1023 609 1023
f 716 1023 1023
f 1023 609 609
f 1023 609 609
f 1023 609 1023
f 716 1023 716
f 1023 609 1023
f 716 1023 716
f 1023 1023 716
f 633 1024 633
f 1024 716 1024
f 633 1024 633
f 1024 1024 633
f 716 1023 716
f 1023 609 1023
f 716 1023 716
f 1023 1023 716
f 633 1024 633
f 1024 716 1024
f 633 1024 633
f 1024 1024 633
f 716 716 1024
f 716 716 1024
f 1024 1024 633
f 716 1024 1024
f 604 988 841
f 988 707 990
f 841 990 668
f 988 990 841
f 707 989 996
f 989 631 994
f 996 994 709
f 989 994 996
f 668 995 842
f 995 709 993
f 842 993 620
f 995 993 842
f 707 996 990
f 996 709 995
f 990 995 668
f 996 995 990
f 631 992 1013
f 992 708 1015
f 1013 1015 714
f 992 1015 1013
f 708 991 1003
f 991 609 1001
f 1003 1001 711
f 991 1001 1003
f 714 1017 1014
f 1017 711 1002
f 1014 1002 632
f 1017 1002 1014
f 708 1003 1015
f 1003 711 1017
f 1015 1017 714
f 1003 1017 1015
f 620 1004 845
f 1004 712 1006
f 845 1006 669
f 1004 1006 845
f 712 1005 1008
f 1005 632 998
f 1008 998 710
f 1005 998 1008
f 669 999 844
f 999 710 997
f 844 997 340
f 999 997 844
f 712 1008 1006
f 1008 710 999
f 1006 999 669
f 1008 999 1006
f 631 1013 994
f 1013 714 1016
f 994 1016 709
f 1013 1016 994
f 714 1014 1018
f 1014 632 1005
f 1018 1005 712
f 1014 1005 1018
f 709 1007 993
f 1007 712 1004
f 993 1004 620
f 1007 1004 993
f 714 1018 1016
f 1018 712 1007
f 1016 1007 709
f 1018 1007 1016
f 604 841 841
f 841 668 668
f 841 668 668
f 841 668 841
f 668 842 842
f 842 620 620
f 842 620 620
f 842 620 842
f 668 842 842
f 842 620 620
f 842 620 620
f 842 620 842
f 668 842 668
f 842 620 842
f 668 842 668
f 842 842 668
f 620 845 845
f 845 669 669
f 845 669 669
f 845 669 845
f 669 844 844
f 844 340 340
f 844 340 340
f 844 340 844
f 669 844 844
f 844 340 340
f 844 340 340
f 844 340 844
f 669 844 669
f 844 340 844
f 669 844 669
f 844 844 669
f 620 845 845
f 845 669 669
f 845 669 669
f 845 669 845
f 669 844 844
f 844 340 340
f 844 340 340
f 844 340 844
f 669 844 844
f 844 340 340
f 844 340 340
f 844 340 844
f 669 844 669
f 844 340 844
f 669 844 669
f 844 844 669
f 620 845 620
f 845 669 845
f 620 845 620
f 845 845 620
f 669 844 669
f 844 340 844
f 669 844 669
f 844 844 669
f 620 845 620
f 845 669 845
f 620 845 620
f 845 845 620
f 669 669 845
f 669 669 845
f 845 845 620
f 669 845 845
f 603 783 880
f 783 652 882
f 880 882 680
f 783 882 880
f 652 784 888
f 784 615 886
f 888 886 682
f 784 886 888
f 680 890 881
f 890 682 887
f 881 887 624
f 890 887 881
f 652 888 882
f 888 682 890
f 882 890 680
f 888 890 882
f 615 781 872
f 781 651 874
f 872 874 678
f 781 874 872
f 651 780 868
f 780 601 866
f 868 866 676
f 780 866 868
f 678 875 873
f 875 676 867
f 873 867 623
f 875 867 873
f 651 868 874
f 868 676 875
f 874 875 678
f 868 875 874
f 624 892 884
f 892 683 895
f 884 895 681
f 892 895 884
f 683 891 893
f 891 623 871
f 893 871 677
f 891 871 893
f 681 885 883
f 885 677 870
f 883 870 607
f 885 870 883
f 683 893 895
f 893 677 885
f 895 885 681
f 893 885 895
f 615 872 886
f 872 678 889
f 886 889 682
f 872 889 886
f 678 873 894
f 873 623 891
f 894 891 683
f 873 891 894
f 682 896 887
f 896 683 892
f 887 892 624
f 896 892 887
f 678 894 889
f 894 683 896
f 889 896 682
f 894 896 889
f 603 880 880
f 880 680 680
f 880 680 680
f 880 680 880
f 680 881 881
f 881 624 624
f 881 624 624
f 881 624 881
f 680 881 881
f 881 624 624
f 881 624 624
f 881 624 881
f 680 881 680
f 881 624 881
f 680 881 680
f 881 881 680
f 624 884 884
f 884 681 681
f 884 681 681
f 884 681 884
f 681 883 883
f 883 607 607
f 883 607 607
f 883 607 883
f 681 883 883
f 883 607 607
f 883 607 607
f 883 607 883
f 681 883 681
f 883 607 883
f 681 883 681
f 883 883 681
f 624 884 884
f 884 681 681
f 884 681 681
f 884 681 884
f 681 883 883
f 883 607 607
f 883 607 607
f 883 607 883
f 681 883 883
f 883 607 607
f 883 607 607
f 883 607 883
f 681 883 681
f 883 607 883
f 681 883 681
f 883 883 681
f 624 884 624
f 884 681 884
f 624 884 624
f 884 884 624
f 681 883 681
f 883 607 883
f 681 883 681
f 883 883 681
f 624 884 624
f 884 681 884
f 624 884 624
f 884 884 624
f 681 681 884
f 681 681 884
f 884 884 624
f 681 884 884
f 609 1044 1023
f 1044 721 1046
f 1023 1046 716
f 1044 1046 1023
f 721 1045 1056
f 1045 634 1053
f 1056 1053 723
f 1045 1053 1056
f 716 1054 1024
f 1054 723 1052
f 1024 1052 633
f 1054 1052 1024
f 721 1056 1046
f 1056 723 1054
f 1046 1054 716
f 1056 1054 1046
f 634 1042 1048
f 1042 720 1051
f 1048 1051 722
f 1042 1051 1048
f 720 1041 1043
f 1041 608 974
f 1043 974 704
f 1041 974 1043
f 722 1049 1047
f 1049 704 975
f 1047 975 630
f 1049 975 1047
f 720 1043 1051
f 1043 704 1049
f 1051 1049 722
f 1043 1049 1051
f 633 1032 1020
f 1032 718 1034
f 1020 1034 715
f 1032 1034 1020
f 718 1031 1033
f 1031 630 972
f 1033 972 703
f 1031 972 1033
f 715 1022 1019
f 1022 703 971
f 1019 971 341
f 1022 971 1019
f 718 1033 1034
f 1033 703 1022
f 1034 1022 715
f 1033 1022 1034
f 634 1048 1053
f 1048 722 1057
f 1053 1057 723
f 1048 1057 1053
f 722 1047 1050
f 1047 630 1031
f 1050 1031 718
f 1047 1031 1050
f 723 1055 1052
f 1055 718 1032
f 1052 1032 633
f 1055 1032 1052
f 722 1050 1057
f 1050 718 1055
f 1057 1055 723
f 1050 1055 1057
f 609 1023 1023
f 1023 716 716
f 1023 716 716
f 1023 716 1023
f 716 1024 1024
f 1024 633 633
f 1024 633 633
f 1024 633 1024
f 716 1024 1024
f 1024 633 633
f 1024 633 633
f 1024 633 1024
f 716 1024 716
f 1024 633 1024
f 716 1024 716
f 1024 1024 716
f 633 1020 1020
f 1020 715 715
f 1020 715 715
f 1020 715 1020
f 715 1019 1019
f 1019 341 341
f 1019 341 341
f 1019 341 1019
f 715 1019 1019
f 1019 341 341
f 1019 341 341
f 1019 341 1019
f 715 1019 715
f 1019 341 1019
f 715 1019 715
f 1019 1019 715
f 633 1020 1020
f 1020 715 715
f 1020 715 715
f 1020 715 1020
f 715 1019 1019
f 1019 341 341
f 1019 341 341
f 1019 341 1019
f 715 1019 1019
f 1019 341 341
f 1019 341 341
f 1019 341 1019
f 715 1019 715
f 1019 341 1019
f 715 1019 715
f 1019 1019 715
f 633 1020 633
f 1020 715 1020
f 633 1020 633
f 1020 1020 633
f 715 1019 715
f 1019 341 1019
f 715 1019 715
f 1019 1019 715
f 633 1020 633
f 1020 715 1020
f 633 1020 633
f 1020 1020 633
f 715 715 1020
f 715 715 1020
f 1020 1020 633
f 715 1020 1020
f 1058 1083 1087
f 1083 1067 1089
f 1087 1089 1069
f 1083 1089 1087
f 1067 1084 1094
f 1084 1062 1092
f 1094 1092 1071
f 1084 1092 1094
f 1069 1095 1088
f 1095 1071 1093
f 1088 1093 1063
f 1095 1093 1088
f 1067 1094 1089
f 1094 1071 1095
f 1089 1095 1069
f 1094 1095 1089
f 1062 1086 1102
f 1086 1068 1104
f 1102 1104 1074
f 1086 1104 1102
f 1068 1085 1098
f 1085 1059 1096
f 1098 1096 1072
f 1085 1096 1098
f 1074 1106 1103
f 1106 1072 1097
f 1103 1097 1064
f 1106 1097 1103
f 1068 1098 1104
f 1098 1072 1106
f 1104 1106 1074
f 1098 1106 1104
f 1063 1107 1091
f 1107 1075 1109
f 1091 1109 1070
f 1107 1109 1091
f 1075 1108 1111
f 1108 1064 1100
f 1111 1100 1073
f 1108 1100 1111
f 1070 1101 1090
f 1101 1073 1099
f 1090 1099 1060
f 1101 1099 1090
f 1075 1111 1109
f 1111 1073 1101
f 1109 1101 1070
f 1111 1101 1109
f 1062 1102 1092
f 1102 1074 1105
f 1092 1105 1071
f 1102 1105 1092
f 1074 1103 1112
f 1103 1064 1108
f 1112 1108 1075
f 1103 1108 1112
f 1071 1110 1093
f 1110 1075 1107
f 1093 1107 1063
f 1110 1107 1093
f 1074 1112 1105
f 1112 1075 1110
f 1105 1110 1071
f 1112 1110 1105
f 1058 1087 1087
f 1087 1069 1069
f 1087 1069 1069
f 1087 1069 1087
f 1069 1088 1088
f 1088 1063 1063
f 1088 1063 1063
f 1088 1063 1088
f 1069 1088 1088
f 1088 1063 1063
f 1088 1063 1063
f 1088 1063 1088
f 1069 1088 1069
f 1088 1063 1088
f 1069 1088 1069
f 1088 1088 1069
f 1063 1091 1091
f 1091 1070 1070
f 1091 1070 1070
f 1091 1070 1091
f 1070 1090 1090
f 1090 1060 1060
f 1090 1060 1060
f 1090 1060 1090
f 1070 1090 1090
f 1090 1060 1060
f 1090 1060 1060
f 1090 1060 1090
f 1070 1090 1070
f 1090 1060 1090
f 1070 1090 1070
f 1090 1090 1070
f 1063 1091 1091
f 1091 1070 1070
f 1091 1070 1070
f 1091 1070 1091
f 1070 1090 1090
f 1090 1060 1060
f 1090 1060 1060
f 1090 1060 1090
f 1070 1090 1090
f 1090 1060 1060
f 1090 1060 1060
f 1090 1060 1090
f 1070 1090 1070
f 1090 1060 1090
f 1070 1090 1070
f 1090 1090 1070
f 1063 1091 1063
f 1091 1070 1091
f 1063 1091 1063
f 1091 1091 1063
f 1070 1090 1070
f 1090 1060 1090
f 1070 1090 1070
f 1090 1090 1070
f 1063 1091 1063
f 1091 1070 1091
f 1063 1091 1063
f 1091 1091 1063
f 1070 1070 1091
f 1070 1070 1091
f 1091 1091 1063
f 1070 1091 1091
f 1058 1087 1113
f 1087 1069 1115
f 1113 1115 1076
f 1087 1115 1113
f 1069 1088 1120
f 1088 1063 1118
f 1120 1118 1078
f 1088 1118 1120
f 1076 1121 1114
f 1121 1078 1119
f 1114 1119 1065
f 1121 1119 1114
f 1069 1120 1115
f 1120 1078 1121
f 1115 1121 1076
f 1120 1121 1115
f 1063 1091 1128
f 1091 1070 1130
f 1128 1130 1081
f 1091 1130 1128
f 1070 1090 1124
f 1090 1060 1122
f 1124 1122 1079
f 1090 1122 1124
f 1081 1132 1129
f 1132 1079 1123
f 1129 1123 1066
f 1132 1123 1129
f 1070 1124 1130
f 1124 1079 1132
f 1130 1132 1081
f 1124 1132 1130
f 1065 1133 1117
f 1133 1082 1135
f 1117 1135 1077
f 1133 1135 1117
f 1082 1134 1137
f 1134 1066 1126
f 1137 1126 1080
f 1134 1126 1137
f 1077 1127 1116
f 1127 1080 1125
f 1116 1125 1061
f 1127 1125 1116
f 1082 1137 1135
f 1137 1080 1127
f 1135 1127 1077
f 1137 1127 1135
f 1063 1128 1118
f 1128 1081 1131
f 1118 1131 1078
f 1128 1131 1118
f 1081 1129 1138
f 1129 1066 1134
f 1138 1134 1082
f 1129 1134 1138
f 1078 1136 1119
f 1136 1082 1133
f 1119 1133 1065
f 1136 1133 1119
f 1081 1138 1131
f 1138 1082 1136
f 1131 1136 1078
f 1138 1136 1131
f 1058 1113 1113
f 1113 1076 1076
f 1113 1076 1076
f 1113 1076 1113
f 1076 1114 1114
f 1114 1065 1065
f 1114 1065 1065
f 1114 1065 1114
f 1076 1114 1114
f 1114 1065 1065
f 1114 1065 1065
f 1114 1065 1114
f 1076 1114 1076
f 1114 1065 1114
f 1076 1114 1076
f 1114 1114 1076
f 1065 1117 1117
f 1117 1077 1077
f 1117 1077 1077
f 1117 1077 1117
f 1077 1116 1116
f 1116 1061 1061
f 1116 1061 1061
f 1116 1061 1116
f 1077 1116 1116
f 1116 1061 1061
f 1116 1061 1061
f 1116 1061 1116
f 1077 1116 1077
f 1116 1061 1116
f 1077 1116 1077
f 1116 1116 1077
f 1065 1117 1117
f 1117 1077 1077
f 1117 1077 1077
f 1117 1077 1117
f 1077 1116 1116
f 1116 1061 1061
f 1116 1061 1061
f 1116 1061 1116
f 1077 1116 1116
f 1116 1061 1061
f 1116 1061 1061
f 1116 1061 1116
f 1077 1116 1077
f 1116 1061 1116
f 1077 1116 1077
f 1116 1116 1077
f 1065 1117 1065
f 1117 1077 1117
f 1065 1117 1065
f 1117 1117 1065
f 1077 1116 1077
f 1116 1061 1116
f 1077 1116 1077
f 1116 1116 1077
f 1065 1117 1065
f 1117 1077 1117
f 1065 1117 1065
f 1117 1117 1065
f 1077 1077 1117
f 1077 1077 1117
f 1117 1117 1065
f 1077 1117 1117
f 338 443 1154
f 443 371 1156
f 1154 1156 1142
f 443 1156 1154
f 371 444 1161
f 444 350 1159
f 1161 1159 1144
f 444 1159 1161
f 1142 1162 1155
f 1162 1144 1160
f 1155 1160 1139
f 1162 1160 1155
f 371 1161 1156
f 1161 1144 1162
f 1156 1162 1142
f 1161 1162 1156
f 350 447 1169
f 447 372 1171
f 1169 1171 1147
f 447 1171 1169
f 372 446 1165
f 446 341 1163
f 1165 1163 1145
f 446 1163 1165
f 1147 1173 1170
f 1173 1145 1164
f 1170 1164 1140
f 1173 1164 1170
f 372 1165 1171
f 1165 1145 1173
f 1171 1173 1147
f 1165 1173 1171
f 1139 1174 1158
f 1174 1148 1176
f 1158 1176 1143
f 1174 1176 1158
f 1148 1175 1178
f 1175 1140 1167
f 1178 1167 1146
f 1175 1167 1178
f 1143 1168 1157
f 1168 1146 1166
f 1157 1166 1060
f 1168 1166 1157
f 1148 1178 1176
f 1178 1146 1168
f 1176 1168 1143
f 1178 1168 1176
f 350 1169 1159
f 1169 1147 1172
f 1159 1172 1144
f 1169 1172 1159
f 1147 1170 1179
f 1170 1140 1175
f 1179 1175 1148
f 1170 1175 1179
f 1144 1177 1160
f 1177 1148 1174
f 1160 1174 1139
f 1177 1174 1160
f 1147 1179 1172
f 1179 1148 1177
f 1172 1177 1144
f 1179 1177 1172
f 338 1154 1154
f 1154 1142 1142
f 1154 1142 1142
f 1154 1142 1154
f 1142 1155 1155
f 1155 1139 1139
f 1155 1139 1139
f 1155 1139 1155
f 1142 1155 1155
f 1155 1139 1139
f 1155 1139 1139
f 1155 1139 1155
f 1142 1155 1142
f 1155 1139 1155
f 1142 1155 1142
f 1155 1155 1142
f 1139 1158 1158
f 1158 1143 1143
f 1158 1143 1143
f 1158 1143 1158
f 1143 1157 1157
f 1157 1060 1060
f 1157 1060 1060
f 1157 1060 1157
f 1143 1157 1157
f 1157 1060 1060
f 1157 1060 1060
f 1157 1060 1157
f 1143 1157 1143
f 1157 1060 1157
f 1143 1157 1143
f 1157 1157 1143
f 1139 1158 1158
f 1158 1143 1143
f 1158 1143 1143
f 1158 1143 1158
f 1143 1157 1157
f 1157 1060 1060
f 1157 1060 1060
f 1157 1060 1157
f 1143 1157 1157
f 1157 1060 1060
f 1157 1060 1060
f 1157 1060 1157
f 1143 1157 1143
f 1157 1060 1157
f 1143 1157 1143
f 1157 1157 1143
f 1139 1158 1139
f 1158 1143 1158
f 1139 1158 1139
f 1158 1158 1139
f 1143 1157 1143
f 1157 1060 1157
f 1143 1157 1143
f 1157 1157 1143
f 1139 1158 1139
f 1158 1143 1158
f 1139 1158 1139
f 1158 1158 1139
f 1143 1143 1158
f 1143 1143 1158
f 1158 1158 1139
f 1143 1158 1158
f 338 1154 1180
f 1154 1142 1182
f 1180 1182 1149
f 1154 1182 1180
f 1142 1155 1187
f 1155 1139 1185
f 1187 1185 1151
f 1155 1185 1187
f 1149 1188 1181
f 1188 1151 1186
f 1181 1186 1141
f 1188 1186 1181
f 1142 1187 1182
f 1187 1151 1188
f 1182 1188 1149
f 1187 1188 1182
f 1139 1158 1191
f 1158 1143 1193
f 1191 1193 1152
f 1158 1193 1191
f 1143 1157 1189
f 1157 1060 1099
f 1189 1099 1073
f 1157 1099 1189
f 1152 1195 1192
f 1195 1073 1100
f 1192 1100 1064
f 1195 1100 1192
f 1143 1189 1193
f 1189 1073 1195
f 1193 1195 1152
f 1189 1195 1193
f 1141 1196 1184
f 1196 1153 1198
f 1184 1198 1150
f 1196 1198 1184
f 1153 1197 1200
f 1197 1064 1097
f 1200 1097 1072
f 1197 1097 1200
f 1150 1190 1183
f 1190 1072 1096
f 1183 1096 1059
f 1190 1096 1183
f 1153 1200 1198
f 1200 1072 1190
f 1198 1190 1150
f 1200 1190 1198
f 1139 1191 1185
f 1191 1152 1194
f 1185 1194 1151
f 1191 1194 1185
f 1152 1192 1201
f 1192 1064 1197
f 1201 1197 1153
f 1192 1197 1201
f 1151 1199 1186
f 1199 1153 1196
f 1186 1196 1141
f 1199 1196 1186
f 1152 1201 1194
f 1201 1153 1199
f 1194 1199 1151
f 1201 1199 1194
f 338 1180 1180
f 1180 1149 1149
f 1180 1149 1149
f 1180 1149 1180
f 1149 1181 1181
f 1181 1141 1141
f 1181 1141 1141
f 1181 1141 1181
f 1149 1181 1181
f 1181 1141 1141
f 1181 1141 1141
f 1181 1141 1181
f 1149 1181 1149
f 1181 1141 1181
f 1149 1181 1149
f 1181 1181 1149
f 1141 1184 1184
f 1184 1150 1150
f 1184 1150 1150
f 1184 1150 1184
f 1150 1183 1183
f 1183 1059 1059
f 1183 1059 1059
f 1183 1059 1183
f 1150 1183 1183
f 1183 1059 1059
f 1183 1059 1059
f 1183 1059 1183
f 1150 1183 1150
f 1183 1059 1183
f 1150 1183 1150
f 1183 1183 1150
f 1141 1184 1184
f 1184 1150 1150
f 1184 1150 1150
f 1184 1150 1184
f 1150 1183 1183
f 1183 1059 1059
f 1183 1059 1059
f 1183 1059 1183
f 1150 1183 1183
f 1183 1059 1059
f 1183 1059 1059
f 1183 1059 1183
f 1150 1183 1150
f 1183 1059 1183
f 1150 1183 1150
f 1183 1183 1150
f 1141 1184 1141
f 1184 1150 1184
f 1141 1184 1141
f 1184 1184 1141
f 1150 1183 1150
f 1183 1059 1183
f 1150 1183 1150
f 1183 1183 1150
f 1141 1184 1141
f 1184 1150 1184
f 1141 1184 1141
f 1184 1184 1141
f 1150 1150 1184
f 1150 1150 1184
f 1184 1184 1141
f 1150 1184 1184
f 343 1220 1224
f 1220 1206 1226
f 1224 1226 1208
f 1220 1226 1224
f 1206 1221 1231
f 1221 1202 1229
f 1231 1229 1210
f 1221 1229 1231
f 1208 1232 1225
f 1232 1210 1230
f 1225 1230 1203
f 1232 1230 1225
f 1206 1231 1226
f 1231 1210 1232
f 1226 1232 1208
f 1231 1232 1226
f 1202 1223 1235
f 1223 1207 1237
f 1235 1237 1211
f 1223 1237 1235
f 1207 1222 1233
f 1222 1058 1113
f 1233 1113 1076
f 1222 1113 1233
f 1211 1239 1236
f 1239 1076 1114
f 1236 1114 1065
f 1239 1114 1236
f 1207 1233 1237
f 1233 1076 1239
f 1237 1239 1211
f 1233 1239 1237
f 1203 1240 1228
f 1240 1212 1242
f 1228 1242 1209
f 1240 1242 1228
f 1212 1241 1244
f 1241 1065 1117
f 1244 1117 1077
f 1241 1117 1244
f 1209 1234 1227
f 1234 1077 1116
f 1227 1116 1061
f 1234 1116 1227
f 1212 1244 1242
f 1244 1077 1234
f 1242 1234 1209
f 1244 1234 1242
f 1202 1235 1229
f 1235 1211 1238
f 1229 1238 1210
f 1235 1238 1229
f 1211 1236 1245
f 1236 1065 1241
f 1245 1241 1212
f 1236 1241 1245
f 1210 1243 1230
f 1243 1212 1240
f 1230 1240 1203
f 1243 1240 1230
f 1211 1245 1238
f 1245 1212 1243
f 1238 1243 1210
f 1245 1243 1238
f 343 1224 1224
f 1224 1208 1208
f 1224 1208 1208
f 1224 1208 1224
f 1208 1225 1225
f 1225 1203 1203
f 1225 1203 1203
f 1225 1203 1225
f 1208 1225 1225
f 1225 1203 1203
f 1225 1203 1203
f 1225 1203 1225
f 1208 1225 1208
f 1225 1203 1225
f 1208 1225 1208
f 1225 1225 1208
f 1203 1228 1228
f 1228 1209 1209
f 1228 1209 1209
f 1228 1209 1228
f 1209 1227 1227
f 1227 1061 1061
f 1227 1061 1061
f 1227 1061 1227
f 1209 1227 1227
f 1227 1061 1061
f 1227 1061 1061
f 1227 1061 1227
f 1209 1227 1209
f 1227 1061 1227
f 1209 1227 1209
f 1227 1227 1209
f 1203 1228 1228
f 1228 1209 1209
f 1228 1209 1209
f 1228 1209 1228
f 1209 1227 1227
f 1227 1061 1061
f 1227 1061 1061
f 1227 1061 1227
f 1209 1227 1227
f 1227 1061 1061
f 1227 1061 1061
f 1227 1061 1227
f 1209 1227 1209
f 1227 1061 1227
f 1209 1227 1209
f 1227 1227 1209
f 1203 1228 1203
f 1228 1209 1228
f 1203 1228 1203
f 1228 1228 1203
f 1209 1227 1209
f 1227 1061 1227
f 1209 1227 1209
f 1227 1227 1209
f 1203 1228 1203
f 1228 1209 1228
f 1203 1228 1203
f 1228 1228 1203
f 1209 1209 1228
f 1209 1209 1228
f 1228 1228 1203
f 1209 1228 1228
f 343 1224 1246
f 1224 1208 1248
f 1246 1248 1213
f 1224 1248 1246
f 1208 1225 1253
f 1225 1203 1251
f 1253 1251 1215
f 1225 1251 1253
f 1213 1254 1247
f 1254 1215 1252
f 1247 1252 1204
f 1254 1252 1247
f 1208 1253 1248
f 1253 1215 1254
f 1248 1254 1213
f 1253 1254 1248
f 1203 1228 1261
f 1228 1209 1263
f 1261 1263 1218
f 1228 1263 1261
f 1209 1227 1257
f 1227 1061 1255
f 1257 1255 1216
f 1227 1255 1257
f 1218 1265 1262
f 1265 1216 1256
f 1262 1256 1205
f 1265 1256 1262
f 1209 1257 1263
f 1257 1216 1265
f 1263 1265 1218
f 1257 1265 1263
f 1204 1266 1250
f 1266 1219 1268
f 1250 1268 1214
f 1266 1268 1250
f 1219 1267 1270
f 1267 1205 1259
f 1270 1259 1217
f 1267 1259 1270
f 1214 1260 1249
f 1260 1217 1258
f 1249 1258 605
f 1260 1258 1249
f 1219 1270 1268
f 1270 1217 1260
f 1268 1260 1214
f 1270 1260 1268
f 1203 1261 1251
f 1261 1218 1264
f 1251 1264 1215
f 1261 1264 1251
f 1218 1262 1271
f 1262 1205 1267
f 1271 1267 1219
f 1262 1267 1271
f 1215 1269 1252
f 1269 1219 1266
f 1252 1266 1204
f 1269 1266 1252
f 1218 1271 1264
f 1271 1219 1269
f 1264 1269 1215
f 1271 1269 1264
f 343 1246 1246
f 1246 1213 1213
f 1246 1213 1213
f 1246 1213 1246
f 1213 1247 1247
f 1247 1204 1204
f 1247 1204 1204
f 1247 1204 1247
f 1213 1247 1247
f 1247 1204 1204
f 1247 1204 1204
f 1247 1204 1247
f 1213 1247 1213
f 1247 1204 1247
f 1213 1247 1213
f 1247 1247 1213
f 1204 1250 1250
f 1250 1214 1214
f 1250 1214 1214
f 1250 1214 1250
f 1214 1249 1249
f 1249 605 605
f 1249 605 605
f 1249 605 1249
f 1214 1249 1249
f 1249 605 605
f 1249 605 605
f 1249 605 1249
f 1214 1249 1214
f 1249 605 1249
f 1214 1249 1214
f 1249 1249 1214
f 1204 1250 1250
f 1250 1214 1214
f 1250 1214 1214
f 1250 1214 1250
f 1214 1249 1249
f 1249 605 605
f 1249 605 605
f 1249 605 1249
f 1214 1249 1249
f 1249 605 605
f 1249 605 605
f 1249 605 1249
f 1214 1249 1214
f 1249 605 1249
f 1214 1249 1214
f 1249 1249 1214
f 1204 1250 1204
f 1250 1214 1250
f 1204 1250 1204
f 1250 1250 1204
f 1214 1249 1214
f 1249 605 1249
f 1214 1249 1214
f 1249 1249 1214
f 1204 1250 1204
f 1250 1214 1250
f 1204 1250 1204
f 1250 1250 1204
f 1214 1214 1250
f 1214 1214 1250
f 1250 1250 1204
f 1214 1250 1250
f 338 1180 1281
f 1180 1149 1283
f 1281 1283 1273
f 1180 1283 1281
f 1149 1181 1288
f 1181 1141 1286
f 1288 1286 1275
f 1181 1286 1288
f 1273 1289 1282
f 1289 1275 1287
f 1282 1287 1272
f 1289 1287 1282
f 1149 1288 1283
f 1288 1275 1289
f 1283 1289 1273
f 1288 1289 1283
f 1141 1184 1292
f 1184 1150 1294
f 1292 1294 1276
f 1184 1294 1292
f 1150 1183 1290
f 1183 1059 1085
f 1290 1085 1068
f 1183 1085 1290
f 1276 1296 1293
f 1296 1068 1086
f 1293 1086 1062
f 1296 1086 1293
f 1150 1290 1294
f 1290 1068 1296
f 1294 1296 1276
f 1290 1296 1294
f 1272 1297 1285
f 1297 1277 1299
f 1285 1299 1274
f 1297 1299 1285
f 1277 1298 1301
f 1298 1062 1084
f 1301 1084 1067
f 1298 1084 1301
f 1274 1291 1284
f 1291 1067 1083
f 1284 1083 1058
f 1291 1083 1284
f 1277 1301 1299
f 1301 1067 1291
f 1299 1291 1274
f 1301 1291 1299
f 1141 1292 1286
f 1292 1276 1295
f 1286 1295 1275
f 1292 1295 1286
f 1276 1293 1302
f 1293 1062 1298
f 1302 1298 1277
f 1293 1298 1302
f 1275 1300 1287
f 1300 1277 1297
f 1287 1297 1272
f 1300 1297 1287
f 1276 1302 1295
f 1302 1277 1300
f 1295 1300 1275
f 1302 1300 1295
f 338 1281 1281
f 1281 1273 1273
f 1281 1273 1273
f 1281 1273 1281
f 1273 1282 1282
f 1282 1272 1272
f 1282 1272 1272
f 1282 1272 1282
f 1273 1282 1282
f 1282 1272 1272
f 1282 1272 1272
f 1282 1272 1282
f 1273 1282 1273
f 1282 1272 1282
f 1273 1282 1273
f 1282 1282 1273
f 1272 1285 1285
f 1285 1274 1274
f 1285 1274 1274
f 1285 1274 1285
f 1274 1284 1284
f 1284 1058 1058
f 1284 1058 1058
f 1284 1058 1284
f 1274 1284 1284
f 1284 1058 1058
f 1284 1058 1058
f 1284 1058 1284
f 1274 1284 1274
f 1284 1058 1284
f 1274 1284 1274
f 1284 1284 1274
f 1272 1285 1285
f 1285 1274 1274
f 1285 1274 1274
f 1285 1274 1285
f 1274 1284 1284
f 1284 1058 1058
f 1284 1058 1058
f 1284 1058 1284
f 1274 1284 1284
f 1284 1058 1058
f 1284 1058 1058
f 1284 1058 1284
f 1274 1284 1274
f 1284 1058 1284
f 1274 1284 1274
f 1284 1284 1274
f 1272 1285 1272
f 1285 1274 1285
f 1272 1285 1272
f 1285 1285 1272
f 1274 1284 1274
f 1284 1058 1284
f 1274 1284 1274
f 1284 1284 1274
f 1272 1285 1272
f 1285 1274 1285
f 1272 1285 1272
f 1285 1285 1272
f 1274 1274 1285
f 1274 1274 1285
f 1285 1285 1272
f 1274 1285 1285
f 338 1281 473
f 1281 1273 1303
f 473 1303 380
f 1281 1303 473
f 1273 1282 1306
f 1282 1272 1304
f 1306 1304 1278
f 1282 1304 1306
f 380 1307 474
f 1307 1278 1305
f 474 1305 353
f 1307 1305 474
f 1273 1306 1303
f 1306 1278 1307
f 1303 1307 380
f 1306 1307 1303
f 1272 1285 1310
f 1285 1274 1312
f 1310 1312 1279
f 1285 1312 1310
f 1274 1284 1308
f 1284 1058 1222
f 1308 1222 1207
f 1284 1222 1308
f 1279 1314 1311
f 1314 1207 1223
f 1311 1223 1202
f 1314 1223 1311
f 1274 1308 1312
f 1308 1207 1314
f 1312 1314 1279
f 1308 1314 1312
f 353 1315 477
f 1315 1280 1317
f 477 1317 381
f 1315 1317 477
f 1280 1316 1319
f 1316 1202 1221
f 1319 1221 1206
f 1316 1221 1319
f 381 1309 476
f 1309 1206 1220
f 476 1220 343
f 1309 1220 476
f 1280 1319 1317
f 1319 1206 1309
f 1317 1309 381
f 1319 1309 1317
f 1272 1310 1304
f 1310 1279 1313
f 1304 1313 1278
f 1310 1313 1304
f 1279 1311 1320
f 1311 1202 1316
f 1320 1316 1280
f 1311 1316 1320
f 1278 1318 1305
f 1318 1280 1315
f 1305 1315 353
f 1318 1315 1305
f 1279 1320 1313
f 1320 1280 1318
f 1313 1318 1278
f 1320 1318 1313
f 338 473 473
f 473 380 380
f 473 380 380
f 473 380 473
f 380 474 474
f 474 353 353
f 474 353 353
f 474 353 474
f 380 474 474
f 474 353 353
f 474 353 353
f 474 353 474
f 380 474 380
f 474 353 474
f 380 474 380
f 474 474 380
f 353 477 477
f 477 381 381
f 477 381 381
f 477 381 477
f 381 476 476
f 476 343 343
f 476 343 343
f 476 343 476
f 381 476 476
f 476 343 343
f 476 343 343
f 476 343 476
f 381 476 381
f 476 343 476
f 381 476 381
f 476 476 381
f 353 477 477
f 477 381 381
f 477 381 381
f 477 381 477
f 381 476 476
f 476 343 343
f 476 343 343
f 476 343 476
f 381 476 476
f 476 343 343
f 476 343 343
f 476 343 476
f 381 476 381
f 476 343 476
f 381 476 381
f 476 476 381
f 353 477 353
f 477 381 477
f 353 477 353
f 477 477 353
f 381 476 381
f 476 343 476
f 381 476 381
f 476 476 381
f 353 477 353
f 477 381 477
f 353 477 353
f 477 477 353
f 381 381 477
f 381 381 477
f 477 477 353
f 381 477 477
f 1060 1166 1330
f 1166 1146 1332
f 1330 1332 1322
f 1166 1332 1330
f 1146 1167 1337
f 1167 1140 1335
f 1337 1335 1324
f 1167 1335 1337
f 1322 1338 1331
f 1338 1324 1336
f 1331 1336 1321
f 1338 1336 1331
f 1146 1337 1332
f 1337 1324 1338
f 1332 1338 1322
f 1337 1338 1332
f 1140 1164 1341
f 1164 1145 1343
f 1341 1343 1325
f 1164 1343 1341
f 1145 1163 1339
f 1163 341 939
f 1339 939 694
f 1163 939 1339
f 1325 1345 1342
f 1345 694 940
f 1342 940 627
f 1345 940 1342
f 1145 1339 1343
f 1339 694 1345
f 1343 1345 1325
f 1339 1345 1343
f 1321 1346 1334
f 1346 1326 1348
f 1334 1348 1323
f 1346 1348 1334
f 1326 1347 1350
f 1347 627 937
f 1350 937 693
f 1347 937 1350
f 1323 1340 1333
f 1340 693 936
f 1333 936 605
f 1340 936 1333
f 1326 1350 1348
f 1350 693 1340
f 1348 1340 1323
f 1350 1340 1348
f 1140 1341 1335
f 1341 1325 1344
f 1335 1344 1324
f 1341 1344 1335
f 1325 1342 1351
f 1342 627 1347
f 1351 1347 1326
f 1342 1347 1351
f 1324 1349 1336
f 1349 1326 1346
f 1336 1346 1321
f 1349 1346 1336
f 1325 1351 1344
f 1351 1326 1349
f 1344 1349 1324
f 1351 1349 1344
f 1060 1330 1330
f 1330 1322 1322
f 1330 1322 1322
f 1330 1322 1330
f 1322 1331 1331
f 1331 1321 1321
f 1331 1321 1321
f 1331 1321 1331
f 1322 1331 1331
f 1331 1321 1321
f 1331 1321 1321
f 1331 1321 1331
f 1322 1331 1322
f 1331 1321 1331
f 1322 1331 1322
f 1331 1331 1322
f 1321 1334 1334
f 1334 1323 1323
f 1334 1323 1323
f 1334 1323 1334
f 1323 1333 1333
f 1333 605 605
f 1333 605 605
f 1333 605 1333
f 1323 1333 1333
f 1333 605 605
f 1333 605 605
f 1333 605 1333
f 1323 1333 1323
f 1333 605 1333
f 1323 1333 1323
f 1333 1333 1323
f 1321 1334 1334
f 1334 1323 1323
f 1334 1323 1323
f 1334 1323 1334
f 1323 1333 1333
f 1333 605 605
f 1333 605 605
f 1333 605 1333
f 1323 1333 1333
f 1333 605 605
f 1333 605 605
f 1333 605 1333
f 1323 1333 1323
f 1333 605 1333
f 1323 1333 1323
f 1333 1333 1323
f 1321 1334 1321
f 1334 1323 1334
f 1321 1334 1321
f 1334 1334 1321
f 1323 1333 1323
f 1333 605 1333
f 1323 1333 1323
f 1333 1333 1323
f 1321 1334 1321
f 1334 1323 1334
f 1321 1334 1321
f 1334 1334 1321
f 1323 1323 1334
f 1323 1323 1334
f 1334 1334 1321
f 1323 1334 1334
f 1060 1330 1122
f 1330 1322 1352
f 1122 1352 1079
f 1330 1352 1122
f 1322 1331 1355
f 1331 1321 1353
f 1355 1353 1327
f 1331 1353 1355
f 1079 1356 1123
f 1356 1327 1354
f 1123 1354 1066
f 1356 1354 1123
f 1322 1355 1352
f 1355 1327 1356
f 1352 1356 1079
f 1355 1356 1352
f 1321 1334 1359
f 1334 1323 1361
f 1359 1361 1328
f 1334 1361 1359
f 1323 1333 1357
f 1333 605 1258
f 1357 1258 1217
f 1333 1258 1357
f 1328 1363 1360
f 1363 1217 1259
f 1360 1259 1205
f 1363 1259 1360
f 1323 1357 1361
f 1357 1217 1363
f 1361 1363 1328
f 1357 1363 1361
f 1066 1364 1126
f 1364 1329 1366
f 1126 1366 1080
f 1364 1366 1126
f 1329 1365 1368
f 1365 1205 1256
f 1368 1256 1216
f 1365 1256 1368
f 1080 1358 1125
f 1358 1216 1255
f 1125 1255 1061
f 1358 1255 1125
f 1329 1368 1366
f 1368 1216 1358
f 1366 1358 1080
f 1368 1358 1366
f 1321 1359 1353
f 1359 1328 1362
f 1353 1362 1327
f 1359 1362 1353
f 1328 1360 1369
f 1360 1205 1365
f 1369 1365 1329
f 1360 1365 1369
f 1327 1367 1354
f 1367 1329 1364
f 1354 1364 1066
f 1367 1364 1354
f 1328 1369 1362
f 1369 1329 1367
f 1362 1367 1327
f 1369 1367 1362
f 1060 1122 1122
f 1122 1079 1079
f 1122 1079 1079
f 1122 1079 1122
f 1079 1123 1123
f 1123 1066 1066
f 1123 1066 1066
f 1123 1066 1123
f 1079 1123 1123
f 1123 1066 1066
f 1123 1066 1066
f 1123 1066 1123
f 1079 1123 1079
f 1123 1066 1123
f 1079 1123 1079
f 1123 1123 1079
f 1066 1126 1126
f 1126 1080 1080
f 1126 1080 1080
f 1126 1080 1126
f 1080 1125 1125
f 1125 1061 1061
f 1125 1061 1061
f 1125 1061 1125
f 1080 1125 1125
f 1125 1061 1061
f 1125 1061 1061
f 1125 1061 1125
f 1080 1125 1080
f 1125 1061 1125
f 1080 1125 1080
f 1125 1125 1080
f 1066 1126 1126
f 1126 1080 1080
f 1126 1080 1080
f 1126 1080 1126
f 1080 1125 1125
f 1125 1061 1061
f 1125 1061 1061
f 1125 1061 1125
f 1080 1125 1125
f 1125 1061 1061
f 1125 1061 1061
f 1125 1061 1125
f 1080 1125 1080
f 1125 1061 1125
f 1080 1125 1080
f 1125 1125 1080
f 1066 1126 1066
f 1126 1080 1126
f 1066 1126 1066
f 1126 1126 1066
f 1080 1125 1080
f 1125 1061 1125
f 1080 1125 1080
f 1125 1125 1080
f 1066 1126 1066
f 1126 1080 1126
f 1066 1126 1066
f 1126 1126 1066
f 1080 1080 1126
f 1080 1080 1126
f 1126 1126 1066
f 1080 1126 1126
f 346 585 1410
f 585 410 1412
f 1410 1412 1382
f 585 1412 1410
f 410 586 1417
f 586 361 1415
f 1417 1415 1384
f 586 1415 1417
f 1382 1418 1411
f 1418 1384 1416
f 1411 1416 1374
f 1418 1416 1411
f 410 1417 1412
f 1417 1384 1418
f 1412 1418 1382
f 1417 1418 1412
f 361 583 1425
f 583 409 1427
f 1425 1427 1387
f 583 1427 1425
f 409 582 1421
f 582 345 1419
f 1421 1419 1385
f 582 1419 1421
f 1387 1429 1426
f 1429 1385 1420
f 1426 1420 1375
f 1429 1420 1426
f 409 1421 1427
f 1421 1385 1429
f 1427 1429 1387
f 1421 1429 1427
f 1374 1430 1414
f 1430 1388 1432
f 1414 1432 1383
f 1430 1432 1414
f 1388 1431 1434
f 1431 1375 1423
f 1434 1423 1386
f 1431 1423 1434
f 1383 1424 1413
f 1424 1386 1422
f 1413 1422 1370
f 1424 1422 1413
f 1388 1434 1432
f 1434 1386 1424
f 1432 1424 1383
f 1434 1424 1432
f 361 1425 1415
f 1425 1387 1428
f 1415 1428 1384
f 1425 1428 1415
f 1387 1426 1435
f 1426 1375 1431
f 1435 1431 1388
f 1426 1431 1435
f 1384 1433 1416
f 1433 1388 1430
f 1416 1430 1374
f 1433 1430 1416
f 1387 1435 1428
f 1435 1388 1433
f 1428 1433 1384
f 1435 1433 1428
f 346 1410 1410
f 1410 1382 1382
f 1410 1382 1382
f 1410 1382 1410
f 1382 1411 1411
f 1411 1374 1374
f 1411 1374 1374
f 1411 1374 1411
f 1382 1411 1411
f 1411 1374 1374
f 1411 1374 1374
f 1411 1374 1411
f 1382 1411 1382
f 1411 1374 1411
f 1382 1411 1382
f 1411 1411 1382
f 1374 1414 1414
f 1414 1383 1383
f 1414 1383 1383
f 1414 1383 1414
f 1383 1413 1413
f 1413 1370 1370
f 1413 1370 1370
f 1413 1370 1413
f 1383 1413 1413
f 1413 1370 1370
f 1413 1370 1370
f 1413 1370 1413
f 1383 1413 1383
f 1413 1370 1413
f 1383 1413 1383
f 1413 1413 1383
f 1374 1414 1414
f 1414 1383 1383
f 1414 1383 1383
f 1414 1383 1414
f 1383 1413 1413
f 1413 1370 1370
f 1413 1370 1370
f 1413 1370 1413
f 1383 1413 1413
f 1413 1370 1370
f 1413 1370 1370
f 1413 1370 1413
f 1383 1413 1383
f 1413 1370 1413
f 1383 1413 1383
f 1413 1413 1383
f 1374 1414 1374
f 1414 1383 1414
f 1374 1414 1374
f 1414 1414 1374
f 1383 1413 1383
f 1413 1370 1413
f 1383 1413 1383
f 1413 1413 1383
f 1374 1414 1374
f 1414 1383 1414
f 1374 1414 1374
f 1414 1414 1374
f 1383 1383 1414
f 1383 1383 1414
f 1414 1414 1374
f 1383 1414 1414
f 1370 1436 1440
f 1436 1389 1442
f 1440 1442 1391
f 1436 1442 1440
f 1389 1437 1447
f 1437 1376 1445
f 1447 1445 1393
f 1437 1445 1447
f 1391 1448 1441
f 1448 1393 1446
f 1441 1446 1377
f 1448 1446 1441
f 1389 1447 1442
f 1447 1393 1448
f 1442 1448 1391
f 1447 1448 1442
f 1376 1439 1455
f 1439 1390 1457
f 1455 1457 1396
f 1439 1457 1455
f 1390 1438 1451
f 1438 1371 1449
f 1451 1449 1394
f 1438 1449 1451
f 1396 1459 1456
f 1459 1394 1450
f 1456 1450 1378
f 1459 1450 1456
f 1390 1451 1457
f 1451 1394 1459
f 1457 1459 1396
f 1451 1459 1457
f 1377 1460 1444
f 1460 1397 1462
f 1444 1462 1392
f 1460 1462 1444
f 1397 1461 1464
f 1461 1378 1453
f 1464 1453 1395
f 1461 1453 1464
f 1392 1454 1443
f 1454 1395 1452
f 1443 1452 1372
f 1454 1452 1443
f 1397 1464 1462
f 1464 1395 1454
f 1462 1454 1392
f 1464 1454 1462
f 1376 1455 1445
f 1455 1396 1458
f 1445 1458 1393
f 1455 1458 1445
f 1396 1456 1465
f 1456 1378 1461
f 1465 1461 1397
f 1456 1461 1465
f 1393 1463 1446
f 1463 1397 1460
f 1446 1460 1377
f 1463 1460 1446
f 1396 1465 1458
f 1465 1397 1463
f 1458 1463 1393
f 1465 1463 1458
f 1370 1440 1440
f 1440 1391 1391
f 1440 1391 1391
f 1440 1391 1440
f 1391 1441 1441
f 1441 1377 1377
f 1441 1377 1377
f 1441 1377 1441
f 1391 1441 1441
f 1441 1377 1377
f 1441 1377 1377
f 1441 1377 1441
f 1391 1441 1391
f 1441 1377 1441
f 1391 1441 1391
f 1441 1441 1391
f 1377 1444 1444
f 1444 1392 1392
f 1444 1392 1392
f 1444 1392 1444
f 1392 1443 1443
f 1443 1372 1372
f 1443 1372 1372
f 1443 1372 1443
f 1392 1443 1443
f 1443 1372 1372
f 1443 1372 1372
f 1443 1372 1443
f 1392 1443 1392
f 1443 1372 1443
f 1392 1443 1392
f 1443 1443 1392
f 1377 1444 1444
f 1444 1392 1392
f 1444 1392 1392
f 1444 1392 1444
f 1392 1443 1443
f 1443 1372 1372
f 1443 1372 1372
f 1443 1372 1443
f 1392 1443 1443
f 1443 1372 1372
f 1443 1372 1372
f 1443 1372 1443
f 1392 1443 1392
f 1443 1372 1443
f 1392 1443 1392
f 1443 1443 1392
f 1377 1444 1377
f 1444 1392 1444
f 1377 1444 1377
f 1444 1444 1377
f 1392 1443 1392
f 1443 1372 1443
f 1392 1443 1392
f 1443 1443 1392
f 1377 1444 1377
f 1444 1392 1444
f 1377 1444 1377
f 1444 1444 1377
f 1392 1392 1444
f 1392 1392 1444
f 1444 1444 1377
f 1392 1444 1444
f 1373 1479 1500
f 1479 1402 1502
f 1500 1502 1407
f 1479 1502 1500
f 1402 1480 1510
f 1480 1380 1508
f 1510 1508 1409
f 1480 1508 1510
f 1407 1512 1501
f 1512 1409 1509
f 1501 1509 1381
f 1512 1509 1501
f 1402 1510 1502
f 1510 1409 1512
f 1502 1512 1407
f 1510 1512 1502
f 1380 1476 1488
f 1476 1401 1490
f 1488 1490 1404
f 1476 1490 1488
f 1401 1475 1478
f 1475 1370 1440
f 1478 1440 1391
f 1475 1440 1478
f 1404 1489 1487
f 1489 1391 1441
f 1487 1441 1377
f 1489 1441 1487
f 1401 1478 1490
f 1478 1391 1489
f 1490 1489 1404
f 1478 1489 1490
f 1381 1504 1498
f 1504 1408 1507
f 1498 1507 1406
f 1504 1507 1498
f 1408 1503 1505
f 1503 1377 1444
f 1505 1444 1392
f 1503 1444 1505
f 1406 1499 1497
f 1499 1392 1443
f 1497 1443 1372
f 1499 1443 1497
f 1408 1505 1507
f 1505 1392 1499
f 1507 1499 1406
f 1505 1499 1507
f 1380 1488 1508
f 1488 1404 1511
f 1508 1511 1409
f 1488 1511 1508
f 1404 1487 1506
f 1487 1377 1503
f 1506 1503 1408
f 1487 1503 1506
f 1409 1513 1509
f 1513 1408 1504
f 1509 1504 1381
f 1513 1504 1509
f 1404 1506 1511
f 1506 1408 1513
f 1511 1513 1409
f 1506 1513 1511
f 1373 1500 1500
f 1500 1407 1407
f 1500 1407 1407
f 1500 1407 1500
f 1407 1501 1501
f 1501 1381 1381
f 1501 1381 1381
f 1501 1381 1501
f 1407 1501 1501
f 1501 1381 1381
f 1501 1381 1381
f 1501 1381 1501
f 1407 1501 1407
f 1501 1381 1501
f 1407 1501 1407
f 1501 1501 1407
f 1381 1498 1498
f 1498 1406 1406
f 1498 1406 1406
f 1498 1406 1498
f 1406 1497 1497
f 1497 1372 1372
f 1497 1372 1372
f 1497 1372 1497
f 1406 1497 1497
f 1497 1372 1372
f 1497 1372 1372
f 1497 1372 1497
f 1406 1497 1406
f 1497 1372 1497
f 1406 1497 1406
f 1497 1497 1406
f 1381 1498 1498
f 1498 1406 1406
f 1498 1406 1406
f 1498 1406 1498
f 1406 1497 1497
f 1497 1372 1372
f 1497 1372 1372
f 1497 1372 1497
f 1406 1497 1497
f 1497 1372 1372
f 1497 1372 1372
f 1497 1372 1497
f 1406 1497 1406
f 1497 1372 1497
f 1406 1497 1406
f 1497 1497 1406
f 1381 1498 1381
f 1498 1406 1498
f 1381 1498 1381
f 1498 1498 1381
f 1406 1497 1406
f 1497 1372 1497
f 1406 1497 1406
f 1497 1497 1406
f 1381 1498 1381
f 1498 1406 1498
f 1381 1498 1381
f 1498 1498 1381
f 1406 1406 1498
f 1406 1406 1498
f 1498 1498 1381
f 1406 1498 1498
f 1373 1469 1479
f 1469 1399 1481
f 1479 1481 1402
f 1469 1481 1479
f 1399 1470 1493
f 1470 1379 1491
f 1493 1491 1405
f 1470 1491 1493
f 1402 1495 1480
f 1495 1405 1492
f 1480 1492 1380
f 1495 1492 1480
f 1399 1493 1481
f 1493 1405 1495
f 1481 1495 1402
f 1493 1495 1481
f 1379 1467 1472
f 1467 1398 1474
f 1472 1474 1400
f 1467 1474 1472
f 1398 1466 1468
f 1466 346 1410
f 1468 1410 1382
f 1466 1410 1468
f 1400 1473 1471
f 1473 1382 1411
f 1471 1411 1374
f 1473 1411 1471
f 1398 1468 1474
f 1468 1382 1473
f 1474 1473 1400
f 1468 1473 1474
f 1380 1483 1476
f 1483 1403 1486
f 1476 1486 1401
f 1483 1486 1476
f 1403 1482 1484
f 1482 1374 1414
f 1484 1414 1383
f 1482 1414 1484
f 1401 1477 1475
f 1477 1383 1413
f 1475 1413 1370
f 1477 1413 1475
f 1403 1484 1486
f 1484 1383 1477
f 1486 1477 1401
f 1484 1477 1486
f 1379 1472 1491
f 1472 1400 1494
f 1491 1494 1405
f 1472 1494 1491
f 1400 1471 1485
f 1471 1374 1482
f 1485 1482 1403
f 1471 1482 1485
f 1405 1496 1492
f 1496 1403 1483
f 1492 1483 1380
f 1496 1483 1492
f 1400 1485 1494
f 1485 1403 1496
f 1494 1496 1405
f 1485 1496 1494
f 1373 1479 1479
f 1479 1402 1402
f 1479 1402 1402
f 1479 1402 1479
f 1402 1480 1480
f 1480 1380 1380
f 1480 1380 1380
f 1480 1380 1480
f 1402 1480 1480
f 1480 1380 1380
f 1480 1380 1380
f 1480 1380 1480
f 1402 1480 1402
f 1480 1380 1480
f 1402 1480 1402
f 1480 1480 1402
f 1380 1476 1476
f 1476 1401 1401
f 1476 1401 1401
f 1476 1401 1476
f 1401 1475 1475
f 1475 1370 1370
f 1475 1370 1370
f 1475 1370 1475
f 1401 1475 1475
f 1475 1370 1370
f 1475 1370 1370
f 1475 1370 1475
f 1401 1475 1401
f 1475 1370 1475
f 1401 1475 1401
f 1475 1475 1401
f 1380 1476 1476
f 1476 1401 1401
f 1476 1401 1401
f 1476 1401 1476
f 1401 1475 1475
f 1475 1370 1370
f 1475 1370 1370
f 1475 1370 1475
f 1401 1475 1475
f 1475 1370 1370
f 1475 1370 1370
f 1475 1370 1475
f 1401 1475 1401
f 1475 1370 1475
f 1401 1475 1401
f 1475 1475 1401
f 1380 1476 1380
f 1476 1401 1476
f 1380 1476 1380
f 1476 1476 1380
f 1401 1475 1401
f 1475 1370 1475
f 1401 1475 1401
f 1475 1475 1401
f 1380 1476 1380
f 1476 1401 1476
f 1380 1476 1380
f 1476 1476 1380
f 1401 1401 1476
f 1401 1401 1476
f 1476 1476 1380
f 1401 1476 1476
f 1371 1438 1604
f 1438 1390 1606
f 1604 1606 1541
f 1438 1606 1604
f 1390 1439 1611
f 1439 1376 1609
f 1611 1609 1543
f 1439 1609 1611
f 1541 1612 1605
f 1612 1543 1610
f 1605 1610 1523
f 1612 1610 1605
f 1390 1611 1606
f 1611 1543 1612
f 1606 1612 1541
f 1611 1612 1606
f 1376 1437 1619
f 1437 1389 1621
f 1619 1621 1546
f 1437 1621 1619
f 1389 1436 1615
f 1436 1370 1613
f 1615 1613 1544
f 1436 1613 1615
f 1546 1623 1620
f 1623 1544 1614
f 1620 1614 1524
f 1623 1614 1620
f 1389 1615 1621
f 1615 1544 1623
f 1621 1623 1546
f 1615 1623 1621
f 1523 1624 1608
f 1624 1547 1626
f 1608 1626 1542
f 1624 1626 1608
f 1547 1625 1628
f 1625 1524 1617
f 1628 1617 1545
f 1625 1617 1628
f 1542 1618 1607
f 1618 1545 1616
f 1607 1616 1514
f 1618 1616 1607
f 1547 1628 1626
f 1628 1545 1618
f 1626 1618 1542
f 1628 1618 1626
f 1376 1619 1609
f 1619 1546 1622
f 1609 1622 1543
f 1619 1622 1609
f 1546 1620 1629
f 1620 1524 1625
f 1629 1625 1547
f 1620 1625 1629
f 1543 1627 1610
f 1627 1547 1624
f 1610 1624 1523
f 1627 1624 1610
f 1546 1629 1622
f 1629 1547 1627
f 1622 1627 1543
f 1629 1627 1622
f 1371 1604 1604
f 1604 1541 1541
f 1604 1541 1541
f 1604 1541 1604
f 1541 1605 1605
f 1605 1523 1523
f 1605 1523 1523
f 1605 1523 1605
f 1541 1605 1605
f 1605 1523 1523
f 1605 1523 1523
f 1605 1523 1605
f 1541 1605 1541
f 1605 1523 1605
f 1541 1605 1541
f 1605 1605 1541
f 1523 1608 1608
f 1608 1542 1542
f 1608 1542 1542
f 1608 1542 1608
f 1542 1607 1607
f 1607 1514 1514
f 1607 1514 1514
f 1607 1514 1607
f 1542 1607 1607
f 1607 1514 1514
f 1607 1514 1514
f 1607 1514 1607
f 1542 1607 1542
f 1607 1514 1607
f 1542 1607 1542
f 1607 1607 1542
f 1523 1608 1608
f 1608 1542 1542
f 1608 1542 1542
f 1608 1542 1608
f 1542 1607 1607
f 1607 1514 1514
f 1607 1514 1514
f 1607 1514 1607
f 1542 1607 1607
f 1607 1514 1514
f 1607 1514 1514
f 1607 1514 1607
f 1542 1607 1542
f 1607 1514 1607
f 1542 1607 1542
f 1607 1607 1542
f 1523 1608 1523
f 1608 1542 1608
f 1523 1608 1523
f 1608 1608 1523
f 1542 1607 1542
f 1607 1514 1607
f 1542 1607 1542
f 1607 1607 1542
f 1523 1608 1523
f 1608 1542 1608
f 1523 1608 1523
f 1608 1608 1523
f 1542 1542 1608
f 1542 1542 1608
f 1608 1608 1523
f 1542 1608 1608
f 1515 1634 1669
f 1634 1550 1672
f 1669 1672 1560
f 1634 1672 1669
f 1550 1635 1683
f 1635 1526 1681
f 1683 1681 1563
f 1635 1681 1683
f 1560 1684 1670
f 1684 1563 1682
f 1670 1682 1529
f 1684 1682 1670
f 1550 1683 1672
f 1683 1563 1684
f 1672 1684 1560
f 1683 1684 1672
f 1526 1637 1697
f 1637 1551 1699
f 1697 1699 1567
f 1637 1699 1697
f 1551 1636 1693
f 1636 1516 1691
f 1693 1691 1565
f 1636 1691 1693
f 1567 1701 1698
f 1701 1565 1692
f 1698 1692 1530
f 1701 1692 1698
f 1551 1693 1699
f 1693 1565 1701
f 1699 1701 1567
f 1693 1701 1699
f 1529 1702 1674
f 1702 1568 1704
f 1674 1704 1561
f 1702 1704 1674
f 1568 1703 1706
f 1703 1530 1695
f 1706 1695 1566
f 1703 1695 1706
f 1561 1696 1673
f 1696 1566 1694
f 1673 1694 1517
f 1696 1694 1673
f 1568 1706 1704
f 1706 1566 1696
f 1704 1696 1561
f 1706 1696 1704
f 1526 1697 1681
f 1697 1567 1700
f 1681 1700 1563
f 1697 1700 1681
f 1567 1698 1707
f 1698 1530 1703
f 1707 1703 1568
f 1698 1703 1707
f 1563 1705 1682
f 1705 1568 1702
f 1682 1702 1529
f 1705 1702 1682
f 1567 1707 1700
f 1707 1568 1705
f 1700 1705 1563
f 1707 1705 1700
f 1515 1669 1669
f 1669 1560 1560
f 1669 1560 1560
f 1669 1560 1669
f 1560 1670 1670
f 1670 1529 1529
f 1670 1529 1529
f 1670 1529 1670
f 1560 1670 1670
f 1670 1529 1529
f 1670 1529 1529
f 1670 1529 1670
f 1560 1670 1560
f 1670 1529 1670
f 1560 1670 1560
f 1670 1670 1560
f 1529 1674 1674
f 1674 1561 1561
f 1674 1561 1561
f 1674 1561 1674
f 1561 1673 1673
f 1673 1517 1517
f 1673 1517 1517
f 1673 1517 1673
f 1561 1673 1673
f 1673 1517 1517
f 1673 1517 1517
f 1673 1517 1673
f 1561 1673 1561
f 1673 1517 1673
f 1561 1673 1561
f 1673 1673 1561
f 1529 1674 1674
f 1674 1561 1561
f 1674 1561 1561
f 1674 1561 1674
f 1561 1673 1673
f 1673 1517 1517
f 1673 1517 1517
f 1673 1517 1673
f 1561 1673 1673
f 1673 1517 1517
f 1673 1517 1517
f 1673 1517 1673
f 1561 1673 1561
f 1673 1517 1673
f 1561 1673 1561
f 1673 1673 1561
f 1529 1674 1529
f 1674 1561 1674
f 1529 1674 1529
f 1674 1674 1529
f 1561 1673 1561
f 1673 1517 1673
f 1561 1673 1561
f 1673 1673 1561
f 1529 1674 1529
f 1674 1561 1674
f 1529 1674 1529
f 1674 1674 1529
f 1561 1561 1674
f 1561 1561 1674
f 1674 1674 1529
f 1561 1674 1674
f 1370 1638 1613
f 1638 1552 1640
f 1613 1640 1544
f 1638 1640 1613
f 1552 1639 1647
f 1639 1527 1645
f 1647 1645 1554
f 1639 1645 1647
f 1544 1646 1614
f 1646 1554 1644
f 1614 1644 1524
f 1646 1644 1614
f 1552 1647 1640
f 1647 1554 1646
f 1640 1646 1544
f 1647 1646 1640
f 1527 1643 1663
f 1643 1553 1665
f 1663 1665 1559
f 1643 1665 1663
f 1553 1642 1657
f 1642 1517 1655
f 1657 1655 1557
f 1642 1655 1657
f 1559 1667 1664
f 1667 1557 1656
f 1664 1656 1528
f 1667 1656 1664
f 1553 1657 1665
f 1657 1557 1667
f 1665 1667 1559
f 1657 1667 1665
f 1524 1658 1617
f 1658 1558 1660
f 1617 1660 1545
f 1658 1660 1617
f 1558 1659 1662
f 1659 1528 1653
f 1662 1653 1556
f 1659 1653 1662
f 1545 1654 1616
f 1654 1556 1652
f 1616 1652 1514
f 1654 1652 1616
f 1558 1662 1660
f 1662 1556 1654
f 1660 1654 1545
f 1662 1654 1660
f 1527 1663 1645
f 1663 1559 1666
f 1645 1666 1554
f 1663 1666 1645
f 1559 1664 1668
f 1664 1528 1659
f 1668 1659 1558
f 1664 1659 1668
f 1554 1661 1644
f 1661 1558 1658
f 1644 1658 1524
f 1661 1658 1644
f 1559 1668 1666
f 1668 1558 1661
f 1666 1661 1554
f 1668 1661 1666
f 1370 1613 1613
f 1613 1544 1544
f 1613 1544 1544
f 1613 1544 1613
f 1544 1614 1614
f 1614 1524 1524
f 1614 1524 1524
f 1614 1524 1614
f 1544 1614 1614
f 1614 1524 1524
f 1614 1524 1524
f 1614 1524 1614
f 1544 1614 1544
f 1614 1524 1614
f 1544 1614 1544
f 1614 1614 1544
f 1524 1617 1617
f 1617 1545 1545
f 1617 1545 1545
f 1617 1545 1617
f 1545 1616 1616
f 1616 1514 1514
f 1616 1514 1514
f 1616 1514 1616
f 1545 1616 1616
f 1616 1514 1514
f 1616 1514 1514
f 1616 1514 1616
f 1545 1616 1545
f 1616 1514 1616
f 1545 1616 1545
f 1616 1616 1545
f 1524 1617 1617
f 1617 1545 1545
f 1617 1545 1545
f 1617 1545 1617
f 1545 1616 1616
f 1616 1514 1514
f 1616 1514 1514
f 1616 1514 1616
f 1545 1616 1616
f 1616 1514 1514
f 1616 1514 1514
f 1616 1514 1616
f 1545 1616 1545
f 1616 1514 1616
f 1545 1616 1545
f 1616 1616 1545
f 1524 1617 1524
f 1617 1545 1617
f 1524 1617 1524
f 1617 1617 1524
f 1545 1616 1545
f 1616 1514 1616
f 1545 1616 1545
f 1616 1616 1545
f 1524 1617 1524
f 1617 1545 1617
f 1524 1617 1524
f 1617 1617 1524
f 1545 1545 1617
f 1545 1545 1617
f 1617 1617 1524
f 1545 1617 1617
f 1515 1669 1632
f 1669 1560 1671
f 1632 1671 1549
f 1669 1671 1632
f 1560 1670 1680
f 1670 1529 1677
f 1680 1677 1562
f 1670 1677 1680
f 1549 1678 1633
f 1678 1562 1676
f 1633 1676 1525
f 1678 1676 1633
f 1560 1680 1671
f 1680 1562 1678
f 1671 1678 1549
f 1680 1678 1671
f 1529 1674 1686
f 1674 1561 1689
f 1686 1689 1564
f 1674 1689 1686
f 1561 1673 1675
f 1673 1517 1642
f 1675 1642 1553
f 1673 1642 1675
f 1564 1687 1685
f 1687 1553 1643
f 1685 1643 1527
f 1687 1643 1685
f 1561 1675 1689
f 1675 1553 1687
f 1689 1687 1564
f 1675 1687 1689
f 1525 1648 1631
f 1648 1555 1650
f 1631 1650 1548
f 1648 1650 1631
f 1555 1649 1651
f 1649 1527 1639
f 1651 1639 1552
f 1649 1639 1651
f 1548 1641 1630
f 1641 1552 1638
f 1630 1638 1370
f 1641 1638 1630
f 1555 1651 1650
f 1651 1552 1641
f 1650 1641 1548
f 1651 1641 1650
f 1529 1686 1677
f 1686 1564 1690
f 1677 1690 1562
f 1686 1690 1677
f 1564 1685 1688
f 1685 1527 1649
f 1688 1649 1555
f 1685 1649 1688
f 1562 1679 1676
f 1679 1555 1648
f 1676 1648 1525
f 1679 1648 1676
f 1564 1688 1690
f 1688 1555 1679
f 1690 1679 1562
f 1688 1679 1690
f 1515 1632 1632
f 1632 1549 1549
f 1632 1549 1549
f 1632 1549 1632
f 1549 1633 1633
f 1633 1525 1525
f 1633 1525 1525
f 1633 1525 1633
f 1549 1633 1633
f 1633 1525 1525
f 1633 1525 1525
f 1633 1525 1633
f 1549 1633 1549
f 1633 1525 1633
f 1549 1633 1549
f 1633 1633 1549
f 1525 1631 1631
f 1631 1548 1548
f 1631 1548 1548
f 1631 1548 1631
f 1548 1630 1630
f 1630 1370 1370
f 1630 1370 1370
f 1630 1370 1630
f 1548 1630 1630
f 1630 1370 1370
f 1630 1370 1370
f 1630 1370 1630
f 1548 1630 1548
f 1630 1370 1630
f 1548 1630 1548
f 1630 1630 1548
f 1525 1631 1631
f 1631 1548 1548
f 1631 1548 1548
f 1631 1548 1631
f 1548 1630 1630
f 1630 1370 1370
f 1630 1370 1370
f 1630 1370 1630
f 1548 1630 1630
f 1630 1370 1370
f 1630 1370 1370
f 1630 1370 1630
f 1548 1630 1548
f 1630 1370 1630
f 1548 1630 1548
f 1630 1630 1548
f 1525 1631 1525
f 1631 1548 1631
f 1525 1631 1525
f 1631 1631 1525
f 1548 1630 1548
f 1630 1370 1630
f 1548 1630 1548
f 1630 1630 1548
f 1525 1631 1525
f 1631 1548 1631
f 1525 1631 1525
f 1631 1631 1525
f 1548 1548 1631
f 1548 1548 1631
f 1631 1631 1525
f 1548 1631 1631
f 1518 1734 1747
f 1734 1576 1749
f 1747 1749 1581
f 1734 1749 1747
f 1576 1735 1754
f 1735 1533 1752
f 1754 1752 1583
f 1735 1752 1754
f 1581 1755 1748
f 1755 1583 1753
f 1748 1753 1535
f 1755 1753 1748
f 1576 1754 1749
f 1754 1583 1755
f 1749 1755 1581
f 1754 1755 1749
f 1533 1737 1769
f 1737 1577 1771
f 1769 1771 1587
f 1737 1771 1769
f 1577 1736 1759
f 1736 1519 1756
f 1759 1756 1584
f 1736 1756 1759
f 1587 1773 1770
f 1773 1584 1757
f 1770 1757 1536
f 1773 1757 1770
f 1577 1759 1771
f 1759 1584 1773
f 1771 1773 1587
f 1759 1773 1771
f 1535 1780 1751
f 1780 1589 1782
f 1751 1782 1582
f 1780 1782 1751
f 1589 1781 1784
f 1781 1536 1761
f 1784 1761 1585
f 1781 1761 1784
f 1582 1763 1750
f 1763 1585 1760
f 1750 1760 1520
f 1763 1760 1750
f 1589 1784 1782
f 1784 1585 1763
f 1782 1763 1582
f 1784 1763 1782
f 1533 1769 1752
f 1769 1587 1772
f 1752 1772 1583
f 1769 1772 1752
f 1587 1770 1785
f 1770 1536 1781
f 1785 1781 1589
f 1770 1781 1785
f 1583 1783 1753
f 1783 1589 1780
f 1753 1780 1535
f 1783 1780 1753
f 1587 1785 1772
f 1785 1589 1783
f 1772 1783 1583
f 1785 1783 1772
f 1518 1747 1747
f 1747 1581 1581
f 1747 1581 1581
f 1747 1581 1747
f 1581 1748 1748
f 1748 1535 1535
f 1748 1535 1535
f 1748 1535 1748
f 1581 1748 1748
f 1748 1535 1535
f 1748 1535 1535
f 1748 1535 1748
f 1581 1748 1581
f 1748 1535 1748
f 1581 1748 1581
f 1748 1748 1581
f 1535 1751 1751
f 1751 1582 1582
f 1751 1582 1582
f 1751 1582 1751
f 1582 1750 1750
f 1750 1520 1520
f 1750 1520 1520
f 1750 1520 1750
f 1582 1750 1750
f 1750 1520 1520
f 1750 1520 1520
f 1750 1520 1750
f 1582 1750 1582
f 1750 1520 1750
f 1582 1750 1582
f 1750 1750 1582
f 1535 1751 1751
f 1751 1582 1582
f 1751 1582 1582
f 1751 1582 1751
f 1582 1750 1750
f 1750 1520 1520
f 1750 1520 1520
f 1750 1520 1750
f 1582 1750 1750
f 1750 1520 1520
f 1750 1520 1520
f 1750 1520 1750
f 1582 1750 1582
f 1750 1520 1750
f 1582 1750 1582
f 1750 1750 1582
f 1535 1751 1535
f 1751 1582 1751
f 1535 1751 1535
f 1751 1751 1535
f 1582 1750 1582
f 1750 1520 1750
f 1582 1750 1582
f 1750 1750 1582
f 1535 1751 1535
f 1751 1582 1751
f 1535 1751 1535
f 1751 1751 1535
f 1582 1582 1751
f 1582 1582 1751
f 1751 1751 1535
f 1582 1751 1751
f 1521 1789 1821
f 1789 1591 1823
f 1821 1823 1600
f 1789 1823 1821
f 1591 1790 1829
f 1790 1537 1827
f 1829 1827 1602
f 1790 1827 1829
f 1600 1831 1822
f 1831 1602 1828
f 1822 1828 1540
f 1831 1828 1822
f 1591 1829 1823
f 1829 1602 1831
f 1823 1831 1600
f 1829 1831 1823
f 1537 1787 1817
f 1787 1590 1819
f 1817 1819 1599
f 1787 1819 1817
f 1590 1786 1814
f 1786 1518 1812
f 1814 1812 1597
f 1786 1812 1814
f 1599 1820 1818
f 1820 1597 1813
f 1818 1813 1539
f 1820 1813 1818
f 1590 1814 1819
f 1814 1597 1820
f 1819 1820 1599
f 1814 1820 1819
f 1540 1833 1825
f 1833 1603 1836
f 1825 1836 1601
f 1833 1836 1825
f 1603 1832 1834
f 1832 1539 1816
f 1834 1816 1598
f 1832 1816 1834
f 1601 1826 1824
f 1826 1598 1815
f 1824 1815 1522
f 1826 1815 1824
f 1603 1834 1836
f 1834 1598 1826
f 1836 1826 1601
f 1834 1826 1836
f 1537 1817 1827
f 1817 1599 1830
f 1827 1830 1602
f 1817 1830 1827
f 1599 1818 1835
f 1818 1539 1832
f 1835 1832 1603
f 1818 1832 1835
f 1602 1837 1828
f 1837 1603 1833
f 1828 1833 1540
f 1837 1833 1828
f 1599 1835 1830
f 1835 1603 1837
f 1830 1837 1602
f 1835 1837 1830
f 1521 1821 1821
f 1821 1600 1600
f 1821 1600 1600
f 1821 1600 1821
f 1600 1822 1822
f 1822 1540 1540
f 1822 1540 1540
f 1822 1540 1822
f 1600 1822 1822
f 1822 1540 1540
f 1822 1540 1540
f 1822 1540 1822
f 1600 1822 1600
f 1822 1540 1822
f 1600 1822 1600
f 1822 1822 1600
f 1540 1825 1825
f 1825 1601 1601
f 1825 1601 1601
f 1825 1601 1825
f 1601 1824 1824
f 1824 1522 1522
f 1824 1522 1522
f 1824 1522 1824
f 1601 1824 1824
f 1824 1522 1522
f 1824 1522 1522
f 1824 1522 1824
f 1601 1824 1601
f 1824 1522 1824
f 1601 1824 1601
f 1824 1824 1601
f 1540 1825 1825
f 1825 1601 1601
f 1825 1601 1601
f 1825 1601 1825
f 1601 1824 1824
f 1824 1522 1522
f 1824 1522 1522
f 1824 1522 1824
f 1601 1824 1824
f 1824 1522 1522
f 1824 1522 1522
f 1824 1522 1824
f 1601 1824 1601
f 1824 1522 1824
f 1601 1824 1601
f 1824 1824 1601
f 1540 1825 1540
f 1825 1601 1825
f 1540 1825 1540
f 1825 1825 1540
f 1601 1824 1601
f 1824 1522 1824
f 1601 1824 1601
f 1824 1824 1601
f 1540 1825 1540
f 1825 1601 1825
f 1540 1825 1540
f 1825 1825 1540
f 1601 1601 1825
f 1601 1601 1825
f 1825 1825 1540
f 1601 1825 1825
f 1518 1786 1734
f 1786 1590 1788
f 1734 1788 1576
f 1786 1788 1734
f 1590 1787 1794
f 1787 1537 1792
f 1794 1792 1592
f 1787 1792 1794
f 1576 1793 1735
f 1793 1592 1791
f 1735 1791 1533
f 1793 1791 1735
f 1590 1794 1788
f 1794 1592 1793
f 1788 1793 1576
f 1794 1793 1788
f 1537 1790 1806
f 1790 1591 1808
f 1806 1808 1596
f 1790 1808 1806
f 1591 1789 1800
f 1789 1521 1798
f 1800 1798 1594
f 1789 1798 1800
f 1596 1810 1807
f 1810 1594 1799
f 1807 1799 1538
f 1810 1799 1807
f 1591 1800 1808
f 1800 1594 1810
f 1808 1810 1596
f 1800 1810 1808
f 1533 1801 1737
f 1801 1595 1803
f 1737 1803 1577
f 1801 1803 1737
f 1595 1802 1805
f 1802 1538 1796
f 1805 1796 1593
f 1802 1796 1805
f 1577 1797 1736
f 1797 1593 1795
f 1736 1795 1519
f 1797 1795 1736
f 1595 1805 1803
f 1805 1593 1797
f 1803 1797 1577
f 1805 1797 1803
f 1537 1806 1792
f 1806 1596 1809
f 1792 1809 1592
f 1806 1809 1792
f 1596 1807 1811
f 1807 1538 1802
f 1811 1802 1595
f 1807 1802 1811
f 1592 1804 1791
f 1804 1595 1801
f 1791 1801 1533
f 1804 1801 1791
f 1596 1811 1809
f 1811 1595 1804
f 1809 1804 1592
f 1811 1804 1809
f 1518 1734 1734
f 1734 1576 1576
f 1734 1576 1576
f 1734 1576 1734
f 1576 1735 1735
f 1735 1533 1533
f 1735 1533 1533
f 1735 1533 1735
f 1576 1735 1735
f 1735 1533 1533
f 1735 1533 1533
f 1735 1533 1735
f 1576 1735 1576
f 1735 1533 1735
f 1576 1735 1576
f 1735 1735 1576
f 1533 1737 1737
f 1737 1577 1577
f 1737 1577 1577
f 1737 1577 1737
f 1577 1736 1736
f 1736 1519 1519
f 1736 1519 1519
f 1736 1519 1736
f 1577 1736 1736
f 1736 1519 1519
f 1736 1519 1519
f 1736 1519 1736
f 1577 1736 1577
f 1736 1519 1736
f 1577 1736 1577
f 1736 1736 1577
f 1533 1737 1737
f 1737 1577 1577
f 1737 1577 1577
f 1737 1577 1737
f 1577 1736 1736
f 1736 1519 1519
f 1736 1519 1519
f 1736 1519 1736
f 1577 1736 1736
f 1736 1519 1519
f 1736 1519 1519
f 1736 1519 1736
f 1577 1736 1577
f 1736 1519 1736
f 1577 1736 1577
f 1736 1736 1577
f 1533 1737 1533
f 1737 1577 1737
f 1533 1737 1533
f 1737 1737 1533
f 1577 1736 1577
f 1736 1519 1736
f 1577 1736 1577
f 1736 1736 1577
f 1533 1737 1533
f 1737 1577 1737
f 1533 1737 1533
f 1737 1737 1533
f 1577 1577 1737
f 1577 1577 1737
f 1737 1737 1533
f 1577 1737 1737
f 1519 1711 1756
f 1711 1570 1758
f 1756 1758 1584
f 1711 1758 1756
f 1570 1712 1766
f 1712 1531 1764
f 1766 1764 1586
f 1712 1764 1766
f 1584 1768 1757
f 1768 1586 1765
f 1757 1765 1536
f 1768 1765 1757
f 1570 1766 1758
f 1766 1586 1768
f 1758 1768 1584
f 1766 1768 1758
f 1531 1709 1743
f 1709 1569 1745
f 1743 1745 1580
f 1709 1745 1743
f 1569 1708 1740
f 1708 1516 1738
f 1740 1738 1578
f 1708 1738 1740
f 1580 1746 1744
f 1746 1578 1739
f 1744 1739 1534
f 1746 1739 1744
f 1569 1740 1745
f 1740 1578 1746
f 1745 1746 1580
f 1740 1746 1745
f 1536 1775 1761
f 1775 1588 1778
f 1761 1778 1585
f 1775 1778 1761
f 1588 1774 1776
f 1774 1534 1742
f 1776 1742 1579
f 1774 1742 1776
f 1585 1762 1760
f 1762 1579 1741
f 1760 1741 1520
f 1762 1741 1760
f 1588 1776 1778
f 1776 1579 1762
f 1778 1762 1585
f 1776 1762 1778
f 1531 1743 1764
f 1743 1580 1767
f 1764 1767 1586
f 1743 1767 1764
f 1580 1744 1777
f 1744 1534 1774
f 1777 1774 1588
f 1744 1774 1777
f 1586 1779 1765
f 1779 1588 1775
f 1765 1775 1536
f 1779 1775 1765
f 1580 1777 1767
f 1777 1588 1779
f 1767 1779 1586
f 1777 1779 1767
f 1519 1756 1756
f 1756 1584 1584
f 1756 1584 1584
f 1756 1584 1756
f 1584 1757 1757
f 1757 1536 1536
f 1757 1536 1536
f 1757 1536 1757
f 1584 1757 1757
f 1757 1536 1536
f 1757 1536 1536
f 1757 1536 1757
f 1584 1757 1584
f 1757 1536 1757
f 1584 1757 1584
f 1757 1757 1584
f 1536 1761 1761
f 1761 1585 1585
f 1761 1585 1585
f 1761 1585 1761
f 1585 1760 1760
f 1760 1520 1520
f 1760 1520 1520
f 1760 1520 1760
f 1585 1760 1760
f 1760 1520 1520
f 1760 1520 1520
f 1760 1520 1760
f 1585 1760 1585
f 1760 1520 1760
f 1585 1760 1585
f 1760 1760 1585
f 1536 1761 1761
f 1761 1585 1585
f 1761 1585 1585
f 1761 1585 1761
f 1585 1760 1760
f 1760 1520 1520
f 1760 1520 1520
f 1760 1520 1760
f 1585 1760 1760
f 1760 1520 1520
f 1760 1520 1520
f 1760 1520 1760
f 1585 1760 1585
f 1760 1520 1760
f 1585 1760 1585
f 1760 1760 1585
f 1536 1761 1536
f 1761 1585 1761
f 1536 1761 1536
f 1761 1761 1536
f 1585 1760 1585
f 1760 1520 1760
f 1585 1760 1585
f 1760 1760 1585
f 1536 1761 1536
f 1761 1585 1761
f 1536 1761 1536
f 1761 1761 1536
f 1585 1585 1761
f 1585 1585 1761
f 1761 1761 1536
f 1585 1761 1761
f 1517 1694 1717
f 1694 1566 1719
f 1717 1719 1572
f 1694 1719 1717
f 1566 1695 1725
f 1695 1530 1723
f 1725 1723 1574
f 1695 1723 1725
f 1572 1727 1718
f 1727 1574 1724
f 1718 1724 1532
f 1727 1724 1718
f 1566 1725 1719
f 1725 1574 1727
f 1719 1727 1572
f 1725 1727 1719
f 1530 1692 1713
f 1692 1565 1715
f 1713 1715 1571
f 1692 1715 1713
f 1565 1691 1710
f 1691 1516 1708
f 1710 1708 1569
f 1691 1708 1710
f 1571 1716 1714
f 1716 1569 1709
f 1714 1709 1531
f 1716 1709 1714
f 1565 1710 1715
f 1710 1569 1716
f 1715 1716 1571
f 1710 1716 1715
f 1532 1729 1721
f 1729 1575 1732
f 1721 1732 1573
f 1729 1732 1721
f 1575 1728 1730
f 1728 1531 1712
f 1730 1712 1570
f 1728 1712 1730
f 1573 1722 1720
f 1722 1570 1711
f 1720 1711 1519
f 1722 1711 1720
f 1575 1730 1732
f 1730 1570 1722
f 1732 1722 1573
f 1730 1722 1732
f 1530 1713 1723
f 1713 1571 1726
f 1723 1726 1574
f 1713 1726 1723
f 1571 1714 1731
f 1714 1531 1728
f 1731 1728 1575
f 1714 1728 1731
f 1574 1733 1724
f 1733 1575 1729
f 1724 1729 1532
f 1733 1729 1724
f 1571 1731 1726
f 1731 1575 1733
f 1726 1733 1574
f 1731 1733 1726
f 1517 1717 1717
f 1717 1572 1572
f 1717 1572 1572
f 1717 1572 1717
f 1572 1718 1718
f 1718 1532 1532
f 1718 1532 1532
f 1718 1532 1718
f 1572 1718 1718
f 1718 1532 1532
f 1718 1532 1532
f 1718 1532 1718
f 1572 1718 1572
f 1718 1532 1718
f 1572 1718 1572
f 1718 1718 1572
f 1532 1721 1721
f 1721 1573 1573
f 1721 1573 1573
f 1721 1573 1721
f 1573 1720 1720
f 1720 1519 1519
f 1720 1519 1519
f 1720 1519 1720
f 1573 1720 1720
f 1720 1519 1519
f 1720 1519 1519
f 1720 1519 1720
f 1573 1720 1573
f 1720 1519 1720
f 1573 1720 1573
f 1720 1720 1573
f 1532 1721 1721
f 1721 1573 1573
f 1721 1573 1573
f 1721 1573 1721
f 1573 1720 1720
f 1720 1519 1519
f 1720 1519 1519
f 1720 1519 1720
f 1573 1720 1720
f 1720 1519 1519
f 1720 1519 1519
f 1720 1519 1720
f 1573 1720 1573
f 1720 1519 1720
f 1573 1720 1573
f 1720 1720 1573
f 1532 1721 1532
f 1721 1573 1721
f 1532 1721 1532
f 1721 1721 1532
f 1573 1720 1573
f 1720 1519 1720
f 1573 1720 1573
f 1720 1720 1573
f 1532 1721 1532
f 1721 1573 1721
f 1532 1721 1532
f 1721 1721 1532
f 1573 1573 1721
f 1573 1573 1721
f 1721 1721 1532
f 1573 1721 1721
f 1515 1632 1856
f 1632 1549 1858
f 1856 1858 1841
f 1632 1858 1856
f 1549 1633 1863
f 1633 1525 1861
f 1863 1861 1843
f 1633 1861 1863
f 1841 1864 1857
f 1864 1843 1862
f 1857 1862 1838
f 1864 1862 1857
f 1549 1863 1858
f 1863 1843 1864
f 1858 1864 1841
f 1863 1864 1858
f 1525 1631 1871
f 1631 1548 1873
f 1871 1873 1846
f 1631 1873 1871
f 1548 1630 1867
f 1630 1370 1865
f 1867 1865 1844
f 1630 1865 1867
f 1846 1875 1872
f 1875 1844 1866
f 1872 1866 1839
f 1875 1866 1872
f 1548 1867 1873
f 1867 1844 1875
f 1873 1875 1846
f 1867 1875 1873
f 1838 1876 1860
f 1876 1847 1878
f 1860 1878 1842
f 1876 1878 1860
f 1847 1877 1880
f 1877 1839 1869
f 1880 1869 1845
f 1877 1869 1880
f 1842 1870 1859
f 1870 1845 1868
f 1859 1868 344
f 1870 1868 1859
f 1847 1880 1878
f 1880 1845 1870
f 1878 1870 1842
f 1880 1870 1878
f 1525 1871 1861
f 1871 1846 1874
f 1861 1874 1843
f 1871 1874 1861
f 1846 1872 1881
f 1872 1839 1877
f 1881 1877 1847
f 1872 1877 1881
f 1843 1879 1862
f 1879 1847 1876
f 1862 1876 1838
f 1879 1876 1862
f 1846 1881 1874
f 1881 1847 1879
f 1874 1879 1843
f 1881 1879 1874
f 1515 1856 1856
f 1856 1841 1841
f 1856 1841 1841
f 1856 1841 1856
f 1841 1857 1857
f 1857 1838 1838
f 1857 1838 1838
f 1857 1838 1857
f 1841 1857 1857
f 1857 1838 1838
f 1857 1838 1838
f 1857 1838 1857
f 1841 1857 1841
f 1857 1838 1857
f 1841 1857 1841
f 1857 1857 1841
f 1838 1860 1860
f 1860 1842 1842
f 1860 1842 1842
f 1860 1842 1860
f 1842 1859 1859
f 1859 344 344
f 1859 344 344
f 1859 344 1859
f 1842 1859 1859
f 1859 344 344
f 1859 344 344
f 1859 344 1859
f 1842 1859 1842
f 1859 344 1859
f 1842 1859 1842
f 1859 1859 1842
f 1838 1860 1860
f 1860 1842 1842
f 1860 1842 1842
f 1860 1842 1860
f 1842 1859 1859
f 1859 344 344
f 1859 344 344
f 1859 344 1859
f 1842 1859 1859
f 1859 344 344
f 1859 344 344
f 1859 344 1859
f 1842 1859 1842
f 1859 344 1859
f 1842 1859 1842
f 1859 1859 1842
f 1838 1860 1838
f 1860 1842 1860
f 1838 1860 1838
f 1860 1860 1838
f 1842 1859 1842
f 1859 344 1859
f 1842 1859 1842
f 1859 1859 1842
f 1838 1860 1838
f 1860 1842 1860
f 1838 1860 1838
f 1860 1860 1838
f 1842 1842 1860
f 1842 1842 1860
f 1860 1860 1838
f 1842 1860 1860
f 345 559 1419
f 559 403 1909
f 1419 1909 1385
f 559 1909 1419
f 403 560 1915
f 560 359 1912
f 1915 1912 1854
f 560 1912 1915
f 1385 1913 1420
f 1913 1854 1911
f 1420 1911 1375
f 1913 1911 1420
f 403 1915 1909
f 1915 1854 1913
f 1909 1913 1385
f 1915 1913 1909
f 359 557 1917
f 557 402 1920
f 1917 1920 1855
f 557 1920 1917
f 402 556 1910
f 556 342 1886
f 1910 1886 1849
f 556 1886 1910
f 1855 1918 1916
f 1918 1849 1887
f 1916 1887 1840
f 1918 1887 1916
f 402 1910 1920
f 1910 1849 1918
f 1920 1918 1855
f 1910 1918 1920
f 1375 1892 1423
f 1892 1851 1894
f 1423 1894 1386
f 1892 1894 1423
f 1851 1893 1895
f 1893 1840 1883
f 1895 1883 1848
f 1893 1883 1895
f 1386 1885 1422
f 1885 1848 1882
f 1422 1882 1370
f 1885 1882 1422
f 1851 1895 1894
f 1895 1848 1885
f 1894 1885 1386
f 1895 1885 1894
f 359 1917 1912
f 1917 1855 1921
f 1912 1921 1854
f 1917 1921 1912
f 1855 1916 1919
f 1916 1840 1893
f 1919 1893 1851
f 1916 1893 1919
f 1854 1914 1911
f 1914 1851 1892
f 1911 1892 1375
f 1914 1892 1911
f 1855 1919 1921
f 1919 1851 1914
f 1921 1914 1854
f 1919 1914 1921
f 345 1419 1419
f 1419 1385 1385
f 1419 1385 1385
f 1419 1385 1419
f 1385 1420 1420
f 1420 1375 1375
f 1420 1375 1375
f 1420 1375 1420
f 1385 1420 1420
f 1420 1375 1375
f 1420 1375 1375
f 1420 1375 1420
f 1385 1420 1385
f 1420 1375 1420
f 1385 1420 1385
f 1420 1420 1385
f 1375 1423 1423
f 1423 1386 1386
f 1423 1386 1386
f 1423 1386 1423
f 1386 1422 1422
f 1422 1370 1370
f 1422 1370 1370
f 1422 1370 1422
f 1386 1422 1422
f 1422 1370 1370
f 1422 1370 1370
f 1422 1370 1422
f 1386 1422 1386
f 1422 1370 1422
f 1386 1422 1386
f 1422 1422 1386
f 1375 1423 1423
f 1423 1386 1386
f 1423 1386 1386
f 1423 1386 1423
f 1386 1422 1422
f 1422 1370 1370
f 1422 1370 1370
f 1422 1370 1422
f 1386 1422 1422
f 1422 1370 1370
f 1422 1370 1370
f 1422 1370 1422
f 1386 1422 1386
f 1422 1370 1422
f 1386 1422 1386
f 1422 1422 1386
f 1375 1423 1375
f 1423 1386 1423
f 1375 1423 1375
f 1423 1423 1375
f 1386 1422 1386
f 1422 1370 1422
f 1386 1422 1386
f 1422 1422 1386
f 1375 1423 1375
f 1423 1386 1423
f 1375 1423 1375
f 1423 1423 1375
f 1386 1386 1423
f 1386 1386 1423
f 1423 1423 1375
f 1386 1423 1423
f 342 499 1886
f 499 387 1897
f 1886 1897 1849
f 499 1897 1886
f 387 500 1907
f 500 355 1904
f 1907 1904 1853
f 500 1904 1907
f 1849 1905 1887
f 1905 1853 1903
f 1887 1903 1840
f 1905 1903 1887
f 387 1907 1897
f 1907 1853 1905
f 1897 1905 1849
f 1907 1905 1897
f 355 503 1899
f 503 388 1902
f 1899 1902 1852
f 503 1902 1899
f 388 502 1896
f 502 344 1868
f 1896 1868 1845
f 502 1868 1896
f 1852 1900 1898
f 1900 1845 1869
f 1898 1869 1839
f 1900 1869 1898
f 388 1896 1902
f 1896 1845 1900
f 1902 1900 1852
f 1896 1900 1902
f 1840 1889 1883
f 1889 1850 1891
f 1883 1891 1848
f 1889 1891 1883
f 1850 1888 1890
f 1888 1839 1866
f 1890 1866 1844
f 1888 1866 1890
f 1848 1884 1882
f 1884 1844 1865
f 1882 1865 1370
f 1884 1865 1882
f 1850 1890 1891
f 1890 1844 1884
f 1891 1884 1848
f 1890 1884 1891
f 355 1899 1904
f 1899 1852 1908
f 1904 1908 1853
f 1899 1908 1904
f 1852 1898 1901
f 1898 1839 1888
f 1901 1888 1850
f 1898 1888 1901
f 1853 1906 1903
f 1906 1850 1889
f 1903 1889 1840
f 1906 1889 1903
f 1852 1901 1908
f 1901 1850 1906
f 1908 1906 1853
f 1901 1906 1908
f 342 1886 1886
f 1886 1849 1849
f 1886 1849 1849
f 1886 1849 1886
f 1849 1887 1887
f 1887 1840 1840
f 1887 1840 1840
f 1887 1840 1887
f 1849 1887 1887
f 1887 1840 1840
f 1887 1840 1840
f 1887 1840 1887
f 1849 1887 1849
f 1887 1840 1887
f 1849 1887 1849
f 1887 1887 1849
f 1840 1883 1883
f 1883 1848 1848
f 1883 1848 1848
f 1883 1848 1883
f 1848 1882 1882
f 1882 1370 1370
f 1882 1370 1370
f 1882 1370 1882
f 1848 1882 1882
f 1882 1370 1370
f 1882 1370 1370
f 1882 1370 1882
f 1848 1882 1848
f 1882 1370 1882
f 1848 1882 1848
f 1882 1882 1848
f 1840 1883 1883
f 1883 1848 1848
f 1883 1848 1848
f 1883 1848 1883
f 1848 1882 1882
f 1882 1370 1370
f 1882 1370 1370
f 1882 1370 1882
f 1848 1882 1882
f 1882 1370 1370
f 1882 1370 1370
f 1882 1370 1882
f 1848 1882 1848
f 1882 1370 1882
f 1848 1882 1848
f 1882 1882 1848
f 1840 1883 1840
f 1883 1848 1883
f 1840 1883 1840
f 1883 1883 1840
f 1848 1882 1848
f 1882 1370 1882
f 1848 1882 1848
f 1882 1882 1848
f 1840 1883 1840
f 1883 1848 1883
f 1840 1883 1840
f 1883 1883 1840
f 1848 1848 1883
f 1848 1848 1883
f 1883 1883 1840
f 1848 1883 1883
f 1922 1957 1961
f 1957 1934 1963
f 1961 1963 1936
f 1957 1963 1961
f 1934 1958 1968
f 1958 1927 1966
f 1968 1966 1938
f 1958 1966 1968
f 1936 1969 1962
f 1969 1938 1967
f 1962 1967 1928
f 1969 1967 1962
f 1934 1968 1963
f 1968 1938 1969
f 1963 1969 1936
f 1968 1969 1963
f 1927 1960 1976
f 1960 1935 1978
f 1976 1978 1941
f 1960 1978 1976
f 1935 1959 1972
f 1959 1923 1970
f 1972 1970 1939
f 1959 1970 1972
f 1941 1980 1977
f 1980 1939 1971
f 1977 1971 1929
f 1980 1971 1977
f 1935 1972 1978
f 1972 1939 1980
f 1978 1980 1941
f 1972 1980 1978
f 1928 1981 1965
f 1981 1942 1983
f 1965 1983 1937
f 1981 1983 1965
f 1942 1982 1985
f 1982 1929 1974
f 1985 1974 1940
f 1982 1974 1985
f 1937 1975 1964
f 1975 1940 1973
f 1964 1973 1924
f 1975 1973 1964
f 1942 1985 1983
f 1985 1940 1975
f 1983 1975 1937
f 1985 1975 1983
f 1927 1976 1966
f 1976 1941 1979
f 1966 1979 1938
f 1976 1979 1966
f 1941 1977 1986
f 1977 1929 1982
f 1986 1982 1942
f 1977 1982 1986
f 1938 1984 1967
f 1984 1942 1981
f 1967 1981 1928
f 1984 1981 1967
f 1941 1986 1979
f 1986 1942 1984
f 1979 1984 1938
f 1986 1984 1979
f 1922 1961 1961
f 1961 1936 1936
f 1961 1936 1936
f 1961 1936 1961
f 1936 1962 1962
f 1962 1928 1928
f 1962 1928 1928
f 1962 1928 1962
f 1936 1962 1962
f 1962 1928 1928
f 1962 1928 1928
f 1962 1928 1962
f 1936 1962 1936
f 1962 1928 1962
f 1936 1962 1936
f 1962 1962 1936
f 1928 1965 1965
f 1965 1937 1937
f 1965 1937 1937
f 1965 1937 1965
f 1937 1964 1964
f 1964 1924 1924
f 1964 1924 1924
f 1964 1924 1964
f 1937 1964 1964
f 1964 1924 1924
f 1964 1924 1924
f 1964 1924 1964
f 1937 1964 1937
f 1964 1924 1964
f 1937 1964 1937
f 1964 1964 1937
f 1928 1965 1965
f 1965 1937 1937
f 1965 1937 1937
f 1965 1937 1965
f 1937 1964 1964
f 1964 1924 1924
f 1964 1924 1924
f 1964 1924 1964
f 1937 1964 1964
f 1964 1924 1924
f 1964 1924 1924
f 1964 1924 1964
f 1937 1964 1937
f 1964 1924 1964
f 1937 1964 1937
f 1964 1964 1937
f 1928 1965 1928
f 1965 1937 1965
f 1928 1965 1928
f 1965 1965 1928
f 1937 1964 1937
f 1964 1924 1964
f 1937 1964 1937
f 1964 1964 1937
f 1928 1965 1928
f 1965 1937 1965
f 1928 1965 1928
f 1965 1965 1928
f 1937 1937 1965
f 1937 1937 1965
f 1965 1965 1928
f 1937 1965 1965
f 1924 1973 1996
f 1973 1940 1998
f 1996 1998 1946
f 1973 1998 1996
f 1940 1974 2004
f 1974 1929 2002
f 2004 2002 1948
f 1974 2002 2004
f 1946 2006 1997
f 2006 1948 2003
f 1997 2003 1931
f 2006 2003 1997
f 1940 2004 1998
f 2004 1948 2006
f 1998 2006 1946
f 2004 2006 1998
f 1929 1971 1992
f 1971 1939 1994
f 1992 1994 1945
f 1971 1994 1992
f 1939 1970 1989
f 1970 1923 1987
f 1989 1987 1943
f 1970 1987 1989
f 1945 1995 1993
f 1995 1943 1988
f 1993 1988 1930
f 1995 1988 1993
f 1939 1989 1994
f 1989 1943 1995
f 1994 1995 1945
f 1989 1995 1994
f 1931 2008 2000
f 2008 1949 2011
f 2000 2011 1947
f 2008 2011 2000
f 1949 2007 2009
f 2007 1930 1991
f 2009 1991 1944
f 2007 1991 2009
f 1947 2001 1999
f 2001 1944 1990
f 1999 1990 1925
f 2001 1990 1999
f 1949 2009 2011
f 2009 1944 2001
f 2011 2001 1947
f 2009 2001 2011
f 1929 1992 2002
f 1992 1945 2005
f 2002 2005 1948
f 1992 2005 2002
f 1945 1993 2010
f 1993 1930 2007
f 2010 2007 1949
f 1993 2007 2010
f 1948 2012 2003
f 2012 1949 2008
f 2003 2008 1931
f 2012 2008 2003
f 1945 2010 2005
f 2010 1949 2012
f 2005 2012 1948
f 2010 2012 2005
f 1924 1996 1996
f 1996 1946 1946
f 1996 1946 1946
f 1996 1946 1996
f 1946 1997 1997
f 1997 1931 1931
f 1997 1931 1931
f 1997 1931 1997
f 1946 1997 1997
f 1997 1931 1931
f 1997 1931 1931
f 1997 1931 1997
f 1946 1997 1946
f 1997 1931 1997
f 1946 1997 1946
f 1997 1997 1946
f 1931 2000 2000
f 2000 1947 1947
f 2000 1947 1947
f 2000 1947 2000
f 1947 1999 1999
f 1999 1925 1925
f 1999 1925 1925
f 1999 1925 1999
f 1947 1999 1999
f 1999 1925 1925
f 1999 1925 1925
f 1999 1925 1999
f 1947 1999 1947
f 1999 1925 1999
f 1947 1999 1947
f 1999 1999 1947
f 1931 2000 2000
f 2000 1947 1947
f 2000 1947 1947
f 2000 1947 2000
f 1947 1999 1999
f 1999 1925 1925
f 1999 1925 1925
f 1999 1925 1999
f 1947 1999 1999
f 1999 1925 1925
f 1999 1925 1925
f 1999 1925 1999
f 1947 1999 1947
f 1999 1925 1999
f 1947 1999 1947
f 1999 1999 1947
f 1931 2000 1931
f 2000 1947 2000
f 1931 2000 1931
f 2000 2000 1931
f 1947 1999 1947
f 1999 1925 1999
f 1947 1999 1947
f 1999 1999 1947
f 1931 2000 1931
f 2000 1947 2000
f 1931 2000 1931
f 2000 2000 1931
f 1947 1947 2000
f 1947 1947 2000
f 2000 2000 1931
f 1947 2000 2000
f 1922 2013 1957
f 2013 1950 2015
f 1957 2015 1934
f 2013 2015 1957
f 1950 2014 2021
f 2014 1932 2019
f 2021 2019 1952
f 2014 2019 2021
f 1934 2020 1958
f 2020 1952 2018
f 1958 2018 1927
f 2020 2018 1958
f 1950 2021 2015
f 2021 1952 2020
f 2015 2020 1934
f 2021 2020 2015
f 1932 2017 2033
f 2017 1951 2035
f 2033 2035 1956
f 2017 2035 2033
f 1951 2016 2027
f 2016 1926 2025
f 2027 2025 1954
f 2016 2025 2027
f 1956 2037 2034
f 2037 1954 2026
f 2034 2026 1933
f 2037 2026 2034
f 1951 2027 2035
f 2027 1954 2037
f 2035 2037 1956
f 2027 2037 2035
f 1927 2028 1960
f 2028 1955 2030
f 1960 2030 1935
f 2028 2030 1960
f 1955 2029 2032
f 2029 1933 2023
f 2032 2023 1953
f 2029 2023 2032
f 1935 2024 1959
f 2024 1953 2022
f 1959 2022 1923
f 2024 2022 1959
f 1955 2032 2030
f 2032 1953 2024
f 2030 2024 1935
f 2032 2024 2030
f 1932 2033 2019
f 2033 1956 2036
f 2019 2036 1952
f 2033 2036 2019
f 1956 2034 2038
f 2034 1933 2029
f 2038 2029 1955
f 2034 2029 2038
f 1952 2031 2018
f 2031 1955 2028
f 2018 2028 1927
f 2031 2028 2018
f 1956 2038 2036
f 2038 1955 2031
f 2036 2031 1952
f 2038 2031 2036
f 1922 1957 1957
f 1957 1934 1934
f 1957 1934 1934
f 1957 1934 1957
f 1934 1958 1958
f 1958 1927 1927
f 1958 1927 1927
f 1958 1927 1958
f 1934 1958 1958
f 1958 1927 1927
f 1958 1927 1927
f 1958 1927 1958
f 1934 1958 1934
f 1958 1927 1958
f 1934 1958 1934
f 1958 1958 1934
f 1927 1960 1960
f 1960 1935 1935
f 1960 1935 1935
f 1960 1935 1960
f 1935 1959 1959
f 1959 1923 1923
f 1959 1923 1923
f 1959 1923 1959
f 1935 1959 1959
f 1959 1923 1923
f 1959 1923 1923
f 1959 1923 1959
f 1935 1959 1935
f 1959 1923 1959
f 1935 1959 1935
f 1959 1959 1935
f 1927 1960 1960
f 1960 1935 1935
f 1960 1935 1935
f 1960 1935 1960
f 1935 1959 1959
f 1959 1923 1923
f 1959 1923 1923
f 1959 1923 1959
f 1935 1959 1959
f 1959 1923 1923
f 1959 1923 1923
f 1959 1923 1959
f 1935 1959 1935
f 1959 1923 1959
f 1935 1959 1935
f 1959 1959 1935
f 1927 1960 1927
f 1960 1935 1960
f 1927 1960 1927
f 1960 1960 1927
f 1935 1959 1935
f 1959 1923 1959
f 1935 1959 1935
f 1959 1959 1935
f 1927 1960 1927
f 1960 1935 1960
f 1927 1960 1927
f 1960 1960 1927
f 1935 1935 1960
f 1935 1935 1960
f 1960 1960 1927
f 1935 1960 1960
f 2039 2074 2078
f 2074 2051 2080
f 2078 2080 2053
f 2074 2080 2078
f 2051 2075 2085
f 2075 2044 2083
f 2085 2083 2055
f 2075 2083 2085
f 2053 2086 2079
f 2086 2055 2084
f 2079 2084 2045
f 2086 2084 2079
f 2051 2085 2080
f 2085 2055 2086
f 2080 2086 2053
f 2085 2086 2080
f 2044 2077 2093
f 2077 2052 2095
f 2093 2095 2058
f 2077 2095 2093
f 2052 2076 2089
f 2076 2040 2087
f 2089 2087 2056
f 2076 2087 2089
f 2058 2097 2094
f 2097 2056 2088
f 2094 2088 2046
f 2097 2088 2094
f 2052 2089 2095
f 2089 2056 2097
f 2095 2097 2058
f 2089 2097 2095
f 2045 2098 2082
f 2098 2059 2100
f 2082 2100 2054
f 2098 2100 2082
f 2059 2099 2102
f 2099 2046 2091
f 2102 2091 2057
f 2099 2091 2102
f 2054 2092 2081
f 2092 2057 2090
f 2081 2090 2041
f 2092 2090 2081
f 2059 2102 2100
f 2102 2057 2092
f 2100 2092 2054
f 2102 2092 2100
f 2044 2093 2083
f 2093 2058 2096
f 2083 2096 2055
f 2093 2096 2083
f 2058 2094 2103
f 2094 2046 2099
f 2103 2099 2059
f 2094 2099 2103
f 2055 2101 2084
f 2101 2059 2098
f 2084 2098 2045
f 2101 2098 2084
f 2058 2103 2096
f 2103 2059 2101
f 2096 2101 2055
f 2103 2101 2096
f 2039 2078 2078
f 2078 2053 2053
f 2078 2053 2053
f 2078 2053 2078
f 2053 2079 2079
f 2079 2045 2045
f 2079 2045 2045
f 2079 2045 2079
f 2053 2079 2079
f 2079 2045 2045
f 2079 2045 2045
f 2079 2045 2079
f 2053 2079 2053
f 2079 2045 2079
f 2053 2079 2053
f 2079 2079 2053
f 2045 2082 2082
f 2082 2054 2054
f 2082 2054 2054
f 2082 2054 2082
f 2054 2081 2081
f 2081 2041 2041
f 2081 2041 2041
f 2081 2041 2081
f 2054 2081 2081
f 2081 2041 2041
f 2081 2041 2041
f 2081 2041 2081
f 2054 2081 2054
f 2081 2041 2081
f 2054 2081 2054
f 2081 2081 2054
f 2045 2082 2082
f 2082 2054 2054
f 2082 2054 2054
f 2082 2054 2082
f 2054 2081 2081
f 2081 2041 2041
f 2081 2041 2041
f 2081 2041 2081
f 2054 2081 2081
f 2081 2041 2041
f 2081 2041 2041
f 2081 2041 2081
f 2054 2081 2054
f 2081 2041 2081
f 2054 2081 2054
f 2081 2081 2054
f 2045 2082 2045
f 2082 2054 2082
f 2045 2082 2045
f 2082 2082 2045
f 2054 2081 2054
f 2081 2041 2081
f 2054 2081 2054
f 2081 2081 2054
f 2045 2082 2045
f 2082 2054 2082
f 2045 2082 2045
f 2082 2082 2045
f 2054 2054 2082
f 2054 2054 2082
f 2082 2082 2045
f 2054 2082 2082
f 2041 2090 2113
f 2090 2057 2115
f 2113 2115 2063
f 2090 2115 2113
f 2057 2091 2121
f 2091 2046 2119
f 2121 2119 2065
f 2091 2119 2121
f 2063 2123 2114
f 2123 2065 2120
f 2114 2120 2048
f 2123 2120 2114
f 2057 2121 2115
f 2121 2065 2123
f 2115 2123 2063
f 2121 2123 2115
f 2046 2088 2109
f 2088 2056 2111
f 2109 2111 2062
f 2088 2111 2109
f 2056 2087 2106
f 2087 2040 2104
f 2106 2104 2060
f 2087 2104 2106
f 2062 2112 2110
f 2112 2060 2105
f 2110 2105 2047
f 2112 2105 2110
f 2056 2106 2111
f 2106 2060 2112
f 2111 2112 2062
f 2106 2112 2111
f 2048 2125 2117
f 2125 2066 2128
f 2117 2128 2064
f 2125 2128 2117
f 2066 2124 2126
f 2124 2047 2108
f 2126 2108 2061
f 2124 2108 2126
f 2064 2118 2116
f 2118 2061 2107
f 2116 2107 2042
f 2118 2107 2116
f 2066 2126 2128
f 2126 2061 2118
f 2128 2118 2064
f 2126 2118 2128
f 2046 2109 2119
f 2109 2062 2122
f 2119 2122 2065
f 2109 2122 2119
f 2062 2110 2127
f 2110 2047 2124
f 2127 2124 2066
f 2110 2124 2127
f 2065 2129 2120
f 2129 2066 2125
f 2120 2125 2048
f 2129 2125 2120
f 2062 2127 2122
f 2127 2066 2129
f 2122 2129 2065
f 2127 2129 2122
f 2041 2113 2113
f 2113 2063 2063
f 2113 2063 2063
f 2113 2063 2113
f 2063 2114 2114
f 2114 2048 2048
f 2114 2048 2048
f 2114 2048 2114
f 2063 2114 2114
f 2114 2048 2048
f 2114 2048 2048
f 2114 2048 2114
f 2063 2114 2063
f 2114 2048 2114
f 2063 2114 2063
f 2114 2114 2063
f 2048 2117 2117
f 2117 2064 2064
f 2117 2064 2064
f 2117 2064 2117
f 2064 2116 2116
f 2116 2042 2042
f 2116 2042 2042
f 2116 2042 2116
f 2064 2116 2116
f 2116 2042 2042
f 2116 2042 2042
f 2116 2042 2116
f 2064 2116 2064
f 2116 2042 2116
f 2064 2116 2064
f 2116 2116 2064
f 2048 2117 2117
f 2117 2064 2064
f 2117 2064 2064
f 2117 2064 2117
f 2064 2116 2116
f 2116 2042 2042
f 2116 2042 2042
f 2116 2042 2116
f 2064 2116 2116
f 2116 2042 2042
f 2116 2042 2042
f 2116 2042 2116
f 2064 2116 2064
f 2116 2042 2116
f 2064 2116 2064
f 2116 2116 2064
f 2048 2117 2048
f 2117 2064 2117
f 2048 2117 2048
f 2117 2117 2048
f 2064 2116 2064
f 2116 2042 2116
f 2064 2116 2064
f 2116 2116 2064
f 2048 2117 2048
f 2117 2064 2117
f 2048 2117 2048
f 2117 2117 2048
f 2064 2064 2117
f 2064 2064 2117
f 2117 2117 2048
f 2064 2117 2117
f 2039 2130 2074
f 2130 2067 2132
f 2074 2132 2051
f 2130 2132 2074
f 2067 2131 2138
f 2131 2049 2136
f 2138 2136 2069
f 2131 2136 2138
f 2051 2137 2075
f 2137 2069 2135
f 2075 2135 2044
f 2137 2135 2075
f 2067 2138 2132
f 2138 2069 2137
f 2132 2137 2051
f 2138 2137 2132
f 2049 2134 2150
f 2134 2068 2152
f 2150 2152 2073
f 2134 2152 2150
f 2068 2133 2144
f 2133 2043 2142
f 2144 2142 2071
f 2133 2142 2144
f 2073 2154 2151
f 2154 2071 2143
f 2151 2143 2050
f 2154 2143 2151
f 2068 2144 2152
f 2144 2071 2154
f 2152 2154 2073
f 2144 2154 2152
f 2044 2145 2077
f 2145 2072 2147
f 2077 2147 2052
f 2145 2147 2077
f 2072 2146 2149
f 2146 2050 2140
f 2149 2140 2070
f 2146 2140 2149
f 2052 2141 2076
f 2141 2070 2139
f 2076 2139 2040
f 2141 2139 2076
f 2072 2149 2147
f 2149 2070 2141
f 2147 2141 2052
f 2149 2141 2147
f 2049 2150 2136
f 2150 2073 2153
f 2136 2153 2069
f 2150 2153 2136
f 2073 2151 2155
f 2151 2050 2146
f 2155 2146 2072
f 2151 2146 2155
f 2069 2148 2135
f 2148 2072 2145
f 2135 2145 2044
f 2148 2145 2135
f 2073 2155 2153
f 2155 2072 2148
f 2153 2148 2069
f 2155 2148 2153
f 2039 2074 2074
f 2074 2051 2051
f 2074 2051 2051
f 2074 2051 2074
f 2051 2075 2075
f 2075 2044 2044
f 2075 2044 2044
f 2075 2044 2075
f 2051 2075 2075
f 2075 2044 2044
f 2075 2044 2044
f 2075 2044 2075
f 2051 2075 2051
f 2075 2044 2075
f 2051 2075 2051
f 2075 2075 2051
f 2044 2077 2077
f 2077 2052 2052
f 2077 2052 2052
f 2077 2052 2077
f 2052 2076 2076
f 2076 2040 2040
f 2076 2040 2040
f 2076 2040 2076
f 2052 2076 2076
f 2076 2040 2040
f 2076 2040 2040
f 2076 2040 2076
f 2052 2076 2052
f 2076 2040 2076
f 2052 2076 2052
f 2076 2076 2052
f 2044 2077 2077
f 2077 2052 2052
f 2077 2052 2052
f 2077 2052 2077
f 2052 2076 2076
f 2076 2040 2040
f 2076 2040 2040
f 2076 2040 2076
f 2052 2076 2076
f 2076 2040 2040
f 2076 2040 2040
f 2076 2040 2076
f 2052 2076 2052
f 2076 2040 2076
f 2052 2076 2052
f 2076 2076 2052
f 2044 2077 2044
f 2077 2052 2077
f 2044 2077 2044
f 2077 2077 2044
f 2052 2076 2052
f 2076 2040 2076
f 2052 2076 2052
f 2076 2076 2052
f 2044 2077 2044
f 2077 2052 2077
f 2044 2077 2044
f 2077 2077 2044
f 2052 2052 2077
f 2052 2052 2077
f 2077 2077 2044
f 2052 2077 2077
f 2156 2191 2195
f 2191 2168 2197
f 2195 2197 2170
f 2191 2197 2195
f 2168 2192 2202
f 2192 2161 2200
f 2202 2200 2172
f 2192 2200 2202
f 2170 2203 2196
f 2203 2172 2201
f 2196 2201 2162
f 2203 2201 2196
f 2168 2202 2197
f 2202 2172 2203
f 2197 2203 2170
f 2202 2203 2197
f 2161 2194 2210
f 2194 2169 2212
f 2210 2212 2175
f 2194 2212 2210
f 2169 2193 2206
f 2193 2157 2204
f 2206 2204 2173
f 2193 2204 2206
f 2175 2214 2211
f 2214 2173 2205
f 2211 2205 2163
f 2214 2205 2211
f 2169 2206 2212
f 2206 2173 2214
f 2212 2214 2175
f 2206 2214 2212
f 2162 2215 2199
f 2215 2176 2217
f 2199 2217 2171
f 2215 2217 2199
f 2176 2216 2219
f 2216 2163 2208
f 2219 2208 2174
f 2216 2208 2219
f 2171 2209 2198
f 2209 2174 2207
f 2198 2207 2158
f 2209 2207 2198
f 2176 2219 2217
f 2219 2174 2209
f 2217 2209 2171
f 2219 2209 2217
f 2161 2210 2200
f 2210 2175 2213
f 2200 2213 2172
f 2210 2213 2200
f 2175 2211 2220
f 2211 2163 2216
f 2220 2216 2176
f 2211 2216 2220
f 2172 2218 2201
f 2218 2176 2215
f 2201 2215 2162
f 2218 2215 2201
f 2175 2220 2213
f 2220 2176 2218
f 2213 2218 2172
f 2220 2218 2213
f 2156 2195 2195
f 2195 2170 2170
f 2195 2170 2170
f 2195 2170 2195
f 2170 2196 2196
f 2196 2162 2162
f 2196 2162 2162
f 2196 2162 2196
f 2170 2196 2196
f 2196 2162 2162
f 2196 2162 2162
f 2196 2162 2196
f 2170 2196 2170
f 2196 2162 2196
f 2170 2196 2170
f 2196 2196 2170
f 2162 2199 2199
f 2199 2171 2171
f 2199 2171 2171
f 2199 2171 2199
f 2171 2198 2198
f 2198 2158 2158
f 2198 2158 2158
f 2198 2158 2198
f 2171 2198 2198
f 2198 2158 2158
f 2198 2158 2158
f 2198 2158 2198
f 2171 2198 2171
f 2198 2158 2198
f 2171 2198 2171
f 2198 2198 2171
f 2162 2199 2199
f 2199 2171 2171
f 2199 2171 2171
f 2199 2171 2199
f 2171 2198 2198
f 2198 2158 2158
f 2198 2158 2158
f 2198 2158 2198
f 2171 2198 2198
f 2198 2158 2158
f 2198 2158 2158
f 2198 2158 2198
f 2171 2198 2171
f 2198 2158 2198
f 2171 2198 2171
f 2198 2198 2171
f 2162 2199 2162
f 2199 2171 2199
f 2162 2199 2162
f 2199 2199 2162
f 2171 2198 2171
f 2198 2158 2198
f 2171 2198 2171
f 2198 2198 2171
f 2162 2199 2162
f 2199 2171 2199
f 2162 2199 2162
f 2199 2199 2162
f 2171 2171 2199
f 2171 2171 2199
f 2199 2199 2162
f 2171 2199 2199
f 2156 2221 2191
f 2221 2177 2223
f 2191 2223 2168
f 2221 2223 2191
f 2177 2222 2229
f 2222 2164 2227
f 2229 2227 2179
f 2222 2227 2229
f 2168 2228 2192
f 2228 2179 2226
f 2192 2226 2161
f 2228 2226 2192
f 2177 2229 2223
f 2229 2179 2228
f 2223 2228 2168
f 2229 2228 2223
f 2164 2225 2241
f 2225 2178 2243
f 2241 2243 2183
f 2225 2243 2241
f 2178 2224 2235
f 2224 2159 2233
f 2235 2233 2181
f 2224 2233 2235
f 2183 2245 2242
f 2245 2181 2234
f 2242 2234 2165
f 2245 2234 2242
f 2178 2235 2243
f 2235 2181 2245
f 2243 2245 2183
f 2235 2245 2243
f 2161 2236 2194
f 2236 2182 2238
f 2194 2238 2169
f 2236 2238 2194
f 2182 2237 2240
f 2237 2165 2231
f 2240 2231 2180
f 2237 2231 2240
f 2169 2232 2193
f 2232 2180 2230
f 2193 2230 2157
f 2232 2230 2193
f 2182 2240 2238
f 2240 2180 2232
f 2238 2232 2169
f 2240 2232 2238
f 2164 2241 2227
f 2241 2183 2244
f 2227 2244 2179
f 2241 2244 2227
f 2183 2242 2246
f 2242 2165 2237
f 2246 2237 2182
f 2242 2237 2246
f 2179 2239 2226
f 2239 2182 2236
f 2226 2236 2161
f 2239 2236 2226
f 2183 2246 2244
f 2246 2182 2239
f 2244 2239 2179
f 2246 2239 2244
f 2156 2191 2191
f 2191 2168 2168
f 2191 2168 2168
f 2191 2168 2191
f 2168 2192 2192
f 2192 2161 2161
f 2192 2161 2161
f 2192 2161 2192
f 2168 2192 2192
f 2192 2161 2161
f 2192 2161 2161
f 2192 2161 2192
f 2168 2192 2168
f 2192 2161 2192
f 2168 2192 2168
f 2192 2192 2168
f 2161 2194 2194
f 2194 2169 2169
f 2194 2169 2169
f 2194 2169 2194
f 2169 2193 2193
f 2193 2157 2157
f 2193 2157 2157
f 2193 2157 2193
f 2169 2193 2193
f 2193 2157 2157
f 2193 2157 2157
f 2193 2157 2193
f 2169 2193 2169
f 2193 2157 2193
f 2169 2193 2169
f 2193 2193 2169
f 2161 2194 2194
f 2194 2169 2169
f 2194 2169 2169
f 2194 2169 2194
f 2169 2193 2193
f 2193 2157 2157
f 2193 2157 2157
f 2193 2157 2193
f 2169 2193 2193
f 2193 2157 2157
f 2193 2157 2157
f 2193 2157 2193
f 2169 2193 2169
f 2193 2157 2193
f 2169 2193 2169
f 2193 2193 2169
f 2161 2194 2161
f 2194 2169 2194
f 2161 2194 2161
f 2194 2194 2161
f 2169 2193 2169
f 2193 2157 2193
f 2169 2193 2169
f 2193 2193 2169
f 2161 2194 2161
f 2194 2169 2194
f 2161 2194 2161
f 2194 2194 2161
f 2169 2169 2194
f 2169 2169 2194
f 2194 2194 2161
f 2169 2194 2194
f 2156 2247 2221
f 2247 2184 2249
f 2221 2249 2177
f 2247 2249 2221
f 2184 2248 2255
f 2248 2166 2253
f 2255 2253 2186
f 2248 2253 2255
f 2177 2254 2222
f 2254 2186 2252
f 2222 2252 2164
f 2254 2252 2222
f 2184 2255 2249
f 2255 2186 2254
f 2249 2254 2177
f 2255 2254 2249
f 2166 2251 2267
f 2251 2185 2269
f 2267 2269 2190
f 2251 2269 2267
f 2185 2250 2261
f 2250 2160 2259
f 2261 2259 2188
f 2250 2259 2261
f 2190 2271 2268
f 2271 2188 2260
f 2268 2260 2167
f 2271 2260 2268
f 2185 2261 2269
f 2261 2188 2271
f 2269 2271 2190
f 2261 2271 2269
f 2164 2262 2225
f 2262 2189 2264
f 2225 2264 2178
f 2262 2264 2225
f 2189 2263 2266
f 2263 2167 2257
f 2266 2257 2187
f 2263 2257 2266
f 2178 2258 2224
f 2258 2187 2256
f 2224 2256 2159
f 2258 2256 2224
f 2189 2266 2264
f 2266 2187 2258
f 2264 2258 2178
f 2266 2258 2264
f 2166 2267 2253
f 2267 2190 2270
f 2253 2270 2186
f 2267 2270 2253
f 2190 2268 2272
f 2268 2167 2263
f 2272 2263 2189
f 2268 2263 2272
f 2186 2265 2252
f 2265 2189 2262
f 2252 2262 2164
f 2265 2262 2252
f 2190 2272 2270
f 2272 2189 2265
f 2270 2265 2186
f 2272 2265 2270
f 2156 2221 2221
f 2221 2177 2177
f 2221 2177 2177
f 2221 2177 2221
f 2177 2222 2222
f 2222 2164 2164
f 2222 2164 2164
f 2222 2164 2222
f 2177 2222 2222
f 2222 2164 2164
f 2222 2164 2164
f 2222 2164 2222
f 2177 2222 2177
f 2222 2164 2222
f 2177 2222 2177
f 2222 2222 2177
f 2164 2225 2225
f 2225 2178 2178
f 2225 2178 2178
f 2225 2178 2225
f 2178 2224 2224
f 2224 2159 2159
f 2224 2159 2159
f 2224 2159 2224
f 2178 2224 2224
f 2224 2159 2159
f 2224 2159 2159
f 2224 2159 2224
f 2178 2224 2178
f 2224 2159 2224
f 2178 2224 2178
f 2224 2224 2178
f 2164 2225 2225
f 2225 2178 2178
f 2225 2178 2178
f 2225 2178 2225
f 2178 2224 2224
f 2224 2159 2159
f 2224 2159 2159
f 2224 2159 2224
f 2178 2224 2224
f 2224 2159 2159
f 2224 2159 2159
f 2224 2159 2224
f 2178 2224 2178
f 2224 2159 2224
f 2178 2224 2178
f 2224 2224 2178
f 2164 2225 2164
f 2225 2178 2225
f 2164 2225 2164
f 2225 2225 2164
f 2178 2224 2178
f 2224 2159 2224
f 2178 2224 2178
f 2224 2224 2178
f 2164 2225 2164
f 2225 2178 2225
f 2164 2225 2164
f 2225 2225 2164
f 2178 2178 2225
f 2178 2178 2225
f 2225 2225 2164
f 2178 2225 2225
f 2273 2298 2302
f 2298 2282 2304
f 2302 2304 2284
f 2298 2304 2302
f 2282 2299 2309
f 2299 2277 2307
f 2309 2307 2286
f 2299 2307 2309
f 2284 2310 2303
f 2310 2286 2308
f 2303 2308 2278
f 2310 2308 2303
f 2282 2309 2304
f 2309 2286 2310
f 2304 2310 2284
f 2309 2310 2304
f 2277 2301 2317
f 2301 2283 2319
f 2317 2319 2289
f 2301 2319 2317
f 2283 2300 2313
f 2300 2274 2311
f 2313 2311 2287
f 2300 2311 2313
f 2289 2321 2318
f 2321 2287 2312
f 2318 2312 2279
f 2321 2312 2318
f 2283 2313 2319
f 2313 2287 2321
f 2319 2321 2289
f 2313 2321 2319
f 2278 2322 2306
f 2322 2290 2324
f 2306 2324 2285
f 2322 2324 2306
f 2290 2323 2326
f 2323 2279 2315
f 2326 2315 2288
f 2323 2315 2326
f 2285 2316 2305
f 2316 2288 2314
f 2305 2314 2275
f 2316 2314 2305
f 2290 2326 2324
f 2326 2288 2316
f 2324 2316 2285
f 2326 2316 2324
f 2277 2317 2307
f 2317 2289 2320
f 2307 2320 2286
f 2317 2320 2307
f 2289 2318 2327
f 2318 2279 2323
f 2327 2323 2290
f 2318 2323 2327
f 2286 2325 2308
f 2325 2290 2322
f 2308 2322 2278
f 2325 2322 2308
f 2289 2327 2320
f 2327 2290 2325
f 2320 2325 2286
f 2327 2325 2320
f 2273 2302 2302
f 2302 2284 2284
f 2302 2284 2284
f 2302 2284 2302
f 2284 2303 2303
f 2303 2278 2278
f 2303 2278 2278
f 2303 2278 2303
f 2284 2303 2303
f 2303 2278 2278
f 2303 2278 2278
f 2303 2278 2303
f 2284 2303 2284
f 2303 2278 2303
f 2284 2303 2284
f 2303 2303 2284
f 2278 2306 2306
f 2306 2285 2285
f 2306 2285 2285
f 2306 2285 2306
f 2285 2305 2305
f 2305 2275 2275
f 2305 2275 2275
f 2305 2275 2305
f 2285 2305 2305
f 2305 2275 2275
f 2305 2275 2275
f 2305 2275 2305
f 2285 2305 2285
f 2305 2275 2305
f 2285 2305 2285
f 2305 2305 2285
f 2278 2306 2306
f 2306 2285 2285
f 2306 2285 2285
f 2306 2285 2306
f 2285 2305 2305
f 2305 2275 2275
f 2305 2275 2275
f 2305 2275 2305
f 2285 2305 2305
f 2305 2275 2275
f 2305 2275 2275
f 2305 2275 2305
f 2285 2305 2285
f 2305 2275 2305
f 2285 2305 2285
f 2305 2305 2285
f 2278 2306 2278
f 2306 2285 2306
f 2278 2306 2278
f 2306 2306 2278
f 2285 2305 2285
f 2305 2275 2305
f 2285 2305 2285
f 2305 2305 2285
f 2278 2306 2278
f 2306 2285 2306
f 2278 2306 2278
f 2306 2306 2278
f 2285 2285 2306
f 2285 2285 2306
f 2306 2306 2278
f 2285 2306 2306
f 2276 2331 2340
f 2331 2292 2342
f 2340 2342 2295
f 2331 2342 2340
f 2292 2332 2350
f 2332 2280 2348
f 2350 2348 2297
f 2332 2348 2350
f 2295 2352 2341
f 2352 2297 2349
f 2341 2349 2281
f 2352 2349 2341
f 2292 2350 2342
f 2350 2297 2352
f 2342 2352 2295
f 2350 2352 2342
f 2280 2329 2334
f 2329 2291 2336
f 2334 2336 2293
f 2329 2336 2334
f 2291 2328 2330
f 2328 2273 2302
f 2330 2302 2284
f 2328 2302 2330
f 2293 2335 2333
f 2335 2284 2303
f 2333 2303 2278
f 2335 2303 2333
f 2291 2330 2336
f 2330 2284 2335
f 2336 2335 2293
f 2330 2335 2336
f 2281 2344 2338
f 2344 2296 2347
f 2338 2347 2294
f 2344 2347 2338
f 2296 2343 2345
f 2343 2278 2306
f 2345 2306 2285
f 2343 2306 2345
f 2294 2339 2337
f 2339 2285 2305
f 2337 2305 2275
f 2339 2305 2337
f 2296 2345 2347
f 2345 2285 2339
f 2347 2339 2294
f 2345 2339 2347
f 2280 2334 2348
f 2334 2293 2351
f 2348 2351 2297
f 2334 2351 2348
f 2293 2333 2346
f 2333 2278 2343
f 2346 2343 2296
f 2333 2343 2346
f 2297 2353 2349
f 2353 2296 2344
f 2349 2344 2281
f 2353 2344 2349
f 2293 2346 2351
f 2346 2296 2353
f 2351 2353 2297
f 2346 2353 2351
f 2276 2340 2340
f 2340 2295 2295
f 2340 2295 2295
f 2340 2295 2340
f 2295 2341 2341
f 2341 2281 2281
f 2341 2281 2281
f 2341 2281 2341
f 2295 2341 2341
f 2341 2281 2281
f 2341 2281 2281
f 2341 2281 2341
f 2295 2341 2295
f 2341 2281 2341
f 2295 2341 2295
f 2341 2341 2295
f 2281 2338 2338
f 2338 2294 2294
f 2338 2294 2294
f 2338 2294 2338
f 2294 2337 2337
f 2337 2275 2275
f 2337 2275 2275
f 2337 2275 2337
f 2294 2337 2337
f 2337 2275 2275
f 2337 2275 2275
f 2337 2275 2337
f 2294 2337 2294
f 2337 2275 2337
f 2294 2337 2294
f 2337 2337 2294
f 2281 2338 2338
f 2338 2294 2294
f 2338 2294 2294
f 2338 2294 2338
f 2294 2337 2337
f 2337 2275 2275
f 2337 2275 2275
f 2337 2275 2337
f 2294 2337 2337
f 2337 2275 2275
f 2337 2275 2275
f 2337 2275 2337
f 2294 2337 2294
f 2337 2275 2337
f 2294 2337 2294
f 2337 2337 2294
f 2281 2338 2281
f 2338 2294 2338
f 2281 2338 2281
f 2338 2338 2281
f 2294 2337 2294
f 2337 2275 2337
f 2294 2337 2294
f 2337 2337 2294
f 2281 2338 2281
f 2338 2294 2338
f 2281 2338 2281
f 2338 2338 2281
f 2294 2294 2338
f 2294 2294 2338
f 2338 2338 2281
f 2294 2338 2338
f 2275 2369 2373
f 2369 2357 2375
f 2373 2375 2359
f 2369 2375 2373
f 2357 2370 2380
f 2370 2354 2378
f 2380 2378 2361
f 2370 2378 2380
f 2359 2381 2374
f 2381 2361 2379
f 2374 2379 2355
f 2381 2379 2374
f 2357 2380 2375
f 2380 2361 2381
f 2375 2381 2359
f 2380 2381 2375
f 2354 2372 2384
f 2372 2358 2386
f 2384 2386 2362
f 2372 2386 2384
f 2358 2371 2382
f 2371 599 754
f 2382 754 644
f 2371 754 2382
f 2362 2388 2385
f 2388 644 755
f 2385 755 613
f 2388 755 2385
f 2358 2382 2386
f 2382 644 2388
f 2386 2388 2362
f 2382 2388 2386
f 2355 2389 2377
f 2389 2363 2391
f 2377 2391 2360
f 2389 2391 2377
f 2363 2390 2393
f 2390 613 758
f 2393 758 645
f 2390 758 2393
f 2360 2383 2376
f 2383 645 757
f 2376 757 602
f 2383 757 2376
f 2363 2393 2391
f 2393 645 2383
f 2391 2383 2360
f 2393 2383 2391
f 2354 2384 2378
f 2384 2362 2387
f 2378 2387 2361
f 2384 2387 2378
f 2362 2385 2394
f 2385 613 2390
f 2394 2390 2363
f 2385 2390 2394
f 2361 2392 2379
f 2392 2363 2389
f 2379 2389 2355
f 2392 2389 2379
f 2362 2394 2387
f 2394 2363 2392
f 2387 2392 2361
f 2394 2392 2387
f 2275 2373 2373
f 2373 2359 2359
f 2373 2359 2359
f 2373 2359 2373
f 2359 2374 2374
f 2374 2355 2355
f 2374 2355 2355
f 2374 2355 2374
f 2359 2374 2374
f 2374 2355 2355
f 2374 2355 2355
f 2374 2355 2374
f 2359 2374 2359
f 2374 2355 2374
f 2359 2374 2359
f 2374 2374 2359
f 2355 2377 2377
f 2377 2360 2360
f 2377 2360 2360
f 2377 2360 2377
f 2360 2376 2376
f 2376 602 602
f 2376 602 602
f 2376 602 2376
f 2360 2376 2376
f 2376 602 602
f 2376 602 602
f 2376 602 2376
f 2360 2376 2360
f 2376 602 2376
f 2360 2376 2360
f 2376 2376 2360
f 2355 2377 2377
f 2377 2360 2360
f 2377 2360 2360
f 2377 2360 2377
f 2360 2376 2376
f 2376 602 602
f 2376 602 602
f 2376 602 2376
f 2360 2376 2376
f 2376 602 602
f 2376 602 602
f 2376 602 2376
f 2360 2376 2360
f 2376 602 2376
f 2360 2376 2360
f 2376 2376 2360
f 2355 2377 2355
f 2377 2360 2377
f 2355 2377 2355
f 2377 2377 2355
f 2360 2376 2360
f 2376 602 2376
f 2360 2376 2360
f 2376 2376 2360
f 2355 2377 2355
f 2377 2360 2377
f 2355 2377 2355
f 2377 2377 2355
f 2360 2360 2377
f 2360 2360 2377
f 2377 2377 2355
f 2360 2377 2377
f 2276 2340 2403
f 2340 2295 2405
f 2403 2405 2366
f 2340 2405 2403
f 2295 2341 2413
f 2341 2281 2411
f 2413 2411 2368
f 2341 2411 2413
f 2366 2415 2404
f 2415 2368 2412
f 2404 2412 2356
f 2415 2412 2404
f 2295 2413 2405
f 2413 2368 2415
f 2405 2415 2366
f 2413 2415 2405
f 2281 2338 2397
f 2338 2294 2399
f 2397 2399 2364
f 2338 2399 2397
f 2294 2337 2395
f 2337 2275 2373
f 2395 2373 2359
f 2337 2373 2395
f 2364 2398 2396
f 2398 2359 2374
f 2396 2374 2355
f 2398 2374 2396
f 2294 2395 2399
f 2395 2359 2398
f 2399 2398 2364
f 2395 2398 2399
f 2356 2407 2401
f 2407 2367 2410
f 2401 2410 2365
f 2407 2410 2401
f 2367 2406 2408
f 2406 2355 2377
f 2408 2377 2360
f 2406 2377 2408
f 2365 2402 2400
f 2402 2360 2376
f 2400 2376 602
f 2402 2376 2400
f 2367 2408 2410
f 2408 2360 2402
f 2410 2402 2365
f 2408 2402 2410
f 2281 2397 2411
f 2397 2364 2414
f 2411 2414 2368
f 2397 2414 2411
f 2364 2396 2409
f 2396 2355 2406
f 2409 2406 2367
f 2396 2406 2409
f 2368 2416 2412
f 2416 2367 2407
f 2412 2407 2356
f 2416 2407 2412
f 2364 2409 2414
f 2409 2367 2416
f 2414 2416 2368
f 2409 2416 2414
f 2276 2403 2403
f 2403 2366 2366
f 2403 2366 2366
f 2403 2366 2403
f 2366 2404 2404
f 2404 2356 2356
f 2404 2356 2356
f 2404 2356 2404
f 2366 2404 2404
f 2404 2356 2356
f 2404 2356 2356
f 2404 2356 2404
f 2366 2404 2366
f 2404 2356 2404
f 2366 2404 2366
f 2404 2404 2366
f 2356 2401 2401
f 2401 2365 2365
f 2401 2365 2365
f 2401 2365 2401
f 2365 2400 2400
f 2400 602 602
f 2400 602 602
f 2400 602 2400
f 2365 2400 2400
f 2400 602 602
f 2400 602 602
f 2400 602 2400
f 2365 2400 2365
f 2400 602 2400
f 2365 2400 2365
f 2400 2400 2365
f 2356 2401 2401
f 2401 2365 2365
f 2401 2365 2365
f 2401 2365 2401
f 2365 2400 2400
f 2400 602 602
f 2400 602 602
f 2400 602 2400
f 2365 2400 2400
f 2400 602 602
f 2400 602 602
f 2400 602 2400
f 2365 2400 2365
f 2400 602 2400
f 2365 2400 2365
f 2400 2400 2365
f 2356 2401 2356
f 2401 2365 2401
f 2356 2401 2356
f 2401 2401 2356
f 2365 2400 2365
f 2400 602 2400
f 2365 2400 2365
f 2400 2400 2365
f 2356 2401 2356
f 2401 2365 2401
f 2356 2401 2356
f 2401 2401 2356
f 2365 2365 2401
f 2365 2365 2401
f 2401 2401 2356
f 2365 2401 2401
f 2275 2435 2369
f 2435 2420 2439
f 2369 2439 2357
f 2435 2439 2369
f 2420 2436 2442
f 2436 2417 2440
f 2442 2440 2422
f 2436 2440 2442
f 2357 2443 2370
f 2443 2422 2441
f 2370 2441 2354
f 2443 2441 2370
f 2420 2442 2439
f 2442 2422 2443
f 2439 2443 2357
f 2442 2443 2439
f 2417 2438 2446
f 2438 2421 2448
f 2446 2448 2423
f 2438 2448 2446
f 2421 2437 2444
f 2437 604 809
f 2444 809 659
f 2437 809 2444
f 2423 2450 2447
f 2450 659 810
f 2447 810 617
f 2450 810 2447
f 2421 2444 2448
f 2444 659 2450
f 2448 2450 2423
f 2444 2450 2448
f 2354 2451 2372
f 2451 2424 2453
f 2372 2453 2358
f 2451 2453 2372
f 2424 2452 2455
f 2452 617 807
f 2455 807 658
f 2452 807 2455
f 2358 2445 2371
f 2445 658 806
f 2371 806 599
f 2445 806 2371
f 2424 2455 2453
f 2455 658 2445
f 2453 2445 2358
f 2455 2445 2453
f 2417 2446 2440
f 2446 2423 2449
f 2440 2449 2422
f 2446 2449 2440
f 2423 2447 2456
f 2447 617 2452
f 2456 2452 2424
f 2447 2452 2456
f 2422 2454 2441
f 2454 2424 2451
f 2441 2451 2354
f 2454 2451 2441
f 2423 2456 2449
f 2456 2424 2454
f 2449 2454 2422
f 2456 2454 2449
f 2275 2369 2369
f 2369 2357 2357
f 2369 2357 2357
f 2369 2357 2369
f 2357 2370 2370
f 2370 2354 2354
f 2370 2354 2354
f 2370 2354 2370
f 2357 2370 2370
f 2370 2354 2354
f 2370 2354 2354
f 2370 2354 2370
f 2357 2370 2357
f 2370 2354 2370
f 2357 2370 2357
f 2370 2370 2357
f 2354 2372 2372
f 2372 2358 2358
f 2372 2358 2358
f 2372 2358 2372
f 2358 2371 2371
f 2371 599 599
f 2371 599 599
f 2371 599 2371
f 2358 2371 2371
f 2371 599 599
f 2371 599 599
f 2371 599 2371
f 2358 2371 2358
f 2371 599 2371
f 2358 2371 2358
f 2371 2371 2358
f 2354 2372 2372
f 2372 2358 2358
f 2372 2358 2358
f 2372 2358 2372
f 2358 2371 2371
f 2371 599 599
f 2371 599 599
f 2371 599 2371
f 2358 2371 2371
f 2371 599 599
f 2371 599 599
f 2371 599 2371
f 2358 2371 2358
f 2371 599 2371
f 2358 2371 2358
f 2371 2371 2358
f 2354 2372 2354
f 2372 2358 2372
f 2354 2372 2354
f 2372 2372 2354
f 2358 2371 2358
f 2371 599 2371
f 2358 2371 2358
f 2371 2371 2358
f 2354 2372 2354
f 2372 2358 2372
f 2354 2372 2354
f 2372 2372 2354
f 2358 2358 2372
f 2358 2358 2372
f 2372 2372 2354
f 2358 2372 2372
f 609 991 2484
f 991 708 2486
f 2484 2486 2431
f 991 2486 2484
f 708 992 2492
f 992 631 2490
f 2492 2490 2433
f 992 2490 2492
f 2431 2494 2485
f 2494 2433 2491
f 2485 2491 2419
f 2494 2491 2485
f 708 2492 2486
f 2492 2433 2494
f 2486 2494 2431
f 2492 2494 2486
f 631 989 2474
f 989 707 2476
f 2474 2476 2429
f 989 2476 2474
f 707 988 2465
f 988 604 2462
f 2465 2462 2426
f 988 2462 2465
f 2429 2477 2475
f 2477 2426 2463
f 2475 2463 2418
f 2477 2463 2475
f 707 2465 2476
f 2465 2426 2477
f 2476 2477 2429
f 2465 2477 2476
f 2419 2496 2488
f 2496 2434 2499
f 2488 2499 2432
f 2496 2499 2488
f 2434 2495 2497
f 2495 2418 2467
f 2497 2467 2427
f 2495 2467 2497
f 2432 2489 2487
f 2489 2427 2466
f 2487 2466 2274
f 2489 2466 2487
f 2434 2497 2499
f 2497 2427 2489
f 2499 2489 2432
f 2497 2489 2499
f 631 2474 2490
f 2474 2429 2493
f 2490 2493 2433
f 2474 2493 2490
f 2429 2475 2498
f 2475 2418 2495
f 2498 2495 2434
f 2475 2495 2498
f 2433 2500 2491
f 2500 2434 2496
f 2491 2496 2419
f 2500 2496 2491
f 2429 2498 2493
f 2498 2434 2500
f 2493 2500 2433
f 2498 2500 2493
f 609 2484 2484
f 2484 2431 2431
f 2484 2431 2431
f 2484 2431 2484
f 2431 2485 2485
f 2485 2419 2419
f 2485 2419 2419
f 2485 2419 2485
f 2431 2485 2485
f 2485 2419 2419
f 2485 2419 2419
f 2485 2419 2485
f 2431 2485 2431
f 2485 2419 2485
f 2431 2485 2431
f 2485 2485 2431
f 2419 2488 2488
f 2488 2432 2432
f 2488 2432 2432
f 2488 2432 2488
f 2432 2487 2487
f 2487 2274 2274
f 2487 2274 2274
f 2487 2274 2487
f 2432 2487 2487
f 2487 2274 2274
f 2487 2274 2274
f 2487 2274 2487
f 2432 2487 2432
f 2487 2274 2487
f 2432 2487 2432
f 2487 2487 2432
f 2419 2488 2488
f 2488 2432 2432
f 2488 2432 2432
f 2488 2432 2488
f 2432 2487 2487
f 2487 2274 2274
f 2487 2274 2274
f 2487 2274 2487
f 2432 2487 2487
f 2487 2274 2274
f 2487 2274 2274
f 2487 2274 2487
f 2432 2487 2432
f 2487 2274 2487
f 2432 2487 2432
f 2487 2487 2432
f 2419 2488 2419
f 2488 2432 2488
f 2419 2488 2419
f 2488 2488 2419
f 2432 2487 2432
f 2487 2274 2487
f 2432 2487 2432
f 2487 2487 2432
f 2419 2488 2419
f 2488 2432 2488
f 2419 2488 2419
f 2488 2488 2419
f 2432 2432 2488
f 2432 2432 2488
f 2488 2488 2419
f 2432 2488 2488
f 604 2437 2462
f 2437 2421 2464
f 2462 2464 2426
f 2437 2464 2462
f 2421 2438 2471
f 2438 2417 2469
f 2471 2469 2428
f 2438 2469 2471
f 2426 2473 2463
f 2473 2428 2470
f 2463 2470 2418
f 2473 2470 2463
f 2421 2471 2464
f 2471 2428 2473
f 2464 2473 2426
f 2471 2473 2464
f 2417 2436 2458
f 2436 2420 2460
f 2458 2460 2425
f 2436 2460 2458
f 2420 2435 2457
f 2435 2275 2314
f 2457 2314 2288
f 2435 2314 2457
f 2425 2461 2459
f 2461 2288 2315
f 2459 2315 2279
f 2461 2315 2459
f 2420 2457 2460
f 2457 2288 2461
f 2460 2461 2425
f 2457 2461 2460
f 2418 2479 2467
f 2479 2430 2482
f 2467 2482 2427
f 2479 2482 2467
f 2430 2478 2480
f 2478 2279 2312
f 2480 2312 2287
f 2478 2312 2480
f 2427 2468 2466
f 2468 2287 2311
f 2466 2311 2274
f 2468 2311 2466
f 2430 2480 2482
f 2480 2287 2468
f 2482 2468 2427
f 2480 2468 2482
f 2417 2458 2469
f 2458 2425 2472
f 2469 2472 2428
f 2458 2472 2469
f 2425 2459 2481
f 2459 2279 2478
f 2481 2478 2430
f 2459 2478 2481
f 2428 2483 2470
f 2483 2430 2479
f 2470 2479 2418
f 2483 2479 2470
f 2425 2481 2472
f 2481 2430 2483
f 2472 2483 2428
f 2481 2483 2472
f 604 2462 2462
f 2462 2426 2426
f 2462 2426 2426
f 2462 2426 2462
f 2426 2463 2463
f 2463 2418 2418
f 2463 2418 2418
f 2463 2418 2463
f 2426 2463 2463
f 2463 2418 2418
f 2463 2418 2418
f 2463 2418 2463
f 2426 2463 2426
f 2463 2418 2463
f 2426 2463 2426
f 2463 2463 2426
f 2418 2467 2467
f 2467 2427 2427
f 2467 2427 2427
f 2467 2427 2467
f 2427 2466 2466
f 2466 2274 2274
f 2466 2274 2274
f 2466 2274 2466
f 2427 2466 2466
f 2466 2274 2274
f 2466 2274 2274
f 2466 2274 2466
f 2427 2466 2427
f 2466 2274 2466
f 2427 2466 2427
f 2466 2466 2427
f 2418 2467 2467
f 2467 2427 2427
f 2467 2427 2427
f 2467 2427 2467
f 2427 2466 2466
f 2466 2274 2274
f 2466 2274 2274
f 2466 2274 2466
f 2427 2466 2466
f 2466 2274 2274
f 2466 2274 2274
f 2466 2274 2466
f 2427 2466 2427
f 2466 2274 2466
f 2427 2466 2427
f 2466 2466 2427
f 2418 2467 2418
f 2467 2427 2467
f 2418 2467 2418
f 2467 2467 2418
f 2427 2466 2427
f 2466 2274 2466
f 2427 2466 2427
f 2466 2466 2427
f 2418 2467 2418
f 2467 2427 2467
f 2418 2467 2418
f 2467 2467 2418
f 2427 2427 2467
f 2427 2427 2467
f 2467 2467 2418
f 2427 2467 2467
f 2274 2519 2487
f 2519 2504 2523
f 2487 2523 2432
f 2519 2523 2487
f 2504 2520 2526
f 2520 2501 2524
f 2526 2524 2506
f 2520 2524 2526
f 2432 2527 2488
f 2527 2506 2525
f 2488 2525 2419
f 2527 2525 2488
f 2504 2526 2523
f 2526 2506 2527
f 2523 2527 2432
f 2526 2527 2523
f 2501 2522 2530
f 2522 2505 2532
f 2530 2532 2507
f 2522 2532 2530
f 2505 2521 2528
f 2521 608 1041
f 2528 1041 720
f 2521 1041 2528
f 2507 2534 2531
f 2534 720 1042
f 2531 1042 634
f 2534 1042 2531
f 2505 2528 2532
f 2528 720 2534
f 2532 2534 2507
f 2528 2534 2532
f 2419 2535 2485
f 2535 2508 2537
f 2485 2537 2431
f 2535 2537 2485
f 2508 2536 2539
f 2536 634 1045
f 2539 1045 721
f 2536 1045 2539
f 2431 2529 2484
f 2529 721 1044
f 2484 1044 609
f 2529 1044 2484
f 2508 2539 2537
f 2539 721 2529
f 2537 2529 2431
f 2539 2529 2537
f 2501 2530 2524
f 2530 2507 2533
f 2524 2533 2506
f 2530 2533 2524
f 2507 2531 2540
f 2531 634 2536
f 2540 2536 2508
f 2531 2536 2540
f 2506 2538 2525
f 2538 2508 2535
f 2525 2535 2419
f 2538 2535 2525
f 2507 2540 2533
f 2540 2508 2538
f 2533 2538 2506
f 2540 2538 2533
f 2274 2487 2487
f 2487 2432 2432
f 2487 2432 2432
f 2487 2432 2487
f 2432 2488 2488
f 2488 2419 2419
f 2488 2419 2419
f 2488 2419 2488
f 2432 2488 2488
f 2488 2419 2419
f 2488 2419 2419
f 2488 2419 2488
f 2432 2488 2432
f 2488 2419 2488
f 2432 2488 2432
f 2488 2488 2432
f 2419 2485 2485
f 2485 2431 2431
f 2485 2431 2431
f 2485 2431 2485
f 2431 2484 2484
f 2484 609 609
f 2484 609 609
f 2484 609 2484
f 2431 2484 2484
f 2484 609 609
f 2484 609 609
f 2484 609 2484
f 2431 2484 2431
f 2484 609 2484
f 2431 2484 2431
f 2484 2484 2431
f 2419 2485 2485
f 2485 2431 2431
f 2485 2431 2431
f 2485 2431 2485
f 2431 2484 2484
f 2484 609 609
f 2484 609 609
f 2484 609 2484
f 2431 2484 2484
f 2484 609 609
f 2484 609 609
f 2484 609 2484
f 2431 2484 2431
f 2484 609 2484
f 2431 2484 2431
f 2484 2484 2431
f 2419 2485 2419
f 2485 2431 2485
f 2419 2485 2419
f 2485 2485 2419
f 2431 2484 2431
f 2484 609 2484
f 2431 2484 2431
f 2484 2484 2431
f 2419 2485 2419
f 2485 2431 2485
f 2419 2485 2419
f 2485 2485 2419
f 2431 2431 2485
f 2431 2431 2485
f 2485 2485 2419
f 2431 2485 2485
f 606 962 2568
f 962 700 2570
f 2568 2570 2515
f 962 2570 2568
f 700 963 2576
f 963 629 2574
f 2576 2574 2517
f 963 2574 2576
f 2515 2578 2569
f 2578 2517 2575
f 2569 2575 2503
f 2578 2575 2569
f 700 2576 2570
f 2576 2517 2578
f 2570 2578 2515
f 2576 2578 2570
f 629 966 2558
f 966 701 2560
f 2558 2560 2513
f 966 2560 2558
f 701 965 2549
f 965 608 2546
f 2549 2546 2510
f 965 2546 2549
f 2513 2561 2559
f 2561 2510 2547
f 2559 2547 2502
f 2561 2547 2559
f 701 2549 2560
f 2549 2510 2561
f 2560 2561 2513
f 2549 2561 2560
f 2503 2580 2572
f 2580 2518 2583
f 2572 2583 2516
f 2580 2583 2572
f 2518 2579 2581
f 2579 2502 2551
f 2581 2551 2511
f 2579 2551 2581
f 2516 2573 2571
f 2573 2511 2550
f 2571 2550 2273
f 2573 2550 2571
f 2518 2581 2583
f 2581 2511 2573
f 2583 2573 2516
f 2581 2573 2583
f 629 2558 2574
f 2558 2513 2577
f 2574 2577 2517
f 2558 2577 2574
f 2513 2559 2582
f 2559 2502 2579
f 2582 2579 2518
f 2559 2579 2582
f 2517 2584 2575
f 2584 2518 2580
f 2575 2580 2503
f 2584 2580 2575
f 2513 2582 2577
f 2582 2518 2584
f 2577 2584 2517
f 2582 2584 2577
f 606 2568 2568
f 2568 2515 2515
f 2568 2515 2515
f 2568 2515 2568
f 2515 2569 2569
f 2569 2503 2503
f 2569 2503 2503
f 2569 2503 2569
f 2515 2569 2569
f 2569 2503 2503
f 2569 2503 2503
f 2569 2503 2569
f 2515 2569 2515
f 2569 2503 2569
f 2515 2569 2515
f 2569 2569 2515
f 2503 2572 2572
f 2572 2516 2516
f 2572 2516 2516
f 2572 2516 2572
f 2516 2571 2571
f 2571 2273 2273
f 2571 2273 2273
f 2571 2273 2571
f 2516 2571 2571
f 2571 2273 2273
f 2571 2273 2273
f 2571 2273 2571
f 2516 2571 2516
f 2571 2273 2571
f 2516 2571 2516
f 2571 2571 2516
f 2503 2572 2572
f 2572 2516 2516
f 2572 2516 2516
f 2572 2516 2572
f 2516 2571 2571
f 2571 2273 2273
f 2571 2273 2273
f 2571 2273 2571
f 2516 2571 2571
f 2571 2273 2273
f 2571 2273 2273
f 2571 2273 2571
f 2516 2571 2516
f 2571 2273 2571
f 2516 2571 2516
f 2571 2571 2516
f 2503 2572 2503
f 2572 2516 2572
f 2503 2572 2503
f 2572 2572 2503
f 2516 2571 2516
f 2571 2273 2571
f 2516 2571 2516
f 2571 2571 2516
f 2503 2572 2503
f 2572 2516 2572
f 2503 2572 2503
f 2572 2572 2503
f 2516 2516 2572
f 2516 2516 2572
f 2572 2572 2503
f 2516 2572 2572
f 2273 2550 2298
f 2550 2511 2552
f 2298 2552 2282
f 2550 2552 2298
f 2511 2551 2566
f 2551 2502 2563
f 2566 2563 2514
f 2551 2563 2566
f 2282 2564 2299
f 2564 2514 2562
f 2299 2562 2277
f 2564 2562 2299
f 2511 2566 2552
f 2566 2514 2564
f 2552 2564 2282
f 2566 2564 2552
f 2502 2547 2554
f 2547 2510 2557
f 2554 2557 2512
f 2547 2557 2554
f 2510 2546 2548
f 2546 608 2521
f 2548 2521 2505
f 2546 2521 2548
f 2512 2555 2553
f 2555 2505 2522
f 2553 2522 2501
f 2555 2522 2553
f 2510 2548 2557
f 2548 2505 2555
f 2557 2555 2512
f 2548 2555 2557
f 2277 2543 2301
f 2543 2509 2545
f 2301 2545 2283
f 2543 2545 2301
f 2509 2542 2544
f 2542 2501 2520
f 2544 2520 2504
f 2542 2520 2544
f 2283 2541 2300
f 2541 2504 2519
f 2300 2519 2274
f 2541 2519 2300
f 2509 2544 2545
f 2544 2504 2541
f 2545 2541 2283
f 2544 2541 2545
f 2502 2554 2563
f 2554 2512 2567
f 2563 2567 2514
f 2554 2567 2563
f 2512 2553 2556
f 2553 2501 2542
f 2556 2542 2509
f 2553 2542 2556
f 2514 2565 2562
f 2565 2509 2543
f 2562 2543 2277
f 2565 2543 2562
f 2512 2556 2567
f 2556 2509 2565
f 2567 2565 2514
f 2556 2565 2567
f 2273 2298 2298
f 2298 2282 2282
f 2298 2282 2282
f 2298 2282 2298
f 2282 2299 2299
f 2299 2277 2277
f 2299 2277 2277
f 2299 2277 2299
f 2282 2299 2299
f 2299 2277 2277
f 2299 2277 2277
f 2299 2277 2299
f 2282 2299 2282
f 2299 2277 2299
f 2282 2299 2282
f 2299 2299 2282
f 2277 2301 2301
f 2301 2283 2283
f 2301 2283 2283
f 2301 2283 2301
f 2283 2300 2300
f 2300 2274 2274
f 2300 2274 2274
f 2300 2274 2300
f 2283 2300 2300
f 2300 2274 2274
f 2300 2274 2274
f 2300 2274 2300
f 2283 2300 2283
f 2300 2274 2300
f 2283 2300 2283
f 2300 2300 2283
f 2277 2301 2301
f 2301 2283 2283
f 2301 2283 2283
f 2301 2283 2301
f 2283 2300 2300
f 2300 2274 2274
f 2300 2274 2274
f 2300 2274 2300
f 2283 2300 2300
f 2300 2274 2274
f 2300 2274 2274
f 2300 2274 2300
f 2283 2300 2283
f 2300 2274 2300
f 2283 2300 2283
f 2300 2300 2283
f 2277 2301 2277
f 2301 2283 2301
f 2277 2301 2277
f 2301 2301 2277
f 2283 2300 2283
f 2300 2274 2300
f 2283 2300 2283
f 2300 2300 2283
f 2277 2301 2277
f 2301 2283 2301
f 2277 2301 2277
f 2301 2301 2277
f 2283 2283 2301
f 2283 2283 2301
f 2301 2301 2277
f 2283 2301 2301
f 2273 2606 2571
f 2606 2588 2610
f 2571 2610 2516
f 2606 2610 2571
f 2588 2607 2613
f 2607 2585 2611
f 2613 2611 2590
f 2607 2611 2613
f 2516 2614 2572
f 2614 2590 2612
f 2572 2612 2503
f 2614 2612 2572
f 2588 2613 2610
f 2613 2590 2614
f 2610 2614 2516
f 2613 2614 2610
f 2585 2609 2617
f 2609 2589 2619
f 2617 2619 2591
f 2609 2619 2617
f 2589 2608 2615
f 2608 607 922
f 2615 922 690
f 2608 922 2615
f 2591 2621 2618
f 2621 690 923
f 2618 923 626
f 2621 923 2618
f 2589 2615 2619
f 2615 690 2621
f 2619 2621 2591
f 2615 2621 2619
f 2503 2622 2569
f 2622 2592 2624
f 2569 2624 2515
f 2622 2624 2569
f 2592 2623 2626
f 2623 626 920
f 2626 920 689
f 2623 920 2626
f 2515 2616 2568
f 2616 689 919
f 2568 919 606
f 2616 919 2568
f 2592 2626 2624
f 2626 689 2616
f 2624 2616 2515
f 2626 2616 2624
f 2585 2617 2611
f 2617 2591 2620
f 2611 2620 2590
f 2617 2620 2611
f 2591 2618 2627
f 2618 626 2623
f 2627 2623 2592
f 2618 2623 2627
f 2590 2625 2612
f 2625 2592 2622
f 2612 2622 2503
f 2625 2622 2612
f 2591 2627 2620
f 2627 2592 2625
f 2620 2625 2590
f 2627 2625 2620
f 2273 2571 2571
f 2571 2516 2516
f 2571 2516 2516
f 2571 2516 2571
f 2516 2572 2572
f 2572 2503 2503
f 2572 2503 2503
f 2572 2503 2572
f 2516 2572 2572
f 2572 2503 2503
f 2572 2503 2503
f 2572 2503 2572
f 2516 2572 2516
f 2572 2503 2572
f 2516 2572 2516
f 2572 2572 2516
f 2503 2569 2569
f 2569 2515 2515
f 2569 2515 2515
f 2569 2515 2569
f 2515 2568 2568
f 2568 606 606
f 2568 606 606
f 2568 606 2568
f 2515 2568 2568
f 2568 606 606
f 2568 606 606
f 2568 606 2568
f 2515 2568 2515
f 2568 606 2568
f 2515 2568 2515
f 2568 2568 2515
f 2503 2569 2569
f 2569 2515 2515
f 2569 2515 2515
f 2569 2515 2569
f 2515 2568 2568
f 2568 606 606
f 2568 606 606
f 2568 606 2568
f 2515 2568 2568
f 2568 606 606
f 2568 606 606
f 2568 606 2568
f 2515 2568 2515
f 2568 606 2568
f 2515 2568 2515
f 2568 2568 2515
f 2503 2569 2503
f 2569 2515 2569
f 2503 2569 2503
f 2569 2569 2503
f 2515 2568 2515
f 2568 606 2568
f 2515 2568 2515
f 2568 2568 2515
f 2503 2569 2503
f 2569 2515 2569
f 2503 2569 2503
f 2569 2569 2503
f 2515 2515 2569
f 2515 2515 2569
f 2569 2569 2503
f 2515 2569 2569
f 607 2633 883
f 2633 2594 2650
f 883 2650 681
f 2633 2650 883
f 2594 2634 2653
f 2634 2586 2651
f 2653 2651 2598
f 2634 2651 2653
f 681 2654 884
f 2654 2598 2652
f 884 2652 624
f 2654 2652 884
f 2594 2653 2650
f 2653 2598 2654
f 2650 2654 681
f 2653 2654 2650
f 2586 2637 2661
f 2637 2595 2663
f 2661 2663 2601
f 2637 2663 2661
f 2595 2636 2657
f 2636 2276 2655
f 2657 2655 2599
f 2636 2655 2657
f 2601 2665 2662
f 2665 2599 2656
f 2662 2656 2587
f 2665 2656 2662
f 2595 2657 2663
f 2657 2599 2665
f 2663 2665 2601
f 2657 2665 2663
f 624 2666 881
f 2666 2602 2668
f 881 2668 680
f 2666 2668 881
f 2602 2667 2670
f 2667 2587 2659
f 2670 2659 2600
f 2667 2659 2670
f 680 2660 880
f 2660 2600 2658
f 880 2658 603
f 2660 2658 880
f 2602 2670 2668
f 2670 2600 2660
f 2668 2660 680
f 2670 2660 2668
f 2586 2661 2651
f 2661 2601 2664
f 2651 2664 2598
f 2661 2664 2651
f 2601 2662 2671
f 2662 2587 2667
f 2671 2667 2602
f 2662 2667 2671
f 2598 2669 2652
f 2669 2602 2666
f 2652 2666 624
f 2669 2666 2652
f 2601 2671 2664
f 2671 2602 2669
f 2664 2669 2598
f 2671 2669 2664
f 607 883 883
f 883 681 681
f 883 681 681
f 883 681 883
f 681 884 884
f 884 624 624
f 884 624 624
f 884 624 884
f 681 884 884
f 884 624 624
f 884 624 624
f 884 624 884
f 681 884 681
f 884 624 884
f 681 884 681
f 884 884 681
f 624 881 881
f 881 680 680
f 881 680 680
f 881 680 881
f 680 880 880
f 880 603 603
f 880 603 603
f 880 603 880
f 680 880 880
f 880 603 603
f 880 603 603
f 880 603 880
f 680 880 680
f 880 603 880
f 680 880 680
f 880 880 680
f 624 881 881
f 881 680 680
f 881 680 680
f 881 680 881
f 680 880 880
f 880 603 603
f 880 603 603
f 880 603 880
f 680 880 880
f 880 603 603
f 880 603 603
f 880 603 880
f 680 880 680
f 880 603 880
f 680 880 680
f 880 880 680
f 624 881 624
f 881 680 881
f 624 881 624
f 881 881 624
f 680 880 680
f 880 603 880
f 680 880 680
f 880 880 680
f 624 881 624
f 881 680 881
f 624 881 624
f 881 881 624
f 680 680 881
f 680 680 881
f 881 881 624
f 680 881 881
f 2276 2636 2331
f 2636 2595 2638
f 2331 2638 2292
f 2636 2638 2331
f 2595 2637 2648
f 2637 2586 2645
f 2648 2645 2597
f 2637 2645 2648
f 2292 2646 2332
f 2646 2597 2644
f 2332 2644 2280
f 2646 2644 2332
f 2595 2648 2638
f 2648 2597 2646
f 2638 2646 2292
f 2648 2646 2638
f 2586 2634 2640
f 2634 2594 2643
f 2640 2643 2596
f 2634 2643 2640
f 2594 2633 2635
f 2633 607 2608
f 2635 2608 2589
f 2633 2608 2635
f 2596 2641 2639
f 2641 2589 2609
f 2639 2609 2585
f 2641 2609 2639
f 2594 2635 2643
f 2635 2589 2641
f 2643 2641 2596
f 2635 2641 2643
f 2280 2630 2329
f 2630 2593 2632
f 2329 2632 2291
f 2630 2632 2329
f 2593 2629 2631
f 2629 2585 2607
f 2631 2607 2588
f 2629 2607 2631
f 2291 2628 2328
f 2628 2588 2606
f 2328 2606 2273
f 2628 2606 2328
f 2593 2631 2632
f 2631 2588 2628
f 2632 2628 2291
f 2631 2628 2632
f 2586 2640 2645
f 2640 2596 2649
f 2645 2649 2597
f 2640 2649 2645
f 2596 2639 2642
f 2639 2585 2629
f 2642 2629 2593
f 2639 2629 2642
f 2597 2647 2644
f 2647 2593 2630
f 2644 2630 2280
f 2647 2630 2644
f 2596 2642 2649
f 2642 2593 2647
f 2649 2647 2597
f 2642 2647 2649
f 2276 2331 2331
f 2331 2292 2292
f 2331 2292 2292
f 2331 2292 2331
f 2292 2332 2332
f 2332 2280 2280
f 2332 2280 2280
f 2332 2280 2332
f 2292 2332 2332
f 2332 2280 2280
f 2332 2280 2280
f 2332 2280 2332
f 2292 2332 2292
f 2332 2280 2332
f 2292 2332 2292
f 2332 2332 2292
f 2280 2329 2329
f 2329 2291 2291
f 2329 2291 2291
f 2329 2291 2329
f 2291 2328 2328
f 2328 2273 2273
f 2328 2273 2273
f 2328 2273 2328
f 2291 2328 2328
f 2328 2273 2273
f 2328 2273 2273
f 2328 2273 2328
f 2291 2328 2291
f 2328 2273 2328
f 2291 2328 2291
f 2328 2328 2291
f 2280 2329 2329
f 2329 2291 2291
f 2329 2291 2291
f 2329 2291 2329
f 2291 2328 2328
f 2328 2273 2273
f 2328 2273 2273
f 2328 2273 2328
f 2291 2328 2328
f 2328 2273 2273
f 2328 2273 2273
f 2328 2273 2328
f 2291 2328 2291
f 2328 2273 2328
f 2291 2328 2291
f 2328 2328 2291
f 2280 2329 2280
f 2329 2291 2329
f 2280 2329 2280
f 2329 2329 2280
f 2291 2328 2291
f 2328 2273 2328
f 2291 2328 2291
f 2328 2328 2291
f 2280 2329 2280
f 2329 2291 2329
f 2280 2329 2280
f 2329 2329 2280
f 2291 2291 2329
f 2291 2291 2329
f 2329 2329 2280
f 2291 2329 2329
f 2276 2403 2655
f 2403 2366 2672
f 2655 2672 2599
f 2403 2672 2655
f 2366 2404 2676
f 2404 2356 2674
f 2676 2674 2603
f 2404 2674 2676
f 2599 2675 2656
f 2675 2603 2673
f 2656 2673 2587
f 2675 2673 2656
f 2366 2676 2672
f 2676 2603 2675
f 2672 2675 2599
f 2676 2675 2672
f 2356 2401 2684
f 2401 2365 2686
f 2684 2686 2605
f 2401 2686 2684
f 2365 2400 2678
f 2400 602 789
f 2678 789 654
f 2400 789 2678
f 2605 2688 2685
f 2688 654 790
f 2685 790 616
f 2688 790 2685
f 2365 2678 2686
f 2678 654 2688
f 2686 2688 2605
f 2678 2688 2686
f 2587 2679 2659
f 2679 2604 2681
f 2659 2681 2600
f 2679 2681 2659
f 2604 2680 2683
f 2680 616 793
f 2683 793 655
f 2680 793 2683
f 2600 2677 2658
f 2677 655 792
f 2658 792 603
f 2677 792 2658
f 2604 2683 2681
f 2683 655 2677
f 2681 2677 2600
f 2683 2677 2681
f 2356 2684 2674
f 2684 2605 2687
f 2674 2687 2603
f 2684 2687 2674
f 2605 2685 2689
f 2685 616 2680
f 2689 2680 2604
f 2685 2680 2689
f 2603 2682 2673
f 2682 2604 2679
f 2673 2679 2587
f 2682 2679 2673
f 2605 2689 2687
f 2689 2604 2682
f 2687 2682 2603
f 2689 2682 2687
f 2276 2655 2655
f 2655 2599 2599
f 2655 2599 2599
f 2655 2599 2655
f 2599 2656 2656
f 2656 2587 2587
f 2656 2587 2587
f 2656 2587 2656
f 2599 2656 2656
f 2656 2587 2587
f 2656 2587 2587
f 2656 2587 2656
f 2599 2656 2599
f 2656 2587 2656
f 2599 2656 2599
f 2656 2656 2599
f 2587 2659 2659
f 2659 2600 2600
f 2659 2600 2600
f 2659 2600 2659
f 2600 2658 2658
f 2658 603 603
f 2658 603 603
f 2658 603 2658
f 2600 2658 2658
f 2658 603 603
f 2658 603 603
f 2658 603 2658
f 2600 2658 2600
f 2658 603 2658
f 2600 2658 2600
f 2658 2658 2600
f 2587 2659 2659
f 2659 2600 2600
f 2659 2600 2600
f 2659 2600 2659
f 2600 2658 2658
f 2658 603 603
f 2658 603 603
f 2658 603 2658
f 2600 2658 2658
f 2658 603 603
f 2658 603 603
f 2658 603 2658
f 2600 2658 2600
f 2658 603 2658
f 2600 2658 2600
f 2658 2658 2600
f 2587 2659 2587
f 2659 2600 2659
f 2587 2659 2587
f 2659 2659 2587
f 2600 2658 2600
f 2658 603 2658
f 2600 2658 2600
f 2658 2658 2600
f 2587 2659 2587
f 2659 2600 2659
f 2587 2659 2587
f 2659 2659 2587
f 2600 2600 2659
f 2600 2600 2659
f 2659 2659 2587
f 2600 2659 2659
f 2690 2725 2729
f 2725 2702 2731
f 2729 2731 2704
f 2725 2731 2729
f 2702 2726 2736
f 2726 2695 2734
f 2736 2734 2706
f 2726 2734 2736
f 2704 2737 2730
f 2737 2706 2735
f 2730 2735 2696
f 2737 2735 2730
f 2702 2736 2731
f 2736 2706 2737
f 2731 2737 2704
f 2736 2737 2731
f 2695 2728 2744
f 2728 2703 2746
f 2744 2746 2709
f 2728 2746 2744
f 2703 2727 2740
f 2727 2691 2738
f 2740 2738 2707
f 2727 2738 2740
f 2709 2748 2745
f 2748 2707 2739
f 2745 2739 2697
f 2748 2739 2745
f 2703 2740 2746
f 2740 2707 2748
f 2746 2748 2709
f 2740 2748 2746
f 2696 2749 2733
f 2749 2710 2751
f 2733 2751 2705
f 2749 2751 2733
f 2710 2750 2753
f 2750 2697 2742
f 2753 2742 2708
f 2750 2742 2753
f 2705 2743 2732
f 2743 2708 2741
f 2732 2741 2692
f 2743 2741 2732
f 2710 2753 2751
f 2753 2708 2743
f 2751 2743 2705
f 2753 2743 2751
f 2695 2744 2734
f 2744 2709 2747
f 2734 2747 2706
f 2744 2747 2734
f 2709 2745 2754
f 2745 2697 2750
f 2754 2750 2710
f 2745 2750 2754
f 2706 2752 2735
f 2752 2710 2749
f 2735 2749 2696
f 2752 2749 2735
f 2709 2754 2747
f 2754 2710 2752
f 2747 2752 2706
f 2754 2752 2747
f 2690 2729 2729
f 2729 2704 2704
f 2729 2704 2704
f 2729 2704 2729
f 2704 2730 2730
f 2730 2696 2696
f 2730 2696 2696
f 2730 2696 2730
f 2704 2730 2730
f 2730 2696 2696
f 2730 2696 2696
f 2730 2696 2730
f 2704 2730 2704
f 2730 2696 2730
f 2704 2730 2704
f 2730 2730 2704
f 2696 2733 2733
f 2733 2705 2705
f 2733 2705 2705
f 2733 2705 2733
f 2705 2732 2732
f 2732 2692 2692
f 2732 2692 2692
f 2732 2692 2732
f 2705 2732 2732
f 2732 2692 2692
f 2732 2692 2692
f 2732 2692 2732
f 2705 2732 2705
f 2732 2692 2732
f 2705 2732 2705
f 2732 2732 2705
f 2696 2733 2733
f 2733 2705 2705
f 2733 2705 2705
f 2733 2705 2733
f 2705 2732 2732
f 2732 2692 2692
f 2732 2692 2692
f 2732 2692 2732
f 2705 2732 2732
f 2732 2692 2692
f 2732 2692 2692
f 2732 2692 2732
f 2705 2732 2705
f 2732 2692 2732
f 2705 2732 2705
f 2732 2732 2705
f 2696 2733 2696
f 2733 2705 2733
f 2696 2733 2696
f 2733 2733 2696
f 2705 2732 2705
f 2732 2692 2732
f 2705 2732 2705
f 2732 2732 2705
f 2696 2733 2696
f 2733 2705 2733
f 2696 2733 2696
f 2733 2733 2696
f 2705 2705 2733
f 2705 2705 2733
f 2733 2733 2696
f 2705 2733 2733
f 2693 2757 2790
f 2757 2712 2792
f 2790 2792 2721
f 2757 2792 2790
f 2712 2758 2798
f 2758 2698 2796
f 2798 2796 2723
f 2758 2796 2798
f 2721 2800 2791
f 2800 2723 2797
f 2791 2797 2701
f 2800 2797 2791
f 2712 2798 2792
f 2798 2723 2800
f 2792 2800 2721
f 2798 2800 2792
f 2698 2756 2769
f 2756 2711 2771
f 2769 2771 2716
f 2756 2771 2769
f 2711 2755 2762
f 2755 2690 2759
f 2762 2759 2713
f 2755 2759 2762
f 2716 2772 2770
f 2772 2713 2760
f 2770 2760 2699
f 2772 2760 2770
f 2711 2762 2771
f 2762 2713 2772
f 2771 2772 2716
f 2762 2772 2771
f 2701 2802 2794
f 2802 2724 2805
f 2794 2805 2722
f 2802 2805 2794
f 2724 2801 2803
f 2801 2699 2764
f 2803 2764 2714
f 2801 2764 2803
f 2722 2795 2793
f 2795 2714 2763
f 2793 2763 2694
f 2795 2763 2793
f 2724 2803 2805
f 2803 2714 2795
f 2805 2795 2722
f 2803 2795 2805
f 2698 2769 2796
f 2769 2716 2799
f 2796 2799 2723
f 2769 2799 2796
f 2716 2770 2804
f 2770 2699 2801
f 2804 2801 2724
f 2770 2801 2804
f 2723 2806 2797
f 2806 2724 2802
f 2797 2802 2701
f 2806 2802 2797
f 2716 2804 2799
f 2804 2724 2806
f 2799 2806 2723
f 2804 2806 2799
f 2693 2790 2790
f 2790 2721 2721
f 2790 2721 2721
f 2790 2721 2790
f 2721 2791 2791
f 2791 2701 2701
f 2791 2701 2701
f 2791 2701 2791
f 2721 2791 2791
f 2791 2701 2701
f 2791 2701 2701
f 2791 2701 2791
f 2721 2791 2721
f 2791 2701 2791
f 2721 2791 2721
f 2791 2791 2721
f 2701 2794 2794
f 2794 2722 2722
f 2794 2722 2722
f 2794 2722 2794
f 2722 2793 2793
f 2793 2694 2694
f 2793 2694 2694
f 2793 2694 2793
f 2722 2793 2793
f 2793 2694 2694
f 2793 2694 2694
f 2793 2694 2793
f 2722 2793 2722
f 2793 2694 2793
f 2722 2793 2722
f 2793 2793 2722
f 2701 2794 2794
f 2794 2722 2722
f 2794 2722 2722
f 2794 2722 2794
f 2722 2793 2793
f 2793 2694 2694
f 2793 2694 2694
f 2793 2694 2793
f 2722 2793 2793
f 2793 2694 2694
f 2793 2694 2694
f 2793 2694 2793
f 2722 2793 2722
f 2793 2694 2793
f 2722 2793 2722
f 2793 2793 2722
f 2701 2794 2701
f 2794 2722 2794
f 2701 2794 2701
f 2794 2794 2701
f 2722 2793 2722
f 2793 2694 2793
f 2722 2793 2722
f 2793 2793 2722
f 2701 2794 2701
f 2794 2722 2794
f 2701 2794 2701
f 2794 2794 2701
f 2722 2722 2794
f 2722 2722 2794
f 2794 2794 2701
f 2722 2794 2794
f 2694 2763 2776
f 2763 2714 2778
f 2776 2778 2718
f 2763 2778 2776
f 2714 2764 2786
f 2764 2699 2784
f 2786 2784 2720
f 2764 2784 2786
f 2718 2788 2777
f 2788 2720 2785
f 2777 2785 2700
f 2788 2785 2777
f 2714 2786 2778
f 2786 2720 2788
f 2778 2788 2718
f 2786 2788 2778
f 2699 2760 2766
f 2760 2713 2768
f 2766 2768 2715
f 2760 2768 2766
f 2713 2759 2761
f 2759 2690 2729
f 2761 2729 2704
f 2759 2729 2761
f 2715 2767 2765
f 2767 2704 2730
f 2765 2730 2696
f 2767 2730 2765
f 2713 2761 2768
f 2761 2704 2767
f 2768 2767 2715
f 2761 2767 2768
f 2700 2780 2774
f 2780 2719 2783
f 2774 2783 2717
f 2780 2783 2774
f 2719 2779 2781
f 2779 2696 2733
f 2781 2733 2705
f 2779 2733 2781
f 2717 2775 2773
f 2775 2705 2732
f 2773 2732 2692
f 2775 2732 2773
f 2719 2781 2783
f 2781 2705 2775
f 2783 2775 2717
f 2781 2775 2783
f 2699 2766 2784
f 2766 2715 2787
f 2784 2787 2720
f 2766 2787 2784
f 2715 2765 2782
f 2765 2696 2779
f 2782 2779 2719
f 2765 2779 2782
f 2720 2789 2785
f 2789 2719 2780
f 2785 2780 2700
f 2789 2780 2785
f 2715 2782 2787
f 2782 2719 2789
f 2787 2789 2720
f 2782 2789 2787
f 2694 2776 2776
f 2776 2718 2718
f 2776 2718 2718
f 2776 2718 2776
f 2718 2777 2777
f 2777 2700 2700
f 2777 2700 2700
f 2777 2700 2777
f 2718 2777 2777
f 2777 2700 2700
f 2777 2700 2700
f 2777 2700 2777
f 2718 2777 2718
f 2777 2700 2777
f 2718 2777 2718
f 2777 2777 2718
f 2700 2774 2774
f 2774 2717 2717
f 2774 2717 2717
f 2774 2717 2774
f 2717 2773 2773
f 2773 2692 2692
f 2773 2692 2692
f 2773 2692 2773
f 2717 2773 2773
f 2773 2692 2692
f 2773 2692 2692
f 2773 2692 2773
f 2717 2773 2717
f 2773 2692 2773
f 2717 2773 2717
f 2773 2773 2717
f 2700 2774 2774
f 2774 2717 2717
f 2774 2717 2717
f 2774 2717 2774
f 2717 2773 2773
f 2773 2692 2692
f 2773 2692 2692
f 2773 2692 2773
f 2717 2773 2773
f 2773 2692 2692
f 2773 2692 2692
f 2773 2692 2773
f 2717 2773 2717
f 2773 2692 2773
f 2717 2773 2717
f 2773 2773 2717
f 2700 2774 2700
f 2774 2717 2774
f 2700 2774 2700
f 2774 2774 2700
f 2717 2773 2717
f 2773 2692 2773
f 2717 2773 2717
f 2773 2773 2717
f 2700 2774 2700
f 2774 2717 2774
f 2700 2774 2700
f 2774 2774 2700
f 2717 2717 2774
f 2717 2717 2774
f 2774 2774 2700
f 2717 2774 2774
f 2690 2755 2827
f 2755 2711 2829
f 2827 2829 2813
f 2755 2829 2827
f 2711 2756 2834
f 2756 2698 2832
f 2834 2832 2815
f 2756 2832 2834
f 2813 2835 2828
f 2835 2815 2833
f 2828 2833 2809
f 2835 2833 2828
f 2711 2834 2829
f 2834 2815 2835
f 2829 2835 2813
f 2834 2835 2829
f 2698 2758 2842
f 2758 2712 2844
f 2842 2844 2818
f 2758 2844 2842
f 2712 2757 2838
f 2757 2693 2836
f 2838 2836 2816
f 2757 2836 2838
f 2818 2846 2843
f 2846 2816 2837
f 2843 2837 2810
f 2846 2837 2843
f 2712 2838 2844
f 2838 2816 2846
f 2844 2846 2818
f 2838 2846 2844
f 2809 2847 2831
f 2847 2819 2849
f 2831 2849 2814
f 2847 2849 2831
f 2819 2848 2851
f 2848 2810 2840
f 2851 2840 2817
f 2848 2840 2851
f 2814 2841 2830
f 2841 2817 2839
f 2830 2839 2807
f 2841 2839 2830
f 2819 2851 2849
f 2851 2817 2841
f 2849 2841 2814
f 2851 2841 2849
f 2698 2842 2832
f 2842 2818 2845
f 2832 2845 2815
f 2842 2845 2832
f 2818 2843 2852
f 2843 2810 2848
f 2852 2848 2819
f 2843 2848 2852
f 2815 2850 2833
f 2850 2819 2847
f 2833 2847 2809
f 2850 2847 2833
f 2818 2852 2845
f 2852 2819 2850
f 2845 2850 2815
f 2852 2850 2845
f 2690 2827 2827
f 2827 2813 2813
f 2827 2813 2813
f 2827 2813 2827
f 2813 2828 2828
f 2828 2809 2809
f 2828 2809 2809
f 2828 2809 2828
f 2813 2828 2828
f 2828 2809 2809
f 2828 2809 2809
f 2828 2809 2828
f 2813 2828 2813
f 2828 2809 2828
f 2813 2828 2813
f 2828 2828 2813
f 2809 2831 2831
f 2831 2814 2814
f 2831 2814 2814
f 2831 2814 2831
f 2814 2830 2830
f 2830 2807 2807
f 2830 2807 2807
f 2830 2807 2830
f 2814 2830 2830
f 2830 2807 2807
f 2830 2807 2807
f 2830 2807 2830
f 2814 2830 2814
f 2830 2807 2830
f 2814 2830 2814
f 2830 2830 2814
f 2809 2831 2831
f 2831 2814 2814
f 2831 2814 2814
f 2831 2814 2831
f 2814 2830 2830
f 2830 2807 2807
f 2830 2807 2807
f 2830 2807 2830
f 2814 2830 2830
f 2830 2807 2807
f 2830 2807 2807
f 2830 2807 2830
f 2814 2830 2814
f 2830 2807 2830
f 2814 2830 2814
f 2830 2830 2814
f 2809 2831 2809
f 2831 2814 2831
f 2809 2831 2809
f 2831 2831 2809
f 2814 2830 2814
f 2830 2807 2830
f 2814 2830 2814
f 2830 2830 2814
f 2809 2831 2809
f 2831 2814 2831
f 2809 2831 2809
f 2831 2831 2809
f 2814 2814 2831
f 2814 2814 2831
f 2831 2831 2809
f 2814 2831 2831
f 2808 2856 2865
f 2856 2821 2867
f 2865 2867 2824
f 2856 2867 2865
f 2821 2857 2875
f 2857 2811 2873
f 2875 2873 2826
f 2857 2873 2875
f 2824 2877 2866
f 2877 2826 2874
f 2866 2874 2812
f 2877 2874 2866
f 2821 2875 2867
f 2875 2826 2877
f 2867 2877 2824
f 2875 2877 2867
f 2811 2854 2859
f 2854 2820 2861
f 2859 2861 2822
f 2854 2861 2859
f 2820 2853 2855
f 2853 2690 2827
f 2855 2827 2813
f 2853 2827 2855
f 2822 2860 2858
f 2860 2813 2828
f 2858 2828 2809
f 2860 2828 2858
f 2820 2855 2861
f 2855 2813 2860
f 2861 2860 2822
f 2855 2860 2861
f 2812 2869 2863
f 2869 2825 2872
f 2863 2872 2823
f 2869 2872 2863
f 2825 2868 2870
f 2868 2809 2831
f 2870 2831 2814
f 2868 2831 2870
f 2823 2864 2862
f 2864 2814 2830
f 2862 2830 2807
f 2864 2830 2862
f 2825 2870 2872
f 2870 2814 2864
f 2872 2864 2823
f 2870 2864 2872
f 2811 2859 2873
f 2859 2822 2876
f 2873 2876 2826
f 2859 2876 2873
f 2822 2858 2871
f 2858 2809 2868
f 2871 2868 2825
f 2858 2868 2871
f 2826 2878 2874
f 2878 2825 2869
f 2874 2869 2812
f 2878 2869 2874
f 2822 2871 2876
f 2871 2825 2878
f 2876 2878 2826
f 2871 2878 2876
f 2808 2865 2865
f 2865 2824 2824
f 2865 2824 2824
f 2865 2824 2865
f 2824 2866 2866
f 2866 2812 2812
f 2866 2812 2812
f 2866 2812 2866
f 2824 2866 2866
f 2866 2812 2812
f 2866 2812 2812
f 2866 2812 2866
f 2824 2866 2824
f 2866 2812 2866
f 2824 2866 2824
f 2866 2866 2824
f 2812 2863 2863
f 2863 2823 2823
f 2863 2823 2823
f 2863 2823 2863
f 2823 2862 2862
f 2862 2807 2807
f 2862 2807 2807
f 2862 2807 2862
f 2823 2862 2862
f 2862 2807 2807
f 2862 2807 2807
f 2862 2807 2862
f 2823 2862 2823
f 2862 2807 2862
f 2823 2862 2823
f 2862 2862 2823
f 2812 2863 2863
f 2863 2823 2823
f 2863 2823 2823
f 2863 2823 2863
f 2823 2862 2862
f 2862 2807 2807
f 2862 2807 2807
f 2862 2807 2862
f 2823 2862 2862
f 2862 2807 2807
f 2862 2807 2807
f 2862 2807 2862
f 2823 2862 2823
f 2862 2807 2862
f 2823 2862 2823
f 2862 2862 2823
f 2812 2863 2812
f 2863 2823 2863
f 2812 2863 2812
f 2863 2863 2812
f 2823 2862 2823
f 2862 2807 2862
f 2823 2862 2823
f 2862 2862 2823
f 2812 2863 2812
f 2863 2823 2863
f 2812 2863 2812
f 2863 2863 2812
f 2823 2823 2863
f 2823 2823 2863
f 2863 2863 2812
f 2823 2863 2863
f 2691 2727 2895
f 2727 2703 2897
f 2895 2897 2883
f 2727 2897 2895
f 2703 2728 2902
f 2728 2695 2900
f 2902 2900 2885
f 2728 2900 2902
f 2883 2903 2896
f 2903 2885 2901
f 2896 2901 2880
f 2903 2901 2896
f 2703 2902 2897
f 2902 2885 2903
f 2897 2903 2883
f 2902 2903 2897
f 2695 2726 2906
f 2726 2702 2908
f 2906 2908 2886
f 2726 2908 2906
f 2702 2725 2904
f 2725 2690 2853
f 2904 2853 2820
f 2725 2853 2904
f 2886 2910 2907
f 2910 2820 2854
f 2907 2854 2811
f 2910 2854 2907
f 2702 2904 2908
f 2904 2820 2910
f 2908 2910 2886
f 2904 2910 2908
f 2880 2911 2899
f 2911 2887 2913
f 2899 2913 2884
f 2911 2913 2899
f 2887 2912 2915
f 2912 2811 2857
f 2915 2857 2821
f 2912 2857 2915
f 2884 2905 2898
f 2905 2821 2856
f 2898 2856 2808
f 2905 2856 2898
f 2887 2915 2913
f 2915 2821 2905
f 2913 2905 2884
f 2915 2905 2913
f 2695 2906 2900
f 2906 2886 2909
f 2900 2909 2885
f 2906 2909 2900
f 2886 2907 2916
f 2907 2811 2912
f 2916 2912 2887
f 2907 2912 2916
f 2885 2914 2901
f 2914 2887 2911
f 2901 2911 2880
f 2914 2911 2901
f 2886 2916 2909
f 2916 2887 2914
f 2909 2914 2885
f 2916 2914 2909
f 2691 2895 2895
f 2895 2883 2883
f 2895 2883 2883
f 2895 2883 2895
f 2883 2896 2896
f 2896 2880 2880
f 2896 2880 2880
f 2896 2880 2896
f 2883 2896 2896
f 2896 2880 2880
f 2896 2880 2880
f 2896 2880 2896
f 2883 2896 2883
f 2896 2880 2896
f 2883 2896 2883
f 2896 2896 2883
f 2880 2899 2899
f 2899 2884 2884
f 2899 2884 2884
f 2899 2884 2899
f 2884 2898 2898
f 2898 2808 2808
f 2898 2808 2808
f 2898 2808 2898
f 2884 2898 2898
f 2898 2808 2808
f 2898 2808 2808
f 2898 2808 2898
f 2884 2898 2884
f 2898 2808 2898
f 2884 2898 2884
f 2898 2898 2884
f 2880 2899 2899
f 2899 2884 2884
f 2899 2884 2884
f 2899 2884 2899
f 2884 2898 2898
f 2898 2808 2808
f 2898 2808 2808
f 2898 2808 2898
f 2884 2898 2898
f 2898 2808 2808
f 2898 2808 2808
f 2898 2808 2898
f 2884 2898 2884
f 2898 2808 2898
f 2884 2898 2884
f 2898 2898 2884
f 2880 2899 2880
f 2899 2884 2899
f 2880 2899 2880
f 2899 2899 2880
f 2884 2898 2884
f 2898 2808 2898
f 2884 2898 2884
f 2898 2898 2884
f 2880 2899 2880
f 2899 2884 2899
f 2880 2899 2880
f 2899 2899 2880
f 2884 2884 2899
f 2884 2884 2899
f 2899 2899 2880
f 2884 2899 2899
f 2879 2920 2929
f 2920 2889 2931
f 2929 2931 2892
f 2920 2931 2929
f 2889 2921 2939
f 2921 2881 2937
f 2939 2937 2894
f 2921 2937 2939
f 2892 2941 2930
f 2941 2894 2938
f 2930 2938 2882
f 2941 2938 2930
f 2889 2939 2931
f 2939 2894 2941
f 2931 2941 2892
f 2939 2941 2931
f 2881 2918 2923
f 2918 2888 2925
f 2923 2925 2890
f 2918 2925 2923
f 2888 2917 2919
f 2917 2691 2895
f 2919 2895 2883
f 2917 2895 2919
f 2890 2924 2922
f 2924 2883 2896
f 2922 2896 2880
f 2924 2896 2922
f 2888 2919 2925
f 2919 2883 2924
f 2925 2924 2890
f 2919 2924 2925
f 2882 2933 2927
f 2933 2893 2936
f 2927 2936 2891
f 2933 2936 2927
f 2893 2932 2934
f 2932 2880 2899
f 2934 2899 2884
f 2932 2899 2934
f 2891 2928 2926
f 2928 2884 2898
f 2926 2898 2808
f 2928 2898 2926
f 2893 2934 2936
f 2934 2884 2928
f 2936 2928 2891
f 2934 2928 2936
f 2881 2923 2937
f 2923 2890 2940
f 2937 2940 2894
f 2923 2940 2937
f 2890 2922 2935
f 2922 2880 2932
f 2935 2932 2893
f 2922 2932 2935
f 2894 2942 2938
f 2942 2893 2933
f 2938 2933 2882
f 2942 2933 2938
f 2890 2935 2940
f 2935 2893 2942
f 2940 2942 2894
f 2935 2942 2940
f 2879 2929 2929
f 2929 2892 2892
f 2929 2892 2892
f 2929 2892 2929
f 2892 2930 2930
f 2930 2882 2882
f 2930 2882 2882
f 2930 2882 2930
f 2892 2930 2930
f 2930 2882 2882
f 2930 2882 2882
f 2930 2882 2930
f 2892 2930 2892
f 2930 2882 2930
f 2892 2930 2892
f 2930 2930 2892
f 2882 2927 2927
f 2927 2891 2891
f 2927 2891 2891
f 2927 2891 2927
f 2891 2926 2926
f 2926 2808 2808
f 2926 2808 2808
f 2926 2808 2926
f 2891 2926 2926
f 2926 2808 2808
f 2926 2808 2808
f 2926 2808 2926
f 2891 2926 2891
f 2926 2808 2926
f 2891 2926 2891
f 2926 2926 2891
f 2882 2927 2927
f 2927 2891 2891
f 2927 2891 2891
f 2927 2891 2927
f 2891 2926 2926
f 2926 2808 2808
f 2926 2808 2808
f 2926 2808 2926
f 2891 2926 2926
f 2926 2808 2808
f 2926 2808 2808
f 2926 2808 2926
f 2891 2926 2891
f 2926 2808 2926
f 2891 2926 2891
f 2926 2926 2891
f 2882 2927 2882
f 2927 2891 2927
f 2882 2927 2882
f 2927 2927 2882
f 2891 2926 2891
f 2926 2808 2926
f 2891 2926 2891
f 2926 2926 2891
f 2882 2927 2882
f 2927 2891 2927
f 2882 2927 2882
f 2927 2927 2882
f 2891 2891 2927
f 2891 2891 2927
f 2927 2927 2882
f 2891 2927 2927
f 2692 2741 2959
f 2741 2708 2961
f 2959 2961 2947
f 2741 2961 2959
f 2708 2742 2966
f 2742 2697 2964
f 2966 2964 2949
f 2742 2964 2966
f 2947 2967 2960
f 2967 2949 2965
f 2960 2965 2944
f 2967 2965 2960
f 2708 2966 2961
f 2966 2949 2967
f 2961 2967 2947
f 2966 2967 2961
f 2697 2739 2970
f 2739 2707 2972
f 2970 2972 2950
f 2739 2972 2970
f 2707 2738 2968
f 2738 2691 2917
f 2968 2917 2888
f 2738 2917 2968
f 2950 2974 2971
f 2974 2888 2918
f 2971 2918 2881
f 2974 2918 2971
f 2707 2968 2972
f 2968 2888 2974
f 2972 2974 2950
f 2968 2974 2972
f 2944 2975 2963
f 2975 2951 2977
f 2963 2977 2948
f 2975 2977 2963
f 2951 2976 2979
f 2976 2881 2921
f 2979 2921 2889
f 2976 2921 2979
f 2948 2969 2962
f 2969 2889 2920
f 2962 2920 2879
f 2969 2920 2962
f 2951 2979 2977
f 2979 2889 2969
f 2977 2969 2948
f 2979 2969 2977
f 2697 2970 2964
f 2970 2950 2973
f 2964 2973 2949
f 2970 2973 2964
f 2950 2971 2980
f 2971 2881 2976
f 2980 2976 2951
f 2971 2976 2980
f 2949 2978 2965
f 2978 2951 2975
f 2965 2975 2944
f 2978 2975 2965
f 2950 2980 2973
f 2980 2951 2978
f 2973 2978 2949
f 2980 2978 2973
f 2692 2959 2959
f 2959 2947 2947
f 2959 2947 2947
f 2959 2947 2959
f 2947 2960 2960
f 2960 2944 2944
f 2960 2944 2944
f 2960 2944 2960
f 2947 2960 2960
f 2960 2944 2944
f 2960 2944 2944
f 2960 2944 2960
f 2947 2960 2947
f 2960 2944 2960
f 2947 2960 2947
f 2960 2960 2947
f 2944 2963 2963
f 2963 2948 2948
f 2963 2948 2948
f 2963 2948 2963
f 2948 2962 2962
f 2962 2879 2879
f 2962 2879 2879
f 2962 2879 2962
f 2948 2962 2962
f 2962 2879 2879
f 2962 2879 2879
f 2962 2879 2962
f 2948 2962 2948
f 2962 2879 2962
f 2948 2962 2948
f 2962 2962 2948
f 2944 2963 2963
f 2963 2948 2948
f 2963 2948 2948
f 2963 2948 2963
f 2948 2962 2962
f 2962 2879 2879
f 2962 2879 2879
f 2962 2879 2962
f 2948 2962 2962
f 2962 2879 2879
f 2962 2879 2879
f 2962 2879 2962
f 2948 2962 2948
f 2962 2879 2962
f 2948 2962 2948
f 2962 2962 2948
f 2944 2963 2944
f 2963 2948 2963
f 2944 2963 2944
f 2963 2963 2944
f 2948 2962 2948
f 2962 2879 2962
f 2948 2962 2948
f 2962 2962 2948
f 2944 2963 2944
f 2963 2948 2963
f 2944 2963 2944
f 2963 2963 2944
f 2948 2948 2963
f 2948 2948 2963
f 2963 2963 2944
f 2948 2963 2963
f 2943 2984 2993
f 2984 2953 2995
f 2993 2995 2956
f 2984 2995 2993
f 2953 2985 3003
f 2985 2945 3001
f 3003 3001 2958
f 2985 3001 3003
f 2956 3005 2994
f 3005 2958 3002
f 2994 3002 2946
f 3005 3002 2994
f 2953 3003 2995
f 3003 2958 3005
f 2995 3005 2956
f 3003 3005 2995
f 2945 2982 2987
f 2982 2952 2989
f 2987 2989 2954
f 2982 2989 2987
f 2952 2981 2983
f 2981 2692 2959
f 2983 2959 2947
f 2981 2959 2983
f 2954 2988 2986
f 2988 2947 2960
f 2986 2960 2944
f 2988 2960 2986
f 2952 2983 2989
f 2983 2947 2988
f 2989 2988 2954
f 2983 2988 2989
f 2946 2997 2991
f 2997 2957 3000
f 2991 3000 2955
f 2997 3000 2991
f 2957 2996 2998
f 2996 2944 2963
f 2998 2963 2948
f 2996 2963 2998
f 2955 2992 2990
f 2992 2948 2962
f 2990 2962 2879
f 2992 2962 2990
f 2957 2998 3000
f 2998 2948 2992
f 3000 2992 2955
f 2998 2992 3000
f 2945 2987 3001
f 2987 2954 3004
f 3001 3004 2958
f 2987 3004 3001
f 2954 2986 2999
f 2986 2944 2996
f 2999 2996 2957
f 2986 2996 2999
f 2958 3006 3002
f 3006 2957 2997
f 3002 2997 2946
f 3006 2997 3002
f 2954 2999 3004
f 2999 2957 3006
f 3004 3006 2958
f 2999 3006 3004
f 2943 2993 2993
f 2993 2956 2956
f 2993 2956 2956
f 2993 2956 2993
f 2956 2994 2994
f 2994 2946 2946
f 2994 2946 2946
f 2994 2946 2994
f 2956 2994 2994
f 2994 2946 2946
f 2994 2946 2946
f 2994 2946 2994
f 2956 2994 2956
f 2994 2946 2994
f 2956 2994 2956
f 2994 2994 2956
f 2946 2991 2991
f 2991 2955 2955
f 2991 2955 2955
f 2991 2955 2991
f 2955 2990 2990
f 2990 2879 2879
f 2990 2879 2879
f 2990 2879 2990
f 2955 2990 2990
f 2990 2879 2879
f 2990 2879 2879
f 2990 2879 2990
f 2955 2990 2955
f 2990 2879 2990
f 2955 2990 2955
f 2990 2990 2955
f 2946 2991 2991
f 2991 2955 2955
f 2991 2955 2955
f 2991 2955 2991
f 2955 2990 2990
f 2990 2879 2879
f 2990 2879 2879
f 2990 2879 2990
f 2955 2990 2990
f 2990 2879 2879
f 2990 2879 2879
f 2990 2879 2990
f 2955 2990 2955
f 2990 2879 2990
f 2955 2990 2955
f 2990 2990 2955
f 2946 2991 2946
f 2991 2955 2991
f 2946 2991 2946
f 2991 2991 2946
f 2955 2990 2955
f 2990 2879 2990
f 2955 2990 2955
f 2990 2990 2955
f 2946 2991 2946
f 2991 2955 2991
f 2946 2991 2946
f 2991 2991 2946
f 2955 2955 2991
f 2955 2955 2991
f 2991 2991 2946
f 2955 2991 2991
f 2694 2776 3023
f 2776 2718 3025
f 3023 3025 3011
f 2776 3025 3023
f 2718 2777 3030
f 2777 2700 3028
f 3030 3028 3013
f 2777 3028 3030
f 3011 3031 3024
f 3031 3013 3029
f 3024 3029 3008
f 3031 3029 3024
f 2718 3030 3025
f 3030 3013 3031
f 3025 3031 3011
f 3030 3031 3025
f 2700 2774 3034
f 2774 2717 3036
f 3034 3036 3014
f 2774 3036 3034
f 2717 2773 3032
f 2773 2692 2981
f 3032 2981 2952
f 2773 2981 3032
f 3014 3038 3035
f 3038 2952 2982
f 3035 2982 2945
f 3038 2982 3035
f 2717 3032 3036
f 3032 2952 3038
f 3036 3038 3014
f 3032 3038 3036
f 3008 3039 3027
f 3039 3015 3041
f 3027 3041 3012
f 3039 3041 3027
f 3015 3040 3043
f 3040 2945 2985
f 3043 2985 2953
f 3040 2985 3043
f 3012 3033 3026
f 3033 2953 2984
f 3026 2984 2943
f 3033 2984 3026
f 3015 3043 3041
f 3043 2953 3033
f 3041 3033 3012
f 3043 3033 3041
f 2700 3034 3028
f 3034 3014 3037
f 3028 3037 3013
f 3034 3037 3028
f 3014 3035 3044
f 3035 2945 3040
f 3044 3040 3015
f 3035 3040 3044
f 3013 3042 3029
f 3042 3015 3039
f 3029 3039 3008
f 3042 3039 3029
f 3014 3044 3037
f 3044 3015 3042
f 3037 3042 3013
f 3044 3042 3037
f 2694 3023 3023
f 3023 3011 3011
f 3023 3011 3011
f 3023 3011 3023
f 3011 3024 3024
f 3024 3008 3008
f 3024 3008 3008
f 3024 3008 3024
f 3011 3024 3024
f 3024 3008 3008
f 3024 3008 3008
f 3024 3008 3024
f 3011 3024 3011
f 3024 3008 3024
f 3011 3024 3011
f 3024 3024 3011
f 3008 3027 3027
f 3027 3012 3012
f 3027 3012 3012
f 3027 3012 3027
f 3012 3026 3026
f 3026 2943 2943
f 3026 2943 2943
f 3026 2943 3026
f 3012 3026 3026
f 3026 2943 2943
f 3026 2943 2943
f 3026 2943 3026
f 3012 3026 3012
f 3026 2943 3026
f 3012 3026 3012
f 3026 3026 3012
f 3008 3027 3027
f 3027 3012 3012
f 3027 3012 3012
f 3027 3012 3027
f 3012 3026 3026
f 3026 2943 2943
f 3026 2943 2943
f 3026 2943 3026
f 3012 3026 3026
f 3026 2943 2943
f 3026 2943 2943
f 3026 2943 3026
f 3012 3026 3012
f 3026 2943 3026
f 3012 3026 3012
f 3026 3026 3012
f 3008 3027 3008
f 3027 3012 3027
f 3008 3027 3008
f 3027 3027 3008
f 3012 3026 3012
f 3026 2943 3026
f 3012 3026 3012
f 3026 3026 3012
f 3008 3027 3008
f 3027 3012 3027
f 3008 3027 3008
f 3027 3027 3008
f 3012 3012 3027
f 3012 3012 3027
f 3027 3027 3008
f 3012 3027 3027
f 3007 3048 3057
f 3048 3017 3059
f 3057 3059 3020
f 3048 3059 3057
f 3017 3049 3067
f 3049 3009 3065
f 3067 3065 3022
f 3049 3065 3067
f 3020 3069 3058
f 3069 3022 3066
f 3058 3066 3010
f 3069 3066 3058
f 3017 3067 3059
f 3067 3022 3069
f 3059 3069 3020
f 3067 3069 3059
f 3009 3046 3051
f 3046 3016 3053
f 3051 3053 3018
f 3046 3053 3051
f 3016 3045 3047
f 3045 2694 3023
f 3047 3023 3011
f 3045 3023 3047
f 3018 3052 3050
f 3052 3011 3024
f 3050 3024 3008
f 3052 3024 3050
f 3016 3047 3053
f 3047 3011 3052
f 3053 3052 3018
f 3047 3052 3053
f 3010 3061 3055
f 3061 3021 3064
f 3055 3064 3019
f 3061 3064 3055
f 3021 3060 3062
f 3060 3008 3027
f 3062 3027 3012
f 3060 3027 3062
f 3019 3056 3054
f 3056 3012 3026
f 3054 3026 2943
f 3056 3026 3054
f 3021 3062 3064
f 3062 3012 3056
f 3064 3056 3019
f 3062 3056 3064
f 3009 3051 3065
f 3051 3018 3068
f 3065 3068 3022
f 3051 3068 3065
f 3018 3050 3063
f 3050 3008 3060
f 3063 3060 3021
f 3050 3060 3063
f 3022 3070 3066
f 3070 3021 3061
f 3066 3061 3010
f 3070 3061 3066
f 3018 3063 3068
f 3063 3021 3070
f 3068 3070 3022
f 3063 3070 3068
f 3007 3057 3057
f 3057 3020 3020
f 3057 3020 3020
f 3057 3020 3057
f 3020 3058 3058
f 3058 3010 3010
f 3058 3010 3010
f 3058 3010 3058
f 3020 3058 3058
f 3058 3010 3010
f 3058 3010 3010
f 3058 3010 3058
f 3020 3058 3020
f 3058 3010 3058
f 3020 3058 3020
f 3058 3058 3020
f 3010 3055 3055
f 3055 3019 3019
f 3055 3019 3019
f 3055 3019 3055
f 3019 3054 3054
f 3054 2943 2943
f 3054 2943 2943
f 3054 2943 3054
f 3019 3054 3054
f 3054 2943 2943
f 3054 2943 2943
f 3054 2943 3054
f 3019 3054 3019
f 3054 2943 3054
f 3019 3054 3019
f 3054 3054 3019
f 3010 3055 3055
f 3055 3019 3019
f 3055 3019 3019
f 3055 3019 3055
f 3019 3054 3054
f 3054 2943 2943
f 3054 2943 2943
f 3054 2943 3054
f 3019 3054 3054
f 3054 2943 2943
f 3054 2943 2943
f 3054 2943 3054
f 3019 3054 3019
f 3054 2943 3054
f 3019 3054 3019
f 3054 3054 3019
f 3010 3055 3010
f 3055 3019 3055
f 3010 3055 3010
f 3055 3055 3010
f 3019 3054 3019
f 3054 2943 3054
f 3019 3054 3019
f 3054 3054 3019
f 3010 3055 3010
f 3055 3019 3055
f 3010 3055 3010
f 3055 3055 3010
f 3019 3019 3055
f 3019 3019 3055
f 3055 3055 3010
f 3019 3055 3055
f 2693 2790 3083
f 2790 2721 3085
f 3083 3085 3073
f 2790 3085 3083
f 2721 2791 3090
f 2791 2701 3088
f 3090 3088 3075
f 2791 3088 3090
f 3073 3091 3084
f 3091 3075 3089
f 3084 3089 3071
f 3091 3089 3084
f 2721 3090 3085
f 3090 3075 3091
f 3085 3091 3073
f 3090 3091 3085
f 2701 2794 3094
f 2794 2722 3096
f 3094 3096 3076
f 2794 3096 3094
f 2722 2793 3092
f 2793 2694 3045
f 3092 3045 3016
f 2793 3045 3092
f 3076 3098 3095
f 3098 3016 3046
f 3095 3046 3009
f 3098 3046 3095
f 2722 3092 3096
f 3092 3016 3098
f 3096 3098 3076
f 3092 3098 3096
f 3071 3099 3087
f 3099 3077 3101
f 3087 3101 3074
f 3099 3101 3087
f 3077 3100 3103
f 3100 3009 3049
f 3103 3049 3017
f 3100 3049 3103
f 3074 3093 3086
f 3093 3017 3048
f 3086 3048 3007
f 3093 3048 3086
f 3077 3103 3101
f 3103 3017 3093
f 3101 3093 3074
f 3103 3093 3101
f 2701 3094 3088
f 3094 3076 3097
f 3088 3097 3075
f 3094 3097 3088
f 3076 3095 3104
f 3095 3009 3100
f 3104 3100 3077
f 3095 3100 3104
f 3075 3102 3089
f 3102 3077 3099
f 3089 3099 3071
f 3102 3099 3089
f 3076 3104 3097
f 3104 3077 3102
f 3097 3102 3075
f 3104 3102 3097
f 2693 3083 3083
f 3083 3073 3073
f 3083 3073 3073
f 3083 3073 3083
f 3073 3084 3084
f 3084 3071 3071
f 3084 3071 3071
f 3084 3071 3084
f 3073 3084 3084
f 3084 3071 3071
f 3084 3071 3071
f 3084 3071 3084
f 3073 3084 3073
f 3084 3071 3084
f 3073 3084 3073
f 3084 3084 3073
f 3071 3087 3087
f 3087 3074 3074
f 3087 3074 3074
f 3087 3074 3087
f 3074 3086 3086
f 3086 3007 3007
f 3086 3007 3007
f 3086 3007 3086
f 3074 3086 3086
f 3086 3007 3007
f 3086 3007 3007
f 3086 3007 3086
f 3074 3086 3074
f 3086 3007 3086
f 3074 3086 3074
f 3086 3086 3074
f 3071 3087 3087
f 3087 3074 3074
f 3087 3074 3074
f 3087 3074 3087
f 3074 3086 3086
f 3086 3007 3007
f 3086 3007 3007
f 3086 3007 3086
f 3074 3086 3086
f 3086 3007 3007
f 3086 3007 3007
f 3086 3007 3086
f 3074 3086 3074
f 3086 3007 3086
f 3074 3086 3074
f 3086 3086 3074
f 3071 3087 3071
f 3087 3074 3087
f 3071 3087 3071
f 3087 3087 3071
f 3074 3086 3074
f 3086 3007 3086
f 3074 3086 3074
f 3086 3086 3074
f 3071 3087 3071
f 3087 3074 3087
f 3071 3087 3071
f 3087 3087 3071
f 3074 3074 3087
f 3074 3074 3087
f 3087 3087 3071
f 3074 3087 3087
f 2807 2839 3113
f 2839 2817 3115
f 3113 3115 3080
f 2839 3115 3113
f 2817 2840 3123
f 2840 2810 3121
f 3123 3121 3082
f 2840 3121 3123
f 3080 3125 3114
f 3125 3082 3122
f 3114 3122 3072
f 3125 3122 3114
f 2817 3123 3115
f 3123 3082 3125
f 3115 3125 3080
f 3123 3125 3115
f 2810 2837 3107
f 2837 2816 3109
f 3107 3109 3078
f 2837 3109 3107
f 2816 2836 3105
f 2836 2693 3083
f 3105 3083 3073
f 2836 3083 3105
f 3078 3108 3106
f 3108 3073 3084
f 3106 3084 3071
f 3108 3084 3106
f 2816 3105 3109
f 3105 3073 3108
f 3109 3108 3078
f 3105 3108 3109
f 3072 3117 3111
f 3117 3081 3120
f 3111 3120 3079
f 3117 3120 3111
f 3081 3116 3118
f 3116 3071 3087
f 3118 3087 3074
f 3116 3087 3118
f 3079 3112 3110
f 3112 3074 3086
f 3110 3086 3007
f 3112 3086 3110
f 3081 3118 3120
f 3118 3074 3112
f 3120 3112 3079
f 3118 3112 3120
f 2810 3107 3121
f 3107 3078 3124
f 3121 3124 3082
f 3107 3124 3121
f 3078 3106 3119
f 3106 3071 3116
f 3119 3116 3081
f 3106 3116 3119
f 3082 3126 3122
f 3126 3081 3117
f 3122 3117 3072
f 3126 3117 3122
f 3078 3119 3124
f 3119 3081 3126
f 3124 3126 3082
f 3119 3126 3124
f 2807 3113 3113
f 3113 3080 3080
f 3113 3080 3080
f 3113 3080 3113
f 3080 3114 3114
f 3114 3072 3072
f 3114 3072 3072
f 3114 3072 3114
f 3080 3114 3114
f 3114 3072 3072
f 3114 3072 3072
f 3114 3072 3114
f 3080 3114 3080
f 3114 3072 3114
f 3080 3114 3080
f 3114 3114 3080
f 3072 3111 3111
f 3111 3079 3079
f 3111 3079 3079
f 3111 3079 3111
f 3079 3110 3110
f 3110 3007 3007
f 3110 3007 3007
f 3110 3007 3110
f 3079 3110 3110
f 3110 3007 3007
f 3110 3007 3007
f 3110 3007 3110
f 3079 3110 3079
f 3110 3007 3110
f 3079 3110 3079
f 3110 3110 3079
f 3072 3111 3111
f 3111 3079 3079
f 3111 3079 3079
f 3111 3079 3111
f 3079 3110 3110
f 3110 3007 3007
f 3110 3007 3007
f 3110 3007 3110
f 3079 3110 3110
f 3110 3007 3007
f 3110 3007 3007
f 3110 3007 3110
f 3079 3110 3079
f 3110 3007 3110
f 3079 3110 3079
f 3110 3110 3079
f 3072 3111 3072
f 3111 3079 3111
f 3072 3111 3072
f 3111 3111 3072
f 3079 3110 3079
f 3110 3007 3110
f 3079 3110 3079
f 3110 3110 3079
f 3072 3111 3072
f 3111 3079 3111
f 3072 3111 3072
f 3111 3111 3072
f 3079 3079 3111
f 3079 3079 3111
f 3111 3111 3072
f 3079 3111 3111
f 3127 3182 3186
f 3182 3145 3188
f 3186 3188 3147
f 3182 3188 3186
f 3145 3183 3193
f 3183 3134 3191
f 3193 3191 3149
f 3183 3191 3193
f 3147 3194 3187
f 3194 3149 3192
f 3187 3192 3135
f 3194 3192 3187
f 3145 3193 3188
f 3193 3149 3194
f 3188 3194 3147
f 3193 3194 3188
f 3134 3185 3201
f 3185 3146 3203
f 3201 3203 3152
f 3185 3203 3201
f 3146 3184 3197
f 3184 3128 3195
f 3197 3195 3150
f 3184 3195 3197
f 3152 3205 3202
f 3205 3150 3196
f 3202 3196 3136
f 3205 3196 3202
f 3146 3197 3203
f 3197 3150 3205
f 3203 3205 3152
f 3197 3205 3203
f 3135 3206 3190
f 3206 3153 3208
f 3190 3208 3148
f 3206 3208 3190
f 3153 3207 3210
f 3207 3136 3199
f 3210 3199 3151
f 3207 3199 3210
f 3148 3200 3189
f 3200 3151 3198
f 3189 3198 3129
f 3200 3198 3189
f 3153 3210 3208
f 3210 3151 3200
f 3208 3200 3148
f 3210 3200 3208
f 3134 3201 3191
f 3201 3152 3204
f 3191 3204 3149
f 3201 3204 3191
f 3152 3202 3211
f 3202 3136 3207
f 3211 3207 3153
f 3202 3207 3211
f 3149 3209 3192
f 3209 3153 3206
f 3192 3206 3135
f 3209 3206 3192
f 3152 3211 3204
f 3211 3153 3209
f 3204 3209 3149
f 3211 3209 3204
f 3127 3186 3186
f 3186 3147 3147
f 3186 3147 3147
f 3186 3147 3186
f 3147 3187 3187
f 3187 3135 3135
f 3187 3135 3135
f 3187 3135 3187
f 3147 3187 3187
f 3187 3135 3135
f 3187 3135 3135
f 3187 3135 3187
f 3147 3187 3147
f 3187 3135 3187
f 3147 3187 3147
f 3187 3187 3147
f 3135 3190 3190
f 3190 3148 3148
f 3190 3148 3148
f 3190 3148 3190
f 3148 3189 3189
f 3189 3129 3129
f 3189 3129 3129
f 3189 3129 3189
f 3148 3189 3189
f 3189 3129 3129
f 3189 3129 3129
f 3189 3129 3189
f 3148 3189 3148
f 3189 3129 3189
f 3148 3189 3148
f 3189 3189 3148
f 3135 3190 3190
f 3190 3148 3148
f 3190 3148 3148
f 3190 3148 3190
f 3148 3189 3189
f 3189 3129 3129
f 3189 3129 3129
f 3189 3129 3189
f 3148 3189 3189
f 3189 3129 3129
f 3189 3129 3129
f 3189 3129 3189
f 3148 3189 3148
f 3189 3129 3189
f 3148 3189 3148
f 3189 3189 3148
f 3135 3190 3135
f 3190 3148 3190
f 3135 3190 3135
f 3190 3190 3135
f 3148 3189 3148
f 3189 3129 3189
f 3148 3189 3148
f 3189 3189 3148
f 3135 3190 3135
f 3190 3148 3190
f 3135 3190 3135
f 3190 3190 3135
f 3148 3148 3190
f 3148 3148 3190
f 3190 3190 3135
f 3148 3190 3190
f 3130 3224 3215
f 3224 3158 3226
f 3215 3226 3155
f 3224 3226 3215
f 3158 3225 3236
f 3225 3138 3233
f 3236 3233 3160
f 3225 3233 3236
f 3155 3234 3216
f 3234 3160 3232
f 3216 3232 3137
f 3234 3232 3216
f 3158 3236 3226
f 3236 3160 3234
f 3226 3234 3155
f 3236 3234 3226
f 3138 3222 3228
f 3222 3157 3231
f 3228 3231 3159
f 3222 3231 3228
f 3157 3221 3223
f 3221 3129 3198
f 3223 3198 3151
f 3221 3198 3223
f 3159 3229 3227
f 3229 3151 3199
f 3227 3199 3136
f 3229 3199 3227
f 3157 3223 3231
f 3223 3151 3229
f 3231 3229 3159
f 3223 3229 3231
f 3137 3218 3213
f 3218 3156 3220
f 3213 3220 3154
f 3218 3220 3213
f 3156 3217 3219
f 3217 3136 3196
f 3219 3196 3150
f 3217 3196 3219
f 3154 3214 3212
f 3214 3150 3195
f 3212 3195 3128
f 3214 3195 3212
f 3156 3219 3220
f 3219 3150 3214
f 3220 3214 3154
f 3219 3214 3220
f 3138 3228 3233
f 3228 3159 3237
f 3233 3237 3160
f 3228 3237 3233
f 3159 3227 3230
f 3227 3136 3217
f 3230 3217 3156
f 3227 3217 3230
f 3160 3235 3232
f 3235 3156 3218
f 3232 3218 3137
f 3235 3218 3232
f 3159 3230 3237
f 3230 3156 3235
f 3237 3235 3160
f 3230 3235 3237
f 3130 3215 3215
f 3215 3155 3155
f 3215 3155 3155
f 3215 3155 3215
f 3155 3216 3216
f 3216 3137 3137
f 3216 3137 3137
f 3216 3137 3216
f 3155 3216 3216
f 3216 3137 3137
f 3216 3137 3137
f 3216 3137 3216
f 3155 3216 3155
f 3216 3137 3216
f 3155 3216 3155
f 3216 3216 3155
f 3137 3213 3213
f 3213 3154 3154
f 3213 3154 3154
f 3213 3154 3213
f 3154 3212 3212
f 3212 3128 3128
f 3212 3128 3128
f 3212 3128 3212
f 3154 3212 3212
f 3212 3128 3128
f 3212 3128 3128
f 3212 3128 3212
f 3154 3212 3154
f 3212 3128 3212
f 3154 3212 3154
f 3212 3212 3154
f 3137 3213 3213
f 3213 3154 3154
f 3213 3154 3154
f 3213 3154 3213
f 3154 3212 3212
f 3212 3128 3128
f 3212 3128 3128
f 3212 3128 3212
f 3154 3212 3212
f 3212 3128 3128
f 3212 3128 3128
f 3212 3128 3212
f 3154 3212 3154
f 3212 3128 3212
f 3154 3212 3154
f 3212 3212 3154
f 3137 3213 3137
f 3213 3154 3213
f 3137 3213 3137
f 3213 3213 3137
f 3154 3212 3154
f 3212 3128 3212
f 3154 3212 3154
f 3212 3212 3154
f 3137 3213 3137
f 3213 3154 3213
f 3137 3213 3137
f 3213 3213 3137
f 3154 3154 3213
f 3154 3154 3213
f 3213 3213 3137
f 3154 3213 3213
f 3131 3241 3250
f 3241 3162 3252
f 3250 3252 3165
f 3241 3252 3250
f 3162 3242 3260
f 3242 3139 3258
f 3260 3258 3167
f 3242 3258 3260
f 3165 3262 3251
f 3262 3167 3259
f 3251 3259 3140
f 3262 3259 3251
f 3162 3260 3252
f 3260 3167 3262
f 3252 3262 3165
f 3260 3262 3252
f 3139 3239 3244
f 3239 3161 3246
f 3244 3246 3163
f 3239 3246 3244
f 3161 3238 3240
f 3238 3127 3186
f 3240 3186 3147
f 3238 3186 3240
f 3163 3245 3243
f 3245 3147 3187
f 3243 3187 3135
f 3245 3187 3243
f 3161 3240 3246
f 3240 3147 3245
f 3246 3245 3163
f 3240 3245 3246
f 3140 3254 3248
f 3254 3166 3257
f 3248 3257 3164
f 3254 3257 3248
f 3166 3253 3255
f 3253 3135 3190
f 3255 3190 3148
f 3253 3190 3255
f 3164 3249 3247
f 3249 3148 3189
f 3247 3189 3129
f 3249 3189 3247
f 3166 3255 3257
f 3255 3148 3249
f 3257 3249 3164
f 3255 3249 3257
f 3139 3244 3258
f 3244 3163 3261
f 3258 3261 3167
f 3244 3261 3258
f 3163 3243 3256
f 3243 3135 3253
f 3256 3253 3166
f 3243 3253 3256
f 3167 3263 3259
f 3263 3166 3254
f 3259 3254 3140
f 3263 3254 3259
f 3163 3256 3261
f 3256 3166 3263
f 3261 3263 3167
f 3256 3263 3261
f 3131 3250 3250
f 3250 3165 3165
f 3250 3165 3165
f 3250 3165 3250
f 3165 3251 3251
f 3251 3140 3140
f 3251 3140 3140
f 3251 3140 3251
f 3165 3251 3251
f 3251 3140 3140
f 3251 3140 3140
f 3251 3140 3251
f 3165 3251 3165
f 3251 3140 3251
f 3165 3251 3165
f 3251 3251 3165
f 3140 3248 3248
f 3248 3164 3164
f 3248 3164 3164
f 3248 3164 3248
f 3164 3247 3247
f 3247 3129 3129
f 3247 3129 3129
f 3247 3129 3247
f 3164 3247 3247
f 3247 3129 3129
f 3247 3129 3129
f 3247 3129 3247
f 3164 3247 3164
f 3247 3129 3247
f 3164 3247 3164
f 3247 3247 3164
f 3140 3248 3248
f 3248 3164 3164
f 3248 3164 3164
f 3248 3164 3248
f 3164 3247 3247
f 3247 3129 3129
f 3247 3129 3129
f 3247 3129 3247
f 3164 3247 3247
f 3247 3129 3129
f 3247 3129 3129
f 3247 3129 3247
f 3164 3247 3164
f 3247 3129 3247
f 3164 3247 3164
f 3247 3247 3164
f 3140 3248 3140
f 3248 3164 3248
f 3140 3248 3140
f 3248 3248 3140
f 3164 3247 3164
f 3247 3129 3247
f 3164 3247 3164
f 3247 3247 3164
f 3140 3248 3140
f 3248 3164 3248
f 3140 3248 3140
f 3248 3248 3140
f 3164 3164 3248
f 3164 3164 3248
f 3248 3248 3140
f 3164 3248 3248
f 3131 3273 3241
f 3273 3171 3275
f 3241 3275 3162
f 3273 3275 3241
f 3171 3274 3283
f 3274 3142 3280
f 3283 3280 3173
f 3274 3280 3283
f 3162 3281 3242
f 3281 3173 3279
f 3242 3279 3139
f 3281 3279 3242
f 3171 3283 3275
f 3283 3173 3281
f 3275 3281 3162
f 3283 3281 3275
f 3142 3277 3285
f 3277 3172 3288
f 3285 3288 3174
f 3277 3288 3285
f 3172 3276 3278
f 3276 3132 3267
f 3278 3267 3169
f 3276 3267 3278
f 3174 3286 3284
f 3286 3169 3268
f 3284 3268 3141
f 3286 3268 3284
f 3172 3278 3288
f 3278 3169 3286
f 3288 3286 3174
f 3278 3286 3288
f 3139 3269 3239
f 3269 3170 3271
f 3239 3271 3161
f 3269 3271 3239
f 3170 3270 3272
f 3270 3141 3265
f 3272 3265 3168
f 3270 3265 3272
f 3161 3266 3238
f 3266 3168 3264
f 3238 3264 3127
f 3266 3264 3238
f 3170 3272 3271
f 3272 3168 3266
f 3271 3266 3161
f 3272 3266 3271
f 3142 3285 3280
f 3285 3174 3289
f 3280 3289 3173
f 3285 3289 3280
f 3174 3284 3287
f 3284 3141 3270
f 3287 3270 3170
f 3284 3270 3287
f 3173 3282 3279
f 3282 3170 3269
f 3279 3269 3139
f 3282 3269 3279
f 3174 3287 3289
f 3287 3170 3282
f 3289 3282 3173
f 3287 3282 3289
f 3131 3241 3241
f 3241 3162 3162
f 3241 3162 3162
f 3241 3162 3241
f 3162 3242 3242
f 3242 3139 3139
f 3242 3139 3139
f 3242 3139 3242
f 3162 3242 3242
f 3242 3139 3139
f 3242 3139 3139
f 3242 3139 3242
f 3162 3242 3162
f 3242 3139 3242
f 3162 3242 3162
f 3242 3242 3162
f 3139 3239 3239
f 3239 3161 3161
f 3239 3161 3161
f 3239 3161 3239
f 3161 3238 3238
f 3238 3127 3127
f 3238 3127 3127
f 3238 3127 3238
f 3161 3238 3238
f 3238 3127 3127
f 3238 3127 3127
f 3238 3127 3238
f 3161 3238 3161
f 3238 3127 3238
f 3161 3238 3161
f 3238 3238 3161
f 3139 3239 3239
f 3239 3161 3161
f 3239 3161 3161
f 3239 3161 3239
f 3161 3238 3238
f 3238 3127 3127
f 3238 3127 3127
f 3238 3127 3238
f 3161 3238 3238
f 3238 3127 3127
f 3238 3127 3127
f 3238 3127 3238
f 3161 3238 3161
f 3238 3127 3238
f 3161 3238 3161
f 3238 3238 3161
f 3139 3239 3139
f 3239 3161 3239
f 3139 3239 3139
f 3239 3239 3139
f 3161 3238 3161
f 3238 3127 3238
f 3161 3238 3161
f 3238 3238 3161
f 3139 3239 3139
f 3239 3161 3239
f 3139 3239 3139
f 3239 3239 3139
f 3161 3161 3239
f 3161 3161 3239
f 3239 3239 3139
f 3161 3239 3239
f 3131 3290 3273
f 3290 3175 3292
f 3273 3292 3171
f 3290 3292 3273
f 3175 3291 3298
f 3291 3143 3296
f 3298 3296 3177
f 3291 3296 3298
f 3171 3297 3274
f 3297 3177 3295
f 3274 3295 3142
f 3297 3295 3274
f 3175 3298 3292
f 3298 3177 3297
f 3292 3297 3171
f 3298 3297 3292
f 3143 3294 3310
f 3294 3176 3312
f 3310 3312 3181
f 3294 3312 3310
f 3176 3293 3304
f 3293 3133 3302
f 3304 3302 3179
f 3293 3302 3304
f 3181 3314 3311
f 3314 3179 3303
f 3311 3303 3144
f 3314 3303 3311
f 3176 3304 3312
f 3304 3179 3314
f 3312 3314 3181
f 3304 3314 3312
f 3142 3305 3277
f 3305 3180 3307
f 3277 3307 3172
f 3305 3307 3277
f 3180 3306 3309
f 3306 3144 3300
f 3309 3300 3178
f 3306 3300 3309
f 3172 3301 3276
f 3301 3178 3299
f 3276 3299 3132
f 3301 3299 3276
f 3180 3309 3307
f 3309 3178 3301
f 3307 3301 3172
f 3309 3301 3307
f 3143 3310 3296
f 3310 3181 3313
f 3296 3313 3177
f 3310 3313 3296
f 3181 3311 3315
f 3311 3144 3306
f 3315 3306 3180
f 3311 3306 3315
f 3177 3308 3295
f 3308 3180 3305
f 3295 3305 3142
f 3308 3305 3295
f 3181 3315 3313
f 3315 3180 3308
f 3313 3308 3177
f 3315 3308 3313
f 3131 3273 3273
f 3273 3171 3171
f 3273 3171 3171
f 3273 3171 3273
f 3171 3274 3274
f 3274 3142 3142
f 3274 3142 3142
f 3274 3142 3274
f 3171 3274 3274
f 3274 3142 3142
f 3274 3142 3142
f 3274 3142 3274
f 3171 3274 3171
f 3274 3142 3274
f 3171 3274 3171
f 3274 3274 3171
f 3142 3277 3277
f 3277 3172 3172
f 3277 3172 3172
f 3277 3172 3277
f 3172 3276 3276
f 3276 3132 3132
f 3276 3132 3132
f 3276 3132 3276
f 3172 3276 3276
f 3276 3132 3132
f 3276 3132 3132
f 3276 3132 3276
f 3172 3276 3172
f 3276 3132 3276
f 3172 3276 3172
f 3276 3276 3172
f 3142 3277 3277
f 3277 3172 3172
f 3277 3172 3172
f 3277 3172 3277
f 3172 3276 3276
f 3276 3132 3132
f 3276 3132 3132
f 3276 3132 3276
f 3172 3276 3276
f 3276 3132 3132
f 3276 3132 3132
f 3276 3132 3276
f 3172 3276 3172
f 3276 3132 3276
f 3172 3276 3172
f 3276 3276 3172
f 3142 3277 3142
f 3277 3172 3277
f 3142 3277 3142
f 3277 3277 3142
f 3172 3276 3172
f 3276 3132 3276
f 3172 3276 3172
f 3276 3276 3172
f 3142 3277 3142
f 3277 3172 3277
f 3142 3277 3142
f 3277 3277 3142
f 3172 3172 3277
f 3172 3172 3277
f 3277 3277 3142
f 3172 3277 3277
f 3316 3371 3375
f 3371 3334 3377
f 3375 3377 3336
f 3371 3377 3375
f 3334 3372 3382
f 3372 3323 3380
f 3382 3380 3338
f 3372 3380 3382
f 3336 3383 3376
f 3383 3338 3381
f 3376 3381 3324
f 3383 3381 3376
f 3334 3382 3377
f 3382 3338 3383
f 3377 3383 3336
f 3382 3383 3377
f 3323 3374 3390
f 3374 3335 3392
f 3390 3392 3341
f 3374 3392 3390
f 3335 3373 3386
f 3373 3317 3384
f 3386 3384 3339
f 3373 3384 3386
f 3341 3394 3391
f 3394 3339 3385
f 3391 3385 3325
f 3394 3385 3391
f 3335 3386 3392
f 3386 3339 3394
f 3392 3394 3341
f 3386 3394 3392
f 3324 3395 3379
f 3395 3342 3397
f 3379 3397 3337
f 3395 3397 3379
f 3342 3396 3399
f 3396 3325 3388
f 3399 3388 3340
f 3396 3388 3399
f 3337 3389 3378
f 3389 3340 3387
f 3378 3387 3318
f 3389 3387 3378
f 3342 3399 3397
f 3399 3340 3389
f 3397 3389 3337
f 3399 3389 3397
f 3323 3390 3380
f 3390 3341 3393
f 3380 3393 3338
f 3390 3393 3380
f 3341 3391 3400
f 3391 3325 3396
f 3400 3396 3342
f 3391 3396 3400
f 3338 3398 3381
f 3398 3342 3395
f 3381 3395 3324
f 3398 3395 3381
f 3341 3400 3393
f 3400 3342 3398
f 3393 3398 3338
f 3400 3398 3393
f 3316 3375 3375
f 3375 3336 3336
f 3375 3336 3336
f 3375 3336 3375
f 3336 3376 3376
f 3376 3324 3324
f 3376 3324 3324
f 3376 3324 3376
f 3336 3376 3376
f 3376 3324 3324
f 3376 3324 3324
f 3376 3324 3376
f 3336 3376 3336
f 3376 3324 3376
f 3336 3376 3336
f 3376 3376 3336
f 3324 3379 3379
f 3379 3337 3337
f 3379 3337 3337
f 3379 3337 3379
f 3337 3378 3378
f 3378 3318 3318
f 3378 3318 3318
f 3378 3318 3378
f 3337 3378 3378
f 3378 3318 3318
f 3378 3318 3318
f 3378 3318 3378
f 3337 3378 3337
f 3378 3318 3378
f 3337 3378 3337
f 3378 3378 3337
f 3324 3379 3379
f 3379 3337 3337
f 3379 3337 3337
f 3379 3337 3379
f 3337 3378 3378
f 3378 3318 3318
f 3378 3318 3318
f 3378 3318 3378
f 3337 3378 3378
f 3378 3318 3318
f 3378 3318 3318
f 3378 3318 3378
f 3337 3378 3337
f 3378 3318 3378
f 3337 3378 3337
f 3378 3378 3337
f 3324 3379 3324
f 3379 3337 3379
f 3324 3379 3324
f 3379 3379 3324
f 3337 3378 3337
f 3378 3318 3378
f 3337 3378 3337
f 3378 3378 3337
f 3324 3379 3324
f 3379 3337 3379
f 3324 3379 3324
f 3379 3379 3324
f 3337 3337 3379
f 3337 3337 3379
f 3379 3379 3324
f 3337 3379 3379
f 3319 3404 3413
f 3404 3344 3415
f 3413 3415 3347
f 3404 3415 3413
f 3344 3405 3423
f 3405 3326 3421
f 3423 3421 3349
f 3405 3421 3423
f 3347 3425 3414
f 3425 3349 3422
f 3414 3422 3327
f 3425 3422 3414
f 3344 3423 3415
f 3423 3349 3425
f 3415 3425 3347
f 3423 3425 3415
f 3326 3402 3407
f 3402 3343 3409
f 3407 3409 3345
f 3402 3409 3407
f 3343 3401 3403
f 3401 3316 3375
f 3403 3375 3336
f 3401 3375 3403
f 3345 3408 3406
f 3408 3336 3376
f 3406 3376 3324
f 3408 3376 3406
f 3343 3403 3409
f 3403 3336 3408
f 3409 3408 3345
f 3403 3408 3409
f 3327 3417 3411
f 3417 3348 3420
f 3411 3420 3346
f 3417 3420 3411
f 3348 3416 3418
f 3416 3324 3379
f 3418 3379 3337
f 3416 3379 3418
f 3346 3412 3410
f 3412 3337 3378
f 3410 3378 3318
f 3412 3378 3410
f 3348 3418 3420
f 3418 3337 3412
f 3420 3412 3346
f 3418 3412 3420
f 3326 3407 3421
f 3407 3345 3424
f 3421 3424 3349
f 3407 3424 3421
f 3345 3406 3419
f 3406 3324 3416
f 3419 3416 3348
f 3406 3416 3419
f 3349 3426 3422
f 3426 3348 3417
f 3422 3417 3327
f 3426 3417 3422
f 3345 3419 3424
f 3419 3348 3426
f 3424 3426 3349
f 3419 3426 3424
f 3319 3413 3413
f 3413 3347 3347
f 3413 3347 3347
f 3413 3347 3413
f 3347 3414 3414
f 3414 3327 3327
f 3414 3327 3327
f 3414 3327 3414
f 3347 3414 3414
f 3414 3327 3327
f 3414 3327 3327
f 3414 3327 3414
f 3347 3414 3347
f 3414 3327 3414
f 3347 3414 3347
f 3414 3414 3347
f 3327 3411 3411
f 3411 3346 3346
f 3411 3346 3346
f 3411 3346 3411
f 3346 3410 3410
f 3410 3318 3318
f 3410 3318 3318
f 3410 3318 3410
f 3346 3410 3410
f 3410 3318 3318
f 3410 3318 3318
f 3410 3318 3410
f 3346 3410 3346
f 3410 3318 3410
f 3346 3410 3346
f 3410 3410 3346
f 3327 3411 3411
f 3411 3346 3346
f 3411 3346 3346
f 3411 3346 3411
f 3346 3410 3410
f 3410 3318 3318
f 3410 3318 3318
f 3410 3318 3410
f 3346 3410 3410
f 3410 3318 3318
f 3410 3318 3318
f 3410 3318 3410
f 3346 3410 3346
f 3410 3318 3410
f 3346 3410 3346
f 3410 3410 3346
f 3327 3411 3327
f 3411 3346 3411
f 3327 3411 3327
f 3411 3411 3327
f 3346 3410 3346
f 3410 3318 3410
f 3346 3410 3346
f 3410 3410 3346
f 3327 3411 3327
f 3411 3346 3411
f 3327 3411 3327
f 3411 3411 3327
f 3346 3346 3411
f 3346 3346 3411
f 3411 3411 3327
f 3346 3411 3411
f 3317 3373 3436
f 3373 3335 3438
f 3436 3438 3353
f 3373 3438 3436
f 3335 3374 3444
f 3374 3323 3442
f 3444 3442 3355
f 3374 3442 3444
f 3353 3446 3437
f 3446 3355 3443
f 3437 3443 3329
f 3446 3443 3437
f 3335 3444 3438
f 3444 3355 3446
f 3438 3446 3353
f 3444 3446 3438
f 3323 3372 3432
f 3372 3334 3434
f 3432 3434 3352
f 3372 3434 3432
f 3334 3371 3429
f 3371 3316 3427
f 3429 3427 3350
f 3371 3427 3429
f 3352 3435 3433
f 3435 3350 3428
f 3433 3428 3328
f 3435 3428 3433
f 3334 3429 3434
f 3429 3350 3435
f 3434 3435 3352
f 3429 3435 3434
f 3329 3448 3440
f 3448 3356 3451
f 3440 3451 3354
f 3448 3451 3440
f 3356 3447 3449
f 3447 3328 3431
f 3449 3431 3351
f 3447 3431 3449
f 3354 3441 3439
f 3441 3351 3430
f 3439 3430 3320
f 3441 3430 3439
f 3356 3449 3451
f 3449 3351 3441
f 3451 3441 3354
f 3449 3441 3451
f 3323 3432 3442
f 3432 3352 3445
f 3442 3445 3355
f 3432 3445 3442
f 3352 3433 3450
f 3433 3328 3447
f 3450 3447 3356
f 3433 3447 3450
f 3355 3452 3443
f 3452 3356 3448
f 3443 3448 3329
f 3452 3448 3443
f 3352 3450 3445
f 3450 3356 3452
f 3445 3452 3355
f 3450 3452 3445
f 3317 3436 3436
f 3436 3353 3353
f 3436 3353 3353
f 3436 3353 3436
f 3353 3437 3437
f 3437 3329 3329
f 3437 3329 3329
f 3437 3329 3437
f 3353 3437 3437
f 3437 3329 3329
f 3437 3329 3329
f 3437 3329 3437
f 3353 3437 3353
f 3437 3329 3437
f 3353 3437 3353
f 3437 3437 3353
f 3329 3440 3440
f 3440 3354 3354
f 3440 3354 3354
f 3440 3354 3440
f 3354 3439 3439
f 3439 3320 3320
f 3439 3320 3320
f 3439 3320 3439
f 3354 3439 3439
f 3439 3320 3320
f 3439 3320 3320
f 3439 3320 3439
f 3354 3439 3354
f 3439 3320 3439
f 3354 3439 3354
f 3439 3439 3354
f 3329 3440 3440
f 3440 3354 3354
f 3440 3354 3354
f 3440 3354 3440
f 3354 3439 3439
f 3439 3320 3320
f 3439 3320 3320
f 3439 3320 3439
f 3354 3439 3439
f 3439 3320 3320
f 3439 3320 3320
f 3439 3320 3439
f 3354 3439 3354
f 3439 3320 3439
f 3354 3439 3354
f 3439 3439 3354
f 3329 3440 3329
f 3440 3354 3440
f 3329 3440 3329
f 3440 3440 3329
f 3354 3439 3354
f 3439 3320 3439
f 3354 3439 3354
f 3439 3439 3354
f 3329 3440 3329
f 3440 3354 3440
f 3329 3440 3329
f 3440 3440 3329
f 3354 3354 3440
f 3354 3354 3440
f 3440 3440 3329
f 3354 3440 3440
f 3316 3453 3427
f 3453 3357 3455
f 3427 3455 3350
f 3453 3455 3427
f 3357 3454 3461
f 3454 3330 3459
f 3461 3459 3359
f 3454 3459 3461
f 3350 3460 3428
f 3460 3359 3458
f 3428 3458 3328
f 3460 3458 3428
f 3357 3461 3455
f 3461 3359 3460
f 3455 3460 3350
f 3461 3460 3455
f 3330 3457 3473
f 3457 3358 3475
f 3473 3475 3363
f 3457 3475 3473
f 3358 3456 3467
f 3456 3321 3465
f 3467 3465 3361
f 3456 3465 3467
f 3363 3477 3474
f 3477 3361 3466
f 3474 3466 3331
f 3477 3466 3474
f 3358 3467 3475
f 3467 3361 3477
f 3475 3477 3363
f 3467 3477 3475
f 3328 3468 3431
f 3468 3362 3470
f 3431 3470 3351
f 3468 3470 3431
f 3362 3469 3472
f 3469 3331 3463
f 3472 3463 3360
f 3469 3463 3472
f 3351 3464 3430
f 3464 3360 3462
f 3430 3462 3320
f 3464 3462 3430
f 3362 3472 3470
f 3472 3360 3464
f 3470 3464 3351
f 3472 3464 3470
f 3330 3473 3459
f 3473 3363 3476
f 3459 3476 3359
f 3473 3476 3459
f 3363 3474 3478
f 3474 3331 3469
f 3478 3469 3362
f 3474 3469 3478
f 3359 3471 3458
f 3471 3362 3468
f 3458 3468 3328
f 3471 3468 3458
f 3363 3478 3476
f 3478 3362 3471
f 3476 3471 3359
f 3478 3471 3476
f 3316 3427 3427
f 3427 3350 3350
f 3427 3350 3350
f 3427 3350 3427
f 3350 3428 3428
f 3428 3328 3328
f 3428 3328 3328
f 3428 3328 3428
f 3350 3428 3428
f 3428 3328 3328
f 3428 3328 3328
f 3428 3328 3428
f 3350 3428 3350
f 3428 3328 3428
f 3350 3428 3350
f 3428 3428 3350
f 3328 3431 3431
f 3431 3351 3351
f 3431 3351 3351
f 3431 3351 3431
f 3351 3430 3430
f 3430 3320 3320
f 3430 3320 3320
f 3430 3320 3430
f 3351 3430 3430
f 3430 3320 3320
f 3430 3320 3320
f 3430 3320 3430
f 3351 3430 3351
f 3430 3320 3430
f 3351 3430 3351
f 3430 3430 3351
f 3328 3431 3431
f 3431 3351 3351
f 3431 3351 3351
f 3431 3351 3431
f 3351 3430 3430
f 3430 3320 3320
f 3430 3320 3320
f 3430 3320 3430
f 3351 3430 3430
f 3430 3320 3320
f 3430 3320 3320
f 3430 3320 3430
f 3351 3430 3351
f 3430 3320 3430
f 3351 3430 3351
f 3430 3430 3351
f 3328 3431 3328
f 3431 3351 3431
f 3328 3431 3328
f 3431 3431 3328
f 3351 3430 3351
f 3430 3320 3430
f 3351 3430 3351
f 3430 3430 3351
f 3328 3431 3328
f 3431 3351 3431
f 3328 3431 3328
f 3431 3431 3328
f 3351 3351 3431
f 3351 3351 3431
f 3431 3431 3328
f 3351 3431 3431
f 3322 3491 3482
f 3491 3368 3493
f 3482 3493 3365
f 3491 3493 3482
f 3368 3492 3503
f 3492 3333 3500
f 3503 3500 3370
f 3492 3500 3503
f 3365 3501 3483
f 3501 3370 3499
f 3483 3499 3332
f 3501 3499 3483
f 3368 3503 3493
f 3503 3370 3501
f 3493 3501 3365
f 3503 3501 3493
f 3333 3489 3495
f 3489 3367 3498
f 3495 3498 3369
f 3489 3498 3495
f 3367 3488 3490
f 3488 3321 3456
f 3490 3456 3358
f 3488 3456 3490
f 3369 3496 3494
f 3496 3358 3457
f 3494 3457 3330
f 3496 3457 3494
f 3367 3490 3498
f 3490 3358 3496
f 3498 3496 3369
f 3490 3496 3498
f 3332 3485 3480
f 3485 3366 3487
f 3480 3487 3364
f 3485 3487 3480
f 3366 3484 3486
f 3484 3330 3454
f 3486 3454 3357
f 3484 3454 3486
f 3364 3481 3479
f 3481 3357 3453
f 3479 3453 3316
f 3481 3453 3479
f 3366 3486 3487
f 3486 3357 3481
f 3487 3481 3364
f 3486 3481 3487
f 3333 3495 3500
f 3495 3369 3504
f 3500 3504 3370
f 3495 3504 3500
f 3369 3494 3497
f 3494 3330 3484
f 3497 3484 3366
f 3494 3484 3497
f 3370 3502 3499
f 3502 3366 3485
f 3499 3485 3332
f 3502 3485 3499
f 3369 3497 3504
f 3497 3366 3502
f 3504 3502 3370
f 3497 3502 3504
f 3322 3482 3482
f 3482 3365 3365
f 3482 3365 3365
f 3482 3365 3482
f 3365 3483 3483
f 3483 3332 3332
f 3483 3332 3332
f 3483 3332 3483
f 3365 3483 3483
f 3483 3332 3332
f 3483 3332 3332
f 3483 3332 3483
f 3365 3483 3365
f 3483 3332 3483
f 3365 3483 3365
f 3483 3483 3365
f 3332 3480 3480
f 3480 3364 3364
f 3480 3364 3364
f 3480 3364 3480
f 3364 3479 3479
f 3479 3316 3316
f 3479 3316 3316
f 3479 3316 3479
f 3364 3479 3479
f 3479 3316 3316
f 3479 3316 3316
f 3479 3316 3479
f 3364 3479 3364
f 3479 3316 3479
f 3364 3479 3364
f 3479 3479 3364
f 3332 3480 3480
f 3480 3364 3364
f 3480 3364 3364
f 3480 3364 3480
f 3364 3479 3479
f 3479 3316 3316
f 3479 3316 3316
f 3479 3316 3479
f 3364 3479 3479
f 3479 3316 3316
f 3479 3316 3316
f 3479 3316 3479
f 3364 3479 3364
f 3479 3316 3479
f 3364 3479 3364
f 3479 3479 3364
f 3332 3480 3332
f 3480 3364 3480
f 3332 3480 3332
f 3480 3480 3332
f 3364 3479 3364
f 3479 3316 3479
f 3364 3479 3364
f 3479 3479 3364
f 3332 3480 3332
f 3480 3364 3480
f 3332 3480 3332
f 3480 3480 3332
f 3364 3364 3480
f 3364 3364 3480
f 3480 3480 3332
f 3364 3480 3480
f 3319 3541 3545
f 3541 3515 3547
f 3545 3547 3517
f 3541 3547 3545
f 3515 3542 3552
f 3542 3508 3550
f 3552 3550 3519
f 3542 3550 3552
f 3517 3553 3546
f 3553 3519 3551
f 3546 3551 3509
f 3553 3551 3546
f 3515 3552 3547
f 3552 3519 3553
f 3547 3553 3517
f 3552 3553 3547
f 3508 3544 3560
f 3544 3516 3562
f 3560 3562 3522
f 3544 3562 3560
f 3516 3543 3556
f 3543 3505 3554
f 3556 3554 3520
f 3543 3554 3556
f 3522 3564 3561
f 3564 3520 3555
f 3561 3555 3510
f 3564 3555 3561
f 3516 3556 3562
f 3556 3520 3564
f 3562 3564 3522
f 3556 3564 3562
f 3509 3565 3549
f 3565 3523 3567
f 3549 3567 3518
f 3565 3567 3549
f 3523 3566 3569
f 3566 3510 3558
f 3569 3558 3521
f 3566 3558 3569
f 3518 3559 3548
f 3559 3521 3557
f 3548 3557 3506
f 3559 3557 3548
f 3523 3569 3567
f 3569 3521 3559
f 3567 3559 3518
f 3569 3559 3567
f 3508 3560 3550
f 3560 3522 3563
f 3550 3563 3519
f 3560 3563 3550
f 3522 3561 3570
f 3561 3510 3566
f 3570 3566 3523
f 3561 3566 3570
f 3519 3568 3551
f 3568 3523 3565
f 3551 3565 3509
f 3568 3565 3551
f 3522 3570 3563
f 3570 3523 3568
f 3563 3568 3519
f 3570 3568 3563
f 3319 3545 3545
f 3545 3517 3517
f 3545 3517 3517
f 3545 3517 3545
f 3517 3546 3546
f 3546 3509 3509
f 3546 3509 3509
f 3546 3509 3546
f 3517 3546 3546
f 3546 3509 3509
f 3546 3509 3509
f 3546 3509 3546
f 3517 3546 3517
f 3546 3509 3546
f 3517 3546 3517
f 3546 3546 3517
f 3509 3549 3549
f 3549 3518 3518
f 3549 3518 3518
f 3549 3518 3549
f 3518 3548 3548
f 3548 3506 3506
f 3548 3506 3506
f 3548 3506 3548
f 3518 3548 3548
f 3548 3506 3506
f 3548 3506 3506
f 3548 3506 3548
f 3518 3548 3518
f 3548 3506 3548
f 3518 3548 3518
f 3548 3548 3518
f 3509 3549 3549
f 3549 3518 3518
f 3549 3518 3518
f 3549 3518 3549
f 3518 3548 3548
f 3548 3506 3506
f 3548 3506 3506
f 3548 3506 3548
f 3518 3548 3548
f 3548 3506 3506
f 3548 3506 3506
f 3548 3506 3548
f 3518 3548 3518
f 3548 3506 3548
f 3518 3548 3518
f 3548 3548 3518
f 3509 3549 3509
f 3549 3518 3549
f 3509 3549 3509
f 3549 3549 3509
f 3518 3548 3518
f 3548 3506 3548
f 3518 3548 3518
f 3548 3548 3518
f 3509 3549 3509
f 3549 3518 3549
f 3509 3549 3509
f 3549 3549 3509
f 3518 3518 3549
f 3518 3518 3549
f 3549 3549 3509
f 3518 3549 3549
f 3319 3571 3404
f 3571 3524 3597
f 3404 3597 3344
f 3571 3597 3404
f 3524 3572 3600
f 3572 3511 3598
f 3600 3598 3531
f 3572 3598 3600
f 3344 3601 3405
f 3601 3531 3599
f 3405 3599 3326
f 3601 3599 3405
f 3524 3600 3597
f 3600 3531 3601
f 3597 3601 3344
f 3600 3601 3597
f 3511 3575 3608
f 3575 3525 3610
f 3608 3610 3534
f 3575 3610 3608
f 3525 3574 3604
f 3574 3507 3602
f 3604 3602 3532
f 3574 3602 3604
f 3534 3612 3609
f 3612 3532 3603
f 3609 3603 3513
f 3612 3603 3609
f 3525 3604 3610
f 3604 3532 3612
f 3610 3612 3534
f 3604 3612 3610
f 3326 3613 3402
f 3613 3535 3615
f 3402 3615 3343
f 3613 3615 3402
f 3535 3614 3617
f 3614 3513 3606
f 3617 3606 3533
f 3614 3606 3617
f 3343 3607 3401
f 3607 3533 3605
f 3401 3605 3316
f 3607 3605 3401
f 3535 3617 3615
f 3617 3533 3607
f 3615 3607 3343
f 3617 3607 3615
f 3511 3608 3598
f 3608 3534 3611
f 3598 3611 3531
f 3608 3611 3598
f 3534 3609 3618
f 3609 3513 3614
f 3618 3614 3535
f 3609 3614 3618
f 3531 3616 3599
f 3616 3535 3613
f 3599 3613 3326
f 3616 3613 3599
f 3534 3618 3611
f 3618 3535 3616
f 3611 3616 3531
f 3618 3616 3611
f 3319 3404 3404
f 3404 3344 3344
f 3404 3344 3344
f 3404 3344 3404
f 3344 3405 3405
f 3405 3326 3326
f 3405 3326 3326
f 3405 3326 3405
f 3344 3405 3405
f 3405 3326 3326
f 3405 3326 3326
f 3405 3326 3405
f 3344 3405 3344
f 3405 3326 3405
f 3344 3405 3344
f 3405 3405 3344
f 3326 3402 3402
f 3402 3343 3343
f 3402 3343 3343
f 3402 3343 3402
f 3343 3401 3401
f 3401 3316 3316
f 3401 3316 3316
f 3401 3316 3401
f 3343 3401 3401
f 3401 3316 3316
f 3401 3316 3316
f 3401 3316 3401
f 3343 3401 3343
f 3401 3316 3401
f 3343 3401 3343
f 3401 3401 3343
f 3326 3402 3402
f 3402 3343 3343
f 3402 3343 3343
f 3402 3343 3402
f 3343 3401 3401
f 3401 3316 3316
f 3401 3316 3316
f 3401 3316 3401
f 3343 3401 3401
f 3401 3316 3316
f 3401 3316 3316
f 3401 3316 3401
f 3343 3401 3343
f 3401 3316 3401
f 3343 3401 3343
f 3401 3401 3343
f 3326 3402 3326
f 3402 3343 3402
f 3326 3402 3326
f 3402 3402 3326
f 3343 3401 3343
f 3401 3316 3401
f 3343 3401 3343
f 3401 3401 3343
f 3326 3402 3326
f 3402 3343 3402
f 3326 3402 3326
f 3402 3402 3326
f 3343 3343 3402
f 3343 3343 3402
f 3402 3402 3326
f 3343 3402 3402
f 3507 3619 3602
f 3619 3536 3621
f 3602 3621 3532
f 3619 3621 3602
f 3536 3620 3627
f 3620 3514 3625
f 3627 3625 3538
f 3620 3625 3627
f 3532 3626 3603
f 3626 3538 3624
f 3603 3624 3513
f 3626 3624 3603
f 3536 3627 3621
f 3627 3538 3626
f 3621 3626 3532
f 3627 3626 3621
f 3514 3623 3635
f 3623 3537 3637
f 3635 3637 3540
f 3623 3637 3635
f 3537 3622 3629
f 3622 3322 3482
f 3629 3482 3365
f 3622 3482 3629
f 3540 3639 3636
f 3639 3365 3483
f 3636 3483 3332
f 3639 3483 3636
f 3537 3629 3637
f 3629 3365 3639
f 3637 3639 3540
f 3629 3639 3637
f 3513 3630 3606
f 3630 3539 3632
f 3606 3632 3533
f 3630 3632 3606
f 3539 3631 3634
f 3631 3332 3480
f 3634 3480 3364
f 3631 3480 3634
f 3533 3628 3605
f 3628 3364 3479
f 3605 3479 3316
f 3628 3479 3605
f 3539 3634 3632
f 3634 3364 3628
f 3632 3628 3533
f 3634 3628 3632
f 3514 3635 3625
f 3635 3540 3638
f 3625 3638 3538
f 3635 3638 3625
f 3540 3636 3640
f 3636 3332 3631
f 3640 3631 3539
f 3636 3631 3640
f 3538 3633 3624
f 3633 3539 3630
f 3624 3630 3513
f 3633 3630 3624
f 3540 3640 3638
f 3640 3539 3633
f 3638 3633 3538
f 3640 3633 3638
f 3507 3602 3602
f 3602 3532 3532
f 3602 3532 3532
f 3602 3532 3602
f 3532 3603 3603
f 3603 3513 3513
f 3603 3513 3513
f 3603 3513 3603
f 3532 3603 3603
f 3603 3513 3513
f 3603 3513 3513
f 3603 3513 3603
f 3532 3603 3532
f 3603 3513 3603
f 3532 3603 3532
f 3603 3603 3532
f 3513 3606 3606
f 3606 3533 3533
f 3606 3533 3533
f 3606 3533 3606
f 3533 3605 3605
f 3605 3316 3316
f 3605 3316 3316
f 3605 3316 3605
f 3533 3605 3605
f 3605 3316 3316
f 3605 3316 3316
f 3605 3316 3605
f 3533 3605 3533
f 3605 3316 3605
f 3533 3605 3533
f 3605 3605 3533
f 3513 3606 3606
f 3606 3533 3533
f 3606 3533 3533
f 3606 3533 3606
f 3533 3605 3605
f 3605 3316 3316
f 3605 3316 3316
f 3605 3316 3605
f 3533 3605 3605
f 3605 3316 3316
f 3605 3316 3316
f 3605 3316 3605
f 3533 3605 3533
f 3605 3316 3605
f 3533 3605 3533
f 3605 3605 3533
f 3513 3606 3513
f 3606 3533 3606
f 3513 3606 3513
f 3606 3606 3513
f 3533 3605 3533
f 3605 3316 3605
f 3533 3605 3533
f 3605 3605 3533
f 3513 3606 3513
f 3606 3533 3606
f 3513 3606 3513
f 3606 3606 3513
f 3533 3533 3606
f 3533 3533 3606
f 3606 3606 3513
f 3533 3606 3606
f 3506 3580 3548
f 3580 3527 3582
f 3548 3582 3518
f 3580 3582 3548
f 3527 3581 3590
f 3581 3512 3587
f 3590 3587 3529
f 3581 3587 3590
f 3518 3588 3549
f 3588 3529 3586
f 3549 3586 3509
f 3588 3586 3549
f 3527 3590 3582
f 3590 3529 3588
f 3582 3588 3518
f 3590 3588 3582
f 3512 3584 3592
f 3584 3528 3595
f 3592 3595 3530
f 3584 3595 3592
f 3528 3583 3585
f 3583 3507 3574
f 3585 3574 3525
f 3583 3574 3585
f 3530 3593 3591
f 3593 3525 3575
f 3591 3575 3511
f 3593 3575 3591
f 3528 3585 3595
f 3585 3525 3593
f 3595 3593 3530
f 3585 3593 3595
f 3509 3576 3546
f 3576 3526 3578
f 3546 3578 3517
f 3576 3578 3546
f 3526 3577 3579
f 3577 3511 3572
f 3579 3572 3524
f 3577 3572 3579
f 3517 3573 3545
f 3573 3524 3571
f 3545 3571 3319
f 3573 3571 3545
f 3526 3579 3578
f 3579 3524 3573
f 3578 3573 3517
f 3579 3573 3578
f 3512 3592 3587
f 3592 3530 3596
f 3587 3596 3529
f 3592 3596 3587
f 3530 3591 3594
f 3591 3511 3577
f 3594 3577 3526
f 3591 3577 3594
f 3529 3589 3586
f 3589 3526 3576
f 3586 3576 3509
f 3589 3576 3586
f 3530 3594 3596
f 3594 3526 3589
f 3596 3589 3529
f 3594 3589 3596
f 3506 3548 3548
f 3548 3518 3518
f 3548 3518 3518
f 3548 3518 3548
f 3518 3549 3549
f 3549 3509 3509
f 3549 3509 3509
f 3549 3509 3549
f 3518 3549 3549
f 3549 3509 3509
f 3549 3509 3509
f 3549 3509 3549
f 3518 3549 3518
f 3549 3509 3549
f 3518 3549 3518
f 3549 3549 3518
f 3509 3546 3546
f 3546 3517 3517
f 3546 3517 3517
f 3546 3517 3546
f 3517 3545 3545
f 3545 3319 3319
f 3545 3319 3319
f 3545 3319 3545
f 3517 3545 3545
f 3545 3319 3319
f 3545 3319 3319
f 3545 3319 3545
f 3517 3545 3517
f 3545 3319 3545
f 3517 3545 3517
f 3545 3545 3517
f 3509 3546 3546
f 3546 3517 3517
f 3546 3517 3517
f 3546 3517 3546
f 3517 3545 3545
f 3545 3319 3319
f 3545 3319 3319
f 3545 3319 3545
f 3517 3545 3545
f 3545 3319 3319
f 3545 3319 3319
f 3545 3319 3545
f 3517 3545 3517
f 3545 3319 3545
f 3517 3545 3517
f 3545 3545 3517
f 3509 3546 3509
f 3546 3517 3546
f 3509 3546 3509
f 3546 3546 3509
f 3517 3545 3517
f 3545 3319 3545
f 3517 3545 3517
f 3545 3545 3517
f 3509 3546 3509
f 3546 3517 3546
f 3509 3546 3509
f 3546 3546 3509
f 3517 3517 3546
f 3517 3517 3546
f 3546 3546 3509
f 3517 3546 3546
f 3641 3687 3691
f 3687 3654 3693
f 3691 3693 3656
f 3687 3693 3691
f 3654 3688 3698
f 3688 3645 3696
f 3698 3696 3658
f 3688 3696 3698
f 3656 3699 3692
f 3699 3658 3697
f 3692 3697 3646
f 3699 3697 3692
f 3654 3698 3693
f 3698 3658 3699
f 3693 3699 3656
f 3698 3699 3693
f 3645 3690 3706
f 3690 3655 3708
f 3706 3708 3661
f 3690 3708 3706
f 3655 3689 3702
f 3689 3318 3700
f 3702 3700 3659
f 3689 3700 3702
f 3661 3710 3707
f 3710 3659 3701
f 3707 3701 3647
f 3710 3701 3707
f 3655 3702 3708
f 3702 3659 3710
f 3708 3710 3661
f 3702 3710 3708
f 3646 3711 3695
f 3711 3662 3713
f 3695 3713 3657
f 3711 3713 3695
f 3662 3712 3715
f 3712 3647 3704
f 3715 3704 3660
f 3712 3704 3715
f 3657 3705 3694
f 3705 3660 3703
f 3694 3703 3642
f 3705 3703 3694
f 3662 3715 3713
f 3715 3660 3705
f 3713 3705 3657
f 3715 3705 3713
f 3645 3706 3696
f 3706 3661 3709
f 3696 3709 3658
f 3706 3709 3696
f 3661 3707 3716
f 3707 3647 3712
f 3716 3712 3662
f 3707 3712 3716
f 3658 3714 3697
f 3714 3662 3711
f 3697 3711 3646
f 3714 3711 3697
f 3661 3716 3709
f 3716 3662 3714
f 3709 3714 3658
f 3716 3714 3709
f 3641 3691 3691
f 3691 3656 3656
f 3691 3656 3656
f 3691 3656 3691
f 3656 3692 3692
f 3692 3646 3646
f 3692 3646 3646
f 3692 3646 3692
f 3656 3692 3692
f 3692 3646 3646
f 3692 3646 3646
f 3692 3646 3692
f 3656 3692 3656
f 3692 3646 3692
f 3656 3692 3656
f 3692 3692 3656
f 3646 3695 3695
f 3695 3657 3657
f 3695 3657 3657
f 3695 3657 3695
f 3657 3694 3694
f 3694 3642 3642
f 3694 3642 3642
f 3694 3642 3694
f 3657 3694 3694
f 3694 3642 3642
f 3694 3642 3642
f 3694 3642 3694
f 3657 3694 3657
f 3694 3642 3694
f 3657 3694 3657
f 3694 3694 3657
f 3646 3695 3695
f 3695 3657 3657
f 3695 3657 3657
f 3695 3657 3695
f 3657 3694 3694
f 3694 3642 3642
f 3694 3642 3642
f 3694 3642 3694
f 3657 3694 3694
f 3694 3642 3642
f 3694 3642 3642
f 3694 3642 3694
f 3657 3694 3657
f 3694 3642 3694
f 3657 3694 3657
f 3694 3694 3657
f 3646 3695 3646
f 3695 3657 3695
f 3646 3695 3646
f 3695 3695 3646
f 3657 3694 3657
f 3694 3642 3694
f 3657 3694 3657
f 3694 3694 3657
f 3646 3695 3646
f 3695 3657 3695
f 3646 3695 3646
f 3695 3695 3646
f 3657 3657 3695
f 3657 3657 3695
f 3695 3695 3646
f 3657 3695 3695
f 3642 3703 3722
f 3703 3660 3724
f 3722 3724 3664
f 3703 3724 3722
f 3660 3704 3730
f 3704 3647 3728
f 3730 3728 3666
f 3704 3728 3730
f 3664 3732 3723
f 3732 3666 3729
f 3723 3729 3648
f 3732 3729 3723
f 3660 3730 3724
f 3730 3666 3732
f 3724 3732 3664
f 3730 3732 3724
f 3647 3701 3718
f 3701 3659 3720
f 3718 3720 3663
f 3701 3720 3718
f 3659 3700 3717
f 3700 3318 3387
f 3717 3387 3340
f 3700 3387 3717
f 3663 3721 3719
f 3721 3340 3388
f 3719 3388 3325
f 3721 3388 3719
f 3659 3717 3720
f 3717 3340 3721
f 3720 3721 3663
f 3717 3721 3720
f 3648 3734 3726
f 3734 3667 3737
f 3726 3737 3665
f 3734 3737 3726
f 3667 3733 3735
f 3733 3325 3385
f 3735 3385 3339
f 3733 3385 3735
f 3665 3727 3725
f 3727 3339 3384
f 3725 3384 3317
f 3727 3384 3725
f 3667 3735 3737
f 3735 3339 3727
f 3737 3727 3665
f 3735 3727 3737
f 3647 3718 3728
f 3718 3663 3731
f 3728 3731 3666
f 3718 3731 3728
f 3663 3719 3736
f 3719 3325 3733
f 3736 3733 3667
f 3719 3733 3736
f 3666 3738 3729
f 3738 3667 3734
f 3729 3734 3648
f 3738 3734 3729
f 3663 3736 3731
f 3736 3667 3738
f 3731 3738 3666
f 3736 3738 3731
f 3642 3722 3722
f 3722 3664 3664
f 3722 3664 3664
f 3722 3664 3722
f 3664 3723 3723
f 3723 3648 3648
f 3723 3648 3648
f 3723 3648 3723
f 3664 3723 3723
f 3723 3648 3648
f 3723 3648 3648
f 3723 3648 3723
f 3664 3723 3664
f 3723 3648 3723
f 3664 3723 3664
f 3723 3723 3664
f 3648 3726 3726
f 3726 3665 3665
f 3726 3665 3665
f 3726 3665 3726
f 3665 3725 3725
f 3725 3317 3317
f 3725 3317 3317
f 3725 3317 3725
f 3665 3725 3725
f 3725 3317 3317
f 3725 3317 3317
f 3725 3317 3725
f 3665 3725 3665
f 3725 3317 3725
f 3665 3725 3665
f 3725 3725 3665
f 3648 3726 3726
f 3726 3665 3665
f 3726 3665 3665
f 3726 3665 3726
f 3665 3725 3725
f 3725 3317 3317
f 3725 3317 3317
f 3725 3317 3725
f 3665 3725 3725
f 3725 3317 3317
f 3725 3317 3317
f 3725 3317 3725
f 3665 3725 3665
f 3725 3317 3725
f 3665 3725 3665
f 3725 3725 3665
f 3648 3726 3648
f 3726 3665 3726
f 3648 3726 3648
f 3726 3726 3648
f 3665 3725 3665
f 3725 3317 3725
f 3665 3725 3665
f 3725 3725 3665
f 3648 3726 3648
f 3726 3665 3726
f 3648 3726 3648
f 3726 3726 3648
f 3665 3665 3726
f 3665 3665 3726
f 3726 3726 3648
f 3665 3726 3726
f 3643 3751 3774
f 3751 3672 3776
f 3774 3776 3678
f 3751 3776 3774
f 3672 3752 3782
f 3752 3650 3780
f 3782 3780 3680
f 3752 3780 3782
f 3678 3784 3775
f 3784 3680 3781
f 3775 3781 3652
f 3784 3781 3775
f 3672 3782 3776
f 3782 3680 3784
f 3776 3784 3678
f 3782 3784 3776
f 3650 3749 3770
f 3749 3671 3772
f 3770 3772 3677
f 3749 3772 3770
f 3671 3748 3767
f 3748 3317 3765
f 3767 3765 3675
f 3748 3765 3767
f 3677 3773 3771
f 3773 3675 3766
f 3771 3766 3651
f 3773 3766 3771
f 3671 3767 3772
f 3767 3675 3773
f 3772 3773 3677
f 3767 3773 3772
f 3652 3786 3778
f 3786 3681 3789
f 3778 3789 3679
f 3786 3789 3778
f 3681 3785 3787
f 3785 3651 3769
f 3787 3769 3676
f 3785 3769 3787
f 3679 3779 3777
f 3779 3676 3768
f 3777 3768 3644
f 3779 3768 3777
f 3681 3787 3789
f 3787 3676 3779
f 3789 3779 3679
f 3787 3779 3789
f 3650 3770 3780
f 3770 3677 3783
f 3780 3783 3680
f 3770 3783 3780
f 3677 3771 3788
f 3771 3651 3785
f 3788 3785 3681
f 3771 3785 3788
f 3680 3790 3781
f 3790 3681 3786
f 3781 3786 3652
f 3790 3786 3781
f 3677 3788 3783
f 3788 3681 3790
f 3783 3790 3680
f 3788 3790 3783
f 3643 3774 3774
f 3774 3678 3678
f 3774 3678 3678
f 3774 3678 3774
f 3678 3775 3775
f 3775 3652 3652
f 3775 3652 3652
f 3775 3652 3775
f 3678 3775 3775
f 3775 3652 3652
f 3775 3652 3652
f 3775 3652 3775
f 3678 3775 3678
f 3775 3652 3775
f 3678 3775 3678
f 3775 3775 3678
f 3652 3778 3778
f 3778 3679 3679
f 3778 3679 3679
f 3778 3679 3778
f 3679 3777 3777
f 3777 3644 3644
f 3777 3644 3644
f 3777 3644 3777
f 3679 3777 3777
f 3777 3644 3644
f 3777 3644 3644
f 3777 3644 3777
f 3679 3777 3679
f 3777 3644 3777
f 3679 3777 3679
f 3777 3777 3679
f 3652 3778 3778
f 3778 3679 3679
f 3778 3679 3679
f 3778 3679 3778
f 3679 3777 3777
f 3777 3644 3644
f 3777 3644 3644
f 3777 3644 3777
f 3679 3777 3777
f 3777 3644 3644
f 3777 3644 3644
f 3777 3644 3777
f 3679 3777 3679
f 3777 3644 3777
f 3679 3777 3679
f 3777 3777 3679
f 3652 3778 3652
f 3778 3679 3778
f 3652 3778 3652
f 3778 3778 3652
f 3679 3777 3679
f 3777 3644 3777
f 3679 3777 3679
f 3777 3777 3679
f 3652 3778 3652
f 3778 3679 3778
f 3652 3778 3652
f 3778 3778 3652
f 3679 3679 3778
f 3679 3679 3778
f 3778 3778 3652
f 3679 3778 3778
f 3317 3748 3725
f 3748 3671 3750
f 3725 3750 3665
f 3748 3750 3725
f 3671 3749 3758
f 3749 3650 3755
f 3758 3755 3673
f 3749 3755 3758
f 3665 3756 3726
f 3756 3673 3754
f 3726 3754 3648
f 3756 3754 3726
f 3671 3758 3750
f 3758 3673 3756
f 3750 3756 3665
f 3758 3756 3750
f 3650 3752 3760
f 3752 3672 3763
f 3760 3763 3674
f 3752 3763 3760
f 3672 3751 3753
f 3751 3643 3742
f 3753 3742 3669
f 3751 3742 3753
f 3674 3761 3759
f 3761 3669 3743
f 3759 3743 3649
f 3761 3743 3759
f 3672 3753 3763
f 3753 3669 3761
f 3763 3761 3674
f 3753 3761 3763
f 3648 3744 3723
f 3744 3670 3746
f 3723 3746 3664
f 3744 3746 3723
f 3670 3745 3747
f 3745 3649 3740
f 3747 3740 3668
f 3745 3740 3747
f 3664 3741 3722
f 3741 3668 3739
f 3722 3739 3642
f 3741 3739 3722
f 3670 3747 3746
f 3747 3668 3741
f 3746 3741 3664
f 3747 3741 3746
f 3650 3760 3755
f 3760 3674 3764
f 3755 3764 3673
f 3760 3764 3755
f 3674 3759 3762
f 3759 3649 3745
f 3762 3745 3670
f 3759 3745 3762
f 3673 3757 3754
f 3757 3670 3744
f 3754 3744 3648
f 3757 3744 3754
f 3674 3762 3764
f 3762 3670 3757
f 3764 3757 3673
f 3762 3757 3764
f 3317 3725 3725
f 3725 3665 3665
f 3725 3665 3665
f 3725 3665 3725
f 3665 3726 3726
f 3726 3648 3648
f 3726 3648 3648
f 3726 3648 3726
f 3665 3726 3726
f 3726 3648 3648
f 3726 3648 3648
f 3726 3648 3726
f 3665 3726 3665
f 3726 3648 3726
f 3665 3726 3665
f 3726 3726 3665
f 3648 3723 3723
f 3723 3664 3664
f 3723 3664 3664
f 3723 3664 3723
f 3664 3722 3722
f 3722 3642 3642
f 3722 3642 3642
f 3722 3642 3722
f 3664 3722 3722
f 3722 3642 3642
f 3722 3642 3642
f 3722 3642 3722
f 3664 3722 3664
f 3722 3642 3722
f 3664 3722 3664
f 3722 3722 3664
f 3648 3723 3723
f 3723 3664 3664
f 3723 3664 3664
f 3723 3664 3723
f 3664 3722 3722
f 3722 3642 3642
f 3722 3642 3642
f 3722 3642 3722
f 3664 3722 3722
f 3722 3642 3642
f 3722 3642 3642
f 3722 3642 3722
f 3664 3722 3664
f 3722 3642 3722
f 3664 3722 3664
f 3722 3722 3664
f 3648 3723 3648
f 3723 3664 3723
f 3648 3723 3648
f 3723 3723 3648
f 3664 3722 3664
f 3722 3642 3722
f 3664 3722 3664
f 3722 3722 3664
f 3648 3723 3648
f 3723 3664 3723
f 3648 3723 3648
f 3723 3723 3648
f 3664 3664 3723
f 3664 3664 3723
f 3723 3723 3648
f 3664 3723 3723
f 3317 3436 3765
f 3436 3353 3791
f 3765 3791 3675
f 3436 3791 3765
f 3353 3437 3795
f 3437 3329 3793
f 3795 3793 3682
f 3437 3793 3795
f 3675 3794 3766
f 3794 3682 3792
f 3766 3792 3651
f 3794 3792 3766
f 3353 3795 3791
f 3795 3682 3794
f 3791 3794 3675
f 3795 3794 3791
f 3329 3440 3807
f 3440 3354 3809
f 3807 3809 3686
f 3440 3809 3807
f 3354 3439 3801
f 3439 3320 3799
f 3801 3799 3684
f 3439 3799 3801
f 3686 3811 3808
f 3811 3684 3800
f 3808 3800 3653
f 3811 3800 3808
f 3354 3801 3809
f 3801 3684 3811
f 3809 3811 3686
f 3801 3811 3809
f 3651 3802 3769
f 3802 3685 3804
f 3769 3804 3676
f 3802 3804 3769
f 3685 3803 3806
f 3803 3653 3797
f 3806 3797 3683
f 3803 3797 3806
f 3676 3798 3768
f 3798 3683 3796
f 3768 3796 3644
f 3798 3796 3768
f 3685 3806 3804
f 3806 3683 3798
f 3804 3798 3676
f 3806 3798 3804
f 3329 3807 3793
f 3807 3686 3810
f 3793 3810 3682
f 3807 3810 3793
f 3686 3808 3812
f 3808 3653 3803
f 3812 3803 3685
f 3808 3803 3812
f 3682 3805 3792
f 3805 3685 3802
f 3792 3802 3651
f 3805 3802 3792
f 3686 3812 3810
f 3812 3685 3805
f 3810 3805 3682
f 3812 3805 3810
f 3317 3765 3765
f 3765 3675 3675
f 3765 3675 3675
f 3765 3675 3765
f 3675 3766 3766
f 3766 3651 3651
f 3766 3651 3651
f 3766 3651 3766
f 3675 3766 3766
f 3766 3651 3651
f 3766 3651 3651
f 3766 3651 3766
f 3675 3766 3675
f 3766 3651 3766
f 3675 3766 3675
f 3766 3766 3675
f 3651 3769 3769
f 3769 3676 3676
f 3769 3676 3676
f 3769 3676 3769
f 3676 3768 3768
f 3768 3644 3644
f 3768 3644 3644
f 3768 3644 3768
f 3676 3768 3768
f 3768 3644 3644
f 3768 3644 3644
f 3768 3644 3768
f 3676 3768 3676
f 3768 3644 3768
f 3676 3768 3676
f 3768 3768 3676
f 3651 3769 3769
f 3769 3676 3676
f 3769 3676 3676
f 3769 3676 3769
f 3676 3768 3768
f 3768 3644 3644
f 3768 3644 3644
f 3768 3644 3768
f 3676 3768 3768
f 3768 3644 3644
f 3768 3644 3644
f 3768 3644 3768
f 3676 3768 3676
f 3768 3644 3768
f 3676 3768 3676
f 3768 3768 3676
f 3651 3769 3651
f 3769 3676 3769
f 3651 3769 3651
f 3769 3769 3651
f 3676 3768 3676
f 3768 3644 3768
f 3676 3768 3676
f 3768 3768 3676
f 3651 3769 3651
f 3769 3676 3769
f 3651 3769 3651
f 3769 3769 3651
f 3676 3676 3769
f 3676 3676 3769
f 3769 3769 3651
f 3676 3769 3769
f 3505 3543 3825
f 3543 3516 3827
f 3825 3827 3815
f 3543 3827 3825
f 3516 3544 3832
f 3544 3508 3830
f 3832 3830 3817
f 3544 3830 3832
f 3815 3833 3826
f 3833 3817 3831
f 3826 3831 3813
f 3833 3831 3826
f 3516 3832 3827
f 3832 3817 3833
f 3827 3833 3815
f 3832 3833 3827
f 3508 3542 3836
f 3542 3515 3838
f 3836 3838 3818
f 3542 3838 3836
f 3515 3541 3834
f 3541 3319 3413
f 3834 3413 3347
f 3541 3413 3834
f 3818 3840 3837
f 3840 3347 3414
f 3837 3414 3327
f 3840 3414 3837
f 3515 3834 3838
f 3834 3347 3840
f 3838 3840 3818
f 3834 3840 3838
f 3813 3841 3829
f 3841 3819 3843
f 3829 3843 3816
f 3841 3843 3829
f 3819 3842 3845
f 3842 3327 3411
f 3845 3411 3346
f 3842 3411 3845
f 3816 3835 3828
f 3835 3346 3410
f 3828 3410 3318
f 3835 3410 3828
f 3819 3845 3843
f 3845 3346 3835
f 3843 3835 3816
f 3845 3835 3843
f 3508 3836 3830
f 3836 3818 3839
f 3830 3839 3817
f 3836 3839 3830
f 3818 3837 3846
f 3837 3327 3842
f 3846 3842 3819
f 3837 3842 3846
f 3817 3844 3831
f 3844 3819 3841
f 3831 3841 3813
f 3844 3841 3831
f 3818 3846 3839
f 3846 3819 3844
f 3839 3844 3817
f 3846 3844 3839
f 3505 3825 3825
f 3825 3815 3815
f 3825 3815 3815
f 3825 3815 3825
f 3815 3826 3826
f 3826 3813 3813
f 3826 3813 3813
f 3826 3813 3826
f 3815 3826 3826
f 3826 3813 3813
f 3826 3813 3813
f 3826 3813 3826
f 3815 3826 3815
f 3826 3813 3826
f 3815 3826 3815
f 3826 3826 3815
f 3813 3829 3829
f 3829 3816 3816
f 3829 3816 3816
f 3829 3816 3829
f 3816 3828 3828
f 3828 3318 3318
f 3828 3318 3318
f 3828 3318 3828
f 3816 3828 3828
f 3828 3318 3318
f 3828 3318 3318
f 3828 3318 3828
f 3816 3828 3816
f 3828 3318 3828
f 3816 3828 3816
f 3828 3828 3816
f 3813 3829 3829
f 3829 3816 3816
f 3829 3816 3816
f 3829 3816 3829
f 3816 3828 3828
f 3828 3318 3318
f 3828 3318 3318
f 3828 3318 3828
f 3816 3828 3828
f 3828 3318 3318
f 3828 3318 3318
f 3828 3318 3828
f 3816 3828 3816
f 3828 3318 3828
f 3816 3828 3816
f 3828 3828 3816
f 3813 3829 3813
f 3829 3816 3829
f 3813 3829 3813
f 3829 3829 3813
f 3816 3828 3816
f 3828 3318 3828
f 3816 3828 3816
f 3828 3828 3816
f 3813 3829 3813
f 3829 3816 3829
f 3813 3829 3813
f 3829 3829 3813
f 3816 3816 3829
f 3816 3816 3829
f 3829 3829 3813
f 3816 3829 3829
f 3641 3850 3687
f 3850 3821 3857
f 3687 3857 3654
f 3850 3857 3687
f 3821 3851 3865
f 3851 3814 3863
f 3865 3863 3824
f 3851 3863 3865
f 3654 3867 3688
f 3867 3824 3864
f 3688 3864 3645
f 3867 3864 3688
f 3821 3865 3857
f 3865 3824 3867
f 3857 3867 3654
f 3865 3867 3857
f 3814 3848 3853
f 3848 3820 3855
f 3853 3855 3822
f 3848 3855 3853
f 3820 3847 3849
f 3847 3505 3825
f 3849 3825 3815
f 3847 3825 3849
f 3822 3854 3852
f 3854 3815 3826
f 3852 3826 3813
f 3854 3826 3852
f 3820 3849 3855
f 3849 3815 3854
f 3855 3854 3822
f 3849 3854 3855
f 3645 3859 3690
f 3859 3823 3862
f 3690 3862 3655
f 3859 3862 3690
f 3823 3858 3860
f 3858 3813 3829
f 3860 3829 3816
f 3858 3829 3860
f 3655 3856 3689
f 3856 3816 3828
f 3689 3828 3318
f 3856 3828 3689
f 3823 3860 3862
f 3860 3816 3856
f 3862 3856 3655
f 3860 3856 3862
f 3814 3853 3863
f 3853 3822 3866
f 3863 3866 3824
f 3853 3866 3863
f 3822 3852 3861
f 3852 3813 3858
f 3861 3858 3823
f 3852 3858 3861
f 3824 3868 3864
f 3868 3823 3859
f 3864 3859 3645
f 3868 3859 3864
f 3822 3861 3866
f 3861 3823 3868
f 3866 3868 3824
f 3861 3868 3866
f 3641 3687 3687
f 3687 3654 3654
f 3687 3654 3654
f 3687 3654 3687
f 3654 3688 3688
f 3688 3645 3645
f 3688 3645 3645
f 3688 3645 3688
f 3654 3688 3688
f 3688 3645 3645
f 3688 3645 3645
f 3688 3645 3688
f 3654 3688 3654
f 3688 3645 3688
f 3654 3688 3654
f 3688 3688 3654
f 3645 3690 3690
f 3690 3655 3655
f 3690 3655 3655
f 3690 3655 3690
f 3655 3689 3689
f 3689 3318 3318
f 3689 3318 3318
f 3689 3318 3689
f 3655 3689 3689
f 3689 3318 3318
f 3689 3318 3318
f 3689 3318 3689
f 3655 3689 3655
f 3689 3318 3689
f 3655 3689 3655
f 3689 3689 3655
f 3645 3690 3690
f 3690 3655 3655
f 3690 3655 3655
f 3690 3655 3690
f 3655 3689 3689
f 3689 3318 3318
f 3689 3318 3318
f 3689 3318 3689
f 3655 3689 3689
f 3689 3318 3318
f 3689 3318 3318
f 3689 3318 3689
f 3655 3689 3655
f 3689 3318 3689
f 3655 3689 3655
f 3689 3689 3655
f 3645 3690 3645
f 3690 3655 3690
f 3645 3690 3645
f 3690 3690 3645
f 3655 3689 3655
f 3689 3318 3689
f 3655 3689 3655
f 3689 3689 3655
f 3645 3690 3645
f 3690 3655 3690
f 3645 3690 3645
f 3690 3690 3645
f 3655 3655 3690
f 3655 3655 3690
f 3690 3690 3645
f 3655 3690 3690
f 3869 3894 3898
f 3894 3878 3900
f 3898 3900 3880
f 3894 3900 3898
f 3878 3895 3905
f 3895 3873 3903
f 3905 3903 3882
f 3895 3903 3905
f 3880 3906 3899
f 3906 3882 3904
f 3899 3904 3874
f 3906 3904 3899
f 3878 3905 3900
f 3905 3882 3906
f 3900 3906 3880
f 3905 3906 3900
f 3873 3897 3913
f 3897 3879 3915
f 3913 3915 3885
f 3897 3915 3913
f 3879 3896 3909
f 3896 3870 3907
f 3909 3907 3883
f 3896 3907 3909
f 3885 3917 3914
f 3917 3883 3908
f 3914 3908 3875
f 3917 3908 3914
f 3879 3909 3915
f 3909 3883 3917
f 3915 3917 3885
f 3909 3917 3915
f 3874 3918 3902
f 3918 3886 3920
f 3902 3920 3881
f 3918 3920 3902
f 3886 3919 3922
f 3919 3875 3911
f 3922 3911 3884
f 3919 3911 3922
f 3881 3912 3901
f 3912 3884 3910
f 3901 3910 3871
f 3912 3910 3901
f 3886 3922 3920
f 3922 3884 3912
f 3920 3912 3881
f 3922 3912 3920
f 3873 3913 3903
f 3913 3885 3916
f 3903 3916 3882
f 3913 3916 3903
f 3885 3914 3923
f 3914 3875 3919
f 3923 3919 3886
f 3914 3919 3923
f 3882 3921 3904
f 3921 3886 3918
f 3904 3918 3874
f 3921 3918 3904
f 3885 3923 3916
f 3923 3886 3921
f 3916 3921 3882
f 3923 3921 3916
f 3869 3898 3898
f 3898 3880 3880
f 3898 3880 3880
f 3898 3880 3898
f 3880 3899 3899
f 3899 3874 3874
f 3899 3874 3874
f 3899 3874 3899
f 3880 3899 3899
f 3899 3874 3874
f 3899 3874 3874
f 3899 3874 3899
f 3880 3899 3880
f 3899 3874 3899
f 3880 3899 3880
f 3899 3899 3880
f 3874 3902 3902
f 3902 3881 3881
f 3902 3881 3881
f 3902 3881 3902
f 3881 3901 3901
f 3901 3871 3871
f 3901 3871 3871
f 3901 3871 3901
f 3881 3901 3901
f 3901 3871 3871
f 3901 3871 3871
f 3901 3871 3901
f 3881 3901 3881
f 3901 3871 3901
f 3881 3901 3881
f 3901 3901 3881
f 3874 3902 3902
f 3902 3881 3881
f 3902 3881 3881
f 3902 3881 3902
f 3881 3901 3901
f 3901 3871 3871
f 3901 3871 3871
f 3901 3871 3901
f 3881 3901 3901
f 3901 3871 3871
f 3901 3871 3871
f 3901 3871 3901
f 3881 3901 3881
f 3901 3871 3901
f 3881 3901 3881
f 3901 3901 3881
f 3874 3902 3874
f 3902 3881 3902
f 3874 3902 3874
f 3902 3902 3874
f 3881 3901 3881
f 3901 3871 3901
f 3881 3901 3881
f 3901 3901 3881
f 3874 3902 3874
f 3902 3881 3902
f 3874 3902 3874
f 3902 3902 3874
f 3881 3881 3902
f 3881 3881 3902
f 3902 3902 3874
f 3881 3902 3902
f 3872 3927 3936
f 3927 3888 3938
f 3936 3938 3891
f 3927 3938 3936
f 3888 3928 3946
f 3928 3876 3944
f 3946 3944 3893
f 3928 3944 3946
f 3891 3948 3937
f 3948 3893 3945
f 3937 3945 3877
f 3948 3945 3937
f 3888 3946 3938
f 3946 3893 3948
f 3938 3948 3891
f 3946 3948 3938
f 3876 3925 3930
f 3925 3887 3932
f 3930 3932 3889
f 3925 3932 3930
f 3887 3924 3926
f 3924 3869 3898
f 3926 3898 3880
f 3924 3898 3926
f 3889 3931 3929
f 3931 3880 3899
f 3929 3899 3874
f 3931 3899 3929
f 3887 3926 3932
f 3926 3880 3931
f 3932 3931 3889
f 3926 3931 3932
f 3877 3940 3934
f 3940 3892 3943
f 3934 3943 3890
f 3940 3943 3934
f 3892 3939 3941
f 3939 3874 3902
f 3941 3902 3881
f 3939 3902 3941
f 3890 3935 3933
f 3935 3881 3901
f 3933 3901 3871
f 3935 3901 3933
f 3892 3941 3943
f 3941 3881 3935
f 3943 3935 3890
f 3941 3935 3943
f 3876 3930 3944
f 3930 3889 3947
f 3944 3947 3893
f 3930 3947 3944
f 3889 3929 3942
f 3929 3874 3939
f 3942 3939 3892
f 3929 3939 3942
f 3893 3949 3945
f 3949 3892 3940
f 3945 3940 3877
f 3949 3940 3945
f 3889 3942 3947
f 3942 3892 3949
f 3947 3949 3893
f 3942 3949 3947
f 3872 3936 3936
f 3936 3891 3891
f 3936 3891 3891
f 3936 3891 3936
f 3891 3937 3937
f 3937 3877 3877
f 3937 3877 3877
f 3937 3877 3937
f 3891 3937 3937
f 3937 3877 3877
f 3937 3877 3877
f 3937 3877 3937
f 3891 3937 3891
f 3937 3877 3937
f 3891 3937 3891
f 3937 3937 3891
f 3877 3934 3934
f 3934 3890 3890
f 3934 3890 3890
f 3934 3890 3934
f 3890 3933 3933
f 3933 3871 3871
f 3933 3871 3871
f 3933 3871 3933
f 3890 3933 3933
f 3933 3871 3871
f 3933 3871 3871
f 3933 3871 3933
f 3890 3933 3890
f 3933 3871 3933
f 3890 3933 3890
f 3933 3933 3890
f 3877 3934 3934
f 3934 3890 3890
f 3934 3890 3890
f 3934 3890 3934
f 3890 3933 3933
f 3933 3871 3871
f 3933 3871 3871
f 3933 3871 3933
f 3890 3933 3933
f 3933 3871 3871
f 3933 3871 3871
f 3933 3871 3933
f 3890 3933 3890
f 3933 3871 3933
f 3890 3933 3890
f 3933 3933 3890
f 3877 3934 3877
f 3934 3890 3934
f 3877 3934 3877
f 3934 3934 3877
f 3890 3933 3890
f 3933 3871 3933
f 3890 3933 3890
f 3933 3933 3890
f 3877 3934 3877
f 3934 3890 3934
f 3877 3934 3877
f 3934 3934 3877
f 3890 3890 3934
f 3890 3890 3934
f 3934 3934 3877
f 3890 3934 3934
f 3950 4030 4034
f 4030 3974 4036
f 4034 4036 3976
f 4030 4036 4034
f 3974 4031 4041
f 4031 3958 4039
f 4041 4039 3978
f 4031 4039 4041
f 3976 4042 4035
f 4042 3978 4040
f 4035 4040 3959
f 4042 4040 4035
f 3974 4041 4036
f 4041 3978 4042
f 4036 4042 3976
f 4041 4042 4036
f 3958 4033 4049
f 4033 3975 4051
f 4049 4051 3981
f 4033 4051 4049
f 3975 4032 4045
f 4032 3951 4043
f 4045 4043 3979
f 4032 4043 4045
f 3981 4053 4050
f 4053 3979 4044
f 4050 4044 3960
f 4053 4044 4050
f 3975 4045 4051
f 4045 3979 4053
f 4051 4053 3981
f 4045 4053 4051
f 3959 4054 4038
f 4054 3982 4056
f 4038 4056 3977
f 4054 4056 4038
f 3982 4055 4058
f 4055 3960 4047
f 4058 4047 3980
f 4055 4047 4058
f 3977 4048 4037
f 4048 3980 4046
f 4037 4046 3871
f 4048 4046 4037
f 3982 4058 4056
f 4058 3980 4048
f 4056 4048 3977
f 4058 4048 4056
f 3958 4049 4039
f 4049 3981 4052
f 4039 4052 3978
f 4049 4052 4039
f 3981 4050 4059
f 4050 3960 4055
f 4059 4055 3982
f 4050 4055 4059
f 3978 4057 4040
f 4057 3982 4054
f 4040 4054 3959
f 4057 4054 4040
f 3981 4059 4052
f 4059 3982 4057
f 4052 4057 3978
f 4059 4057 4052
f 3950 4034 4034
f 4034 3976 3976
f 4034 3976 3976
f 4034 3976 4034
f 3976 4035 4035
f 4035 3959 3959
f 4035 3959 3959
f 4035 3959 4035
f 3976 4035 4035
f 4035 3959 3959
f 4035 3959 3959
f 4035 3959 4035
f 3976 4035 3976
f 4035 3959 4035
f 3976 4035 3976
f 4035 4035 3976
f 3959 4038 4038
f 4038 3977 3977
f 4038 3977 3977
f 4038 3977 4038
f 3977 4037 4037
f 4037 3871 3871
f 4037 3871 3871
f 4037 3871 4037
f 3977 4037 4037
f 4037 3871 3871
f 4037 3871 3871
f 4037 3871 4037
f 3977 4037 3977
f 4037 3871 4037
f 3977 4037 3977
f 4037 4037 3977
f 3959 4038 4038
f 4038 3977 3977
f 4038 3977 3977
f 4038 3977 4038
f 3977 4037 4037
f 4037 3871 3871
f 4037 3871 3871
f 4037 3871 4037
f 3977 4037 4037
f 4037 3871 3871
f 4037 3871 3871
f 4037 3871 4037
f 3977 4037 3977
f 4037 3871 4037
f 3977 4037 3977
f 4037 4037 3977
f 3959 4038 3959
f 4038 3977 4038
f 3959 4038 3959
f 4038 4038 3959
f 3977 4037 3977
f 4037 3871 4037
f 3977 4037 3977
f 4037 4037 3977
f 3959 4038 3959
f 4038 3977 4038
f 3959 4038 3959
f 4038 4038 3959
f 3977 3977 4038
f 3977 3977 4038
f 4038 4038 3959
f 3977 4038 4038
f 3870 4063 3907
f 4063 3984 4070
f 3907 4070 3883
f 4063 4070 3907
f 3984 4064 4078
f 4064 3961 4076
f 4078 4076 3987
f 4064 4076 4078
f 3883 4080 3908
f 4080 3987 4077
f 3908 4077 3875
f 4080 4077 3908
f 3984 4078 4070
f 4078 3987 4080
f 4070 4080 3883
f 4078 4080 4070
f 3961 4061 4066
f 4061 3983 4068
f 4066 4068 3985
f 4061 4068 4066
f 3983 4060 4062
f 4060 3950 4034
f 4062 4034 3976
f 4060 4034 4062
f 3985 4067 4065
f 4067 3976 4035
f 4065 4035 3959
f 4067 4035 4065
f 3983 4062 4068
f 4062 3976 4067
f 4068 4067 3985
f 4062 4067 4068
f 3875 4072 3911
f 4072 3986 4075
f 3911 4075 3884
f 4072 4075 3911
f 3986 4071 4073
f 4071 3959 4038
f 4073 4038 3977
f 4071 4038 4073
f 3884 4069 3910
f 4069 3977 4037
f 3910 4037 3871
f 4069 4037 3910
f 3986 4073 4075
f 4073 3977 4069
f 4075 4069 3884
f 4073 4069 4075
f 3961 4066 4076
f 4066 3985 4079
f 4076 4079 3987
f 4066 4079 4076
f 3985 4065 4074
f 4065 3959 4071
f 4074 4071 3986
f 4065 4071 4074
f 3987 4081 4077
f 4081 3986 4072
f 4077 4072 3875
f 4081 4072 4077
f 3985 4074 4079
f 4074 3986 4081
f 4079 4081 3987
f 4074 4081 4079
f 3870 3907 3907
f 3907 3883 3883
f 3907 3883 3883
f 3907 3883 3907
f 3883 3908 3908
f 3908 3875 3875
f 3908 3875 3875
f 3908 3875 3908
f 3883 3908 3908
f 3908 3875 3875
f 3908 3875 3875
f 3908 3875 3908
f 3883 3908 3883
f 3908 3875 3908
f 3883 3908 3883
f 3908 3908 3883
f 3875 3911 3911
f 3911 3884 3884
f 3911 3884 3884
f 3911 3884 3911
f 3884 3910 3910
f 3910 3871 3871
f 3910 3871 3871
f 3910 3871 3910
f 3884 3910 3910
f 3910 3871 3871
f 3910 3871 3871
f 3910 3871 3910
f 3884 3910 3884
f 3910 3871 3910
f 3884 3910 3884
f 3910 3910 3884
f 3875 3911 3911
f 3911 3884 3884
f 3911 3884 3884
f 3911 3884 3911
f 3884 3910 3910
f 3910 3871 3871
f 3910 3871 3871
f 3910 3871 3910
f 3884 3910 3910
f 3910 3871 3871
f 3910 3871 3871
f 3910 3871 3910
f 3884 3910 3884
f 3910 3871 3910
f 3884 3910 3884
f 3910 3910 3884
f 3875 3911 3875
f 3911 3884 3911
f 3875 3911 3875
f 3911 3911 3875
f 3884 3910 3884
f 3910 3871 3910
f 3884 3910 3884
f 3910 3910 3884
f 3875 3911 3875
f 3911 3884 3911
f 3875 3911 3875
f 3911 3911 3875
f 3884 3884 3911
f 3884 3884 3911
f 3911 3911 3875
f 3884 3911 3911
f 3952 4117 4134
f 4117 3998 4136
f 4134 4136 4002
f 4117 4136 4134
f 3998 4118 4141
f 4118 3965 4139
f 4141 4139 4004
f 4118 4139 4141
f 4002 4142 4135
f 4142 4004 4140
f 4135 4140 3966
f 4142 4140 4135
f 3998 4141 4136
f 4141 4004 4142
f 4136 4142 4002
f 4141 4142 4136
f 3965 4121 4149
f 4121 3999 4151
f 4149 4151 4007
f 4121 4151 4149
f 3999 4120 4145
f 4120 3953 4143
f 4145 4143 4005
f 4120 4143 4145
f 4007 4153 4150
f 4153 4005 4144
f 4150 4144 3967
f 4153 4144 4150
f 3999 4145 4151
f 4145 4005 4153
f 4151 4153 4007
f 4145 4153 4151
f 3966 4154 4138
f 4154 4008 4156
f 4138 4156 4003
f 4154 4156 4138
f 4008 4155 4158
f 4155 3967 4147
f 4158 4147 4006
f 4155 4147 4158
f 4003 4148 4137
f 4148 4006 4146
f 4137 4146 3954
f 4148 4146 4137
f 4008 4158 4156
f 4158 4006 4148
f 4156 4148 4003
f 4158 4148 4156
f 3965 4149 4139
f 4149 4007 4152
f 4139 4152 4004
f 4149 4152 4139
f 4007 4150 4159
f 4150 3967 4155
f 4159 4155 4008
f 4150 4155 4159
f 4004 4157 4140
f 4157 4008 4154
f 4140 4154 3966
f 4157 4154 4140
f 4007 4159 4152
f 4159 4008 4157
f 4152 4157 4004
f 4159 4157 4152
f 3952 4134 4134
f 4134 4002 4002
f 4134 4002 4002
f 4134 4002 4134
f 4002 4135 4135
f 4135 3966 3966
f 4135 3966 3966
f 4135 3966 4135
f 4002 4135 4135
f 4135 3966 3966
f 4135 3966 3966
f 4135 3966 4135
f 4002 4135 4002
f 4135 3966 4135
f 4002 4135 4002
f 4135 4135 4002
f 3966 4138 4138
f 4138 4003 4003
f 4138 4003 4003
f 4138 4003 4138
f 4003 4137 4137
f 4137 3954 3954
f 4137 3954 3954
f 4137 3954 4137
f 4003 4137 4137
f 4137 3954 3954
f 4137 3954 3954
f 4137 3954 4137
f 4003 4137 4003
f 4137 3954 4137
f 4003 4137 4003
f 4137 4137 4003
f 3966 4138 4138
f 4138 4003 4003
f 4138 4003 4003
f 4138 4003 4138
f 4003 4137 4137
f 4137 3954 3954
f 4137 3954 3954
f 4137 3954 4137
f 4003 4137 4137
f 4137 3954 3954
f 4137 3954 3954
f 4137 3954 4137
f 4003 4137 4003
f 4137 3954 4137
f 4003 4137 4003
f 4137 4137 4003
f 3966 4138 3966
f 4138 4003 4138
f 3966 4138 3966
f 4138 4138 3966
f 4003 4137 4003
f 4137 3954 4137
f 4003 4137 4003
f 4137 4137 4003
f 3966 4138 3966
f 4138 4003 4138
f 3966 4138 3966
f 4138 4138 3966
f 4003 4003 4138
f 4003 4003 4138
f 4138 4138 3966
f 4003 4138 4138
f 3955 4163 4172
f 4163 4010 4174
f 4172 4174 4013
f 4163 4174 4172
f 4010 4164 4182
f 4164 3968 4180
f 4182 4180 4015
f 4164 4180 4182
f 4013 4184 4173
f 4184 4015 4181
f 4173 4181 3969
f 4184 4181 4173
f 4010 4182 4174
f 4182 4015 4184
f 4174 4184 4013
f 4182 4184 4174
f 3968 4161 4166
f 4161 4009 4168
f 4166 4168 4011
f 4161 4168 4166
f 4009 4160 4162
f 4160 3952 4134
f 4162 4134 4002
f 4160 4134 4162
f 4011 4167 4165
f 4167 4002 4135
f 4165 4135 3966
f 4167 4135 4165
f 4009 4162 4168
f 4162 4002 4167
f 4168 4167 4011
f 4162 4167 4168
f 3969 4176 4170
f 4176 4014 4179
f 4170 4179 4012
f 4176 4179 4170
f 4014 4175 4177
f 4175 3966 4138
f 4177 4138 4003
f 4175 4138 4177
f 4012 4171 4169
f 4171 4003 4137
f 4169 4137 3954
f 4171 4137 4169
f 4014 4177 4179
f 4177 4003 4171
f 4179 4171 4012
f 4177 4171 4179
f 3968 4166 4180
f 4166 4011 4183
f 4180 4183 4015
f 4166 4183 4180
f 4011 4165 4178
f 4165 3966 4175
f 4178 4175 4014
f 4165 4175 4178
f 4015 4185 4181
f 4185 4014 4176
f 4181 4176 3969
f 4185 4176 4181
f 4011 4178 4183
f 4178 4014 4185
f 4183 4185 4015
f 4178 4185 4183
f 3955 4172 4172
f 4172 4013 4013
f 4172 4013 4013
f 4172 4013 4172
f 4013 4173 4173
f 4173 3969 3969
f 4173 3969 3969
f 4173 3969 4173
f 4013 4173 4173
f 4173 3969 3969
f 4173 3969 3969
f 4173 3969 4173
f 4013 4173 4013
f 4173 3969 4173
f 4013 4173 4013
f 4173 4173 4013
f 3969 4170 4170
f 4170 4012 4012
f 4170 4012 4012
f 4170 4012 4170
f 4012 4169 4169
f 4169 3954 3954
f 4169 3954 3954
f 4169 3954 4169
f 4012 4169 4169
f 4169 3954 3954
f 4169 3954 3954
f 4169 3954 4169
f 4012 4169 4012
f 4169 3954 4169
f 4012 4169 4012
f 4169 4169 4012
f 3969 4170 4170
f 4170 4012 4012
f 4170 4012 4012
f 4170 4012 4170
f 4012 4169 4169
f 4169 3954 3954
f 4169 3954 3954
f 4169 3954 4169
f 4012 4169 4169
f 4169 3954 3954
f 4169 3954 3954
f 4169 3954 4169
f 4012 4169 4012
f 4169 3954 4169
f 4012 4169 4012
f 4169 4169 4012
f 3969 4170 3969
f 4170 4012 4170
f 3969 4170 3969
f 4170 4170 3969
f 4012 4169 4012
f 4169 3954 4169
f 4012 4169 4012
f 4169 4169 4012
f 3969 4170 3969
f 4170 4012 4170
f 3969 4170 3969
f 4170 4170 3969
f 4012 4012 4170
f 4012 4012 4170
f 4170 4170 3969
f 4012 4170 4170
f 3951 4032 4091
f 4032 3975 4093
f 4091 4093 3991
f 4032 4093 4091
f 3975 4033 4099
f 4033 3958 4097
f 4099 4097 3993
f 4033 4097 4099
f 3991 4101 4092
f 4101 3993 4098
f 4092 4098 3963
f 4101 4098 4092
f 3975 4099 4093
f 4099 3993 4101
f 4093 4101 3991
f 4099 4101 4093
f 3958 4031 4087
f 4031 3974 4089
f 4087 4089 3990
f 4031 4089 4087
f 3974 4030 4084
f 4030 3950 4082
f 4084 4082 3988
f 4030 4082 4084
f 3990 4090 4088
f 4090 3988 4083
f 4088 4083 3962
f 4090 4083 4088
f 3974 4084 4089
f 4084 3988 4090
f 4089 4090 3990
f 4084 4090 4089
f 3963 4103 4095
f 4103 3994 4106
f 4095 4106 3992
f 4103 4106 4095
f 3994 4102 4104
f 4102 3962 4086
f 4104 4086 3989
f 4102 4086 4104
f 3992 4096 4094
f 4096 3989 4085
f 4094 4085 3952
f 4096 4085 4094
f 3994 4104 4106
f 4104 3989 4096
f 4106 4096 3992
f 4104 4096 4106
f 3958 4087 4097
f 4087 3990 4100
f 4097 4100 3993
f 4087 4100 4097
f 3990 4088 4105
f 4088 3962 4102
f 4105 4102 3994
f 4088 4102 4105
f 3993 4107 4098
f 4107 3994 4103
f 4098 4103 3963
f 4107 4103 4098
f 3990 4105 4100
f 4105 3994 4107
f 4100 4107 3993
f 4105 4107 4100
f 3951 4091 4091
f 4091 3991 3991
f 4091 3991 3991
f 4091 3991 4091
f 3991 4092 4092
f 4092 3963 3963
f 4092 3963 3963
f 4092 3963 4092
f 3991 4092 4092
f 4092 3963 3963
f 4092 3963 3963
f 4092 3963 4092
f 3991 4092 3991
f 4092 3963 4092
f 3991 4092 3991
f 4092 4092 3991
f 3963 4095 4095
f 4095 3992 3992
f 4095 3992 3992
f 4095 3992 4095
f 3992 4094 4094
f 4094 3952 3952
f 4094 3952 3952
f 4094 3952 4094
f 3992 4094 4094
f 4094 3952 3952
f 4094 3952 3952
f 4094 3952 4094
f 3992 4094 3992
f 4094 3952 4094
f 3992 4094 3992
f 4094 4094 3992
f 3963 4095 4095
f 4095 3992 3992
f 4095 3992 3992
f 4095 3992 4095
f 3992 4094 4094
f 4094 3952 3952
f 4094 3952 3952
f 4094 3952 4094
f 3992 4094 4094
f 4094 3952 3952
f 4094 3952 3952
f 4094 3952 4094
f 3992 4094 3992
f 4094 3952 4094
f 3992 4094 3992
f 4094 4094 3992
f 3963 4095 3963
f 4095 3992 4095
f 3963 4095 3963
f 4095 4095 3963
f 3992 4094 3992
f 4094 3952 4094
f 3992 4094 3992
f 4094 4094 3992
f 3963 4095 3963
f 4095 3992 4095
f 3963 4095 3963
f 4095 4095 3963
f 3992 3992 4095
f 3992 3992 4095
f 4095 4095 3963
f 3992 4095 4095
f 3952 4085 4117
f 4085 3989 4119
f 4117 4119 3998
f 4085 4119 4117
f 3989 4086 4125
f 4086 3962 4123
f 4125 4123 4000
f 4086 4123 4125
f 3998 4127 4118
f 4127 4000 4124
f 4118 4124 3965
f 4127 4124 4118
f 3989 4125 4119
f 4125 4000 4127
f 4119 4127 3998
f 4125 4127 4119
f 3962 4083 4113
f 4083 3988 4115
f 4113 4115 3997
f 4083 4115 4113
f 3988 4082 4110
f 4082 3950 4108
f 4110 4108 3995
f 4082 4108 4110
f 3997 4116 4114
f 4116 3995 4109
f 4114 4109 3964
f 4116 4109 4114
f 3988 4110 4115
f 4110 3995 4116
f 4115 4116 3997
f 4110 4116 4115
f 3965 4129 4121
f 4129 4001 4132
f 4121 4132 3999
f 4129 4132 4121
f 4001 4128 4130
f 4128 3964 4112
f 4130 4112 3996
f 4128 4112 4130
f 3999 4122 4120
f 4122 3996 4111
f 4120 4111 3953
f 4122 4111 4120
f 4001 4130 4132
f 4130 3996 4122
f 4132 4122 3999
f 4130 4122 4132
f 3962 4113 4123
f 4113 3997 4126
f 4123 4126 4000
f 4113 4126 4123
f 3997 4114 4131
f 4114 3964 4128
f 4131 4128 4001
f 4114 4128 4131
f 4000 4133 4124
f 4133 4001 4129
f 4124 4129 3965
f 4133 4129 4124
f 3997 4131 4126
f 4131 4001 4133
f 4126 4133 4000
f 4131 4133 4126
f 3952 4117 4117
f 4117 3998 3998
f 4117 3998 3998
f 4117 3998 4117
f 3998 4118 4118
f 4118 3965 3965
f 4118 3965 3965
f 4118 3965 4118
f 3998 4118 4118
f 4118 3965 3965
f 4118 3965 3965
f 4118 3965 4118
f 3998 4118 3998
f 4118 3965 4118
f 3998 4118 3998
f 4118 4118 3998
f 3965 4121 4121
f 4121 3999 3999
f 4121 3999 3999
f 4121 3999 4121
f 3999 4120 4120
f 4120 3953 3953
f 4120 3953 3953
f 4120 3953 4120
f 3999 4120 4120
f 4120 3953 3953
f 4120 3953 3953
f 4120 3953 4120
f 3999 4120 3999
f 4120 3953 4120
f 3999 4120 3999
f 4120 4120 3999
f 3965 4121 4121
f 4121 3999 3999
f 4121 3999 3999
f 4121 3999 4121
f 3999 4120 4120
f 4120 3953 3953
f 4120 3953 3953
f 4120 3953 4120
f 3999 4120 4120
f 4120 3953 3953
f 4120 3953 3953
f 4120 3953 4120
f 3999 4120 3999
f 4120 3953 4120
f 3999 4120 3999
f 4120 4120 3999
f 3965 4121 3965
f 4121 3999 4121
f 3965 4121 3965
f 4121 4121 3965
f 3999 4120 3999
f 4120 3953 4120
f 3999 4120 3999
f 4120 4120 3999
f 3965 4121 3965
f 4121 3999 4121
f 3965 4121 3965
f 4121 4121 3965
f 3999 3999 4121
f 3999 3999 4121
f 4121 4121 3965
f 3999 4121 4121
f 3956 4189 4198
f 4189 4017 4200
f 4198 4200 4020
f 4189 4200 4198
f 4017 4190 4208
f 4190 3970 4206
f 4208 4206 4022
f 4190 4206 4208
f 4020 4210 4199
f 4210 4022 4207
f 4199 4207 3971
f 4210 4207 4199
f 4017 4208 4200
f 4208 4022 4210
f 4200 4210 4020
f 4208 4210 4200
f 3970 4187 4192
f 4187 4016 4194
f 4192 4194 4018
f 4187 4194 4192
f 4016 4186 4188
f 4186 3951 4091
f 4188 4091 3991
f 4186 4091 4188
f 4018 4193 4191
f 4193 3991 4092
f 4191 4092 3963
f 4193 4092 4191
f 4016 4188 4194
f 4188 3991 4193
f 4194 4193 4018
f 4188 4193 4194
f 3971 4202 4196
f 4202 4021 4205
f 4196 4205 4019
f 4202 4205 4196
f 4021 4201 4203
f 4201 3963 4095
f 4203 4095 3992
f 4201 4095 4203
f 4019 4197 4195
f 4197 3992 4094
f 4195 4094 3952
f 4197 4094 4195
f 4021 4203 4205
f 4203 3992 4197
f 4205 4197 4019
f 4203 4197 4205
f 3970 4192 4206
f 4192 4018 4209
f 4206 4209 4022
f 4192 4209 4206
f 4018 4191 4204
f 4191 3963 4201
f 4204 4201 4021
f 4191 4201 4204
f 4022 4211 4207
f 4211 4021 4202
f 4207 4202 3971
f 4211 4202 4207
f 4018 4204 4209
f 4204 4021 4211
f 4209 4211 4022
f 4204 4211 4209
f 3956 4198 4198
f 4198 4020 4020
f 4198 4020 4020
f 4198 4020 4198
f 4020 4199 4199
f 4199 3971 3971
f 4199 3971 3971
f 4199 3971 4199
f 4020 4199 4199
f 4199 3971 3971
f 4199 3971 3971
f 4199 3971 4199
f 4020 4199 4020
f 4199 3971 4199
f 4020 4199 4020
f 4199 4199 4020
f 3971 4196 4196
f 4196 4019 4019
f 4196 4019 4019
f 4196 4019 4196
f 4019 4195 4195
f 4195 3952 3952
f 4195 3952 3952
f 4195 3952 4195
f 4019 4195 4195
f 4195 3952 3952
f 4195 3952 3952
f 4195 3952 4195
f 4019 4195 4019
f 4195 3952 4195
f 4019 4195 4019
f 4195 4195 4019
f 3971 4196 4196
f 4196 4019 4019
f 4196 4019 4019
f 4196 4019 4196
f 4019 4195 4195
f 4195 3952 3952
f 4195 3952 3952
f 4195 3952 4195
f 4019 4195 4195
f 4195 3952 3952
f 4195 3952 3952
f 4195 3952 4195
f 4019 4195 4019
f 4195 3952 4195
f 4019 4195 4019
f 4195 4195 4019
f 3971 4196 3971
f 4196 4019 4196
f 3971 4196 3971
f 4196 4196 3971
f 4019 4195 4019
f 4195 3952 4195
f 4019 4195 4019
f 4195 4195 4019
f 3971 4196 3971
f 4196 4019 4196
f 3971 4196 3971
f 4196 4196 3971
f 4019 4019 4196
f 4019 4019 4196
f 4196 4196 3971
f 4019 4196 4196
f 3957 4224 4215
f 4224 4027 4226
f 4215 4226 4024
f 4224 4226 4215
f 4027 4225 4236
f 4225 3973 4233
f 4236 4233 4029
f 4225 4233 4236
f 4024 4234 4216
f 4234 4029 4232
f 4216 4232 3972
f 4234 4232 4216
f 4027 4236 4226
f 4236 4029 4234
f 4226 4234 4024
f 4236 4234 4226
f 3973 4222 4228
f 4222 4026 4231
f 4228 4231 4028
f 4222 4231 4228
f 4026 4221 4223
f 4221 3956 4198
f 4223 4198 4020
f 4221 4198 4223
f 4028 4229 4227
f 4229 4020 4199
f 4227 4199 3971
f 4229 4199 4227
f 4026 4223 4231
f 4223 4020 4229
f 4231 4229 4028
f 4223 4229 4231
f 3972 4218 4213
f 4218 4025 4220
f 4213 4220 4023
f 4218 4220 4213
f 4025 4217 4219
f 4217 3971 4196
f 4219 4196 4019
f 4217 4196 4219
f 4023 4214 4212
f 4214 4019 4195
f 4212 4195 3952
f 4214 4195 4212
f 4025 4219 4220
f 4219 4019 4214
f 4220 4214 4023
f 4219 4214 4220
f 3973 4228 4233
f 4228 4028 4237
f 4233 4237 4029
f 4228 4237 4233
f 4028 4227 4230
f 4227 3971 4217
f 4230 4217 4025
f 4227 4217 4230
f 4029 4235 4232
f 4235 4025 4218
f 4232 4218 3972
f 4235 4218 4232
f 4028 4230 4237
f 4230 4025 4235
f 4237 4235 4029
f 4230 4235 4237
f 3957 4215 4215
f 4215 4024 4024
f 4215 4024 4024
f 4215 4024 4215
f 4024 4216 4216
f 4216 3972 3972
f 4216 3972 3972
f 4216 3972 4216
f 4024 4216 4216
f 4216 3972 3972
f 4216 3972 3972
f 4216 3972 4216
f 4024 4216 4024
f 4216 3972 4216
f 4024 4216 4024
f 4216 4216 4024
f 3972 4213 4213
f 4213 4023 4023
f 4213 4023 4023
f 4213 4023 4213
f 4023 4212 4212
f 4212 3952 3952
f 4212 3952 3952
f 4212 3952 4212
f 4023 4212 4212
f 4212 3952 3952
f 4212 3952 3952
f 4212 3952 4212
f 4023 4212 4023
f 4212 3952 4212
f 4023 4212 4023
f 4212 4212 4023
f 3972 4213 4213
f 4213 4023 4023
f 4213 4023 4023
f 4213 4023 4213
f 4023 4212 4212
f 4212 3952 3952
f 4212 3952 3952
f 4212 3952 4212
f 4023 4212 4212
f 4212 3952 3952
f 4212 3952 3952
f 4212 3952 4212
f 4023 4212 4023
f 4212 3952 4212
f 4023 4212 4023
f 4212 4212 4023
f 3972 4213 3972
f 4213 4023 4213
f 3972 4213 3972
f 4213 4213 3972
f 4023 4212 4023
f 4212 3952 4212
f 4023 4212 4023
f 4212 4212 4023
f 3972 4213 3972
f 4213 4023 4213
f 3972 4213 3972
f 4213 4213 3972
f 4023 4023 4213
f 4023 4023 4213
f 4213 4213 3972
f 4023 4213 4213
f 3872 4268 3927
f 4268 4247 4272
f 3927 4272 3888
f 4268 4272 3927
f 4247 4269 4275
f 4269 4241 4273
f 4275 4273 4249
f 4269 4273 4275
f 3888 4276 3928
f 4276 4249 4274
f 3928 4274 3876
f 4276 4274 3928
f 4247 4275 4272
f 4275 4249 4276
f 4272 4276 3888
f 4275 4276 4272
f 4241 4271 4283
f 4271 4248 4285
f 4283 4285 4252
f 4271 4285 4283
f 4248 4270 4279
f 4270 4238 4277
f 4279 4277 4250
f 4270 4277 4279
f 4252 4287 4284
f 4287 4250 4278
f 4284 4278 4242
f 4287 4278 4284
f 4248 4279 4285
f 4279 4250 4287
f 4285 4287 4252
f 4279 4287 4285
f 3876 4288 3925
f 4288 4253 4290
f 3925 4290 3887
f 4288 4290 3925
f 4253 4289 4292
f 4289 4242 4281
f 4292 4281 4251
f 4289 4281 4292
f 3887 4282 3924
f 4282 4251 4280
f 3924 4280 3869
f 4282 4280 3924
f 4253 4292 4290
f 4292 4251 4282
f 4290 4282 3887
f 4292 4282 4290
f 4241 4283 4273
f 4283 4252 4286
f 4273 4286 4249
f 4283 4286 4273
f 4252 4284 4293
f 4284 4242 4289
f 4293 4289 4253
f 4284 4289 4293
f 4249 4291 4274
f 4291 4253 4288
f 4274 4288 3876
f 4291 4288 4274
f 4252 4293 4286
f 4293 4253 4291
f 4286 4291 4249
f 4293 4291 4286
f 3872 3927 3927
f 3927 3888 3888
f 3927 3888 3888
f 3927 3888 3927
f 3888 3928 3928
f 3928 3876 3876
f 3928 3876 3876
f 3928 3876 3928
f 3888 3928 3928
f 3928 3876 3876
f 3928 3876 3876
f 3928 3876 3928
f 3888 3928 3888
f 3928 3876 3928
f 3888 3928 3888
f 3928 3928 3888
f 3876 3925 3925
f 3925 3887 3887
f 3925 3887 3887
f 3925 3887 3925
f 3887 3924 3924
f 3924 3869 3869
f 3924 3869 3869
f 3924 3869 3924
f 3887 3924 3924
f 3924 3869 3869
f 3924 3869 3869
f 3924 3869 3924
f 3887 3924 3887
f 3924 3869 3924
f 3887 3924 3887
f 3924 3924 3887
f 3876 3925 3925
f 3925 3887 3887
f 3925 3887 3887
f 3925 3887 3925
f 3887 3924 3924
f 3924 3869 3869
f 3924 3869 3869
f 3924 3869 3924
f 3887 3924 3924
f 3924 3869 3869
f 3924 3869 3869
f 3924 3869 3924
f 3887 3924 3887
f 3924 3869 3924
f 3887 3924 3887
f 3924 3924 3887
f 3876 3925 3876
f 3925 3887 3925
f 3876 3925 3876
f 3925 3925 3876
f 3887 3924 3887
f 3924 3869 3924
f 3887 3924 3887
f 3924 3924 3887
f 3876 3925 3876
f 3925 3887 3925
f 3876 3925 3876
f 3925 3925 3876
f 3887 3887 3925
f 3887 3887 3925
f 3925 3925 3876
f 3887 3925 3925
f 4239 4306 4297
f 4306 4258 4308
f 4297 4308 4255
f 4306 4308 4297
f 4258 4307 4318
f 4307 4244 4315
f 4318 4315 4260
f 4307 4315 4318
f 4255 4316 4298
f 4316 4260 4314
f 4298 4314 4243
f 4316 4314 4298
f 4258 4318 4308
f 4318 4260 4316
f 4308 4316 4255
f 4318 4316 4308
f 4244 4304 4310
f 4304 4257 4313
f 4310 4313 4259
f 4304 4313 4310
f 4257 4303 4305
f 4303 3869 4280
f 4305 4280 4251
f 4303 4280 4305
f 4259 4311 4309
f 4311 4251 4281
f 4309 4281 4242
f 4311 4281 4309
f 4257 4305 4313
f 4305 4251 4311
f 4313 4311 4259
f 4305 4311 4313
f 4243 4300 4295
f 4300 4256 4302
f 4295 4302 4254
f 4300 4302 4295
f 4256 4299 4301
f 4299 4242 4278
f 4301 4278 4250
f 4299 4278 4301
f 4254 4296 4294
f 4296 4250 4277
f 4294 4277 4238
f 4296 4277 4294
f 4256 4301 4302
f 4301 4250 4296
f 4302 4296 4254
f 4301 4296 4302
f 4244 4310 4315
f 4310 4259 4319
f 4315 4319 4260
f 4310 4319 4315
f 4259 4309 4312
f 4309 4242 4299
f 4312 4299 4256
f 4309 4299 4312
f 4260 4317 4314
f 4317 4256 4300
f 4314 4300 4243
f 4317 4300 4314
f 4259 4312 4319
f 4312 4256 4317
f 4319 4317 4260
f 4312 4317 4319
f 4239 4297 4297
f 4297 4255 4255
f 4297 4255 4255
f 4297 4255 4297
f 4255 4298 4298
f 4298 4243 4243
f 4298 4243 4243
f 4298 4243 4298
f 4255 4298 4298
f 4298 4243 4243
f 4298 4243 4243
f 4298 4243 4298
f 4255 4298 4255
f 4298 4243 4298
f 4255 4298 4255
f 4298 4298 4255
f 4243 4295 4295
f 4295 4254 4254
f 4295 4254 4254
f 4295 4254 4295
f 4254 4294 4294
f 4294 4238 4238
f 4294 4238 4238
f 4294 4238 4294
f 4254 4294 4294
f 4294 4238 4238
f 4294 4238 4238
f 4294 4238 4294
f 4254 4294 4254
f 4294 4238 4294
f 4254 4294 4254
f 4294 4294 4254
f 4243 4295 4295
f 4295 4254 4254
f 4295 4254 4254
f 4295 4254 4295
f 4254 4294 4294
f 4294 4238 4238
f 4294 4238 4238
f 4294 4238 4294
f 4254 4294 4294
f 4294 4238 4238
f 4294 4238 4238
f 4294 4238 4294
f 4254 4294 4254
f 4294 4238 4294
f 4254 4294 4254
f 4294 4294 4254
f 4243 4295 4243
f 4295 4254 4295
f 4243 4295 4243
f 4295 4295 4243
f 4254 4294 4254
f 4294 4238 4294
f 4254 4294 4254
f 4294 4294 4254
f 4243 4295 4243
f 4295 4254 4295
f 4243 4295 4243
f 4295 4295 4243
f 4254 4254 4295
f 4254 4254 4295
f 4295 4295 4243
f 4254 4295 4295
f 4239 4329 4306
f 4329 4264 4331
f 4306 4331 4258
f 4329 4331 4306
f 4264 4330 4339
f 4330 4246 4336
f 4339 4336 4266
f 4330 4336 4339
f 4258 4337 4307
f 4337 4266 4335
f 4307 4335 4244
f 4337 4335 4307
f 4264 4339 4331
f 4339 4266 4337
f 4331 4337 4258
f 4339 4337 4331
f 4246 4333 4341
f 4333 4265 4344
f 4341 4344 4267
f 4333 4344 4341
f 4265 4332 4334
f 4332 4240 4323
f 4334 4323 4262
f 4332 4323 4334
f 4267 4342 4340
f 4342 4262 4324
f 4340 4324 4245
f 4342 4324 4340
f 4265 4334 4344
f 4334 4262 4342
f 4344 4342 4267
f 4334 4342 4344
f 4244 4325 4304
f 4325 4263 4327
f 4304 4327 4257
f 4325 4327 4304
f 4263 4326 4328
f 4326 4245 4321
f 4328 4321 4261
f 4326 4321 4328
f 4257 4322 4303
f 4322 4261 4320
f 4303 4320 3869
f 4322 4320 4303
f 4263 4328 4327
f 4328 4261 4322
f 4327 4322 4257
f 4328 4322 4327
f 4246 4341 4336
f 4341 4267 4345
f 4336 4345 4266
f 4341 4345 4336
f 4267 4340 4343
f 4340 4245 4326
f 4343 4326 4263
f 4340 4326 4343
f 4266 4338 4335
f 4338 4263 4325
f 4335 4325 4244
f 4338 4325 4335
f 4267 4343 4345
f 4343 4263 4338
f 4345 4338 4266
f 4343 4338 4345
f 4239 4306 4306
f 4306 4258 4258
f 4306 4258 4258
f 4306 4258 4306
f 4258 4307 4307
f 4307 4244 4244
f 4307 4244 4244
f 4307 4244 4307
f 4258 4307 4307
f 4307 4244 4244
f 4307 4244 4244
f 4307 4244 4307
f 4258 4307 4258
f 4307 4244 4307
f 4258 4307 4258
f 4307 4307 4258
f 4244 4304 4304
f 4304 4257 4257
f 4304 4257 4257
f 4304 4257 4304
f 4257 4303 4303
f 4303 3869 3869
f 4303 3869 3869
f 4303 3869 4303
f 4257 4303 4303
f 4303 3869 3869
f 4303 3869 3869
f 4303 3869 4303
f 4257 4303 4257
f 4303 3869 4303
f 4257 4303 4257
f 4303 4303 4257
f 4244 4304 4304
f 4304 4257 4257
f 4304 4257 4257
f 4304 4257 4304
f 4257 4303 4303
f 4303 3869 3869
f 4303 3869 3869
f 4303 3869 4303
f 4257 4303 4303
f 4303 3869 3869
f 4303 3869 3869
f 4303 3869 4303
f 4257 4303 4257
f 4303 3869 4303
f 4257 4303 4257
f 4303 4303 4257
f 4244 4304 4244
f 4304 4257 4304
f 4244 4304 4244
f 4304 4304 4244
f 4257 4303 4257
f 4303 3869 4303
f 4257 4303 4257
f 4303 4303 4257
f 4244 4304 4244
f 4304 4257 4304
f 4244 4304 4244
f 4304 4304 4244
f 4257 4257 4304
f 4257 4257 4304
f 4304 4304 4244
f 4257 4304 4304
f 3869 4320 3894
f 4320 4261 4368
f 3894 4368 3878
f 4320 4368 3894
f 4261 4321 4371
f 4321 4245 4369
f 4371 4369 4351
f 4321 4369 4371
f 3878 4372 3895
f 4372 4351 4370
f 3895 4370 3873
f 4372 4370 3895
f 4261 4371 4368
f 4371 4351 4372
f 4368 4372 3878
f 4371 4372 4368
f 4245 4324 4379
f 4324 4262 4381
f 4379 4381 4354
f 4324 4381 4379
f 4262 4323 4375
f 4323 4240 4373
f 4375 4373 4352
f 4323 4373 4375
f 4354 4383 4380
f 4383 4352 4374
f 4380 4374 4347
f 4383 4374 4380
f 4262 4375 4381
f 4375 4352 4383
f 4381 4383 4354
f 4375 4383 4381
f 3873 4384 3897
f 4384 4355 4386
f 3897 4386 3879
f 4384 4386 3897
f 4355 4385 4388
f 4385 4347 4377
f 4388 4377 4353
f 4385 4377 4388
f 3879 4378 3896
f 4378 4353 4376
f 3896 4376 3870
f 4378 4376 3896
f 4355 4388 4386
f 4388 4353 4378
f 4386 4378 3879
f 4388 4378 4386
f 4245 4379 4369
f 4379 4354 4382
f 4369 4382 4351
f 4379 4382 4369
f 4354 4380 4389
f 4380 4347 4385
f 4389 4385 4355
f 4380 4385 4389
f 4351 4387 4370
f 4387 4355 4384
f 4370 4384 3873
f 4387 4384 4370
f 4354 4389 4382
f 4389 4355 4387
f 4382 4387 4351
f 4389 4387 4382
f 3869 3894 3894
f 3894 3878 3878
f 3894 3878 3878
f 3894 3878 3894
f 3878 3895 3895
f 3895 3873 3873
f 3895 3873 3873
f 3895 3873 3895
f 3878 3895 3895
f 3895 3873 3873
f 3895 3873 3873
f 3895 3873 3895
f 3878 3895 3878
f 3895 3873 3895
f 3878 3895 3878
f 3895 3895 3878
f 3873 3897 3897
f 3897 3879 3879
f 3897 3879 3879
f 3897 3879 3897
f 3879 3896 3896
f 3896 3870 3870
f 3896 3870 3870
f 3896 3870 3896
f 3879 3896 3896
f 3896 3870 3870
f 3896 3870 3870
f 3896 3870 3896
f 3879 3896 3879
f 3896 3870 3896
f 3879 3896 3879
f 3896 3896 3879
f 3873 3897 3897
f 3897 3879 3879
f 3897 3879 3879
f 3897 3879 3897
f 3879 3896 3896
f 3896 3870 3870
f 3896 3870 3870
f 3896 3870 3896
f 3879 3896 3896
f 3896 3870 3870
f 3896 3870 3870
f 3896 3870 3896
f 3879 3896 3879
f 3896 3870 3896
f 3879 3896 3879
f 3896 3896 3879
f 3873 3897 3873
f 3897 3879 3897
f 3873 3897 3873
f 3897 3897 3873
f 3879 3896 3879
f 3896 3870 3896
f 3879 3896 3879
f 3896 3896 3879
f 3873 3897 3873
f 3897 3879 3897
f 3873 3897 3873
f 3897 3897 3873
f 3879 3879 3897
f 3879 3879 3897
f 3897 3897 3873
f 3879 3897 3897
f 4346 4421 4402
f 4421 4364 4423
f 4402 4423 4360
f 4421 4423 4402
f 4364 4422 4431
f 4422 4350 4428
f 4431 4428 4366
f 4422 4428 4431
f 4360 4429 4403
f 4429 4366 4427
f 4403 4427 4349
f 4429 4427 4403
f 4364 4431 4423
f 4431 4366 4429
f 4423 4429 4360
f 4431 4429 4423
f 4350 4425 4433
f 4425 4365 4436
f 4433 4436 4367
f 4425 4436 4433
f 4365 4424 4426
f 4424 3950 4060
f 4426 4060 3983
f 4424 4060 4426
f 4367 4434 4432
f 4434 3983 4061
f 4432 4061 3961
f 4434 4061 4432
f 4365 4426 4436
f 4426 3983 4434
f 4436 4434 4367
f 4426 4434 4436
f 4349 4417 4400
f 4417 4363 4419
f 4400 4419 4359
f 4417 4419 4400
f 4363 4418 4420
f 4418 3961 4064
f 4420 4064 3984
f 4418 4064 4420
f 4359 4416 4399
f 4416 3984 4063
f 4399 4063 3870
f 4416 4063 4399
f 4363 4420 4419
f 4420 3984 4416
f 4419 4416 4359
f 4420 4416 4419
f 4350 4433 4428
f 4433 4367 4437
f 4428 4437 4366
f 4433 4437 4428
f 4367 4432 4435
f 4432 3961 4418
f 4435 4418 4363
f 4432 4418 4435
f 4366 4430 4427
f 4430 4363 4417
f 4427 4417 4349
f 4430 4417 4427
f 4367 4435 4437
f 4435 4363 4430
f 4437 4430 4366
f 4435 4430 4437
f 4346 4402 4402
f 4402 4360 4360
f 4402 4360 4360
f 4402 4360 4402
f 4360 4403 4403
f 4403 4349 4349
f 4403 4349 4349
f 4403 4349 4403
f 4360 4403 4403
f 4403 4349 4349
f 4403 4349 4349
f 4403 4349 4403
f 4360 4403 4360
f 4403 4349 4403
f 4360 4403 4360
f 4403 4403 4360
f 4349 4400 4400
f 4400 4359 4359
f 4400 4359 4359
f 4400 4359 4400
f 4359 4399 4399
f 4399 3870 3870
f 4399 3870 3870
f 4399 3870 4399
f 4359 4399 4399
f 4399 3870 3870
f 4399 3870 3870
f 4399 3870 4399
f 4359 4399 4359
f 4399 3870 4399
f 4359 4399 4359
f 4399 4399 4359
f 4349 4400 4400
f 4400 4359 4359
f 4400 4359 4359
f 4400 4359 4400
f 4359 4399 4399
f 4399 3870 3870
f 4399 3870 3870
f 4399 3870 4399
f 4359 4399 4399
f 4399 3870 3870
f 4399 3870 3870
f 4399 3870 4399
f 4359 4399 4359
f 4399 3870 4399
f 4359 4399 4359
f 4399 4399 4359
f 4349 4400 4349
f 4400 4359 4400
f 4349 4400 4349
f 4400 4400 4349
f 4359 4399 4359
f 4399 3870 4399
f 4359 4399 4359
f 4399 4399 4359
f 4349 4400 4349
f 4400 4359 4400
f 4349 4400 4349
f 4400 4400 4349
f 4359 4359 4400
f 4359 4359 4400
f 4400 4400 4349
f 4359 4400 4400
f 4240 4390 4373
f 4390 4356 4392
f 4373 4392 4352
f 4390 4392 4373
f 4356 4391 4398
f 4391 4348 4396
f 4398 4396 4358
f 4391 4396 4398
f 4352 4397 4374
f 4397 4358 4395
f 4374 4395 4347
f 4397 4395 4374
f 4356 4398 4392
f 4398 4358 4397
f 4392 4397 4352
f 4398 4397 4392
f 4348 4394 4410
f 4394 4357 4412
f 4410 4412 4362
f 4394 4412 4410
f 4357 4393 4404
f 4393 4346 4402
f 4404 4402 4360
f 4393 4402 4404
f 4362 4414 4411
f 4414 4360 4403
f 4411 4403 4349
f 4414 4403 4411
f 4357 4404 4412
f 4404 4360 4414
f 4412 4414 4362
f 4404 4414 4412
f 4347 4405 4377
f 4405 4361 4407
f 4377 4407 4353
f 4405 4407 4377
f 4361 4406 4409
f 4406 4349 4400
f 4409 4400 4359
f 4406 4400 4409
f 4353 4401 4376
f 4401 4359 4399
f 4376 4399 3870
f 4401 4399 4376
f 4361 4409 4407
f 4409 4359 4401
f 4407 4401 4353
f 4409 4401 4407
f 4348 4410 4396
f 4410 4362 4413
f 4396 4413 4358
f 4410 4413 4396
f 4362 4411 4415
f 4411 4349 4406
f 4415 4406 4361
f 4411 4406 4415
f 4358 4408 4395
f 4408 4361 4405
f 4395 4405 4347
f 4408 4405 4395
f 4362 4415 4413
f 4415 4361 4408
f 4413 4408 4358
f 4415 4408 4413
f 4240 4373 4373
f 4373 4352 4352
f 4373 4352 4352
f 4373 4352 4373
f 4352 4374 4374
f 4374 4347 4347
f 4374 4347 4347
f 4374 4347 4374
f 4352 4374 4374
f 4374 4347 4347
f 4374 4347 4347
f 4374 4347 4374
f 4352 4374 4352
f 4374 4347 4374
f 4352 4374 4352
f 4374 4374 4352
f 4347 4377 4377
f 4377 4353 4353
f 4377 4353 4353
f 4377 4353 4377
f 4353 4376 4376
f 4376 3870 3870
f 4376 3870 3870
f 4376 3870 4376
f 4353 4376 4376
f 4376 3870 3870
f 4376 3870 3870
f 4376 3870 4376
f 4353 4376 4353
f 4376 3870 4376
f 4353 4376 4353
f 4376 4376 4353
f 4347 4377 4377
f 4377 4353 4353
f 4377 4353 4353
f 4377 4353 4377
f 4353 4376 4376
f 4376 3870 3870
f 4376 3870 3870
f 4376 3870 4376
f 4353 4376 4376
f 4376 3870 3870
f 4376 3870 3870
f 4376 3870 4376
f 4353 4376 4353
f 4376 3870 4376
f 4353 4376 4353
f 4376 4376 4353
f 4347 4377 4347
f 4377 4353 4377
f 4347 4377 4347
f 4377 4377 4347
f 4353 4376 4353
f 4376 3870 4376
f 4353 4376 4353
f 4376 4376 4353
f 4347 4377 4347
f 4377 4353 4377
f 4347 4377 4347
f 4377 4377 4347
f 4353 4353 4377
f 4353 4353 4377
f 4377 4377 4347
f 4353 4377 4377
f 3957 4215 4474
f 4215 4024 4476
f 4474 4476 4448
f 4215 4476 4474
f 4024 4216 4481
f 4216 3972 4479
f 4481 4479 4450
f 4216 4479 4481
f 4448 4482 4475
f 4482 4450 4480
f 4475 4480 4441
f 4482 4480 4475
f 4024 4481 4476
f 4481 4450 4482
f 4476 4482 4448
f 4481 4482 4476
f 3972 4213 4489
f 4213 4023 4491
f 4489 4491 4453
f 4213 4491 4489
f 4023 4212 4485
f 4212 3952 4483
f 4485 4483 4451
f 4212 4483 4485
f 4453 4493 4490
f 4493 4451 4484
f 4490 4484 4442
f 4493 4484 4490
f 4023 4485 4491
f 4485 4451 4493
f 4491 4493 4453
f 4485 4493 4491
f 4441 4494 4478
f 4494 4454 4496
f 4478 4496 4449
f 4494 4496 4478
f 4454 4495 4498
f 4495 4442 4487
f 4498 4487 4452
f 4495 4487 4498
f 4449 4488 4477
f 4488 4452 4486
f 4477 4486 4438
f 4488 4486 4477
f 4454 4498 4496
f 4498 4452 4488
f 4496 4488 4449
f 4498 4488 4496
f 3972 4489 4479
f 4489 4453 4492
f 4479 4492 4450
f 4489 4492 4479
f 4453 4490 4499
f 4490 4442 4495
f 4499 4495 4454
f 4490 4495 4499
f 4450 4497 4480
f 4497 4454 4494
f 4480 4494 4441
f 4497 4494 4480
f 4453 4499 4492
f 4499 4454 4497
f 4492 4497 4450
f 4499 4497 4492
f 3957 4474 4474
f 4474 4448 4448
f 4474 4448 4448
f 4474 4448 4474
f 4448 4475 4475
f 4475 4441 4441
f 4475 4441 4441
f 4475 4441 4475
f 4448 4475 4475
f 4475 4441 4441
f 4475 4441 4441
f 4475 4441 4475
f 4448 4475 4448
f 4475 4441 4475
f 4448 4475 4448
f 4475 4475 4448
f 4441 4478 4478
f 4478 4449 4449
f 4478 4449 4449
f 4478 4449 4478
f 4449 4477 4477
f 4477 4438 4438
f 4477 4438 4438
f 4477 4438 4477
f 4449 4477 4477
f 4477 4438 4438
f 4477 4438 4438
f 4477 4438 4477
f 4449 4477 4449
f 4477 4438 4477
f 4449 4477 4449
f 4477 4477 4449
f 4441 4478 4478
f 4478 4449 4449
f 4478 4449 4449
f 4478 4449 4478
f 4449 4477 4477
f 4477 4438 4438
f 4477 4438 4438
f 4477 4438 4477
f 4449 4477 4477
f 4477 4438 4438
f 4477 4438 4438
f 4477 4438 4477
f 4449 4477 4449
f 4477 4438 4477
f 4449 4477 4449
f 4477 4477 4449
f 4441 4478 4441
f 4478 4449 4478
f 4441 4478 4441
f 4478 4478 4441
f 4449 4477 4449
f 4477 4438 4477
f 4449 4477 4449
f 4477 4477 4449
f 4441 4478 4441
f 4478 4449 4478
f 4441 4478 4441
f 4478 4478 4441
f 4449 4449 4478
f 4449 4449 4478
f 4478 4478 4441
f 4449 4478 4478
f 4439 4512 4503
f 4512 4459 4514
f 4503 4514 4456
f 4512 4514 4503
f 4459 4513 4524
f 4513 4444 4521
f 4524 4521 4461
f 4513 4521 4524
f 4456 4522 4504
f 4522 4461 4520
f 4504 4520 4443
f 4522 4520 4504
f 4459 4524 4514
f 4524 4461 4522
f 4514 4522 4456
f 4524 4522 4514
f 4444 4510 4516
f 4510 4458 4519
f 4516 4519 4460
f 4510 4519 4516
f 4458 4509 4511
f 4509 4438 4486
f 4511 4486 4452
f 4509 4486 4511
f 4460 4517 4515
f 4517 4452 4487
f 4515 4487 4442
f 4517 4487 4515
f 4458 4511 4519
f 4511 4452 4517
f 4519 4517 4460
f 4511 4517 4519
f 4443 4506 4501
f 4506 4457 4508
f 4501 4508 4455
f 4506 4508 4501
f 4457 4505 4507
f 4505 4442 4484
f 4507 4484 4451
f 4505 4484 4507
f 4455 4502 4500
f 4502 4451 4483
f 4500 4483 3952
f 4502 4483 4500
f 4457 4507 4508
f 4507 4451 4502
f 4508 4502 4455
f 4507 4502 4508
f 4444 4516 4521
f 4516 4460 4525
f 4521 4525 4461
f 4516 4525 4521
f 4460 4515 4518
f 4515 4442 4505
f 4518 4505 4457
f 4515 4505 4518
f 4461 4523 4520
f 4523 4457 4506
f 4520 4506 4443
f 4523 4506 4520
f 4460 4518 4525
f 4518 4457 4523
f 4525 4523 4461
f 4518 4523 4525
f 4439 4503 4503
f 4503 4456 4456
f 4503 4456 4456
f 4503 4456 4503
f 4456 4504 4504
f 4504 4443 4443
f 4504 4443 4443
f 4504 4443 4504
f 4456 4504 4504
f 4504 4443 4443
f 4504 4443 4443
f 4504 4443 4504
f 4456 4504 4456
f 4504 4443 4504
f 4456 4504 4456
f 4504 4504 4456
f 4443 4501 4501
f 4501 4455 4455
f 4501 4455 4455
f 4501 4455 4501
f 4455 4500 4500
f 4500 3952 3952
f 4500 3952 3952
f 4500 3952 4500
f 4455 4500 4500
f 4500 3952 3952
f 4500 3952 3952
f 4500 3952 4500
f 4455 4500 4455
f 4500 3952 4500
f 4455 4500 4455
f 4500 4500 4455
f 4443 4501 4501
f 4501 4455 4455
f 4501 4455 4455
f 4501 4455 4501
f 4455 4500 4500
f 4500 3952 3952
f 4500 3952 3952
f 4500 3952 4500
f 4455 4500 4500
f 4500 3952 3952
f 4500 3952 3952
f 4500 3952 4500
f 4455 4500 4455
f 4500 3952 4500
f 4455 4500 4455
f 4500 4500 4455
f 4443 4501 4443
f 4501 4455 4501
f 4443 4501 4443
f 4501 4501 4443
f 4455 4500 4455
f 4500 3952 4500
f 4455 4500 4455
f 4500 4500 4455
f 4443 4501 4443
f 4501 4455 4501
f 4443 4501 4443
f 4501 4501 4443
f 4455 4455 4501
f 4455 4455 4501
f 4501 4501 4443
f 4455 4501 4501
f 3955 4534 4163
f 4534 4464 4536
f 4163 4536 4010
f 4534 4536 4163
f 4464 4535 4546
f 4535 4445 4543
f 4546 4543 4466
f 4535 4543 4546
f 4010 4544 4164
f 4544 4466 4542
f 4164 4542 3968
f 4544 4542 4164
f 4464 4546 4536
f 4546 4466 4544
f 4536 4544 4010
f 4546 4544 4536
f 4445 4532 4538
f 4532 4463 4541
f 4538 4541 4465
f 4532 4541 4538
f 4463 4531 4533
f 4531 4439 4503
f 4533 4503 4456
f 4531 4503 4533
f 4465 4539 4537
f 4539 4456 4504
f 4537 4504 4443
f 4539 4504 4537
f 4463 4533 4541
f 4533 4456 4539
f 4541 4539 4465
f 4533 4539 4541
f 3968 4528 4161
f 4528 4462 4530
f 4161 4530 4009
f 4528 4530 4161
f 4462 4527 4529
f 4527 4443 4501
f 4529 4501 4455
f 4527 4501 4529
f 4009 4526 4160
f 4526 4455 4500
f 4160 4500 3952
f 4526 4500 4160
f 4462 4529 4530
f 4529 4455 4526
f 4530 4526 4009
f 4529 4526 4530
f 4445 4538 4543
f 4538 4465 4547
f 4543 4547 4466
f 4538 4547 4543
f 4465 4537 4540
f 4537 4443 4527
f 4540 4527 4462
f 4537 4527 4540
f 4466 4545 4542
f 4545 4462 4528
f 4542 4528 3968
f 4545 4528 4542
f 4465 4540 4547
f 4540 4462 4545
f 4547 4545 4466
f 4540 4545 4547
f 3955 4163 4163
f 4163 4010 4010
f 4163 4010 4010
f 4163 4010 4163
f 4010 4164 4164
f 4164 3968 3968
f 4164 3968 3968
f 4164 3968 4164
f 4010 4164 4164
f 4164 3968 3968
f 4164 3968 3968
f 4164 3968 4164
f 4010 4164 4010
f 4164 3968 4164
f 4010 4164 4010
f 4164 4164 4010
f 3968 4161 4161
f 4161 4009 4009
f 4161 4009 4009
f 4161 4009 4161
f 4009 4160 4160
f 4160 3952 3952
f 4160 3952 3952
f 4160 3952 4160
f 4009 4160 4160
f 4160 3952 3952
f 4160 3952 3952
f 4160 3952 4160
f 4009 4160 4009
f 4160 3952 4160
f 4009 4160 4009
f 4160 4160 4009
f 3968 4161 4161
f 4161 4009 4009
f 4161 4009 4009
f 4161 4009 4161
f 4009 4160 4160
f 4160 3952 3952
f 4160 3952 3952
f 4160 3952 4160
f 4009 4160 4160
f 4160 3952 3952
f 4160 3952 3952
f 4160 3952 4160
f 4009 4160 4009
f 4160 3952 4160
f 4009 4160 4009
f 4160 4160 4009
f 3968 4161 3968
f 4161 4009 4161
f 3968 4161 3968
f 4161 4161 3968
f 4009 4160 4009
f 4160 3952 4160
f 4009 4160 4009
f 4160 4160 4009
f 3968 4161 3968
f 4161 4009 4161
f 3968 4161 3968
f 4161 4161 3968
f 4009 4009 4161
f 4009 4009 4161
f 4161 4161 3968
f 4009 4161 4161
f 4440 4551 4560
f 4551 4468 4562
f 4560 4562 4471
f 4551 4562 4560
f 4468 4552 4570
f 4552 4446 4568
f 4570 4568 4473
f 4552 4568 4570
f 4471 4572 4561
f 4572 4473 4569
f 4561 4569 4447
f 4572 4569 4561
f 4468 4570 4562
f 4570 4473 4572
f 4562 4572 4471
f 4570 4572 4562
f 4446 4549 4554
f 4549 4467 4556
f 4554 4556 4469
f 4549 4556 4554
f 4467 4548 4550
f 4548 4439 4531
f 4550 4531 4463
f 4548 4531 4550
f 4469 4555 4553
f 4555 4463 4532
f 4553 4532 4445
f 4555 4532 4553
f 4467 4550 4556
f 4550 4463 4555
f 4556 4555 4469
f 4550 4555 4556
f 4447 4564 4558
f 4564 4472 4567
f 4558 4567 4470
f 4564 4567 4558
f 4472 4563 4565
f 4563 4445 4535
f 4565 4535 4464
f 4563 4535 4565
f 4470 4559 4557
f 4559 4464 4534
f 4557 4534 3955
f 4559 4534 4557
f 4472 4565 4567
f 4565 4464 4559
f 4567 4559 4470
f 4565 4559 4567
f 4446 4554 4568
f 4554 4469 4571
f 4568 4571 4473
f 4554 4571 4568
f 4469 4553 4566
f 4553 4445 4563
f 4566 4563 4472
f 4553 4563 4566
f 4473 4573 4569
f 4573 4472 4564
f 4569 4564 4447
f 4573 4564 4569
f 4469 4566 4571
f 4566 4472 4573
f 4571 4573 4473
f 4566 4573 4571
f 4440 4560 4560
f 4560 4471 4471
f 4560 4471 4471
f 4560 4471 4560
f 4471 4561 4561
f 4561 4447 4447
f 4561 4447 4447
f 4561 4447 4561
f 4471 4561 4561
f 4561 4447 4447
f 4561 4447 4447
f 4561 4447 4561
f 4471 4561 4471
f 4561 4447 4561
f 4471 4561 4471
f 4561 4561 4471
f 4447 4558 4558
f 4558 4470 4470
f 4558 4470 4470
f 4558 4470 4558
f 4470 4557 4557
f 4557 3955 3955
f 4557 3955 3955
f 4557 3955 4557
f 4470 4557 4557
f 4557 3955 3955
f 4557 3955 3955
f 4557 3955 4557
f 4470 4557 4470
f 4557 3955 4557
f 4470 4557 4470
f 4557 4557 4470
f 4447 4558 4558
f 4558 4470 4470
f 4558 4470 4470
f 4558 4470 4558
f 4470 4557 4557
f 4557 3955 3955
f 4557 3955 3955
f 4557 3955 4557
f 4470 4557 4557
f 4557 3955 3955
f 4557 3955 3955
f 4557 3955 4557
f 4470 4557 4470
f 4557 3955 4557
f 4470 4557 4470
f 4557 4557 4470
f 4447 4558 4447
f 4558 4470 4558
f 4447 4558 4447
f 4558 4558 4447
f 4470 4557 4470
f 4557 3955 4557
f 4470 4557 4470
f 4557 4557 4470
f 4447 4558 4447
f 4558 4470 4558
f 4447 4558 4447
f 4558 4558 4447
f 4470 4470 4558
f 4470 4470 4558
f 4558 4558 4447
f 4470 4558 4558
f 4440 4560 4590
f 4560 4471 4592
f 4590 4592 4578
f 4560 4592 4590
f 4471 4561 4597
f 4561 4447 4595
f 4597 4595 4580
f 4561 4595 4597
f 4578 4598 4591
f 4598 4580 4596
f 4591 4596 4575
f 4598 4596 4591
f 4471 4597 4592
f 4597 4580 4598
f 4592 4598 4578
f 4597 4598 4592
f 4447 4558 4601
f 4558 4470 4603
f 4601 4603 4581
f 4558 4603 4601
f 4470 4557 4599
f 4557 3955 4172
f 4599 4172 4013
f 4557 4172 4599
f 4581 4605 4602
f 4605 4013 4173
f 4602 4173 3969
f 4605 4173 4602
f 4470 4599 4603
f 4599 4013 4605
f 4603 4605 4581
f 4599 4605 4603
f 4575 4606 4594
f 4606 4582 4608
f 4594 4608 4579
f 4606 4608 4594
f 4582 4607 4610
f 4607 3969 4170
f 4610 4170 4012
f 4607 4170 4610
f 4579 4600 4593
f 4600 4012 4169
f 4593 4169 3954
f 4600 4169 4593
f 4582 4610 4608
f 4610 4012 4600
f 4608 4600 4579
f 4610 4600 4608
f 4447 4601 4595
f 4601 4581 4604
f 4595 4604 4580
f 4601 4604 4595
f 4581 4602 4611
f 4602 3969 4607
f 4611 4607 4582
f 4602 4607 4611
f 4580 4609 4596
f 4609 4582 4606
f 4596 4606 4575
f 4609 4606 4596
f 4581 4611 4604
f 4611 4582 4609
f 4604 4609 4580
f 4611 4609 4604
f 4440 4590 4590
f 4590 4578 4578
f 4590 4578 4578
f 4590 4578 4590
f 4578 4591 4591
f 4591 4575 4575
f 4591 4575 4575
f 4591 4575 4591
f 4578 4591 4591
f 4591 4575 4575
f 4591 4575 4575
f 4591 4575 4591
f 4578 4591 4578
f 4591 4575 4591
f 4578 4591 4578
f 4591 4591 4578
f 4575 4594 4594
f 4594 4579 4579
f 4594 4579 4579
f 4594 4579 4594
f 4579 4593 4593
f 4593 3954 3954
f 4593 3954 3954
f 4593 3954 4593
f 4579 4593 4593
f 4593 3954 3954
f 4593 3954 3954
f 4593 3954 4593
f 4579 4593 4579
f 4593 3954 4593
f 4579 4593 4579
f 4593 4593 4579
f 4575 4594 4594
f 4594 4579 4579
f 4594 4579 4579
f 4594 4579 4594
f 4579 4593 4593
f 4593 3954 3954
f 4593 3954 3954
f 4593 3954 4593
f 4579 4593 4593
f 4593 3954 3954
f 4593 3954 3954
f 4593 3954 4593
f 4579 4593 4579
f 4593 3954 4593
f 4579 4593 4579
f 4593 4593 4579
f 4575 4594 4575
f 4594 4579 4594
f 4575 4594 4575
f 4594 4594 4575
f 4579 4593 4579
f 4593 3954 4593
f 4579 4593 4579
f 4593 4593 4579
f 4575 4594 4575
f 4594 4579 4594
f 4575 4594 4575
f 4594 4594 4575
f 4579 4579 4594
f 4579 4579 4594
f 4594 4594 4575
f 4579 4594 4594
f 4574 4615 4624
f 4615 4584 4626
f 4624 4626 4587
f 4615 4626 4624
f 4584 4616 4634
f 4616 4576 4632
f 4634 4632 4589
f 4616 4632 4634
f 4587 4636 4625
f 4636 4589 4633
f 4625 4633 4577
f 4636 4633 4625
f 4584 4634 4626
f 4634 4589 4636
f 4626 4636 4587
f 4634 4636 4626
f 4576 4613 4618
f 4613 4583 4620
f 4618 4620 4585
f 4613 4620 4618
f 4583 4612 4614
f 4612 4440 4590
f 4614 4590 4578
f 4612 4590 4614
f 4585 4619 4617
f 4619 4578 4591
f 4617 4591 4575
f 4619 4591 4617
f 4583 4614 4620
f 4614 4578 4619
f 4620 4619 4585
f 4614 4619 4620
f 4577 4628 4622
f 4628 4588 4631
f 4622 4631 4586
f 4628 4631 4622
f 4588 4627 4629
f 4627 4575 4594
f 4629 4594 4579
f 4627 4594 4629
f 4586 4623 4621
f 4623 4579 4593
f 4621 4593 3954
f 4623 4593 4621
f 4588 4629 4631
f 4629 4579 4623
f 4631 4623 4586
f 4629 4623 4631
f 4576 4618 4632
f 4618 4585 4635
f 4632 4635 4589
f 4618 4635 4632
f 4585 4617 4630
f 4617 4575 4627
f 4630 4627 4588
f 4617 4627 4630
f 4589 4637 4633
f 4637 4588 4628
f 4633 4628 4577
f 4637 4628 4633
f 4585 4630 4635
f 4630 4588 4637
f 4635 4637 4589
f 4630 4637 4635
f 4574 4624 4624
f 4624 4587 4587
f 4624 4587 4587
f 4624 4587 4624
f 4587 4625 4625
f 4625 4577 4577
f 4625 4577 4577
f 4625 4577 4625
f 4587 4625 4625
f 4625 4577 4577
f 4625 4577 4577
f 4625 4577 4625
f 4587 4625 4587
f 4625 4577 4625
f 4587 4625 4587
f 4625 4625 4587
f 4577 4622 4622
f 4622 4586 4586
f 4622 4586 4586
f 4622 4586 4622
f 4586 4621 4621
f 4621 3954 3954
f 4621 3954 3954
f 4621 3954 4621
f 4586 4621 4621
f 4621 3954 3954
f 4621 3954 3954
f 4621 3954 4621
f 4586 4621 4586
f 4621 3954 4621
f 4586 4621 4586
f 4621 4621 4586
f 4577 4622 4622
f 4622 4586 4586
f 4622 4586 4586
f 4622 4586 4622
f 4586 4621 4621
f 4621 3954 3954
f 4621 3954 3954
f 4621 3954 4621
f 4586 4621 4621
f 4621 3954 3954
f 4621 3954 3954
f 4621 3954 4621
f 4586 4621 4586
f 4621 3954 4621
f 4586 4621 4586
f 4621 4621 4586
f 4577 4622 4577
f 4622 4586 4622
f 4577 4622 4577
f 4622 4622 4577
f 4586 4621 4586
f 4621 3954 4621
f 4586 4621 4586
f 4621 4621 4586
f 4577 4622 4577
f 4622 4586 4622
f 4577 4622 4577
f 4622 4622 4577
f 4586 4586 4622
f 4586 4586 4622
f 4622 4622 4577
f 4586 4622 4622
f 3950 4424 4108
f 4424 4365 4694
f 4108 4694 3995
f 4424 4694 4108
f 4365 4425 4697
f 4425 4350 4695
f 4697 4695 4650
f 4425 4695 4697
f 3995 4698 4109
f 4698 4650 4696
f 4109 4696 3964
f 4698 4696 4109
f 4365 4697 4694
f 4697 4650 4698
f 4694 4698 3995
f 4697 4698 4694
f 4350 4422 4705
f 4422 4364 4707
f 4705 4707 4653
f 4422 4707 4705
f 4364 4421 4701
f 4421 4346 4699
f 4701 4699 4651
f 4421 4699 4701
f 4653 4709 4706
f 4709 4651 4700
f 4706 4700 4640
f 4709 4700 4706
f 4364 4701 4707
f 4701 4651 4709
f 4707 4709 4653
f 4701 4709 4707
f 3964 4710 4112
f 4710 4654 4712
f 4112 4712 3996
f 4710 4712 4112
f 4654 4711 4714
f 4711 4640 4703
f 4714 4703 4652
f 4711 4703 4714
f 3996 4704 4111
f 4704 4652 4702
f 4111 4702 3953
f 4704 4702 4111
f 4654 4714 4712
f 4714 4652 4704
f 4712 4704 3996
f 4714 4704 4712
f 4350 4705 4695
f 4705 4653 4708
f 4695 4708 4650
f 4705 4708 4695
f 4653 4706 4715
f 4706 4640 4711
f 4715 4711 4654
f 4706 4711 4715
f 4650 4713 4696
f 4713 4654 4710
f 4696 4710 3964
f 4713 4710 4696
f 4653 4715 4708
f 4715 4654 4713
f 4708 4713 4650
f 4715 4713 4708
f 3950 4108 4108
f 4108 3995 3995
f 4108 3995 3995
f 4108 3995 4108
f 3995 4109 4109
f 4109 3964 3964
f 4109 3964 3964
f 4109 3964 4109
f 3995 4109 4109
f 4109 3964 3964
f 4109 3964 3964
f 4109 3964 4109
f 3995 4109 3995
f 4109 3964 4109
f 3995 4109 3995
f 4109 4109 3995
f 3964 4112 4112
f 4112 3996 3996
f 4112 3996 3996
f 4112 3996 4112
f 3996 4111 4111
f 4111 3953 3953
f 4111 3953 3953
f 4111 3953 4111
f 3996 4111 4111
f 4111 3953 3953
f 4111 3953 3953
f 4111 3953 4111
f 3996 4111 3996
f 4111 3953 4111
f 3996 4111 3996
f 4111 4111 3996
f 3964 4112 4112
f 4112 3996 3996
f 4112 3996 3996
f 4112 3996 4112
f 3996 4111 4111
f 4111 3953 3953
f 4111 3953 3953
f 4111 3953 4111
f 3996 4111 4111
f 4111 3953 3953
f 4111 3953 3953
f 4111 3953 4111
f 3996 4111 3996
f 4111 3953 4111
f 3996 4111 3996
f 4111 4111 3996
f 3964 4112 3964
f 4112 3996 4112
f 3964 4112 3964
f 4112 4112 3964
f 3996 4111 3996
f 4111 3953 4111
f 3996 4111 3996
f 4111 4111 3996
f 3964 4112 3964
f 4112 3996 4112
f 3964 4112 3964
f 4112 4112 3964
f 3996 3996 4112
f 3996 3996 4112
f 4112 4112 3964
f 3996 4112 4112
f 4638 4716 4720
f 4716 4655 4722
f 4720 4722 4657
f 4716 4722 4720
f 4655 4717 4727
f 4717 4641 4725
f 4727 4725 4659
f 4717 4725 4727
f 4657 4728 4721
f 4728 4659 4726
f 4721 4726 4642
f 4728 4726 4721
f 4655 4727 4722
f 4727 4659 4728
f 4722 4728 4657
f 4727 4728 4722
f 4641 4719 4731
f 4719 4656 4733
f 4731 4733 4660
f 4719 4733 4731
f 4656 4718 4729
f 4718 4239 4297
f 4729 4297 4255
f 4718 4297 4729
f 4660 4735 4732
f 4735 4255 4298
f 4732 4298 4243
f 4735 4298 4732
f 4656 4729 4733
f 4729 4255 4735
f 4733 4735 4660
f 4729 4735 4733
f 4642 4736 4724
f 4736 4661 4738
f 4724 4738 4658
f 4736 4738 4724
f 4661 4737 4740
f 4737 4243 4295
f 4740 4295 4254
f 4737 4295 4740
f 4658 4730 4723
f 4730 4254 4294
f 4723 4294 4238
f 4730 4294 4723
f 4661 4740 4738
f 4740 4254 4730
f 4738 4730 4658
f 4740 4730 4738
f 4641 4731 4725
f 4731 4660 4734
f 4725 4734 4659
f 4731 4734 4725
f 4660 4732 4741
f 4732 4243 4737
f 4741 4737 4661
f 4732 4737 4741
f 4659 4739 4726
f 4739 4661 4736
f 4726 4736 4642
f 4739 4736 4726
f 4660 4741 4734
f 4741 4661 4739
f 4734 4739 4659
f 4741 4739 4734
f 4638 4720 4720
f 4720 4657 4657
f 4720 4657 4657
f 4720 4657 4720
f 4657 4721 4721
f 4721 4642 4642
f 4721 4642 4642
f 4721 4642 4721
f 4657 4721 4721
f 4721 4642 4642
f 4721 4642 4642
f 4721 4642 4721
f 4657 4721 4657
f 4721 4642 4721
f 4657 4721 4657
f 4721 4721 4657
f 4642 4724 4724
f 4724 4658 4658
f 4724 4658 4658
f 4724 4658 4724
f 4658 4723 4723
f 4723 4238 4238
f 4723 4238 4238
f 4723 4238 4723
f 4658 4723 4723
f 4723 4238 4238
f 4723 4238 4238
f 4723 4238 4723
f 4658 4723 4658
f 4723 4238 4723
f 4658 4723 4658
f 4723 4723 4658
f 4642 4724 4724
f 4724 4658 4658
f 4724 4658 4658
f 4724 4658 4724
f 4658 4723 4723
f 4723 4238 4238
f 4723 4238 4238
f 4723 4238 4723
f 4658 4723 4723
f 4723 4238 4238
f 4723 4238 4238
f 4723 4238 4723
f 4658 4723 4658
f 4723 4238 4723
f 4658 4723 4658
f 4723 4723 4658
f 4642 4724 4642
f 4724 4658 4724
f 4642 4724 4642
f 4724 4724 4642
f 4658 4723 4658
f 4723 4238 4723
f 4658 4723 4658
f 4723 4723 4658
f 4642 4724 4642
f 4724 4658 4724
f 4642 4724 4642
f 4724 4724 4642
f 4658 4658 4724
f 4658 4658 4724
f 4724 4724 4642
f 4658 4724 4724
f 4638 4742 4768
f 4742 4662 4770
f 4768 4770 4669
f 4742 4770 4768
f 4662 4743 4775
f 4743 4643 4773
f 4775 4773 4671
f 4743 4773 4775
f 4669 4776 4769
f 4776 4671 4774
f 4769 4774 4645
f 4776 4774 4769
f 4662 4775 4770
f 4775 4671 4776
f 4770 4776 4669
f 4775 4776 4770
f 4643 4745 4783
f 4745 4663 4785
f 4783 4785 4674
f 4745 4785 4783
f 4663 4744 4779
f 4744 4639 4777
f 4779 4777 4672
f 4744 4777 4779
f 4674 4787 4784
f 4787 4672 4778
f 4784 4778 4646
f 4787 4778 4784
f 4663 4779 4785
f 4779 4672 4787
f 4785 4787 4674
f 4779 4787 4785
f 4645 4788 4772
f 4788 4675 4790
f 4772 4790 4670
f 4788 4790 4772
f 4675 4789 4792
f 4789 4646 4781
f 4792 4781 4673
f 4789 4781 4792
f 4670 4782 4771
f 4782 4673 4780
f 4771 4780 3954
f 4782 4780 4771
f 4675 4792 4790
f 4792 4673 4782
f 4790 4782 4670
f 4792 4782 4790
f 4643 4783 4773
f 4783 4674 4786
f 4773 4786 4671
f 4783 4786 4773
f 4674 4784 4793
f 4784 4646 4789
f 4793 4789 4675
f 4784 4789 4793
f 4671 4791 4774
f 4791 4675 4788
f 4774 4788 4645
f 4791 4788 4774
f 4674 4793 4786
f 4793 4675 4791
f 4786 4791 4671
f 4793 4791 4786
f 4638 4768 4768
f 4768 4669 4669
f 4768 4669 4669
f 4768 4669 4768
f 4669 4769 4769
f 4769 4645 4645
f 4769 4645 4645
f 4769 4645 4769
f 4669 4769 4769
f 4769 4645 4645
f 4769 4645 4645
f 4769 4645 4769
f 4669 4769 4669
f 4769 4645 4769
f 4669 4769 4669
f 4769 4769 4669
f 4645 4772 4772
f 4772 4670 4670
f 4772 4670 4670
f 4772 4670 4772
f 4670 4771 4771
f 4771 3954 3954
f 4771 3954 3954
f 4771 3954 4771
f 4670 4771 4771
f 4771 3954 3954
f 4771 3954 3954
f 4771 3954 4771
f 4670 4771 4670
f 4771 3954 4771
f 4670 4771 4670
f 4771 4771 4670
f 4645 4772 4772
f 4772 4670 4670
f 4772 4670 4670
f 4772 4670 4772
f 4670 4771 4771
f 4771 3954 3954
f 4771 3954 3954
f 4771 3954 4771
f 4670 4771 4771
f 4771 3954 3954
f 4771 3954 3954
f 4771 3954 4771
f 4670 4771 4670
f 4771 3954 4771
f 4670 4771 4670
f 4771 4771 4670
f 4645 4772 4645
f 4772 4670 4772
f 4645 4772 4645
f 4772 4772 4645
f 4670 4771 4670
f 4771 3954 4771
f 4670 4771 4670
f 4771 4771 4670
f 4645 4772 4645
f 4772 4670 4772
f 4645 4772 4645
f 4772 4772 4645
f 4670 4670 4772
f 4670 4670 4772
f 4772 4772 4645
f 4670 4772 4772
f 3954 4780 4621
f 4780 4673 4803
f 4621 4803 4586
f 4780 4803 4621
f 4673 4781 4807
f 4781 4646 4805
f 4807 4805 4679
f 4781 4805 4807
f 4586 4809 4622
f 4809 4679 4806
f 4622 4806 4577
f 4809 4806 4622
f 4673 4807 4803
f 4807 4679 4809
f 4803 4809 4586
f 4807 4809 4803
f 4646 4778 4799
f 4778 4672 4801
f 4799 4801 4678
f 4778 4801 4799
f 4672 4777 4796
f 4777 4639 4794
f 4796 4794 4676
f 4777 4794 4796
f 4678 4802 4800
f 4802 4676 4795
f 4800 4795 4647
f 4802 4795 4800
f 4672 4796 4801
f 4796 4676 4802
f 4801 4802 4678
f 4796 4802 4801
f 4577 4811 4625
f 4811 4680 4814
f 4625 4814 4587
f 4811 4814 4625
f 4680 4810 4812
f 4810 4647 4798
f 4812 4798 4677
f 4810 4798 4812
f 4587 4804 4624
f 4804 4677 4797
f 4624 4797 4574
f 4804 4797 4624
f 4680 4812 4814
f 4812 4677 4804
f 4814 4804 4587
f 4812 4804 4814
f 4646 4799 4805
f 4799 4678 4808
f 4805 4808 4679
f 4799 4808 4805
f 4678 4800 4813
f 4800 4647 4810
f 4813 4810 4680
f 4800 4810 4813
f 4679 4815 4806
f 4815 4680 4811
f 4806 4811 4577
f 4815 4811 4806
f 4678 4813 4808
f 4813 4680 4815
f 4808 4815 4679
f 4813 4815 4808
f 3954 4621 4621
f 4621 4586 4586
f 4621 4586 4586
f 4621 4586 4621
f 4586 4622 4622
f 4622 4577 4577
f 4622 4577 4577
f 4622 4577 4622
f 4586 4622 4622
f 4622 4577 4577
f 4622 4577 4577
f 4622 4577 4622
f 4586 4622 4586
f 4622 4577 4622
f 4586 4622 4586
f 4622 4622 4586
f 4577 4625 4625
f 4625 4587 4587
f 4625 4587 4587
f 4625 4587 4625
f 4587 4624 4624
f 4624 4574 4574
f 4624 4574 4574
f 4624 4574 4624
f 4587 4624 4624
f 4624 4574 4574
f 4624 4574 4574
f 4624 4574 4624
f 4587 4624 4587
f 4624 4574 4624
f 4587 4624 4587
f 4624 4624 4587
f 4577 4625 4625
f 4625 4587 4587
f 4625 4587 4587
f 4625 4587 4625
f 4587 4624 4624
f 4624 4574 4574
f 4624 4574 4574
f 4624 4574 4624
f 4587 4624 4624
f 4624 4574 4574
f 4624 4574 4574
f 4624 4574 4624
f 4587 4624 4587
f 4624 4574 4624
f 4587 4624 4587
f 4624 4624 4587
f 4577 4625 4577
f 4625 4587 4625
f 4577 4625 4577
f 4625 4625 4577
f 4587 4624 4587
f 4624 4574 4624
f 4587 4624 4587
f 4624 4624 4587
f 4577 4625 4577
f 4625 4587 4625
f 4577 4625 4577
f 4625 4625 4577
f 4587 4587 4625
f 4587 4587 4625
f 4625 4625 4577
f 4587 4625 4625
f 4240 4852 4390
f 4852 4689 4854
f 4390 4854 4356
f 4852 4854 4390
f 4689 4853 4870
f 4853 4649 4867
f 4870 4867 4692
f 4853 4867 4870
f 4356 4868 4391
f 4868 4692 4866
f 4391 4866 4348
f 4868 4866 4391
f 4689 4870 4854
f 4870 4692 4868
f 4854 4868 4356
f 4870 4868 4854
f 4649 4849 4857
f 4849 4688 4860
f 4857 4860 4690
f 4849 4860 4857
f 4688 4848 4850
f 4848 3954 4749
f 4850 4749 4665
f 4848 4749 4850
f 4690 4858 4856
f 4858 4665 4750
f 4856 4750 4644
f 4858 4750 4856
f 4688 4850 4860
f 4850 4665 4858
f 4860 4858 4690
f 4850 4858 4860
f 4348 4818 4394
f 4818 4681 4820
f 4394 4820 4357
f 4818 4820 4394
f 4681 4817 4819
f 4817 4644 4747
f 4819 4747 4664
f 4817 4747 4819
f 4357 4816 4393
f 4816 4664 4746
f 4393 4746 4346
f 4816 4746 4393
f 4681 4819 4820
f 4819 4664 4816
f 4820 4816 4357
f 4819 4816 4820
f 4649 4857 4867
f 4857 4690 4871
f 4867 4871 4692
f 4857 4871 4867
f 4690 4856 4859
f 4856 4644 4817
f 4859 4817 4681
f 4856 4817 4859
f 4692 4869 4866
f 4869 4681 4818
f 4866 4818 4348
f 4869 4818 4866
f 4690 4859 4871
f 4859 4681 4869
f 4871 4869 4692
f 4859 4869 4871
f 4240 4390 4390
f 4390 4356 4356
f 4390 4356 4356
f 4390 4356 4390
f 4356 4391 4391
f 4391 4348 4348
f 4391 4348 4348
f 4391 4348 4391
f 4356 4391 4391
f 4391 4348 4348
f 4391 4348 4348
f 4391 4348 4391
f 4356 4391 4356
f 4391 4348 4391
f 4356 4391 4356
f 4391 4391 4356
f 4348 4394 4394
f 4394 4357 4357
f 4394 4357 4357
f 4394 4357 4394
f 4357 4393 4393
f 4393 4346 4346
f 4393 4346 4346
f 4393 4346 4393
f 4357 4393 4393
f 4393 4346 4346
f 4393 4346 4346
f 4393 4346 4393
f 4357 4393 4357
f 4393 4346 4393
f 4357 4393 4357
f 4393 4393 4357
f 4348 4394 4394
f 4394 4357 4357
f 4394 4357 4357
f 4394 4357 4394
f 4357 4393 4393
f 4393 4346 4346
f 4393 4346 4346
f 4393 4346 4393
f 4357 4393 4393
f 4393 4346 4346
f 4393 4346 4346
f 4393 4346 4393
f 4357 4393 4357
f 4393 4346 4393
f 4357 4393 4357
f 4393 4393 4357
f 4348 4394 4348
f 4394 4357 4394
f 4348 4394 4348
f 4394 4394 4348
f 4357 4393 4357
f 4393 4346 4393
f 4357 4393 4357
f 4393 4393 4357
f 4348 4394 4348
f 4394 4357 4394
f 4348 4394 4348
f 4394 4394 4348
f 4357 4357 4394
f 4357 4357 4394
f 4394 4394 4348
f 4357 4394 4394
f 3954 4146 4749
f 4146 4006 4756
f 4749 4756 4665
f 4146 4756 4749
f 4006 4147 4766
f 4147 3967 4763
f 4766 4763 4668
f 4147 4763 4766
f 4665 4764 4750
f 4764 4668 4762
f 4750 4762 4644
f 4764 4762 4750
f 4006 4766 4756
f 4766 4668 4764
f 4756 4764 4665
f 4766 4764 4756
f 3967 4144 4758
f 4144 4005 4761
f 4758 4761 4667
f 4144 4761 4758
f 4005 4143 4755
f 4143 3953 4702
f 4755 4702 4652
f 4143 4702 4755
f 4667 4759 4757
f 4759 4652 4703
f 4757 4703 4640
f 4759 4703 4757
f 4005 4755 4761
f 4755 4652 4759
f 4761 4759 4667
f 4755 4759 4761
f 4644 4752 4747
f 4752 4666 4754
f 4747 4754 4664
f 4752 4754 4747
f 4666 4751 4753
f 4751 4640 4700
f 4753 4700 4651
f 4751 4700 4753
f 4664 4748 4746
f 4748 4651 4699
f 4746 4699 4346
f 4748 4699 4746
f 4666 4753 4754
f 4753 4651 4748
f 4754 4748 4664
f 4753 4748 4754
f 3967 4758 4763
f 4758 4667 4767
f 4763 4767 4668
f 4758 4767 4763
f 4667 4757 4760
f 4757 4640 4751
f 4760 4751 4666
f 4757 4751 4760
f 4668 4765 4762
f 4765 4666 4752
f 4762 4752 4644
f 4765 4752 4762
f 4667 4760 4767
f 4760 4666 4765
f 4767 4765 4668
f 4760 4765 4767
f 3954 4749 4749
f 4749 4665 4665
f 4749 4665 4665
f 4749 4665 4749
f 4665 4750 4750
f 4750 4644 4644
f 4750 4644 4644
f 4750 4644 4750
f 4665 4750 4750
f 4750 4644 4644
f 4750 4644 4644
f 4750 4644 4750
f 4665 4750 4665
f 4750 4644 4750
f 4665 4750 4665
f 4750 4750 4665
f 4644 4747 4747
f 4747 4664 4664
f 4747 4664 4664
f 4747 4664 4747
f 4664 4746 4746
f 4746 4346 4346
f 4746 4346 4346
f 4746 4346 4746
f 4664 4746 4746
f 4746 4346 4346
f 4746 4346 4346
f 4746 4346 4746
f 4664 4746 4664
f 4746 4346 4746
f 4664 4746 4664
f 4746 4746 4664
f 4644 4747 4747
f 4747 4664 4664
f 4747 4664 4664
f 4747 4664 4747
f 4664 4746 4746
f 4746 4346 4346
f 4746 4346 4346
f 4746 4346 4746
f 4664 4746 4746
f 4746 4346 4346
f 4746 4346 4346
f 4746 4346 4746
f 4664 4746 4664
f 4746 4346 4746
f 4664 4746 4664
f 4746 4746 4664
f 4644 4747 4644
f 4747 4664 4747
f 4644 4747 4644
f 4747 4747 4644
f 4664 4746 4664
f 4746 4346 4746
f 4664 4746 4664
f 4746 4746 4664
f 4644 4747 4644
f 4747 4664 4747
f 4644 4747 4644
f 4747 4747 4644
f 4664 4664 4747
f 4664 4664 4747
f 4747 4747 4644
f 4664 4747 4747
f 4240 4332 4825
f 4332 4265 4836
f 4825 4836 4683
f 4332 4836 4825
f 4265 4333 4846
f 4333 4246 4843
f 4846 4843 4687
f 4333 4843 4846
f 4683 4844 4826
f 4844 4687 4842
f 4826 4842 4648
f 4844 4842 4826
f 4265 4846 4836
f 4846 4687 4844
f 4836 4844 4683
f 4846 4844 4836
f 4246 4330 4838
f 4330 4264 4841
f 4838 4841 4686
f 4330 4841 4838
f 4264 4329 4835
f 4329 4239 4718
f 4835 4718 4656
f 4329 4718 4835
f 4686 4839 4837
f 4839 4656 4719
f 4837 4719 4641
f 4839 4719 4837
f 4264 4835 4841
f 4835 4656 4839
f 4841 4839 4686
f 4835 4839 4841
f 4648 4828 4822
f 4828 4684 4830
f 4822 4830 4682
f 4828 4830 4822
f 4684 4827 4829
f 4827 4641 4717
f 4829 4717 4655
f 4827 4717 4829
f 4682 4823 4821
f 4823 4655 4716
f 4821 4716 4638
f 4823 4716 4821
f 4684 4829 4830
f 4829 4655 4823
f 4830 4823 4682
f 4829 4823 4830
f 4246 4838 4843
f 4838 4686 4847
f 4843 4847 4687
f 4838 4847 4843
f 4686 4837 4840
f 4837 4641 4827
f 4840 4827 4684
f 4837 4827 4840
f 4687 4845 4842
f 4845 4684 4828
f 4842 4828 4648
f 4845 4828 4842
f 4686 4840 4847
f 4840 4684 4845
f 4847 4845 4687
f 4840 4845 4847
f 4240 4825 4825
f 4825 4683 4683
f 4825 4683 4683
f 4825 4683 4825
f 4683 4826 4826
f 4826 4648 4648
f 4826 4648 4648
f 4826 4648 4826
f 4683 4826 4826
f 4826 4648 4648
f 4826 4648 4648
f 4826 4648 4826
f 4683 4826 4683
f 4826 4648 4826
f 4683 4826 4683
f 4826 4826 4683
f 4648 4822 4822
f 4822 4682 4682
f 4822 4682 4682
f 4822 4682 4822
f 4682 4821 4821
f 4821 4638 4638
f 4821 4638 4638
f 4821 4638 4821
f 4682 4821 4821
f 4821 4638 4638
f 4821 4638 4638
f 4821 4638 4821
f 4682 4821 4682
f 4821 4638 4821
f 4682 4821 4682
f 4821 4821 4682
f 4648 4822 4822
f 4822 4682 4682
f 4822 4682 4682
f 4822 4682 4822
f 4682 4821 4821
f 4821 4638 4638
f 4821 4638 4638
f 4821 4638 4821
f 4682 4821 4821
f 4821 4638 4638
f 4821 4638 4638
f 4821 4638 4821
f 4682 4821 4682
f 4821 4638 4821
f 4682 4821 4682
f 4821 4821 4682
f 4648 4822 4648
f 4822 4682 4822
f 4648 4822 4648
f 4822 4822 4648
f 4682 4821 4682
f 4821 4638 4821
f 4682 4821 4682
f 4821 4821 4682
f 4648 4822 4648
f 4822 4682 4822
f 4648 4822 4648
f 4822 4822 4648
f 4682 4682 4822
f 4682 4682 4822
f 4822 4822 4648
f 4682 4822 4822
f 3954 4848 4771
f 4848 4688 4851
f 4771 4851 4670
f 4848 4851 4771
f 4688 4849 4865
f 4849 4649 4862
f 4865 4862 4691
f 4849 4862 4865
f 4670 4863 4772
f 4863 4691 4861
f 4772 4861 4645
f 4863 4861 4772
f 4688 4865 4851
f 4865 4691 4863
f 4851 4863 4670
f 4865 4863 4851
f 4649 4853 4873
f 4853 4689 4876
f 4873 4876 4693
f 4853 4876 4873
f 4689 4852 4855
f 4852 4240 4825
f 4855 4825 4683
f 4852 4825 4855
f 4693 4874 4872
f 4874 4683 4826
f 4872 4826 4648
f 4874 4826 4872
f 4689 4855 4876
f 4855 4683 4874
f 4876 4874 4693
f 4855 4874 4876
f 4645 4831 4769
f 4831 4685 4833
f 4769 4833 4669
f 4831 4833 4769
f 4685 4832 4834
f 4832 4648 4822
f 4834 4822 4682
f 4832 4822 4834
f 4669 4824 4768
f 4824 4682 4821
f 4768 4821 4638
f 4824 4821 4768
f 4685 4834 4833
f 4834 4682 4824
f 4833 4824 4669
f 4834 4824 4833
f 4649 4873 4862
f 4873 4693 4877
f 4862 4877 4691
f 4873 4877 4862
f 4693 4872 4875
f 4872 4648 4832
f 4875 4832 4685
f 4872 4832 4875
f 4691 4864 4861
f 4864 4685 4831
f 4861 4831 4645
f 4864 4831 4861
f 4693 4875 4877
f 4875 4685 4864
f 4877 4864 4691
f 4875 4864 4877
f 3954 4771 4771
f 4771 4670 4670
f 4771 4670 4670
f 4771 4670 4771
f 4670 4772 4772
f 4772 4645 4645
f 4772 4645 4645
f 4772 4645 4772
f 4670 4772 4772
f 4772 4645 4645
f 4772 4645 4645
f 4772 4645 4772
f 4670 4772 4670
f 4772 4645 4772
f 4670 4772 4670
f 4772 4772 4670
f 4645 4769 4769
f 4769 4669 4669
f 4769 4669 4669
f 4769 4669 4769
f 4669 4768 4768
f 4768 4638 4638
f 4768 4638 4638
f 4768 4638 4768
f 4669 4768 4768
f 4768 4638 4638
f 4768 4638 4638
f 4768 4638 4768
f 4669 4768 4669
f 4768 4638 4768
f 4669 4768 4669
f 4768 4768 4669
f 4645 4769 4769
f 4769 4669 4669
f 4769 4669 4669
f 4769 4669 4769
f 4669 4768 4768
f 4768 4638 4638
f 4768 4638 4638
f 4768 4638 4768
f 4669 4768 4768
f 4768 4638 4638
f 4768 4638 4638
f 4768 4638 4768
f 4669 4768 4669
f 4768 4638 4768
f 4669 4768 4669
f 4768 4768 4669
f 4645 4769 4645
f 4769 4669 4769
f 4645 4769 4645
f 4769 4769 4645
f 4669 4768 4669
f 4768 4638 4768
f 4669 4768 4669
f 4768 4768 4669
f 4645 4769 4645
f 4769 4669 4769
f 4645 4769 4645
f 4769 4769 4645
f 4669 4669 4769
f 4669 4669 4769
f 4769 4769 4645
f 4669 4769 4769
f 3131 5009 5013
f 5009 4911 5015
f 5013 5015 4913
f 5009 5015 5013
f 4911 5010 5020
f 5010 4886 5018
f 5020 5018 4915
f 5010 5018 5020
f 4913 5021 5014
f 5021 4915 5019
f 5014 5019 4887
f 5021 5019 5014
f 4911 5020 5015
f 5020 4915 5021
f 5015 5021 4913
f 5020 5021 5015
f 4886 5012 5028
f 5012 4912 5030
f 5028 5030 4918
f 5012 5030 5028
f 4912 5011 5024
f 5011 4878 5022
f 5024 5022 4916
f 5011 5022 5024
f 4918 5032 5029
f 5032 4916 5023
f 5029 5023 4888
f 5032 5023 5029
f 4912 5024 5030
f 5024 4916 5032
f 5030 5032 4918
f 5024 5032 5030
f 4887 5033 5017
f 5033 4919 5035
f 5017 5035 4914
f 5033 5035 5017
f 4919 5034 5037
f 5034 4888 5026
f 5037 5026 4917
f 5034 5026 5037
f 4914 5027 5016
f 5027 4917 5025
f 5016 5025 4879
f 5027 5025 5016
f 4919 5037 5035
f 5037 4917 5027
f 5035 5027 4914
f 5037 5027 5035
f 4886 5028 5018
f 5028 4918 5031
f 5018 5031 4915
f 5028 5031 5018
f 4918 5029 5038
f 5029 4888 5034
f 5038 5034 4919
f 5029 5034 5038
f 4915 5036 5019
f 5036 4919 5033
f 5019 5033 4887
f 5036 5033 5019
f 4918 5038 5031
f 5038 4919 5036
f 5031 5036 4915
f 5038 5036 5031
f 3131 5013 5013
f 5013 4913 4913
f 5013 4913 4913
f 5013 4913 5013
f 4913 5014 5014
f 5014 4887 4887
f 5014 4887 4887
f 5014 4887 5014
f 4913 5014 5014
f 5014 4887 4887
f 5014 4887 4887
f 5014 4887 5014
f 4913 5014 4913
f 5014 4887 5014
f 4913 5014 4913
f 5014 5014 4913
f 4887 5017 5017
f 5017 4914 4914
f 5017 4914 4914
f 5017 4914 5017
f 4914 5016 5016
f 5016 4879 4879
f 5016 4879 4879
f 5016 4879 5016
f 4914 5016 5016
f 5016 4879 4879
f 5016 4879 4879
f 5016 4879 5016
f 4914 5016 4914
f 5016 4879 5016
f 4914 5016 4914
f 5016 5016 4914
f 4887 5017 5017
f 5017 4914 4914
f 5017 4914 4914
f 5017 4914 5017
f 4914 5016 5016
f 5016 4879 4879
f 5016 4879 4879
f 5016 4879 5016
f 4914 5016 5016
f 5016 4879 4879
f 5016 4879 4879
f 5016 4879 5016
f 4914 5016 4914
f 5016 4879 5016
f 4914 5016 4914
f 5016 5016 4914
f 4887 5017 4887
f 5017 4914 5017
f 4887 5017 4887
f 5017 5017 4887
f 4914 5016 4914
f 5016 4879 5016
f 4914 5016 4914
f 5016 5016 4914
f 4887 5017 4887
f 5017 4914 5017
f 4887 5017 4887
f 5017 5017 4887
f 4914 4914 5017
f 4914 4914 5017
f 5017 5017 4887
f 4914 5017 5017
f 4880 5041 5052
f 5041 4921 5054
f 5052 5054 4925
f 5041 5054 5052
f 4921 5042 5060
f 5042 4889 5058
f 5060 5058 4927
f 5042 5058 5060
f 4925 5062 5053
f 5062 4927 5059
f 5053 5059 4891
f 5062 5059 5053
f 4921 5060 5054
f 5060 4927 5062
f 5054 5062 4925
f 5060 5062 5054
f 4889 5040 5048
f 5040 4920 5050
f 5048 5050 4924
f 5040 5050 5048
f 4920 5039 5045
f 5039 4879 5043
f 5045 5043 4922
f 5039 5043 5045
f 4924 5051 5049
f 5051 4922 5044
f 5049 5044 4890
f 5051 5044 5049
f 4920 5045 5050
f 5045 4922 5051
f 5050 5051 4924
f 5045 5051 5050
f 4891 5064 5056
f 5064 4928 5067
f 5056 5067 4926
f 5064 5067 5056
f 4928 5063 5065
f 5063 4890 5047
f 5065 5047 4923
f 5063 5047 5065
f 4926 5057 5055
f 5057 4923 5046
f 5055 5046 4881
f 5057 5046 5055
f 4928 5065 5067
f 5065 4923 5057
f 5067 5057 4926
f 5065 5057 5067
f 4889 5048 5058
f 5048 4924 5061
f 5058 5061 4927
f 5048 5061 5058
f 4924 5049 5066
f 5049 4890 5063
f 5066 5063 4928
f 5049 5063 5066
f 4927 5068 5059
f 5068 4928 5064
f 5059 5064 4891
f 5068 5064 5059
f 4924 5066 5061
f 5066 4928 5068
f 5061 5068 4927
f 5066 5068 5061
f 4880 5052 5052
f 5052 4925 4925
f 5052 4925 4925
f 5052 4925 5052
f 4925 5053 5053
f 5053 4891 4891
f 5053 4891 4891
f 5053 4891 5053
f 4925 5053 5053
f 5053 4891 4891
f 5053 4891 4891
f 5053 4891 5053
f 4925 5053 4925
f 5053 4891 5053
f 4925 5053 4925
f 5053 5053 4925
f 4891 5056 5056
f 5056 4926 4926
f 5056 4926 4926
f 5056 4926 5056
f 4926 5055 5055
f 5055 4881 4881
f 5055 4881 4881
f 5055 4881 5055
f 4926 5055 5055
f 5055 4881 4881
f 5055 4881 4881
f 5055 4881 5055
f 4926 5055 4926
f 5055 4881 5055
f 4926 5055 4926
f 5055 5055 4926
f 4891 5056 5056
f 5056 4926 4926
f 5056 4926 4926
f 5056 4926 5056
f 4926 5055 5055
f 5055 4881 4881
f 5055 4881 4881
f 5055 4881 5055
f 4926 5055 5055
f 5055 4881 4881
f 5055 4881 4881
f 5055 4881 5055
f 4926 5055 4926
f 5055 4881 5055
f 4926 5055 4926
f 5055 5055 4926
f 4891 5056 4891
f 5056 4926 5056
f 4891 5056 4891
f 5056 5056 4891
f 4926 5055 4926
f 5055 4881 5055
f 4926 5055 4926
f 5055 5055 4926
f 4891 5056 4891
f 5056 4926 5056
f 4891 5056 4891
f 5056 5056 4891
f 4926 4926 5056
f 4926 4926 5056
f 5056 5056 4891
f 4926 5056 5056
f 4882 5072 5081
f 5072 4930 5083
f 5081 5083 4933
f 5072 5083 5081
f 4930 5073 5091
f 5073 4892 5089
f 5091 5089 4935
f 5073 5089 5091
f 4933 5093 5082
f 5093 4935 5090
f 5082 5090 4893
f 5093 5090 5082
f 4930 5091 5083
f 5091 4935 5093
f 5083 5093 4933
f 5091 5093 5083
f 4892 5070 5075
f 5070 4929 5077
f 5075 5077 4931
f 5070 5077 5075
f 4929 5069 5071
f 5069 4880 5052
f 5071 5052 4925
f 5069 5052 5071
f 4931 5076 5074
f 5076 4925 5053
f 5074 5053 4891
f 5076 5053 5074
f 4929 5071 5077
f 5071 4925 5076
f 5077 5076 4931
f 5071 5076 5077
f 4893 5085 5079
f 5085 4934 5088
f 5079 5088 4932
f 5085 5088 5079
f 4934 5084 5086
f 5084 4891 5056
f 5086 5056 4926
f 5084 5056 5086
f 4932 5080 5078
f 5080 4926 5055
f 5078 5055 4881
f 5080 5055 5078
f 4934 5086 5088
f 5086 4926 5080
f 5088 5080 4932
f 5086 5080 5088
f 4892 5075 5089
f 5075 4931 5092
f 5089 5092 4935
f 5075 5092 5089
f 4931 5074 5087
f 5074 4891 5084
f 5087 5084 4934
f 5074 5084 5087
f 4935 5094 5090
f 5094 4934 5085
f 5090 5085 4893
f 5094 5085 5090
f 4931 5087 5092
f 5087 4934 5094
f 5092 5094 4935
f 5087 5094 5092
f 4882 5081 5081
f 5081 4933 4933
f 5081 4933 4933
f 5081 4933 5081
f 4933 5082 5082
f 5082 4893 4893
f 5082 4893 4893
f 5082 4893 5082
f 4933 5082 5082
f 5082 4893 4893
f 5082 4893 4893
f 5082 4893 5082
f 4933 5082 4933
f 5082 4893 5082
f 4933 5082 4933
f 5082 5082 4933
f 4893 5079 5079
f 5079 4932 4932
f 5079 4932 4932
f 5079 4932 5079
f 4932 5078 5078
f 5078 4881 4881
f 5078 4881 4881
f 5078 4881 5078
f 4932 5078 5078
f 5078 4881 4881
f 5078 4881 4881
f 5078 4881 5078
f 4932 5078 4932
f 5078 4881 5078
f 4932 5078 4932
f 5078 5078 4932
f 4893 5079 5079
f 5079 4932 4932
f 5079 4932 4932
f 5079 4932 5079
f 4932 5078 5078
f 5078 4881 4881
f 5078 4881 4881
f 5078 4881 5078
f 4932 5078 5078
f 5078 4881 4881
f 5078 4881 4881
f 5078 4881 5078
f 4932 5078 4932
f 5078 4881 5078
f 4932 5078 4932
f 5078 5078 4932
f 4893 5079 4893
f 5079 4932 5079
f 4893 5079 4893
f 5079 5079 4893
f 4932 5078 4932
f 5078 4881 5078
f 4932 5078 4932
f 5078 5078 4932
f 4893 5079 4893
f 5079 4932 5079
f 4893 5079 4893
f 5079 5079 4893
f 4932 4932 5079
f 4932 4932 5079
f 5079 5079 4893
f 4932 5079 5079
f 3320 3462 5126
f 3462 3360 5129
f 5126 5129 4944
f 3462 5129 5126
f 3360 3463 5140
f 3463 3331 5138
f 5140 5138 4947
f 3463 5138 5140
f 4944 5141 5127
f 5141 4947 5139
f 5127 5139 4896
f 5141 5139 5127
f 3360 5140 5129
f 5140 4947 5141
f 5129 5141 4944
f 5140 5141 5129
f 3331 3466 5154
f 3466 3361 5156
f 5154 5156 4951
f 3466 5156 5154
f 3361 3465 5150
f 3465 3321 5148
f 5150 5148 4949
f 3465 5148 5150
f 4951 5158 5155
f 5158 4949 5149
f 5155 5149 4897
f 5158 5149 5155
f 3361 5150 5156
f 5150 4949 5158
f 5156 5158 4951
f 5150 5158 5156
f 4896 5159 5131
f 5159 4952 5161
f 5131 5161 4945
f 5159 5161 5131
f 4952 5160 5163
f 5160 4897 5152
f 5163 5152 4950
f 5160 5152 5163
f 4945 5153 5130
f 5153 4950 5151
f 5130 5151 3133
f 5153 5151 5130
f 4952 5163 5161
f 5163 4950 5153
f 5161 5153 4945
f 5163 5153 5161
f 3331 5154 5138
f 5154 4951 5157
f 5138 5157 4947
f 5154 5157 5138
f 4951 5155 5164
f 5155 4897 5160
f 5164 5160 4952
f 5155 5160 5164
f 4947 5162 5139
f 5162 4952 5159
f 5139 5159 4896
f 5162 5159 5139
f 4951 5164 5157
f 5164 4952 5162
f 5157 5162 4947
f 5164 5162 5157
f 3320 5126 5126
f 5126 4944 4944
f 5126 4944 4944
f 5126 4944 5126
f 4944 5127 5127
f 5127 4896 4896
f 5127 4896 4896
f 5127 4896 5127
f 4944 5127 5127
f 5127 4896 4896
f 5127 4896 4896
f 5127 4896 5127
f 4944 5127 4944
f 5127 4896 5127
f 4944 5127 4944
f 5127 5127 4944
f 4896 5131 5131
f 5131 4945 4945
f 5131 4945 4945
f 5131 4945 5131
f 4945 5130 5130
f 5130 3133 3133
f 5130 3133 3133
f 5130 3133 5130
f 4945 5130 5130
f 5130 3133 3133
f 5130 3133 3133
f 5130 3133 5130
f 4945 5130 4945
f 5130 3133 5130
f 4945 5130 4945
f 5130 5130 4945
f 4896 5131 5131
f 5131 4945 4945
f 5131 4945 4945
f 5131 4945 5131
f 4945 5130 5130
f 5130 3133 3133
f 5130 3133 3133
f 5130 3133 5130
f 4945 5130 5130
f 5130 3133 3133
f 5130 3133 3133
f 5130 3133 5130
f 4945 5130 4945
f 5130 3133 5130
f 4945 5130 4945
f 5130 5130 4945
f 4896 5131 4896
f 5131 4945 5131
f 4896 5131 4896
f 5131 5131 4896
f 4945 5130 4945
f 5130 3133 5130
f 4945 5130 4945
f 5130 5130 4945
f 4896 5131 4896
f 5131 4945 5131
f 4896 5131 4896
f 5131 5131 4896
f 4945 4945 5131
f 4945 4945 5131
f 5131 5131 4896
f 4945 5131 5131
f 3133 3293 5130
f 3293 3176 5132
f 5130 5132 4945
f 3293 5132 5130
f 3176 3294 5144
f 3294 3143 5142
f 5144 5142 4948
f 3294 5142 5144
f 4945 5146 5131
f 5146 4948 5143
f 5131 5143 4896
f 5146 5143 5131
f 3176 5144 5132
f 5144 4948 5146
f 5132 5146 4945
f 5144 5146 5132
f 3143 3291 5123
f 3291 3175 5125
f 5123 5125 4943
f 3291 5125 5123
f 3175 3290 5121
f 3290 3131 5095
f 5121 5095 4936
f 3290 5095 5121
f 4943 5124 5122
f 5124 4936 5096
f 5122 5096 4894
f 5124 5096 5122
f 3175 5121 5125
f 5121 4936 5124
f 5125 5124 4943
f 5121 5124 5125
f 4896 5134 5127
f 5134 4946 5137
f 5127 5137 4944
f 5134 5137 5127
f 4946 5133 5135
f 5133 4894 5099
f 5135 5099 4937
f 5133 5099 5135
f 4944 5128 5126
f 5128 4937 5098
f 5126 5098 3320
f 5128 5098 5126
f 4946 5135 5137
f 5135 4937 5128
f 5137 5128 4944
f 5135 5128 5137
f 3143 5123 5142
f 5123 4943 5145
f 5142 5145 4948
f 5123 5145 5142
f 4943 5122 5136
f 5122 4894 5133
f 5136 5133 4946
f 5122 5133 5136
f 4948 5147 5143
f 5147 4946 5134
f 5143 5134 4896
f 5147 5134 5143
f 4943 5136 5145
f 5136 4946 5147
f 5145 5147 4948
f 5136 5147 5145
f 3133 5130 5130
f 5130 4945 4945
f 5130 4945 4945
f 5130 4945 5130
f 4945 5131 5131
f 5131 4896 4896
f 5131 4896 4896
f 5131 4896 5131
f 4945 5131 5131
f 5131 4896 4896
f 5131 4896 4896
f 5131 4896 5131
f 4945 5131 4945
f 5131 4896 5131
f 4945 5131 4945
f 5131 5131 4945
f 4896 5127 5127
f 5127 4944 4944
f 5127 4944 4944
f 5127 4944 5127
f 4944 5126 5126
f 5126 3320 3320
f 5126 3320 3320
f 5126 3320 5126
f 4944 5126 5126
f 5126 3320 3320
f 5126 3320 3320
f 5126 3320 5126
f 4944 5126 4944
f 5126 3320 5126
f 4944 5126 4944
f 5126 5126 4944
f 4896 5127 5127
f 5127 4944 4944
f 5127 4944 4944
f 5127 4944 5127
f 4944 5126 5126
f 5126 3320 3320
f 5126 3320 3320
f 5126 3320 5126
f 4944 5126 5126
f 5126 3320 3320
f 5126 3320 3320
f 5126 3320 5126
f 4944 5126 4944
f 5126 3320 5126
f 4944 5126 4944
f 5126 5126 4944
f 4896 5127 4896
f 5127 4944 5127
f 4896 5127 4896
f 5127 5127 4896
f 4944 5126 4944
f 5126 3320 5126
f 4944 5126 4944
f 5126 5126 4944
f 4896 5127 4896
f 5127 4944 5127
f 4896 5127 4896
f 5127 5127 4896
f 4944 4944 5127
f 4944 4944 5127
f 5127 5127 4896
f 4944 5127 5127
f 3644 3796 5168
f 3796 3683 5175
f 5168 5175 4954
f 3796 5175 5168
f 3683 3797 5185
f 3797 3653 5182
f 5185 5182 4957
f 3797 5182 5185
f 4954 5183 5169
f 5183 4957 5181
f 5169 5181 4898
f 5183 5181 5169
f 3683 5185 5175
f 5185 4957 5183
f 5175 5183 4954
f 5185 5183 5175
f 3653 3800 5177
f 3800 3684 5180
f 5177 5180 4956
f 3800 5180 5177
f 3684 3799 5174
f 3799 3320 5107
f 5174 5107 4940
f 3799 5107 5174
f 4956 5178 5176
f 5178 4940 5108
f 5176 5108 4895
f 5178 5108 5176
f 3684 5174 5180
f 5174 4940 5178
f 5180 5178 4956
f 5174 5178 5180
f 4898 5171 5166
f 5171 4955 5173
f 5166 5173 4953
f 5171 5173 5166
f 4955 5170 5172
f 5170 4895 5105
f 5172 5105 4939
f 5170 5105 5172
f 4953 5167 5165
f 5167 4939 5104
f 5165 5104 4879
f 5167 5104 5165
f 4955 5172 5173
f 5172 4939 5167
f 5173 5167 4953
f 5172 5167 5173
f 3653 5177 5182
f 5177 4956 5186
f 5182 5186 4957
f 5177 5186 5182
f 4956 5176 5179
f 5176 4895 5170
f 5179 5170 4955
f 5176 5170 5179
f 4957 5184 5181
f 5184 4955 5171
f 5181 5171 4898
f 5184 5171 5181
f 4956 5179 5186
f 5179 4955 5184
f 5186 5184 4957
f 5179 5184 5186
f 3644 5168 5168
f 5168 4954 4954
f 5168 4954 4954
f 5168 4954 5168
f 4954 5169 5169
f 5169 4898 4898
f 5169 4898 4898
f 5169 4898 5169
f 4954 5169 5169
f 5169 4898 4898
f 5169 4898 4898
f 5169 4898 5169
f 4954 5169 4954
f 5169 4898 5169
f 4954 5169 4954
f 5169 5169 4954
f 4898 5166 5166
f 5166 4953 4953
f 5166 4953 4953
f 5166 4953 5166
f 4953 5165 5165
f 5165 4879 4879
f 5165 4879 4879
f 5165 4879 5165
f 4953 5165 5165
f 5165 4879 4879
f 5165 4879 4879
f 5165 4879 5165
f 4953 5165 4953
f 5165 4879 5165
f 4953 5165 4953
f 5165 5165 4953
f 4898 5166 5166
f 5166 4953 4953
f 5166 4953 4953
f 5166 4953 5166
f 4953 5165 5165
f 5165 4879 4879
f 5165 4879 4879
f 5165 4879 5165
f 4953 5165 5165
f 5165 4879 4879
f 5165 4879 4879
f 5165 4879 5165
f 4953 5165 4953
f 5165 4879 5165
f 4953 5165 4953
f 5165 5165 4953
f 4898 5166 4898
f 5166 4953 5166
f 4898 5166 4898
f 5166 5166 4898
f 4953 5165 4953
f 5165 4879 5165
f 4953 5165 4953
f 5165 5165 4953
f 4898 5166 4898
f 5166 4953 5166
f 4898 5166 4898
f 5166 5166 4898
f 4953 4953 5166
f 4953 4953 5166
f 5166 5166 4898
f 4953 5166 5166
f 3321 3488 5148
f 3488 3367 5187
f 5148 5187 4949
f 3488 5187 5148
f 3367 3489 5191
f 3489 3333 5189
f 5191 5189 4958
f 3489 5189 5191
f 4949 5190 5149
f 5190 4958 5188
f 5149 5188 4897
f 5190 5188 5149
f 3367 5191 5187
f 5191 4958 5190
f 5187 5190 4949
f 5191 5190 5187
f 3333 3492 5203
f 3492 3368 5205
f 5203 5205 4962
f 3492 5205 5203
f 3368 3491 5197
f 3491 3322 5195
f 5197 5195 4960
f 3491 5195 5197
f 4962 5207 5204
f 5207 4960 5196
f 5204 5196 4899
f 5207 5196 5204
f 3368 5197 5205
f 5197 4960 5207
f 5205 5207 4962
f 5197 5207 5205
f 4897 5198 5152
f 5198 4961 5200
f 5152 5200 4950
f 5198 5200 5152
f 4961 5199 5202
f 5199 4899 5193
f 5202 5193 4959
f 5199 5193 5202
f 4950 5194 5151
f 5194 4959 5192
f 5151 5192 3133
f 5194 5192 5151
f 4961 5202 5200
f 5202 4959 5194
f 5200 5194 4950
f 5202 5194 5200
f 3333 5203 5189
f 5203 4962 5206
f 5189 5206 4958
f 5203 5206 5189
f 4962 5204 5208
f 5204 4899 5199
f 5208 5199 4961
f 5204 5199 5208
f 4958 5201 5188
f 5201 4961 5198
f 5188 5198 4897
f 5201 5198 5188
f 4962 5208 5206
f 5208 4961 5201
f 5206 5201 4958
f 5208 5201 5206
f 3321 5148 5148
f 5148 4949 4949
f 5148 4949 4949
f 5148 4949 5148
f 4949 5149 5149
f 5149 4897 4897
f 5149 4897 4897
f 5149 4897 5149
f 4949 5149 5149
f 5149 4897 4897
f 5149 4897 4897
f 5149 4897 5149
f 4949 5149 4949
f 5149 4897 5149
f 4949 5149 4949
f 5149 5149 4949
f 4897 5152 5152
f 5152 4950 4950
f 5152 4950 4950
f 5152 4950 5152
f 4950 5151 5151
f 5151 3133 3133
f 5151 3133 3133
f 5151 3133 5151
f 4950 5151 5151
f 5151 3133 3133
f 5151 3133 3133
f 5151 3133 5151
f 4950 5151 4950
f 5151 3133 5151
f 4950 5151 4950
f 5151 5151 4950
f 4897 5152 5152
f 5152 4950 4950
f 5152 4950 4950
f 5152 4950 5152
f 4950 5151 5151
f 5151 3133 3133
f 5151 3133 3133
f 5151 3133 5151
f 4950 5151 5151
f 5151 3133 3133
f 5151 3133 3133
f 5151 3133 5151
f 4950 5151 4950
f 5151 3133 5151
f 4950 5151 4950
f 5151 5151 4950
f 4897 5152 4897
f 5152 4950 5152
f 4897 5152 4897
f 5152 5152 4897
f 4950 5151 4950
f 5151 3133 5151
f 4950 5151 4950
f 5151 5151 4950
f 4897 5152 4897
f 5152 4950 5152
f 4897 5152 4897
f 5152 5152 4897
f 4950 4950 5152
f 4950 4950 5152
f 5152 5152 4897
f 4950 5152 5152
f 3507 5209 5222
f 5209 4963 5225
f 5222 5225 4968
f 5209 5225 5222
f 4963 5210 5236
f 5210 4900 5234
f 5236 5234 4971
f 5210 5234 5236
f 4968 5237 5223
f 5237 4971 5235
f 5223 5235 4902
f 5237 5235 5223
f 4963 5236 5225
f 5236 4971 5237
f 5225 5237 4968
f 5236 5237 5225
f 4900 5212 5250
f 5212 4964 5252
f 5250 5252 4975
f 5212 5252 5250
f 4964 5211 5246
f 5211 4883 5244
f 5246 5244 4973
f 5211 5244 5246
f 4975 5254 5251
f 5254 4973 5245
f 5251 5245 4903
f 5254 5245 5251
f 4964 5246 5252
f 5246 4973 5254
f 5252 5254 4975
f 5246 5254 5252
f 4902 5255 5227
f 5255 4976 5257
f 5227 5257 4969
f 5255 5257 5227
f 4976 5256 5259
f 5256 4903 5248
f 5259 5248 4974
f 5256 5248 5259
f 4969 5249 5226
f 5249 4974 5247
f 5226 5247 4884
f 5249 5247 5226
f 4976 5259 5257
f 5259 4974 5249
f 5257 5249 4969
f 5259 5249 5257
f 4900 5250 5234
f 5250 4975 5253
f 5234 5253 4971
f 5250 5253 5234
f 4975 5251 5260
f 5251 4903 5256
f 5260 5256 4976
f 5251 5256 5260
f 4971 5258 5235
f 5258 4976 5255
f 5235 5255 4902
f 5258 5255 5235
f 4975 5260 5253
f 5260 4976 5258
f 5253 5258 4971
f 5260 5258 5253
f 3507 5222 5222
f 5222 4968 4968
f 5222 4968 4968
f 5222 4968 5222
f 4968 5223 5223
f 5223 4902 4902
f 5223 4902 4902
f 5223 4902 5223
f 4968 5223 5223
f 5223 4902 4902
f 5223 4902 4902
f 5223 4902 5223
f 4968 5223 4968
f 5223 4902 5223
f 4968 5223 4968
f 5223 5223 4968
f 4902 5227 5227
f 5227 4969 4969
f 5227 4969 4969
f 5227 4969 5227
f 4969 5226 5226
f 5226 4884 4884
f 5226 4884 4884
f 5226 4884 5226
f 4969 5226 5226
f 5226 4884 4884
f 5226 4884 4884
f 5226 4884 5226
f 4969 5226 4969
f 5226 4884 5226
f 4969 5226 4969
f 5226 5226 4969
f 4902 5227 5227
f 5227 4969 4969
f 5227 4969 4969
f 5227 4969 5227
f 4969 5226 5226
f 5226 4884 4884
f 5226 4884 4884
f 5226 4884 5226
f 4969 5226 5226
f 5226 4884 4884
f 5226 4884 4884
f 5226 4884 5226
f 4969 5226 4969
f 5226 4884 5226
f 4969 5226 4969
f 5226 5226 4969
f 4902 5227 4902
f 5227 4969 5227
f 4902 5227 4902
f 5227 5227 4902
f 4969 5226 4969
f 5226 4884 5226
f 4969 5226 4969
f 5226 5226 4969
f 4902 5227 4902
f 5227 4969 5227
f 4902 5227 4902
f 5227 5227 4902
f 4969 4969 5227
f 4969 4969 5227
f 5227 5227 4902
f 4969 5227 5227
f 4884 5216 5226
f 5216 4966 5228
f 5226 5228 4969
f 5216 5228 5226
f 4966 5217 5240
f 5217 4901 5238
f 5240 5238 4972
f 5217 5238 5240
f 4969 5242 5227
f 5242 4972 5239
f 5227 5239 4902
f 5242 5239 5227
f 4966 5240 5228
f 5240 4972 5242
f 5228 5242 4969
f 5240 5242 5228
f 4901 5214 5219
f 5214 4965 5221
f 5219 5221 4967
f 5214 5221 5219
f 4965 5213 5215
f 5213 3322 3622
f 5215 3622 3537
f 5213 3622 5215
f 4967 5220 5218
f 5220 3537 3623
f 5218 3623 3514
f 5220 3623 5218
f 4965 5215 5221
f 5215 3537 5220
f 5221 5220 4967
f 5215 5220 5221
f 4902 5230 5223
f 5230 4970 5233
f 5223 5233 4968
f 5230 5233 5223
f 4970 5229 5231
f 5229 3514 3620
f 5231 3620 3536
f 5229 3620 5231
f 4968 5224 5222
f 5224 3536 3619
f 5222 3619 3507
f 5224 3619 5222
f 4970 5231 5233
f 5231 3536 5224
f 5233 5224 4968
f 5231 5224 5233
f 4901 5219 5238
f 5219 4967 5241
f 5238 5241 4972
f 5219 5241 5238
f 4967 5218 5232
f 5218 3514 5229
f 5232 5229 4970
f 5218 5229 5232
f 4972 5243 5239
f 5243 4970 5230
f 5239 5230 4902
f 5243 5230 5239
f 4967 5232 5241
f 5232 4970 5243
f 5241 5243 4972
f 5232 5243 5241
f 4884 5226 5226
f 5226 4969 4969
f 5226 4969 4969
f 5226 4969 5226
f 4969 5227 5227
f 5227 4902 4902
f 5227 4902 4902
f 5227 4902 5227
f 4969 5227 5227
f 5227 4902 4902
f 5227 4902 4902
f 5227 4902 5227
f 4969 5227 4969
f 5227 4902 5227
f 4969 5227 4969
f 5227 5227 4969
f 4902 5223 5223
f 5223 4968 4968
f 5223 4968 4968
f 5223 4968 5223
f 4968 5222 5222
f 5222 3507 3507
f 5222 3507 3507
f 5222 3507 5222
f 4968 5222 5222
f 5222 3507 3507
f 5222 3507 3507
f 5222 3507 5222
f 4968 5222 4968
f 5222 3507 5222
f 4968 5222 4968
f 5222 5222 4968
f 4902 5223 5223
f 5223 4968 4968
f 5223 4968 4968
f 5223 4968 5223
f 4968 5222 5222
f 5222 3507 3507
f 5222 3507 3507
f 5222 3507 5222
f 4968 5222 5222
f 5222 3507 3507
f 5222 3507 3507
f 5222 3507 5222
f 4968 5222 4968
f 5222 3507 5222
f 4968 5222 4968
f 5222 5222 4968
f 4902 5223 4902
f 5223 4968 5223
f 4902 5223 4902
f 5223 5223 4902
f 4968 5222 4968
f 5222 3507 5222
f 4968 5222 4968
f 5222 5222 4968
f 4902 5223 4902
f 5223 4968 5223
f 4902 5223 4902
f 5223 5223 4902
f 4968 4968 5223
f 4968 4968 5223
f 5223 5223 4902
f 4968 5223 5223
f 4879 5261 5287
f 5261 4977 5290
f 5287 5290 4984
f 5261 5290 5287
f 4977 5262 5299
f 5262 4904 5297
f 5299 5297 4987
f 5262 5297 5299
f 4984 5300 5288
f 5300 4987 5298
f 5288 5298 4906
f 5300 5298 5288
f 4977 5299 5290
f 5299 4987 5300
f 5290 5300 4984
f 5299 5300 5290
f 4904 5265 5316
f 5265 4978 5318
f 5316 5318 4990
f 5265 5318 5316
f 4978 5264 5314
f 5264 3642 3739
f 5314 3739 3668
f 5264 3739 5314
f 4990 5320 5317
f 5320 3668 3740
f 5317 3740 3649
f 5320 3740 5317
f 4978 5314 5318
f 5314 3668 5320
f 5318 5320 4990
f 5314 5320 5318
f 4906 5321 5292
f 5321 4991 5323
f 5292 5323 4985
f 5321 5323 5292
f 4991 5322 5325
f 5322 3649 3743
f 5325 3743 3669
f 5322 3743 5325
f 4985 5315 5291
f 5315 3669 3742
f 5291 3742 3643
f 5315 3742 5291
f 4991 5325 5323
f 5325 3669 5315
f 5323 5315 4985
f 5325 5315 5323
f 4904 5316 5297
f 5316 4990 5319
f 5297 5319 4987
f 5316 5319 5297
f 4990 5317 5326
f 5317 3649 5322
f 5326 5322 4991
f 5317 5322 5326
f 4987 5324 5298
f 5324 4991 5321
f 5298 5321 4906
f 5324 5321 5298
f 4990 5326 5319
f 5326 4991 5324
f 5319 5324 4987
f 5326 5324 5319
f 4879 5287 5287
f 5287 4984 4984
f 5287 4984 4984
f 5287 4984 5287
f 4984 5288 5288
f 5288 4906 4906
f 5288 4906 4906
f 5288 4906 5288
f 4984 5288 5288
f 5288 4906 4906
f 5288 4906 4906
f 5288 4906 5288
f 4984 5288 4984
f 5288 4906 5288
f 4984 5288 4984
f 5288 5288 4984
f 4906 5292 5292
f 5292 4985 4985
f 5292 4985 4985
f 5292 4985 5292
f 4985 5291 5291
f 5291 3643 3643
f 5291 3643 3643
f 5291 3643 5291
f 4985 5291 5291
f 5291 3643 3643
f 5291 3643 3643
f 5291 3643 5291
f 4985 5291 4985
f 5291 3643 5291
f 4985 5291 4985
f 5291 5291 4985
f 4906 5292 5292
f 5292 4985 4985
f 5292 4985 4985
f 5292 4985 5292
f 4985 5291 5291
f 5291 3643 3643
f 5291 3643 3643
f 5291 3643 5291
f 4985 5291 5291
f 5291 3643 3643
f 5291 3643 3643
f 5291 3643 5291
f 4985 5291 4985
f 5291 3643 5291
f 4985 5291 4985
f 5291 5291 4985
f 4906 5292 4906
f 5292 4985 5292
f 4906 5292 4906
f 5292 5292 4906
f 4985 5291 4985
f 5291 3643 5291
f 4985 5291 4985
f 5291 5291 4985
f 4906 5292 4906
f 5292 4985 5292
f 4906 5292 4906
f 5292 5292 4906
f 4985 4985 5292
f 4985 4985 5292
f 5292 5292 4906
f 4985 5292 5292
f 4883 5211 5332
f 5211 4964 5334
f 5332 5334 4993
f 5211 5334 5332
f 4964 5212 5340
f 5212 4900 5338
f 5340 5338 4995
f 5212 5338 5340
f 4993 5342 5333
f 5342 4995 5339
f 5333 5339 4907
f 5342 5339 5333
f 4964 5340 5334
f 5340 4995 5342
f 5334 5342 4993
f 5340 5342 5334
f 4900 5210 5328
f 5210 4963 5330
f 5328 5330 4992
f 5210 5330 5328
f 4963 5209 5327
f 5209 3507 3583
f 5327 3583 3528
f 5209 3583 5327
f 4992 5331 5329
f 5331 3528 3584
f 5329 3584 3512
f 5331 3584 5329
f 4963 5327 5330
f 5327 3528 5331
f 5330 5331 4992
f 5327 5331 5330
f 4907 5344 5336
f 5344 4996 5347
f 5336 5347 4994
f 5344 5347 5336
f 4996 5343 5345
f 5343 3512 3581
f 5345 3581 3527
f 5343 3581 5345
f 4994 5337 5335
f 5337 3527 3580
f 5335 3580 3506
f 5337 3580 5335
f 4996 5345 5347
f 5345 3527 5337
f 5347 5337 4994
f 5345 5337 5347
f 4900 5328 5338
f 5328 4992 5341
f 5338 5341 4995
f 5328 5341 5338
f 4992 5329 5346
f 5329 3512 5343
f 5346 5343 4996
f 5329 5343 5346
f 4995 5348 5339
f 5348 4996 5344
f 5339 5344 4907
f 5348 5344 5339
f 4992 5346 5341
f 5346 4996 5348
f 5341 5348 4995
f 5346 5348 5341
f 4883 5332 5332
f 5332 4993 4993
f 5332 4993 4993
f 5332 4993 5332
f 4993 5333 5333
f 5333 4907 4907
f 5333 4907 4907
f 5333 4907 5333
f 4993 5333 5333
f 5333 4907 4907
f 5333 4907 4907
f 5333 4907 5333
f 4993 5333 4993
f 5333 4907 5333
f 4993 5333 4993
f 5333 5333 4993
f 4907 5336 5336
f 5336 4994 4994
f 5336 4994 4994
f 5336 4994 5336
f 4994 5335 5335
f 5335 3506 3506
f 5335 3506 3506
f 5335 3506 5335
f 4994 5335 5335
f 5335 3506 3506
f 5335 3506 3506
f 5335 3506 5335
f 4994 5335 4994
f 5335 3506 5335
f 4994 5335 4994
f 5335 5335 4994
f 4907 5336 5336
f 5336 4994 4994
f 5336 4994 4994
f 5336 4994 5336
f 4994 5335 5335
f 5335 3506 3506
f 5335 3506 3506
f 5335 3506 5335
f 4994 5335 5335
f 5335 3506 3506
f 5335 3506 3506
f 5335 3506 5335
f 4994 5335 4994
f 5335 3506 5335
f 4994 5335 4994
f 5335 5335 4994
f 4907 5336 4907
f 5336 4994 5336
f 4907 5336 4907
f 5336 5336 4907
f 4994 5335 4994
f 5335 3506 5335
f 4994 5335 4994
f 5335 5335 4994
f 4907 5336 4907
f 5336 4994 5336
f 4907 5336 4907
f 5336 5336 4907
f 4994 4994 5336
f 4994 4994 5336
f 5336 5336 4907
f 4994 5336 5336
f 4879 5104 5016
f 5104 4939 5106
f 5016 5106 4914
f 5104 5106 5016
f 4939 5105 5114
f 5105 4895 5111
f 5114 5111 4941
f 5105 5111 5114
f 4914 5112 5017
f 5112 4941 5110
f 5017 5110 4887
f 5112 5110 5017
f 4939 5114 5106
f 5114 4941 5112
f 5106 5112 4914
f 5114 5112 5106
f 4895 5108 5116
f 5108 4940 5119
f 5116 5119 4942
f 5108 5119 5116
f 4940 5107 5109
f 5107 3320 5098
f 5109 5098 4937
f 5107 5098 5109
f 4942 5117 5115
f 5117 4937 5099
f 5115 5099 4894
f 5117 5099 5115
f 4940 5109 5119
f 5109 4937 5117
f 5119 5117 4942
f 5109 5117 5119
f 4887 5100 5014
f 5100 4938 5102
f 5014 5102 4913
f 5100 5102 5014
f 4938 5101 5103
f 5101 4894 5096
f 5103 5096 4936
f 5101 5096 5103
f 4913 5097 5013
f 5097 4936 5095
f 5013 5095 3131
f 5097 5095 5013
f 4938 5103 5102
f 5103 4936 5097
f 5102 5097 4913
f 5103 5097 5102
f 4895 5116 5111
f 5116 4942 5120
f 5111 5120 4941
f 5116 5120 5111
f 4942 5115 5118
f 5115 4894 5101
f 5118 5101 4938
f 5115 5101 5118
f 4941 5113 5110
f 5113 4938 5100
f 5110 5100 4887
f 5113 5100 5110
f 4942 5118 5120
f 5118 4938 5113
f 5120 5113 4941
f 5118 5113 5120
f 4879 5016 5016
f 5016 4914 4914
f 5016 4914 4914
f 5016 4914 5016
f 4914 5017 5017
f 5017 4887 4887
f 5017 4887 4887
f 5017 4887 5017
f 4914 5017 5017
f 5017 4887 4887
f 5017 4887 4887
f 5017 4887 5017
f 4914 5017 4914
f 5017 4887 5017
f 4914 5017 4914
f 5017 5017 4914
f 4887 5014 5014
f 5014 4913 4913
f 5014 4913 4913
f 5014 4913 5014
f 4913 5013 5013
f 5013 3131 3131
f 5013 3131 3131
f 5013 3131 5013
f 4913 5013 5013
f 5013 3131 3131
f 5013 3131 3131
f 5013 3131 5013
f 4913 5013 4913
f 5013 3131 5013
f 4913 5013 4913
f 5013 5013 4913
f 4887 5014 5014
f 5014 4913 4913
f 5014 4913 4913
f 5014 4913 5014
f 4913 5013 5013
f 5013 3131 3131
f 5013 3131 3131
f 5013 3131 5013
f 4913 5013 5013
f 5013 3131 3131
f 5013 3131 3131
f 5013 3131 5013
f 4913 5013 4913
f 5013 3131 5013
f 4913 5013 4913
f 5013 5013 4913
f 4887 5014 4887
f 5014 4913 5014
f 4887 5014 4887
f 5014 5014 4887
f 4913 5013 4913
f 5013 3131 5013
f 4913 5013 4913
f 5013 5013 4913
f 4887 5014 4887
f 5014 4913 5014
f 4887 5014 4887
f 5014 5014 4887
f 4913 4913 5014
f 4913 4913 5014
f 5014 5014 4887
f 4913 5014 5014
f 3322 5358 5195
f 5358 5000 5360
f 5195 5360 4960
f 5358 5360 5195
f 5000 5359 5369
f 5359 4909 5366
f 5369 5366 5002
f 5359 5366 5369
f 4960 5367 5196
f 5367 5002 5365
f 5196 5365 4899
f 5367 5365 5196
f 5000 5369 5360
f 5369 5002 5367
f 5360 5367 4960
f 5369 5367 5360
f 4909 5363 5375
f 5363 5001 5378
f 5375 5378 5004
f 5363 5378 5375
f 5001 5362 5364
f 5362 4885 5352
f 5364 5352 4998
f 5362 5352 5364
f 5004 5376 5374
f 5376 4998 5353
f 5374 5353 4908
f 5376 5353 5374
f 5001 5364 5378
f 5364 4998 5376
f 5378 5376 5004
f 5364 5376 5378
f 4899 5354 5193
f 5354 4999 5356
f 5193 5356 4959
f 5354 5356 5193
f 4999 5355 5357
f 5355 4908 5350
f 5357 5350 4997
f 5355 5350 5357
f 4959 5351 5192
f 5351 4997 5349
f 5192 5349 3133
f 5351 5349 5192
f 4999 5357 5356
f 5357 4997 5351
f 5356 5351 4959
f 5357 5351 5356
f 4909 5375 5366
f 5375 5004 5379
f 5366 5379 5002
f 5375 5379 5366
f 5004 5374 5377
f 5374 4908 5355
f 5377 5355 4999
f 5374 5355 5377
f 5002 5368 5365
f 5368 4999 5354
f 5365 5354 4899
f 5368 5354 5365
f 5004 5377 5379
f 5377 4999 5368
f 5379 5368 5002
f 5377 5368 5379
f 3322 5195 5195
f 5195 4960 4960
f 5195 4960 4960
f 5195 4960 5195
f 4960 5196 5196
f 5196 4899 4899
f 5196 4899 4899
f 5196 4899 5196
f 4960 5196 5196
f 5196 4899 4899
f 5196 4899 4899
f 5196 4899 5196
f 4960 5196 4960
f 5196 4899 5196
f 4960 5196 4960
f 5196 5196 4960
f 4899 5193 5193
f 5193 4959 4959
f 5193 4959 4959
f 5193 4959 5193
f 4959 5192 5192
f 5192 3133 3133
f 5192 3133 3133
f 5192 3133 5192
f 4959 5192 5192
f 5192 3133 3133
f 5192 3133 3133
f 5192 3133 5192
f 4959 5192 4959
f 5192 3133 5192
f 4959 5192 4959
f 5192 5192 4959
f 4899 5193 5193
f 5193 4959 4959
f 5193 4959 4959
f 5193 4959 5193
f 4959 5192 5192
f 5192 3133 3133
f 5192 3133 3133
f 5192 3133 5192
f 4959 5192 5192
f 5192 3133 3133
f 5192 3133 3133
f 5192 3133 5192
f 4959 5192 4959
f 5192 3133 5192
f 4959 5192 4959
f 5192 5192 4959
f 4899 5193 4899
f 5193 4959 5193
f 4899 5193 4899
f 5193 5193 4899
f 4959 5192 4959
f 5192 3133 5192
f 4959 5192 4959
f 5192 5192 4959
f 4899 5193 4899
f 5193 4959 5193
f 4899 5193 4899
f 5193 5193 4899
f 4959 4959 5193
f 4959 4959 5193
f 5193 5193 4899
f 4959 5193 5193
f 4879 5287 5165
f 5287 4984 5289
f 5165 5289 4953
f 5287 5289 5165
f 4984 5288 5296
f 5288 4906 5294
f 5296 5294 4986
f 5288 5294 5296
f 4953 5295 5166
f 5295 4986 5293
f 5166 5293 4898
f 5295 5293 5166
f 4984 5296 5289
f 5296 4986 5295
f 5289 5295 4953
f 5296 5295 5289
f 4906 5292 5308
f 5292 4985 5310
f 5308 5310 4989
f 5292 5310 5308
f 4985 5291 5302
f 5291 3643 3774
f 5302 3774 3678
f 5291 3774 5302
f 4989 5312 5309
f 5312 3678 3775
f 5309 3775 3652
f 5312 3775 5309
f 4985 5302 5310
f 5302 3678 5312
f 5310 5312 4989
f 5302 5312 5310
f 4898 5303 5169
f 5303 4988 5305
f 5169 5305 4954
f 5303 5305 5169
f 4988 5304 5307
f 5304 3652 3778
f 5307 3778 3679
f 5304 3778 5307
f 4954 5301 5168
f 5301 3679 3777
f 5168 3777 3644
f 5301 3777 5168
f 4988 5307 5305
f 5307 3679 5301
f 5305 5301 4954
f 5307 5301 5305
f 4906 5308 5294
f 5308 4989 5311
f 5294 5311 4986
f 5308 5311 5294
f 4989 5309 5313
f 5309 3652 5304
f 5313 5304 4988
f 5309 5304 5313
f 4986 5306 5293
f 5306 4988 5303
f 5293 5303 4898
f 5306 5303 5293
f 4989 5313 5311
f 5313 4988 5306
f 5311 5306 4986
f 5313 5306 5311
f 4879 5165 5165
f 5165 4953 4953
f 5165 4953 4953
f 5165 4953 5165
f 4953 5166 5166
f 5166 4898 4898
f 5166 4898 4898
f 5166 4898 5166
f 4953 5166 5166
f 5166 4898 4898
f 5166 4898 4898
f 5166 4898 5166
f 4953 5166 4953
f 5166 4898 5166
f 4953 5166 4953
f 5166 5166 4953
f 4898 5169 5169
f 5169 4954 4954
f 5169 4954 4954
f 5169 4954 5169
f 4954 5168 5168
f 5168 3644 3644
f 5168 3644 3644
f 5168 3644 5168
f 4954 5168 5168
f 5168 3644 3644
f 5168 3644 3644
f 5168 3644 5168
f 4954 5168 4954
f 5168 3644 5168
f 4954 5168 4954
f 5168 5168 4954
f 4898 5169 5169
f 5169 4954 4954
f 5169 4954 4954
f 5169 4954 5169
f 4954 5168 5168
f 5168 3644 3644
f 5168 3644 3644
f 5168 3644 5168
f 4954 5168 5168
f 5168 3644 3644
f 5168 3644 3644
f 5168 3644 5168
f 4954 5168 4954
f 5168 3644 5168
f 4954 5168 4954
f 5168 5168 4954
f 4898 5169 4898
f 5169 4954 5169
f 4898 5169 4898
f 5169 5169 4898
f 4954 5168 4954
f 5168 3644 5168
f 4954 5168 4954
f 5168 5168 4954
f 4898 5169 4898
f 5169 4954 5169
f 4898 5169 4898
f 5169 5169 4898
f 4954 4954 5169
f 4954 4954 5169
f 5169 5169 4898
f 4954 5169 5169
f 4885 5362 5383
f 5362 5001 5385
f 5383 5385 5006
f 5362 5385 5383
f 5001 5363 5393
f 5363 4909 5391
f 5393 5391 5008
f 5363 5391 5393
f 5006 5395 5384
f 5395 5008 5392
f 5384 5392 4910
f 5395 5392 5384
f 5001 5393 5385
f 5393 5008 5395
f 5385 5395 5006
f 5393 5395 5385
f 4909 5359 5371
f 5359 5000 5373
f 5371 5373 5003
f 5359 5373 5371
f 5000 5358 5361
f 5358 3322 5213
f 5361 5213 4965
f 5358 5213 5361
f 5003 5372 5370
f 5372 4965 5214
f 5370 5214 4901
f 5372 5214 5370
f 5000 5361 5373
f 5361 4965 5372
f 5373 5372 5003
f 5361 5372 5373
f 4910 5387 5381
f 5387 5007 5390
f 5381 5390 5005
f 5387 5390 5381
f 5007 5386 5388
f 5386 4901 5217
f 5388 5217 4966
f 5386 5217 5388
f 5005 5382 5380
f 5382 4966 5216
f 5380 5216 4884
f 5382 5216 5380
f 5007 5388 5390
f 5388 4966 5382
f 5390 5382 5005
f 5388 5382 5390
f 4909 5371 5391
f 5371 5003 5394
f 5391 5394 5008
f 5371 5394 5391
f 5003 5370 5389
f 5370 4901 5386
f 5389 5386 5007
f 5370 5386 5389
f 5008 5396 5392
f 5396 5007 5387
f 5392 5387 4910
f 5396 5387 5392
f 5003 5389 5394
f 5389 5007 5396
f 5394 5396 5008
f 5389 5396 5394
f 4885 5383 5383
f 5383 5006 5006
f 5383 5006 5006
f 5383 5006 5383
f 5006 5384 5384
f 5384 4910 4910
f 5384 4910 4910
f 5384 4910 5384
f 5006 5384 5384
f 5384 4910 4910
f 5384 4910 4910
f 5384 4910 5384
f 5006 5384 5006
f 5384 4910 5384
f 5006 5384 5006
f 5384 5384 5006
f 4910 5381 5381
f 5381 5005 5005
f 5381 5005 5005
f 5381 5005 5381
f 5005 5380 5380
f 5380 4884 4884
f 5380 4884 4884
f 5380 4884 5380
f 5005 5380 5380
f 5380 4884 4884
f 5380 4884 4884
f 5380 4884 5380
f 5005 5380 5005
f 5380 4884 5380
f 5005 5380 5005
f 5380 5380 5005
f 4910 5381 5381
f 5381 5005 5005
f 5381 5005 5005
f 5381 5005 5381
f 5005 5380 5380
f 5380 4884 4884
f 5380 4884 4884
f 5380 4884 5380
f 5005 5380 5380
f 5380 4884 4884
f 5380 4884 4884
f 5380 4884 5380
f 5005 5380 5005
f 5380 4884 5380
f 5005 5380 5005
f 5380 5380 5005
f 4910 5381 4910
f 5381 5005 5381
f 4910 5381 4910
f 5381 5381 4910
f 5005 5380 5005
f 5380 4884 5380
f 5005 5380 5005
f 5380 5380 5005
f 4910 5381 4910
f 5381 5005 5381
f 4910 5381 4910
f 5381 5381 4910
f 5005 5005 5381
f 5005 5005 5381
f 5381 5381 4910
f 5005 5381 5381
f 3642 5264 5273
f 5264 4978 5275
f 5273 5275 4981
f 5264 5275 5273
f 4978 5265 5283
f 5265 4904 5281
f 5283 5281 4983
f 5265 5281 5283
f 4981 5285 5274
f 5285 4983 5282
f 5274 5282 4905
f 5285 5282 5274
f 4978 5283 5275
f 5283 4983 5285
f 5275 5285 4981
f 5283 5285 5275
f 4904 5262 5267
f 5262 4977 5269
f 5267 5269 4979
f 5262 5269 5267
f 4977 5261 5263
f 5261 4879 5039
f 5263 5039 4920
f 5261 5039 5263
f 4979 5268 5266
f 5268 4920 5040
f 5266 5040 4889
f 5268 5040 5266
f 4977 5263 5269
f 5263 4920 5268
f 5269 5268 4979
f 5263 5268 5269
f 4905 5277 5271
f 5277 4982 5280
f 5271 5280 4980
f 5277 5280 5271
f 4982 5276 5278
f 5276 4889 5042
f 5278 5042 4921
f 5276 5042 5278
f 4980 5272 5270
f 5272 4921 5041
f 5270 5041 4880
f 5272 5041 5270
f 4982 5278 5280
f 5278 4921 5272
f 5280 5272 4980
f 5278 5272 5280
f 4904 5267 5281
f 5267 4979 5284
f 5281 5284 4983
f 5267 5284 5281
f 4979 5266 5279
f 5266 4889 5276
f 5279 5276 4982
f 5266 5276 5279
f 4983 5286 5282
f 5286 4982 5277
f 5282 5277 4905
f 5286 5277 5282
f 4979 5279 5284
f 5279 4982 5286
f 5284 5286 4983
f 5279 5286 5284
f 3642 5273 5273
f 5273 4981 4981
f 5273 4981 4981
f 5273 4981 5273
f 4981 5274 5274
f 5274 4905 4905
f 5274 4905 4905
f 5274 4905 5274
f 4981 5274 5274
f 5274 4905 4905
f 5274 4905 4905
f 5274 4905 5274
f 4981 5274 4981
f 5274 4905 5274
f 4981 5274 4981
f 5274 5274 4981
f 4905 5271 5271
f 5271 4980 4980
f 5271 4980 4980
f 5271 4980 5271
f 4980 5270 5270
f 5270 4880 4880
f 5270 4880 4880
f 5270 4880 5270
f 4980 5270 5270
f 5270 4880 4880
f 5270 4880 4880
f 5270 4880 5270
f 4980 5270 4980
f 5270 4880 5270
f 4980 5270 4980
f 5270 5270 4980
f 4905 5271 5271
f 5271 4980 4980
f 5271 4980 4980
f 5271 4980 5271
f 4980 5270 5270
f 5270 4880 4880
f 5270 4880 4880
f 5270 4880 5270
f 4980 5270 5270
f 5270 4880 4880
f 5270 4880 4880
f 5270 4880 5270
f 4980 5270 4980
f 5270 4880 5270
f 4980 5270 4980
f 5270 5270 4980
f 4905 5271 4905
f 5271 4980 5271
f 4905 5271 4905
f 5271 5271 4905
f 4980 5270 4980
f 5270 4880 5270
f 4980 5270 4980
f 5270 5270 4980
f 4905 5271 4905
f 5271 4980 5271
f 4905 5271 4905
f 5271 5271 4905
f 4980 4980 5271
f 4980 4980 5271
f 5271 5271 4905
f 4980 5271 5271
f 5397 5501 5505
f 5501 5425 5507
f 5505 5507 5427
f 5501 5507 5505
f 5425 5502 5512
f 5502 5405 5510
f 5512 5510 5429
f 5502 5510 5512
f 5427 5513 5506
f 5513 5429 5511
f 5506 5511 5406
f 5513 5511 5506
f 5425 5512 5507
f 5512 5429 5513
f 5507 5513 5427
f 5512 5513 5507
f 5405 5504 5520
f 5504 5426 5522
f 5520 5522 5432
f 5504 5522 5520
f 5426 5503 5516
f 5503 5398 5514
f 5516 5514 5430
f 5503 5514 5516
f 5432 5524 5521
f 5524 5430 5515
f 5521 5515 5407
f 5524 5515 5521
f 5426 5516 5522
f 5516 5430 5524
f 5522 5524 5432
f 5516 5524 5522
f 5406 5525 5509
f 5525 5433 5527
f 5509 5527 5428
f 5525 5527 5509
f 5433 5526 5529
f 5526 5407 5518
f 5529 5518 5431
f 5526 5518 5529
f 5428 5519 5508
f 5519 5431 5517
f 5508 5517 5399
f 5519 5517 5508
f 5433 5529 5527
f 5529 5431 5519
f 5527 5519 5428
f 5529 5519 5527
f 5405 5520 5510
f 5520 5432 5523
f 5510 5523 5429
f 5520 5523 5510
f 5432 5521 5530
f 5521 5407 5526
f 5530 5526 5433
f 5521 5526 5530
f 5429 5528 5511
f 5528 5433 5525
f 5511 5525 5406
f 5528 5525 5511
f 5432 5530 5523
f 5530 5433 5528
f 5523 5528 5429
f 5530 5528 5523
f 5397 5505 5505
f 5505 5427 5427
f 5505 5427 5427
f 5505 5427 5505
f 5427 5506 5506
f 5506 5406 5406
f 5506 5406 5406
f 5506 5406 5506
f 5427 5506 5506
f 5506 5406 5406
f 5506 5406 5406
f 5506 5406 5506
f 5427 5506 5427
f 5506 5406 5506
f 5427 5506 5427
f 5506 5506 5427
f 5406 5509 5509
f 5509 5428 5428
f 5509 5428 5428
f 5509 5428 5509
f 5428 5508 5508
f 5508 5399 5399
f 5508 5399 5399
f 5508 5399 5508
f 5428 5508 5508
f 5508 5399 5399
f 5508 5399 5399
f 5508 5399 5508
f 5428 5508 5428
f 5508 5399 5508
f 5428 5508 5428
f 5508 5508 5428
f 5406 5509 5509
f 5509 5428 5428
f 5509 5428 5428
f 5509 5428 5509
f 5428 5508 5508
f 5508 5399 5399
f 5508 5399 5399
f 5508 5399 5508
f 5428 5508 5508
f 5508 5399 5399
f 5508 5399 5399
f 5508 5399 5508
f 5428 5508 5428
f 5508 5399 5508
f 5428 5508 5428
f 5508 5508 5428
f 5406 5509 5406
f 5509 5428 5509
f 5406 5509 5406
f 5509 5509 5406
f 5428 5508 5428
f 5508 5399 5508
f 5428 5508 5428
f 5508 5508 5428
f 5406 5509 5406
f 5509 5428 5509
f 5406 5509 5406
f 5509 5509 5406
f 5428 5428 5509
f 5428 5428 5509
f 5509 5509 5406
f 5428 5509 5509
f 5400 5533 5544
f 5533 5435 5546
f 5544 5546 5439
f 5533 5546 5544
f 5435 5534 5552
f 5534 5408 5550
f 5552 5550 5441
f 5534 5550 5552
f 5439 5554 5545
f 5554 5441 5551
f 5545 5551 5410
f 5554 5551 5545
f 5435 5552 5546
f 5552 5441 5554
f 5546 5554 5439
f 5552 5554 5546
f 5408 5532 5540
f 5532 5434 5542
f 5540 5542 5438
f 5532 5542 5540
f 5434 5531 5537
f 5531 5397 5535
f 5537 5535 5436
f 5531 5535 5537
f 5438 5543 5541
f 5543 5436 5536
f 5541 5536 5409
f 5543 5536 5541
f 5434 5537 5542
f 5537 5436 5543
f 5542 5543 5438
f 5537 5543 5542
f 5410 5556 5548
f 5556 5442 5559
f 5548 5559 5440
f 5556 5559 5548
f 5442 5555 5557
f 5555 5409 5539
f 5557 5539 5437
f 5555 5539 5557
f 5440 5549 5547
f 5549 5437 5538
f 5547 5538 5401
f 5549 5538 5547
f 5442 5557 5559
f 5557 5437 5549
f 5559 5549 5440
f 5557 5549 5559
f 5408 5540 5550
f 5540 5438 5553
f 5550 5553 5441
f 5540 5553 5550
f 5438 5541 5558
f 5541 5409 5555
f 5558 5555 5442
f 5541 5555 5558
f 5441 5560 5551
f 5560 5442 5556
f 5551 5556 5410
f 5560 5556 5551
f 5438 5558 5553
f 5558 5442 5560
f 5553 5560 5441
f 5558 5560 5553
f 5400 5544 5544
f 5544 5439 5439
f 5544 5439 5439
f 5544 5439 5544
f 5439 5545 5545
f 5545 5410 5410
f 5545 5410 5410
f 5545 5410 5545
f 5439 5545 5545
f 5545 5410 5410
f 5545 5410 5410
f 5545 5410 5545
f 5439 5545 5439
f 5545 5410 5545
f 5439 5545 5439
f 5545 5545 5439
f 5410 5548 5548
f 5548 5440 5440
f 5548 5440 5440
f 5548 5440 5548
f 5440 5547 5547
f 5547 5401 5401
f 5547 5401 5401
f 5547 5401 5547
f 5440 5547 5547
f 5547 5401 5401
f 5547 5401 5401
f 5547 5401 5547
f 5440 5547 5440
f 5547 5401 5547
f 5440 5547 5440
f 5547 5547 5440
f 5410 5548 5548
f 5548 5440 5440
f 5548 5440 5440
f 5548 5440 5548
f 5440 5547 5547
f 5547 5401 5401
f 5547 5401 5401
f 5547 5401 5547
f 5440 5547 5547
f 5547 5401 5401
f 5547 5401 5401
f 5547 5401 5547
f 5440 5547 5440
f 5547 5401 5547
f 5440 5547 5440
f 5547 5547 5440
f 5410 5548 5410
f 5548 5440 5548
f 5410 5548 5410
f 5548 5548 5410
f 5440 5547 5440
f 5547 5401 5547
f 5440 5547 5440
f 5547 5547 5440
f 5410 5548 5410
f 5548 5440 5548
f 5410 5548 5410
f 5548 5548 5410
f 5440 5440 5548
f 5440 5440 5548
f 5548 5548 5410
f 5440 5548 5548
f 5402 5561 5565
f 5561 5443 5567
f 5565 5567 5445
f 5561 5567 5565
f 5443 5562 5572
f 5562 5411 5570
f 5572 5570 5447
f 5562 5570 5572
f 5445 5573 5566
f 5573 5447 5571
f 5566 5571 5412
f 5573 5571 5566
f 5443 5572 5567
f 5572 5447 5573
f 5567 5573 5445
f 5572 5573 5567
f 5411 5564 5576
f 5564 5444 5578
f 5576 5578 5448
f 5564 5578 5576
f 5444 5563 5574
f 5563 4438 4509
f 5574 4509 4458
f 5563 4509 5574
f 5448 5580 5577
f 5580 4458 4510
f 5577 4510 4444
f 5580 4510 5577
f 5444 5574 5578
f 5574 4458 5580
f 5578 5580 5448
f 5574 5580 5578
f 5412 5581 5569
f 5581 5449 5583
f 5569 5583 5446
f 5581 5583 5569
f 5449 5582 5585
f 5582 4444 4513
f 5585 4513 4459
f 5582 4513 5585
f 5446 5575 5568
f 5575 4459 4512
f 5568 4512 4439
f 5575 4512 5568
f 5449 5585 5583
f 5585 4459 5575
f 5583 5575 5446
f 5585 5575 5583
f 5411 5576 5570
f 5576 5448 5579
f 5570 5579 5447
f 5576 5579 5570
f 5448 5577 5586
f 5577 4444 5582
f 5586 5582 5449
f 5577 5582 5586
f 5447 5584 5571
f 5584 5449 5581
f 5571 5581 5412
f 5584 5581 5571
f 5448 5586 5579
f 5586 5449 5584
f 5579 5584 5447
f 5586 5584 5579
f 5402 5565 5565
f 5565 5445 5445
f 5565 5445 5445
f 5565 5445 5565
f 5445 5566 5566
f 5566 5412 5412
f 5566 5412 5412
f 5566 5412 5566
f 5445 5566 5566
f 5566 5412 5412
f 5566 5412 5412
f 5566 5412 5566
f 5445 5566 5445
f 5566 5412 5566
f 5445 5566 5445
f 5566 5566 5445
f 5412 5569 5569
f 5569 5446 5446
f 5569 5446 5446
f 5569 5446 5569
f 5446 5568 5568
f 5568 4439 4439
f 5568 4439 4439
f 5568 4439 5568
f 5446 5568 5568
f 5568 4439 4439
f 5568 4439 4439
f 5568 4439 5568
f 5446 5568 5446
f 5568 4439 5568
f 5446 5568 5446
f 5568 5568 5446
f 5412 5569 5569
f 5569 5446 5446
f 5569 5446 5446
f 5569 5446 5569
f 5446 5568 5568
f 5568 4439 4439
f 5568 4439 4439
f 5568 4439 5568
f 5446 5568 5568
f 5568 4439 4439
f 5568 4439 4439
f 5568 4439 5568
f 5446 5568 5446
f 5568 4439 5568
f 5446 5568 5446
f 5568 5568 5446
f 5412 5569 5412
f 5569 5446 5569
f 5412 5569 5412
f 5569 5569 5412
f 5446 5568 5446
f 5568 4439 5568
f 5446 5568 5446
f 5568 5568 5446
f 5412 5569 5412
f 5569 5446 5569
f 5412 5569 5412
f 5569 5569 5412
f 5446 5446 5569
f 5446 5446 5569
f 5569 5569 5412
f 5446 5569 5569
f 5397 5587 5501
f 5587 5450 5589
f 5501 5589 5425
f 5587 5589 5501
f 5450 5588 5595
f 5588 5413 5593
f 5595 5593 5452
f 5588 5593 5595
f 5425 5594 5502
f 5594 5452 5592
f 5502 5592 5405
f 5594 5592 5502
f 5450 5595 5589
f 5595 5452 5594
f 5589 5594 5425
f 5595 5594 5589
f 5413 5591 5607
f 5591 5451 5609
f 5607 5609 5456
f 5591 5609 5607
f 5451 5590 5601
f 5590 4638 5599
f 5601 5599 5454
f 5590 5599 5601
f 5456 5611 5608
f 5611 5454 5600
f 5608 5600 5414
f 5611 5600 5608
f 5451 5601 5609
f 5601 5454 5611
f 5609 5611 5456
f 5601 5611 5609
f 5405 5602 5504
f 5602 5455 5604
f 5504 5604 5426
f 5602 5604 5504
f 5455 5603 5606
f 5603 5414 5597
f 5606 5597 5453
f 5603 5597 5606
f 5426 5598 5503
f 5598 5453 5596
f 5503 5596 5398
f 5598 5596 5503
f 5455 5606 5604
f 5606 5453 5598
f 5604 5598 5426
f 5606 5598 5604
f 5413 5607 5593
f 5607 5456 5610
f 5593 5610 5452
f 5607 5610 5593
f 5456 5608 5612
f 5608 5414 5603
f 5612 5603 5455
f 5608 5603 5612
f 5452 5605 5592
f 5605 5455 5602
f 5592 5602 5405
f 5605 5602 5592
f 5456 5612 5610
f 5612 5455 5605
f 5610 5605 5452
f 5612 5605 5610
f 5397 5501 5501
f 5501 5425 5425
f 5501 5425 5425
f 5501 5425 5501
f 5425 5502 5502
f 5502 5405 5405
f 5502 5405 5405
f 5502 5405 5502
f 5425 5502 5502
f 5502 5405 5405
f 5502 5405 5405
f 5502 5405 5502
f 5425 5502 5425
f 5502 5405 5502
f 5425 5502 5425
f 5502 5502 5425
f 5405 5504 5504
f 5504 5426 5426
f 5504 5426 5426
f 5504 5426 5504
f 5426 5503 5503
f 5503 5398 5398
f 5503 5398 5398
f 5503 5398 5503
f 5426 5503 5503
f 5503 5398 5398
f 5503 5398 5398
f 5503 5398 5503
f 5426 5503 5426
f 5503 5398 5503
f 5426 5503 5426
f 5503 5503 5426
f 5405 5504 5504
f 5504 5426 5426
f 5504 5426 5426
f 5504 5426 5504
f 5426 5503 5503
f 5503 5398 5398
f 5503 5398 5398
f 5503 5398 5503
f 5426 5503 5503
f 5503 5398 5398
f 5503 5398 5398
f 5503 5398 5503
f 5426 5503 5426
f 5503 5398 5503
f 5426 5503 5426
f 5503 5503 5426
f 5405 5504 5405
f 5504 5426 5504
f 5405 5504 5405
f 5504 5504 5405
f 5426 5503 5426
f 5503 5398 5503
f 5426 5503 5426
f 5503 5503 5426
f 5405 5504 5405
f 5504 5426 5504
f 5405 5504 5405
f 5504 5504 5405
f 5426 5426 5504
f 5426 5426 5504
f 5504 5504 5405
f 5426 5504 5504
f 5397 5613 5587
f 5613 5457 5615
f 5587 5615 5450
f 5613 5615 5587
f 5457 5614 5621
f 5614 5415 5619
f 5621 5619 5459
f 5614 5619 5621
f 5450 5620 5588
f 5620 5459 5618
f 5588 5618 5413
f 5620 5618 5588
f 5457 5621 5615
f 5621 5459 5620
f 5615 5620 5450
f 5621 5620 5615
f 5415 5617 5629
f 5617 5458 5631
f 5629 5631 5461
f 5617 5631 5629
f 5458 5616 5623
f 5616 4639 4744
f 5623 4744 4663
f 5616 4744 5623
f 5461 5633 5630
f 5633 4663 4745
f 5630 4745 4643
f 5633 4745 5630
f 5458 5623 5631
f 5623 4663 5633
f 5631 5633 5461
f 5623 5633 5631
f 5413 5624 5591
f 5624 5460 5626
f 5591 5626 5451
f 5624 5626 5591
f 5460 5625 5628
f 5625 4643 4743
f 5628 4743 4662
f 5625 4743 5628
f 5451 5622 5590
f 5622 4662 4742
f 5590 4742 4638
f 5622 4742 5590
f 5460 5628 5626
f 5628 4662 5622
f 5626 5622 5451
f 5628 5622 5626
f 5415 5629 5619
f 5629 5461 5632
f 5619 5632 5459
f 5629 5632 5619
f 5461 5630 5634
f 5630 4643 5625
f 5634 5625 5460
f 5630 5625 5634
f 5459 5627 5618
f 5627 5460 5624
f 5618 5624 5413
f 5627 5624 5618
f 5461 5634 5632
f 5634 5460 5627
f 5632 5627 5459
f 5634 5627 5632
f 5397 5587 5587
f 5587 5450 5450
f 5587 5450 5450
f 5587 5450 5587
f 5450 5588 5588
f 5588 5413 5413
f 5588 5413 5413
f 5588 5413 5588
f 5450 5588 5588
f 5588 5413 5413
f 5588 5413 5413
f 5588 5413 5588
f 5450 5588 5450
f 5588 5413 5588
f 5450 5588 5450
f 5588 5588 5450
f 5413 5591 5591
f 5591 5451 5451
f 5591 5451 5451
f 5591 5451 5591
f 5451 5590 5590
f 5590 4638 4638
f 5590 4638 4638
f 5590 4638 5590
f 5451 5590 5590
f 5590 4638 4638
f 5590 4638 4638
f 5590 4638 5590
f 5451 5590 5451
f 5590 4638 5590
f 5451 5590 5451
f 5590 5590 5451
f 5413 5591 5591
f 5591 5451 5451
f 5591 5451 5451
f 5591 5451 5591
f 5451 5590 5590
f 5590 4638 4638
f 5590 4638 4638
f 5590 4638 5590
f 5451 5590 5590
f 5590 4638 4638
f 5590 4638 4638
f 5590 4638 5590
f 5451 5590 5451
f 5590 4638 5590
f 5451 5590 5451
f 5590 5590 5451
f 5413 5591 5413
f 5591 5451 5591
f 5413 5591 5413
f 5591 5591 5413
f 5451 5590 5451
f 5590 4638 5590
f 5451 5590 5451
f 5590 5590 5451
f 5413 5591 5413
f 5591 5451 5591
f 5413 5591 5413
f 5591 5591 5413
f 5451 5451 5591
f 5451 5451 5591
f 5591 5591 5413
f 5451 5591 5591
f 5397 5635 5613
f 5635 5462 5638
f 5613 5638 5457
f 5635 5638 5613
f 5462 5636 5648
f 5636 5416 5646
f 5648 5646 5465
f 5636 5646 5648
f 5457 5647 5614
f 5647 5465 5645
f 5614 5645 5415
f 5647 5645 5614
f 5462 5648 5638
f 5648 5465 5647
f 5638 5647 5457
f 5648 5647 5638
f 5416 5640 5673
f 5640 5463 5675
f 5673 5675 5471
f 5640 5675 5673
f 5463 5639 5667
f 5639 4574 4797
f 5667 4797 4677
f 5639 4797 5667
f 5471 5677 5674
f 5677 4677 4798
f 5674 4798 4647
f 5677 4798 5674
f 5463 5667 5675
f 5667 4677 5677
f 5675 5677 5471
f 5667 5677 5675
f 5415 5668 5617
f 5668 5470 5670
f 5617 5670 5458
f 5668 5670 5617
f 5470 5669 5672
f 5669 4647 4795
f 5672 4795 4676
f 5669 4795 5672
f 5458 5666 5616
f 5666 4676 4794
f 5616 4794 4639
f 5666 4794 5616
f 5470 5672 5670
f 5672 4676 5666
f 5670 5666 5458
f 5672 5666 5670
f 5416 5673 5646
f 5673 5471 5676
f 5646 5676 5465
f 5673 5676 5646
f 5471 5674 5678
f 5674 4647 5669
f 5678 5669 5470
f 5674 5669 5678
f 5465 5671 5645
f 5671 5470 5668
f 5645 5668 5415
f 5671 5668 5645
f 5471 5678 5676
f 5678 5470 5671
f 5676 5671 5465
f 5678 5671 5676
f 5397 5613 5613
f 5613 5457 5457
f 5613 5457 5457
f 5613 5457 5613
f 5457 5614 5614
f 5614 5415 5415
f 5614 5415 5415
f 5614 5415 5614
f 5457 5614 5614
f 5614 5415 5415
f 5614 5415 5415
f 5614 5415 5614
f 5457 5614 5457
f 5614 5415 5614
f 5457 5614 5457
f 5614 5614 5457
f 5415 5617 5617
f 5617 5458 5458
f 5617 5458 5458
f 5617 5458 5617
f 5458 5616 5616
f 5616 4639 4639
f 5616 4639 4639
f 5616 4639 5616
f 5458 5616 5616
f 5616 4639 4639
f 5616 4639 4639
f 5616 4639 5616
f 5458 5616 5458
f 5616 4639 5616
f 5458 5616 5458
f 5616 5616 5458
f 5415 5617 5617
f 5617 5458 5458
f 5617 5458 5458
f 5617 5458 5617
f 5458 5616 5616
f 5616 4639 4639
f 5616 4639 4639
f 5616 4639 5616
f 5458 5616 5616
f 5616 4639 4639
f 5616 4639 4639
f 5616 4639 5616
f 5458 5616 5458
f 5616 4639 5616
f 5458 5616 5458
f 5616 5616 5458
f 5415 5617 5415
f 5617 5458 5617
f 5415 5617 5415
f 5617 5617 5415
f 5458 5616 5458
f 5616 4639 5616
f 5458 5616 5458
f 5616 5616 5458
f 5415 5617 5415
f 5617 5458 5617
f 5415 5617 5415
f 5617 5617 5415
f 5458 5458 5617
f 5458 5458 5617
f 5617 5617 5415
f 5458 5617 5617
f 5400 5649 5533
f 5649 5466 5651
f 5533 5651 5435
f 5649 5651 5533
f 5466 5650 5659
f 5650 5417 5656
f 5659 5656 5468
f 5650 5656 5659
f 5435 5657 5534
f 5657 5468 5655
f 5534 5655 5408
f 5657 5655 5534
f 5466 5659 5651
f 5659 5468 5657
f 5651 5657 5435
f 5659 5657 5651
f 5417 5653 5661
f 5653 5467 5664
f 5661 5664 5469
f 5653 5664 5661
f 5467 5652 5654
f 5652 4574 5639
f 5654 5639 5463
f 5652 5639 5654
f 5469 5662 5660
f 5662 5463 5640
f 5660 5640 5416
f 5662 5640 5660
f 5467 5654 5664
f 5654 5463 5662
f 5664 5662 5469
f 5654 5662 5664
f 5408 5641 5532
f 5641 5464 5643
f 5532 5643 5434
f 5641 5643 5532
f 5464 5642 5644
f 5642 5416 5636
f 5644 5636 5462
f 5642 5636 5644
f 5434 5637 5531
f 5637 5462 5635
f 5531 5635 5397
f 5637 5635 5531
f 5464 5644 5643
f 5644 5462 5637
f 5643 5637 5434
f 5644 5637 5643
f 5417 5661 5656
f 5661 5469 5665
f 5656 5665 5468
f 5661 5665 5656
f 5469 5660 5663
f 5660 5416 5642
f 5663 5642 5464
f 5660 5642 5663
f 5468 5658 5655
f 5658 5464 5641
f 5655 5641 5408
f 5658 5641 5655
f 5469 5663 5665
f 5663 5464 5658
f 5665 5658 5468
f 5663 5658 5665
f 5400 5533 5533
f 5533 5435 5435
f 5533 5435 5435
f 5533 5435 5533
f 5435 5534 5534
f 5534 5408 5408
f 5534 5408 5408
f 5534 5408 5534
f 5435 5534 5534
f 5534 5408 5408
f 5534 5408 5408
f 5534 5408 5534
f 5435 5534 5435
f 5534 5408 5534
f 5435 5534 5435
f 5534 5534 5435
f 5408 5532 5532
f 5532 5434 5434
f 5532 5434 5434
f 5532 5434 5532
f 5434 5531 5531
f 5531 5397 5397
f 5531 5397 5397
f 5531 5397 5531
f 5434 5531 5531
f 5531 5397 5397
f 5531 5397 5397
f 5531 5397 5531
f 5434 5531 5434
f 5531 5397 5531
f 5434 5531 5434
f 5531 5531 5434
f 5408 5532 5532
f 5532 5434 5434
f 5532 5434 5434
f 5532 5434 5532
f 5434 5531 5531
f 5531 5397 5397
f 5531 5397 5397
f 5531 5397 5531
f 5434 5531 5531
f 5531 5397 5397
f 5531 5397 5397
f 5531 5397 5531
f 5434 5531 5434
f 5531 5397 5531
f 5434 5531 5434
f 5531 5531 5434
f 5408 5532 5408
f 5532 5434 5532
f 5408 5532 5408
f 5532 5532 5408
f 5434 5531 5434
f 5531 5397 5531
f 5434 5531 5434
f 5531 5531 5434
f 5408 5532 5408
f 5532 5434 5532
f 5408 5532 5408
f 5532 5532 5408
f 5434 5434 5532
f 5434 5434 5532
f 5532 5532 5408
f 5434 5532 5532
f 4574 5688 4615
f 5688 5475 5727
f 4615 5727 4584
f 5688 5727 4615
f 5475 5689 5730
f 5689 5419 5728
f 5730 5728 5484
f 5689 5728 5730
f 4584 5731 4616
f 5731 5484 5729
f 4616 5729 4576
f 5731 5729 4616
f 5475 5730 5727
f 5730 5484 5731
f 5727 5731 4584
f 5730 5731 5727
f 5419 5692 5738
f 5692 5476 5740
f 5738 5740 5487
f 5692 5740 5738
f 5476 5691 5734
f 5691 5403 5732
f 5734 5732 5485
f 5691 5732 5734
f 5487 5742 5739
f 5742 5485 5733
f 5739 5733 5421
f 5742 5733 5739
f 5476 5734 5740
f 5734 5485 5742
f 5740 5742 5487
f 5734 5742 5740
f 4576 5743 4613
f 5743 5488 5745
f 4613 5745 4583
f 5743 5745 4613
f 5488 5744 5747
f 5744 5421 5736
f 5747 5736 5486
f 5744 5736 5747
f 4583 5737 4612
f 5737 5486 5735
f 4612 5735 4440
f 5737 5735 4612
f 5488 5747 5745
f 5747 5486 5737
f 5745 5737 4583
f 5747 5737 5745
f 5419 5738 5728
f 5738 5487 5741
f 5728 5741 5484
f 5738 5741 5728
f 5487 5739 5748
f 5739 5421 5744
f 5748 5744 5488
f 5739 5744 5748
f 5484 5746 5729
f 5746 5488 5743
f 5729 5743 4576
f 5746 5743 5729
f 5487 5748 5741
f 5748 5488 5746
f 5741 5746 5484
f 5748 5746 5741
f 4574 4615 4615
f 4615 4584 4584
f 4615 4584 4584
f 4615 4584 4615
f 4584 4616 4616
f 4616 4576 4576
f 4616 4576 4576
f 4616 4576 4616
f 4584 4616 4616
f 4616 4576 4576
f 4616 4576 4576
f 4616 4576 4616
f 4584 4616 4584
f 4616 4576 4616
f 4584 4616 4584
f 4616 4616 4584
f 4576 4613 4613
f 4613 4583 4583
f 4613 4583 4583
f 4613 4583 4613
f 4583 4612 4612
f 4612 4440 4440
f 4612 4440 4440
f 4612 4440 4612
f 4583 4612 4612
f 4612 4440 4440
f 4612 4440 4440
f 4612 4440 4612
f 4583 4612 4583
f 4612 4440 4612
f 4583 4612 4583
f 4612 4612 4583
f 4576 4613 4613
f 4613 4583 4583
f 4613 4583 4583
f 4613 4583 4613
f 4583 4612 4612
f 4612 4440 4440
f 4612 4440 4440
f 4612 4440 4612
f 4583 4612 4612
f 4612 4440 4440
f 4612 4440 4440
f 4612 4440 4612
f 4583 4612 4583
f 4612 4440 4612
f 4583 4612 4583
f 4612 4612 4583
f 4576 4613 4576
f 4613 4583 4613
f 4576 4613 4576
f 4613 4613 4576
f 4583 4612 4583
f 4612 4440 4612
f 4583 4612 4583
f 4612 4612 4583
f 4576 4613 4576
f 4613 4583 4613
f 4576 4613 4576
f 4613 4613 4576
f 4583 4583 4613
f 4583 4583 4613
f 4613 4613 4576
f 4583 4613 4613
f 5402 5565 5705
f 5565 5445 5707
f 5705 5707 5479
f 5565 5707 5705
f 5445 5566 5712
f 5566 5412 5710
f 5712 5710 5481
f 5566 5710 5712
f 5479 5713 5706
f 5713 5481 5711
f 5706 5711 5420
f 5713 5711 5706
f 5445 5712 5707
f 5712 5481 5713
f 5707 5713 5479
f 5712 5713 5707
f 5412 5569 5716
f 5569 5446 5718
f 5716 5718 5482
f 5569 5718 5716
f 5446 5568 5714
f 5568 4439 4548
f 5714 4548 4467
f 5568 4548 5714
f 5482 5720 5717
f 5720 4467 4549
f 5717 4549 4446
f 5720 4549 5717
f 5446 5714 5718
f 5714 4467 5720
f 5718 5720 5482
f 5714 5720 5718
f 5420 5721 5709
f 5721 5483 5723
f 5709 5723 5480
f 5721 5723 5709
f 5483 5722 5725
f 5722 4446 4552
f 5725 4552 4468
f 5722 4552 5725
f 5480 5715 5708
f 5715 4468 4551
f 5708 4551 4440
f 5715 4551 5708
f 5483 5725 5723
f 5725 4468 5715
f 5723 5715 5480
f 5725 5715 5723
f 5412 5716 5710
f 5716 5482 5719
f 5710 5719 5481
f 5716 5719 5710
f 5482 5717 5726
f 5717 4446 5722
f 5726 5722 5483
f 5717 5722 5726
f 5481 5724 5711
f 5724 5483 5721
f 5711 5721 5420
f 5724 5721 5711
f 5482 5726 5719
f 5726 5483 5724
f 5719 5724 5481
f 5726 5724 5719
f 5402 5705 5705
f 5705 5479 5479
f 5705 5479 5479
f 5705 5479 5705
f 5479 5706 5706
f 5706 5420 5420
f 5706 5420 5420
f 5706 5420 5706
f 5479 5706 5706
f 5706 5420 5420
f 5706 5420 5420
f 5706 5420 5706
f 5479 5706 5479
f 5706 5420 5706
f 5479 5706 5479
f 5706 5706 5479
f 5420 5709 5709
f 5709 5480 5480
f 5709 5480 5480
f 5709 5480 5709
f 5480 5708 5708
f 5708 4440 4440
f 5708 4440 4440
f 5708 4440 5708
f 5480 5708 5708
f 5708 4440 4440
f 5708 4440 4440
f 5708 4440 5708
f 5480 5708 5480
f 5708 4440 5708
f 5480 5708 5480
f 5708 5708 5480
f 5420 5709 5709
f 5709 5480 5480
f 5709 5480 5480
f 5709 5480 5709
f 5480 5708 5708
f 5708 4440 4440
f 5708 4440 4440
f 5708 4440 5708
f 5480 5708 5708
f 5708 4440 4440
f 5708 4440 4440
f 5708 4440 5708
f 5480 5708 5480
f 5708 4440 5708
f 5480 5708 5480
f 5708 5708 5480
f 5420 5709 5420
f 5709 5480 5709
f 5420 5709 5420
f 5709 5709 5420
f 5480 5708 5480
f 5708 4440 5708
f 5480 5708 5480
f 5708 5708 5480
f 5420 5709 5420
f 5709 5480 5709
f 5420 5709 5420
f 5709 5709 5420
f 5480 5480 5709
f 5480 5480 5709
f 5709 5709 5420
f 5480 5709 5709
f 5402 5705 5749
f 5705 5479 5751
f 5749 5751 5489
f 5705 5751 5749
f 5479 5706 5756
f 5706 5420 5754
f 5756 5754 5491
f 5706 5754 5756
f 5489 5757 5750
f 5757 5491 5755
f 5750 5755 5422
f 5757 5755 5750
f 5479 5756 5751
f 5756 5491 5757
f 5751 5757 5489
f 5756 5757 5751
f 5420 5709 5775
f 5709 5480 5777
f 5775 5777 5497
f 5709 5777 5775
f 5480 5708 5769
f 5708 4440 5767
f 5769 5767 5495
f 5708 5767 5769
f 5497 5779 5776
f 5779 5495 5768
f 5776 5768 5424
f 5779 5768 5776
f 5480 5769 5777
f 5769 5495 5779
f 5777 5779 5497
f 5769 5779 5777
f 5422 5785 5753
f 5785 5499 5787
f 5753 5787 5490
f 5785 5787 5753
f 5499 5786 5789
f 5786 5424 5772
f 5789 5772 5496
f 5786 5772 5789
f 5490 5773 5752
f 5773 5496 5771
f 5752 5771 5404
f 5773 5771 5752
f 5499 5789 5787
f 5789 5496 5773
f 5787 5773 5490
f 5789 5773 5787
f 5420 5775 5754
f 5775 5497 5778
f 5754 5778 5491
f 5775 5778 5754
f 5497 5776 5790
f 5776 5424 5786
f 5790 5786 5499
f 5776 5786 5790
f 5491 5788 5755
f 5788 5499 5785
f 5755 5785 5422
f 5788 5785 5755
f 5497 5790 5778
f 5790 5499 5788
f 5778 5788 5491
f 5790 5788 5778
f 5402 5749 5749
f 5749 5489 5489
f 5749 5489 5489
f 5749 5489 5749
f 5489 5750 5750
f 5750 5422 5422
f 5750 5422 5422
f 5750 5422 5750
f 5489 5750 5750
f 5750 5422 5422
f 5750 5422 5422
f 5750 5422 5750
f 5489 5750 5489
f 5750 5422 5750
f 5489 5750 5489
f 5750 5750 5489
f 5422 5753 5753
f 5753 5490 5490
f 5753 5490 5490
f 5753 5490 5753
f 5490 5752 5752
f 5752 5404 5404
f 5752 5404 5404
f 5752 5404 5752
f 5490 5752 5752
f 5752 5404 5404
f 5752 5404 5404
f 5752 5404 5752
f 5490 5752 5490
f 5752 5404 5752
f 5490 5752 5490
f 5752 5752 5490
f 5422 5753 5753
f 5753 5490 5490
f 5753 5490 5490
f 5753 5490 5753
f 5490 5752 5752
f 5752 5404 5404
f 5752 5404 5404
f 5752 5404 5752
f 5490 5752 5752
f 5752 5404 5404
f 5752 5404 5404
f 5752 5404 5752
f 5490 5752 5490
f 5752 5404 5752
f 5490 5752 5490
f 5752 5752 5490
f 5422 5753 5422
f 5753 5490 5753
f 5422 5753 5422
f 5753 5753 5422
f 5490 5752 5490
f 5752 5404 5752
f 5490 5752 5490
f 5752 5752 5490
f 5422 5753 5422
f 5753 5490 5753
f 5422 5753 5422
f 5753 5753 5422
f 5490 5490 5753
f 5490 5490 5753
f 5753 5753 5422
f 5490 5753 5753
f 4440 5735 5767
f 5735 5486 5770
f 5767 5770 5495
f 5735 5770 5767
f 5486 5736 5782
f 5736 5421 5780
f 5782 5780 5498
f 5736 5780 5782
f 5495 5784 5768
f 5784 5498 5781
f 5768 5781 5424
f 5784 5781 5768
f 5486 5782 5770
f 5782 5498 5784
f 5770 5784 5495
f 5782 5784 5770
f 5421 5733 5763
f 5733 5485 5765
f 5763 5765 5494
f 5733 5765 5763
f 5485 5732 5760
f 5732 5403 5758
f 5760 5758 5492
f 5732 5758 5760
f 5494 5766 5764
f 5766 5492 5759
f 5764 5759 5423
f 5766 5759 5764
f 5485 5760 5765
f 5760 5492 5766
f 5765 5766 5494
f 5760 5766 5765
f 5424 5792 5772
f 5792 5500 5795
f 5772 5795 5496
f 5792 5795 5772
f 5500 5791 5793
f 5791 5423 5762
f 5793 5762 5493
f 5791 5762 5793
f 5496 5774 5771
f 5774 5493 5761
f 5771 5761 5404
f 5774 5761 5771
f 5500 5793 5795
f 5793 5493 5774
f 5795 5774 5496
f 5793 5774 5795
f 5421 5763 5780
f 5763 5494 5783
f 5780 5783 5498
f 5763 5783 5780
f 5494 5764 5794
f 5764 5423 5791
f 5794 5791 5500
f 5764 5791 5794
f 5498 5796 5781
f 5796 5500 5792
f 5781 5792 5424
f 5796 5792 5781
f 5494 5794 5783
f 5794 5500 5796
f 5783 5796 5498
f 5794 5796 5783
f 4440 5767 5767
f 5767 5495 5495
f 5767 5495 5495
f 5767 5495 5767
f 5495 5768 5768
f 5768 5424 5424
f 5768 5424 5424
f 5768 5424 5768
f 5495 5768 5768
f 5768 5424 5424
f 5768 5424 5424
f 5768 5424 5768
f 5495 5768 5495
f 5768 5424 5768
f 5495 5768 5495
f 5768 5768 5495
f 5424 5772 5772
f 5772 5496 5496
f 5772 5496 5496
f 5772 5496 5772
f 5496 5771 5771
f 5771 5404 5404
f 5771 5404 5404
f 5771 5404 5771
f 5496 5771 5771
f 5771 5404 5404
f 5771 5404 5404
f 5771 5404 5771
f 5496 5771 5496
f 5771 5404 5771
f 5496 5771 5496
f 5771 5771 5496
f 5424 5772 5772
f 5772 5496 5496
f 5772 5496 5496
f 5772 5496 5772
f 5496 5771 5771
f 5771 5404 5404
f 5771 5404 5404
f 5771 5404 5771
f 5496 5771 5771
f 5771 5404 5404
f 5771 5404 5404
f 5771 5404 5771
f 5496 5771 5496
f 5771 5404 5771
f 5496 5771 5496
f 5771 5771 5496
f 5424 5772 5424
f 5772 5496 5772
f 5424 5772 5424
f 5772 5772 5424
f 5496 5771 5496
f 5771 5404 5771
f 5496 5771 5496
f 5771 5771 5496
f 5424 5772 5424
f 5772 5496 5772
f 5424 5772 5424
f 5772 5772 5424
f 5496 5496 5772
f 5496 5496 5772
f 5772 5772 5424
f 5496 5772 5772
f 5400 5679 5649
f 5679 5472 5681
f 5649 5681 5466
f 5679 5681 5649
f 5472 5680 5687
f 5680 5418 5685
f 5687 5685 5474
f 5680 5685 5687
f 5466 5686 5650
f 5686 5474 5684
f 5650 5684 5417
f 5686 5684 5650
f 5472 5687 5681
f 5687 5474 5686
f 5681 5686 5466
f 5687 5686 5681
f 5418 5683 5699
f 5683 5473 5701
f 5699 5701 5478
f 5683 5701 5699
f 5473 5682 5693
f 5682 5403 5691
f 5693 5691 5476
f 5682 5691 5693
f 5478 5703 5700
f 5703 5476 5692
f 5700 5692 5419
f 5703 5692 5700
f 5473 5693 5701
f 5693 5476 5703
f 5701 5703 5478
f 5693 5703 5701
f 5417 5694 5653
f 5694 5477 5696
f 5653 5696 5467
f 5694 5696 5653
f 5477 5695 5698
f 5695 5419 5689
f 5698 5689 5475
f 5695 5689 5698
f 5467 5690 5652
f 5690 5475 5688
f 5652 5688 4574
f 5690 5688 5652
f 5477 5698 5696
f 5698 5475 5690
f 5696 5690 5467
f 5698 5690 5696
f 5418 5699 5685
f 5699 5478 5702
f 5685 5702 5474
f 5699 5702 5685
f 5478 5700 5704
f 5700 5419 5695
f 5704 5695 5477
f 5700 5695 5704
f 5474 5697 5684
f 5697 5477 5694
f 5684 5694 5417
f 5697 5694 5684
f 5478 5704 5702
f 5704 5477 5697
f 5702 5697 5474
f 5704 5697 5702
f 5400 5649 5649
f 5649 5466 5466
f 5649 5466 5466
f 5649 5466 5649
f 5466 5650 5650
f 5650 5417 5417
f 5650 5417 5417
f 5650 5417 5650
f 5466 5650 5650
f 5650 5417 5417
f 5650 5417 5417
f 5650 5417 5650
f 5466 5650 5466
f 5650 5417 5650
f 5466 5650 5466
f 5650 5650 5466
f 5417 5653 5653
f 5653 5467 5467
f 5653 5467 5467
f 5653 5467 5653
f 5467 5652 5652
f 5652 4574 4574
f 5652 4574 4574
f 5652 4574 5652
f 5467 5652 5652
f 5652 4574 4574
f 5652 4574 4574
f 5652 4574 5652
f 5467 5652 5467
f 5652 4574 5652
f 5467 5652 5467
f 5652 5652 5467
f 5417 5653 5653
f 5653 5467 5467
f 5653 5467 5467
f 5653 5467 5653
f 5467 5652 5652
f 5652 4574 4574
f 5652 4574 4574
f 5652 4574 5652
f 5467 5652 5652
f 5652 4574 4574
f 5652 4574 4574
f 5652 4574 5652
f 5467 5652 5467
f 5652 4574 5652
f 5467 5652 5467
f 5652 5652 5467
f 5417 5653 5417
f 5653 5467 5653
f 5417 5653 5417
f 5653 5653 5417
f 5467 5652 5467
f 5652 4574 5652
f 5467 5652 5467
f 5652 5652 5467
f 5417 5653 5417
f 5653 5467 5653
f 5417 5653 5417
f 5653 5653 5417
f 5467 5467 5653
f 5467 5467 5653
f 5653 5653 5417
f 5467 5653 5653
f 5401 5538 5812
f 5538 5437 5814
f 5812 5814 5800
f 5538 5814 5812
f 5437 5539 5819
f 5539 5409 5817
f 5819 5817 5802
f 5539 5817 5819
f 5800 5820 5813
f 5820 5802 5818
f 5813 5818 5797
f 5820 5818 5813
f 5437 5819 5814
f 5819 5802 5820
f 5814 5820 5800
f 5819 5820 5814
f 5409 5536 5827
f 5536 5436 5829
f 5827 5829 5805
f 5536 5829 5827
f 5436 5535 5823
f 5535 5397 5821
f 5823 5821 5803
f 5535 5821 5823
f 5805 5831 5828
f 5831 5803 5822
f 5828 5822 5798
f 5831 5822 5828
f 5436 5823 5829
f 5823 5803 5831
f 5829 5831 5805
f 5823 5831 5829
f 5797 5832 5816
f 5832 5806 5834
f 5816 5834 5801
f 5832 5834 5816
f 5806 5833 5836
f 5833 5798 5825
f 5836 5825 5804
f 5833 5825 5836
f 5801 5826 5815
f 5826 5804 5824
f 5815 5824 4879
f 5826 5824 5815
f 5806 5836 5834
f 5836 5804 5826
f 5834 5826 5801
f 5836 5826 5834
f 5409 5827 5817
f 5827 5805 5830
f 5817 5830 5802
f 5827 5830 5817
f 5805 5828 5837
f 5828 5798 5833
f 5837 5833 5806
f 5828 5833 5837
f 5802 5835 5818
f 5835 5806 5832
f 5818 5832 5797
f 5835 5832 5818
f 5805 5837 5830
f 5837 5806 5835
f 5830 5835 5802
f 5837 5835 5830
f 5401 5812 5812
f 5812 5800 5800
f 5812 5800 5800
f 5812 5800 5812
f 5800 5813 5813
f 5813 5797 5797
f 5813 5797 5797
f 5813 5797 5813
f 5800 5813 5813
f 5813 5797 5797
f 5813 5797 5797
f 5813 5797 5813
f 5800 5813 5800
f 5813 5797 5813
f 5800 5813 5800
f 5813 5813 5800
f 5797 5816 5816
f 5816 5801 5801
f 5816 5801 5801
f 5816 5801 5816
f 5801 5815 5815
f 5815 4879 4879
f 5815 4879 4879
f 5815 4879 5815
f 5801 5815 5815
f 5815 4879 4879
f 5815 4879 4879
f 5815 4879 5815
f 5801 5815 5801
f 5815 4879 5815
f 5801 5815 5801
f 5815 5815 5801
f 5797 5816 5816
f 5816 5801 5801
f 5816 5801 5801
f 5816 5801 5816
f 5801 5815 5815
f 5815 4879 4879
f 5815 4879 4879
f 5815 4879 5815
f 5801 5815 5815
f 5815 4879 4879
f 5815 4879 4879
f 5815 4879 5815
f 5801 5815 5801
f 5815 4879 5815
f 5801 5815 5801
f 5815 5815 5801
f 5797 5816 5797
f 5816 5801 5816
f 5797 5816 5797
f 5816 5816 5797
f 5801 5815 5801
f 5815 4879 5815
f 5801 5815 5801
f 5815 5815 5801
f 5797 5816 5797
f 5816 5801 5816
f 5797 5816 5797
f 5816 5816 5797
f 5801 5801 5816
f 5801 5801 5816
f 5816 5816 5797
f 5801 5816 5816
f 4878 5841 5022
f 5841 5808 5848
f 5022 5848 4916
f 5841 5848 5022
f 5808 5842 5856
f 5842 5799 5854
f 5856 5854 5811
f 5842 5854 5856
f 4916 5858 5023
f 5858 5811 5855
f 5023 5855 4888
f 5858 5855 5023
f 5808 5856 5848
f 5856 5811 5858
f 5848 5858 4916
f 5856 5858 5848
f 5799 5839 5844
f 5839 5807 5846
f 5844 5846 5809
f 5839 5846 5844
f 5807 5838 5840
f 5838 5401 5812
f 5840 5812 5800
f 5838 5812 5840
f 5809 5845 5843
f 5845 5800 5813
f 5843 5813 5797
f 5845 5813 5843
f 5807 5840 5846
f 5840 5800 5845
f 5846 5845 5809
f 5840 5845 5846
f 4888 5850 5026
f 5850 5810 5853
f 5026 5853 4917
f 5850 5853 5026
f 5810 5849 5851
f 5849 5797 5816
f 5851 5816 5801
f 5849 5816 5851
f 4917 5847 5025
f 5847 5801 5815
f 5025 5815 4879
f 5847 5815 5025
f 5810 5851 5853
f 5851 5801 5847
f 5853 5847 4917
f 5851 5847 5853
f 5799 5844 5854
f 5844 5809 5857
f 5854 5857 5811
f 5844 5857 5854
f 5809 5843 5852
f 5843 5797 5849
f 5852 5849 5810
f 5843 5849 5852
f 5811 5859 5855
f 5859 5810 5850
f 5855 5850 4888
f 5859 5850 5855
f 5809 5852 5857
f 5852 5810 5859
f 5857 5859 5811
f 5852 5859 5857
f 4878 5022 5022
f 5022 4916 4916
f 5022 4916 4916
f 5022 4916 5022
f 4916 5023 5023
f 5023 4888 4888
f 5023 4888 4888
f 5023 4888 5023
f 4916 5023 5023
f 5023 4888 4888
f 5023 4888 4888
f 5023 4888 5023
f 4916 5023 4916
f 5023 4888 5023
f 4916 5023 4916
f 5023 5023 4916
f 4888 5026 5026
f 5026 4917 4917
f 5026 4917 4917
f 5026 4917 5026
f 4917 5025 5025
f 5025 4879 4879
f 5025 4879 4879
f 5025 4879 5025
f 4917 5025 5025
f 5025 4879 4879
f 5025 4879 4879
f 5025 4879 5025
f 4917 5025 4917
f 5025 4879 5025
f 4917 5025 4917
f 5025 5025 4917
f 4888 5026 5026
f 5026 4917 4917
f 5026 4917 4917
f 5026 4917 5026
f 4917 5025 5025
f 5025 4879 4879
f 5025 4879 4879
f 5025 4879 5025
f 4917 5025 5025
f 5025 4879 4879
f 5025 4879 4879
f 5025 4879 5025
f 4917 5025 4917
f 5025 4879 5025
f 4917 5025 4917
f 5025 5025 4917
f 4888 5026 4888
f 5026 4917 5026
f 4888 5026 4888
f 5026 5026 4888
f 4917 5025 4917
f 5025 4879 5025
f 4917 5025 4917
f 5025 5025 4917
f 4888 5026 4888
f 5026 4917 5026
f 4888 5026 4888
f 5026 5026 4888
f 4917 4917 5026
f 4917 4917 5026
f 5026 5026 4888
f 4917 5026 5026
f 4878 5011 5841
f 5011 4912 5884
f 5841 5884 5808
f 5011 5884 5841
f 4912 5012 5887
f 5012 4886 5885
f 5887 5885 5864
f 5012 5885 5887
f 5808 5888 5842
f 5888 5864 5886
f 5842 5886 5799
f 5888 5886 5842
f 4912 5887 5884
f 5887 5864 5888
f 5884 5888 5808
f 5887 5888 5884
f 4886 5010 5895
f 5010 4911 5897
f 5895 5897 5867
f 5010 5897 5895
f 4911 5009 5891
f 5009 3131 5889
f 5891 5889 5865
f 5009 5889 5891
f 5867 5899 5896
f 5899 5865 5890
f 5896 5890 5860
f 5899 5890 5896
f 4911 5891 5897
f 5891 5865 5899
f 5897 5899 5867
f 5891 5899 5897
f 5799 5900 5839
f 5900 5868 5902
f 5839 5902 5807
f 5900 5902 5839
f 5868 5901 5904
f 5901 5860 5893
f 5904 5893 5866
f 5901 5893 5904
f 5807 5894 5838
f 5894 5866 5892
f 5838 5892 5401
f 5894 5892 5838
f 5868 5904 5902
f 5904 5866 5894
f 5902 5894 5807
f 5904 5894 5902
f 4886 5895 5885
f 5895 5867 5898
f 5885 5898 5864
f 5895 5898 5885
f 5867 5896 5905
f 5896 5860 5901
f 5905 5901 5868
f 5896 5901 5905
f 5864 5903 5886
f 5903 5868 5900
f 5886 5900 5799
f 5903 5900 5886
f 5867 5905 5898
f 5905 5868 5903
f 5898 5903 5864
f 5905 5903 5898
f 4878 5841 5841
f 5841 5808 5808
f 5841 5808 5808
f 5841 5808 5841
f 5808 5842 5842
f 5842 5799 5799
f 5842 5799 5799
f 5842 5799 5842
f 5808 5842 5842
f 5842 5799 5799
f 5842 5799 5799
f 5842 5799 5842
f 5808 5842 5808
f 5842 5799 5842
f 5808 5842 5808
f 5842 5842 5808
f 5799 5839 5839
f 5839 5807 5807
f 5839 5807 5807
f 5839 5807 5839
f 5807 5838 5838
f 5838 5401 5401
f 5838 5401 5401
f 5838 5401 5838
f 5807 5838 5838
f 5838 5401 5401
f 5838 5401 5401
f 5838 5401 5838
f 5807 5838 5807
f 5838 5401 5838
f 5807 5838 5807
f 5838 5838 5807
f 5799 5839 5839
f 5839 5807 5807
f 5839 5807 5807
f 5839 5807 5839
f 5807 5838 5838
f 5838 5401 5401
f 5838 5401 5401
f 5838 5401 5838
f 5807 5838 5838
f 5838 5401 5401
f 5838 5401 5401
f 5838 5401 5838
f 5807 5838 5807
f 5838 5401 5838
f 5807 5838 5807
f 5838 5838 5807
f 5799 5839 5799
f 5839 5807 5839
f 5799 5839 5799
f 5839 5839 5799
f 5807 5838 5807
f 5838 5401 5838
f 5807 5838 5807
f 5838 5838 5807
f 5799 5839 5799
f 5839 5807 5839
f 5799 5839 5799
f 5839 5839 5799
f 5807 5807 5839
f 5807 5807 5839
f 5839 5839 5799
f 5807 5839 5839
f 3131 3250 5889
f 3250 3165 5906
f 5889 5906 5865
f 3250 5906 5889
f 3165 3251 5910
f 3251 3140 5908
f 5910 5908 5869
f 3251 5908 5910
f 5865 5909 5890
f 5909 5869 5907
f 5890 5907 5860
f 5909 5907 5890
f 3165 5910 5906
f 5910 5869 5909
f 5906 5909 5865
f 5910 5909 5906
f 3140 3248 5922
f 3248 3164 5924
f 5922 5924 5873
f 3248 5924 5922
f 3164 3247 5916
f 3247 3129 5914
f 5916 5914 5871
f 3247 5914 5916
f 5873 5926 5923
f 5926 5871 5915
f 5923 5915 5861
f 5926 5915 5923
f 3164 5916 5924
f 5916 5871 5926
f 5924 5926 5873
f 5916 5926 5924
f 5860 5917 5893
f 5917 5872 5919
f 5893 5919 5866
f 5917 5919 5893
f 5872 5918 5921
f 5918 5861 5912
f 5921 5912 5870
f 5918 5912 5921
f 5866 5913 5892
f 5913 5870 5911
f 5892 5911 5401
f 5913 5911 5892
f 5872 5921 5919
f 5921 5870 5913
f 5919 5913 5866
f 5921 5913 5919
f 3140 5922 5908
f 5922 5873 5925
f 5908 5925 5869
f 5922 5925 5908
f 5873 5923 5927
f 5923 5861 5918
f 5927 5918 5872
f 5923 5918 5927
f 5869 5920 5907
f 5920 5872 5917
f 5907 5917 5860
f 5920 5917 5907
f 5873 5927 5925
f 5927 5872 5920
f 5925 5920 5869
f 5927 5920 5925
f 3131 5889 5889
f 5889 5865 5865
f 5889 5865 5865
f 5889 5865 5889
f 5865 5890 5890
f 5890 5860 5860
f 5890 5860 5860
f 5890 5860 5890
f 5865 5890 5890
f 5890 5860 5860
f 5890 5860 5860
f 5890 5860 5890
f 5865 5890 5865
f 5890 5860 5890
f 5865 5890 5865
f 5890 5890 5865
f 5860 5893 5893
f 5893 5866 5866
f 5893 5866 5866
f 5893 5866 5893
f 5866 5892 5892
f 5892 5401 5401
f 5892 5401 5401
f 5892 5401 5892
f 5866 5892 5892
f 5892 5401 5401
f 5892 5401 5401
f 5892 5401 5892
f 5866 5892 5866
f 5892 5401 5892
f 5866 5892 5866
f 5892 5892 5866
f 5860 5893 5893
f 5893 5866 5866
f 5893 5866 5866
f 5893 5866 5893
f 5866 5892 5892
f 5892 5401 5401
f 5892 5401 5401
f 5892 5401 5892
f 5866 5892 5892
f 5892 5401 5401
f 5892 5401 5401
f 5892 5401 5892
f 5866 5892 5866
f 5892 5401 5892
f 5866 5892 5866
f 5892 5892 5866
f 5860 5893 5860
f 5893 5866 5893
f 5860 5893 5860
f 5893 5893 5860
f 5866 5892 5866
f 5892 5401 5892
f 5866 5892 5866
f 5892 5892 5866
f 5860 5893 5860
f 5893 5866 5893
f 5860 5893 5860
f 5893 5893 5860
f 5866 5866 5893
f 5866 5866 5893
f 5893 5893 5860
f 5866 5893 5893
f 5401 5911 5928
f 5911 5870 5930
f 5928 5930 5874
f 5911 5930 5928
f 5870 5912 5935
f 5912 5861 5933
f 5935 5933 5876
f 5912 5933 5935
f 5874 5936 5929
f 5936 5876 5934
f 5929 5934 5862
f 5936 5934 5929
f 5870 5935 5930
f 5935 5876 5936
f 5930 5936 5874
f 5935 5936 5930
f 5861 5915 5939
f 5915 5871 5941
f 5939 5941 5877
f 5915 5941 5939
f 5871 5914 5937
f 5914 3129 3221
f 5937 3221 3157
f 5914 3221 5937
f 5877 5943 5940
f 5943 3157 3222
f 5940 3222 3138
f 5943 3222 5940
f 5871 5937 5941
f 5937 3157 5943
f 5941 5943 5877
f 5937 5943 5941
f 5862 5944 5932
f 5944 5878 5946
f 5932 5946 5875
f 5944 5946 5932
f 5878 5945 5948
f 5945 3138 3225
f 5948 3225 3158
f 5945 3225 5948
f 5875 5938 5931
f 5938 3158 3224
f 5931 3224 3130
f 5938 3224 5931
f 5878 5948 5946
f 5948 3158 5938
f 5946 5938 5875
f 5948 5938 5946
f 5861 5939 5933
f 5939 5877 5942
f 5933 5942 5876
f 5939 5942 5933
f 5877 5940 5949
f 5940 3138 5945
f 5949 5945 5878
f 5940 5945 5949
f 5876 5947 5934
f 5947 5878 5944
f 5934 5944 5862
f 5947 5944 5934
f 5877 5949 5942
f 5949 5878 5947
f 5942 5947 5876
f 5949 5947 5942
f 5401 5928 5928
f 5928 5874 5874
f 5928 5874 5874
f 5928 5874 5928
f 5874 5929 5929
f 5929 5862 5862
f 5929 5862 5862
f 5929 5862 5929
f 5874 5929 5929
f 5929 5862 5862
f 5929 5862 5862
f 5929 5862 5929
f 5874 5929 5874
f 5929 5862 5929
f 5874 5929 5874
f 5929 5929 5874
f 5862 5932 5932
f 5932 5875 5875
f 5932 5875 5875
f 5932 5875 5932
f 5875 5931 5931
f 5931 3130 3130
f 5931 3130 3130
f 5931 3130 5931
f 5875 5931 5931
f 5931 3130 3130
f 5931 3130 3130
f 5931 3130 5931
f 5875 5931 5875
f 5931 3130 5931
f 5875 5931 5875
f 5931 5931 5875
f 5862 5932 5932
f 5932 5875 5875
f 5932 5875 5875
f 5932 5875 5932
f 5875 5931 5931
f 5931 3130 3130
f 5931 3130 3130
f 5931 3130 5931
f 5875 5931 5931
f 5931 3130 3130
f 5931 3130 3130
f 5931 3130 5931
f 5875 5931 5875
f 5931 3130 5931
f 5875 5931 5875
f 5931 5931 5875
f 5862 5932 5862
f 5932 5875 5932
f 5862 5932 5862
f 5932 5932 5862
f 5875 5931 5875
f 5931 3130 5931
f 5875 5931 5875
f 5931 5931 5875
f 5862 5932 5862
f 5932 5875 5932
f 5862 5932 5862
f 5932 5932 5862
f 5875 5875 5932
f 5875 5875 5932
f 5932 5932 5862
f 5875 5932 5932
f 5400 5544 5958
f 5544 5439 5960
f 5958 5960 5881
f 5544 5960 5958
f 5439 5545 5968
f 5545 5410 5966
f 5968 5966 5883
f 5545 5966 5968
f 5881 5970 5959
f 5970 5883 5967
f 5959 5967 5863
f 5970 5967 5959
f 5439 5968 5960
f 5968 5883 5970
f 5960 5970 5881
f 5968 5970 5960
f 5410 5548 5952
f 5548 5440 5954
f 5952 5954 5879
f 5548 5954 5952
f 5440 5547 5950
f 5547 5401 5928
f 5950 5928 5874
f 5547 5928 5950
f 5879 5953 5951
f 5953 5874 5929
f 5951 5929 5862
f 5953 5929 5951
f 5440 5950 5954
f 5950 5874 5953
f 5954 5953 5879
f 5950 5953 5954
f 5863 5962 5956
f 5962 5882 5965
f 5956 5965 5880
f 5962 5965 5956
f 5882 5961 5963
f 5961 5862 5932
f 5963 5932 5875
f 5961 5932 5963
f 5880 5957 5955
f 5957 5875 5931
f 5955 5931 3130
f 5957 5931 5955
f 5882 5963 5965
f 5963 5875 5957
f 5965 5957 5880
f 5963 5957 5965
f 5410 5952 5966
f 5952 5879 5969
f 5966 5969 5883
f 5952 5969 5966
f 5879 5951 5964
f 5951 5862 5961
f 5964 5961 5882
f 5951 5961 5964
f 5883 5971 5967
f 5971 5882 5962
f 5967 5962 5863
f 5971 5962 5967
f 5879 5964 5969
f 5964 5882 5971
f 5969 5971 5883
f 5964 5971 5969
f 5400 5958 5958
f 5958 5881 5881
f 5958 5881 5881
f 5958 5881 5958
f 5881 5959 5959
f 5959 5863 5863
f 5959 5863 5863
f 5959 5863 5959
f 5881 5959 5959
f 5959 5863 5863
f 5959 5863 5863
f 5959 5863 5959
f 5881 5959 5881
f 5959 5863 5959
f 5881 5959 5881
f 5959 5959 5881
f 5863 5956 5956
f 5956 5880 5880
f 5956 5880 5880
f 5956 5880 5956
f 5880 5955 5955
f 5955 3130 3130
f 5955 3130 3130
f 5955 3130 5955
f 5880 5955 5955
f 5955 3130 3130
f 5955 3130 3130
f 5955 3130 5955
f 5880 5955 5880
f 5955 3130 5955
f 5880 5955 5880
f 5955 5955 5880
f 5863 5956 5956
f 5956 5880 5880
f 5956 5880 5880
f 5956 5880 5956
f 5880 5955 5955
f 5955 3130 3130
f 5955 3130 3130
f 5955 3130 5955
f 5880 5955 5955
f 5955 3130 3130
f 5955 3130 3130
f 5955 3130 5955
f 5880 5955 5880
f 5955 3130 5955
f 5880 5955 5880
f 5955 5955 5880
f 5863 5956 5863
f 5956 5880 5956
f 5863 5956 5863
f 5956 5956 5863
f 5880 5955 5880
f 5955 3130 5955
f 5880 5955 5880
f 5955 5955 5880
f 5863 5956 5863
f 5956 5880 5956
f 5863 5956 5863
f 5956 5956 5863
f 5880 5880 5956
f 5880 5880 5956
f 5956 5956 5863
f 5880 5956 5956
f 4881 5997 5078
f 5997 5978 6001
f 5078 6001 4932
f 5997 6001 5078
f 5978 5998 6004
f 5998 5973 6002
f 6004 6002 5980
f 5998 6002 6004
f 4932 6005 5079
f 6005 5980 6003
f 5079 6003 4893
f 6005 6003 5079
f 5978 6004 6001
f 6004 5980 6005
f 6001 6005 4932
f 6004 6005 6001
f 5973 6000 6012
f 6000 5979 6014
f 6012 6014 5983
f 6000 6014 6012
f 5979 5999 6008
f 5999 5972 6006
f 6008 6006 5981
f 5999 6006 6008
f 5983 6016 6013
f 6016 5981 6007
f 6013 6007 5974
f 6016 6007 6013
f 5979 6008 6014
f 6008 5981 6016
f 6014 6016 5983
f 6008 6016 6014
f 4893 6017 5082
f 6017 5984 6019
f 5082 6019 4933
f 6017 6019 5082
f 5984 6018 6021
f 6018 5974 6010
f 6021 6010 5982
f 6018 6010 6021
f 4933 6011 5081
f 6011 5982 6009
f 5081 6009 4882
f 6011 6009 5081
f 5984 6021 6019
f 6021 5982 6011
f 6019 6011 4933
f 6021 6011 6019
f 5973 6012 6002
f 6012 5983 6015
f 6002 6015 5980
f 6012 6015 6002
f 5983 6013 6022
f 6013 5974 6018
f 6022 6018 5984
f 6013 6018 6022
f 5980 6020 6003
f 6020 5984 6017
f 6003 6017 4893
f 6020 6017 6003
f 5983 6022 6015
f 6022 5984 6020
f 6015 6020 5980
f 6022 6020 6015
f 4881 5078 5078
f 5078 4932 4932
f 5078 4932 4932
f 5078 4932 5078
f 4932 5079 5079
f 5079 4893 4893
f 5079 4893 4893
f 5079 4893 5079
f 4932 5079 5079
f 5079 4893 4893
f 5079 4893 4893
f 5079 4893 5079
f 4932 5079 4932
f 5079 4893 5079
f 4932 5079 4932
f 5079 5079 4932
f 4893 5082 5082
f 5082 4933 4933
f 5082 4933 4933
f 5082 4933 5082
f 4933 5081 5081
f 5081 4882 4882
f 5081 4882 4882
f 5081 4882 5081
f 4933 5081 5081
f 5081 4882 4882
f 5081 4882 4882
f 5081 4882 5081
f 4933 5081 4933
f 5081 4882 5081
f 4933 5081 4933
f 5081 5081 4933
f 4893 5082 5082
f 5082 4933 4933
f 5082 4933 4933
f 5082 4933 5082
f 4933 5081 5081
f 5081 4882 4882
f 5081 4882 4882
f 5081 4882 5081
f 4933 5081 5081
f 5081 4882 4882
f 5081 4882 4882
f 5081 4882 5081
f 4933 5081 4933
f 5081 4882 5081
f 4933 5081 4933
f 5081 5081 4933
f 4893 5082 4893
f 5082 4933 5082
f 4893 5082 4893
f 5082 5082 4893
f 4933 5081 4933
f 5081 4882 5081
f 4933 5081 4933
f 5081 5081 4933
f 4893 5082 4893
f 5082 4933 5082
f 4893 5082 4893
f 5082 5082 4893
f 4933 4933 5082
f 4933 4933 5082
f 5082 5082 4893
f 4933 5082 5082
f 5399 6035 6026
f 6035 5989 6037
f 6026 6037 5986
f 6035 6037 6026
f 5989 6036 6047
f 6036 5976 6044
f 6047 6044 5991
f 6036 6044 6047
f 5986 6045 6027
f 6045 5991 6043
f 6027 6043 5975
f 6045 6043 6027
f 5989 6047 6037
f 6047 5991 6045
f 6037 6045 5986
f 6047 6045 6037
f 5976 6033 6039
f 6033 5988 6042
f 6039 6042 5990
f 6033 6042 6039
f 5988 6032 6034
f 6032 5972 5999
f 6034 5999 5979
f 6032 5999 6034
f 5990 6040 6038
f 6040 5979 6000
f 6038 6000 5973
f 6040 6000 6038
f 5988 6034 6042
f 6034 5979 6040
f 6042 6040 5990
f 6034 6040 6042
f 5975 6029 6024
f 6029 5987 6031
f 6024 6031 5985
f 6029 6031 6024
f 5987 6028 6030
f 6028 5973 5998
f 6030 5998 5978
f 6028 5998 6030
f 5985 6025 6023
f 6025 5978 5997
f 6023 5997 4881
f 6025 5997 6023
f 5987 6030 6031
f 6030 5978 6025
f 6031 6025 5985
f 6030 6025 6031
f 5976 6039 6044
f 6039 5990 6048
f 6044 6048 5991
f 6039 6048 6044
f 5990 6038 6041
f 6038 5973 6028
f 6041 6028 5987
f 6038 6028 6041
f 5991 6046 6043
f 6046 5987 6029
f 6043 6029 5975
f 6046 6029 6043
f 5990 6041 6048
f 6041 5987 6046
f 6048 6046 5991
f 6041 6046 6048
f 5399 6026 6026
f 6026 5986 5986
f 6026 5986 5986
f 6026 5986 6026
f 5986 6027 6027
f 6027 5975 5975
f 6027 5975 5975
f 6027 5975 6027
f 5986 6027 6027
f 6027 5975 5975
f 6027 5975 5975
f 6027 5975 6027
f 5986 6027 5986
f 6027 5975 6027
f 5986 6027 5986
f 6027 6027 5986
f 5975 6024 6024
f 6024 5985 5985
f 6024 5985 5985
f 6024 5985 6024
f 5985 6023 6023
f 6023 4881 4881
f 6023 4881 4881
f 6023 4881 6023
f 5985 6023 6023
f 6023 4881 4881
f 6023 4881 4881
f 6023 4881 6023
f 5985 6023 5985
f 6023 4881 6023
f 5985 6023 5985
f 6023 6023 5985
f 5975 6024 6024
f 6024 5985 5985
f 6024 5985 5985
f 6024 5985 6024
f 5985 6023 6023
f 6023 4881 4881
f 6023 4881 4881
f 6023 4881 6023
f 5985 6023 6023
f 6023 4881 4881
f 6023 4881 4881
f 6023 4881 6023
f 5985 6023 5985
f 6023 4881 6023
f 5985 6023 5985
f 6023 6023 5985
f 5975 6024 5975
f 6024 5985 6024
f 5975 6024 5975
f 6024 6024 5975
f 5985 6023 5985
f 6023 4881 6023
f 5985 6023 5985
f 6023 6023 5985
f 5975 6024 5975
f 6024 5985 6024
f 5975 6024 5975
f 6024 6024 5975
f 5985 5985 6024
f 5985 5985 6024
f 6024 6024 5975
f 5985 6024 6024
f 5398 6052 5514
f 6052 5993 6059
f 5514 6059 5430
f 6052 6059 5514
f 5993 6053 6067
f 6053 5977 6065
f 6067 6065 5996
f 6053 6065 6067
f 5430 6069 5515
f 6069 5996 6066
f 5515 6066 5407
f 6069 6066 5515
f 5993 6067 6059
f 6067 5996 6069
f 6059 6069 5430
f 6067 6069 6059
f 5977 6050 6055
f 6050 5992 6057
f 6055 6057 5994
f 6050 6057 6055
f 5992 6049 6051
f 6049 5972 6032
f 6051 6032 5988
f 6049 6032 6051
f 5994 6056 6054
f 6056 5988 6033
f 6054 6033 5976
f 6056 6033 6054
f 5992 6051 6057
f 6051 5988 6056
f 6057 6056 5994
f 6051 6056 6057
f 5407 6061 5518
f 6061 5995 6064
f 5518 6064 5431
f 6061 6064 5518
f 5995 6060 6062
f 6060 5976 6036
f 6062 6036 5989
f 6060 6036 6062
f 5431 6058 5517
f 6058 5989 6035
f 5517 6035 5399
f 6058 6035 5517
f 5995 6062 6064
f 6062 5989 6058
f 6064 6058 5431
f 6062 6058 6064
f 5977 6055 6065
f 6055 5994 6068
f 6065 6068 5996
f 6055 6068 6065
f 5994 6054 6063
f 6054 5976 6060
f 6063 6060 5995
f 6054 6060 6063
f 5996 6070 6066
f 6070 5995 6061
f 6066 6061 5407
f 6070 6061 6066
f 5994 6063 6068
f 6063 5995 6070
f 6068 6070 5996
f 6063 6070 6068
f 5398 5514 5514
f 5514 5430 5430
f 5514 5430 5430
f 5514 5430 5514
f 5430 5515 5515
f 5515 5407 5407
f 5515 5407 5407
f 5515 5407 5515
f 5430 5515 5515
f 5515 5407 5407
f 5515 5407 5407
f 5515 5407 5515
f 5430 5515 5430
f 5515 5407 5515
f 5430 5515 5430
f 5515 5515 5430
f 5407 5518 5518
f 5518 5431 5431
f 5518 5431 5431
f 5518 5431 5518
f 5431 5517 5517
f 5517 5399 5399
f 5517 5399 5399
f 5517 5399 5517
f 5431 5517 5517
f 5517 5399 5399
f 5517 5399 5399
f 5517 5399 5517
f 5431 5517 5431
f 5517 5399 5517
f 5431 5517 5431
f 5517 5517 5431
f 5407 5518 5518
f 5518 5431 5431
f 5518 5431 5431
f 5518 5431 5518
f 5431 5517 5517
f 5517 5399 5399
f 5517 5399 5399
f 5517 5399 5517
f 5431 5517 5517
f 5517 5399 5399
f 5517 5399 5399
f 5517 5399 5517
f 5431 5517 5431
f 5517 5399 5517
f 5431 5517 5431
f 5517 5517 5431
f 5407 5518 5407
f 5518 5431 5518
f 5407 5518 5407
f 5518 5518 5407
f 5431 5517 5431
f 5517 5399 5517
f 5431 5517 5431
f 5517 5517 5431
f 5407 5518 5407
f 5518 5431 5518
f 5407 5518 5407
f 5518 5518 5407
f 5431 5431 5518
f 5431 5431 5518
f 5518 5518 5407
f 5431 5518 5518
f 4879 5824 6080
f 5824 5804 6082
f 6080 6082 6072
f 5824 6082 6080
f 5804 5825 6087
f 5825 5798 6085
f 6087 6085 6074
f 5825 6085 6087
f 6072 6088 6081
f 6088 6074 6086
f 6081 6086 6071
f 6088 6086 6081
f 5804 6087 6082
f 6087 6074 6088
f 6082 6088 6072
f 6087 6088 6082
f 5798 5822 6091
f 5822 5803 6093
f 6091 6093 6075
f 5822 6093 6091
f 5803 5821 6089
f 5821 5397 5505
f 6089 5505 5427
f 5821 5505 6089
f 6075 6095 6092
f 6095 5427 5506
f 6092 5506 5406
f 6095 5506 6092
f 5803 6089 6093
f 6089 5427 6095
f 6093 6095 6075
f 6089 6095 6093
f 6071 6096 6084
f 6096 6076 6098
f 6084 6098 6073
f 6096 6098 6084
f 6076 6097 6100
f 6097 5406 5509
f 6100 5509 5428
f 6097 5509 6100
f 6073 6090 6083
f 6090 5428 5508
f 6083 5508 5399
f 6090 5508 6083
f 6076 6100 6098
f 6100 5428 6090
f 6098 6090 6073
f 6100 6090 6098
f 5798 6091 6085
f 6091 6075 6094
f 6085 6094 6074
f 6091 6094 6085
f 6075 6092 6101
f 6092 5406 6097
f 6101 6097 6076
f 6092 6097 6101
f 6074 6099 6086
f 6099 6076 6096
f 6086 6096 6071
f 6099 6096 6086
f 6075 6101 6094
f 6101 6076 6099
f 6094 6099 6074
f 6101 6099 6094
f 4879 6080 6080
f 6080 6072 6072
f 6080 6072 6072
f 6080 6072 6080
f 6072 6081 6081
f 6081 6071 6071
f 6081 6071 6071
f 6081 6071 6081
f 6072 6081 6081
f 6081 6071 6071
f 6081 6071 6071
f 6081 6071 6081
f 6072 6081 6072
f 6081 6071 6081
f 6072 6081 6072
f 6081 6081 6072
f 6071 6084 6084
f 6084 6073 6073
f 6084 6073 6073
f 6084 6073 6084
f 6073 6083 6083
f 6083 5399 5399
f 6083 5399 5399
f 6083 5399 6083
f 6073 6083 6083
f 6083 5399 5399
f 6083 5399 5399
f 6083 5399 6083
f 6073 6083 6073
f 6083 5399 6083
f 6073 6083 6073
f 6083 6083 6073
f 6071 6084 6084
f 6084 6073 6073
f 6084 6073 6073
f 6084 6073 6084
f 6073 6083 6083
f 6083 5399 5399
f 6083 5399 5399
f 6083 5399 6083
f 6073 6083 6083
f 6083 5399 5399
f 6083 5399 5399
f 6083 5399 6083
f 6073 6083 6073
f 6083 5399 6083
f 6073 6083 6073
f 6083 6083 6073
f 6071 6084 6071
f 6084 6073 6084
f 6071 6084 6071
f 6084 6084 6071
f 6073 6083 6073
f 6083 5399 6083
f 6073 6083 6073
f 6083 6083 6073
f 6071 6084 6071
f 6084 6073 6084
f 6071 6084 6071
f 6084 6084 6071
f 6073 6073 6084
f 6073 6073 6084
f 6084 6084 6071
f 6073 6084 6084
f 4881 5046 6023
f 5046 4923 6108
f 6023 6108 5985
f 5046 6108 6023
f 4923 5047 6116
f 5047 4890 6114
f 6116 6114 6079
f 5047 6114 6116
f 5985 6118 6024
f 6118 6079 6115
f 6024 6115 5975
f 6118 6115 6024
f 4923 6116 6108
f 6116 6079 6118
f 6108 6118 5985
f 6116 6118 6108
f 4890 5044 6104
f 5044 4922 6106
f 6104 6106 6077
f 5044 6106 6104
f 4922 5043 6102
f 5043 4879 6080
f 6102 6080 6072
f 5043 6080 6102
f 6077 6105 6103
f 6105 6072 6081
f 6103 6081 6071
f 6105 6081 6103
f 4922 6102 6106
f 6102 6072 6105
f 6106 6105 6077
f 6102 6105 6106
f 5975 6110 6027
f 6110 6078 6113
f 6027 6113 5986
f 6110 6113 6027
f 6078 6109 6111
f 6109 6071 6084
f 6111 6084 6073
f 6109 6084 6111
f 5986 6107 6026
f 6107 6073 6083
f 6026 6083 5399
f 6107 6083 6026
f 6078 6111 6113
f 6111 6073 6107
f 6113 6107 5986
f 6111 6107 6113
f 4890 6104 6114
f 6104 6077 6117
f 6114 6117 6079
f 6104 6117 6114
f 6077 6103 6112
f 6103 6071 6109
f 6112 6109 6078
f 6103 6109 6112
f 6079 6119 6115
f 6119 6078 6110
f 6115 6110 5975
f 6119 6110 6115
f 6077 6112 6117
f 6112 6078 6119
f 6117 6119 6079
f 6112 6119 6117
f 4881 6023 6023
f 6023 5985 5985
f 6023 5985 5985
f 6023 5985 6023
f 5985 6024 6024
f 6024 5975 5975
f 6024 5975 5975
f 6024 5975 6024
f 5985 6024 6024
f 6024 5975 5975
f 6024 5975 5975
f 6024 5975 6024
f 5985 6024 5985
f 6024 5975 6024
f 5985 6024 5985
f 6024 6024 5985
f 5975 6027 6027
f 6027 5986 5986
f 6027 5986 5986
f 6027 5986 6027
f 5986 6026 6026
f 6026 5399 5399
f 6026 5399 5399
f 6026 5399 6026
f 5986 6026 6026
f 6026 5399 5399
f 6026 5399 5399
f 6026 5399 6026
f 5986 6026 5986
f 6026 5399 6026
f 5986 6026 5986
f 6026 6026 5986
f 5975 6027 6027
f 6027 5986 5986
f 6027 5986 5986
f 6027 5986 6027
f 5986 6026 6026
f 6026 5399 5399
f 6026 5399 5399
f 6026 5399 6026
f 5986 6026 6026
f 6026 5399 5399
f 6026 5399 5399
f 6026 5399 6026
f 5986 6026 5986
f 6026 5399 6026
f 5986 6026 5986
f 6026 6026 5986
f 5975 6027 5975
f 6027 5986 6027
f 5975 6027 5975
f 6027 6027 5975
f 5986 6026 5986
f 6026 5399 6026
f 5986 6026 5986
f 6026 6026 5986
f 5975 6027 5975
f 6027 5986 6027
f 5975 6027 5975
f 6027 6027 5975
f 5986 5986 6027
f 5986 5986 6027
f 6027 6027 5975
f 5986 6027 6027
f 3127 6247 3182
f 6247 6143 6251
f 3182 6251 3145
f 6247 6251 3182
f 6143 6248 6254
f 6248 6121 6252
f 6254 6252 6145
f 6248 6252 6254
f 3145 6255 3183
f 6255 6145 6253
f 3183 6253 3134
f 6255 6253 3183
f 6143 6254 6251
f 6254 6145 6255
f 6251 6255 3145
f 6254 6255 6251
f 6121 6250 6262
f 6250 6144 6264
f 6262 6264 6148
f 6250 6264 6262
f 6144 6249 6258
f 6249 601 6256
f 6258 6256 6146
f 6249 6256 6258
f 6148 6266 6263
f 6266 6146 6257
f 6263 6257 6122
f 6266 6257 6263
f 6144 6258 6264
f 6258 6146 6266
f 6264 6266 6148
f 6258 6266 6264
f 3134 6267 3185
f 6267 6149 6269
f 3185 6269 3146
f 6267 6269 3185
f 6149 6268 6271
f 6268 6122 6260
f 6271 6260 6147
f 6268 6260 6271
f 3146 6261 3184
f 6261 6147 6259
f 3184 6259 3128
f 6261 6259 3184
f 6149 6271 6269
f 6271 6147 6261
f 6269 6261 3146
f 6271 6261 6269
f 6121 6262 6252
f 6262 6148 6265
f 6252 6265 6145
f 6262 6265 6252
f 6148 6263 6272
f 6263 6122 6268
f 6272 6268 6149
f 6263 6268 6272
f 6145 6270 6253
f 6270 6149 6267
f 6253 6267 3134
f 6270 6267 6253
f 6148 6272 6265
f 6272 6149 6270
f 6265 6270 6145
f 6272 6270 6265
f 3127 3182 3182
f 3182 3145 3145
f 3182 3145 3145
f 3182 3145 3182
f 3145 3183 3183
f 3183 3134 3134
f 3183 3134 3134
f 3183 3134 3183
f 3145 3183 3183
f 3183 3134 3134
f 3183 3134 3134
f 3183 3134 3183
f 3145 3183 3145
f 3183 3134 3183
f 3145 3183 3145
f 3183 3183 3145
f 3134 3185 3185
f 3185 3146 3146
f 3185 3146 3146
f 3185 3146 3185
f 3146 3184 3184
f 3184 3128 3128
f 3184 3128 3128
f 3184 3128 3184
f 3146 3184 3184
f 3184 3128 3128
f 3184 3128 3128
f 3184 3128 3184
f 3146 3184 3146
f 3184 3128 3184
f 3146 3184 3146
f 3184 3184 3146
f 3134 3185 3185
f 3185 3146 3146
f 3185 3146 3146
f 3185 3146 3185
f 3146 3184 3184
f 3184 3128 3128
f 3184 3128 3128
f 3184 3128 3184
f 3146 3184 3184
f 3184 3128 3128
f 3184 3128 3128
f 3184 3128 3184
f 3146 3184 3146
f 3184 3128 3184
f 3146 3184 3146
f 3184 3184 3146
f 3134 3185 3134
f 3185 3146 3185
f 3134 3185 3134
f 3185 3185 3134
f 3146 3184 3146
f 3184 3128 3184
f 3146 3184 3146
f 3184 3184 3146
f 3134 3185 3134
f 3185 3146 3185
f 3134 3185 3134
f 3185 3185 3134
f 3146 3146 3185
f 3146 3146 3185
f 3185 3185 3134
f 3146 3185 3185
f 601 6249 858
f 6249 6144 6282
f 858 6282 672
f 6249 6282 858
f 6144 6250 6286
f 6250 6121 6284
f 6286 6284 6153
f 6250 6284 6286
f 672 6288 859
f 6288 6153 6285
f 859 6285 621
f 6288 6285 859
f 6144 6286 6282
f 6286 6153 6288
f 6282 6288 672
f 6286 6288 6282
f 6121 6248 6278
f 6248 6143 6280
f 6278 6280 6152
f 6248 6280 6278
f 6143 6247 6275
f 6247 3127 6273
f 6275 6273 6150
f 6247 6273 6275
f 6152 6281 6279
f 6281 6150 6274
f 6279 6274 6123
f 6281 6274 6279
f 6143 6275 6280
f 6275 6150 6281
f 6280 6281 6152
f 6275 6281 6280
f 621 6290 861
f 6290 6154 6293
f 861 6293 673
f 6290 6293 861
f 6154 6289 6291
f 6289 6123 6277
f 6291 6277 6151
f 6289 6277 6291
f 673 6283 860
f 6283 6151 6276
f 860 6276 605
f 6283 6276 860
f 6154 6291 6293
f 6291 6151 6283
f 6293 6283 673
f 6291 6283 6293
f 6121 6278 6284
f 6278 6152 6287
f 6284 6287 6153
f 6278 6287 6284
f 6152 6279 6292
f 6279 6123 6289
f 6292 6289 6154
f 6279 6289 6292
f 6153 6294 6285
f 6294 6154 6290
f 6285 6290 621
f 6294 6290 6285
f 6152 6292 6287
f 6292 6154 6294
f 6287 6294 6153
f 6292 6294 6287
f 601 858 858
f 858 672 672
f 858 672 672
f 858 672 858
f 672 859 859
f 859 621 621
f 859 621 621
f 859 621 859
f 672 859 859
f 859 621 621
f 859 621 621
f 859 621 859
f 672 859 672
f 859 621 859
f 672 859 672
f 859 859 672
f 621 861 861
f 861 673 673
f 861 673 673
f 861 673 861
f 673 860 860
f 860 605 605
f 860 605 605
f 860 605 860
f 673 860 860
f 860 605 605
f 860 605 605
f 860 605 860
f 673 860 673
f 860 605 860
f 673 860 673
f 860 860 673
f 621 861 861
f 861 673 673
f 861 673 673
f 861 673 861
f 673 860 860
f 860 605 605
f 860 605 605
f 860 605 860
f 673 860 860
f 860 605 605
f 860 605 605
f 860 605 860
f 673 860 673
f 860 605 860
f 673 860 673
f 860 860 673
f 621 861 621
f 861 673 861
f 621 861 621
f 861 861 621
f 673 860 673
f 860 605 860
f 673 860 673
f 860 860 673
f 621 861 621
f 861 673 861
f 621 861 621
f 861 861 621
f 673 673 861
f 673 673 861
f 861 861 621
f 673 861 861
f 1518 6295 6299
f 6295 6155 6301
f 6299 6301 6157
f 6295 6301 6299
f 6155 6296 6306
f 6296 6124 6304
f 6306 6304 6159
f 6296 6304 6306
f 6157 6307 6300
f 6307 6159 6305
f 6300 6305 6125
f 6307 6305 6300
f 6155 6306 6301
f 6306 6159 6307
f 6301 6307 6157
f 6306 6307 6301
f 6124 6298 6310
f 6298 6156 6312
f 6310 6312 6160
f 6298 6312 6310
f 6156 6297 6308
f 6297 3133 5349
f 6308 5349 4997
f 6297 5349 6308
f 6160 6314 6311
f 6314 4997 5350
f 6311 5350 4908
f 6314 5350 6311
f 6156 6308 6312
f 6308 4997 6314
f 6312 6314 6160
f 6308 6314 6312
f 6125 6315 6303
f 6315 6161 6317
f 6303 6317 6158
f 6315 6317 6303
f 6161 6316 6319
f 6316 4908 5353
f 6319 5353 4998
f 6316 5353 6319
f 6158 6309 6302
f 6309 4998 5352
f 6302 5352 4885
f 6309 5352 6302
f 6161 6319 6317
f 6319 4998 6309
f 6317 6309 6158
f 6319 6309 6317
f 6124 6310 6304
f 6310 6160 6313
f 6304 6313 6159
f 6310 6313 6304
f 6160 6311 6320
f 6311 4908 6316
f 6320 6316 6161
f 6311 6316 6320
f 6159 6318 6305
f 6318 6161 6315
f 6305 6315 6125
f 6318 6315 6305
f 6160 6320 6313
f 6320 6161 6318
f 6313 6318 6159
f 6320 6318 6313
f 1518 6299 6299
f 6299 6157 6157
f 6299 6157 6157
f 6299 6157 6299
f 6157 6300 6300
f 6300 6125 6125
f 6300 6125 6125
f 6300 6125 6300
f 6157 6300 6300
f 6300 6125 6125
f 6300 6125 6125
f 6300 6125 6300
f 6157 6300 6157
f 6300 6125 6300
f 6157 6300 6157
f 6300 6300 6157
f 6125 6303 6303
f 6303 6158 6158
f 6303 6158 6158
f 6303 6158 6303
f 6158 6302 6302
f 6302 4885 4885
f 6302 4885 4885
f 6302 4885 6302
f 6158 6302 6302
f 6302 4885 4885
f 6302 4885 4885
f 6302 4885 6302
f 6158 6302 6158
f 6302 4885 6302
f 6158 6302 6158
f 6302 6302 6158
f 6125 6303 6303
f 6303 6158 6158
f 6303 6158 6158
f 6303 6158 6303
f 6158 6302 6302
f 6302 4885 4885
f 6302 4885 4885
f 6302 4885 6302
f 6158 6302 6302
f 6302 4885 4885
f 6302 4885 4885
f 6302 4885 6302
f 6158 6302 6158
f 6302 4885 6302
f 6158 6302 6158
f 6302 6302 6158
f 6125 6303 6125
f 6303 6158 6303
f 6125 6303 6125
f 6303 6303 6125
f 6158 6302 6158
f 6302 4885 6302
f 6158 6302 6158
f 6302 6302 6158
f 6125 6303 6125
f 6303 6158 6303
f 6125 6303 6125
f 6303 6303 6125
f 6158 6158 6303
f 6158 6158 6303
f 6303 6303 6125
f 6158 6303 6303
f 4883 6323 5244
f 6323 6163 6352
f 5244 6352 4973
f 6323 6352 5244
f 6163 6324 6356
f 6324 6126 6354
f 6356 6354 6170
f 6324 6354 6356
f 4973 6358 5245
f 6358 6170 6355
f 5245 6355 4903
f 6358 6355 5245
f 6163 6356 6352
f 6356 6170 6358
f 6352 6358 4973
f 6356 6358 6352
f 6126 6322 6335
f 6322 6162 6337
f 6335 6337 6167
f 6322 6337 6335
f 6162 6321 6328
f 6321 1518 6325
f 6328 6325 6164
f 6321 6325 6328
f 6167 6338 6336
f 6338 6164 6326
f 6336 6326 6127
f 6338 6326 6336
f 6162 6328 6337
f 6328 6164 6338
f 6337 6338 6167
f 6328 6338 6337
f 4903 6360 5248
f 6360 6171 6363
f 5248 6363 4974
f 6360 6363 5248
f 6171 6359 6361
f 6359 6127 6330
f 6361 6330 6165
f 6359 6330 6361
f 4974 6353 5247
f 6353 6165 6329
f 5247 6329 4884
f 6353 6329 5247
f 6171 6361 6363
f 6361 6165 6353
f 6363 6353 4974
f 6361 6353 6363
f 6126 6335 6354
f 6335 6167 6357
f 6354 6357 6170
f 6335 6357 6354
f 6167 6336 6362
f 6336 6127 6359
f 6362 6359 6171
f 6336 6359 6362
f 6170 6364 6355
f 6364 6171 6360
f 6355 6360 4903
f 6364 6360 6355
f 6167 6362 6357
f 6362 6171 6364
f 6357 6364 6170
f 6362 6364 6357
f 4883 5244 5244
f 5244 4973 4973
f 5244 4973 4973
f 5244 4973 5244
f 4973 5245 5245
f 5245 4903 4903
f 5245 4903 4903
f 5245 4903 5245
f 4973 5245 5245
f 5245 4903 4903
f 5245 4903 4903
f 5245 4903 5245
f 4973 5245 4973
f 5245 4903 5245
f 4973 5245 4973
f 5245 5245 4973
f 4903 5248 5248
f 5248 4974 4974
f 5248 4974 4974
f 5248 4974 5248
f 4974 5247 5247
f 5247 4884 4884
f 5247 4884 4884
f 5247 4884 5247
f 4974 5247 5247
f 5247 4884 4884
f 5247 4884 4884
f 5247 4884 5247
f 4974 5247 4974
f 5247 4884 5247
f 4974 5247 4974
f 5247 5247 4974
f 4903 5248 5248
f 5248 4974 4974
f 5248 4974 4974
f 5248 4974 5248
f 4974 5247 5247
f 5247 4884 4884
f 5247 4884 4884
f 5247 4884 5247
f 4974 5247 5247
f 5247 4884 4884
f 5247 4884 4884
f 5247 4884 5247
f 4974 5247 4974
f 5247 4884 5247
f 4974 5247 4974
f 5247 5247 4974
f 4903 5248 4903
f 5248 4974 5248
f 4903 5248 4903
f 5248 5248 4903
f 4974 5247 4974
f 5247 4884 5247
f 4974 5247 4974
f 5247 5247 4974
f 4903 5248 4903
f 5248 4974 5248
f 4903 5248 4903
f 5248 5248 4903
f 4974 4974 5248
f 4974 4974 5248
f 5248 5248 4903
f 4974 5248 5248
f 6120 6369 6373
f 6369 6174 6375
f 6373 6375 6176
f 6369 6375 6373
f 6174 6370 6380
f 6370 6129 6378
f 6380 6378 6178
f 6370 6378 6380
f 6176 6381 6374
f 6381 6178 6379
f 6374 6379 6130
f 6381 6379 6374
f 6174 6380 6375
f 6380 6178 6381
f 6375 6381 6176
f 6380 6381 6375
f 6129 6372 6384
f 6372 6175 6386
f 6384 6386 6179
f 6372 6386 6384
f 6175 6371 6382
f 6371 5402 5749
f 6382 5749 5489
f 6371 5749 6382
f 6179 6388 6385
f 6388 5489 5750
f 6385 5750 5422
f 6388 5750 6385
f 6175 6382 6386
f 6382 5489 6388
f 6386 6388 6179
f 6382 6388 6386
f 6130 6389 6377
f 6389 6180 6391
f 6377 6391 6177
f 6389 6391 6377
f 6180 6390 6393
f 6390 5422 5753
f 6393 5753 5490
f 6390 5753 6393
f 6177 6383 6376
f 6383 5490 5752
f 6376 5752 5404
f 6383 5752 6376
f 6180 6393 6391
f 6393 5490 6383
f 6391 6383 6177
f 6393 6383 6391
f 6129 6384 6378
f 6384 6179 6387
f 6378 6387 6178
f 6384 6387 6378
f 6179 6385 6394
f 6385 5422 6390
f 6394 6390 6180
f 6385 6390 6394
f 6178 6392 6379
f 6392 6180 6389
f 6379 6389 6130
f 6392 6389 6379
f 6179 6394 6387
f 6394 6180 6392
f 6387 6392 6178
f 6394 6392 6387
f 6120 6373 6373
f 6373 6176 6176
f 6373 6176 6176
f 6373 6176 6373
f 6176 6374 6374
f 6374 6130 6130
f 6374 6130 6130
f 6374 6130 6374
f 6176 6374 6374
f 6374 6130 6130
f 6374 6130 6130
f 6374 6130 6374
f 6176 6374 6176
f 6374 6130 6374
f 6176 6374 6176
f 6374 6374 6176
f 6130 6377 6377
f 6377 6177 6177
f 6377 6177 6177
f 6377 6177 6377
f 6177 6376 6376
f 6376 5404 5404
f 6376 5404 5404
f 6376 5404 6376
f 6177 6376 6376
f 6376 5404 5404
f 6376 5404 5404
f 6376 5404 6376
f 6177 6376 6177
f 6376 5404 6376
f 6177 6376 6177
f 6376 6376 6177
f 6130 6377 6377
f 6377 6177 6177
f 6377 6177 6177
f 6377 6177 6377
f 6177 6376 6376
f 6376 5404 5404
f 6376 5404 5404
f 6376 5404 6376
f 6177 6376 6376
f 6376 5404 5404
f 6376 5404 5404
f 6376 5404 6376
f 6177 6376 6177
f 6376 5404 6376
f 6177 6376 6177
f 6376 6376 6177
f 6130 6377 6130
f 6377 6177 6377
f 6130 6377 6130
f 6377 6377 6130
f 6177 6376 6177
f 6376 5404 6376
f 6177 6376 6177
f 6376 6376 6177
f 6130 6377 6130
f 6377 6177 6377
f 6130 6377 6130
f 6377 6377 6130
f 6177 6177 6377
f 6177 6177 6377
f 6377 6377 6130
f 6177 6377 6377
f 343 1246 6398
f 1246 1213 6405
f 6398 6405 6182
f 1246 6405 6398
f 1213 1247 6415
f 1247 1204 6412
f 6415 6412 6185
f 1247 6412 6415
f 6182 6413 6399
f 6413 6185 6411
f 6399 6411 6131
f 6413 6411 6399
f 1213 6415 6405
f 6415 6185 6413
f 6405 6413 6182
f 6415 6413 6405
f 1204 1250 6407
f 1250 1214 6410
f 6407 6410 6184
f 1250 6410 6407
f 1214 1249 6404
f 1249 605 6276
f 6404 6276 6151
f 1249 6276 6404
f 6184 6408 6406
f 6408 6151 6277
f 6406 6277 6123
f 6408 6277 6406
f 1214 6404 6410
f 6404 6151 6408
f 6410 6408 6184
f 6404 6408 6410
f 6131 6401 6396
f 6401 6183 6403
f 6396 6403 6181
f 6401 6403 6396
f 6183 6400 6402
f 6400 6123 6274
f 6402 6274 6150
f 6400 6274 6402
f 6181 6397 6395
f 6397 6150 6273
f 6395 6273 3127
f 6397 6273 6395
f 6183 6402 6403
f 6402 6150 6397
f 6403 6397 6181
f 6402 6397 6403
f 1204 6407 6412
f 6407 6184 6416
f 6412 6416 6185
f 6407 6416 6412
f 6184 6406 6409
f 6406 6123 6400
f 6409 6400 6183
f 6406 6400 6409
f 6185 6414 6411
f 6414 6183 6401
f 6411 6401 6131
f 6414 6401 6411
f 6184 6409 6416
f 6409 6183 6414
f 6416 6414 6185
f 6409 6414 6416
f 343 6398 6398
f 6398 6182 6182
f 6398 6182 6182
f 6398 6182 6398
f 6182 6399 6399
f 6399 6131 6131
f 6399 6131 6131
f 6399 6131 6399
f 6182 6399 6399
f 6399 6131 6131
f 6399 6131 6131
f 6399 6131 6399
f 6182 6399 6182
f 6399 6131 6399
f 6182 6399 6182
f 6399 6399 6182
f 6131 6396 6396
f 6396 6181 6181
f 6396 6181 6181
f 6396 6181 6396
f 6181 6395 6395
f 6395 3127 3127
f 6395 3127 3127
f 6395 3127 6395
f 6181 6395 6395
f 6395 3127 3127
f 6395 3127 3127
f 6395 3127 6395
f 6181 6395 6181
f 6395 3127 6395
f 6181 6395 6181
f 6395 6395 6181
f 6131 6396 6396
f 6396 6181 6181
f 6396 6181 6181
f 6396 6181 6396
f 6181 6395 6395
f 6395 3127 3127
f 6395 3127 3127
f 6395 3127 6395
f 6181 6395 6395
f 6395 3127 3127
f 6395 3127 3127
f 6395 3127 6395
f 6181 6395 6181
f 6395 3127 6395
f 6181 6395 6181
f 6395 6395 6181
f 6131 6396 6131
f 6396 6181 6396
f 6131 6396 6131
f 6396 6396 6131
f 6181 6395 6181
f 6395 3127 6395
f 6181 6395 6181
f 6395 6395 6181
f 6131 6396 6131
f 6396 6181 6396
f 6131 6396 6131
f 6396 6396 6131
f 6181 6181 6396
f 6181 6181 6396
f 6396 6396 6131
f 6181 6396 6396
f 4883 6422 6323
f 6422 6187 6424
f 6323 6424 6163
f 6422 6424 6323
f 6187 6423 6432
f 6423 6132 6429
f 6432 6429 6189
f 6423 6429 6432
f 6163 6430 6324
f 6430 6189 6428
f 6324 6428 6126
f 6430 6428 6324
f 6187 6432 6424
f 6432 6189 6430
f 6424 6430 6163
f 6432 6430 6424
f 6132 6426 6434
f 6426 6188 6437
f 6434 6437 6190
f 6426 6437 6434
f 6188 6425 6427
f 6425 1522 1815
f 6427 1815 1598
f 6425 1815 6427
f 6190 6435 6433
f 6435 1598 1816
f 6433 1816 1539
f 6435 1816 6433
f 6188 6427 6437
f 6427 1598 6435
f 6437 6435 6190
f 6427 6435 6437
f 6126 6418 6322
f 6418 6186 6420
f 6322 6420 6162
f 6418 6420 6322
f 6186 6419 6421
f 6419 1539 1813
f 6421 1813 1597
f 6419 1813 6421
f 6162 6417 6321
f 6417 1597 1812
f 6321 1812 1518
f 6417 1812 6321
f 6186 6421 6420
f 6421 1597 6417
f 6420 6417 6162
f 6421 6417 6420
f 6132 6434 6429
f 6434 6190 6438
f 6429 6438 6189
f 6434 6438 6429
f 6190 6433 6436
f 6433 1539 6419
f 6436 6419 6186
f 6433 6419 6436
f 6189 6431 6428
f 6431 6186 6418
f 6428 6418 6126
f 6431 6418 6428
f 6190 6436 6438
f 6436 6186 6431
f 6438 6431 6189
f 6436 6431 6438
f 4883 6323 6323
f 6323 6163 6163
f 6323 6163 6163
f 6323 6163 6323
f 6163 6324 6324
f 6324 6126 6126
f 6324 6126 6126
f 6324 6126 6324
f 6163 6324 6324
f 6324 6126 6126
f 6324 6126 6126
f 6324 6126 6324
f 6163 6324 6163
f 6324 6126 6324
f 6163 6324 6163
f 6324 6324 6163
f 6126 6322 6322
f 6322 6162 6162
f 6322 6162 6162
f 6322 6162 6322
f 6162 6321 6321
f 6321 1518 1518
f 6321 1518 1518
f 6321 1518 6321
f 6162 6321 6321
f 6321 1518 1518
f 6321 1518 1518
f 6321 1518 6321
f 6162 6321 6162
f 6321 1518 6321
f 6162 6321 6162
f 6321 6321 6162
f 6126 6322 6322
f 6322 6162 6162
f 6322 6162 6162
f 6322 6162 6322
f 6162 6321 6321
f 6321 1518 1518
f 6321 1518 1518
f 6321 1518 6321
f 6162 6321 6321
f 6321 1518 1518
f 6321 1518 1518
f 6321 1518 6321
f 6162 6321 6162
f 6321 1518 6321
f 6162 6321 6162
f 6321 6321 6162
f 6126 6322 6126
f 6322 6162 6322
f 6126 6322 6126
f 6322 6322 6126
f 6162 6321 6162
f 6321 1518 6321
f 6162 6321 6162
f 6321 6321 6162
f 6126 6322 6126
f 6322 6162 6322
f 6126 6322 6126
f 6322 6322 6126
f 6162 6162 6322
f 6162 6162 6322
f 6322 6322 6126
f 6162 6322 6322
f 3127 6439 6443
f 6439 6191 6446
f 6443 6446 6193
f 6439 6446 6443
f 6191 6440 6455
f 6440 6133 6453
f 6455 6453 6196
f 6440 6453 6455
f 6193 6456 6444
f 6456 6196 6454
f 6444 6454 6134
f 6456 6454 6444
f 6191 6455 6446
f 6455 6196 6456
f 6446 6456 6193
f 6455 6456 6446
f 6133 6442 6476
f 6442 6192 6478
f 6476 6478 6201
f 6442 6478 6476
f 6192 6441 6474
f 6441 1516 1636
f 6474 1636 1551
f 6441 1636 6474
f 6201 6480 6477
f 6480 1551 1637
f 6477 1637 1526
f 6480 1637 6477
f 6192 6474 6478
f 6474 1551 6480
f 6478 6480 6201
f 6474 6480 6478
f 6134 6481 6448
f 6481 6202 6483
f 6448 6483 6194
f 6481 6483 6448
f 6202 6482 6485
f 6482 1526 1635
f 6485 1635 1550
f 6482 1635 6485
f 6194 6475 6447
f 6475 1550 1634
f 6447 1634 1515
f 6475 1634 6447
f 6202 6485 6483
f 6485 1550 6475
f 6483 6475 6194
f 6485 6475 6483
f 6133 6476 6453
f 6476 6201 6479
f 6453 6479 6196
f 6476 6479 6453
f 6201 6477 6486
f 6477 1526 6482
f 6486 6482 6202
f 6477 6482 6486
f 6196 6484 6454
f 6484 6202 6481
f 6454 6481 6134
f 6484 6481 6454
f 6201 6486 6479
f 6486 6202 6484
f 6479 6484 6196
f 6486 6484 6479
f 3127 6443 6443
f 6443 6193 6193
f 6443 6193 6193
f 6443 6193 6443
f 6193 6444 6444
f 6444 6134 6134
f 6444 6134 6134
f 6444 6134 6444
f 6193 6444 6444
f 6444 6134 6134
f 6444 6134 6134
f 6444 6134 6444
f 6193 6444 6193
f 6444 6134 6444
f 6193 6444 6193
f 6444 6444 6193
f 6134 6448 6448
f 6448 6194 6194
f 6448 6194 6194
f 6448 6194 6448
f 6194 6447 6447
f 6447 1515 1515
f 6447 1515 1515
f 6447 1515 6447
f 6194 6447 6447
f 6447 1515 1515
f 6447 1515 1515
f 6447 1515 6447
f 6194 6447 6194
f 6447 1515 6447
f 6194 6447 6194
f 6447 6447 6194
f 6134 6448 6448
f 6448 6194 6194
f 6448 6194 6194
f 6448 6194 6448
f 6194 6447 6447
f 6447 1515 1515
f 6447 1515 1515
f 6447 1515 6447
f 6194 6447 6447
f 6447 1515 1515
f 6447 1515 1515
f 6447 1515 6447
f 6194 6447 6194
f 6447 1515 6447
f 6194 6447 6194
f 6447 6447 6194
f 6134 6448 6134
f 6448 6194 6448
f 6134 6448 6134
f 6448 6448 6134
f 6194 6447 6194
f 6447 1515 6447
f 6194 6447 6194
f 6447 6447 6194
f 6134 6448 6134
f 6448 6194 6448
f 6134 6448 6134
f 6448 6448 6134
f 6194 6194 6448
f 6194 6194 6448
f 6448 6448 6134
f 6194 6448 6448
f 3127 6443 6395
f 6443 6193 6445
f 6395 6445 6181
f 6443 6445 6395
f 6193 6444 6452
f 6444 6134 6450
f 6452 6450 6195
f 6444 6450 6452
f 6181 6451 6396
f 6451 6195 6449
f 6396 6449 6131
f 6451 6449 6396
f 6193 6452 6445
f 6452 6195 6451
f 6445 6451 6181
f 6452 6451 6445
f 6134 6448 6468
f 6448 6194 6470
f 6468 6470 6200
f 6448 6470 6468
f 6194 6447 6462
f 6447 1515 6460
f 6462 6460 6198
f 6447 6460 6462
f 6200 6472 6469
f 6472 6198 6461
f 6469 6461 6135
f 6472 6461 6469
f 6194 6462 6470
f 6462 6198 6472
f 6470 6472 6200
f 6462 6472 6470
f 6131 6463 6399
f 6463 6199 6465
f 6399 6465 6182
f 6463 6465 6399
f 6199 6464 6467
f 6464 6135 6458
f 6467 6458 6197
f 6464 6458 6467
f 6182 6459 6398
f 6459 6197 6457
f 6398 6457 343
f 6459 6457 6398
f 6199 6467 6465
f 6467 6197 6459
f 6465 6459 6182
f 6467 6459 6465
f 6134 6468 6450
f 6468 6200 6471
f 6450 6471 6195
f 6468 6471 6450
f 6200 6469 6473
f 6469 6135 6464
f 6473 6464 6199
f 6469 6464 6473
f 6195 6466 6449
f 6466 6199 6463
f 6449 6463 6131
f 6466 6463 6449
f 6200 6473 6471
f 6473 6199 6466
f 6471 6466 6195
f 6473 6466 6471
f 3127 6395 6395
f 6395 6181 6181
f 6395 6181 6181
f 6395 6181 6395
f 6181 6396 6396
f 6396 6131 6131
f 6396 6131 6131
f 6396 6131 6396
f 6181 6396 6396
f 6396 6131 6131
f 6396 6131 6131
f 6396 6131 6396
f 6181 6396 6181
f 6396 6131 6396
f 6181 6396 6181
f 6396 6396 6181
f 6131 6399 6399
f 6399 6182 6182
f 6399 6182 6182
f 6399 6182 6399
f 6182 6398 6398
f 6398 343 343
f 6398 343 343
f 6398 343 6398
f 6182 6398 6398
f 6398 343 343
f 6398 343 343
f 6398 343 6398
f 6182 6398 6182
f 6398 343 6398
f 6182 6398 6182
f 6398 6398 6182
f 6131 6399 6399
f 6399 6182 6182
f 6399 6182 6182
f 6399 6182 6399
f 6182 6398 6398
f 6398 343 343
f 6398 343 343
f 6398 343 6398
f 6182 6398 6398
f 6398 343 343
f 6398 343 343
f 6398 343 6398
f 6182 6398 6182
f 6398 343 6398
f 6182 6398 6182
f 6398 6398 6182
f 6131 6399 6131
f 6399 6182 6399
f 6131 6399 6131
f 6399 6399 6131
f 6182 6398 6182
f 6398 343 6398
f 6182 6398 6182
f 6398 6398 6182
f 6131 6399 6131
f 6399 6182 6399
f 6131 6399 6131
f 6399 6399 6131
f 6182 6182 6399
f 6182 6182 6399
f 6399 6399 6131
f 6182 6399 6399
f 344 511 1859
f 511 391 6493
f 1859 6493 1842
f 511 6493 1859
f 391 512 6501
f 512 356 6499
f 6501 6499 6205
f 512 6499 6501
f 1842 6503 1860
f 6503 6205 6500
f 1860 6500 1838
f 6503 6500 1860
f 391 6501 6493
f 6501 6205 6503
f 6493 6503 1842
f 6501 6503 6493
f 356 509 6489
f 509 390 6491
f 6489 6491 6203
f 509 6491 6489
f 390 508 6487
f 508 343 6457
f 6487 6457 6197
f 508 6457 6487
f 6203 6490 6488
f 6490 6197 6458
f 6488 6458 6135
f 6490 6458 6488
f 390 6487 6491
f 6487 6197 6490
f 6491 6490 6203
f 6487 6490 6491
f 1838 6495 1857
f 6495 6204 6498
f 1857 6498 1841
f 6495 6498 1857
f 6204 6494 6496
f 6494 6135 6461
f 6496 6461 6198
f 6494 6461 6496
f 1841 6492 1856
f 6492 6198 6460
f 1856 6460 1515
f 6492 6460 1856
f 6204 6496 6498
f 6496 6198 6492
f 6498 6492 1841
f 6496 6492 6498
f 356 6489 6499
f 6489 6203 6502
f 6499 6502 6205
f 6489 6502 6499
f 6203 6488 6497
f 6488 6135 6494
f 6497 6494 6204
f 6488 6494 6497
f 6205 6504 6500
f 6504 6204 6495
f 6500 6495 1838
f 6504 6495 6500
f 6203 6497 6502
f 6497 6204 6504
f 6502 6504 6205
f 6497 6504 6502
f 344 1859 1859
f 1859 1842 1842
f 1859 1842 1842
f 1859 1842 1859
f 1842 1860 1860
f 1860 1838 1838
f 1860 1838 1838
f 1860 1838 1860
f 1842 1860 1860
f 1860 1838 1838
f 1860 1838 1838
f 1860 1838 1860
f 1842 1860 1842
f 1860 1838 1860
f 1842 1860 1842
f 1860 1860 1842
f 1838 1857 1857
f 1857 1841 1841
f 1857 1841 1841
f 1857 1841 1857
f 1841 1856 1856
f 1856 1515 1515
f 1856 1515 1515
f 1856 1515 1856
f 1841 1856 1856
f 1856 1515 1515
f 1856 1515 1515
f 1856 1515 1856
f 1841 1856 1841
f 1856 1515 1856
f 1841 1856 1841
f 1856 1856 1841
f 1838 1857 1857
f 1857 1841 1841
f 1857 1841 1841
f 1857 1841 1857
f 1841 1856 1856
f 1856 1515 1515
f 1856 1515 1515
f 1856 1515 1856
f 1841 1856 1856
f 1856 1515 1515
f 1856 1515 1515
f 1856 1515 1856
f 1841 1856 1841
f 1856 1515 1856
f 1841 1856 1841
f 1856 1856 1841
f 1838 1857 1838
f 1857 1841 1857
f 1838 1857 1838
f 1857 1857 1838
f 1841 1856 1841
f 1856 1515 1856
f 1841 1856 1841
f 1856 1856 1841
f 1838 1857 1838
f 1857 1841 1857
f 1838 1857 1838
f 1857 1857 1838
f 1841 1841 1857
f 1841 1841 1857
f 1857 1857 1838
f 1841 1857 1857
f 3133 6297 3302
f 6297 6156 6519
f 3302 6519 3179
f 6297 6519 3302
f 6156 6298 6523
f 6298 6124 6521
f 6523 6521 6210
f 6298 6521 6523
f 3179 6525 3303
f 6525 6210 6522
f 3303 6522 3144
f 6525 6522 3303
f 6156 6523 6519
f 6523 6210 6525
f 6519 6525 3179
f 6523 6525 6519
f 6124 6296 6515
f 6296 6155 6517
f 6515 6517 6209
f 6296 6517 6515
f 6155 6295 6512
f 6295 1518 6510
f 6512 6510 6207
f 6295 6510 6512
f 6209 6518 6516
f 6518 6207 6511
f 6516 6511 6136
f 6518 6511 6516
f 6155 6512 6517
f 6512 6207 6518
f 6517 6518 6209
f 6512 6518 6517
f 3144 6527 3300
f 6527 6211 6530
f 3300 6530 3178
f 6527 6530 3300
f 6211 6526 6528
f 6526 6136 6514
f 6528 6514 6208
f 6526 6514 6528
f 3178 6520 3299
f 6520 6208 6513
f 3299 6513 3132
f 6520 6513 3299
f 6211 6528 6530
f 6528 6208 6520
f 6530 6520 3178
f 6528 6520 6530
f 6124 6515 6521
f 6515 6209 6524
f 6521 6524 6210
f 6515 6524 6521
f 6209 6516 6529
f 6516 6136 6526
f 6529 6526 6211
f 6516 6526 6529
f 6210 6531 6522
f 6531 6211 6527
f 6522 6527 3144
f 6531 6527 6522
f 6209 6529 6524
f 6529 6211 6531
f 6524 6531 6210
f 6529 6531 6524
f 3133 3302 3302
f 3302 3179 3179
f 3302 3179 3179
f 3302 3179 3302
f 3179 3303 3303
f 3303 3144 3144
f 3303 3144 3144
f 3303 3144 3303
f 3179 3303 3303
f 3303 3144 3144
f 3303 3144 3144
f 3303 3144 3303
f 3179 3303 3179
f 3303 3144 3303
f 3179 3303 3179
f 3303 3303 3179
f 3144 3300 3300
f 3300 3178 3178
f 3300 3178 3178
f 3300 3178 3300
f 3178 3299 3299
f 3299 3132 3132
f 3299 3132 3132
f 3299 3132 3299
f 3178 3299 3299
f 3299 3132 3132
f 3299 3132 3132
f 3299 3132 3299
f 3178 3299 3178
f 3299 3132 3299
f 3178 3299 3178
f 3299 3299 3178
f 3144 3300 3300
f 3300 3178 3178
f 3300 3178 3178
f 3300 3178 3300
f 3178 3299 3299
f 3299 3132 3132
f 3299 3132 3132
f 3299 3132 3299
f 3178 3299 3299
f 3299 3132 3132
f 3299 3132 3132
f 3299 3132 3299
f 3178 3299 3178
f 3299 3132 3299
f 3178 3299 3178
f 3299 3299 3178
f 3144 3300 3144
f 3300 3178 3300
f 3144 3300 3144
f 3300 3300 3144
f 3178 3299 3178
f 3299 3132 3299
f 3178 3299 3178
f 3299 3299 3178
f 3144 3300 3144
f 3300 3178 3300
f 3144 3300 3144
f 3300 3300 3144
f 3178 3178 3300
f 3178 3178 3300
f 3300 3300 3144
f 3178 3300 3300
f 3132 6513 6559
f 6513 6208 6561
f 6559 6561 6218
f 6513 6561 6559
f 6208 6514 6569
f 6514 6136 6567
f 6569 6567 6220
f 6514 6567 6569
f 6218 6571 6560
f 6571 6220 6568
f 6560 6568 6138
f 6571 6568 6560
f 6208 6569 6561
f 6569 6220 6571
f 6561 6571 6218
f 6569 6571 6561
f 6136 6511 6550
f 6511 6207 6552
f 6550 6552 6216
f 6511 6552 6550
f 6207 6510 6549
f 6510 1518 1747
f 6549 1747 1581
f 6510 1747 6549
f 6216 6553 6551
f 6553 1581 1748
f 6551 1748 1535
f 6553 1748 6551
f 6207 6549 6552
f 6549 1581 6553
f 6552 6553 6216
f 6549 6553 6552
f 6138 6578 6564
f 6578 6222 6581
f 6564 6581 6219
f 6578 6581 6564
f 6222 6577 6579
f 6577 1535 1751
f 6579 1751 1582
f 6577 1751 6579
f 6219 6565 6563
f 6565 1582 1750
f 6563 1750 1520
f 6565 1750 6563
f 6222 6579 6581
f 6579 1582 6565
f 6581 6565 6219
f 6579 6565 6581
f 6136 6550 6567
f 6550 6216 6570
f 6567 6570 6220
f 6550 6570 6567
f 6216 6551 6580
f 6551 1535 6577
f 6580 6577 6222
f 6551 6577 6580
f 6220 6582 6568
f 6582 6222 6578
f 6568 6578 6138
f 6582 6578 6568
f 6216 6580 6570
f 6580 6222 6582
f 6570 6582 6220
f 6580 6582 6570
f 3132 6559 6559
f 6559 6218 6218
f 6559 6218 6218
f 6559 6218 6559
f 6218 6560 6560
f 6560 6138 6138
f 6560 6138 6138
f 6560 6138 6560
f 6218 6560 6560
f 6560 6138 6138
f 6560 6138 6138
f 6560 6138 6560
f 6218 6560 6218
f 6560 6138 6560
f 6218 6560 6218
f 6560 6560 6218
f 6138 6564 6564
f 6564 6219 6219
f 6564 6219 6219
f 6564 6219 6564
f 6219 6563 6563
f 6563 1520 1520
f 6563 1520 1520
f 6563 1520 6563
f 6219 6563 6563
f 6563 1520 1520
f 6563 1520 1520
f 6563 1520 6563
f 6219 6563 6219
f 6563 1520 6563
f 6219 6563 6219
f 6563 6563 6219
f 6138 6564 6564
f 6564 6219 6219
f 6564 6219 6219
f 6564 6219 6564
f 6219 6563 6563
f 6563 1520 1520
f 6563 1520 1520
f 6563 1520 6563
f 6219 6563 6563
f 6563 1520 1520
f 6563 1520 1520
f 6563 1520 6563
f 6219 6563 6219
f 6563 1520 6563
f 6219 6563 6219
f 6563 6563 6219
f 6138 6564 6138
f 6564 6219 6564
f 6138 6564 6138
f 6564 6564 6138
f 6219 6563 6219
f 6563 1520 6563
f 6219 6563 6219
f 6563 6563 6219
f 6138 6564 6138
f 6564 6219 6564
f 6138 6564 6138
f 6564 6564 6138
f 6219 6219 6564
f 6219 6219 6564
f 6564 6564 6138
f 6219 6564 6564
f 3127 3264 6439
f 3264 3168 6505
f 6439 6505 6191
f 3264 6505 6439
f 3168 3265 6509
f 3265 3141 6507
f 6509 6507 6206
f 3265 6507 6509
f 6191 6508 6440
f 6508 6206 6506
f 6440 6506 6133
f 6508 6506 6440
f 3168 6509 6505
f 6509 6206 6508
f 6505 6508 6191
f 6509 6508 6505
f 3141 3268 6543
f 3268 3169 6545
f 6543 6545 6215
f 3268 6545 6543
f 3169 3267 6537
f 3267 3132 6535
f 6537 6535 6213
f 3267 6535 6537
f 6215 6547 6544
f 6547 6213 6536
f 6544 6536 6137
f 6547 6536 6544
f 3169 6537 6545
f 6537 6213 6547
f 6545 6547 6215
f 6537 6547 6545
f 6133 6538 6442
f 6538 6214 6540
f 6442 6540 6192
f 6538 6540 6442
f 6214 6539 6542
f 6539 6137 6533
f 6542 6533 6212
f 6539 6533 6542
f 6192 6534 6441
f 6534 6212 6532
f 6441 6532 1516
f 6534 6532 6441
f 6214 6542 6540
f 6542 6212 6534
f 6540 6534 6192
f 6542 6534 6540
f 3141 6543 6507
f 6543 6215 6546
f 6507 6546 6206
f 6543 6546 6507
f 6215 6544 6548
f 6544 6137 6539
f 6548 6539 6214
f 6544 6539 6548
f 6206 6541 6506
f 6541 6214 6538
f 6506 6538 6133
f 6541 6538 6506
f 6215 6548 6546
f 6548 6214 6541
f 6546 6541 6206
f 6548 6541 6546
f 3127 6439 6439
f 6439 6191 6191
f 6439 6191 6191
f 6439 6191 6439
f 6191 6440 6440
f 6440 6133 6133
f 6440 6133 6133
f 6440 6133 6440
f 6191 6440 6440
f 6440 6133 6133
f 6440 6133 6133
f 6440 6133 6440
f 6191 6440 6191
f 6440 6133 6440
f 6191 6440 6191
f 6440 6440 6191
f 6133 6442 6442
f 6442 6192 6192
f 6442 6192 6192
f 6442 6192 6442
f 6192 6441 6441
f 6441 1516 1516
f 6441 1516 1516
f 6441 1516 6441
f 6192 6441 6441
f 6441 1516 1516
f 6441 1516 1516
f 6441 1516 6441
f 6192 6441 6192
f 6441 1516 6441
f 6192 6441 6192
f 6441 6441 6192
f 6133 6442 6442
f 6442 6192 6192
f 6442 6192 6192
f 6442 6192 6442
f 6192 6441 6441
f 6441 1516 1516
f 6441 1516 1516
f 6441 1516 6441
f 6192 6441 6441
f 6441 1516 1516
f 6441 1516 1516
f 6441 1516 6441
f 6192 6441 6192
f 6441 1516 6441
f 6192 6441 6192
f 6441 6441 6192
f 6133 6442 6133
f 6442 6192 6442
f 6133 6442 6133
f 6442 6442 6133
f 6192 6441 6192
f 6441 1516 6441
f 6192 6441 6192
f 6441 6441 6192
f 6133 6442 6133
f 6442 6192 6442
f 6133 6442 6133
f 6442 6442 6133
f 6192 6192 6442
f 6192 6192 6442
f 6442 6442 6133
f 6192 6442 6442
f 1520 1741 6563
f 1741 1579 6566
f 6563 6566 6219
f 1741 6566 6563
f 1579 1742 6585
f 1742 1534 6583
f 6585 6583 6223
f 1742 6583 6585
f 6219 6587 6564
f 6587 6223 6584
f 6564 6584 6138
f 6587 6584 6564
f 1579 6585 6566
f 6585 6223 6587
f 6566 6587 6219
f 6585 6587 6566
f 1534 1739 6556
f 1739 1578 6558
f 6556 6558 6217
f 1739 6558 6556
f 1578 1738 6554
f 1738 1516 6532
f 6554 6532 6212
f 1738 6532 6554
f 6217 6557 6555
f 6557 6212 6533
f 6555 6533 6137
f 6557 6533 6555
f 1578 6554 6558
f 6554 6212 6557
f 6558 6557 6217
f 6554 6557 6558
f 6138 6573 6560
f 6573 6221 6576
f 6560 6576 6218
f 6573 6576 6560
f 6221 6572 6574
f 6572 6137 6536
f 6574 6536 6213
f 6572 6536 6574
f 6218 6562 6559
f 6562 6213 6535
f 6559 6535 3132
f 6562 6535 6559
f 6221 6574 6576
f 6574 6213 6562
f 6576 6562 6218
f 6574 6562 6576
f 1534 6556 6583
f 6556 6217 6586
f 6583 6586 6223
f 6556 6586 6583
f 6217 6555 6575
f 6555 6137 6572
f 6575 6572 6221
f 6555 6572 6575
f 6223 6588 6584
f 6588 6221 6573
f 6584 6573 6138
f 6588 6573 6584
f 6217 6575 6586
f 6575 6221 6588
f 6586 6588 6223
f 6575 6588 6586
f 1520 6563 6563
f 6563 6219 6219
f 6563 6219 6219
f 6563 6219 6563
f 6219 6564 6564
f 6564 6138 6138
f 6564 6138 6138
f 6564 6138 6564
f 6219 6564 6564
f 6564 6138 6138
f 6564 6138 6138
f 6564 6138 6564
f 6219 6564 6219
f 6564 6138 6564
f 6219 6564 6219
f 6564 6564 6219
f 6138 6560 6560
f 6560 6218 6218
f 6560 6218 6218
f 6560 6218 6560
f 6218 6559 6559
f 6559 3132 3132
f 6559 3132 3132
f 6559 3132 6559
f 6218 6559 6559
f 6559 3132 3132
f 6559 3132 3132
f 6559 3132 6559
f 6218 6559 6218
f 6559 3132 6559
f 6218 6559 6218
f 6559 6559 6218
f 6138 6560 6560
f 6560 6218 6218
f 6560 6218 6218
f 6560 6218 6560
f 6218 6559 6559
f 6559 3132 3132
f 6559 3132 3132
f 6559 3132 6559
f 6218 6559 6559
f 6559 3132 3132
f 6559 3132 3132
f 6559 3132 6559
f 6218 6559 6218
f 6559 3132 6559
f 6218 6559 6218
f 6559 6559 6218
f 6138 6560 6138
f 6560 6218 6560
f 6138 6560 6138
f 6560 6560 6138
f 6218 6559 6218
f 6559 3132 6559
f 6218 6559 6218
f 6559 6559 6218
f 6138 6560 6138
f 6560 6218 6560
f 6138 6560 6138
f 6560 6560 6138
f 6218 6218 6560
f 6218 6218 6560
f 6560 6560 6138
f 6218 6560 6560
f 601 6589 6256
f 6589 6224 6591
f 6256 6591 6146
f 6589 6591 6256
f 6224 6590 6597
f 6590 6139 6595
f 6597 6595 6226
f 6590 6595 6597
f 6146 6596 6257
f 6596 6226 6594
f 6257 6594 6122
f 6596 6594 6257
f 6224 6597 6591
f 6597 6226 6596
f 6591 6596 6146
f 6597 6596 6591
f 6139 6593 6605
f 6593 6225 6607
f 6605 6607 6228
f 6593 6607 6605
f 6225 6592 6599
f 6592 3130 3215
f 6599 3215 3155
f 6592 3215 6599
f 6228 6609 6606
f 6609 3155 3216
f 6606 3216 3137
f 6609 3216 6606
f 6225 6599 6607
f 6599 3155 6609
f 6607 6609 6228
f 6599 6609 6607
f 6122 6600 6260
f 6600 6227 6602
f 6260 6602 6147
f 6600 6602 6260
f 6227 6601 6604
f 6601 3137 3213
f 6604 3213 3154
f 6601 3213 6604
f 6147 6598 6259
f 6598 3154 3212
f 6259 3212 3128
f 6598 3212 6259
f 6227 6604 6602
f 6604 3154 6598
f 6602 6598 6147
f 6604 6598 6602
f 6139 6605 6595
f 6605 6228 6608
f 6595 6608 6226
f 6605 6608 6595
f 6228 6606 6610
f 6606 3137 6601
f 6610 6601 6227
f 6606 6601 6610
f 6226 6603 6594
f 6603 6227 6600
f 6594 6600 6122
f 6603 6600 6594
f 6228 6610 6608
f 6610 6227 6603
f 6608 6603 6226
f 6610 6603 6608
f 601 6256 6256
f 6256 6146 6146
f 6256 6146 6146
f 6256 6146 6256
f 6146 6257 6257
f 6257 6122 6122
f 6257 6122 6122
f 6257 6122 6257
f 6146 6257 6257
f 6257 6122 6122
f 6257 6122 6122
f 6257 6122 6257
f 6146 6257 6146
f 6257 6122 6257
f 6146 6257 6146
f 6257 6257 6146
f 6122 6260 6260
f 6260 6147 6147
f 6260 6147 6147
f 6260 6147 6260
f 6147 6259 6259
f 6259 3128 3128
f 6259 3128 3128
f 6259 3128 6259
f 6147 6259 6259
f 6259 3128 3128
f 6259 3128 3128
f 6259 3128 6259
f 6147 6259 6147
f 6259 3128 6259
f 6147 6259 6147
f 6259 6259 6147
f 6122 6260 6260
f 6260 6147 6147
f 6260 6147 6147
f 6260 6147 6260
f 6147 6259 6259
f 6259 3128 3128
f 6259 3128 3128
f 6259 3128 6259
f 6147 6259 6259
f 6259 3128 3128
f 6259 3128 3128
f 6259 3128 6259
f 6147 6259 6147
f 6259 3128 6259
f 6147 6259 6147
f 6259 6259 6147
f 6122 6260 6122
f 6260 6147 6260
f 6122 6260 6122
f 6260 6260 6122
f 6147 6259 6147
f 6259 3128 6259
f 6147 6259 6147
f 6259 6259 6147
f 6122 6260 6122
f 6260 6147 6260
f 6122 6260 6122
f 6260 6260 6122
f 6147 6147 6260
f 6147 6147 6260
f 6260 6260 6122
f 6147 6260 6260
f 5400 5958 6614
f 5958 5881 6621
f 6614 6621 6230
f 5958 6621 6614
f 5881 5959 6631
f 5959 5863 6628
f 6631 6628 6233
f 5959 6628 6631
f 6230 6629 6615
f 6629 6233 6627
f 6615 6627 6140
f 6629 6627 6615
f 5881 6631 6621
f 6631 6233 6629
f 6621 6629 6230
f 6631 6629 6621
f 5863 5956 6623
f 5956 5880 6626
f 6623 6626 6232
f 5956 6626 6623
f 5880 5955 6620
f 5955 3130 6592
f 6620 6592 6225
f 5955 6592 6620
f 6232 6624 6622
f 6624 6225 6593
f 6622 6593 6139
f 6624 6593 6622
f 5880 6620 6626
f 6620 6225 6624
f 6626 6624 6232
f 6620 6624 6626
f 6140 6617 6612
f 6617 6231 6619
f 6612 6619 6229
f 6617 6619 6612
f 6231 6616 6618
f 6616 6139 6590
f 6618 6590 6224
f 6616 6590 6618
f 6229 6613 6611
f 6613 6224 6589
f 6611 6589 601
f 6613 6589 6611
f 6231 6618 6619
f 6618 6224 6613
f 6619 6613 6229
f 6618 6613 6619
f 5863 6623 6628
f 6623 6232 6632
f 6628 6632 6233
f 6623 6632 6628
f 6232 6622 6625
f 6622 6139 6616
f 6625 6616 6231
f 6622 6616 6625
f 6233 6630 6627
f 6630 6231 6617
f 6627 6617 6140
f 6630 6617 6627
f 6232 6625 6632
f 6625 6231 6630
f 6632 6630 6233
f 6625 6630 6632
f 5400 6614 6614
f 6614 6230 6230
f 6614 6230 6230
f 6614 6230 6614
f 6230 6615 6615
f 6615 6140 6140
f 6615 6140 6140
f 6615 6140 6615
f 6230 6615 6615
f 6615 6140 6140
f 6615 6140 6140
f 6615 6140 6615
f 6230 6615 6230
f 6615 6140 6615
f 6230 6615 6230
f 6615 6615 6230
f 6140 6612 6612
f 6612 6229 6229
f 6612 6229 6229
f 6612 6229 6612
f 6229 6611 6611
f 6611 601 601
f 6611 601 601
f 6611 601 6611
f 6229 6611 6611
f 6611 601 601
f 6611 601 601
f 6611 601 6611
f 6229 6611 6229
f 6611 601 6611
f 6229 6611 6229
f 6611 6611 6229
f 6140 6612 6612
f 6612 6229 6229
f 6612 6229 6229
f 6612 6229 6612
f 6229 6611 6611
f 6611 601 601
f 6611 601 601
f 6611 601 6611
f 6229 6611 6611
f 6611 601 601
f 6611 601 601
f 6611 601 6611
f 6229 6611 6229
f 6611 601 6611
f 6229 6611 6229
f 6611 6611 6229
f 6140 6612 6140
f 6612 6229 6612
f 6140 6612 6140
f 6612 6612 6140
f 6229 6611 6229
f 6611 601 6611
f 6229 6611 6229
f 6611 6611 6229
f 6140 6612 6140
f 6612 6229 6612
f 6140 6612 6140
f 6612 6612 6140
f 6229 6229 6612
f 6229 6229 6612
f 6612 6612 6140
f 6229 6612 6612
f 5403 5682 6637
f 5682 5473 6683
f 6637 6683 6235
f 5682 6683 6637
f 5473 5683 6693
f 5683 5418 6690
f 6693 6690 6246
f 5683 6690 6693
f 6235 6691 6638
f 6691 6246 6689
f 6638 6689 6141
f 6691 6689 6638
f 5473 6693 6683
f 6693 6246 6691
f 6683 6691 6235
f 6693 6691 6683
f 5418 5680 6685
f 5680 5472 6688
f 6685 6688 6245
f 5680 6688 6685
f 5472 5679 6682
f 5679 5400 6614
f 6682 6614 6230
f 5679 6614 6682
f 6245 6686 6684
f 6686 6230 6615
f 6684 6615 6140
f 6686 6615 6684
f 5472 6682 6688
f 6682 6230 6686
f 6688 6686 6245
f 6682 6686 6688
f 6141 6644 6634
f 6644 6237 6646
f 6634 6646 6234
f 6644 6646 6634
f 6237 6643 6645
f 6643 6140 6612
f 6645 6612 6229
f 6643 6612 6645
f 6234 6636 6633
f 6636 6229 6611
f 6633 6611 601
f 6636 6611 6633
f 6237 6645 6646
f 6645 6229 6636
f 6646 6636 6234
f 6645 6636 6646
f 5418 6685 6690
f 6685 6245 6694
f 6690 6694 6246
f 6685 6694 6690
f 6245 6684 6687
f 6684 6140 6643
f 6687 6643 6237
f 6684 6643 6687
f 6246 6692 6689
f 6692 6237 6644
f 6689 6644 6141
f 6692 6644 6689
f 6245 6687 6694
f 6687 6237 6692
f 6694 6692 6246
f 6687 6692 6694
f 5403 6637 6637
f 6637 6235 6235
f 6637 6235 6235
f 6637 6235 6637
f 6235 6638 6638
f 6638 6141 6141
f 6638 6141 6141
f 6638 6141 6638
f 6235 6638 6638
f 6638 6141 6141
f 6638 6141 6141
f 6638 6141 6638
f 6235 6638 6235
f 6638 6141 6638
f 6235 6638 6235
f 6638 6638 6235
f 6141 6634 6634
f 6634 6234 6234
f 6634 6234 6234
f 6634 6234 6634
f 6234 6633 6633
f 6633 601 601
f 6633 601 601
f 6633 601 6633
f 6234 6633 6633
f 6633 601 601
f 6633 601 601
f 6633 601 6633
f 6234 6633 6234
f 6633 601 6633
f 6234 6633 6234
f 6633 6633 6234
f 6141 6634 6634
f 6634 6234 6234
f 6634 6234 6234
f 6634 6234 6634
f 6234 6633 6633
f 6633 601 601
f 6633 601 601
f 6633 601 6633
f 6234 6633 6633
f 6633 601 601
f 6633 601 601
f 6633 601 6633
f 6234 6633 6234
f 6633 601 6633
f 6234 6633 6234
f 6633 6633 6234
f 6141 6634 6141
f 6634 6234 6634
f 6141 6634 6141
f 6634 6634 6141
f 6234 6633 6234
f 6633 601 6633
f 6234 6633 6234
f 6633 6633 6234
f 6141 6634 6141
f 6634 6234 6634
f 6141 6634 6141
f 6634 6634 6141
f 6234 6234 6634
f 6234 6234 6634
f 6634 6634 6141
f 6234 6634 6634
f 4884 6329 5380
f 6329 6165 6340
f 5380 6340 5005
f 6329 6340 5380
f 6165 6330 6348
f 6330 6127 6346
f 6348 6346 6169
f 6330 6346 6348
f 5005 6350 5381
f 6350 6169 6347
f 5381 6347 4910
f 6350 6347 5381
f 6165 6348 6340
f 6348 6169 6350
f 6340 6350 5005
f 6348 6350 6340
f 6127 6326 6332
f 6326 6164 6334
f 6332 6334 6166
f 6326 6334 6332
f 6164 6325 6327
f 6325 1518 6299
f 6327 6299 6157
f 6325 6299 6327
f 6166 6333 6331
f 6333 6157 6300
f 6331 6300 6125
f 6333 6300 6331
f 6164 6327 6334
f 6327 6157 6333
f 6334 6333 6166
f 6327 6333 6334
f 4910 6342 5384
f 6342 6168 6345
f 5384 6345 5006
f 6342 6345 5384
f 6168 6341 6343
f 6341 6125 6303
f 6343 6303 6158
f 6341 6303 6343
f 5006 6339 5383
f 6339 6158 6302
f 5383 6302 4885
f 6339 6302 5383
f 6168 6343 6345
f 6343 6158 6339
f 6345 6339 5006
f 6343 6339 6345
f 6127 6332 6346
f 6332 6166 6349
f 6346 6349 6169
f 6332 6349 6346
f 6166 6331 6344
f 6331 6125 6341
f 6344 6341 6168
f 6331 6341 6344
f 6169 6351 6347
f 6351 6168 6342
f 6347 6342 4910
f 6351 6342 6347
f 6166 6344 6349
f 6344 6168 6351
f 6349 6351 6169
f 6344 6351 6349
f 4884 5380 5380
f 5380 5005 5005
f 5380 5005 5005
f 5380 5005 5380
f 5005 5381 5381
f 5381 4910 4910
f 5381 4910 4910
f 5381 4910 5381
f 5005 5381 5381
f 5381 4910 4910
f 5381 4910 4910
f 5381 4910 5381
f 5005 5381 5005
f 5381 4910 5381
f 5005 5381 5005
f 5381 5381 5005
f 4910 5384 5384
f 5384 5006 5006
f 5384 5006 5006
f 5384 5006 5384
f 5006 5383 5383
f 5383 4885 4885
f 5383 4885 4885
f 5383 4885 5383
f 5006 5383 5383
f 5383 4885 4885
f 5383 4885 4885
f 5383 4885 5383
f 5006 5383 5006
f 5383 4885 5383
f 5006 5383 5006
f 5383 5383 5006
f 4910 5384 5384
f 5384 5006 5006
f 5384 5006 5006
f 5384 5006 5384
f 5006 5383 5383
f 5383 4885 4885
f 5383 4885 4885
f 5383 4885 5383
f 5006 5383 5383
f 5383 4885 4885
f 5383 4885 4885
f 5383 4885 5383
f 5006 5383 5006
f 5383 4885 5383
f 5006 5383 5006
f 5383 5383 5006
f 4910 5384 4910
f 5384 5006 5384
f 4910 5384 4910
f 5384 5384 4910
f 5006 5383 5006
f 5383 4885 5383
f 5006 5383 5006
f 5383 5383 5006
f 4910 5384 4910
f 5384 5006 5384
f 4910 5384 4910
f 5384 5384 4910
f 5006 5006 5384
f 5006 5006 5384
f 5384 5384 4910
f 5006 5384 5384
f 6120 6373 6647
f 6373 6176 6650
f 6647 6650 6238
f 6373 6650 6647
f 6176 6374 6661
f 6374 6130 6659
f 6661 6659 6241
f 6374 6659 6661
f 6238 6662 6648
f 6662 6241 6660
f 6648 6660 6142
f 6662 6660 6648
f 6176 6661 6650
f 6661 6241 6662
f 6650 6662 6238
f 6661 6662 6650
f 6130 6377 6671
f 6377 6177 6673
f 6671 6673 6243
f 6377 6673 6671
f 6177 6376 6669
f 6376 5404 5761
f 6669 5761 5493
f 6376 5761 6669
f 6243 6675 6672
f 6675 5493 5762
f 6672 5762 5423
f 6675 5762 6672
f 6177 6669 6673
f 6669 5493 6675
f 6673 6675 6243
f 6669 6675 6673
f 6142 6676 6652
f 6676 6244 6678
f 6652 6678 6239
f 6676 6678 6652
f 6244 6677 6680
f 6677 5423 5759
f 6680 5759 5492
f 6677 5759 6680
f 6239 6670 6651
f 6670 5492 5758
f 6651 5758 5403
f 6670 5758 6651
f 6244 6680 6678
f 6680 5492 6670
f 6678 6670 6239
f 6680 6670 6678
f 6130 6671 6659
f 6671 6243 6674
f 6659 6674 6241
f 6671 6674 6659
f 6243 6672 6681
f 6672 5423 6677
f 6681 6677 6244
f 6672 6677 6681
f 6241 6679 6660
f 6679 6244 6676
f 6660 6676 6142
f 6679 6676 6660
f 6243 6681 6674
f 6681 6244 6679
f 6674 6679 6241
f 6681 6679 6674
f 6120 6647 6647
f 6647 6238 6238
f 6647 6238 6238
f 6647 6238 6647
f 6238 6648 6648
f 6648 6142 6142
f 6648 6142 6142
f 6648 6142 6648
f 6238 6648 6648
f 6648 6142 6142
f 6648 6142 6142
f 6648 6142 6648
f 6238 6648 6238
f 6648 6142 6648
f 6238 6648 6238
f 6648 6648 6238
f 6142 6652 6652
f 6652 6239 6239
f 6652 6239 6239
f 6652 6239 6652
f 6239 6651 6651
f 6651 5403 5403
f 6651 5403 5403
f 6651 5403 6651
f 6239 6651 6651
f 6651 5403 5403
f 6651 5403 5403
f 6651 5403 6651
f 6239 6651 6239
f 6651 5403 6651
f 6239 6651 6239
f 6651 6651 6239
f 6142 6652 6652
f 6652 6239 6239
f 6652 6239 6239
f 6652 6239 6652
f 6239 6651 6651
f 6651 5403 5403
f 6651 5403 5403
f 6651 5403 6651
f 6239 6651 6651
f 6651 5403 5403
f 6651 5403 5403
f 6651 5403 6651
f 6239 6651 6239
f 6651 5403 6651
f 6239 6651 6239
f 6651 6651 6239
f 6142 6652 6142
f 6652 6239 6652
f 6142 6652 6142
f 6652 6652 6142
f 6239 6651 6239
f 6651 5403 6651
f 6239 6651 6239
f 6651 6651 6239
f 6142 6652 6142
f 6652 6239 6652
f 6142 6652 6142
f 6652 6652 6142
f 6239 6239 6652
f 6239 6239 6652
f 6652 6652 6142
f 6239 6652 6652
f 5403 6637 6651
f 6637 6235 6653
f 6651 6653 6239
f 6637 6653 6651
f 6235 6638 6665
f 6638 6141 6663
f 6665 6663 6242
f 6638 6663 6665
f 6239 6667 6652
f 6667 6242 6664
f 6652 6664 6142
f 6667 6664 6652
f 6235 6665 6653
f 6665 6242 6667
f 6653 6667 6239
f 6665 6667 6653
f 6141 6634 6640
f 6634 6234 6642
f 6640 6642 6236
f 6634 6642 6640
f 6234 6633 6635
f 6633 601 6365
f 6635 6365 6172
f 6633 6365 6635
f 6236 6641 6639
f 6641 6172 6366
f 6639 6366 6128
f 6641 6366 6639
f 6234 6635 6642
f 6635 6172 6641
f 6642 6641 6236
f 6635 6641 6642
f 6142 6655 6648
f 6655 6240 6658
f 6648 6658 6238
f 6655 6658 6648
f 6240 6654 6656
f 6654 6128 6368
f 6656 6368 6173
f 6654 6368 6656
f 6238 6649 6647
f 6649 6173 6367
f 6647 6367 6120
f 6649 6367 6647
f 6240 6656 6658
f 6656 6173 6649
f 6658 6649 6238
f 6656 6649 6658
f 6141 6640 6663
f 6640 6236 6666
f 6663 6666 6242
f 6640 6666 6663
f 6236 6639 6657
f 6639 6128 6654
f 6657 6654 6240
f 6639 6654 6657
f 6242 6668 6664
f 6668 6240 6655
f 6664 6655 6142
f 6668 6655 6664
f 6236 6657 6666
f 6657 6240 6668
f 6666 6668 6242
f 6657 6668 6666
f 5403 6651 6651
f 6651 6239 6239
f 6651 6239 6239
f 6651 6239 6651
f 6239 6652 6652
f 6652 6142 6142
f 6652 6142 6142
f 6652 6142 6652
f 6239 6652 6652
f 6652 6142 6142
f 6652 6142 6142
f 6652 6142 6652
f 6239 6652 6239
f 6652 6142 6652
f 6239 6652 6239
f 6652 6652 6239
f 6142 6648 6648
f 6648 6238 6238
f 6648 6238 6238
f 6648 6238 6648
f 6238 6647 6647
f 6647 6120 6120
f 6647 6120 6120
f 6647 6120 6647
f 6238 6647 6647
f 6647 6120 6120
f 6647 6120 6120
f 6647 6120 6647
f 6238 6647 6238
f 6647 6120 6647
f 6238 6647 6238
f 6647 6647 6238
f 6142 6648 6648
f 6648 6238 6238
f 6648 6238 6238
f 6648 6238 6648
f 6238 6647 6647
f 6647 6120 6120
f 6647 6120 6120
f 6647 6120 6647
f 6238 6647 6647
f 6647 6120 6120
f 6647 6120 6120
f 6647 6120 6647
f 6238 6647 6238
f 6647 6120 6647
f 6238 6647 6238
f 6647 6647 6238
f 6142 6648 6142
f 6648 6238 6648
f 6142 6648 6142
f 6648 6648 6142
f 6238 6647 6238
f 6647 6120 6647
f 6238 6647 6238
f 6647 6647 6238
f 6142 6648 6142
f 6648 6238 6648
f 6142 6648 6142
f 6648 6648 6142
f 6238 6238 6648
f 6238 6238 6648
f 6648 6648 6142
f 6238 6648 6648
f 82 6750 115
f 6750 6706 6754
f 115 6754 93
f 6750 6754 115
f 6706 6751 6757
f 6751 6696 6755
f 6757 6755 6708
f 6751 6755 6757
f 93 6758 116
f 6758 6708 6756
f 116 6756 86
f 6758 6756 116
f 6706 6757 6754
f 6757 6708 6758
f 6754 6758 93
f 6757 6758 6754
f 6696 6753 6765
f 6753 6707 6767
f 6765 6767 6711
f 6753 6767 6765
f 6707 6752 6761
f 6752 6120 6759
f 6761 6759 6709
f 6752 6759 6761
f 6711 6769 6766
f 6769 6709 6760
f 6766 6760 6697
f 6769 6760 6766
f 6707 6761 6767
f 6761 6709 6769
f 6767 6769 6711
f 6761 6769 6767
f 86 6770 119
f 6770 6712 6772
f 119 6772 94
f 6770 6772 119
f 6712 6771 6774
f 6771 6697 6763
f 6774 6763 6710
f 6771 6763 6774
f 94 6764 118
f 6764 6710 6762
f 118 6762 83
f 6764 6762 118
f 6712 6774 6772
f 6774 6710 6764
f 6772 6764 94
f 6774 6764 6772
f 6696 6765 6755
f 6765 6711 6768
f 6755 6768 6708
f 6765 6768 6755
f 6711 6766 6775
f 6766 6697 6771
f 6775 6771 6712
f 6766 6771 6775
f 6708 6773 6756
f 6773 6712 6770
f 6756 6770 86
f 6773 6770 6756
f 6711 6775 6768
f 6775 6712 6773
f 6768 6773 6708
f 6775 6773 6768
f 82 115 115
f 115 93 93
f 115 93 93
f 115 93 115
f 93 116 116
f 116 86 86
f 116 86 86
f 116 86 116
f 93 116 116
f 116 86 86
f 116 86 86
f 116 86 116
f 93 116 93
f 116 86 116
f 93 116 93
f 116 116 93
f 86 119 119
f 119 94 94
f 119 94 94
f 119 94 119
f 94 118 118
f 118 83 83
f 118 83 83
f 118 83 118
f 94 118 118
f 118 83 83
f 118 83 83
f 118 83 118
f 94 118 94
f 118 83 118
f 94 118 94
f 118 118 94
f 86 119 119
f 119 94 94
f 119 94 94
f 119 94 119
f 94 118 118
f 118 83 83
f 118 83 83
f 118 83 118
f 94 118 118
f 118 83 83
f 118 83 83
f 118 83 118
f 94 118 94
f 118 83 118
f 94 118 94
f 118 118 94
f 86 119 86
f 119 94 119
f 86 119 86
f 119 119 86
f 94 118 94
f 118 83 118
f 94 118 94
f 118 118 94
f 86 119 86
f 119 94 119
f 86 119 86
f 119 119 86
f 94 94 119
f 94 94 119
f 119 119 86
f 94 119 119
f 6120 6752 6785
f 6752 6707 6787
f 6785 6787 6716
f 6752 6787 6785
f 6707 6753 6793
f 6753 6696 6791
f 6793 6791 6718
f 6753 6791 6793
f 6716 6795 6786
f 6795 6718 6792
f 6786 6792 6699
f 6795 6792 6786
f 6707 6793 6787
f 6793 6718 6795
f 6787 6795 6716
f 6793 6795 6787
f 6696 6751 6781
f 6751 6706 6783
f 6781 6783 6715
f 6751 6783 6781
f 6706 6750 6778
f 6750 82 6776
f 6778 6776 6713
f 6750 6776 6778
f 6715 6784 6782
f 6784 6713 6777
f 6782 6777 6698
f 6784 6777 6782
f 6706 6778 6783
f 6778 6713 6784
f 6783 6784 6715
f 6778 6784 6783
f 6699 6797 6789
f 6797 6719 6800
f 6789 6800 6717
f 6797 6800 6789
f 6719 6796 6798
f 6796 6698 6780
f 6798 6780 6714
f 6796 6780 6798
f 6717 6790 6788
f 6790 6714 6779
f 6788 6779 6695
f 6790 6779 6788
f 6719 6798 6800
f 6798 6714 6790
f 6800 6790 6717
f 6798 6790 6800
f 6696 6781 6791
f 6781 6715 6794
f 6791 6794 6718
f 6781 6794 6791
f 6715 6782 6799
f 6782 6698 6796
f 6799 6796 6719
f 6782 6796 6799
f 6718 6801 6792
f 6801 6719 6797
f 6792 6797 6699
f 6801 6797 6792
f 6715 6799 6794
f 6799 6719 6801
f 6794 6801 6718
f 6799 6801 6794
f 6120 6785 6785
f 6785 6716 6716
f 6785 6716 6716
f 6785 6716 6785
f 6716 6786 6786
f 6786 6699 6699
f 6786 6699 6699
f 6786 6699 6786
f 6716 6786 6786
f 6786 6699 6699
f 6786 6699 6699
f 6786 6699 6786
f 6716 6786 6716
f 6786 6699 6786
f 6716 6786 6716
f 6786 6786 6716
f 6699 6789 6789
f 6789 6717 6717
f 6789 6717 6717
f 6789 6717 6789
f 6717 6788 6788
f 6788 6695 6695
f 6788 6695 6695
f 6788 6695 6788
f 6717 6788 6788
f 6788 6695 6695
f 6788 6695 6695
f 6788 6695 6788
f 6717 6788 6717
f 6788 6695 6788
f 6717 6788 6717
f 6788 6788 6717
f 6699 6789 6789
f 6789 6717 6717
f 6789 6717 6717
f 6789 6717 6789
f 6717 6788 6788
f 6788 6695 6695
f 6788 6695 6695
f 6788 6695 6788
f 6717 6788 6788
f 6788 6695 6695
f 6788 6695 6695
f 6788 6695 6788
f 6717 6788 6717
f 6788 6695 6788
f 6717 6788 6717
f 6788 6788 6717
f 6699 6789 6699
f 6789 6717 6789
f 6699 6789 6699
f 6789 6789 6699
f 6717 6788 6717
f 6788 6695 6788
f 6717 6788 6717
f 6788 6788 6717
f 6699 6789 6699
f 6789 6717 6789
f 6699 6789 6699
f 6789 6789 6699
f 6717 6717 6789
f 6717 6717 6789
f 6789 6789 6699
f 6717 6789 6789
f 600 6824 6804
f 6824 6728 6826
f 6804 6826 6721
f 6824 6826 6804
f 6728 6825 6836
f 6825 6703 6833
f 6836 6833 6730
f 6825 6833 6836
f 6721 6834 6805
f 6834 6730 6832
f 6805 6832 6700
f 6834 6832 6805
f 6728 6836 6826
f 6836 6730 6834
f 6826 6834 6721
f 6836 6834 6826
f 6703 6829 6843
f 6829 6729 6846
f 6843 6846 6732
f 6829 6846 6843
f 6729 6828 6830
f 6828 154 260
f 6830 260 233
f 6828 260 6830
f 6732 6844 6842
f 6844 233 261
f 6842 261 227
f 6844 261 6842
f 6729 6830 6846
f 6830 233 6844
f 6846 6844 6732
f 6830 6844 6846
f 6700 6811 6803
f 6811 6724 6813
f 6803 6813 6720
f 6811 6813 6803
f 6724 6812 6814
f 6812 227 264
f 6814 264 234
f 6812 264 6814
f 6720 6810 6802
f 6810 234 263
f 6802 263 83
f 6810 263 6802
f 6724 6814 6813
f 6814 234 6810
f 6813 6810 6720
f 6814 6810 6813
f 6703 6843 6833
f 6843 6732 6847
f 6833 6847 6730
f 6843 6847 6833
f 6732 6842 6845
f 6842 227 6812
f 6845 6812 6724
f 6842 6812 6845
f 6730 6835 6832
f 6835 6724 6811
f 6832 6811 6700
f 6835 6811 6832
f 6732 6845 6847
f 6845 6724 6835
f 6847 6835 6730
f 6845 6835 6847
f 600 6804 6804
f 6804 6721 6721
f 6804 6721 6721
f 6804 6721 6804
f 6721 6805 6805
f 6805 6700 6700
f 6805 6700 6700
f 6805 6700 6805
f 6721 6805 6805
f 6805 6700 6700
f 6805 6700 6700
f 6805 6700 6805
f 6721 6805 6721
f 6805 6700 6805
f 6721 6805 6721
f 6805 6805 6721
f 6700 6803 6803
f 6803 6720 6720
f 6803 6720 6720
f 6803 6720 6803
f 6720 6802 6802
f 6802 83 83
f 6802 83 83
f 6802 83 6802
f 6720 6802 6802
f 6802 83 83
f 6802 83 83
f 6802 83 6802
f 6720 6802 6720
f 6802 83 6802
f 6720 6802 6720
f 6802 6802 6720
f 6700 6803 6803
f 6803 6720 6720
f 6803 6720 6720
f 6803 6720 6803
f 6720 6802 6802
f 6802 83 83
f 6802 83 83
f 6802 83 6802
f 6720 6802 6802
f 6802 83 83
f 6802 83 83
f 6802 83 6802
f 6720 6802 6720
f 6802 83 6802
f 6720 6802 6720
f 6802 6802 6720
f 6700 6803 6700
f 6803 6720 6803
f 6700 6803 6700
f 6803 6803 6700
f 6720 6802 6720
f 6802 83 6802
f 6720 6802 6720
f 6802 6802 6720
f 6700 6803 6700
f 6803 6720 6803
f 6700 6803 6700
f 6803 6803 6700
f 6720 6720 6803
f 6720 6720 6803
f 6803 6803 6700
f 6720 6803 6803
f 154 6828 6818
f 6828 6729 6831
f 6818 6831 6726
f 6828 6831 6818
f 6729 6829 6852
f 6829 6703 6849
f 6852 6849 6733
f 6829 6849 6852
f 6726 6850 6819
f 6850 6733 6848
f 6819 6848 6702
f 6850 6848 6819
f 6729 6852 6831
f 6852 6733 6850
f 6831 6850 6726
f 6852 6850 6831
f 6703 6825 6838
f 6825 6728 6841
f 6838 6841 6731
f 6825 6841 6838
f 6728 6824 6827
f 6824 600 6808
f 6827 6808 6723
f 6824 6808 6827
f 6731 6839 6837
f 6839 6723 6809
f 6837 6809 6701
f 6839 6809 6837
f 6728 6827 6841
f 6827 6723 6839
f 6841 6839 6731
f 6827 6839 6841
f 6702 6821 6816
f 6821 6727 6823
f 6816 6823 6725
f 6821 6823 6816
f 6727 6820 6822
f 6820 6701 6807
f 6822 6807 6722
f 6820 6807 6822
f 6725 6817 6815
f 6817 6722 6806
f 6815 6806 6695
f 6817 6806 6815
f 6727 6822 6823
f 6822 6722 6817
f 6823 6817 6725
f 6822 6817 6823
f 6703 6838 6849
f 6838 6731 6853
f 6849 6853 6733
f 6838 6853 6849
f 6731 6837 6840
f 6837 6701 6820
f 6840 6820 6727
f 6837 6820 6840
f 6733 6851 6848
f 6851 6727 6821
f 6848 6821 6702
f 6851 6821 6848
f 6731 6840 6853
f 6840 6727 6851
f 6853 6851 6733
f 6840 6851 6853
f 154 6818 6818
f 6818 6726 6726
f 6818 6726 6726
f 6818 6726 6818
f 6726 6819 6819
f 6819 6702 6702
f 6819 6702 6702
f 6819 6702 6819
f 6726 6819 6819
f 6819 6702 6702
f 6819 6702 6702
f 6819 6702 6819
f 6726 6819 6726
f 6819 6702 6819
f 6726 6819 6726
f 6819 6819 6726
f 6702 6816 6816
f 6816 6725 6725
f 6816 6725 6725
f 6816 6725 6816
f 6725 6815 6815
f 6815 6695 6695
f 6815 6695 6695
f 6815 6695 6815
f 6725 6815 6815
f 6815 6695 6695
f 6815 6695 6695
f 6815 6695 6815
f 6725 6815 6725
f 6815 6695 6815
f 6725 6815 6725
f 6815 6815 6725
f 6702 6816 6816
f 6816 6725 6725
f 6816 6725 6725
f 6816 6725 6816
f 6725 6815 6815
f 6815 6695 6695
f 6815 6695 6695
f 6815 6695 6815
f 6725 6815 6815
f 6815 6695 6695
f 6815 6695 6695
f 6815 6695 6815
f 6725 6815 6725
f 6815 6695 6815
f 6725 6815 6725
f 6815 6815 6725
f 6702 6816 6702
f 6816 6725 6816
f 6702 6816 6702
f 6816 6816 6702
f 6725 6815 6725
f 6815 6695 6815
f 6725 6815 6725
f 6815 6815 6725
f 6702 6816 6702
f 6816 6725 6816
f 6702 6816 6702
f 6816 6816 6702
f 6725 6725 6816
f 6725 6725 6816
f 6816 6816 6702
f 6725 6816 6816
f 6120 6367 6759
f 6367 6173 6854
f 6759 6854 6709
f 6367 6854 6759
f 6173 6368 6858
f 6368 6128 6856
f 6858 6856 6734
f 6368 6856 6858
f 6709 6857 6760
f 6857 6734 6855
f 6760 6855 6697
f 6857 6855 6760
f 6173 6858 6854
f 6858 6734 6857
f 6854 6857 6709
f 6858 6857 6854
f 6128 6366 6875
f 6366 6172 6877
f 6875 6877 6739
f 6366 6877 6875
f 6172 6365 6865
f 6365 601 6863
f 6865 6863 6736
f 6365 6863 6865
f 6739 6879 6876
f 6879 6736 6864
f 6876 6864 6704
f 6879 6864 6876
f 6172 6865 6877
f 6865 6736 6879
f 6877 6879 6739
f 6865 6879 6877
f 6697 6866 6763
f 6866 6737 6868
f 6763 6868 6710
f 6866 6868 6763
f 6737 6867 6870
f 6867 6704 6860
f 6870 6860 6735
f 6867 6860 6870
f 6710 6861 6762
f 6861 6735 6859
f 6762 6859 83
f 6861 6859 6762
f 6737 6870 6868
f 6870 6735 6861
f 6868 6861 6710
f 6870 6861 6868
f 6128 6875 6856
f 6875 6739 6878
f 6856 6878 6734
f 6875 6878 6856
f 6739 6876 6880
f 6876 6704 6867
f 6880 6867 6737
f 6876 6867 6880
f 6734 6869 6855
f 6869 6737 6866
f 6855 6866 6697
f 6869 6866 6855
f 6739 6880 6878
f 6880 6737 6869
f 6878 6869 6734
f 6880 6869 6878
f 6120 6759 6759
f 6759 6709 6709
f 6759 6709 6709
f 6759 6709 6759
f 6709 6760 6760
f 6760 6697 6697
f 6760 6697 6697
f 6760 6697 6760
f 6709 6760 6760
f 6760 6697 6697
f 6760 6697 6697
f 6760 6697 6760
f 6709 6760 6709
f 6760 6697 6760
f 6709 6760 6709
f 6760 6760 6709
f 6697 6763 6763
f 6763 6710 6710
f 6763 6710 6710
f 6763 6710 6763
f 6710 6762 6762
f 6762 83 83
f 6762 83 83
f 6762 83 6762
f 6710 6762 6762
f 6762 83 83
f 6762 83 83
f 6762 83 6762
f 6710 6762 6710
f 6762 83 6762
f 6710 6762 6710
f 6762 6762 6710
f 6697 6763 6763
f 6763 6710 6710
f 6763 6710 6710
f 6763 6710 6763
f 6710 6762 6762
f 6762 83 83
f 6762 83 83
f 6762 83 6762
f 6710 6762 6762
f 6762 83 83
f 6762 83 83
f 6762 83 6762
f 6710 6762 6710
f 6762 83 6762
f 6710 6762 6710
f 6762 6762 6710
f 6697 6763 6697
f 6763 6710 6763
f 6697 6763 6697
f 6763 6763 6697
f 6710 6762 6710
f 6762 83 6762
f 6710 6762 6710
f 6762 6762 6710
f 6697 6763 6697
f 6763 6710 6763
f 6697 6763 6697
f 6763 6763 6697
f 6710 6710 6763
f 6710 6710 6763
f 6763 6763 6697
f 6710 6763 6763
f 82 306 6776
f 306 288 6894
f 6776 6894 6713
f 306 6894 6776
f 288 307 6898
f 307 283 6896
f 6898 6896 6742
f 307 6896 6898
f 6713 6897 6777
f 6897 6742 6895
f 6777 6895 6698
f 6897 6895 6777
f 288 6898 6894
f 6898 6742 6897
f 6894 6897 6713
f 6898 6897 6894
f 283 304 6915
f 304 287 6917
f 6915 6917 6747
f 304 6917 6915
f 287 303 6905
f 303 155 6903
f 6905 6903 6744
f 303 6903 6905
f 6747 6919 6916
f 6919 6744 6904
f 6916 6904 6705
f 6919 6904 6916
f 287 6905 6917
f 6905 6744 6919
f 6917 6919 6747
f 6905 6919 6917
f 6698 6906 6780
f 6906 6745 6908
f 6780 6908 6714
f 6906 6908 6780
f 6745 6907 6910
f 6907 6705 6900
f 6910 6900 6743
f 6907 6900 6910
f 6714 6901 6779
f 6901 6743 6899
f 6779 6899 6695
f 6901 6899 6779
f 6745 6910 6908
f 6910 6743 6901
f 6908 6901 6714
f 6910 6901 6908
f 283 6915 6896
f 6915 6747 6918
f 6896 6918 6742
f 6915 6918 6896
f 6747 6916 6920
f 6916 6705 6907
f 6920 6907 6745
f 6916 6907 6920
f 6742 6909 6895
f 6909 6745 6906
f 6895 6906 6698
f 6909 6906 6895
f 6747 6920 6918
f 6920 6745 6909
f 6918 6909 6742
f 6920 6909 6918
f 82 6776 6776
f 6776 6713 6713
f 6776 6713 6713
f 6776 6713 6776
f 6713 6777 6777
f 6777 6698 6698
f 6777 6698 6698
f 6777 6698 6777
f 6713 6777 6777
f 6777 6698 6698
f 6777 6698 6698
f 6777 6698 6777
f 6713 6777 6713
f 6777 6698 6777
f 6713 6777 6713
f 6777 6777 6713
f 6698 6780 6780
f 6780 6714 6714
f 6780 6714 6714
f 6780 6714 6780
f 6714 6779 6779
f 6779 6695 6695
f 6779 6695 6695
f 6779 6695 6779
f 6714 6779 6779
f 6779 6695 6695
f 6779 6695 6695
f 6779 6695 6779
f 6714 6779 6714
f 6779 6695 6779
f 6714 6779 6714
f 6779 6779 6714
f 6698 6780 6780
f 6780 6714 6714
f 6780 6714 6714
f 6780 6714 6780
f 6714 6779 6779
f 6779 6695 6695
f 6779 6695 6695
f 6779 6695 6779
f 6714 6779 6779
f 6779 6695 6695
f 6779 6695 6695
f 6779 6695 6779
f 6714 6779 6714
f 6779 6695 6779
f 6714 6779 6714
f 6779 6779 6714
f 6698 6780 6698
f 6780 6714 6780
f 6698 6780 6698
f 6780 6780 6698
f 6714 6779 6714
f 6779 6695 6779
f 6714 6779 6714
f 6779 6779 6714
f 6698 6780 6698
f 6780 6714 6780
f 6698 6780 6698
f 6780 6780 6698
f 6714 6714 6780
f 6714 6714 6780
f 6780 6780 6698
f 6714 6780 6780
f 600 6804 737
f 6804 6721 6881
f 737 6881 640
f 6804 6881 737
f 6721 6805 6885
f 6805 6700 6883
f 6885 6883 6740
f 6805 6883 6885
f 640 6887 738
f 6887 6740 6884
f 738 6884 612
f 6887 6884 738
f 6721 6885 6881
f 6885 6740 6887
f 6881 6887 640
f 6885 6887 6881
f 6700 6803 6871
f 6803 6720 6873
f 6871 6873 6738
f 6803 6873 6871
f 6720 6802 6862
f 6802 83 6859
f 6862 6859 6735
f 6802 6859 6862
f 6738 6874 6872
f 6874 6735 6860
f 6872 6860 6704
f 6874 6860 6872
f 6720 6862 6873
f 6862 6735 6874
f 6873 6874 6738
f 6862 6874 6873
f 612 6889 741
f 6889 6741 6892
f 741 6892 641
f 6889 6892 741
f 6741 6888 6890
f 6888 6704 6864
f 6890 6864 6736
f 6888 6864 6890
f 641 6882 740
f 6882 6736 6863
f 740 6863 601
f 6882 6863 740
f 6741 6890 6892
f 6890 6736 6882
f 6892 6882 641
f 6890 6882 6892
f 6700 6871 6883
f 6871 6738 6886
f 6883 6886 6740
f 6871 6886 6883
f 6738 6872 6891
f 6872 6704 6888
f 6891 6888 6741
f 6872 6888 6891
f 6740 6893 6884
f 6893 6741 6889
f 6884 6889 612
f 6893 6889 6884
f 6738 6891 6886
f 6891 6741 6893
f 6886 6893 6740
f 6891 6893 6886
f 600 737 737
f 737 640 640
f 737 640 640
f 737 640 737
f 640 738 738
f 738 612 612
f 738 612 612
f 738 612 738
f 640 738 738
f 738 612 612
f 738 612 612
f 738 612 738
f 640 738 640
f 738 612 738
f 640 738 640
f 738 738 640
f 612 741 741
f 741 641 641
f 741 641 641
f 741 641 741
f 641 740 740
f 740 601 601
f 740 601 601
f 740 601 740
f 641 740 740
f 740 601 601
f 740 601 601
f 740 601 740
f 641 740 641
f 740 601 740
f 641 740 641
f 740 740 641
f 612 741 741
f 741 641 641
f 741 641 641
f 741 641 741
f 641 740 740
f 740 601 601
f 740 601 601
f 740 601 740
f 641 740 740
f 740 601 601
f 740 601 601
f 740 601 740
f 641 740 641
f 740 601 740
f 641 740 641
f 740 740 641
f 612 741 612
f 741 641 741
f 612 741 612
f 741 741 612
f 641 740 641
f 740 601 740
f 641 740 641
f 740 740 641
f 612 741 612
f 741 641 741
f 612 741 612
f 741 741 612
f 641 641 741
f 641 641 741
f 741 741 612
f 641 741 741
f 154 6818 209
f 6818 6726 6921
f 209 6921 170
f 6818 6921 209
f 6726 6819 6925
f 6819 6702 6923
f 6925 6923 6748
f 6819 6923 6925
f 170 6927 210
f 6927 6748 6924
f 210 6924 159
f 6927 6924 210
f 6726 6925 6921
f 6925 6748 6927
f 6921 6927 170
f 6925 6927 6921
f 6702 6816 6911
f 6816 6725 6913
f 6911 6913 6746
f 6816 6913 6911
f 6725 6815 6902
f 6815 6695 6899
f 6902 6899 6743
f 6815 6899 6902
f 6746 6914 6912
f 6914 6743 6900
f 6912 6900 6705
f 6914 6900 6912
f 6725 6902 6913
f 6902 6743 6914
f 6913 6914 6746
f 6902 6914 6913
f 159 6929 213
f 6929 6749 6932
f 213 6932 171
f 6929 6932 213
f 6749 6928 6930
f 6928 6705 6904
f 6930 6904 6744
f 6928 6904 6930
f 171 6922 212
f 6922 6744 6903
f 212 6903 155
f 6922 6903 212
f 6749 6930 6932
f 6930 6744 6922
f 6932 6922 171
f 6930 6922 6932
f 6702 6911 6923
f 6911 6746 6926
f 6923 6926 6748
f 6911 6926 6923
f 6746 6912 6931
f 6912 6705 6928
f 6931 6928 6749
f 6912 6928 6931
f 6748 6933 6924
f 6933 6749 6929
f 6924 6929 159
f 6933 6929 6924
f 6746 6931 6926
f 6931 6749 6933
f 6926 6933 6748
f 6931 6933 6926
f 154 209 209
f 209 170 170
f 209 170 170
f 209 170 209
f 170 210 210
f 210 159 159
f 210 159 159
f 210 159 210
f 170 210 210
f 210 159 159
f 210 159 159
f 210 159 210
f 170 210 170
f 210 159 210
f 170 210 170
f 210 210 170
f 159 213 213
f 213 171 171
f 213 171 171
f 213 171 213
f 171 212 212
f 212 155 155
f 212 155 155
f 212 155 212
f 171 212 212
f 212 155 155
f 212 155 155
f 212 155 212
f 171 212 171
f 212 155 212
f 171 212 171
f 212 212 171
f 159 213 213
f 213 171 171
f 213 171 171
f 213 171 213
f 171 212 212
f 212 155 155
f 212 155 155
f 212 155 212
f 171 212 212
f 212 155 155
f 212 155 155
f 212 155 212
f 171 212 171
f 212 155 212
f 171 212 171
f 212 212 171
f 159 213 159
f 213 171 213
f 159 213 159
f 213 213 159
f 171 212 171
f 212 155 212
f 171 212 171
f 212 212 171
f 159 213 159
f 213 171 213
f 159 213 159
f 213 213 159
f 171 171 213
f 171 171 213
f 213 213 159
f 171 213 213
f 339 6991 426
f 6991 6944 6995
f 426 6995 367
f 6991 6995 426
f 6944 6992 6998
f 6992 6934 6996
f 6998 6996 6946
f 6992 6996 6998
f 367 6999 427
f 6999 6946 6997
f 427 6997 349
f 6999 6997 427
f 6944 6998 6995
f 6998 6946 6999
f 6995 6999 367
f 6998 6999 6995
f 6934 6994 7006
f 6994 6945 7008
f 7006 7008 6949
f 6994 7008 7006
f 6945 6993 7002
f 6993 3007 7000
f 7002 7000 6947
f 6993 7000 7002
f 6949 7010 7007
f 7010 6947 7001
f 7007 7001 6935
f 7010 7001 7007
f 6945 7002 7008
f 7002 6947 7010
f 7008 7010 6949
f 7002 7010 7008
f 349 7011 430
f 7011 6950 7013
f 430 7013 368
f 7011 7013 430
f 6950 7012 7015
f 7012 6935 7004
f 7015 7004 6948
f 7012 7004 7015
f 368 7005 429
f 7005 6948 7003
f 429 7003 340
f 7005 7003 429
f 6950 7015 7013
f 7015 6948 7005
f 7013 7005 368
f 7015 7005 7013
f 6934 7006 6996
f 7006 6949 7009
f 6996 7009 6946
f 7006 7009 6996
f 6949 7007 7016
f 7007 6935 7012
f 7016 7012 6950
f 7007 7012 7016
f 6946 7014 6997
f 7014 6950 7011
f 6997 7011 349
f 7014 7011 6997
f 6949 7016 7009
f 7016 6950 7014
f 7009 7014 6946
f 7016 7014 7009
f 339 426 426
f 426 367 367
f 426 367 367
f 426 367 426
f 367 427 427
f 427 349 349
f 427 349 349
f 427 349 427
f 367 427 427
f 427 349 349
f 427 349 349
f 427 349 427
f 367 427 367
f 427 349 427
f 367 427 367
f 427 427 367
f 349 430 430
f 430 368 368
f 430 368 368
f 430 368 430
f 368 429 429
f 429 340 340
f 429 340 340
f 429 340 429
f 368 429 429
f 429 340 340
f 429 340 340
f 429 340 429
f 368 429 368
f 429 340 429
f 368 429 368
f 429 429 368
f 349 430 430
f 430 368 368
f 430 368 368
f 430 368 430
f 368 429 429
f 429 340 340
f 429 340 340
f 429 340 429
f 368 429 429
f 429 340 340
f 429 340 340
f 429 340 429
f 368 429 368
f 429 340 429
f 368 429 368
f 429 429 368
f 349 430 349
f 430 368 430
f 349 430 349
f 430 430 349
f 368 429 368
f 429 340 429
f 368 429 368
f 429 429 368
f 349 430 349
f 430 368 430
f 349 430 349
f 430 430 349
f 368 368 430
f 368 368 430
f 430 430 349
f 368 430 430
f 340 7022 835
f 7022 6952 7039
f 835 7039 666
f 7022 7039 835
f 6952 7023 7042
f 7023 6936 7040
f 7042 7040 6956
f 7023 7040 7042
f 666 7043 836
f 7043 6956 7041
f 836 7041 619
f 7043 7041 836
f 6952 7042 7039
f 7042 6956 7043
f 7039 7043 666
f 7042 7043 7039
f 6936 7026 7050
f 7026 6953 7052
f 7050 7052 6959
f 7026 7052 7050
f 6953 7025 7046
f 7025 2943 7044
f 7046 7044 6957
f 7025 7044 7046
f 6959 7054 7051
f 7054 6957 7045
f 7051 7045 6937
f 7054 7045 7051
f 6953 7046 7052
f 7046 6957 7054
f 7052 7054 6959
f 7046 7054 7052
f 619 7055 833
f 7055 6960 7057
f 833 7057 665
f 7055 7057 833
f 6960 7056 7059
f 7056 6937 7048
f 7059 7048 6958
f 7056 7048 7059
f 665 7049 832
f 7049 6958 7047
f 832 7047 600
f 7049 7047 832
f 6960 7059 7057
f 7059 6958 7049
f 7057 7049 665
f 7059 7049 7057
f 6936 7050 7040
f 7050 6959 7053
f 7040 7053 6956
f 7050 7053 7040
f 6959 7051 7060
f 7051 6937 7056
f 7060 7056 6960
f 7051 7056 7060
f 6956 7058 7041
f 7058 6960 7055
f 7041 7055 619
f 7058 7055 7041
f 6959 7060 7053
f 7060 6960 7058
f 7053 7058 6956
f 7060 7058 7053
f 340 835 835
f 835 666 666
f 835 666 666
f 835 666 835
f 666 836 836
f 836 619 619
f 836 619 619
f 836 619 836
f 666 836 836
f 836 619 619
f 836 619 619
f 836 619 836
f 666 836 666
f 836 619 836
f 666 836 666
f 836 836 666
f 619 833 833
f 833 665 665
f 833 665 665
f 833 665 833
f 665 832 832
f 832 600 600
f 832 600 600
f 832 600 832
f 665 832 832
f 832 600 600
f 832 600 600
f 832 600 832
f 665 832 665
f 832 600 832
f 665 832 665
f 832 832 665
f 619 833 833
f 833 665 665
f 833 665 665
f 833 665 833
f 665 832 832
f 832 600 600
f 832 600 600
f 832 600 832
f 665 832 832
f 832 600 600
f 832 600 600
f 832 600 832
f 665 832 665
f 832 600 832
f 665 832 665
f 832 832 665
f 619 833 619
f 833 665 833
f 619 833 619
f 833 833 619
f 665 832 665
f 832 600 832
f 665 832 665
f 832 832 665
f 619 833 619
f 833 665 833
f 619 833 619
f 833 833 619
f 665 665 833
f 665 665 833
f 833 833 619
f 665 833 833
f 600 7066 7083
f 7066 6962 7085
f 7083 7085 6966
f 7066 7085 7083
f 6962 7067 7090
f 7067 6938 7088
f 7090 7088 6968
f 7067 7088 7090
f 6966 7091 7084
f 7091 6968 7089
f 7084 7089 6939
f 7091 7089 7084
f 6962 7090 7085
f 7090 6968 7091
f 7085 7091 6966
f 7090 7091 7085
f 6938 7070 7094
f 7070 6963 7096
f 7094 7096 6969
f 7070 7096 7094
f 6963 7069 7092
f 7069 2879 2929
f 7092 2929 2892
f 7069 2929 7092
f 6969 7098 7095
f 7098 2892 2930
f 7095 2930 2882
f 7098 2930 7095
f 6963 7092 7096
f 7092 2892 7098
f 7096 7098 6969
f 7092 7098 7096
f 6939 7099 7087
f 7099 6970 7101
f 7087 7101 6967
f 7099 7101 7087
f 6970 7100 7103
f 7100 2882 2927
f 7103 2927 2891
f 7100 2927 7103
f 6967 7093 7086
f 7093 2891 2926
f 7086 2926 2808
f 7093 2926 7086
f 6970 7103 7101
f 7103 2891 7093
f 7101 7093 6967
f 7103 7093 7101
f 6938 7094 7088
f 7094 6969 7097
f 7088 7097 6968
f 7094 7097 7088
f 6969 7095 7104
f 7095 2882 7100
f 7104 7100 6970
f 7095 7100 7104
f 6968 7102 7089
f 7102 6970 7099
f 7089 7099 6939
f 7102 7099 7089
f 6969 7104 7097
f 7104 6970 7102
f 7097 7102 6968
f 7104 7102 7097
f 600 7083 7083
f 7083 6966 6966
f 7083 6966 6966
f 7083 6966 7083
f 6966 7084 7084
f 7084 6939 6939
f 7084 6939 6939
f 7084 6939 7084
f 6966 7084 7084
f 7084 6939 6939
f 7084 6939 6939
f 7084 6939 7084
f 6966 7084 6966
f 7084 6939 7084
f 6966 7084 6966
f 7084 7084 6966
f 6939 7087 7087
f 7087 6967 6967
f 7087 6967 6967
f 7087 6967 7087
f 6967 7086 7086
f 7086 2808 2808
f 7086 2808 2808
f 7086 2808 7086
f 6967 7086 7086
f 7086 2808 2808
f 7086 2808 2808
f 7086 2808 7086
f 6967 7086 6967
f 7086 2808 7086
f 6967 7086 6967
f 7086 7086 6967
f 6939 7087 7087
f 7087 6967 6967
f 7087 6967 6967
f 7087 6967 7087
f 6967 7086 7086
f 7086 2808 2808
f 7086 2808 2808
f 7086 2808 7086
f 6967 7086 7086
f 7086 2808 2808
f 7086 2808 2808
f 7086 2808 7086
f 6967 7086 6967
f 7086 2808 7086
f 6967 7086 6967
f 7086 7086 6967
f 6939 7087 6939
f 7087 6967 7087
f 6939 7087 6939
f 7087 7087 6939
f 6967 7086 6967
f 7086 2808 7086
f 6967 7086 6967
f 7086 7086 6967
f 6939 7087 6939
f 7087 6967 7087
f 6939 7087 6939
f 7087 7087 6939
f 6967 6967 7087
f 6967 6967 7087
f 7087 7087 6939
f 6967 7087 7087
f 600 7047 7066
f 7047 6958 7068
f 7066 7068 6962
f 7047 7068 7066
f 6958 7048 7074
f 7048 6937 7072
f 7074 7072 6964
f 7048 7072 7074
f 6962 7076 7067
f 7076 6964 7073
f 7067 7073 6938
f 7076 7073 7067
f 6958 7074 7068
f 7074 6964 7076
f 7068 7076 6962
f 7074 7076 7068
f 6937 7045 7062
f 7045 6957 7064
f 7062 7064 6961
f 7045 7064 7062
f 6957 7044 7061
f 7044 2943 2993
f 7061 2993 2956
f 7044 2993 7061
f 6961 7065 7063
f 7065 2956 2994
f 7063 2994 2946
f 7065 2994 7063
f 6957 7061 7064
f 7061 2956 7065
f 7064 7065 6961
f 7061 7065 7064
f 6938 7078 7070
f 7078 6965 7081
f 7070 7081 6963
f 7078 7081 7070
f 6965 7077 7079
f 7077 2946 2991
f 7079 2991 2955
f 7077 2991 7079
f 6963 7071 7069
f 7071 2955 2990
f 7069 2990 2879
f 7071 2990 7069
f 6965 7079 7081
f 7079 2955 7071
f 7081 7071 6963
f 7079 7071 7081
f 6937 7062 7072
f 7062 6961 7075
f 7072 7075 6964
f 7062 7075 7072
f 6961 7063 7080
f 7063 2946 7077
f 7080 7077 6965
f 7063 7077 7080
f 6964 7082 7073
f 7082 6965 7078
f 7073 7078 6938
f 7082 7078 7073
f 6961 7080 7075
f 7080 6965 7082
f 7075 7082 6964
f 7080 7082 7075
f 600 7066 7066
f 7066 6962 6962
f 7066 6962 6962
f 7066 6962 7066
f 6962 7067 7067
f 7067 6938 6938
f 7067 6938 6938
f 7067 6938 7067
f 6962 7067 7067
f 7067 6938 6938
f 7067 6938 6938
f 7067 6938 7067
f 6962 7067 6962
f 7067 6938 7067
f 6962 7067 6962
f 7067 7067 6962
f 6938 7070 7070
f 7070 6963 6963
f 7070 6963 6963
f 7070 6963 7070
f 6963 7069 7069
f 7069 2879 2879
f 7069 2879 2879
f 7069 2879 7069
f 6963 7069 7069
f 7069 2879 2879
f 7069 2879 2879
f 7069 2879 7069
f 6963 7069 6963
f 7069 2879 7069
f 6963 7069 6963
f 7069 7069 6963
f 6938 7070 7070
f 7070 6963 6963
f 7070 6963 6963
f 7070 6963 7070
f 6963 7069 7069
f 7069 2879 2879
f 7069 2879 2879
f 7069 2879 7069
f 6963 7069 7069
f 7069 2879 2879
f 7069 2879 2879
f 7069 2879 7069
f 6963 7069 6963
f 7069 2879 7069
f 6963 7069 6963
f 7069 7069 6963
f 6938 7070 6938
f 7070 6963 7070
f 6938 7070 6938
f 7070 7070 6938
f 6963 7069 6963
f 7069 2879 7069
f 6963 7069 6963
f 7069 7069 6963
f 6938 7070 6938
f 7070 6963 7070
f 6938 7070 6938
f 7070 7070 6938
f 6963 6963 7070
f 6963 6963 7070
f 7070 7070 6938
f 6963 7070 7070
f 3007 6993 3110
f 6993 6945 7114
f 3110 7114 3079
f 6993 7114 3110
f 6945 6994 7118
f 6994 6934 7116
f 7118 7116 6974
f 6994 7116 7118
f 3079 7120 3111
f 7120 6974 7117
f 3111 7117 3072
f 7120 7117 3111
f 6945 7118 7114
f 7118 6974 7120
f 7114 7120 3079
f 7118 7120 7114
f 6934 6992 7110
f 6992 6944 7112
f 7110 7112 6973
f 6992 7112 7110
f 6944 6991 7107
f 6991 339 7105
f 7107 7105 6971
f 6991 7105 7107
f 6973 7113 7111
f 7113 6971 7106
f 7111 7106 6940
f 7113 7106 7111
f 6944 7107 7112
f 7107 6971 7113
f 7112 7113 6973
f 7107 7113 7112
f 3072 7122 3114
f 7122 6975 7125
f 3114 7125 3080
f 7122 7125 3114
f 6975 7121 7123
f 7121 6940 7109
f 7123 7109 6972
f 7121 7109 7123
f 3080 7115 3113
f 7115 6972 7108
f 3113 7108 2807
f 7115 7108 3113
f 6975 7123 7125
f 7123 6972 7115
f 7125 7115 3080
f 7123 7115 7125
f 6934 7110 7116
f 7110 6973 7119
f 7116 7119 6974
f 7110 7119 7116
f 6973 7111 7124
f 7111 6940 7121
f 7124 7121 6975
f 7111 7121 7124
f 6974 7126 7117
f 7126 6975 7122
f 7117 7122 3072
f 7126 7122 7117
f 6973 7124 7119
f 7124 6975 7126
f 7119 7126 6974
f 7124 7126 7119
f 3007 3110 3110
f 3110 3079 3079
f 3110 3079 3079
f 3110 3079 3110
f 3079 3111 3111
f 3111 3072 3072
f 3111 3072 3072
f 3111 3072 3111
f 3079 3111 3111
f 3111 3072 3072
f 3111 3072 3072
f 3111 3072 3111
f 3079 3111 3079
f 3111 3072 3111
f 3079 3111 3079
f 3111 3111 3079
f 3072 3114 3114
f 3114 3080 3080
f 3114 3080 3080
f 3114 3080 3114
f 3080 3113 3113
f 3113 2807 2807
f 3113 2807 2807
f 3113 2807 3113
f 3080 3113 3113
f 3113 2807 2807
f 3113 2807 2807
f 3113 2807 3113
f 3080 3113 3080
f 3113 2807 3113
f 3080 3113 3080
f 3113 3113 3080
f 3072 3114 3114
f 3114 3080 3080
f 3114 3080 3080
f 3114 3080 3114
f 3080 3113 3113
f 3113 2807 2807
f 3113 2807 2807
f 3113 2807 3113
f 3080 3113 3113
f 3113 2807 2807
f 3113 2807 2807
f 3113 2807 3113
f 3080 3113 3080
f 3113 2807 3113
f 3080 3113 3080
f 3113 3113 3080
f 3072 3114 3072
f 3114 3080 3114
f 3072 3114 3072
f 3114 3114 3072
f 3080 3113 3080
f 3113 2807 3113
f 3080 3113 3080
f 3113 3113 3080
f 3072 3114 3072
f 3114 3080 3114
f 3072 3114 3072
f 3114 3114 3072
f 3080 3080 3114
f 3080 3080 3114
f 3114 3114 3072
f 3080 3114 3114
f 2807 7108 7163
f 7108 6972 7165
f 7163 7165 6985
f 7108 7165 7163
f 6972 7109 7173
f 7109 6940 7171
f 7173 7171 6987
f 7109 7171 7173
f 6985 7175 7164
f 7175 6987 7172
f 7164 7172 6943
f 7175 7172 7164
f 6972 7173 7165
f 7173 6987 7175
f 7165 7175 6985
f 7173 7175 7165
f 6940 7106 7132
f 7106 6971 7134
f 7132 7134 6978
f 7106 7134 7132
f 6971 7105 7129
f 7105 339 7127
f 7129 7127 6976
f 7105 7127 7129
f 6978 7135 7133
f 7135 6976 7128
f 7133 7128 6941
f 7135 7128 7133
f 6971 7129 7134
f 7129 6976 7135
f 7134 7135 6978
f 7129 7135 7134
f 6943 7182 7168
f 7182 6989 7185
f 7168 7185 6986
f 7182 7185 7168
f 6989 7181 7183
f 7181 6941 7131
f 7183 7131 6977
f 7181 7131 7183
f 6986 7169 7167
f 7169 6977 7130
f 7167 7130 6695
f 7169 7130 7167
f 6989 7183 7185
f 7183 6977 7169
f 7185 7169 6986
f 7183 7169 7185
f 6940 7132 7171
f 7132 6978 7174
f 7171 7174 6987
f 7132 7174 7171
f 6978 7133 7184
f 7133 6941 7181
f 7184 7181 6989
f 7133 7181 7184
f 6987 7186 7172
f 7186 6989 7182
f 7172 7182 6943
f 7186 7182 7172
f 6978 7184 7174
f 7184 6989 7186
f 7174 7186 6987
f 7184 7186 7174
f 2807 7163 7163
f 7163 6985 6985
f 7163 6985 6985
f 7163 6985 7163
f 6985 7164 7164
f 7164 6943 6943
f 7164 6943 6943
f 7164 6943 7164
f 6985 7164 7164
f 7164 6943 6943
f 7164 6943 6943
f 7164 6943 7164
f 6985 7164 6985
f 7164 6943 7164
f 6985 7164 6985
f 7164 7164 6985
f 6943 7168 7168
f 7168 6986 6986
f 7168 6986 6986
f 7168 6986 7168
f 6986 7167 7167
f 7167 6695 6695
f 7167 6695 6695
f 7167 6695 7167
f 6986 7167 7167
f 7167 6695 6695
f 7167 6695 6695
f 7167 6695 7167
f 6986 7167 6986
f 7167 6695 7167
f 6986 7167 6986
f 7167 7167 6986
f 6943 7168 7168
f 7168 6986 6986
f 7168 6986 6986
f 7168 6986 7168
f 6986 7167 7167
f 7167 6695 6695
f 7167 6695 6695
f 7167 6695 7167
f 6986 7167 7167
f 7167 6695 6695
f 7167 6695 6695
f 7167 6695 7167
f 6986 7167 6986
f 7167 6695 7167
f 6986 7167 6986
f 7167 7167 6986
f 6943 7168 6943
f 7168 6986 7168
f 6943 7168 6943
f 7168 7168 6943
f 6986 7167 6986
f 7167 6695 7167
f 6986 7167 6986
f 7167 7167 6986
f 6943 7168 6943
f 7168 6986 7168
f 6943 7168 6943
f 7168 7168 6943
f 6986 6986 7168
f 6986 6986 7168
f 7168 7168 6943
f 6986 7168 7168
f 600 7083 6808
f 7083 6966 7136
f 6808 7136 6723
f 7083 7136 6808
f 6966 7084 7139
f 7084 6939 7137
f 7139 7137 6979
f 7084 7137 7139
f 6723 7140 6809
f 7140 6979 7138
f 6809 7138 6701
f 7140 7138 6809
f 6966 7139 7136
f 7139 6979 7140
f 7136 7140 6723
f 7139 7140 7136
f 6939 7087 7148
f 7087 6967 7150
f 7148 7150 6982
f 7087 7150 7148
f 6967 7086 7143
f 7086 2808 7141
f 7143 7141 6980
f 7086 7141 7143
f 6982 7152 7149
f 7152 6980 7142
f 7149 7142 6942
f 7152 7142 7149
f 6967 7143 7150
f 7143 6980 7152
f 7150 7152 6982
f 7143 7152 7150
f 6701 7157 6807
f 7157 6984 7159
f 6807 7159 6722
f 7157 7159 6807
f 6984 7158 7161
f 7158 6942 7146
f 7161 7146 6981
f 7158 7146 7161
f 6722 7147 6806
f 7147 6981 7145
f 6806 7145 6695
f 7147 7145 6806
f 6984 7161 7159
f 7161 6981 7147
f 7159 7147 6722
f 7161 7147 7159
f 6939 7148 7137
f 7148 6982 7151
f 7137 7151 6979
f 7148 7151 7137
f 6982 7149 7162
f 7149 6942 7158
f 7162 7158 6984
f 7149 7158 7162
f 6979 7160 7138
f 7160 6984 7157
f 7138 7157 6701
f 7160 7157 7138
f 6982 7162 7151
f 7162 6984 7160
f 7151 7160 6979
f 7162 7160 7151
f 600 6808 6808
f 6808 6723 6723
f 6808 6723 6723
f 6808 6723 6808
f 6723 6809 6809
f 6809 6701 6701
f 6809 6701 6701
f 6809 6701 6809
f 6723 6809 6809
f 6809 6701 6701
f 6809 6701 6701
f 6809 6701 6809
f 6723 6809 6723
f 6809 6701 6809
f 6723 6809 6723
f 6809 6809 6723
f 6701 6807 6807
f 6807 6722 6722
f 6807 6722 6722
f 6807 6722 6807
f 6722 6806 6806
f 6806 6695 6695
f 6806 6695 6695
f 6806 6695 6806
f 6722 6806 6806
f 6806 6695 6695
f 6806 6695 6695
f 6806 6695 6806
f 6722 6806 6722
f 6806 6695 6806
f 6722 6806 6722
f 6806 6806 6722
f 6701 6807 6807
f 6807 6722 6722
f 6807 6722 6722
f 6807 6722 6807
f 6722 6806 6806
f 6806 6695 6695
f 6806 6695 6695
f 6806 6695 6806
f 6722 6806 6806
f 6806 6695 6695
f 6806 6695 6695
f 6806 6695 6806
f 6722 6806 6722
f 6806 6695 6806
f 6722 6806 6722
f 6806 6806 6722
f 6701 6807 6701
f 6807 6722 6807
f 6701 6807 6701
f 6807 6807 6701
f 6722 6806 6722
f 6806 6695 6806
f 6722 6806 6722
f 6806 6806 6722
f 6701 6807 6701
f 6807 6722 6807
f 6701 6807 6701
f 6807 6807 6701
f 6722 6722 6807
f 6722 6722 6807
f 6807 6807 6701
f 6722 6807 6807
f 340 7003 7022
f 7003 6948 7024
f 7022 7024 6952
f 7003 7024 7022
f 6948 7004 7030
f 7004 6935 7028
f 7030 7028 6954
f 7004 7028 7030
f 6952 7032 7023
f 7032 6954 7029
f 7023 7029 6936
f 7032 7029 7023
f 6948 7030 7024
f 7030 6954 7032
f 7024 7032 6952
f 7030 7032 7024
f 6935 7001 7018
f 7001 6947 7020
f 7018 7020 6951
f 7001 7020 7018
f 6947 7000 7017
f 7000 3007 3057
f 7017 3057 3020
f 7000 3057 7017
f 6951 7021 7019
f 7021 3020 3058
f 7019 3058 3010
f 7021 3058 7019
f 6947 7017 7020
f 7017 3020 7021
f 7020 7021 6951
f 7017 7021 7020
f 6936 7034 7026
f 7034 6955 7037
f 7026 7037 6953
f 7034 7037 7026
f 6955 7033 7035
f 7033 3010 3055
f 7035 3055 3019
f 7033 3055 7035
f 6953 7027 7025
f 7027 3019 3054
f 7025 3054 2943
f 7027 3054 7025
f 6955 7035 7037
f 7035 3019 7027
f 7037 7027 6953
f 7035 7027 7037
f 6935 7018 7028
f 7018 6951 7031
f 7028 7031 6954
f 7018 7031 7028
f 6951 7019 7036
f 7019 3010 7033
f 7036 7033 6955
f 7019 7033 7036
f 6954 7038 7029
f 7038 6955 7034
f 7029 7034 6936
f 7038 7034 7029
f 6951 7036 7031
f 7036 6955 7038
f 7031 7038 6954
f 7036 7038 7031
f 340 7022 7022
f 7022 6952 6952
f 7022 6952 6952
f 7022 6952 7022
f 6952 7023 7023
f 7023 6936 6936
f 7023 6936 6936
f 7023 6936 7023
f 6952 7023 7023
f 7023 6936 6936
f 7023 6936 6936
f 7023 6936 7023
f 6952 7023 6952
f 7023 6936 7023
f 6952 7023 6952
f 7023 7023 6952
f 6936 7026 7026
f 7026 6953 6953
f 7026 6953 6953
f 7026 6953 7026
f 6953 7025 7025
f 7025 2943 2943
f 7025 2943 2943
f 7025 2943 7025
f 6953 7025 7025
f 7025 2943 2943
f 7025 2943 2943
f 7025 2943 7025
f 6953 7025 6953
f 7025 2943 7025
f 6953 7025 6953
f 7025 7025 6953
f 6936 7026 7026
f 7026 6953 6953
f 7026 6953 6953
f 7026 6953 7026
f 6953 7025 7025
f 7025 2943 2943
f 7025 2943 2943
f 7025 2943 7025
f 6953 7025 7025
f 7025 2943 2943
f 7025 2943 2943
f 7025 2943 7025
f 6953 7025 6953
f 7025 2943 7025
f 6953 7025 6953
f 7025 7025 6953
f 6936 7026 6936
f 7026 6953 7026
f 6936 7026 6936
f 7026 7026 6936
f 6953 7025 6953
f 7025 2943 7025
f 6953 7025 6953
f 7025 7025 6953
f 6936 7026 6936
f 7026 6953 7026
f 6936 7026 6936
f 7026 7026 6936
f 6953 6953 7026
f 6953 6953 7026
f 7026 7026 6936
f 6953 7026 7026
f 2808 2865 7141
f 2865 2824 7144
f 7141 7144 6980
f 2865 7144 7141
f 2824 2866 7155
f 2866 2812 7153
f 7155 7153 6983
f 2866 7153 7155
f 6980 7156 7142
f 7156 6983 7154
f 7142 7154 6942
f 7156 7154 7142
f 2824 7155 7144
f 7155 6983 7156
f 7144 7156 6980
f 7155 7156 7144
f 2812 2863 7176
f 2863 2823 7178
f 7176 7178 6988
f 2863 7178 7176
f 2823 2862 7166
f 2862 2807 7163
f 7166 7163 6985
f 2862 7163 7166
f 6988 7180 7177
f 7180 6985 7164
f 7177 7164 6943
f 7180 7164 7177
f 2823 7166 7178
f 7166 6985 7180
f 7178 7180 6988
f 7166 7180 7178
f 6942 7187 7146
f 7187 6990 7189
f 7146 7189 6981
f 7187 7189 7146
f 6990 7188 7191
f 7188 6943 7168
f 7191 7168 6986
f 7188 7168 7191
f 6981 7170 7145
f 7170 6986 7167
f 7145 7167 6695
f 7170 7167 7145
f 6990 7191 7189
f 7191 6986 7170
f 7189 7170 6981
f 7191 7170 7189
f 2812 7176 7153
f 7176 6988 7179
f 7153 7179 6983
f 7176 7179 7153
f 6988 7177 7192
f 7177 6943 7188
f 7192 7188 6990
f 7177 7188 7192
f 6983 7190 7154
f 7190 6990 7187
f 7154 7187 6942
f 7190 7187 7154
f 6988 7192 7179
f 7192 6990 7190
f 7179 7190 6983
f 7192 7190 7179
f 2808 7141 7141
f 7141 6980 6980
f 7141 6980 6980
f 7141 6980 7141
f 6980 7142 7142
f 7142 6942 6942
f 7142 6942 6942
f 7142 6942 7142
f 6980 7142 7142
f 7142 6942 6942
f 7142 6942 6942
f 7142 6942 7142
f 6980 7142 6980
f 7142 6942 7142
f 6980 7142 6980
f 7142 7142 6980
f 6942 7146 7146
f 7146 6981 6981
f 7146 6981 6981
f 7146 6981 7146
f 6981 7145 7145
f 7145 6695 6695
f 7145 6695 6695
f 7145 6695 7145
f 6981 7145 7145
f 7145 6695 6695
f 7145 6695 6695
f 7145 6695 7145
f 6981 7145 6981
f 7145 6695 7145
f 6981 7145 6981
f 7145 7145 6981
f 6942 7146 7146
f 7146 6981 6981
f 7146 6981 6981
f 7146 6981 7146
f 6981 7145 7145
f 7145 6695 6695
f 7145 6695 6695
f 7145 6695 7145
f 6981 7145 7145
f 7145 6695 6695
f 7145 6695 6695
f 7145 6695 7145
f 6981 7145 6981
f 7145 6695 7145
f 6981 7145 6981
f 7145 7145 6981
f 6942 7146 6942
f 7146 6981 7146
f 6942 7146 6942
f 7146 7146 6942
f 6981 7145 6981
f 7145 6695 7145
f 6981 7145 6981
f 7145 7145 6981
f 6942 7146 6942
f 7146 6981 7146
f 6942 7146 6942
f 7146 7146 6942
f 6981 6981 7146
f 6981 6981 7146
f 7146 7146 6942
f 6981 7146 7146
f 1522 7475 1824
f 7475 7241 7479
f 1824 7479 1601
f 7475 7479 1824
f 7241 7476 7482
f 7476 7193 7480
f 7482 7480 7243
f 7476 7480 7482
f 1601 7483 1825
f 7483 7243 7481
f 1825 7481 1540
f 7483 7481 1825
f 7241 7482 7479
f 7482 7243 7483
f 7479 7483 1601
f 7482 7483 7479
f 7193 7478 7490
f 7478 7242 7492
f 7490 7492 7246
f 7478 7492 7490
f 7242 7477 7486
f 7477 4880 7484
f 7486 7484 7244
f 7477 7484 7486
f 7246 7494 7491
f 7494 7244 7485
f 7491 7485 7194
f 7494 7485 7491
f 7242 7486 7492
f 7486 7244 7494
f 7492 7494 7246
f 7486 7494 7492
f 1540 7495 1822
f 7495 7247 7497
f 1822 7497 1600
f 7495 7497 1822
f 7247 7496 7499
f 7496 7194 7488
f 7499 7488 7245
f 7496 7488 7499
f 1600 7489 1821
f 7489 7245 7487
f 1821 7487 1521
f 7489 7487 1821
f 7247 7499 7497
f 7499 7245 7489
f 7497 7489 1600
f 7499 7489 7497
f 7193 7490 7480
f 7490 7246 7493
f 7480 7493 7243
f 7490 7493 7480
f 7246 7491 7500
f 7491 7194 7496
f 7500 7496 7247
f 7491 7496 7500
f 7243 7498 7481
f 7498 7247 7495
f 7481 7495 1540
f 7498 7495 7481
f 7246 7500 7493
f 7500 7247 7498
f 7493 7498 7243
f 7500 7498 7493
f 1522 1824 1824
f 1824 1601 1601
f 1824 1601 1601
f 1824 1601 1824
f 1601 1825 1825
f 1825 1540 1540
f 1825 1540 1540
f 1825 1540 1825
f 1601 1825 1825
f 1825 1540 1540
f 1825 1540 1540
f 1825 1540 1825
f 1601 1825 1601
f 1825 1540 1825
f 1601 1825 1601
f 1825 1825 1601
f 1540 1822 1822
f 1822 1600 1600
f 1822 1600 1600
f 1822 1600 1822
f 1600 1821 1821
f 1821 1521 1521
f 1821 1521 1521
f 1821 1521 1821
f 1600 1821 1821
f 1821 1521 1521
f 1821 1521 1521
f 1821 1521 1821
f 1600 1821 1600
f 1821 1521 1821
f 1600 1821 1600
f 1821 1821 1600
f 1540 1822 1822
f 1822 1600 1600
f 1822 1600 1600
f 1822 1600 1822
f 1600 1821 1821
f 1821 1521 1521
f 1821 1521 1521
f 1821 1521 1821
f 1600 1821 1821
f 1821 1521 1521
f 1821 1521 1521
f 1821 1521 1821
f 1600 1821 1600
f 1821 1521 1821
f 1600 1821 1600
f 1821 1821 1600
f 1540 1822 1540
f 1822 1600 1822
f 1540 1822 1540
f 1822 1822 1540
f 1600 1821 1600
f 1821 1521 1821
f 1600 1821 1600
f 1821 1821 1600
f 1540 1822 1540
f 1822 1600 1822
f 1540 1822 1540
f 1822 1822 1540
f 1600 1600 1822
f 1600 1600 1822
f 1822 1822 1540
f 1600 1822 1822
f 3957 7501 4224
f 7501 7248 7505
f 4224 7505 4027
f 7501 7505 4224
f 7248 7502 7508
f 7502 7195 7506
f 7508 7506 7250
f 7502 7506 7508
f 4027 7509 4225
f 7509 7250 7507
f 4225 7507 3973
f 7509 7507 4225
f 7248 7508 7505
f 7508 7250 7509
f 7505 7509 4027
f 7508 7509 7505
f 7195 7504 7516
f 7504 7249 7518
f 7516 7518 7253
f 7504 7518 7516
f 7249 7503 7512
f 7503 6120 7510
f 7512 7510 7251
f 7503 7510 7512
f 7253 7520 7517
f 7520 7251 7511
f 7517 7511 7196
f 7520 7511 7517
f 7249 7512 7518
f 7512 7251 7520
f 7518 7520 7253
f 7512 7520 7518
f 3973 7521 4222
f 7521 7254 7523
f 4222 7523 4026
f 7521 7523 4222
f 7254 7522 7525
f 7522 7196 7514
f 7525 7514 7252
f 7522 7514 7525
f 4026 7515 4221
f 7515 7252 7513
f 4221 7513 3956
f 7515 7513 4221
f 7254 7525 7523
f 7525 7252 7515
f 7523 7515 4026
f 7525 7515 7523
f 7195 7516 7506
f 7516 7253 7519
f 7506 7519 7250
f 7516 7519 7506
f 7253 7517 7526
f 7517 7196 7522
f 7526 7522 7254
f 7517 7522 7526
f 7250 7524 7507
f 7524 7254 7521
f 7507 7521 3973
f 7524 7521 7507
f 7253 7526 7519
f 7526 7254 7524
f 7519 7524 7250
f 7526 7524 7519
f 3957 4224 4224
f 4224 4027 4027
f 4224 4027 4027
f 4224 4027 4224
f 4027 4225 4225
f 4225 3973 3973
f 4225 3973 3973
f 4225 3973 4225
f 4027 4225 4225
f 4225 3973 3973
f 4225 3973 3973
f 4225 3973 4225
f 4027 4225 4027
f 4225 3973 4225
f 4027 4225 4027
f 4225 4225 4027
f 3973 4222 4222
f 4222 4026 4026
f 4222 4026 4026
f 4222 4026 4222
f 4026 4221 4221
f 4221 3956 3956
f 4221 3956 3956
f 4221 3956 4221
f 4026 4221 4221
f 4221 3956 3956
f 4221 3956 3956
f 4221 3956 4221
f 4026 4221 4026
f 4221 3956 4221
f 4026 4221 4026
f 4221 4221 4026
f 3973 4222 4222
f 4222 4026 4026
f 4222 4026 4026
f 4222 4026 4222
f 4026 4221 4221
f 4221 3956 3956
f 4221 3956 3956
f 4221 3956 4221
f 4026 4221 4221
f 4221 3956 3956
f 4221 3956 3956
f 4221 3956 4221
f 4026 4221 4026
f 4221 3956 4221
f 4026 4221 4026
f 4221 4221 4026
f 3973 4222 3973
f 4222 4026 4222
f 3973 4222 3973
f 4222 4222 3973
f 4026 4221 4026
f 4221 3956 4221
f 4026 4221 4026
f 4221 4221 4026
f 3973 4222 3973
f 4222 4026 4222
f 3973 4222 3973
f 4222 4222 3973
f 4026 4026 4222
f 4026 4026 4222
f 4222 4222 3973
f 4026 4222 4222
f 3872 7527 7531
f 7527 7255 7533
f 7531 7533 7257
f 7527 7533 7531
f 7255 7528 7538
f 7528 7197 7536
f 7538 7536 7259
f 7528 7536 7538
f 7257 7539 7532
f 7539 7259 7537
f 7532 7537 7198
f 7539 7537 7532
f 7255 7538 7533
f 7538 7259 7539
f 7533 7539 7257
f 7538 7539 7533
f 7197 7530 7542
f 7530 7256 7544
f 7542 7544 7260
f 7530 7544 7542
f 7256 7529 7540
f 7529 5398 5596
f 7540 5596 5453
f 7529 5596 7540
f 7260 7546 7543
f 7546 5453 5597
f 7543 5597 5414
f 7546 5597 7543
f 7256 7540 7544
f 7540 5453 7546
f 7544 7546 7260
f 7540 7546 7544
f 7198 7547 7535
f 7547 7261 7549
f 7535 7549 7258
f 7547 7549 7535
f 7261 7548 7551
f 7548 5414 5600
f 7551 5600 5454
f 7548 5600 7551
f 7258 7541 7534
f 7541 5454 5599
f 7534 5599 4638
f 7541 5599 7534
f 7261 7551 7549
f 7551 5454 7541
f 7549 7541 7258
f 7551 7541 7549
f 7197 7542 7536
f 7542 7260 7545
f 7536 7545 7259
f 7542 7545 7536
f 7260 7543 7552
f 7543 5414 7548
f 7552 7548 7261
f 7543 7548 7552
f 7259 7550 7537
f 7550 7261 7547
f 7537 7547 7198
f 7550 7547 7537
f 7260 7552 7545
f 7552 7261 7550
f 7545 7550 7259
f 7552 7550 7545
f 3872 7531 7531
f 7531 7257 7257
f 7531 7257 7257
f 7531 7257 7531
f 7257 7532 7532
f 7532 7198 7198
f 7532 7198 7198
f 7532 7198 7532
f 7257 7532 7532
f 7532 7198 7198
f 7532 7198 7198
f 7532 7198 7532
f 7257 7532 7257
f 7532 7198 7532
f 7257 7532 7257
f 7532 7532 7257
f 7198 7535 7535
f 7535 7258 7258
f 7535 7258 7258
f 7535 7258 7535
f 7258 7534 7534
f 7534 4638 4638
f 7534 4638 4638
f 7534 4638 7534
f 7258 7534 7534
f 7534 4638 4638
f 7534 4638 4638
f 7534 4638 7534
f 7258 7534 7258
f 7534 4638 7534
f 7258 7534 7258
f 7534 7534 7258
f 7198 7535 7535
f 7535 7258 7258
f 7535 7258 7258
f 7535 7258 7535
f 7258 7534 7534
f 7534 4638 4638
f 7534 4638 4638
f 7534 4638 7534
f 7258 7534 7534
f 7534 4638 4638
f 7534 4638 4638
f 7534 4638 7534
f 7258 7534 7258
f 7534 4638 7534
f 7258 7534 7258
f 7534 7534 7258
f 7198 7535 7198
f 7535 7258 7535
f 7198 7535 7198
f 7535 7535 7198
f 7258 7534 7258
f 7534 4638 7534
f 7258 7534 7258
f 7534 7534 7258
f 7198 7535 7198
f 7535 7258 7535
f 7198 7535 7198
f 7535 7535 7198
f 7258 7258 7535
f 7258 7258 7535
f 7535 7535 7198
f 7258 7535 7535
f 5398 7562 7584
f 7562 7265 7586
f 7584 7586 7270
f 7562 7586 7584
f 7265 7563 7591
f 7563 7200 7589
f 7591 7589 7272
f 7563 7589 7591
f 7270 7592 7585
f 7592 7272 7590
f 7585 7590 7201
f 7592 7590 7585
f 7265 7591 7586
f 7591 7272 7592
f 7586 7592 7270
f 7591 7592 7586
f 7200 7566 7606
f 7566 7266 7608
f 7606 7608 7276
f 7566 7608 7606
f 7266 7565 7596
f 7565 3871 7593
f 7596 7593 7273
f 7565 7593 7596
f 7276 7610 7607
f 7610 7273 7594
f 7607 7594 7202
f 7610 7594 7607
f 7266 7596 7608
f 7596 7273 7610
f 7608 7610 7276
f 7596 7610 7608
f 7201 7617 7588
f 7617 7278 7619
f 7588 7619 7271
f 7617 7619 7588
f 7278 7618 7621
f 7618 7202 7598
f 7621 7598 7274
f 7618 7598 7621
f 7271 7600 7587
f 7600 7274 7597
f 7587 7597 6695
f 7600 7597 7587
f 7278 7621 7619
f 7621 7274 7600
f 7619 7600 7271
f 7621 7600 7619
f 7200 7606 7589
f 7606 7276 7609
f 7589 7609 7272
f 7606 7609 7589
f 7276 7607 7622
f 7607 7202 7618
f 7622 7618 7278
f 7607 7618 7622
f 7272 7620 7590
f 7620 7278 7617
f 7590 7617 7201
f 7620 7617 7590
f 7276 7622 7609
f 7622 7278 7620
f 7609 7620 7272
f 7622 7620 7609
f 5398 7584 7584
f 7584 7270 7270
f 7584 7270 7270
f 7584 7270 7584
f 7270 7585 7585
f 7585 7201 7201
f 7585 7201 7201
f 7585 7201 7585
f 7270 7585 7585
f 7585 7201 7201
f 7585 7201 7201
f 7585 7201 7585
f 7270 7585 7270
f 7585 7201 7585
f 7270 7585 7270
f 7585 7585 7270
f 7201 7588 7588
f 7588 7271 7271
f 7588 7271 7271
f 7588 7271 7588
f 7271 7587 7587
f 7587 6695 6695
f 7587 6695 6695
f 7587 6695 7587
f 7271 7587 7587
f 7587 6695 6695
f 7587 6695 6695
f 7587 6695 7587
f 7271 7587 7271
f 7587 6695 7587
f 7271 7587 7271
f 7587 7587 7271
f 7201 7588 7588
f 7588 7271 7271
f 7588 7271 7271
f 7588 7271 7588
f 7271 7587 7587
f 7587 6695 6695
f 7587 6695 6695
f 7587 6695 7587
f 7271 7587 7587
f 7587 6695 6695
f 7587 6695 6695
f 7587 6695 7587
f 7271 7587 7271
f 7587 6695 7587
f 7271 7587 7271
f 7587 7587 7271
f 7201 7588 7201
f 7588 7271 7588
f 7201 7588 7201
f 7588 7588 7201
f 7271 7587 7271
f 7587 6695 7587
f 7271 7587 7271
f 7587 7587 7271
f 7201 7588 7201
f 7588 7271 7588
f 7201 7588 7201
f 7588 7588 7201
f 7271 7271 7588
f 7271 7271 7588
f 7588 7588 7201
f 7271 7588 7588
f 1521 7628 1798
f 7628 7280 7645
f 1798 7645 1594
f 7628 7645 1798
f 7280 7629 7648
f 7629 7203 7646
f 7648 7646 7284
f 7629 7646 7648
f 1594 7649 1799
f 7649 7284 7647
f 1799 7647 1538
f 7649 7647 1799
f 7280 7648 7645
f 7648 7284 7649
f 7645 7649 1594
f 7648 7649 7645
f 7203 7632 7656
f 7632 7281 7658
f 7656 7658 7287
f 7632 7658 7656
f 7281 7631 7652
f 7631 4882 7650
f 7652 7650 7285
f 7631 7650 7652
f 7287 7660 7657
f 7660 7285 7651
f 7657 7651 7204
f 7660 7651 7657
f 7281 7652 7658
f 7652 7285 7660
f 7658 7660 7287
f 7652 7660 7658
f 1538 7661 1796
f 7661 7288 7663
f 1796 7663 1593
f 7661 7663 1796
f 7288 7662 7665
f 7662 7204 7654
f 7665 7654 7286
f 7662 7654 7665
f 1593 7655 1795
f 7655 7286 7653
f 1795 7653 1519
f 7655 7653 1795
f 7288 7665 7663
f 7665 7286 7655
f 7663 7655 1593
f 7665 7655 7663
f 7203 7656 7646
f 7656 7287 7659
f 7646 7659 7284
f 7656 7659 7646
f 7287 7657 7666
f 7657 7204 7662
f 7666 7662 7288
f 7657 7662 7666
f 7284 7664 7647
f 7664 7288 7661
f 7647 7661 1538
f 7664 7661 7647
f 7287 7666 7659
f 7666 7288 7664
f 7659 7664 7284
f 7666 7664 7659
f 1521 1798 1798
f 1798 1594 1594
f 1798 1594 1594
f 1798 1594 1798
f 1594 1799 1799
f 1799 1538 1538
f 1799 1538 1538
f 1799 1538 1799
f 1594 1799 1799
f 1799 1538 1538
f 1799 1538 1538
f 1799 1538 1799
f 1594 1799 1594
f 1799 1538 1799
f 1594 1799 1594
f 1799 1799 1594
f 1538 1796 1796
f 1796 1593 1593
f 1796 1593 1593
f 1796 1593 1796
f 1593 1795 1795
f 1795 1519 1519
f 1795 1519 1519
f 1795 1519 1795
f 1593 1795 1795
f 1795 1519 1519
f 1795 1519 1519
f 1795 1519 1795
f 1593 1795 1593
f 1795 1519 1795
f 1593 1795 1593
f 1795 1795 1593
f 1538 1796 1796
f 1796 1593 1593
f 1796 1593 1593
f 1796 1593 1796
f 1593 1795 1795
f 1795 1519 1519
f 1795 1519 1519
f 1795 1519 1795
f 1593 1795 1795
f 1795 1519 1519
f 1795 1519 1519
f 1795 1519 1795
f 1593 1795 1593
f 1795 1519 1795
f 1593 1795 1593
f 1795 1795 1593
f 1538 1796 1538
f 1796 1593 1796
f 1538 1796 1538
f 1796 1796 1538
f 1593 1795 1593
f 1795 1519 1795
f 1593 1795 1593
f 1795 1795 1593
f 1538 1796 1538
f 1796 1593 1796
f 1538 1796 1538
f 1796 1796 1538
f 1593 1593 1796
f 1593 1593 1796
f 1796 1796 1538
f 1593 1796 1796
f 4883 5332 7676
f 5332 4993 7679
f 7676 7679 7292
f 5332 7679 7676
f 4993 5333 7690
f 5333 4907 7688
f 7690 7688 7295
f 5333 7688 7690
f 7292 7691 7677
f 7691 7295 7689
f 7677 7689 7206
f 7691 7689 7677
f 4993 7690 7679
f 7690 7295 7691
f 7679 7691 7292
f 7690 7691 7679
f 4907 5336 7700
f 5336 4994 7702
f 7700 7702 7297
f 5336 7702 7700
f 4994 5335 7698
f 5335 3506 3557
f 7698 3557 3521
f 5335 3557 7698
f 7297 7704 7701
f 7704 3521 3558
f 7701 3558 3510
f 7704 3558 7701
f 4994 7698 7702
f 7698 3521 7704
f 7702 7704 7297
f 7698 7704 7702
f 7206 7705 7681
f 7705 7298 7707
f 7681 7707 7293
f 7705 7707 7681
f 7298 7706 7709
f 7706 3510 3555
f 7709 3555 3520
f 7706 3555 7709
f 7293 7699 7680
f 7699 3520 3554
f 7680 3554 3505
f 7699 3554 7680
f 7298 7709 7707
f 7709 3520 7699
f 7707 7699 7293
f 7709 7699 7707
f 4907 7700 7688
f 7700 7297 7703
f 7688 7703 7295
f 7700 7703 7688
f 7297 7701 7710
f 7701 3510 7706
f 7710 7706 7298
f 7701 7706 7710
f 7295 7708 7689
f 7708 7298 7705
f 7689 7705 7206
f 7708 7705 7689
f 7297 7710 7703
f 7710 7298 7708
f 7703 7708 7295
f 7710 7708 7703
f 4883 7676 7676
f 7676 7292 7292
f 7676 7292 7292
f 7676 7292 7676
f 7292 7677 7677
f 7677 7206 7206
f 7677 7206 7206
f 7677 7206 7677
f 7292 7677 7677
f 7677 7206 7206
f 7677 7206 7206
f 7677 7206 7677
f 7292 7677 7292
f 7677 7206 7677
f 7292 7677 7292
f 7677 7677 7292
f 7206 7681 7681
f 7681 7293 7293
f 7681 7293 7293
f 7681 7293 7681
f 7293 7680 7680
f 7680 3505 3505
f 7680 3505 3505
f 7680 3505 7680
f 7293 7680 7680
f 7680 3505 3505
f 7680 3505 3505
f 7680 3505 7680
f 7293 7680 7293
f 7680 3505 7680
f 7293 7680 7293
f 7680 7680 7293
f 7206 7681 7681
f 7681 7293 7293
f 7681 7293 7293
f 7681 7293 7681
f 7293 7680 7680
f 7680 3505 3505
f 7680 3505 3505
f 7680 3505 7680
f 7293 7680 7680
f 7680 3505 3505
f 7680 3505 3505
f 7680 3505 7680
f 7293 7680 7293
f 7680 3505 7680
f 7293 7680 7293
f 7680 7680 7293
f 7206 7681 7206
f 7681 7293 7681
f 7206 7681 7206
f 7681 7681 7206
f 7293 7680 7293
f 7680 3505 7680
f 7293 7680 7293
f 7680 7680 7293
f 7206 7681 7206
f 7681 7293 7681
f 7206 7681 7206
f 7681 7681 7206
f 7293 7293 7681
f 7293 7293 7681
f 7681 7681 7206
f 7293 7681 7681
f 3641 7715 3850
f 7715 7300 7743
f 3850 7743 3821
f 7715 7743 3850
f 7300 7716 7751
f 7716 7207 7749
f 7751 7749 7308
f 7716 7749 7751
f 3821 7753 3851
f 7753 7308 7750
f 3851 7750 3814
f 7753 7750 3851
f 7300 7751 7743
f 7751 7308 7753
f 7743 7753 3821
f 7751 7753 7743
f 7207 7712 7722
f 7712 7299 7724
f 7722 7724 7302
f 7712 7724 7722
f 7299 7711 7714
f 7711 1522 7667
f 7714 7667 7289
f 7711 7667 7714
f 7302 7723 7721
f 7723 7289 7668
f 7721 7668 7205
f 7723 7668 7721
f 7299 7714 7724
f 7714 7289 7723
f 7724 7723 7302
f 7714 7723 7724
f 3814 7745 3848
f 7745 7307 7748
f 3848 7748 3820
f 7745 7748 3848
f 7307 7744 7746
f 7744 7205 7671
f 7746 7671 7290
f 7744 7671 7746
f 3820 7742 3847
f 7742 7290 7670
f 3847 7670 3505
f 7742 7670 3847
f 7307 7746 7748
f 7746 7290 7742
f 7748 7742 3820
f 7746 7742 7748
f 7207 7722 7749
f 7722 7302 7752
f 7749 7752 7308
f 7722 7752 7749
f 7302 7721 7747
f 7721 7205 7744
f 7747 7744 7307
f 7721 7744 7747
f 7308 7754 7750
f 7754 7307 7745
f 7750 7745 3814
f 7754 7745 7750
f 7302 7747 7752
f 7747 7307 7754
f 7752 7754 7308
f 7747 7754 7752
f 3641 3850 3850
f 3850 3821 3821
f 3850 3821 3821
f 3850 3821 3850
f 3821 3851 3851
f 3851 3814 3814
f 3851 3814 3814
f 3851 3814 3851
f 3821 3851 3851
f 3851 3814 3814
f 3851 3814 3814
f 3851 3814 3851
f 3821 3851 3821
f 3851 3814 3851
f 3821 3851 3821
f 3851 3851 3821
f 3814 3848 3848
f 3848 3820 3820
f 3848 3820 3820
f 3848 3820 3848
f 3820 3847 3847
f 3847 3505 3505
f 3847 3505 3505
f 3847 3505 3847
f 3820 3847 3847
f 3847 3505 3505
f 3847 3505 3505
f 3847 3505 3847
f 3820 3847 3820
f 3847 3505 3847
f 3820 3847 3820
f 3847 3847 3820
f 3814 3848 3848
f 3848 3820 3820
f 3848 3820 3820
f 3848 3820 3848
f 3820 3847 3847
f 3847 3505 3505
f 3847 3505 3505
f 3847 3505 3847
f 3820 3847 3847
f 3847 3505 3505
f 3847 3505 3505
f 3847 3505 3847
f 3820 3847 3820
f 3847 3505 3847
f 3820 3847 3820
f 3847 3847 3820
f 3814 3848 3814
f 3848 3820 3848
f 3814 3848 3814
f 3848 3848 3814
f 3820 3847 3820
f 3847 3505 3847
f 3820 3847 3820
f 3847 3847 3820
f 3814 3848 3814
f 3848 3820 3848
f 3814 3848 3814
f 3848 3848 3814
f 3820 3820 3848
f 3820 3820 3848
f 3848 3848 3814
f 3820 3848 3848
f 3641 3691 7728
f 3691 3656 7760
f 7728 7760 7304
f 3691 7760 7728
f 3656 3692 7766
f 3692 3646 7763
f 7766 7763 7310
f 3692 7763 7766
f 7304 7764 7729
f 7764 7310 7762
f 7729 7762 7208
f 7764 7762 7729
f 3656 7766 7760
f 7766 7310 7764
f 7760 7764 7304
f 7766 7764 7760
f 3646 3695 7768
f 3695 3657 7771
f 7768 7771 7311
f 3695 7771 7768
f 3657 3694 7761
f 3694 3642 5273
f 7761 5273 4981
f 3694 5273 7761
f 7311 7769 7767
f 7769 4981 5274
f 7767 5274 4905
f 7769 5274 7767
f 3657 7761 7771
f 7761 4981 7769
f 7771 7769 7311
f 7761 7769 7771
f 7208 7756 7726
f 7756 7309 7758
f 7726 7758 7303
f 7756 7758 7726
f 7309 7757 7759
f 7757 4905 5271
f 7759 5271 4980
f 7757 5271 7759
f 7303 7755 7725
f 7755 4980 5270
f 7725 5270 4880
f 7755 5270 7725
f 7309 7759 7758
f 7759 4980 7755
f 7758 7755 7303
f 7759 7755 7758
f 3646 7768 7763
f 7768 7311 7772
f 7763 7772 7310
f 7768 7772 7763
f 7311 7767 7770
f 7767 4905 7757
f 7770 7757 7309
f 7767 7757 7770
f 7310 7765 7762
f 7765 7309 7756
f 7762 7756 7208
f 7765 7756 7762
f 7311 7770 7772
f 7770 7309 7765
f 7772 7765 7310
f 7770 7765 7772
f 3641 7728 7728
f 7728 7304 7304
f 7728 7304 7304
f 7728 7304 7728
f 7304 7729 7729
f 7729 7208 7208
f 7729 7208 7208
f 7729 7208 7729
f 7304 7729 7729
f 7729 7208 7208
f 7729 7208 7208
f 7729 7208 7729
f 7304 7729 7304
f 7729 7208 7729
f 7304 7729 7304
f 7729 7729 7304
f 7208 7726 7726
f 7726 7303 7303
f 7726 7303 7303
f 7726 7303 7726
f 7303 7725 7725
f 7725 4880 4880
f 7725 4880 4880
f 7725 4880 7725
f 7303 7725 7725
f 7725 4880 4880
f 7725 4880 4880
f 7725 4880 7725
f 7303 7725 7303
f 7725 4880 7725
f 7303 7725 7303
f 7725 7725 7303
f 7208 7726 7726
f 7726 7303 7303
f 7726 7303 7303
f 7726 7303 7726
f 7303 7725 7725
f 7725 4880 4880
f 7725 4880 4880
f 7725 4880 7725
f 7303 7725 7725
f 7725 4880 4880
f 7725 4880 4880
f 7725 4880 7725
f 7303 7725 7303
f 7725 4880 7725
f 7303 7725 7303
f 7725 7725 7303
f 7208 7726 7208
f 7726 7303 7726
f 7208 7726 7208
f 7726 7726 7208
f 7303 7725 7303
f 7725 4880 7725
f 7303 7725 7303
f 7725 7725 7303
f 7208 7726 7208
f 7726 7303 7726
f 7208 7726 7208
f 7726 7726 7208
f 7303 7303 7726
f 7303 7303 7726
f 7726 7726 7208
f 7303 7726 7726
f 1373 7773 1469
f 7773 7312 7777
f 1469 7777 1399
f 7773 7777 1469
f 7312 7774 7780
f 7774 7209 7778
f 7780 7778 7314
f 7774 7778 7780
f 1399 7781 1470
f 7781 7314 7779
f 1470 7779 1379
f 7781 7779 1470
f 7312 7780 7777
f 7780 7314 7781
f 7777 7781 1399
f 7780 7781 7777
f 7209 7776 7784
f 7776 7313 7786
f 7784 7786 7315
f 7776 7786 7784
f 7313 7775 7782
f 7775 339 573
f 7782 573 406
f 7775 573 7782
f 7315 7788 7785
f 7788 406 574
f 7785 574 360
f 7788 574 7785
f 7313 7782 7786
f 7782 406 7788
f 7786 7788 7315
f 7782 7788 7786
f 1379 7789 1467
f 7789 7316 7791
f 1467 7791 1398
f 7789 7791 1467
f 7316 7790 7793
f 7790 360 577
f 7793 577 407
f 7790 577 7793
f 1398 7783 1466
f 7783 407 576
f 1466 576 346
f 7783 576 1466
f 7316 7793 7791
f 7793 407 7783
f 7791 7783 1398
f 7793 7783 7791
f 7209 7784 7778
f 7784 7315 7787
f 7778 7787 7314
f 7784 7787 7778
f 7315 7785 7794
f 7785 360 7790
f 7794 7790 7316
f 7785 7790 7794
f 7314 7792 7779
f 7792 7316 7789
f 7779 7789 1379
f 7792 7789 7779
f 7315 7794 7787
f 7794 7316 7792
f 7787 7792 7314
f 7794 7792 7787
f 1373 1469 1469
f 1469 1399 1399
f 1469 1399 1399
f 1469 1399 1469
f 1399 1470 1470
f 1470 1379 1379
f 1470 1379 1379
f 1470 1379 1470
f 1399 1470 1470
f 1470 1379 1379
f 1470 1379 1379
f 1470 1379 1470
f 1399 1470 1399
f 1470 1379 1470
f 1399 1470 1399
f 1470 1470 1399
f 1379 1467 1467
f 1467 1398 1398
f 1467 1398 1398
f 1467 1398 1467
f 1398 1466 1466
f 1466 346 346
f 1466 346 346
f 1466 346 1466
f 1398 1466 1466
f 1466 346 346
f 1466 346 346
f 1466 346 1466
f 1398 1466 1398
f 1466 346 1466
f 1398 1466 1398
f 1466 1466 1398
f 1379 1467 1467
f 1467 1398 1398
f 1467 1398 1398
f 1467 1398 1467
f 1398 1466 1466
f 1466 346 346
f 1466 346 346
f 1466 346 1466
f 1398 1466 1466
f 1466 346 346
f 1466 346 346
f 1466 346 1466
f 1398 1466 1398
f 1466 346 1466
f 1398 1466 1398
f 1466 1466 1398
f 1379 1467 1379
f 1467 1398 1467
f 1379 1467 1379
f 1467 1467 1379
f 1398 1466 1398
f 1466 346 1466
f 1398 1466 1398
f 1466 1466 1398
f 1379 1467 1379
f 1467 1398 1467
f 1379 1467 1379
f 1467 1467 1379
f 1398 1398 1467
f 1398 1398 1467
f 1467 1467 1379
f 1398 1467 1467
f 1521 7487 7628
f 7487 7245 7630
f 7628 7630 7280
f 7487 7630 7628
f 7245 7488 7636
f 7488 7194 7634
f 7636 7634 7282
f 7488 7634 7636
f 7280 7638 7629
f 7638 7282 7635
f 7629 7635 7203
f 7638 7635 7629
f 7245 7636 7630
f 7636 7282 7638
f 7630 7638 7280
f 7636 7638 7630
f 7194 7485 7624
f 7485 7244 7626
f 7624 7626 7279
f 7485 7626 7624
f 7244 7484 7623
f 7484 4880 5069
f 7623 5069 4929
f 7484 5069 7623
f 7279 7627 7625
f 7627 4929 5070
f 7625 5070 4892
f 7627 5070 7625
f 7244 7623 7626
f 7623 4929 7627
f 7626 7627 7279
f 7623 7627 7626
f 7203 7640 7632
f 7640 7283 7643
f 7632 7643 7281
f 7640 7643 7632
f 7283 7639 7641
f 7639 4892 5073
f 7641 5073 4930
f 7639 5073 7641
f 7281 7633 7631
f 7633 4930 5072
f 7631 5072 4882
f 7633 5072 7631
f 7283 7641 7643
f 7641 4930 7633
f 7643 7633 7281
f 7641 7633 7643
f 7194 7624 7634
f 7624 7279 7637
f 7634 7637 7282
f 7624 7637 7634
f 7279 7625 7642
f 7625 4892 7639
f 7642 7639 7283
f 7625 7639 7642
f 7282 7644 7635
f 7644 7283 7640
f 7635 7640 7203
f 7644 7640 7635
f 7279 7642 7637
f 7642 7283 7644
f 7637 7644 7282
f 7642 7644 7637
f 1521 7628 7628
f 7628 7280 7280
f 7628 7280 7280
f 7628 7280 7628
f 7280 7629 7629
f 7629 7203 7203
f 7629 7203 7203
f 7629 7203 7629
f 7280 7629 7629
f 7629 7203 7203
f 7629 7203 7203
f 7629 7203 7629
f 7280 7629 7280
f 7629 7203 7629
f 7280 7629 7280
f 7629 7629 7280
f 7203 7632 7632
f 7632 7281 7281
f 7632 7281 7281
f 7632 7281 7632
f 7281 7631 7631
f 7631 4882 4882
f 7631 4882 4882
f 7631 4882 7631
f 7281 7631 7631
f 7631 4882 4882
f 7631 4882 4882
f 7631 4882 7631
f 7281 7631 7281
f 7631 4882 7631
f 7281 7631 7281
f 7631 7631 7281
f 7203 7632 7632
f 7632 7281 7281
f 7632 7281 7281
f 7632 7281 7632
f 7281 7631 7631
f 7631 4882 4882
f 7631 4882 4882
f 7631 4882 7631
f 7281 7631 7631
f 7631 4882 4882
f 7631 4882 4882
f 7631 4882 7631
f 7281 7631 7281
f 7631 4882 7631
f 7281 7631 7281
f 7631 7631 7281
f 7203 7632 7203
f 7632 7281 7632
f 7203 7632 7203
f 7632 7632 7203
f 7281 7631 7281
f 7631 4882 7631
f 7281 7631 7281
f 7631 7631 7281
f 7203 7632 7203
f 7632 7281 7632
f 7203 7632 7203
f 7632 7632 7203
f 7281 7281 7632
f 7281 7281 7632
f 7632 7632 7203
f 7281 7632 7632
f 1517 7798 7822
f 7798 7318 7824
f 7822 7824 7323
f 7798 7824 7822
f 7318 7799 7830
f 7799 7210 7828
f 7830 7828 7325
f 7799 7828 7830
f 7323 7832 7823
f 7832 7325 7829
f 7823 7829 7211
f 7832 7829 7823
f 7318 7830 7824
f 7830 7325 7832
f 7824 7832 7323
f 7830 7832 7824
f 7210 7796 7818
f 7796 7317 7820
f 7818 7820 7322
f 7796 7820 7818
f 7317 7795 7817
f 7795 4882 6009
f 7817 6009 5982
f 7795 6009 7817
f 7322 7821 7819
f 7821 5982 6010
f 7819 6010 5974
f 7821 6010 7819
f 7317 7817 7820
f 7817 5982 7821
f 7820 7821 7322
f 7817 7821 7820
f 7211 7834 7826
f 7834 7326 7837
f 7826 7837 7324
f 7834 7837 7826
f 7326 7833 7835
f 7833 5974 6007
f 7835 6007 5981
f 7833 6007 7835
f 7324 7827 7825
f 7827 5981 6006
f 7825 6006 5972
f 7827 6006 7825
f 7326 7835 7837
f 7835 5981 7827
f 7837 7827 7324
f 7835 7827 7837
f 7210 7818 7828
f 7818 7322 7831
f 7828 7831 7325
f 7818 7831 7828
f 7322 7819 7836
f 7819 5974 7833
f 7836 7833 7326
f 7819 7833 7836
f 7325 7838 7829
f 7838 7326 7834
f 7829 7834 7211
f 7838 7834 7829
f 7322 7836 7831
f 7836 7326 7838
f 7831 7838 7325
f 7836 7838 7831
f 1517 7822 7822
f 7822 7323 7323
f 7822 7323 7323
f 7822 7323 7822
f 7323 7823 7823
f 7823 7211 7211
f 7823 7211 7211
f 7823 7211 7823
f 7323 7823 7823
f 7823 7211 7211
f 7823 7211 7211
f 7823 7211 7823
f 7323 7823 7323
f 7823 7211 7823
f 7323 7823 7323
f 7823 7823 7323
f 7211 7826 7826
f 7826 7324 7324
f 7826 7324 7324
f 7826 7324 7826
f 7324 7825 7825
f 7825 5972 5972
f 7825 5972 5972
f 7825 5972 7825
f 7324 7825 7825
f 7825 5972 5972
f 7825 5972 5972
f 7825 5972 7825
f 7324 7825 7324
f 7825 5972 7825
f 7324 7825 7324
f 7825 7825 7324
f 7211 7826 7826
f 7826 7324 7324
f 7826 7324 7324
f 7826 7324 7826
f 7324 7825 7825
f 7825 5972 5972
f 7825 5972 5972
f 7825 5972 7825
f 7324 7825 7825
f 7825 5972 5972
f 7825 5972 5972
f 7825 5972 7825
f 7324 7825 7324
f 7825 5972 7825
f 7324 7825 7324
f 7825 7825 7324
f 7211 7826 7211
f 7826 7324 7826
f 7211 7826 7211
f 7826 7826 7211
f 7324 7825 7324
f 7825 5972 7825
f 7324 7825 7324
f 7825 7825 7324
f 7211 7826 7211
f 7826 7324 7826
f 7211 7826 7211
f 7826 7826 7211
f 7324 7324 7826
f 7324 7324 7826
f 7826 7826 7211
f 7324 7826 7826
f 2042 7841 7852
f 7841 7328 7854
f 7852 7854 7332
f 7841 7854 7852
f 7328 7842 7860
f 7842 7212 7858
f 7860 7858 7334
f 7842 7858 7860
f 7332 7862 7853
f 7862 7334 7859
f 7853 7859 7214
f 7862 7859 7853
f 7328 7860 7854
f 7860 7334 7862
f 7854 7862 7332
f 7860 7862 7854
f 7212 7840 7848
f 7840 7327 7850
f 7848 7850 7331
f 7840 7850 7848
f 7327 7839 7845
f 7839 6695 7843
f 7845 7843 7329
f 7839 7843 7845
f 7331 7851 7849
f 7851 7329 7844
f 7849 7844 7213
f 7851 7844 7849
f 7327 7845 7850
f 7845 7329 7851
f 7850 7851 7331
f 7845 7851 7850
f 7214 7864 7856
f 7864 7335 7867
f 7856 7867 7333
f 7864 7867 7856
f 7335 7863 7865
f 7863 7213 7847
f 7865 7847 7330
f 7863 7847 7865
f 7333 7857 7855
f 7857 7330 7846
f 7855 7846 2160
f 7857 7846 7855
f 7335 7865 7867
f 7865 7330 7857
f 7867 7857 7333
f 7865 7857 7867
f 7212 7848 7858
f 7848 7331 7861
f 7858 7861 7334
f 7848 7861 7858
f 7331 7849 7866
f 7849 7213 7863
f 7866 7863 7335
f 7849 7863 7866
f 7334 7868 7859
f 7868 7335 7864
f 7859 7864 7214
f 7868 7864 7859
f 7331 7866 7861
f 7866 7335 7868
f 7861 7868 7334
f 7866 7868 7861
f 2042 7852 7852
f 7852 7332 7332
f 7852 7332 7332
f 7852 7332 7852
f 7332 7853 7853
f 7853 7214 7214
f 7853 7214 7214
f 7853 7214 7853
f 7332 7853 7853
f 7853 7214 7214
f 7853 7214 7214
f 7853 7214 7853
f 7332 7853 7332
f 7853 7214 7853
f 7332 7853 7332
f 7853 7853 7332
f 7214 7856 7856
f 7856 7333 7333
f 7856 7333 7333
f 7856 7333 7856
f 7333 7855 7855
f 7855 2160 2160
f 7855 2160 2160
f 7855 2160 7855
f 7333 7855 7855
f 7855 2160 2160
f 7855 2160 2160
f 7855 2160 7855
f 7333 7855 7333
f 7855 2160 7855
f 7333 7855 7333
f 7855 7855 7333
f 7214 7856 7856
f 7856 7333 7333
f 7856 7333 7333
f 7856 7333 7856
f 7333 7855 7855
f 7855 2160 2160
f 7855 2160 2160
f 7855 2160 7855
f 7333 7855 7855
f 7855 2160 2160
f 7855 2160 2160
f 7855 2160 7855
f 7333 7855 7333
f 7855 2160 7855
f 7333 7855 7333
f 7855 7855 7333
f 7214 7856 7214
f 7856 7333 7856
f 7214 7856 7214
f 7856 7856 7214
f 7333 7855 7333
f 7855 2160 7855
f 7333 7855 7333
f 7855 7855 7333
f 7214 7856 7214
f 7856 7333 7856
f 7214 7856 7214
f 7856 7856 7214
f 7333 7333 7856
f 7333 7333 7856
f 7856 7856 7214
f 7333 7856 7856
f 2043 7895 2142
f 7895 7343 7921
f 2142 7921 2071
f 7895 7921 2142
f 7343 7896 7924
f 7896 7217 7922
f 7924 7922 7350
f 7896 7922 7924
f 2071 7925 2143
f 7925 7350 7923
f 2143 7923 2050
f 7925 7923 2143
f 7343 7924 7921
f 7924 7350 7925
f 7921 7925 2071
f 7924 7925 7921
f 7217 7898 7932
f 7898 7344 7934
f 7932 7934 7353
f 7898 7934 7932
f 7344 7897 7928
f 7897 1923 7926
f 7928 7926 7351
f 7897 7926 7928
f 7353 7936 7933
f 7936 7351 7927
f 7933 7927 7219
f 7936 7927 7933
f 7344 7928 7934
f 7928 7351 7936
f 7934 7936 7353
f 7928 7936 7934
f 2050 7937 2140
f 7937 7354 7939
f 2140 7939 2070
f 7937 7939 2140
f 7354 7938 7941
f 7938 7219 7930
f 7941 7930 7352
f 7938 7930 7941
f 2070 7931 2139
f 7931 7352 7929
f 2139 7929 2040
f 7931 7929 2139
f 7354 7941 7939
f 7941 7352 7931
f 7939 7931 2070
f 7941 7931 7939
f 7217 7932 7922
f 7932 7353 7935
f 7922 7935 7350
f 7932 7935 7922
f 7353 7933 7942
f 7933 7219 7938
f 7942 7938 7354
f 7933 7938 7942
f 7350 7940 7923
f 7940 7354 7937
f 7923 7937 2050
f 7940 7937 7923
f 7353 7942 7935
f 7942 7354 7940
f 7935 7940 7350
f 7942 7940 7935
f 2043 2142 2142
f 2142 2071 2071
f 2142 2071 2071
f 2142 2071 2142
f 2071 2143 2143
f 2143 2050 2050
f 2143 2050 2050
f 2143 2050 2143
f 2071 2143 2143
f 2143 2050 2050
f 2143 2050 2050
f 2143 2050 2143
f 2071 2143 2071
f 2143 2050 2143
f 2071 2143 2071
f 2143 2143 2071
f 2050 2140 2140
f 2140 2070 2070
f 2140 2070 2070
f 2140 2070 2140
f 2070 2139 2139
f 2139 2040 2040
f 2139 2040 2040
f 2139 2040 2139
f 2070 2139 2139
f 2139 2040 2040
f 2139 2040 2040
f 2139 2040 2139
f 2070 2139 2070
f 2139 2040 2139
f 2070 2139 2070
f 2139 2139 2070
f 2050 2140 2140
f 2140 2070 2070
f 2140 2070 2070
f 2140 2070 2140
f 2070 2139 2139
f 2139 2040 2040
f 2139 2040 2040
f 2139 2040 2139
f 2070 2139 2139
f 2139 2040 2040
f 2139 2040 2040
f 2139 2040 2139
f 2070 2139 2070
f 2139 2040 2139
f 2070 2139 2070
f 2139 2139 2070
f 2050 2140 2050
f 2140 2070 2140
f 2050 2140 2050
f 2140 2140 2050
f 2070 2139 2070
f 2139 2040 2139
f 2070 2139 2070
f 2139 2139 2070
f 2050 2140 2050
f 2140 2070 2140
f 2050 2140 2050
f 2140 2140 2050
f 2070 2070 2140
f 2070 2070 2140
f 2140 2140 2050
f 2070 2140 2140
f 1925 7947 7961
f 7947 7356 7963
f 7961 7963 7360
f 7947 7963 7961
f 7356 7948 7975
f 7948 7220 7973
f 7975 7973 7363
f 7948 7973 7975
f 7360 7977 7962
f 7977 7363 7974
f 7962 7974 7221
f 7977 7974 7962
f 7356 7975 7963
f 7975 7363 7977
f 7963 7977 7360
f 7975 7977 7963
f 7220 7944 7950
f 7944 7355 7952
f 7950 7952 7357
f 7944 7952 7950
f 7355 7943 7945
f 7943 5398 7584
f 7945 7584 7270
f 7943 7584 7945
f 7357 7951 7949
f 7951 7270 7585
f 7949 7585 7201
f 7951 7585 7949
f 7355 7945 7952
f 7945 7270 7951
f 7952 7951 7357
f 7945 7951 7952
f 7221 7965 7958
f 7965 7361 7968
f 7958 7968 7359
f 7965 7968 7958
f 7361 7964 7966
f 7964 7201 7588
f 7966 7588 7271
f 7964 7588 7966
f 7359 7959 7957
f 7959 7271 7587
f 7957 7587 6695
f 7959 7587 7957
f 7361 7966 7968
f 7966 7271 7959
f 7968 7959 7359
f 7966 7959 7968
f 7220 7950 7973
f 7950 7357 7976
f 7973 7976 7363
f 7950 7976 7973
f 7357 7949 7967
f 7949 7201 7964
f 7967 7964 7361
f 7949 7964 7967
f 7363 7978 7974
f 7978 7361 7965
f 7974 7965 7221
f 7978 7965 7974
f 7357 7967 7976
f 7967 7361 7978
f 7976 7978 7363
f 7967 7978 7976
f 1925 7961 7961
f 7961 7360 7360
f 7961 7360 7360
f 7961 7360 7961
f 7360 7962 7962
f 7962 7221 7221
f 7962 7221 7221
f 7962 7221 7962
f 7360 7962 7962
f 7962 7221 7221
f 7962 7221 7221
f 7962 7221 7962
f 7360 7962 7360
f 7962 7221 7962
f 7360 7962 7360
f 7962 7962 7360
f 7221 7958 7958
f 7958 7359 7359
f 7958 7359 7359
f 7958 7359 7958
f 7359 7957 7957
f 7957 6695 6695
f 7957 6695 6695
f 7957 6695 7957
f 7359 7957 7957
f 7957 6695 6695
f 7957 6695 6695
f 7957 6695 7957
f 7359 7957 7359
f 7957 6695 7957
f 7359 7957 7359
f 7957 7957 7359
f 7221 7958 7958
f 7958 7359 7359
f 7958 7359 7359
f 7958 7359 7958
f 7359 7957 7957
f 7957 6695 6695
f 7957 6695 6695
f 7957 6695 7957
f 7359 7957 7957
f 7957 6695 6695
f 7957 6695 6695
f 7957 6695 7957
f 7359 7957 7359
f 7957 6695 7957
f 7359 7957 7359
f 7957 7957 7359
f 7221 7958 7221
f 7958 7359 7958
f 7221 7958 7221
f 7958 7958 7221
f 7359 7957 7359
f 7957 6695 7957
f 7359 7957 7359
f 7957 7957 7359
f 7221 7958 7221
f 7958 7359 7958
f 7221 7958 7221
f 7958 7958 7221
f 7359 7359 7958
f 7359 7359 7958
f 7958 7958 7221
f 7359 7958 7958
f 1923 7881 7872
f 7881 7340 7883
f 7872 7883 7337
f 7881 7883 7872
f 7340 7882 7893
f 7882 7216 7890
f 7893 7890 7342
f 7882 7890 7893
f 7337 7891 7873
f 7891 7342 7889
f 7873 7889 7215
f 7891 7889 7873
f 7340 7893 7883
f 7893 7342 7891
f 7883 7891 7337
f 7893 7891 7883
f 7216 7879 7885
f 7879 7339 7888
f 7885 7888 7341
f 7879 7888 7885
f 7339 7878 7880
f 7878 5972 6049
f 7880 6049 5992
f 7878 6049 7880
f 7341 7886 7884
f 7886 5992 6050
f 7884 6050 5977
f 7886 6050 7884
f 7339 7880 7888
f 7880 5992 7886
f 7888 7886 7341
f 7880 7886 7888
f 7215 7875 7870
f 7875 7338 7877
f 7870 7877 7336
f 7875 7877 7870
f 7338 7874 7876
f 7874 5977 6053
f 7876 6053 5993
f 7874 6053 7876
f 7336 7871 7869
f 7871 5993 6052
f 7869 6052 5398
f 7871 6052 7869
f 7338 7876 7877
f 7876 5993 7871
f 7877 7871 7336
f 7876 7871 7877
f 7216 7885 7890
f 7885 7341 7894
f 7890 7894 7342
f 7885 7894 7890
f 7341 7884 7887
f 7884 5977 7874
f 7887 7874 7338
f 7884 7874 7887
f 7342 7892 7889
f 7892 7338 7875
f 7889 7875 7215
f 7892 7875 7889
f 7341 7887 7894
f 7887 7338 7892
f 7894 7892 7342
f 7887 7892 7894
f 1923 7872 7872
f 7872 7337 7337
f 7872 7337 7337
f 7872 7337 7872
f 7337 7873 7873
f 7873 7215 7215
f 7873 7215 7215
f 7873 7215 7873
f 7337 7873 7873
f 7873 7215 7215
f 7873 7215 7215
f 7873 7215 7873
f 7337 7873 7337
f 7873 7215 7873
f 7337 7873 7337
f 7873 7873 7337
f 7215 7870 7870
f 7870 7336 7336
f 7870 7336 7336
f 7870 7336 7870
f 7336 7869 7869
f 7869 5398 5398
f 7869 5398 5398
f 7869 5398 7869
f 7336 7869 7869
f 7869 5398 5398
f 7869 5398 5398
f 7869 5398 7869
f 7336 7869 7336
f 7869 5398 7869
f 7336 7869 7336
f 7869 7869 7336
f 7215 7870 7870
f 7870 7336 7336
f 7870 7336 7336
f 7870 7336 7870
f 7336 7869 7869
f 7869 5398 5398
f 7869 5398 5398
f 7869 5398 7869
f 7336 7869 7869
f 7869 5398 5398
f 7869 5398 5398
f 7869 5398 7869
f 7336 7869 7336
f 7869 5398 7869
f 7336 7869 7336
f 7869 7869 7336
f 7215 7870 7215
f 7870 7336 7870
f 7215 7870 7215
f 7870 7870 7215
f 7336 7869 7336
f 7869 5398 7869
f 7336 7869 7336
f 7869 7869 7336
f 7215 7870 7215
f 7870 7336 7870
f 7215 7870 7215
f 7870 7870 7215
f 7336 7336 7870
f 7336 7336 7870
f 7870 7870 7215
f 7336 7870 7870
f 5398 7943 7869
f 7943 7355 7946
f 7869 7946 7336
f 7943 7946 7869
f 7355 7944 7956
f 7944 7220 7954
f 7956 7954 7358
f 7944 7954 7956
f 7336 7955 7870
f 7955 7358 7953
f 7870 7953 7215
f 7955 7953 7870
f 7355 7956 7946
f 7956 7358 7955
f 7946 7955 7336
f 7956 7955 7946
f 7220 7948 8013
f 7948 7356 8015
f 8013 8015 7371
f 7948 8015 8013
f 7356 7947 8003
f 7947 1925 1990
f 8003 1990 1944
f 7947 1990 8003
f 7371 8017 8014
f 8017 1944 1991
f 8014 1991 1930
f 8017 1991 8014
f 7356 8003 8015
f 8003 1944 8017
f 8015 8017 7371
f 8003 8017 8015
f 7215 8004 7873
f 8004 7369 8006
f 7873 8006 7337
f 8004 8006 7873
f 7369 8005 8008
f 8005 1930 1988
f 8008 1988 1943
f 8005 1988 8008
f 7337 8001 7872
f 8001 1943 1987
f 7872 1987 1923
f 8001 1987 7872
f 7369 8008 8006
f 8008 1943 8001
f 8006 8001 7337
f 8008 8001 8006
f 7220 8013 7954
f 8013 7371 8016
f 7954 8016 7358
f 8013 8016 7954
f 7371 8014 8018
f 8014 1930 8005
f 8018 8005 7369
f 8014 8005 8018
f 7358 8007 7953
f 8007 7369 8004
f 7953 8004 7215
f 8007 8004 7953
f 7371 8018 8016
f 8018 7369 8007
f 8016 8007 7358
f 8018 8007 8016
f 5398 7869 7869
f 7869 7336 7336
f 7869 7336 7336
f 7869 7336 7869
f 7336 7870 7870
f 7870 7215 7215
f 7870 7215 7215
f 7870 7215 7870
f 7336 7870 7870
f 7870 7215 7215
f 7870 7215 7215
f 7870 7215 7870
f 7336 7870 7336
f 7870 7215 7870
f 7336 7870 7336
f 7870 7870 7336
f 7215 7873 7873
f 7873 7337 7337
f 7873 7337 7337
f 7873 7337 7873
f 7337 7872 7872
f 7872 1923 1923
f 7872 1923 1923
f 7872 1923 7872
f 7337 7872 7872
f 7872 1923 1923
f 7872 1923 1923
f 7872 1923 7872
f 7337 7872 7337
f 7872 1923 7872
f 7337 7872 7337
f 7872 7872 7337
f 7215 7873 7873
f 7873 7337 7337
f 7873 7337 7337
f 7873 7337 7873
f 7337 7872 7872
f 7872 1923 1923
f 7872 1923 1923
f 7872 1923 7872
f 7337 7872 7872
f 7872 1923 1923
f 7872 1923 1923
f 7872 1923 7872
f 7337 7872 7337
f 7872 1923 7872
f 7337 7872 7337
f 7872 7872 7337
f 7215 7873 7215
f 7873 7337 7873
f 7215 7873 7215
f 7873 7873 7215
f 7337 7872 7337
f 7872 1923 7872
f 7337 7872 7337
f 7872 7872 7337
f 7215 7873 7215
f 7873 7337 7873
f 7215 7873 7215
f 7873 7873 7215
f 7337 7337 7873
f 7337 7337 7873
f 7873 7873 7215
f 7337 7873 7873
f 3957 4474 8049
f 4474 4448 8052
f 8049 8052 7378
f 4474 8052 8049
f 4448 4475 8061
f 4475 4441 8059
f 8061 8059 7381
f 4475 8059 8061
f 7378 8062 8050
f 8062 7381 8060
f 8050 8060 7224
f 8062 8060 8050
f 4448 8061 8052
f 8061 7381 8062
f 8052 8062 7378
f 8061 8062 8052
f 4441 4478 8078
f 4478 4449 8080
f 8078 8080 7384
f 4478 8080 8078
f 4449 4477 8076
f 4477 4438 5563
f 8076 5563 5444
f 4477 5563 8076
f 7384 8082 8079
f 8082 5444 5564
f 8079 5564 5411
f 8082 5564 8079
f 4449 8076 8080
f 8076 5444 8082
f 8080 8082 7384
f 8076 8082 8080
f 7224 8083 8054
f 8083 7385 8085
f 8054 8085 7379
f 8083 8085 8054
f 7385 8084 8087
f 8084 5411 5562
f 8087 5562 5443
f 8084 5562 8087
f 7379 8077 8053
f 8077 5443 5561
f 8053 5561 5402
f 8077 5561 8053
f 7385 8087 8085
f 8087 5443 8077
f 8085 8077 7379
f 8087 8077 8085
f 4441 8078 8059
f 8078 7384 8081
f 8059 8081 7381
f 8078 8081 8059
f 7384 8079 8088
f 8079 5411 8084
f 8088 8084 7385
f 8079 8084 8088
f 7381 8086 8060
f 8086 7385 8083
f 8060 8083 7224
f 8086 8083 8060
f 7384 8088 8081
f 8088 7385 8086
f 8081 8086 7381
f 8088 8086 8081
f 3957 8049 8049
f 8049 7378 7378
f 8049 7378 7378
f 8049 7378 8049
f 7378 8050 8050
f 8050 7224 7224
f 8050 7224 7224
f 8050 7224 8050
f 7378 8050 8050
f 8050 7224 7224
f 8050 7224 7224
f 8050 7224 8050
f 7378 8050 7378
f 8050 7224 8050
f 7378 8050 7378
f 8050 8050 7378
f 7224 8054 8054
f 8054 7379 7379
f 8054 7379 7379
f 8054 7379 8054
f 7379 8053 8053
f 8053 5402 5402
f 8053 5402 5402
f 8053 5402 8053
f 7379 8053 8053
f 8053 5402 5402
f 8053 5402 5402
f 8053 5402 8053
f 7379 8053 7379
f 8053 5402 8053
f 7379 8053 7379
f 8053 8053 7379
f 7224 8054 8054
f 8054 7379 7379
f 8054 7379 7379
f 8054 7379 8054
f 7379 8053 8053
f 8053 5402 5402
f 8053 5402 5402
f 8053 5402 8053
f 7379 8053 8053
f 8053 5402 5402
f 8053 5402 5402
f 8053 5402 8053
f 7379 8053 7379
f 8053 5402 8053
f 7379 8053 7379
f 8053 8053 7379
f 7224 8054 7224
f 8054 7379 8054
f 7224 8054 7224
f 8054 8054 7224
f 7379 8053 7379
f 8053 5402 8053
f 7379 8053 7379
f 8053 8053 7379
f 7224 8054 7224
f 8054 7379 8054
f 7224 8054 7224
f 8054 8054 7224
f 7379 7379 8054
f 7379 7379 8054
f 8054 8054 7224
f 7379 8054 8054
f 5402 6371 8053
f 6371 6175 8064
f 8053 8064 7379
f 6371 8064 8053
f 6175 6372 8074
f 6372 6129 8071
f 8074 8071 7383
f 6372 8071 8074
f 7379 8072 8054
f 8072 7383 8070
f 8054 8070 7224
f 8072 8070 8054
f 6175 8074 8064
f 8074 7383 8072
f 8064 8072 7379
f 8074 8072 8064
f 6129 6370 8066
f 6370 6174 8069
f 8066 8069 7382
f 6370 8069 8066
f 6174 6369 8063
f 6369 6120 7503
f 8063 7503 7249
f 6369 7503 8063
f 7382 8067 8065
f 8067 7249 7504
f 8065 7504 7195
f 8067 7504 8065
f 6174 8063 8069
f 8063 7249 8067
f 8069 8067 7382
f 8063 8067 8069
f 7224 8056 8050
f 8056 7380 8058
f 8050 8058 7378
f 8056 8058 8050
f 7380 8055 8057
f 8055 7195 7502
f 8057 7502 7248
f 8055 7502 8057
f 7378 8051 8049
f 8051 7248 7501
f 8049 7501 3957
f 8051 7501 8049
f 7380 8057 8058
f 8057 7248 8051
f 8058 8051 7378
f 8057 8051 8058
f 6129 8066 8071
f 8066 7382 8075
f 8071 8075 7383
f 8066 8075 8071
f 7382 8065 8068
f 8065 7195 8055
f 8068 8055 7380
f 8065 8055 8068
f 7383 8073 8070
f 8073 7380 8056
f 8070 8056 7224
f 8073 8056 8070
f 7382 8068 8075
f 8068 7380 8073
f 8075 8073 7383
f 8068 8073 8075
f 5402 8053 8053
f 8053 7379 7379
f 8053 7379 7379
f 8053 7379 8053
f 7379 8054 8054
f 8054 7224 7224
f 8054 7224 7224
f 8054 7224 8054
f 7379 8054 8054
f 8054 7224 7224
f 8054 7224 7224
f 8054 7224 8054
f 7379 8054 7379
f 8054 7224 8054
f 7379 8054 7379
f 8054 8054 7379
f 7224 8050 8050
f 8050 7378 7378
f 8050 7378 7378
f 8050 7378 8050
f 7378 8049 8049
f 8049 3957 3957
f 8049 3957 3957
f 8049 3957 8049
f 7378 8049 8049
f 8049 3957 3957
f 8049 3957 3957
f 8049 3957 8049
f 7378 8049 7378
f 8049 3957 8049
f 7378 8049 7378
f 8049 8049 7378
f 7224 8050 8050
f 8050 7378 7378
f 8050 7378 7378
f 8050 7378 8050
f 7378 8049 8049
f 8049 3957 3957
f 8049 3957 3957
f 8049 3957 8049
f 7378 8049 8049
f 8049 3957 3957
f 8049 3957 3957
f 8049 3957 8049
f 7378 8049 7378
f 8049 3957 8049
f 7378 8049 7378
f 8049 8049 7378
f 7224 8050 7224
f 8050 7378 8050
f 7224 8050 7224
f 8050 8050 7224
f 7378 8049 7378
f 8049 3957 8049
f 7378 8049 7378
f 8049 8049 7378
f 7224 8050 7224
f 8050 7378 8050
f 7224 8050 7224
f 8050 8050 7224
f 7378 7378 8050
f 7378 7378 8050
f 8050 8050 7224
f 7378 8050 8050
f 4882 7795 7650
f 7795 7317 7797
f 7650 7797 7285
f 7795 7797 7650
f 7317 7796 7803
f 7796 7210 7801
f 7803 7801 7319
f 7796 7801 7803
f 7285 7802 7651
f 7802 7319 7800
f 7651 7800 7204
f 7802 7800 7651
f 7317 7803 7797
f 7803 7319 7802
f 7797 7802 7285
f 7803 7802 7797
f 7210 7799 7811
f 7799 7318 7813
f 7811 7813 7321
f 7799 7813 7811
f 7318 7798 7805
f 7798 1517 1717
f 7805 1717 1572
f 7798 1717 7805
f 7321 7815 7812
f 7815 1572 1718
f 7812 1718 1532
f 7815 1718 7812
f 7318 7805 7813
f 7805 1572 7815
f 7813 7815 7321
f 7805 7815 7813
f 7204 7806 7654
f 7806 7320 7808
f 7654 7808 7286
f 7806 7808 7654
f 7320 7807 7810
f 7807 1532 1721
f 7810 1721 1573
f 7807 1721 7810
f 7286 7804 7653
f 7804 1573 1720
f 7653 1720 1519
f 7804 1720 7653
f 7320 7810 7808
f 7810 1573 7804
f 7808 7804 7286
f 7810 7804 7808
f 7210 7811 7801
f 7811 7321 7814
f 7801 7814 7319
f 7811 7814 7801
f 7321 7812 7816
f 7812 1532 7807
f 7816 7807 7320
f 7812 7807 7816
f 7319 7809 7800
f 7809 7320 7806
f 7800 7806 7204
f 7809 7806 7800
f 7321 7816 7814
f 7816 7320 7809
f 7814 7809 7319
f 7816 7809 7814
f 4882 7650 7650
f 7650 7285 7285
f 7650 7285 7285
f 7650 7285 7650
f 7285 7651 7651
f 7651 7204 7204
f 7651 7204 7204
f 7651 7204 7651
f 7285 7651 7651
f 7651 7204 7204
f 7651 7204 7204
f 7651 7204 7651
f 7285 7651 7285
f 7651 7204 7651
f 7285 7651 7285
f 7651 7651 7285
f 7204 7654 7654
f 7654 7286 7286
f 7654 7286 7286
f 7654 7286 7654
f 7286 7653 7653
f 7653 1519 1519
f 7653 1519 1519
f 7653 1519 7653
f 7286 7653 7653
f 7653 1519 1519
f 7653 1519 1519
f 7653 1519 7653
f 7286 7653 7286
f 7653 1519 7653
f 7286 7653 7286
f 7653 7653 7286
f 7204 7654 7654
f 7654 7286 7286
f 7654 7286 7286
f 7654 7286 7654
f 7286 7653 7653
f 7653 1519 1519
f 7653 1519 1519
f 7653 1519 7653
f 7286 7653 7653
f 7653 1519 1519
f 7653 1519 1519
f 7653 1519 7653
f 7286 7653 7286
f 7653 1519 7653
f 7286 7653 7286
f 7653 7653 7286
f 7204 7654 7204
f 7654 7286 7654
f 7204 7654 7204
f 7654 7654 7204
f 7286 7653 7286
f 7653 1519 7653
f 7286 7653 7286
f 7653 7653 7286
f 7204 7654 7204
f 7654 7286 7654
f 7204 7654 7204
f 7654 7654 7204
f 7286 7286 7654
f 7286 7286 7654
f 7654 7654 7204
f 7286 7654 7654
f 1517 7822 8089
f 7822 7323 8091
f 8089 8091 7386
f 7822 8091 8089
f 7323 7823 8096
f 7823 7211 8094
f 8096 8094 7388
f 7823 8094 8096
f 7386 8097 8090
f 8097 7388 8095
f 8090 8095 7225
f 8097 8095 8090
f 7323 8096 8091
f 8096 7388 8097
f 8091 8097 7386
f 8096 8097 8091
f 7211 7826 8105
f 7826 7324 8107
f 8105 8107 7391
f 7826 8107 8105
f 7324 7825 8100
f 7825 5972 8098
f 8100 8098 7389
f 7825 8098 8100
f 7391 8109 8106
f 8109 7389 8099
f 8106 8099 7226
f 8109 8099 8106
f 7324 8100 8107
f 8100 7389 8109
f 8107 8109 7391
f 8100 8109 8107
f 7225 8114 8093
f 8114 7393 8116
f 8093 8116 7387
f 8114 8116 8093
f 7393 8115 8118
f 8115 7226 8103
f 8118 8103 7390
f 8115 8103 8118
f 7387 8104 8092
f 8104 7390 8102
f 8092 8102 1926
f 8104 8102 8092
f 7393 8118 8116
f 8118 7390 8104
f 8116 8104 7387
f 8118 8104 8116
f 7211 8105 8094
f 8105 7391 8108
f 8094 8108 7388
f 8105 8108 8094
f 7391 8106 8119
f 8106 7226 8115
f 8119 8115 7393
f 8106 8115 8119
f 7388 8117 8095
f 8117 7393 8114
f 8095 8114 7225
f 8117 8114 8095
f 7391 8119 8108
f 8119 7393 8117
f 8108 8117 7388
f 8119 8117 8108
f 1517 8089 8089
f 8089 7386 7386
f 8089 7386 7386
f 8089 7386 8089
f 7386 8090 8090
f 8090 7225 7225
f 8090 7225 7225
f 8090 7225 8090
f 7386 8090 8090
f 8090 7225 7225
f 8090 7225 7225
f 8090 7225 8090
f 7386 8090 7386
f 8090 7225 8090
f 7386 8090 7386
f 8090 8090 7386
f 7225 8093 8093
f 8093 7387 7387
f 8093 7387 7387
f 8093 7387 8093
f 7387 8092 8092
f 8092 1926 1926
f 8092 1926 1926
f 8092 1926 8092
f 7387 8092 8092
f 8092 1926 1926
f 8092 1926 1926
f 8092 1926 8092
f 7387 8092 7387
f 8092 1926 8092
f 7387 8092 7387
f 8092 8092 7387
f 7225 8093 8093
f 8093 7387 7387
f 8093 7387 7387
f 8093 7387 8093
f 7387 8092 8092
f 8092 1926 1926
f 8092 1926 1926
f 8092 1926 8092
f 7387 8092 8092
f 8092 1926 1926
f 8092 1926 1926
f 8092 1926 8092
f 7387 8092 7387
f 8092 1926 8092
f 7387 8092 7387
f 8092 8092 7387
f 7225 8093 7225
f 8093 7387 8093
f 7225 8093 7225
f 8093 8093 7225
f 7387 8092 7387
f 8092 1926 8092
f 7387 8092 7387
f 8092 8092 7387
f 7225 8093 7225
f 8093 7387 8093
f 7225 8093 7225
f 8093 8093 7225
f 7387 7387 8093
f 7387 7387 8093
f 8093 8093 7225
f 7387 8093 8093
f 339 7775 8160
f 7775 7313 8162
f 8160 8162 7402
f 7775 8162 8160
f 7313 7776 8168
f 7776 7209 8166
f 8168 8166 7404
f 7776 8166 8168
f 7402 8170 8161
f 8170 7404 8167
f 8161 8167 7228
f 8170 8167 8161
f 7313 8168 8162
f 8168 7404 8170
f 8162 8170 7402
f 8168 8170 8162
f 7209 7774 8156
f 7774 7312 8158
f 8156 8158 7401
f 7774 8158 8156
f 7312 7773 8155
f 7773 1373 1500
f 8155 1500 1407
f 7773 1500 8155
f 7401 8159 8157
f 8159 1407 1501
f 8157 1501 1381
f 8159 1501 8157
f 7312 8155 8158
f 8155 1407 8159
f 8158 8159 7401
f 8155 8159 8158
f 7228 8172 8164
f 8172 7405 8175
f 8164 8175 7403
f 8172 8175 8164
f 7405 8171 8173
f 8171 1381 1498
f 8173 1498 1406
f 8171 1498 8173
f 7403 8165 8163
f 8165 1406 1497
f 8163 1497 1372
f 8165 1497 8163
f 7405 8173 8175
f 8173 1406 8165
f 8175 8165 7403
f 8173 8165 8175
f 7209 8156 8166
f 8156 7401 8169
f 8166 8169 7404
f 8156 8169 8166
f 7401 8157 8174
f 8157 1381 8171
f 8174 8171 7405
f 8157 8171 8174
f 7404 8176 8167
f 8176 7405 8172
f 8167 8172 7228
f 8176 8172 8167
f 7401 8174 8169
f 8174 7405 8176
f 8169 8176 7404
f 8174 8176 8169
f 339 8160 8160
f 8160 7402 7402
f 8160 7402 7402
f 8160 7402 8160
f 7402 8161 8161
f 8161 7228 7228
f 8161 7228 7228
f 8161 7228 8161
f 7402 8161 8161
f 8161 7228 7228
f 8161 7228 7228
f 8161 7228 8161
f 7402 8161 7402
f 8161 7228 8161
f 7402 8161 7402
f 8161 8161 7402
f 7228 8164 8164
f 8164 7403 7403
f 8164 7403 7403
f 8164 7403 8164
f 7403 8163 8163
f 8163 1372 1372
f 8163 1372 1372
f 8163 1372 8163
f 7403 8163 8163
f 8163 1372 1372
f 8163 1372 1372
f 8163 1372 8163
f 7403 8163 7403
f 8163 1372 8163
f 7403 8163 7403
f 8163 8163 7403
f 7228 8164 8164
f 8164 7403 7403
f 8164 7403 7403
f 8164 7403 8164
f 7403 8163 8163
f 8163 1372 1372
f 8163 1372 1372
f 8163 1372 8163
f 7403 8163 8163
f 8163 1372 1372
f 8163 1372 1372
f 8163 1372 8163
f 7403 8163 7403
f 8163 1372 8163
f 7403 8163 7403
f 8163 8163 7403
f 7228 8164 7228
f 8164 7403 8164
f 7228 8164 7228
f 8164 8164 7228
f 7403 8163 7403
f 8163 1372 8163
f 7403 8163 7403
f 8163 8163 7403
f 7228 8164 7228
f 8164 7403 8164
f 7228 8164 7228
f 8164 8164 7228
f 7403 7403 8164
f 7403 7403 8164
f 8164 8164 7228
f 7403 8164 8164
f 6695 7597 6788
f 7597 7274 7599
f 6788 7599 6717
f 7597 7599 6788
f 7274 7598 7615
f 7598 7202 7612
f 7615 7612 7277
f 7598 7612 7615
f 6717 7613 6789
f 7613 7277 7611
f 6789 7611 6699
f 7613 7611 6789
f 7274 7615 7599
f 7615 7277 7613
f 7599 7613 6717
f 7615 7613 7599
f 7202 7594 7602
f 7594 7273 7605
f 7602 7605 7275
f 7594 7605 7602
f 7273 7593 7595
f 7593 3871 7555
f 7595 7555 7263
f 7593 7555 7595
f 7275 7603 7601
f 7603 7263 7556
f 7601 7556 7199
f 7603 7556 7601
f 7273 7595 7605
f 7595 7263 7603
f 7605 7603 7275
f 7595 7603 7605
f 6699 7581 6786
f 7581 7269 7583
f 6786 7583 6716
f 7581 7583 6786
f 7269 7580 7582
f 7580 7199 7554
f 7582 7554 7262
f 7580 7554 7582
f 6716 7579 6785
f 7579 7262 7553
f 6785 7553 6120
f 7579 7553 6785
f 7269 7582 7583
f 7582 7262 7579
f 7583 7579 6716
f 7582 7579 7583
f 7202 7602 7612
f 7602 7275 7616
f 7612 7616 7277
f 7602 7616 7612
f 7275 7601 7604
f 7601 7199 7580
f 7604 7580 7269
f 7601 7580 7604
f 7277 7614 7611
f 7614 7269 7581
f 7611 7581 6699
f 7614 7581 7611
f 7275 7604 7616
f 7604 7269 7614
f 7616 7614 7277
f 7604 7614 7616
f 6695 6788 6788
f 6788 6717 6717
f 6788 6717 6717
f 6788 6717 6788
f 6717 6789 6789
f 6789 6699 6699
f 6789 6699 6699
f 6789 6699 6789
f 6717 6789 6789
f 6789 6699 6699
f 6789 6699 6699
f 6789 6699 6789
f 6717 6789 6717
f 6789 6699 6789
f 6717 6789 6717
f 6789 6789 6717
f 6699 6786 6786
f 6786 6716 6716
f 6786 6716 6716
f 6786 6716 6786
f 6716 6785 6785
f 6785 6120 6120
f 6785 6120 6120
f 6785 6120 6785
f 6716 6785 6785
f 6785 6120 6120
f 6785 6120 6120
f 6785 6120 6785
f 6716 6785 6716
f 6785 6120 6785
f 6716 6785 6716
f 6785 6785 6716
f 6699 6786 6786
f 6786 6716 6716
f 6786 6716 6716
f 6786 6716 6786
f 6716 6785 6785
f 6785 6120 6120
f 6785 6120 6120
f 6785 6120 6785
f 6716 6785 6785
f 6785 6120 6120
f 6785 6120 6120
f 6785 6120 6785
f 6716 6785 6716
f 6785 6120 6785
f 6716 6785 6716
f 6785 6785 6716
f 6699 6786 6699
f 6786 6716 6786
f 6699 6786 6699
f 6786 6786 6699
f 6716 6785 6716
f 6785 6120 6785
f 6716 6785 6716
f 6785 6785 6716
f 6699 6786 6699
f 6786 6716 6786
f 6699 6786 6699
f 6786 6786 6699
f 6716 6716 6786
f 6716 6716 6786
f 6786 6786 6699
f 6716 6786 6786
f 1522 7711 7475
f 7711 7299 7713
f 7475 7713 7241
f 7711 7713 7475
f 7299 7712 7720
f 7712 7207 7718
f 7720 7718 7301
f 7712 7718 7720
f 7241 7719 7476
f 7719 7301 7717
f 7476 7717 7193
f 7719 7717 7476
f 7299 7720 7713
f 7720 7301 7719
f 7713 7719 7241
f 7720 7719 7713
f 7207 7716 7736
f 7716 7300 7738
f 7736 7738 7306
f 7716 7738 7736
f 7300 7715 7730
f 7715 3641 7728
f 7730 7728 7304
f 7715 7728 7730
f 7306 7740 7737
f 7740 7304 7729
f 7737 7729 7208
f 7740 7729 7737
f 7300 7730 7738
f 7730 7304 7740
f 7738 7740 7306
f 7730 7740 7738
f 7193 7731 7478
f 7731 7305 7733
f 7478 7733 7242
f 7731 7733 7478
f 7305 7732 7735
f 7732 7208 7726
f 7735 7726 7303
f 7732 7726 7735
f 7242 7727 7477
f 7727 7303 7725
f 7477 7725 4880
f 7727 7725 7477
f 7305 7735 7733
f 7735 7303 7727
f 7733 7727 7242
f 7735 7727 7733
f 7207 7736 7718
f 7736 7306 7739
f 7718 7739 7301
f 7736 7739 7718
f 7306 7737 7741
f 7737 7208 7732
f 7741 7732 7305
f 7737 7732 7741
f 7301 7734 7717
f 7734 7305 7731
f 7717 7731 7193
f 7734 7731 7717
f 7306 7741 7739
f 7741 7305 7734
f 7739 7734 7301
f 7741 7734 7739
f 1522 7475 7475
f 7475 7241 7241
f 7475 7241 7241
f 7475 7241 7475
f 7241 7476 7476
f 7476 7193 7193
f 7476 7193 7193
f 7476 7193 7476
f 7241 7476 7476
f 7476 7193 7193
f 7476 7193 7193
f 7476 7193 7476
f 7241 7476 7241
f 7476 7193 7476
f 7241 7476 7241
f 7476 7476 7241
f 7193 7478 7478
f 7478 7242 7242
f 7478 7242 7242
f 7478 7242 7478
f 7242 7477 7477
f 7477 4880 4880
f 7477 4880 4880
f 7477 4880 7477
f 7242 7477 7477
f 7477 4880 4880
f 7477 4880 4880
f 7477 4880 7477
f 7242 7477 7242
f 7477 4880 7477
f 7242 7477 7242
f 7477 7477 7242
f 7193 7478 7478
f 7478 7242 7242
f 7478 7242 7242
f 7478 7242 7478
f 7242 7477 7477
f 7477 4880 4880
f 7477 4880 4880
f 7477 4880 7477
f 7242 7477 7477
f 7477 4880 4880
f 7477 4880 4880
f 7477 4880 7477
f 7242 7477 7242
f 7477 4880 7477
f 7242 7477 7242
f 7477 7477 7242
f 7193 7478 7193
f 7478 7242 7478
f 7193 7478 7193
f 7478 7478 7193
f 7242 7477 7242
f 7477 4880 7477
f 7242 7477 7242
f 7477 7477 7242
f 7193 7478 7193
f 7478 7242 7478
f 7193 7478 7193
f 7478 7478 7193
f 7242 7242 7478
f 7242 7242 7478
f 7478 7478 7193
f 7242 7478 7478
f 3505 7670 7680
f 7670 7290 7682
f 7680 7682 7293
f 7670 7682 7680
f 7290 7671 7694
f 7671 7205 7692
f 7694 7692 7296
f 7671 7692 7694
f 7293 7696 7681
f 7696 7296 7693
f 7681 7693 7206
f 7696 7693 7681
f 7290 7694 7682
f 7694 7296 7696
f 7682 7696 7293
f 7694 7696 7682
f 7205 7668 7673
f 7668 7289 7675
f 7673 7675 7291
f 7668 7675 7673
f 7289 7667 7669
f 7667 1522 6425
f 7669 6425 6188
f 7667 6425 7669
f 7291 7674 7672
f 7674 6188 6426
f 7672 6426 6132
f 7674 6426 7672
f 7289 7669 7675
f 7669 6188 7674
f 7675 7674 7291
f 7669 7674 7675
f 7206 7684 7677
f 7684 7294 7687
f 7677 7687 7292
f 7684 7687 7677
f 7294 7683 7685
f 7683 6132 6423
f 7685 6423 6187
f 7683 6423 7685
f 7292 7678 7676
f 7678 6187 6422
f 7676 6422 4883
f 7678 6422 7676
f 7294 7685 7687
f 7685 6187 7678
f 7687 7678 7292
f 7685 7678 7687
f 7205 7673 7692
f 7673 7291 7695
f 7692 7695 7296
f 7673 7695 7692
f 7291 7672 7686
f 7672 6132 7683
f 7686 7683 7294
f 7672 7683 7686
f 7296 7697 7693
f 7697 7294 7684
f 7693 7684 7206
f 7697 7684 7693
f 7291 7686 7695
f 7686 7294 7697
f 7695 7697 7296
f 7686 7697 7695
f 3505 7680 7680
f 7680 7293 7293
f 7680 7293 7293
f 7680 7293 7680
f 7293 7681 7681
f 7681 7206 7206
f 7681 7206 7206
f 7681 7206 7681
f 7293 7681 7681
f 7681 7206 7206
f 7681 7206 7206
f 7681 7206 7681
f 7293 7681 7293
f 7681 7206 7681
f 7293 7681 7293
f 7681 7681 7293
f 7206 7677 7677
f 7677 7292 7292
f 7677 7292 7292
f 7677 7292 7677
f 7292 7676 7676
f 7676 4883 4883
f 7676 4883 4883
f 7676 4883 7676
f 7292 7676 7676
f 7676 4883 4883
f 7676 4883 4883
f 7676 4883 7676
f 7292 7676 7292
f 7676 4883 7676
f 7292 7676 7292
f 7676 7676 7292
f 7206 7677 7677
f 7677 7292 7292
f 7677 7292 7292
f 7677 7292 7677
f 7292 7676 7676
f 7676 4883 4883
f 7676 4883 4883
f 7676 4883 7676
f 7292 7676 7676
f 7676 4883 4883
f 7676 4883 4883
f 7676 4883 7676
f 7292 7676 7292
f 7676 4883 7676
f 7292 7676 7292
f 7676 7676 7292
f 7206 7677 7206
f 7677 7292 7677
f 7206 7677 7206
f 7677 7677 7206
f 7292 7676 7292
f 7676 4883 7676
f 7292 7676 7292
f 7676 7676 7292
f 7206 7677 7206
f 7677 7292 7677
f 7206 7677 7206
f 7677 7677 7206
f 7292 7292 7677
f 7292 7292 7677
f 7677 7677 7206
f 7292 7677 7677
f 1926 8182 8092
f 8182 7407 8184
f 8092 8184 7387
f 8182 8184 8092
f 7407 8183 8192
f 8183 7229 8189
f 8192 8189 7409
f 8183 8189 8192
f 7387 8190 8093
f 8190 7409 8188
f 8093 8188 7225
f 8190 8188 8093
f 7407 8192 8184
f 8192 7409 8190
f 8184 8190 7387
f 8192 8190 8184
f 7229 8186 8194
f 8186 7408 8197
f 8194 8197 7410
f 8186 8197 8194
f 7408 8185 8187
f 8185 1514 1652
f 8187 1652 1556
f 8185 1652 8187
f 7410 8195 8193
f 8195 1556 1653
f 8193 1653 1528
f 8195 1653 8193
f 7408 8187 8197
f 8187 1556 8195
f 8197 8195 7410
f 8187 8195 8197
f 7225 8178 8090
f 8178 7406 8180
f 8090 8180 7386
f 8178 8180 8090
f 7406 8179 8181
f 8179 1528 1656
f 8181 1656 1557
f 8179 1656 8181
f 7386 8177 8089
f 8177 1557 1655
f 8089 1655 1517
f 8177 1655 8089
f 7406 8181 8180
f 8181 1557 8177
f 8180 8177 7386
f 8181 8177 8180
f 7229 8194 8189
f 8194 7410 8198
f 8189 8198 7409
f 8194 8198 8189
f 7410 8193 8196
f 8193 1528 8179
f 8196 8179 7406
f 8193 8179 8196
f 7409 8191 8188
f 8191 7406 8178
f 8188 8178 7225
f 8191 8178 8188
f 7410 8196 8198
f 8196 7406 8191
f 8198 8191 7409
f 8196 8191 8198
f 1926 8092 8092
f 8092 7387 7387
f 8092 7387 7387
f 8092 7387 8092
f 7387 8093 8093
f 8093 7225 7225
f 8093 7225 7225
f 8093 7225 8093
f 7387 8093 8093
f 8093 7225 7225
f 8093 7225 7225
f 8093 7225 8093
f 7387 8093 7387
f 8093 7225 8093
f 7387 8093 7387
f 8093 8093 7387
f 7225 8090 8090
f 8090 7386 7386
f 8090 7386 7386
f 8090 7386 8090
f 7386 8089 8089
f 8089 1517 1517
f 8089 1517 1517
f 8089 1517 8089
f 7386 8089 8089
f 8089 1517 1517
f 8089 1517 1517
f 8089 1517 8089
f 7386 8089 7386
f 8089 1517 8089
f 7386 8089 7386
f 8089 8089 7386
f 7225 8090 8090
f 8090 7386 7386
f 8090 7386 7386
f 8090 7386 8090
f 7386 8089 8089
f 8089 1517 1517
f 8089 1517 1517
f 8089 1517 8089
f 7386 8089 8089
f 8089 1517 1517
f 8089 1517 1517
f 8089 1517 8089
f 7386 8089 7386
f 8089 1517 8089
f 7386 8089 7386
f 8089 8089 7386
f 7225 8090 7225
f 8090 7386 8090
f 7225 8090 7225
f 8090 8090 7225
f 7386 8089 7386
f 8089 1517 8089
f 7386 8089 7386
f 8089 8089 7386
f 7225 8090 7225
f 8090 7386 8090
f 7225 8090 7225
f 8090 8090 7225
f 7386 7386 8090
f 7386 7386 8090
f 8090 8090 7225
f 7386 8090 8090
f 1372 1452 8163
f 1452 1395 8239
f 8163 8239 7403
f 1452 8239 8163
f 1395 1453 8245
f 1453 1378 8242
f 8245 8242 7422
f 1453 8242 8245
f 7403 8243 8164
f 8243 7422 8241
f 8164 8241 7228
f 8243 8241 8164
f 1395 8245 8239
f 8245 7422 8243
f 8239 8243 7403
f 8245 8243 8239
f 1378 1450 8247
f 1450 1394 8250
f 8247 8250 7423
f 1450 8250 8247
f 1394 1449 8240
f 1449 1371 8202
f 8240 8202 7412
f 1449 8202 8240
f 7423 8248 8246
f 8248 7412 8203
f 8246 8203 7230
f 8248 8203 8246
f 1394 8240 8250
f 8240 7412 8248
f 8250 8248 7423
f 8240 8248 8250
f 7228 8204 8161
f 8204 7413 8206
f 8161 8206 7402
f 8204 8206 8161
f 7413 8205 8207
f 8205 7230 8200
f 8207 8200 7411
f 8205 8200 8207
f 7402 8201 8160
f 8201 7411 8199
f 8160 8199 339
f 8201 8199 8160
f 7413 8207 8206
f 8207 7411 8201
f 8206 8201 7402
f 8207 8201 8206
f 1378 8247 8242
f 8247 7423 8251
f 8242 8251 7422
f 8247 8251 8242
f 7423 8246 8249
f 8246 7230 8205
f 8249 8205 7413
f 8246 8205 8249
f 7422 8244 8241
f 8244 7413 8204
f 8241 8204 7228
f 8244 8204 8241
f 7423 8249 8251
f 8249 7413 8244
f 8251 8244 7422
f 8249 8244 8251
f 1372 8163 8163
f 8163 7403 7403
f 8163 7403 7403
f 8163 7403 8163
f 7403 8164 8164
f 8164 7228 7228
f 8164 7228 7228
f 8164 7228 8164
f 7403 8164 8164
f 8164 7228 7228
f 8164 7228 7228
f 8164 7228 8164
f 7403 8164 7403
f 8164 7228 8164
f 7403 8164 7403
f 8164 8164 7403
f 7228 8161 8161
f 8161 7402 7402
f 8161 7402 7402
f 8161 7402 8161
f 7402 8160 8160
f 8160 339 339
f 8160 339 339
f 8160 339 8160
f 7402 8160 8160
f 8160 339 339
f 8160 339 339
f 8160 339 8160
f 7402 8160 7402
f 8160 339 8160
f 7402 8160 7402
f 8160 8160 7402
f 7228 8161 8161
f 8161 7402 7402
f 8161 7402 7402
f 8161 7402 8161
f 7402 8160 8160
f 8160 339 339
f 8160 339 339
f 8160 339 8160
f 7402 8160 8160
f 8160 339 339
f 8160 339 339
f 8160 339 8160
f 7402 8160 7402
f 8160 339 8160
f 7402 8160 7402
f 8160 8160 7402
f 7228 8161 7228
f 8161 7402 8161
f 7228 8161 7228
f 8161 8161 7228
f 7402 8160 7402
f 8160 339 8160
f 7402 8160 7402
f 8160 8160 7402
f 7228 8161 7228
f 8161 7402 8161
f 7228 8161 7228
f 8161 8161 7228
f 7402 7402 8161
f 7402 7402 8161
f 8161 8161 7228
f 7402 8161 8161
f 2040 7907 8328
f 7907 7347 8330
f 8328 8330 7441
f 7907 8330 8328
f 7347 7908 8338
f 7908 7218 8336
f 8338 8336 7443
f 7908 8336 8338
f 7441 8340 8329
f 8340 7443 8337
f 8329 8337 7236
f 8340 8337 8329
f 7347 8338 8330
f 8338 7443 8340
f 8330 8340 7441
f 8338 8340 8330
f 7218 7905 8304
f 7905 7346 8306
f 8304 8306 7435
f 7905 8306 8304
f 7346 7904 8297
f 7904 2160 2259
f 8297 2259 2188
f 7904 2259 8297
f 7435 8307 8305
f 8307 2188 2260
f 8305 2260 2167
f 8307 2260 8305
f 7346 8297 8306
f 8297 2188 8307
f 8306 8307 7435
f 8297 8307 8306
f 7236 8347 8333
f 8347 7445 8350
f 8333 8350 7442
f 8347 8350 8333
f 7445 8346 8348
f 8346 2167 2257
f 8348 2257 2187
f 8346 2257 8348
f 7442 8334 8332
f 8334 2187 2256
f 8332 2256 2159
f 8334 2256 8332
f 7445 8348 8350
f 8348 2187 8334
f 8350 8334 7442
f 8348 8334 8350
f 7218 8304 8336
f 8304 7435 8339
f 8336 8339 7443
f 8304 8339 8336
f 7435 8305 8349
f 8305 2167 8346
f 8349 8346 7445
f 8305 8346 8349
f 7443 8351 8337
f 8351 7445 8347
f 8337 8347 7236
f 8351 8347 8337
f 7435 8349 8339
f 8349 7445 8351
f 8339 8351 7443
f 8349 8351 8339
f 2040 8328 8328
f 8328 7441 7441
f 8328 7441 7441
f 8328 7441 8328
f 7441 8329 8329
f 8329 7236 7236
f 8329 7236 7236
f 8329 7236 8329
f 7441 8329 8329
f 8329 7236 7236
f 8329 7236 7236
f 8329 7236 8329
f 7441 8329 7441
f 8329 7236 8329
f 7441 8329 7441
f 8329 8329 7441
f 7236 8333 8333
f 8333 7442 7442
f 8333 7442 7442
f 8333 7442 8333
f 7442 8332 8332
f 8332 2159 2159
f 8332 2159 2159
f 8332 2159 8332
f 7442 8332 8332
f 8332 2159 2159
f 8332 2159 2159
f 8332 2159 8332
f 7442 8332 7442
f 8332 2159 8332
f 7442 8332 7442
f 8332 8332 7442
f 7236 8333 8333
f 8333 7442 7442
f 8333 7442 7442
f 8333 7442 8333
f 7442 8332 8332
f 8332 2159 2159
f 8332 2159 2159
f 8332 2159 8332
f 7442 8332 8332
f 8332 2159 2159
f 8332 2159 2159
f 8332 2159 8332
f 7442 8332 7442
f 8332 2159 8332
f 7442 8332 7442
f 8332 8332 7442
f 7236 8333 7236
f 8333 7442 8333
f 7236 8333 7236
f 8333 8333 7236
f 7442 8332 7442
f 8332 2159 8332
f 7442 8332 7442
f 8332 8332 7442
f 7236 8333 7236
f 8333 7442 8333
f 7236 8333 7236
f 8333 8333 7236
f 7442 7442 8333
f 7442 7442 8333
f 8333 8333 7236
f 7442 8333 8333
f 2040 2104 7907
f 2104 2060 7909
f 7907 7909 7347
f 2104 7909 7907
f 2060 2105 7917
f 2105 2047 7915
f 7917 7915 7349
f 2105 7915 7917
f 7347 7919 7908
f 7919 7349 7916
f 7908 7916 7218
f 7919 7916 7908
f 2060 7917 7909
f 7917 7349 7919
f 7909 7919 7347
f 7917 7919 7909
f 2047 2108 7901
f 2108 2061 7903
f 7901 7903 7345
f 2108 7903 7901
f 2061 2107 7899
f 2107 2042 7852
f 7899 7852 7332
f 2107 7852 7899
f 7345 7902 7900
f 7902 7332 7853
f 7900 7853 7214
f 7902 7853 7900
f 2061 7899 7903
f 7899 7332 7902
f 7903 7902 7345
f 7899 7902 7903
f 7218 7911 7905
f 7911 7348 7914
f 7905 7914 7346
f 7911 7914 7905
f 7348 7910 7912
f 7910 7214 7856
f 7912 7856 7333
f 7910 7856 7912
f 7346 7906 7904
f 7906 7333 7855
f 7904 7855 2160
f 7906 7855 7904
f 7348 7912 7914
f 7912 7333 7906
f 7914 7906 7346
f 7912 7906 7914
f 2047 7901 7915
f 7901 7345 7918
f 7915 7918 7349
f 7901 7918 7915
f 7345 7900 7913
f 7900 7214 7910
f 7913 7910 7348
f 7900 7910 7913
f 7349 7920 7916
f 7920 7348 7911
f 7916 7911 7218
f 7920 7911 7916
f 7345 7913 7918
f 7913 7348 7920
f 7918 7920 7349
f 7913 7920 7918
f 2040 7907 7907
f 7907 7347 7347
f 7907 7347 7347
f 7907 7347 7907
f 7347 7908 7908
f 7908 7218 7218
f 7908 7218 7218
f 7908 7218 7908
f 7347 7908 7908
f 7908 7218 7218
f 7908 7218 7218
f 7908 7218 7908
f 7347 7908 7347
f 7908 7218 7908
f 7347 7908 7347
f 7908 7908 7347
f 7218 7905 7905
f 7905 7346 7346
f 7905 7346 7346
f 7905 7346 7905
f 7346 7904 7904
f 7904 2160 2160
f 7904 2160 2160
f 7904 2160 7904
f 7346 7904 7904
f 7904 2160 2160
f 7904 2160 2160
f 7904 2160 7904
f 7346 7904 7346
f 7904 2160 7904
f 7346 7904 7346
f 7904 7904 7346
f 7218 7905 7905
f 7905 7346 7346
f 7905 7346 7346
f 7905 7346 7905
f 7346 7904 7904
f 7904 2160 2160
f 7904 2160 2160
f 7904 2160 7904
f 7346 7904 7904
f 7904 2160 2160
f 7904 2160 2160
f 7904 2160 7904
f 7346 7904 7346
f 7904 2160 7904
f 7346 7904 7346
f 7904 7904 7346
f 7218 7905 7218
f 7905 7346 7905
f 7218 7905 7218
f 7905 7905 7218
f 7346 7904 7346
f 7904 2160 7904
f 7346 7904 7346
f 7904 7904 7346
f 7218 7905 7218
f 7905 7346 7905
f 7218 7905 7218
f 7905 7905 7218
f 7346 7346 7905
f 7346 7346 7905
f 7905 7905 7218
f 7346 7905 7905
f 2159 2256 8269
f 2256 2187 8298
f 8269 8298 7427
f 2256 8298 8269
f 2187 2257 8312
f 2257 2167 8309
f 8312 8309 7436
f 2257 8309 8312
f 7427 8310 8270
f 8310 7436 8308
f 8270 8308 7233
f 8310 8308 8270
f 2187 8312 8298
f 8312 7436 8310
f 8298 8310 7427
f 8312 8310 8298
f 2167 2260 8300
f 2260 2188 8303
f 8300 8303 7434
f 2260 8303 8300
f 2188 2259 8296
f 2259 2160 7846
f 8296 7846 7330
f 2259 7846 8296
f 7434 8301 8299
f 8301 7330 7847
f 8299 7847 7213
f 8301 7847 8299
f 2188 8296 8303
f 8296 7330 8301
f 8303 8301 7434
f 8296 8301 8303
f 7233 8276 8266
f 8276 7429 8278
f 8266 8278 7426
f 8276 8278 8266
f 7429 8275 8277
f 8275 7213 7844
f 8277 7844 7329
f 8275 7844 8277
f 7426 8268 8265
f 8268 7329 7843
f 8265 7843 6695
f 8268 7843 8265
f 7429 8277 8278
f 8277 7329 8268
f 8278 8268 7426
f 8277 8268 8278
f 2167 8300 8309
f 8300 7434 8313
f 8309 8313 7436
f 8300 8313 8309
f 7434 8299 8302
f 8299 7213 8275
f 8302 8275 7429
f 8299 8275 8302
f 7436 8311 8308
f 8311 7429 8276
f 8308 8276 7233
f 8311 8276 8308
f 7434 8302 8313
f 8302 7429 8311
f 8313 8311 7436
f 8302 8311 8313
f 2159 8269 8269
f 8269 7427 7427
f 8269 7427 7427
f 8269 7427 8269
f 7427 8270 8270
f 8270 7233 7233
f 8270 7233 7233
f 8270 7233 8270
f 7427 8270 8270
f 8270 7233 7233
f 8270 7233 7233
f 8270 7233 8270
f 7427 8270 7427
f 8270 7233 8270
f 7427 8270 7427
f 8270 8270 7427
f 7233 8266 8266
f 8266 7426 7426
f 8266 7426 7426
f 8266 7426 8266
f 7426 8265 8265
f 8265 6695 6695
f 8265 6695 6695
f 8265 6695 8265
f 7426 8265 8265
f 8265 6695 6695
f 8265 6695 6695
f 8265 6695 8265
f 7426 8265 7426
f 8265 6695 8265
f 7426 8265 7426
f 8265 8265 7426
f 7233 8266 8266
f 8266 7426 7426
f 8266 7426 7426
f 8266 7426 8266
f 7426 8265 8265
f 8265 6695 6695
f 8265 6695 6695
f 8265 6695 8265
f 7426 8265 8265
f 8265 6695 6695
f 8265 6695 6695
f 8265 6695 8265
f 7426 8265 7426
f 8265 6695 8265
f 7426 8265 7426
f 8265 8265 7426
f 7233 8266 7233
f 8266 7426 8266
f 7233 8266 7233
f 8266 8266 7233
f 7426 8265 7426
f 8265 6695 8265
f 7426 8265 7426
f 8265 8265 7426
f 7233 8266 7233
f 8266 7426 8266
f 7233 8266 7233
f 8266 8266 7233
f 7426 7426 8266
f 7426 7426 8266
f 8266 8266 7233
f 7426 8266 8266
f 1926 8102 2025
f 8102 7390 8131
f 2025 8131 1954
f 8102 8131 2025
f 7390 8103 8145
f 8103 7226 8143
f 8145 8143 7399
f 8103 8143 8145
f 1954 8147 2026
f 8147 7399 8144
f 2026 8144 1933
f 8147 8144 2026
f 7390 8145 8131
f 8145 7399 8147
f 8131 8147 1954
f 8145 8147 8131
f 7226 8099 8111
f 8099 7389 8113
f 8111 8113 7392
f 8099 8113 8111
f 7389 8098 8101
f 8098 5972 7878
f 8101 7878 7339
f 8098 7878 8101
f 7392 8112 8110
f 8112 7339 7879
f 8110 7879 7216
f 8112 7879 8110
f 7389 8101 8113
f 8101 7339 8112
f 8113 8112 7392
f 8101 8112 8113
f 1933 8134 2023
f 8134 7397 8137
f 2023 8137 1953
f 8134 8137 2023
f 7397 8133 8135
f 8133 7216 7882
f 8135 7882 7340
f 8133 7882 8135
f 1953 8129 2022
f 8129 7340 7881
f 2022 7881 1923
f 8129 7881 2022
f 7397 8135 8137
f 8135 7340 8129
f 8137 8129 1953
f 8135 8129 8137
f 7226 8111 8143
f 8111 7392 8146
f 8143 8146 7399
f 8111 8146 8143
f 7392 8110 8136
f 8110 7216 8133
f 8136 8133 7397
f 8110 8133 8136
f 7399 8148 8144
f 8148 7397 8134
f 8144 8134 1933
f 8148 8134 8144
f 7392 8136 8146
f 8136 7397 8148
f 8146 8148 7399
f 8136 8148 8146
f 1926 2025 2025
f 2025 1954 1954
f 2025 1954 1954
f 2025 1954 2025
f 1954 2026 2026
f 2026 1933 1933
f 2026 1933 1933
f 2026 1933 2026
f 1954 2026 2026
f 2026 1933 1933
f 2026 1933 1933
f 2026 1933 2026
f 1954 2026 1954
f 2026 1933 2026
f 1954 2026 1954
f 2026 2026 1954
f 1933 2023 2023
f 2023 1953 1953
f 2023 1953 1953
f 2023 1953 2023
f 1953 2022 2022
f 2022 1923 1923
f 2022 1923 1923
f 2022 1923 2022
f 1953 2022 2022
f 2022 1923 1923
f 2022 1923 1923
f 2022 1923 2022
f 1953 2022 1953
f 2022 1923 2022
f 1953 2022 1953
f 2022 2022 1953
f 1933 2023 2023
f 2023 1953 1953
f 2023 1953 1953
f 2023 1953 2023
f 1953 2022 2022
f 2022 1923 1923
f 2022 1923 1923
f 2022 1923 2022
f 1953 2022 2022
f 2022 1923 1923
f 2022 1923 1923
f 2022 1923 2022
f 1953 2022 1953
f 2022 1923 2022
f 1953 2022 1953
f 2022 2022 1953
f 1933 2023 1933
f 2023 1953 2023
f 1933 2023 1933
f 2023 2023 1933
f 1953 2022 1953
f 2022 1923 2022
f 1953 2022 1953
f 2022 2022 1953
f 1933 2023 1933
f 2023 1953 2023
f 1933 2023 1933
f 2023 2023 1933
f 1953 1953 2023
f 1953 1953 2023
f 2023 2023 1933
f 1953 2023 2023
f 339 8375 8279
f 8375 7451 8378
f 8279 8378 7430
f 8375 8378 8279
f 7451 8376 8388
f 8376 7238 8386
f 8388 8386 7454
f 8376 8386 8388
f 7430 8387 8280
f 8387 7454 8385
f 8280 8385 7234
f 8387 8385 8280
f 7451 8388 8378
f 8388 7454 8387
f 8378 8387 7430
f 8388 8387 8378
f 7238 8380 8425
f 8380 7452 8427
f 8425 8427 7462
f 8380 8427 8425
f 7452 8379 8413
f 8379 2157 2230
f 8413 2230 2180
f 8379 2230 8413
f 7462 8429 8426
f 8429 2180 2231
f 8426 2231 2165
f 8429 2231 8426
f 7452 8413 8427
f 8413 2180 8429
f 8427 8429 7462
f 8413 8429 8427
f 7234 8415 8283
f 8415 7460 8417
f 8283 8417 7431
f 8415 8417 8283
f 7460 8416 8419
f 8416 2165 2234
f 8419 2234 2181
f 8416 2234 8419
f 7431 8411 8282
f 8411 2181 2233
f 8282 2233 2159
f 8411 2233 8282
f 7460 8419 8417
f 8419 2181 8411
f 8417 8411 7431
f 8419 8411 8417
f 7238 8425 8386
f 8425 7462 8428
f 8386 8428 7454
f 8425 8428 8386
f 7462 8426 8430
f 8426 2165 8416
f 8430 8416 7460
f 8426 8416 8430
f 7454 8418 8385
f 8418 7460 8415
f 8385 8415 7234
f 8418 8415 8385
f 7462 8430 8428
f 8430 7460 8418
f 8428 8418 7454
f 8430 8418 8428
f 339 8279 8279
f 8279 7430 7430
f 8279 7430 7430
f 8279 7430 8279
f 7430 8280 8280
f 8280 7234 7234
f 8280 7234 7234
f 8280 7234 8280
f 7430 8280 8280
f 8280 7234 7234
f 8280 7234 7234
f 8280 7234 8280
f 7430 8280 7430
f 8280 7234 8280
f 7430 8280 7430
f 8280 8280 7430
f 7234 8283 8283
f 8283 7431 7431
f 8283 7431 7431
f 8283 7431 8283
f 7431 8282 8282
f 8282 2159 2159
f 8282 2159 2159
f 8282 2159 8282
f 7431 8282 8282
f 8282 2159 2159
f 8282 2159 2159
f 8282 2159 8282
f 7431 8282 7431
f 8282 2159 8282
f 7431 8282 7431
f 8282 8282 7431
f 7234 8283 8283
f 8283 7431 7431
f 8283 7431 7431
f 8283 7431 8283
f 7431 8282 8282
f 8282 2159 2159
f 8282 2159 2159
f 8282 2159 8282
f 7431 8282 8282
f 8282 2159 2159
f 8282 2159 2159
f 8282 2159 8282
f 7431 8282 7431
f 8282 2159 8282
f 7431 8282 7431
f 8282 8282 7431
f 7234 8283 7234
f 8283 7431 8283
f 7234 8283 7234
f 8283 8283 7234
f 7431 8282 7431
f 8282 2159 8282
f 7431 8282 7431
f 8282 8282 7431
f 7234 8283 7234
f 8283 7431 8283
f 7234 8283 7234
f 8283 8283 7234
f 7431 7431 8283
f 7431 7431 8283
f 8283 8283 7234
f 7431 8283 8283
f 6120 7553 8437
f 7553 7262 8440
f 8437 8440 7464
f 7553 8440 8437
f 7262 7554 8449
f 7554 7199 8447
f 8449 8447 7467
f 7554 8447 8449
f 7464 8450 8438
f 8450 7467 8448
f 8438 8448 7240
f 8450 8448 8438
f 7262 8449 8440
f 8449 7467 8450
f 8440 8450 7464
f 8449 8450 8440
f 7199 7556 8466
f 7556 7263 8468
f 8466 8468 7470
f 7556 8468 8466
f 7263 7555 8464
f 7555 3871 4046
f 8464 4046 3980
f 7555 4046 8464
f 7470 8470 8467
f 8470 3980 4047
f 8467 4047 3960
f 8470 4047 8467
f 7263 8464 8468
f 8464 3980 8470
f 8468 8470 7470
f 8464 8470 8468
f 7240 8471 8442
f 8471 7471 8473
f 8442 8473 7465
f 8471 8473 8442
f 7471 8472 8475
f 8472 3960 4044
f 8475 4044 3979
f 8472 4044 8475
f 7465 8465 8441
f 8465 3979 4043
f 8441 4043 3951
f 8465 4043 8441
f 7471 8475 8473
f 8475 3979 8465
f 8473 8465 7465
f 8475 8465 8473
f 7199 8466 8447
f 8466 7470 8469
f 8447 8469 7467
f 8466 8469 8447
f 7470 8467 8476
f 8467 3960 8472
f 8476 8472 7471
f 8467 8472 8476
f 7467 8474 8448
f 8474 7471 8471
f 8448 8471 7240
f 8474 8471 8448
f 7470 8476 8469
f 8476 7471 8474
f 8469 8474 7467
f 8476 8474 8469
f 6120 8437 8437
f 8437 7464 7464
f 8437 7464 7464
f 8437 7464 8437
f 7464 8438 8438
f 8438 7240 7240
f 8438 7240 7240
f 8438 7240 8438
f 7464 8438 8438
f 8438 7240 7240
f 8438 7240 7240
f 8438 7240 8438
f 7464 8438 7464
f 8438 7240 8438
f 7464 8438 7464
f 8438 8438 7464
f 7240 8442 8442
f 8442 7465 7465
f 8442 7465 7465
f 8442 7465 8442
f 7465 8441 8441
f 8441 3951 3951
f 8441 3951 3951
f 8441 3951 8441
f 7465 8441 8441
f 8441 3951 3951
f 8441 3951 3951
f 8441 3951 8441
f 7465 8441 7465
f 8441 3951 8441
f 7465 8441 7465
f 8441 8441 7465
f 7240 8442 8442
f 8442 7465 7465
f 8442 7465 7465
f 8442 7465 8442
f 7465 8441 8441
f 8441 3951 3951
f 8441 3951 3951
f 8441 3951 8441
f 7465 8441 8441
f 8441 3951 3951
f 8441 3951 3951
f 8441 3951 8441
f 7465 8441 7465
f 8441 3951 8441
f 7465 8441 7465
f 8441 8441 7465
f 7240 8442 7240
f 8442 7465 8442
f 7240 8442 7240
f 8442 8442 7240
f 7465 8441 7465
f 8441 3951 8441
f 7465 8441 7465
f 8441 8441 7465
f 7240 8442 7240
f 8442 7465 8442
f 7240 8442 7240
f 8442 8442 7240
f 7465 7465 8442
f 7465 7465 8442
f 8442 8442 7240
f 7465 8442 8442
f 4638 4720 7534
f 4720 4657 8482
f 7534 8482 7258
f 4720 8482 7534
f 4657 4721 8488
f 4721 4642 8485
f 8488 8485 7473
f 4721 8485 8488
f 7258 8486 7535
f 8486 7473 8484
f 7535 8484 7198
f 8486 8484 7535
f 4657 8488 8482
f 8488 7473 8486
f 8482 8486 7258
f 8488 8486 8482
f 4642 4724 8490
f 4724 4658 8493
f 8490 8493 7474
f 4724 8493 8490
f 4658 4723 8483
f 4723 4238 4270
f 8483 4270 4248
f 4723 4270 8483
f 7474 8491 8489
f 8491 4248 4271
f 8489 4271 4241
f 8491 4271 8489
f 4658 8483 8493
f 8483 4248 8491
f 8493 8491 7474
f 8483 8491 8493
f 7198 8478 7532
f 8478 7472 8480
f 7532 8480 7257
f 8478 8480 7532
f 7472 8479 8481
f 8479 4241 4269
f 8481 4269 4247
f 8479 4269 8481
f 7257 8477 7531
f 8477 4247 4268
f 7531 4268 3872
f 8477 4268 7531
f 7472 8481 8480
f 8481 4247 8477
f 8480 8477 7257
f 8481 8477 8480
f 4642 8490 8485
f 8490 7474 8494
f 8485 8494 7473
f 8490 8494 8485
f 7474 8489 8492
f 8489 4241 8479
f 8492 8479 7472
f 8489 8479 8492
f 7473 8487 8484
f 8487 7472 8478
f 8484 8478 7198
f 8487 8478 8484
f 7474 8492 8494
f 8492 7472 8487
f 8494 8487 7473
f 8492 8487 8494
f 4638 7534 7534
f 7534 7258 7258
f 7534 7258 7258
f 7534 7258 7534
f 7258 7535 7535
f 7535 7198 7198
f 7535 7198 7198
f 7535 7198 7535
f 7258 7535 7535
f 7535 7198 7198
f 7535 7198 7198
f 7535 7198 7535
f 7258 7535 7258
f 7535 7198 7535
f 7258 7535 7258
f 7535 7535 7258
f 7198 7532 7532
f 7532 7257 7257
f 7532 7257 7257
f 7532 7257 7532
f 7257 7531 7531
f 7531 3872 3872
f 7531 3872 3872
f 7531 3872 7531
f 7257 7531 7531
f 7531 3872 3872
f 7531 3872 3872
f 7531 3872 7531
f 7257 7531 7257
f 7531 3872 7531
f 7257 7531 7257
f 7531 7531 7257
f 7198 7532 7532
f 7532 7257 7257
f 7532 7257 7257
f 7532 7257 7532
f 7257 7531 7531
f 7531 3872 3872
f 7531 3872 3872
f 7531 3872 7531
f 7257 7531 7531
f 7531 3872 3872
f 7531 3872 3872
f 7531 3872 7531
f 7257 7531 7257
f 7531 3872 7531
f 7257 7531 7257
f 7531 7531 7257
f 7198 7532 7198
f 7532 7257 7532
f 7198 7532 7198
f 7532 7532 7198
f 7257 7531 7257
f 7531 3872 7531
f 7257 7531 7257
f 7531 7531 7257
f 7198 7532 7198
f 7532 7257 7532
f 7198 7532 7198
f 7532 7532 7198
f 7257 7257 7532
f 7257 7257 7532
f 7532 7532 7198
f 7257 7532 7532
f 3872 3936 7527
f 3936 3891 7557
f 7527 7557 7255
f 3936 7557 7527
f 3891 3937 7561
f 3937 3877 7559
f 7561 7559 7264
f 3937 7559 7561
f 7255 7560 7528
f 7560 7264 7558
f 7528 7558 7197
f 7560 7558 7528
f 3891 7561 7557
f 7561 7264 7560
f 7557 7560 7255
f 7561 7560 7557
f 3877 3934 7573
f 3934 3890 7575
f 7573 7575 7268
f 3934 7575 7573
f 3890 3933 7567
f 3933 3871 7565
f 7567 7565 7266
f 3933 7565 7567
f 7268 7577 7574
f 7577 7266 7566
f 7574 7566 7200
f 7577 7566 7574
f 3890 7567 7575
f 7567 7266 7577
f 7575 7577 7268
f 7567 7577 7575
f 7197 7568 7530
f 7568 7267 7570
f 7530 7570 7256
f 7568 7570 7530
f 7267 7569 7572
f 7569 7200 7563
f 7572 7563 7265
f 7569 7563 7572
f 7256 7564 7529
f 7564 7265 7562
f 7529 7562 5398
f 7564 7562 7529
f 7267 7572 7570
f 7572 7265 7564
f 7570 7564 7256
f 7572 7564 7570
f 3877 7573 7559
f 7573 7268 7576
f 7559 7576 7264
f 7573 7576 7559
f 7268 7574 7578
f 7574 7200 7569
f 7578 7569 7267
f 7574 7569 7578
f 7264 7571 7558
f 7571 7267 7568
f 7558 7568 7197
f 7571 7568 7558
f 7268 7578 7576
f 7578 7267 7571
f 7576 7571 7264
f 7578 7571 7576
f 3872 7527 7527
f 7527 7255 7255
f 7527 7255 7255
f 7527 7255 7527
f 7255 7528 7528
f 7528 7197 7197
f 7528 7197 7197
f 7528 7197 7528
f 7255 7528 7528
f 7528 7197 7197
f 7528 7197 7197
f 7528 7197 7528
f 7255 7528 7255
f 7528 7197 7528
f 7255 7528 7255
f 7528 7528 7255
f 7197 7530 7530
f 7530 7256 7256
f 7530 7256 7256
f 7530 7256 7530
f 7256 7529 7529
f 7529 5398 5398
f 7529 5398 5398
f 7529 5398 7529
f 7256 7529 7529
f 7529 5398 5398
f 7529 5398 5398
f 7529 5398 7529
f 7256 7529 7256
f 7529 5398 7529
f 7256 7529 7256
f 7529 7529 7256
f 7197 7530 7530
f 7530 7256 7256
f 7530 7256 7256
f 7530 7256 7530
f 7256 7529 7529
f 7529 5398 5398
f 7529 5398 5398
f 7529 5398 7529
f 7256 7529 7529
f 7529 5398 5398
f 7529 5398 5398
f 7529 5398 7529
f 7256 7529 7256
f 7529 5398 7529
f 7256 7529 7256
f 7529 7529 7256
f 7197 7530 7197
f 7530 7256 7530
f 7197 7530 7197
f 7530 7530 7197
f 7256 7529 7256
f 7529 5398 7529
f 7256 7529 7256
f 7529 7529 7256
f 7197 7530 7197
f 7530 7256 7530
f 7197 7530 7197
f 7530 7530 7197
f 7256 7256 7530
f 7256 7256 7530
f 7530 7530 7197
f 7256 7530 7530
f 6120 8437 7510
f 8437 7464 8439
f 7510 8439 7251
f 8437 8439 7510
f 7464 8438 8446
f 8438 7240 8444
f 8446 8444 7466
f 8438 8444 8446
f 7251 8445 7511
f 8445 7466 8443
f 7511 8443 7196
f 8445 8443 7511
f 7464 8446 8439
f 8446 7466 8445
f 8439 8445 7251
f 8446 8445 8439
f 7240 8442 8458
f 8442 7465 8460
f 8458 8460 7469
f 8442 8460 8458
f 7465 8441 8452
f 8441 3951 4186
f 8452 4186 4016
f 8441 4186 8452
f 7469 8462 8459
f 8462 4016 4187
f 8459 4187 3970
f 8462 4187 8459
f 7465 8452 8460
f 8452 4016 8462
f 8460 8462 7469
f 8452 8462 8460
f 7196 8453 7514
f 8453 7468 8455
f 7514 8455 7252
f 8453 8455 7514
f 7468 8454 8457
f 8454 3970 4190
f 8457 4190 4017
f 8454 4190 8457
f 7252 8451 7513
f 8451 4017 4189
f 7513 4189 3956
f 8451 4189 7513
f 7468 8457 8455
f 8457 4017 8451
f 8455 8451 7252
f 8457 8451 8455
f 7240 8458 8444
f 8458 7469 8461
f 8444 8461 7466
f 8458 8461 8444
f 7469 8459 8463
f 8459 3970 8454
f 8463 8454 7468
f 8459 8454 8463
f 7466 8456 8443
f 8456 7468 8453
f 8443 8453 7196
f 8456 8453 8443
f 7469 8463 8461
f 8463 7468 8456
f 8461 8456 7466
f 8463 8456 8461
f 6120 7510 7510
f 7510 7251 7251
f 7510 7251 7251
f 7510 7251 7510
f 7251 7511 7511
f 7511 7196 7196
f 7511 7196 7196
f 7511 7196 7511
f 7251 7511 7511
f 7511 7196 7196
f 7511 7196 7196
f 7511 7196 7511
f 7251 7511 7251
f 7511 7196 7511
f 7251 7511 7251
f 7511 7511 7251
f 7196 7514 7514
f 7514 7252 7252
f 7514 7252 7252
f 7514 7252 7514
f 7252 7513 7513
f 7513 3956 3956
f 7513 3956 3956
f 7513 3956 7513
f 7252 7513 7513
f 7513 3956 3956
f 7513 3956 3956
f 7513 3956 7513
f 7252 7513 7252
f 7513 3956 7513
f 7252 7513 7252
f 7513 7513 7252
f 7196 7514 7514
f 7514 7252 7252
f 7514 7252 7252
f 7514 7252 7514
f 7252 7513 7513
f 7513 3956 3956
f 7513 3956 3956
f 7513 3956 7513
f 7252 7513 7513
f 7513 3956 3956
f 7513 3956 3956
f 7513 3956 7513
f 7252 7513 7252
f 7513 3956 7513
f 7252 7513 7252
f 7513 7513 7252
f 7196 7514 7196
f 7514 7252 7514
f 7196 7514 7196
f 7514 7514 7196
f 7252 7513 7252
f 7513 3956 7513
f 7252 7513 7252
f 7513 7513 7252
f 7196 7514 7196
f 7514 7252 7514
f 7196 7514 7196
f 7514 7514 7196
f 7252 7252 7514
f 7252 7252 7514
f 7514 7514 7196
f 7252 7514 7514
f 2157 8379 8393
f 8379 7452 8395
f 8393 8395 7456
f 8379 8395 8393
f 7452 8380 8407
f 8380 7238 8405
f 8407 8405 7459
f 8380 8405 8407
f 7456 8409 8394
f 8409 7459 8406
f 8394 8406 7239
f 8409 8406 8394
f 7452 8407 8395
f 8407 7459 8409
f 8395 8409 7456
f 8407 8409 8395
f 7238 8376 8382
f 8376 7451 8384
f 8382 8384 7453
f 8376 8384 8382
f 7451 8375 8377
f 8375 339 8199
f 8377 8199 7411
f 8375 8199 8377
f 7453 8383 8381
f 8383 7411 8200
f 8381 8200 7230
f 8383 8200 8381
f 7451 8377 8384
f 8377 7411 8383
f 8384 8383 7453
f 8377 8383 8384
f 7239 8397 8390
f 8397 7457 8400
f 8390 8400 7455
f 8397 8400 8390
f 7457 8396 8398
f 8396 7230 8203
f 8398 8203 7412
f 8396 8203 8398
f 7455 8391 8389
f 8391 7412 8202
f 8389 8202 1371
f 8391 8202 8389
f 7457 8398 8400
f 8398 7412 8391
f 8400 8391 7455
f 8398 8391 8400
f 7238 8382 8405
f 8382 7453 8408
f 8405 8408 7459
f 8382 8408 8405
f 7453 8381 8399
f 8381 7230 8396
f 8399 8396 7457
f 8381 8396 8399
f 7459 8410 8406
f 8410 7457 8397
f 8406 8397 7239
f 8410 8397 8406
f 7453 8399 8408
f 8399 7457 8410
f 8408 8410 7459
f 8399 8410 8408
f 2157 8393 8393
f 8393 7456 7456
f 8393 7456 7456
f 8393 7456 8393
f 7456 8394 8394
f 8394 7239 7239
f 8394 7239 7239
f 8394 7239 8394
f 7456 8394 8394
f 8394 7239 7239
f 8394 7239 7239
f 8394 7239 8394
f 7456 8394 7456
f 8394 7239 8394
f 7456 8394 7456
f 8394 8394 7456
f 7239 8390 8390
f 8390 7455 7455
f 8390 7455 7455
f 8390 7455 8390
f 7455 8389 8389
f 8389 1371 1371
f 8389 1371 1371
f 8389 1371 8389
f 7455 8389 8389
f 8389 1371 1371
f 8389 1371 1371
f 8389 1371 8389
f 7455 8389 7455
f 8389 1371 8389
f 7455 8389 7455
f 8389 8389 7455
f 7239 8390 8390
f 8390 7455 7455
f 8390 7455 7455
f 8390 7455 8390
f 7455 8389 8389
f 8389 1371 1371
f 8389 1371 1371
f 8389 1371 8389
f 7455 8389 8389
f 8389 1371 1371
f 8389 1371 1371
f 8389 1371 8389
f 7455 8389 7455
f 8389 1371 8389
f 7455 8389 7455
f 8389 8389 7455
f 7239 8390 7239
f 8390 7455 8390
f 7239 8390 7239
f 8390 8390 7239
f 7455 8389 7455
f 8389 1371 8389
f 7455 8389 7455
f 8389 8389 7455
f 7239 8390 7239
f 8390 7455 8390
f 7239 8390 7239
f 8390 8390 7239
f 7455 7455 8390
f 7455 7455 8390
f 8390 8390 7239
f 7455 8390 8390
f 2043 2142 8314
f 2142 2071 8316
f 8314 8316 7437
f 2142 8316 8314
f 2071 2143 8322
f 2143 2050 8320
f 8322 8320 7439
f 2143 8320 8322
f 7437 8323 8315
f 8323 7439 8321
f 8315 8321 7235
f 8323 8321 8315
f 2071 8322 8316
f 8322 7439 8323
f 8316 8323 7437
f 8322 8323 8316
f 2050 2140 8341
f 2140 2070 8343
f 8341 8343 7444
f 2140 8343 8341
f 2070 2139 8331
f 2139 2040 8328
f 8331 8328 7441
f 2139 8328 8331
f 7444 8345 8342
f 8345 7441 8329
f 8342 8329 7236
f 8345 8329 8342
f 2070 8331 8343
f 8331 7441 8345
f 8343 8345 7444
f 8331 8345 8343
f 7235 8352 8319
f 8352 7446 8354
f 8319 8354 7438
f 8352 8354 8319
f 7446 8353 8356
f 8353 7236 8333
f 8356 8333 7442
f 8353 8333 8356
f 7438 8335 8318
f 8335 7442 8332
f 8318 8332 2159
f 8335 8332 8318
f 7446 8356 8354
f 8356 7442 8335
f 8354 8335 7438
f 8356 8335 8354
f 2050 8341 8320
f 8341 7444 8344
f 8320 8344 7439
f 8341 8344 8320
f 7444 8342 8357
f 8342 7236 8353
f 8357 8353 7446
f 8342 8353 8357
f 7439 8355 8321
f 8355 7446 8352
f 8321 8352 7235
f 8355 8352 8321
f 7444 8357 8344
f 8357 7446 8355
f 8344 8355 7439
f 8357 8355 8344
f 2043 8314 8314
f 8314 7437 7437
f 8314 7437 7437
f 8314 7437 8314
f 7437 8315 8315
f 8315 7235 7235
f 8315 7235 7235
f 8315 7235 8315
f 7437 8315 8315
f 8315 7235 7235
f 8315 7235 7235
f 8315 7235 8315
f 7437 8315 7437
f 8315 7235 8315
f 7437 8315 7437
f 8315 8315 7437
f 7235 8319 8319
f 8319 7438 7438
f 8319 7438 7438
f 8319 7438 8319
f 7438 8318 8318
f 8318 2159 2159
f 8318 2159 2159
f 8318 2159 8318
f 7438 8318 8318
f 8318 2159 2159
f 8318 2159 2159
f 8318 2159 8318
f 7438 8318 7438
f 8318 2159 8318
f 7438 8318 7438
f 8318 8318 7438
f 7235 8319 8319
f 8319 7438 7438
f 8319 7438 7438
f 8319 7438 8319
f 7438 8318 8318
f 8318 2159 2159
f 8318 2159 2159
f 8318 2159 8318
f 7438 8318 8318
f 8318 2159 2159
f 8318 2159 2159
f 8318 2159 8318
f 7438 8318 7438
f 8318 2159 8318
f 7438 8318 7438
f 8318 8318 7438
f 7235 8319 7235
f 8319 7438 8319
f 7235 8319 7235
f 8319 8319 7235
f 7438 8318 7438
f 8318 2159 8318
f 7438 8318 7438
f 8318 8318 7438
f 7235 8319 7235
f 8319 7438 8319
f 7235 8319 7235
f 8319 8319 7235
f 7438 7438 8319
f 7438 7438 8319
f 8319 8319 7235
f 7438 8319 8319
f 2043 8120 7895
f 8120 7394 8122
f 7895 8122 7343
f 8120 8122 7895
f 7394 8121 8128
f 8121 7227 8126
f 8128 8126 7396
f 8121 8126 8128
f 7343 8127 7896
f 8127 7396 8125
f 7896 8125 7217
f 8127 8125 7896
f 7394 8128 8122
f 8128 7396 8127
f 8122 8127 7343
f 8128 8127 8122
f 7227 8124 8149
f 8124 7395 8151
f 8149 8151 7400
f 8124 8151 8149
f 7395 8123 8132
f 8123 1926 2025
f 8132 2025 1954
f 8123 2025 8132
f 7400 8153 8150
f 8153 1954 2026
f 8150 2026 1933
f 8153 2026 8150
f 7395 8132 8151
f 8132 1954 8153
f 8151 8153 7400
f 8132 8153 8151
f 7217 8138 7898
f 8138 7398 8140
f 7898 8140 7344
f 8138 8140 7898
f 7398 8139 8142
f 8139 1933 2023
f 8142 2023 1953
f 8139 2023 8142
f 7344 8130 7897
f 8130 1953 2022
f 7897 2022 1923
f 8130 2022 7897
f 7398 8142 8140
f 8142 1953 8130
f 8140 8130 7344
f 8142 8130 8140
f 7227 8149 8126
f 8149 7400 8152
f 8126 8152 7396
f 8149 8152 8126
f 7400 8150 8154
f 8150 1933 8139
f 8154 8139 7398
f 8150 8139 8154
f 7396 8141 8125
f 8141 7398 8138
f 8125 8138 7217
f 8141 8138 8125
f 7400 8154 8152
f 8154 7398 8141
f 8152 8141 7396
f 8154 8141 8152
f 2043 7895 7895
f 7895 7343 7343
f 7895 7343 7343
f 7895 7343 7895
f 7343 7896 7896
f 7896 7217 7217
f 7896 7217 7217
f 7896 7217 7896
f 7343 7896 7896
f 7896 7217 7217
f 7896 7217 7217
f 7896 7217 7896
f 7343 7896 7343
f 7896 7217 7896
f 7343 7896 7343
f 7896 7896 7343
f 7217 7898 7898
f 7898 7344 7344
f 7898 7344 7344
f 7898 7344 7898
f 7344 7897 7897
f 7897 1923 1923
f 7897 1923 1923
f 7897 1923 7897
f 7344 7897 7897
f 7897 1923 1923
f 7897 1923 1923
f 7897 1923 7897
f 7344 7897 7344
f 7897 1923 7897
f 7344 7897 7344
f 7897 7897 7344
f 7217 7898 7898
f 7898 7344 7344
f 7898 7344 7344
f 7898 7344 7898
f 7344 7897 7897
f 7897 1923 1923
f 7897 1923 1923
f 7897 1923 7897
f 7344 7897 7897
f 7897 1923 1923
f 7897 1923 1923
f 7897 1923 7897
f 7344 7897 7344
f 7897 1923 7897
f 7344 7897 7344
f 7897 7897 7344
f 7217 7898 7217
f 7898 7344 7898
f 7217 7898 7217
f 7898 7898 7217
f 7344 7897 7344
f 7897 1923 7897
f 7344 7897 7344
f 7897 7897 7344
f 7217 7898 7217
f 7898 7344 7898
f 7217 7898 7217
f 7898 7898 7217
f 7344 7344 7898
f 7344 7344 7898
f 7898 7898 7217
f 7344 7898 7898
f 2040 7929 8019
f 7929 7352 8022
f 8019 8022 7372
f 7929 8022 8019
f 7352 7930 8034
f 7930 7219 8032
f 8034 8032 7375
f 7930 8032 8034
f 7372 8036 8020
f 8036 7375 8033
f 8020 8033 7223
f 8036 8033 8020
f 7352 8034 8022
f 8034 7375 8036
f 8022 8036 7372
f 8034 8036 8022
f 7219 7927 8009
f 7927 7351 8011
f 8009 8011 7370
f 7927 8011 8009
f 7351 7926 8002
f 7926 1923 1987
f 8002 1987 1943
f 7926 1987 8002
f 7370 8012 8010
f 8012 1943 1988
f 8010 1988 1930
f 8012 1988 8010
f 7351 8002 8011
f 8002 1943 8012
f 8011 8012 7370
f 8002 8012 8011
f 7223 8044 8024
f 8044 7377 8047
f 8024 8047 7373
f 8044 8047 8024
f 7377 8043 8045
f 8043 1930 1991
f 8045 1991 1944
f 8043 1991 8045
f 7373 8026 8023
f 8026 1944 1990
f 8023 1990 1925
f 8026 1990 8023
f 7377 8045 8047
f 8045 1944 8026
f 8047 8026 7373
f 8045 8026 8047
f 7219 8009 8032
f 8009 7370 8035
f 8032 8035 7375
f 8009 8035 8032
f 7370 8010 8046
f 8010 1930 8043
f 8046 8043 7377
f 8010 8043 8046
f 7375 8048 8033
f 8048 7377 8044
f 8033 8044 7223
f 8048 8044 8033
f 7370 8046 8035
f 8046 7377 8048
f 8035 8048 7375
f 8046 8048 8035
f 2040 8019 8019
f 8019 7372 7372
f 8019 7372 7372
f 8019 7372 8019
f 7372 8020 8020
f 8020 7223 7223
f 8020 7223 7223
f 8020 7223 8020
f 7372 8020 8020
f 8020 7223 7223
f 8020 7223 7223
f 8020 7223 8020
f 7372 8020 7372
f 8020 7223 8020
f 7372 8020 7372
f 8020 8020 7372
f 7223 8024 8024
f 8024 7373 7373
f 8024 7373 7373
f 8024 7373 8024
f 7373 8023 8023
f 8023 1925 1925
f 8023 1925 1925
f 8023 1925 8023
f 7373 8023 8023
f 8023 1925 1925
f 8023 1925 1925
f 8023 1925 8023
f 7373 8023 7373
f 8023 1925 8023
f 7373 8023 7373
f 8023 8023 7373
f 7223 8024 8024
f 8024 7373 7373
f 8024 7373 7373
f 8024 7373 8024
f 7373 8023 8023
f 8023 1925 1925
f 8023 1925 1925
f 8023 1925 8023
f 7373 8023 8023
f 8023 1925 1925
f 8023 1925 1925
f 8023 1925 8023
f 7373 8023 7373
f 8023 1925 8023
f 7373 8023 7373
f 8023 8023 7373
f 7223 8024 7223
f 8024 7373 8024
f 7223 8024 7223
f 8024 8024 7223
f 7373 8023 7373
f 8023 1925 8023
f 7373 8023 7373
f 8023 8023 7373
f 7223 8024 7223
f 8024 7373 8024
f 7223 8024 7223
f 8024 8024 7223
f 7373 7373 8024
f 7373 7373 8024
f 8024 8024 7223
f 7373 8024 8024
f 2042 2107 7979
f 2107 2061 7982
f 7979 7982 7364
f 2107 7982 7979
f 2061 2108 7993
f 2108 2047 7991
f 7993 7991 7367
f 2108 7991 7993
f 7364 7994 7980
f 7994 7367 7992
f 7980 7992 7222
f 7994 7992 7980
f 2061 7993 7982
f 7993 7367 7994
f 7982 7994 7364
f 7993 7994 7982
f 2047 2105 8027
f 2105 2060 8029
f 8027 8029 7374
f 2105 8029 8027
f 2060 2104 8021
f 2104 2040 8019
f 8021 8019 7372
f 2104 8019 8021
f 7374 8031 8028
f 8031 7372 8020
f 8028 8020 7223
f 8031 8020 8028
f 2060 8021 8029
f 8021 7372 8031
f 8029 8031 7374
f 8021 8031 8029
f 7222 8037 7984
f 8037 7376 8039
f 7984 8039 7365
f 8037 8039 7984
f 7376 8038 8041
f 8038 7223 8024
f 8041 8024 7373
f 8038 8024 8041
f 7365 8025 7983
f 8025 7373 8023
f 7983 8023 1925
f 8025 8023 7983
f 7376 8041 8039
f 8041 7373 8025
f 8039 8025 7365
f 8041 8025 8039
f 2047 8027 7991
f 8027 7374 8030
f 7991 8030 7367
f 8027 8030 7991
f 7374 8028 8042
f 8028 7223 8038
f 8042 8038 7376
f 8028 8038 8042
f 7367 8040 7992
f 8040 7376 8037
f 7992 8037 7222
f 8040 8037 7992
f 7374 8042 8030
f 8042 7376 8040
f 8030 8040 7367
f 8042 8040 8030
f 2042 7979 7979
f 7979 7364 7364
f 7979 7364 7364
f 7979 7364 7979
f 7364 7980 7980
f 7980 7222 7222
f 7980 7222 7222
f 7980 7222 7980
f 7364 7980 7980
f 7980 7222 7222
f 7980 7222 7222
f 7980 7222 7980
f 7364 7980 7364
f 7980 7222 7980
f 7364 7980 7364
f 7980 7980 7364
f 7222 7984 7984
f 7984 7365 7365
f 7984 7365 7365
f 7984 7365 7984
f 7365 7983 7983
f 7983 1925 1925
f 7983 1925 1925
f 7983 1925 7983
f 7365 7983 7983
f 7983 1925 1925
f 7983 1925 1925
f 7983 1925 7983
f 7365 7983 7365
f 7983 1925 7983
f 7365 7983 7365
f 7983 7983 7365
f 7222 7984 7984
f 7984 7365 7365
f 7984 7365 7365
f 7984 7365 7984
f 7365 7983 7983
f 7983 1925 1925
f 7983 1925 1925
f 7983 1925 7983
f 7365 7983 7983
f 7983 1925 1925
f 7983 1925 1925
f 7983 1925 7983
f 7365 7983 7365
f 7983 1925 7983
f 7365 7983 7365
f 7983 7983 7365
f 7222 7984 7222
f 7984 7365 7984
f 7222 7984 7222
f 7984 7984 7222
f 7365 7983 7365
f 7983 1925 7983
f 7365 7983 7365
f 7983 7983 7365
f 7222 7984 7222
f 7984 7365 7984
f 7222 7984 7222
f 7984 7984 7222
f 7365 7365 7984
f 7365 7365 7984
f 7984 7984 7222
f 7365 7984 7984
f 6695 7839 7957
f 7839 7327 7960
f 7957 7960 7359
f 7839 7960 7957
f 7327 7840 7971
f 7840 7212 7969
f 7971 7969 7362
f 7840 7969 7971
f 7359 7972 7958
f 7972 7362 7970
f 7958 7970 7221
f 7972 7970 7958
f 7327 7971 7960
f 7971 7362 7972
f 7960 7972 7359
f 7971 7972 7960
f 7212 7842 7986
f 7842 7328 7988
f 7986 7988 7366
f 7842 7988 7986
f 7328 7841 7981
f 7841 2042 7979
f 7981 7979 7364
f 7841 7979 7981
f 7366 7990 7987
f 7990 7364 7980
f 7987 7980 7222
f 7990 7980 7987
f 7328 7981 7988
f 7981 7364 7990
f 7988 7990 7366
f 7981 7990 7988
f 7221 7995 7962
f 7995 7368 7997
f 7962 7997 7360
f 7995 7997 7962
f 7368 7996 7999
f 7996 7222 7984
f 7999 7984 7365
f 7996 7984 7999
f 7360 7985 7961
f 7985 7365 7983
f 7961 7983 1925
f 7985 7983 7961
f 7368 7999 7997
f 7999 7365 7985
f 7997 7985 7360
f 7999 7985 7997
f 7212 7986 7969
f 7986 7366 7989
f 7969 7989 7362
f 7986 7989 7969
f 7366 7987 8000
f 7987 7222 7996
f 8000 7996 7368
f 7987 7996 8000
f 7362 7998 7970
f 7998 7368 7995
f 7970 7995 7221
f 7998 7995 7970
f 7366 8000 7989
f 8000 7368 7998
f 7989 7998 7362
f 8000 7998 7989
f 6695 7957 7957
f 7957 7359 7359
f 7957 7359 7359
f 7957 7359 7957
f 7359 7958 7958
f 7958 7221 7221
f 7958 7221 7221
f 7958 7221 7958
f 7359 7958 7958
f 7958 7221 7221
f 7958 7221 7221
f 7958 7221 7958
f 7359 7958 7359
f 7958 7221 7958
f 7359 7958 7359
f 7958 7958 7359
f 7221 7962 7962
f 7962 7360 7360
f 7962 7360 7360
f 7962 7360 7962
f 7360 7961 7961
f 7961 1925 1925
f 7961 1925 1925
f 7961 1925 7961
f 7360 7961 7961
f 7961 1925 1925
f 7961 1925 1925
f 7961 1925 7961
f 7360 7961 7360
f 7961 1925 7961
f 7360 7961 7360
f 7961 7961 7360
f 7221 7962 7962
f 7962 7360 7360
f 7962 7360 7360
f 7962 7360 7962
f 7360 7961 7961
f 7961 1925 1925
f 7961 1925 1925
f 7961 1925 7961
f 7360 7961 7961
f 7961 1925 1925
f 7961 1925 1925
f 7961 1925 7961
f 7360 7961 7360
f 7961 1925 7961
f 7360 7961 7360
f 7961 7961 7360
f 7221 7962 7221
f 7962 7360 7962
f 7221 7962 7221
f 7962 7962 7221
f 7360 7961 7360
f 7961 1925 7961
f 7360 7961 7360
f 7961 7961 7360
f 7221 7962 7221
f 7962 7360 7962
f 7221 7962 7221
f 7962 7962 7221
f 7360 7360 7962
f 7360 7360 7962
f 7962 7962 7221
f 7360 7962 7962
f 2157 8393 2230
f 8393 7456 8414
f 2230 8414 2180
f 8393 8414 2230
f 7456 8394 8433
f 8394 7239 8431
f 8433 8431 7463
f 8394 8431 8433
f 2180 8435 2231
f 8435 7463 8432
f 2231 8432 2165
f 8435 8432 2231
f 7456 8433 8414
f 8433 7463 8435
f 8414 8435 2180
f 8433 8435 8414
f 7239 8390 8402
f 8390 7455 8404
f 8402 8404 7458
f 8390 8404 8402
f 7455 8389 8392
f 8389 1371 8358
f 8392 8358 7447
f 8389 8358 8392
f 7458 8403 8401
f 8403 7447 8359
f 8401 8359 7237
f 8403 8359 8401
f 7455 8392 8404
f 8392 7447 8403
f 8404 8403 7458
f 8392 8403 8404
f 2165 8421 2234
f 8421 7461 8424
f 2234 8424 2181
f 8421 8424 2234
f 7461 8420 8422
f 8420 7237 8362
f 8422 8362 7448
f 8420 8362 8422
f 2181 8412 2233
f 8412 7448 8361
f 2233 8361 2159
f 8412 8361 2233
f 7461 8422 8424
f 8422 7448 8412
f 8424 8412 2181
f 8422 8412 8424
f 7239 8402 8431
f 8402 7458 8434
f 8431 8434 7463
f 8402 8434 8431
f 7458 8401 8423
f 8401 7237 8420
f 8423 8420 7461
f 8401 8420 8423
f 7463 8436 8432
f 8436 7461 8421
f 8432 8421 2165
f 8436 8421 8432
f 7458 8423 8434
f 8423 7461 8436
f 8434 8436 7463
f 8423 8436 8434
f 2157 2230 2230
f 2230 2180 2180
f 2230 2180 2180
f 2230 2180 2230
f 2180 2231 2231
f 2231 2165 2165
f 2231 2165 2165
f 2231 2165 2231
f 2180 2231 2231
f 2231 2165 2165
f 2231 2165 2165
f 2231 2165 2231
f 2180 2231 2180
f 2231 2165 2231
f 2180 2231 2180
f 2231 2231 2180
f 2165 2234 2234
f 2234 2181 2181
f 2234 2181 2181
f 2234 2181 2234
f 2181 2233 2233
f 2233 2159 2159
f 2233 2159 2159
f 2233 2159 2233
f 2181 2233 2233
f 2233 2159 2159
f 2233 2159 2159
f 2233 2159 2233
f 2181 2233 2181
f 2233 2159 2233
f 2181 2233 2181
f 2233 2233 2181
f 2165 2234 2234
f 2234 2181 2181
f 2234 2181 2181
f 2234 2181 2234
f 2181 2233 2233
f 2233 2159 2159
f 2233 2159 2159
f 2233 2159 2233
f 2181 2233 2233
f 2233 2159 2159
f 2233 2159 2159
f 2233 2159 2233
f 2181 2233 2181
f 2233 2159 2233
f 2181 2233 2181
f 2233 2233 2181
f 2165 2234 2165
f 2234 2181 2234
f 2165 2234 2165
f 2234 2234 2165
f 2181 2233 2181
f 2233 2159 2233
f 2181 2233 2181
f 2233 2233 2181
f 2165 2234 2165
f 2234 2181 2234
f 2165 2234 2165
f 2234 2234 2165
f 2181 2181 2234
f 2181 2181 2234
f 2234 2234 2165
f 2181 2234 2234
f 339 8279 7127
f 8279 7430 8281
f 7127 8281 6976
f 8279 8281 7127
f 7430 8280 8289
f 8280 7234 8286
f 8289 8286 7432
f 8280 8286 8289
f 6976 8287 7128
f 8287 7432 8285
f 7128 8285 6941
f 8287 8285 7128
f 7430 8289 8281
f 8289 7432 8287
f 8281 8287 6976
f 8289 8287 8281
f 7234 8283 8291
f 8283 7431 8294
f 8291 8294 7433
f 8283 8294 8291
f 7431 8282 8284
f 8282 2159 8269
f 8284 8269 7427
f 8282 8269 8284
f 7433 8292 8290
f 8292 7427 8270
f 8290 8270 7233
f 8292 8270 8290
f 7431 8284 8294
f 8284 7427 8292
f 8294 8292 7433
f 8284 8292 8294
f 6941 8271 7131
f 8271 7428 8273
f 7131 8273 6977
f 8271 8273 7131
f 7428 8272 8274
f 8272 7233 8266
f 8274 8266 7426
f 8272 8266 8274
f 6977 8267 7130
f 8267 7426 8265
f 7130 8265 6695
f 8267 8265 7130
f 7428 8274 8273
f 8274 7426 8267
f 8273 8267 6977
f 8274 8267 8273
f 7234 8291 8286
f 8291 7433 8295
f 8286 8295 7432
f 8291 8295 8286
f 7433 8290 8293
f 8290 7233 8272
f 8293 8272 7428
f 8290 8272 8293
f 7432 8288 8285
f 8288 7428 8271
f 8285 8271 6941
f 8288 8271 8285
f 7433 8293 8295
f 8293 7428 8288
f 8295 8288 7432
f 8293 8288 8295
f 339 7127 7127
f 7127 6976 6976
f 7127 6976 6976
f 7127 6976 7127
f 6976 7128 7128
f 7128 6941 6941
f 7128 6941 6941
f 7128 6941 7128
f 6976 7128 7128
f 7128 6941 6941
f 7128 6941 6941
f 7128 6941 7128
f 6976 7128 6976
f 7128 6941 7128
f 6976 7128 6976
f 7128 7128 6976
f 6941 7131 7131
f 7131 6977 6977
f 7131 6977 6977
f 7131 6977 7131
f 6977 7130 7130
f 7130 6695 6695
f 7130 6695 6695
f 7130 6695 7130
f 6977 7130 7130
f 7130 6695 6695
f 7130 6695 6695
f 7130 6695 7130
f 6977 7130 6977
f 7130 6695 7130
f 6977 7130 6977
f 7130 7130 6977
f 6941 7131 7131
f 7131 6977 6977
f 7131 6977 6977
f 7131 6977 7131
f 6977 7130 7130
f 7130 6695 6695
f 7130 6695 6695
f 7130 6695 7130
f 6977 7130 7130
f 7130 6695 6695
f 7130 6695 6695
f 7130 6695 7130
f 6977 7130 6977
f 7130 6695 7130
f 6977 7130 6977
f 7130 7130 6977
f 6941 7131 6941
f 7131 6977 7131
f 6941 7131 6941
f 7131 7131 6941
f 6977 7130 6977
f 7130 6695 7130
f 6977 7130 6977
f 7130 7130 6977
f 6941 7131 6941
f 7131 6977 7131
f 6941 7131 6941
f 7131 7131 6941
f 6977 6977 7131
f 6977 6977 7131
f 7131 7131 6941
f 6977 7131 7131
f 2159 8361 8318
f 8361 7448 8363
f 8318 8363 7438
f 8361 8363 8318
f 7448 8362 8373
f 8362 7237 8370
f 8373 8370 7450
f 8362 8370 8373
f 7438 8371 8319
f 8371 7450 8369
f 8319 8369 7235
f 8371 8369 8319
f 7448 8373 8363
f 8373 7450 8371
f 8363 8371 7438
f 8373 8371 8363
f 7237 8359 8365
f 8359 7447 8368
f 8365 8368 7449
f 8359 8368 8365
f 7447 8358 8360
f 8358 1371 8211
f 8360 8211 7415
f 8358 8211 8360
f 7449 8366 8364
f 8366 7415 8212
f 8364 8212 7231
f 8366 8212 8364
f 7447 8360 8368
f 8360 7415 8366
f 8368 8366 7449
f 8360 8366 8368
f 7235 8325 8315
f 8325 7440 8327
f 8315 8327 7437
f 8325 8327 8315
f 7440 8324 8326
f 8324 7231 8209
f 8326 8209 7414
f 8324 8209 8326
f 7437 8317 8314
f 8317 7414 8208
f 8314 8208 2043
f 8317 8208 8314
f 7440 8326 8327
f 8326 7414 8317
f 8327 8317 7437
f 8326 8317 8327
f 7237 8365 8370
f 8365 7449 8374
f 8370 8374 7450
f 8365 8374 8370
f 7449 8364 8367
f 8364 7231 8324
f 8367 8324 7440
f 8364 8324 8367
f 7450 8372 8369
f 8372 7440 8325
f 8369 8325 7235
f 8372 8325 8369
f 7449 8367 8374
f 8367 7440 8372
f 8374 8372 7450
f 8367 8372 8374
f 2159 8318 8318
f 8318 7438 7438
f 8318 7438 7438
f 8318 7438 8318
f 7438 8319 8319
f 8319 7235 7235
f 8319 7235 7235
f 8319 7235 8319
f 7438 8319 8319
f 8319 7235 7235
f 8319 7235 7235
f 8319 7235 8319
f 7438 8319 7438
f 8319 7235 8319
f 7438 8319 7438
f 8319 8319 7438
f 7235 8315 8315
f 8315 7437 7437
f 8315 7437 7437
f 8315 7437 8315
f 7437 8314 8314
f 8314 2043 2043
f 8314 2043 2043
f 8314 2043 8314
f 7437 8314 8314
f 8314 2043 2043
f 8314 2043 2043
f 8314 2043 8314
f 7437 8314 7437
f 8314 2043 8314
f 7437 8314 7437
f 8314 8314 7437
f 7235 8315 8315
f 8315 7437 7437
f 8315 7437 7437
f 8315 7437 8315
f 7437 8314 8314
f 8314 2043 2043
f 8314 2043 2043
f 8314 2043 8314
f 7437 8314 8314
f 8314 2043 2043
f 8314 2043 2043
f 8314 2043 8314
f 7437 8314 7437
f 8314 2043 8314
f 7437 8314 7437
f 8314 8314 7437
f 7235 8315 7235
f 8315 7437 8315
f 7235 8315 7235
f 8315 8315 7235
f 7437 8314 7437
f 8314 2043 8314
f 7437 8314 7437
f 8314 8314 7437
f 7235 8315 7235
f 8315 7437 8315
f 7235 8315 7235
f 8315 8315 7235
f 7437 7437 8315
f 7437 7437 8315
f 8315 8315 7235
f 7437 8315 8315
f 1514 8185 1607
f 8185 7408 8252
f 1607 8252 1542
f 8185 8252 1607
f 7408 8186 8256
f 8186 7229 8254
f 8256 8254 7424
f 8186 8254 8256
f 1542 8258 1608
f 8258 7424 8255
f 1608 8255 1523
f 8258 8255 1608
f 7408 8256 8252
f 8256 7424 8258
f 8252 8258 1542
f 8256 8258 8252
f 7229 8183 8229
f 8183 7407 8231
f 8229 8231 7420
f 8183 8231 8229
f 7407 8182 8220
f 8182 1926 8217
f 8220 8217 7417
f 8182 8217 8220
f 7420 8232 8230
f 8232 7417 8218
f 8230 8218 7232
f 8232 8218 8230
f 7407 8220 8231
f 8220 7417 8232
f 8231 8232 7420
f 8220 8232 8231
f 1523 8260 1605
f 8260 7425 8263
f 1605 8263 1541
f 8260 8263 1605
f 7425 8259 8261
f 8259 7232 8222
f 8261 8222 7418
f 8259 8222 8261
f 1541 8253 1604
f 8253 7418 8221
f 1604 8221 1371
f 8253 8221 1604
f 7425 8261 8263
f 8261 7418 8253
f 8263 8253 1541
f 8261 8253 8263
f 7229 8229 8254
f 8229 7420 8257
f 8254 8257 7424
f 8229 8257 8254
f 7420 8230 8262
f 8230 7232 8259
f 8262 8259 7425
f 8230 8259 8262
f 7424 8264 8255
f 8264 7425 8260
f 8255 8260 1523
f 8264 8260 8255
f 7420 8262 8257
f 8262 7425 8264
f 8257 8264 7424
f 8262 8264 8257
f 1514 1607 1607
f 1607 1542 1542
f 1607 1542 1542
f 1607 1542 1607
f 1542 1608 1608
f 1608 1523 1523
f 1608 1523 1523
f 1608 1523 1608
f 1542 1608 1608
f 1608 1523 1523
f 1608 1523 1523
f 1608 1523 1608
f 1542 1608 1542
f 1608 1523 1608
f 1542 1608 1542
f 1608 1608 1542
f 1523 1605 1605
f 1605 1541 1541
f 1605 1541 1541
f 1605 1541 1605
f 1541 1604 1604
f 1604 1371 1371
f 1604 1371 1371
f 1604 1371 1604
f 1541 1604 1604
f 1604 1371 1371
f 1604 1371 1371
f 1604 1371 1604
f 1541 1604 1541
f 1604 1371 1604
f 1541 1604 1541
f 1604 1604 1541
f 1523 1605 1605
f 1605 1541 1541
f 1605 1541 1541
f 1605 1541 1605
f 1541 1604 1604
f 1604 1371 1371
f 1604 1371 1371
f 1604 1371 1604
f 1541 1604 1604
f 1604 1371 1371
f 1604 1371 1371
f 1604 1371 1604
f 1541 1604 1541
f 1604 1371 1604
f 1541 1604 1541
f 1604 1604 1541
f 1523 1605 1523
f 1605 1541 1605
f 1523 1605 1523
f 1605 1605 1523
f 1541 1604 1541
f 1604 1371 1604
f 1541 1604 1541
f 1604 1604 1541
f 1523 1605 1523
f 1605 1541 1605
f 1523 1605 1523
f 1605 1605 1523
f 1541 1541 1605
f 1541 1541 1605
f 1605 1605 1523
f 1541 1605 1605
f 2043 8208 8120
f 8208 7414 8210
f 8120 8210 7394
f 8208 8210 8120
f 7414 8209 8216
f 8209 7231 8214
f 8216 8214 7416
f 8209 8214 8216
f 7394 8215 8121
f 8215 7416 8213
f 8121 8213 7227
f 8215 8213 8121
f 7414 8216 8210
f 8216 7416 8215
f 8210 8215 7394
f 8216 8215 8210
f 7231 8212 8233
f 8212 7415 8235
f 8233 8235 7421
f 8212 8235 8233
f 7415 8211 8223
f 8211 1371 8221
f 8223 8221 7418
f 8211 8221 8223
f 7421 8237 8234
f 8237 7418 8222
f 8234 8222 7232
f 8237 8222 8234
f 7415 8223 8235
f 8223 7418 8237
f 8235 8237 7421
f 8223 8237 8235
f 7227 8224 8124
f 8224 7419 8226
f 8124 8226 7395
f 8224 8226 8124
f 7419 8225 8228
f 8225 7232 8218
f 8228 8218 7417
f 8225 8218 8228
f 7395 8219 8123
f 8219 7417 8217
f 8123 8217 1926
f 8219 8217 8123
f 7419 8228 8226
f 8228 7417 8219
f 8226 8219 7395
f 8228 8219 8226
f 7231 8233 8214
f 8233 7421 8236
f 8214 8236 7416
f 8233 8236 8214
f 7421 8234 8238
f 8234 7232 8225
f 8238 8225 7419
f 8234 8225 8238
f 7416 8227 8213
f 8227 7419 8224
f 8213 8224 7227
f 8227 8224 8213
f 7421 8238 8236
f 8238 7419 8227
f 8236 8227 7416
f 8238 8227 8236
f 2043 8120 8120
f 8120 7394 7394
f 8120 7394 7394
f 8120 7394 8120
f 7394 8121 8121
f 8121 7227 7227
f 8121 7227 7227
f 8121 7227 8121
f 7394 8121 8121
f 8121 7227 7227
f 8121 7227 7227
f 8121 7227 8121
f 7394 8121 7394
f 8121 7227 8121
f 7394 8121 7394
f 8121 8121 7394
f 7227 8124 8124
f 8124 7395 7395
f 8124 7395 7395
f 8124 7395 8124
f 7395 8123 8123
f 8123 1926 1926
f 8123 1926 1926
f 8123 1926 8123
f 7395 8123 8123
f 8123 1926 1926
f 8123 1926 1926
f 8123 1926 8123
f 7395 8123 7395
f 8123 1926 8123
f 7395 8123 7395
f 8123 8123 7395
f 7227 8124 8124
f 8124 7395 7395
f 8124 7395 7395
f 8124 7395 8124
f 7395 8123 8123
f 8123 1926 1926
f 8123 1926 1926
f 8123 1926 8123
f 7395 8123 8123
f 8123 1926 1926
f 8123 1926 1926
f 8123 1926 8123
f 7395 8123 7395
f 8123 1926 8123
f 7395 8123 7395
f 8123 8123 7395
f 7227 8124 7227
f 8124 7395 8124
f 7227 8124 7227
f 8124 8124 7227
f 7395 8123 7395
f 8123 1926 8123
f 7395 8123 7395
f 8123 8123 7395
f 7227 8124 7227
f 8124 7395 8124
f 7227 8124 7227
f 8124 8124 7227
f 7395 7395 8124
f 7395 7395 8124
f 8124 8124 7227
f 7395 8124 8124