# https://github.com/mikedh/trimesh
v 29.46899986 0.31099999 0.00000000
v 29.46899986 0.31099999 3.00000000
v 29.46899986 1.24838030 0.00000000
v 29.46899986 1.24838030 3.00000000
v 29.46899986 0.31099999 1.50000000
v 29.46899986 0.77969015 0.00000000
v 29.46899986 0.77969015 1.50000000
v 29.46899986 0.77969015 3.00000000
v 29.46899986 1.24838030 1.50000000
v 29.46899986 0.31099999 0.75000000
v 29.46899986 0.31099999 2.25000000
v 29.46899986 0.54534507 0.00000000
v 29.46899986 1.01403522 0.00000000
v 29.46899986 0.54534507 0.75000000
v 29.46899986 0.54534507 2.25000000
v 29.46899986 1.01403522 0.75000000
v 29.46899986 0.54534507 1.50000000
v 29.46899986 0.77969015 0.75000000
v 29.46899986 0.54534507 3.00000000
v 29.46899986 1.01403522 3.00000000
v 29.46899986 0.77969015 2.25000000
v 29.46899986 1.24838030 0.75000000
v 29.46899986 1.24838030 2.25000000
v 29.46899986 1.01403522 1.50000000
v 29.46899986 1.01403522 2.25000000
v 29.46899986 0.31099999 0.37500000
v 29.46899986 0.31099999 1.12500000
v 29.46899986 0.31099999 2.62500000
v 29.46899986 0.31099999 1.87500000
v 29.46899986 0.42817253 0.00000000
v 29.46899986 0.66251761 0.00000000
v 29.46899986 0.42817253 0.37500000
v 29.46899986 1.13120776 0.00000000
v 29.46899986 0.89686269 0.00000000
v 29.46899986 0.42817253 1.12500000
v 29.46899986 0.66251761 0.37500000
v 29.46899986 0.42817253 0.75000000
v 29.46899986 0.54534507 0.37500000
v 29.46899986 0.42817253 2.62500000
v 29.46899986 0.66251761 1.87500000
v 29.46899986 0.42817253 2.25000000
v 29.46899986 1.13120776 0.37500000
v 29.46899986 0.89686269 1.12500000
v 29.46899986 1.01403522 0.37500000
v 29.46899986 0.42817253 1.50000000
v 29.46899986 0.66251761 1.50000000
v 29.46899986 0.42817253 1.87500000
v 29.46899986 0.54534507 1.12500000
v 29.46899986 0.54534507 1.87500000
v 29.46899986 0.77969015 0.37500000
v 29.46899986 0.77969015 1.12500000
v 29.46899986 0.89686269 0.37500000
v 29.46899986 0.66251761 0.75000000
v 29.46899986 0.89686269 0.75000000
v 29.46899986 0.66251761 1.12500000
v 29.46899986 0.42817253 3.00000000
v 29.46899986 0.66251761 3.00000000
v 29.46899986 0.54534507 2.62500000
v 29.46899986 1.13120776 3.00000000
v 29.46899986 0.89686269 3.00000000
v 29.46899986 0.77969015 1.87500000
v 29.46899986 0.77969015 2.62500000
v 29.46899986 0.66251761 2.25000000
v 29.46899986 0.66251761 2.62500000
v 29.46899986 1.24838030 0.37500000
v 29.46899986 1.24838030 1.12500000
v 29.46899986 1.13120776 0.75000000
v 29.46899986 1.24838030 2.62500000
v 29.46899986 1.24838030 1.87500000
v 29.46899986 1.13120776 2.62500000
v 29.46899986 0.89686269 1.50000000
v 29.46899986 1.13120776 1.50000000
v 29.46899986 1.01403522 1.12500000
v 29.46899986 0.89686269 1.87500000
v 29.46899986 1.13120776 1.12500000
v 29.46899986 0.89686269 2.62500000
v 29.46899986 1.13120776 1.87500000
v 29.46899986 1.01403522 2.62500000
v 29.46899986 0.89686269 2.25000000
v 29.46899986 1.13120776 2.25000000
v 29.46899986 1.01403522 1.87500000
v 29.46899986 4.21087503 0.00000000
v 29.46899986 4.21087503 3.00000000
v 29.46899986 5.65299988 0.00000000
v 29.46899986 5.65299988 3.00000000
v 29.46899986 4.21087503 1.50000000
v 29.46899986 4.93193746 0.00000000
v 29.46899986 4.93193746 1.50000000
v 29.46899986 4.93193746 3.00000000
v 29.46899986 5.65299988 1.50000000
v 29.46899986 4.21087503 0.75000000
v 29.46899986 4.21087503 2.25000000
v 29.46899986 4.57140625 0.00000000
v 29.46899986 5.29246867 0.00000000
v 29.46899986 4.57140625 0.75000000
v 29.46899986 4.57140625 2.25000000
v 29.46899986 5.29246867 0.75000000
v 29.46899986 4.57140625 1.50000000
v 29.46899986 4.93193746 0.75000000
v 29.46899986 4.57140625 3.00000000
v 29.46899986 5.29246867 3.00000000
v 29.46899986 4.93193746 2.25000000
v 29.46899986 5.65299988 0.75000000
v 29.46899986 5.65299988 2.25000000
v 29.46899986 5.29246867 1.50000000
v 29.46899986 5.29246867 2.25000000
v 29.46899986 4.21087503 0.37500000
v 29.46899986 4.21087503 1.12500000
v 29.46899986 4.21087503 2.62500000
v 29.46899986 4.21087503 1.87500000
v 29.46899986 4.39114064 0.00000000
v 29.46899986 4.75167185 0.00000000
v 29.46899986 4.39114064 0.37500000
v 29.46899986 5.47273427 0.00000000
v 29.46899986 5.11220306 0.00000000
v 29.46899986 4.39114064 1.12500000
v 29.46899986 4.75167185 0.37500000
v 29.46899986 4.39114064 0.75000000
v 29.46899986 4.57140625 0.37500000
v 29.46899986 4.39114064 2.62500000
v 29.46899986 4.75167185 1.87500000
v 29.46899986 4.39114064 2.25000000
v 29.46899986 5.47273427 0.37500000
v 29.46899986 5.11220306 1.12500000
v 29.46899986 5.29246867 0.37500000
v 29.46899986 4.39114064 1.50000000
v 29.46899986 4.75167185 1.50000000
v 29.46899986 4.39114064 1.87500000
v 29.46899986 4.57140625 1.12500000
v 29.46899986 4.57140625 1.87500000
v 29.46899986 4.93193746 0.37500000
v 29.46899986 4.93193746 1.12500000
v 29.46899986 5.11220306 0.37500000
v 29.46899986 4.75167185 0.75000000
v 29.46899986 5.11220306 0.75000000
v 29.46899986 4.75167185 1.12500000
v 29.46899986 4.39114064 3.00000000
v 29.46899986 4.75167185 3.00000000
v 29.46899986 4.57140625 2.62500000
v 29.46899986 5.47273427 3.00000000
v 29.46899986 5.11220306 3.00000000
v 29.46899986 4.93193746 1.87500000
v 29.46899986 4.93193746 2.62500000
v 29.46899986 4.75167185 2.25000000
v 29.46899986 4.75167185 2.62500000
v 29.46899986 5.65299988 0.37500000
v 29.46899986 5.65299988 1.12500000
v 29.46899986 5.47273427 0.75000000
v 29.46899986 5.65299988 2.62500000
v 29.46899986 5.65299988 1.87500000
v 29.46899986 5.47273427 2.62500000
v 29.46899986 5.11220306 1.50000000
v 29.46899986 5.47273427 1.50000000
v 29.46899986 5.29246867 1.12500000
v 29.46899986 5.11220306 1.87500000
v 29.46899986 5.47273427 1.12500000
v 29.46899986 5.11220306 2.62500000
v 29.46899986 5.47273427 1.87500000
v 29.46899986 5.29246867 2.62500000
v 29.46899986 5.11220306 2.25000000
v 29.46899986 5.47273427 2.25000000
v 29.46899986 5.29246867 1.87500000
v 31.04817963 6.39900017 0.00000000
v 30.31800079 5.65299988 0.00000000
v 30.31800079 6.39900017 0.00000000
v 29.58932114 0.31099999 0.00000000
v 31.30021477 0.31099999 0.00000000
v 29.58932114 0.00000000 0.00000000
v 31.30021477 0.00000000 0.00000000
v 35.60100174 6.39900017 0.00000000
v 35.29000092 4.58058167 0.00000000
v 34.70317841 6.39900017 0.00000000
v 35.60100174 4.58058167 0.00000000
v 35.60100174 4.39828968 0.00000000
v 35.29000092 2.71632624 0.00000000
v 35.29000092 4.39828968 0.00000000
v 35.60100174 2.71632624 0.00000000
v 35.60100174 2.53800988 0.00000000
v 35.29000092 1.22904634 0.00000000
v 35.29000092 2.53800988 0.00000000
v 35.60100174 1.22904634 0.00000000
v 31.43423843 0.31099999 0.00000000
v 33.14513016 0.31099999 0.00000000
v 31.43423843 0.00000000 0.00000000
v 33.30065918 0.31099999 0.00000000
v 34.58455276 0.31099999 0.00000000
v 33.30065918 0.00000000 0.00000000
v 35.29000092 0.31099999 0.00000000
v 34.58455276 0.00000000 0.00000000
v 33.14513016 0.00000000 0.00000000
v 30.68309021 6.02600002 0.00000000
v 30.68309021 6.39900017 0.00000000
v 30.31800079 6.02600002 0.00000000
v 29.89350033 4.93193746 0.00000000
v 29.89350033 5.65299988 0.00000000
v 29.89350033 3.45069009 0.00000000
v 29.46899986 2.72962767 0.00000000
v 29.95366096 2.98199993 0.00000000
v 29.52916050 0.77969015 0.00000000
v 29.52916050 0.31099999 0.00000000
v 31.17419720 3.35500008 0.00000000
v 30.80910778 2.98199993 0.00000000
v 30.44476795 0.31099999 0.00000000
v 29.58932114 0.15549999 0.00000000
v 30.44476795 0.15549999 0.00000000
v 31.30021477 0.15549999 0.00000000
v 30.44476795 0.00000000 0.00000000
v 35.44550133 5.48979092 0.00000000
v 32.87567902 6.39900017 0.00000000
v 35.15209007 6.39900017 0.00000000
v 34.99658966 5.48979092 0.00000000
v 35.60100174 5.48979092 0.00000000
v 35.44550133 4.58058167 0.00000000
v 34.99658966 4.55766320 0.00000000
v 35.44550133 3.55730796 0.00000000
v 35.29000092 4.48943567 0.00000000
v 34.99658966 5.39864492 0.00000000
v 35.44550133 4.39828968 0.00000000
v 35.29000092 3.55730796 0.00000000
v 35.60100174 3.55730796 0.00000000
v 35.44550133 2.71632624 0.00000000
v 35.44550133 1.88352811 0.00000000
v 35.29000092 2.62716806 0.00000000
v 35.44550133 2.53800988 0.00000000
v 35.29000092 1.88352811 0.00000000
v 35.60100174 1.88352811 0.00000000
v 35.44550133 1.22904634 0.00000000
v 31.24120903 3.35500008 0.00000000
v 31.36722660 0.31099999 0.00000000
v 33.06870842 3.35500008 0.00000000
v 33.92415428 3.35500008 0.00000000
v 32.28968430 0.31099999 0.00000000
v 31.43423843 0.15549999 0.00000000
v 32.28968430 0.15549999 0.00000000
v 34.00191879 3.35500008 0.00000000
v 33.22289467 0.31099999 0.00000000
v 34.64386559 3.35500008 0.00000000
v 34.93727684 1.51366311 0.00000000
v 34.93727684 0.77002317 0.00000000
v 34.93727684 1.42450494 0.00000000
v 33.94260597 0.31099999 0.00000000
v 33.30065918 0.15549999 0.00000000
v 33.94260597 0.15549999 0.00000000
v 35.29000092 0.77002317 0.00000000
v 34.93727684 0.31099999 0.00000000
v 34.58455276 0.15549999 0.00000000
v 33.94260597 0.00000000 0.00000000
v 33.14513016 0.15549999 0.00000000
v 32.28968430 0.00000000 0.00000000
v 30.86563492 6.21250010 0.00000000
v 30.50054550 5.83949995 0.00000000
v 30.86563492 6.39900017 0.00000000
v 30.50054550 6.39900017 0.00000000
v 30.68309021 6.21250010 0.00000000
v 30.31800079 5.83949995 0.00000000
v 30.31800079 6.21250010 0.00000000
v 30.50054550 6.02600002 0.00000000
v 30.50054550 6.21250010 0.00000000
v 30.10575056 5.29246867 0.00000000
v 29.68125010 4.57140625 0.00000000
v 30.10575056 5.65299988 0.00000000
v 29.68125010 5.65299988 0.00000000
v 29.89350033 5.29246867 0.00000000
v 29.68125010 4.93193746 0.00000000
v 29.68125010 5.29246867 0.00000000
v 30.10575056 4.55184498 0.00000000
v 29.68125010 2.34953520 0.00000000
v 29.89350033 4.19131377 0.00000000
v 29.46899986 3.47025135 0.00000000
v 29.46899986 1.98900399 0.00000000
v 29.68125010 3.83078256 0.00000000
v 29.68125010 3.09015888 0.00000000
v 30.13583088 4.31749991 0.00000000
v 29.77149105 1.64649996 0.00000000
v 29.92358065 3.21634501 0.00000000
v 29.49908018 1.01403522 0.00000000
v 29.55924082 0.54534507 0.00000000
v 29.71133041 2.11519012 0.00000000
v 29.74141073 1.88084504 0.00000000
v 29.49908018 0.77969015 0.00000000
v 29.55924082 0.31099999 0.00000000
v 29.49908018 0.31099999 0.00000000
v 29.52916050 0.54534507 0.00000000
v 29.49908018 0.54534507 0.00000000
v 31.11118841 4.87700012 0.00000000
v 31.23720598 1.83300003 0.00000000
v 30.92864370 4.69050005 0.00000000
v 30.56355429 4.31749991 0.00000000
v 31.05466127 1.64649996 0.00000000
v 30.74609900 4.50399998 0.00000000
v 30.38138437 2.98199993 0.00000000
v 30.99165249 3.16850001 0.00000000
v 30.01704454 0.31099999 0.00000000
v 30.87249136 0.31099999 0.00000000
v 30.19921446 1.64649996 0.00000000
v 30.62693787 1.64649996 0.00000000
v 29.58932114 0.23324999 0.00000000
v 29.58932114 0.07775000 0.00000000
v 30.01704454 0.23324999 0.00000000
v 30.87249136 0.07775000 0.00000000
v 30.44476795 0.23324999 0.00000000
v 30.01704454 0.15549999 0.00000000
v 31.30021477 0.23324999 0.00000000
v 31.30021477 0.07775000 0.00000000
v 30.87249136 0.23324999 0.00000000
v 30.87249136 0.15549999 0.00000000
v 30.01704454 0.00000000 0.00000000
v 30.87249136 0.00000000 0.00000000
v 30.01704454 0.07775000 0.00000000
v 30.44476795 0.07775000 0.00000000
v 35.52325153 5.94439554 0.00000000
v 35.36775112 5.03518629 0.00000000
v 31.96192932 6.39900017 0.00000000
v 33.78942871 6.39900017 0.00000000
v 35.37654591 6.39900017 0.00000000
v 34.92763424 6.39900017 0.00000000
v 35.29879570 5.94439554 0.00000000
v 35.14329529 5.03518629 0.00000000
v 34.84988403 5.94439554 0.00000000
v 35.22104549 5.48979092 0.00000000
v 35.07433987 5.94439554 0.00000000
v 35.60100174 5.94439554 0.00000000
v 35.60100174 5.03518629 0.00000000
v 35.52325153 5.48979092 0.00000000
v 35.36775112 4.58058167 0.00000000
v 35.52325153 4.58058167 0.00000000
v 35.44550133 5.03518629 0.00000000
v 35.52325153 5.03518629 0.00000000
v 34.84988403 5.47833169 0.00000000
v 35.14329529 3.63699472 0.00000000
v 35.52325153 3.97779882 0.00000000
v 35.36775112 3.13681710 0.00000000
v 35.29000092 4.53500867 0.00000000
v 35.29000092 4.44386268 0.00000000
v 35.14329529 4.98961329 0.00000000
v 34.84988403 5.89882255 0.00000000
v 35.14329529 4.89846730 0.00000000
v 34.99658966 5.44421792 0.00000000
v 34.99658966 4.97815406 0.00000000
v 35.14329529 4.94404030 0.00000000
v 35.52325153 4.39828968 0.00000000
v 35.36775112 4.39828968 0.00000000
v 35.44550133 3.97779882 0.00000000
v 35.29000092 3.13681710 0.00000000
v 35.29000092 3.97779882 0.00000000
v 35.14329529 4.05748558 0.00000000
v 35.36775112 3.55730796 0.00000000
v 35.14329529 4.47797644 0.00000000
v 35.36775112 3.97779882 0.00000000
v 35.60100174 3.97779882 0.00000000
v 35.60100174 3.13681710 0.00000000
v 35.52325153 3.55730796 0.00000000
v 35.36775112 2.71632624 0.00000000
v 35.52325153 2.71632624 0.00000000
v 35.44550133 3.13681710 0.00000000
v 35.52325153 3.13681710 0.00000000
v 35.52325153 2.21076900 0.00000000
v 35.36775112 1.55628723 0.00000000
v 35.29000092 2.67174715 0.00000000
v 35.29000092 2.58258897 0.00000000
v 35.52325153 2.53800988 0.00000000
v 35.36775112 2.53800988 0.00000000
v 35.44550133 2.21076900 0.00000000
v 35.29000092 1.55628723 0.00000000
v 35.29000092 2.21076900 0.00000000
v 35.36775112 1.88352811 0.00000000
v 35.36775112 2.21076900 0.00000000
v 35.60100174 2.21076900 0.00000000
v 35.60100174 1.55628723 0.00000000
v 35.52325153 1.88352811 0.00000000
v 35.36775112 1.22904634 0.00000000
v 35.52325153 1.22904634 0.00000000
v 35.44550133 1.55628723 0.00000000
v 35.52325153 1.55628723 0.00000000
v 31.14469433 4.87700012 0.00000000
v 31.33772373 1.83300003 0.00000000
v 31.20770311 3.35500008 0.00000000
v 32.05844402 4.87700012 0.00000000
v 31.33372068 0.31099999 0.00000000
v 31.40073252 0.31099999 0.00000000
v 31.27071190 1.83300003 0.00000000
v 31.30421782 1.83300003 0.00000000
v 33.88594341 4.87700012 0.00000000
v 32.25147343 1.83300003 0.00000000
v 32.97219372 4.87700012 0.00000000
v 32.15495872 3.35500008 0.00000000
v 34.31366634 4.87700012 0.00000000
v 33.53464222 1.83300003 0.00000000
v 33.49643135 3.35500008 0.00000000
v 31.86196136 0.31099999 0.00000000
v 32.71740723 0.31099999 0.00000000
v 32.67919636 1.83300003 0.00000000
v 33.10691929 1.83300003 0.00000000
v 31.43423843 0.23324999 0.00000000
v 31.43423843 0.07775000 0.00000000
v 31.86196136 0.23324999 0.00000000
v 32.71740723 0.23324999 0.00000000
v 31.86196136 0.07775000 0.00000000
v 32.28968430 0.23324999 0.00000000
v 31.86196136 0.15549999 0.00000000
v 34.35254860 4.87700012 0.00000000
v 33.65128899 1.83300003 0.00000000
v 33.96303654 3.35500008 0.00000000
v 33.18401241 0.31099999 0.00000000
v 33.26177692 0.31099999 0.00000000
v 33.57352448 1.83300003 0.00000000
v 33.61240673 1.83300003 0.00000000
v 34.67352200 4.87700012 0.00000000
v 34.61420918 1.83300003 0.00000000
v 34.82022762 3.95633164 0.00000000
v 34.32289219 3.35500008 0.00000000
v 35.11363888 2.11499467 0.00000000
v 34.76091480 0.91233155 0.00000000
v 34.96693325 3.03566316 0.00000000
v 35.11363888 2.07041559 0.00000000
v 34.79057121 2.43433160 0.00000000
v 35.11363888 0.99953476 0.00000000
v 34.76091480 0.54051158 0.00000000
v 35.11363888 1.32677564 0.00000000
v 35.11363888 1.98125741 0.00000000
v 34.76091480 0.86775246 0.00000000
v 35.11363888 2.02583650 0.00000000
v 35.11363888 1.65401652 0.00000000
v 34.93727684 1.46908402 0.00000000
v 34.93727684 1.09726405 0.00000000
v 33.62163258 0.31099999 0.00000000
v 34.26357937 0.31099999 0.00000000
v 33.97226238 1.83300003 0.00000000
v 34.29323578 1.83300003 0.00000000
v 33.30065918 0.23324999 0.00000000
v 33.30065918 0.07775000 0.00000000
v 33.62163258 0.23324999 0.00000000
v 34.26357937 0.23324999 0.00000000
v 33.62163258 0.07775000 0.00000000
v 33.94260597 0.23324999 0.00000000
v 33.62163258 0.15549999 0.00000000
v 35.29000092 0.99953476 0.00000000
v 35.29000092 0.54051158 0.00000000
v 35.11363888 0.77002317 0.00000000
v 34.76091480 0.31099999 0.00000000
v 35.11363888 0.31099999 0.00000000
v 34.93727684 0.54051158 0.00000000
v 35.11363888 0.54051158 0.00000000
v 34.58455276 0.23324999 0.00000000
v 34.58455276 0.07775000 0.00000000
v 34.26357937 0.15549999 0.00000000
v 33.62163258 0.00000000 0.00000000
v 34.26357937 0.00000000 0.00000000
v 33.94260597 0.07775000 0.00000000
v 34.26357937 0.07775000 0.00000000
v 33.14513016 0.23324999 0.00000000
v 33.14513016 0.07775000 0.00000000
v 32.71740723 0.15549999 0.00000000
v 31.86196136 0.00000000 0.00000000
v 32.71740723 0.00000000 0.00000000
v 32.28968430 0.07775000 0.00000000
v 32.71740723 0.07775000 0.00000000
v 30.95690727 6.30575013 0.00000000
v 30.77436256 6.11925006 0.00000000
v 30.40927315 5.74624991 0.00000000
v 30.59181786 5.93274999 0.00000000
v 30.95690727 6.39900017 0.00000000
v 30.77436256 6.39900017 0.00000000
v 30.86563492 6.30575013 0.00000000
v 30.40927315 6.39900017 0.00000000
v 30.59181786 6.39900017 0.00000000
v 30.68309021 6.11925006 0.00000000
v 30.68309021 6.30575013 0.00000000
v 30.77436256 6.21250010 0.00000000
v 30.77436256 6.30575013 0.00000000
v 30.31800079 5.74624991 0.00000000
v 30.31800079 5.93274999 0.00000000
v 30.40927315 5.83949995 0.00000000
v 30.31800079 6.30575013 0.00000000
v 30.31800079 6.11925006 0.00000000
v 30.40927315 6.30575013 0.00000000
v 30.59181786 6.02600002 0.00000000
v 30.40927315 6.02600002 0.00000000
v 30.50054550 5.93274999 0.00000000
v 30.59181786 6.11925006 0.00000000
v 30.40927315 5.93274999 0.00000000
v 30.59181786 6.30575013 0.00000000
v 30.40927315 6.11925006 0.00000000
v 30.50054550 6.30575013 0.00000000
v 30.59181786 6.21250010 0.00000000
v 30.40927315 6.21250010 0.00000000
v 30.50054550 6.11925006 0.00000000
v 30.21187568 5.47273427 0.00000000
v 29.99962544 5.11220306 0.00000000
v 29.57512498 4.39114064 0.00000000
v 29.78737521 4.75167185 0.00000000
v 30.21187568 5.65299988 0.00000000
v 29.99962544 5.65299988 0.00000000
v 30.10575056 5.47273427 0.00000000
v 29.57512498 5.65299988 0.00000000
v 29.78737521 5.65299988 0.00000000
v 29.89350033 5.11220306 0.00000000
v 29.89350033 5.47273427 0.00000000
v 29.99962544 5.29246867 0.00000000
v 29.99962544 5.47273427 0.00000000
v 29.57512498 4.57140625 0.00000000
v 29.57512498 5.47273427 0.00000000
v 29.78737521 4.93193746 0.00000000
v 29.57512498 4.93193746 0.00000000
v 29.68125010 4.75167185 0.00000000
v 29.78737521 5.11220306 0.00000000
v 29.57512498 4.75167185 0.00000000
v 29.78737521 5.47273427 0.00000000
v 29.57512498 5.11220306 0.00000000
v 29.68125010 5.47273427 0.00000000
v 29.78737521 5.29246867 0.00000000
v 29.57512498 5.29246867 0.00000000
v 29.68125010 5.11220306 0.00000000
v 30.21187568 5.10242243 0.00000000
v 29.99962544 4.00126754 0.00000000
v 30.10575056 4.92215683 0.00000000
v 29.57512498 1.79895775 0.00000000
v 29.78737521 2.90011264 0.00000000
v 29.89350033 4.56162561 0.00000000
v 29.89350033 3.82100193 0.00000000
v 29.99962544 4.74189122 0.00000000
v 29.99962544 4.37157938 0.00000000
v 29.46899986 3.84056319 0.00000000
v 29.46899986 3.09993951 0.00000000
v 29.57512498 4.02082880 0.00000000
v 29.46899986 1.61869214 0.00000000
v 29.46899986 2.35931583 0.00000000
v 29.57512498 2.16926959 0.00000000
v 29.78737521 4.38136001 0.00000000
v 29.57512498 3.28020512 0.00000000
v 29.68125010 4.20109440 0.00000000
v 29.78737521 4.01104817 0.00000000
v 29.57512498 3.65051696 0.00000000
v 29.78737521 3.27042449 0.00000000
v 29.57512498 2.90989327 0.00000000
v 29.68125010 2.71984704 0.00000000
v 29.78737521 3.64073633 0.00000000
v 29.57512498 2.53958143 0.00000000
v 29.68125010 3.46047072 0.00000000
v 30.22691584 4.98524989 0.00000000
v 30.04474592 3.64974992 0.00000000
v 30.12079072 4.43467245 0.00000000
v 29.68040609 0.97874998 0.00000000
v 29.86257601 2.31424995 0.00000000
v 29.90854049 3.33351755 0.00000000
v 29.93862081 3.09917247 0.00000000
v 30.01466560 3.88409500 0.00000000
v 30.02970576 3.76692246 0.00000000
v 29.48404002 1.13120776 0.00000000
v 29.51412034 0.89686269 0.00000000
v 29.59016514 1.68178521 0.00000000
v 29.57428098 0.42817253 0.00000000
v 29.54420066 0.66251761 0.00000000
v 29.66536593 1.09592251 0.00000000
v 29.80241537 2.78294010 0.00000000
v 29.62024546 1.44744013 0.00000000
v 29.69629025 2.23236266 0.00000000
v 29.81745553 2.66576757 0.00000000
v 29.60520530 1.56461267 0.00000000
v 29.84753585 2.43142249 0.00000000
v 29.63528562 1.33026759 0.00000000
v 29.75645089 1.76367250 0.00000000
v 29.83249569 2.54859503 0.00000000
v 29.65032578 1.21309505 0.00000000
v 29.72637057 1.99801758 0.00000000
v 29.48404002 1.01403522 0.00000000
v 29.51412034 0.77969015 0.00000000
v 29.48404002 0.77969015 0.00000000
v 29.49908018 0.89686269 0.00000000
v 29.48404002 0.89686269 0.00000000
v 29.57428098 0.31099999 0.00000000
v 29.54420066 0.31099999 0.00000000
v 29.55924082 0.42817253 0.00000000
v 29.48404002 0.31099999 0.00000000
v 29.51412034 0.31099999 0.00000000
v 29.48404002 0.42817253 0.00000000
v 29.52916050 0.66251761 0.00000000
v 29.52916050 0.42817253 0.00000000
v 29.54420066 0.54534507 0.00000000
v 29.51412034 0.66251761 0.00000000
v 29.54420066 0.42817253 0.00000000
v 29.48404002 0.66251761 0.00000000
v 29.51412034 0.42817253 0.00000000
v 29.48404002 0.54534507 0.00000000
v 29.49908018 0.66251761 0.00000000
v 29.49908018 0.42817253 0.00000000
v 29.51412034 0.54534507 0.00000000
v 31.07968402 5.63800015 0.00000000
v 31.14269280 4.11600010 0.00000000
v 30.98841166 5.54475011 0.00000000
v 31.26871037 1.07200001 0.00000000
v 31.20570159 2.59400006 0.00000000
v 30.80586696 5.35825004 0.00000000
v 31.05142045 4.02275006 0.00000000
v 30.89713931 5.45150007 0.00000000
v 31.01991606 4.78375009 0.00000000
v 30.44077754 4.98524989 0.00000000
v 30.68633103 3.64974992 0.00000000
v 30.53204989 5.07849993 0.00000000
v 30.34969258 4.31749991 0.00000000
v 31.17743802 0.97874998 0.00000000
v 30.93188453 2.31424995 0.00000000
v 31.14593363 1.73975000 0.00000000
v 30.71459460 5.26500000 0.00000000
v 30.77760339 3.74299996 0.00000000
v 30.62332225 5.17174996 0.00000000
v 30.83737135 4.59725001 0.00000000
v 30.65482664 4.41074994 0.00000000
v 30.16752267 2.98199993 0.00000000
v 30.59524608 2.98199993 0.00000000
v 30.25860763 3.64974992 0.00000000
v 30.47246933 3.64974992 0.00000000
v 31.08292484 3.26175004 0.00000000
v 30.90038013 3.07524997 0.00000000
v 31.11442924 2.50075002 0.00000000
v 30.96014810 3.92950003 0.00000000
v 31.02315688 2.40749998 0.00000000
v 30.86887574 3.83624999 0.00000000
v 29.80318284 0.31099999 0.00000000
v 30.23090625 0.31099999 0.00000000
v 29.89426780 0.97874998 0.00000000
v 31.08635306 0.31099999 0.00000000
v 30.65862966 0.31099999 0.00000000
v 30.96357632 0.97874998 0.00000000
v 30.07643771 2.31424995 0.00000000
v 30.32199121 0.97874998 0.00000000
v 29.98535275 1.64649996 0.00000000
v 30.29029942 2.31424995 0.00000000
v 30.10812950 0.97874998 0.00000000
v 30.71802282 2.31424995 0.00000000
v 30.53585291 0.97874998 0.00000000
v 30.84079957 1.64649996 0.00000000
v 30.50416112 2.31424995 0.00000000
v 30.74971461 0.97874998 0.00000000
v 30.41307616 1.64649996 0.00000000
v 29.58932114 0.27212499 0.00000000
v 29.58932114 0.19437499 0.00000000
v 29.58932114 0.03887500 0.00000000
v 29.58932114 0.11662500 0.00000000
v 29.80318284 0.27212499 0.00000000
v 30.23090625 0.19437499 0.00000000
v 30.01704454 0.27212499 0.00000000
v 29.80318284 0.23324999 0.00000000
v 31.08635306 0.03887500 0.00000000
v 30.65862966 0.11662500 0.00000000
v 30.44476795 0.27212499 0.00000000
v 30.44476795 0.19437499 0.00000000
v 30.23090625 0.27212499 0.00000000
v 30.23090625 0.23324999 0.00000000
v 29.80318284 0.15549999 0.00000000
v 30.23090625 0.15549999 0.00000000
v 29.80318284 0.19437499 0.00000000
v 30.01704454 0.19437499 0.00000000
v 31.30021477 0.27212499 0.00000000
v 31.30021477 0.19437499 0.00000000
v 31.08635306 0.27212499 0.00000000
v 31.30021477 0.03887500 0.00000000
v 31.30021477 0.11662500 0.00000000
v 31.08635306 0.07775000 0.00000000
v 30.65862966 0.27212499 0.00000000
v 31.08635306 0.19437499 0.00000000
v 30.87249136 0.27212499 0.00000000
v 30.65862966 0.23324999 0.00000000
v 31.08635306 0.23324999 0.00000000
v 30.65862966 0.15549999 0.00000000
v 31.08635306 0.15549999 0.00000000
v 30.87249136 0.11662500 0.00000000
v 30.65862966 0.19437499 0.00000000
v 31.08635306 0.11662500 0.00000000
v 30.87249136 0.19437499 0.00000000
v 29.80318284 0.00000000 0.00000000
v 30.23090625 0.00000000 0.00000000
v 29.80318284 0.03887500 0.00000000
v 31.08635306 0.00000000 0.00000000
v 30.65862966 0.00000000 0.00000000
v 30.87249136 0.03887500 0.00000000
v 29.80318284 0.11662500 0.00000000
v 30.23090625 0.03887500 0.00000000
v 29.80318284 0.07775000 0.00000000
v 30.01704454 0.11662500 0.00000000
v 30.01704454 0.03887500 0.00000000
v 30.44476795 0.11662500 0.00000000
v 30.44476795 0.03887500 0.00000000
v 30.65862966 0.07775000 0.00000000
v 30.23090625 0.11662500 0.00000000
v 30.65862966 0.03887500 0.00000000
v 30.23090625 0.07775000 0.00000000
v 35.56212664 6.17169785 0.00000000
v 35.48437643 5.71709323 0.00000000
v 35.32887602 4.80788398 0.00000000
v 35.40662622 5.26248860 0.00000000
v 31.50505447 6.39900017 0.00000000
v 32.41880417 6.39900017 0.00000000
v 34.24630356 6.39900017 0.00000000
v 33.33255386 6.39900017 0.00000000
v 35.48877382 6.39900017 0.00000000
v 35.26431799 6.39900017 0.00000000
v 35.44989872 6.17169785 0.00000000
v 34.81540632 6.39900017 0.00000000
v 35.03986216 6.39900017 0.00000000
v 35.37214851 5.71709323 0.00000000
v 35.22544289 6.17169785 0.00000000
v 35.41102362 5.94439554 0.00000000
v 35.33767080 6.17169785 0.00000000
v 35.21664810 4.80788398 0.00000000
v 35.06994247 5.26248860 0.00000000
v 35.25552320 5.03518629 0.00000000
v 34.77653122 6.17169785 0.00000000
v 34.92323685 5.71709323 0.00000000
v 34.88875914 6.17169785 0.00000000
v 35.33327341 5.48979092 0.00000000
v 35.10881758 5.48979092 0.00000000
v 35.29439831 5.26248860 0.00000000
v 35.25992060 5.71709323 0.00000000
v 35.18217039 5.26248860 0.00000000
v 35.11321497 6.17169785 0.00000000
v 35.03546476 5.71709323 0.00000000
v 35.00098705 6.17169785 0.00000000
v 35.18656778 5.94439554 0.00000000
v 34.96211195 5.94439554 0.00000000
v 35.14769268 5.71709323 0.00000000
v 35.60100174 6.17169785 0.00000000
v 35.60100174 5.71709323 0.00000000
v 35.56212664 5.94439554 0.00000000
v 35.60100174 4.80788398 0.00000000
v 35.60100174 5.26248860 0.00000000
v 35.48437643 5.48979092 0.00000000
v 35.56212664 5.48979092 0.00000000
v 35.52325153 5.71709323 0.00000000
v 35.56212664 5.71709323 0.00000000
v 35.32887602 4.58058167 0.00000000
v 35.40662622 4.58058167 0.00000000
v 35.36775112 4.80788398 0.00000000
v 35.56212664 4.58058167 0.00000000
v 35.48437643 4.58058167 0.00000000
v 35.56212664 4.80788398 0.00000000
v 35.44550133 5.26248860 0.00000000
v 35.44550133 4.80788398 0.00000000
v 35.40662622 5.03518629 0.00000000
v 35.48437643 5.26248860 0.00000000
v 35.40662622 4.80788398 0.00000000
v 35.56212664 5.26248860 0.00000000
v 35.48437643 4.80788398 0.00000000
v 35.56212664 5.03518629 0.00000000
v 35.52325153 5.26248860 0.00000000
v 35.52325153 4.80788398 0.00000000
v 35.48437643 5.03518629 0.00000000
v 34.77653122 5.93866593 0.00000000
v 34.92323685 5.01799744 0.00000000
v 35.21664810 3.17666048 0.00000000
v 35.06994247 4.09732896 0.00000000
v 35.56212664 4.18804425 0.00000000
v 35.48437643 3.76755339 0.00000000
v 35.32887602 2.92657167 0.00000000
v 35.40662622 3.34706253 0.00000000
v 35.29000092 4.55779517 0.00000000
v 35.29000092 4.51222217 0.00000000
v 35.21664810 4.78509748 0.00000000
v 35.29000092 4.42107618 0.00000000
v 35.29000092 4.46664917 0.00000000
v 35.06994247 5.23970211 0.00000000
v 35.21664810 4.73952448 0.00000000
v 35.14329529 5.01239979 0.00000000
v 35.21664810 4.76231098 0.00000000
v 34.77653122 6.14891136 0.00000000
v 34.92323685 5.64873374 0.00000000
v 34.84988403 5.92160904 0.00000000
v 34.84988403 5.68857712 0.00000000
v 35.21664810 4.64837849 0.00000000
v 35.06994247 5.14855611 0.00000000
v 35.21664810 4.67116499 0.00000000
v 34.99658966 5.46700442 0.00000000
v 34.99658966 5.42143142 0.00000000
v 34.92323685 5.69430673 0.00000000
v 35.06994247 5.21691561 0.00000000
v 34.92323685 5.67152023 0.00000000
v 34.99658966 4.76790863 0.00000000
v 34.99658966 5.18839949 0.00000000
v 34.92323685 5.22824287 0.00000000
v 34.92323685 5.43848830 0.00000000
v 35.21664810 4.71673799 0.00000000
v 35.06994247 5.17134261 0.00000000
v 35.21664810 4.69395149 0.00000000
v 35.14329529 4.96682680 0.00000000
v 35.14329529 4.92125380 0.00000000
v 35.06994247 5.19412911 0.00000000
v 35.56212664 4.39828968 0.00000000
v 35.48437643 4.39828968 0.00000000
v 35.52325153 4.18804425 0.00000000
v 35.32887602 4.39828968 0.00000000
v 35.40662622 4.39828968 0.00000000
v 35.44550133 3.76755339 0.00000000
v 35.44550133 4.18804425 0.00000000
v 35.48437643 3.97779882 0.00000000
v 35.48437643 4.18804425 0.00000000
v 35.29000092 2.92657167 0.00000000
v 35.29000092 3.34706253 0.00000000
v 35.21664810 3.38690591 0.00000000
v 35.32887602 3.13681710 0.00000000
v 35.29000092 4.18804425 0.00000000
v 35.29000092 3.76755339 0.00000000
v 35.21664810 4.43813306 0.00000000
v 35.32887602 4.18804425 0.00000000
v 35.06994247 4.30757439 0.00000000
v 35.21664810 3.80739677 0.00000000
v 35.14329529 3.84724015 0.00000000
v 35.06994247 4.51781982 0.00000000
v 35.21664810 3.59715134 0.00000000
v 35.40662622 3.55730796 0.00000000
v 35.32887602 3.55730796 0.00000000
v 35.36775112 3.34706253 0.00000000
v 35.40662622 3.76755339 0.00000000
v 35.32887602 3.34706253 0.00000000
v 35.06994247 4.93831068 0.00000000
v 35.21664810 4.01764220 0.00000000
v 35.14329529 4.68822187 0.00000000
v 35.06994247 4.72806525 0.00000000
v 35.21664810 4.22788763 0.00000000
v 35.14329529 4.26773101 0.00000000
v 35.40662622 4.18804425 0.00000000
v 35.32887602 3.76755339 0.00000000
v 35.36775112 4.18804425 0.00000000
v 35.40662622 3.97779882 0.00000000
v 35.32887602 3.97779882 0.00000000
v 35.36775112 3.76755339 0.00000000
v 35.60100174 4.18804425 0.00000000
v 35.60100174 3.76755339 0.00000000
v 35.56212664 3.97779882 0.00000000
v 35.60100174 2.92657167 0.00000000
v 35.60100174 3.34706253 0.00000000
v 35.48437643 3.55730796 0.00000000
v 35.56212664 3.55730796 0.00000000
v 35.52325153 3.76755339 0.00000000
v 35.56212664 3.76755339 0.00000000
v 35.32887602 2.71632624 0.00000000
v 35.40662622 2.71632624 0.00000000
v 35.36775112 2.92657167 0.00000000
v 35.56212664 2.71632624 0.00000000
v 35.48437643 2.71632624 0.00000000
v 35.56212664 2.92657167 0.00000000
v 35.44550133 3.34706253 0.00000000
v 35.44550133 2.92657167 0.00000000
v 35.40662622 3.13681710 0.00000000
v 35.48437643 3.34706253 0.00000000
v 35.40662622 2.92657167 0.00000000
v 35.56212664 3.34706253 0.00000000
v 35.48437643 2.92657167 0.00000000
v 35.56212664 3.13681710 0.00000000
v 35.52325153 3.34706253 0.00000000
v 35.52325153 2.92657167 0.00000000
v 35.48437643 3.13681710 0.00000000
v 35.56212664 2.37438944 0.00000000
v 35.48437643 2.04714856 0.00000000
v 35.32887602 1.39266679 0.00000000
v 35.40662622 1.71990767 0.00000000
v 35.29000092 2.69403669 0.00000000
v 35.29000092 2.64945760 0.00000000
v 35.29000092 2.56029943 0.00000000
v 35.29000092 2.60487852 0.00000000
v 35.56212664 2.53800988 0.00000000
v 35.48437643 2.53800988 0.00000000
v 35.52325153 2.37438944 0.00000000
v 35.32887602 2.53800988 0.00000000
v 35.40662622 2.53800988 0.00000000
v 35.44550133 2.04714856 0.00000000
v 35.44550133 2.37438944 0.00000000
v 35.48437643 2.21076900 0.00000000
v 35.48437643 2.37438944 0.00000000
v 35.29000092 1.39266679 0.00000000
v 35.29000092 1.71990767 0.00000000
v 35.32887602 1.55628723 0.00000000
v 35.29000092 2.37438944 0.00000000
v 35.29000092 2.04714856 0.00000000
v 35.32887602 2.37438944 0.00000000
v 35.40662622 1.88352811 0.00000000
v 35.32887602 1.88352811 0.00000000
v 35.36775112 1.71990767 0.00000000
v 35.40662622 2.04714856 0.00000000
v 35.32887602 1.71990767 0.00000000
v 35.40662622 2.37438944 0.00000000
v 35.32887602 2.04714856 0.00000000
v 35.36775112 2.37438944 0.00000000
v 35.40662622 2.21076900 0.00000000
v 35.32887602 2.21076900 0.00000000
v 35.36775112 2.04714856 0.00000000
v 35.60100174 2.37438944 0.00000000
v 35.60100174 2.04714856 0.00000000
v 35.56212664 2.21076900 0.00000000
v 35.60100174 1.39266679 0.00000000
v 35.60100174 1.71990767 0.00000000
v 35.48437643 1.88352811 0.00000000
v 35.56212664 1.88352811 0.00000000
v 35.52325153 2.04714856 0.00000000
v 35.56212664 2.04714856 0.00000000
v 35.32887602 1.22904634 0.00000000
v 35.40662622 1.22904634 0.00000000
v 35.36775112 1.39266679 0.00000000
v 35.56212664 1.22904634 0.00000000
v 35.48437643 1.22904634 0.00000000
v 35.56212664 1.39266679 0.00000000
v 35.44550133 1.71990767 0.00000000
v 35.44550133 1.39266679 0.00000000
v 35.40662622 1.55628723 0.00000000
v 35.48437643 1.71990767 0.00000000
v 35.40662622 1.39266679 0.00000000
v 35.56212664 1.71990767 0.00000000
v 35.48437643 1.39266679 0.00000000
v 35.56212664 1.55628723 0.00000000
v 35.52325153 1.71990767 0.00000000
v 35.52325153 1.39266679 0.00000000
v 35.48437643 1.55628723 0.00000000
v 31.09643698 5.63800015 0.00000000
v 31.19295168 4.11600010 0.00000000
v 31.12794137 4.87700012 0.00000000
v 31.55331182 5.63800015 0.00000000
v 31.38598108 1.07200001 0.00000000
v 31.28946638 2.59400006 0.00000000
v 31.19095016 3.35500008 0.00000000
v 31.22445607 3.35500008 0.00000000
v 31.15944576 4.11600010 0.00000000
v 31.17619872 4.11600010 0.00000000
v 32.46706152 5.63800015 0.00000000
v 31.64982653 4.11600010 0.00000000
v 32.01018667 5.63800015 0.00000000
v 31.60156918 4.87700012 0.00000000
v 31.31696773 0.31099999 0.00000000
v 31.35047364 0.31099999 0.00000000
v 31.28546333 1.07200001 0.00000000
v 31.41748548 0.31099999 0.00000000
v 31.38397956 0.31099999 0.00000000
v 31.36922812 1.07200001 0.00000000
v 31.22245455 2.59400006 0.00000000
v 31.31896925 1.07200001 0.00000000
v 31.25395894 1.83300003 0.00000000
v 31.23920751 2.59400006 0.00000000
v 31.30221629 1.07200001 0.00000000
v 31.27271342 2.59400006 0.00000000
v 31.33572221 1.07200001 0.00000000
v 31.32097077 1.83300003 0.00000000
v 31.25596046 2.59400006 0.00000000
v 31.35247517 1.07200001 0.00000000
v 31.28746486 1.83300003 0.00000000
v 34.29456091 5.63800015 0.00000000
v 33.47732592 4.11600010 0.00000000
v 33.83768606 5.63800015 0.00000000
v 31.84285593 1.07200001 0.00000000
v 32.66009092 2.59400006 0.00000000
v 31.79459858 1.83300003 0.00000000
v 32.92393637 5.63800015 0.00000000
v 33.02045107 4.11600010 0.00000000
v 33.38081121 5.63800015 0.00000000
v 32.51531887 4.87700012 0.00000000
v 33.42906857 4.87700012 0.00000000
v 31.69808388 3.35500008 0.00000000
v 32.61183357 3.35500008 0.00000000
v 31.74634123 2.59400006 0.00000000
v 32.10670137 4.11600010 0.00000000
v 32.20321608 2.59400006 0.00000000
v 32.56357622 4.11600010 0.00000000
v 34.50842237 5.63800015 0.00000000
v 34.11891031 4.11600010 0.00000000
v 34.09980488 4.87700012 0.00000000
v 33.33988619 1.07200001 0.00000000
v 33.72939825 2.59400006 0.00000000
v 33.28256989 3.35500008 0.00000000
v 33.71029282 3.35500008 0.00000000
v 33.69118738 4.11600010 0.00000000
v 33.90504885 4.11600010 0.00000000
v 31.64809990 0.31099999 0.00000000
v 32.07582283 0.31099999 0.00000000
v 32.05671740 1.07200001 0.00000000
v 32.93126869 0.31099999 0.00000000
v 32.50354576 0.31099999 0.00000000
v 33.12602472 1.07200001 0.00000000
v 32.87395239 2.59400006 0.00000000
v 32.48444033 1.07200001 0.00000000
v 32.46533489 1.83300003 0.00000000
v 33.08781385 2.59400006 0.00000000
v 32.27057886 1.07200001 0.00000000
v 33.51553679 2.59400006 0.00000000
v 32.69830179 1.07200001 0.00000000
v 33.32078075 1.83300003 0.00000000
v 33.30167532 2.59400006 0.00000000
v 32.91216326 1.07200001 0.00000000
v 32.89305782 1.83300003 0.00000000
v 31.43423843 0.27212499 0.00000000
v 31.43423843 0.19437499 0.00000000
v 31.64809990 0.27212499 0.00000000
v 31.43423843 0.03887500 0.00000000
v 31.43423843 0.11662500 0.00000000
v 32.07582283 0.27212499 0.00000000
v 31.64809990 0.19437499 0.00000000
v 31.86196136 0.27212499 0.00000000
v 31.64809990 0.23324999 0.00000000
v 32.93126869 0.27212499 0.00000000
v 32.50354576 0.19437499 0.00000000
v 32.71740723 0.27212499 0.00000000
v 31.64809990 0.03887500 0.00000000
v 32.07582283 0.11662500 0.00000000
v 31.64809990 0.07775000 0.00000000
v 32.28968430 0.27212499 0.00000000
v 32.28968430 0.19437499 0.00000000
v 32.50354576 0.27212499 0.00000000
v 32.07582283 0.23324999 0.00000000
v 32.50354576 0.23324999 0.00000000
v 31.64809990 0.15549999 0.00000000
v 32.07582283 0.15549999 0.00000000
v 31.64809990 0.11662500 0.00000000
v 31.86196136 0.19437499 0.00000000
v 31.86196136 0.11662500 0.00000000
v 32.07582283 0.19437499 0.00000000
v 34.52786350 5.63800015 0.00000000
v 34.17723370 4.11600010 0.00000000
v 34.33310747 4.87700012 0.00000000
v 33.47597408 1.07200001 0.00000000
v 33.82660389 2.59400006 0.00000000
v 33.94359541 3.35500008 0.00000000
v 33.98247766 3.35500008 0.00000000
v 34.13835144 4.11600010 0.00000000
v 34.15779257 4.11600010 0.00000000
v 33.16457129 0.31099999 0.00000000
v 33.20345354 0.31099999 0.00000000
v 33.35932732 1.07200001 0.00000000
v 33.28121805 0.31099999 0.00000000
v 33.24233580 0.31099999 0.00000000
v 33.45653296 1.07200001 0.00000000
v 33.74883938 2.59400006 0.00000000
v 33.39820957 1.07200001 0.00000000
v 33.55408335 1.83300003 0.00000000
v 33.76828051 2.59400006 0.00000000
v 33.37876844 1.07200001 0.00000000
v 33.80716276 2.59400006 0.00000000
v 33.41765070 1.07200001 0.00000000
v 33.63184786 1.83300003 0.00000000
v 33.78772163 2.59400006 0.00000000
v 33.43709183 1.07200001 0.00000000
v 33.59296560 1.83300003 0.00000000
v 34.68835020 5.63800015 0.00000000
v 34.65869379 4.11600010 0.00000000
v 34.76170301 5.17766590 0.00000000
v 34.51303530 4.87700012 0.00000000
v 34.59938097 1.07200001 0.00000000
v 34.62903738 2.59400006 0.00000000
v 34.90840864 4.25699742 0.00000000
v 34.73204660 3.65566586 0.00000000
v 34.83505583 4.71733166 0.00000000
v 34.74687481 4.41666588 0.00000000
v 34.16240549 3.35500008 0.00000000
v 34.48337889 3.35500008 0.00000000
v 34.33772039 4.11600010 0.00000000
v 34.49820709 4.11600010 0.00000000
v 35.20181990 2.41566046 0.00000000
v 35.02545786 1.81432889 0.00000000
v 35.12846708 2.87599470 0.00000000
v 35.20181990 2.39337091 0.00000000
v 34.67273378 0.61166577 0.00000000
v 34.84909582 1.21299733 0.00000000
v 34.68756199 1.37266579 0.00000000
v 34.98176146 3.79666318 0.00000000
v 34.95210505 2.27466314 0.00000000
v 35.05511427 3.33632894 0.00000000
v 34.89358044 3.49599740 0.00000000
v 35.04028606 2.57532892 0.00000000
v 35.20181990 2.34879182 0.00000000
v 35.02545786 1.79203935 0.00000000
v 35.20181990 2.37108137 0.00000000
v 35.11363888 2.09270513 0.00000000
v 34.71721840 2.89466584 0.00000000
v 34.86392403 1.97399735 0.00000000
v 34.70239019 2.13366581 0.00000000
v 34.80539942 3.19533162 0.00000000
v 34.77574301 1.67333157 0.00000000
v 34.87875223 2.73499738 0.00000000
v 35.20181990 1.11429055 0.00000000
v 35.02545786 0.88477896 0.00000000
v 35.20181990 1.27791099 0.00000000
v 34.67273378 0.42575578 0.00000000
v 34.84909582 0.65526737 0.00000000
v 35.20181990 1.60515188 0.00000000
v 35.02545786 1.04839940 0.00000000
v 35.20181990 1.44153143 0.00000000
v 35.11363888 1.16315520 0.00000000
v 35.20181990 2.25963365 0.00000000
v 35.02545786 1.70288117 0.00000000
v 35.20181990 2.28192319 0.00000000
v 35.20181990 2.09601320 0.00000000
v 34.67273378 0.58937623 0.00000000
v 34.84909582 1.14612870 0.00000000
v 34.76091480 0.89004201 0.00000000
v 34.76091480 0.70413202 0.00000000
v 35.20181990 2.32650228 0.00000000
v 35.02545786 1.72517072 0.00000000
v 35.20181990 2.30421273 0.00000000
v 35.11363888 2.04812604 0.00000000
v 35.11363888 2.00354695 0.00000000
v 35.20181990 1.76877232 0.00000000
v 35.02545786 1.53926073 0.00000000
v 35.20181990 1.93239276 0.00000000
v 35.11363888 1.49039608 0.00000000
v 35.11363888 1.81763697 0.00000000
v 34.93727684 1.49137357 0.00000000
v 34.93727684 1.44679448 0.00000000
v 34.84909582 1.19070779 0.00000000
v 35.02545786 1.76974981 0.00000000
v 34.84909582 1.16841824 0.00000000
v 35.02545786 1.74746026 0.00000000
v 34.93727684 0.93364361 0.00000000
v 34.93727684 1.26088449 0.00000000
v 34.84909582 0.81888781 0.00000000
v 35.02545786 1.21201985 0.00000000
v 34.84909582 0.98250826 0.00000000
v 35.02545786 1.37564029 0.00000000
v 33.46114588 0.31099999 0.00000000
v 33.78211927 0.31099999 0.00000000
v 33.63646078 1.07200001 0.00000000
v 34.42406607 0.31099999 0.00000000
v 34.10309267 0.31099999 0.00000000
v 34.43889427 1.07200001 0.00000000
v 33.98709059 2.59400006 0.00000000
v 33.95743418 1.07200001 0.00000000
v 33.81177568 1.83300003 0.00000000
v 34.14757729 2.59400006 0.00000000
v 33.79694748 1.07200001 0.00000000
v 34.46855068 2.59400006 0.00000000
v 34.11792088 1.07200001 0.00000000
v 34.45372248 1.83300003 0.00000000
v 34.30806398 2.59400006 0.00000000
v 34.27840757 1.07200001 0.00000000
v 34.13274908 1.83300003 0.00000000
v 33.30065918 0.27212499 0.00000000
v 33.30065918 0.19437499 0.00000000
v 33.46114588 0.27212499 0.00000000
v 33.30065918 0.03887500 0.00000000
v 33.30065918 0.11662500 0.00000000
v 33.78211927 0.27212499 0.00000000
v 33.46114588 0.19437499 0.00000000
v 33.62163258 0.27212499 0.00000000
v 33.46114588 0.23324999 0.00000000
v 34.42406607 0.27212499 0.00000000
v 34.10309267 0.19437499 0.00000000
v 34.26357937 0.27212499 0.00000000
v 33.46114588 0.03887500 0.00000000
v 33.78211927 0.11662500 0.00000000
v 33.46114588 0.07775000 0.00000000
v 33.94260597 0.27212499 0.00000000
v 33.94260597 0.19437499 0.00000000
v 34.10309267 0.27212499 0.00000000
v 33.78211927 0.23324999 0.00000000
v 34.10309267 0.23324999 0.00000000
v 33.46114588 0.15549999 0.00000000
v 33.78211927 0.15549999 0.00000000
v 33.46114588 0.11662500 0.00000000
v 33.62163258 0.19437499 0.00000000
v 33.62163258 0.11662500 0.00000000
v 33.78211927 0.19437499 0.00000000
v 35.29000092 1.11429055 0.00000000
v 35.29000092 0.88477896 0.00000000
v 35.20181990 0.99953476 0.00000000
v 35.29000092 0.42575578 0.00000000
v 35.29000092 0.65526737 0.00000000
v 35.02545786 0.77002317 0.00000000
v 35.20181990 0.77002317 0.00000000
v 35.11363888 0.88477896 0.00000000
v 35.20181990 0.88477896 0.00000000
v 34.67273378 0.31099999 0.00000000
v 34.84909582 0.31099999 0.00000000
v 34.76091480 0.42575578 0.00000000
v 35.20181990 0.31099999 0.00000000
v 35.02545786 0.31099999 0.00000000
v 35.20181990 0.42575578 0.00000000
v 34.93727684 0.65526737 0.00000000
v 34.93727684 0.42575578 0.00000000
v 34.84909582 0.54051158 0.00000000
v 35.02545786 0.65526737 0.00000000
v 34.84909582 0.42575578 0.00000000
v 35.20181990 0.65526737 0.00000000
v 35.02545786 0.42575578 0.00000000
v 35.20181990 0.54051158 0.00000000
v 35.11363888 0.65526737 0.00000000
v 35.11363888 0.42575578 0.00000000
v 35.02545786 0.54051158 0.00000000
v 34.58455276 0.27212499 0.00000000
v 34.58455276 0.19437499 0.00000000
v 34.42406607 0.23324999 0.00000000
v 34.58455276 0.03887500 0.00000000
v 34.58455276 0.11662500 0.00000000
v 34.10309267 0.15549999 0.00000000
v 34.42406607 0.15549999 0.00000000
v 34.26357937 0.19437499 0.00000000
v 34.42406607 0.19437499 0.00000000
v 33.46114588 0.00000000 0.00000000
v 33.78211927 0.00000000 0.00000000
v 33.62163258 0.03887500 0.00000000
v 34.42406607 0.00000000 0.00000000
v 34.10309267 0.00000000 0.00000000
v 34.42406607 0.03887500 0.00000000
v 33.94260597 0.11662500 0.00000000
v 33.94260597 0.03887500 0.00000000
v 33.78211927 0.07775000 0.00000000
v 34.10309267 0.11662500 0.00000000
v 33.78211927 0.03887500 0.00000000
v 34.42406607 0.11662500 0.00000000
v 34.10309267 0.03887500 0.00000000
v 34.42406607 0.07775000 0.00000000
v 34.26357937 0.11662500 0.00000000
v 34.26357937 0.03887500 0.00000000
v 34.10309267 0.07775000 0.00000000
v 33.14513016 0.27212499 0.00000000
v 33.14513016 0.19437499 0.00000000
v 32.93126869 0.23324999 0.00000000
v 33.14513016 0.03887500 0.00000000
v 33.14513016 0.11662500 0.00000000
v 32.50354576 0.15549999 0.00000000
v 32.93126869 0.15549999 0.00000000
v 32.71740723 0.19437499 0.00000000
v 32.93126869 0.19437499 0.00000000
v 31.64809990 0.00000000 0.00000000
v 32.07582283 0.00000000 0.00000000
v 31.86196136 0.03887500 0.00000000
v 32.93126869 0.00000000 0.00000000
v 32.50354576 0.00000000 0.00000000
v 32.93126869 0.03887500 0.00000000
v 32.28968430 0.11662500 0.00000000
v 32.28968430 0.03887500 0.00000000
v 32.07582283 0.07775000 0.00000000
v 32.50354576 0.11662500 0.00000000
v 32.07582283 0.03887500 0.00000000
v 32.93126869 0.11662500 0.00000000
v 32.50354576 0.03887500 0.00000000
v 32.93126869 0.07775000 0.00000000
v 32.71740723 0.11662500 0.00000000
v 32.71740723 0.03887500 0.00000000
v 32.50354576 0.07775000 0.00000000
v 35.60100174 2.71632624 3.00000000
v 35.60100174 4.39828968 3.00000000
v 35.60100174 3.55730796 1.50000000
v 35.60100174 2.71632624 1.50000000
v 35.60100174 4.39828968 1.50000000
v 35.60100174 3.55730796 3.00000000
v 35.60100174 3.97779882 0.75000000
v 35.60100174 3.13681710 2.25000000
v 35.60100174 3.55730796 0.75000000
v 35.60100174 2.71632624 2.25000000
v 35.60100174 2.71632624 0.75000000
v 35.60100174 3.13681710 1.50000000
v 35.60100174 3.13681710 0.75000000
v 35.60100174 4.39828968 0.75000000
v 35.60100174 4.39828968 2.25000000
v 35.60100174 3.97779882 1.50000000
v 35.60100174 3.13681710 3.00000000
v 35.60100174 3.97779882 3.00000000
v 35.60100174 3.55730796 2.25000000
v 35.60100174 3.97779882 2.25000000
v 35.60100174 4.18804425 0.37500000
v 35.60100174 3.76755339 1.12500000
v 35.60100174 2.92657167 2.62500000
v 35.60100174 3.34706253 1.87500000
v 35.60100174 3.97779882 0.37500000
v 35.60100174 3.55730796 1.12500000
v 35.60100174 3.55730796 0.37500000
v 35.60100174 3.76755339 0.75000000
v 35.60100174 3.76755339 0.37500000
v 35.60100174 2.71632624 2.62500000
v 35.60100174 2.71632624 1.87500000
v 35.60100174 2.92657167 2.25000000
v 35.60100174 2.71632624 0.37500000
v 35.60100174 2.71632624 1.12500000
v 35.60100174 2.92657167 0.37500000
v 35.60100174 3.34706253 1.50000000
v 35.60100174 2.92657167 1.50000000
v 35.60100174 3.13681710 1.87500000
v 35.60100174 3.34706253 1.12500000
v 35.60100174 2.92657167 1.87500000
v 35.60100174 3.34706253 0.37500000
v 35.60100174 2.92657167 1.12500000
v 35.60100174 3.13681710 0.37500000
v 35.60100174 3.34706253 0.75000000
v 35.60100174 2.92657167 0.75000000
v 35.60100174 3.13681710 1.12500000
v 35.60100174 4.39828968 0.37500000
v 35.60100174 4.39828968 1.12500000
v 35.60100174 4.18804425 0.75000000
v 35.60100174 4.39828968 2.62500000
v 35.60100174 4.39828968 1.87500000
v 35.60100174 3.76755339 1.50000000
v 35.60100174 4.18804425 1.50000000
v 35.60100174 3.97779882 1.12500000
v 35.60100174 4.18804425 1.12500000
v 35.60100174 2.92657167 3.00000000
v 35.60100174 3.34706253 3.00000000
v 35.60100174 3.13681710 2.62500000
v 35.60100174 4.18804425 3.00000000
v 35.60100174 3.76755339 3.00000000
v 35.60100174 4.18804425 2.62500000
v 35.60100174 3.55730796 1.87500000
v 35.60100174 3.55730796 2.62500000
v 35.60100174 3.34706253 2.25000000
v 35.60100174 3.76755339 1.87500000
v 35.60100174 3.34706253 2.62500000
v 35.60100174 4.18804425 1.87500000
v 35.60100174 3.76755339 2.62500000
v 35.60100174 4.18804425 2.25000000
v 35.60100174 3.97779882 1.87500000
v 35.60100174 3.97779882 2.62500000
v 35.60100174 3.76755339 2.25000000
v 35.60100174 1.22904634 3.00000000
v 35.60100174 2.53800988 3.00000000
v 35.60100174 1.88352811 1.50000000
v 35.60100174 1.22904634 1.50000000
v 35.60100174 2.53800988 1.50000000
v 35.60100174 1.88352811 3.00000000
v 35.60100174 2.21076900 0.75000000
v 35.60100174 1.55628723 2.25000000
v 35.60100174 1.88352811 0.75000000
v 35.60100174 1.22904634 2.25000000
v 35.60100174 1.22904634 0.75000000
v 35.60100174 1.55628723 1.50000000
v 35.60100174 1.55628723 0.75000000
v 35.60100174 2.53800988 0.75000000
v 35.60100174 2.53800988 2.25000000
v 35.60100174 2.21076900 1.50000000
v 35.60100174 1.55628723 3.00000000
v 35.60100174 2.21076900 3.00000000
v 35.60100174 1.88352811 2.25000000
v 35.60100174 2.21076900 2.25000000
v 35.60100174 2.37438944 0.37500000
v 35.60100174 2.04714856 1.12500000
v 35.60100174 1.39266679 2.62500000
v 35.60100174 1.71990767 1.87500000
v 35.60100174 2.21076900 0.37500000
v 35.60100174 1.88352811 1.12500000
v 35.60100174 1.88352811 0.37500000
v 35.60100174 2.04714856 0.75000000
v 35.60100174 2.04714856 0.37500000
v 35.60100174 1.22904634 2.62500000
v 35.60100174 1.22904634 1.87500000
v 35.60100174 1.39266679 2.25000000
v 35.60100174 1.22904634 0.37500000
v 35.60100174 1.22904634 1.12500000
v 35.60100174 1.39266679 0.37500000
v 35.60100174 1.71990767 1.50000000
v 35.60100174 1.39266679 1.50000000
v 35.60100174 1.55628723 1.87500000
v 35.60100174 1.71990767 1.12500000
v 35.60100174 1.39266679 1.87500000
v 35.60100174 1.71990767 0.37500000
v 35.60100174 1.39266679 1.12500000
v 35.60100174 1.55628723 0.37500000
v 35.60100174 1.71990767 0.75000000
v 35.60100174 1.39266679 0.75000000
v 35.60100174 1.55628723 1.12500000
v 35.60100174 2.53800988 0.37500000
v 35.60100174 2.53800988 1.12500000
v 35.60100174 2.37438944 0.75000000
v 35.60100174 2.53800988 2.62500000
v 35.60100174 2.53800988 1.87500000
v 35.60100174 2.04714856 1.50000000
v 35.60100174 2.37438944 1.50000000
v 35.60100174 2.21076900 1.12500000
v 35.60100174 2.37438944 1.12500000
v 35.60100174 1.39266679 3.00000000
v 35.60100174 1.71990767 3.00000000
v 35.60100174 1.55628723 2.62500000
v 35.60100174 2.37438944 3.00000000
v 35.60100174 2.04714856 3.00000000
v 35.60100174 2.37438944 2.62500000
v 35.60100174 1.88352811 1.87500000
v 35.60100174 1.88352811 2.62500000
v 35.60100174 1.71990767 2.25000000
v 35.60100174 2.04714856 1.87500000
v 35.60100174 1.71990767 2.62500000
v 35.60100174 2.37438944 1.87500000
v 35.60100174 2.04714856 2.62500000
v 35.60100174 2.37438944 2.25000000
v 35.60100174 2.21076900 1.87500000
v 35.60100174 2.21076900 2.62500000
v 35.60100174 2.04714856 2.25000000
v 35.60100174 4.58058167 3.00000000
v 35.60100174 6.39900017 3.00000000
v 35.60100174 5.48979092 1.50000000
v 35.60100174 4.58058167 1.50000000
v 35.60100174 6.39900017 1.50000000
v 35.60100174 5.48979092 3.00000000
v 35.60100174 5.94439554 0.75000000
v 35.60100174 5.03518629 2.25000000
v 35.60100174 5.48979092 0.75000000
v 35.60100174 4.58058167 2.25000000
v 35.60100174 4.58058167 0.75000000
v 35.60100174 5.03518629 1.50000000
v 35.60100174 5.03518629 0.75000000
v 35.60100174 6.39900017 0.75000000
v 35.60100174 6.39900017 2.25000000
v 35.60100174 5.94439554 1.50000000
v 35.60100174 5.03518629 3.00000000
v 35.60100174 5.94439554 3.00000000
v 35.60100174 5.48979092 2.25000000
v 35.60100174 5.94439554 2.25000000
v 35.60100174 6.17169785 0.37500000
v 35.60100174 5.71709323 1.12500000
v 35.60100174 4.80788398 2.62500000
v 35.60100174 5.26248860 1.87500000
v 35.60100174 5.94439554 0.37500000
v 35.60100174 5.48979092 1.12500000
v 35.60100174 5.48979092 0.37500000
v 35.60100174 5.71709323 0.75000000
v 35.60100174 5.71709323 0.37500000
v 35.60100174 4.58058167 2.62500000
v 35.60100174 4.58058167 1.87500000
v 35.60100174 4.80788398 2.25000000
v 35.60100174 4.58058167 0.37500000
v 35.60100174 4.58058167 1.12500000
v 35.60100174 4.80788398 0.37500000
v 35.60100174 5.26248860 1.50000000
v 35.60100174 4.80788398 1.50000000
v 35.60100174 5.03518629 1.87500000
v 35.60100174 5.26248860 1.12500000
v 35.60100174 4.80788398 1.87500000
v 35.60100174 5.26248860 0.37500000
v 35.60100174 4.80788398 1.12500000
v 35.60100174 5.03518629 0.37500000
v 35.60100174 5.26248860 0.75000000
v 35.60100174 4.80788398 0.75000000
v 35.60100174 5.03518629 1.12500000
v 35.60100174 6.39900017 0.37500000
v 35.60100174 6.39900017 1.12500000
v 35.60100174 6.17169785 0.75000000
v 35.60100174 6.39900017 2.62500000
v 35.60100174 6.39900017 1.87500000
v 35.60100174 5.71709323 1.50000000
v 35.60100174 6.17169785 1.50000000
v 35.60100174 5.94439554 1.12500000
v 35.60100174 6.17169785 1.12500000
v 35.60100174 4.80788398 3.00000000
v 35.60100174 5.26248860 3.00000000
v 35.60100174 5.03518629 2.62500000
v 35.60100174 6.17169785 3.00000000
v 35.60100174 5.71709323 3.00000000
v 35.60100174 6.17169785 2.62500000
v 35.60100174 5.48979092 1.87500000
v 35.60100174 5.48979092 2.62500000
v 35.60100174 5.26248860 2.25000000
v 35.60100174 5.71709323 1.87500000
v 35.60100174 5.26248860 2.62500000
v 35.60100174 6.17169785 1.87500000
v 35.60100174 5.71709323 2.62500000
v 35.60100174 6.17169785 2.25000000
v 35.60100174 5.94439554 1.87500000
v 35.60100174 5.94439554 2.62500000
v 35.60100174 5.71709323 2.25000000
v 34.58455276 0.00000000 3.00000000
v 33.30065918 0.00000000 3.00000000
v 33.94260597 0.00000000 1.50000000
v 34.58455276 0.00000000 1.50000000
v 33.94260597 0.00000000 3.00000000
v 33.30065918 0.00000000 1.50000000
v 34.26357937 0.00000000 2.25000000
v 33.62163258 0.00000000 0.75000000
v 34.58455276 0.00000000 2.25000000
v 34.58455276 0.00000000 0.75000000
v 34.26357937 0.00000000 1.50000000
v 33.94260597 0.00000000 0.75000000
v 34.26357937 0.00000000 0.75000000
v 34.26357937 0.00000000 3.00000000
v 33.62163258 0.00000000 3.00000000
v 33.94260597 0.00000000 2.25000000
v 33.30065918 0.00000000 0.75000000
v 33.30065918 0.00000000 2.25000000
v 33.62163258 0.00000000 1.50000000
v 33.62163258 0.00000000 2.25000000
v 34.42406607 0.00000000 2.62500000
v 34.10309267 0.00000000 1.87500000
v 33.46114588 0.00000000 0.37500000
v 33.78211927 0.00000000 1.12500000
v 34.58455276 0.00000000 2.62500000
v 34.58455276 0.00000000 1.87500000
v 34.42406607 0.00000000 2.25000000
v 34.58455276 0.00000000 0.37500000
v 34.58455276 0.00000000 1.12500000
v 34.10309267 0.00000000 1.50000000
v 34.42406607 0.00000000 1.50000000
v 34.26357937 0.00000000 1.87500000
v 34.42406607 0.00000000 1.87500000
v 33.62163258 0.00000000 0.37500000
v 34.42406607 0.00000000 0.37500000
v 33.94260597 0.00000000 1.12500000
v 33.94260597 0.00000000 0.37500000
v 33.78211927 0.00000000 0.75000000
v 34.10309267 0.00000000 1.12500000
v 33.78211927 0.00000000 0.37500000
v 34.42406607 0.00000000 1.12500000
v 34.10309267 0.00000000 0.37500000
v 34.42406607 0.00000000 0.75000000
v 34.26357937 0.00000000 1.12500000
v 34.26357937 0.00000000 0.37500000
v 34.10309267 0.00000000 0.75000000
v 34.42406607 0.00000000 3.00000000
v 34.10309267 0.00000000 3.00000000
v 34.26357937 0.00000000 2.62500000
v 33.46114588 0.00000000 3.00000000
v 33.78211927 0.00000000 3.00000000
v 33.94260597 0.00000000 1.87500000
v 33.94260597 0.00000000 2.62500000
v 34.10309267 0.00000000 2.25000000
v 34.10309267 0.00000000 2.62500000
v 33.30065918 0.00000000 0.37500000
v 33.30065918 0.00000000 1.12500000
v 33.46114588 0.00000000 0.75000000
v 33.30065918 0.00000000 2.62500000
v 33.30065918 0.00000000 1.87500000
v 33.46114588 0.00000000 2.62500000
v 33.78211927 0.00000000 1.50000000
v 33.46114588 0.00000000 1.50000000
v 33.62163258 0.00000000 1.12500000
v 33.78211927 0.00000000 1.87500000
v 33.46114588 0.00000000 1.12500000
v 33.78211927 0.00000000 2.62500000
v 33.46114588 0.00000000 1.87500000
v 33.62163258 0.00000000 2.62500000
v 33.78211927 0.00000000 2.25000000
v 33.46114588 0.00000000 2.25000000
v 33.62163258 0.00000000 1.87500000
v 33.14513016 0.00000000 3.00000000
v 31.43423843 0.00000000 3.00000000
v 32.28968430 0.00000000 1.50000000
v 33.14513016 0.00000000 1.50000000
v 32.28968430 0.00000000 3.00000000
v 31.43423843 0.00000000 1.50000000
v 32.71740723 0.00000000 2.25000000
v 31.86196136 0.00000000 0.75000000
v 33.14513016 0.00000000 2.25000000
v 33.14513016 0.00000000 0.75000000
v 32.71740723 0.00000000 1.50000000
v 32.28968430 0.00000000 0.75000000
v 32.71740723 0.00000000 0.75000000
v 32.71740723 0.00000000 3.00000000
v 31.86196136 0.00000000 3.00000000
v 32.28968430 0.00000000 2.25000000
v 31.43423843 0.00000000 0.75000000
v 31.43423843 0.00000000 2.25000000
v 31.86196136 0.00000000 1.50000000
v 31.86196136 0.00000000 2.25000000
v 32.93126869 0.00000000 2.62500000
v 32.50354576 0.00000000 1.87500000
v 31.64809990 0.00000000 0.37500000
v 32.07582283 0.00000000 1.12500000
v 33.14513016 0.00000000 2.62500000
v 33.14513016 0.00000000 1.87500000
v 32.93126869 0.00000000 2.25000000
v 33.14513016 0.00000000 0.37500000
v 33.14513016 0.00000000 1.12500000
v 32.50354576 0.00000000 1.50000000
v 32.93126869 0.00000000 1.50000000
v 32.71740723 0.00000000 1.87500000
v 32.93126869 0.00000000 1.87500000
v 31.86196136 0.00000000 0.37500000
v 32.93126869 0.00000000 0.37500000
v 32.28968430 0.00000000 1.12500000
v 32.28968430 0.00000000 0.37500000
v 32.07582283 0.00000000 0.75000000
v 32.50354576 0.00000000 1.12500000
v 32.07582283 0.00000000 0.37500000
v 32.93126869 0.00000000 1.12500000
v 32.50354576 0.00000000 0.37500000
v 32.93126869 0.00000000 0.75000000
v 32.71740723 0.00000000 1.12500000
v 32.71740723 0.00000000 0.37500000
v 32.50354576 0.00000000 0.75000000
v 32.93126869 0.00000000 3.00000000
v 32.50354576 0.00000000 3.00000000
v 32.71740723 0.00000000 2.62500000
v 31.64809990 0.00000000 3.00000000
v 32.07582283 0.00000000 3.00000000
v 32.28968430 0.00000000 1.87500000
v 32.28968430 0.00000000 2.62500000
v 32.50354576 0.00000000 2.25000000
v 32.50354576 0.00000000 2.62500000
v 31.43423843 0.00000000 0.37500000
v 31.43423843 0.00000000 1.12500000
v 31.64809990 0.00000000 0.75000000
v 31.43423843 0.00000000 2.62500000
v 31.43423843 0.00000000 1.87500000
v 31.64809990 0.00000000 2.62500000
v 32.07582283 0.00000000 1.50000000
v 31.64809990 0.00000000 1.50000000
v 31.86196136 0.00000000 1.12500000
v 32.07582283 0.00000000 1.87500000
v 31.64809990 0.00000000 1.12500000
v 32.07582283 0.00000000 2.62500000
v 31.64809990 0.00000000 1.87500000
v 31.86196136 0.00000000 2.62500000
v 32.07582283 0.00000000 2.25000000
v 31.64809990 0.00000000 2.25000000
v 31.86196136 0.00000000 1.87500000
v 31.30021477 0.00000000 3.00000000
v 29.58932114 0.00000000 3.00000000
v 30.44476795 0.00000000 1.50000000
v 31.30021477 0.00000000 1.50000000
v 30.44476795 0.00000000 3.00000000
v 29.58932114 0.00000000 1.50000000
v 30.87249136 0.00000000 2.25000000
v 30.01704454 0.00000000 0.75000000
v 31.30021477 0.00000000 2.25000000
v 31.30021477 0.00000000 0.75000000
v 30.87249136 0.00000000 1.50000000
v 30.44476795 0.00000000 0.75000000
v 30.87249136 0.00000000 0.75000000
v 30.87249136 0.00000000 3.00000000
v 30.01704454 0.00000000 3.00000000
v 30.44476795 0.00000000 2.25000000
v 29.58932114 0.00000000 0.75000000
v 29.58932114 0.00000000 2.25000000
v 30.01704454 0.00000000 1.50000000
v 30.01704454 0.00000000 2.25000000
v 31.08635306 0.00000000 2.62500000
v 30.65862966 0.00000000 1.87500000
v 29.80318284 0.00000000 0.37500000
v 30.23090625 0.00000000 1.12500000
v 31.30021477 0.00000000 2.62500000
v 31.30021477 0.00000000 1.87500000
v 31.08635306 0.00000000 2.25000000
v 31.30021477 0.00000000 0.37500000
v 31.30021477 0.00000000 1.12500000
v 30.65862966 0.00000000 1.50000000
v 31.08635306 0.00000000 1.50000000
v 30.87249136 0.00000000 1.87500000
v 31.08635306 0.00000000 1.87500000
v 30.01704454 0.00000000 0.37500000
v 31.08635306 0.00000000 0.37500000
v 30.44476795 0.00000000 1.12500000
v 30.44476795 0.00000000 0.37500000
v 30.23090625 0.00000000 0.75000000
v 30.65862966 0.00000000 1.12500000
v 30.23090625 0.00000000 0.37500000
v 31.08635306 0.00000000 1.12500000
v 30.65862966 0.00000000 0.37500000
v 31.08635306 0.00000000 0.75000000
v 30.87249136 0.00000000 1.12500000
v 30.87249136 0.00000000 0.37500000
v 30.65862966 0.00000000 0.75000000
v 31.08635306 0.00000000 3.00000000
v 30.65862966 0.00000000 3.00000000
v 30.87249136 0.00000000 2.62500000
v 29.80318284 0.00000000 3.00000000
v 30.23090625 0.00000000 3.00000000
v 30.44476795 0.00000000 1.87500000
v 30.44476795 0.00000000 2.62500000
v 30.65862966 0.00000000 2.25000000
v 30.65862966 0.00000000 2.62500000
v 29.58932114 0.00000000 0.37500000
v 29.58932114 0.00000000 1.12500000
v 29.80318284 0.00000000 0.75000000
v 29.58932114 0.00000000 2.62500000
v 29.58932114 0.00000000 1.87500000
v 29.80318284 0.00000000 2.62500000
v 30.23090625 0.00000000 1.50000000
v 29.80318284 0.00000000 1.50000000
v 30.01704454 0.00000000 1.12500000
v 30.23090625 0.00000000 1.87500000
v 29.80318284 0.00000000 1.12500000
v 30.23090625 0.00000000 2.62500000
v 29.80318284 0.00000000 1.87500000
v 30.01704454 0.00000000 2.62500000
v 30.23090625 0.00000000 2.25000000
v 29.80318284 0.00000000 2.25000000
v 30.01704454 0.00000000 1.87500000
v 29.46899986 2.72962767 1.50000000
v 29.46899986 2.72962767 3.00000000
v 29.46899986 1.98900399 0.75000000
v 29.46899986 1.98900399 2.25000000
v 29.46899986 3.47025135 0.75000000
v 29.46899986 1.98900399 1.50000000
v 29.46899986 2.72962767 0.75000000
v 29.46899986 1.98900399 3.00000000
v 29.46899986 3.47025135 3.00000000
v 29.46899986 2.72962767 2.25000000
v 29.46899986 3.47025135 1.50000000
v 29.46899986 3.47025135 2.25000000
v 29.46899986 1.61869214 0.37500000
v 29.46899986 1.61869214 1.12500000
v 29.46899986 2.35931583 0.37500000
v 29.46899986 1.61869214 0.75000000
v 29.46899986 1.98900399 0.37500000
v 29.46899986 1.61869214 2.62500000
v 29.46899986 2.35931583 1.87500000
v 29.46899986 1.61869214 2.25000000
v 29.46899986 3.84056319 0.37500000
v 29.46899986 3.09993951 1.12500000
v 29.46899986 3.47025135 0.37500000
v 29.46899986 1.61869214 1.50000000
v 29.46899986 2.35931583 1.50000000
v 29.46899986 1.61869214 1.87500000
v 29.46899986 1.98900399 1.12500000
v 29.46899986 1.98900399 1.87500000
v 29.46899986 2.72962767 0.37500000
v 29.46899986 2.72962767 1.12500000
v 29.46899986 3.09993951 0.37500000
v 29.46899986 2.35931583 0.75000000
v 29.46899986 3.09993951 0.75000000
v 29.46899986 2.35931583 1.12500000
v 29.46899986 1.61869214 3.00000000
v 29.46899986 2.35931583 3.00000000
v 29.46899986 1.98900399 2.62500000
v 29.46899986 3.84056319 3.00000000
v 29.46899986 3.09993951 3.00000000
v 29.46899986 2.72962767 1.87500000
v 29.46899986 2.72962767 2.62500000
v 29.46899986 2.35931583 2.25000000
v 29.46899986 2.35931583 2.62500000
v 29.46899986 3.84056319 0.75000000
v 29.46899986 3.84056319 2.62500000
v 29.46899986 3.09993951 1.50000000
v 29.46899986 3.84056319 1.50000000
v 29.46899986 3.47025135 1.12500000
v 29.46899986 3.09993951 1.87500000
v 29.46899986 3.84056319 1.12500000
v 29.46899986 3.09993951 2.62500000
v 29.46899986 3.84056319 1.87500000
v 29.46899986 3.47025135 2.62500000
v 29.46899986 3.09993951 2.25000000
v 29.46899986 3.84056319 2.25000000
v 29.46899986 3.47025135 1.87500000
v 31.04817963 6.39900017 1.60000002
v 34.70317841 6.39900017 1.60000002
v 31.04817963 6.39900017 3.00000000
v 34.70317841 6.39900017 3.00000000
v 32.87567902 6.39900017 0.80000001
v 31.04817963 6.39900017 0.80000001
v 32.87567902 6.39900017 1.60000002
v 34.70317841 6.39900017 0.80000001
v 31.04817963 6.39900017 2.30000001
v 32.87567902 6.39900017 2.30000001
v 34.70317841 6.39900017 2.30000001
v 32.87567902 6.39900017 3.00000000
v 31.96192932 6.39900017 1.20000002
v 33.78942871 6.39900017 0.40000001
v 31.04817963 6.39900017 1.20000002
v 31.04817963 6.39900017 0.40000001
v 31.96192932 6.39900017 0.80000001
v 32.87567902 6.39900017 0.40000001
v 31.96192932 6.39900017 0.40000001
v 31.96192932 6.39900017 1.60000002
v 33.78942871 6.39900017 1.60000002
v 32.87567902 6.39900017 1.20000002
v 34.70317841 6.39900017 0.40000001
v 34.70317841 6.39900017 1.20000002
v 33.78942871 6.39900017 0.80000001
v 33.78942871 6.39900017 1.20000002
v 31.04817963 6.39900017 1.95000002
v 31.04817963 6.39900017 2.65000001
v 31.96192932 6.39900017 1.95000002
v 33.78942871 6.39900017 1.95000002
v 31.96192932 6.39900017 2.65000001
v 32.87567902 6.39900017 1.95000002
v 31.96192932 6.39900017 2.30000001
v 34.70317841 6.39900017 1.95000002
v 34.70317841 6.39900017 2.65000001
v 33.78942871 6.39900017 2.30000001
v 31.96192932 6.39900017 3.00000000
v 33.78942871 6.39900017 3.00000000
v 32.87567902 6.39900017 2.65000001
v 33.78942871 6.39900017 2.65000001
v 31.50505447 6.39900017 1.40000002
v 32.41880417 6.39900017 1.00000001
v 34.24630356 6.39900017 0.20000000
v 33.33255386 6.39900017 0.60000001
v 31.04817963 6.39900017 1.40000002
v 31.04817963 6.39900017 1.00000001
v 31.50505447 6.39900017 1.20000002
v 31.04817963 6.39900017 0.20000000
v 31.04817963 6.39900017 0.60000001
v 32.41880417 6.39900017 0.80000001
v 31.50505447 6.39900017 0.80000001
v 31.96192932 6.39900017 1.00000001
v 31.50505447 6.39900017 1.00000001
v 33.78942871 6.39900017 0.20000000
v 31.50505447 6.39900017 0.20000000
v 32.87567902 6.39900017 0.60000001
v 32.87567902 6.39900017 0.20000000
v 33.33255386 6.39900017 0.40000001
v 32.41880417 6.39900017 0.60000001
v 33.33255386 6.39900017 0.20000000
v 31.50505447 6.39900017 0.60000001
v 32.41880417 6.39900017 0.20000000
v 31.50505447 6.39900017 0.40000001
v 31.96192932 6.39900017 0.60000001
v 31.96192932 6.39900017 0.20000000
v 32.41880417 6.39900017 0.40000001
v 31.50505447 6.39900017 1.60000002
v 32.41880417 6.39900017 1.60000002
v 31.96192932 6.39900017 1.40000002
v 34.24630356 6.39900017 1.60000002
v 33.33255386 6.39900017 1.60000002
v 32.87567902 6.39900017 1.00000001
v 32.87567902 6.39900017 1.40000002
v 32.41880417 6.39900017 1.20000002
v 32.41880417 6.39900017 1.40000002
v 34.70317841 6.39900017 0.20000000
v 34.70317841 6.39900017 0.60000001
v 34.24630356 6.39900017 0.40000001
v 34.70317841 6.39900017 1.40000002
v 34.70317841 6.39900017 1.00000001
v 34.24630356 6.39900017 1.40000002
v 33.33255386 6.39900017 0.80000001
v 34.24630356 6.39900017 0.80000001
v 33.78942871 6.39900017 0.60000001
v 33.33255386 6.39900017 1.00000001
v 34.24630356 6.39900017 0.60000001
v 33.33255386 6.39900017 1.40000002
v 34.24630356 6.39900017 1.00000001
v 33.78942871 6.39900017 1.40000002
v 33.33255386 6.39900017 1.20000002
v 34.24630356 6.39900017 1.20000002
v 33.78942871 6.39900017 1.00000001
v 31.04817963 6.39900017 1.77500002
v 31.04817963 6.39900017 2.12500001
v 31.50505447 6.39900017 1.77500002
v 31.04817963 6.39900017 2.82500000
v 31.04817963 6.39900017 2.47500001
v 32.41880417 6.39900017 1.77500002
v 31.50505447 6.39900017 2.12500001
v 31.96192932 6.39900017 1.77500002
v 31.50505447 6.39900017 1.95000002
v 34.24630356 6.39900017 1.77500002
v 33.33255386 6.39900017 2.12500001
v 33.78942871 6.39900017 1.77500002
v 31.50505447 6.39900017 2.82500000
v 32.41880417 6.39900017 2.47500001
v 31.50505447 6.39900017 2.65000001
v 32.87567902 6.39900017 1.77500002
v 32.87567902 6.39900017 2.12500001
v 33.33255386 6.39900017 1.77500002
v 32.41880417 6.39900017 1.95000002
v 33.33255386 6.39900017 1.95000002
v 31.50505447 6.39900017 2.30000001
v 32.41880417 6.39900017 2.30000001
v 31.50505447 6.39900017 2.47500001
v 31.96192932 6.39900017 2.12500001
v 31.96192932 6.39900017 2.47500001
v 32.41880417 6.39900017 2.12500001
v 34.70317841 6.39900017 1.77500002
v 34.70317841 6.39900017 2.12500001
v 34.24630356 6.39900017 1.95000002
v 34.70317841 6.39900017 2.82500000
v 34.70317841 6.39900017 2.47500001
v 33.33255386 6.39900017 2.30000001
v 34.24630356 6.39900017 2.30000001
v 33.78942871 6.39900017 2.12500001
v 34.24630356 6.39900017 2.12500001
v 31.50505447 6.39900017 3.00000000
v 32.41880417 6.39900017 3.00000000
v 31.96192932 6.39900017 2.82500000
v 34.24630356 6.39900017 3.00000000
v 33.33255386 6.39900017 3.00000000
v 34.24630356 6.39900017 2.82500000
v 32.87567902 6.39900017 2.47500001
v 32.87567902 6.39900017 2.82500000
v 32.41880417 6.39900017 2.65000001
v 33.33255386 6.39900017 2.47500001
v 32.41880417 6.39900017 2.82500000
v 34.24630356 6.39900017 2.47500001
v 33.33255386 6.39900017 2.82500000
v 34.24630356 6.39900017 2.65000001
v 33.78942871 6.39900017 2.47500001
v 33.78942871 6.39900017 2.82500000
v 33.33255386 6.39900017 2.65000001
v 31.43423843 0.31099999 3.00000000
v 33.30065918 0.31099999 3.00000000
v 35.29000092 2.53800988 3.00000000
v 35.29000092 1.22904634 3.00000000
v 35.29000092 4.39828968 3.00000000
v 35.29000092 2.71632624 3.00000000
v 29.58932114 0.31099999 3.00000000
v 31.30021477 0.31099999 3.00000000
v 30.31800079 5.65299988 3.00000000
v 30.31800079 6.39900017 3.00000000
v 33.14513016 0.31099999 3.00000000
v 34.58455276 0.31099999 3.00000000
v 35.29000092 0.31099999 3.00000000
v 35.29000092 4.58058167 3.00000000
v 32.28968430 0.15549999 3.00000000
v 31.43423843 0.15549999 3.00000000
v 33.94260597 0.15549999 3.00000000
v 33.30065918 0.15549999 3.00000000
v 35.44550133 1.88352811 3.00000000
v 35.44550133 1.22904634 3.00000000
v 35.29000092 1.88352811 3.00000000
v 35.44550133 2.53800988 3.00000000
v 35.44550133 3.55730796 3.00000000
v 35.29000092 2.62716806 3.00000000
v 35.44550133 2.71632624 3.00000000
v 35.29000092 3.55730796 3.00000000
v 35.44550133 4.39828968 3.00000000
v 30.44476795 0.15549999 3.00000000
v 29.58932114 0.15549999 3.00000000
v 31.36722660 0.31099999 3.00000000
v 31.30021477 0.15549999 3.00000000
v 30.44476795 0.31099999 3.00000000
v 29.95366096 2.98199993 3.00000000
v 30.80910778 2.98199993 3.00000000
v 31.24120903 3.35500008 3.00000000
v 31.17419720 3.35500008 3.00000000
v 30.68309021 6.02600002 3.00000000
v 30.31800079 6.02600002 3.00000000
v 30.68309021 6.39900017 3.00000000
v 33.06870842 3.35500008 3.00000000
v 34.00191879 3.35500008 3.00000000
v 34.99658966 5.39864492 3.00000000
v 34.99658966 4.55766320 3.00000000
v 33.14513016 0.15549999 3.00000000
v 32.28968430 0.31099999 3.00000000
v 33.22289467 0.31099999 3.00000000
v 33.92415428 3.35500008 3.00000000
v 34.58455276 0.15549999 3.00000000
v 33.94260597 0.31099999 3.00000000
v 34.93727684 1.42450494 3.00000000
v 34.93727684 0.77002317 3.00000000
v 34.93727684 1.51366311 3.00000000
v 34.64386559 3.35500008 3.00000000
v 35.29000092 0.77002317 3.00000000
v 34.93727684 0.31099999 3.00000000
v 35.29000092 4.48943567 3.00000000
v 34.99658966 5.48979092 3.00000000
v 35.15209007 6.39900017 3.00000000
v 35.44550133 5.48979092 3.00000000
v 35.44550133 4.58058167 3.00000000
v 29.52916050 0.77969015 3.00000000
v 29.89350033 3.45069009 3.00000000
v 29.52916050 0.31099999 3.00000000
v 29.89350033 4.93193746 3.00000000
v 29.89350033 5.65299988 3.00000000
v 32.71740723 0.07775000 3.00000000
v 31.86196136 0.23324999 3.00000000
v 32.28968430 0.07775000 3.00000000
v 31.43423843 0.23324999 3.00000000
v 31.43423843 0.07775000 3.00000000
v 31.86196136 0.15549999 3.00000000
v 31.86196136 0.07775000 3.00000000
v 34.26357937 0.07775000 3.00000000
v 33.62163258 0.23324999 3.00000000
v 33.94260597 0.07775000 3.00000000
v 33.30065918 0.23324999 3.00000000
v 33.30065918 0.07775000 3.00000000
v 33.62163258 0.15549999 3.00000000
v 33.62163258 0.07775000 3.00000000
v 35.52325153 1.55628723 3.00000000
v 35.36775112 2.21076900 3.00000000
v 35.52325153 1.22904634 3.00000000
v 35.36775112 1.22904634 3.00000000
v 35.44550133 1.55628723 3.00000000
v 35.29000092 2.21076900 3.00000000
v 35.29000092 1.55628723 3.00000000
v 35.36775112 1.88352811 3.00000000
v 35.36775112 1.55628723 3.00000000
v 35.52325153 1.88352811 3.00000000
v 35.36775112 2.53800988 3.00000000
v 35.52325153 2.53800988 3.00000000
v 35.44550133 2.21076900 3.00000000
v 35.52325153 2.21076900 3.00000000
v 35.52325153 3.13681710 3.00000000
v 35.36775112 3.97779882 3.00000000
v 35.29000092 2.58258897 3.00000000
v 35.29000092 2.67174715 3.00000000
v 35.52325153 2.71632624 3.00000000
v 35.36775112 2.71632624 3.00000000
v 35.44550133 3.13681710 3.00000000
v 35.29000092 3.97779882 3.00000000
v 35.29000092 3.13681710 3.00000000
v 35.36775112 3.55730796 3.00000000
v 35.36775112 3.13681710 3.00000000
v 35.52325153 3.55730796 3.00000000
v 35.36775112 4.39828968 3.00000000
v 35.52325153 4.39828968 3.00000000
v 35.44550133 3.97779882 3.00000000
v 35.52325153 3.97779882 3.00000000
v 30.87249136 0.07775000 3.00000000
v 30.01704454 0.23324999 3.00000000
v 30.44476795 0.07775000 3.00000000
v 29.58932114 0.23324999 3.00000000
v 29.58932114 0.07775000 3.00000000
v 30.01704454 0.15549999 3.00000000
v 30.01704454 0.07775000 3.00000000
v 31.40073252 0.31099999 3.00000000
v 31.33372068 0.31099999 3.00000000
v 31.30021477 0.07775000 3.00000000
v 31.30021477 0.23324999 3.00000000
v 30.87249136 0.15549999 3.00000000
v 30.01704454 0.31099999 3.00000000
v 30.87249136 0.31099999 3.00000000
v 30.44476795 0.23324999 3.00000000
v 30.87249136 0.23324999 3.00000000
v 29.77149105 1.64649996 3.00000000
v 30.13583088 4.31749991 3.00000000
v 30.19921446 1.64649996 3.00000000
v 31.05466127 1.64649996 3.00000000
v 30.56355429 4.31749991 3.00000000
v 30.62693787 1.64649996 3.00000000
v 30.38138437 2.98199993 3.00000000
v 31.33772373 1.83300003 3.00000000
v 31.14469433 4.87700012 3.00000000
v 31.30421782 1.83300003 3.00000000
v 31.23720598 1.83300003 3.00000000
v 31.11118841 4.87700012 3.00000000
v 31.27071190 1.83300003 3.00000000
v 30.99165249 3.16850001 3.00000000
v 31.20770311 3.35500008 3.00000000
v 30.50054550 5.83949995 3.00000000
v 30.86563492 6.21250010 3.00000000
v 30.74609900 4.50399998 3.00000000
v 30.92864370 4.69050005 3.00000000
v 30.31800079 5.83949995 3.00000000
v 30.31800079 6.21250010 3.00000000
v 30.50054550 6.02600002 3.00000000
v 30.86563492 6.39900017 3.00000000
v 30.50054550 6.39900017 3.00000000
v 30.68309021 6.21250010 3.00000000
v 30.50054550 6.21250010 3.00000000
v 32.25147343 1.83300003 3.00000000
v 33.88594341 4.87700012 3.00000000
v 32.15495872 3.35500008 3.00000000
v 33.65128899 1.83300003 3.00000000
v 34.35254860 4.87700012 3.00000000
v 35.14329529 4.89846730 3.00000000
v 34.84988403 5.89882255 3.00000000
v 35.14329529 4.47797644 3.00000000
v 35.14329529 3.63699472 3.00000000
v 34.84988403 5.47833169 3.00000000
v 35.14329529 4.05748558 3.00000000
v 34.99658966 4.97815406 3.00000000
v 32.05844402 4.87700012 3.00000000
v 32.97219372 4.87700012 3.00000000
v 33.14513016 0.07775000 3.00000000
v 33.14513016 0.23324999 3.00000000
v 32.71740723 0.15549999 3.00000000
v 31.86196136 0.31099999 3.00000000
v 32.71740723 0.31099999 3.00000000
v 32.28968430 0.23324999 3.00000000
v 32.67919636 1.83300003 3.00000000
v 32.71740723 0.23324999 3.00000000
v 33.26177692 0.31099999 3.00000000
v 33.18401241 0.31099999 3.00000000
v 33.61240673 1.83300003 3.00000000
v 34.31366634 4.87700012 3.00000000
v 33.53464222 1.83300003 3.00000000
v 33.49643135 3.35500008 3.00000000
v 33.96303654 3.35500008 3.00000000
v 33.10691929 1.83300003 3.00000000
v 33.57352448 1.83300003 3.00000000
v 34.58455276 0.07775000 3.00000000
v 34.58455276 0.23324999 3.00000000
v 34.26357937 0.15549999 3.00000000
v 33.62163258 0.31099999 3.00000000
v 34.26357937 0.31099999 3.00000000
v 33.94260597 0.23324999 3.00000000
v 33.97226238 1.83300003 3.00000000
v 34.26357937 0.23324999 3.00000000
v 35.11363888 1.98125741 3.00000000
v 34.76091480 0.86775246 3.00000000
v 35.11363888 1.65401652 3.00000000
v 35.11363888 2.02583650 3.00000000
v 35.11363888 0.99953476 3.00000000
v 34.76091480 0.54051158 3.00000000
v 35.11363888 1.32677564 3.00000000
v 34.93727684 1.09726405 3.00000000
v 35.11363888 2.11499467 3.00000000
v 34.76091480 0.91233155 3.00000000
v 35.11363888 2.07041559 3.00000000
v 34.96693325 3.03566316 3.00000000
v 34.93727684 1.46908402 3.00000000
v 34.67352200 4.87700012 3.00000000
v 34.61420918 1.83300003 3.00000000
v 34.32289219 3.35500008 3.00000000
v 34.82022762 3.95633164 3.00000000
v 34.29323578 1.83300003 3.00000000
v 34.79057121 2.43433160 3.00000000
v 35.29000092 0.99953476 3.00000000
v 35.29000092 0.54051158 3.00000000
v 35.11363888 0.77002317 3.00000000
v 34.76091480 0.31099999 3.00000000
v 35.11363888 0.31099999 3.00000000
v 34.93727684 0.54051158 3.00000000
v 35.11363888 0.54051158 3.00000000
v 35.29000092 4.44386268 3.00000000
v 35.29000092 4.53500867 3.00000000
v 35.14329529 4.94404030 3.00000000
v 34.84988403 5.94439554 3.00000000
v 35.14329529 5.03518629 3.00000000
v 34.99658966 5.44421792 3.00000000
v 35.14329529 4.98961329 3.00000000
v 34.92763424 6.39900017 3.00000000
v 35.37654591 6.39900017 3.00000000
v 35.07433987 5.94439554 3.00000000
v 35.36775112 5.03518629 3.00000000
v 35.52325153 5.94439554 3.00000000
v 35.22104549 5.48979092 3.00000000
v 35.29879570 5.94439554 3.00000000
v 35.36775112 4.58058167 3.00000000
v 35.52325153 4.58058167 3.00000000
v 35.44550133 5.03518629 3.00000000
v 35.52325153 5.48979092 3.00000000
v 35.52325153 5.03518629 3.00000000
v 29.55924082 0.54534507 3.00000000
v 29.49908018 1.01403522 3.00000000
v 29.74141073 1.88084504 3.00000000
v 30.10575056 4.55184498 3.00000000
v 29.68125010 2.34953520 3.00000000
v 29.92358065 3.21634501 3.00000000
v 29.71133041 2.11519012 3.00000000
v 29.55924082 0.31099999 3.00000000
v 29.49908018 0.31099999 3.00000000
v 29.52916050 0.54534507 3.00000000
v 29.49908018 0.77969015 3.00000000
v 29.49908018 0.54534507 3.00000000
v 30.10575056 5.29246867 3.00000000
v 29.68125010 4.57140625 3.00000000
v 29.89350033 4.19131377 3.00000000
v 29.68125010 3.09015888 3.00000000
v 29.68125010 3.83078256 3.00000000
v 30.10575056 5.65299988 3.00000000
v 29.68125010 5.65299988 3.00000000
v 29.89350033 5.29246867 3.00000000
v 29.68125010 4.93193746 3.00000000
v 29.68125010 5.29246867 3.00000000
v 32.93126869 0.03887500 3.00000000
v 32.50354576 0.11662500 3.00000000
v 31.64809990 0.27212499 3.00000000
v 32.07582283 0.19437499 3.00000000
v 32.71740723 0.03887500 3.00000000
v 32.28968430 0.11662500 3.00000000
v 32.28968430 0.03887500 3.00000000
v 32.50354576 0.07775000 3.00000000
v 32.50354576 0.03887500 3.00000000
v 31.43423843 0.27212499 3.00000000
v 31.43423843 0.19437499 3.00000000
v 31.64809990 0.23324999 3.00000000
v 31.43423843 0.03887500 3.00000000
v 31.43423843 0.11662500 3.00000000
v 31.64809990 0.03887500 3.00000000
v 32.07582283 0.15549999 3.00000000
v 31.64809990 0.15549999 3.00000000
v 31.86196136 0.19437499 3.00000000
v 32.07582283 0.11662500 3.00000000
v 31.64809990 0.19437499 3.00000000
v 32.07582283 0.03887500 3.00000000
v 31.64809990 0.11662500 3.00000000
v 31.86196136 0.03887500 3.00000000
v 32.07582283 0.07775000 3.00000000
v 31.64809990 0.07775000 3.00000000
v 31.86196136 0.11662500 3.00000000
v 34.42406607 0.03887500 3.00000000
v 34.10309267 0.11662500 3.00000000
v 33.46114588 0.27212499 3.00000000
v 33.78211927 0.19437499 3.00000000
v 34.26357937 0.03887500 3.00000000
v 33.94260597 0.11662500 3.00000000
v 33.94260597 0.03887500 3.00000000
v 34.10309267 0.07775000 3.00000000
v 34.10309267 0.03887500 3.00000000
v 33.30065918 0.27212499 3.00000000
v 33.30065918 0.19437499 3.00000000
v 33.46114588 0.23324999 3.00000000
v 33.30065918 0.03887500 3.00000000
v 33.30065918 0.11662500 3.00000000
v 33.46114588 0.03887500 3.00000000
v 33.78211927 0.15549999 3.00000000
v 33.46114588 0.15549999 3.00000000
v 33.62163258 0.19437499 3.00000000
v 33.78211927 0.11662500 3.00000000
v 33.46114588 0.19437499 3.00000000
v 33.78211927 0.03887500 3.00000000
v 33.46114588 0.11662500 3.00000000
v 33.62163258 0.03887500 3.00000000
v 33.78211927 0.07775000 3.00000000
v 33.46114588 0.07775000 3.00000000
v 33.62163258 0.11662500 3.00000000
v 35.56212664 1.39266679 3.00000000
v 35.48437643 1.71990767 3.00000000
v 35.32887602 2.37438944 3.00000000
v 35.40662622 2.04714856 3.00000000
v 35.56212664 1.22904634 3.00000000
v 35.48437643 1.22904634 3.00000000
v 35.52325153 1.39266679 3.00000000
v 35.32887602 1.22904634 3.00000000
v 35.40662622 1.22904634 3.00000000
v 35.44550133 1.71990767 3.00000000
v 35.44550133 1.39266679 3.00000000
v 35.48437643 1.55628723 3.00000000
v 35.48437643 1.39266679 3.00000000
v 35.29000092 2.37438944 3.00000000
v 35.29000092 2.04714856 3.00000000
v 35.32887602 2.21076900 3.00000000
v 35.29000092 1.39266679 3.00000000
v 35.29000092 1.71990767 3.00000000
v 35.32887602 1.39266679 3.00000000
v 35.40662622 1.88352811 3.00000000
v 35.32887602 1.88352811 3.00000000
v 35.36775112 2.04714856 3.00000000
v 35.40662622 1.71990767 3.00000000
v 35.32887602 2.04714856 3.00000000
v 35.40662622 1.39266679 3.00000000
v 35.32887602 1.71990767 3.00000000
v 35.36775112 1.39266679 3.00000000
v 35.40662622 1.55628723 3.00000000
v 35.32887602 1.55628723 3.00000000
v 35.36775112 1.71990767 3.00000000
v 35.56212664 1.55628723 3.00000000
v 35.48437643 1.88352811 3.00000000
v 35.56212664 1.88352811 3.00000000
v 35.52325153 1.71990767 3.00000000
v 35.56212664 1.71990767 3.00000000
v 35.32887602 2.53800988 3.00000000
v 35.40662622 2.53800988 3.00000000
v 35.36775112 2.37438944 3.00000000
v 35.56212664 2.53800988 3.00000000
v 35.48437643 2.53800988 3.00000000
v 35.56212664 2.37438944 3.00000000
v 35.44550133 2.04714856 3.00000000
v 35.44550133 2.37438944 3.00000000
v 35.40662622 2.21076900 3.00000000
v 35.48437643 2.04714856 3.00000000
v 35.40662622 2.37438944 3.00000000
v 35.56212664 2.04714856 3.00000000
v 35.48437643 2.37438944 3.00000000
v 35.56212664 2.21076900 3.00000000
v 35.52325153 2.04714856 3.00000000
v 35.52325153 2.37438944 3.00000000
v 35.48437643 2.21076900 3.00000000
v 35.56212664 2.92657167 3.00000000
v 35.48437643 3.34706253 3.00000000
v 35.32887602 4.18804425 3.00000000
v 35.40662622 3.76755339 3.00000000
v 35.29000092 2.56029943 3.00000000
v 35.29000092 2.60487852 3.00000000
v 35.29000092 2.69403669 3.00000000
v 35.29000092 2.64945760 3.00000000
v 35.56212664 2.71632624 3.00000000
v 35.48437643 2.71632624 3.00000000
v 35.52325153 2.92657167 3.00000000
v 35.32887602 2.71632624 3.00000000
v 35.40662622 2.71632624 3.00000000
v 35.44550133 3.34706253 3.00000000
v 35.44550133 2.92657167 3.00000000
v 35.48437643 3.13681710 3.00000000
v 35.48437643 2.92657167 3.00000000
v 35.29000092 4.18804425 3.00000000
v 35.29000092 3.76755339 3.00000000
v 35.32887602 3.97779882 3.00000000
v 35.29000092 2.92657167 3.00000000
v 35.29000092 3.34706253 3.00000000
v 35.32887602 2.92657167 3.00000000
v 35.40662622 3.55730796 3.00000000
v 35.32887602 3.55730796 3.00000000
v 35.36775112 3.76755339 3.00000000
v 35.40662622 3.34706253 3.00000000
v 35.32887602 3.76755339 3.00000000
v 35.40662622 2.92657167 3.00000000
v 35.32887602 3.34706253 3.00000000
v 35.36775112 2.92657167 3.00000000
v 35.40662622 3.13681710 3.00000000
v 35.32887602 3.13681710 3.00000000
v 35.36775112 3.34706253 3.00000000
v 35.56212664 3.13681710 3.00000000
v 35.48437643 3.55730796 3.00000000
v 35.56212664 3.55730796 3.00000000
v 35.52325153 3.34706253 3.00000000
v 35.56212664 3.34706253 3.00000000
v 35.32887602 4.39828968 3.00000000
v 35.40662622 4.39828968 3.00000000
v 35.36775112 4.18804425 3.00000000
v 35.56212664 4.39828968 3.00000000
v 35.48437643 4.39828968 3.00000000
v 35.56212664 4.18804425 3.00000000
v 35.44550133 3.76755339 3.00000000
v 35.44550133 4.18804425 3.00000000
v 35.40662622 3.97779882 3.00000000
v 35.48437643 3.76755339 3.00000000
v 35.40662622 4.18804425 3.00000000
v 35.56212664 3.76755339 3.00000000
v 35.48437643 4.18804425 3.00000000
v 35.56212664 3.97779882 3.00000000
v 35.52325153 3.76755339 3.00000000
v 35.52325153 4.18804425 3.00000000
v 35.48437643 3.97779882 3.00000000
v 31.08635306 0.03887500 3.00000000
v 30.65862966 0.11662500 3.00000000
v 29.80318284 0.27212499 3.00000000
v 30.23090625 0.19437499 3.00000000
v 30.87249136 0.03887500 3.00000000
v 30.44476795 0.11662500 3.00000000
v 30.44476795 0.03887500 3.00000000
v 30.65862966 0.07775000 3.00000000
v 30.65862966 0.03887500 3.00000000
v 29.58932114 0.27212499 3.00000000
v 29.58932114 0.19437499 3.00000000
v 29.80318284 0.23324999 3.00000000
v 29.58932114 0.03887500 3.00000000
v 29.58932114 0.11662500 3.00000000
v 29.80318284 0.03887500 3.00000000
v 30.23090625 0.15549999 3.00000000
v 29.80318284 0.15549999 3.00000000
v 30.01704454 0.19437499 3.00000000
v 30.23090625 0.11662500 3.00000000
v 29.80318284 0.19437499 3.00000000
v 30.23090625 0.03887500 3.00000000
v 29.80318284 0.11662500 3.00000000
v 30.01704454 0.03887500 3.00000000
v 30.23090625 0.07775000 3.00000000
v 29.80318284 0.07775000 3.00000000
v 30.01704454 0.11662500 3.00000000
v 31.41748548 0.31099999 3.00000000
v 31.38397956 0.31099999 3.00000000
v 31.31696773 0.31099999 3.00000000
v 31.35047364 0.31099999 3.00000000
v 31.30021477 0.03887500 3.00000000
v 31.30021477 0.11662500 3.00000000
v 31.08635306 0.07775000 3.00000000
v 31.30021477 0.27212499 3.00000000
v 31.30021477 0.19437499 3.00000000
v 30.65862966 0.15549999 3.00000000
v 31.08635306 0.15549999 3.00000000
v 30.87249136 0.11662500 3.00000000
v 31.08635306 0.11662500 3.00000000
v 29.80318284 0.31099999 3.00000000
v 30.23090625 0.31099999 3.00000000
v 30.01704454 0.27212499 3.00000000
v 31.08635306 0.31099999 3.00000000
v 30.65862966 0.31099999 3.00000000
v 31.08635306 0.27212499 3.00000000
v 30.44476795 0.19437499 3.00000000
v 30.44476795 0.27212499 3.00000000
v 30.23090625 0.23324999 3.00000000
v 30.65862966 0.19437499 3.00000000
v 30.23090625 0.27212499 3.00000000
v 31.08635306 0.19437499 3.00000000
v 30.65862966 0.27212499 3.00000000
v 31.08635306 0.23324999 3.00000000
v 30.87249136 0.19437499 3.00000000
v 30.87249136 0.27212499 3.00000000
v 30.65862966 0.23324999 3.00000000
v 29.68040609 0.97874998 3.00000000
v 29.86257601 2.31424995 3.00000000
v 29.89426780 0.97874998 3.00000000
v 30.22691584 4.98524989 3.00000000
v 30.04474592 3.64974992 3.00000000
v 30.32199121 0.97874998 3.00000000
v 30.07643771 2.31424995 3.00000000
v 30.10812950 0.97874998 3.00000000
v 29.98535275 1.64649996 3.00000000
v 31.17743802 0.97874998 3.00000000
v 30.93188453 2.31424995 3.00000000
v 30.96357632 0.97874998 3.00000000
v 30.44077754 4.98524989 3.00000000
v 30.68633103 3.64974992 3.00000000
v 30.34969258 4.31749991 3.00000000
v 30.53585291 0.97874998 3.00000000
v 30.71802282 2.31424995 3.00000000
v 30.74971461 0.97874998 3.00000000
v 30.41307616 1.64649996 3.00000000
v 30.84079957 1.64649996 3.00000000
v 30.16752267 2.98199993 3.00000000
v 30.59524608 2.98199993 3.00000000
v 30.25860763 3.64974992 3.00000000
v 30.29029942 2.31424995 3.00000000
v 30.47246933 3.64974992 3.00000000
v 30.50416112 2.31424995 3.00000000
v 31.38598108 1.07200001 3.00000000
v 31.28946638 2.59400006 3.00000000
v 31.36922812 1.07200001 3.00000000
v 31.09643698 5.63800015 3.00000000
v 31.19295168 4.11600010 3.00000000
v 31.33572221 1.07200001 3.00000000
v 31.27271342 2.59400006 3.00000000
v 31.35247517 1.07200001 3.00000000
v 31.32097077 1.83300003 3.00000000
v 31.26871037 1.07200001 3.00000000
v 31.20570159 2.59400006 3.00000000
v 31.28546333 1.07200001 3.00000000
v 31.14593363 1.73975000 3.00000000
v 31.07968402 5.63800015 3.00000000
v 31.14269280 4.11600010 3.00000000
v 31.12794137 4.87700012 3.00000000
v 31.31896925 1.07200001 3.00000000
v 31.22245455 2.59400006 3.00000000
v 31.30221629 1.07200001 3.00000000
v 31.28746486 1.83300003 3.00000000
v 31.25395894 1.83300003 3.00000000
v 30.90038013 3.07524997 3.00000000
v 31.08292484 3.26175004 3.00000000
v 31.02315688 2.40749998 3.00000000
v 31.11442924 2.50075002 3.00000000
v 31.22445607 3.35500008 3.00000000
v 31.19095016 3.35500008 3.00000000
v 31.17619872 4.11600010 3.00000000
v 31.25596046 2.59400006 3.00000000
v 31.15944576 4.11600010 3.00000000
v 31.23920751 2.59400006 3.00000000
v 30.40927315 5.74624991 3.00000000
v 30.59181786 5.93274999 3.00000000
v 30.53204989 5.07849993 3.00000000
v 30.95690727 6.30575013 3.00000000
v 30.77436256 6.11925006 3.00000000
v 30.98841166 5.54475011 3.00000000
v 30.77760339 3.74299996 3.00000000
v 30.71459460 5.26500000 3.00000000
v 30.65482664 4.41074994 3.00000000
v 30.86887574 3.83624999 3.00000000
v 30.62332225 5.17174996 3.00000000
v 31.05142045 4.02275006 3.00000000
v 30.80586696 5.35825004 3.00000000
v 31.01991606 4.78375009 3.00000000
v 30.96014810 3.92950003 3.00000000
v 30.89713931 5.45150007 3.00000000
v 30.83737135 4.59725001 3.00000000
v 30.31800079 5.74624991 3.00000000
v 30.31800079 5.93274999 3.00000000
v 30.40927315 5.83949995 3.00000000
v 30.31800079 6.30575013 3.00000000
v 30.31800079 6.11925006 3.00000000
v 30.59181786 6.02600002 3.00000000
v 30.40927315 6.02600002 3.00000000
v 30.50054550 5.93274999 3.00000000
v 30.40927315 5.93274999 3.00000000
v 30.95690727 6.39900017 3.00000000
v 30.77436256 6.39900017 3.00000000
v 30.86563492 6.30575013 3.00000000
v 30.40927315 6.39900017 3.00000000
v 30.59181786 6.39900017 3.00000000
v 30.40927315 6.30575013 3.00000000
v 30.68309021 6.11925006 3.00000000
v 30.68309021 6.30575013 3.00000000
v 30.77436256 6.21250010 3.00000000
v 30.59181786 6.11925006 3.00000000
v 30.77436256 6.30575013 3.00000000
v 30.40927315 6.11925006 3.00000000
v 30.59181786 6.30575013 3.00000000
v 30.40927315 6.21250010 3.00000000
v 30.50054550 6.11925006 3.00000000
v 30.50054550 6.30575013 3.00000000
v 30.59181786 6.21250010 3.00000000
v 31.84285593 1.07200001 3.00000000
v 32.66009092 2.59400006 3.00000000
v 31.79459858 1.83300003 3.00000000
v 34.29456091 5.63800015 3.00000000
v 33.47732592 4.11600010 3.00000000
v 31.69808388 3.35500008 3.00000000
v 32.61183357 3.35500008 3.00000000
v 31.74634123 2.59400006 3.00000000
v 32.20321608 2.59400006 3.00000000
v 33.47597408 1.07200001 3.00000000
v 33.82660389 2.59400006 3.00000000
v 34.52786350 5.63800015 3.00000000
v 34.17723370 4.11600010 3.00000000
v 35.21664810 4.64837849 3.00000000
v 35.06994247 5.14855611 3.00000000
v 35.21664810 4.43813306 3.00000000
v 34.77653122 6.14891136 3.00000000
v 34.92323685 5.64873374 3.00000000
v 35.21664810 4.01764220 3.00000000
v 35.06994247 4.93831068 3.00000000
v 35.21664810 4.22788763 3.00000000
v 35.14329529 4.68822187 3.00000000
v 35.21664810 3.17666048 3.00000000
v 35.06994247 4.09732896 3.00000000
v 35.21664810 3.38690591 3.00000000
v 34.77653122 5.93866593 3.00000000
v 34.92323685 5.01799744 3.00000000
v 34.84988403 5.68857712 3.00000000
v 35.21664810 3.80739677 3.00000000
v 35.06994247 4.30757439 3.00000000
v 35.21664810 3.59715134 3.00000000
v 35.14329529 4.26773101 3.00000000
v 35.14329529 3.84724015 3.00000000
v 34.99658966 5.18839949 3.00000000
v 34.99658966 4.76790863 3.00000000
v 34.92323685 5.43848830 3.00000000
v 35.06994247 4.72806525 3.00000000
v 34.92323685 5.22824287 3.00000000
v 35.06994247 4.51781982 3.00000000
v 31.55331182 5.63800015 3.00000000
v 33.83768606 5.63800015 3.00000000
v 31.64982653 4.11600010 3.00000000
v 32.46706152 5.63800015 3.00000000
v 31.60156918 4.87700012 3.00000000
v 32.10670137 4.11600010 3.00000000
v 32.01018667 5.63800015 3.00000000
v 33.02045107 4.11600010 3.00000000
v 32.92393637 5.63800015 3.00000000
v 33.42906857 4.87700012 3.00000000
v 32.56357622 4.11600010 3.00000000
v 33.38081121 5.63800015 3.00000000
v 32.51531887 4.87700012 3.00000000
v 33.14513016 0.03887500 3.00000000
v 33.14513016 0.11662500 3.00000000
v 32.93126869 0.07775000 3.00000000
v 33.14513016 0.27212499 3.00000000
v 33.14513016 0.19437499 3.00000000
v 32.50354576 0.15549999 3.00000000
v 32.93126869 0.15549999 3.00000000
v 32.71740723 0.11662500 3.00000000
v 32.93126869 0.11662500 3.00000000
v 31.64809990 0.31099999 3.00000000
v 32.07582283 0.31099999 3.00000000
v 31.86196136 0.27212499 3.00000000
v 32.05671740 1.07200001 3.00000000
v 32.93126869 0.31099999 3.00000000
v 32.50354576 0.31099999 3.00000000
v 32.93126869 0.27212499 3.00000000
v 32.28968430 0.19437499 3.00000000
v 32.28968430 0.27212499 3.00000000
v 32.07582283 0.23324999 3.00000000
v 32.50354576 0.19437499 3.00000000
v 32.07582283 0.27212499 3.00000000
v 32.87395239 2.59400006 3.00000000
v 32.48444033 1.07200001 3.00000000
v 32.46533489 1.83300003 3.00000000
v 32.27057886 1.07200001 3.00000000
v 32.93126869 0.19437499 3.00000000
v 32.50354576 0.27212499 3.00000000
v 32.93126869 0.23324999 3.00000000
v 32.71740723 0.19437499 3.00000000
v 32.71740723 0.27212499 3.00000000
v 32.50354576 0.23324999 3.00000000
v 33.28121805 0.31099999 3.00000000
v 33.24233580 0.31099999 3.00000000
v 33.45653296 1.07200001 3.00000000
v 33.16457129 0.31099999 3.00000000
v 33.20345354 0.31099999 3.00000000
v 33.80716276 2.59400006 3.00000000
v 33.41765070 1.07200001 3.00000000
v 33.63184786 1.83300003 3.00000000
v 33.43709183 1.07200001 3.00000000
v 34.50842237 5.63800015 3.00000000
v 34.11891031 4.11600010 3.00000000
v 34.09980488 4.87700012 3.00000000
v 34.33310747 4.87700012 3.00000000
v 33.33988619 1.07200001 3.00000000
v 33.72939825 2.59400006 3.00000000
v 33.12602472 1.07200001 3.00000000
v 33.35932732 1.07200001 3.00000000
v 33.28256989 3.35500008 3.00000000
v 33.71029282 3.35500008 3.00000000
v 33.69118738 4.11600010 3.00000000
v 33.08781385 2.59400006 3.00000000
v 33.90504885 4.11600010 3.00000000
v 33.98247766 3.35500008 3.00000000
v 33.94359541 3.35500008 3.00000000
v 34.15779257 4.11600010 3.00000000
v 33.78772163 2.59400006 3.00000000
v 34.13835144 4.11600010 3.00000000
v 32.69830179 1.07200001 3.00000000
v 33.51553679 2.59400006 3.00000000
v 32.91216326 1.07200001 3.00000000
v 32.89305782 1.83300003 3.00000000
v 33.32078075 1.83300003 3.00000000
v 33.30167532 2.59400006 3.00000000
v 33.39820957 1.07200001 3.00000000
v 33.74883938 2.59400006 3.00000000
v 33.37876844 1.07200001 3.00000000
v 33.59296560 1.83300003 3.00000000
v 33.55408335 1.83300003 3.00000000
v 33.76828051 2.59400006 3.00000000
v 34.58455276 0.03887500 3.00000000
v 34.58455276 0.11662500 3.00000000
v 34.42406607 0.07775000 3.00000000
v 34.58455276 0.27212499 3.00000000
v 34.58455276 0.19437499 3.00000000
v 34.10309267 0.15549999 3.00000000
v 34.42406607 0.15549999 3.00000000
v 34.26357937 0.11662500 3.00000000
v 34.42406607 0.11662500 3.00000000
v 33.46114588 0.31099999 3.00000000
v 33.78211927 0.31099999 3.00000000
v 33.62163258 0.27212499 3.00000000
v 33.63646078 1.07200001 3.00000000
v 34.42406607 0.31099999 3.00000000
v 34.10309267 0.31099999 3.00000000
v 34.42406607 0.27212499 3.00000000
v 33.94260597 0.19437499 3.00000000
v 33.94260597 0.27212499 3.00000000
v 33.78211927 0.23324999 3.00000000
v 34.10309267 0.19437499 3.00000000
v 33.78211927 0.27212499 3.00000000
v 33.98709059 2.59400006 3.00000000
v 33.95743418 1.07200001 3.00000000
v 33.81177568 1.83300003 3.00000000
v 33.79694748 1.07200001 3.00000000
v 34.42406607 0.19437499 3.00000000
v 34.10309267 0.27212499 3.00000000
v 34.42406607 0.23324999 3.00000000
v 34.26357937 0.19437499 3.00000000
v 34.26357937 0.27212499 3.00000000
v 34.10309267 0.23324999 3.00000000
v 35.20181990 2.25963365 3.00000000
v 35.02545786 1.70288117 3.00000000
v 35.20181990 2.09601320 3.00000000
v 35.20181990 2.28192319 3.00000000
v 34.67273378 0.58937623 3.00000000
v 34.84909582 1.14612870 3.00000000
v 35.20181990 1.76877232 3.00000000
v 35.02545786 1.53926073 3.00000000
v 35.20181990 1.93239276 3.00000000
v 35.11363888 1.81763697 3.00000000
v 35.20181990 2.32650228 3.00000000
v 35.02545786 1.72517072 3.00000000
v 35.20181990 2.30421273 3.00000000
v 35.11363888 2.00354695 3.00000000
v 35.20181990 1.11429055 3.00000000
v 35.02545786 0.88477896 3.00000000
v 35.20181990 1.27791099 3.00000000
v 34.67273378 0.42575578 3.00000000
v 34.84909582 0.65526737 3.00000000
v 34.76091480 0.70413202 3.00000000
v 35.20181990 1.60515188 3.00000000
v 35.02545786 1.04839940 3.00000000
v 35.20181990 1.44153143 3.00000000
v 35.11363888 1.49039608 3.00000000
v 35.11363888 1.16315520 3.00000000
v 34.93727684 1.26088449 3.00000000
v 34.93727684 0.93364361 3.00000000
v 34.84909582 0.98250826 3.00000000
v 35.02545786 1.37564029 3.00000000
v 34.84909582 0.81888781 3.00000000
v 35.02545786 1.21201985 3.00000000
v 35.20181990 2.41566046 3.00000000
v 35.02545786 1.81432889 3.00000000
v 35.20181990 2.39337091 3.00000000
v 35.12846708 2.87599470 3.00000000
v 34.67273378 0.61166577 3.00000000
v 34.84909582 1.21299733 3.00000000
v 34.76091480 0.89004201 3.00000000
v 35.20181990 2.34879182 3.00000000
v 35.02545786 1.79203935 3.00000000
v 35.20181990 2.37108137 3.00000000
v 35.11363888 2.04812604 3.00000000
v 35.11363888 2.09270513 3.00000000
v 34.98176146 3.79666318 3.00000000
v 34.95210505 2.27466314 3.00000000
v 35.05511427 3.33632894 3.00000000
v 35.04028606 2.57532892 3.00000000
v 34.93727684 1.44679448 3.00000000
v 34.93727684 1.49137357 3.00000000
v 34.84909582 1.16841824 3.00000000
v 35.02545786 1.74746026 3.00000000
v 34.84909582 1.19070779 3.00000000
v 35.02545786 1.76974981 3.00000000
v 34.68835020 5.63800015 3.00000000
v 34.65869379 4.11600010 3.00000000
v 34.51303530 4.87700012 3.00000000
v 34.76170301 5.17766590 3.00000000
v 34.59938097 1.07200001 3.00000000
v 34.62903738 2.59400006 3.00000000
v 34.43889427 1.07200001 3.00000000
v 34.68756199 1.37266579 3.00000000
v 34.16240549 3.35500008 3.00000000
v 34.48337889 3.35500008 3.00000000
v 34.33772039 4.11600010 3.00000000
v 34.14757729 2.59400006 3.00000000
v 34.49820709 4.11600010 3.00000000
v 34.90840864 4.25699742 3.00000000
v 34.73204660 3.65566586 3.00000000
v 34.83505583 4.71733166 3.00000000
v 34.89358044 3.49599740 3.00000000
v 34.74687481 4.41666588 3.00000000
v 34.11792088 1.07200001 3.00000000
v 34.46855068 2.59400006 3.00000000
v 34.27840757 1.07200001 3.00000000
v 34.13274908 1.83300003 3.00000000
v 34.45372248 1.83300003 3.00000000
v 34.30806398 2.59400006 3.00000000
v 34.86392403 1.97399735 3.00000000
v 34.71721840 2.89466584 3.00000000
v 34.77574301 1.67333157 3.00000000
v 34.87875223 2.73499738 3.00000000
v 34.70239019 2.13366581 3.00000000
v 34.80539942 3.19533162 3.00000000
v 35.29000092 1.11429055 3.00000000
v 35.29000092 0.88477896 3.00000000
v 35.20181990 0.99953476 3.00000000
v 35.29000092 0.42575578 3.00000000
v 35.29000092 0.65526737 3.00000000
v 35.02545786 0.77002317 3.00000000
v 35.20181990 0.77002317 3.00000000
v 35.11363888 0.88477896 3.00000000
v 35.20181990 0.88477896 3.00000000
v 34.67273378 0.31099999 3.00000000
v 34.84909582 0.31099999 3.00000000
v 34.76091480 0.42575578 3.00000000
v 35.20181990 0.31099999 3.00000000
v 35.02545786 0.31099999 3.00000000
v 35.20181990 0.42575578 3.00000000
v 34.93727684 0.65526737 3.00000000
v 34.93727684 0.42575578 3.00000000
v 34.84909582 0.54051158 3.00000000
v 35.02545786 0.65526737 3.00000000
v 34.84909582 0.42575578 3.00000000
v 35.20181990 0.65526737 3.00000000
v 35.02545786 0.42575578 3.00000000
v 35.20181990 0.54051158 3.00000000
v 35.11363888 0.65526737 3.00000000
v 35.11363888 0.42575578 3.00000000
v 35.02545786 0.54051158 3.00000000
v 35.29000092 4.42107618 3.00000000
v 35.29000092 4.46664917 3.00000000
v 35.21664810 4.67116499 3.00000000
v 35.29000092 4.55779517 3.00000000
v 35.29000092 4.51222217 3.00000000
v 35.06994247 5.17134261 3.00000000
v 35.21664810 4.71673799 3.00000000
v 35.14329529 4.92125380 3.00000000
v 35.21664810 4.69395149 3.00000000
v 34.77653122 6.17169785 3.00000000
v 34.92323685 5.71709323 3.00000000
v 34.84988403 5.92160904 3.00000000
v 35.21664810 4.80788398 3.00000000
v 35.06994247 5.26248860 3.00000000
v 35.21664810 4.78509748 3.00000000
v 34.99658966 5.42143142 3.00000000
v 34.99658966 5.46700442 3.00000000
v 34.92323685 5.67152023 3.00000000
v 35.06994247 5.19412911 3.00000000
v 34.92323685 5.69430673 3.00000000
v 35.21664810 4.73952448 3.00000000
v 35.06994247 5.23970211 3.00000000
v 35.21664810 4.76231098 3.00000000
v 35.14329529 4.96682680 3.00000000
v 35.14329529 5.01239979 3.00000000
v 35.06994247 5.21691561 3.00000000
v 34.81540632 6.39900017 3.00000000
v 35.03986216 6.39900017 3.00000000
v 34.88875914 6.17169785 3.00000000
v 35.48877382 6.39900017 3.00000000
v 35.26431799 6.39900017 3.00000000
v 35.03546476 5.71709323 3.00000000
v 35.11321497 6.17169785 3.00000000
v 34.96211195 5.94439554 3.00000000
v 35.00098705 6.17169785 3.00000000
v 35.32887602 4.80788398 3.00000000
v 35.40662622 5.26248860 3.00000000
v 35.25552320 5.03518629 3.00000000
v 35.56212664 6.17169785 3.00000000
v 35.48437643 5.71709323 3.00000000
v 35.44989872 6.17169785 3.00000000
v 35.10881758 5.48979092 3.00000000
v 35.33327341 5.48979092 3.00000000
v 35.18217039 5.26248860 3.00000000
v 35.14769268 5.71709323 3.00000000
v 35.29439831 5.26248860 3.00000000
v 35.22544289 6.17169785 3.00000000
v 35.37214851 5.71709323 3.00000000
v 35.33767080 6.17169785 3.00000000
v 35.18656778 5.94439554 3.00000000
v 35.41102362 5.94439554 3.00000000
v 35.25992060 5.71709323 3.00000000
v 35.32887602 4.58058167 3.00000000
v 35.40662622 4.58058167 3.00000000
v 35.36775112 4.80788398 3.00000000
v 35.56212664 4.58058167 3.00000000
v 35.48437643 4.58058167 3.00000000
v 35.44550133 5.26248860 3.00000000
v 35.44550133 4.80788398 3.00000000
v 35.40662622 5.03518629 3.00000000
v 35.40662622 4.80788398 3.00000000
v 35.56212664 5.94439554 3.00000000
v 35.56212664 4.80788398 3.00000000
v 35.48437643 5.48979092 3.00000000
v 35.56212664 5.48979092 3.00000000
v 35.52325153 5.71709323 3.00000000
v 35.48437643 5.26248860 3.00000000
v 35.56212664 5.71709323 3.00000000
v 35.48437643 4.80788398 3.00000000
v 35.56212664 5.26248860 3.00000000
v 35.52325153 4.80788398 3.00000000
v 35.48437643 5.03518629 3.00000000
v 35.56212664 5.03518629 3.00000000
v 35.52325153 5.26248860 3.00000000
v 29.57428098 0.42817253 3.00000000
v 29.54420066 0.66251761 3.00000000
v 29.66536593 1.09592251 3.00000000
v 29.48404002 1.13120776 3.00000000
v 29.51412034 0.89686269 3.00000000
v 29.84753585 2.43142249 3.00000000
v 29.63528562 1.33026759 3.00000000
v 29.75645089 1.76367250 3.00000000
v 29.65032578 1.21309505 3.00000000
v 30.21187568 5.10242243 3.00000000
v 29.99962544 4.00126754 3.00000000
v 30.12079072 4.43467245 3.00000000
v 29.57512498 1.79895775 3.00000000
v 29.78737521 2.90011264 3.00000000
v 29.59016514 1.68178521 3.00000000
v 29.93862081 3.09917247 3.00000000
v 29.90854049 3.33351755 3.00000000
v 30.02970576 3.76692246 3.00000000
v 29.83249569 2.54859503 3.00000000
v 30.01466560 3.88409500 3.00000000
v 29.62024546 1.44744013 3.00000000
v 29.80241537 2.78294010 3.00000000
v 29.60520530 1.56461267 3.00000000
v 29.72637057 1.99801758 3.00000000
v 29.69629025 2.23236266 3.00000000
v 29.81745553 2.66576757 3.00000000
v 29.57428098 0.31099999 3.00000000
v 29.54420066 0.31099999 3.00000000
v 29.55924082 0.42817253 3.00000000
v 29.48404002 0.31099999 3.00000000
v 29.51412034 0.31099999 3.00000000
v 29.52916050 0.66251761 3.00000000
v 29.52916050 0.42817253 3.00000000
v 29.54420066 0.54534507 3.00000000
v 29.54420066 0.42817253 3.00000000
v 29.48404002 1.01403522 3.00000000
v 29.48404002 0.42817253 3.00000000
v 29.51412034 0.77969015 3.00000000
v 29.48404002 0.77969015 3.00000000
v 29.49908018 0.89686269 3.00000000
v 29.51412034 0.66251761 3.00000000
v 29.48404002 0.89686269 3.00000000
v 29.51412034 0.42817253 3.00000000
v 29.48404002 0.66251761 3.00000000
v 29.49908018 0.42817253 3.00000000
v 29.51412034 0.54534507 3.00000000
v 29.48404002 0.54534507 3.00000000
v 29.49908018 0.66251761 3.00000000
v 30.21187568 5.47273427 3.00000000
v 29.99962544 5.11220306 3.00000000
v 30.10575056 4.92215683 3.00000000
v 29.57512498 4.39114064 3.00000000
v 29.78737521 4.75167185 3.00000000
v 29.89350033 3.82100193 3.00000000
v 29.89350033 4.56162561 3.00000000
v 29.99962544 4.37157938 3.00000000
v 29.99962544 4.74189122 3.00000000
v 29.57512498 2.16926959 3.00000000
v 29.57512498 4.02082880 3.00000000
v 29.78737521 3.27042449 3.00000000
v 29.57512498 2.90989327 3.00000000
v 29.68125010 2.71984704 3.00000000
v 29.78737521 3.64073633 3.00000000
v 29.57512498 2.53958143 3.00000000
v 29.78737521 4.38136001 3.00000000
v 29.57512498 3.28020512 3.00000000
v 29.68125010 4.20109440 3.00000000
v 29.78737521 4.01104817 3.00000000
v 29.57512498 3.65051696 3.00000000
v 29.68125010 3.46047072 3.00000000
v 30.21187568 5.65299988 3.00000000
v 29.99962544 5.65299988 3.00000000
v 30.10575056 5.47273427 3.00000000
v 29.57512498 5.65299988 3.00000000
v 29.78737521 5.65299988 3.00000000
v 29.89350033 5.11220306 3.00000000
v 29.89350033 5.47273427 3.00000000
v 29.99962544 5.29246867 3.00000000
v 29.99962544 5.47273427 3.00000000
v 29.57512498 4.57140625 3.00000000
v 29.57512498 5.47273427 3.00000000
v 29.78737521 4.93193746 3.00000000
v 29.57512498 4.93193746 3.00000000
v 29.68125010 4.75167185 3.00000000
v 29.78737521 5.11220306 3.00000000
v 29.57512498 4.75167185 3.00000000
v 29.78737521 5.47273427 3.00000000
v 29.57512498 5.11220306 3.00000000
v 29.68125010 5.47273427 3.00000000
v 29.78737521 5.29246867 3.00000000
v 29.57512498 5.29246867 3.00000000
v 29.68125010 5.11220306 3.00000000
v 35.29000092 0.77002317 1.50000000
v 35.29000092 0.31099999 1.50000000
v 35.29000092 1.22904634 1.50000000
v 35.29000092 0.99953476 0.75000000
v 35.29000092 0.54051158 2.25000000
v 35.29000092 0.77002317 0.75000000
v 35.29000092 0.31099999 2.25000000
v 35.29000092 0.31099999 0.75000000
v 35.29000092 0.54051158 1.50000000
v 35.29000092 0.54051158 0.75000000
v 35.29000092 1.22904634 0.75000000
v 35.29000092 1.22904634 2.25000000
v 35.29000092 0.99953476 1.50000000
v 35.29000092 0.77002317 2.25000000
v 35.29000092 0.99953476 2.25000000
v 35.29000092 1.11429055 0.37500000
v 35.29000092 0.88477896 1.12500000
v 35.29000092 0.42575578 2.62500000
v 35.29000092 0.65526737 1.87500000
v 35.29000092 0.99953476 0.37500000
v 35.29000092 0.77002317 1.12500000
v 35.29000092 0.77002317 0.37500000
v 35.29000092 0.88477896 0.75000000
v 35.29000092 0.88477896 0.37500000
v 35.29000092 0.31099999 2.62500000
v 35.29000092 0.31099999 1.87500000
v 35.29000092 0.42575578 2.25000000
v 35.29000092 0.31099999 0.37500000
v 35.29000092 0.31099999 1.12500000
v 35.29000092 0.42575578 0.37500000
v 35.29000092 0.65526737 1.50000000
v 35.29000092 0.42575578 1.50000000
v 35.29000092 0.54051158 1.87500000
v 35.29000092 0.65526737 1.12500000
v 35.29000092 0.42575578 1.87500000
v 35.29000092 0.65526737 0.37500000
v 35.29000092 0.42575578 1.12500000
v 35.29000092 0.54051158 0.37500000
v 35.29000092 0.65526737 0.75000000
v 35.29000092 0.42575578 0.75000000
v 35.29000092 0.54051158 1.12500000
v 35.29000092 1.22904634 0.37500000
v 35.29000092 1.22904634 1.12500000
v 35.29000092 1.11429055 0.75000000
v 35.29000092 1.22904634 2.62500000
v 35.29000092 1.22904634 1.87500000
v 35.29000092 0.88477896 1.50000000
v 35.29000092 1.11429055 1.50000000
v 35.29000092 0.99953476 1.12500000
v 35.29000092 1.11429055 1.12500000
v 35.29000092 0.54051158 2.62500000
v 35.29000092 1.11429055 2.62500000
v 35.29000092 0.77002317 1.87500000
v 35.29000092 0.77002317 2.62500000
v 35.29000092 0.65526737 2.25000000
v 35.29000092 0.88477896 1.87500000
v 35.29000092 0.65526737 2.62500000
v 35.29000092 1.11429055 1.87500000
v 35.29000092 0.88477896 2.62500000
v 35.29000092 1.11429055 2.25000000
v 35.29000092 0.99953476 1.87500000
v 35.29000092 0.99953476 2.62500000
v 35.29000092 0.88477896 2.25000000
v 30.31800079 6.02600002 1.50000000
v 30.31800079 5.65299988 1.50000000
v 30.31800079 6.39900017 1.50000000
v 30.31800079 6.21250010 2.25000000
v 30.31800079 5.83949995 0.75000000
v 30.31800079 6.02600002 2.25000000
v 30.31800079 5.65299988 0.75000000
v 30.31800079 5.65299988 2.25000000
v 30.31800079 5.83949995 1.50000000
v 30.31800079 5.83949995 2.25000000
v 30.31800079 6.39900017 2.25000000
v 30.31800079 6.39900017 0.75000000
v 30.31800079 6.21250010 1.50000000
v 30.31800079 6.02600002 0.75000000
v 30.31800079 6.21250010 0.75000000
v 30.31800079 6.30575013 2.62500000
v 30.31800079 6.11925006 1.87500000
v 30.31800079 5.74624991 0.37500000
v 30.31800079 5.93274999 1.12500000
v 30.31800079 6.21250010 2.62500000
v 30.31800079 6.02600002 1.87500000
v 30.31800079 6.02600002 2.62500000
v 30.31800079 6.11925006 2.25000000
v 30.31800079 6.11925006 2.62500000
v 30.31800079 5.65299988 0.37500000
v 30.31800079 5.65299988 1.12500000
v 30.31800079 5.74624991 0.75000000
v 30.31800079 5.65299988 2.62500000
v 30.31800079 5.65299988 1.87500000
v 30.31800079 5.74624991 2.62500000
v 30.31800079 5.93274999 1.50000000
v 30.31800079 5.74624991 1.50000000
v 30.31800079 5.83949995 1.12500000
v 30.31800079 5.93274999 1.87500000
v 30.31800079 5.74624991 1.12500000
v 30.31800079 5.93274999 2.62500000
v 30.31800079 5.74624991 1.87500000
v 30.31800079 5.83949995 2.62500000
v 30.31800079 5.93274999 2.25000000
v 30.31800079 5.74624991 2.25000000
v 30.31800079 5.83949995 1.87500000
v 30.31800079 6.39900017 2.62500000
v 30.31800079 6.39900017 1.87500000
v 30.31800079 6.30575013 2.25000000
v 30.31800079 6.39900017 0.37500000
v 30.31800079 6.39900017 1.12500000
v 30.31800079 6.11925006 1.50000000
v 30.31800079 6.30575013 1.50000000
v 30.31800079 6.21250010 1.87500000
v 30.31800079 6.30575013 1.87500000
v 30.31800079 5.83949995 0.37500000
v 30.31800079 6.30575013 0.37500000
v 30.31800079 6.02600002 1.12500000
v 30.31800079 6.02600002 0.37500000
v 30.31800079 5.93274999 0.75000000
v 30.31800079 6.11925006 1.12500000
v 30.31800079 5.93274999 0.37500000
v 30.31800079 6.30575013 1.12500000
v 30.31800079 6.11925006 0.37500000
v 30.31800079 6.30575013 0.75000000
v 30.31800079 6.21250010 1.12500000
v 30.31800079 6.21250010 0.37500000
v 30.31800079 6.11925006 0.75000000
v 29.89350033 5.65299988 1.50000000
v 29.68125010 5.65299988 2.25000000
v 30.10575056 5.65299988 0.75000000
v 29.68125010 5.65299988 1.50000000
v 29.89350033 5.65299988 0.75000000
v 29.68125010 5.65299988 0.75000000
v 29.89350033 5.65299988 2.25000000
v 30.10575056 5.65299988 1.50000000
v 30.10575056 5.65299988 2.25000000
v 29.57512498 5.65299988 2.62500000
v 29.78737521 5.65299988 1.87500000
v 30.21187568 5.65299988 0.37500000
v 29.99962544 5.65299988 1.12500000
v 29.57512498 5.65299988 2.25000000
v 29.78737521 5.65299988 1.50000000
v 29.57512498 5.65299988 1.50000000
v 29.68125010 5.65299988 1.87500000
v 29.57512498 5.65299988 1.87500000
v 30.10575056 5.65299988 0.37500000
v 29.57512498 5.65299988 0.37500000
v 29.89350033 5.65299988 1.12500000
v 29.89350033 5.65299988 0.37500000
v 29.99962544 5.65299988 0.75000000
v 29.78737521 5.65299988 1.12500000
v 29.99962544 5.65299988 0.37500000
v 29.57512498 5.65299988 1.12500000
v 29.78737521 5.65299988 0.37500000
v 29.57512498 5.65299988 0.75000000
v 29.68125010 5.65299988 1.12500000
v 29.68125010 5.65299988 0.37500000
v 29.78737521 5.65299988 0.75000000
v 29.68125010 5.65299988 2.62500000
v 29.89350033 5.65299988 1.87500000
v 29.89350033 5.65299988 2.62500000
v 29.78737521 5.65299988 2.25000000
v 29.78737521 5.65299988 2.62500000
v 30.21187568 5.65299988 0.75000000
v 30.21187568 5.65299988 2.62500000
v 29.99962544 5.65299988 1.50000000
v 30.21187568 5.65299988 1.50000000
v 30.10575056 5.65299988 1.12500000
v 29.99962544 5.65299988 1.87500000
v 30.21187568 5.65299988 1.12500000
v 29.99962544 5.65299988 2.62500000
v 30.21187568 5.65299988 1.87500000
v 30.10575056 5.65299988 2.62500000
v 29.99962544 5.65299988 2.25000000
v 30.21187568 5.65299988 2.25000000
v 30.10575056 5.65299988 1.87500000
v 35.29000092 2.62716806 1.50000000
v 35.29000092 2.53800988 1.50000000
v 35.29000092 2.71632624 1.50000000
v 35.29000092 2.67174715 0.75000000
v 35.29000092 2.58258897 2.25000000
v 35.29000092 2.62716806 0.75000000
v 35.29000092 2.53800988 2.25000000
v 35.29000092 2.53800988 0.75000000
v 35.29000092 2.58258897 1.50000000
v 35.29000092 2.58258897 0.75000000
v 35.29000092 2.71632624 0.75000000
v 35.29000092 2.71632624 2.25000000
v 35.29000092 2.67174715 1.50000000
v 35.29000092 2.62716806 2.25000000
v 35.29000092 2.67174715 2.25000000
v 35.29000092 2.69403669 0.37500000
v 35.29000092 2.64945760 1.12500000
v 35.29000092 2.56029943 2.62500000
v 35.29000092 2.60487852 1.87500000
v 35.29000092 2.67174715 0.37500000
v 35.29000092 2.62716806 1.12500000
v 35.29000092 2.62716806 0.37500000
v 35.29000092 2.64945760 0.75000000
v 35.29000092 2.64945760 0.37500000
v 35.29000092 2.53800988 2.62500000
v 35.29000092 2.53800988 1.87500000
v 35.29000092 2.56029943 2.25000000
v 35.29000092 2.53800988 0.37500000
v 35.29000092 2.53800988 1.12500000
v 35.29000092 2.56029943 0.37500000
v 35.29000092 2.60487852 1.50000000
v 35.29000092 2.56029943 1.50000000
v 35.29000092 2.58258897 1.87500000
v 35.29000092 2.60487852 1.12500000
v 35.29000092 2.56029943 1.87500000
v 35.29000092 2.60487852 0.37500000
v 35.29000092 2.56029943 1.12500000
v 35.29000092 2.58258897 0.37500000
v 35.29000092 2.60487852 0.75000000
v 35.29000092 2.56029943 0.75000000
v 35.29000092 2.58258897 1.12500000
v 35.29000092 2.71632624 0.37500000
v 35.29000092 2.71632624 1.12500000
v 35.29000092 2.69403669 0.75000000
v 35.29000092 2.71632624 2.62500000
v 35.29000092 2.71632624 1.87500000
v 35.29000092 2.64945760 1.50000000
v 35.29000092 2.69403669 1.50000000
v 35.29000092 2.67174715 1.12500000
v 35.29000092 2.69403669 1.12500000
v 35.29000092 2.58258897 2.62500000
v 35.29000092 2.69403669 2.62500000
v 35.29000092 2.62716806 1.87500000
v 35.29000092 2.62716806 2.62500000
v 35.29000092 2.60487852 2.25000000
v 35.29000092 2.64945760 1.87500000
v 35.29000092 2.60487852 2.62500000
v 35.29000092 2.69403669 1.87500000
v 35.29000092 2.64945760 2.62500000
v 35.29000092 2.69403669 2.25000000
v 35.29000092 2.67174715 1.87500000
v 35.29000092 2.67174715 2.62500000
v 35.29000092 2.64945760 2.25000000
v 35.29000092 4.48943567 1.50000000
v 35.29000092 4.39828968 1.50000000
v 35.29000092 4.58058167 1.50000000
v 35.29000092 4.53500867 0.75000000
v 35.29000092 4.44386268 2.25000000
v 35.29000092 4.48943567 0.75000000
v 35.29000092 4.39828968 2.25000000
v 35.29000092 4.39828968 0.75000000
v 35.29000092 4.44386268 1.50000000
v 35.29000092 4.44386268 0.75000000
v 35.29000092 4.58058167 0.75000000
v 35.29000092 4.58058167 2.25000000
v 35.29000092 4.53500867 1.50000000
v 35.29000092 4.48943567 2.25000000
v 35.29000092 4.53500867 2.25000000
v 35.29000092 4.55779517 0.37500000
v 35.29000092 4.51222217 1.12500000
v 35.29000092 4.42107618 2.62500000
v 35.29000092 4.46664917 1.87500000
v 35.29000092 4.53500867 0.37500000
v 35.29000092 4.48943567 1.12500000
v 35.29000092 4.48943567 0.37500000
v 35.29000092 4.51222217 0.75000000
v 35.29000092 4.51222217 0.37500000
v 35.29000092 4.39828968 2.62500000
v 35.29000092 4.39828968 1.87500000
v 35.29000092 4.42107618 2.25000000
v 35.29000092 4.39828968 0.37500000
v 35.29000092 4.39828968 1.12500000
v 35.29000092 4.42107618 0.37500000
v 35.29000092 4.46664917 1.50000000
v 35.29000092 4.42107618 1.50000000
v 35.29000092 4.44386268 1.87500000
v 35.29000092 4.46664917 1.12500000
v 35.29000092 4.42107618 1.87500000
v 35.29000092 4.46664917 0.37500000
v 35.29000092 4.42107618 1.12500000
v 35.29000092 4.44386268 0.37500000
v 35.29000092 4.46664917 0.75000000
v 35.29000092 4.42107618 0.75000000
v 35.29000092 4.44386268 1.12500000
v 35.29000092 4.58058167 0.37500000
v 35.29000092 4.58058167 1.12500000
v 35.29000092 4.55779517 0.75000000
v 35.29000092 4.58058167 2.62500000
v 35.29000092 4.58058167 1.87500000
v 35.29000092 4.51222217 1.50000000
v 35.29000092 4.55779517 1.50000000
v 35.29000092 4.53500867 1.12500000
v 35.29000092 4.55779517 1.12500000
v 35.29000092 4.44386268 2.62500000
v 35.29000092 4.55779517 2.62500000
v 35.29000092 4.48943567 1.87500000
v 35.29000092 4.48943567 2.62500000
v 35.29000092 4.46664917 2.25000000
v 35.29000092 4.51222217 1.87500000
v 35.29000092 4.46664917 2.62500000
v 35.29000092 4.55779517 1.87500000
v 35.29000092 4.51222217 2.62500000
v 35.29000092 4.55779517 2.25000000
v 35.29000092 4.53500867 1.87500000
v 35.29000092 4.53500867 2.62500000
v 35.29000092 4.51222217 2.25000000
v 35.44550133 2.53800988 1.50000000
v 35.36775112 2.53800988 2.25000000
v 35.52325153 2.53800988 0.75000000
v 35.36775112 2.53800988 1.50000000
v 35.44550133 2.53800988 0.75000000
v 35.36775112 2.53800988 0.75000000
v 35.44550133 2.53800988 2.25000000
v 35.52325153 2.53800988 1.50000000
v 35.52325153 2.53800988 2.25000000
v 35.32887602 2.53800988 2.62500000
v 35.40662622 2.53800988 1.87500000
v 35.56212664 2.53800988 0.37500000
v 35.48437643 2.53800988 1.12500000
v 35.32887602 2.53800988 2.25000000
v 35.40662622 2.53800988 1.50000000
v 35.32887602 2.53800988 1.50000000
v 35.36775112 2.53800988 1.87500000
v 35.32887602 2.53800988 1.87500000
v 35.52325153 2.53800988 0.37500000
v 35.32887602 2.53800988 0.37500000
v 35.44550133 2.53800988 1.12500000
v 35.44550133 2.53800988 0.37500000
v 35.48437643 2.53800988 0.75000000
v 35.40662622 2.53800988 1.12500000
v 35.48437643 2.53800988 0.37500000
v 35.32887602 2.53800988 1.12500000
v 35.40662622 2.53800988 0.37500000
v 35.32887602 2.53800988 0.75000000
v 35.36775112 2.53800988 1.12500000
v 35.36775112 2.53800988 0.37500000
v 35.40662622 2.53800988 0.75000000
v 35.36775112 2.53800988 2.62500000
v 35.44550133 2.53800988 1.87500000
v 35.44550133 2.53800988 2.62500000
v 35.40662622 2.53800988 2.25000000
v 35.40662622 2.53800988 2.62500000
v 35.56212664 2.53800988 0.75000000
v 35.56212664 2.53800988 2.62500000
v 35.48437643 2.53800988 1.50000000
v 35.56212664 2.53800988 1.50000000
v 35.52325153 2.53800988 1.12500000
v 35.48437643 2.53800988 1.87500000
v 35.56212664 2.53800988 1.12500000
v 35.48437643 2.53800988 2.62500000
v 35.56212664 2.53800988 1.87500000
v 35.52325153 2.53800988 2.62500000
v 35.48437643 2.53800988 2.25000000
v 35.56212664 2.53800988 2.25000000
v 35.52325153 2.53800988 1.87500000
v 35.44550133 1.22904634 1.50000000
v 35.52325153 1.22904634 2.25000000
v 35.36775112 1.22904634 0.75000000
v 35.52325153 1.22904634 1.50000000
v 35.44550133 1.22904634 0.75000000
v 35.52325153 1.22904634 0.75000000
v 35.44550133 1.22904634 2.25000000
v 35.36775112 1.22904634 1.50000000
v 35.36775112 1.22904634 2.25000000
v 35.56212664 1.22904634 2.62500000
v 35.48437643 1.22904634 1.87500000
v 35.32887602 1.22904634 0.37500000
v 35.40662622 1.22904634 1.12500000
v 35.56212664 1.22904634 2.25000000
v 35.48437643 1.22904634 1.50000000
v 35.56212664 1.22904634 1.50000000
v 35.52325153 1.22904634 1.87500000
v 35.56212664 1.22904634 1.87500000
v 35.36775112 1.22904634 0.37500000
v 35.56212664 1.22904634 0.37500000
v 35.44550133 1.22904634 1.12500000
v 35.44550133 1.22904634 0.37500000
v 35.40662622 1.22904634 0.75000000
v 35.48437643 1.22904634 1.12500000
v 35.40662622 1.22904634 0.37500000
v 35.56212664 1.22904634 1.12500000
v 35.48437643 1.22904634 0.37500000
v 35.56212664 1.22904634 0.75000000
v 35.52325153 1.22904634 1.12500000
v 35.52325153 1.22904634 0.37500000
v 35.48437643 1.22904634 0.75000000
v 35.52325153 1.22904634 2.62500000
v 35.44550133 1.22904634 1.87500000
v 35.44550133 1.22904634 2.62500000
v 35.48437643 1.22904634 2.25000000
v 35.48437643 1.22904634 2.62500000
v 35.32887602 1.22904634 0.75000000
v 35.32887602 1.22904634 2.62500000
v 35.40662622 1.22904634 1.50000000
v 35.32887602 1.22904634 1.50000000
v 35.36775112 1.22904634 1.12500000
v 35.40662622 1.22904634 1.87500000
v 35.32887602 1.22904634 1.12500000
v 35.40662622 1.22904634 2.62500000
v 35.32887602 1.22904634 1.87500000
v 35.36775112 1.22904634 2.62500000
v 35.40662622 1.22904634 2.25000000
v 35.32887602 1.22904634 2.25000000
v 35.36775112 1.22904634 1.87500000
v 35.44550133 4.39828968 1.50000000
v 35.36775112 4.39828968 2.25000000
v 35.52325153 4.39828968 0.75000000
v 35.36775112 4.39828968 1.50000000
v 35.44550133 4.39828968 0.75000000
v 35.36775112 4.39828968 0.75000000
v 35.44550133 4.39828968 2.25000000
v 35.52325153 4.39828968 1.50000000
v 35.52325153 4.39828968 2.25000000
v 35.32887602 4.39828968 2.62500000
v 35.40662622 4.39828968 1.87500000
v 35.56212664 4.39828968 0.37500000
v 35.48437643 4.39828968 1.12500000
v 35.32887602 4.39828968 2.25000000
v 35.40662622 4.39828968 1.50000000
v 35.32887602 4.39828968 1.50000000
v 35.36775112 4.39828968 1.87500000
v 35.32887602 4.39828968 1.87500000
v 35.52325153 4.39828968 0.37500000
v 35.32887602 4.39828968 0.37500000
v 35.44550133 4.39828968 1.12500000
v 35.44550133 4.39828968 0.37500000
v 35.48437643 4.39828968 0.75000000
v 35.40662622 4.39828968 1.12500000
v 35.48437643 4.39828968 0.37500000
v 35.32887602 4.39828968 1.12500000
v 35.40662622 4.39828968 0.37500000
v 35.32887602 4.39828968 0.75000000
v 35.36775112 4.39828968 1.12500000
v 35.36775112 4.39828968 0.37500000
v 35.40662622 4.39828968 0.75000000
v 35.36775112 4.39828968 2.62500000
v 35.44550133 4.39828968 1.87500000
v 35.44550133 4.39828968 2.62500000
v 35.40662622 4.39828968 2.25000000
v 35.40662622 4.39828968 2.62500000
v 35.56212664 4.39828968 0.75000000
v 35.56212664 4.39828968 2.62500000
v 35.48437643 4.39828968 1.50000000
v 35.56212664 4.39828968 1.50000000
v 35.52325153 4.39828968 1.12500000
v 35.48437643 4.39828968 1.87500000
v 35.56212664 4.39828968 1.12500000
v 35.48437643 4.39828968 2.62500000
v 35.56212664 4.39828968 1.87500000
v 35.52325153 4.39828968 2.62500000
v 35.48437643 4.39828968 2.25000000
v 35.56212664 4.39828968 2.25000000
v 35.52325153 4.39828968 1.87500000
v 35.44550133 2.71632624 1.50000000
v 35.52325153 2.71632624 2.25000000
v 35.36775112 2.71632624 0.75000000
v 35.52325153 2.71632624 1.50000000
v 35.44550133 2.71632624 0.75000000
v 35.52325153 2.71632624 0.75000000
v 35.44550133 2.71632624 2.25000000
v 35.36775112 2.71632624 1.50000000
v 35.36775112 2.71632624 2.25000000
v 35.56212664 2.71632624 2.62500000
v 35.48437643 2.71632624 1.87500000
v 35.32887602 2.71632624 0.37500000
v 35.40662622 2.71632624 1.12500000
v 35.56212664 2.71632624 2.25000000
v 35.48437643 2.71632624 1.50000000
v 35.56212664 2.71632624 1.50000000
v 35.52325153 2.71632624 1.87500000
v 35.56212664 2.71632624 1.87500000
v 35.36775112 2.71632624 0.37500000
v 35.56212664 2.71632624 0.37500000
v 35.44550133 2.71632624 1.12500000
v 35.44550133 2.71632624 0.37500000
v 35.40662622 2.71632624 0.75000000
v 35.48437643 2.71632624 1.12500000
v 35.40662622 2.71632624 0.37500000
v 35.56212664 2.71632624 1.12500000
v 35.48437643 2.71632624 0.37500000
v 35.56212664 2.71632624 0.75000000
v 35.52325153 2.71632624 1.12500000
v 35.52325153 2.71632624 0.37500000
v 35.48437643 2.71632624 0.75000000
v 35.52325153 2.71632624 2.62500000
v 35.44550133 2.71632624 1.87500000
v 35.44550133 2.71632624 2.62500000
v 35.48437643 2.71632624 2.25000000
v 35.48437643 2.71632624 2.62500000
v 35.32887602 2.71632624 0.75000000
v 35.32887602 2.71632624 2.62500000
v 35.40662622 2.71632624 1.50000000
v 35.32887602 2.71632624 1.50000000
v 35.36775112 2.71632624 1.12500000
v 35.40662622 2.71632624 1.87500000
v 35.32887602 2.71632624 1.12500000
v 35.40662622 2.71632624 2.62500000
v 35.32887602 2.71632624 1.87500000
v 35.36775112 2.71632624 2.62500000
v 35.40662622 2.71632624 2.25000000
v 35.32887602 2.71632624 2.25000000
v 35.36775112 2.71632624 1.87500000
v 35.44550133 4.58058167 1.50000000
v 35.52325153 4.58058167 2.25000000
v 35.36775112 4.58058167 0.75000000
v 35.52325153 4.58058167 1.50000000
v 35.44550133 4.58058167 0.75000000
v 35.52325153 4.58058167 0.75000000
v 35.44550133 4.58058167 2.25000000
v 35.36775112 4.58058167 1.50000000
v 35.36775112 4.58058167 2.25000000
v 35.56212664 4.58058167 2.62500000
v 35.48437643 4.58058167 1.87500000
v 35.32887602 4.58058167 0.37500000
v 35.40662622 4.58058167 1.12500000
v 35.56212664 4.58058167 2.25000000
v 35.48437643 4.58058167 1.50000000
v 35.56212664 4.58058167 1.50000000
v 35.52325153 4.58058167 1.87500000
v 35.56212664 4.58058167 1.87500000
v 35.36775112 4.58058167 0.37500000
v 35.56212664 4.58058167 0.37500000
v 35.44550133 4.58058167 1.12500000
v 35.44550133 4.58058167 0.37500000
v 35.40662622 4.58058167 0.75000000
v 35.48437643 4.58058167 1.12500000
v 35.40662622 4.58058167 0.37500000
v 35.56212664 4.58058167 1.12500000
v 35.48437643 4.58058167 0.37500000
v 35.56212664 4.58058167 0.75000000
v 35.52325153 4.58058167 1.12500000
v 35.52325153 4.58058167 0.37500000
v 35.48437643 4.58058167 0.75000000
v 35.52325153 4.58058167 2.62500000
v 35.44550133 4.58058167 1.87500000
v 35.44550133 4.58058167 2.62500000
v 35.48437643 4.58058167 2.25000000
v 35.48437643 4.58058167 2.62500000
v 35.32887602 4.58058167 0.75000000
v 35.32887602 4.58058167 2.62500000
v 35.40662622 4.58058167 1.50000000
v 35.32887602 4.58058167 1.50000000
v 35.36775112 4.58058167 1.12500000
v 35.40662622 4.58058167 1.87500000
v 35.32887602 4.58058167 1.12500000
v 35.40662622 4.58058167 2.62500000
v 35.32887602 4.58058167 1.87500000
v 35.36775112 4.58058167 2.62500000
v 35.40662622 4.58058167 2.25000000
v 35.32887602 4.58058167 2.25000000
v 35.36775112 4.58058167 1.87500000
v 34.93727684 0.31099999 1.50000000
v 34.58455276 0.31099999 1.50000000
v 35.11363888 0.31099999 2.25000000
v 34.76091480 0.31099999 0.75000000
v 35.11363888 0.31099999 1.50000000
v 34.93727684 0.31099999 0.75000000
v 35.11363888 0.31099999 0.75000000
v 34.93727684 0.31099999 2.25000000
v 34.58455276 0.31099999 0.75000000
v 34.58455276 0.31099999 2.25000000
v 34.76091480 0.31099999 1.50000000
v 34.76091480 0.31099999 2.25000000
v 35.20181990 0.31099999 2.62500000
v 35.02545786 0.31099999 1.87500000
v 34.67273378 0.31099999 0.37500000
v 34.84909582 0.31099999 1.12500000
v 35.20181990 0.31099999 2.25000000
v 35.02545786 0.31099999 1.50000000
v 35.20181990 0.31099999 1.50000000
v 35.11363888 0.31099999 1.87500000
v 35.20181990 0.31099999 1.87500000
v 34.76091480 0.31099999 0.37500000
v 35.20181990 0.31099999 0.37500000
v 34.93727684 0.31099999 1.12500000
v 34.93727684 0.31099999 0.37500000
v 34.84909582 0.31099999 0.75000000
v 35.02545786 0.31099999 1.12500000
v 34.84909582 0.31099999 0.37500000
v 35.20181990 0.31099999 1.12500000
v 35.02545786 0.31099999 0.37500000
v 35.20181990 0.31099999 0.75000000
v 35.11363888 0.31099999 1.12500000
v 35.11363888 0.31099999 0.37500000
v 35.02545786 0.31099999 0.75000000
v 35.11363888 0.31099999 2.62500000
v 34.93727684 0.31099999 1.87500000
v 34.93727684 0.31099999 2.62500000
v 35.02545786 0.31099999 2.25000000
v 35.02545786 0.31099999 2.62500000
v 34.58455276 0.31099999 0.37500000
v 34.58455276 0.31099999 1.12500000
v 34.67273378 0.31099999 0.75000000
v 34.58455276 0.31099999 2.62500000
v 34.58455276 0.31099999 1.87500000
v 34.67273378 0.31099999 2.62500000
v 34.84909582 0.31099999 1.50000000
v 34.67273378 0.31099999 1.50000000
v 34.76091480 0.31099999 1.12500000
v 34.84909582 0.31099999 1.87500000
v 34.67273378 0.31099999 1.12500000
v 34.84909582 0.31099999 2.62500000
v 34.67273378 0.31099999 1.87500000
v 34.76091480 0.31099999 2.62500000
v 34.84909582 0.31099999 2.25000000
v 34.67273378 0.31099999 2.25000000
v 34.76091480 0.31099999 1.87500000
v 33.22289467 0.31099999 1.50000000
v 33.30065918 0.31099999 1.50000000
v 33.14513016 0.31099999 1.50000000
v 33.26177692 0.31099999 2.25000000
v 33.18401241 0.31099999 0.75000000
v 33.30065918 0.31099999 2.25000000
v 33.30065918 0.31099999 0.75000000
v 33.26177692 0.31099999 1.50000000
v 33.22289467 0.31099999 0.75000000
v 33.26177692 0.31099999 0.75000000
v 33.22289467 0.31099999 2.25000000
v 33.14513016 0.31099999 0.75000000
v 33.14513016 0.31099999 2.25000000
v 33.18401241 0.31099999 1.50000000
v 33.18401241 0.31099999 2.25000000
v 33.28121805 0.31099999 2.62500000
v 33.24233580 0.31099999 1.87500000
v 33.16457129 0.31099999 0.37500000
v 33.20345354 0.31099999 1.12500000
v 33.30065918 0.31099999 2.62500000
v 33.30065918 0.31099999 1.87500000
v 33.28121805 0.31099999 2.25000000
v 33.30065918 0.31099999 0.37500000
v 33.30065918 0.31099999 1.12500000
v 33.24233580 0.31099999 1.50000000
v 33.28121805 0.31099999 1.50000000
v 33.26177692 0.31099999 1.87500000
v 33.28121805 0.31099999 1.87500000
v 33.18401241 0.31099999 0.37500000
v 33.28121805 0.31099999 0.37500000
v 33.22289467 0.31099999 1.12500000
v 33.22289467 0.31099999 0.37500000
v 33.20345354 0.31099999 0.75000000
v 33.24233580 0.31099999 1.12500000
v 33.20345354 0.31099999 0.37500000
v 33.28121805 0.31099999 1.12500000
v 33.24233580 0.31099999 0.37500000
v 33.28121805 0.31099999 0.75000000
v 33.26177692 0.31099999 1.12500000
v 33.26177692 0.31099999 0.37500000
v 33.24233580 0.31099999 0.75000000
v 33.26177692 0.31099999 2.62500000
v 33.22289467 0.31099999 1.87500000
v 33.22289467 0.31099999 2.62500000
v 33.24233580 0.31099999 2.25000000
v 33.24233580 0.31099999 2.62500000
v 33.14513016 0.31099999 0.37500000
v 33.14513016 0.31099999 1.12500000
v 33.16457129 0.31099999 0.75000000
v 33.14513016 0.31099999 2.62500000
v 33.14513016 0.31099999 1.87500000
v 33.16457129 0.31099999 2.62500000
v 33.20345354 0.31099999 1.50000000
v 33.16457129 0.31099999 1.50000000
v 33.18401241 0.31099999 1.12500000
v 33.20345354 0.31099999 1.87500000
v 33.16457129 0.31099999 1.12500000
v 33.20345354 0.31099999 2.62500000
v 33.16457129 0.31099999 1.87500000
v 33.18401241 0.31099999 2.62500000
v 33.20345354 0.31099999 2.25000000
v 33.16457129 0.31099999 2.25000000
v 33.18401241 0.31099999 1.87500000
v 31.36722660 0.31099999 1.50000000
v 31.43423843 0.31099999 1.50000000
v 31.30021477 0.31099999 1.50000000
v 31.40073252 0.31099999 2.25000000
v 31.33372068 0.31099999 0.75000000
v 31.43423843 0.31099999 2.25000000
v 31.43423843 0.31099999 0.75000000
v 31.40073252 0.31099999 1.50000000
v 31.36722660 0.31099999 0.75000000
v 31.40073252 0.31099999 0.75000000
v 31.36722660 0.31099999 2.25000000
v 31.30021477 0.31099999 0.75000000
v 31.30021477 0.31099999 2.25000000
v 31.33372068 0.31099999 1.50000000
v 31.33372068 0.31099999 2.25000000
v 31.41748548 0.31099999 2.62500000
v 31.38397956 0.31099999 1.87500000
v 31.31696773 0.31099999 0.37500000
v 31.35047364 0.31099999 1.12500000
v 31.43423843 0.31099999 2.62500000
v 31.43423843 0.31099999 1.87500000
v 31.41748548 0.31099999 2.25000000
v 31.43423843 0.31099999 0.37500000
v 31.43423843 0.31099999 1.12500000
v 31.38397956 0.31099999 1.50000000
v 31.41748548 0.31099999 1.50000000
v 31.40073252 0.31099999 1.87500000
v 31.41748548 0.31099999 1.87500000
v 31.33372068 0.31099999 0.37500000
v 31.41748548 0.31099999 0.37500000
v 31.36722660 0.31099999 1.12500000
v 31.36722660 0.31099999 0.37500000
v 31.35047364 0.31099999 0.75000000
v 31.38397956 0.31099999 1.12500000
v 31.35047364 0.31099999 0.37500000
v 31.41748548 0.31099999 1.12500000
v 31.38397956 0.31099999 0.37500000
v 31.41748548 0.31099999 0.75000000
v 31.40073252 0.31099999 1.12500000
v 31.40073252 0.31099999 0.37500000
v 31.38397956 0.31099999 0.75000000
v 31.40073252 0.31099999 2.62500000
v 31.36722660 0.31099999 1.87500000
v 31.36722660 0.31099999 2.62500000
v 31.38397956 0.31099999 2.25000000
v 31.38397956 0.31099999 2.62500000
v 31.30021477 0.31099999 0.37500000
v 31.30021477 0.31099999 1.12500000
v 31.31696773 0.31099999 0.75000000
v 31.30021477 0.31099999 2.62500000
v 31.30021477 0.31099999 1.87500000
v 31.31696773 0.31099999 2.62500000
v 31.35047364 0.31099999 1.50000000
v 31.31696773 0.31099999 1.50000000
v 31.33372068 0.31099999 1.12500000
v 31.35047364 0.31099999 1.87500000
v 31.31696773 0.31099999 1.12500000
v 31.35047364 0.31099999 2.62500000
v 31.31696773 0.31099999 1.87500000
v 31.33372068 0.31099999 2.62500000
v 31.35047364 0.31099999 2.25000000
v 31.31696773 0.31099999 2.25000000
v 31.33372068 0.31099999 1.87500000
v 33.30065918 0.15549999 1.50000000
v 33.30065918 0.23324999 2.25000000
v 33.30065918 0.07775000 0.75000000
v 33.30065918 0.15549999 2.25000000
v 33.30065918 0.07775000 1.50000000
v 33.30065918 0.07775000 2.25000000
v 33.30065918 0.23324999 1.50000000
v 33.30065918 0.15549999 0.75000000
v 33.30065918 0.23324999 0.75000000
v 33.30065918 0.27212499 2.62500000
v 33.30065918 0.19437499 1.87500000
v 33.30065918 0.03887500 0.37500000
v 33.30065918 0.11662500 1.12500000
v 33.30065918 0.23324999 2.62500000
v 33.30065918 0.15549999 1.87500000
v 33.30065918 0.15549999 2.62500000
v 33.30065918 0.19437499 2.25000000
v 33.30065918 0.19437499 2.62500000
v 33.30065918 0.03887500 0.75000000
v 33.30065918 0.03887500 2.62500000
v 33.30065918 0.11662500 1.50000000
v 33.30065918 0.03887500 1.50000000
v 33.30065918 0.07775000 1.12500000
v 33.30065918 0.11662500 1.87500000
v 33.30065918 0.03887500 1.12500000
v 33.30065918 0.11662500 2.62500000
v 33.30065918 0.03887500 1.87500000
v 33.30065918 0.07775000 2.62500000
v 33.30065918 0.11662500 2.25000000
v 33.30065918 0.03887500 2.25000000
v 33.30065918 0.07775000 1.87500000
v 33.30065918 0.27212499 2.25000000
v 33.30065918 0.19437499 1.50000000
v 33.30065918 0.27212499 1.50000000
v 33.30065918 0.23324999 1.87500000
v 33.30065918 0.27212499 1.87500000
v 33.30065918 0.07775000 0.37500000
v 33.30065918 0.27212499 0.37500000
v 33.30065918 0.15549999 1.12500000
v 33.30065918 0.15549999 0.37500000
v 33.30065918 0.11662500 0.75000000
v 33.30065918 0.19437499 1.12500000
v 33.30065918 0.11662500 0.37500000
v 33.30065918 0.27212499 1.12500000
v 33.30065918 0.19437499 0.37500000
v 33.30065918 0.27212499 0.75000000
v 33.30065918 0.23324999 1.12500000
v 33.30065918 0.23324999 0.37500000
v 33.30065918 0.19437499 0.75000000
v 34.58455276 0.15549999 1.50000000
v 34.58455276 0.23324999 0.75000000
v 34.58455276 0.07775000 2.25000000
v 34.58455276 0.15549999 0.75000000
v 34.58455276 0.07775000 1.50000000
v 34.58455276 0.07775000 0.75000000
v 34.58455276 0.23324999 1.50000000
v 34.58455276 0.15549999 2.25000000
v 34.58455276 0.23324999 2.25000000
v 34.58455276 0.27212499 0.37500000
v 34.58455276 0.19437499 1.12500000
v 34.58455276 0.03887500 2.62500000
v 34.58455276 0.11662500 1.87500000
v 34.58455276 0.23324999 0.37500000
v 34.58455276 0.15549999 1.12500000
v 34.58455276 0.15549999 0.37500000
v 34.58455276 0.19437499 0.75000000
v 34.58455276 0.19437499 0.37500000
v 34.58455276 0.03887500 2.25000000
v 34.58455276 0.03887500 0.37500000
v 34.58455276 0.11662500 1.50000000
v 34.58455276 0.03887500 1.50000000
v 34.58455276 0.07775000 1.87500000
v 34.58455276 0.11662500 1.12500000
v 34.58455276 0.03887500 1.87500000
v 34.58455276 0.11662500 0.37500000
v 34.58455276 0.03887500 1.12500000
v 34.58455276 0.07775000 0.37500000
v 34.58455276 0.11662500 0.75000000
v 34.58455276 0.03887500 0.75000000
v 34.58455276 0.07775000 1.12500000
v 34.58455276 0.27212499 0.75000000
v 34.58455276 0.19437499 1.50000000
v 34.58455276 0.27212499 1.50000000
v 34.58455276 0.23324999 1.12500000
v 34.58455276 0.27212499 1.12500000
v 34.58455276 0.07775000 2.62500000
v 34.58455276 0.27212499 2.62500000
v 34.58455276 0.15549999 1.87500000
v 34.58455276 0.15549999 2.62500000
v 34.58455276 0.11662500 2.25000000
v 34.58455276 0.19437499 1.87500000
v 34.58455276 0.11662500 2.62500000
v 34.58455276 0.27212499 1.87500000
v 34.58455276 0.19437499 2.62500000
v 34.58455276 0.27212499 2.25000000
v 34.58455276 0.23324999 1.87500000
v 34.58455276 0.23324999 2.62500000
v 34.58455276 0.19437499 2.25000000
v 31.43423843 0.15549999 1.50000000
v 31.43423843 0.23324999 2.25000000
v 31.43423843 0.07775000 0.75000000
v 31.43423843 0.15549999 2.25000000
v 31.43423843 0.07775000 1.50000000
v 31.43423843 0.07775000 2.25000000
v 31.43423843 0.23324999 1.50000000
v 31.43423843 0.15549999 0.75000000
v 31.43423843 0.23324999 0.75000000
v 31.43423843 0.27212499 2.62500000
v 31.43423843 0.19437499 1.87500000
v 31.43423843 0.03887500 0.37500000
v 31.43423843 0.11662500 1.12500000
v 31.43423843 0.23324999 2.62500000
v 31.43423843 0.15549999 1.87500000
v 31.43423843 0.15549999 2.62500000
v 31.43423843 0.19437499 2.25000000
v 31.43423843 0.19437499 2.62500000
v 31.43423843 0.03887500 0.75000000
v 31.43423843 0.03887500 2.62500000
v 31.43423843 0.11662500 1.50000000
v 31.43423843 0.03887500 1.50000000
v 31.43423843 0.07775000 1.12500000
v 31.43423843 0.11662500 1.87500000
v 31.43423843 0.03887500 1.12500000
v 31.43423843 0.11662500 2.62500000
v 31.43423843 0.03887500 1.87500000
v 31.43423843 0.07775000 2.62500000
v 31.43423843 0.11662500 2.25000000
v 31.43423843 0.03887500 2.25000000
v 31.43423843 0.07775000 1.87500000
v 31.43423843 0.27212499 2.25000000
v 31.43423843 0.19437499 1.50000000
v 31.43423843 0.27212499 1.50000000
v 31.43423843 0.23324999 1.87500000
v 31.43423843 0.27212499 1.87500000
v 31.43423843 0.07775000 0.37500000
v 31.43423843 0.27212499 0.37500000
v 31.43423843 0.15549999 1.12500000
v 31.43423843 0.15549999 0.37500000
v 31.43423843 0.11662500 0.75000000
v 31.43423843 0.19437499 1.12500000
v 31.43423843 0.11662500 0.37500000
v 31.43423843 0.27212499 1.12500000
v 31.43423843 0.19437499 0.37500000
v 31.43423843 0.27212499 0.75000000
v 31.43423843 0.23324999 1.12500000
v 31.43423843 0.23324999 0.37500000
v 31.43423843 0.19437499 0.75000000
v 33.14513016 0.15549999 1.50000000
v 33.14513016 0.23324999 0.75000000
v 33.14513016 0.07775000 2.25000000
v 33.14513016 0.15549999 0.75000000
v 33.14513016 0.07775000 1.50000000
v 33.14513016 0.07775000 0.75000000
v 33.14513016 0.23324999 1.50000000
v 33.14513016 0.15549999 2.25000000
v 33.14513016 0.23324999 2.25000000
v 33.14513016 0.27212499 0.37500000
v 33.14513016 0.19437499 1.12500000
v 33.14513016 0.03887500 2.62500000
v 33.14513016 0.11662500 1.87500000
v 33.14513016 0.23324999 0.37500000
v 33.14513016 0.15549999 1.12500000
v 33.14513016 0.15549999 0.37500000
v 33.14513016 0.19437499 0.75000000
v 33.14513016 0.19437499 0.37500000
v 33.14513016 0.03887500 2.25000000
v 33.14513016 0.03887500 0.37500000
v 33.14513016 0.11662500 1.50000000
v 33.14513016 0.03887500 1.50000000
v 33.14513016 0.07775000 1.87500000
v 33.14513016 0.11662500 1.12500000
v 33.14513016 0.03887500 1.87500000
v 33.14513016 0.11662500 0.37500000
v 33.14513016 0.03887500 1.12500000
v 33.14513016 0.07775000 0.37500000
v 33.14513016 0.11662500 0.75000000
v 33.14513016 0.03887500 0.75000000
v 33.14513016 0.07775000 1.12500000
v 33.14513016 0.27212499 0.75000000
v 33.14513016 0.19437499 1.50000000
v 33.14513016 0.27212499 1.50000000
v 33.14513016 0.23324999 1.12500000
v 33.14513016 0.27212499 1.12500000
v 33.14513016 0.07775000 2.62500000
v 33.14513016 0.27212499 2.62500000
v 33.14513016 0.15549999 1.87500000
v 33.14513016 0.15549999 2.62500000
v 33.14513016 0.11662500 2.25000000
v 33.14513016 0.19437499 1.87500000
v 33.14513016 0.11662500 2.62500000
v 33.14513016 0.27212499 1.87500000
v 33.14513016 0.19437499 2.62500000
v 33.14513016 0.27212499 2.25000000
v 33.14513016 0.23324999 1.87500000
v 33.14513016 0.23324999 2.62500000
v 33.14513016 0.19437499 2.25000000
v 29.58932114 0.15549999 1.50000000
v 29.58932114 0.31099999 1.50000000
v 29.58932114 0.23324999 2.25000000
v 29.58932114 0.07775000 0.75000000
v 29.58932114 0.15549999 2.25000000
v 29.58932114 0.07775000 1.50000000
v 29.58932114 0.07775000 2.25000000
v 29.58932114 0.31099999 2.25000000
v 29.58932114 0.31099999 0.75000000
v 29.58932114 0.23324999 1.50000000
v 29.58932114 0.15549999 0.75000000
v 29.58932114 0.23324999 0.75000000
v 29.58932114 0.27212499 2.62500000
v 29.58932114 0.19437499 1.87500000
v 29.58932114 0.03887500 0.37500000
v 29.58932114 0.11662500 1.12500000
v 29.58932114 0.23324999 2.62500000
v 29.58932114 0.15549999 1.87500000
v 29.58932114 0.15549999 2.62500000
v 29.58932114 0.19437499 2.25000000
v 29.58932114 0.19437499 2.62500000
v 29.58932114 0.03887500 0.75000000
v 29.58932114 0.03887500 2.62500000
v 29.58932114 0.11662500 1.50000000
v 29.58932114 0.03887500 1.50000000
v 29.58932114 0.07775000 1.12500000
v 29.58932114 0.11662500 1.87500000
v 29.58932114 0.03887500 1.12500000
v 29.58932114 0.11662500 2.62500000
v 29.58932114 0.03887500 1.87500000
v 29.58932114 0.07775000 2.62500000
v 29.58932114 0.11662500 2.25000000
v 29.58932114 0.03887500 2.25000000
v 29.58932114 0.07775000 1.87500000
v 29.58932114 0.31099999 2.62500000
v 29.58932114 0.31099999 1.87500000
v 29.58932114 0.27212499 2.25000000
v 29.58932114 0.31099999 0.37500000
v 29.58932114 0.31099999 1.12500000
v 29.58932114 0.19437499 1.50000000
v 29.58932114 0.27212499 1.50000000
v 29.58932114 0.23324999 1.87500000
v 29.58932114 0.27212499 1.87500000
v 29.58932114 0.07775000 0.37500000
v 29.58932114 0.27212499 0.37500000
v 29.58932114 0.15549999 1.12500000
v 29.58932114 0.15549999 0.37500000
v 29.58932114 0.11662500 0.75000000
v 29.58932114 0.19437499 1.12500000
v 29.58932114 0.11662500 0.37500000
v 29.58932114 0.27212499 1.12500000
v 29.58932114 0.19437499 0.37500000
v 29.58932114 0.27212499 0.75000000
v 29.58932114 0.23324999 1.12500000
v 29.58932114 0.23324999 0.37500000
v 29.58932114 0.19437499 0.75000000
v 31.30021477 0.15549999 1.50000000
v 31.30021477 0.23324999 0.75000000
v 31.30021477 0.07775000 2.25000000
v 31.30021477 0.15549999 0.75000000
v 31.30021477 0.07775000 1.50000000
v 31.30021477 0.07775000 0.75000000
v 31.30021477 0.23324999 1.50000000
v 31.30021477 0.15549999 2.25000000
v 31.30021477 0.23324999 2.25000000
v 31.30021477 0.27212499 0.37500000
v 31.30021477 0.19437499 1.12500000
v 31.30021477 0.03887500 2.62500000
v 31.30021477 0.11662500 1.87500000
v 31.30021477 0.23324999 0.37500000
v 31.30021477 0.15549999 1.12500000
v 31.30021477 0.15549999 0.37500000
v 31.30021477 0.19437499 0.75000000
v 31.30021477 0.19437499 0.37500000
v 31.30021477 0.03887500 2.25000000
v 31.30021477 0.03887500 0.37500000
v 31.30021477 0.11662500 1.50000000
v 31.30021477 0.03887500 1.50000000
v 31.30021477 0.07775000 1.87500000
v 31.30021477 0.11662500 1.12500000
v 31.30021477 0.03887500 1.87500000
v 31.30021477 0.11662500 0.37500000
v 31.30021477 0.03887500 1.12500000
v 31.30021477 0.07775000 0.37500000
v 31.30021477 0.11662500 0.75000000
v 31.30021477 0.03887500 0.75000000
v 31.30021477 0.07775000 1.12500000
v 31.30021477 0.27212499 0.75000000
v 31.30021477 0.19437499 1.50000000
v 31.30021477 0.27212499 1.50000000
v 31.30021477 0.23324999 1.12500000
v 31.30021477 0.27212499 1.12500000
v 31.30021477 0.07775000 2.62500000
v 31.30021477 0.27212499 2.62500000
v 31.30021477 0.15549999 1.87500000
v 31.30021477 0.15549999 2.62500000
v 31.30021477 0.11662500 2.25000000
v 31.30021477 0.19437499 1.87500000
v 31.30021477 0.11662500 2.62500000
v 31.30021477 0.27212499 1.87500000
v 31.30021477 0.19437499 2.62500000
v 31.30021477 0.27212499 2.25000000
v 31.30021477 0.23324999 1.87500000
v 31.30021477 0.23324999 2.62500000
v 31.30021477 0.19437499 2.25000000
v 29.52916050 0.31099999 1.50000000
v 29.55924082 0.31099999 2.25000000
v 29.49908018 0.31099999 0.75000000
v 29.55924082 0.31099999 1.50000000
v 29.52916050 0.31099999 0.75000000
v 29.55924082 0.31099999 0.75000000
v 29.52916050 0.31099999 2.25000000
v 29.49908018 0.31099999 1.50000000
v 29.49908018 0.31099999 2.25000000
v 29.57428098 0.31099999 2.62500000
v 29.54420066 0.31099999 1.87500000
v 29.48404002 0.31099999 0.37500000
v 29.51412034 0.31099999 1.12500000
v 29.57428098 0.31099999 2.25000000
v 29.54420066 0.31099999 1.50000000
v 29.57428098 0.31099999 1.50000000
v 29.55924082 0.31099999 1.87500000
v 29.57428098 0.31099999 1.87500000
v 29.49908018 0.31099999 0.37500000
v 29.57428098 0.31099999 0.37500000
v 29.52916050 0.31099999 1.12500000
v 29.52916050 0.31099999 0.37500000
v 29.51412034 0.31099999 0.75000000
v 29.54420066 0.31099999 1.12500000
v 29.51412034 0.31099999 0.37500000
v 29.57428098 0.31099999 1.12500000
v 29.54420066 0.31099999 0.37500000
v 29.57428098 0.31099999 0.75000000
v 29.55924082 0.31099999 1.12500000
v 29.55924082 0.31099999 0.37500000
v 29.54420066 0.31099999 0.75000000
v 29.55924082 0.31099999 2.62500000
v 29.52916050 0.31099999 1.87500000
v 29.52916050 0.31099999 2.62500000
v 29.54420066 0.31099999 2.25000000
v 29.54420066 0.31099999 2.62500000
v 29.48404002 0.31099999 0.75000000
v 29.48404002 0.31099999 2.62500000
v 29.51412034 0.31099999 1.50000000
v 29.48404002 0.31099999 1.50000000
v 29.49908018 0.31099999 1.12500000
v 29.51412034 0.31099999 1.87500000
v 29.48404002 0.31099999 1.12500000
v 29.51412034 0.31099999 2.62500000
v 29.48404002 0.31099999 1.87500000
v 29.49908018 0.31099999 2.62500000
v 29.51412034 0.31099999 2.25000000
v 29.48404002 0.31099999 2.25000000
v 29.49908018 0.31099999 1.87500000
v 30.68309021 6.39900017 0.80000001
v 30.68309021 6.39900017 2.30000001
v 30.86563492 6.39900017 0.40000001
v 30.50054550 6.39900017 0.40000001
v 30.86563492 6.39900017 1.20000002
v 30.68309021 6.39900017 0.40000001
v 30.86563492 6.39900017 0.80000001
v 30.50054550 6.39900017 1.15000001
v 30.86563492 6.39900017 1.95000002
v 30.50054550 6.39900017 2.65000001
v 30.68309021 6.39900017 1.55000001
v 30.50054550 6.39900017 1.90000001
v 30.86563492 6.39900017 2.30000001
v 30.68309021 6.39900017 2.65000001
v 30.86563492 6.39900017 2.65000001
v 30.95690727 6.39900017 0.20000000
v 30.77436256 6.39900017 0.20000000
v 30.95690727 6.39900017 0.60000001
v 30.86563492 6.39900017 0.20000000
v 30.95690727 6.39900017 0.40000001
v 30.40927315 6.39900017 0.20000000
v 30.59181786 6.39900017 0.60000001
v 30.50054550 6.39900017 0.20000000
v 30.95690727 6.39900017 1.40000002
v 30.77436256 6.39900017 1.00000001
v 30.95690727 6.39900017 1.20000002
v 30.68309021 6.39900017 0.20000000
v 30.68309021 6.39900017 0.60000001
v 30.59181786 6.39900017 0.20000000
v 30.77436256 6.39900017 0.40000001
v 30.59181786 6.39900017 0.40000001
v 30.95690727 6.39900017 0.80000001
v 30.77436256 6.39900017 0.80000001
v 30.95690727 6.39900017 1.00000001
v 30.86563492 6.39900017 0.60000001
v 30.86563492 6.39900017 1.00000001
v 30.77436256 6.39900017 0.60000001
v 30.40927315 6.39900017 0.57500000
v 30.59181786 6.39900017 0.97500001
v 30.40927315 6.39900017 1.32500000
v 30.50054550 6.39900017 0.77500001
v 30.40927315 6.39900017 0.95000000
v 30.95690727 6.39900017 1.77500002
v 30.77436256 6.39900017 2.12500001
v 30.86563492 6.39900017 1.57500002
v 30.40927315 6.39900017 2.82500000
v 30.59181786 6.39900017 2.47500001
v 30.40927315 6.39900017 2.45000000
v 30.68309021 6.39900017 1.17500001
v 30.68309021 6.39900017 1.92500001
v 30.77436256 6.39900017 1.37500001
v 30.59181786 6.39900017 1.35000001
v 30.77436256 6.39900017 1.75000001
v 30.40927315 6.39900017 1.70000000
v 30.59181786 6.39900017 2.10000001
v 30.40927315 6.39900017 2.07500000
v 30.50054550 6.39900017 1.52500001
v 30.50054550 6.39900017 2.27500001
v 30.59181786 6.39900017 1.72500001
v 30.95690727 6.39900017 1.95000002
v 30.77436256 6.39900017 2.30000001
v 30.95690727 6.39900017 2.30000001
v 30.86563492 6.39900017 2.12500001
v 30.95690727 6.39900017 2.12500001
v 30.50054550 6.39900017 2.82500000
v 30.95690727 6.39900017 2.82500000
v 30.68309021 6.39900017 2.47500001
v 30.68309021 6.39900017 2.82500000
v 30.59181786 6.39900017 2.65000001
v 30.77436256 6.39900017 2.47500001
v 30.59181786 6.39900017 2.82500000
v 30.95690727 6.39900017 2.47500001
v 30.77436256 6.39900017 2.82500000
v 30.95690727 6.39900017 2.65000001
v 30.86563492 6.39900017 2.47500001
v 30.86563492 6.39900017 2.82500000
v 30.77436256 6.39900017 2.65000001
v 35.15209007 6.39900017 0.80000001
v 35.15209007 6.39900017 2.30000001
v 34.92763424 6.39900017 1.20000002
v 35.37654591 6.39900017 0.40000001
v 34.92763424 6.39900017 0.80000001
v 35.15209007 6.39900017 0.40000001
v 34.92763424 6.39900017 0.40000001
v 34.92763424 6.39900017 1.95000002
v 35.37654591 6.39900017 2.65000001
v 35.15209007 6.39900017 1.55000001
v 35.37654591 6.39900017 1.15000001
v 35.37654591 6.39900017 1.90000001
v 34.92763424 6.39900017 2.30000001
v 35.15209007 6.39900017 2.65000001
v 34.92763424 6.39900017 2.65000001
v 34.81540632 6.39900017 1.40000002
v 35.03986216 6.39900017 1.00000001
v 35.48877382 6.39900017 0.20000000
v 35.26431799 6.39900017 0.60000001
v 34.81540632 6.39900017 1.20000002
v 35.03986216 6.39900017 0.80000001
v 34.81540632 6.39900017 0.80000001
v 34.92763424 6.39900017 1.00000001
v 34.81540632 6.39900017 1.00000001
v 35.37654591 6.39900017 0.20000000
v 34.81540632 6.39900017 0.20000000
v 35.15209007 6.39900017 0.60000001
v 35.15209007 6.39900017 0.20000000
v 35.26431799 6.39900017 0.40000001
v 35.03986216 6.39900017 0.60000001
v 35.26431799 6.39900017 0.20000000
v 34.81540632 6.39900017 0.60000001
v 35.03986216 6.39900017 0.20000000
v 34.81540632 6.39900017 0.40000001
v 34.92763424 6.39900017 0.60000001
v 34.92763424 6.39900017 0.20000000
v 35.03986216 6.39900017 0.40000001
v 34.81540632 6.39900017 1.77500002
v 35.03986216 6.39900017 2.12500001
v 34.92763424 6.39900017 1.57500002
v 35.48877382 6.39900017 2.82500000
v 35.26431799 6.39900017 2.47500001
v 35.15209007 6.39900017 1.17500001
v 35.15209007 6.39900017 1.92500001
v 35.03986216 6.39900017 1.37500001
v 35.03986216 6.39900017 1.75000001
v 35.48877382 6.39900017 0.57500000
v 35.48877382 6.39900017 2.45000000
v 35.26431799 6.39900017 0.97500001
v 35.48877382 6.39900017 1.32500000
v 35.37654591 6.39900017 0.77500001
v 35.26431799 6.39900017 1.35000001
v 35.48877382 6.39900017 0.95000000
v 35.26431799 6.39900017 2.10000001
v 35.48877382 6.39900017 1.70000000
v 35.37654591 6.39900017 2.27500001
v 35.26431799 6.39900017 1.72500001
v 35.48877382 6.39900017 2.07500000
v 35.37654591 6.39900017 1.52500001
v 34.81540632 6.39900017 1.95000002
v 35.03986216 6.39900017 2.30000001
v 34.81540632 6.39900017 2.30000001
v 34.92763424 6.39900017 2.12500001
v 34.81540632 6.39900017 2.12500001
v 35.37654591 6.39900017 2.82500000
v 34.81540632 6.39900017 2.82500000
v 35.15209007 6.39900017 2.47500001
v 35.15209007 6.39900017 2.82500000
v 35.26431799 6.39900017 2.65000001
v 35.03986216 6.39900017 2.47500001
v 35.26431799 6.39900017 2.82500000
v 34.81540632 6.39900017 2.47500001
v 35.03986216 6.39900017 2.82500000
v 34.81540632 6.39900017 2.65000001
v 34.92763424 6.39900017 2.47500001
v 34.92763424 6.39900017 2.82500000
v 35.03986216 6.39900017 2.65000001
v 32.40384293 3.06737995 0.75000000
v 30.94984245 4.16737986 0.75000000
v 30.94984245 3.06737995 0.75000000
v 32.40384293 4.16737986 0.75000000
v 33.85884094 3.06737995 0.75000000
v 33.85884094 4.16737986 0.75000000
v 32.40384293 1.96737993 0.75000000
v 30.94984245 1.96737993 0.75000000
v 33.85884094 1.96737993 0.75000000
v 31.67684269 3.61737990 0.75000000
v 31.67684269 3.06737995 0.75000000
v 30.94984245 3.61737990 0.75000000
v 32.40384293 3.61737990 0.75000000
v 31.67684269 4.16737986 0.75000000
v 33.13134193 3.06737995 0.75000000
v 33.13134193 3.61737990 0.75000000
v 33.13134193 4.16737986 0.75000000
v 33.85884094 3.61737990 0.75000000
v 32.40384293 2.51737994 0.75000000
v 31.67684269 2.51737994 0.75000000
v 30.94984245 2.51737994 0.75000000
v 31.67684269 1.96737993 0.75000000
v 33.13134193 2.51737994 0.75000000
v 33.85884094 2.51737994 0.75000000
v 33.13134193 1.96737993 0.75000000
v 32.04034281 3.34237993 0.75000000
v 31.31334257 3.89237988 0.75000000
v 32.04034281 3.06737995 0.75000000
v 31.31334257 3.06737995 0.75000000
v 31.67684269 3.34237993 0.75000000
v 30.94984245 3.89237988 0.75000000
v 30.94984245 3.34237993 0.75000000
v 31.31334257 3.61737990 0.75000000
v 31.31334257 3.34237993 0.75000000
v 32.40384293 3.34237993 0.75000000
v 32.40384293 3.89237988 0.75000000
v 32.04034281 3.61737990 0.75000000
v 31.31334257 4.16737986 0.75000000
v 32.04034281 4.16737986 0.75000000
v 31.67684269 3.89237988 0.75000000
v 32.04034281 3.89237988 0.75000000
v 32.76759243 3.06737995 0.75000000
v 33.49509144 3.06737995 0.75000000
v 32.76759243 3.34237993 0.75000000
v 32.76759243 3.89237988 0.75000000
v 33.49509144 3.34237993 0.75000000
v 32.76759243 3.61737990 0.75000000
v 33.13134193 3.34237993 0.75000000
v 32.76759243 4.16737986 0.75000000
v 33.49509144 4.16737986 0.75000000
v 33.13134193 3.89237988 0.75000000
v 33.85884094 3.34237993 0.75000000
v 33.85884094 3.89237988 0.75000000
v 33.49509144 3.61737990 0.75000000
v 33.49509144 3.89237988 0.75000000
v 32.40384293 2.79237995 0.75000000
v 32.40384293 2.24237993 0.75000000
v 32.04034281 2.79237995 0.75000000
v 31.31334257 2.79237995 0.75000000
v 32.04034281 2.24237993 0.75000000
v 31.67684269 2.79237995 0.75000000
v 32.04034281 2.51737994 0.75000000
v 30.94984245 2.79237995 0.75000000
v 30.94984245 2.24237993 0.75000000
v 31.31334257 2.51737994 0.75000000
v 32.04034281 1.96737993 0.75000000
v 31.31334257 1.96737993 0.75000000
v 31.67684269 2.24237993 0.75000000
v 31.31334257 2.24237993 0.75000000
v 32.76759243 2.79237995 0.75000000
v 33.49509144 2.24237993 0.75000000
v 33.13134193 2.79237995 0.75000000
v 32.76759243 2.51737994 0.75000000
v 33.85884094 2.79237995 0.75000000
v 33.85884094 2.24237993 0.75000000
v 33.49509144 2.79237995 0.75000000
v 33.49509144 2.51737994 0.75000000
v 32.76759243 1.96737993 0.75000000
v 33.49509144 1.96737993 0.75000000
v 32.76759243 2.24237993 0.75000000
v 33.13134193 2.24237993 0.75000000
v 32.22209287 3.20487994 0.75000000
v 31.85859275 3.47987992 0.75000000
v 31.13159251 4.02987987 0.75000000
v 31.49509263 3.75487989 0.75000000
v 32.22209287 3.06737995 0.75000000
v 31.85859275 3.06737995 0.75000000
v 32.04034281 3.20487994 0.75000000
v 31.13159251 3.06737995 0.75000000
v 31.49509263 3.06737995 0.75000000
v 31.67684269 3.47987992 0.75000000
v 31.67684269 3.20487994 0.75000000
v 31.85859275 3.34237993 0.75000000
v 31.85859275 3.20487994 0.75000000
v 30.94984245 4.02987987 0.75000000
v 30.94984245 3.75487989 0.75000000
v 31.13159251 3.89237988 0.75000000
v 30.94984245 3.20487994 0.75000000
v 30.94984245 3.47987992 0.75000000
v 31.13159251 3.20487994 0.75000000
v 31.49509263 3.61737990 0.75000000
v 31.13159251 3.61737990 0.75000000
v 31.31334257 3.75487989 0.75000000
v 31.49509263 3.47987992 0.75000000
v 31.13159251 3.75487989 0.75000000
v 31.49509263 3.20487994 0.75000000
v 31.13159251 3.47987992 0.75000000
v 31.31334257 3.20487994 0.75000000
v 31.49509263 3.34237993 0.75000000
v 31.13159251 3.34237993 0.75000000
v 31.31334257 3.47987992 0.75000000
v 32.40384293 3.20487994 0.75000000
v 32.40384293 3.47987992 0.75000000
v 32.22209287 3.34237993 0.75000000
v 32.40384293 4.02987987 0.75000000
v 32.40384293 3.75487989 0.75000000
v 31.85859275 3.61737990 0.75000000
v 32.22209287 3.61737990 0.75000000
v 32.04034281 3.47987992 0.75000000
v 32.22209287 3.47987992 0.75000000
v 31.13159251 4.16737986 0.75000000
v 31.49509263 4.16737986 0.75000000
v 31.31334257 4.02987987 0.75000000
v 32.22209287 4.16737986 0.75000000
v 31.85859275 4.16737986 0.75000000
v 32.22209287 4.02987987 0.75000000
v 31.67684269 3.75487989 0.75000000
v 31.67684269 4.02987987 0.75000000
v 31.49509263 3.89237988 0.75000000
v 31.85859275 3.75487989 0.75000000
v 31.49509263 4.02987987 0.75000000
v 32.22209287 3.75487989 0.75000000
v 31.85859275 4.02987987 0.75000000
v 32.22209287 3.89237988 0.75000000
v 32.04034281 3.75487989 0.75000000
v 32.04034281 4.02987987 0.75000000
v 31.85859275 3.89237988 0.75000000
v 32.58571768 3.06737995 0.75000000
v 32.94946718 3.06737995 0.75000000
v 32.58571768 3.20487994 0.75000000
v 33.67696619 3.06737995 0.75000000
v 33.31321669 3.06737995 0.75000000
v 32.58571768 3.47987992 0.75000000
v 32.94946718 3.20487994 0.75000000
v 32.58571768 3.34237993 0.75000000
v 32.76759243 3.20487994 0.75000000
v 32.58571768 4.02987987 0.75000000
v 32.94946718 3.75487989 0.75000000
v 32.58571768 3.89237988 0.75000000
v 33.67696619 3.20487994 0.75000000
v 33.31321669 3.47987992 0.75000000
v 33.49509144 3.20487994 0.75000000
v 32.58571768 3.61737990 0.75000000
v 32.94946718 3.61737990 0.75000000
v 32.58571768 3.75487989 0.75000000
v 32.76759243 3.47987992 0.75000000
v 32.76759243 3.75487989 0.75000000
v 33.13134193 3.20487994 0.75000000
v 33.13134193 3.47987992 0.75000000
v 33.31321669 3.20487994 0.75000000
v 32.94946718 3.34237993 0.75000000
v 33.31321669 3.34237993 0.75000000
v 32.94946718 3.47987992 0.75000000
v 32.58571768 4.16737986 0.75000000
v 32.94946718 4.16737986 0.75000000
v 32.76759243 4.02987987 0.75000000
v 33.67696619 4.16737986 0.75000000
v 33.31321669 4.16737986 0.75000000
v 33.13134193 3.75487989 0.75000000
v 33.13134193 4.02987987 0.75000000
v 32.94946718 3.89237988 0.75000000
v 32.94946718 4.02987987 0.75000000
v 33.85884094 3.20487994 0.75000000
v 33.85884094 3.47987992 0.75000000
v 33.67696619 3.34237993 0.75000000
v 33.85884094 4.02987987 0.75000000
v 33.85884094 3.75487989 0.75000000
v 33.67696619 4.02987987 0.75000000
v 33.31321669 3.61737990 0.75000000
v 33.67696619 3.61737990 0.75000000
v 33.49509144 3.47987992 0.75000000
v 33.31321669 3.75487989 0.75000000
v 33.67696619 3.47987992 0.75000000
v 33.31321669 4.02987987 0.75000000
v 33.67696619 3.75487989 0.75000000
v 33.49509144 4.02987987 0.75000000
v 33.31321669 3.89237988 0.75000000
v 33.67696619 3.89237988 0.75000000
v 33.49509144 3.75487989 0.75000000
v 32.40384293 2.92987995 0.75000000
v 32.40384293 2.65487994 0.75000000
v 32.22209287 2.92987995 0.75000000
v 32.40384293 2.10487993 0.75000000
v 32.40384293 2.37987994 0.75000000
v 31.85859275 2.92987995 0.75000000
v 32.22209287 2.65487994 0.75000000
v 32.04034281 2.92987995 0.75000000
v 32.22209287 2.79237995 0.75000000
v 31.13159251 2.92987995 0.75000000
v 31.49509263 2.65487994 0.75000000
v 31.31334257 2.92987995 0.75000000
v 32.22209287 2.10487993 0.75000000
v 31.85859275 2.37987994 0.75000000
v 32.22209287 2.24237993 0.75000000
v 31.67684269 2.92987995 0.75000000
v 31.67684269 2.65487994 0.75000000
v 31.49509263 2.92987995 0.75000000
v 31.85859275 2.79237995 0.75000000
v 31.49509263 2.79237995 0.75000000
v 32.22209287 2.51737994 0.75000000
v 31.85859275 2.51737994 0.75000000
v 32.22209287 2.37987994 0.75000000
v 32.04034281 2.65487994 0.75000000
v 32.04034281 2.37987994 0.75000000
v 31.85859275 2.65487994 0.75000000
v 30.94984245 2.92987995 0.75000000
v 30.94984245 2.65487994 0.75000000
v 31.13159251 2.79237995 0.75000000
v 30.94984245 2.10487993 0.75000000
v 30.94984245 2.37987994 0.75000000
v 31.49509263 2.51737994 0.75000000
v 31.13159251 2.51737994 0.75000000
v 31.31334257 2.65487994 0.75000000
v 31.13159251 2.65487994 0.75000000
v 32.22209287 1.96737993 0.75000000
v 31.85859275 1.96737993 0.75000000
v 32.04034281 2.10487993 0.75000000
v 31.13159251 1.96737993 0.75000000
v 31.49509263 1.96737993 0.75000000
v 31.13159251 2.10487993 0.75000000
v 31.67684269 2.37987994 0.75000000
v 31.67684269 2.10487993 0.75000000
v 31.85859275 2.24237993 0.75000000
v 31.49509263 2.37987994 0.75000000
v 31.85859275 2.10487993 0.75000000
v 31.13159251 2.37987994 0.75000000
v 31.49509263 2.10487993 0.75000000
v 31.13159251 2.24237993 0.75000000
v 31.31334257 2.37987994 0.75000000
v 31.31334257 2.10487993 0.75000000
v 31.49509263 2.24237993 0.75000000
v 32.58571768 2.92987995 0.75000000
v 32.94946718 2.65487994 0.75000000
v 32.76759243 2.92987995 0.75000000
v 32.58571768 2.79237995 0.75000000
v 33.67696619 2.10487993 0.75000000
v 33.31321669 2.37987994 0.75000000
v 33.13134193 2.92987995 0.75000000
v 33.13134193 2.65487994 0.75000000
v 32.94946718 2.92987995 0.75000000
v 32.94946718 2.79237995 0.75000000
v 32.58571768 2.51737994 0.75000000
v 32.94946718 2.51737994 0.75000000
v 32.58571768 2.65487994 0.75000000
v 32.76759243 2.65487994 0.75000000
v 33.85884094 2.92987995 0.75000000
v 33.85884094 2.65487994 0.75000000
v 33.67696619 2.92987995 0.75000000
v 33.85884094 2.10487993 0.75000000
v 33.85884094 2.37987994 0.75000000
v 33.67696619 2.24237993 0.75000000
v 33.31321669 2.92987995 0.75000000
v 33.67696619 2.65487994 0.75000000
v 33.49509144 2.92987995 0.75000000
v 33.31321669 2.79237995 0.75000000
v 33.67696619 2.79237995 0.75000000
v 33.31321669 2.51737994 0.75000000
v 33.67696619 2.51737994 0.75000000
v 33.49509144 2.37987994 0.75000000
v 33.31321669 2.65487994 0.75000000
v 33.67696619 2.37987994 0.75000000
v 33.49509144 2.65487994 0.75000000
v 32.58571768 1.96737993 0.75000000
v 32.94946718 1.96737993 0.75000000
v 32.58571768 2.10487993 0.75000000
v 33.67696619 1.96737993 0.75000000
v 33.31321669 1.96737993 0.75000000
v 33.49509144 2.10487993 0.75000000
v 32.58571768 2.37987994 0.75000000
v 32.94946718 2.10487993 0.75000000
v 32.58571768 2.24237993 0.75000000
v 32.76759243 2.37987994 0.75000000
v 32.76759243 2.10487993 0.75000000
v 33.13134193 2.37987994 0.75000000
v 33.13134193 2.10487993 0.75000000
v 33.31321669 2.24237993 0.75000000
v 32.94946718 2.37987994 0.75000000
v 33.31321669 2.10487993 0.75000000
v 32.94946718 2.24237993 0.75000000
v 34.45790863 2.34355044 0.40000001
v 33.95790863 2.84355044 0.40000001
v 33.95790863 2.34355044 0.40000001
v 34.45790863 2.84355044 0.40000001
v 34.20790863 2.59355044 0.40000001
v 34.20790863 2.34355044 0.40000001
v 33.95790863 2.59355044 0.40000001
v 34.45790863 2.59355044 0.40000001
v 34.20790863 2.84355044 0.40000001
v 34.33290863 2.46855044 0.40000001
v 34.08290863 2.71855044 0.40000001
v 34.33290863 2.34355044 0.40000001
v 34.08290863 2.34355044 0.40000001
v 34.20790863 2.46855044 0.40000001
v 33.95790863 2.71855044 0.40000001
v 33.95790863 2.46855044 0.40000001
v 34.08290863 2.59355044 0.40000001
v 34.08290863 2.46855044 0.40000001
v 34.45790863 2.46855044 0.40000001
v 34.45790863 2.71855044 0.40000001
v 34.33290863 2.59355044 0.40000001
v 34.08290863 2.84355044 0.40000001
v 34.33290863 2.84355044 0.40000001
v 34.20790863 2.71855044 0.40000001
v 34.33290863 2.71855044 0.40000001
v 34.39540863 2.40605044 0.40000001
v 34.27040863 2.53105044 0.40000001
v 34.02040863 2.78105044 0.40000001
v 34.14540863 2.65605044 0.40000001
v 34.39540863 2.34355044 0.40000001
v 34.27040863 2.34355044 0.40000001
v 34.33290863 2.40605044 0.40000001
v 34.02040863 2.34355044 0.40000001
v 34.14540863 2.34355044 0.40000001
v 34.20790863 2.53105044 0.40000001
v 34.20790863 2.40605044 0.40000001
v 34.27040863 2.46855044 0.40000001
v 34.27040863 2.40605044 0.40000001
v 33.95790863 2.78105044 0.40000001
v 33.95790863 2.65605044 0.40000001
v 34.02040863 2.71855044 0.40000001
v 33.95790863 2.40605044 0.40000001
v 33.95790863 2.53105044 0.40000001
v 34.02040863 2.40605044 0.40000001
v 34.14540863 2.59355044 0.40000001
v 34.02040863 2.59355044 0.40000001
v 34.08290863 2.65605044 0.40000001
v 34.14540863 2.53105044 0.40000001
v 34.02040863 2.65605044 0.40000001
v 34.14540863 2.40605044 0.40000001
v 34.02040863 2.53105044 0.40000001
v 34.08290863 2.40605044 0.40000001
v 34.14540863 2.46855044 0.40000001
v 34.02040863 2.46855044 0.40000001
v 34.08290863 2.53105044 0.40000001
v 34.45790863 2.40605044 0.40000001
v 34.45790863 2.53105044 0.40000001
v 34.39540863 2.46855044 0.40000001
v 34.45790863 2.78105044 0.40000001
v 34.45790863 2.65605044 0.40000001
v 34.27040863 2.59355044 0.40000001
v 34.39540863 2.59355044 0.40000001
v 34.33290863 2.53105044 0.40000001
v 34.39540863 2.53105044 0.40000001
v 34.02040863 2.84355044 0.40000001
v 34.14540863 2.84355044 0.40000001
v 34.08290863 2.78105044 0.40000001
v 34.39540863 2.84355044 0.40000001
v 34.27040863 2.84355044 0.40000001
v 34.39540863 2.78105044 0.40000001
v 34.20790863 2.65605044 0.40000001
v 34.20790863 2.78105044 0.40000001
v 34.14540863 2.71855044 0.40000001
v 34.27040863 2.65605044 0.40000001
v 34.14540863 2.78105044 0.40000001
v 34.39540863 2.65605044 0.40000001
v 34.27040863 2.78105044 0.40000001
v 34.39540863 2.71855044 0.40000001
v 34.33290863 2.65605044 0.40000001
v 34.33290863 2.78105044 0.40000001
v 34.27040863 2.71855044 0.40000001
v 34.45790863 2.84355044 0.89999998
v 34.45790863 2.34355044 0.89999998
v 34.45790863 2.59355044 0.64999999
v 34.45790863 2.59355044 0.89999998
v 34.45790863 2.34355044 0.64999999
v 34.45790863 2.84355044 0.64999999
v 34.45790863 2.71855044 0.77499998
v 34.45790863 2.46855044 0.52500000
v 34.45790863 2.71855044 0.89999998
v 34.45790863 2.46855044 0.89999998
v 34.45790863 2.59355044 0.77499998
v 34.45790863 2.34355044 0.52500000
v 34.45790863 2.34355044 0.77499998
v 34.45790863 2.46855044 0.64999999
v 34.45790863 2.46855044 0.77499998
v 34.45790863 2.84355044 0.77499998
v 34.45790863 2.84355044 0.52500000
v 34.45790863 2.71855044 0.64999999
v 34.45790863 2.59355044 0.52500000
v 34.45790863 2.71855044 0.52500000
v 34.45790863 2.78105044 0.83749998
v 34.45790863 2.65605044 0.71249999
v 34.45790863 2.40605044 0.46250000
v 34.45790863 2.53105044 0.58749999
v 34.45790863 2.78105044 0.89999998
v 34.45790863 2.65605044 0.89999998
v 34.45790863 2.71855044 0.83749998
v 34.45790863 2.40605044 0.89999998
v 34.45790863 2.53105044 0.89999998
v 34.45790863 2.59355044 0.71249999
v 34.45790863 2.59355044 0.83749998
v 34.45790863 2.65605044 0.77499998
v 34.45790863 2.65605044 0.83749998
v 34.45790863 2.34355044 0.46250000
v 34.45790863 2.34355044 0.58749999
v 34.45790863 2.40605044 0.52500000
v 34.45790863 2.34355044 0.83749998
v 34.45790863 2.34355044 0.71249999
v 34.45790863 2.40605044 0.83749998
v 34.45790863 2.53105044 0.64999999
v 34.45790863 2.40605044 0.64999999
v 34.45790863 2.46855044 0.58749999
v 34.45790863 2.53105044 0.71249999
v 34.45790863 2.40605044 0.58749999
v 34.45790863 2.53105044 0.83749998
v 34.45790863 2.40605044 0.71249999
v 34.45790863 2.46855044 0.83749998
v 34.45790863 2.53105044 0.77499998
v 34.45790863 2.40605044 0.77499998
v 34.45790863 2.46855044 0.71249999
v 34.45790863 2.84355044 0.83749998
v 34.45790863 2.84355044 0.71249999
v 34.45790863 2.78105044 0.77499998
v 34.45790863 2.84355044 0.46250000
v 34.45790863 2.84355044 0.58749999
v 34.45790863 2.65605044 0.64999999
v 34.45790863 2.78105044 0.64999999
v 34.45790863 2.71855044 0.71249999
v 34.45790863 2.78105044 0.71249999
v 34.45790863 2.46855044 0.46250000
v 34.45790863 2.78105044 0.46250000
v 34.45790863 2.59355044 0.58749999
v 34.45790863 2.59355044 0.46250000
v 34.45790863 2.53105044 0.52500000
v 34.45790863 2.65605044 0.58749999
v 34.45790863 2.53105044 0.46250000
v 34.45790863 2.78105044 0.58749999
v 34.45790863 2.65605044 0.46250000
v 34.45790863 2.78105044 0.52500000
v 34.45790863 2.71855044 0.58749999
v 34.45790863 2.71855044 0.46250000
v 34.45790863 2.65605044 0.52500000
v 33.00975800 4.27047586 0.40000001
v 32.50975800 4.77047586 0.40000001
v 32.50975800 4.27047586 0.40000001
v 33.00975800 4.77047586 0.40000001
v 32.75975800 4.52047586 0.40000001
v 32.75975800 4.27047586 0.40000001
v 32.50975800 4.52047586 0.40000001
v 33.00975800 4.52047586 0.40000001
v 32.75975800 4.77047586 0.40000001
v 32.88475800 4.39547586 0.40000001
v 32.63475800 4.64547586 0.40000001
v 32.88475800 4.27047586 0.40000001
v 32.63475800 4.27047586 0.40000001
v 32.75975800 4.39547586 0.40000001
v 32.50975800 4.64547586 0.40000001
v 32.50975800 4.39547586 0.40000001
v 32.63475800 4.52047586 0.40000001
v 32.63475800 4.39547586 0.40000001
v 33.00975800 4.39547586 0.40000001
v 33.00975800 4.64547586 0.40000001
v 32.88475800 4.52047586 0.40000001
v 32.63475800 4.77047586 0.40000001
v 32.88475800 4.77047586 0.40000001
v 32.75975800 4.64547586 0.40000001
v 32.88475800 4.64547586 0.40000001
v 32.94725800 4.33297586 0.40000001
v 32.82225800 4.45797586 0.40000001
v 32.57225800 4.70797586 0.40000001
v 32.69725800 4.58297586 0.40000001
v 32.94725800 4.27047586 0.40000001
v 32.82225800 4.27047586 0.40000001
v 32.88475800 4.33297586 0.40000001
v 32.57225800 4.27047586 0.40000001
v 32.69725800 4.27047586 0.40000001
v 32.75975800 4.45797586 0.40000001
v 32.75975800 4.33297586 0.40000001
v 32.82225800 4.39547586 0.40000001
v 32.82225800 4.33297586 0.40000001
v 32.50975800 4.70797586 0.40000001
v 32.50975800 4.58297586 0.40000001
v 32.57225800 4.64547586 0.40000001
v 32.50975800 4.33297586 0.40000001
v 32.50975800 4.45797586 0.40000001
v 32.57225800 4.33297586 0.40000001
v 32.69725800 4.52047586 0.40000001
v 32.57225800 4.52047586 0.40000001
v 32.63475800 4.58297586 0.40000001
v 32.69725800 4.45797586 0.40000001
v 32.57225800 4.58297586 0.40000001
v 32.69725800 4.33297586 0.40000001
v 32.57225800 4.45797586 0.40000001
v 32.63475800 4.33297586 0.40000001
v 32.69725800 4.39547586 0.40000001
v 32.57225800 4.39547586 0.40000001
v 32.63475800 4.45797586 0.40000001
v 33.00975800 4.33297586 0.40000001
v 33.00975800 4.45797586 0.40000001
v 32.94725800 4.39547586 0.40000001
v 33.00975800 4.70797586 0.40000001
v 33.00975800 4.58297586 0.40000001
v 32.82225800 4.52047586 0.40000001
v 32.94725800 4.52047586 0.40000001
v 32.88475800 4.45797586 0.40000001
v 32.94725800 4.45797586 0.40000001
v 32.57225800 4.77047586 0.40000001
v 32.69725800 4.77047586 0.40000001
v 32.63475800 4.70797586 0.40000001
v 32.94725800 4.77047586 0.40000001
v 32.82225800 4.77047586 0.40000001
v 32.94725800 4.70797586 0.40000001
v 32.75975800 4.58297586 0.40000001
v 32.75975800 4.70797586 0.40000001
v 32.69725800 4.64547586 0.40000001
v 32.82225800 4.58297586 0.40000001
v 32.69725800 4.70797586 0.40000001
v 32.94725800 4.58297586 0.40000001
v 32.82225800 4.70797586 0.40000001
v 32.94725800 4.64547586 0.40000001
v 32.88475800 4.58297586 0.40000001
v 32.88475800 4.70797586 0.40000001
v 32.82225800 4.64547586 0.40000001
v 33.00975800 4.77047586 0.89999998
v 32.50975800 4.77047586 0.89999998
v 32.75975800 4.77047586 0.64999999
v 33.00975800 4.77047586 0.64999999
v 32.75975800 4.77047586 0.89999998
v 32.50975800 4.77047586 0.64999999
v 32.88475800 4.77047586 0.77499998
v 32.63475800 4.77047586 0.52500000
v 33.00975800 4.77047586 0.77499998
v 33.00975800 4.77047586 0.52500000
v 32.88475800 4.77047586 0.64999999
v 32.75975800 4.77047586 0.52500000
v 32.88475800 4.77047586 0.52500000
v 32.88475800 4.77047586 0.89999998
v 32.63475800 4.77047586 0.89999998
v 32.75975800 4.77047586 0.77499998
v 32.50975800 4.77047586 0.52500000
v 32.50975800 4.77047586 0.77499998
v 32.63475800 4.77047586 0.64999999
v 32.63475800 4.77047586 0.77499998
v 32.94725800 4.77047586 0.83749998
v 32.82225800 4.77047586 0.71249999
v 32.57225800 4.77047586 0.46250000
v 32.69725800 4.77047586 0.58749999
v 33.00975800 4.77047586 0.83749998
v 33.00975800 4.77047586 0.71249999
v 32.94725800 4.77047586 0.77499998
v 33.00975800 4.77047586 0.46250000
v 33.00975800 4.77047586 0.58749999
v 32.82225800 4.77047586 0.64999999
v 32.94725800 4.77047586 0.64999999
v 32.88475800 4.77047586 0.71249999
v 32.94725800 4.77047586 0.71249999
v 32.63475800 4.77047586 0.46250000
v 32.94725800 4.77047586 0.46250000
v 32.75975800 4.77047586 0.58749999
v 32.75975800 4.77047586 0.46250000
v 32.69725800 4.77047586 0.52500000
v 32.82225800 4.77047586 0.58749999
v 32.69725800 4.77047586 0.46250000
v 32.94725800 4.77047586 0.58749999
v 32.82225800 4.77047586 0.46250000
v 32.94725800 4.77047586 0.52500000
v 32.88475800 4.77047586 0.58749999
v 32.88475800 4.77047586 0.46250000
v 32.82225800 4.77047586 0.52500000
v 32.94725800 4.77047586 0.89999998
v 32.82225800 4.77047586 0.89999998
v 32.88475800 4.77047586 0.83749998
v 32.57225800 4.77047586 0.89999998
v 32.69725800 4.77047586 0.89999998
v 32.75975800 4.77047586 0.71249999
v 32.75975800 4.77047586 0.83749998
v 32.82225800 4.77047586 0.77499998
v 32.82225800 4.77047586 0.83749998
v 32.50975800 4.77047586 0.46250000
v 32.50975800 4.77047586 0.58749999
v 32.57225800 4.77047586 0.52500000
v 32.50975800 4.77047586 0.83749998
v 32.50975800 4.77047586 0.71249999
v 32.57225800 4.77047586 0.83749998
v 32.69725800 4.77047586 0.64999999
v 32.57225800 4.77047586 0.64999999
v 32.63475800 4.77047586 0.58749999
v 32.69725800 4.77047586 0.71249999
v 32.57225800 4.77047586 0.58749999
v 32.69725800 4.77047586 0.83749998
v 32.57225800 4.77047586 0.71249999
v 32.63475800 4.77047586 0.83749998
v 32.69725800 4.77047586 0.77499998
v 32.57225800 4.77047586 0.77499998
v 32.63475800 4.77047586 0.71249999
v 31.61404419 4.26605415 0.40000001
v 31.11404419 4.76605415 0.40000001
v 31.11404419 4.26605415 0.40000001
v 31.61404419 4.76605415 0.40000001
v 31.36404419 4.51605415 0.40000001
v 31.36404419 4.26605415 0.40000001
v 31.11404419 4.51605415 0.40000001
v 31.61404419 4.51605415 0.40000001
v 31.36404419 4.76605415 0.40000001
v 31.48904419 4.39105415 0.40000001
v 31.23904419 4.64105415 0.40000001
v 31.48904419 4.26605415 0.40000001
v 31.23904419 4.26605415 0.40000001
v 31.36404419 4.39105415 0.40000001
v 31.11404419 4.64105415 0.40000001
v 31.11404419 4.39105415 0.40000001
v 31.23904419 4.51605415 0.40000001
v 31.23904419 4.39105415 0.40000001
v 31.61404419 4.39105415 0.40000001
v 31.61404419 4.64105415 0.40000001
v 31.48904419 4.51605415 0.40000001
v 31.23904419 4.76605415 0.40000001
v 31.48904419 4.76605415 0.40000001
v 31.36404419 4.64105415 0.40000001
v 31.48904419 4.64105415 0.40000001
v 31.55154419 4.32855415 0.40000001
v 31.42654419 4.45355415 0.40000001
v 31.17654419 4.70355415 0.40000001
v 31.30154419 4.57855415 0.40000001
v 31.55154419 4.26605415 0.40000001
v 31.42654419 4.26605415 0.40000001
v 31.48904419 4.32855415 0.40000001
v 31.17654419 4.26605415 0.40000001
v 31.30154419 4.26605415 0.40000001
v 31.36404419 4.45355415 0.40000001
v 31.36404419 4.32855415 0.40000001
v 31.42654419 4.39105415 0.40000001
v 31.42654419 4.32855415 0.40000001
v 31.11404419 4.70355415 0.40000001
v 31.11404419 4.57855415 0.40000001
v 31.17654419 4.64105415 0.40000001
v 31.11404419 4.32855415 0.40000001
v 31.11404419 4.45355415 0.40000001
v 31.17654419 4.32855415 0.40000001
v 31.30154419 4.51605415 0.40000001
v 31.17654419 4.51605415 0.40000001
v 31.23904419 4.57855415 0.40000001
v 31.30154419 4.45355415 0.40000001
v 31.17654419 4.57855415 0.40000001
v 31.30154419 4.32855415 0.40000001
v 31.17654419 4.45355415 0.40000001
v 31.23904419 4.32855415 0.40000001
v 31.30154419 4.39105415 0.40000001
v 31.17654419 4.39105415 0.40000001
v 31.23904419 4.45355415 0.40000001
v 31.61404419 4.32855415 0.40000001
v 31.61404419 4.45355415 0.40000001
v 31.55154419 4.39105415 0.40000001
v 31.61404419 4.70355415 0.40000001
v 31.61404419 4.57855415 0.40000001
v 31.42654419 4.51605415 0.40000001
v 31.55154419 4.51605415 0.40000001
v 31.48904419 4.45355415 0.40000001
v 31.55154419 4.45355415 0.40000001
v 31.17654419 4.76605415 0.40000001
v 31.30154419 4.76605415 0.40000001
v 31.23904419 4.70355415 0.40000001
v 31.55154419 4.76605415 0.40000001
v 31.42654419 4.76605415 0.40000001
v 31.55154419 4.70355415 0.40000001
v 31.36404419 4.57855415 0.40000001
v 31.36404419 4.70355415 0.40000001
v 31.30154419 4.64105415 0.40000001
v 31.42654419 4.57855415 0.40000001
v 31.30154419 4.70355415 0.40000001
v 31.55154419 4.57855415 0.40000001
v 31.42654419 4.70355415 0.40000001
v 31.55154419 4.64105415 0.40000001
v 31.48904419 4.57855415 0.40000001
v 31.48904419 4.70355415 0.40000001
v 31.42654419 4.64105415 0.40000001
v 31.61404419 4.76605415 0.89999998
v 31.11404419 4.76605415 0.89999998
v 31.36404419 4.76605415 0.64999999
v 31.61404419 4.76605415 0.64999999
v 31.36404419 4.76605415 0.89999998
v 31.11404419 4.76605415 0.64999999
v 31.48904419 4.76605415 0.77499998
v 31.23904419 4.76605415 0.52500000
v 31.61404419 4.76605415 0.77499998
v 31.61404419 4.76605415 0.52500000
v 31.48904419 4.76605415 0.64999999
v 31.36404419 4.76605415 0.52500000
v 31.48904419 4.76605415 0.52500000
v 31.48904419 4.76605415 0.89999998
v 31.23904419 4.76605415 0.89999998
v 31.36404419 4.76605415 0.77499998
v 31.11404419 4.76605415 0.52500000
v 31.11404419 4.76605415 0.77499998
v 31.23904419 4.76605415 0.64999999
v 31.23904419 4.76605415 0.77499998
v 31.55154419 4.76605415 0.83749998
v 31.42654419 4.76605415 0.71249999
v 31.17654419 4.76605415 0.46250000
v 31.30154419 4.76605415 0.58749999
v 31.61404419 4.76605415 0.83749998
v 31.61404419 4.76605415 0.71249999
v 31.55154419 4.76605415 0.77499998
v 31.61404419 4.76605415 0.46250000
v 31.61404419 4.76605415 0.58749999
v 31.42654419 4.76605415 0.64999999
v 31.55154419 4.76605415 0.64999999
v 31.48904419 4.76605415 0.71249999
v 31.55154419 4.76605415 0.71249999
v 31.23904419 4.76605415 0.46250000
v 31.55154419 4.76605415 0.46250000
v 31.36404419 4.76605415 0.58749999
v 31.36404419 4.76605415 0.46250000
v 31.30154419 4.76605415 0.52500000
v 31.42654419 4.76605415 0.58749999
v 31.30154419 4.76605415 0.46250000
v 31.55154419 4.76605415 0.58749999
v 31.42654419 4.76605415 0.46250000
v 31.55154419 4.76605415 0.52500000
v 31.48904419 4.76605415 0.58749999
v 31.48904419 4.76605415 0.46250000
v 31.42654419 4.76605415 0.52500000
v 31.55154419 4.76605415 0.89999998
v 31.42654419 4.76605415 0.89999998
v 31.48904419 4.76605415 0.83749998
v 31.17654419 4.76605415 0.89999998
v 31.30154419 4.76605415 0.89999998
v 31.36404419 4.76605415 0.71249999
v 31.36404419 4.76605415 0.83749998
v 31.42654419 4.76605415 0.77499998
v 31.42654419 4.76605415 0.83749998
v 31.11404419 4.76605415 0.46250000
v 31.11404419 4.76605415 0.58749999
v 31.17654419 4.76605415 0.52500000
v 31.11404419 4.76605415 0.83749998
v 31.11404419 4.76605415 0.71249999
v 31.17654419 4.76605415 0.83749998
v 31.30154419 4.76605415 0.64999999
v 31.17654419 4.76605415 0.64999999
v 31.23904419 4.76605415 0.58749999
v 31.30154419 4.76605415 0.71249999
v 31.17654419 4.76605415 0.58749999
v 31.30154419 4.76605415 0.83749998
v 31.17654419 4.76605415 0.71249999
v 31.23904419 4.76605415 0.83749998
v 31.30154419 4.76605415 0.77499998
v 31.17654419 4.76605415 0.77499998
v 31.23904419 4.76605415 0.71249999
v 33.73708725 1.42703605 0.40000001
v 33.23708725 1.92703605 0.40000001
v 33.23708725 1.42703605 0.40000001
v 33.73708725 1.92703605 0.40000001
v 33.48708725 1.67703605 0.40000001
v 33.48708725 1.42703605 0.40000001
v 33.23708725 1.67703605 0.40000001
v 33.73708725 1.67703605 0.40000001
v 33.48708725 1.92703605 0.40000001
v 33.61208725 1.55203605 0.40000001
v 33.36208725 1.80203605 0.40000001
v 33.61208725 1.42703605 0.40000001
v 33.36208725 1.42703605 0.40000001
v 33.48708725 1.55203605 0.40000001
v 33.23708725 1.80203605 0.40000001
v 33.23708725 1.55203605 0.40000001
v 33.36208725 1.67703605 0.40000001
v 33.36208725 1.55203605 0.40000001
v 33.73708725 1.55203605 0.40000001
v 33.73708725 1.80203605 0.40000001
v 33.61208725 1.67703605 0.40000001
v 33.36208725 1.92703605 0.40000001
v 33.61208725 1.92703605 0.40000001
v 33.48708725 1.80203605 0.40000001
v 33.61208725 1.80203605 0.40000001
v 33.67458725 1.48953605 0.40000001
v 33.54958725 1.61453605 0.40000001
v 33.29958725 1.86453605 0.40000001
v 33.42458725 1.73953605 0.40000001
v 33.67458725 1.42703605 0.40000001
v 33.54958725 1.42703605 0.40000001
v 33.61208725 1.48953605 0.40000001
v 33.29958725 1.42703605 0.40000001
v 33.42458725 1.42703605 0.40000001
v 33.48708725 1.61453605 0.40000001
v 33.48708725 1.48953605 0.40000001
v 33.54958725 1.55203605 0.40000001
v 33.54958725 1.48953605 0.40000001
v 33.23708725 1.86453605 0.40000001
v 33.23708725 1.73953605 0.40000001
v 33.29958725 1.80203605 0.40000001
v 33.23708725 1.48953605 0.40000001
v 33.23708725 1.61453605 0.40000001
v 33.29958725 1.48953605 0.40000001
v 33.42458725 1.67703605 0.40000001
v 33.29958725 1.67703605 0.40000001
v 33.36208725 1.73953605 0.40000001
v 33.42458725 1.61453605 0.40000001
v 33.29958725 1.73953605 0.40000001
v 33.42458725 1.48953605 0.40000001
v 33.29958725 1.61453605 0.40000001
v 33.36208725 1.48953605 0.40000001
v 33.42458725 1.55203605 0.40000001
v 33.29958725 1.55203605 0.40000001
v 33.36208725 1.61453605 0.40000001
v 33.73708725 1.48953605 0.40000001
v 33.73708725 1.61453605 0.40000001
v 33.67458725 1.55203605 0.40000001
v 33.73708725 1.86453605 0.40000001
v 33.73708725 1.73953605 0.40000001
v 33.54958725 1.67703605 0.40000001
v 33.67458725 1.67703605 0.40000001
v 33.61208725 1.61453605 0.40000001
v 33.67458725 1.61453605 0.40000001
v 33.29958725 1.92703605 0.40000001
v 33.42458725 1.92703605 0.40000001
v 33.36208725 1.86453605 0.40000001
v 33.67458725 1.92703605 0.40000001
v 33.54958725 1.92703605 0.40000001
v 33.67458725 1.86453605 0.40000001
v 33.48708725 1.73953605 0.40000001
v 33.48708725 1.86453605 0.40000001
v 33.42458725 1.80203605 0.40000001
v 33.54958725 1.73953605 0.40000001
v 33.42458725 1.86453605 0.40000001
v 33.67458725 1.73953605 0.40000001
v 33.54958725 1.86453605 0.40000001
v 33.67458725 1.80203605 0.40000001
v 33.61208725 1.73953605 0.40000001
v 33.61208725 1.86453605 0.40000001
v 33.54958725 1.80203605 0.40000001
v 33.23708725 1.42703605 0.89999998
v 33.73708725 1.42703605 0.89999998
v 33.48708725 1.42703605 0.64999999
v 33.23708725 1.42703605 0.64999999
v 33.48708725 1.42703605 0.89999998
v 33.73708725 1.42703605 0.64999999
v 33.36208725 1.42703605 0.77499998
v 33.61208725 1.42703605 0.52500000
v 33.23708725 1.42703605 0.77499998
v 33.23708725 1.42703605 0.52500000
v 33.36208725 1.42703605 0.64999999
v 33.48708725 1.42703605 0.52500000
v 33.36208725 1.42703605 0.52500000
v 33.36208725 1.42703605 0.89999998
v 33.61208725 1.42703605 0.89999998
v 33.48708725 1.42703605 0.77499998
v 33.73708725 1.42703605 0.52500000
v 33.73708725 1.42703605 0.77499998
v 33.61208725 1.42703605 0.64999999
v 33.61208725 1.42703605 0.77499998
v 33.29958725 1.42703605 0.83749998
v 33.42458725 1.42703605 0.71249999
v 33.67458725 1.42703605 0.46250000
v 33.54958725 1.42703605 0.58749999
v 33.23708725 1.42703605 0.83749998
v 33.23708725 1.42703605 0.71249999
v 33.29958725 1.42703605 0.77499998
v 33.23708725 1.42703605 0.46250000
v 33.23708725 1.42703605 0.58749999
v 33.42458725 1.42703605 0.64999999
v 33.29958725 1.42703605 0.64999999
v 33.36208725 1.42703605 0.71249999
v 33.29958725 1.42703605 0.71249999
v 33.61208725 1.42703605 0.46250000
v 33.29958725 1.42703605 0.46250000
v 33.48708725 1.42703605 0.58749999
v 33.48708725 1.42703605 0.46250000
v 33.54958725 1.42703605 0.52500000
v 33.42458725 1.42703605 0.58749999
v 33.54958725 1.42703605 0.46250000
v 33.29958725 1.42703605 0.58749999
v 33.42458725 1.42703605 0.46250000
v 33.29958725 1.42703605 0.52500000
v 33.36208725 1.42703605 0.58749999
v 33.36208725 1.42703605 0.46250000
v 33.42458725 1.42703605 0.52500000
v 33.29958725 1.42703605 0.89999998
v 33.42458725 1.42703605 0.89999998
v 33.36208725 1.42703605 0.83749998
v 33.67458725 1.42703605 0.89999998
v 33.54958725 1.42703605 0.89999998
v 33.48708725 1.42703605 0.71249999
v 33.48708725 1.42703605 0.83749998
v 33.42458725 1.42703605 0.77499998
v 33.42458725 1.42703605 0.83749998
v 33.73708725 1.42703605 0.46250000
v 33.73708725 1.42703605 0.58749999
v 33.67458725 1.42703605 0.52500000
v 33.73708725 1.42703605 0.83749998
v 33.73708725 1.42703605 0.71249999
v 33.67458725 1.42703605 0.83749998
v 33.54958725 1.42703605 0.64999999
v 33.67458725 1.42703605 0.64999999
v 33.61208725 1.42703605 0.58749999
v 33.54958725 1.42703605 0.71249999
v 33.67458725 1.42703605 0.58749999
v 33.54958725 1.42703605 0.83749998
v 33.67458725 1.42703605 0.71249999
v 33.61208725 1.42703605 0.83749998
v 33.54958725 1.42703605 0.77499998
v 33.67458725 1.42703605 0.77499998
v 33.61208725 1.42703605 0.71249999
v 31.56477737 1.40903604 0.40000001
v 31.06477737 1.90903604 0.40000001
v 31.06477737 1.40903604 0.40000001
v 31.56477737 1.90903604 0.40000001
v 31.31477737 1.65903604 0.40000001
v 31.31477737 1.40903604 0.40000001
v 31.06477737 1.65903604 0.40000001
v 31.56477737 1.65903604 0.40000001
v 31.31477737 1.90903604 0.40000001
v 31.43977737 1.53403604 0.40000001
v 31.18977737 1.78403604 0.40000001
v 31.43977737 1.40903604 0.40000001
v 31.18977737 1.40903604 0.40000001
v 31.31477737 1.53403604 0.40000001
v 31.06477737 1.78403604 0.40000001
v 31.06477737 1.53403604 0.40000001
v 31.18977737 1.65903604 0.40000001
v 31.18977737 1.53403604 0.40000001
v 31.56477737 1.53403604 0.40000001
v 31.56477737 1.78403604 0.40000001
v 31.43977737 1.65903604 0.40000001
v 31.18977737 1.90903604 0.40000001
v 31.43977737 1.90903604 0.40000001
v 31.31477737 1.78403604 0.40000001
v 31.43977737 1.78403604 0.40000001
v 31.50227737 1.47153604 0.40000001
v 31.37727737 1.59653604 0.40000001
v 31.12727737 1.84653604 0.40000001
v 31.25227737 1.72153604 0.40000001
v 31.50227737 1.40903604 0.40000001
v 31.37727737 1.40903604 0.40000001
v 31.43977737 1.47153604 0.40000001
v 31.12727737 1.40903604 0.40000001
v 31.25227737 1.40903604 0.40000001
v 31.31477737 1.59653604 0.40000001
v 31.31477737 1.47153604 0.40000001
v 31.37727737 1.53403604 0.40000001
v 31.37727737 1.47153604 0.40000001
v 31.06477737 1.84653604 0.40000001
v 31.06477737 1.72153604 0.40000001
v 31.12727737 1.78403604 0.40000001
v 31.06477737 1.47153604 0.40000001
v 31.06477737 1.59653604 0.40000001
v 31.12727737 1.47153604 0.40000001
v 31.25227737 1.65903604 0.40000001
v 31.12727737 1.65903604 0.40000001
v 31.18977737 1.72153604 0.40000001
v 31.25227737 1.59653604 0.40000001
v 31.12727737 1.72153604 0.40000001
v 31.25227737 1.47153604 0.40000001
v 31.12727737 1.59653604 0.40000001
v 31.18977737 1.47153604 0.40000001
v 31.25227737 1.53403604 0.40000001
v 31.12727737 1.53403604 0.40000001
v 31.18977737 1.59653604 0.40000001
v 31.56477737 1.47153604 0.40000001
v 31.56477737 1.59653604 0.40000001
v 31.50227737 1.53403604 0.40000001
v 31.56477737 1.84653604 0.40000001
v 31.56477737 1.72153604 0.40000001
v 31.37727737 1.65903604 0.40000001
v 31.50227737 1.65903604 0.40000001
v 31.43977737 1.59653604 0.40000001
v 31.50227737 1.59653604 0.40000001
v 31.12727737 1.90903604 0.40000001
v 31.25227737 1.90903604 0.40000001
v 31.18977737 1.84653604 0.40000001
v 31.50227737 1.90903604 0.40000001
v 31.37727737 1.90903604 0.40000001
v 31.50227737 1.84653604 0.40000001
v 31.31477737 1.72153604 0.40000001
v 31.31477737 1.84653604 0.40000001
v 31.25227737 1.78403604 0.40000001
v 31.37727737 1.72153604 0.40000001
v 31.25227737 1.84653604 0.40000001
v 31.50227737 1.72153604 0.40000001
v 31.37727737 1.84653604 0.40000001
v 31.50227737 1.78403604 0.40000001
v 31.43977737 1.72153604 0.40000001
v 31.43977737 1.84653604 0.40000001
v 31.37727737 1.78403604 0.40000001
v 31.06477737 1.40903604 0.89999998
v 31.56477737 1.40903604 0.89999998
v 31.31477737 1.40903604 0.64999999
v 31.06477737 1.40903604 0.64999999
v 31.31477737 1.40903604 0.89999998
v 31.56477737 1.40903604 0.64999999
v 31.18977737 1.40903604 0.77499998
v 31.43977737 1.40903604 0.52500000
v 31.06477737 1.40903604 0.77499998
v 31.06477737 1.40903604 0.52500000
v 31.18977737 1.40903604 0.64999999
v 31.31477737 1.40903604 0.52500000
v 31.18977737 1.40903604 0.52500000
v 31.18977737 1.40903604 0.89999998
v 31.43977737 1.40903604 0.89999998
v 31.31477737 1.40903604 0.77499998
v 31.56477737 1.40903604 0.52500000
v 31.56477737 1.40903604 0.77499998
v 31.43977737 1.40903604 0.64999999
v 31.43977737 1.40903604 0.77499998
v 31.12727737 1.40903604 0.83749998
v 31.25227737 1.40903604 0.71249999
v 31.50227737 1.40903604 0.46250000
v 31.37727737 1.40903604 0.58749999
v 31.06477737 1.40903604 0.83749998
v 31.06477737 1.40903604 0.71249999
v 31.12727737 1.40903604 0.77499998
v 31.06477737 1.40903604 0.46250000
v 31.06477737 1.40903604 0.58749999
v 31.25227737 1.40903604 0.64999999
v 31.12727737 1.40903604 0.64999999
v 31.18977737 1.40903604 0.71249999
v 31.12727737 1.40903604 0.71249999
v 31.43977737 1.40903604 0.46250000
v 31.12727737 1.40903604 0.46250000
v 31.31477737 1.40903604 0.58749999
v 31.31477737 1.40903604 0.46250000
v 31.37727737 1.40903604 0.52500000
v 31.25227737 1.40903604 0.58749999
v 31.37727737 1.40903604 0.46250000
v 31.12727737 1.40903604 0.58749999
v 31.25227737 1.40903604 0.46250000
v 31.12727737 1.40903604 0.52500000
v 31.18977737 1.40903604 0.58749999
v 31.18977737 1.40903604 0.46250000
v 31.25227737 1.40903604 0.52500000
v 31.12727737 1.40903604 0.89999998
v 31.25227737 1.40903604 0.89999998
v 31.18977737 1.40903604 0.83749998
v 31.50227737 1.40903604 0.89999998
v 31.37727737 1.40903604 0.89999998
v 31.31477737 1.40903604 0.71249999
v 31.31477737 1.40903604 0.83749998
v 31.25227737 1.40903604 0.77499998
v 31.25227737 1.40903604 0.83749998
v 31.56477737 1.40903604 0.46250000
v 31.56477737 1.40903604 0.58749999
v 31.50227737 1.40903604 0.52500000
v 31.56477737 1.40903604 0.83749998
v 31.56477737 1.40903604 0.71249999
v 31.50227737 1.40903604 0.83749998
v 31.37727737 1.40903604 0.64999999
v 31.50227737 1.40903604 0.64999999
v 31.43977737 1.40903604 0.58749999
v 31.37727737 1.40903604 0.71249999
v 31.50227737 1.40903604 0.58749999
v 31.37727737 1.40903604 0.83749998
v 31.50227737 1.40903604 0.71249999
v 31.43977737 1.40903604 0.83749998
v 31.37727737 1.40903604 0.77499998
v 31.50227737 1.40903604 0.77499998
v 31.43977737 1.40903604 0.71249999
v 32.24974442 4.26953363 0.40000001
v 31.74974632 4.76953363 0.40000001
v 31.74974632 4.26953363 0.40000001
v 32.24974442 4.76953363 0.40000001
v 31.99974537 4.51953363 0.40000001
v 31.99974537 4.26953363 0.40000001
v 31.74974632 4.51953363 0.40000001
v 32.24974442 4.51953363 0.40000001
v 31.99974537 4.76953363 0.40000001
v 32.12474489 4.39453363 0.40000001
v 31.87474585 4.64453363 0.40000001
v 32.12474489 4.26953363 0.40000001
v 31.87474585 4.26953363 0.40000001
v 31.99974537 4.39453363 0.40000001
v 31.74974632 4.64453363 0.40000001
v 31.74974632 4.39453363 0.40000001
v 31.87474585 4.51953363 0.40000001
v 31.87474585 4.39453363 0.40000001
v 32.24974442 4.39453363 0.40000001
v 32.24974442 4.64453363 0.40000001
v 32.12474489 4.51953363 0.40000001
v 31.87474585 4.76953363 0.40000001
v 32.12474489 4.76953363 0.40000001
v 31.99974537 4.64453363 0.40000001
v 32.12474489 4.64453363 0.40000001
v 32.18724465 4.33203363 0.40000001
v 32.06224513 4.45703363 0.40000001
v 31.81224608 4.70703363 0.40000001
v 31.93724561 4.58203363 0.40000001
v 32.18724465 4.26953363 0.40000001
v 32.06224513 4.26953363 0.40000001
v 32.12474489 4.33203363 0.40000001
v 31.81224608 4.26953363 0.40000001
v 31.93724561 4.26953363 0.40000001
v 31.99974537 4.45703363 0.40000001
v 31.99974537 4.33203363 0.40000001
v 32.06224513 4.39453363 0.40000001
v 32.06224513 4.33203363 0.40000001
v 31.74974632 4.70703363 0.40000001
v 31.74974632 4.58203363 0.40000001
v 31.81224608 4.64453363 0.40000001
v 31.74974632 4.33203363 0.40000001
v 31.74974632 4.45703363 0.40000001
v 31.81224608 4.33203363 0.40000001
v 31.93724561 4.51953363 0.40000001
v 31.81224608 4.51953363 0.40000001
v 31.87474585 4.58203363 0.40000001
v 31.93724561 4.45703363 0.40000001
v 31.81224608 4.58203363 0.40000001
v 31.93724561 4.33203363 0.40000001
v 31.81224608 4.45703363 0.40000001
v 31.87474585 4.33203363 0.40000001
v 31.93724561 4.39453363 0.40000001
v 31.81224608 4.39453363 0.40000001
v 31.87474585 4.45703363 0.40000001
v 32.24974442 4.33203363 0.40000001
v 32.24974442 4.45703363 0.40000001
v 32.18724465 4.39453363 0.40000001
v 32.24974442 4.70703363 0.40000001
v 32.24974442 4.58203363 0.40000001
v 32.06224513 4.51953363 0.40000001
v 32.18724465 4.51953363 0.40000001
v 32.12474489 4.45703363 0.40000001
v 32.18724465 4.45703363 0.40000001
v 31.81224608 4.76953363 0.40000001
v 31.93724561 4.76953363 0.40000001
v 31.87474585 4.70703363 0.40000001
v 32.18724465 4.76953363 0.40000001
v 32.06224513 4.76953363 0.40000001
v 32.18724465 4.70703363 0.40000001
v 31.99974537 4.58203363 0.40000001
v 31.99974537 4.70703363 0.40000001
v 31.93724561 4.64453363 0.40000001
v 32.06224513 4.58203363 0.40000001
v 31.93724561 4.70703363 0.40000001
v 32.18724465 4.58203363 0.40000001
v 32.06224513 4.70703363 0.40000001
v 32.18724465 4.64453363 0.40000001
v 32.12474489 4.58203363 0.40000001
v 32.12474489 4.70703363 0.40000001
v 32.06224513 4.64453363 0.40000001
v 32.24974442 4.76953363 0.89999998
v 31.74974632 4.76953363 0.89999998
v 31.99974537 4.76953363 0.64999999
v 32.24974442 4.76953363 0.64999999
v 31.99974537 4.76953363 0.89999998
v 31.74974632 4.76953363 0.64999999
v 32.12474489 4.76953363 0.77499998
v 31.87474585 4.76953363 0.52500000
v 32.24974442 4.76953363 0.77499998
v 32.24974442 4.76953363 0.52500000
v 32.12474489 4.76953363 0.64999999
v 31.99974537 4.76953363 0.52500000
v 32.12474489 4.76953363 0.52500000
v 32.12474489 4.76953363 0.89999998
v 31.87474585 4.76953363 0.89999998
v 31.99974537 4.76953363 0.77499998
v 31.74974632 4.76953363 0.52500000
v 31.74974632 4.76953363 0.77499998
v 31.87474585 4.76953363 0.64999999
v 31.87474585 4.76953363 0.77499998
v 32.18724465 4.76953363 0.83749998
v 32.06224513 4.76953363 0.71249999
v 31.81224608 4.76953363 0.46250000
v 31.93724561 4.76953363 0.58749999
v 32.24974442 4.76953363 0.83749998
v 32.24974442 4.76953363 0.71249999
v 32.18724465 4.76953363 0.77499998
v 32.24974442 4.76953363 0.46250000
v 32.24974442 4.76953363 0.58749999
v 32.06224513 4.76953363 0.64999999
v 32.18724465 4.76953363 0.64999999
v 32.12474489 4.76953363 0.71249999
v 32.18724465 4.76953363 0.71249999
v 31.87474585 4.76953363 0.46250000
v 32.18724465 4.76953363 0.46250000
v 31.99974537 4.76953363 0.58749999
v 31.99974537 4.76953363 0.46250000
v 31.93724561 4.76953363 0.52500000
v 32.06224513 4.76953363 0.58749999
v 31.93724561 4.76953363 0.46250000
v 32.18724465 4.76953363 0.58749999
v 32.06224513 4.76953363 0.46250000
v 32.18724465 4.76953363 0.52500000
v 32.12474489 4.76953363 0.58749999
v 32.12474489 4.76953363 0.46250000
v 32.06224513 4.76953363 0.52500000
v 32.18724465 4.76953363 0.89999998
v 32.06224513 4.76953363 0.89999998
v 32.12474489 4.76953363 0.83749998
v 31.81224608 4.76953363 0.89999998
v 31.93724561 4.76953363 0.89999998
v 31.99974537 4.76953363 0.71249999
v 31.99974537 4.76953363 0.83749998
v 32.06224513 4.76953363 0.77499998
v 32.06224513 4.76953363 0.83749998
v 31.74974632 4.76953363 0.46250000
v 31.74974632 4.76953363 0.58749999
v 31.81224608 4.76953363 0.52500000
v 31.74974632 4.76953363 0.83749998
v 31.74974632 4.76953363 0.71249999
v 31.81224608 4.76953363 0.83749998
v 31.93724561 4.76953363 0.64999999
v 31.81224608 4.76953363 0.64999999
v 31.87474585 4.76953363 0.58749999
v 31.93724561 4.76953363 0.71249999
v 31.81224608 4.76953363 0.58749999
v 31.93724561 4.76953363 0.83749998
v 31.81224608 4.76953363 0.71249999
v 31.87474585 4.76953363 0.83749998
v 31.93724561 4.76953363 0.77499998
v 31.81224608 4.76953363 0.77499998
v 31.87474585 4.76953363 0.71249999
v 34.42744064 3.39001513 0.40000001
v 33.92744064 3.89001513 0.40000001
v 33.92744064 3.39001513 0.40000001
v 34.42744064 3.89001513 0.40000001
v 34.17744064 3.64001513 0.40000001
v 34.17744064 3.39001513 0.40000001
v 33.92744064 3.64001513 0.40000001
v 34.42744064 3.64001513 0.40000001
v 34.17744064 3.89001513 0.40000001
v 34.30244064 3.51501513 0.40000001
v 34.05244064 3.76501513 0.40000001
v 34.30244064 3.39001513 0.40000001
v 34.05244064 3.39001513 0.40000001
v 34.17744064 3.51501513 0.40000001
v 33.92744064 3.76501513 0.40000001
v 33.92744064 3.51501513 0.40000001
v 34.05244064 3.64001513 0.40000001
v 34.05244064 3.51501513 0.40000001
v 34.42744064 3.51501513 0.40000001
v 34.42744064 3.76501513 0.40000001
v 34.30244064 3.64001513 0.40000001
v 34.05244064 3.89001513 0.40000001
v 34.30244064 3.89001513 0.40000001
v 34.17744064 3.76501513 0.40000001
v 34.30244064 3.76501513 0.40000001
v 34.36494064 3.45251513 0.40000001
v 34.23994064 3.57751513 0.40000001
v 33.98994064 3.82751513 0.40000001
v 34.11494064 3.70251513 0.40000001
v 34.36494064 3.39001513 0.40000001
v 34.23994064 3.39001513 0.40000001
v 34.30244064 3.45251513 0.40000001
v 33.98994064 3.39001513 0.40000001
v 34.11494064 3.39001513 0.40000001
v 34.17744064 3.57751513 0.40000001
v 34.17744064 3.45251513 0.40000001
v 34.23994064 3.51501513 0.40000001
v 34.23994064 3.45251513 0.40000001
v 33.92744064 3.82751513 0.40000001
v 33.92744064 3.70251513 0.40000001
v 33.98994064 3.76501513 0.40000001
v 33.92744064 3.45251513 0.40000001
v 33.92744064 3.57751513 0.40000001
v 33.98994064 3.45251513 0.40000001
v 34.11494064 3.64001513 0.40000001
v 33.98994064 3.64001513 0.40000001
v 34.05244064 3.70251513 0.40000001
v 34.11494064 3.57751513 0.40000001
v 33.98994064 3.70251513 0.40000001
v 34.11494064 3.45251513 0.40000001
v 33.98994064 3.57751513 0.40000001
v 34.05244064 3.45251513 0.40000001
v 34.11494064 3.51501513 0.40000001
v 33.98994064 3.51501513 0.40000001
v 34.05244064 3.57751513 0.40000001
v 34.42744064 3.45251513 0.40000001
v 34.42744064 3.57751513 0.40000001
v 34.36494064 3.51501513 0.40000001
v 34.42744064 3.82751513 0.40000001
v 34.42744064 3.70251513 0.40000001
v 34.23994064 3.64001513 0.40000001
v 34.36494064 3.64001513 0.40000001
v 34.30244064 3.57751513 0.40000001
v 34.36494064 3.57751513 0.40000001
v 33.98994064 3.89001513 0.40000001
v 34.11494064 3.89001513 0.40000001
v 34.05244064 3.82751513 0.40000001
v 34.36494064 3.89001513 0.40000001
v 34.23994064 3.89001513 0.40000001
v 34.36494064 3.82751513 0.40000001
v 34.17744064 3.70251513 0.40000001
v 34.17744064 3.82751513 0.40000001
v 34.11494064 3.76501513 0.40000001
v 34.23994064 3.70251513 0.40000001
v 34.11494064 3.82751513 0.40000001
v 34.36494064 3.70251513 0.40000001
v 34.23994064 3.82751513 0.40000001
v 34.36494064 3.76501513 0.40000001
v 34.30244064 3.70251513 0.40000001
v 34.30244064 3.82751513 0.40000001
v 34.23994064 3.76501513 0.40000001
v 34.42744064 3.89001513 0.89999998
v 34.42744064 3.39001513 0.89999998
v 34.42744064 3.64001513 0.64999999
v 34.42744064 3.64001513 0.89999998
v 34.42744064 3.39001513 0.64999999
v 34.42744064 3.89001513 0.64999999
v 34.42744064 3.76501513 0.77499998
v 34.42744064 3.51501513 0.52500000
v 34.42744064 3.76501513 0.89999998
v 34.42744064 3.51501513 0.89999998
v 34.42744064 3.64001513 0.77499998
v 34.42744064 3.39001513 0.52500000
v 34.42744064 3.39001513 0.77499998
v 34.42744064 3.51501513 0.64999999
v 34.42744064 3.51501513 0.77499998
v 34.42744064 3.89001513 0.77499998
v 34.42744064 3.89001513 0.52500000
v 34.42744064 3.76501513 0.64999999
v 34.42744064 3.64001513 0.52500000
v 34.42744064 3.76501513 0.52500000
v 34.42744064 3.82751513 0.83749998
v 34.42744064 3.70251513 0.71249999
v 34.42744064 3.45251513 0.46250000
v 34.42744064 3.57751513 0.58749999
v 34.42744064 3.82751513 0.89999998
v 34.42744064 3.70251513 0.89999998
v 34.42744064 3.76501513 0.83749998
v 34.42744064 3.45251513 0.89999998
v 34.42744064 3.57751513 0.89999998
v 34.42744064 3.64001513 0.71249999
v 34.42744064 3.64001513 0.83749998
v 34.42744064 3.70251513 0.77499998
v 34.42744064 3.70251513 0.83749998
v 34.42744064 3.39001513 0.46250000
v 34.42744064 3.39001513 0.58749999
v 34.42744064 3.45251513 0.52500000
v 34.42744064 3.39001513 0.83749998
v 34.42744064 3.39001513 0.71249999
v 34.42744064 3.45251513 0.83749998
v 34.42744064 3.57751513 0.64999999
v 34.42744064 3.45251513 0.64999999
v 34.42744064 3.51501513 0.58749999
v 34.42744064 3.57751513 0.71249999
v 34.42744064 3.45251513 0.58749999
v 34.42744064 3.57751513 0.83749998
v 34.42744064 3.45251513 0.71249999
v 34.42744064 3.51501513 0.83749998
v 34.42744064 3.57751513 0.77499998
v 34.42744064 3.45251513 0.77499998
v 34.42744064 3.51501513 0.71249999
v 34.42744064 3.89001513 0.83749998
v 34.42744064 3.89001513 0.71249999
v 34.42744064 3.82751513 0.77499998
v 34.42744064 3.89001513 0.46250000
v 34.42744064 3.89001513 0.58749999
v 34.42744064 3.70251513 0.64999999
v 34.42744064 3.82751513 0.64999999
v 34.42744064 3.76501513 0.71249999
v 34.42744064 3.82751513 0.71249999
v 34.42744064 3.51501513 0.46250000
v 34.42744064 3.82751513 0.46250000
v 34.42744064 3.64001513 0.58749999
v 34.42744064 3.64001513 0.46250000
v 34.42744064 3.57751513 0.52500000
v 34.42744064 3.70251513 0.58749999
v 34.42744064 3.57751513 0.46250000
v 34.42744064 3.82751513 0.58749999
v 34.42744064 3.70251513 0.46250000
v 34.42744064 3.82751513 0.52500000
v 34.42744064 3.76501513 0.58749999
v 34.42744064 3.76501513 0.46250000
v 34.42744064 3.70251513 0.52500000
v 33.21768570 4.26511192 0.40000001
v 33.71768570 4.76511192 0.40000001
v 33.21768570 4.76511192 0.40000001
v 33.71768570 4.26511192 0.40000001
v 33.46768570 4.51511192 0.40000001
v 33.21768570 4.51511192 0.40000001
v 33.46768570 4.76511192 0.40000001
v 33.46768570 4.26511192 0.40000001
v 33.71768570 4.51511192 0.40000001
v 33.34268570 4.39011192 0.40000001
v 33.59268570 4.64011192 0.40000001
v 33.21768570 4.39011192 0.40000001
v 33.21768570 4.64011192 0.40000001
v 33.34268570 4.51511192 0.40000001
v 33.59268570 4.76511192 0.40000001
v 33.34268570 4.76511192 0.40000001
v 33.46768570 4.64011192 0.40000001
v 33.34268570 4.64011192 0.40000001
v 33.34268570 4.26511192 0.40000001
v 33.59268570 4.26511192 0.40000001
v 33.46768570 4.39011192 0.40000001
v 33.71768570 4.64011192 0.40000001
v 33.71768570 4.39011192 0.40000001
v 33.59268570 4.51511192 0.40000001
v 33.59268570 4.39011192 0.40000001
v 33.28018570 4.32761192 0.40000001
v 33.40518570 4.45261192 0.40000001
v 33.65518570 4.70261192 0.40000001
v 33.53018570 4.57761192 0.40000001
v 33.21768570 4.32761192 0.40000001
v 33.21768570 4.45261192 0.40000001
v 33.28018570 4.39011192 0.40000001
v 33.21768570 4.70261192 0.40000001
v 33.21768570 4.57761192 0.40000001
v 33.40518570 4.51511192 0.40000001
v 33.28018570 4.51511192 0.40000001
v 33.34268570 4.45261192 0.40000001
v 33.28018570 4.45261192 0.40000001
v 33.65518570 4.76511192 0.40000001
v 33.53018570 4.76511192 0.40000001
v 33.59268570 4.70261192 0.40000001
v 33.28018570 4.76511192 0.40000001
v 33.40518570 4.76511192 0.40000001
v 33.28018570 4.70261192 0.40000001
v 33.46768570 4.57761192 0.40000001
v 33.46768570 4.70261192 0.40000001
v 33.53018570 4.64011192 0.40000001
v 33.40518570 4.57761192 0.40000001
v 33.53018570 4.70261192 0.40000001
v 33.28018570 4.57761192 0.40000001
v 33.40518570 4.70261192 0.40000001
v 33.28018570 4.64011192 0.40000001
v 33.34268570 4.57761192 0.40000001
v 33.34268570 4.70261192 0.40000001
v 33.40518570 4.64011192 0.40000001
v 33.28018570 4.26511192 0.40000001
v 33.40518570 4.26511192 0.40000001
v 33.34268570 4.32761192 0.40000001
v 33.65518570 4.26511192 0.40000001
v 33.53018570 4.26511192 0.40000001
v 33.46768570 4.45261192 0.40000001
v 33.46768570 4.32761192 0.40000001
v 33.40518570 4.39011192 0.40000001
v 33.40518570 4.32761192 0.40000001
v 33.71768570 4.70261192 0.40000001
v 33.71768570 4.57761192 0.40000001
v 33.65518570 4.64011192 0.40000001
v 33.71768570 4.32761192 0.40000001
v 33.71768570 4.45261192 0.40000001
v 33.65518570 4.32761192 0.40000001
v 33.53018570 4.51511192 0.40000001
v 33.65518570 4.51511192 0.40000001
v 33.59268570 4.57761192 0.40000001
v 33.53018570 4.45261192 0.40000001
v 33.65518570 4.57761192 0.40000001
v 33.53018570 4.32761192 0.40000001
v 33.65518570 4.45261192 0.40000001
v 33.59268570 4.32761192 0.40000001
v 33.53018570 4.39011192 0.40000001
v 33.65518570 4.39011192 0.40000001
v 33.59268570 4.45261192 0.40000001
v 33.71768570 4.76511192 0.89999998
v 33.21768570 4.76511192 0.89999998
v 33.46768570 4.76511192 0.64999999
v 33.71768570 4.76511192 0.64999999
v 33.46768570 4.76511192 0.89999998
v 33.21768570 4.76511192 0.64999999
v 33.59268570 4.76511192 0.77499998
v 33.34268570 4.76511192 0.52500000
v 33.71768570 4.76511192 0.77499998
v 33.71768570 4.76511192 0.52500000
v 33.59268570 4.76511192 0.64999999
v 33.46768570 4.76511192 0.52500000
v 33.59268570 4.76511192 0.52500000
v 33.59268570 4.76511192 0.89999998
v 33.34268570 4.76511192 0.89999998
v 33.46768570 4.76511192 0.77499998
v 33.21768570 4.76511192 0.52500000
v 33.21768570 4.76511192 0.77499998
v 33.34268570 4.76511192 0.64999999
v 33.34268570 4.76511192 0.77499998
v 33.65518570 4.76511192 0.83749998
v 33.53018570 4.76511192 0.71249999
v 33.28018570 4.76511192 0.46250000
v 33.40518570 4.76511192 0.58749999
v 33.71768570 4.76511192 0.83749998
v 33.71768570 4.76511192 0.71249999
v 33.65518570 4.76511192 0.77499998
v 33.71768570 4.76511192 0.46250000
v 33.71768570 4.76511192 0.58749999
v 33.53018570 4.76511192 0.64999999
v 33.65518570 4.76511192 0.64999999
v 33.59268570 4.76511192 0.71249999
v 33.65518570 4.76511192 0.71249999
v 33.34268570 4.76511192 0.46250000
v 33.65518570 4.76511192 0.46250000
v 33.46768570 4.76511192 0.58749999
v 33.46768570 4.76511192 0.46250000
v 33.40518570 4.76511192 0.52500000
v 33.53018570 4.76511192 0.58749999
v 33.40518570 4.76511192 0.46250000
v 33.65518570 4.76511192 0.58749999
v 33.53018570 4.76511192 0.46250000
v 33.65518570 4.76511192 0.52500000
v 33.59268570 4.76511192 0.58749999
v 33.59268570 4.76511192 0.46250000
v 33.53018570 4.76511192 0.52500000
v 33.65518570 4.76511192 0.89999998
v 33.53018570 4.76511192 0.89999998
v 33.59268570 4.76511192 0.83749998
v 33.28018570 4.76511192 0.89999998
v 33.40518570 4.76511192 0.89999998
v 33.46768570 4.76511192 0.71249999
v 33.46768570 4.76511192 0.83749998
v 33.53018570 4.76511192 0.77499998
v 33.53018570 4.76511192 0.83749998
v 33.21768570 4.76511192 0.46250000
v 33.21768570 4.76511192 0.58749999
v 33.28018570 4.76511192 0.52500000
v 33.21768570 4.76511192 0.83749998
v 33.21768570 4.76511192 0.71249999
v 33.28018570 4.76511192 0.83749998
v 33.40518570 4.76511192 0.64999999
v 33.28018570 4.76511192 0.64999999
v 33.34268570 4.76511192 0.58749999
v 33.40518570 4.76511192 0.71249999
v 33.28018570 4.76511192 0.58749999
v 33.40518570 4.76511192 0.83749998
v 33.28018570 4.76511192 0.71249999
v 33.34268570 4.76511192 0.83749998
v 33.40518570 4.76511192 0.77499998
v 33.28018570 4.76511192 0.77499998
v 33.34268570 4.76511192 0.71249999
v 32.26691818 1.40480876 0.40000001
v 31.76691818 1.90480876 0.40000001
v 31.76691818 1.40480876 0.40000001
v 32.26691818 1.90480876 0.40000001
v 32.01691818 1.65480876 0.40000001
v 32.01691818 1.40480876 0.40000001
v 31.76691818 1.65480876 0.40000001
v 32.26691818 1.65480876 0.40000001
v 32.01691818 1.90480876 0.40000001
v 32.14191818 1.52980876 0.40000001
v 31.89191818 1.77980876 0.40000001
v 32.14191818 1.40480876 0.40000001
v 31.89191818 1.40480876 0.40000001
v 32.01691818 1.52980876 0.40000001
v 31.76691818 1.77980876 0.40000001
v 31.76691818 1.52980876 0.40000001
v 31.89191818 1.65480876 0.40000001
v 31.89191818 1.52980876 0.40000001
v 32.26691818 1.52980876 0.40000001
v 32.26691818 1.77980876 0.40000001
v 32.14191818 1.65480876 0.40000001
v 31.89191818 1.90480876 0.40000001
v 32.14191818 1.90480876 0.40000001
v 32.01691818 1.77980876 0.40000001
v 32.14191818 1.77980876 0.40000001
v 32.20441818 1.46730876 0.40000001
v 32.07941818 1.59230876 0.40000001
v 31.82941818 1.84230876 0.40000001
v 31.95441818 1.71730876 0.40000001
v 32.20441818 1.40480876 0.40000001
v 32.07941818 1.40480876 0.40000001
v 32.14191818 1.46730876 0.40000001
v 31.82941818 1.40480876 0.40000001
v 31.95441818 1.40480876 0.40000001
v 32.01691818 1.59230876 0.40000001
v 32.01691818 1.46730876 0.40000001
v 32.07941818 1.52980876 0.40000001
v 32.07941818 1.46730876 0.40000001
v 31.76691818 1.84230876 0.40000001
v 31.76691818 1.71730876 0.40000001
v 31.82941818 1.77980876 0.40000001
v 31.76691818 1.46730876 0.40000001
v 31.76691818 1.59230876 0.40000001
v 31.82941818 1.46730876 0.40000001
v 31.95441818 1.65480876 0.40000001
v 31.82941818 1.65480876 0.40000001
v 31.89191818 1.71730876 0.40000001
v 31.95441818 1.59230876 0.40000001
v 31.82941818 1.71730876 0.40000001
v 31.95441818 1.46730876 0.40000001
v 31.82941818 1.59230876 0.40000001
v 31.89191818 1.46730876 0.40000001
v 31.95441818 1.52980876 0.40000001
v 31.82941818 1.52980876 0.40000001
v 31.89191818 1.59230876 0.40000001
v 32.26691818 1.46730876 0.40000001
v 32.26691818 1.59230876 0.40000001
v 32.20441818 1.52980876 0.40000001
v 32.26691818 1.84230876 0.40000001
v 32.26691818 1.71730876 0.40000001
v 32.07941818 1.65480876 0.40000001
v 32.20441818 1.65480876 0.40000001
v 32.14191818 1.59230876 0.40000001
v 32.20441818 1.59230876 0.40000001
v 31.82941818 1.90480876 0.40000001
v 31.95441818 1.90480876 0.40000001
v 31.89191818 1.84230876 0.40000001
v 32.20441818 1.90480876 0.40000001
v 32.07941818 1.90480876 0.40000001
v 32.20441818 1.84230876 0.40000001
v 32.01691818 1.71730876 0.40000001
v 32.01691818 1.84230876 0.40000001
v 31.95441818 1.77980876 0.40000001
v 32.07941818 1.71730876 0.40000001
v 31.95441818 1.84230876 0.40000001
v 32.20441818 1.71730876 0.40000001
v 32.07941818 1.84230876 0.40000001
v 32.20441818 1.77980876 0.40000001
v 32.14191818 1.71730876 0.40000001
v 32.14191818 1.84230876 0.40000001
v 32.07941818 1.77980876 0.40000001
v 31.76691818 1.40480876 0.89999998
v 32.26691818 1.40480876 0.89999998
v 32.01691818 1.40480876 0.64999999
v 31.76691818 1.40480876 0.64999999
v 32.01691818 1.40480876 0.89999998
v 32.26691818 1.40480876 0.64999999
v 31.89191818 1.40480876 0.77499998
v 32.14191818 1.40480876 0.52500000
v 31.76691818 1.40480876 0.77499998
v 31.76691818 1.40480876 0.52500000
v 31.89191818 1.40480876 0.64999999
v 32.01691818 1.40480876 0.52500000
v 31.89191818 1.40480876 0.52500000
v 31.89191818 1.40480876 0.89999998
v 32.14191818 1.40480876 0.89999998
v 32.01691818 1.40480876 0.77499998
v 32.26691818 1.40480876 0.52500000
v 32.26691818 1.40480876 0.77499998
v 32.14191818 1.40480876 0.64999999
v 32.14191818 1.40480876 0.77499998
v 31.82941818 1.40480876 0.83749998
v 31.95441818 1.40480876 0.71249999
v 32.20441818 1.40480876 0.46250000
v 32.07941818 1.40480876 0.58749999
v 31.76691818 1.40480876 0.83749998
v 31.76691818 1.40480876 0.71249999
v 31.82941818 1.40480876 0.77499998
v 31.76691818 1.40480876 0.46250000
v 31.76691818 1.40480876 0.58749999
v 31.95441818 1.40480876 0.64999999
v 31.82941818 1.40480876 0.64999999
v 31.89191818 1.40480876 0.71249999
v 31.82941818 1.40480876 0.71249999
v 32.14191818 1.40480876 0.46250000
v 31.82941818 1.40480876 0.46250000
v 32.01691818 1.40480876 0.58749999
v 32.01691818 1.40480876 0.46250000
v 32.07941818 1.40480876 0.52500000
v 31.95441818 1.40480876 0.58749999
v 32.07941818 1.40480876 0.46250000
v 31.82941818 1.40480876 0.58749999
v 31.95441818 1.40480876 0.46250000
v 31.82941818 1.40480876 0.52500000
v 31.89191818 1.40480876 0.58749999
v 31.89191818 1.40480876 0.46250000
v 31.95441818 1.40480876 0.52500000
v 31.82941818 1.40480876 0.89999998
v 31.95441818 1.40480876 0.89999998
v 31.89191818 1.40480876 0.83749998
v 32.20441818 1.40480876 0.89999998
v 32.07941818 1.40480876 0.89999998
v 32.01691818 1.40480876 0.71249999
v 32.01691818 1.40480876 0.83749998
v 31.95441818 1.40480876 0.77499998
v 31.95441818 1.40480876 0.83749998
v 32.26691818 1.40480876 0.46250000
v 32.26691818 1.40480876 0.58749999
v 32.20441818 1.40480876 0.52500000
v 32.26691818 1.40480876 0.83749998
v 32.26691818 1.40480876 0.71249999
v 32.20441818 1.40480876 0.83749998
v 32.07941818 1.40480876 0.64999999
v 32.20441818 1.40480876 0.64999999
v 32.14191818 1.40480876 0.58749999
v 32.07941818 1.40480876 0.71249999
v 32.20441818 1.40480876 0.58749999
v 32.07941818 1.40480876 0.83749998
v 32.20441818 1.40480876 0.71249999
v 32.14191818 1.40480876 0.83749998
v 32.07941818 1.40480876 0.77499998
v 32.20441818 1.40480876 0.77499998
v 32.14191818 1.40480876 0.71249999
v 32.97927856 1.40009117 0.40000001
v 32.47927856 1.90009117 0.40000001
v 32.47927856 1.40009117 0.40000001
v 32.97927856 1.90009117 0.40000001
v 32.72927856 1.65009117 0.40000001
v 32.72927856 1.40009117 0.40000001
v 32.47927856 1.65009117 0.40000001
v 32.97927856 1.65009117 0.40000001
v 32.72927856 1.90009117 0.40000001
v 32.85427856 1.52509117 0.40000001
v 32.60427856 1.77509117 0.40000001
v 32.85427856 1.40009117 0.40000001
v 32.60427856 1.40009117 0.40000001
v 32.72927856 1.52509117 0.40000001
v 32.47927856 1.77509117 0.40000001
v 32.47927856 1.52509117 0.40000001
v 32.60427856 1.65009117 0.40000001
v 32.60427856 1.52509117 0.40000001
v 32.97927856 1.52509117 0.40000001
v 32.97927856 1.77509117 0.40000001
v 32.85427856 1.65009117 0.40000001
v 32.60427856 1.90009117 0.40000001
v 32.85427856 1.90009117 0.40000001
v 32.72927856 1.77509117 0.40000001
v 32.85427856 1.77509117 0.40000001
v 32.91677856 1.46259117 0.40000001
v 32.79177856 1.58759117 0.40000001
v 32.54177856 1.83759117 0.40000001
v 32.66677856 1.71259117 0.40000001
v 32.91677856 1.40009117 0.40000001
v 32.79177856 1.40009117 0.40000001
v 32.85427856 1.46259117 0.40000001
v 32.54177856 1.40009117 0.40000001
v 32.66677856 1.40009117 0.40000001
v 32.72927856 1.58759117 0.40000001
v 32.72927856 1.46259117 0.40000001
v 32.79177856 1.52509117 0.40000001
v 32.79177856 1.46259117 0.40000001
v 32.47927856 1.83759117 0.40000001
v 32.47927856 1.71259117 0.40000001
v 32.54177856 1.77509117 0.40000001
v 32.47927856 1.46259117 0.40000001
v 32.47927856 1.58759117 0.40000001
v 32.54177856 1.46259117 0.40000001
v 32.66677856 1.65009117 0.40000001
v 32.54177856 1.65009117 0.40000001
v 32.60427856 1.71259117 0.40000001
v 32.66677856 1.58759117 0.40000001
v 32.54177856 1.71259117 0.40000001
v 32.66677856 1.46259117 0.40000001
v 32.54177856 1.58759117 0.40000001
v 32.60427856 1.46259117 0.40000001
v 32.66677856 1.52509117 0.40000001
v 32.54177856 1.52509117 0.40000001
v 32.60427856 1.58759117 0.40000001
v 32.97927856 1.46259117 0.40000001
v 32.97927856 1.58759117 0.40000001
v 32.91677856 1.52509117 0.40000001
v 32.97927856 1.83759117 0.40000001
v 32.97927856 1.71259117 0.40000001
v 32.79177856 1.65009117 0.40000001
v 32.91677856 1.65009117 0.40000001
v 32.85427856 1.58759117 0.40000001
v 32.91677856 1.58759117 0.40000001
v 32.54177856 1.90009117 0.40000001
v 32.66677856 1.90009117 0.40000001
v 32.60427856 1.83759117 0.40000001
v 32.91677856 1.90009117 0.40000001
v 32.79177856 1.90009117 0.40000001
v 32.91677856 1.83759117 0.40000001
v 32.72927856 1.71259117 0.40000001
v 32.72927856 1.83759117 0.40000001
v 32.66677856 1.77509117 0.40000001
v 32.79177856 1.71259117 0.40000001
v 32.66677856 1.83759117 0.40000001
v 32.91677856 1.71259117 0.40000001
v 32.79177856 1.83759117 0.40000001
v 32.91677856 1.77509117 0.40000001
v 32.85427856 1.71259117 0.40000001
v 32.85427856 1.83759117 0.40000001
v 32.79177856 1.77509117 0.40000001
v 32.47927856 1.40009117 0.89999998
v 32.97927856 1.40009117 0.89999998
v 32.72927856 1.40009117 0.64999999
v 32.47927856 1.40009117 0.64999999
v 32.72927856 1.40009117 0.89999998
v 32.97927856 1.40009117 0.64999999
v 32.60427856 1.40009117 0.77499998
v 32.85427856 1.40009117 0.52500000
v 32.47927856 1.40009117 0.77499998
v 32.47927856 1.40009117 0.52500000
v 32.60427856 1.40009117 0.64999999
v 32.72927856 1.40009117 0.52500000
v 32.60427856 1.40009117 0.52500000
v 32.60427856 1.40009117 0.89999998
v 32.85427856 1.40009117 0.89999998
v 32.72927856 1.40009117 0.77499998
v 32.97927856 1.40009117 0.52500000
v 32.97927856 1.40009117 0.77499998
v 32.85427856 1.40009117 0.64999999
v 32.85427856 1.40009117 0.77499998
v 32.54177856 1.40009117 0.83749998
v 32.66677856 1.40009117 0.71249999
v 32.91677856 1.40009117 0.46250000
v 32.79177856 1.40009117 0.58749999
v 32.47927856 1.40009117 0.83749998
v 32.47927856 1.40009117 0.71249999
v 32.54177856 1.40009117 0.77499998
v 32.47927856 1.40009117 0.46250000
v 32.47927856 1.40009117 0.58749999
v 32.66677856 1.40009117 0.64999999
v 32.54177856 1.40009117 0.64999999
v 32.60427856 1.40009117 0.71249999
v 32.54177856 1.40009117 0.71249999
v 32.85427856 1.40009117 0.46250000
v 32.54177856 1.40009117 0.46250000
v 32.72927856 1.40009117 0.58749999
v 32.72927856 1.40009117 0.46250000
v 32.79177856 1.40009117 0.52500000
v 32.66677856 1.40009117 0.58749999
v 32.79177856 1.40009117 0.46250000
v 32.54177856 1.40009117 0.58749999
v 32.66677856 1.40009117 0.46250000
v 32.54177856 1.40009117 0.52500000
v 32.60427856 1.40009117 0.58749999
v 32.60427856 1.40009117 0.46250000
v 32.66677856 1.40009117 0.52500000
v 32.54177856 1.40009117 0.89999998
v 32.66677856 1.40009117 0.89999998
v 32.60427856 1.40009117 0.83749998
v 32.91677856 1.40009117 0.89999998
v 32.79177856 1.40009117 0.89999998
v 32.72927856 1.40009117 0.71249999
v 32.72927856 1.40009117 0.83749998
v 32.66677856 1.40009117 0.77499998
v 32.66677856 1.40009117 0.83749998
v 32.97927856 1.40009117 0.46250000
v 32.97927856 1.40009117 0.58749999
v 32.91677856 1.40009117 0.52500000
v 32.97927856 1.40009117 0.83749998
v 32.97927856 1.40009117 0.71249999
v 32.91677856 1.40009117 0.83749998
v 32.79177856 1.40009117 0.64999999
v 32.91677856 1.40009117 0.64999999
v 32.85427856 1.40009117 0.58749999
v 32.79177856 1.40009117 0.71249999
v 32.91677856 1.40009117 0.58749999
v 32.79177856 1.40009117 0.83749998
v 32.91677856 1.40009117 0.71249999
v 32.85427856 1.40009117 0.83749998
v 32.79177856 1.40009117 0.77499998
v 32.91677856 1.40009117 0.77499998
v 32.85427856 1.40009117 0.71249999
v 30.85845566 2.33310962 0.40000001
v 30.35845566 2.83310962 0.40000001
v 30.35845566 2.33310962 0.40000001
v 30.85845566 2.83310962 0.40000001
v 30.60845566 2.58310962 0.40000001
v 30.60845566 2.33310962 0.40000001
v 30.35845566 2.58310962 0.40000001
v 30.85845566 2.58310962 0.40000001
v 30.60845566 2.83310962 0.40000001
v 30.73345566 2.45810962 0.40000001
v 30.48345566 2.70810962 0.40000001
v 30.73345566 2.33310962 0.40000001
v 30.48345566 2.33310962 0.40000001
v 30.60845566 2.45810962 0.40000001
v 30.35845566 2.70810962 0.40000001
v 30.35845566 2.45810962 0.40000001
v 30.48345566 2.58310962 0.40000001
v 30.48345566 2.45810962 0.40000001
v 30.85845566 2.45810962 0.40000001
v 30.85845566 2.70810962 0.40000001
v 30.73345566 2.58310962 0.40000001
v 30.48345566 2.83310962 0.40000001
v 30.73345566 2.83310962 0.40000001
v 30.60845566 2.70810962 0.40000001
v 30.73345566 2.70810962 0.40000001
v 30.79595566 2.39560962 0.40000001
v 30.67095566 2.52060962 0.40000001
v 30.42095566 2.77060962 0.40000001
v 30.54595566 2.64560962 0.40000001
v 30.79595566 2.33310962 0.40000001
v 30.67095566 2.33310962 0.40000001
v 30.73345566 2.39560962 0.40000001
v 30.42095566 2.33310962 0.40000001
v 30.54595566 2.33310962 0.40000001
v 30.60845566 2.52060962 0.40000001
v 30.60845566 2.39560962 0.40000001
v 30.67095566 2.45810962 0.40000001
v 30.67095566 2.39560962 0.40000001
v 30.35845566 2.77060962 0.40000001
v 30.35845566 2.64560962 0.40000001
v 30.42095566 2.70810962 0.40000001
v 30.35845566 2.39560962 0.40000001
v 30.35845566 2.52060962 0.40000001
v 30.42095566 2.39560962 0.40000001
v 30.54595566 2.58310962 0.40000001
v 30.42095566 2.58310962 0.40000001
v 30.48345566 2.64560962 0.40000001
v 30.54595566 2.52060962 0.40000001
v 30.42095566 2.64560962 0.40000001
v 30.54595566 2.39560962 0.40000001
v 30.42095566 2.52060962 0.40000001
v 30.48345566 2.39560962 0.40000001
v 30.54595566 2.45810962 0.40000001
v 30.42095566 2.45810962 0.40000001
v 30.48345566 2.52060962 0.40000001
v 30.85845566 2.39560962 0.40000001
v 30.85845566 2.52060962 0.40000001
v 30.79595566 2.45810962 0.40000001
v 30.85845566 2.77060962 0.40000001
v 30.85845566 2.64560962 0.40000001
v 30.67095566 2.58310962 0.40000001
v 30.79595566 2.58310962 0.40000001
v 30.73345566 2.52060962 0.40000001
v 30.79595566 2.52060962 0.40000001
v 30.42095566 2.83310962 0.40000001
v 30.54595566 2.83310962 0.40000001
v 30.48345566 2.77060962 0.40000001
v 30.79595566 2.83310962 0.40000001
v 30.67095566 2.83310962 0.40000001
v 30.79595566 2.77060962 0.40000001
v 30.60845566 2.64560962 0.40000001
v 30.60845566 2.77060962 0.40000001
v 30.54595566 2.70810962 0.40000001
v 30.67095566 2.64560962 0.40000001
v 30.54595566 2.77060962 0.40000001
v 30.79595566 2.64560962 0.40000001
v 30.67095566 2.77060962 0.40000001
v 30.79595566 2.70810962 0.40000001
v 30.73345566 2.64560962 0.40000001
v 30.73345566 2.77060962 0.40000001
v 30.67095566 2.70810962 0.40000001
v 30.35845566 2.33310962 0.89999998
v 30.35845566 2.83310962 0.89999998
v 30.35845566 2.58310962 0.64999999
v 30.35845566 2.33310962 0.64999999
v 30.35845566 2.83310962 0.64999999
v 30.35845566 2.58310962 0.89999998
v 30.35845566 2.70810962 0.52500000
v 30.35845566 2.45810962 0.77499998
v 30.35845566 2.58310962 0.52500000
v 30.35845566 2.33310962 0.77499998
v 30.35845566 2.33310962 0.52500000
v 30.35845566 2.45810962 0.64999999
v 30.35845566 2.45810962 0.52500000
v 30.35845566 2.83310962 0.52500000
v 30.35845566 2.83310962 0.77499998
v 30.35845566 2.70810962 0.64999999
v 30.35845566 2.45810962 0.89999998
v 30.35845566 2.70810962 0.89999998
v 30.35845566 2.58310962 0.77499998
v 30.35845566 2.70810962 0.77499998
v 30.35845566 2.77060962 0.46250000
v 30.35845566 2.64560962 0.58749999
v 30.35845566 2.39560962 0.83749998
v 30.35845566 2.52060962 0.71249999
v 30.35845566 2.70810962 0.46250000
v 30.35845566 2.58310962 0.58749999
v 30.35845566 2.58310962 0.46250000
v 30.35845566 2.64560962 0.52500000
v 30.35845566 2.64560962 0.46250000
v 30.35845566 2.33310962 0.83749998
v 30.35845566 2.33310962 0.71249999
v 30.35845566 2.39560962 0.77499998
v 30.35845566 2.33310962 0.46250000
v 30.35845566 2.33310962 0.58749999
v 30.35845566 2.39560962 0.46250000
v 30.35845566 2.52060962 0.64999999
v 30.35845566 2.39560962 0.64999999
v 30.35845566 2.45810962 0.71249999
v 30.35845566 2.52060962 0.58749999
v 30.35845566 2.39560962 0.71249999
v 30.35845566 2.52060962 0.46250000
v 30.35845566 2.39560962 0.58749999
v 30.35845566 2.45810962 0.46250000
v 30.35845566 2.52060962 0.52500000
v 30.35845566 2.39560962 0.52500000
v 30.35845566 2.45810962 0.58749999
v 30.35845566 2.83310962 0.46250000
v 30.35845566 2.83310962 0.58749999
v 30.35845566 2.77060962 0.52500000
v 30.35845566 2.83310962 0.83749998
v 30.35845566 2.83310962 0.71249999
v 30.35845566 2.64560962 0.64999999
v 30.35845566 2.77060962 0.64999999
v 30.35845566 2.70810962 0.58749999
v 30.35845566 2.77060962 0.58749999
v 30.35845566 2.39560962 0.89999998
v 30.35845566 2.52060962 0.89999998
v 30.35845566 2.45810962 0.83749998
v 30.35845566 2.77060962 0.89999998
v 30.35845566 2.64560962 0.89999998
v 30.35845566 2.77060962 0.83749998
v 30.35845566 2.58310962 0.71249999
v 30.35845566 2.58310962 0.83749998
v 30.35845566 2.52060962 0.77499998
v 30.35845566 2.64560962 0.71249999
v 30.35845566 2.52060962 0.83749998
v 30.35845566 2.77060962 0.71249999
v 30.35845566 2.64560962 0.83749998
v 30.35845566 2.77060962 0.77499998
v 30.35845566 2.70810962 0.71249999
v 30.35845566 2.70810962 0.83749998
v 30.35845566 2.64560962 0.77499998
v 30.82798576 3.37957430 0.40000001
v 30.32798576 3.87957430 0.40000001
v 30.32798576 3.37957430 0.40000001
v 30.82798576 3.87957430 0.40000001
v 30.57798576 3.62957430 0.40000001
v 30.57798576 3.37957430 0.40000001
v 30.32798576 3.62957430 0.40000001
v 30.82798576 3.62957430 0.40000001
v 30.57798576 3.87957430 0.40000001
v 30.70298576 3.50457430 0.40000001
v 30.45298576 3.75457430 0.40000001
v 30.70298576 3.37957430 0.40000001
v 30.45298576 3.37957430 0.40000001
v 30.57798576 3.50457430 0.40000001
v 30.32798576 3.75457430 0.40000001
v 30.32798576 3.50457430 0.40000001
v 30.45298576 3.62957430 0.40000001
v 30.45298576 3.50457430 0.40000001
v 30.82798576 3.50457430 0.40000001
v 30.82798576 3.75457430 0.40000001
v 30.70298576 3.62957430 0.40000001
v 30.45298576 3.87957430 0.40000001
v 30.70298576 3.87957430 0.40000001
v 30.57798576 3.75457430 0.40000001
v 30.70298576 3.75457430 0.40000001
v 30.76548576 3.44207430 0.40000001
v 30.64048576 3.56707430 0.40000001
v 30.39048576 3.81707430 0.40000001
v 30.51548576 3.69207430 0.40000001
v 30.76548576 3.37957430 0.40000001
v 30.64048576 3.37957430 0.40000001
v 30.70298576 3.44207430 0.40000001
v 30.39048576 3.37957430 0.40000001
v 30.51548576 3.37957430 0.40000001
v 30.57798576 3.56707430 0.40000001
v 30.57798576 3.44207430 0.40000001
v 30.64048576 3.50457430 0.40000001
v 30.64048576 3.44207430 0.40000001
v 30.32798576 3.81707430 0.40000001
v 30.32798576 3.69207430 0.40000001
v 30.39048576 3.75457430 0.40000001
v 30.32798576 3.44207430 0.40000001
v 30.32798576 3.56707430 0.40000001
v 30.39048576 3.44207430 0.40000001
v 30.51548576 3.62957430 0.40000001
v 30.39048576 3.62957430 0.40000001
v 30.45298576 3.69207430 0.40000001
v 30.51548576 3.56707430 0.40000001
v 30.39048576 3.69207430 0.40000001
v 30.51548576 3.44207430 0.40000001
v 30.39048576 3.56707430 0.40000001
v 30.45298576 3.44207430 0.40000001
v 30.51548576 3.50457430 0.40000001
v 30.39048576 3.50457430 0.40000001
v 30.45298576 3.56707430 0.40000001
v 30.82798576 3.44207430 0.40000001
v 30.82798576 3.56707430 0.40000001
v 30.76548576 3.50457430 0.40000001
v 30.82798576 3.81707430 0.40000001
v 30.82798576 3.69207430 0.40000001
v 30.64048576 3.62957430 0.40000001
v 30.76548576 3.62957430 0.40000001
v 30.70298576 3.56707430 0.40000001
v 30.76548576 3.56707430 0.40000001
v 30.39048576 3.87957430 0.40000001
v 30.51548576 3.87957430 0.40000001
v 30.45298576 3.81707430 0.40000001
v 30.76548576 3.87957430 0.40000001
v 30.64048576 3.87957430 0.40000001
v 30.76548576 3.81707430 0.40000001
v 30.57798576 3.69207430 0.40000001
v 30.57798576 3.81707430 0.40000001
v 30.51548576 3.75457430 0.40000001
v 30.64048576 3.69207430 0.40000001
v 30.51548576 3.81707430 0.40000001
v 30.76548576 3.69207430 0.40000001
v 30.64048576 3.81707430 0.40000001
v 30.76548576 3.75457430 0.40000001
v 30.70298576 3.69207430 0.40000001
v 30.70298576 3.81707430 0.40000001
v 30.64048576 3.75457430 0.40000001
v 30.32798576 3.37957430 0.89999998
v 30.32798576 3.87957430 0.89999998
v 30.32798576 3.62957430 0.64999999
v 30.32798576 3.37957430 0.64999999
v 30.32798576 3.87957430 0.64999999
v 30.32798576 3.62957430 0.89999998
v 30.32798576 3.75457430 0.52500000
v 30.32798576 3.50457430 0.77499998
v 30.32798576 3.62957430 0.52500000
v 30.32798576 3.37957430 0.77499998
v 30.32798576 3.37957430 0.52500000
v 30.32798576 3.50457430 0.64999999
v 30.32798576 3.50457430 0.52500000
v 30.32798576 3.87957430 0.52500000
v 30.32798576 3.87957430 0.77499998
v 30.32798576 3.75457430 0.64999999
v 30.32798576 3.50457430 0.89999998
v 30.32798576 3.75457430 0.89999998
v 30.32798576 3.62957430 0.77499998
v 30.32798576 3.75457430 0.77499998
v 30.32798576 3.81707430 0.46250000
v 30.32798576 3.69207430 0.58749999
v 30.32798576 3.44207430 0.83749998
v 30.32798576 3.56707430 0.71249999
v 30.32798576 3.75457430 0.46250000
v 30.32798576 3.62957430 0.58749999
v 30.32798576 3.62957430 0.46250000
v 30.32798576 3.69207430 0.52500000
v 30.32798576 3.69207430 0.46250000
v 30.32798576 3.37957430 0.83749998
v 30.32798576 3.37957430 0.71249999
v 30.32798576 3.44207430 0.77499998
v 30.32798576 3.37957430 0.46250000
v 30.32798576 3.37957430 0.58749999
v 30.32798576 3.44207430 0.46250000
v 30.32798576 3.56707430 0.64999999
v 30.32798576 3.44207430 0.64999999
v 30.32798576 3.50457430 0.71249999
v 30.32798576 3.56707430 0.58749999
v 30.32798576 3.44207430 0.71249999
v 30.32798576 3.56707430 0.46250000
v 30.32798576 3.44207430 0.58749999
v 30.32798576 3.50457430 0.46250000
v 30.32798576 3.56707430 0.52500000
v 30.32798576 3.44207430 0.52500000
v 30.32798576 3.50457430 0.58749999
v 30.32798576 3.87957430 0.46250000
v 30.32798576 3.87957430 0.58749999
v 30.32798576 3.81707430 0.52500000
v 30.32798576 3.87957430 0.83749998
v 30.32798576 3.87957430 0.71249999
v 30.32798576 3.69207430 0.64999999
v 30.32798576 3.81707430 0.64999999
v 30.32798576 3.75457430 0.58749999
v 30.32798576 3.81707430 0.58749999
v 30.32798576 3.44207430 0.89999998
v 30.32798576 3.56707430 0.89999998
v 30.32798576 3.50457430 0.83749998
v 30.32798576 3.81707430 0.89999998
v 30.32798576 3.69207430 0.89999998
v 30.32798576 3.81707430 0.83749998
v 30.32798576 3.62957430 0.71249999
v 30.32798576 3.62957430 0.83749998
v 30.32798576 3.56707430 0.77499998
v 30.32798576 3.69207430 0.71249999
v 30.32798576 3.56707430 0.83749998
v 30.32798576 3.81707430 0.71249999
v 30.32798576 3.69207430 0.83749998
v 30.32798576 3.81707430 0.77499998
v 30.32798576 3.75457430 0.71249999
v 30.32798576 3.75457430 0.83749998
v 30.32798576 3.69207430 0.77499998
f 1 26 30
f 26 10 32
f 30 32 12
f 26 32 30
f 10 27 37
f 27 5 35
f 37 35 14
f 27 35 37
f 12 38 31
f 38 14 36
f 31 36 6
f 38 36 31
f 10 37 32
f 37 14 38
f 32 38 12
f 37 38 32
f 5 29 45
f 29 11 47
f 45 47 17
f 29 47 45
f 11 28 41
f 28 2 39
f 41 39 15
f 28 39 41
f 17 49 46
f 49 15 40
f 46 40 7
f 49 40 46
f 11 41 47
f 41 15 49
f 47 49 17
f 41 49 47
f 6 50 34
f 50 18 52
f 34 52 13
f 50 52 34
f 18 51 54
f 51 7 43
f 54 43 16
f 51 43 54
f 13 44 33
f 44 16 42
f 33 42 3
f 44 42 33
f 18 54 52
f 54 16 44
f 52 44 13
f 54 44 52
f 5 45 35
f 45 17 48
f 35 48 14
f 45 48 35
f 17 46 55
f 46 7 51
f 55 51 18
f 46 51 55
f 14 53 36
f 53 18 50
f 36 50 6
f 53 50 36
f 17 55 48
f 55 18 53
f 48 53 14
f 55 53 48
f 1 30 30
f 30 12 12
f 30 12 12
f 30 12 30
f 12 31 31
f 31 6 6
f 31 6 6
f 31 6 31
f 12 31 31
f 31 6 6
f 31 6 6
f 31 6 31
f 12 31 12
f 31 6 31
f 12 31 12
f 31 31 12
f 6 34 34
f 34 13 13
f 34 13 13
f 34 13 34
f 13 33 33
f 33 3 3
f 33 3 3
f 33 3 33
f 13 33 33
f 33 3 3
f 33 3 3
f 33 3 33
f 13 33 13
f 33 3 33
f 13 33 13
f 33 33 13
f 6 34 34
f 34 13 13
f 34 13 13
f 34 13 34
f 13 33 33
f 33 3 3
f 33 3 3
f 33 3 33
f 13 33 33
f 33 3 3
f 33 3 3
f 33 3 33
f 13 33 13
f 33 3 33
f 13 33 13
f 33 33 13
f 6 34 6
f 34 13 34
f 6 34 6
f 34 34 6
f 13 33 13
f 33 3 33
f 13 33 13
f 33 33 13
f 6 34 6
f 34 13 34
f 6 34 6
f 34 34 6
f 13 13 34
f 13 13 34
f 34 34 6
f 13 34 34
f 4 68 59
f 68 23 70
f 59 70 20
f 68 70 59
f 23 69 80
f 69 9 77
f 80 77 25
f 69 77 80
f 20 78 60
f 78 25 76
f 60 76 8
f 78 76 60
f 23 80 70
f 80 25 78
f 70 78 20
f 80 78 70
f 9 66 72
f 66 22 75
f 72 75 24
f 66 75 72
f 22 65 67
f 65 3 42
f 67 42 16
f 65 42 67
f 24 73 71
f 73 16 43
f 71 43 7
f 73 43 71
f 22 67 75
f 67 16 73
f 75 73 24
f 67 73 75
f 8 62 57
f 62 21 64
f 57 64 19
f 62 64 57
f 21 61 63
f 61 7 40
f 63 40 15
f 61 40 63
f 19 58 56
f 58 15 39
f 56 39 2
f 58 39 56
f 21 63 64
f 63 15 58
f 64 58 19
f 63 58 64
f 9 72 77
f 72 24 81
f 77 81 25
f 72 81 77
f 24 71 74
f 71 7 61
f 74 61 21
f 71 61 74
f 25 79 76
f 79 21 62
f 76 62 8
f 79 62 76
f 24 74 81
f 74 21 79
f 81 79 25
f 74 79 81
f 4 59 59
f 59 20 20
f 59 20 20
f 59 20 59
f 20 60 60
f 60 8 8
f 60 8 8
f 60 8 60
f 20 60 60
f 60 8 8
f 60 8 8
f 60 8 60
f 20 60 20
f 60 8 60
f 20 60 20
f 60 60 20
f 8 57 57
f 57 19 19
f 57 19 19
f 57 19 57
f 19 56 56
f 56 2 2
f 56 2 2
f 56 2 56
f 19 56 56
f 56 2 2
f 56 2 2
f 56 2 56
f 19 56 19
f 56 2 56
f 19 56 19
f 56 56 19
f 8 57 57
f 57 19 19
f 57 19 19
f 57 19 57
f 19 56 56
f 56 2 2
f 56 2 2
f 56 2 56
f 19 56 56
f 56 2 2
f 56 2 2
f 56 2 56
f 19 56 19
f 56 2 56
f 19 56 19
f 56 56 19
f 8 57 8
f 57 19 57
f 8 57 8
f 57 57 8
f 19 56 19
f 56 2 56
f 19 56 19
f 56 56 19
f 8 57 8
f 57 19 57
f 8 57 8
f 57 57 8
f 19 19 57
f 19 19 57
f 57 57 8
f 19 57 57
f 82 107 111
f 107 91 113
f 111 113 93
f 107 113 111
f 91 108 118
f 108 86 116
f 118 116 95
f 108 116 118
f 93 119 112
f 119 95 117
f 112 117 87
f 119 117 112
f 91 118 113
f 118 95 119
f 113 119 93
f 118 119 113
f 86 110 126
f 110 92 128
f 126 128 98
f 110 128 126
f 92 109 122
f 109 83 120
f 122 120 96
f 109 120 122
f 98 130 127
f 130 96 121
f 127 121 88
f 130 121 127
f 92 122 128
f 122 96 130
f 128 130 98
f 122 130 128
f 87 131 115
f 131 99 133
f 115 133 94
f 131 133 115
f 99 132 135
f 132 88 124
f 135 124 97
f 132 124 135
f 94 125 114
f 125 97 123
f 114 123 84
f 125 123 114
f 99 135 133
f 135 97 125
f 133 125 94
f 135 125 133
f 86 126 116
f 126 98 129
f 116 129 95
f 126 129 116
f 98 127 136
f 127 88 132
f 136 132 99
f 127 132 136
f 95 134 117
f 134 99 131
f 117 131 87
f 134 131 117
f 98 136 129
f 136 99 134
f 129 134 95
f 136 134 129
f 82 111 111
f 111 93 93
f 111 93 93
f 111 93 111
f 93 112 112
f 112 87 87
f 112 87 87
f 112 87 112
f 93 112 112
f 112 87 87
f 112 87 87
f 112 87 112
f 93 112 93
f 112 87 112
f 93 112 93
f 112 112 93
f 87 115 115
f 115 94 94
f 115 94 94
f 115 94 115
f 94 114 114
f 114 84 84
f 114 84 84
f 114 84 114
f 94 114 114
f 114 84 84
f 114 84 84
f 114 84 114
f 94 114 94
f 114 84 114
f 94 114 94
f 114 114 94
f 87 115 115
f 115 94 94
f 115 94 94
f 115 94 115
f 94 114 114
f 114 84 84
f 114 84 84
f 114 84 114
f 94 114 114
f 114 84 84
f 114 84 84
f 114 84 114
f 94 114 94
f 114 84 114
f 94 114 94
f 114 114 94
f 87 115 87
f 115 94 115
f 87 115 87
f 115 115 87
f 94 114 94
f 114 84 114
f 94 114 94
f 114 114 94
f 87 115 87
f 115 94 115
f 87 115 87
f 115 115 87
f 94 94 115
f 94 94 115
f 115 115 87
f 94 115 115
f 83 137 120
f 137 100 139
f 120 139 96
f 137 139 120
f 100 138 145
f 138 89 143
f 145 143 102
f 138 143 145
f 96 144 121
f 144 102 142
f 121 142 88
f 144 142 121
f 100 145 139
f 145 102 144
f 139 144 96
f 145 144 139
f 89 141 157
f 141 101 159
f 157 159 106
f 141 159 157
f 101 140 151
f 140 85 149
f 151 149 104
f 140 149 151
f 106 161 158
f 161 104 150
f 158 150 90
f 161 150 158
f 101 151 159
f 151 104 161
f 159 161 106
f 151 161 159
f 88 152 124
f 152 105 154
f 124 154 97
f 152 154 124
f 105 153 156
f 153 90 147
f 156 147 103
f 153 147 156
f 97 148 123
f 148 103 146
f 123 146 84
f 148 146 123
f 105 156 154
f 156 103 148
f 154 148 97
f 156 148 154
f 89 157 143
f 157 106 160
f 143 160 102
f 157 160 143
f 106 158 162
f 158 90 153
f 162 153 105
f 158 153 162
f 102 155 142
f 155 105 152
f 142 152 88
f 155 152 142
f 106 162 160
f 162 105 155
f 160 155 102
f 162 155 160
f 83 120 120
f 120 96 96
f 120 96 96
f 120 96 120
f 96 121 121
f 121 88 88
f 121 88 88
f 121 88 121
f 96 121 121
f 121 88 88
f 121 88 88
f 121 88 121
f 96 121 96
f 121 88 121
f 96 121 96
f 121 121 96
f 88 124 124
f 124 97 97
f 124 97 97
f 124 97 124
f 97 123 123
f 123 84 84
f 123 84 84
f 123 84 123
f 97 123 123
f 123 84 84
f 123 84 84
f 123 84 123
f 97 123 97
f 123 84 123
f 97 123 97
f 123 123 97
f 88 124 124
f 124 97 97
f 124 97 97
f 124 97 124
f 97 123 123
f 123 84 84
f 123 84 84
f 123 84 123
f 97 123 123
f 123 84 84
f 123 84 84
f 123 84 123
f 97 123 97
f 123 84 123
f 97 123 97
f 123 123 97
f 88 124 88
f 124 97 124
f 88 124 88
f 124 124 88
f 97 123 97
f 123 84 123
f 97 123 97
f 123 123 97
f 88 124 88
f 124 97 124
f 88 124 88
f 124 124 88
f 97 97 124
f 97 97 124
f 124 124 88
f 97 124 124
f 163 458 462
f 458 250 464
f 462 464 252
f 458 464 462
f 250 459 469
f 459 191 467
f 469 467 254
f 459 467 469
f 252 470 463
f 470 254 468
f 463 468 192
f 470 468 463
f 250 469 464
f 469 254 470
f 464 470 252
f 469 470 464
f 191 461 477
f 461 251 479
f 477 479 257
f 461 479 477
f 251 460 473
f 460 164 471
f 473 471 255
f 460 471 473
f 257 481 478
f 481 255 472
f 478 472 193
f 481 472 478
f 251 473 479
f 473 255 481
f 479 481 257
f 473 481 479
f 192 482 466
f 482 258 484
f 466 484 253
f 482 484 466
f 258 483 486
f 483 193 475
f 486 475 256
f 483 475 486
f 253 476 465
f 476 256 474
f 465 474 165
f 476 474 465
f 258 486 484
f 486 256 476
f 484 476 253
f 486 476 484
f 191 477 467
f 477 257 480
f 467 480 254
f 477 480 467
f 257 478 487
f 478 193 483
f 487 483 258
f 478 483 487
f 254 485 468
f 485 258 482
f 468 482 192
f 485 482 468
f 257 487 480
f 487 258 485
f 480 485 254
f 487 485 480
f 163 462 462
f 462 252 252
f 462 252 252
f 462 252 462
f 252 463 463
f 463 192 192
f 463 192 192
f 463 192 463
f 252 463 463
f 463 192 192
f 463 192 192
f 463 192 463
f 252 463 252
f 463 192 463
f 252 463 252
f 463 463 252
f 192 466 466
f 466 253 253
f 466 253 253
f 466 253 466
f 253 465 465
f 465 165 165
f 465 165 165
f 465 165 465
f 253 465 465
f 465 165 165
f 465 165 165
f 465 165 465
f 253 465 253
f 465 165 465
f 253 465 253
f 465 465 253
f 192 466 466
f 466 253 253
f 466 253 253
f 466 253 466
f 253 465 465
f 465 165 165
f 465 165 165
f 465 165 465
f 253 465 465
f 465 165 165
f 465 165 165
f 465 165 465
f 253 465 253
f 465 165 465
f 253 465 253
f 465 465 253
f 192 466 192
f 466 253 466
f 192 466 192
f 466 466 192
f 253 465 253
f 465 165 465
f 253 465 253
f 465 465 253
f 192 466 192
f 466 253 466
f 192 466 192
f 466 466 192
f 253 253 466
f 253 253 466
f 466 466 192
f 253 466 466
f 164 488 492
f 488 259 494
f 492 494 261
f 488 494 492
f 259 489 499
f 489 194 497
f 499 497 263
f 489 497 499
f 261 500 493
f 500 263 498
f 493 498 195
f 500 498 493
f 259 499 494
f 499 263 500
f 494 500 261
f 499 500 494
f 194 491 503
f 491 260 505
f 503 505 264
f 491 505 503
f 260 490 501
f 490 82 111
f 501 111 93
f 490 111 501
f 264 507 504
f 507 93 112
f 504 112 87
f 507 112 504
f 260 501 505
f 501 93 507
f 505 507 264
f 501 507 505
f 195 508 496
f 508 265 510
f 496 510 262
f 508 510 496
f 265 509 512
f 509 87 115
f 512 115 94
f 509 115 512
f 262 502 495
f 502 94 114
f 495 114 84
f 502 114 495
f 265 512 510
f 512 94 502
f 510 502 262
f 512 502 510
f 194 503 497
f 503 264 506
f 497 506 263
f 503 506 497
f 264 504 513
f 504 87 509
f 513 509 265
f 504 509 513
f 263 511 498
f 511 265 508
f 498 508 195
f 511 508 498
f 264 513 506
f 513 265 511
f 506 511 263
f 513 511 506
f 164 492 492
f 492 261 261
f 492 261 261
f 492 261 492
f 261 493 493
f 493 195 195
f 493 195 195
f 493 195 493
f 261 493 493
f 493 195 195
f 493 195 195
f 493 195 493
f 261 493 261
f 493 195 493
f 261 493 261
f 493 493 261
f 195 496 496
f 496 262 262
f 496 262 262
f 496 262 496
f 262 495 495
f 495 84 84
f 495 84 84
f 495 84 495
f 262 495 495
f 495 84 84
f 495 84 84
f 495 84 495
f 262 495 262
f 495 84 495
f 262 495 262
f 495 495 262
f 195 496 496
f 496 262 262
f 496 262 262
f 496 262 496
f 262 495 495
f 495 84 84
f 495 84 84
f 495 84 495
f 262 495 495
f 495 84 84
f 495 84 84
f 495 84 495
f 262 495 262
f 495 84 495
f 262 495 262
f 495 495 262
f 195 496 195
f 496 262 496
f 195 496 195
f 496 496 195
f 262 495 262
f 495 84 495
f 262 495 262
f 495 495 262
f 195 496 195
f 496 262 496
f 195 496 195
f 496 496 195
f 262 262 496
f 262 262 496
f 496 496 195
f 262 496 496
f 82 490 523
f 490 260 525
f 523 525 269
f 490 525 523
f 260 491 531
f 491 194 529
f 531 529 271
f 491 529 531
f 269 533 524
f 533 271 530
f 524 530 197
f 533 530 524
f 260 531 525
f 531 271 533
f 525 533 269
f 531 533 525
f 194 489 519
f 489 259 521
f 519 521 268
f 489 521 519
f 259 488 516
f 488 164 514
f 516 514 266
f 488 514 516
f 268 522 520
f 522 266 515
f 520 515 196
f 522 515 520
f 259 516 521
f 516 266 522
f 521 522 268
f 516 522 521
f 197 535 527
f 535 272 538
f 527 538 270
f 535 538 527
f 272 534 536
f 534 196 518
f 536 518 267
f 534 518 536
f 270 528 526
f 528 267 517
f 526 517 3
f 528 517 526
f 272 536 538
f 536 267 528
f 538 528 270
f 536 528 538
f 194 519 529
f 519 268 532
f 529 532 271
f 519 532 529
f 268 520 537
f 520 196 534
f 537 534 272
f 520 534 537
f 271 539 530
f 539 272 535
f 530 535 197
f 539 535 530
f 268 537 532
f 537 272 539
f 532 539 271
f 537 539 532
f 82 523 523
f 523 269 269
f 523 269 269
f 523 269 523
f 269 524 524
f 524 197 197
f 524 197 197
f 524 197 524
f 269 524 524
f 524 197 197
f 524 197 197
f 524 197 524
f 269 524 269
f 524 197 524
f 269 524 269
f 524 524 269
f 197 527 527
f 527 270 270
f 527 270 270
f 527 270 527
f 270 526 526
f 526 3 3
f 526 3 3
f 526 3 526
f 270 526 526
f 526 3 3
f 526 3 3
f 526 3 526
f 270 526 270
f 526 3 526
f 270 526 270
f 526 526 270
f 197 527 527
f 527 270 270
f 527 270 270
f 527 270 527
f 270 526 526
f 526 3 3
f 526 3 3
f 526 3 526
f 270 526 526
f 526 3 3
f 526 3 3
f 526 3 526
f 270 526 270
f 526 3 526
f 270 526 270
f 526 526 270
f 197 527 197
f 527 270 527
f 197 527 197
f 527 527 197
f 270 526 270
f 526 3 526
f 270 526 270
f 526 526 270
f 197 527 197
f 527 270 527
f 197 527 197
f 527 527 197
f 270 270 527
f 270 270 527
f 527 527 197
f 270 527 527
f 3 517 549
f 517 267 551
f 549 551 276
f 517 551 549
f 267 518 557
f 518 196 555
f 557 555 278
f 518 555 557
f 276 559 550
f 559 278 556
f 550 556 199
f 559 556 550
f 267 557 551
f 557 278 559
f 551 559 276
f 557 559 551
f 196 515 545
f 515 266 547
f 545 547 275
f 515 547 545
f 266 514 542
f 514 164 540
f 542 540 273
f 514 540 542
f 275 548 546
f 548 273 541
f 546 541 198
f 548 541 546
f 266 542 547
f 542 273 548
f 547 548 275
f 542 548 547
f 199 561 553
f 561 279 564
f 553 564 277
f 561 564 553
f 279 560 562
f 560 198 544
f 562 544 274
f 560 544 562
f 277 554 552
f 554 274 543
f 552 543 166
f 554 543 552
f 279 562 564
f 562 274 554
f 564 554 277
f 562 554 564
f 196 545 555
f 545 275 558
f 555 558 278
f 545 558 555
f 275 546 563
f 546 198 560
f 563 560 279
f 546 560 563
f 278 565 556
f 565 279 561
f 556 561 199
f 565 561 556
f 275 563 558
f 563 279 565
f 558 565 278
f 563 565 558
f 3 549 549
f 549 276 276
f 549 276 276
f 549 276 549
f 276 550 550
f 550 199 199
f 550 199 199
f 550 199 550
f 276 550 550
f 550 199 199
f 550 199 199
f 550 199 550
f 276 550 276
f 550 199 550
f 276 550 276
f 550 550 276
f 199 553 553
f 553 277 277
f 553 277 277
f 553 277 553
f 277 552 552
f 552 166 166
f 552 166 166
f 552 166 552
f 277 552 552
f 552 166 166
f 552 166 166
f 552 166 552
f 277 552 277
f 552 166 552
f 277 552 277
f 552 552 277
f 199 553 553
f 553 277 277
f 553 277 277
f 553 277 553
f 277 552 552
f 552 166 166
f 552 166 166
f 552 166 552
f 277 552 552
f 552 166 166
f 552 166 166
f 552 166 552
f 277 552 277
f 552 166 552
f 277 552 277
f 552 552 277
f 199 553 199
f 553 277 553
f 199 553 199
f 553 553 199
f 277 552 277
f 552 166 552
f 277 552 277
f 552 552 277
f 199 553 199
f 553 277 553
f 199 553 199
f 553 553 199
f 277 277 553
f 277 277 553
f 553 553 199
f 277 553 553
f 1 30 574
f 30 12 576
f 574 576 282
f 30 576 574
f 12 31 584
f 31 6 582
f 584 582 284
f 31 582 584
f 282 586 575
f 586 284 583
f 575 583 200
f 586 583 575
f 12 584 576
f 584 284 586
f 576 586 282
f 584 586 576
f 6 34 568
f 34 13 570
f 568 570 280
f 34 570 568
f 13 33 566
f 33 3 549
f 566 549 276
f 33 549 566
f 280 569 567
f 569 276 550
f 567 550 199
f 569 550 567
f 13 566 570
f 566 276 569
f 570 569 280
f 566 569 570
f 200 578 572
f 578 283 581
f 572 581 281
f 578 581 572
f 283 577 579
f 577 199 553
f 579 553 277
f 577 553 579
f 281 573 571
f 573 277 552
f 571 552 166
f 573 552 571
f 283 579 581
f 579 277 573
f 581 573 281
f 579 573 581
f 6 568 582
f 568 280 585
f 582 585 284
f 568 585 582
f 280 567 580
f 567 199 577
f 580 577 283
f 567 577 580
f 284 587 583
f 587 283 578
f 583 578 200
f 587 578 583
f 280 580 585
f 580 283 587
f 585 587 284
f 580 587 585
f 1 574 574
f 574 282 282
f 574 282 282
f 574 282 574
f 282 575 575
f 575 200 200
f 575 200 200
f 575 200 575
f 282 575 575
f 575 200 200
f 575 200 200
f 575 200 575
f 282 575 282
f 575 200 575
f 282 575 282
f 575 575 282
f 200 572 572
f 572 281 281
f 572 281 281
f 572 281 572
f 281 571 571
f 571 166 166
f 571 166 166
f 571 166 571
f 281 571 571
f 571 166 166
f 571 166 166
f 571 166 571
f 281 571 281
f 571 166 571
f 281 571 281
f 571 571 281
f 200 572 572
f 572 281 281
f 572 281 281
f 572 281 572
f 281 571 571
f 571 166 166
f 571 166 166
f 571 166 571
f 281 571 571
f 571 166 166
f 571 166 166
f 571 166 571
f 281 571 281
f 571 166 571
f 281 571 281
f 571 571 281
f 200 572 200
f 572 281 572
f 200 572 200
f 572 572 200
f 281 571 281
f 571 166 571
f 281 571 281
f 571 571 281
f 200 572 200
f 572 281 572
f 200 572 200
f 572 572 200
f 281 281 572
f 281 281 572
f 572 572 200
f 281 572 572
f 166 543 619
f 543 274 621
f 619 621 293
f 543 621 619
f 274 544 627
f 544 198 625
f 627 625 295
f 544 625 627
f 293 629 620
f 629 295 626
f 620 626 203
f 629 626 620
f 274 627 621
f 627 295 629
f 621 629 293
f 627 629 621
f 198 541 609
f 541 273 611
f 609 611 291
f 541 611 609
f 273 540 600
f 540 164 597
f 600 597 288
f 540 597 600
f 291 612 610
f 612 288 598
f 610 598 202
f 612 598 610
f 273 600 611
f 600 288 612
f 611 612 291
f 600 612 611
f 203 631 623
f 631 296 634
f 623 634 294
f 631 634 623
f 296 630 632
f 630 202 602
f 632 602 289
f 630 602 632
f 294 624 622
f 624 289 601
f 622 601 167
f 624 601 622
f 296 632 634
f 632 289 624
f 634 624 294
f 632 624 634
f 198 609 625
f 609 291 628
f 625 628 295
f 609 628 625
f 291 610 633
f 610 202 630
f 633 630 296
f 610 630 633
f 295 635 626
f 635 296 631
f 626 631 203
f 635 631 626
f 291 633 628
f 633 296 635
f 628 635 295
f 633 635 628
f 166 619 619
f 619 293 293
f 619 293 293
f 619 293 619
f 293 620 620
f 620 203 203
f 620 203 203
f 620 203 620
f 293 620 620
f 620 203 203
f 620 203 203
f 620 203 620
f 293 620 293
f 620 203 620
f 293 620 293
f 620 620 293
f 203 623 623
f 623 294 294
f 623 294 294
f 623 294 623
f 294 622 622
f 622 167 167
f 622 167 167
f 622 167 622
f 294 622 622
f 622 167 167
f 622 167 167
f 622 167 622
f 294 622 294
f 622 167 622
f 294 622 294
f 622 622 294
f 203 623 623
f 623 294 294
f 623 294 294
f 623 294 623
f 294 622 622
f 622 167 167
f 622 167 167
f 622 167 622
f 294 622 622
f 622 167 167
f 622 167 167
f 622 167 622
f 294 622 294
f 622 167 622
f 294 622 294
f 622 622 294
f 203 623 203
f 623 294 623
f 203 623 203
f 623 623 203
f 294 622 294
f 622 167 622
f 294 622 294
f 622 622 294
f 203 623 203
f 623 294 623
f 203 623 203
f 623 623 203
f 294 294 623
f 294 294 623
f 623 623 203
f 294 623 623
f 168 638 671
f 638 298 673
f 671 673 307
f 638 673 671
f 298 639 679
f 639 204 677
f 679 677 309
f 639 677 679
f 307 681 672
f 681 309 678
f 672 678 207
f 681 678 672
f 298 679 673
f 679 309 681
f 673 681 307
f 679 681 673
f 204 637 650
f 637 297 652
f 650 652 302
f 637 652 650
f 297 636 643
f 636 166 640
f 643 640 299
f 636 640 643
f 302 653 651
f 653 299 641
f 651 641 205
f 653 641 651
f 297 643 652
f 643 299 653
f 652 653 302
f 643 653 652
f 207 683 675
f 683 310 686
f 675 686 308
f 683 686 675
f 310 682 684
f 682 205 645
f 684 645 300
f 682 645 684
f 308 676 674
f 676 300 644
f 674 644 169
f 676 644 674
f 310 684 686
f 684 300 676
f 686 676 308
f 684 676 686
f 204 650 677
f 650 302 680
f 677 680 309
f 650 680 677
f 302 651 685
f 651 205 682
f 685 682 310
f 651 682 685
f 309 687 678
f 687 310 683
f 678 683 207
f 687 683 678
f 302 685 680
f 685 310 687
f 680 687 309
f 685 687 680
f 168 671 671
f 671 307 307
f 671 307 307
f 671 307 671
f 307 672 672
f 672 207 207
f 672 207 207
f 672 207 672
f 307 672 672
f 672 207 207
f 672 207 207
f 672 207 672
f 307 672 307
f 672 207 672
f 307 672 307
f 672 672 307
f 207 675 675
f 675 308 308
f 675 308 308
f 675 308 675
f 308 674 674
f 674 169 169
f 674 169 169
f 674 169 674
f 308 674 674
f 674 169 169
f 674 169 169
f 674 169 674
f 308 674 308
f 674 169 674
f 308 674 308
f 674 674 308
f 207 675 675
f 675 308 308
f 675 308 308
f 675 308 675
f 308 674 674
f 674 169 169
f 674 169 169
f 674 169 674
f 308 674 674
f 674 169 169
f 674 169 169
f 674 169 674
f 308 674 308
f 674 169 674
f 308 674 308
f 674 674 308
f 207 675 207
f 675 308 675
f 207 675 207
f 675 675 207
f 308 674 308
f 674 169 674
f 308 674 308
f 674 674 308
f 207 675 207
f 675 308 675
f 207 675 207
f 675 675 207
f 308 308 675
f 308 308 675
f 675 675 207
f 308 675 675
f 167 601 591
f 601 289 603
f 591 603 286
f 601 603 591
f 289 602 617
f 602 202 614
f 617 614 292
f 602 614 617
f 286 615 592
f 615 292 613
f 592 613 201
f 615 613 592
f 289 617 603
f 617 292 615
f 603 615 286
f 617 615 603
f 202 598 605
f 598 288 608
f 605 608 290
f 598 608 605
f 288 597 599
f 597 164 460
f 599 460 251
f 597 460 599
f 290 606 604
f 606 251 461
f 604 461 191
f 606 461 604
f 288 599 608
f 599 251 606
f 608 606 290
f 599 606 608
f 201 594 589
f 594 287 596
f 589 596 285
f 594 596 589
f 287 593 595
f 593 191 459
f 595 459 250
f 593 459 595
f 285 590 588
f 590 250 458
f 588 458 163
f 590 458 588
f 287 595 596
f 595 250 590
f 596 590 285
f 595 590 596
f 202 605 614
f 605 290 618
f 614 618 292
f 605 618 614
f 290 604 607
f 604 191 593
f 607 593 287
f 604 593 607
f 292 616 613
f 616 287 594
f 613 594 201
f 616 594 613
f 290 607 618
f 607 287 616
f 618 616 292
f 607 616 618
f 167 591 591
f 591 286 286
f 591 286 286
f 591 286 591
f 286 592 592
f 592 201 201
f 592 201 201
f 592 201 592
f 286 592 592
f 592 201 201
f 592 201 201
f 592 201 592
f 286 592 286
f 592 201 592
f 286 592 286
f 592 592 286
f 201 589 589
f 589 285 285
f 589 285 285
f 589 285 589
f 285 588 588
f 588 163 163
f 588 163 163
f 588 163 588
f 285 588 588
f 588 163 163
f 588 163 163
f 588 163 588
f 285 588 285
f 588 163 588
f 285 588 285
f 588 588 285
f 201 589 589
f 589 285 285
f 589 285 285
f 589 285 589
f 285 588 588
f 588 163 163
f 588 163 163
f 588 163 588
f 285 588 588
f 588 163 163
f 588 163 163
f 588 163 588
f 285 588 285
f 588 163 588
f 285 588 285
f 588 588 285
f 201 589 201
f 589 285 589
f 201 589 201
f 589 589 201
f 285 588 285
f 588 163 588
f 285 588 285
f 588 588 285
f 201 589 201
f 589 285 589
f 201 589 201
f 589 589 201
f 285 285 589
f 285 285 589
f 589 589 201
f 285 589 589
f 169 644 657
f 644 300 659
f 657 659 304
f 644 659 657
f 300 645 667
f 645 205 665
f 667 665 306
f 645 665 667
f 304 669 658
f 669 306 666
f 658 666 206
f 669 666 658
f 300 667 659
f 667 306 669
f 659 669 304
f 667 669 659
f 205 641 647
f 641 299 649
f 647 649 301
f 641 649 647
f 299 640 642
f 640 166 619
f 642 619 293
f 640 619 642
f 301 648 646
f 648 293 620
f 646 620 203
f 648 620 646
f 299 642 649
f 642 293 648
f 649 648 301
f 642 648 649
f 206 661 655
f 661 305 664
f 655 664 303
f 661 664 655
f 305 660 662
f 660 203 623
f 662 623 294
f 660 623 662
f 303 656 654
f 656 294 622
f 654 622 167
f 656 622 654
f 305 662 664
f 662 294 656
f 664 656 303
f 662 656 664
f 205 647 665
f 647 301 668
f 665 668 306
f 647 668 665
f 301 646 663
f 646 203 660
f 663 660 305
f 646 660 663
f 306 670 666
f 670 305 661
f 666 661 206
f 670 661 666
f 301 663 668
f 663 305 670
f 668 670 306
f 663 670 668
f 169 657 657
f 657 304 304
f 657 304 304
f 657 304 657
f 304 658 658
f 658 206 206
f 658 206 206
f 658 206 658
f 304 658 658
f 658 206 206
f 658 206 206
f 658 206 658
f 304 658 304
f 658 206 658
f 304 658 304
f 658 658 304
f 206 655 655
f 655 303 303
f 655 303 303
f 655 303 655
f 303 654 654
f 654 167 167
f 654 167 167
f 654 167 654
f 303 654 654
f 654 167 167
f 654 167 167
f 654 167 654
f 303 654 303
f 654 167 654
f 303 654 303
f 654 654 303
f 206 655 655
f 655 303 303
f 655 303 303
f 655 303 655
f 303 654 654
f 654 167 167
f 654 167 167
f 654 167 654
f 303 654 654
f 654 167 167
f 654 167 167
f 654 167 654
f 303 654 303
f 654 167 654
f 303 654 303
f 654 654 303
f 206 655 206
f 655 303 655
f 206 655 206
f 655 655 206
f 303 654 303
f 654 167 654
f 303 654 303
f 654 654 303
f 206 655 206
f 655 303 655
f 206 655 206
f 655 655 206
f 303 303 655
f 303 303 655
f 655 655 206
f 303 655 655
f 170 688 696
f 688 311 698
f 696 698 315
f 688 698 696
f 311 689 703
f 689 208 701
f 703 701 317
f 689 701 703
f 315 704 697
f 704 317 702
f 697 702 210
f 704 702 697
f 311 703 698
f 703 317 704
f 698 704 315
f 703 704 698
f 208 691 711
f 691 312 713
f 711 713 320
f 691 713 711
f 312 690 707
f 690 171 705
f 707 705 318
f 690 705 707
f 320 715 712
f 715 318 706
f 712 706 211
f 715 706 712
f 312 707 713
f 707 318 715
f 713 715 320
f 707 715 713
f 210 716 700
f 716 321 718
f 700 718 316
f 716 718 700
f 321 717 720
f 717 211 709
f 720 709 319
f 717 709 720
f 316 710 699
f 710 319 708
f 699 708 172
f 710 708 699
f 321 720 718
f 720 319 710
f 718 710 316
f 720 710 718
f 208 711 701
f 711 320 714
f 701 714 317
f 711 714 701
f 320 712 721
f 712 211 717
f 721 717 321
f 712 717 721
f 317 719 702
f 719 321 716
f 702 716 210
f 719 716 702
f 320 721 714
f 721 321 719
f 714 719 317
f 721 719 714
f 170 696 696
f 696 315 315
f 696 315 315
f 696 315 696
f 315 697 697
f 697 210 210
f 697 210 210
f 697 210 697
f 315 697 697
f 697 210 210
f 697 210 210
f 697 210 697
f 315 697 315
f 697 210 697
f 315 697 315
f 697 697 315
f 210 700 700
f 700 316 316
f 700 316 316
f 700 316 700
f 316 699 699
f 699 172 172
f 699 172 172
f 699 172 699
f 316 699 699
f 699 172 172
f 699 172 172
f 699 172 699
f 316 699 316
f 699 172 699
f 316 699 316
f 699 699 316
f 210 700 700
f 700 316 316
f 700 316 316
f 700 316 700
f 316 699 699
f 699 172 172
f 699 172 172
f 699 172 699
f 316 699 699
f 699 172 172
f 699 172 172
f 699 172 699
f 316 699 316
f 699 172 699
f 316 699 316
f 699 699 316
f 210 700 210
f 700 316 700
f 210 700 210
f 700 700 210
f 316 699 316
f 699 172 699
f 316 699 316
f 699 699 316
f 210 700 210
f 700 316 700
f 210 700 210
f 700 700 210
f 316 316 700
f 316 316 700
f 700 700 210
f 316 700 700
f 171 690 731
f 690 312 733
f 731 733 325
f 690 733 731
f 312 691 739
f 691 208 737
f 739 737 327
f 691 737 739
f 325 741 732
f 741 327 738
f 732 738 213
f 741 738 732
f 312 739 733
f 739 327 741
f 733 741 325
f 739 741 733
f 208 689 727
f 689 311 729
f 727 729 324
f 689 729 727
f 311 688 724
f 688 170 722
f 724 722 322
f 688 722 724
f 324 730 728
f 730 322 723
f 728 723 212
f 730 723 728
f 311 724 729
f 724 322 730
f 729 730 324
f 724 730 729
f 213 743 735
f 743 328 746
f 735 746 326
f 743 746 735
f 328 742 744
f 742 212 726
f 744 726 323
f 742 726 744
f 326 736 734
f 736 323 725
f 734 725 173
f 736 725 734
f 328 744 746
f 744 323 736
f 746 736 326
f 744 736 746
f 208 727 737
f 727 324 740
f 737 740 327
f 727 740 737
f 324 728 745
f 728 212 742
f 745 742 328
f 728 742 745
f 327 747 738
f 747 328 743
f 738 743 213
f 747 743 738
f 324 745 740
f 745 328 747
f 740 747 327
f 745 747 740
f 171 731 731
f 731 325 325
f 731 325 325
f 731 325 731
f 325 732 732
f 732 213 213
f 732 213 213
f 732 213 732
f 325 732 732
f 732 213 213
f 732 213 213
f 732 213 732
f 325 732 325
f 732 213 732
f 325 732 325
f 732 732 325
f 213 735 735
f 735 326 326
f 735 326 326
f 735 326 735
f 326 734 734
f 734 173 173
f 734 173 173
f 734 173 734
f 326 734 734
f 734 173 173
f 734 173 173
f 734 173 734
f 326 734 326
f 734 173 734
f 326 734 326
f 734 734 326
f 213 735 735
f 735 326 326
f 735 326 326
f 735 326 735
f 326 734 734
f 734 173 173
f 734 173 173
f 734 173 734
f 326 734 734
f 734 173 173
f 734 173 173
f 734 173 734
f 326 734 326
f 734 173 734
f 326 734 326
f 734 734 326
f 213 735 213
f 735 326 735
f 213 735 213
f 735 735 213
f 326 734 326
f 734 173 734
f 326 734 326
f 734 734 326
f 213 735 213
f 735 326 735
f 213 735 213
f 735 735 213
f 326 326 735
f 326 326 735
f 735 735 213
f 326 735 735
f 174 752 787
f 752 331 789
f 787 789 341
f 752 789 787
f 331 753 794
f 753 215 792
f 794 792 343
f 753 792 794
f 341 795 788
f 795 343 793
f 788 793 218
f 795 793 788
f 331 794 789
f 794 343 795
f 789 795 341
f 794 795 789
f 215 755 809
f 755 332 811
f 809 811 347
f 755 811 809
f 332 754 799
f 754 175 796
f 799 796 344
f 754 796 799
f 347 813 810
f 813 344 797
f 810 797 219
f 813 797 810
f 332 799 811
f 799 344 813
f 811 813 347
f 799 813 811
f 218 820 791
f 820 349 822
f 791 822 342
f 820 822 791
f 349 821 824
f 821 219 801
f 824 801 345
f 821 801 824
f 342 803 790
f 803 345 800
f 790 800 176
f 803 800 790
f 349 824 822
f 824 345 803
f 822 803 342
f 824 803 822
f 215 809 792
f 809 347 812
f 792 812 343
f 809 812 792
f 347 810 825
f 810 219 821
f 825 821 349
f 810 821 825
f 343 823 793
f 823 349 820
f 793 820 218
f 823 820 793
f 347 825 812
f 825 349 823
f 812 823 343
f 825 823 812
f 174 787 787
f 787 341 341
f 787 341 341
f 787 341 787
f 341 788 788
f 788 218 218
f 788 218 218
f 788 218 788
f 341 788 788
f 788 218 218
f 788 218 218
f 788 218 788
f 341 788 341
f 788 218 788
f 341 788 341
f 788 788 341
f 218 791 791
f 791 342 342
f 791 342 342
f 791 342 791
f 342 790 790
f 790 176 176
f 790 176 176
f 790 176 790
f 342 790 790
f 790 176 176
f 790 176 176
f 790 176 790
f 342 790 342
f 790 176 790
f 342 790 342
f 790 790 342
f 218 791 791
f 791 342 342
f 791 342 342
f 791 342 791
f 342 790 790
f 790 176 176
f 790 176 176
f 790 176 790
f 342 790 790
f 790 176 176
f 790 176 176
f 790 176 790
f 342 790 342
f 790 176 790
f 342 790 342
f 790 790 342
f 218 791 218
f 791 342 791
f 218 791 218
f 791 791 218
f 342 790 342
f 790 176 790
f 342 790 342
f 790 790 342
f 218 791 218
f 791 342 791
f 218 791 218
f 791 791 218
f 342 342 791
f 342 342 791
f 791 791 218
f 342 791 791
f 175 754 835
f 754 332 837
f 835 837 353
f 754 837 835
f 332 755 843
f 755 215 841
f 843 841 355
f 755 841 843
f 353 845 836
f 845 355 842
f 836 842 221
f 845 842 836
f 332 843 837
f 843 355 845
f 837 845 353
f 843 845 837
f 215 753 831
f 753 331 833
f 831 833 352
f 753 833 831
f 331 752 828
f 752 174 826
f 828 826 350
f 752 826 828
f 352 834 832
f 834 350 827
f 832 827 220
f 834 827 832
f 331 828 833
f 828 350 834
f 833 834 352
f 828 834 833
f 221 847 839
f 847 356 850
f 839 850 354
f 847 850 839
f 356 846 848
f 846 220 830
f 848 830 351
f 846 830 848
f 354 840 838
f 840 351 829
f 838 829 177
f 840 829 838
f 356 848 850
f 848 351 840
f 850 840 354
f 848 840 850
f 215 831 841
f 831 352 844
f 841 844 355
f 831 844 841
f 352 832 849
f 832 220 846
f 849 846 356
f 832 846 849
f 355 851 842
f 851 356 847
f 842 847 221
f 851 847 842
f 352 849 844
f 849 356 851
f 844 851 355
f 849 851 844
f 175 835 835
f 835 353 353
f 835 353 353
f 835 353 835
f 353 836 836
f 836 221 221
f 836 221 221
f 836 221 836
f 353 836 836
f 836 221 221
f 836 221 221
f 836 221 836
f 353 836 353
f 836 221 836
f 353 836 353
f 836 836 353
f 221 839 839
f 839 354 354
f 839 354 354
f 839 354 839
f 354 838 838
f 838 177 177
f 838 177 177
f 838 177 838
f 354 838 838
f 838 177 177
f 838 177 177
f 838 177 838
f 354 838 354
f 838 177 838
f 354 838 354
f 838 838 354
f 221 839 839
f 839 354 354
f 839 354 354
f 839 354 839
f 354 838 838
f 838 177 177
f 838 177 177
f 838 177 838
f 354 838 838
f 838 177 177
f 838 177 177
f 838 177 838
f 354 838 354
f 838 177 838
f 354 838 354
f 838 838 354
f 221 839 221
f 839 354 839
f 221 839 221
f 839 839 221
f 354 838 354
f 838 177 838
f 354 838 354
f 838 838 354
f 221 839 221
f 839 354 839
f 221 839 221
f 839 839 221
f 354 354 839
f 354 354 839
f 839 839 221
f 354 839 839
f 178 852 860
f 852 357 862
f 860 862 361
f 852 862 860
f 357 853 867
f 853 222 865
f 867 865 363
f 853 865 867
f 361 868 861
f 868 363 866
f 861 866 224
f 868 866 861
f 357 867 862
f 867 363 868
f 862 868 361
f 867 868 862
f 222 855 875
f 855 358 877
f 875 877 366
f 855 877 875
f 358 854 871
f 854 179 869
f 871 869 364
f 854 869 871
f 366 879 876
f 879 364 870
f 876 870 225
f 879 870 876
f 358 871 877
f 871 364 879
f 877 879 366
f 871 879 877
f 224 880 864
f 880 367 882
f 864 882 362
f 880 882 864
f 367 881 884
f 881 225 873
f 884 873 365
f 881 873 884
f 362 874 863
f 874 365 872
f 863 872 180
f 874 872 863
f 367 884 882
f 884 365 874
f 882 874 362
f 884 874 882
f 222 875 865
f 875 366 878
f 865 878 363
f 875 878 865
f 366 876 885
f 876 225 881
f 885 881 367
f 876 881 885
f 363 883 866
f 883 367 880
f 866 880 224
f 883 880 866
f 366 885 878
f 885 367 883
f 878 883 363
f 885 883 878
f 178 860 860
f 860 361 361
f 860 361 361
f 860 361 860
f 361 861 861
f 861 224 224
f 861 224 224
f 861 224 861
f 361 861 861
f 861 224 224
f 861 224 224
f 861 224 861
f 361 861 361
f 861 224 861
f 361 861 361
f 861 861 361
f 224 864 864
f 864 362 362
f 864 362 362
f 864 362 864
f 362 863 863
f 863 180 180
f 863 180 180
f 863 180 863
f 362 863 863
f 863 180 180
f 863 180 180
f 863 180 863
f 362 863 362
f 863 180 863
f 362 863 362
f 863 863 362
f 224 864 864
f 864 362 362
f 864 362 362
f 864 362 864
f 362 863 863
f 863 180 180
f 863 180 180
f 863 180 863
f 362 863 863
f 863 180 180
f 863 180 180
f 863 180 863
f 362 863 362
f 863 180 863
f 362 863 362
f 863 863 362
f 224 864 224
f 864 362 864
f 224 864 224
f 864 864 224
f 362 863 362
f 863 180 863
f 362 863 362
f 863 863 362
f 224 864 224
f 864 362 864
f 224 864 224
f 864 864 224
f 362 362 864
f 362 362 864
f 864 864 224
f 362 864 864
f 179 854 895
f 854 358 897
f 895 897 371
f 854 897 895
f 358 855 903
f 855 222 901
f 903 901 373
f 855 901 903
f 371 905 896
f 905 373 902
f 896 902 227
f 905 902 896
f 358 903 897
f 903 373 905
f 897 905 371
f 903 905 897
f 222 853 891
f 853 357 893
f 891 893 370
f 853 893 891
f 357 852 888
f 852 178 886
f 888 886 368
f 852 886 888
f 370 894 892
f 894 368 887
f 892 887 226
f 894 887 892
f 357 888 893
f 888 368 894
f 893 894 370
f 888 894 893
f 227 907 899
f 907 374 910
f 899 910 372
f 907 910 899
f 374 906 908
f 906 226 890
f 908 890 369
f 906 890 908
f 372 900 898
f 900 369 889
f 898 889 181
f 900 889 898
f 374 908 910
f 908 369 900
f 910 900 372
f 908 900 910
f 222 891 901
f 891 370 904
f 901 904 373
f 891 904 901
f 370 892 909
f 892 226 906
f 909 906 374
f 892 906 909
f 373 911 902
f 911 374 907
f 902 907 227
f 911 907 902
f 370 909 904
f 909 374 911
f 904 911 373
f 909 911 904
f 179 895 895
f 895 371 371
f 895 371 371
f 895 371 895
f 371 896 896
f 896 227 227
f 896 227 227
f 896 227 896
f 371 896 896
f 896 227 227
f 896 227 227
f 896 227 896
f 371 896 371
f 896 227 896
f 371 896 371
f 896 896 371
f 227 899 899
f 899 372 372
f 899 372 372
f 899 372 899
f 372 898 898
f 898 181 181
f 898 181 181
f 898 181 898
f 372 898 898
f 898 181 181
f 898 181 181
f 898 181 898
f 372 898 372
f 898 181 898
f 372 898 372
f 898 898 372
f 227 899 899
f 899 372 372
f 899 372 372
f 899 372 899
f 372 898 898
f 898 181 181
f 898 181 181
f 898 181 898
f 372 898 898
f 898 181 181
f 898 181 181
f 898 181 898
f 372 898 372
f 898 181 898
f 372 898 372
f 898 898 372
f 227 899 227
f 899 372 899
f 227 899 227
f 899 899 227
f 372 898 372
f 898 181 898
f 372 898 372
f 898 898 372
f 227 899 227
f 899 372 899
f 227 899 227
f 899 899 227
f 372 372 899
f 372 372 899
f 899 899 227
f 372 899 899
f 172 943 694
f 943 383 945
f 694 945 314
f 943 945 694
f 383 944 953
f 944 230 950
f 953 950 385
f 944 950 953
f 314 951 695
f 951 385 949
f 695 949 209
f 951 949 695
f 383 953 945
f 953 385 951
f 945 951 314
f 953 951 945
f 230 947 955
f 947 384 958
f 955 958 386
f 947 958 955
f 384 946 948
f 946 182 916
f 948 916 376
f 946 916 948
f 386 956 954
f 956 376 917
f 954 917 228
f 956 917 954
f 384 948 958
f 948 376 956
f 958 956 386
f 948 956 958
f 209 922 693
f 922 378 924
f 693 924 313
f 922 924 693
f 378 923 925
f 923 228 913
f 925 913 375
f 923 913 925
f 313 915 692
f 915 375 912
f 692 912 163
f 915 912 692
f 378 925 924
f 925 375 915
f 924 915 313
f 925 915 924
f 230 955 950
f 955 386 959
f 950 959 385
f 955 959 950
f 386 954 957
f 954 228 923
f 957 923 378
f 954 923 957
f 385 952 949
f 952 378 922
f 949 922 209
f 952 922 949
f 386 957 959
f 957 378 952
f 959 952 385
f 957 952 959
f 172 694 694
f 694 314 314
f 694 314 314
f 694 314 694
f 314 695 695
f 695 209 209
f 695 209 209
f 695 209 695
f 314 695 695
f 695 209 209
f 695 209 209
f 695 209 695
f 314 695 314
f 695 209 695
f 314 695 314
f 695 695 314
f 209 693 693
f 693 313 313
f 693 313 313
f 693 313 693
f 313 692 692
f 692 163 163
f 692 163 163
f 692 163 692
f 313 692 692
f 692 163 163
f 692 163 163
f 692 163 692
f 313 692 313
f 692 163 692
f 313 692 313
f 692 692 313
f 209 693 693
f 693 313 313
f 693 313 313
f 693 313 693
f 313 692 692
f 692 163 163
f 692 163 163
f 692 163 692
f 313 692 692
f 692 163 163
f 692 163 163
f 692 163 692
f 313 692 313
f 692 163 692
f 313 692 313
f 692 692 313
f 209 693 209
f 693 313 693
f 209 693 209
f 693 693 209
f 313 692 313
f 692 163 692
f 313 692 313
f 692 692 313
f 209 693 209
f 693 313 693
f 209 693 209
f 693 693 209
f 313 313 693
f 313 313 693
f 693 693 209
f 313 693 693
f 167 591 926
f 591 286 928
f 926 928 379
f 591 928 926
f 286 592 934
f 592 201 932
f 934 932 381
f 592 932 934
f 379 936 927
f 936 381 933
f 927 933 229
f 936 933 927
f 286 934 928
f 934 381 936
f 928 936 379
f 934 936 928
f 201 589 918
f 589 285 920
f 918 920 377
f 589 920 918
f 285 588 914
f 588 163 912
f 914 912 375
f 588 912 914
f 377 921 919
f 921 375 913
f 919 913 228
f 921 913 919
f 285 914 920
f 914 375 921
f 920 921 377
f 914 921 920
f 229 938 930
f 938 382 941
f 930 941 380
f 938 941 930
f 382 937 939
f 937 228 917
f 939 917 376
f 937 917 939
f 380 931 929
f 931 376 916
f 929 916 182
f 931 916 929
f 382 939 941
f 939 376 931
f 941 931 380
f 939 931 941
f 201 918 932
f 918 377 935
f 932 935 381
f 918 935 932
f 377 919 940
f 919 228 937
f 940 937 382
f 919 937 940
f 381 942 933
f 942 382 938
f 933 938 229
f 942 938 933
f 377 940 935
f 940 382 942
f 935 942 381
f 940 942 935
f 167 926 926
f 926 379 379
f 926 379 379
f 926 379 926
f 379 927 927
f 927 229 229
f 927 229 229
f 927 229 927
f 379 927 927
f 927 229 229
f 927 229 229
f 927 229 927
f 379 927 379
f 927 229 927
f 379 927 379
f 927 927 379
f 229 930 930
f 930 380 380
f 930 380 380
f 930 380 930
f 380 929 929
f 929 182 182
f 929 182 182
f 929 182 929
f 380 929 929
f 929 182 182
f 929 182 182
f 929 182 929
f 380 929 380
f 929 182 929
f 380 929 380
f 929 929 380
f 229 930 930
f 930 380 380
f 930 380 380
f 930 380 930
f 380 929 929
f 929 182 182
f 929 182 182
f 929 182 929
f 380 929 929
f 929 182 182
f 929 182 182
f 929 182 929
f 380 929 380
f 929 182 929
f 380 929 380
f 929 929 380
f 229 930 229
f 930 380 930
f 229 930 229
f 930 930 229
f 380 929 380
f 929 182 929
f 380 929 380
f 929 929 380
f 229 930 229
f 930 380 930
f 229 930 229
f 930 930 229
f 380 380 930
f 380 380 930
f 930 930 229
f 380 930 930
f 182 946 969
f 946 384 971
f 969 971 390
f 946 971 969
f 384 947 977
f 947 230 975
f 977 975 392
f 947 975 977
f 390 979 970
f 979 392 976
f 970 976 232
f 979 976 970
f 384 977 971
f 977 392 979
f 971 979 390
f 977 979 971
f 230 944 965
f 944 383 967
f 965 967 389
f 944 967 965
f 383 943 962
f 943 172 960
f 962 960 387
f 943 960 962
f 389 968 966
f 968 387 961
f 966 961 231
f 968 961 966
f 383 962 967
f 962 387 968
f 967 968 389
f 962 968 967
f 232 981 973
f 981 393 984
f 973 984 391
f 981 984 973
f 393 980 982
f 980 231 964
f 982 964 388
f 980 964 982
f 391 974 972
f 974 388 963
f 972 963 183
f 974 963 972
f 393 982 984
f 982 388 974
f 984 974 391
f 982 974 984
f 230 965 975
f 965 389 978
f 975 978 392
f 965 978 975
f 389 966 983
f 966 231 980
f 983 980 393
f 966 980 983
f 392 985 976
f 985 393 981
f 976 981 232
f 985 981 976
f 389 983 978
f 983 393 985
f 978 985 392
f 983 985 978
f 182 969 969
f 969 390 390
f 969 390 390
f 969 390 969
f 390 970 970
f 970 232 232
f 970 232 232
f 970 232 970
f 390 970 970
f 970 232 232
f 970 232 232
f 970 232 970
f 390 970 390
f 970 232 970
f 390 970 390
f 970 970 390
f 232 973 973
f 973 391 391
f 973 391 391
f 973 391 973
f 391 972 972
f 972 183 183
f 972 183 183
f 972 183 972
f 391 972 972
f 972 183 183
f 972 183 183
f 972 183 972
f 391 972 391
f 972 183 972
f 391 972 391
f 972 972 391
f 232 973 973
f 973 391 391
f 973 391 391
f 973 391 973
f 391 972 972
f 972 183 183
f 972 183 183
f 972 183 972
f 391 972 972
f 972 183 183
f 972 183 183
f 972 183 972
f 391 972 391
f 972 183 972
f 391 972 391
f 972 972 391
f 232 973 232
f 973 391 973
f 232 973 232
f 973 973 232
f 391 972 391
f 972 183 972
f 391 972 391
f 972 972 391
f 232 973 232
f 973 391 973
f 232 973 232
f 973 973 232
f 391 391 973
f 391 391 973
f 973 973 232
f 391 973 973
f 184 989 998
f 989 395 1000
f 998 1000 398
f 989 1000 998
f 395 990 1008
f 990 233 1006
f 1008 1006 400
f 990 1006 1008
f 398 1010 999
f 1010 400 1007
f 999 1007 234
f 1010 1007 999
f 395 1008 1000
f 1008 400 1010
f 1000 1010 398
f 1008 1010 1000
f 233 987 992
f 987 394 994
f 992 994 396
f 987 994 992
f 394 986 988
f 986 182 969
f 988 969 390
f 986 969 988
f 396 993 991
f 993 390 970
f 991 970 232
f 993 970 991
f 394 988 994
f 988 390 993
f 994 993 396
f 988 993 994
f 234 1002 996
f 1002 399 1005
f 996 1005 397
f 1002 1005 996
f 399 1001 1003
f 1001 232 973
f 1003 973 391
f 1001 973 1003
f 397 997 995
f 997 391 972
f 995 972 183
f 997 972 995
f 399 1003 1005
f 1003 391 997
f 1005 997 397
f 1003 997 1005
f 233 992 1006
f 992 396 1009
f 1006 1009 400
f 992 1009 1006
f 396 991 1004
f 991 232 1001
f 1004 1001 399
f 991 1001 1004
f 400 1011 1007
f 1011 399 1002
f 1007 1002 234
f 1011 1002 1007
f 396 1004 1009
f 1004 399 1011
f 1009 1011 400
f 1004 1011 1009
f 184 998 998
f 998 398 398
f 998 398 398
f 998 398 998
f 398 999 999
f 999 234 234
f 999 234 234
f 999 234 999
f 398 999 999
f 999 234 234
f 999 234 234
f 999 234 999
f 398 999 398
f 999 234 999
f 398 999 398
f 999 999 398
f 234 996 996
f 996 397 397
f 996 397 397
f 996 397 996
f 397 995 995
f 995 183 183
f 995 183 183
f 995 183 995
f 397 995 995
f 995 183 183
f 995 183 183
f 995 183 995
f 397 995 397
f 995 183 995
f 397 995 397
f 995 995 397
f 234 996 996
f 996 397 397
f 996 397 397
f 996 397 996
f 397 995 995
f 995 183 183
f 995 183 183
f 995 183 995
f 397 995 995
f 995 183 183
f 995 183 183
f 995 183 995
f 397 995 397
f 995 183 995
f 397 995 397
f 995 995 397
f 234 996 234
f 996 397 996
f 234 996 234
f 996 996 234
f 397 995 397
f 995 183 995
f 397 995 397
f 995 995 397
f 234 996 234
f 996 397 996
f 234 996 234
f 996 996 234
f 397 397 996
f 397 397 996
f 996 996 234
f 397 996 996
f 183 963 1021
f 963 388 1023
f 1021 1023 404
f 963 1023 1021
f 388 964 1029
f 964 231 1027
f 1029 1027 406
f 964 1027 1029
f 404 1031 1022
f 1031 406 1028
f 1022 1028 236
f 1031 1028 1022
f 388 1029 1023
f 1029 406 1031
f 1023 1031 404
f 1029 1031 1023
f 231 961 1017
f 961 387 1019
f 1017 1019 403
f 961 1019 1017
f 387 960 1014
f 960 172 1012
f 1014 1012 401
f 960 1012 1014
f 403 1020 1018
f 1020 401 1013
f 1018 1013 235
f 1020 1013 1018
f 387 1014 1019
f 1014 401 1020
f 1019 1020 403
f 1014 1020 1019
f 236 1033 1025
f 1033 407 1036
f 1025 1036 405
f 1033 1036 1025
f 407 1032 1034
f 1032 235 1016
f 1034 1016 402
f 1032 1016 1034
f 405 1026 1024
f 1026 402 1015
f 1024 1015 185
f 1026 1015 1024
f 407 1034 1036
f 1034 402 1026
f 1036 1026 405
f 1034 1026 1036
f 231 1017 1027
f 1017 403 1030
f 1027 1030 406
f 1017 1030 1027
f 403 1018 1035
f 1018 235 1032
f 1035 1032 407
f 1018 1032 1035
f 406 1037 1028
f 1037 407 1033
f 1028 1033 236
f 1037 1033 1028
f 403 1035 1030
f 1035 407 1037
f 1030 1037 406
f 1035 1037 1030
f 183 1021 1021
f 1021 404 404
f 1021 404 404
f 1021 404 1021
f 404 1022 1022
f 1022 236 236
f 1022 236 236
f 1022 236 1022
f 404 1022 1022
f 1022 236 236
f 1022 236 236
f 1022 236 1022
f 404 1022 404
f 1022 236 1022
f 404 1022 404
f 1022 1022 404
f 236 1025 1025
f 1025 405 405
f 1025 405 405
f 1025 405 1025
f 405 1024 1024
f 1024 185 185
f 1024 185 185
f 1024 185 1024
f 405 1024 1024
f 1024 185 185
f 1024 185 185
f 1024 185 1024
f 405 1024 405
f 1024 185 1024
f 405 1024 405
f 1024 1024 405
f 236 1025 1025
f 1025 405 405
f 1025 405 405
f 1025 405 1025
f 405 1024 1024
f 1024 185 185
f 1024 185 185
f 1024 185 1024
f 405 1024 1024
f 1024 185 185
f 1024 185 185
f 1024 185 1024
f 405 1024 405
f 1024 185 1024
f 405 1024 405
f 1024 1024 405
f 236 1025 236
f 1025 405 1025
f 236 1025 236
f 1025 1025 236
f 405 1024 405
f 1024 185 1024
f 405 1024 405
f 1024 1024 405
f 236 1025 236
f 1025 405 1025
f 236 1025 236
f 1025 1025 236
f 405 405 1025
f 405 405 1025
f 1025 1025 236
f 405 1025 1025
f 185 1015 1113
f 1015 402 1115
f 1113 1115 426
f 1015 1115 1113
f 402 1016 1121
f 1016 235 1119
f 1121 1119 428
f 1016 1119 1121
f 426 1123 1114
f 1123 428 1120
f 1114 1120 241
f 1123 1120 1114
f 402 1121 1115
f 1121 428 1123
f 1115 1123 426
f 1121 1123 1115
f 235 1013 1048
f 1013 401 1050
f 1048 1050 411
f 1013 1050 1048
f 401 1012 1041
f 1012 172 1038
f 1041 1038 408
f 1012 1038 1041
f 411 1051 1049
f 1051 408 1039
f 1049 1039 237
f 1051 1039 1049
f 401 1041 1050
f 1041 408 1051
f 1050 1051 411
f 1041 1051 1050
f 241 1125 1117
f 1125 429 1128
f 1117 1128 427
f 1125 1128 1117
f 429 1124 1126
f 1124 237 1043
f 1126 1043 409
f 1124 1043 1126
f 427 1118 1116
f 1118 409 1042
f 1116 1042 186
f 1118 1042 1116
f 429 1126 1128
f 1126 409 1118
f 1128 1118 427
f 1126 1118 1128
f 235 1048 1119
f 1048 411 1122
f 1119 1122 428
f 1048 1122 1119
f 411 1049 1127
f 1049 237 1124
f 1127 1124 429
f 1049 1124 1127
f 428 1129 1120
f 1129 429 1125
f 1120 1125 241
f 1129 1125 1120
f 411 1127 1122
f 1127 429 1129
f 1122 1129 428
f 1127 1129 1122
f 185 1113 1113
f 1113 426 426
f 1113 426 426
f 1113 426 1113
f 426 1114 1114
f 1114 241 241
f 1114 241 241
f 1114 241 1114
f 426 1114 1114
f 1114 241 241
f 1114 241 241
f 1114 241 1114
f 426 1114 426
f 1114 241 1114
f 426 1114 426
f 1114 1114 426
f 241 1117 1117
f 1117 427 427
f 1117 427 427
f 1117 427 1117
f 427 1116 1116
f 1116 186 186
f 1116 186 186
f 1116 186 1116
f 427 1116 1116
f 1116 186 186
f 1116 186 186
f 1116 186 1116
f 427 1116 427
f 1116 186 1116
f 427 1116 427
f 1116 1116 427
f 241 1117 1117
f 1117 427 427
f 1117 427 427
f 1117 427 1117
f 427 1116 1116
f 1116 186 186
f 1116 186 186
f 1116 186 1116
f 427 1116 1116
f 1116 186 186
f 1116 186 186
f 1116 186 1116
f 427 1116 427
f 1116 186 1116
f 427 1116 427
f 1116 1116 427
f 241 1117 241
f 1117 427 1117
f 241 1117 241
f 1117 1117 241
f 427 1116 427
f 1116 186 1116
f 427 1116 427
f 1116 1116 427
f 241 1117 241
f 1117 427 1117
f 241 1117 241
f 1117 1117 241
f 427 427 1117
f 427 427 1117
f 1117 1117 241
f 427 1117 1117
f 187 1133 1142
f 1133 431 1144
f 1142 1144 434
f 1133 1144 1142
f 431 1134 1152
f 1134 242 1150
f 1152 1150 436
f 1134 1150 1152
f 434 1154 1143
f 1154 436 1151
f 1143 1151 243
f 1154 1151 1143
f 431 1152 1144
f 1152 436 1154
f 1144 1154 434
f 1152 1154 1144
f 242 1131 1136
f 1131 430 1138
f 1136 1138 432
f 1131 1138 1136
f 430 1130 1132
f 1130 185 1113
f 1132 1113 426
f 1130 1113 1132
f 432 1137 1135
f 1137 426 1114
f 1135 1114 241
f 1137 1114 1135
f 430 1132 1138
f 1132 426 1137
f 1138 1137 432
f 1132 1137 1138
f 243 1146 1140
f 1146 435 1149
f 1140 1149 433
f 1146 1149 1140
f 435 1145 1147
f 1145 241 1117
f 1147 1117 427
f 1145 1117 1147
f 433 1141 1139
f 1141 427 1116
f 1139 1116 186
f 1141 1116 1139
f 435 1147 1149
f 1147 427 1141
f 1149 1141 433
f 1147 1141 1149
f 242 1136 1150
f 1136 432 1153
f 1150 1153 436
f 1136 1153 1150
f 432 1135 1148
f 1135 241 1145
f 1148 1145 435
f 1135 1145 1148
f 436 1155 1151
f 1155 435 1146
f 1151 1146 243
f 1155 1146 1151
f 432 1148 1153
f 1148 435 1155
f 1153 1155 436
f 1148 1155 1153
f 187 1142 1142
f 1142 434 434
f 1142 434 434
f 1142 434 1142
f 434 1143 1143
f 1143 243 243
f 1143 243 243
f 1143 243 1143
f 434 1143 1143
f 1143 243 243
f 1143 243 243
f 1143 243 1143
f 434 1143 434
f 1143 243 1143
f 434 1143 434
f 1143 1143 434
f 243 1140 1140
f 1140 433 433
f 1140 433 433
f 1140 433 1140
f 433 1139 1139
f 1139 186 186
f 1139 186 186
f 1139 186 1139
f 433 1139 1139
f 1139 186 186
f 1139 186 186
f 1139 186 1139
f 433 1139 433
f 1139 186 1139
f 433 1139 433
f 1139 1139 433
f 243 1140 1140
f 1140 433 433
f 1140 433 433
f 1140 433 1140
f 433 1139 1139
f 1139 186 186
f 1139 186 186
f 1139 186 1139
f 433 1139 1139
f 1139 186 186
f 1139 186 186
f 1139 186 1139
f 433 1139 433
f 1139 186 1139
f 433 1139 433
f 1139 1139 433
f 243 1140 243
f 1140 433 1140
f 243 1140 243
f 1140 1140 243
f 433 1139 433
f 1139 186 1139
f 433 1139 433
f 1139 1139 433
f 243 1140 243
f 1140 433 1140
f 243 1140 243
f 1140 1140 243
f 433 433 1140
f 433 433 1140
f 1140 1140 243
f 433 1140 1140
f 186 1042 1056
f 1042 409 1058
f 1056 1058 413
f 1042 1058 1056
f 409 1043 1070
f 1043 237 1068
f 1070 1068 416
f 1043 1068 1070
f 413 1072 1057
f 1072 416 1069
f 1057 1069 238
f 1072 1069 1057
f 409 1070 1058
f 1070 416 1072
f 1058 1072 413
f 1070 1072 1058
f 237 1039 1045
f 1039 408 1047
f 1045 1047 410
f 1039 1047 1045
f 408 1038 1040
f 1038 172 748
f 1040 748 329
f 1038 748 1040
f 410 1046 1044
f 1046 329 749
f 1044 749 214
f 1046 749 1044
f 408 1040 1047
f 1040 329 1046
f 1047 1046 410
f 1040 1046 1047
f 238 1060 1053
f 1060 414 1063
f 1053 1063 412
f 1060 1063 1053
f 414 1059 1061
f 1059 214 751
f 1061 751 330
f 1059 751 1061
f 412 1054 1052
f 1054 330 750
f 1052 750 175
f 1054 750 1052
f 414 1061 1063
f 1061 330 1054
f 1063 1054 412
f 1061 1054 1063
f 237 1045 1068
f 1045 410 1071
f 1068 1071 416
f 1045 1071 1068
f 410 1044 1062
f 1044 214 1059
f 1062 1059 414
f 1044 1059 1062
f 416 1073 1069
f 1073 414 1060
f 1069 1060 238
f 1073 1060 1069
f 410 1062 1071
f 1062 414 1073
f 1071 1073 416
f 1062 1073 1071
f 186 1056 1056
f 1056 413 413
f 1056 413 413
f 1056 413 1056
f 413 1057 1057
f 1057 238 238
f 1057 238 238
f 1057 238 1057
f 413 1057 1057
f 1057 238 238
f 1057 238 238
f 1057 238 1057
f 413 1057 413
f 1057 238 1057
f 413 1057 413
f 1057 1057 413
f 238 1053 1053
f 1053 412 412
f 1053 412 412
f 1053 412 1053
f 412 1052 1052
f 1052 175 175
f 1052 175 175
f 1052 175 1052
f 412 1052 1052
f 1052 175 175
f 1052 175 175
f 1052 175 1052
f 412 1052 412
f 1052 175 1052
f 412 1052 412
f 1052 1052 412
f 238 1053 1053
f 1053 412 412
f 1053 412 412
f 1053 412 1053
f 412 1052 1052
f 1052 175 175
f 1052 175 175
f 1052 175 1052
f 412 1052 1052
f 1052 175 175
f 1052 175 175
f 1052 175 1052
f 412 1052 412
f 1052 175 1052
f 412 1052 412
f 1052 1052 412
f 238 1053 238
f 1053 412 1053
f 238 1053 238
f 1053 1053 238
f 412 1052 412
f 1052 175 1052
f 412 1052 412
f 1052 1052 412
f 238 1053 238
f 1053 412 1053
f 238 1053 238
f 1053 1053 238
f 412 412 1053
f 412 412 1053
f 1053 1053 238
f 412 1053 1053
f 176 769 759
f 769 337 771
f 759 771 334
f 769 771 759
f 337 770 785
f 770 217 782
f 785 782 340
f 770 782 785
f 334 783 760
f 783 340 781
f 760 781 216
f 783 781 760
f 337 785 771
f 785 340 783
f 771 783 334
f 785 783 771
f 217 766 773
f 766 336 776
f 773 776 338
f 766 776 773
f 336 765 767
f 765 172 708
f 767 708 319
f 765 708 767
f 338 774 772
f 774 319 709
f 772 709 211
f 774 709 772
f 336 767 776
f 767 319 774
f 776 774 338
f 767 774 776
f 216 762 757
f 762 335 764
f 757 764 333
f 762 764 757
f 335 761 763
f 761 211 706
f 763 706 318
f 761 706 763
f 333 758 756
f 758 318 705
f 756 705 171
f 758 705 756
f 335 763 764
f 763 318 758
f 764 758 333
f 763 758 764
f 217 773 782
f 773 338 786
f 782 786 340
f 773 786 782
f 338 772 775
f 772 211 761
f 775 761 335
f 772 761 775
f 340 784 781
f 784 335 762
f 781 762 216
f 784 762 781
f 338 775 786
f 775 335 784
f 786 784 340
f 775 784 786
f 176 759 759
f 759 334 334
f 759 334 334
f 759 334 759
f 334 760 760
f 760 216 216
f 760 216 216
f 760 216 760
f 334 760 760
f 760 216 216
f 760 216 216
f 760 216 760
f 334 760 334
f 760 216 760
f 334 760 334
f 760 760 334
f 216 757 757
f 757 333 333
f 757 333 333
f 757 333 757
f 333 756 756
f 756 171 171
f 756 171 171
f 756 171 756
f 333 756 756
f 756 171 171
f 756 171 171
f 756 171 756
f 333 756 333
f 756 171 756
f 333 756 333
f 756 756 333
f 216 757 757
f 757 333 333
f 757 333 333
f 757 333 757
f 333 756 756
f 756 171 171
f 756 171 171
f 756 171 756
f 333 756 756
f 756 171 171
f 756 171 171
f 756 171 756
f 333 756 333
f 756 171 756
f 333 756 333
f 756 756 333
f 216 757 216
f 757 333 757
f 216 757 216
f 757 757 216
f 333 756 333
f 756 171 756
f 333 756 333
f 756 756 333
f 216 757 216
f 757 333 757
f 216 757 216
f 757 757 216
f 333 333 757
f 333 333 757
f 757 757 216
f 333 757 757
f 175 750 796
f 750 330 798
f 796 798 344
f 750 798 796
f 330 751 806
f 751 214 804
f 806 804 346
f 751 804 806
f 344 808 797
f 808 346 805
f 797 805 219
f 808 805 797
f 330 806 798
f 806 346 808
f 798 808 344
f 806 808 798
f 214 749 777
f 749 329 779
f 777 779 339
f 749 779 777
f 329 748 768
f 748 172 765
f 768 765 336
f 748 765 768
f 339 780 778
f 780 336 766
f 778 766 217
f 780 766 778
f 329 768 779
f 768 336 780
f 779 780 339
f 768 780 779
f 219 815 801
f 815 348 818
f 801 818 345
f 815 818 801
f 348 814 816
f 814 217 770
f 816 770 337
f 814 770 816
f 345 802 800
f 802 337 769
f 800 769 176
f 802 769 800
f 348 816 818
f 816 337 802
f 818 802 345
f 816 802 818
f 214 777 804
f 777 339 807
f 804 807 346
f 777 807 804
f 339 778 817
f 778 217 814
f 817 814 348
f 778 814 817
f 346 819 805
f 819 348 815
f 805 815 219
f 819 815 805
f 339 817 807
f 817 348 819
f 807 819 346
f 817 819 807
f 175 796 796
f 796 344 344
f 796 344 344
f 796 344 796
f 344 797 797
f 797 219 219
f 797 219 219
f 797 219 797
f 344 797 797
f 797 219 219
f 797 219 219
f 797 219 797
f 344 797 344
f 797 219 797
f 344 797 344
f 797 797 344
f 219 801 801
f 801 345 345
f 801 345 345
f 801 345 801
f 345 800 800
f 800 176 176
f 800 176 176
f 800 176 800
f 345 800 800
f 800 176 176
f 800 176 176
f 800 176 800
f 345 800 345
f 800 176 800
f 345 800 345
f 800 800 345
f 219 801 801
f 801 345 345
f 801 345 345
f 801 345 801
f 345 800 800
f 800 176 176
f 800 176 176
f 800 176 800
f 345 800 800
f 800 176 176
f 800 176 176
f 800 176 800
f 345 800 345
f 800 176 800
f 345 800 345
f 800 800 345
f 219 801 219
f 801 345 801
f 219 801 219
f 801 801 219
f 345 800 345
f 800 176 800
f 345 800 345
f 800 800 345
f 219 801 219
f 801 345 801
f 219 801 219
f 801 801 219
f 345 345 801
f 345 345 801
f 801 801 219
f 345 801 801
f 180 1083 858
f 1083 420 1085
f 858 1085 360
f 1083 1085 858
f 420 1084 1095
f 1084 240 1092
f 1095 1092 422
f 1084 1092 1095
f 360 1093 859
f 1093 422 1091
f 859 1091 223
f 1093 1091 859
f 420 1095 1085
f 1095 422 1093
f 1085 1093 360
f 1095 1093 1085
f 240 1088 1102
f 1088 421 1105
f 1102 1105 424
f 1088 1105 1102
f 421 1087 1089
f 1087 186 1056
f 1089 1056 413
f 1087 1056 1089
f 424 1103 1101
f 1103 413 1057
f 1101 1057 238
f 1103 1057 1101
f 421 1089 1105
f 1089 413 1103
f 1105 1103 424
f 1089 1103 1105
f 223 1064 857
f 1064 415 1066
f 857 1066 359
f 1064 1066 857
f 415 1065 1067
f 1065 238 1053
f 1067 1053 412
f 1065 1053 1067
f 359 1055 856
f 1055 412 1052
f 856 1052 175
f 1055 1052 856
f 415 1067 1066
f 1067 412 1055
f 1066 1055 359
f 1067 1055 1066
f 240 1102 1092
f 1102 424 1106
f 1092 1106 422
f 1102 1106 1092
f 424 1101 1104
f 1101 238 1065
f 1104 1065 415
f 1101 1065 1104
f 422 1094 1091
f 1094 415 1064
f 1091 1064 223
f 1094 1064 1091
f 424 1104 1106
f 1104 415 1094
f 1106 1094 422
f 1104 1094 1106
f 180 858 858
f 858 360 360
f 858 360 360
f 858 360 858
f 360 859 859
f 859 223 223
f 859 223 223
f 859 223 859
f 360 859 859
f 859 223 223
f 859 223 223
f 859 223 859
f 360 859 360
f 859 223 859
f 360 859 360
f 859 859 360
f 223 857 857
f 857 359 359
f 857 359 359
f 857 359 857
f 359 856 856
f 856 175 175
f 856 175 175
f 856 175 856
f 359 856 856
f 856 175 175
f 856 175 175
f 856 175 856
f 359 856 359
f 856 175 856
f 359 856 359
f 856 856 359
f 223 857 857
f 857 359 359
f 857 359 359
f 857 359 857
f 359 856 856
f 856 175 175
f 856 175 175
f 856 175 856
f 359 856 856
f 856 175 175
f 856 175 175
f 856 175 856
f 359 856 359
f 856 175 856
f 359 856 359
f 856 856 359
f 223 857 223
f 857 359 857
f 223 857 223
f 857 857 223
f 359 856 359
f 856 175 856
f 359 856 359
f 856 856 359
f 223 857 223
f 857 359 857
f 223 857 223
f 857 857 223
f 359 359 857
f 359 359 857
f 857 857 223
f 359 857 857
f 179 1074 869
f 1074 417 1076
f 869 1076 364
f 1074 1076 869
f 417 1075 1082
f 1075 239 1080
f 1082 1080 419
f 1075 1080 1082
f 364 1081 870
f 1081 419 1079
f 870 1079 225
f 1081 1079 870
f 417 1082 1076
f 1082 419 1081
f 1076 1081 364
f 1082 1081 1076
f 239 1078 1107
f 1078 418 1109
f 1107 1109 425
f 1078 1109 1107
f 418 1077 1090
f 1077 186 1087
f 1090 1087 421
f 1077 1087 1090
f 425 1111 1108
f 1111 421 1088
f 1108 1088 240
f 1111 1088 1108
f 418 1090 1109
f 1090 421 1111
f 1109 1111 425
f 1090 1111 1109
f 225 1096 873
f 1096 423 1098
f 873 1098 365
f 1096 1098 873
f 423 1097 1100
f 1097 240 1084
f 1100 1084 420
f 1097 1084 1100
f 365 1086 872
f 1086 420 1083
f 872 1083 180
f 1086 1083 872
f 423 1100 1098
f 1100 420 1086
f 1098 1086 365
f 1100 1086 1098
f 239 1107 1080
f 1107 425 1110
f 1080 1110 419
f 1107 1110 1080
f 425 1108 1112
f 1108 240 1097
f 1112 1097 423
f 1108 1097 1112
f 419 1099 1079
f 1099 423 1096
f 1079 1096 225
f 1099 1096 1079
f 425 1112 1110
f 1112 423 1099
f 1110 1099 419
f 1112 1099 1110
f 179 869 869
f 869 364 364
f 869 364 364
f 869 364 869
f 364 870 870
f 870 225 225
f 870 225 225
f 870 225 870
f 364 870 870
f 870 225 225
f 870 225 225
f 870 225 870
f 364 870 364
f 870 225 870
f 364 870 364
f 870 870 364
f 225 873 873
f 873 365 365
f 873 365 365
f 873 365 873
f 365 872 872
f 872 180 180
f 872 180 180
f 872 180 872
f 365 872 872
f 872 180 180
f 872 180 180
f 872 180 872
f 365 872 365
f 872 180 872
f 365 872 365
f 872 872 365
f 225 873 873
f 873 365 365
f 873 365 365
f 873 365 873
f 365 872 872
f 872 180 180
f 872 180 180
f 872 180 872
f 365 872 872
f 872 180 180
f 872 180 180
f 872 180 872
f 365 872 365
f 872 180 872
f 365 872 365
f 872 872 365
f 225 873 225
f 873 365 873
f 225 873 225
f 873 873 225
f 365 872 365
f 872 180 872
f 365 872 365
f 872 872 365
f 225 873 225
f 873 365 873
f 225 873 225
f 873 873 225
f 365 365 873
f 365 365 873
f 873 873 225
f 365 873 873
f 188 1168 1159
f 1168 441 1170
f 1159 1170 438
f 1168 1170 1159
f 441 1169 1180
f 1169 245 1177
f 1180 1177 443
f 1169 1177 1180
f 438 1178 1160
f 1178 443 1176
f 1160 1176 244
f 1178 1176 1160
f 441 1180 1170
f 1180 443 1178
f 1170 1178 438
f 1180 1178 1170
f 245 1166 1172
f 1166 440 1175
f 1172 1175 442
f 1166 1175 1172
f 440 1165 1167
f 1165 186 1077
f 1167 1077 418
f 1165 1077 1167
f 442 1173 1171
f 1173 418 1078
f 1171 1078 239
f 1173 1078 1171
f 440 1167 1175
f 1167 418 1173
f 1175 1173 442
f 1167 1173 1175
f 244 1162 1157
f 1162 439 1164
f 1157 1164 437
f 1162 1164 1157
f 439 1161 1163
f 1161 239 1075
f 1163 1075 417
f 1161 1075 1163
f 437 1158 1156
f 1158 417 1074
f 1156 1074 179
f 1158 1074 1156
f 439 1163 1164
f 1163 417 1158
f 1164 1158 437
f 1163 1158 1164
f 245 1172 1177
f 1172 442 1181
f 1177 1181 443
f 1172 1181 1177
f 442 1171 1174
f 1171 239 1161
f 1174 1161 439
f 1171 1161 1174
f 443 1179 1176
f 1179 439 1162
f 1176 1162 244
f 1179 1162 1176
f 442 1174 1181
f 1174 439 1179
f 1181 1179 443
f 1174 1179 1181
f 188 1159 1159
f 1159 438 438
f 1159 438 438
f 1159 438 1159
f 438 1160 1160
f 1160 244 244
f 1160 244 244
f 1160 244 1160
f 438 1160 1160
f 1160 244 244
f 1160 244 244
f 1160 244 1160
f 438 1160 438
f 1160 244 1160
f 438 1160 438
f 1160 1160 438
f 244 1157 1157
f 1157 437 437
f 1157 437 437
f 1157 437 1157
f 437 1156 1156
f 1156 179 179
f 1156 179 179
f 1156 179 1156
f 437 1156 1156
f 1156 179 179
f 1156 179 179
f 1156 179 1156
f 437 1156 437
f 1156 179 1156
f 437 1156 437
f 1156 1156 437
f 244 1157 1157
f 1157 437 437
f 1157 437 437
f 1157 437 1157
f 437 1156 1156
f 1156 179 179
f 1156 179 179
f 1156 179 1156
f 437 1156 1156
f 1156 179 179
f 1156 179 179
f 1156 179 1156
f 437 1156 437
f 1156 179 1156
f 437 1156 437
f 1156 1156 437
f 244 1157 244
f 1157 437 1157
f 244 1157 244
f 1157 1157 244
f 437 1156 437
f 1156 179 1156
f 437 1156 437
f 1156 1156 437
f 244 1157 244
f 1157 437 1157
f 244 1157 244
f 1157 1157 244
f 437 437 1157
f 437 437 1157
f 1157 1157 244
f 437 1157 1157
f 189 1194 1185
f 1194 448 1196
f 1185 1196 445
f 1194 1196 1185
f 448 1195 1206
f 1195 247 1203
f 1206 1203 450
f 1195 1203 1206
f 445 1204 1186
f 1204 450 1202
f 1186 1202 246
f 1204 1202 1186
f 448 1206 1196
f 1206 450 1204
f 1196 1204 445
f 1206 1204 1196
f 247 1192 1198
f 1192 447 1201
f 1198 1201 449
f 1192 1201 1198
f 447 1191 1193
f 1191 187 1142
f 1193 1142 434
f 1191 1142 1193
f 449 1199 1197
f 1199 434 1143
f 1197 1143 243
f 1199 1143 1197
f 447 1193 1201
f 1193 434 1199
f 1201 1199 449
f 1193 1199 1201
f 246 1188 1183
f 1188 446 1190
f 1183 1190 444
f 1188 1190 1183
f 446 1187 1189
f 1187 243 1140
f 1189 1140 433
f 1187 1140 1189
f 444 1184 1182
f 1184 433 1139
f 1182 1139 186
f 1184 1139 1182
f 446 1189 1190
f 1189 433 1184
f 1190 1184 444
f 1189 1184 1190
f 247 1198 1203
f 1198 449 1207
f 1203 1207 450
f 1198 1207 1203
f 449 1197 1200
f 1197 243 1187
f 1200 1187 446
f 1197 1187 1200
f 450 1205 1202
f 1205 446 1188
f 1202 1188 246
f 1205 1188 1202
f 449 1200 1207
f 1200 446 1205
f 1207 1205 450
f 1200 1205 1207
f 189 1185 1185
f 1185 445 445
f 1185 445 445
f 1185 445 1185
f 445 1186 1186
f 1186 246 246
f 1186 246 246
f 1186 246 1186
f 445 1186 1186
f 1186 246 246
f 1186 246 246
f 1186 246 1186
f 445 1186 445
f 1186 246 1186
f 445 1186 445
f 1186 1186 445
f 246 1183 1183
f 1183 444 444
f 1183 444 444
f 1183 444 1183
f 444 1182 1182
f 1182 186 186
f 1182 186 186
f 1182 186 1182
f 444 1182 1182
f 1182 186 186
f 1182 186 186
f 1182 186 1182
f 444 1182 444
f 1182 186 1182
f 444 1182 444
f 1182 1182 444
f 246 1183 1183
f 1183 444 444
f 1183 444 444
f 1183 444 1183
f 444 1182 1182
f 1182 186 186
f 1182 186 186
f 1182 186 1182
f 444 1182 1182
f 1182 186 186
f 1182 186 186
f 1182 186 1182
f 444 1182 444
f 1182 186 1182
f 444 1182 444
f 1182 1182 444
f 246 1183 246
f 1183 444 1183
f 246 1183 246
f 1183 1183 246
f 444 1182 444
f 1182 186 1182
f 444 1182 444
f 1182 1182 444
f 246 1183 246
f 1183 444 1183
f 246 1183 246
f 1183 1183 246
f 444 444 1183
f 444 444 1183
f 1183 1183 246
f 444 1183 1183
f 190 1220 1211
f 1220 455 1222
f 1211 1222 452
f 1220 1222 1211
f 455 1221 1232
f 1221 249 1229
f 1232 1229 457
f 1221 1229 1232
f 452 1230 1212
f 1230 457 1228
f 1212 1228 248
f 1230 1228 1212
f 455 1232 1222
f 1232 457 1230
f 1222 1230 452
f 1232 1230 1222
f 249 1218 1224
f 1218 454 1227
f 1224 1227 456
f 1218 1227 1224
f 454 1217 1219
f 1217 184 998
f 1219 998 398
f 1217 998 1219
f 456 1225 1223
f 1225 398 999
f 1223 999 234
f 1225 999 1223
f 454 1219 1227
f 1219 398 1225
f 1227 1225 456
f 1219 1225 1227
f 248 1214 1209
f 1214 453 1216
f 1209 1216 451
f 1214 1216 1209
f 453 1213 1215
f 1213 234 996
f 1215 996 397
f 1213 996 1215
f 451 1210 1208
f 1210 397 995
f 1208 995 183
f 1210 995 1208
f 453 1215 1216
f 1215 397 1210
f 1216 1210 451
f 1215 1210 1216
f 249 1224 1229
f 1224 456 1233
f 1229 1233 457
f 1224 1233 1229
f 456 1223 1226
f 1223 234 1213
f 1226 1213 453
f 1223 1213 1226
f 457 1231 1228
f 1231 453 1214
f 1228 1214 248
f 1231 1214 1228
f 456 1226 1233
f 1226 453 1231
f 1233 1231 457
f 1226 1231 1233
f 190 1211 1211
f 1211 452 452
f 1211 452 452
f 1211 452 1211
f 452 1212 1212
f 1212 248 248
f 1212 248 248
f 1212 248 1212
f 452 1212 1212
f 1212 248 248
f 1212 248 248
f 1212 248 1212
f 452 1212 452
f 1212 248 1212
f 452 1212 452
f 1212 1212 452
f 248 1209 1209
f 1209 451 451
f 1209 451 451
f 1209 451 1209
f 451 1208 1208
f 1208 183 183
f 1208 183 183
f 1208 183 1208
f 451 1208 1208
f 1208 183 183
f 1208 183 183
f 1208 183 1208
f 451 1208 451
f 1208 183 1208
f 451 1208 451
f 1208 1208 451
f 248 1209 1209
f 1209 451 451
f 1209 451 451
f 1209 451 1209
f 451 1208 1208
f 1208 183 183
f 1208 183 183
f 1208 183 1208
f 451 1208 1208
f 1208 183 183
f 1208 183 183
f 1208 183 1208
f 451 1208 451
f 1208 183 1208
f 451 1208 451
f 1208 1208 451
f 248 1209 248
f 1209 451 1209
f 248 1209 248
f 1209 1209 248
f 451 1208 451
f 1208 183 1208
f 451 1208 451
f 1208 1208 451
f 248 1209 248
f 1209 451 1209
f 248 1209 248
f 1209 1209 248
f 451 451 1209
f 451 451 1209
f 1209 1209 248
f 451 1209 1209
f 174 1254 826
f 1254 1240 1258
f 826 1258 350
f 1254 1258 826
f 1240 1255 1261
f 1255 1236 1259
f 1261 1259 1242
f 1255 1259 1261
f 350 1262 827
f 1262 1242 1260
f 827 1260 220
f 1262 1260 827
f 1240 1261 1258
f 1261 1242 1262
f 1258 1262 350
f 1261 1262 1258
f 1236 1257 1269
f 1257 1241 1271
f 1269 1271 1245
f 1257 1271 1269
f 1241 1256 1265
f 1256 1234 1263
f 1265 1263 1243
f 1256 1263 1265
f 1245 1273 1270
f 1273 1243 1264
f 1270 1264 1237
f 1273 1264 1270
f 1241 1265 1271
f 1265 1243 1273
f 1271 1273 1245
f 1265 1273 1271
f 220 1274 830
f 1274 1246 1276
f 830 1276 351
f 1274 1276 830
f 1246 1275 1278
f 1275 1237 1267
f 1278 1267 1244
f 1275 1267 1278
f 351 1268 829
f 1268 1244 1266
f 829 1266 177
f 1268 1266 829
f 1246 1278 1276
f 1278 1244 1268
f 1276 1268 351
f 1278 1268 1276
f 1236 1269 1259
f 1269 1245 1272
f 1259 1272 1242
f 1269 1272 1259
f 1245 1270 1279
f 1270 1237 1275
f 1279 1275 1246
f 1270 1275 1279
f 1242 1277 1260
f 1277 1246 1274
f 1260 1274 220
f 1277 1274 1260
f 1245 1279 1272
f 1279 1246 1277
f 1272 1277 1242
f 1279 1277 1272
f 174 826 826
f 826 350 350
f 826 350 350
f 826 350 826
f 350 827 827
f 827 220 220
f 827 220 220
f 827 220 827
f 350 827 827
f 827 220 220
f 827 220 220
f 827 220 827
f 350 827 350
f 827 220 827
f 350 827 350
f 827 827 350
f 220 830 830
f 830 351 351
f 830 351 351
f 830 351 830
f 351 829 829
f 829 177 177
f 829 177 177
f 829 177 829
f 351 829 829
f 829 177 177
f 829 177 177
f 829 177 829
f 351 829 351
f 829 177 829
f 351 829 351
f 829 829 351
f 220 830 830
f 830 351 351
f 830 351 351
f 830 351 830
f 351 829 829
f 829 177 177
f 829 177 177
f 829 177 829
f 351 829 829
f 829 177 177
f 829 177 177
f 829 177 829
f 351 829 351
f 829 177 829
f 351 829 351
f 829 829 351
f 220 830 220
f 830 351 830
f 220 830 220
f 830 830 220
f 351 829 351
f 829 177 829
f 351 829 351
f 829 829 351
f 220 830 220
f 830 351 830
f 220 830 220
f 830 830 220
f 351 351 830
f 351 351 830
f 830 830 220
f 351 830 830
f 1234 1256 1289
f 1256 1241 1291
f 1289 1291 1250
f 1256 1291 1289
f 1241 1257 1297
f 1257 1236 1295
f 1297 1295 1252
f 1257 1295 1297
f 1250 1299 1290
f 1299 1252 1296
f 1290 1296 1239
f 1299 1296 1290
f 1241 1297 1291
f 1297 1252 1299
f 1291 1299 1250
f 1297 1299 1291
f 1236 1255 1285
f 1255 1240 1287
f 1285 1287 1249
f 1255 1287 1285
f 1240 1254 1282
f 1254 174 1280
f 1282 1280 1247
f 1254 1280 1282
f 1249 1288 1286
f 1288 1247 1281
f 1286 1281 1238
f 1288 1281 1286
f 1240 1282 1287
f 1282 1247 1288
f 1287 1288 1249
f 1282 1288 1287
f 1239 1301 1293
f 1301 1253 1304
f 1293 1304 1251
f 1301 1304 1293
f 1253 1300 1302
f 1300 1238 1284
f 1302 1284 1248
f 1300 1284 1302
f 1251 1294 1292
f 1294 1248 1283
f 1292 1283 1235
f 1294 1283 1292
f 1253 1302 1304
f 1302 1248 1294
f 1304 1294 1251
f 1302 1294 1304
f 1236 1285 1295
f 1285 1249 1298
f 1295 1298 1252
f 1285 1298 1295
f 1249 1286 1303
f 1286 1238 1300
f 1303 1300 1253
f 1286 1300 1303
f 1252 1305 1296
f 1305 1253 1301
f 1296 1301 1239
f 1305 1301 1296
f 1249 1303 1298
f 1303 1253 1305
f 1298 1305 1252
f 1303 1305 1298
f 1234 1289 1289
f 1289 1250 1250
f 1289 1250 1250
f 1289 1250 1289
f 1250 1290 1290
f 1290 1239 1239
f 1290 1239 1239
f 1290 1239 1290
f 1250 1290 1290
f 1290 1239 1239
f 1290 1239 1239
f 1290 1239 1290
f 1250 1290 1250
f 1290 1239 1290
f 1250 1290 1250
f 1290 1290 1250
f 1239 1293 1293
f 1293 1251 1251
f 1293 1251 1251
f 1293 1251 1293
f 1251 1292 1292
f 1292 1235 1235
f 1292 1235 1235
f 1292 1235 1292
f 1251 1292 1292
f 1292 1235 1235
f 1292 1235 1235
f 1292 1235 1292
f 1251 1292 1251
f 1292 1235 1292
f 1251 1292 1251
f 1292 1292 1251
f 1239 1293 1293
f 1293 1251 1251
f 1293 1251 1251
f 1293 1251 1293
f 1251 1292 1292
f 1292 1235 1235
f 1292 1235 1235
f 1292 1235 1292
f 1251 1292 1292
f 1292 1235 1235
f 1292 1235 1235
f 1292 1235 1292
f 1251 1292 1251
f 1292 1235 1292
f 1251 1292 1251
f 1292 1292 1251
f 1239 1293 1239
f 1293 1251 1293
f 1239 1293 1239
f 1293 1293 1239
f 1251 1292 1251
f 1292 1235 1292
f 1251 1292 1251
f 1292 1292 1251
f 1239 1293 1239
f 1293 1251 1293
f 1239 1293 1239
f 1293 1293 1239
f 1251 1251 1293
f 1251 1251 1293
f 1293 1293 1239
f 1251 1293 1293
f 178 1326 886
f 1326 1312 1330
f 886 1330 368
f 1326 1330 886
f 1312 1327 1333
f 1327 1308 1331
f 1333 1331 1314
f 1327 1331 1333
f 368 1334 887
f 1334 1314 1332
f 887 1332 226
f 1334 1332 887
f 1312 1333 1330
f 1333 1314 1334
f 1330 1334 368
f 1333 1334 1330
f 1308 1329 1341
f 1329 1313 1343
f 1341 1343 1317
f 1329 1343 1341
f 1313 1328 1337
f 1328 1306 1335
f 1337 1335 1315
f 1328 1335 1337
f 1317 1345 1342
f 1345 1315 1336
f 1342 1336 1309
f 1345 1336 1342
f 1313 1337 1343
f 1337 1315 1345
f 1343 1345 1317
f 1337 1345 1343
f 226 1346 890
f 1346 1318 1348
f 890 1348 369
f 1346 1348 890
f 1318 1347 1350
f 1347 1309 1339
f 1350 1339 1316
f 1347 1339 1350
f 369 1340 889
f 1340 1316 1338
f 889 1338 181
f 1340 1338 889
f 1318 1350 1348
f 1350 1316 1340
f 1348 1340 369
f 1350 1340 1348
f 1308 1341 1331
f 1341 1317 1344
f 1331 1344 1314
f 1341 1344 1331
f 1317 1342 1351
f 1342 1309 1347
f 1351 1347 1318
f 1342 1347 1351
f 1314 1349 1332
f 1349 1318 1346
f 1332 1346 226
f 1349 1346 1332
f 1317 1351 1344
f 1351 1318 1349
f 1344 1349 1314
f 1351 1349 1344
f 178 886 886
f 886 368 368
f 886 368 368
f 886 368 886
f 368 887 887
f 887 226 226
f 887 226 226
f 887 226 887
f 368 887 887
f 887 226 226
f 887 226 226
f 887 226 887
f 368 887 368
f 887 226 887
f 368 887 368
f 887 887 368
f 226 890 890
f 890 369 369
f 890 369 369
f 890 369 890
f 369 889 889
f 889 181 181
f 889 181 181
f 889 181 889
f 369 889 889
f 889 181 181
f 889 181 181
f 889 181 889
f 369 889 369
f 889 181 889
f 369 889 369
f 889 889 369
f 226 890 890
f 890 369 369
f 890 369 369
f 890 369 890
f 369 889 889
f 889 181 181
f 889 181 181
f 889 181 889
f 369 889 889
f 889 181 181
f 889 181 181
f 889 181 889
f 369 889 369
f 889 181 889
f 369 889 369
f 889 889 369
f 226 890 226
f 890 369 890
f 226 890 226
f 890 890 226
f 369 889 369
f 889 181 889
f 369 889 369
f 889 889 369
f 226 890 226
f 890 369 890
f 226 890 226
f 890 890 226
f 369 369 890
f 369 369 890
f 890 890 226
f 369 890 890
f 1306 1328 1361
f 1328 1313 1363
f 1361 1363 1322
f 1328 1363 1361
f 1313 1329 1369
f 1329 1308 1367
f 1369 1367 1324
f 1329 1367 1369
f 1322 1371 1362
f 1371 1324 1368
f 1362 1368 1311
f 1371 1368 1362
f 1313 1369 1363
f 1369 1324 1371
f 1363 1371 1322
f 1369 1371 1363
f 1308 1327 1357
f 1327 1312 1359
f 1357 1359 1321
f 1327 1359 1357
f 1312 1326 1354
f 1326 178 1352
f 1354 1352 1319
f 1326 1352 1354
f 1321 1360 1358
f 1360 1319 1353
f 1358 1353 1310
f 1360 1353 1358
f 1312 1354 1359
f 1354 1319 1360
f 1359 1360 1321
f 1354 1360 1359
f 1311 1373 1365
f 1373 1325 1376
f 1365 1376 1323
f 1373 1376 1365
f 1325 1372 1374
f 1372 1310 1356
f 1374 1356 1320
f 1372 1356 1374
f 1323 1366 1364
f 1366 1320 1355
f 1364 1355 1307
f 1366 1355 1364
f 1325 1374 1376
f 1374 1320 1366
f 1376 1366 1323
f 1374 1366 1376
f 1308 1357 1367
f 1357 1321 1370
f 1367 1370 1324
f 1357 1370 1367
f 1321 1358 1375
f 1358 1310 1372
f 1375 1372 1325
f 1358 1372 1375
f 1324 1377 1368
f 1377 1325 1373
f 1368 1373 1311
f 1377 1373 1368
f 1321 1375 1370
f 1375 1325 1377
f 1370 1377 1324
f 1375 1377 1370
f 1306 1361 1361
f 1361 1322 1322
f 1361 1322 1322
f 1361 1322 1361
f 1322 1362 1362
f 1362 1311 1311
f 1362 1311 1311
f 1362 1311 1362
f 1322 1362 1362
f 1362 1311 1311
f 1362 1311 1311
f 1362 1311 1362
f 1322 1362 1322
f 1362 1311 1362
f 1322 1362 1322
f 1362 1362 1322
f 1311 1365 1365
f 1365 1323 1323
f 1365 1323 1323
f 1365 1323 1365
f 1323 1364 1364
f 1364 1307 1307
f 1364 1307 1307
f 1364 1307 1364
f 1323 1364 1364
f 1364 1307 1307
f 1364 1307 1307
f 1364 1307 1364
f 1323 1364 1323
f 1364 1307 1364
f 1323 1364 1323
f 1364 1364 1323
f 1311 1365 1365
f 1365 1323 1323
f 1365 1323 1323
f 1365 1323 1365
f 1323 1364 1364
f 1364 1307 1307
f 1364 1307 1307
f 1364 1307 1364
f 1323 1364 1364
f 1364 1307 1307
f 1364 1307 1307
f 1364 1307 1364
f 1323 1364 1323
f 1364 1307 1364
f 1323 1364 1323
f 1364 1364 1323
f 1311 1365 1311
f 1365 1323 1365
f 1311 1365 1311
f 1365 1365 1311
f 1323 1364 1323
f 1364 1307 1364
f 1323 1364 1323
f 1364 1364 1323
f 1311 1365 1311
f 1365 1323 1365
f 1311 1365 1311
f 1365 1365 1311
f 1323 1323 1365
f 1323 1323 1365
f 1365 1365 1311
f 1323 1365 1365
f 170 1398 722
f 1398 1384 1402
f 722 1402 322
f 1398 1402 722
f 1384 1399 1405
f 1399 1380 1403
f 1405 1403 1386
f 1399 1403 1405
f 322 1406 723
f 1406 1386 1404
f 723 1404 212
f 1406 1404 723
f 1384 1405 1402
f 1405 1386 1406
f 1402 1406 322
f 1405 1406 1402
f 1380 1401 1413
f 1401 1385 1415
f 1413 1415 1389
f 1401 1415 1413
f 1385 1400 1409
f 1400 1378 1407
f 1409 1407 1387
f 1400 1407 1409
f 1389 1417 1414
f 1417 1387 1408
f 1414 1408 1381
f 1417 1408 1414
f 1385 1409 1415
f 1409 1387 1417
f 1415 1417 1389
f 1409 1417 1415
f 212 1418 726
f 1418 1390 1420
f 726 1420 323
f 1418 1420 726
f 1390 1419 1422
f 1419 1381 1411
f 1422 1411 1388
f 1419 1411 1422
f 323 1412 725
f 1412 1388 1410
f 725 1410 173
f 1412 1410 725
f 1390 1422 1420
f 1422 1388 1412
f 1420 1412 323
f 1422 1412 1420
f 1380 1413 1403
f 1413 1389 1416
f 1403 1416 1386
f 1413 1416 1403
f 1389 1414 1423
f 1414 1381 1419
f 1423 1419 1390
f 1414 1419 1423
f 1386 1421 1404
f 1421 1390 1418
f 1404 1418 212
f 1421 1418 1404
f 1389 1423 1416
f 1423 1390 1421
f 1416 1421 1386
f 1423 1421 1416
f 170 722 722
f 722 322 322
f 722 322 322
f 722 322 722
f 322 723 723
f 723 212 212
f 723 212 212
f 723 212 723
f 322 723 723
f 723 212 212
f 723 212 212
f 723 212 723
f 322 723 322
f 723 212 723
f 322 723 322
f 723 723 322
f 212 726 726
f 726 323 323
f 726 323 323
f 726 323 726
f 323 725 725
f 725 173 173
f 725 173 173
f 725 173 725
f 323 725 725
f 725 173 173
f 725 173 173
f 725 173 725
f 323 725 323
f 725 173 725
f 323 725 323
f 725 725 323
f 212 726 726
f 726 323 323
f 726 323 323
f 726 323 726
f 323 725 725
f 725 173 173
f 725 173 173
f 725 173 725
f 323 725 725
f 725 173 173
f 725 173 173
f 725 173 725
f 323 725 323
f 725 173 725
f 323 725 323
f 725 725 323
f 212 726 212
f 726 323 726
f 212 726 212
f 726 726 212
f 323 725 323
f 725 173 725
f 323 725 323
f 725 725 323
f 212 726 212
f 726 323 726
f 212 726 212
f 726 726 212
f 323 323 726
f 323 323 726
f 726 726 212
f 323 726 726
f 1378 1400 1433
f 1400 1385 1435
f 1433 1435 1394
f 1400 1435 1433
f 1385 1401 1441
f 1401 1380 1439
f 1441 1439 1396
f 1401 1439 1441
f 1394 1443 1434
f 1443 1396 1440
f 1434 1440 1383
f 1443 1440 1434
f 1385 1441 1435
f 1441 1396 1443
f 1435 1443 1394
f 1441 1443 1435
f 1380 1399 1429
f 1399 1384 1431
f 1429 1431 1393
f 1399 1431 1429
f 1384 1398 1426
f 1398 170 1424
f 1426 1424 1391
f 1398 1424 1426
f 1393 1432 1430
f 1432 1391 1425
f 1430 1425 1382
f 1432 1425 1430
f 1384 1426 1431
f 1426 1391 1432
f 1431 1432 1393
f 1426 1432 1431
f 1383 1445 1437
f 1445 1397 1448
f 1437 1448 1395
f 1445 1448 1437
f 1397 1444 1446
f 1444 1382 1428
f 1446 1428 1392
f 1444 1428 1446
f 1395 1438 1436
f 1438 1392 1427
f 1436 1427 1379
f 1438 1427 1436
f 1397 1446 1448
f 1446 1392 1438
f 1448 1438 1395
f 1446 1438 1448
f 1380 1429 1439
f 1429 1393 1442
f 1439 1442 1396
f 1429 1442 1439
f 1393 1430 1447
f 1430 1382 1444
f 1447 1444 1397
f 1430 1444 1447
f 1396 1449 1440
f 1449 1397 1445
f 1440 1445 1383
f 1449 1445 1440
f 1393 1447 1442
f 1447 1397 1449
f 1442 1449 1396
f 1447 1449 1442
f 1378 1433 1433
f 1433 1394 1394
f 1433 1394 1394
f 1433 1394 1433
f 1394 1434 1434
f 1434 1383 1383
f 1434 1383 1383
f 1434 1383 1434
f 1394 1434 1434
f 1434 1383 1383
f 1434 1383 1383
f 1434 1383 1434
f 1394 1434 1394
f 1434 1383 1434
f 1394 1434 1394
f 1434 1434 1394
f 1383 1437 1437
f 1437 1395 1395
f 1437 1395 1395
f 1437 1395 1437
f 1395 1436 1436
f 1436 1379 1379
f 1436 1379 1379
f 1436 1379 1436
f 1395 1436 1436
f 1436 1379 1379
f 1436 1379 1379
f 1436 1379 1436
f 1395 1436 1395
f 1436 1379 1436
f 1395 1436 1395
f 1436 1436 1395
f 1383 1437 1437
f 1437 1395 1395
f 1437 1395 1395
f 1437 1395 1437
f 1395 1436 1436
f 1436 1379 1379
f 1436 1379 1379
f 1436 1379 1436
f 1395 1436 1436
f 1436 1379 1379
f 1436 1379 1379
f 1436 1379 1436
f 1395 1436 1395
f 1436 1379 1436
f 1395 1436 1395
f 1436 1436 1395
f 1383 1437 1383
f 1437 1395 1437
f 1383 1437 1383
f 1437 1437 1383
f 1395 1436 1395
f 1436 1379 1436
f 1395 1436 1395
f 1436 1436 1395
f 1383 1437 1383
f 1437 1395 1437
f 1383 1437 1383
f 1437 1437 1383
f 1395 1395 1437
f 1395 1395 1437
f 1437 1437 1383
f 1395 1437 1437
f 1450 1470 1474
f 1470 1456 1476
f 1474 1476 1458
f 1470 1476 1474
f 1456 1471 1481
f 1471 1452 1479
f 1481 1479 1460
f 1471 1479 1481
f 1458 1482 1475
f 1482 1460 1480
f 1475 1480 1453
f 1482 1480 1475
f 1456 1481 1476
f 1481 1460 1482
f 1476 1482 1458
f 1481 1482 1476
f 1452 1473 1485
f 1473 1457 1487
f 1485 1487 1461
f 1473 1487 1485
f 1457 1472 1483
f 1472 187 1191
f 1483 1191 447
f 1472 1191 1483
f 1461 1489 1486
f 1489 447 1192
f 1486 1192 247
f 1489 1192 1486
f 1457 1483 1487
f 1483 447 1489
f 1487 1489 1461
f 1483 1489 1487
f 1453 1490 1478
f 1490 1462 1492
f 1478 1492 1459
f 1490 1492 1478
f 1462 1491 1494
f 1491 247 1195
f 1494 1195 448
f 1491 1195 1494
f 1459 1484 1477
f 1484 448 1194
f 1477 1194 189
f 1484 1194 1477
f 1462 1494 1492
f 1494 448 1484
f 1492 1484 1459
f 1494 1484 1492
f 1452 1485 1479
f 1485 1461 1488
f 1479 1488 1460
f 1485 1488 1479
f 1461 1486 1495
f 1486 247 1491
f 1495 1491 1462
f 1486 1491 1495
f 1460 1493 1480
f 1493 1462 1490
f 1480 1490 1453
f 1493 1490 1480
f 1461 1495 1488
f 1495 1462 1493
f 1488 1493 1460
f 1495 1493 1488
f 1450 1474 1474
f 1474 1458 1458
f 1474 1458 1458
f 1474 1458 1474
f 1458 1475 1475
f 1475 1453 1453
f 1475 1453 1453
f 1475 1453 1475
f 1458 1475 1475
f 1475 1453 1453
f 1475 1453 1453
f 1475 1453 1475
f 1458 1475 1458
f 1475 1453 1475
f 1458 1475 1458
f 1475 1475 1458
f 1453 1478 1478
f 1478 1459 1459
f 1478 1459 1459
f 1478 1459 1478
f 1459 1477 1477
f 1477 189 189
f 1477 189 189
f 1477 189 1477
f 1459 1477 1477
f 1477 189 189
f 1477 189 189
f 1477 189 1477
f 1459 1477 1459
f 1477 189 1477
f 1459 1477 1459
f 1477 1477 1459
f 1453 1478 1478
f 1478 1459 1459
f 1478 1459 1459
f 1478 1459 1478
f 1459 1477 1477
f 1477 189 189
f 1477 189 189
f 1477 189 1477
f 1459 1477 1477
f 1477 189 189
f 1477 189 189
f 1477 189 1477
f 1459 1477 1459
f 1477 189 1477
f 1459 1477 1459
f 1477 1477 1459
f 1453 1478 1453
f 1478 1459 1478
f 1453 1478 1453
f 1478 1478 1453
f 1459 1477 1459
f 1477 189 1477
f 1459 1477 1459
f 1477 1477 1459
f 1453 1478 1453
f 1478 1459 1478
f 1453 1478 1453
f 1478 1478 1453
f 1459 1459 1478
f 1459 1459 1478
f 1478 1478 1453
f 1459 1478 1478
f 187 1472 1505
f 1472 1457 1507
f 1505 1507 1466
f 1472 1507 1505
f 1457 1473 1513
f 1473 1452 1511
f 1513 1511 1468
f 1473 1511 1513
f 1466 1515 1506
f 1515 1468 1512
f 1506 1512 1455
f 1515 1512 1506
f 1457 1513 1507
f 1513 1468 1515
f 1507 1515 1466
f 1513 1515 1507
f 1452 1471 1501
f 1471 1456 1503
f 1501 1503 1465
f 1471 1503 1501
f 1456 1470 1498
f 1470 1450 1496
f 1498 1496 1463
f 1470 1496 1498
f 1465 1504 1502
f 1504 1463 1497
f 1502 1497 1454
f 1504 1497 1502
f 1456 1498 1503
f 1498 1463 1504
f 1503 1504 1465
f 1498 1504 1503
f 1455 1517 1509
f 1517 1469 1520
f 1509 1520 1467
f 1517 1520 1509
f 1469 1516 1518
f 1516 1454 1500
f 1518 1500 1464
f 1516 1500 1518
f 1467 1510 1508
f 1510 1464 1499
f 1508 1499 1451
f 1510 1499 1508
f 1469 1518 1520
f 1518 1464 1510
f 1520 1510 1467
f 1518 1510 1520
f 1452 1501 1511
f 1501 1465 1514
f 1511 1514 1468
f 1501 1514 1511
f 1465 1502 1519
f 1502 1454 1516
f 1519 1516 1469
f 1502 1516 1519
f 1468 1521 1512
f 1521 1469 1517
f 1512 1517 1455
f 1521 1517 1512
f 1465 1519 1514
f 1519 1469 1521
f 1514 1521 1468
f 1519 1521 1514
f 187 1505 1505
f 1505 1466 1466
f 1505 1466 1466
f 1505 1466 1505
f 1466 1506 1506
f 1506 1455 1455
f 1506 1455 1455
f 1506 1455 1506
f 1466 1506 1506
f 1506 1455 1455
f 1506 1455 1455
f 1506 1455 1506
f 1466 1506 1466
f 1506 1455 1506
f 1466 1506 1466
f 1506 1506 1466
f 1455 1509 1509
f 1509 1467 1467
f 1509 1467 1467
f 1509 1467 1509
f 1467 1508 1508
f 1508 1451 1451
f 1508 1451 1451
f 1508 1451 1508
f 1467 1508 1508
f 1508 1451 1451
f 1508 1451 1451
f 1508 1451 1508
f 1467 1508 1467
f 1508 1451 1508
f 1467 1508 1467
f 1508 1508 1467
f 1455 1509 1509
f 1509 1467 1467
f 1509 1467 1467
f 1509 1467 1509
f 1467 1508 1508
f 1508 1451 1451
f 1508 1451 1451
f 1508 1451 1508
f 1467 1508 1508
f 1508 1451 1451
f 1508 1451 1451
f 1508 1451 1508
f 1467 1508 1467
f 1508 1451 1508
f 1467 1508 1467
f 1508 1508 1467
f 1455 1509 1455
f 1509 1467 1509
f 1455 1509 1455
f 1509 1509 1455
f 1467 1508 1467
f 1508 1451 1508
f 1467 1508 1467
f 1508 1508 1467
f 1455 1509 1455
f 1509 1467 1509
f 1455 1509 1455
f 1509 1509 1455
f 1467 1467 1509
f 1467 1467 1509
f 1509 1509 1455
f 1467 1509 1509
f 1522 1542 1546
f 1542 1528 1548
f 1546 1548 1530
f 1542 1548 1546
f 1528 1543 1553
f 1543 1524 1551
f 1553 1551 1532
f 1543 1551 1553
f 1530 1554 1547
f 1554 1532 1552
f 1547 1552 1525
f 1554 1552 1547
f 1528 1553 1548
f 1553 1532 1554
f 1548 1554 1530
f 1553 1554 1548
f 1524 1545 1557
f 1545 1529 1559
f 1557 1559 1533
f 1545 1559 1557
f 1529 1544 1555
f 1544 184 1217
f 1555 1217 454
f 1544 1217 1555
f 1533 1561 1558
f 1561 454 1218
f 1558 1218 249
f 1561 1218 1558
f 1529 1555 1559
f 1555 454 1561
f 1559 1561 1533
f 1555 1561 1559
f 1525 1562 1550
f 1562 1534 1564
f 1550 1564 1531
f 1562 1564 1550
f 1534 1563 1566
f 1563 249 1221
f 1566 1221 455
f 1563 1221 1566
f 1531 1556 1549
f 1556 455 1220
f 1549 1220 190
f 1556 1220 1549
f 1534 1566 1564
f 1566 455 1556
f 1564 1556 1531
f 1566 1556 1564
f 1524 1557 1551
f 1557 1533 1560
f 1551 1560 1532
f 1557 1560 1551
f 1533 1558 1567
f 1558 249 1563
f 1567 1563 1534
f 1558 1563 1567
f 1532 1565 1552
f 1565 1534 1562
f 1552 1562 1525
f 1565 1562 1552
f 1533 1567 1560
f 1567 1534 1565
f 1560 1565 1532
f 1567 1565 1560
f 1522 1546 1546
f 1546 1530 1530
f 1546 1530 1530
f 1546 1530 1546
f 1530 1547 1547
f 1547 1525 1525
f 1547 1525 1525
f 1547 1525 1547
f 1530 1547 1547
f 1547 1525 1525
f 1547 1525 1525
f 1547 1525 1547
f 1530 1547 1530
f 1547 1525 1547
f 1530 1547 1530
f 1547 1547 1530
f 1525 1550 1550
f 1550 1531 1531
f 1550 1531 1531
f 1550 1531 1550
f 1531 1549 1549
f 1549 190 190
f 1549 190 190
f 1549 190 1549
f 1531 1549 1549
f 1549 190 190
f 1549 190 190
f 1549 190 1549
f 1531 1549 1531
f 1549 190 1549
f 1531 1549 1531
f 1549 1549 1531
f 1525 1550 1550
f 1550 1531 1531
f 1550 1531 1531
f 1550 1531 1550
f 1531 1549 1549
f 1549 190 190
f 1549 190 190
f 1549 190 1549
f 1531 1549 1549
f 1549 190 190
f 1549 190 190
f 1549 190 1549
f 1531 1549 1531
f 1549 190 1549
f 1531 1549 1531
f 1549 1549 1531
f 1525 1550 1525
f 1550 1531 1550
f 1525 1550 1525
f 1550 1550 1525
f 1531 1549 1531
f 1549 190 1549
f 1531 1549 1531
f 1549 1549 1531
f 1525 1550 1525
f 1550 1531 1550
f 1525 1550 1525
f 1550 1550 1525
f 1531 1531 1550
f 1531 1531 1550
f 1550 1550 1525
f 1531 1550 1550
f 184 1544 1577
f 1544 1529 1579
f 1577 1579 1538
f 1544 1579 1577
f 1529 1545 1585
f 1545 1524 1583
f 1585 1583 1540
f 1545 1583 1585
f 1538 1587 1578
f 1587 1540 1584
f 1578 1584 1527
f 1587 1584 1578
f 1529 1585 1579
f 1585 1540 1587
f 1579 1587 1538
f 1585 1587 1579
f 1524 1543 1573
f 1543 1528 1575
f 1573 1575 1537
f 1543 1575 1573
f 1528 1542 1570
f 1542 1522 1568
f 1570 1568 1535
f 1542 1568 1570
f 1537 1576 1574
f 1576 1535 1569
f 1574 1569 1526
f 1576 1569 1574
f 1528 1570 1575
f 1570 1535 1576
f 1575 1576 1537
f 1570 1576 1575
f 1527 1589 1581
f 1589 1541 1592
f 1581 1592 1539
f 1589 1592 1581
f 1541 1588 1590
f 1588 1526 1572
f 1590 1572 1536
f 1588 1572 1590
f 1539 1582 1580
f 1582 1536 1571
f 1580 1571 1523
f 1582 1571 1580
f 1541 1590 1592
f 1590 1536 1582
f 1592 1582 1539
f 1590 1582 1592
f 1524 1573 1583
f 1573 1537 1586
f 1583 1586 1540
f 1573 1586 1583
f 1537 1574 1591
f 1574 1526 1588
f 1591 1588 1541
f 1574 1588 1591
f 1540 1593 1584
f 1593 1541 1589
f 1584 1589 1527
f 1593 1589 1584
f 1537 1591 1586
f 1591 1541 1593
f 1586 1593 1540
f 1591 1593 1586
f 184 1577 1577
f 1577 1538 1538
f 1577 1538 1538
f 1577 1538 1577
f 1538 1578 1578
f 1578 1527 1527
f 1578 1527 1527
f 1578 1527 1578
f 1538 1578 1578
f 1578 1527 1527
f 1578 1527 1527
f 1578 1527 1578
f 1538 1578 1538
f 1578 1527 1578
f 1538 1578 1538
f 1578 1578 1538
f 1527 1581 1581
f 1581 1539 1539
f 1581 1539 1539
f 1581 1539 1581
f 1539 1580 1580
f 1580 1523 1523
f 1580 1523 1523
f 1580 1523 1580
f 1539 1580 1580
f 1580 1523 1523
f 1580 1523 1523
f 1580 1523 1580
f 1539 1580 1539
f 1580 1523 1580
f 1539 1580 1539
f 1580 1580 1539
f 1527 1581 1581
f 1581 1539 1539
f 1581 1539 1539
f 1581 1539 1581
f 1539 1580 1580
f 1580 1523 1523
f 1580 1523 1523
f 1580 1523 1580
f 1539 1580 1580
f 1580 1523 1523
f 1580 1523 1523
f 1580 1523 1580
f 1539 1580 1539
f 1580 1523 1580
f 1539 1580 1539
f 1580 1580 1539
f 1527 1581 1527
f 1581 1539 1581
f 1527 1581 1527
f 1581 1581 1527
f 1539 1580 1539
f 1580 1523 1580
f 1539 1580 1539
f 1580 1580 1539
f 1527 1581 1527
f 1581 1539 1581
f 1527 1581 1527
f 1581 1581 1527
f 1539 1539 1581
f 1539 1539 1581
f 1581 1581 1527
f 1539 1581 1581
f 1594 1614 1618
f 1614 1600 1620
f 1618 1620 1602
f 1614 1620 1618
f 1600 1615 1625
f 1615 1596 1623
f 1625 1623 1604
f 1615 1623 1625
f 1602 1626 1619
f 1626 1604 1624
f 1619 1624 1597
f 1626 1624 1619
f 1600 1625 1620
f 1625 1604 1626
f 1620 1626 1602
f 1625 1626 1620
f 1596 1617 1629
f 1617 1601 1631
f 1629 1631 1605
f 1617 1631 1629
f 1601 1616 1627
f 1616 168 671
f 1627 671 307
f 1616 671 1627
f 1605 1633 1630
f 1633 307 672
f 1630 672 207
f 1633 672 1630
f 1601 1627 1631
f 1627 307 1633
f 1631 1633 1605
f 1627 1633 1631
f 1597 1634 1622
f 1634 1606 1636
f 1622 1636 1603
f 1634 1636 1622
f 1606 1635 1638
f 1635 207 675
f 1638 675 308
f 1635 675 1638
f 1603 1628 1621
f 1628 308 674
f 1621 674 169
f 1628 674 1621
f 1606 1638 1636
f 1638 308 1628
f 1636 1628 1603
f 1638 1628 1636
f 1596 1629 1623
f 1629 1605 1632
f 1623 1632 1604
f 1629 1632 1623
f 1605 1630 1639
f 1630 207 1635
f 1639 1635 1606
f 1630 1635 1639
f 1604 1637 1624
f 1637 1606 1634
f 1624 1634 1597
f 1637 1634 1624
f 1605 1639 1632
f 1639 1606 1637
f 1632 1637 1604
f 1639 1637 1632
f 1594 1618 1618
f 1618 1602 1602
f 1618 1602 1602
f 1618 1602 1618
f 1602 1619 1619
f 1619 1597 1597
f 1619 1597 1597
f 1619 1597 1619
f 1602 1619 1619
f 1619 1597 1597
f 1619 1597 1597
f 1619 1597 1619
f 1602 1619 1602
f 1619 1597 1619
f 1602 1619 1602
f 1619 1619 1602
f 1597 1622 1622
f 1622 1603 1603
f 1622 1603 1603
f 1622 1603 1622
f 1603 1621 1621
f 1621 169 169
f 1621 169 169
f 1621 169 1621
f 1603 1621 1621
f 1621 169 169
f 1621 169 169
f 1621 169 1621
f 1603 1621 1603
f 1621 169 1621
f 1603 1621 1603
f 1621 1621 1603
f 1597 1622 1622
f 1622 1603 1603
f 1622 1603 1603
f 1622 1603 1622
f 1603 1621 1621
f 1621 169 169
f 1621 169 169
f 1621 169 1621
f 1603 1621 1621
f 1621 169 169
f 1621 169 169
f 1621 169 1621
f 1603 1621 1603
f 1621 169 1621
f 1603 1621 1603
f 1621 1621 1603
f 1597 1622 1597
f 1622 1603 1622
f 1597 1622 1597
f 1622 1622 1597
f 1603 1621 1603
f 1621 169 1621
f 1603 1621 1603
f 1621 1621 1603
f 1597 1622 1597
f 1622 1603 1622
f 1597 1622 1597
f 1622 1622 1597
f 1603 1603 1622
f 1603 1603 1622
f 1622 1622 1597
f 1603 1622 1622
f 168 1616 1649
f 1616 1601 1651
f 1649 1651 1610
f 1616 1651 1649
f 1601 1617 1657
f 1617 1596 1655
f 1657 1655 1612
f 1617 1655 1657
f 1610 1659 1650
f 1659 1612 1656
f 1650 1656 1599
f 1659 1656 1650
f 1601 1657 1651
f 1657 1612 1659
f 1651 1659 1610
f 1657 1659 1651
f 1596 1615 1645
f 1615 1600 1647
f 1645 1647 1609
f 1615 1647 1645
f 1600 1614 1642
f 1614 1594 1640
f 1642 1640 1607
f 1614 1640 1642
f 1609 1648 1646
f 1648 1607 1641
f 1646 1641 1598
f 1648 1641 1646
f 1600 1642 1647
f 1642 1607 1648
f 1647 1648 1609
f 1642 1648 1647
f 1599 1661 1653
f 1661 1613 1664
f 1653 1664 1611
f 1661 1664 1653
f 1613 1660 1662
f 1660 1598 1644
f 1662 1644 1608
f 1660 1644 1662
f 1611 1654 1652
f 1654 1608 1643
f 1652 1643 1595
f 1654 1643 1652
f 1613 1662 1664
f 1662 1608 1654
f 1664 1654 1611
f 1662 1654 1664
f 1596 1645 1655
f 1645 1609 1658
f 1655 1658 1612
f 1645 1658 1655
f 1609 1646 1663
f 1646 1598 1660
f 1663 1660 1613
f 1646 1660 1663
f 1612 1665 1656
f 1665 1613 1661
f 1656 1661 1599
f 1665 1661 1656
f 1609 1663 1658
f 1663 1613 1665
f 1658 1665 1612
f 1663 1665 1658
f 168 1649 1649
f 1649 1610 1610
f 1649 1610 1610
f 1649 1610 1649
f 1610 1650 1650
f 1650 1599 1599
f 1650 1599 1599
f 1650 1599 1650
f 1610 1650 1650
f 1650 1599 1599
f 1650 1599 1599
f 1650 1599 1650
f 1610 1650 1610
f 1650 1599 1650
f 1610 1650 1610
f 1650 1650 1610
f 1599 1653 1653
f 1653 1611 1611
f 1653 1611 1611
f 1653 1611 1653
f 1611 1652 1652
f 1652 1595 1595
f 1652 1595 1595
f 1652 1595 1652
f 1611 1652 1652
f 1652 1595 1595
f 1652 1595 1595
f 1652 1595 1652
f 1611 1652 1611
f 1652 1595 1652
f 1611 1652 1611
f 1652 1652 1611
f 1599 1653 1653
f 1653 1611 1611
f 1653 1611 1611
f 1653 1611 1653
f 1611 1652 1652
f 1652 1595 1595
f 1652 1595 1595
f 1652 1595 1652
f 1611 1652 1652
f 1652 1595 1595
f 1652 1595 1595
f 1652 1595 1652
f 1611 1652 1611
f 1652 1595 1652
f 1611 1652 1611
f 1652 1652 1611
f 1599 1653 1599
f 1653 1611 1653
f 1599 1653 1599
f 1653 1653 1599
f 1611 1652 1611
f 1652 1595 1652
f 1611 1652 1611
f 1652 1652 1611
f 1599 1653 1599
f 1653 1611 1653
f 1599 1653 1599
f 1653 1653 1599
f 1611 1611 1653
f 1611 1611 1653
f 1653 1653 1599
f 1611 1653 1653
f 3 65 526
f 65 22 1678
f 526 1678 270
f 65 1678 526
f 22 66 1681
f 66 9 1679
f 1681 1679 1668
f 66 1679 1681
f 270 1682 527
f 1682 1668 1680
f 527 1680 197
f 1682 1680 527
f 22 1681 1678
f 1681 1668 1682
f 1678 1682 270
f 1681 1682 1678
f 9 69 1689
f 69 23 1691
f 1689 1691 1671
f 69 1691 1689
f 23 68 1685
f 68 4 1683
f 1685 1683 1669
f 68 1683 1685
f 1671 1693 1690
f 1693 1669 1684
f 1690 1684 1666
f 1693 1684 1690
f 23 1685 1691
f 1685 1669 1693
f 1691 1693 1671
f 1685 1693 1691
f 197 1694 524
f 1694 1672 1696
f 524 1696 269
f 1694 1696 524
f 1672 1695 1698
f 1695 1666 1687
f 1698 1687 1670
f 1695 1687 1698
f 269 1688 523
f 1688 1670 1686
f 523 1686 82
f 1688 1686 523
f 1672 1698 1696
f 1698 1670 1688
f 1696 1688 269
f 1698 1688 1696
f 9 1689 1679
f 1689 1671 1692
f 1679 1692 1668
f 1689 1692 1679
f 1671 1690 1699
f 1690 1666 1695
f 1699 1695 1672
f 1690 1695 1699
f 1668 1697 1680
f 1697 1672 1694
f 1680 1694 197
f 1697 1694 1680
f 1671 1699 1692
f 1699 1672 1697
f 1692 1697 1668
f 1699 1697 1692
f 3 526 526
f 526 270 270
f 526 270 270
f 526 270 526
f 270 527 527
f 527 197 197
f 527 197 197
f 527 197 527
f 270 527 527
f 527 197 197
f 527 197 197
f 527 197 527
f 270 527 270
f 527 197 527
f 270 527 270
f 527 527 270
f 197 524 524
f 524 269 269
f 524 269 269
f 524 269 524
f 269 523 523
f 523 82 82
f 523 82 82
f 523 82 523
f 269 523 523
f 523 82 82
f 523 82 82
f 523 82 523
f 269 523 269
f 523 82 523
f 269 523 269
f 523 523 269
f 197 524 524
f 524 269 269
f 524 269 269
f 524 269 524
f 269 523 523
f 523 82 82
f 523 82 82
f 523 82 523
f 269 523 523
f 523 82 82
f 523 82 82
f 523 82 523
f 269 523 269
f 523 82 523
f 269 523 269
f 523 523 269
f 197 524 197
f 524 269 524
f 197 524 197
f 524 524 197
f 269 523 269
f 523 82 523
f 269 523 269
f 523 523 269
f 197 524 197
f 524 269 524
f 197 524 197
f 524 524 197
f 269 269 524
f 269 269 524
f 524 524 197
f 269 524 524
f 83 109 1703
f 109 92 1710
f 1703 1710 1674
f 109 1710 1703
f 92 110 1720
f 110 86 1717
f 1720 1717 1677
f 110 1717 1720
f 1674 1718 1704
f 1718 1677 1716
f 1704 1716 1667
f 1718 1716 1704
f 92 1720 1710
f 1720 1677 1718
f 1710 1718 1674
f 1720 1718 1710
f 86 108 1712
f 108 91 1715
f 1712 1715 1676
f 108 1715 1712
f 91 107 1709
f 107 82 1686
f 1709 1686 1670
f 107 1686 1709
f 1676 1713 1711
f 1713 1670 1687
f 1711 1687 1666
f 1713 1687 1711
f 91 1709 1715
f 1709 1670 1713
f 1715 1713 1676
f 1709 1713 1715
f 1667 1706 1701
f 1706 1675 1708
f 1701 1708 1673
f 1706 1708 1701
f 1675 1705 1707
f 1705 1666 1684
f 1707 1684 1669
f 1705 1684 1707
f 1673 1702 1700
f 1702 1669 1683
f 1700 1683 4
f 1702 1683 1700
f 1675 1707 1708
f 1707 1669 1702
f 1708 1702 1673
f 1707 1702 1708
f 86 1712 1717
f 1712 1676 1721
f 1717 1721 1677
f 1712 1721 1717
f 1676 1711 1714
f 1711 1666 1705
f 1714 1705 1675
f 1711 1705 1714
f 1677 1719 1716
f 1719 1675 1706
f 1716 1706 1667
f 1719 1706 1716
f 1676 1714 1721
f 1714 1675 1719
f 1721 1719 1677
f 1714 1719 1721
f 83 1703 1703
f 1703 1674 1674
f 1703 1674 1674
f 1703 1674 1703
f 1674 1704 1704
f 1704 1667 1667
f 1704 1667 1667
f 1704 1667 1704
f 1674 1704 1704
f 1704 1667 1667
f 1704 1667 1667
f 1704 1667 1704
f 1674 1704 1674
f 1704 1667 1704
f 1674 1704 1674
f 1704 1704 1674
f 1667 1701 1701
f 1701 1673 1673
f 1701 1673 1673
f 1701 1673 1701
f 1673 1700 1700
f 1700 4 4
f 1700 4 4
f 1700 4 1700
f 1673 1700 1700
f 1700 4 4
f 1700 4 4
f 1700 4 1700
f 1673 1700 1673
f 1700 4 1700
f 1673 1700 1673
f 1700 1700 1673
f 1667 1701 1701
f 1701 1673 1673
f 1701 1673 1673
f 1701 1673 1701
f 1673 1700 1700
f 1700 4 4
f 1700 4 4
f 1700 4 1700
f 1673 1700 1700
f 1700 4 4
f 1700 4 4
f 1700 4 1700
f 1673 1700 1673
f 1700 4 1700
f 1673 1700 1673
f 1700 1700 1673
f 1667 1701 1667
f 1701 1673 1701
f 1667 1701 1667
f 1701 1701 1667
f 1673 1700 1673
f 1700 4 1700
f 1673 1700 1673
f 1700 1700 1673
f 1667 1701 1667
f 1701 1673 1701
f 1667 1701 1667
f 1701 1701 1667
f 1673 1673 1701
f 1673 1673 1701
f 1701 1701 1667
f 1673 1701 1701
f 1722 1762 1766
f 1762 1734 1768
f 1766 1768 1736
f 1762 1768 1766
f 1734 1763 1773
f 1763 1726 1771
f 1773 1771 1738
f 1763 1771 1773
f 1736 1774 1767
f 1774 1738 1772
f 1767 1772 1727
f 1774 1772 1767
f 1734 1773 1768
f 1773 1738 1774
f 1768 1774 1736
f 1773 1774 1768
f 1726 1765 1777
f 1765 1735 1779
f 1777 1779 1739
f 1765 1779 1777
f 1735 1764 1775
f 1764 172 694
f 1775 694 314
f 1764 694 1775
f 1739 1781 1778
f 1781 314 695
f 1778 695 209
f 1781 695 1778
f 1735 1775 1779
f 1775 314 1781
f 1779 1781 1739
f 1775 1781 1779
f 1727 1782 1770
f 1782 1740 1784
f 1770 1784 1737
f 1782 1784 1770
f 1740 1783 1786
f 1783 209 693
f 1786 693 313
f 1783 693 1786
f 1737 1776 1769
f 1776 313 692
f 1769 692 163
f 1776 692 1769
f 1740 1786 1784
f 1786 313 1776
f 1784 1776 1737
f 1786 1776 1784
f 1726 1777 1771
f 1777 1739 1780
f 1771 1780 1738
f 1777 1780 1771
f 1739 1778 1787
f 1778 209 1783
f 1787 1783 1740
f 1778 1783 1787
f 1738 1785 1772
f 1785 1740 1782
f 1772 1782 1727
f 1785 1782 1772
f 1739 1787 1780
f 1787 1740 1785
f 1780 1785 1738
f 1787 1785 1780
f 1722 1766 1766
f 1766 1736 1736
f 1766 1736 1736
f 1766 1736 1766
f 1736 1767 1767
f 1767 1727 1727
f 1767 1727 1727
f 1767 1727 1767
f 1736 1767 1767
f 1767 1727 1727
f 1767 1727 1727
f 1767 1727 1767
f 1736 1767 1736
f 1767 1727 1767
f 1736 1767 1736
f 1767 1767 1736
f 1727 1770 1770
f 1770 1737 1737
f 1770 1737 1737
f 1770 1737 1770
f 1737 1769 1769
f 1769 163 163
f 1769 163 163
f 1769 163 1769
f 1737 1769 1769
f 1769 163 163
f 1769 163 163
f 1769 163 1769
f 1737 1769 1737
f 1769 163 1769
f 1737 1769 1737
f 1769 1769 1737
f 1727 1770 1770
f 1770 1737 1737
f 1770 1737 1737
f 1770 1737 1770
f 1737 1769 1769
f 1769 163 163
f 1769 163 163
f 1769 163 1769
f 1737 1769 1769
f 1769 163 163
f 1769 163 163
f 1769 163 1769
f 1737 1769 1737
f 1769 163 1769
f 1737 1769 1737
f 1769 1769 1737
f 1727 1770 1727
f 1770 1737 1770
f 1727 1770 1727
f 1770 1770 1727
f 1737 1769 1737
f 1769 163 1769
f 1737 1769 1737
f 1769 1769 1737
f 1727 1770 1727
f 1770 1737 1770
f 1727 1770 1727
f 1770 1770 1727
f 1737 1737 1770
f 1737 1737 1770
f 1770 1770 1727
f 1737 1770 1770
f 172 1764 1797
f 1764 1735 1799
f 1797 1799 1744
f 1764 1799 1797
f 1735 1765 1805
f 1765 1726 1803
f 1805 1803 1746
f 1765 1803 1805
f 1744 1807 1798
f 1807 1746 1804
f 1798 1804 1729
f 1807 1804 1798
f 1735 1805 1799
f 1805 1746 1807
f 1799 1807 1744
f 1805 1807 1799
f 1726 1763 1793
f 1763 1734 1795
f 1793 1795 1743
f 1763 1795 1793
f 1734 1762 1790
f 1762 1722 1788
f 1790 1788 1741
f 1762 1788 1790
f 1743 1796 1794
f 1796 1741 1789
f 1794 1789 1728
f 1796 1789 1794
f 1734 1790 1795
f 1790 1741 1796
f 1795 1796 1743
f 1790 1796 1795
f 1729 1809 1801
f 1809 1747 1812
f 1801 1812 1745
f 1809 1812 1801
f 1747 1808 1810
f 1808 1728 1792
f 1810 1792 1742
f 1808 1792 1810
f 1745 1802 1800
f 1802 1742 1791
f 1800 1791 1723
f 1802 1791 1800
f 1747 1810 1812
f 1810 1742 1802
f 1812 1802 1745
f 1810 1802 1812
f 1726 1793 1803
f 1793 1743 1806
f 1803 1806 1746
f 1793 1806 1803
f 1743 1794 1811
f 1794 1728 1808
f 1811 1808 1747
f 1794 1808 1811
f 1746 1813 1804
f 1813 1747 1809
f 1804 1809 1729
f 1813 1809 1804
f 1743 1811 1806
f 1811 1747 1813
f 1806 1813 1746
f 1811 1813 1806
f 172 1797 1797
f 1797 1744 1744
f 1797 1744 1744
f 1797 1744 1797
f 1744 1798 1798
f 1798 1729 1729
f 1798 1729 1729
f 1798 1729 1798
f 1744 1798 1798
f 1798 1729 1729
f 1798 1729 1729
f 1798 1729 1798
f 1744 1798 1744
f 1798 1729 1798
f 1744 1798 1744
f 1798 1798 1744
f 1729 1801 1801
f 1801 1745 1745
f 1801 1745 1745
f 1801 1745 1801
f 1745 1800 1800
f 1800 1723 1723
f 1800 1723 1723
f 1800 1723 1800
f 1745 1800 1800
f 1800 1723 1723
f 1800 1723 1723
f 1800 1723 1800
f 1745 1800 1745
f 1800 1723 1800
f 1745 1800 1745
f 1800 1800 1745
f 1729 1801 1801
f 1801 1745 1745
f 1801 1745 1745
f 1801 1745 1801
f 1745 1800 1800
f 1800 1723 1723
f 1800 1723 1723
f 1800 1723 1800
f 1745 1800 1800
f 1800 1723 1723
f 1800 1723 1723
f 1800 1723 1800
f 1745 1800 1745
f 1800 1723 1800
f 1745 1800 1745
f 1800 1800 1745
f 1729 1801 1729
f 1801 1745 1801
f 1729 1801 1729
f 1801 1801 1729
f 1745 1800 1745
f 1800 1723 1800
f 1745 1800 1745
f 1800 1800 1745
f 1729 1801 1729
f 1801 1745 1801
f 1729 1801 1729
f 1801 1801 1729
f 1745 1745 1801
f 1745 1745 1801
f 1801 1801 1729
f 1745 1801 1801
f 1724 1826 1817
f 1826 1752 1828
f 1817 1828 1749
f 1826 1828 1817
f 1752 1827 1838
f 1827 1731 1835
f 1838 1835 1754
f 1827 1835 1838
f 1749 1836 1818
f 1836 1754 1834
f 1818 1834 1730
f 1836 1834 1818
f 1752 1838 1828
f 1838 1754 1836
f 1828 1836 1749
f 1838 1836 1828
f 1731 1824 1830
f 1824 1751 1833
f 1830 1833 1753
f 1824 1833 1830
f 1751 1823 1825
f 1823 1723 1791
f 1825 1791 1742
f 1823 1791 1825
f 1753 1831 1829
f 1831 1742 1792
f 1829 1792 1728
f 1831 1792 1829
f 1751 1825 1833
f 1825 1742 1831
f 1833 1831 1753
f 1825 1831 1833
f 1730 1820 1815
f 1820 1750 1822
f 1815 1822 1748
f 1820 1822 1815
f 1750 1819 1821
f 1819 1728 1789
f 1821 1789 1741
f 1819 1789 1821
f 1748 1816 1814
f 1816 1741 1788
f 1814 1788 1722
f 1816 1788 1814
f 1750 1821 1822
f 1821 1741 1816
f 1822 1816 1748
f 1821 1816 1822
f 1731 1830 1835
f 1830 1753 1839
f 1835 1839 1754
f 1830 1839 1835
f 1753 1829 1832
f 1829 1728 1819
f 1832 1819 1750
f 1829 1819 1832
f 1754 1837 1834
f 1837 1750 1820
f 1834 1820 1730
f 1837 1820 1834
f 1753 1832 1839
f 1832 1750 1837
f 1839 1837 1754
f 1832 1837 1839
f 1724 1817 1817
f 1817 1749 1749
f 1817 1749 1749
f 1817 1749 1817
f 1749 1818 1818
f 1818 1730 1730
f 1818 1730 1730
f 1818 1730 1818
f 1749 1818 1818
f 1818 1730 1730
f 1818 1730 1730
f 1818 1730 1818
f 1749 1818 1749
f 1818 1730 1818
f 1749 1818 1749
f 1818 1818 1749
f 1730 1815 1815
f 1815 1748 1748
f 1815 1748 1748
f 1815 1748 1815
f 1748 1814 1814
f 1814 1722 1722
f 1814 1722 1722
f 1814 1722 1814
f 1748 1814 1814
f 1814 1722 1722
f 1814 1722 1722
f 1814 1722 1814
f 1748 1814 1748
f 1814 1722 1814
f 1748 1814 1748
f 1814 1814 1748
f 1730 1815 1815
f 1815 1748 1748
f 1815 1748 1748
f 1815 1748 1815
f 1748 1814 1814
f 1814 1722 1722
f 1814 1722 1722
f 1814 1722 1814
f 1748 1814 1814
f 1814 1722 1722
f 1814 1722 1722
f 1814 1722 1814
f 1748 1814 1748
f 1814 1722 1814
f 1748 1814 1748
f 1814 1814 1748
f 1730 1815 1730
f 1815 1748 1815
f 1730 1815 1730
f 1815 1815 1730
f 1748 1814 1748
f 1814 1722 1814
f 1748 1814 1748
f 1814 1814 1748
f 1730 1815 1730
f 1815 1748 1815
f 1730 1815 1730
f 1815 1815 1730
f 1748 1748 1815
f 1748 1748 1815
f 1815 1815 1730
f 1748 1815 1815
f 1723 1823 1840
f 1823 1751 1842
f 1840 1842 1755
f 1823 1842 1840
f 1751 1824 1847
f 1824 1731 1845
f 1847 1845 1757
f 1824 1845 1847
f 1755 1848 1841
f 1848 1757 1846
f 1841 1846 1732
f 1848 1846 1841
f 1751 1847 1842
f 1847 1757 1848
f 1842 1848 1755
f 1847 1848 1842
f 1731 1827 1855
f 1827 1752 1857
f 1855 1857 1760
f 1827 1857 1855
f 1752 1826 1851
f 1826 1724 1849
f 1851 1849 1758
f 1826 1849 1851
f 1760 1859 1856
f 1859 1758 1850
f 1856 1850 1733
f 1859 1850 1856
f 1752 1851 1857
f 1851 1758 1859
f 1857 1859 1760
f 1851 1859 1857
f 1732 1860 1844
f 1860 1761 1862
f 1844 1862 1756
f 1860 1862 1844
f 1761 1861 1864
f 1861 1733 1853
f 1864 1853 1759
f 1861 1853 1864
f 1756 1854 1843
f 1854 1759 1852
f 1843 1852 1725
f 1854 1852 1843
f 1761 1864 1862
f 1864 1759 1854
f 1862 1854 1756
f 1864 1854 1862
f 1731 1855 1845
f 1855 1760 1858
f 1845 1858 1757
f 1855 1858 1845
f 1760 1856 1865
f 1856 1733 1861
f 1865 1861 1761
f 1856 1861 1865
f 1757 1863 1846
f 1863 1761 1860
f 1846 1860 1732
f 1863 1860 1846
f 1760 1865 1858
f 1865 1761 1863
f 1858 1863 1757
f 1865 1863 1858
f 1723 1840 1840
f 1840 1755 1755
f 1840 1755 1755
f 1840 1755 1840
f 1755 1841 1841
f 1841 1732 1732
f 1841 1732 1732
f 1841 1732 1841
f 1755 1841 1841
f 1841 1732 1732
f 1841 1732 1732
f 1841 1732 1841
f 1755 1841 1755
f 1841 1732 1841
f 1755 1841 1755
f 1841 1841 1755
f 1732 1844 1844
f 1844 1756 1756
f 1844 1756 1756
f 1844 1756 1844
f 1756 1843 1843
f 1843 1725 1725
f 1843 1725 1725
f 1843 1725 1843
f 1756 1843 1843
f 1843 1725 1725
f 1843 1725 1725
f 1843 1725 1843
f 1756 1843 1756
f 1843 1725 1843
f 1756 1843 1756
f 1843 1843 1756
f 1732 1844 1844
f 1844 1756 1756
f 1844 1756 1756
f 1844 1756 1844
f 1756 1843 1843
f 1843 1725 1725
f 1843 1725 1725
f 1843 1725 1843
f 1756 1843 1843
f 1843 1725 1725
f 1843 1725 1725
f 1843 1725 1843
f 1756 1843 1756
f 1843 1725 1843
f 1756 1843 1756
f 1843 1843 1756
f 1732 1844 1732
f 1844 1756 1844
f 1732 1844 1732
f 1844 1844 1732
f 1756 1843 1756
f 1843 1725 1843
f 1756 1843 1756
f 1843 1843 1756
f 1732 1844 1732
f 1844 1756 1844
f 1732 1844 1732
f 1844 1844 1732
f 1756 1756 1844
f 1756 1756 1844
f 1844 1844 1732
f 1756 1844 1844
f 1522 2123 1568
f 2123 1931 2127
f 1568 2127 1535
f 2123 2127 1568
f 1931 2124 2130
f 2124 1880 2128
f 2130 2128 1933
f 2124 2128 2130
f 1535 2131 1569
f 2131 1933 2129
f 1569 2129 1526
f 2131 2129 1569
f 1931 2130 2127
f 2130 1933 2131
f 2127 2131 1535
f 2130 2131 2127
f 1880 2126 2138
f 2126 1932 2140
f 2138 2140 1936
f 2126 2140 2138
f 1932 2125 2134
f 2125 1866 2132
f 2134 2132 1934
f 2125 2132 2134
f 1936 2142 2139
f 2142 1934 2133
f 2139 2133 1881
f 2142 2133 2139
f 1932 2134 2140
f 2134 1934 2142
f 2140 2142 1936
f 2134 2142 2140
f 1526 2143 1572
f 2143 1937 2145
f 1572 2145 1536
f 2143 2145 1572
f 1937 2144 2147
f 2144 1881 2136
f 2147 2136 1935
f 2144 2136 2147
f 1536 2137 1571
f 2137 1935 2135
f 1571 2135 1523
f 2137 2135 1571
f 1937 2147 2145
f 2147 1935 2137
f 2145 2137 1536
f 2147 2137 2145
f 1880 2138 2128
f 2138 1936 2141
f 2128 2141 1933
f 2138 2141 2128
f 1936 2139 2148
f 2139 1881 2144
f 2148 2144 1937
f 2139 2144 2148
f 1933 2146 2129
f 2146 1937 2143
f 2129 2143 1526
f 2146 2143 2129
f 1936 2148 2141
f 2148 1937 2146
f 2141 2146 1933
f 2148 2146 2141
f 1522 1568 1568
f 1568 1535 1535
f 1568 1535 1535
f 1568 1535 1568
f 1535 1569 1569
f 1569 1526 1526
f 1569 1526 1526
f 1569 1526 1569
f 1535 1569 1569
f 1569 1526 1526
f 1569 1526 1526
f 1569 1526 1569
f 1535 1569 1535
f 1569 1526 1569
f 1535 1569 1535
f 1569 1569 1535
f 1526 1572 1572
f 1572 1536 1536
f 1572 1536 1536
f 1572 1536 1572
f 1536 1571 1571
f 1571 1523 1523
f 1571 1523 1523
f 1571 1523 1571
f 1536 1571 1571
f 1571 1523 1523
f 1571 1523 1523
f 1571 1523 1571
f 1536 1571 1536
f 1571 1523 1571
f 1536 1571 1536
f 1571 1571 1536
f 1526 1572 1572
f 1572 1536 1536
f 1572 1536 1536
f 1572 1536 1572
f 1536 1571 1571
f 1571 1523 1523
f 1571 1523 1523
f 1571 1523 1571
f 1536 1571 1571
f 1571 1523 1523
f 1571 1523 1523
f 1571 1523 1571
f 1536 1571 1536
f 1571 1523 1571
f 1536 1571 1536
f 1571 1571 1536
f 1526 1572 1526
f 1572 1536 1572
f 1526 1572 1526
f 1572 1572 1526
f 1536 1571 1536
f 1571 1523 1571
f 1536 1571 1536
f 1571 1571 1536
f 1526 1572 1526
f 1572 1536 1572
f 1526 1572 1526
f 1572 1572 1526
f 1536 1536 1572
f 1536 1536 1572
f 1572 1572 1526
f 1536 1572 1572
f 1450 2149 1496
f 2149 1938 2153
f 1496 2153 1463
f 2149 2153 1496
f 1938 2150 2156
f 2150 1882 2154
f 2156 2154 1940
f 2150 2154 2156
f 1463 2157 1497
f 2157 1940 2155
f 1497 2155 1454
f 2157 2155 1497
f 1938 2156 2153
f 2156 1940 2157
f 2153 2157 1463
f 2156 2157 2153
f 1882 2152 2164
f 2152 1939 2166
f 2164 2166 1943
f 2152 2166 2164
f 1939 2151 2160
f 2151 1867 2158
f 2160 2158 1941
f 2151 2158 2160
f 1943 2168 2165
f 2168 1941 2159
f 2165 2159 1883
f 2168 2159 2165
f 1939 2160 2166
f 2160 1941 2168
f 2166 2168 1943
f 2160 2168 2166
f 1454 2169 1500
f 2169 1944 2171
f 1500 2171 1464
f 2169 2171 1500
f 1944 2170 2173
f 2170 1883 2162
f 2173 2162 1942
f 2170 2162 2173
f 1464 2163 1499
f 2163 1942 2161
f 1499 2161 1451
f 2163 2161 1499
f 1944 2173 2171
f 2173 1942 2163
f 2171 2163 1464
f 2173 2163 2171
f 1882 2164 2154
f 2164 1943 2167
f 2154 2167 1940
f 2164 2167 2154
f 1943 2165 2174
f 2165 1883 2170
f 2174 2170 1944
f 2165 2170 2174
f 1940 2172 2155
f 2172 1944 2169
f 2155 2169 1454
f 2172 2169 2155
f 1943 2174 2167
f 2174 1944 2172
f 2167 2172 1940
f 2174 2172 2167
f 1450 1496 1496
f 1496 1463 1463
f 1496 1463 1463
f 1496 1463 1496
f 1463 1497 1497
f 1497 1454 1454
f 1497 1454 1454
f 1497 1454 1497
f 1463 1497 1497
f 1497 1454 1454
f 1497 1454 1454
f 1497 1454 1497
f 1463 1497 1463
f 1497 1454 1497
f 1463 1497 1463
f 1497 1497 1463
f 1454 1500 1500
f 1500 1464 1464
f 1500 1464 1464
f 1500 1464 1500
f 1464 1499 1499
f 1499 1451 1451
f 1499 1451 1451
f 1499 1451 1499
f 1464 1499 1499
f 1499 1451 1451
f 1499 1451 1451
f 1499 1451 1499
f 1464 1499 1464
f 1499 1451 1499
f 1464 1499 1464
f 1499 1499 1464
f 1454 1500 1500
f 1500 1464 1464
f 1500 1464 1464
f 1500 1464 1500
f 1464 1499 1499
f 1499 1451 1451
f 1499 1451 1451
f 1499 1451 1499
f 1464 1499 1499
f 1499 1451 1451
f 1499 1451 1451
f 1499 1451 1499
f 1464 1499 1464
f 1499 1451 1499
f 1464 1499 1464
f 1499 1499 1464
f 1454 1500 1454
f 1500 1464 1500
f 1454 1500 1454
f 1500 1500 1454
f 1464 1499 1464
f 1499 1451 1499
f 1464 1499 1464
f 1499 1499 1464
f 1454 1500 1454
f 1500 1464 1500
f 1454 1500 1454
f 1500 1500 1454
f 1464 1464 1500
f 1464 1464 1500
f 1500 1500 1454
f 1464 1500 1500
f 1306 2175 2179
f 2175 1945 2181
f 2179 2181 1947
f 2175 2181 2179
f 1945 2176 2186
f 2176 1884 2184
f 2186 2184 1949
f 2176 2184 2186
f 1947 2187 2180
f 2187 1949 2185
f 2180 2185 1885
f 2187 2185 2180
f 1945 2186 2181
f 2186 1949 2187
f 2181 2187 1947
f 2186 2187 2181
f 1884 2178 2194
f 2178 1946 2196
f 2194 2196 1952
f 2178 2196 2194
f 1946 2177 2190
f 2177 1868 2188
f 2190 2188 1950
f 2177 2188 2190
f 1952 2198 2195
f 2198 1950 2189
f 2195 2189 1886
f 2198 2189 2195
f 1946 2190 2196
f 2190 1950 2198
f 2196 2198 1952
f 2190 2198 2196
f 1885 2199 2183
f 2199 1953 2201
f 2183 2201 1948
f 2199 2201 2183
f 1953 2200 2203
f 2200 1886 2192
f 2203 2192 1951
f 2200 2192 2203
f 1948 2193 2182
f 2193 1951 2191
f 2182 2191 1869
f 2193 2191 2182
f 1953 2203 2201
f 2203 1951 2193
f 2201 2193 1948
f 2203 2193 2201
f 1884 2194 2184
f 2194 1952 2197
f 2184 2197 1949
f 2194 2197 2184
f 1952 2195 2204
f 2195 1886 2200
f 2204 2200 1953
f 2195 2200 2204
f 1949 2202 2185
f 2202 1953 2199
f 2185 2199 1885
f 2202 2199 2185
f 1952 2204 2197
f 2204 1953 2202
f 2197 2202 1949
f 2204 2202 2197
f 1306 2179 2179
f 2179 1947 1947
f 2179 1947 1947
f 2179 1947 2179
f 1947 2180 2180
f 2180 1885 1885
f 2180 1885 1885
f 2180 1885 2180
f 1947 2180 2180
f 2180 1885 1885
f 2180 1885 1885
f 2180 1885 2180
f 1947 2180 1947
f 2180 1885 2180
f 1947 2180 1947
f 2180 2180 1947
f 1885 2183 2183
f 2183 1948 1948
f 2183 1948 1948
f 2183 1948 2183
f 1948 2182 2182
f 2182 1869 1869
f 2182 1869 1869
f 2182 1869 2182
f 1948 2182 2182
f 2182 1869 1869
f 2182 1869 1869
f 2182 1869 2182
f 1948 2182 1948
f 2182 1869 2182
f 1948 2182 1948
f 2182 2182 1948
f 1885 2183 2183
f 2183 1948 1948
f 2183 1948 1948
f 2183 1948 2183
f 1948 2182 2182
f 2182 1869 1869
f 2182 1869 1869
f 2182 1869 2182
f 1948 2182 2182
f 2182 1869 1869
f 2182 1869 1869
f 2182 1869 2182
f 1948 2182 1948
f 2182 1869 2182
f 1948 2182 1948
f 2182 2182 1948
f 1885 2183 1885
f 2183 1948 2183
f 1885 2183 1885
f 2183 2183 1885
f 1948 2182 1948
f 2182 1869 2182
f 1948 2182 1948
f 2182 2182 1948
f 1885 2183 1885
f 2183 1948 2183
f 1885 2183 1885
f 2183 2183 1885
f 1948 1948 2183
f 1948 1948 2183
f 2183 2183 1885
f 1948 2183 2183
f 1868 2177 2210
f 2177 1946 2212
f 2210 2212 1955
f 2177 2212 2210
f 1946 2178 2218
f 2178 1884 2216
f 2218 2216 1957
f 2178 2216 2218
f 1955 2220 2211
f 2220 1957 2217
f 2211 2217 1887
f 2220 2217 2211
f 1946 2218 2212
f 2218 1957 2220
f 2212 2220 1955
f 2218 2220 2212
f 1884 2176 2206
f 2176 1945 2208
f 2206 2208 1954
f 2176 2208 2206
f 1945 2175 2205
f 2175 1306 1361
f 2205 1361 1322
f 2175 1361 2205
f 1954 2209 2207
f 2209 1322 1362
f 2207 1362 1311
f 2209 1362 2207
f 1945 2205 2208
f 2205 1322 2209
f 2208 2209 1954
f 2205 2209 2208
f 1887 2222 2214
f 2222 1958 2225
f 2214 2225 1956
f 2222 2225 2214
f 1958 2221 2223
f 2221 1311 1365
f 2223 1365 1323
f 2221 1365 2223
f 1956 2215 2213
f 2215 1323 1364
f 2213 1364 1307
f 2215 1364 2213
f 1958 2223 2225
f 2223 1323 2215
f 2225 2215 1956
f 2223 2215 2225
f 1884 2206 2216
f 2206 1954 2219
f 2216 2219 1957
f 2206 2219 2216
f 1954 2207 2224
f 2207 1311 2221
f 2224 2221 1958
f 2207 2221 2224
f 1957 2226 2217
f 2226 1958 2222
f 2217 2222 1887
f 2226 2222 2217
f 1954 2224 2219
f 2224 1958 2226
f 2219 2226 1957
f 2224 2226 2219
f 1868 2210 2210
f 2210 1955 1955
f 2210 1955 1955
f 2210 1955 2210
f 1955 2211 2211
f 2211 1887 1887
f 2211 1887 1887
f 2211 1887 2211
f 1955 2211 2211
f 2211 1887 1887
f 2211 1887 1887
f 2211 1887 2211
f 1955 2211 1955
f 2211 1887 2211
f 1955 2211 1955
f 2211 2211 1955
f 1887 2214 2214
f 2214 1956 1956
f 2214 1956 1956
f 2214 1956 2214
f 1956 2213 2213
f 2213 1307 1307
f 2213 1307 1307
f 2213 1307 2213
f 1956 2213 2213
f 2213 1307 1307
f 2213 1307 1307
f 2213 1307 2213
f 1956 2213 1956
f 2213 1307 2213
f 1956 2213 1956
f 2213 2213 1956
f 1887 2214 2214
f 2214 1956 1956
f 2214 1956 1956
f 2214 1956 2214
f 1956 2213 2213
f 2213 1307 1307
f 2213 1307 1307
f 2213 1307 2213
f 1956 2213 2213
f 2213 1307 1307
f 2213 1307 1307
f 2213 1307 2213
f 1956 2213 1956
f 2213 1307 2213
f 1956 2213 1956
f 2213 2213 1956
f 1887 2214 1887
f 2214 1956 2214
f 1887 2214 1887
f 2214 2214 1887
f 1956 2213 1956
f 2213 1307 2213
f 1956 2213 1956
f 2213 2213 1956
f 1887 2214 1887
f 2214 1956 2214
f 1887 2214 1887
f 2214 2214 1887
f 1956 1956 2214
f 1956 1956 2214
f 2214 2214 1887
f 1956 2214 2214
f 1234 2227 2235
f 2227 1959 2237
f 2235 2237 1963
f 2227 2237 2235
f 1959 2228 2242
f 2228 1888 2240
f 2242 2240 1965
f 2228 2240 2242
f 1963 2243 2236
f 2243 1965 2241
f 2236 2241 1890
f 2243 2241 2236
f 1959 2242 2237
f 2242 1965 2243
f 2237 2243 1963
f 2242 2243 2237
f 1888 2230 2250
f 2230 1960 2252
f 2250 2252 1968
f 2230 2252 2250
f 1960 2229 2246
f 2229 1870 2244
f 2246 2244 1966
f 2229 2244 2246
f 1968 2254 2251
f 2254 1966 2245
f 2251 2245 1891
f 2254 2245 2251
f 1960 2246 2252
f 2246 1966 2254
f 2252 2254 1968
f 2246 2254 2252
f 1890 2255 2239
f 2255 1969 2257
f 2239 2257 1964
f 2255 2257 2239
f 1969 2256 2259
f 2256 1891 2248
f 2259 2248 1967
f 2256 2248 2259
f 1964 2249 2238
f 2249 1967 2247
f 2238 2247 1871
f 2249 2247 2238
f 1969 2259 2257
f 2259 1967 2249
f 2257 2249 1964
f 2259 2249 2257
f 1888 2250 2240
f 2250 1968 2253
f 2240 2253 1965
f 2250 2253 2240
f 1968 2251 2260
f 2251 1891 2256
f 2260 2256 1969
f 2251 2256 2260
f 1965 2258 2241
f 2258 1969 2255
f 2241 2255 1890
f 2258 2255 2241
f 1968 2260 2253
f 2260 1969 2258
f 2253 2258 1965
f 2260 2258 2253
f 1234 2235 2235
f 2235 1963 1963
f 2235 1963 1963
f 2235 1963 2235
f 1963 2236 2236
f 2236 1890 1890
f 2236 1890 1890
f 2236 1890 2236
f 1963 2236 2236
f 2236 1890 1890
f 2236 1890 1890
f 2236 1890 2236
f 1963 2236 1963
f 2236 1890 2236
f 1963 2236 1963
f 2236 2236 1963
f 1890 2239 2239
f 2239 1964 1964
f 2239 1964 1964
f 2239 1964 2239
f 1964 2238 2238
f 2238 1871 1871
f 2238 1871 1871
f 2238 1871 2238
f 1964 2238 2238
f 2238 1871 1871
f 2238 1871 1871
f 2238 1871 2238
f 1964 2238 1964
f 2238 1871 2238
f 1964 2238 1964
f 2238 2238 1964
f 1890 2239 2239
f 2239 1964 1964
f 2239 1964 1964
f 2239 1964 2239
f 1964 2238 2238
f 2238 1871 1871
f 2238 1871 1871
f 2238 1871 2238
f 1964 2238 2238
f 2238 1871 1871
f 2238 1871 1871
f 2238 1871 2238
f 1964 2238 1964
f 2238 1871 2238
f 1964 2238 1964
f 2238 2238 1964
f 1890 2239 1890
f 2239 1964 2239
f 1890 2239 1890
f 2239 2239 1890
f 1964 2238 1964
f 2238 1871 2238
f 1964 2238 1964
f 2238 2238 1964
f 1890 2239 1890
f 2239 1964 2239
f 1890 2239 1890
f 2239 2239 1890
f 1964 1964 2239
f 1964 1964 2239
f 2239 2239 1890
f 1964 2239 2239
f 1870 2229 2266
f 2229 1960 2268
f 2266 2268 1971
f 2229 2268 2266
f 1960 2230 2274
f 2230 1888 2272
f 2274 2272 1973
f 2230 2272 2274
f 1971 2276 2267
f 2276 1973 2273
f 2267 2273 1892
f 2276 2273 2267
f 1960 2274 2268
f 2274 1973 2276
f 2268 2276 1971
f 2274 2276 2268
f 1888 2228 2262
f 2228 1959 2264
f 2262 2264 1970
f 2228 2264 2262
f 1959 2227 2261
f 2227 1234 1289
f 2261 1289 1250
f 2227 1289 2261
f 1970 2265 2263
f 2265 1250 1290
f 2263 1290 1239
f 2265 1290 2263
f 1959 2261 2264
f 2261 1250 2265
f 2264 2265 1970
f 2261 2265 2264
f 1892 2278 2270
f 2278 1974 2281
f 2270 2281 1972
f 2278 2281 2270
f 1974 2277 2279
f 2277 1239 1293
f 2279 1293 1251
f 2277 1293 2279
f 1972 2271 2269
f 2271 1251 1292
f 2269 1292 1235
f 2271 1292 2269
f 1974 2279 2281
f 2279 1251 2271
f 2281 2271 1972
f 2279 2271 2281
f 1888 2262 2272
f 2262 1970 2275
f 2272 2275 1973
f 2262 2275 2272
f 1970 2263 2280
f 2263 1239 2277
f 2280 2277 1974
f 2263 2277 2280
f 1973 2282 2273
f 2282 1974 2278
f 2273 2278 1892
f 2282 2278 2273
f 1970 2280 2275
f 2280 1974 2282
f 2275 2282 1973
f 2280 2282 2275
f 1870 2266 2266
f 2266 1971 1971
f 2266 1971 1971
f 2266 1971 2266
f 1971 2267 2267
f 2267 1892 1892
f 2267 1892 1892
f 2267 1892 2267
f 1971 2267 2267
f 2267 1892 1892
f 2267 1892 1892
f 2267 1892 2267
f 1971 2267 1971
f 2267 1892 2267
f 1971 2267 1971
f 2267 2267 1971
f 1892 2270 2270
f 2270 1972 1972
f 2270 1972 1972
f 2270 1972 2270
f 1972 2269 2269
f 2269 1235 1235
f 2269 1235 1235
f 2269 1235 2269
f 1972 2269 2269
f 2269 1235 1235
f 2269 1235 1235
f 2269 1235 2269
f 1972 2269 1972
f 2269 1235 2269
f 1972 2269 1972
f 2269 2269 1972
f 1892 2270 2270
f 2270 1972 1972
f 2270 1972 1972
f 2270 1972 2270
f 1972 2269 2269
f 2269 1235 1235
f 2269 1235 1235
f 2269 1235 2269
f 1972 2269 2269
f 2269 1235 1235
f 2269 1235 1235
f 2269 1235 2269
f 1972 2269 1972
f 2269 1235 2269
f 1972 2269 1972
f 2269 2269 1972
f 1892 2270 1892
f 2270 1972 2270
f 1892 2270 1892
f 2270 2270 1892
f 1972 2269 1972
f 2269 1235 2269
f 1972 2269 1972
f 2269 2269 1972
f 1892 2270 1892
f 2270 1972 2270
f 1892 2270 1892
f 2270 2270 1892
f 1972 1972 2270
f 1972 1972 2270
f 2270 2270 1892
f 1972 2270 2270
f 1594 2283 1640
f 2283 1975 2287
f 1640 2287 1607
f 2283 2287 1640
f 1975 2284 2290
f 2284 1893 2288
f 2290 2288 1977
f 2284 2288 2290
f 1607 2291 1641
f 2291 1977 2289
f 1641 2289 1598
f 2291 2289 1641
f 1975 2290 2287
f 2290 1977 2291
f 2287 2291 1607
f 2290 2291 2287
f 1893 2286 2298
f 2286 1976 2300
f 2298 2300 1980
f 2286 2300 2298
f 1976 2285 2294
f 2285 1872 2292
f 2294 2292 1978
f 2285 2292 2294
f 1980 2302 2299
f 2302 1978 2293
f 2299 2293 1894
f 2302 2293 2299
f 1976 2294 2300
f 2294 1978 2302
f 2300 2302 1980
f 2294 2302 2300
f 1598 2303 1644
f 2303 1981 2305
f 1644 2305 1608
f 2303 2305 1644
f 1981 2304 2307
f 2304 1894 2296
f 2307 2296 1979
f 2304 2296 2307
f 1608 2297 1643
f 2297 1979 2295
f 1643 2295 1595
f 2297 2295 1643
f 1981 2307 2305
f 2307 1979 2297
f 2305 2297 1608
f 2307 2297 2305
f 1893 2298 2288
f 2298 1980 2301
f 2288 2301 1977
f 2298 2301 2288
f 1980 2299 2308
f 2299 1894 2304
f 2308 2304 1981
f 2299 2304 2308
f 1977 2306 2289
f 2306 1981 2303
f 2289 2303 1598
f 2306 2303 2289
f 1980 2308 2301
f 2308 1981 2306
f 2301 2306 1977
f 2308 2306 2301
f 1594 1640 1640
f 1640 1607 1607
f 1640 1607 1607
f 1640 1607 1640
f 1607 1641 1641
f 1641 1598 1598
f 1641 1598 1598
f 1641 1598 1641
f 1607 1641 1641
f 1641 1598 1598
f 1641 1598 1598
f 1641 1598 1641
f 1607 1641 1607
f 1641 1598 1641
f 1607 1641 1607
f 1641 1641 1607
f 1598 1644 1644
f 1644 1608 1608
f 1644 1608 1608
f 1644 1608 1644
f 1608 1643 1643
f 1643 1595 1595
f 1643 1595 1595
f 1643 1595 1643
f 1608 1643 1643
f 1643 1595 1595
f 1643 1595 1595
f 1643 1595 1643
f 1608 1643 1608
f 1643 1595 1643
f 1608 1643 1608
f 1643 1643 1608
f 1598 1644 1644
f 1644 1608 1608
f 1644 1608 1608
f 1644 1608 1644
f 1608 1643 1643
f 1643 1595 1595
f 1643 1595 1595
f 1643 1595 1643
f 1608 1643 1643
f 1643 1595 1595
f 1643 1595 1595
f 1643 1595 1643
f 1608 1643 1608
f 1643 1595 1643
f 1608 1643 1608
f 1643 1643 1608
f 1598 1644 1598
f 1644 1608 1644
f 1598 1644 1598
f 1644 1644 1598
f 1608 1643 1608
f 1643 1595 1643
f 1608 1643 1608
f 1643 1643 1608
f 1598 1644 1598
f 1644 1608 1644
f 1598 1644 1598
f 1644 1644 1598
f 1608 1608 1644
f 1608 1608 1644
f 1644 1644 1598
f 1608 1644 1644
f 1872 2285 2322
f 2285 1976 2324
f 2322 2324 1987
f 2285 2324 2322
f 1976 2286 2330
f 2286 1893 2328
f 2330 2328 1989
f 2286 2328 2330
f 1987 2332 2323
f 2332 1989 2329
f 2323 2329 1897
f 2332 2329 2323
f 1976 2330 2324
f 2330 1989 2332
f 2324 2332 1987
f 2330 2332 2324
f 1893 2284 2318
f 2284 1975 2320
f 2318 2320 1986
f 2284 2320 2318
f 1975 2283 2315
f 2283 1594 2313
f 2315 2313 1984
f 2283 2313 2315
f 1986 2321 2319
f 2321 1984 2314
f 2319 2314 1896
f 2321 2314 2319
f 1975 2315 2320
f 2315 1984 2321
f 2320 2321 1986
f 2315 2321 2320
f 1897 2334 2326
f 2334 1990 2337
f 2326 2337 1988
f 2334 2337 2326
f 1990 2333 2335
f 2333 1896 2317
f 2335 2317 1985
f 2333 2317 2335
f 1988 2327 2325
f 2327 1985 2316
f 2325 2316 1873
f 2327 2316 2325
f 1990 2335 2337
f 2335 1985 2327
f 2337 2327 1988
f 2335 2327 2337
f 1893 2318 2328
f 2318 1986 2331
f 2328 2331 1989
f 2318 2331 2328
f 1986 2319 2336
f 2319 1896 2333
f 2336 2333 1990
f 2319 2333 2336
f 1989 2338 2329
f 2338 1990 2334
f 2329 2334 1897
f 2338 2334 2329
f 1986 2336 2331
f 2336 1990 2338
f 2331 2338 1989
f 2336 2338 2331
f 1872 2322 2322
f 2322 1987 1987
f 2322 1987 1987
f 2322 1987 2322
f 1987 2323 2323
f 2323 1897 1897
f 2323 1897 1897
f 2323 1897 2323
f 1987 2323 2323
f 2323 1897 1897
f 2323 1897 1897
f 2323 1897 2323
f 1987 2323 1987
f 2323 1897 2323
f 1987 2323 1987
f 2323 2323 1987
f 1897 2326 2326
f 2326 1988 1988
f 2326 1988 1988
f 2326 1988 2326
f 1988 2325 2325
f 2325 1873 1873
f 2325 1873 1873
f 2325 1873 2325
f 1988 2325 2325
f 2325 1873 1873
f 2325 1873 1873
f 2325 1873 2325
f 1988 2325 1988
f 2325 1873 2325
f 1988 2325 1988
f 2325 2325 1988
f 1897 2326 2326
f 2326 1988 1988
f 2326 1988 1988
f 2326 1988 2326
f 1988 2325 2325
f 2325 1873 1873
f 2325 1873 1873
f 2325 1873 2325
f 1988 2325 2325
f 2325 1873 1873
f 2325 1873 1873
f 2325 1873 2325
f 1988 2325 1988
f 2325 1873 2325
f 1988 2325 1988
f 2325 2325 1988
f 1897 2326 1897
f 2326 1988 2326
f 1897 2326 1897
f 2326 2326 1897
f 1988 2325 1988
f 2325 1873 2325
f 1988 2325 1988
f 2325 2325 1988
f 1897 2326 1897
f 2326 1988 2326
f 1897 2326 1897
f 2326 2326 1897
f 1988 1988 2326
f 1988 1988 2326
f 2326 2326 1897
f 1988 2326 2326
f 1874 2342 2351
f 2342 1992 2353
f 2351 2353 1995
f 2342 2353 2351
f 1992 2343 2361
f 2343 1898 2359
f 2361 2359 1997
f 2343 2359 2361
f 1995 2363 2352
f 2363 1997 2360
f 2352 2360 1899
f 2363 2360 2352
f 1992 2361 2353
f 2361 1997 2363
f 2353 2363 1995
f 2361 2363 2353
f 1898 2340 2345
f 2340 1991 2347
f 2345 2347 1993
f 2340 2347 2345
f 1991 2339 2341
f 2339 1872 2322
f 2341 2322 1987
f 2339 2322 2341
f 1993 2346 2344
f 2346 1987 2323
f 2344 2323 1897
f 2346 2323 2344
f 1991 2341 2347
f 2341 1987 2346
f 2347 2346 1993
f 2341 2346 2347
f 1899 2355 2349
f 2355 1996 2358
f 2349 2358 1994
f 2355 2358 2349
f 1996 2354 2356
f 2354 1897 2326
f 2356 2326 1988
f 2354 2326 2356
f 1994 2350 2348
f 2350 1988 2325
f 2348 2325 1873
f 2350 2325 2348
f 1996 2356 2358
f 2356 1988 2350
f 2358 2350 1994
f 2356 2350 2358
f 1898 2345 2359
f 2345 1993 2362
f 2359 2362 1997
f 2345 2362 2359
f 1993 2344 2357
f 2344 1897 2354
f 2357 2354 1996
f 2344 2354 2357
f 1997 2364 2360
f 2364 1996 2355
f 2360 2355 1899
f 2364 2355 2360
f 1993 2357 2362
f 2357 1996 2364
f 2362 2364 1997
f 2357 2364 2362
f 1874 2351 2351
f 2351 1995 1995
f 2351 1995 1995
f 2351 1995 2351
f 1995 2352 2352
f 2352 1899 1899
f 2352 1899 1899
f 2352 1899 2352
f 1995 2352 2352
f 2352 1899 1899
f 2352 1899 1899
f 2352 1899 2352
f 1995 2352 1995
f 2352 1899 2352
f 1995 2352 1995
f 2352 2352 1995
f 1899 2349 2349
f 2349 1994 1994
f 2349 1994 1994
f 2349 1994 2349
f 1994 2348 2348
f 2348 1873 1873
f 2348 1873 1873
f 2348 1873 2348
f 1994 2348 2348
f 2348 1873 1873
f 2348 1873 1873
f 2348 1873 2348
f 1994 2348 1994
f 2348 1873 2348
f 1994 2348 1994
f 2348 2348 1994
f 1899 2349 2349
f 2349 1994 1994
f 2349 1994 1994
f 2349 1994 2349
f 1994 2348 2348
f 2348 1873 1873
f 2348 1873 1873
f 2348 1873 2348
f 1994 2348 2348
f 2348 1873 1873
f 2348 1873 1873
f 2348 1873 2348
f 1994 2348 1994
f 2348 1873 2348
f 1994 2348 1994
f 2348 2348 1994
f 1899 2349 1899
f 2349 1994 2349
f 1899 2349 1899
f 2349 2349 1899
f 1994 2348 1994
f 2348 1873 2348
f 1994 2348 1994
f 2348 2348 1994
f 1899 2349 1899
f 2349 1994 2349
f 1899 2349 1899
f 2349 2349 1899
f 1994 1994 2349
f 1994 1994 2349
f 2349 2349 1899
f 1994 2349 2349
f 1724 2399 2378
f 2399 2007 2401
f 2378 2401 2002
f 2399 2401 2378
f 2007 2400 2411
f 2400 1902 2408
f 2411 2408 2009
f 2400 2408 2411
f 2002 2409 2379
f 2409 2009 2407
f 2379 2407 1901
f 2409 2407 2379
f 2007 2411 2401
f 2411 2009 2409
f 2401 2409 2002
f 2411 2409 2401
f 1902 2397 2403
f 2397 2006 2406
f 2403 2406 2008
f 2397 2406 2403
f 2006 2396 2398
f 2396 1874 2351
f 2398 2351 1995
f 2396 2351 2398
f 2008 2404 2402
f 2404 1995 2352
f 2402 2352 1899
f 2404 2352 2402
f 2006 2398 2406
f 2398 1995 2404
f 2406 2404 2008
f 2398 2404 2406
f 1901 2387 2375
f 2387 2004 2389
f 2375 2389 2001
f 2387 2389 2375
f 2004 2386 2388
f 2386 1899 2349
f 2388 2349 1994
f 2386 2349 2388
f 2001 2377 2374
f 2377 1994 2348
f 2374 2348 1873
f 2377 2348 2374
f 2004 2388 2389
f 2388 1994 2377
f 2389 2377 2001
f 2388 2377 2389
f 1902 2403 2408
f 2403 2008 2412
f 2408 2412 2009
f 2403 2412 2408
f 2008 2402 2405
f 2402 1899 2386
f 2405 2386 2004
f 2402 2386 2405
f 2009 2410 2407
f 2410 2004 2387
f 2407 2387 1901
f 2410 2387 2407
f 2008 2405 2412
f 2405 2004 2410
f 2412 2410 2009
f 2405 2410 2412
f 1724 2378 2378
f 2378 2002 2002
f 2378 2002 2002
f 2378 2002 2378
f 2002 2379 2379
f 2379 1901 1901
f 2379 1901 1901
f 2379 1901 2379
f 2002 2379 2379
f 2379 1901 1901
f 2379 1901 1901
f 2379 1901 2379
f 2002 2379 2002
f 2379 1901 2379
f 2002 2379 2002
f 2379 2379 2002
f 1901 2375 2375
f 2375 2001 2001
f 2375 2001 2001
f 2375 2001 2375
f 2001 2374 2374
f 2374 1873 1873
f 2374 1873 1873
f 2374 1873 2374
f 2001 2374 2374
f 2374 1873 1873
f 2374 1873 1873
f 2374 1873 2374
f 2001 2374 2001
f 2374 1873 2374
f 2001 2374 2001
f 2374 2374 2001
f 1901 2375 2375
f 2375 2001 2001
f 2375 2001 2001
f 2375 2001 2375
f 2001 2374 2374
f 2374 1873 1873
f 2374 1873 1873
f 2374 1873 2374
f 2001 2374 2374
f 2374 1873 1873
f 2374 1873 1873
f 2374 1873 2374
f 2001 2374 2001
f 2374 1873 2374
f 2001 2374 2001
f 2374 2374 2001
f 1901 2375 1901
f 2375 2001 2375
f 1901 2375 1901
f 2375 2375 1901
f 2001 2374 2001
f 2374 1873 2374
f 2001 2374 2001
f 2374 2374 2001
f 1901 2375 1901
f 2375 2001 2375
f 1901 2375 1901
f 2375 2375 1901
f 2001 2001 2375
f 2001 2001 2375
f 2375 2375 1901
f 2001 2375 2375
f 1724 2422 2399
f 2422 2013 2424
f 2399 2424 2007
f 2422 2424 2399
f 2013 2423 2432
f 2423 1904 2429
f 2432 2429 2015
f 2423 2429 2432
f 2007 2430 2400
f 2430 2015 2428
f 2400 2428 1902
f 2430 2428 2400
f 2013 2432 2424
f 2432 2015 2430
f 2424 2430 2007
f 2432 2430 2424
f 1904 2426 2434
f 2426 2014 2437
f 2434 2437 2016
f 2426 2437 2434
f 2014 2425 2427
f 2425 1875 2416
f 2427 2416 2011
f 2425 2416 2427
f 2016 2435 2433
f 2435 2011 2417
f 2433 2417 1903
f 2435 2417 2433
f 2014 2427 2437
f 2427 2011 2435
f 2437 2435 2016
f 2427 2435 2437
f 1902 2418 2397
f 2418 2012 2420
f 2397 2420 2006
f 2418 2420 2397
f 2012 2419 2421
f 2419 1903 2414
f 2421 2414 2010
f 2419 2414 2421
f 2006 2415 2396
f 2415 2010 2413
f 2396 2413 1874
f 2415 2413 2396
f 2012 2421 2420
f 2421 2010 2415
f 2420 2415 2006
f 2421 2415 2420
f 1904 2434 2429
f 2434 2016 2438
f 2429 2438 2015
f 2434 2438 2429
f 2016 2433 2436
f 2433 1903 2419
f 2436 2419 2012
f 2433 2419 2436
f 2015 2431 2428
f 2431 2012 2418
f 2428 2418 1902
f 2431 2418 2428
f 2016 2436 2438
f 2436 2012 2431
f 2438 2431 2015
f 2436 2431 2438
f 1724 2399 2399
f 2399 2007 2007
f 2399 2007 2007
f 2399 2007 2399
f 2007 2400 2400
f 2400 1902 1902
f 2400 1902 1902
f 2400 1902 2400
f 2007 2400 2400
f 2400 1902 1902
f 2400 1902 1902
f 2400 1902 2400
f 2007 2400 2007
f 2400 1902 2400
f 2007 2400 2007
f 2400 2400 2007
f 1902 2397 2397
f 2397 2006 2006
f 2397 2006 2006
f 2397 2006 2397
f 2006 2396 2396
f 2396 1874 1874
f 2396 1874 1874
f 2396 1874 2396
f 2006 2396 2396
f 2396 1874 1874
f 2396 1874 1874
f 2396 1874 2396
f 2006 2396 2006
f 2396 1874 2396
f 2006 2396 2006
f 2396 2396 2006
f 1902 2397 2397
f 2397 2006 2006
f 2397 2006 2006
f 2397 2006 2397
f 2006 2396 2396
f 2396 1874 1874
f 2396 1874 1874
f 2396 1874 2396
f 2006 2396 2396
f 2396 1874 1874
f 2396 1874 1874
f 2396 1874 2396
f 2006 2396 2006
f 2396 1874 2396
f 2006 2396 2006
f 2396 2396 2006
f 1902 2397 1902
f 2397 2006 2397
f 1902 2397 1902
f 2397 2397 1902
f 2006 2396 2006
f 2396 1874 2396
f 2006 2396 2006
f 2396 2396 2006
f 1902 2397 1902
f 2397 2006 2397
f 1902 2397 1902
f 2397 2397 1902
f 2006 2006 2397
f 2006 2006 2397
f 2397 2397 1902
f 2006 2397 2397
f 1724 2378 2368
f 2378 2002 2380
f 2368 2380 1999
f 2378 2380 2368
f 2002 2379 2394
f 2379 1901 2391
f 2394 2391 2005
f 2379 2391 2394
f 1999 2392 2369
f 2392 2005 2390
f 2369 2390 1900
f 2392 2390 2369
f 2002 2394 2380
f 2394 2005 2392
f 2380 2392 1999
f 2394 2392 2380
f 1901 2375 2382
f 2375 2001 2385
f 2382 2385 2003
f 2375 2385 2382
f 2001 2374 2376
f 2374 1873 2311
f 2376 2311 1983
f 2374 2311 2376
f 2003 2383 2381
f 2383 1983 2312
f 2381 2312 1895
f 2383 2312 2381
f 2001 2376 2385
f 2376 1983 2383
f 2385 2383 2003
f 2376 2383 2385
f 1900 2371 2366
f 2371 2000 2373
f 2366 2373 1998
f 2371 2373 2366
f 2000 2370 2372
f 2370 1895 2310
f 2372 2310 1982
f 2370 2310 2372
f 1998 2367 2365
f 2367 1982 2309
f 2365 2309 1866
f 2367 2309 2365
f 2000 2372 2373
f 2372 1982 2367
f 2373 2367 1998
f 2372 2367 2373
f 1901 2382 2391
f 2382 2003 2395
f 2391 2395 2005
f 2382 2395 2391
f 2003 2381 2384
f 2381 1895 2370
f 2384 2370 2000
f 2381 2370 2384
f 2005 2393 2390
f 2393 2000 2371
f 2390 2371 1900
f 2393 2371 2390
f 2003 2384 2395
f 2384 2000 2393
f 2395 2393 2005
f 2384 2393 2395
f 1724 2368 2368
f 2368 1999 1999
f 2368 1999 1999
f 2368 1999 2368
f 1999 2369 2369
f 2369 1900 1900
f 2369 1900 1900
f 2369 1900 2369
f 1999 2369 2369
f 2369 1900 1900
f 2369 1900 1900
f 2369 1900 2369
f 1999 2369 1999
f 2369 1900 2369
f 1999 2369 1999
f 2369 2369 1999
f 1900 2366 2366
f 2366 1998 1998
f 2366 1998 1998
f 2366 1998 2366
f 1998 2365 2365
f 2365 1866 1866
f 2365 1866 1866
f 2365 1866 2365
f 1998 2365 2365
f 2365 1866 1866
f 2365 1866 1866
f 2365 1866 2365
f 1998 2365 1998
f 2365 1866 2365
f 1998 2365 1998
f 2365 2365 1998
f 1900 2366 2366
f 2366 1998 1998
f 2366 1998 1998
f 2366 1998 2366
f 1998 2365 2365
f 2365 1866 1866
f 2365 1866 1866
f 2365 1866 2365
f 1998 2365 2365
f 2365 1866 1866
f 2365 1866 1866
f 2365 1866 2365
f 1998 2365 1998
f 2365 1866 2365
f 1998 2365 1998
f 2365 2365 1998
f 1900 2366 1900
f 2366 1998 2366
f 1900 2366 1900
f 2366 2366 1900
f 1998 2365 1998
f 2365 1866 2365
f 1998 2365 1998
f 2365 2365 1998
f 1900 2366 1900
f 2366 1998 2366
f 1900 2366 1900
f 2366 2366 1900
f 1998 1998 2366
f 1998 1998 2366
f 2366 2366 1900
f 1998 2366 2366
f 1725 1852 2442
f 1852 1759 2479
f 2442 2479 2018
f 1852 2479 2442
f 1759 1853 2489
f 1853 1733 2486
f 2489 2486 2030
f 1853 2486 2489
f 2018 2487 2443
f 2487 2030 2485
f 2443 2485 1905
f 2487 2485 2443
f 1759 2489 2479
f 2489 2030 2487
f 2479 2487 2018
f 2489 2487 2479
f 1733 1850 2481
f 1850 1758 2484
f 2481 2484 2029
f 1850 2484 2481
f 1758 1849 2478
f 1849 1724 2368
f 2478 2368 1999
f 1849 2368 2478
f 2029 2482 2480
f 2482 1999 2369
f 2480 2369 1900
f 2482 2369 2480
f 1758 2478 2484
f 2478 1999 2482
f 2484 2482 2029
f 2478 2482 2484
f 1905 2445 2440
f 2445 2019 2447
f 2440 2447 2017
f 2445 2447 2440
f 2019 2444 2446
f 2444 1900 2366
f 2446 2366 1998
f 2444 2366 2446
f 2017 2441 2439
f 2441 1998 2365
f 2439 2365 1866
f 2441 2365 2439
f 2019 2446 2447
f 2446 1998 2441
f 2447 2441 2017
f 2446 2441 2447
f 1733 2481 2486
f 2481 2029 2490
f 2486 2490 2030
f 2481 2490 2486
f 2029 2480 2483
f 2480 1900 2444
f 2483 2444 2019
f 2480 2444 2483
f 2030 2488 2485
f 2488 2019 2445
f 2485 2445 1905
f 2488 2445 2485
f 2029 2483 2490
f 2483 2019 2488
f 2490 2488 2030
f 2483 2488 2490
f 1725 2442 2442
f 2442 2018 2018
f 2442 2018 2018
f 2442 2018 2442
f 2018 2443 2443
f 2443 1905 1905
f 2443 1905 1905
f 2443 1905 2443
f 2018 2443 2443
f 2443 1905 1905
f 2443 1905 1905
f 2443 1905 2443
f 2018 2443 2018
f 2443 1905 2443
f 2018 2443 2018
f 2443 2443 2018
f 1905 2440 2440
f 2440 2017 2017
f 2440 2017 2017
f 2440 2017 2440
f 2017 2439 2439
f 2439 1866 1866
f 2439 1866 1866
f 2439 1866 2439
f 2017 2439 2439
f 2439 1866 1866
f 2439 1866 1866
f 2439 1866 2439
f 2017 2439 2017
f 2439 1866 2439
f 2017 2439 2017
f 2439 2439 2017
f 1905 2440 2440
f 2440 2017 2017
f 2440 2017 2017
f 2440 2017 2440
f 2017 2439 2439
f 2439 1866 1866
f 2439 1866 1866
f 2439 1866 2439
f 2017 2439 2439
f 2439 1866 1866
f 2439 1866 1866
f 2439 1866 2439
f 2017 2439 2017
f 2439 1866 2439
f 2017 2439 2017
f 2439 2439 2017
f 1905 2440 1905
f 2440 2017 2440
f 1905 2440 1905
f 2440 2440 1905
f 2017 2439 2017
f 2439 1866 2439
f 2017 2439 2017
f 2439 2439 2017
f 1905 2440 1905
f 2440 2017 2440
f 1905 2440 1905
f 2440 2440 1905
f 2017 2017 2440
f 2017 2017 2440
f 2440 2440 1905
f 2017 2440 2440
f 1725 2442 2531
f 2442 2018 2533
f 2531 2533 2042
f 2442 2533 2531
f 2018 2443 2541
f 2443 1905 2539
f 2541 2539 2044
f 2443 2539 2541
f 2042 2543 2532
f 2543 2044 2540
f 2532 2540 1912
f 2543 2540 2532
f 2018 2541 2533
f 2541 2044 2543
f 2533 2543 2042
f 2541 2543 2533
f 1905 2440 2512
f 2440 2017 2514
f 2512 2514 2037
f 2440 2514 2512
f 2017 2439 2503
f 2439 1866 2500
f 2503 2500 2034
f 2439 2500 2503
f 2037 2515 2513
f 2515 2034 2501
f 2513 2501 1910
f 2515 2501 2513
f 2017 2503 2514
f 2503 2034 2515
f 2514 2515 2037
f 2503 2515 2514
f 1912 2550 2536
f 2550 2046 2553
f 2536 2553 2043
f 2550 2553 2536
f 2046 2549 2551
f 2549 1910 2505
f 2551 2505 2035
f 2549 2505 2551
f 2043 2537 2535
f 2537 2035 2504
f 2535 2504 1876
f 2537 2504 2535
f 2046 2551 2553
f 2551 2035 2537
f 2553 2537 2043
f 2551 2537 2553
f 1905 2512 2539
f 2512 2037 2542
f 2539 2542 2044
f 2512 2542 2539
f 2037 2513 2552
f 2513 1910 2549
f 2552 2549 2046
f 2513 2549 2552
f 2044 2554 2540
f 2554 2046 2550
f 2540 2550 1912
f 2554 2550 2540
f 2037 2552 2542
f 2552 2046 2554
f 2542 2554 2044
f 2552 2554 2542
f 1725 2531 2531
f 2531 2042 2042
f 2531 2042 2042
f 2531 2042 2531
f 2042 2532 2532
f 2532 1912 1912
f 2532 1912 1912
f 2532 1912 2532
f 2042 2532 2532
f 2532 1912 1912
f 2532 1912 1912
f 2532 1912 2532
f 2042 2532 2042
f 2532 1912 2532
f 2042 2532 2042
f 2532 2532 2042
f 1912 2536 2536
f 2536 2043 2043
f 2536 2043 2043
f 2536 2043 2536
f 2043 2535 2535
f 2535 1876 1876
f 2535 1876 1876
f 2535 1876 2535
f 2043 2535 2535
f 2535 1876 1876
f 2535 1876 1876
f 2535 1876 2535
f 2043 2535 2043
f 2535 1876 2535
f 2043 2535 2043
f 2535 2535 2043
f 1912 2536 2536
f 2536 2043 2043
f 2536 2043 2043
f 2536 2043 2536
f 2043 2535 2535
f 2535 1876 1876
f 2535 1876 1876
f 2535 1876 2535
f 2043 2535 2535
f 2535 1876 1876
f 2535 1876 1876
f 2535 1876 2535
f 2043 2535 2043
f 2535 1876 2535
f 2043 2535 2043
f 2535 2535 2043
f 1912 2536 1912
f 2536 2043 2536
f 1912 2536 1912
f 2536 2536 1912
f 2043 2535 2043
f 2535 1876 2535
f 2043 2535 2043
f 2535 2535 2043
f 1912 2536 1912
f 2536 2043 2536
f 1912 2536 1912
f 2536 2536 1912
f 2043 2043 2536
f 2043 2043 2536
f 2536 2536 1912
f 2043 2536 2536
f 1876 2504 2494
f 2504 2035 2506
f 2494 2506 2032
f 2504 2506 2494
f 2035 2505 2520
f 2505 1910 2517
f 2520 2517 2038
f 2505 2517 2520
f 2032 2518 2495
f 2518 2038 2516
f 2495 2516 1909
f 2518 2516 2495
f 2035 2520 2506
f 2520 2038 2518
f 2506 2518 2032
f 2520 2518 2506
f 1910 2501 2508
f 2501 2034 2511
f 2508 2511 2036
f 2501 2511 2508
f 2034 2500 2502
f 2500 1866 2125
f 2502 2125 1932
f 2500 2125 2502
f 2036 2509 2507
f 2509 1932 2126
f 2507 2126 1880
f 2509 2126 2507
f 2034 2502 2511
f 2502 1932 2509
f 2511 2509 2036
f 2502 2509 2511
f 1909 2497 2492
f 2497 2033 2499
f 2492 2499 2031
f 2497 2499 2492
f 2033 2496 2498
f 2496 1880 2124
f 2498 2124 1931
f 2496 2124 2498
f 2031 2493 2491
f 2493 1931 2123
f 2491 2123 1522
f 2493 2123 2491
f 2033 2498 2499
f 2498 1931 2493
f 2499 2493 2031
f 2498 2493 2499
f 1910 2508 2517
f 2508 2036 2521
f 2517 2521 2038
f 2508 2521 2517
f 2036 2507 2510
f 2507 1880 2496
f 2510 2496 2033
f 2507 2496 2510
f 2038 2519 2516
f 2519 2033 2497
f 2516 2497 1909
f 2519 2497 2516
f 2036 2510 2521
f 2510 2033 2519
f 2521 2519 2038
f 2510 2519 2521
f 1876 2494 2494
f 2494 2032 2032
f 2494 2032 2032
f 2494 2032 2494
f 2032 2495 2495
f 2495 1909 1909
f 2495 1909 1909
f 2495 1909 2495
f 2032 2495 2495
f 2495 1909 1909
f 2495 1909 1909
f 2495 1909 2495
f 2032 2495 2032
f 2495 1909 2495
f 2032 2495 2032
f 2495 2495 2032
f 1909 2492 2492
f 2492 2031 2031
f 2492 2031 2031
f 2492 2031 2492
f 2031 2491 2491
f 2491 1522 1522
f 2491 1522 1522
f 2491 1522 2491
f 2031 2491 2491
f 2491 1522 1522
f 2491 1522 1522
f 2491 1522 2491
f 2031 2491 2031
f 2491 1522 2491
f 2031 2491 2031
f 2491 2491 2031
f 1909 2492 2492
f 2492 2031 2031
f 2492 2031 2031
f 2492 2031 2492
f 2031 2491 2491
f 2491 1522 1522
f 2491 1522 1522
f 2491 1522 2491
f 2031 2491 2491
f 2491 1522 1522
f 2491 1522 1522
f 2491 1522 2491
f 2031 2491 2031
f 2491 1522 2491
f 2031 2491 2031
f 2491 2491 2031
f 1909 2492 1909
f 2492 2031 2492
f 1909 2492 1909
f 2492 2492 1909
f 2031 2491 2031
f 2491 1522 2491
f 2031 2491 2031
f 2491 2491 2031
f 1909 2492 1909
f 2492 2031 2492
f 1909 2492 1909
f 2492 2492 1909
f 2031 2031 2492
f 2031 2031 2492
f 2492 2492 1909
f 2031 2492 2492
f 1725 2531 2450
f 2531 2042 2534
f 2450 2534 2021
f 2531 2534 2450
f 2042 2532 2548
f 2532 1912 2545
f 2548 2545 2045
f 2532 2545 2548
f 2021 2546 2451
f 2546 2045 2544
f 2451 2544 1906
f 2546 2544 2451
f 2042 2548 2534
f 2548 2045 2546
f 2534 2546 2021
f 2548 2546 2534
f 1912 2536 2556
f 2536 2043 2559
f 2556 2559 2047
f 2536 2559 2556
f 2043 2535 2538
f 2535 1876 2525
f 2538 2525 2040
f 2535 2525 2538
f 2047 2557 2555
f 2557 2040 2526
f 2555 2526 1911
f 2557 2526 2555
f 2043 2538 2559
f 2538 2040 2557
f 2559 2557 2047
f 2538 2557 2559
f 1906 2527 2449
f 2527 2041 2529
f 2449 2529 2020
f 2527 2529 2449
f 2041 2528 2530
f 2528 1911 2523
f 2530 2523 2039
f 2528 2523 2530
f 2020 2524 2448
f 2524 2039 2522
f 2448 2522 1867
f 2524 2522 2448
f 2041 2530 2529
f 2530 2039 2524
f 2529 2524 2020
f 2530 2524 2529
f 1912 2556 2545
f 2556 2047 2560
f 2545 2560 2045
f 2556 2560 2545
f 2047 2555 2558
f 2555 1911 2528
f 2558 2528 2041
f 2555 2528 2558
f 2045 2547 2544
f 2547 2041 2527
f 2544 2527 1906
f 2547 2527 2544
f 2047 2558 2560
f 2558 2041 2547
f 2560 2547 2045
f 2558 2547 2560
f 1725 2450 2450
f 2450 2021 2021
f 2450 2021 2021
f 2450 2021 2450
f 2021 2451 2451
f 2451 1906 1906
f 2451 1906 1906
f 2451 1906 2451
f 2021 2451 2451
f 2451 1906 1906
f 2451 1906 1906
f 2451 1906 2451
f 2021 2451 2021
f 2451 1906 2451
f 2021 2451 2021
f 2451 2451 2021
f 1906 2449 2449
f 2449 2020 2020
f 2449 2020 2020
f 2449 2020 2449
f 2020 2448 2448
f 2448 1867 1867
f 2448 1867 1867
f 2448 1867 2448
f 2020 2448 2448
f 2448 1867 1867
f 2448 1867 1867
f 2448 1867 2448
f 2020 2448 2020
f 2448 1867 2448
f 2020 2448 2020
f 2448 2448 2020
f 1906 2449 2449
f 2449 2020 2020
f 2449 2020 2020
f 2449 2020 2449
f 2020 2448 2448
f 2448 1867 1867
f 2448 1867 1867
f 2448 1867 2448
f 2020 2448 2448
f 2448 1867 1867
f 2448 1867 1867
f 2448 1867 2448
f 2020 2448 2020
f 2448 1867 2448
f 2020 2448 2020
f 2448 2448 2020
f 1906 2449 1906
f 2449 2020 2449
f 1906 2449 1906
f 2449 2449 1906
f 2020 2448 2020
f 2448 1867 2448
f 2020 2448 2020
f 2448 2448 2020
f 1906 2449 1906
f 2449 2020 2449
f 1906 2449 1906
f 2449 2449 1906
f 2020 2020 2449
f 2020 2020 2449
f 2449 2449 1906
f 2020 2449 2449
f 1725 2450 2645
f 2450 2021 2647
f 2645 2647 2069
f 2450 2647 2645
f 2021 2451 2655
f 2451 1906 2653
f 2655 2653 2071
f 2451 2653 2655
f 2069 2657 2646
f 2657 2071 2654
f 2646 2654 1918
f 2657 2654 2646
f 2021 2655 2647
f 2655 2071 2657
f 2647 2657 2069
f 2655 2657 2647
f 1906 2449 2582
f 2449 2020 2584
f 2582 2584 2054
f 2449 2584 2582
f 2020 2448 2573
f 2448 1867 2570
f 2573 2570 2051
f 2448 2570 2573
f 2054 2585 2583
f 2585 2051 2571
f 2583 2571 1914
f 2585 2571 2583
f 2020 2573 2584
f 2573 2051 2585
f 2584 2585 2054
f 2573 2585 2584
f 1918 2664 2650
f 2664 2073 2667
f 2650 2667 2070
f 2664 2667 2650
f 2073 2663 2665
f 2663 1914 2575
f 2665 2575 2052
f 2663 2575 2665
f 2070 2651 2649
f 2651 2052 2574
f 2649 2574 1877
f 2651 2574 2649
f 2073 2665 2667
f 2665 2052 2651
f 2667 2651 2070
f 2665 2651 2667
f 1906 2582 2653
f 2582 2054 2656
f 2653 2656 2071
f 2582 2656 2653
f 2054 2583 2666
f 2583 1914 2663
f 2666 2663 2073
f 2583 2663 2666
f 2071 2668 2654
f 2668 2073 2664
f 2654 2664 1918
f 2668 2664 2654
f 2054 2666 2656
f 2666 2073 2668
f 2656 2668 2071
f 2666 2668 2656
f 1725 2645 2645
f 2645 2069 2069
f 2645 2069 2069
f 2645 2069 2645
f 2069 2646 2646
f 2646 1918 1918
f 2646 1918 1918
f 2646 1918 2646
f 2069 2646 2646
f 2646 1918 1918
f 2646 1918 1918
f 2646 1918 2646
f 2069 2646 2069
f 2646 1918 2646
f 2069 2646 2069
f 2646 2646 2069
f 1918 2650 2650
f 2650 2070 2070
f 2650 2070 2070
f 2650 2070 2650
f 2070 2649 2649
f 2649 1877 1877
f 2649 1877 1877
f 2649 1877 2649
f 2070 2649 2649
f 2649 1877 1877
f 2649 1877 1877
f 2649 1877 2649
f 2070 2649 2070
f 2649 1877 2649
f 2070 2649 2070
f 2649 2649 2070
f 1918 2650 2650
f 2650 2070 2070
f 2650 2070 2070
f 2650 2070 2650
f 2070 2649 2649
f 2649 1877 1877
f 2649 1877 1877
f 2649 1877 2649
f 2070 2649 2649
f 2649 1877 1877
f 2649 1877 1877
f 2649 1877 2649
f 2070 2649 2070
f 2649 1877 2649
f 2070 2649 2070
f 2649 2649 2070
f 1918 2650 1918
f 2650 2070 2650
f 1918 2650 1918
f 2650 2650 1918
f 2070 2649 2070
f 2649 1877 2649
f 2070 2649 2070
f 2649 2649 2070
f 1918 2650 1918
f 2650 2070 2650
f 1918 2650 1918
f 2650 2650 1918
f 2070 2070 2650
f 2070 2070 2650
f 2650 2650 1918
f 2070 2650 2650
f 1877 2574 2564
f 2574 2052 2576
f 2564 2576 2049
f 2574 2576 2564
f 2052 2575 2590
f 2575 1914 2587
f 2590 2587 2055
f 2575 2587 2590
f 2049 2588 2565
f 2588 2055 2586
f 2565 2586 1913
f 2588 2586 2565
f 2052 2590 2576
f 2590 2055 2588
f 2576 2588 2049
f 2590 2588 2576
f 1914 2571 2578
f 2571 2051 2581
f 2578 2581 2053
f 2571 2581 2578
f 2051 2570 2572
f 2570 1867 2151
f 2572 2151 1939
f 2570 2151 2572
f 2053 2579 2577
f 2579 1939 2152
f 2577 2152 1882
f 2579 2152 2577
f 2051 2572 2581
f 2572 1939 2579
f 2581 2579 2053
f 2572 2579 2581
f 1913 2567 2562
f 2567 2050 2569
f 2562 2569 2048
f 2567 2569 2562
f 2050 2566 2568
f 2566 1882 2150
f 2568 2150 1938
f 2566 2150 2568
f 2048 2563 2561
f 2563 1938 2149
f 2561 2149 1450
f 2563 2149 2561
f 2050 2568 2569
f 2568 1938 2563
f 2569 2563 2048
f 2568 2563 2569
f 1914 2578 2587
f 2578 2053 2591
f 2587 2591 2055
f 2578 2591 2587
f 2053 2577 2580
f 2577 1882 2566
f 2580 2566 2050
f 2577 2566 2580
f 2055 2589 2586
f 2589 2050 2567
f 2586 2567 1913
f 2589 2567 2586
f 2053 2580 2591
f 2580 2050 2589
f 2591 2589 2055
f 2580 2589 2591
f 1877 2564 2564
f 2564 2049 2049
f 2564 2049 2049
f 2564 2049 2564
f 2049 2565 2565
f 2565 1913 1913
f 2565 1913 1913
f 2565 1913 2565
f 2049 2565 2565
f 2565 1913 1913
f 2565 1913 1913
f 2565 1913 2565
f 2049 2565 2049
f 2565 1913 2565
f 2049 2565 2049
f 2565 2565 2049
f 1913 2562 2562
f 2562 2048 2048
f 2562 2048 2048
f 2562 2048 2562
f 2048 2561 2561
f 2561 1450 1450
f 2561 1450 1450
f 2561 1450 2561
f 2048 2561 2561
f 2561 1450 1450
f 2561 1450 1450
f 2561 1450 2561
f 2048 2561 2048
f 2561 1450 2561
f 2048 2561 2048
f 2561 2561 2048
f 1913 2562 2562
f 2562 2048 2048
f 2562 2048 2048
f 2562 2048 2562
f 2048 2561 2561
f 2561 1450 1450
f 2561 1450 1450
f 2561 1450 2561
f 2048 2561 2561
f 2561 1450 1450
f 2561 1450 1450
f 2561 1450 2561
f 2048 2561 2048
f 2561 1450 2561
f 2048 2561 2048
f 2561 2561 2048
f 1913 2562 1913
f 2562 2048 2562
f 1913 2562 1913
f 2562 2562 1913
f 2048 2561 2048
f 2561 1450 2561
f 2048 2561 2048
f 2561 2561 2048
f 1913 2562 1913
f 2562 2048 2562
f 1913 2562 1913
f 2562 2562 1913
f 2048 2048 2562
f 2048 2048 2562
f 2562 2562 1913
f 2048 2562 2562
f 1869 2606 2675
f 2606 2060 2677
f 2675 2677 2075
f 2606 2677 2675
f 2060 2607 2682
f 2607 1916 2680
f 2682 2680 2077
f 2607 2680 2682
f 2075 2683 2676
f 2683 2077 2681
f 2676 2681 1919
f 2683 2681 2676
f 2060 2682 2677
f 2682 2077 2683
f 2677 2683 2075
f 2682 2683 2677
f 1916 2610 2690
f 2610 2061 2692
f 2690 2692 2080
f 2610 2692 2690
f 2061 2609 2686
f 2609 1877 2684
f 2686 2684 2078
f 2609 2684 2686
f 2080 2694 2691
f 2694 2078 2685
f 2691 2685 1920
f 2694 2685 2691
f 2061 2686 2692
f 2686 2078 2694
f 2692 2694 2080
f 2686 2694 2692
f 1919 2695 2679
f 2695 2081 2697
f 2679 2697 2076
f 2695 2697 2679
f 2081 2696 2699
f 2696 1920 2688
f 2699 2688 2079
f 2696 2688 2699
f 2076 2689 2678
f 2689 2079 2687
f 2678 2687 1878
f 2689 2687 2678
f 2081 2699 2697
f 2699 2079 2689
f 2697 2689 2076
f 2699 2689 2697
f 1916 2690 2680
f 2690 2080 2693
f 2680 2693 2077
f 2690 2693 2680
f 2080 2691 2700
f 2691 1920 2696
f 2700 2696 2081
f 2691 2696 2700
f 2077 2698 2681
f 2698 2081 2695
f 2681 2695 1919
f 2698 2695 2681
f 2080 2700 2693
f 2700 2081 2698
f 2693 2698 2077
f 2700 2698 2693
f 1869 2675 2675
f 2675 2075 2075
f 2675 2075 2075
f 2675 2075 2675
f 2075 2676 2676
f 2676 1919 1919
f 2676 1919 1919
f 2676 1919 2676
f 2075 2676 2676
f 2676 1919 1919
f 2676 1919 1919
f 2676 1919 2676
f 2075 2676 2075
f 2676 1919 2676
f 2075 2676 2075
f 2676 2676 2075
f 1919 2679 2679
f 2679 2076 2076
f 2679 2076 2076
f 2679 2076 2679
f 2076 2678 2678
f 2678 1878 1878
f 2678 1878 1878
f 2678 1878 2678
f 2076 2678 2678
f 2678 1878 1878
f 2678 1878 1878
f 2678 1878 2678
f 2076 2678 2076
f 2678 1878 2678
f 2076 2678 2076
f 2678 2678 2076
f 1919 2679 2679
f 2679 2076 2076
f 2679 2076 2076
f 2679 2076 2679
f 2076 2678 2678
f 2678 1878 1878
f 2678 1878 1878
f 2678 1878 2678
f 2076 2678 2678
f 2678 1878 1878
f 2678 1878 1878
f 2678 1878 2678
f 2076 2678 2076
f 2678 1878 2678
f 2076 2678 2076
f 2678 2678 2076
f 1919 2679 1919
f 2679 2076 2679
f 1919 2679 1919
f 2679 2679 1919
f 2076 2678 2076
f 2678 1878 2678
f 2076 2678 2076
f 2678 2678 2076
f 1919 2679 1919
f 2679 2076 2679
f 1919 2679 1919
f 2679 2679 1919
f 2076 2076 2679
f 2076 2076 2679
f 2679 2679 1919
f 2076 2679 2679
f 1868 2592 2188
f 2592 2056 2594
f 2188 2594 1950
f 2592 2594 2188
f 2056 2593 2601
f 2593 1915 2599
f 2601 2599 2058
f 2593 2599 2601
f 1950 2600 2189
f 2600 2058 2598
f 2189 2598 1886
f 2600 2598 2189
f 2056 2601 2594
f 2601 2058 2600
f 2594 2600 1950
f 2601 2600 2594
f 1915 2597 2617
f 2597 2057 2619
f 2617 2619 2063
f 2597 2619 2617
f 2057 2596 2611
f 2596 1877 2609
f 2611 2609 2061
f 2596 2609 2611
f 2063 2621 2618
f 2621 2061 2610
f 2618 2610 1916
f 2621 2610 2618
f 2057 2611 2619
f 2611 2061 2621
f 2619 2621 2063
f 2611 2621 2619
f 1886 2612 2192
f 2612 2062 2614
f 2192 2614 1951
f 2612 2614 2192
f 2062 2613 2616
f 2613 1916 2607
f 2616 2607 2060
f 2613 2607 2616
f 1951 2608 2191
f 2608 2060 2606
f 2191 2606 1869
f 2608 2606 2191
f 2062 2616 2614
f 2616 2060 2608
f 2614 2608 1951
f 2616 2608 2614
f 1915 2617 2599
f 2617 2063 2620
f 2599 2620 2058
f 2617 2620 2599
f 2063 2618 2622
f 2618 1916 2613
f 2622 2613 2062
f 2618 2613 2622
f 2058 2615 2598
f 2615 2062 2612
f 2598 2612 1886
f 2615 2612 2598
f 2063 2622 2620
f 2622 2062 2615
f 2620 2615 2058
f 2622 2615 2620
f 1868 2188 2188
f 2188 1950 1950
f 2188 1950 1950
f 2188 1950 2188
f 1950 2189 2189
f 2189 1886 1886
f 2189 1886 1886
f 2189 1886 2189
f 1950 2189 2189
f 2189 1886 1886
f 2189 1886 1886
f 2189 1886 2189
f 1950 2189 1950
f 2189 1886 2189
f 1950 2189 1950
f 2189 2189 1950
f 1886 2192 2192
f 2192 1951 1951
f 2192 1951 1951
f 2192 1951 2192
f 1951 2191 2191
f 2191 1869 1869
f 2191 1869 1869
f 2191 1869 2191
f 1951 2191 2191
f 2191 1869 1869
f 2191 1869 1869
f 2191 1869 2191
f 1951 2191 1951
f 2191 1869 2191
f 1951 2191 1951
f 2191 2191 1951
f 1886 2192 2192
f 2192 1951 1951
f 2192 1951 1951
f 2192 1951 2192
f 1951 2191 2191
f 2191 1869 1869
f 2191 1869 1869
f 2191 1869 2191
f 1951 2191 2191
f 2191 1869 1869
f 2191 1869 1869
f 2191 1869 2191
f 1951 2191 1951
f 2191 1869 2191
f 1951 2191 1951
f 2191 2191 1951
f 1886 2192 1886
f 2192 1951 2192
f 1886 2192 1886
f 2192 2192 1886
f 1951 2191 1951
f 2191 1869 2191
f 1951 2191 1951
f 2191 2191 1951
f 1886 2192 1886
f 2192 1951 2192
f 1886 2192 1886
f 2192 2192 1886
f 1951 1951 2192
f 1951 1951 2192
f 2192 2192 1886
f 1951 2192 2192
f 1725 2710 2727
f 2710 2085 2729
f 2727 2729 2089
f 2710 2729 2727
f 2085 2711 2734
f 2711 1922 2732
f 2734 2732 2091
f 2711 2732 2734
f 2089 2735 2728
f 2735 2091 2733
f 2728 2733 1923
f 2735 2733 2728
f 2085 2734 2729
f 2734 2091 2735
f 2729 2735 2089
f 2734 2735 2729
f 1922 2714 2742
f 2714 2086 2744
f 2742 2744 2094
f 2714 2744 2742
f 2086 2713 2738
f 2713 1879 2736
f 2738 2736 2092
f 2713 2736 2738
f 2094 2746 2743
f 2746 2092 2737
f 2743 2737 1924
f 2746 2737 2743
f 2086 2738 2744
f 2738 2092 2746
f 2744 2746 2094
f 2738 2746 2744
f 1923 2747 2731
f 2747 2095 2749
f 2731 2749 2090
f 2747 2749 2731
f 2095 2748 2751
f 2748 1924 2740
f 2751 2740 2093
f 2748 2740 2751
f 2090 2741 2730
f 2741 2093 2739
f 2730 2739 1379
f 2741 2739 2730
f 2095 2751 2749
f 2751 2093 2741
f 2749 2741 2090
f 2751 2741 2749
f 1922 2742 2732
f 2742 2094 2745
f 2732 2745 2091
f 2742 2745 2732
f 2094 2743 2752
f 2743 1924 2748
f 2752 2748 2095
f 2743 2748 2752
f 2091 2750 2733
f 2750 2095 2747
f 2733 2747 1923
f 2750 2747 2733
f 2094 2752 2745
f 2752 2095 2750
f 2745 2750 2091
f 2752 2750 2745
f 1725 2727 2727
f 2727 2089 2089
f 2727 2089 2089
f 2727 2089 2727
f 2089 2728 2728
f 2728 1923 1923
f 2728 1923 1923
f 2728 1923 2728
f 2089 2728 2728
f 2728 1923 1923
f 2728 1923 1923
f 2728 1923 2728
f 2089 2728 2089
f 2728 1923 2728
f 2089 2728 2089
f 2728 2728 2089
f 1923 2731 2731
f 2731 2090 2090
f 2731 2090 2090
f 2731 2090 2731
f 2090 2730 2730
f 2730 1379 1379
f 2730 1379 1379
f 2730 1379 2730
f 2090 2730 2730
f 2730 1379 1379
f 2730 1379 1379
f 2730 1379 2730
f 2090 2730 2090
f 2730 1379 2730
f 2090 2730 2090
f 2730 2730 2090
f 1923 2731 2731
f 2731 2090 2090
f 2731 2090 2090
f 2731 2090 2731
f 2090 2730 2730
f 2730 1379 1379
f 2730 1379 1379
f 2730 1379 2730
f 2090 2730 2730
f 2730 1379 1379
f 2730 1379 1379
f 2730 1379 2730
f 2090 2730 2090
f 2730 1379 2730
f 2090 2730 2090
f 2730 2730 2090
f 1923 2731 1923
f 2731 2090 2731
f 1923 2731 1923
f 2731 2731 1923
f 2090 2730 2090
f 2730 1379 2730
f 2090 2730 2090
f 2730 2730 2090
f 1923 2731 1923
f 2731 2090 2731
f 1923 2731 1923
f 2731 2731 1923
f 2090 2090 2731
f 2090 2090 2731
f 2731 2731 1923
f 2090 2731 2731
f 1871 2623 2233
f 2623 2064 2625
f 2233 2625 1962
f 2623 2625 2233
f 2064 2624 2634
f 2624 1917 2631
f 2634 2631 2066
f 2624 2631 2634
f 1962 2632 2234
f 2632 2066 2630
f 2234 2630 1889
f 2632 2630 2234
f 2064 2634 2625
f 2634 2066 2632
f 2625 2632 1962
f 2634 2632 2625
f 1917 2628 2640
f 2628 2065 2643
f 2640 2643 2068
f 2628 2643 2640
f 2065 2627 2629
f 2627 1877 2596
f 2629 2596 2057
f 2627 2596 2629
f 2068 2641 2639
f 2641 2057 2597
f 2639 2597 1915
f 2641 2597 2639
f 2065 2629 2643
f 2629 2057 2641
f 2643 2641 2068
f 2629 2641 2643
f 1889 2602 2232
f 2602 2059 2604
f 2232 2604 1961
f 2602 2604 2232
f 2059 2603 2605
f 2603 1915 2593
f 2605 2593 2056
f 2603 2593 2605
f 1961 2595 2231
f 2595 2056 2592
f 2231 2592 1868
f 2595 2592 2231
f 2059 2605 2604
f 2605 2056 2595
f 2604 2595 1961
f 2605 2595 2604
f 1917 2640 2631
f 2640 2068 2644
f 2631 2644 2066
f 2640 2644 2631
f 2068 2639 2642
f 2639 1915 2603
f 2642 2603 2059
f 2639 2603 2642
f 2066 2633 2630
f 2633 2059 2602
f 2630 2602 1889
f 2633 2602 2630
f 2068 2642 2644
f 2642 2059 2633
f 2644 2633 2066
f 2642 2633 2644
f 1871 2233 2233
f 2233 1962 1962
f 2233 1962 1962
f 2233 1962 2233
f 1962 2234 2234
f 2234 1889 1889
f 2234 1889 1889
f 2234 1889 2234
f 1962 2234 2234
f 2234 1889 1889
f 2234 1889 1889
f 2234 1889 2234
f 1962 2234 1962
f 2234 1889 2234
f 1962 2234 1962
f 2234 2234 1962
f 1889 2232 2232
f 2232 1961 1961
f 2232 1961 1961
f 2232 1961 2232
f 1961 2231 2231
f 2231 1868 1868
f 2231 1868 1868
f 2231 1868 2231
f 1961 2231 2231
f 2231 1868 1868
f 2231 1868 1868
f 2231 1868 2231
f 1961 2231 1961
f 2231 1868 2231
f 1961 2231 1961
f 2231 2231 1961
f 1889 2232 2232
f 2232 1961 1961
f 2232 1961 1961
f 2232 1961 2232
f 1961 2231 2231
f 2231 1868 1868
f 2231 1868 1868
f 2231 1868 2231
f 1961 2231 2231
f 2231 1868 1868
f 2231 1868 1868
f 2231 1868 2231
f 1961 2231 1961
f 2231 1868 2231
f 1961 2231 1961
f 2231 2231 1961
f 1889 2232 1889
f 2232 1961 2232
f 1889 2232 1889
f 2232 2232 1889
f 1961 2231 1961
f 2231 1868 2231
f 1961 2231 1961
f 2231 2231 1961
f 1889 2232 1889
f 2232 1961 2232
f 1889 2232 1889
f 2232 2232 1889
f 1961 1961 2232
f 1961 1961 2232
f 2232 2232 1889
f 1961 2232 2232
f 1725 2645 2464
f 2645 2069 2648
f 2464 2648 2026
f 2645 2648 2464
f 2069 2646 2662
f 2646 1918 2659
f 2662 2659 2072
f 2646 2659 2662
f 2026 2660 2465
f 2660 2072 2658
f 2465 2658 1908
f 2660 2658 2465
f 2069 2662 2648
f 2662 2072 2660
f 2648 2660 2026
f 2662 2660 2648
f 1918 2650 2670
f 2650 2070 2673
f 2670 2673 2074
f 2650 2673 2670
f 2070 2649 2652
f 2649 1877 2627
f 2652 2627 2065
f 2649 2627 2652
f 2074 2671 2669
f 2671 2065 2628
f 2669 2628 1917
f 2671 2628 2669
f 2070 2652 2673
f 2652 2065 2671
f 2673 2671 2074
f 2652 2671 2673
f 1908 2635 2462
f 2635 2067 2637
f 2462 2637 2025
f 2635 2637 2462
f 2067 2636 2638
f 2636 1917 2624
f 2638 2624 2064
f 2636 2624 2638
f 2025 2626 2461
f 2626 2064 2623
f 2461 2623 1871
f 2626 2623 2461
f 2067 2638 2637
f 2638 2064 2626
f 2637 2626 2025
f 2638 2626 2637
f 1918 2670 2659
f 2670 2074 2674
f 2659 2674 2072
f 2670 2674 2659
f 2074 2669 2672
f 2669 1917 2636
f 2672 2636 2067
f 2669 2636 2672
f 2072 2661 2658
f 2661 2067 2635
f 2658 2635 1908
f 2661 2635 2658
f 2074 2672 2674
f 2672 2067 2661
f 2674 2661 2072
f 2672 2661 2674
f 1725 2464 2464
f 2464 2026 2026
f 2464 2026 2026
f 2464 2026 2464
f 2026 2465 2465
f 2465 1908 1908
f 2465 1908 1908
f 2465 1908 2465
f 2026 2465 2465
f 2465 1908 1908
f 2465 1908 1908
f 2465 1908 2465
f 2026 2465 2026
f 2465 1908 2465
f 2026 2465 2026
f 2465 2465 2026
f 1908 2462 2462
f 2462 2025 2025
f 2462 2025 2025
f 2462 2025 2462
f 2025 2461 2461
f 2461 1871 1871
f 2461 1871 1871
f 2461 1871 2461
f 2025 2461 2461
f 2461 1871 1871
f 2461 1871 1871
f 2461 1871 2461
f 2025 2461 2025
f 2461 1871 2461
f 2025 2461 2025
f 2461 2461 2025
f 1908 2462 2462
f 2462 2025 2025
f 2462 2025 2025
f 2462 2025 2462
f 2025 2461 2461
f 2461 1871 1871
f 2461 1871 1871
f 2461 1871 2461
f 2025 2461 2461
f 2461 1871 1871
f 2461 1871 1871
f 2461 1871 2461
f 2025 2461 2025
f 2461 1871 2461
f 2025 2461 2025
f 2461 2461 2025
f 1908 2462 1908
f 2462 2025 2462
f 1908 2462 1908
f 2462 2462 1908
f 2025 2461 2025
f 2461 1871 2461
f 2025 2461 2025
f 2461 2461 2025
f 1908 2462 1908
f 2462 2025 2462
f 1908 2462 1908
f 2462 2462 1908
f 2025 2025 2462
f 2025 2025 2462
f 2462 2462 1908
f 2025 2462 2462
f 1725 2464 2455
f 2464 2026 2466
f 2455 2466 2023
f 2464 2466 2455
f 2026 2465 2476
f 2465 1908 2473
f 2476 2473 2028
f 2465 2473 2476
f 2023 2474 2456
f 2474 2028 2472
f 2456 2472 1907
f 2474 2472 2456
f 2026 2476 2466
f 2476 2028 2474
f 2466 2474 2023
f 2476 2474 2466
f 1908 2462 2468
f 2462 2025 2471
f 2468 2471 2027
f 2462 2471 2468
f 2025 2461 2463
f 2461 1871 2247
f 2463 2247 1967
f 2461 2247 2463
f 2027 2469 2467
f 2469 1967 2248
f 2467 2248 1891
f 2469 2248 2467
f 2025 2463 2471
f 2463 1967 2469
f 2471 2469 2027
f 2463 2469 2471
f 1907 2458 2453
f 2458 2024 2460
f 2453 2460 2022
f 2458 2460 2453
f 2024 2457 2459
f 2457 1891 2245
f 2459 2245 1966
f 2457 2245 2459
f 2022 2454 2452
f 2454 1966 2244
f 2452 2244 1870
f 2454 2244 2452
f 2024 2459 2460
f 2459 1966 2454
f 2460 2454 2022
f 2459 2454 2460
f 1908 2468 2473
f 2468 2027 2477
f 2473 2477 2028
f 2468 2477 2473
f 2027 2467 2470
f 2467 1891 2457
f 2470 2457 2024
f 2467 2457 2470
f 2028 2475 2472
f 2475 2024 2458
f 2472 2458 1907
f 2475 2458 2472
f 2027 2470 2477
f 2470 2024 2475
f 2477 2475 2028
f 2470 2475 2477
f 1725 2455 2455
f 2455 2023 2023
f 2455 2023 2023
f 2455 2023 2455
f 2023 2456 2456
f 2456 1907 1907
f 2456 1907 1907
f 2456 1907 2456
f 2023 2456 2456
f 2456 1907 1907
f 2456 1907 1907
f 2456 1907 2456
f 2023 2456 2023
f 2456 1907 2456
f 2023 2456 2023
f 2456 2456 2023
f 1907 2453 2453
f 2453 2022 2022
f 2453 2022 2022
f 2453 2022 2453
f 2022 2452 2452
f 2452 1870 1870
f 2452 1870 1870
f 2452 1870 2452
f 2022 2452 2452
f 2452 1870 1870
f 2452 1870 1870
f 2452 1870 2452
f 2022 2452 2022
f 2452 1870 2452
f 2022 2452 2022
f 2452 2452 2022
f 1907 2453 2453
f 2453 2022 2022
f 2453 2022 2022
f 2453 2022 2453
f 2022 2452 2452
f 2452 1870 1870
f 2452 1870 1870
f 2452 1870 2452
f 2022 2452 2452
f 2452 1870 1870
f 2452 1870 1870
f 2452 1870 2452
f 2022 2452 2022
f 2452 1870 2452
f 2022 2452 2022
f 2452 2452 2022
f 1907 2453 1907
f 2453 2022 2453
f 1907 2453 1907
f 2453 2453 1907
f 2022 2452 2022
f 2452 1870 2452
f 2022 2452 2022
f 2452 2452 2022
f 1907 2453 1907
f 2453 2022 2453
f 1907 2453 1907
f 2453 2453 1907
f 2022 2022 2453
f 2022 2022 2453
f 2453 2453 1907
f 2022 2453 2453
f 1725 2455 2710
f 2455 2023 2712
f 2710 2712 2085
f 2455 2712 2710
f 2023 2456 2718
f 2456 1907 2716
f 2718 2716 2087
f 2456 2716 2718
f 2085 2720 2711
f 2720 2087 2717
f 2711 2717 1922
f 2720 2717 2711
f 2023 2718 2712
f 2718 2087 2720
f 2712 2720 2085
f 2718 2720 2712
f 1907 2453 2706
f 2453 2022 2708
f 2706 2708 2084
f 2453 2708 2706
f 2022 2452 2703
f 2452 1870 2701
f 2703 2701 2082
f 2452 2701 2703
f 2084 2709 2707
f 2709 2082 2702
f 2707 2702 1921
f 2709 2702 2707
f 2022 2703 2708
f 2703 2082 2709
f 2708 2709 2084
f 2703 2709 2708
f 1922 2722 2714
f 2722 2088 2725
f 2714 2725 2086
f 2722 2725 2714
f 2088 2721 2723
f 2721 1921 2705
f 2723 2705 2083
f 2721 2705 2723
f 2086 2715 2713
f 2715 2083 2704
f 2713 2704 1879
f 2715 2704 2713
f 2088 2723 2725
f 2723 2083 2715
f 2725 2715 2086
f 2723 2715 2725
f 1907 2706 2716
f 2706 2084 2719
f 2716 2719 2087
f 2706 2719 2716
f 2084 2707 2724
f 2707 1921 2721
f 2724 2721 2088
f 2707 2721 2724
f 2087 2726 2717
f 2726 2088 2722
f 2717 2722 1922
f 2726 2722 2717
f 2084 2724 2719
f 2724 2088 2726
f 2719 2726 2087
f 2724 2726 2719
f 1725 2710 2710
f 2710 2085 2085
f 2710 2085 2085
f 2710 2085 2710
f 2085 2711 2711
f 2711 1922 1922
f 2711 1922 1922
f 2711 1922 2711
f 2085 2711 2711
f 2711 1922 1922
f 2711 1922 1922
f 2711 1922 2711
f 2085 2711 2085
f 2711 1922 2711
f 2085 2711 2085
f 2711 2711 2085
f 1922 2714 2714
f 2714 2086 2086
f 2714 2086 2086
f 2714 2086 2714
f 2086 2713 2713
f 2713 1879 1879
f 2713 1879 1879
f 2713 1879 2713
f 2086 2713 2713
f 2713 1879 1879
f 2713 1879 1879
f 2713 1879 2713
f 2086 2713 2086
f 2713 1879 2713
f 2086 2713 2086
f 2713 2713 2086
f 1922 2714 2714
f 2714 2086 2086
f 2714 2086 2086
f 2714 2086 2714
f 2086 2713 2713
f 2713 1879 1879
f 2713 1879 1879
f 2713 1879 2713
f 2086 2713 2713
f 2713 1879 1879
f 2713 1879 1879
f 2713 1879 2713
f 2086 2713 2086
f 2713 1879 2713
f 2086 2713 2086
f 2713 2713 2086
f 1922 2714 1922
f 2714 2086 2714
f 1922 2714 1922
f 2714 2714 1922
f 2086 2713 2086
f 2713 1879 2713
f 2086 2713 2086
f 2713 2713 2086
f 1922 2714 1922
f 2714 2086 2714
f 1922 2714 1922
f 2714 2714 1922
f 2086 2086 2714
f 2086 2086 2714
f 2714 2714 1922
f 2086 2714 2714
f 1379 2739 1436
f 2739 2093 2762
f 1436 2762 1395
f 2739 2762 1436
f 2093 2740 2766
f 2740 1924 2764
f 2766 2764 2099
f 2740 2764 2766
f 1395 2768 1437
f 2768 2099 2765
f 1437 2765 1383
f 2768 2765 1437
f 2093 2766 2762
f 2766 2099 2768
f 2762 2768 1395
f 2766 2768 2762
f 1924 2737 2758
f 2737 2092 2760
f 2758 2760 2098
f 2737 2760 2758
f 2092 2736 2755
f 2736 1879 2753
f 2755 2753 2096
f 2736 2753 2755
f 2098 2761 2759
f 2761 2096 2754
f 2759 2754 1925
f 2761 2754 2759
f 2092 2755 2760
f 2755 2096 2761
f 2760 2761 2098
f 2755 2761 2760
f 1383 2770 1434
f 2770 2100 2773
f 1434 2773 1394
f 2770 2773 1434
f 2100 2769 2771
f 2769 1925 2757
f 2771 2757 2097
f 2769 2757 2771
f 1394 2763 1433
f 2763 2097 2756
f 1433 2756 1378
f 2763 2756 1433
f 2100 2771 2773
f 2771 2097 2763
f 2773 2763 1394
f 2771 2763 2773
f 1924 2758 2764
f 2758 2098 2767
f 2764 2767 2099
f 2758 2767 2764
f 2098 2759 2772
f 2759 1925 2769
f 2772 2769 2100
f 2759 2769 2772
f 2099 2774 2765
f 2774 2100 2770
f 2765 2770 1383
f 2774 2770 2765
f 2098 2772 2767
f 2772 2100 2774
f 2767 2774 2099
f 2772 2774 2767
f 1379 1436 1436
f 1436 1395 1395
f 1436 1395 1395
f 1436 1395 1436
f 1395 1437 1437
f 1437 1383 1383
f 1437 1383 1383
f 1437 1383 1437
f 1395 1437 1437
f 1437 1383 1383
f 1437 1383 1383
f 1437 1383 1437
f 1395 1437 1395
f 1437 1383 1437
f 1395 1437 1395
f 1437 1437 1395
f 1383 1434 1434
f 1434 1394 1394
f 1434 1394 1394
f 1434 1394 1434
f 1394 1433 1433
f 1433 1378 1378
f 1433 1378 1378
f 1433 1378 1433
f 1394 1433 1433
f 1433 1378 1378
f 1433 1378 1378
f 1433 1378 1433
f 1394 1433 1394
f 1433 1378 1433
f 1394 1433 1394
f 1433 1433 1394
f 1383 1434 1434
f 1434 1394 1394
f 1434 1394 1394
f 1434 1394 1434
f 1394 1433 1433
f 1433 1378 1378
f 1433 1378 1378
f 1433 1378 1433
f 1394 1433 1433
f 1433 1378 1378
f 1433 1378 1378
f 1433 1378 1433
f 1394 1433 1394
f 1433 1378 1433
f 1394 1433 1394
f 1433 1433 1394
f 1383 1434 1383
f 1434 1394 1434
f 1383 1434 1383
f 1434 1434 1383
f 1394 1433 1394
f 1433 1378 1433
f 1394 1433 1394
f 1433 1433 1394
f 1383 1434 1383
f 1434 1394 1434
f 1383 1434 1383
f 1434 1434 1383
f 1394 1394 1434
f 1394 1394 1434
f 1434 1434 1383
f 1394 1434 1434
f 1872 2775 2801
f 2775 2101 2803
f 2801 2803 2108
f 2775 2803 2801
f 2101 2776 2808
f 2776 1926 2806
f 2808 2806 2110
f 2776 2806 2808
f 2108 2809 2802
f 2809 2110 2807
f 2802 2807 1928
f 2809 2807 2802
f 2101 2808 2803
f 2808 2110 2809
f 2803 2809 2108
f 2808 2809 2803
f 1926 2779 2812
f 2779 2102 2814
f 2812 2814 2111
f 2779 2814 2812
f 2102 2778 2810
f 2778 4 59
f 2810 59 20
f 2778 59 2810
f 2111 2816 2813
f 2816 20 60
f 2813 60 8
f 2816 60 2813
f 2102 2810 2814
f 2810 20 2816
f 2814 2816 2111
f 2810 2816 2814
f 1928 2817 2805
f 2817 2112 2819
f 2805 2819 2109
f 2817 2819 2805
f 2112 2818 2821
f 2818 8 57
f 2821 57 19
f 2818 57 2821
f 2109 2811 2804
f 2811 19 56
f 2804 56 2
f 2811 56 2804
f 2112 2821 2819
f 2821 19 2811
f 2819 2811 2109
f 2821 2811 2819
f 1926 2812 2806
f 2812 2111 2815
f 2806 2815 2110
f 2812 2815 2806
f 2111 2813 2822
f 2813 8 2818
f 2822 2818 2112
f 2813 2818 2822
f 2110 2820 2807
f 2820 2112 2817
f 2807 2817 1928
f 2820 2817 2807
f 2111 2822 2815
f 2822 2112 2820
f 2815 2820 2110
f 2822 2820 2815
f 1872 2801 2801
f 2801 2108 2108
f 2801 2108 2108
f 2801 2108 2801
f 2108 2802 2802
f 2802 1928 1928
f 2802 1928 1928
f 2802 1928 2802
f 2108 2802 2802
f 2802 1928 1928
f 2802 1928 1928
f 2802 1928 2802
f 2108 2802 2108
f 2802 1928 2802
f 2108 2802 2108
f 2802 2802 2108
f 1928 2805 2805
f 2805 2109 2109
f 2805 2109 2109
f 2805 2109 2805
f 2109 2804 2804
f 2804 2 2
f 2804 2 2
f 2804 2 2804
f 2109 2804 2804
f 2804 2 2
f 2804 2 2
f 2804 2 2804
f 2109 2804 2109
f 2804 2 2804
f 2109 2804 2109
f 2804 2804 2109
f 1928 2805 2805
f 2805 2109 2109
f 2805 2109 2109
f 2805 2109 2805
f 2109 2804 2804
f 2804 2 2
f 2804 2 2
f 2804 2 2804
f 2109 2804 2804
f 2804 2 2
f 2804 2 2
f 2804 2 2804
f 2109 2804 2109
f 2804 2 2804
f 2109 2804 2109
f 2804 2804 2109
f 1928 2805 1928
f 2805 2109 2805
f 1928 2805 1928
f 2805 2805 1928
f 2109 2804 2109
f 2804 2 2804
f 2109 2804 2109
f 2804 2804 2109
f 1928 2805 1928
f 2805 2109 2805
f 1928 2805 1928
f 2805 2805 1928
f 2109 2109 2805
f 2109 2109 2805
f 2805 2805 1928
f 2109 2805 2805
f 4 2778 2787
f 2778 2102 2789
f 2787 2789 2105
f 2778 2789 2787
f 2102 2779 2797
f 2779 1926 2795
f 2797 2795 2107
f 2779 2795 2797
f 2105 2799 2788
f 2799 2107 2796
f 2788 2796 1927
f 2799 2796 2788
f 2102 2797 2789
f 2797 2107 2799
f 2789 2799 2105
f 2797 2799 2789
f 1926 2776 2781
f 2776 2101 2783
f 2781 2783 2103
f 2776 2783 2781
f 2101 2775 2777
f 2775 1872 2339
f 2777 2339 1991
f 2775 2339 2777
f 2103 2782 2780
f 2782 1991 2340
f 2780 2340 1898
f 2782 2340 2780
f 2101 2777 2783
f 2777 1991 2782
f 2783 2782 2103
f 2777 2782 2783
f 1927 2791 2785
f 2791 2106 2794
f 2785 2794 2104
f 2791 2794 2785
f 2106 2790 2792
f 2790 1898 2343
f 2792 2343 1992
f 2790 2343 2792
f 2104 2786 2784
f 2786 1992 2342
f 2784 2342 1874
f 2786 2342 2784
f 2106 2792 2794
f 2792 1992 2786
f 2794 2786 2104
f 2792 2786 2794
f 1926 2781 2795
f 2781 2103 2798
f 2795 2798 2107
f 2781 2798 2795
f 2103 2780 2793
f 2780 1898 2790
f 2793 2790 2106
f 2780 2790 2793
f 2107 2800 2796
f 2800 2106 2791
f 2796 2791 1927
f 2800 2791 2796
f 2103 2793 2798
f 2793 2106 2800
f 2798 2800 2107
f 2793 2800 2798
f 4 2787 2787
f 2787 2105 2105
f 2787 2105 2105
f 2787 2105 2787
f 2105 2788 2788
f 2788 1927 1927
f 2788 1927 1927
f 2788 1927 2788
f 2105 2788 2788
f 2788 1927 1927
f 2788 1927 1927
f 2788 1927 2788
f 2105 2788 2105
f 2788 1927 2788
f 2105 2788 2105
f 2788 2788 2105
f 1927 2785 2785
f 2785 2104 2104
f 2785 2104 2104
f 2785 2104 2785
f 2104 2784 2784
f 2784 1874 1874
f 2784 1874 1874
f 2784 1874 2784
f 2104 2784 2784
f 2784 1874 1874
f 2784 1874 1874
f 2784 1874 2784
f 2104 2784 2104
f 2784 1874 2784
f 2104 2784 2104
f 2784 2784 2104
f 1927 2785 2785
f 2785 2104 2104
f 2785 2104 2104
f 2785 2104 2785
f 2104 2784 2784
f 2784 1874 1874
f 2784 1874 1874
f 2784 1874 2784
f 2104 2784 2784
f 2784 1874 1874
f 2784 1874 1874
f 2784 1874 2784
f 2104 2784 2104
f 2784 1874 2784
f 2104 2784 2104
f 2784 2784 2104
f 1927 2785 1927
f 2785 2104 2785
f 1927 2785 1927
f 2785 2785 1927
f 2104 2784 2104
f 2784 1874 2784
f 2104 2784 2104
f 2784 2784 2104
f 1927 2785 1927
f 2785 2104 2785
f 1927 2785 1927
f 2785 2785 1927
f 2104 2104 2785
f 2104 2104 2785
f 2785 2785 1927
f 2104 2785 2785
f 83 1703 2826
f 1703 1674 2833
f 2826 2833 2114
f 1703 2833 2826
f 1674 1704 2843
f 1704 1667 2840
f 2843 2840 2117
f 1704 2840 2843
f 2114 2841 2827
f 2841 2117 2839
f 2827 2839 1929
f 2841 2839 2827
f 1674 2843 2833
f 2843 2117 2841
f 2833 2841 2114
f 2843 2841 2833
f 1667 1701 2835
f 1701 1673 2838
f 2835 2838 2116
f 1701 2838 2835
f 1673 1700 2832
f 1700 4 2787
f 2832 2787 2105
f 1700 2787 2832
f 2116 2836 2834
f 2836 2105 2788
f 2834 2788 1927
f 2836 2788 2834
f 1673 2832 2838
f 2832 2105 2836
f 2838 2836 2116
f 2832 2836 2838
f 1929 2829 2824
f 2829 2115 2831
f 2824 2831 2113
f 2829 2831 2824
f 2115 2828 2830
f 2828 1927 2785
f 2830 2785 2104
f 2828 2785 2830
f 2113 2825 2823
f 2825 2104 2784
f 2823 2784 1874
f 2825 2784 2823
f 2115 2830 2831
f 2830 2104 2825
f 2831 2825 2113
f 2830 2825 2831
f 1667 2835 2840
f 2835 2116 2844
f 2840 2844 2117
f 2835 2844 2840
f 2116 2834 2837
f 2834 1927 2828
f 2837 2828 2115
f 2834 2828 2837
f 2117 2842 2839
f 2842 2115 2829
f 2839 2829 1929
f 2842 2829 2839
f 2116 2837 2844
f 2837 2115 2842
f 2844 2842 2117
f 2837 2842 2844
f 83 2826 2826
f 2826 2114 2114
f 2826 2114 2114
f 2826 2114 2826
f 2114 2827 2827
f 2827 1929 1929
f 2827 1929 1929
f 2827 1929 2827
f 2114 2827 2827
f 2827 1929 1929
f 2827 1929 1929
f 2827 1929 2827
f 2114 2827 2114
f 2827 1929 2827
f 2114 2827 2114
f 2827 2827 2114
f 1929 2824 2824
f 2824 2113 2113
f 2824 2113 2113
f 2824 2113 2824
f 2113 2823 2823
f 2823 1874 1874
f 2823 1874 1874
f 2823 1874 2823
f 2113 2823 2823
f 2823 1874 1874
f 2823 1874 1874
f 2823 1874 2823
f 2113 2823 2113
f 2823 1874 2823
f 2113 2823 2113
f 2823 2823 2113
f 1929 2824 2824
f 2824 2113 2113
f 2824 2113 2113
f 2824 2113 2824
f 2113 2823 2823
f 2823 1874 1874
f 2823 1874 1874
f 2823 1874 2823
f 2113 2823 2823
f 2823 1874 1874
f 2823 1874 1874
f 2823 1874 2823
f 2113 2823 2113
f 2823 1874 2823
f 2113 2823 2113
f 2823 2823 2113
f 1929 2824 1929
f 2824 2113 2824
f 1929 2824 1929
f 2824 2824 1929
f 2113 2823 2113
f 2823 1874 2823
f 2113 2823 2113
f 2823 2823 2113
f 1929 2824 1929
f 2824 2113 2824
f 1929 2824 1929
f 2824 2824 1929
f 2113 2113 2824
f 2113 2113 2824
f 2824 2824 1929
f 2113 2824 2824
f 85 140 2848
f 140 101 2855
f 2848 2855 2119
f 140 2855 2848
f 101 141 2865
f 141 89 2862
f 2865 2862 2122
f 141 2862 2865
f 2119 2863 2849
f 2863 2122 2861
f 2849 2861 1930
f 2863 2861 2849
f 101 2865 2855
f 2865 2122 2863
f 2855 2863 2119
f 2865 2863 2855
f 89 138 2857
f 138 100 2860
f 2857 2860 2121
f 138 2860 2857
f 100 137 2854
f 137 83 2826
f 2854 2826 2114
f 137 2826 2854
f 2121 2858 2856
f 2858 2114 2827
f 2856 2827 1929
f 2858 2827 2856
f 100 2854 2860
f 2854 2114 2858
f 2860 2858 2121
f 2854 2858 2860
f 1930 2851 2846
f 2851 2120 2853
f 2846 2853 2118
f 2851 2853 2846
f 2120 2850 2852
f 2850 1929 2824
f 2852 2824 2113
f 2850 2824 2852
f 2118 2847 2845
f 2847 2113 2823
f 2845 2823 1874
f 2847 2823 2845
f 2120 2852 2853
f 2852 2113 2847
f 2853 2847 2118
f 2852 2847 2853
f 89 2857 2862
f 2857 2121 2866
f 2862 2866 2122
f 2857 2866 2862
f 2121 2856 2859
f 2856 1929 2850
f 2859 2850 2120
f 2856 2850 2859
f 2122 2864 2861
f 2864 2120 2851
f 2861 2851 1930
f 2864 2851 2861
f 2121 2859 2866
f 2859 2120 2864
f 2866 2864 2122
f 2859 2864 2866
f 85 2848 2848
f 2848 2119 2119
f 2848 2119 2119
f 2848 2119 2848
f 2119 2849 2849
f 2849 1930 1930
f 2849 1930 1930
f 2849 1930 2849
f 2119 2849 2849
f 2849 1930 1930
f 2849 1930 1930
f 2849 1930 2849
f 2119 2849 2119
f 2849 1930 2849
f 2119 2849 2119
f 2849 2849 2119
f 1930 2846 2846
f 2846 2118 2118
f 2846 2118 2118
f 2846 2118 2846
f 2118 2845 2845
f 2845 1874 1874
f 2845 1874 1874
f 2845 1874 2845
f 2118 2845 2845
f 2845 1874 1874
f 2845 1874 1874
f 2845 1874 2845
f 2118 2845 2118
f 2845 1874 2845
f 2118 2845 2118
f 2845 2845 2118
f 1930 2846 2846
f 2846 2118 2118
f 2846 2118 2118
f 2846 2118 2846
f 2118 2845 2845
f 2845 1874 1874
f 2845 1874 1874
f 2845 1874 2845
f 2118 2845 2845
f 2845 1874 1874
f 2845 1874 1874
f 2845 1874 2845
f 2118 2845 2118
f 2845 1874 2845
f 2118 2845 2118
f 2845 2845 2118
f 1930 2846 1930
f 2846 2118 2846
f 1930 2846 1930
f 2846 2846 1930
f 2118 2845 2118
f 2845 1874 2845
f 2118 2845 2118
f 2845 2845 2118
f 1930 2846 1930
f 2846 2118 2846
f 1930 2846 1930
f 2846 2846 1930
f 2118 2118 2846
f 2118 2118 2846
f 2846 2846 1930
f 2118 2846 2846
f 179 2882 1156
f 2882 2870 2886
f 1156 2886 437
f 2882 2886 1156
f 2870 2883 2889
f 2883 2867 2887
f 2889 2887 2872
f 2883 2887 2889
f 437 2890 1157
f 2890 2872 2888
f 1157 2888 244
f 2890 2888 1157
f 2870 2889 2886
f 2889 2872 2890
f 2886 2890 437
f 2889 2890 2886
f 2867 2885 2897
f 2885 2871 2899
f 2897 2899 2875
f 2885 2899 2897
f 2871 2884 2893
f 2884 1878 2891
f 2893 2891 2873
f 2884 2891 2893
f 2875 2901 2898
f 2901 2873 2892
f 2898 2892 2868
f 2901 2892 2898
f 2871 2893 2899
f 2893 2873 2901
f 2899 2901 2875
f 2893 2901 2899
f 244 2902 1160
f 2902 2876 2904
f 1160 2904 438
f 2902 2904 1160
f 2876 2903 2906
f 2903 2868 2895
f 2906 2895 2874
f 2903 2895 2906
f 438 2896 1159
f 2896 2874 2894
f 1159 2894 188
f 2896 2894 1159
f 2876 2906 2904
f 2906 2874 2896
f 2904 2896 438
f 2906 2896 2904
f 2867 2897 2887
f 2897 2875 2900
f 2887 2900 2872
f 2897 2900 2887
f 2875 2898 2907
f 2898 2868 2903
f 2907 2903 2876
f 2898 2903 2907
f 2872 2905 2888
f 2905 2876 2902
f 2888 2902 244
f 2905 2902 2888
f 2875 2907 2900
f 2907 2876 2905
f 2900 2905 2872
f 2907 2905 2900
f 179 1156 1156
f 1156 437 437
f 1156 437 437
f 1156 437 1156
f 437 1157 1157
f 1157 244 244
f 1157 244 244
f 1157 244 1157
f 437 1157 1157
f 1157 244 244
f 1157 244 244
f 1157 244 1157
f 437 1157 437
f 1157 244 1157
f 437 1157 437
f 1157 1157 437
f 244 1160 1160
f 1160 438 438
f 1160 438 438
f 1160 438 1160
f 438 1159 1159
f 1159 188 188
f 1159 188 188
f 1159 188 1159
f 438 1159 1159
f 1159 188 188
f 1159 188 188
f 1159 188 1159
f 438 1159 438
f 1159 188 1159
f 438 1159 438
f 1159 1159 438
f 244 1160 1160
f 1160 438 438
f 1160 438 438
f 1160 438 1160
f 438 1159 1159
f 1159 188 188
f 1159 188 188
f 1159 188 1159
f 438 1159 1159
f 1159 188 188
f 1159 188 188
f 1159 188 1159
f 438 1159 438
f 1159 188 1159
f 438 1159 438
f 1159 1159 438
f 244 1160 244
f 1160 438 1160
f 244 1160 244
f 1160 1160 244
f 438 1159 438
f 1159 188 1159
f 438 1159 438
f 1159 1159 438
f 244 1160 244
f 1160 438 1160
f 244 1160 244
f 1160 1160 244
f 438 438 1160
f 438 438 1160
f 1160 1160 244
f 438 1160 1160
f 1878 2884 2678
f 2884 2871 2917
f 2678 2917 2076
f 2884 2917 2678
f 2871 2885 2921
f 2885 2867 2919
f 2921 2919 2880
f 2885 2919 2921
f 2076 2923 2679
f 2923 2880 2920
f 2679 2920 1919
f 2923 2920 2679
f 2871 2921 2917
f 2921 2880 2923
f 2917 2923 2076
f 2921 2923 2917
f 2867 2883 2913
f 2883 2870 2915
f 2913 2915 2879
f 2883 2915 2913
f 2870 2882 2910
f 2882 179 2908
f 2910 2908 2877
f 2882 2908 2910
f 2879 2916 2914
f 2916 2877 2909
f 2914 2909 2869
f 2916 2909 2914
f 2870 2910 2915
f 2910 2877 2916
f 2915 2916 2879
f 2910 2916 2915
f 1919 2925 2676
f 2925 2881 2928
f 2676 2928 2075
f 2925 2928 2676
f 2881 2924 2926
f 2924 2869 2912
f 2926 2912 2878
f 2924 2912 2926
f 2075 2918 2675
f 2918 2878 2911
f 2675 2911 1869
f 2918 2911 2675
f 2881 2926 2928
f 2926 2878 2918
f 2928 2918 2075
f 2926 2918 2928
f 2867 2913 2919
f 2913 2879 2922
f 2919 2922 2880
f 2913 2922 2919
f 2879 2914 2927
f 2914 2869 2924
f 2927 2924 2881
f 2914 2924 2927
f 2880 2929 2920
f 2929 2881 2925
f 2920 2925 1919
f 2929 2925 2920
f 2879 2927 2922
f 2927 2881 2929
f 2922 2929 2880
f 2927 2929 2922
f 1878 2678 2678
f 2678 2076 2076
f 2678 2076 2076
f 2678 2076 2678
f 2076 2679 2679
f 2679 1919 1919
f 2679 1919 1919
f 2679 1919 2679
f 2076 2679 2679
f 2679 1919 1919
f 2679 1919 1919
f 2679 1919 2679
f 2076 2679 2076
f 2679 1919 2679
f 2076 2679 2076
f 2679 2679 2076
f 1919 2676 2676
f 2676 2075 2075
f 2676 2075 2075
f 2676 2075 2676
f 2075 2675 2675
f 2675 1869 1869
f 2675 1869 1869
f 2675 1869 2675
f 2075 2675 2675
f 2675 1869 1869
f 2675 1869 1869
f 2675 1869 2675
f 2075 2675 2075
f 2675 1869 2675
f 2075 2675 2075
f 2675 2675 2075
f 1919 2676 2676
f 2676 2075 2075
f 2676 2075 2075
f 2676 2075 2676
f 2075 2675 2675
f 2675 1869 1869
f 2675 1869 1869
f 2675 1869 2675
f 2075 2675 2675
f 2675 1869 1869
f 2675 1869 1869
f 2675 1869 2675
f 2075 2675 2075
f 2675 1869 2675
f 2075 2675 2075
f 2675 2675 2075
f 1919 2676 1919
f 2676 2075 2676
f 1919 2676 1919
f 2676 2676 1919
f 2075 2675 2075
f 2675 1869 2675
f 2075 2675 2075
f 2675 2675 2075
f 1919 2676 1919
f 2676 2075 2676
f 1919 2676 1919
f 2676 2676 1919
f 2075 2075 2676
f 2075 2075 2676
f 2676 2676 1919
f 2075 2676 2676
f 1875 2945 2416
f 2945 2933 2949
f 2416 2949 2011
f 2945 2949 2416
f 2933 2946 2952
f 2946 2930 2950
f 2952 2950 2935
f 2946 2950 2952
f 2011 2953 2417
f 2953 2935 2951
f 2417 2951 1903
f 2953 2951 2417
f 2933 2952 2949
f 2952 2935 2953
f 2949 2953 2011
f 2952 2953 2949
f 2930 2948 2960
f 2948 2934 2962
f 2960 2962 2938
f 2948 2962 2960
f 2934 2947 2956
f 2947 164 2954
f 2956 2954 2936
f 2947 2954 2956
f 2938 2964 2961
f 2964 2936 2955
f 2961 2955 2931
f 2964 2955 2961
f 2934 2956 2962
f 2956 2936 2964
f 2962 2964 2938
f 2956 2964 2962
f 1903 2965 2414
f 2965 2939 2967
f 2414 2967 2010
f 2965 2967 2414
f 2939 2966 2969
f 2966 2931 2958
f 2969 2958 2937
f 2966 2958 2969
f 2010 2959 2413
f 2959 2937 2957
f 2413 2957 1874
f 2959 2957 2413
f 2939 2969 2967
f 2969 2937 2959
f 2967 2959 2010
f 2969 2959 2967
f 2930 2960 2950
f 2960 2938 2963
f 2950 2963 2935
f 2960 2963 2950
f 2938 2961 2970
f 2961 2931 2966
f 2970 2966 2939
f 2961 2966 2970
f 2935 2968 2951
f 2968 2939 2965
f 2951 2965 1903
f 2968 2965 2951
f 2938 2970 2963
f 2970 2939 2968
f 2963 2968 2935
f 2970 2968 2963
f 1875 2416 2416
f 2416 2011 2011
f 2416 2011 2011
f 2416 2011 2416
f 2011 2417 2417
f 2417 1903 1903
f 2417 1903 1903
f 2417 1903 2417
f 2011 2417 2417
f 2417 1903 1903
f 2417 1903 1903
f 2417 1903 2417
f 2011 2417 2011
f 2417 1903 2417
f 2011 2417 2011
f 2417 2417 2011
f 1903 2414 2414
f 2414 2010 2010
f 2414 2010 2010
f 2414 2010 2414
f 2010 2413 2413
f 2413 1874 1874
f 2413 1874 1874
f 2413 1874 2413
f 2010 2413 2413
f 2413 1874 1874
f 2413 1874 1874
f 2413 1874 2413
f 2010 2413 2010
f 2413 1874 2413
f 2010 2413 2010
f 2413 2413 2010
f 1903 2414 2414
f 2414 2010 2010
f 2414 2010 2010
f 2414 2010 2414
f 2010 2413 2413
f 2413 1874 1874
f 2413 1874 1874
f 2413 1874 2413
f 2010 2413 2413
f 2413 1874 1874
f 2413 1874 1874
f 2413 1874 2413
f 2010 2413 2010
f 2413 1874 2413
f 2010 2413 2010
f 2413 2413 2010
f 1903 2414 1903
f 2414 2010 2414
f 1903 2414 1903
f 2414 2414 1903
f 2010 2413 2010
f 2413 1874 2413
f 2010 2413 2010
f 2413 2413 2010
f 1903 2414 1903
f 2414 2010 2414
f 1903 2414 1903
f 2414 2414 1903
f 2010 2010 2414
f 2010 2010 2414
f 2414 2414 1903
f 2010 2414 2414
f 164 2947 471
f 2947 2934 2980
f 471 2980 255
f 2947 2980 471
f 2934 2948 2984
f 2948 2930 2982
f 2984 2982 2943
f 2948 2982 2984
f 255 2986 472
f 2986 2943 2983
f 472 2983 193
f 2986 2983 472
f 2934 2984 2980
f 2984 2943 2986
f 2980 2986 255
f 2984 2986 2980
f 2930 2946 2976
f 2946 2933 2978
f 2976 2978 2942
f 2946 2978 2976
f 2933 2945 2973
f 2945 1875 2971
f 2973 2971 2940
f 2945 2971 2973
f 2942 2979 2977
f 2979 2940 2972
f 2977 2972 2932
f 2979 2972 2977
f 2933 2973 2978
f 2973 2940 2979
f 2978 2979 2942
f 2973 2979 2978
f 193 2988 475
f 2988 2944 2991
f 475 2991 256
f 2988 2991 475
f 2944 2987 2989
f 2987 2932 2975
f 2989 2975 2941
f 2987 2975 2989
f 256 2981 474
f 2981 2941 2974
f 474 2974 165
f 2981 2974 474
f 2944 2989 2991
f 2989 2941 2981
f 2991 2981 256
f 2989 2981 2991
f 2930 2976 2982
f 2976 2942 2985
f 2982 2985 2943
f 2976 2985 2982
f 2942 2977 2990
f 2977 2932 2987
f 2990 2987 2944
f 2977 2987 2990
f 2943 2992 2983
f 2992 2944 2988
f 2983 2988 193
f 2992 2988 2983
f 2942 2990 2985
f 2990 2944 2992
f 2985 2992 2943
f 2990 2992 2985
f 164 471 471
f 471 255 255
f 471 255 255
f 471 255 471
f 255 472 472
f 472 193 193
f 472 193 193
f 472 193 472
f 255 472 472
f 472 193 193
f 472 193 193
f 472 193 472
f 255 472 255
f 472 193 472
f 255 472 255
f 472 472 255
f 193 475 475
f 475 256 256
f 475 256 256
f 475 256 475
f 256 474 474
f 474 165 165
f 474 165 165
f 474 165 474
f 256 474 474
f 474 165 165
f 474 165 165
f 474 165 474
f 256 474 256
f 474 165 474
f 256 474 256
f 474 474 256
f 193 475 475
f 475 256 256
f 475 256 256
f 475 256 475
f 256 474 474
f 474 165 165
f 474 165 165
f 474 165 474
f 256 474 474
f 474 165 165
f 474 165 165
f 474 165 474
f 256 474 256
f 474 165 474
f 256 474 256
f 474 474 256
f 193 475 193
f 475 256 475
f 193 475 193
f 475 475 193
f 256 474 256
f 474 165 474
f 256 474 256
f 474 474 256
f 193 475 193
f 475 256 475
f 193 475 193
f 475 475 193
f 256 256 475
f 256 256 475
f 475 475 193
f 256 475 475
f 85 3002 149
f 3002 2994 3006
f 149 3006 104
f 3002 3006 149
f 2994 3003 3009
f 3003 2993 3007
f 3009 3007 2996
f 3003 3007 3009
f 104 3010 150
f 3010 2996 3008
f 150 3008 90
f 3010 3008 150
f 2994 3009 3006
f 3009 2996 3010
f 3006 3010 104
f 3009 3010 3006
f 2993 3005 3013
f 3005 2995 3015
f 3013 3015 2997
f 3005 3015 3013
f 2995 3004 3011
f 3004 164 492
f 3011 492 261
f 3004 492 3011
f 2997 3017 3014
f 3017 261 493
f 3014 493 195
f 3017 493 3014
f 2995 3011 3015
f 3011 261 3017
f 3015 3017 2997
f 3011 3017 3015
f 90 3018 147
f 3018 2998 3020
f 147 3020 103
f 3018 3020 147
f 2998 3019 3022
f 3019 195 496
f 3022 496 262
f 3019 496 3022
f 103 3012 146
f 3012 262 495
f 146 495 84
f 3012 495 146
f 2998 3022 3020
f 3022 262 3012
f 3020 3012 103
f 3022 3012 3020
f 2993 3013 3007
f 3013 2997 3016
f 3007 3016 2996
f 3013 3016 3007
f 2997 3014 3023
f 3014 195 3019
f 3023 3019 2998
f 3014 3019 3023
f 2996 3021 3008
f 3021 2998 3018
f 3008 3018 90
f 3021 3018 3008
f 2997 3023 3016
f 3023 2998 3021
f 3016 3021 2996
f 3023 3021 3016
f 85 149 149
f 149 104 104
f 149 104 104
f 149 104 149
f 104 150 150
f 150 90 90
f 150 90 90
f 150 90 150
f 104 150 150
f 150 90 90
f 150 90 90
f 150 90 150
f 104 150 104
f 150 90 150
f 104 150 104
f 150 150 104
f 90 147 147
f 147 103 103
f 147 103 103
f 147 103 147
f 103 146 146
f 146 84 84
f 146 84 84
f 146 84 146
f 103 146 146
f 146 84 84
f 146 84 84
f 146 84 146
f 103 146 103
f 146 84 146
f 103 146 103
f 146 146 103
f 90 147 147
f 147 103 103
f 147 103 103
f 147 103 147
f 103 146 146
f 146 84 84
f 146 84 84
f 146 84 146
f 103 146 146
f 146 84 84
f 146 84 84
f 146 84 146
f 103 146 103
f 146 84 146
f 103 146 103
f 146 146 103
f 90 147 90
f 147 103 147
f 90 147 90
f 147 147 90
f 103 146 103
f 146 84 146
f 103 146 103
f 146 146 103
f 90 147 90
f 147 103 147
f 90 147 90
f 147 147 90
f 103 103 147
f 103 103 147
f 147 147 90
f 103 147 147
f 164 3004 2954
f 3004 2995 3029
f 2954 3029 2936
f 3004 3029 2954
f 2995 3005 3033
f 3005 2993 3031
f 3033 3031 3000
f 3005 3031 3033
f 2936 3035 2955
f 3035 3000 3032
f 2955 3032 2931
f 3035 3032 2955
f 2995 3033 3029
f 3033 3000 3035
f 3029 3035 2936
f 3033 3035 3029
f 2993 3003 3025
f 3003 2994 3027
f 3025 3027 2999
f 3003 3027 3025
f 2994 3002 3024
f 3002 85 2848
f 3024 2848 2119
f 3002 2848 3024
f 2999 3028 3026
f 3028 2119 2849
f 3026 2849 1930
f 3028 2849 3026
f 2994 3024 3027
f 3024 2119 3028
f 3027 3028 2999
f 3024 3028 3027
f 2931 3037 2958
f 3037 3001 3040
f 2958 3040 2937
f 3037 3040 2958
f 3001 3036 3038
f 3036 1930 2846
f 3038 2846 2118
f 3036 2846 3038
f 2937 3030 2957
f 3030 2118 2845
f 2957 2845 1874
f 3030 2845 2957
f 3001 3038 3040
f 3038 2118 3030
f 3040 3030 2937
f 3038 3030 3040
f 2993 3025 3031
f 3025 2999 3034
f 3031 3034 3000
f 3025 3034 3031
f 2999 3026 3039
f 3026 1930 3036
f 3039 3036 3001
f 3026 3036 3039
f 3000 3041 3032
f 3041 3001 3037
f 3032 3037 2931
f 3041 3037 3032
f 2999 3039 3034
f 3039 3001 3041
f 3034 3041 3000
f 3039 3041 3034
f 164 2954 2954
f 2954 2936 2936
f 2954 2936 2936
f 2954 2936 2954
f 2936 2955 2955
f 2955 2931 2931
f 2955 2931 2931
f 2955 2931 2955
f 2936 2955 2955
f 2955 2931 2931
f 2955 2931 2931
f 2955 2931 2955
f 2936 2955 2936
f 2955 2931 2955
f 2936 2955 2936
f 2955 2955 2936
f 2931 2958 2958
f 2958 2937 2937
f 2958 2937 2937
f 2958 2937 2958
f 2937 2957 2957
f 2957 1874 1874
f 2957 1874 1874
f 2957 1874 2957
f 2937 2957 2957
f 2957 1874 1874
f 2957 1874 1874
f 2957 1874 2957
f 2937 2957 2937
f 2957 1874 2957
f 2937 2957 2937
f 2957 2957 2937
f 2931 2958 2958
f 2958 2937 2937
f 2958 2937 2937
f 2958 2937 2958
f 2937 2957 2957
f 2957 1874 1874
f 2957 1874 1874
f 2957 1874 2957
f 2937 2957 2957
f 2957 1874 1874
f 2957 1874 1874
f 2957 1874 2957
f 2937 2957 2937
f 2957 1874 2957
f 2937 2957 2937
f 2957 2957 2937
f 2931 2958 2931
f 2958 2937 2958
f 2931 2958 2931
f 2958 2958 2931
f 2937 2957 2937
f 2957 1874 2957
f 2937 2957 2937
f 2957 2957 2937
f 2931 2958 2931
f 2958 2937 2958
f 2931 2958 2931
f 2958 2958 2931
f 2937 2937 2958
f 2937 2937 2958
f 2958 2958 2931
f 2937 2958 2958
f 175 3057 856
f 3057 3045 3061
f 856 3061 359
f 3057 3061 856
f 3045 3058 3064
f 3058 3042 3062
f 3064 3062 3047
f 3058 3062 3064
f 359 3065 857
f 3065 3047 3063
f 857 3063 223
f 3065 3063 857
f 3045 3064 3061
f 3064 3047 3065
f 3061 3065 359
f 3064 3065 3061
f 3042 3060 3072
f 3060 3046 3074
f 3072 3074 3050
f 3060 3074 3072
f 3046 3059 3068
f 3059 1868 3066
f 3068 3066 3048
f 3059 3066 3068
f 3050 3076 3073
f 3076 3048 3067
f 3073 3067 3043
f 3076 3067 3073
f 3046 3068 3074
f 3068 3048 3076
f 3074 3076 3050
f 3068 3076 3074
f 223 3077 859
f 3077 3051 3079
f 859 3079 360
f 3077 3079 859
f 3051 3078 3081
f 3078 3043 3070
f 3081 3070 3049
f 3078 3070 3081
f 360 3071 858
f 3071 3049 3069
f 858 3069 180
f 3071 3069 858
f 3051 3081 3079
f 3081 3049 3071
f 3079 3071 360
f 3081 3071 3079
f 3042 3072 3062
f 3072 3050 3075
f 3062 3075 3047
f 3072 3075 3062
f 3050 3073 3082
f 3073 3043 3078
f 3082 3078 3051
f 3073 3078 3082
f 3047 3080 3063
f 3080 3051 3077
f 3063 3077 223
f 3080 3077 3063
f 3050 3082 3075
f 3082 3051 3080
f 3075 3080 3047
f 3082 3080 3075
f 175 856 856
f 856 359 359
f 856 359 359
f 856 359 856
f 359 857 857
f 857 223 223
f 857 223 223
f 857 223 857
f 359 857 857
f 857 223 223
f 857 223 223
f 857 223 857
f 359 857 359
f 857 223 857
f 359 857 359
f 857 857 359
f 223 859 859
f 859 360 360
f 859 360 360
f 859 360 859
f 360 858 858
f 858 180 180
f 858 180 180
f 858 180 858
f 360 858 858
f 858 180 180
f 858 180 180
f 858 180 858
f 360 858 360
f 858 180 858
f 360 858 360
f 858 858 360
f 223 859 859
f 859 360 360
f 859 360 360
f 859 360 859
f 360 858 858
f 858 180 180
f 858 180 180
f 858 180 858
f 360 858 858
f 858 180 180
f 858 180 180
f 858 180 858
f 360 858 360
f 858 180 858
f 360 858 360
f 858 858 360
f 223 859 223
f 859 360 859
f 223 859 223
f 859 859 223
f 360 858 360
f 858 180 858
f 360 858 360
f 858 858 360
f 223 859 223
f 859 360 859
f 223 859 223
f 859 859 223
f 360 360 859
f 360 360 859
f 859 859 223
f 360 859 859
f 1868 3059 2231
f 3059 3046 3092
f 2231 3092 1961
f 3059 3092 2231
f 3046 3060 3096
f 3060 3042 3094
f 3096 3094 3055
f 3060 3094 3096
f 1961 3098 2232
f 3098 3055 3095
f 2232 3095 1889
f 3098 3095 2232
f 3046 3096 3092
f 3096 3055 3098
f 3092 3098 1961
f 3096 3098 3092
f 3042 3058 3088
f 3058 3045 3090
f 3088 3090 3054
f 3058 3090 3088
f 3045 3057 3085
f 3057 175 3083
f 3085 3083 3052
f 3057 3083 3085
f 3054 3091 3089
f 3091 3052 3084
f 3089 3084 3044
f 3091 3084 3089
f 3045 3085 3090
f 3085 3052 3091
f 3090 3091 3054
f 3085 3091 3090
f 1889 3100 2234
f 3100 3056 3103
f 2234 3103 1962
f 3100 3103 2234
f 3056 3099 3101
f 3099 3044 3087
f 3101 3087 3053
f 3099 3087 3101
f 1962 3093 2233
f 3093 3053 3086
f 2233 3086 1871
f 3093 3086 2233
f 3056 3101 3103
f 3101 3053 3093
f 3103 3093 1962
f 3101 3093 3103
f 3042 3088 3094
f 3088 3054 3097
f 3094 3097 3055
f 3088 3097 3094
f 3054 3089 3102
f 3089 3044 3099
f 3102 3099 3056
f 3089 3099 3102
f 3055 3104 3095
f 3104 3056 3100
f 3095 3100 1889
f 3104 3100 3095
f 3054 3102 3097
f 3102 3056 3104
f 3097 3104 3055
f 3102 3104 3097
f 1868 2231 2231
f 2231 1961 1961
f 2231 1961 1961
f 2231 1961 2231
f 1961 2232 2232
f 2232 1889 1889
f 2232 1889 1889
f 2232 1889 2232
f 1961 2232 2232
f 2232 1889 1889
f 2232 1889 1889
f 2232 1889 2232
f 1961 2232 1961
f 2232 1889 2232
f 1961 2232 1961
f 2232 2232 1961
f 1889 2234 2234
f 2234 1962 1962
f 2234 1962 1962
f 2234 1962 2234
f 1962 2233 2233
f 2233 1871 1871
f 2233 1871 1871
f 2233 1871 2233
f 1962 2233 2233
f 2233 1871 1871
f 2233 1871 1871
f 2233 1871 2233
f 1962 2233 1962
f 2233 1871 2233
f 1962 2233 1962
f 2233 2233 1962
f 1889 2234 2234
f 2234 1962 1962
f 2234 1962 1962
f 2234 1962 2234
f 1962 2233 2233
f 2233 1871 1871
f 2233 1871 1871
f 2233 1871 2233
f 1962 2233 2233
f 2233 1871 1871
f 2233 1871 1871
f 2233 1871 2233
f 1962 2233 1962
f 2233 1871 2233
f 1962 2233 1962
f 2233 2233 1962
f 1889 2234 1889
f 2234 1962 2234
f 1889 2234 1889
f 2234 2234 1889
f 1962 2233 1962
f 2233 1871 2233
f 1962 2233 1962
f 2233 2233 1962
f 1889 2234 1889
f 2234 1962 2234
f 1889 2234 1889
f 2234 2234 1889
f 1962 1962 2234
f 1962 1962 2234
f 2234 2234 1889
f 1962 2234 2234
f 171 3120 756
f 3120 3108 3124
f 756 3124 333
f 3120 3124 756
f 3108 3121 3127
f 3121 3105 3125
f 3127 3125 3110
f 3121 3125 3127
f 333 3128 757
f 3128 3110 3126
f 757 3126 216
f 3128 3126 757
f 3108 3127 3124
f 3127 3110 3128
f 3124 3128 333
f 3127 3128 3124
f 3105 3123 3135
f 3123 3109 3137
f 3135 3137 3113
f 3123 3137 3135
f 3109 3122 3131
f 3122 1870 3129
f 3131 3129 3111
f 3122 3129 3131
f 3113 3139 3136
f 3139 3111 3130
f 3136 3130 3106
f 3139 3130 3136
f 3109 3131 3137
f 3131 3111 3139
f 3137 3139 3113
f 3131 3139 3137
f 216 3140 760
f 3140 3114 3142
f 760 3142 334
f 3140 3142 760
f 3114 3141 3144
f 3141 3106 3133
f 3144 3133 3112
f 3141 3133 3144
f 334 3134 759
f 3134 3112 3132
f 759 3132 176
f 3134 3132 759
f 3114 3144 3142
f 3144 3112 3134
f 3142 3134 334
f 3144 3134 3142
f 3105 3135 3125
f 3135 3113 3138
f 3125 3138 3110
f 3135 3138 3125
f 3113 3136 3145
f 3136 3106 3141
f 3145 3141 3114
f 3136 3141 3145
f 3110 3143 3126
f 3143 3114 3140
f 3126 3140 216
f 3143 3140 3126
f 3113 3145 3138
f 3145 3114 3143
f 3138 3143 3110
f 3145 3143 3138
f 171 756 756
f 756 333 333
f 756 333 333
f 756 333 756
f 333 757 757
f 757 216 216
f 757 216 216
f 757 216 757
f 333 757 757
f 757 216 216
f 757 216 216
f 757 216 757
f 333 757 333
f 757 216 757
f 333 757 333
f 757 757 333
f 216 760 760
f 760 334 334
f 760 334 334
f 760 334 760
f 334 759 759
f 759 176 176
f 759 176 176
f 759 176 759
f 334 759 759
f 759 176 176
f 759 176 176
f 759 176 759
f 334 759 334
f 759 176 759
f 334 759 334
f 759 759 334
f 216 760 760
f 760 334 334
f 760 334 334
f 760 334 760
f 334 759 759
f 759 176 176
f 759 176 176
f 759 176 759
f 334 759 759
f 759 176 176
f 759 176 176
f 759 176 759
f 334 759 334
f 759 176 759
f 334 759 334
f 759 759 334
f 216 760 216
f 760 334 760
f 216 760 216
f 760 760 216
f 334 759 334
f 759 176 759
f 334 759 334
f 759 759 334
f 216 760 216
f 760 334 760
f 216 760 216
f 760 760 216
f 334 334 760
f 334 334 760
f 760 760 216
f 334 760 760
f 1870 3122 2701
f 3122 3109 3155
f 2701 3155 2082
f 3122 3155 2701
f 3109 3123 3159
f 3123 3105 3157
f 3159 3157 3118
f 3123 3157 3159
f 2082 3161 2702
f 3161 3118 3158
f 2702 3158 1921
f 3161 3158 2702
f 3109 3159 3155
f 3159 3118 3161
f 3155 3161 2082
f 3159 3161 3155
f 3105 3121 3151
f 3121 3108 3153
f 3151 3153 3117
f 3121 3153 3151
f 3108 3120 3148
f 3120 171 3146
f 3148 3146 3115
f 3120 3146 3148
f 3117 3154 3152
f 3154 3115 3147
f 3152 3147 3107
f 3154 3147 3152
f 3108 3148 3153
f 3148 3115 3154
f 3153 3154 3117
f 3148 3154 3153
f 1921 3163 2705
f 3163 3119 3166
f 2705 3166 2083
f 3163 3166 2705
f 3119 3162 3164
f 3162 3107 3150
f 3164 3150 3116
f 3162 3150 3164
f 2083 3156 2704
f 3156 3116 3149
f 2704 3149 1879
f 3156 3149 2704
f 3119 3164 3166
f 3164 3116 3156
f 3166 3156 2083
f 3164 3156 3166
f 3105 3151 3157
f 3151 3117 3160
f 3157 3160 3118
f 3151 3160 3157
f 3117 3152 3165
f 3152 3107 3162
f 3165 3162 3119
f 3152 3162 3165
f 3118 3167 3158
f 3167 3119 3163
f 3158 3163 1921
f 3167 3163 3158
f 3117 3165 3160
f 3165 3119 3167
f 3160 3167 3118
f 3165 3167 3160
f 1870 2701 2701
f 2701 2082 2082
f 2701 2082 2082
f 2701 2082 2701
f 2082 2702 2702
f 2702 1921 1921
f 2702 1921 1921
f 2702 1921 2702
f 2082 2702 2702
f 2702 1921 1921
f 2702 1921 1921
f 2702 1921 2702
f 2082 2702 2082
f 2702 1921 2702
f 2082 2702 2082
f 2702 2702 2082
f 1921 2705 2705
f 2705 2083 2083
f 2705 2083 2083
f 2705 2083 2705
f 2083 2704 2704
f 2704 1879 1879
f 2704 1879 1879
f 2704 1879 2704
f 2083 2704 2704
f 2704 1879 1879
f 2704 1879 1879
f 2704 1879 2704
f 2083 2704 2083
f 2704 1879 2704
f 2083 2704 2083
f 2704 2704 2083
f 1921 2705 2705
f 2705 2083 2083
f 2705 2083 2083
f 2705 2083 2705
f 2083 2704 2704
f 2704 1879 1879
f 2704 1879 1879
f 2704 1879 2704
f 2083 2704 2704
f 2704 1879 1879
f 2704 1879 1879
f 2704 1879 2704
f 2083 2704 2083
f 2704 1879 2704
f 2083 2704 2083
f 2704 2704 2083
f 1921 2705 1921
f 2705 2083 2705
f 1921 2705 1921
f 2705 2705 1921
f 2083 2704 2083
f 2704 1879 2704
f 2083 2704 2083
f 2704 2704 2083
f 1921 2705 1921
f 2705 2083 2705
f 1921 2705 1921
f 2705 2705 1921
f 2083 2083 2705
f 2083 2083 2705
f 2705 2705 1921
f 2083 2705 2705
f 1868 3177 3066
f 3177 3169 3181
f 3066 3181 3048
f 3177 3181 3066
f 3169 3178 3184
f 3178 3168 3182
f 3184 3182 3171
f 3178 3182 3184
f 3048 3185 3067
f 3185 3171 3183
f 3067 3183 3043
f 3185 3183 3067
f 3169 3184 3181
f 3184 3171 3185
f 3181 3185 3048
f 3184 3185 3181
f 3168 3180 3188
f 3180 3170 3190
f 3188 3190 3172
f 3180 3190 3188
f 3170 3179 3186
f 3179 178 860
f 3186 860 361
f 3179 860 3186
f 3172 3192 3189
f 3192 361 861
f 3189 861 224
f 3192 861 3189
f 3170 3186 3190
f 3186 361 3192
f 3190 3192 3172
f 3186 3192 3190
f 3043 3193 3070
f 3193 3173 3195
f 3070 3195 3049
f 3193 3195 3070
f 3173 3194 3197
f 3194 224 864
f 3197 864 362
f 3194 864 3197
f 3049 3187 3069
f 3187 362 863
f 3069 863 180
f 3187 863 3069
f 3173 3197 3195
f 3197 362 3187
f 3195 3187 3049
f 3197 3187 3195
f 3168 3188 3182
f 3188 3172 3191
f 3182 3191 3171
f 3188 3191 3182
f 3172 3189 3198
f 3189 224 3194
f 3198 3194 3173
f 3189 3194 3198
f 3171 3196 3183
f 3196 3173 3193
f 3183 3193 3043
f 3196 3193 3183
f 3172 3198 3191
f 3198 3173 3196
f 3191 3196 3171
f 3198 3196 3191
f 1868 3066 3066
f 3066 3048 3048
f 3066 3048 3048
f 3066 3048 3066
f 3048 3067 3067
f 3067 3043 3043
f 3067 3043 3043
f 3067 3043 3067
f 3048 3067 3067
f 3067 3043 3043
f 3067 3043 3043
f 3067 3043 3067
f 3048 3067 3048
f 3067 3043 3067
f 3048 3067 3048
f 3067 3067 3048
f 3043 3070 3070
f 3070 3049 3049
f 3070 3049 3049
f 3070 3049 3070
f 3049 3069 3069
f 3069 180 180
f 3069 180 180
f 3069 180 3069
f 3049 3069 3069
f 3069 180 180
f 3069 180 180
f 3069 180 3069
f 3049 3069 3049
f 3069 180 3069
f 3049 3069 3049
f 3069 3069 3049
f 3043 3070 3070
f 3070 3049 3049
f 3070 3049 3049
f 3070 3049 3070
f 3049 3069 3069
f 3069 180 180
f 3069 180 180
f 3069 180 3069
f 3049 3069 3069
f 3069 180 180
f 3069 180 180
f 3069 180 3069
f 3049 3069 3049
f 3069 180 3069
f 3049 3069 3049
f 3069 3069 3049
f 3043 3070 3043
f 3070 3049 3070
f 3043 3070 3043
f 3070 3070 3043
f 3049 3069 3049
f 3069 180 3069
f 3049 3069 3049
f 3069 3069 3049
f 3043 3070 3043
f 3070 3049 3070
f 3043 3070 3043
f 3070 3070 3043
f 3049 3049 3070
f 3049 3049 3070
f 3070 3070 3043
f 3049 3070 3070
f 178 3179 1352
f 3179 3170 3204
f 1352 3204 1319
f 3179 3204 1352
f 3170 3180 3208
f 3180 3168 3206
f 3208 3206 3175
f 3180 3206 3208
f 1319 3210 1353
f 3210 3175 3207
f 1353 3207 1310
f 3210 3207 1353
f 3170 3208 3204
f 3208 3175 3210
f 3204 3210 1319
f 3208 3210 3204
f 3168 3178 3200
f 3178 3169 3202
f 3200 3202 3174
f 3178 3202 3200
f 3169 3177 3199
f 3177 1868 2210
f 3199 2210 1955
f 3177 2210 3199
f 3174 3203 3201
f 3203 1955 2211
f 3201 2211 1887
f 3203 2211 3201
f 3169 3199 3202
f 3199 1955 3203
f 3202 3203 3174
f 3199 3203 3202
f 1310 3212 1356
f 3212 3176 3215
f 1356 3215 1320
f 3212 3215 1356
f 3176 3211 3213
f 3211 1887 2214
f 3213 2214 1956
f 3211 2214 3213
f 1320 3205 1355
f 3205 1956 2213
f 1355 2213 1307
f 3205 2213 1355
f 3176 3213 3215
f 3213 1956 3205
f 3215 3205 1320
f 3213 3205 3215
f 3168 3200 3206
f 3200 3174 3209
f 3206 3209 3175
f 3200 3209 3206
f 3174 3201 3214
f 3201 1887 3211
f 3214 3211 3176
f 3201 3211 3214
f 3175 3216 3207
f 3216 3176 3212
f 3207 3212 1310
f 3216 3212 3207
f 3174 3214 3209
f 3214 3176 3216
f 3209 3216 3175
f 3214 3216 3209
f 178 1352 1352
f 1352 1319 1319
f 1352 1319 1319
f 1352 1319 1352
f 1319 1353 1353
f 1353 1310 1310
f 1353 1310 1310
f 1353 1310 1353
f 1319 1353 1353
f 1353 1310 1310
f 1353 1310 1310
f 1353 1310 1353
f 1319 1353 1319
f 1353 1310 1353
f 1319 1353 1319
f 1353 1353 1319
f 1310 1356 1356
f 1356 1320 1320
f 1356 1320 1320
f 1356 1320 1356
f 1320 1355 1355
f 1355 1307 1307
f 1355 1307 1307
f 1355 1307 1355
f 1320 1355 1355
f 1355 1307 1307
f 1355 1307 1307
f 1355 1307 1355
f 1320 1355 1320
f 1355 1307 1355
f 1320 1355 1320
f 1355 1355 1320
f 1310 1356 1356
f 1356 1320 1320
f 1356 1320 1320
f 1356 1320 1356
f 1320 1355 1355
f 1355 1307 1307
f 1355 1307 1307
f 1355 1307 1355
f 1320 1355 1355
f 1355 1307 1307
f 1355 1307 1307
f 1355 1307 1355
f 1320 1355 1320
f 1355 1307 1355
f 1320 1355 1320
f 1355 1355 1320
f 1310 1356 1310
f 1356 1320 1356
f 1310 1356 1310
f 1356 1356 1310
f 1320 1355 1320
f 1355 1307 1355
f 1320 1355 1320
f 1355 1355 1320
f 1310 1356 1310
f 1356 1320 1356
f 1310 1356 1310
f 1356 1356 1310
f 1320 1320 1356
f 1320 1320 1356
f 1356 1356 1310
f 1320 1356 1356
f 1306 3226 1335
f 3226 3218 3230
f 1335 3230 1315
f 3226 3230 1335
f 3218 3227 3233
f 3227 3217 3231
f 3233 3231 3220
f 3227 3231 3233
f 1315 3234 1336
f 3234 3220 3232
f 1336 3232 1309
f 3234 3232 1336
f 3218 3233 3230
f 3233 3220 3234
f 3230 3234 1315
f 3233 3234 3230
f 3217 3229 3237
f 3229 3219 3239
f 3237 3239 3221
f 3229 3239 3237
f 3219 3228 3235
f 3228 179 895
f 3235 895 371
f 3228 895 3235
f 3221 3241 3238
f 3241 371 896
f 3238 896 227
f 3241 896 3238
f 3219 3235 3239
f 3235 371 3241
f 3239 3241 3221
f 3235 3241 3239
f 1309 3242 1339
f 3242 3222 3244
f 1339 3244 1316
f 3242 3244 1339
f 3222 3243 3246
f 3243 227 899
f 3246 899 372
f 3243 899 3246
f 1316 3236 1338
f 3236 372 898
f 1338 898 181
f 3236 898 1338
f 3222 3246 3244
f 3246 372 3236
f 3244 3236 1316
f 3246 3236 3244
f 3217 3237 3231
f 3237 3221 3240
f 3231 3240 3220
f 3237 3240 3231
f 3221 3238 3247
f 3238 227 3243
f 3247 3243 3222
f 3238 3243 3247
f 3220 3245 3232
f 3245 3222 3242
f 3232 3242 1309
f 3245 3242 3232
f 3221 3247 3240
f 3247 3222 3245
f 3240 3245 3220
f 3247 3245 3240
f 1306 1335 1335
f 1335 1315 1315
f 1335 1315 1315
f 1335 1315 1335
f 1315 1336 1336
f 1336 1309 1309
f 1336 1309 1309
f 1336 1309 1336
f 1315 1336 1336
f 1336 1309 1309
f 1336 1309 1309
f 1336 1309 1336
f 1315 1336 1315
f 1336 1309 1336
f 1315 1336 1315
f 1336 1336 1315
f 1309 1339 1339
f 1339 1316 1316
f 1339 1316 1316
f 1339 1316 1339
f 1316 1338 1338
f 1338 181 181
f 1338 181 181
f 1338 181 1338
f 1316 1338 1338
f 1338 181 181
f 1338 181 181
f 1338 181 1338
f 1316 1338 1316
f 1338 181 1338
f 1316 1338 1316
f 1338 1338 1316
f 1309 1339 1339
f 1339 1316 1316
f 1339 1316 1316
f 1339 1316 1339
f 1316 1338 1338
f 1338 181 181
f 1338 181 181
f 1338 181 1338
f 1316 1338 1338
f 1338 181 181
f 1338 181 181
f 1338 181 1338
f 1316 1338 1316
f 1338 181 1338
f 1316 1338 1316
f 1338 1338 1316
f 1309 1339 1309
f 1339 1316 1339
f 1309 1339 1309
f 1339 1339 1309
f 1316 1338 1316
f 1338 181 1338
f 1316 1338 1316
f 1338 1338 1316
f 1309 1339 1309
f 1339 1316 1339
f 1309 1339 1309
f 1339 1339 1309
f 1316 1316 1339
f 1316 1316 1339
f 1339 1339 1309
f 1316 1339 1339
f 179 3228 2908
f 3228 3219 3253
f 2908 3253 2877
f 3228 3253 2908
f 3219 3229 3257
f 3229 3217 3255
f 3257 3255 3224
f 3229 3255 3257
f 2877 3259 2909
f 3259 3224 3256
f 2909 3256 2869
f 3259 3256 2909
f 3219 3257 3253
f 3257 3224 3259
f 3253 3259 2877
f 3257 3259 3253
f 3217 3227 3249
f 3227 3218 3251
f 3249 3251 3223
f 3227 3251 3249
f 3218 3226 3248
f 3226 1306 2179
f 3248 2179 1947
f 3226 2179 3248
f 3223 3252 3250
f 3252 1947 2180
f 3250 2180 1885
f 3252 2180 3250
f 3218 3248 3251
f 3248 1947 3252
f 3251 3252 3223
f 3248 3252 3251
f 2869 3261 2912
f 3261 3225 3264
f 2912 3264 2878
f 3261 3264 2912
f 3225 3260 3262
f 3260 1885 2183
f 3262 2183 1948
f 3260 2183 3262
f 2878 3254 2911
f 3254 1948 2182
f 2911 2182 1869
f 3254 2182 2911
f 3225 3262 3264
f 3262 1948 3254
f 3264 3254 2878
f 3262 3254 3264
f 3217 3249 3255
f 3249 3223 3258
f 3255 3258 3224
f 3249 3258 3255
f 3223 3250 3263
f 3250 1885 3260
f 3263 3260 3225
f 3250 3260 3263
f 3224 3265 3256
f 3265 3225 3261
f 3256 3261 2869
f 3265 3261 3256
f 3223 3263 3258
f 3263 3225 3265
f 3258 3265 3224
f 3263 3265 3258
f 179 2908 2908
f 2908 2877 2877
f 2908 2877 2877
f 2908 2877 2908
f 2877 2909 2909
f 2909 2869 2869
f 2909 2869 2869
f 2909 2869 2909
f 2877 2909 2909
f 2909 2869 2869
f 2909 2869 2869
f 2909 2869 2909
f 2877 2909 2877
f 2909 2869 2909
f 2877 2909 2877
f 2909 2909 2877
f 2869 2912 2912
f 2912 2878 2878
f 2912 2878 2878
f 2912 2878 2912
f 2878 2911 2911
f 2911 1869 1869
f 2911 1869 1869
f 2911 1869 2911
f 2878 2911 2911
f 2911 1869 1869
f 2911 1869 1869
f 2911 1869 2911
f 2878 2911 2878
f 2911 1869 2911
f 2878 2911 2878
f 2911 2911 2878
f 2869 2912 2912
f 2912 2878 2878
f 2912 2878 2878
f 2912 2878 2912
f 2878 2911 2911
f 2911 1869 1869
f 2911 1869 1869
f 2911 1869 2911
f 2878 2911 2911
f 2911 1869 1869
f 2911 1869 1869
f 2911 1869 2911
f 2878 2911 2878
f 2911 1869 2911
f 2878 2911 2878
f 2911 2911 2878
f 2869 2912 2869
f 2912 2878 2912
f 2869 2912 2869
f 2912 2912 2869
f 2878 2911 2878
f 2911 1869 2911
f 2878 2911 2878
f 2911 2911 2878
f 2869 2912 2869
f 2912 2878 2912
f 2869 2912 2869
f 2912 2912 2869
f 2878 2878 2912
f 2878 2878 2912
f 2912 2912 2869
f 2878 2912 2912
f 1870 3275 3129
f 3275 3267 3279
f 3129 3279 3111
f 3275 3279 3129
f 3267 3276 3282
f 3276 3266 3280
f 3282 3280 3269
f 3276 3280 3282
f 3111 3283 3130
f 3283 3269 3281
f 3130 3281 3106
f 3283 3281 3130
f 3267 3282 3279
f 3282 3269 3283
f 3279 3283 3111
f 3282 3283 3279
f 3266 3278 3286
f 3278 3268 3288
f 3286 3288 3270
f 3278 3288 3286
f 3268 3277 3284
f 3277 174 787
f 3284 787 341
f 3277 787 3284
f 3270 3290 3287
f 3290 341 788
f 3287 788 218
f 3290 788 3287
f 3268 3284 3288
f 3284 341 3290
f 3288 3290 3270
f 3284 3290 3288
f 3106 3291 3133
f 3291 3271 3293
f 3133 3293 3112
f 3291 3293 3133
f 3271 3292 3295
f 3292 218 791
f 3295 791 342
f 3292 791 3295
f 3112 3285 3132
f 3285 342 790
f 3132 790 176
f 3285 790 3132
f 3271 3295 3293
f 3295 342 3285
f 3293 3285 3112
f 3295 3285 3293
f 3266 3286 3280
f 3286 3270 3289
f 3280 3289 3269
f 3286 3289 3280
f 3270 3287 3296
f 3287 218 3292
f 3296 3292 3271
f 3287 3292 3296
f 3269 3294 3281
f 3294 3271 3291
f 3281 3291 3106
f 3294 3291 3281
f 3270 3296 3289
f 3296 3271 3294
f 3289 3294 3269
f 3296 3294 3289
f 1870 3129 3129
f 3129 3111 3111
f 3129 3111 3111
f 3129 3111 3129
f 3111 3130 3130
f 3130 3106 3106
f 3130 3106 3106
f 3130 3106 3130
f 3111 3130 3130
f 3130 3106 3106
f 3130 3106 3106
f 3130 3106 3130
f 3111 3130 3111
f 3130 3106 3130
f 3111 3130 3111
f 3130 3130 3111
f 3106 3133 3133
f 3133 3112 3112
f 3133 3112 3112
f 3133 3112 3133
f 3112 3132 3132
f 3132 176 176
f 3132 176 176
f 3132 176 3132
f 3112 3132 3132
f 3132 176 176
f 3132 176 176
f 3132 176 3132
f 3112 3132 3112
f 3132 176 3132
f 3112 3132 3112
f 3132 3132 3112
f 3106 3133 3133
f 3133 3112 3112
f 3133 3112 3112
f 3133 3112 3133
f 3112 3132 3132
f 3132 176 176
f 3132 176 176
f 3132 176 3132
f 3112 3132 3132
f 3132 176 176
f 3132 176 176
f 3132 176 3132
f 3112 3132 3112
f 3132 176 3132
f 3112 3132 3112
f 3132 3132 3112
f 3106 3133 3106
f 3133 3112 3133
f 3106 3133 3106
f 3133 3133 3106
f 3112 3132 3112
f 3132 176 3132
f 3112 3132 3112
f 3132 3132 3112
f 3106 3133 3106
f 3133 3112 3133
f 3106 3133 3106
f 3133 3133 3106
f 3112 3112 3133
f 3112 3112 3133
f 3133 3133 3106
f 3112 3133 3133
f 174 3277 1280
f 3277 3268 3302
f 1280 3302 1247
f 3277 3302 1280
f 3268 3278 3306
f 3278 3266 3304
f 3306 3304 3273
f 3278 3304 3306
f 1247 3308 1281
f 3308 3273 3305
f 1281 3305 1238
f 3308 3305 1281
f 3268 3306 3302
f 3306 3273 3308
f 3302 3308 1247
f 3306 3308 3302
f 3266 3276 3298
f 3276 3267 3300
f 3298 3300 3272
f 3276 3300 3298
f 3267 3275 3297
f 3275 1870 2266
f 3297 2266 1971
f 3275 2266 3297
f 3272 3301 3299
f 3301 1971 2267
f 3299 2267 1892
f 3301 2267 3299
f 3267 3297 3300
f 3297 1971 3301
f 3300 3301 3272
f 3297 3301 3300
f 1238 3310 1284
f 3310 3274 3313
f 1284 3313 1248
f 3310 3313 1284
f 3274 3309 3311
f 3309 1892 2270
f 3311 2270 1972
f 3309 2270 3311
f 1248 3303 1283
f 3303 1972 2269
f 1283 2269 1235
f 3303 2269 1283
f 3274 3311 3313
f 3311 1972 3303
f 3313 3303 1248
f 3311 3303 3313
f 3266 3298 3304
f 3298 3272 3307
f 3304 3307 3273
f 3298 3307 3304
f 3272 3299 3312
f 3299 1892 3309
f 3312 3309 3274
f 3299 3309 3312
f 3273 3314 3305
f 3314 3274 3310
f 3305 3310 1238
f 3314 3310 3305
f 3272 3312 3307
f 3312 3274 3314
f 3307 3314 3273
f 3312 3314 3307
f 174 1280 1280
f 1280 1247 1247
f 1280 1247 1247
f 1280 1247 1280
f 1247 1281 1281
f 1281 1238 1238
f 1281 1238 1238
f 1281 1238 1281
f 1247 1281 1281
f 1281 1238 1238
f 1281 1238 1238
f 1281 1238 1281
f 1247 1281 1247
f 1281 1238 1281
f 1247 1281 1247
f 1281 1281 1247
f 1238 1284 1284
f 1284 1248 1248
f 1284 1248 1248
f 1284 1248 1284
f 1248 1283 1283
f 1283 1235 1235
f 1283 1235 1235
f 1283 1235 1283
f 1248 1283 1283
f 1283 1235 1235
f 1283 1235 1235
f 1283 1235 1283
f 1248 1283 1248
f 1283 1235 1283
f 1248 1283 1248
f 1283 1283 1248
f 1238 1284 1284
f 1284 1248 1248
f 1284 1248 1248
f 1284 1248 1284
f 1248 1283 1283
f 1283 1235 1235
f 1283 1235 1235
f 1283 1235 1283
f 1248 1283 1283
f 1283 1235 1235
f 1283 1235 1235
f 1283 1235 1283
f 1248 1283 1248
f 1283 1235 1283
f 1248 1283 1248
f 1283 1283 1248
f 1238 1284 1238
f 1284 1248 1284
f 1238 1284 1238
f 1284 1284 1238
f 1248 1283 1248
f 1283 1235 1283
f 1248 1283 1248
f 1283 1283 1248
f 1238 1284 1238
f 1284 1248 1284
f 1238 1284 1238
f 1284 1284 1238
f 1248 1248 1284
f 1248 1248 1284
f 1284 1284 1238
f 1248 1284 1284
f 1234 3324 1263
f 3324 3316 3328
f 1263 3328 1243
f 3324 3328 1263
f 3316 3325 3331
f 3325 3315 3329
f 3331 3329 3318
f 3325 3329 3331
f 1243 3332 1264
f 3332 3318 3330
f 1264 3330 1237
f 3332 3330 1264
f 3316 3331 3328
f 3331 3318 3332
f 3328 3332 1243
f 3331 3332 3328
f 3315 3327 3335
f 3327 3317 3337
f 3335 3337 3319
f 3327 3337 3335
f 3317 3326 3333
f 3326 175 835
f 3333 835 353
f 3326 835 3333
f 3319 3339 3336
f 3339 353 836
f 3336 836 221
f 3339 836 3336
f 3317 3333 3337
f 3333 353 3339
f 3337 3339 3319
f 3333 3339 3337
f 1237 3340 1267
f 3340 3320 3342
f 1267 3342 1244
f 3340 3342 1267
f 3320 3341 3344
f 3341 221 839
f 3344 839 354
f 3341 839 3344
f 1244 3334 1266
f 3334 354 838
f 1266 838 177
f 3334 838 1266
f 3320 3344 3342
f 3344 354 3334
f 3342 3334 1244
f 3344 3334 3342
f 3315 3335 3329
f 3335 3319 3338
f 3329 3338 3318
f 3335 3338 3329
f 3319 3336 3345
f 3336 221 3341
f 3345 3341 3320
f 3336 3341 3345
f 3318 3343 3330
f 3343 3320 3340
f 3330 3340 1237
f 3343 3340 3330
f 3319 3345 3338
f 3345 3320 3343
f 3338 3343 3318
f 3345 3343 3338
f 1234 1263 1263
f 1263 1243 1243
f 1263 1243 1243
f 1263 1243 1263
f 1243 1264 1264
f 1264 1237 1237
f 1264 1237 1237
f 1264 1237 1264
f 1243 1264 1264
f 1264 1237 1237
f 1264 1237 1237
f 1264 1237 1264
f 1243 1264 1243
f 1264 1237 1264
f 1243 1264 1243
f 1264 1264 1243
f 1237 1267 1267
f 1267 1244 1244
f 1267 1244 1244
f 1267 1244 1267
f 1244 1266 1266
f 1266 177 177
f 1266 177 177
f 1266 177 1266
f 1244 1266 1266
f 1266 177 177
f 1266 177 177
f 1266 177 1266
f 1244 1266 1244
f 1266 177 1266
f 1244 1266 1244
f 1266 1266 1244
f 1237 1267 1267
f 1267 1244 1244
f 1267 1244 1244
f 1267 1244 1267
f 1244 1266 1266
f 1266 177 177
f 1266 177 177
f 1266 177 1266
f 1244 1266 1266
f 1266 177 177
f 1266 177 177
f 1266 177 1266
f 1244 1266 1244
f 1266 177 1266
f 1244 1266 1244
f 1266 1266 1244
f 1237 1267 1237
f 1267 1244 1267
f 1237 1267 1237
f 1267 1267 1237
f 1244 1266 1244
f 1266 177 1266
f 1244 1266 1244
f 1266 1266 1244
f 1237 1267 1237
f 1267 1244 1267
f 1237 1267 1237
f 1267 1267 1237
f 1244 1244 1267
f 1244 1244 1267
f 1267 1267 1237
f 1244 1267 1267
f 175 3326 3083
f 3326 3317 3351
f 3083 3351 3052
f 3326 3351 3083
f 3317 3327 3355
f 3327 3315 3353
f 3355 3353 3322
f 3327 3353 3355
f 3052 3357 3084
f 3357 3322 3354
f 3084 3354 3044
f 3357 3354 3084
f 3317 3355 3351
f 3355 3322 3357
f 3351 3357 3052
f 3355 3357 3351
f 3315 3325 3347
f 3325 3316 3349
f 3347 3349 3321
f 3325 3349 3347
f 3316 3324 3346
f 3324 1234 2235
f 3346 2235 1963
f 3324 2235 3346
f 3321 3350 3348
f 3350 1963 2236
f 3348 2236 1890
f 3350 2236 3348
f 3316 3346 3349
f 3346 1963 3350
f 3349 3350 3321
f 3346 3350 3349
f 3044 3359 3087
f 3359 3323 3362
f 3087 3362 3053
f 3359 3362 3087
f 3323 3358 3360
f 3358 1890 2239
f 3360 2239 1964
f 3358 2239 3360
f 3053 3352 3086
f 3352 1964 2238
f 3086 2238 1871
f 3352 2238 3086
f 3323 3360 3362
f 3360 1964 3352
f 3362 3352 3053
f 3360 3352 3362
f 3315 3347 3353
f 3347 3321 3356
f 3353 3356 3322
f 3347 3356 3353
f 3321 3348 3361
f 3348 1890 3358
f 3361 3358 3323
f 3348 3358 3361
f 3322 3363 3354
f 3363 3323 3359
f 3354 3359 3044
f 3363 3359 3354
f 3321 3361 3356
f 3361 3323 3363
f 3356 3363 3322
f 3361 3363 3356
f 175 3083 3083
f 3083 3052 3052
f 3083 3052 3052
f 3083 3052 3083
f 3052 3084 3084
f 3084 3044 3044
f 3084 3044 3044
f 3084 3044 3084
f 3052 3084 3084
f 3084 3044 3044
f 3084 3044 3044
f 3084 3044 3084
f 3052 3084 3052
f 3084 3044 3084
f 3052 3084 3052
f 3084 3084 3052
f 3044 3087 3087
f 3087 3053 3053
f 3087 3053 3053
f 3087 3053 3087
f 3053 3086 3086
f 3086 1871 1871
f 3086 1871 1871
f 3086 1871 3086
f 3053 3086 3086
f 3086 1871 1871
f 3086 1871 1871
f 3086 1871 3086
f 3053 3086 3053
f 3086 1871 3086
f 3053 3086 3053
f 3086 3086 3053
f 3044 3087 3087
f 3087 3053 3053
f 3087 3053 3053
f 3087 3053 3087
f 3053 3086 3086
f 3086 1871 1871
f 3086 1871 1871
f 3086 1871 3086
f 3053 3086 3086
f 3086 1871 1871
f 3086 1871 1871
f 3086 1871 3086
f 3053 3086 3053
f 3086 1871 3086
f 3053 3086 3053
f 3086 3086 3053
f 3044 3087 3044
f 3087 3053 3087
f 3044 3087 3044
f 3087 3087 3044
f 3053 3086 3053
f 3086 1871 3086
f 3053 3086 3053
f 3086 3086 3053
f 3044 3087 3044
f 3087 3053 3087
f 3044 3087 3044
f 3087 3087 3044
f 3053 3053 3087
f 3053 3053 3087
f 3087 3087 3044
f 3053 3087 3087
f 1378 3373 1407
f 3373 3365 3377
f 1407 3377 1387
f 3373 3377 1407
f 3365 3374 3380
f 3374 3364 3378
f 3380 3378 3367
f 3374 3378 3380
f 1387 3381 1408
f 3381 3367 3379
f 1408 3379 1381
f 3381 3379 1408
f 3365 3380 3377
f 3380 3367 3381
f 3377 3381 1387
f 3380 3381 3377
f 3364 3376 3384
f 3376 3366 3386
f 3384 3386 3368
f 3376 3386 3384
f 3366 3375 3382
f 3375 171 731
f 3382 731 325
f 3375 731 3382
f 3368 3388 3385
f 3388 325 732
f 3385 732 213
f 3388 732 3385
f 3366 3382 3386
f 3382 325 3388
f 3386 3388 3368
f 3382 3388 3386
f 1381 3389 1411
f 3389 3369 3391
f 1411 3391 1388
f 3389 3391 1411
f 3369 3390 3393
f 3390 213 735
f 3393 735 326
f 3390 735 3393
f 1388 3383 1410
f 3383 326 734
f 1410 734 173
f 3383 734 1410
f 3369 3393 3391
f 3393 326 3383
f 3391 3383 1388
f 3393 3383 3391
f 3364 3384 3378
f 3384 3368 3387
f 3378 3387 3367
f 3384 3387 3378
f 3368 3385 3394
f 3385 213 3390
f 3394 3390 3369
f 3385 3390 3394
f 3367 3392 3379
f 3392 3369 3389
f 3379 3389 1381
f 3392 3389 3379
f 3368 3394 3387
f 3394 3369 3392
f 3387 3392 3367
f 3394 3392 3387
f 1378 1407 1407
f 1407 1387 1387
f 1407 1387 1387
f 1407 1387 1407
f 1387 1408 1408
f 1408 1381 1381
f 1408 1381 1381
f 1408 1381 1408
f 1387 1408 1408
f 1408 1381 1381
f 1408 1381 1381
f 1408 1381 1408
f 1387 1408 1387
f 1408 1381 1408
f 1387 1408 1387
f 1408 1408 1387
f 1381 1411 1411
f 1411 1388 1388
f 1411 1388 1388
f 1411 1388 1411
f 1388 1410 1410
f 1410 173 173
f 1410 173 173
f 1410 173 1410
f 1388 1410 1410
f 1410 173 173
f 1410 173 173
f 1410 173 1410
f 1388 1410 1388
f 1410 173 1410
f 1388 1410 1388
f 1410 1410 1388
f 1381 1411 1411
f 1411 1388 1388
f 1411 1388 1388
f 1411 1388 1411
f 1388 1410 1410
f 1410 173 173
f 1410 173 173
f 1410 173 1410
f 1388 1410 1410
f 1410 173 173
f 1410 173 173
f 1410 173 1410
f 1388 1410 1388
f 1410 173 1410
f 1388 1410 1388
f 1410 1410 1388
f 1381 1411 1381
f 1411 1388 1411
f 1381 1411 1381
f 1411 1411 1381
f 1388 1410 1388
f 1410 173 1410
f 1388 1410 1388
f 1410 1410 1388
f 1381 1411 1381
f 1411 1388 1411
f 1381 1411 1381
f 1411 1411 1381
f 1388 1388 1411
f 1388 1388 1411
f 1411 1411 1381
f 1388 1411 1411
f 171 3375 3146
f 3375 3366 3400
f 3146 3400 3115
f 3375 3400 3146
f 3366 3376 3404
f 3376 3364 3402
f 3404 3402 3371
f 3376 3402 3404
f 3115 3406 3147
f 3406 3371 3403
f 3147 3403 3107
f 3406 3403 3147
f 3366 3404 3400
f 3404 3371 3406
f 3400 3406 3115
f 3404 3406 3400
f 3364 3374 3396
f 3374 3365 3398
f 3396 3398 3370
f 3374 3398 3396
f 3365 3373 3395
f 3373 1378 2756
f 3395 2756 2097
f 3373 2756 3395
f 3370 3399 3397
f 3399 2097 2757
f 3397 2757 1925
f 3399 2757 3397
f 3365 3395 3398
f 3395 2097 3399
f 3398 3399 3370
f 3395 3399 3398
f 3107 3408 3150
f 3408 3372 3411
f 3150 3411 3116
f 3408 3411 3150
f 3372 3407 3409
f 3407 1925 2754
f 3409 2754 2096
f 3407 2754 3409
f 3116 3401 3149
f 3401 2096 2753
f 3149 2753 1879
f 3401 2753 3149
f 3372 3409 3411
f 3409 2096 3401
f 3411 3401 3116
f 3409 3401 3411
f 3364 3396 3402
f 3396 3370 3405
f 3402 3405 3371
f 3396 3405 3402
f 3370 3397 3410
f 3397 1925 3407
f 3410 3407 3372
f 3397 3407 3410
f 3371 3412 3403
f 3412 3372 3408
f 3403 3408 3107
f 3412 3408 3403
f 3370 3410 3405
f 3410 3372 3412
f 3405 3412 3371
f 3410 3412 3405
f 171 3146 3146
f 3146 3115 3115
f 3146 3115 3115
f 3146 3115 3146
f 3115 3147 3147
f 3147 3107 3107
f 3147 3107 3107
f 3147 3107 3147
f 3115 3147 3147
f 3147 3107 3107
f 3147 3107 3107
f 3147 3107 3147
f 3115 3147 3115
f 3147 3107 3147
f 3115 3147 3115
f 3147 3147 3115
f 3107 3150 3150
f 3150 3116 3116
f 3150 3116 3116
f 3150 3116 3150
f 3116 3149 3149
f 3149 1879 1879
f 3149 1879 1879
f 3149 1879 3149
f 3116 3149 3149
f 3149 1879 1879
f 3149 1879 1879
f 3149 1879 3149
f 3116 3149 3116
f 3149 1879 3149
f 3116 3149 3116
f 3149 3149 3116
f 3107 3150 3150
f 3150 3116 3116
f 3150 3116 3116
f 3150 3116 3150
f 3116 3149 3149
f 3149 1879 1879
f 3149 1879 1879
f 3149 1879 3149
f 3116 3149 3149
f 3149 1879 1879
f 3149 1879 1879
f 3149 1879 3149
f 3116 3149 3116
f 3149 1879 3149
f 3116 3149 3116
f 3149 3149 3116
f 3107 3150 3107
f 3150 3116 3150
f 3107 3150 3107
f 3150 3150 3107
f 3116 3149 3116
f 3149 1879 3149
f 3116 3149 3116
f 3149 3149 3116
f 3107 3150 3107
f 3150 3116 3150
f 3107 3150 3107
f 3150 3150 3107
f 3116 3116 3150
f 3116 3116 3150
f 3150 3150 3107
f 3116 3150 3150
f 1878 3425 2891
f 3425 3415 3429
f 2891 3429 2873
f 3425 3429 2891
f 3415 3426 3432
f 3426 3413 3430
f 3432 3430 3417
f 3426 3430 3432
f 2873 3433 2892
f 3433 3417 3431
f 2892 3431 2868
f 3433 3431 2892
f 3415 3432 3429
f 3432 3417 3433
f 3429 3433 2873
f 3432 3433 3429
f 3413 3428 3436
f 3428 3416 3438
f 3436 3438 3418
f 3428 3438 3436
f 3416 3427 3434
f 3427 186 1165
f 3434 1165 440
f 3427 1165 3434
f 3418 3440 3437
f 3440 440 1166
f 3437 1166 245
f 3440 1166 3437
f 3416 3434 3438
f 3434 440 3440
f 3438 3440 3418
f 3434 3440 3438
f 2868 3441 2895
f 3441 3419 3443
f 2895 3443 2874
f 3441 3443 2895
f 3419 3442 3445
f 3442 245 1169
f 3445 1169 441
f 3442 1169 3445
f 2874 3435 2894
f 3435 441 1168
f 2894 1168 188
f 3435 1168 2894
f 3419 3445 3443
f 3445 441 3435
f 3443 3435 2874
f 3445 3435 3443
f 3413 3436 3430
f 3436 3418 3439
f 3430 3439 3417
f 3436 3439 3430
f 3418 3437 3446
f 3437 245 3442
f 3446 3442 3419
f 3437 3442 3446
f 3417 3444 3431
f 3444 3419 3441
f 3431 3441 2868
f 3444 3441 3431
f 3418 3446 3439
f 3446 3419 3444
f 3439 3444 3417
f 3446 3444 3439
f 1878 2891 2891
f 2891 2873 2873
f 2891 2873 2873
f 2891 2873 2891
f 2873 2892 2892
f 2892 2868 2868
f 2892 2868 2868
f 2892 2868 2892
f 2873 2892 2892
f 2892 2868 2868
f 2892 2868 2868
f 2892 2868 2892
f 2873 2892 2873
f 2892 2868 2892
f 2873 2892 2873
f 2892 2892 2873
f 2868 2895 2895
f 2895 2874 2874
f 2895 2874 2874
f 2895 2874 2895
f 2874 2894 2894
f 2894 188 188
f 2894 188 188
f 2894 188 2894
f 2874 2894 2894
f 2894 188 188
f 2894 188 188
f 2894 188 2894
f 2874 2894 2874
f 2894 188 2894
f 2874 2894 2874
f 2894 2894 2874
f 2868 2895 2895
f 2895 2874 2874
f 2895 2874 2874
f 2895 2874 2895
f 2874 2894 2894
f 2894 188 188
f 2894 188 188
f 2894 188 2894
f 2874 2894 2894
f 2894 188 188
f 2894 188 188
f 2894 188 2894
f 2874 2894 2874
f 2894 188 2894
f 2874 2894 2874
f 2894 2894 2874
f 2868 2895 2868
f 2895 2874 2895
f 2868 2895 2868
f 2895 2895 2868
f 2874 2894 2874
f 2894 188 2894
f 2874 2894 2874
f 2894 2894 2874
f 2868 2895 2868
f 2895 2874 2895
f 2868 2895 2868
f 2895 2895 2868
f 2874 2874 2895
f 2874 2874 2895
f 2895 2895 2868
f 2874 2895 2895
f 186 3427 3452
f 3427 3416 3454
f 3452 3454 3421
f 3427 3454 3452
f 3416 3428 3460
f 3428 3413 3458
f 3460 3458 3423
f 3428 3458 3460
f 3421 3462 3453
f 3462 3423 3459
f 3453 3459 3414
f 3462 3459 3453
f 3416 3460 3454
f 3460 3423 3462
f 3454 3462 3421
f 3460 3462 3454
f 3413 3426 3448
f 3426 3415 3450
f 3448 3450 3420
f 3426 3450 3448
f 3415 3425 3447
f 3425 1878 2687
f 3447 2687 2079
f 3425 2687 3447
f 3420 3451 3449
f 3451 2079 2688
f 3449 2688 1920
f 3451 2688 3449
f 3415 3447 3450
f 3447 2079 3451
f 3450 3451 3420
f 3447 3451 3450
f 3414 3464 3456
f 3464 3424 3467
f 3456 3467 3422
f 3464 3467 3456
f 3424 3463 3465
f 3463 1920 2685
f 3465 2685 2078
f 3463 2685 3465
f 3422 3457 3455
f 3457 2078 2684
f 3455 2684 1877
f 3457 2684 3455
f 3424 3465 3467
f 3465 2078 3457
f 3467 3457 3422
f 3465 3457 3467
f 3413 3448 3458
f 3448 3420 3461
f 3458 3461 3423
f 3448 3461 3458
f 3420 3449 3466
f 3449 1920 3463
f 3466 3463 3424
f 3449 3463 3466
f 3423 3468 3459
f 3468 3424 3464
f 3459 3464 3414
f 3468 3464 3459
f 3420 3466 3461
f 3466 3424 3468
f 3461 3468 3423
f 3466 3468 3461
f 186 3452 3452
f 3452 3421 3421
f 3452 3421 3421
f 3452 3421 3452
f 3421 3453 3453
f 3453 3414 3414
f 3453 3414 3414
f 3453 3414 3453
f 3421 3453 3453
f 3453 3414 3414
f 3453 3414 3414
f 3453 3414 3453
f 3421 3453 3421
f 3453 3414 3453
f 3421 3453 3421
f 3453 3453 3421
f 3414 3456 3456
f 3456 3422 3422
f 3456 3422 3422
f 3456 3422 3456
f 3422 3455 3455
f 3455 1877 1877
f 3455 1877 1877
f 3455 1877 3455
f 3422 3455 3455
f 3455 1877 1877
f 3455 1877 1877
f 3455 1877 3455
f 3422 3455 3422
f 3455 1877 3455
f 3422 3455 3422
f 3455 3455 3422
f 3414 3456 3456
f 3456 3422 3422
f 3456 3422 3422
f 3456 3422 3456
f 3422 3455 3455
f 3455 1877 1877
f 3455 1877 1877
f 3455 1877 3455
f 3422 3455 3455
f 3455 1877 1877
f 3455 1877 1877
f 3455 1877 3455
f 3422 3455 3422
f 3455 1877 3455
f 3422 3455 3422
f 3455 3455 3422
f 3414 3456 3414
f 3456 3422 3456
f 3414 3456 3414
f 3456 3456 3414
f 3422 3455 3422
f 3455 1877 3455
f 3422 3455 3422
f 3455 3455 3422
f 3414 3456 3414
f 3456 3422 3456
f 3414 3456 3414
f 3456 3456 3414
f 3422 3422 3456
f 3422 3422 3456
f 3456 3456 3414
f 3422 3456 3456
f 1867 3484 3488
f 3484 3472 3490
f 3488 3490 3474
f 3484 3490 3488
f 3472 3485 3495
f 3485 3469 3493
f 3495 3493 3476
f 3485 3493 3495
f 3474 3496 3489
f 3496 3476 3494
f 3489 3494 3470
f 3496 3494 3489
f 3472 3495 3490
f 3495 3476 3496
f 3490 3496 3474
f 3495 3496 3490
f 3469 3487 3499
f 3487 3473 3501
f 3499 3501 3477
f 3487 3501 3499
f 3473 3486 3497
f 3486 183 1021
f 3497 1021 404
f 3486 1021 3497
f 3477 3503 3500
f 3503 404 1022
f 3500 1022 236
f 3503 1022 3500
f 3473 3497 3501
f 3497 404 3503
f 3501 3503 3477
f 3497 3503 3501
f 3470 3504 3492
f 3504 3478 3506
f 3492 3506 3475
f 3504 3506 3492
f 3478 3505 3508
f 3505 236 1025
f 3508 1025 405
f 3505 1025 3508
f 3475 3498 3491
f 3498 405 1024
f 3491 1024 185
f 3498 1024 3491
f 3478 3508 3506
f 3508 405 3498
f 3506 3498 3475
f 3508 3498 3506
f 3469 3499 3493
f 3499 3477 3502
f 3493 3502 3476
f 3499 3502 3493
f 3477 3500 3509
f 3500 236 3505
f 3509 3505 3478
f 3500 3505 3509
f 3476 3507 3494
f 3507 3478 3504
f 3494 3504 3470
f 3507 3504 3494
f 3477 3509 3502
f 3509 3478 3507
f 3502 3507 3476
f 3509 3507 3502
f 1867 3488 3488
f 3488 3474 3474
f 3488 3474 3474
f 3488 3474 3488
f 3474 3489 3489
f 3489 3470 3470
f 3489 3470 3470
f 3489 3470 3489
f 3474 3489 3489
f 3489 3470 3470
f 3489 3470 3470
f 3489 3470 3489
f 3474 3489 3474
f 3489 3470 3489
f 3474 3489 3474
f 3489 3489 3474
f 3470 3492 3492
f 3492 3475 3475
f 3492 3475 3475
f 3492 3475 3492
f 3475 3491 3491
f 3491 185 185
f 3491 185 185
f 3491 185 3491
f 3475 3491 3491
f 3491 185 185
f 3491 185 185
f 3491 185 3491
f 3475 3491 3475
f 3491 185 3491
f 3475 3491 3475
f 3491 3491 3475
f 3470 3492 3492
f 3492 3475 3475
f 3492 3475 3475
f 3492 3475 3492
f 3475 3491 3491
f 3491 185 185
f 3491 185 185
f 3491 185 3491
f 3475 3491 3491
f 3491 185 185
f 3491 185 185
f 3491 185 3491
f 3475 3491 3475
f 3491 185 3491
f 3475 3491 3475
f 3491 3491 3475
f 3470 3492 3470
f 3492 3475 3492
f 3470 3492 3470
f 3492 3492 3470
f 3475 3491 3475
f 3491 185 3491
f 3475 3491 3475
f 3491 3491 3475
f 3470 3492 3470
f 3492 3475 3492
f 3470 3492 3470
f 3492 3492 3470
f 3475 3475 3492
f 3475 3475 3492
f 3492 3492 3470
f 3475 3492 3492
f 183 3486 3515
f 3486 3473 3517
f 3515 3517 3480
f 3486 3517 3515
f 3473 3487 3523
f 3487 3469 3521
f 3523 3521 3482
f 3487 3521 3523
f 3480 3525 3516
f 3525 3482 3522
f 3516 3522 3471
f 3525 3522 3516
f 3473 3523 3517
f 3523 3482 3525
f 3517 3525 3480
f 3523 3525 3517
f 3469 3485 3511
f 3485 3472 3513
f 3511 3513 3479
f 3485 3513 3511
f 3472 3484 3510
f 3484 1867 2522
f 3510 2522 2039
f 3484 2522 3510
f 3479 3514 3512
f 3514 2039 2523
f 3512 2523 1911
f 3514 2523 3512
f 3472 3510 3513
f 3510 2039 3514
f 3513 3514 3479
f 3510 3514 3513
f 3471 3527 3519
f 3527 3483 3530
f 3519 3530 3481
f 3527 3530 3519
f 3483 3526 3528
f 3526 1911 2526
f 3528 2526 2040
f 3526 2526 3528
f 3481 3520 3518
f 3520 2040 2525
f 3518 2525 1876
f 3520 2525 3518
f 3483 3528 3530
f 3528 2040 3520
f 3530 3520 3481
f 3528 3520 3530
f 3469 3511 3521
f 3511 3479 3524
f 3521 3524 3482
f 3511 3524 3521
f 3479 3512 3529
f 3512 1911 3526
f 3529 3526 3483
f 3512 3526 3529
f 3482 3531 3522
f 3531 3483 3527
f 3522 3527 3471
f 3531 3527 3522
f 3479 3529 3524
f 3529 3483 3531
f 3524 3531 3482
f 3529 3531 3524
f 183 3515 3515
f 3515 3480 3480
f 3515 3480 3480
f 3515 3480 3515
f 3480 3516 3516
f 3516 3471 3471
f 3516 3471 3471
f 3516 3471 3516
f 3480 3516 3516
f 3516 3471 3471
f 3516 3471 3471
f 3516 3471 3516
f 3480 3516 3480
f 3516 3471 3516
f 3480 3516 3480
f 3516 3516 3480
f 3471 3519 3519
f 3519 3481 3481
f 3519 3481 3481
f 3519 3481 3519
f 3481 3518 3518
f 3518 1876 1876
f 3518 1876 1876
f 3518 1876 3518
f 3481 3518 3518
f 3518 1876 1876
f 3518 1876 1876
f 3518 1876 3518
f 3481 3518 3481
f 3518 1876 3518
f 3481 3518 3481
f 3518 3518 3481
f 3471 3519 3519
f 3519 3481 3481
f 3519 3481 3481
f 3519 3481 3519
f 3481 3518 3518
f 3518 1876 1876
f 3518 1876 1876
f 3518 1876 3518
f 3481 3518 3518
f 3518 1876 1876
f 3518 1876 1876
f 3518 1876 3518
f 3481 3518 3481
f 3518 1876 3518
f 3481 3518 3481
f 3518 3518 3481
f 3471 3519 3471
f 3519 3481 3519
f 3471 3519 3471
f 3519 3519 3471
f 3481 3518 3481
f 3518 1876 3518
f 3481 3518 3481
f 3518 3518 3481
f 3471 3519 3471
f 3519 3481 3519
f 3471 3519 3471
f 3519 3519 3471
f 3481 3481 3519
f 3481 3481 3519
f 3519 3519 3471
f 3481 3519 3519
f 1866 3547 3551
f 3547 3535 3553
f 3551 3553 3537
f 3547 3553 3551
f 3535 3548 3558
f 3548 3532 3556
f 3558 3556 3539
f 3548 3556 3558
f 3537 3559 3552
f 3559 3539 3557
f 3552 3557 3533
f 3559 3557 3552
f 3535 3558 3553
f 3558 3539 3559
f 3553 3559 3537
f 3558 3559 3553
f 3532 3550 3562
f 3550 3536 3564
f 3562 3564 3540
f 3550 3564 3562
f 3536 3549 3560
f 3549 167 926
f 3560 926 379
f 3549 926 3560
f 3540 3566 3563
f 3566 379 927
f 3563 927 229
f 3566 927 3563
f 3536 3560 3564
f 3560 379 3566
f 3564 3566 3540
f 3560 3566 3564
f 3533 3567 3555
f 3567 3541 3569
f 3555 3569 3538
f 3567 3569 3555
f 3541 3568 3571
f 3568 229 930
f 3571 930 380
f 3568 930 3571
f 3538 3561 3554
f 3561 380 929
f 3554 929 182
f 3561 929 3554
f 3541 3571 3569
f 3571 380 3561
f 3569 3561 3538
f 3571 3561 3569
f 3532 3562 3556
f 3562 3540 3565
f 3556 3565 3539
f 3562 3565 3556
f 3540 3563 3572
f 3563 229 3568
f 3572 3568 3541
f 3563 3568 3572
f 3539 3570 3557
f 3570 3541 3567
f 3557 3567 3533
f 3570 3567 3557
f 3540 3572 3565
f 3572 3541 3570
f 3565 3570 3539
f 3572 3570 3565
f 1866 3551 3551
f 3551 3537 3537
f 3551 3537 3537
f 3551 3537 3551
f 3537 3552 3552
f 3552 3533 3533
f 3552 3533 3533
f 3552 3533 3552
f 3537 3552 3552
f 3552 3533 3533
f 3552 3533 3533
f 3552 3533 3552
f 3537 3552 3537
f 3552 3533 3552
f 3537 3552 3537
f 3552 3552 3537
f 3533 3555 3555
f 3555 3538 3538
f 3555 3538 3538
f 3555 3538 3555
f 3538 3554 3554
f 3554 182 182
f 3554 182 182
f 3554 182 3554
f 3538 3554 3554
f 3554 182 182
f 3554 182 182
f 3554 182 3554
f 3538 3554 3538
f 3554 182 3554
f 3538 3554 3538
f 3554 3554 3538
f 3533 3555 3555
f 3555 3538 3538
f 3555 3538 3538
f 3555 3538 3555
f 3538 3554 3554
f 3554 182 182
f 3554 182 182
f 3554 182 3554
f 3538 3554 3554
f 3554 182 182
f 3554 182 182
f 3554 182 3554
f 3538 3554 3538
f 3554 182 3554
f 3538 3554 3538
f 3554 3554 3538
f 3533 3555 3533
f 3555 3538 3555
f 3533 3555 3533
f 3555 3555 3533
f 3538 3554 3538
f 3554 182 3554
f 3538 3554 3538
f 3554 3554 3538
f 3533 3555 3533
f 3555 3538 3555
f 3533 3555 3533
f 3555 3555 3533
f 3538 3538 3555
f 3538 3538 3555
f 3555 3555 3533
f 3538 3555 3555
f 167 3549 3578
f 3549 3536 3580
f 3578 3580 3543
f 3549 3580 3578
f 3536 3550 3586
f 3550 3532 3584
f 3586 3584 3545
f 3550 3584 3586
f 3543 3588 3579
f 3588 3545 3585
f 3579 3585 3534
f 3588 3585 3579
f 3536 3586 3580
f 3586 3545 3588
f 3580 3588 3543
f 3586 3588 3580
f 3532 3548 3574
f 3548 3535 3576
f 3574 3576 3542
f 3548 3576 3574
f 3535 3547 3573
f 3547 1866 2309
f 3573 2309 1982
f 3547 2309 3573
f 3542 3577 3575
f 3577 1982 2310
f 3575 2310 1895
f 3577 2310 3575
f 3535 3573 3576
f 3573 1982 3577
f 3576 3577 3542
f 3573 3577 3576
f 3534 3590 3582
f 3590 3546 3593
f 3582 3593 3544
f 3590 3593 3582
f 3546 3589 3591
f 3589 1895 2312
f 3591 2312 1983
f 3589 2312 3591
f 3544 3583 3581
f 3583 1983 2311
f 3581 2311 1873
f 3583 2311 3581
f 3546 3591 3593
f 3591 1983 3583
f 3593 3583 3544
f 3591 3583 3593
f 3532 3574 3584
f 3574 3542 3587
f 3584 3587 3545
f 3574 3587 3584
f 3542 3575 3592
f 3575 1895 3589
f 3592 3589 3546
f 3575 3589 3592
f 3545 3594 3585
f 3594 3546 3590
f 3585 3590 3534
f 3594 3590 3585
f 3542 3592 3587
f 3592 3546 3594
f 3587 3594 3545
f 3592 3594 3587
f 167 3578 3578
f 3578 3543 3543
f 3578 3543 3543
f 3578 3543 3578
f 3543 3579 3579
f 3579 3534 3534
f 3579 3534 3534
f 3579 3534 3579
f 3543 3579 3579
f 3579 3534 3534
f 3579 3534 3534
f 3579 3534 3579
f 3543 3579 3543
f 3579 3534 3579
f 3543 3579 3543
f 3579 3579 3543
f 3534 3582 3582
f 3582 3544 3544
f 3582 3544 3544
f 3582 3544 3582
f 3544 3581 3581
f 3581 1873 1873
f 3581 1873 1873
f 3581 1873 3581
f 3544 3581 3581
f 3581 1873 1873
f 3581 1873 1873
f 3581 1873 3581
f 3544 3581 3544
f 3581 1873 3581
f 3544 3581 3544
f 3581 3581 3544
f 3534 3582 3582
f 3582 3544 3544
f 3582 3544 3544
f 3582 3544 3582
f 3544 3581 3581
f 3581 1873 1873
f 3581 1873 1873
f 3581 1873 3581
f 3544 3581 3581
f 3581 1873 1873
f 3581 1873 1873
f 3581 1873 3581
f 3544 3581 3544
f 3581 1873 3581
f 3544 3581 3544
f 3581 3581 3544
f 3534 3582 3534
f 3582 3544 3582
f 3534 3582 3534
f 3582 3582 3534
f 3544 3581 3544
f 3581 1873 3581
f 3544 3581 3544
f 3581 3581 3544
f 3534 3582 3534
f 3582 3544 3582
f 3534 3582 3534
f 3582 3582 3534
f 3544 3544 3582
f 3544 3544 3582
f 3582 3582 3534
f 3544 3582 3582
f 1867 3604 2158
f 3604 3596 3608
f 2158 3608 1941
f 3604 3608 2158
f 3596 3605 3611
f 3605 3595 3609
f 3611 3609 3598
f 3605 3609 3611
f 1941 3612 2159
f 3612 3598 3610
f 2159 3610 1883
f 3612 3610 2159
f 3596 3611 3608
f 3611 3598 3612
f 3608 3612 1941
f 3611 3612 3608
f 3595 3607 3615
f 3607 3597 3617
f 3615 3617 3599
f 3607 3617 3615
f 3597 3606 3613
f 3606 187 1505
f 3613 1505 1466
f 3606 1505 3613
f 3599 3619 3616
f 3619 1466 1506
f 3616 1506 1455
f 3619 1506 3616
f 3597 3613 3617
f 3613 1466 3619
f 3617 3619 3599
f 3613 3619 3617
f 1883 3620 2162
f 3620 3600 3622
f 2162 3622 1942
f 3620 3622 2162
f 3600 3621 3624
f 3621 1455 1509
f 3624 1509 1467
f 3621 1509 3624
f 1942 3614 2161
f 3614 1467 1508
f 2161 1508 1451
f 3614 1508 2161
f 3600 3624 3622
f 3624 1467 3614
f 3622 3614 1942
f 3624 3614 3622
f 3595 3615 3609
f 3615 3599 3618
f 3609 3618 3598
f 3615 3618 3609
f 3599 3616 3625
f 3616 1455 3621
f 3625 3621 3600
f 3616 3621 3625
f 3598 3623 3610
f 3623 3600 3620
f 3610 3620 1883
f 3623 3620 3610
f 3599 3625 3618
f 3625 3600 3623
f 3618 3623 3598
f 3625 3623 3618
f 1867 2158 2158
f 2158 1941 1941
f 2158 1941 1941
f 2158 1941 2158
f 1941 2159 2159
f 2159 1883 1883
f 2159 1883 1883
f 2159 1883 2159
f 1941 2159 2159
f 2159 1883 1883
f 2159 1883 1883
f 2159 1883 2159
f 1941 2159 1941
f 2159 1883 2159
f 1941 2159 1941
f 2159 2159 1941
f 1883 2162 2162
f 2162 1942 1942
f 2162 1942 1942
f 2162 1942 2162
f 1942 2161 2161
f 2161 1451 1451
f 2161 1451 1451
f 2161 1451 2161
f 1942 2161 2161
f 2161 1451 1451
f 2161 1451 1451
f 2161 1451 2161
f 1942 2161 1942
f 2161 1451 2161
f 1942 2161 1942
f 2161 2161 1942
f 1883 2162 2162
f 2162 1942 1942
f 2162 1942 1942
f 2162 1942 2162
f 1942 2161 2161
f 2161 1451 1451
f 2161 1451 1451
f 2161 1451 2161
f 1942 2161 2161
f 2161 1451 1451
f 2161 1451 1451
f 2161 1451 2161
f 1942 2161 1942
f 2161 1451 2161
f 1942 2161 1942
f 2161 2161 1942
f 1883 2162 1883
f 2162 1942 2162
f 1883 2162 1883
f 2162 2162 1883
f 1942 2161 1942
f 2161 1451 2161
f 1942 2161 1942
f 2161 2161 1942
f 1883 2162 1883
f 2162 1942 2162
f 1883 2162 1883
f 2162 2162 1883
f 1942 1942 2162
f 1942 1942 2162
f 2162 2162 1883
f 1942 2162 2162
f 187 3606 1133
f 3606 3597 3631
f 1133 3631 431
f 3606 3631 1133
f 3597 3607 3635
f 3607 3595 3633
f 3635 3633 3602
f 3607 3633 3635
f 431 3637 1134
f 3637 3602 3634
f 1134 3634 242
f 3637 3634 1134
f 3597 3635 3631
f 3635 3602 3637
f 3631 3637 431
f 3635 3637 3631
f 3595 3605 3627
f 3605 3596 3629
f 3627 3629 3601
f 3605 3629 3627
f 3596 3604 3626
f 3604 1867 3488
f 3626 3488 3474
f 3604 3488 3626
f 3601 3630 3628
f 3630 3474 3489
f 3628 3489 3470
f 3630 3489 3628
f 3596 3626 3629
f 3626 3474 3630
f 3629 3630 3601
f 3626 3630 3629
f 242 3639 1131
f 3639 3603 3642
f 1131 3642 430
f 3639 3642 1131
f 3603 3638 3640
f 3638 3470 3492
f 3640 3492 3475
f 3638 3492 3640
f 430 3632 1130
f 3632 3475 3491
f 1130 3491 185
f 3632 3491 1130
f 3603 3640 3642
f 3640 3475 3632
f 3642 3632 430
f 3640 3632 3642
f 3595 3627 3633
f 3627 3601 3636
f 3633 3636 3602
f 3627 3636 3633
f 3601 3628 3641
f 3628 3470 3638
f 3641 3638 3603
f 3628 3638 3641
f 3602 3643 3634
f 3643 3603 3639
f 3634 3639 242
f 3643 3639 3634
f 3601 3641 3636
f 3641 3603 3643
f 3636 3643 3602
f 3641 3643 3636
f 187 1133 1133
f 1133 431 431
f 1133 431 431
f 1133 431 1133
f 431 1134 1134
f 1134 242 242
f 1134 242 242
f 1134 242 1134
f 431 1134 1134
f 1134 242 242
f 1134 242 242
f 1134 242 1134
f 431 1134 431
f 1134 242 1134
f 431 1134 431
f 1134 1134 431
f 242 1131 1131
f 1131 430 430
f 1131 430 430
f 1131 430 1131
f 430 1130 1130
f 1130 185 185
f 1130 185 185
f 1130 185 1130
f 430 1130 1130
f 1130 185 185
f 1130 185 185
f 1130 185 1130
f 430 1130 430
f 1130 185 1130
f 430 1130 430
f 1130 1130 430
f 242 1131 1131
f 1131 430 430
f 1131 430 430
f 1131 430 1131
f 430 1130 1130
f 1130 185 185
f 1130 185 185
f 1130 185 1130
f 430 1130 1130
f 1130 185 185
f 1130 185 185
f 1130 185 1130
f 430 1130 430
f 1130 185 1130
f 430 1130 430
f 1130 1130 430
f 242 1131 242
f 1131 430 1131
f 242 1131 242
f 1131 1131 242
f 430 1130 430
f 1130 185 1130
f 430 1130 430
f 1130 1130 430
f 242 1131 242
f 1131 430 1131
f 242 1131 242
f 1131 1131 242
f 430 430 1131
f 430 430 1131
f 1131 1131 242
f 430 1131 1131
f 186 3653 1182
f 3653 3645 3657
f 1182 3657 444
f 3653 3657 1182
f 3645 3654 3660
f 3654 3644 3658
f 3660 3658 3647
f 3654 3658 3660
f 444 3661 1183
f 3661 3647 3659
f 1183 3659 246
f 3661 3659 1183
f 3645 3660 3657
f 3660 3647 3661
f 3657 3661 444
f 3660 3661 3657
f 3644 3656 3664
f 3656 3646 3666
f 3664 3666 3648
f 3656 3666 3664
f 3646 3655 3662
f 3655 1450 1474
f 3662 1474 1458
f 3655 1474 3662
f 3648 3668 3665
f 3668 1458 1475
f 3665 1475 1453
f 3668 1475 3665
f 3646 3662 3666
f 3662 1458 3668
f 3666 3668 3648
f 3662 3668 3666
f 246 3669 1186
f 3669 3649 3671
f 1186 3671 445
f 3669 3671 1186
f 3649 3670 3673
f 3670 1453 1478
f 3673 1478 1459
f 3670 1478 3673
f 445 3663 1185
f 3663 1459 1477
f 1185 1477 189
f 3663 1477 1185
f 3649 3673 3671
f 3673 1459 3663
f 3671 3663 445
f 3673 3663 3671
f 3644 3664 3658
f 3664 3648 3667
f 3658 3667 3647
f 3664 3667 3658
f 3648 3665 3674
f 3665 1453 3670
f 3674 3670 3649
f 3665 3670 3674
f 3647 3672 3659
f 3672 3649 3669
f 3659 3669 246
f 3672 3669 3659
f 3648 3674 3667
f 3674 3649 3672
f 3667 3672 3647
f 3674 3672 3667
f 186 1182 1182
f 1182 444 444
f 1182 444 444
f 1182 444 1182
f 444 1183 1183
f 1183 246 246
f 1183 246 246
f 1183 246 1183
f 444 1183 1183
f 1183 246 246
f 1183 246 246
f 1183 246 1183
f 444 1183 444
f 1183 246 1183
f 444 1183 444
f 1183 1183 444
f 246 1186 1186
f 1186 445 445
f 1186 445 445
f 1186 445 1186
f 445 1185 1185
f 1185 189 189
f 1185 189 189
f 1185 189 1185
f 445 1185 1185
f 1185 189 189
f 1185 189 189
f 1185 189 1185
f 445 1185 445
f 1185 189 1185
f 445 1185 445
f 1185 1185 445
f 246 1186 1186
f 1186 445 445
f 1186 445 445
f 1186 445 1186
f 445 1185 1185
f 1185 189 189
f 1185 189 189
f 1185 189 1185
f 445 1185 1185
f 1185 189 189
f 1185 189 189
f 1185 189 1185
f 445 1185 445
f 1185 189 1185
f 445 1185 445
f 1185 1185 445
f 246 1186 246
f 1186 445 1186
f 246 1186 246
f 1186 1186 246
f 445 1185 445
f 1185 189 1185
f 445 1185 445
f 1185 1185 445
f 246 1186 246
f 1186 445 1186
f 246 1186 246
f 1186 1186 246
f 445 445 1186
f 445 445 1186
f 1186 1186 246
f 445 1186 1186
f 1450 3655 2561
f 3655 3646 3680
f 2561 3680 2048
f 3655 3680 2561
f 3646 3656 3684
f 3656 3644 3682
f 3684 3682 3651
f 3656 3682 3684
f 2048 3686 2562
f 3686 3651 3683
f 2562 3683 1913
f 3686 3683 2562
f 3646 3684 3680
f 3684 3651 3686
f 3680 3686 2048
f 3684 3686 3680
f 3644 3654 3676
f 3654 3645 3678
f 3676 3678 3650
f 3654 3678 3676
f 3645 3653 3675
f 3653 186 3452
f 3675 3452 3421
f 3653 3452 3675
f 3650 3679 3677
f 3679 3421 3453
f 3677 3453 3414
f 3679 3453 3677
f 3645 3675 3678
f 3675 3421 3679
f 3678 3679 3650
f 3675 3679 3678
f 1913 3688 2565
f 3688 3652 3691
f 2565 3691 2049
f 3688 3691 2565
f 3652 3687 3689
f 3687 3414 3456
f 3689 3456 3422
f 3687 3456 3689
f 2049 3681 2564
f 3681 3422 3455
f 2564 3455 1877
f 3681 3455 2564
f 3652 3689 3691
f 3689 3422 3681
f 3691 3681 2049
f 3689 3681 3691
f 3644 3676 3682
f 3676 3650 3685
f 3682 3685 3651
f 3676 3685 3682
f 3650 3677 3690
f 3677 3414 3687
f 3690 3687 3652
f 3677 3687 3690
f 3651 3692 3683
f 3692 3652 3688
f 3683 3688 1913
f 3692 3688 3683
f 3650 3690 3685
f 3690 3652 3692
f 3685 3692 3651
f 3690 3692 3685
f 1450 2561 2561
f 2561 2048 2048
f 2561 2048 2048
f 2561 2048 2561
f 2048 2562 2562
f 2562 1913 1913
f 2562 1913 1913
f 2562 1913 2562
f 2048 2562 2562
f 2562 1913 1913
f 2562 1913 1913
f 2562 1913 2562
f 2048 2562 2048
f 2562 1913 2562
f 2048 2562 2048
f 2562 2562 2048
f 1913 2565 2565
f 2565 2049 2049
f 2565 2049 2049
f 2565 2049 2565
f 2049 2564 2564
f 2564 1877 1877
f 2564 1877 1877
f 2564 1877 2564
f 2049 2564 2564
f 2564 1877 1877
f 2564 1877 1877
f 2564 1877 2564
f 2049 2564 2049
f 2564 1877 2564
f 2049 2564 2049
f 2564 2564 2049
f 1913 2565 2565
f 2565 2049 2049
f 2565 2049 2049
f 2565 2049 2565
f 2049 2564 2564
f 2564 1877 1877
f 2564 1877 1877
f 2564 1877 2564
f 2049 2564 2564
f 2564 1877 1877
f 2564 1877 1877
f 2564 1877 2564
f 2049 2564 2049
f 2564 1877 2564
f 2049 2564 2049
f 2564 2564 2049
f 1913 2565 1913
f 2565 2049 2565
f 1913 2565 1913
f 2565 2565 1913
f 2049 2564 2049
f 2564 1877 2564
f 2049 2564 2049
f 2564 2564 2049
f 1913 2565 1913
f 2565 2049 2565
f 1913 2565 1913
f 2565 2565 1913
f 2049 2049 2565
f 2049 2049 2565
f 2565 2565 1913
f 2049 2565 2565
f 1866 3702 2132
f 3702 3694 3706
f 2132 3706 1934
f 3702 3706 2132
f 3694 3703 3709
f 3703 3693 3707
f 3709 3707 3696
f 3703 3707 3709
f 1934 3710 2133
f 3710 3696 3708
f 2133 3708 1881
f 3710 3708 2133
f 3694 3709 3706
f 3709 3696 3710
f 3706 3710 1934
f 3709 3710 3706
f 3693 3705 3713
f 3705 3695 3715
f 3713 3715 3697
f 3705 3715 3713
f 3695 3704 3711
f 3704 184 1577
f 3711 1577 1538
f 3704 1577 3711
f 3697 3717 3714
f 3717 1538 1578
f 3714 1578 1527
f 3717 1578 3714
f 3695 3711 3715
f 3711 1538 3717
f 3715 3717 3697
f 3711 3717 3715
f 1881 3718 2136
f 3718 3698 3720
f 2136 3720 1935
f 3718 3720 2136
f 3698 3719 3722
f 3719 1527 1581
f 3722 1581 1539
f 3719 1581 3722
f 1935 3712 2135
f 3712 1539 1580
f 2135 1580 1523
f 3712 1580 2135
f 3698 3722 3720
f 3722 1539 3712
f 3720 3712 1935
f 3722 3712 3720
f 3693 3713 3707
f 3713 3697 3716
f 3707 3716 3696
f 3713 3716 3707
f 3697 3714 3723
f 3714 1527 3719
f 3723 3719 3698
f 3714 3719 3723
f 3696 3721 3708
f 3721 3698 3718
f 3708 3718 1881
f 3721 3718 3708
f 3697 3723 3716
f 3723 3698 3721
f 3716 3721 3696
f 3723 3721 3716
f 1866 2132 2132
f 2132 1934 1934
f 2132 1934 1934
f 2132 1934 2132
f 1934 2133 2133
f 2133 1881 1881
f 2133 1881 1881
f 2133 1881 2133
f 1934 2133 2133
f 2133 1881 1881
f 2133 1881 1881
f 2133 1881 2133
f 1934 2133 1934
f 2133 1881 2133
f 1934 2133 1934
f 2133 2133 1934
f 1881 2136 2136
f 2136 1935 1935
f 2136 1935 1935
f 2136 1935 2136
f 1935 2135 2135
f 2135 1523 1523
f 2135 1523 1523
f 2135 1523 2135
f 1935 2135 2135
f 2135 1523 1523
f 2135 1523 1523
f 2135 1523 2135
f 1935 2135 1935
f 2135 1523 2135
f 1935 2135 1935
f 2135 2135 1935
f 1881 2136 2136
f 2136 1935 1935
f 2136 1935 1935
f 2136 1935 2136
f 1935 2135 2135
f 2135 1523 1523
f 2135 1523 1523
f 2135 1523 2135
f 1935 2135 2135
f 2135 1523 1523
f 2135 1523 1523
f 2135 1523 2135
f 1935 2135 1935
f 2135 1523 2135
f 1935 2135 1935
f 2135 2135 1935
f 1881 2136 1881
f 2136 1935 2136
f 1881 2136 1881
f 2136 2136 1881
f 1935 2135 1935
f 2135 1523 2135
f 1935 2135 1935
f 2135 2135 1935
f 1881 2136 1881
f 2136 1935 2136
f 1881 2136 1881
f 2136 2136 1881
f 1935 1935 2136
f 1935 1935 2136
f 2136 2136 1881
f 1935 2136 2136
f 184 3704 989
f 3704 3695 3729
f 989 3729 395
f 3704 3729 989
f 3695 3705 3733
f 3705 3693 3731
f 3733 3731 3700
f 3705 3731 3733
f 395 3735 990
f 3735 3700 3732
f 990 3732 233
f 3735 3732 990
f 3695 3733 3729
f 3733 3700 3735
f 3729 3735 395
f 3733 3735 3729
f 3693 3703 3725
f 3703 3694 3727
f 3725 3727 3699
f 3703 3727 3725
f 3694 3702 3724
f 3702 1866 3551
f 3724 3551 3537
f 3702 3551 3724
f 3699 3728 3726
f 3728 3537 3552
f 3726 3552 3533
f 3728 3552 3726
f 3694 3724 3727
f 3724 3537 3728
f 3727 3728 3699
f 3724 3728 3727
f 233 3737 987
f 3737 3701 3740
f 987 3740 394
f 3737 3740 987
f 3701 3736 3738
f 3736 3533 3555
f 3738 3555 3538
f 3736 3555 3738
f 394 3730 986
f 3730 3538 3554
f 986 3554 182
f 3730 3554 986
f 3701 3738 3740
f 3738 3538 3730
f 3740 3730 394
f 3738 3730 3740
f 3693 3725 3731
f 3725 3699 3734
f 3731 3734 3700
f 3725 3734 3731
f 3699 3726 3739
f 3726 3533 3736
f 3739 3736 3701
f 3726 3736 3739
f 3700 3741 3732
f 3741 3701 3737
f 3732 3737 233
f 3741 3737 3732
f 3699 3739 3734
f 3739 3701 3741
f 3734 3741 3700
f 3739 3741 3734
f 184 989 989
f 989 395 395
f 989 395 395
f 989 395 989
f 395 990 990
f 990 233 233
f 990 233 233
f 990 233 990
f 395 990 990
f 990 233 233
f 990 233 233
f 990 233 990
f 395 990 395
f 990 233 990
f 395 990 395
f 990 990 395
f 233 987 987
f 987 394 394
f 987 394 394
f 987 394 987
f 394 986 986
f 986 182 182
f 986 182 182
f 986 182 986
f 394 986 986
f 986 182 182
f 986 182 182
f 986 182 986
f 394 986 394
f 986 182 986
f 394 986 394
f 986 986 394
f 233 987 987
f 987 394 394
f 987 394 394
f 987 394 987
f 394 986 986
f 986 182 182
f 986 182 182
f 986 182 986
f 394 986 986
f 986 182 182
f 986 182 182
f 986 182 986
f 394 986 394
f 986 182 986
f 394 986 394
f 986 986 394
f 233 987 233
f 987 394 987
f 233 987 233
f 987 987 233
f 394 986 394
f 986 182 986
f 394 986 394
f 986 986 394
f 233 987 233
f 987 394 987
f 233 987 233
f 987 987 233
f 394 394 987
f 394 394 987
f 987 987 233
f 394 987 987
f 183 3751 1208
f 3751 3743 3755
f 1208 3755 451
f 3751 3755 1208
f 3743 3752 3758
f 3752 3742 3756
f 3758 3756 3745
f 3752 3756 3758
f 451 3759 1209
f 3759 3745 3757
f 1209 3757 248
f 3759 3757 1209
f 3743 3758 3755
f 3758 3745 3759
f 3755 3759 451
f 3758 3759 3755
f 3742 3754 3762
f 3754 3744 3764
f 3762 3764 3746
f 3754 3764 3762
f 3744 3753 3760
f 3753 1522 1546
f 3760 1546 1530
f 3753 1546 3760
f 3746 3766 3763
f 3766 1530 1547
f 3763 1547 1525
f 3766 1547 3763
f 3744 3760 3764
f 3760 1530 3766
f 3764 3766 3746
f 3760 3766 3764
f 248 3767 1212
f 3767 3747 3769
f 1212 3769 452
f 3767 3769 1212
f 3747 3768 3771
f 3768 1525 1550
f 3771 1550 1531
f 3768 1550 3771
f 452 3761 1211
f 3761 1531 1549
f 1211 1549 190
f 3761 1549 1211
f 3747 3771 3769
f 3771 1531 3761
f 3769 3761 452
f 3771 3761 3769
f 3742 3762 3756
f 3762 3746 3765
f 3756 3765 3745
f 3762 3765 3756
f 3746 3763 3772
f 3763 1525 3768
f 3772 3768 3747
f 3763 3768 3772
f 3745 3770 3757
f 3770 3747 3767
f 3757 3767 248
f 3770 3767 3757
f 3746 3772 3765
f 3772 3747 3770
f 3765 3770 3745
f 3772 3770 3765
f 183 1208 1208
f 1208 451 451
f 1208 451 451
f 1208 451 1208
f 451 1209 1209
f 1209 248 248
f 1209 248 248
f 1209 248 1209
f 451 1209 1209
f 1209 248 248
f 1209 248 248
f 1209 248 1209
f 451 1209 451
f 1209 248 1209
f 451 1209 451
f 1209 1209 451
f 248 1212 1212
f 1212 452 452
f 1212 452 452
f 1212 452 1212
f 452 1211 1211
f 1211 190 190
f 1211 190 190
f 1211 190 1211
f 452 1211 1211
f 1211 190 190
f 1211 190 190
f 1211 190 1211
f 452 1211 452
f 1211 190 1211
f 452 1211 452
f 1211 1211 452
f 248 1212 1212
f 1212 452 452
f 1212 452 452
f 1212 452 1212
f 452 1211 1211
f 1211 190 190
f 1211 190 190
f 1211 190 1211
f 452 1211 1211
f 1211 190 190
f 1211 190 190
f 1211 190 1211
f 452 1211 452
f 1211 190 1211
f 452 1211 452
f 1211 1211 452
f 248 1212 248
f 1212 452 1212
f 248 1212 248
f 1212 1212 248
f 452 1211 452
f 1211 190 1211
f 452 1211 452
f 1211 1211 452
f 248 1212 248
f 1212 452 1212
f 248 1212 248
f 1212 1212 248
f 452 452 1212
f 452 452 1212
f 1212 1212 248
f 452 1212 1212
f 1522 3753 2491
f 3753 3744 3778
f 2491 3778 2031
f 3753 3778 2491
f 3744 3754 3782
f 3754 3742 3780
f 3782 3780 3749
f 3754 3780 3782
f 2031 3784 2492
f 3784 3749 3781
f 2492 3781 1909
f 3784 3781 2492
f 3744 3782 3778
f 3782 3749 3784
f 3778 3784 2031
f 3782 3784 3778
f 3742 3752 3774
f 3752 3743 3776
f 3774 3776 3748
f 3752 3776 3774
f 3743 3751 3773
f 3751 183 3515
f 3773 3515 3480
f 3751 3515 3773
f 3748 3777 3775
f 3777 3480 3516
f 3775 3516 3471
f 3777 3516 3775
f 3743 3773 3776
f 3773 3480 3777
f 3776 3777 3748
f 3773 3777 3776
f 1909 3786 2495
f 3786 3750 3789
f 2495 3789 2032
f 3786 3789 2495
f 3750 3785 3787
f 3785 3471 3519
f 3787 3519 3481
f 3785 3519 3787
f 2032 3779 2494
f 3779 3481 3518
f 2494 3518 1876
f 3779 3518 2494
f 3750 3787 3789
f 3787 3481 3779
f 3789 3779 2032
f 3787 3779 3789
f 3742 3774 3780
f 3774 3748 3783
f 3780 3783 3749
f 3774 3783 3780
f 3748 3775 3788
f 3775 3471 3785
f 3788 3785 3750
f 3775 3785 3788
f 3749 3790 3781
f 3790 3750 3786
f 3781 3786 1909
f 3790 3786 3781
f 3748 3788 3783
f 3788 3750 3790
f 3783 3790 3749
f 3788 3790 3783
f 1522 2491 2491
f 2491 2031 2031
f 2491 2031 2031
f 2491 2031 2491
f 2031 2492 2492
f 2492 1909 1909
f 2492 1909 1909
f 2492 1909 2492
f 2031 2492 2492
f 2492 1909 1909
f 2492 1909 1909
f 2492 1909 2492
f 2031 2492 2031
f 2492 1909 2492
f 2031 2492 2031
f 2492 2492 2031
f 1909 2495 2495
f 2495 2032 2032
f 2495 2032 2032
f 2495 2032 2495
f 2032 2494 2494
f 2494 1876 1876
f 2494 1876 1876
f 2494 1876 2494
f 2032 2494 2494
f 2494 1876 1876
f 2494 1876 1876
f 2494 1876 2494
f 2032 2494 2032
f 2494 1876 2494
f 2032 2494 2032
f 2494 2494 2032
f 1909 2495 2495
f 2495 2032 2032
f 2495 2032 2032
f 2495 2032 2495
f 2032 2494 2494
f 2494 1876 1876
f 2494 1876 1876
f 2494 1876 2494
f 2032 2494 2494
f 2494 1876 1876
f 2494 1876 1876
f 2494 1876 2494
f 2032 2494 2032
f 2494 1876 2494
f 2032 2494 2032
f 2494 2494 2032
f 1909 2495 1909
f 2495 2032 2495
f 1909 2495 1909
f 2495 2495 1909
f 2032 2494 2032
f 2494 1876 2494
f 2032 2494 2032
f 2494 2494 2032
f 1909 2495 1909
f 2495 2032 2495
f 1909 2495 1909
f 2495 2495 1909
f 2032 2032 2495
f 2032 2032 2495
f 2495 2495 1909
f 2032 2495 2495
f 1872 3803 2292
f 3803 3793 3807
f 2292 3807 1978
f 3803 3807 2292
f 3793 3804 3810
f 3804 3791 3808
f 3810 3808 3795
f 3804 3808 3810
f 1978 3811 2293
f 3811 3795 3809
f 2293 3809 1894
f 3811 3809 2293
f 3793 3810 3807
f 3810 3795 3811
f 3807 3811 1978
f 3810 3811 3807
f 3791 3806 3814
f 3806 3794 3816
f 3814 3816 3796
f 3806 3816 3814
f 3794 3805 3812
f 3805 168 1649
f 3812 1649 1610
f 3805 1649 3812
f 3796 3818 3815
f 3818 1610 1650
f 3815 1650 1599
f 3818 1650 3815
f 3794 3812 3816
f 3812 1610 3818
f 3816 3818 3796
f 3812 3818 3816
f 1894 3819 2296
f 3819 3797 3821
f 2296 3821 1979
f 3819 3821 2296
f 3797 3820 3823
f 3820 1599 1653
f 3823 1653 1611
f 3820 1653 3823
f 1979 3813 2295
f 3813 1611 1652
f 2295 1652 1595
f 3813 1652 2295
f 3797 3823 3821
f 3823 1611 3813
f 3821 3813 1979
f 3823 3813 3821
f 3791 3814 3808
f 3814 3796 3817
f 3808 3817 3795
f 3814 3817 3808
f 3796 3815 3824
f 3815 1599 3820
f 3824 3820 3797
f 3815 3820 3824
f 3795 3822 3809
f 3822 3797 3819
f 3809 3819 1894
f 3822 3819 3809
f 3796 3824 3817
f 3824 3797 3822
f 3817 3822 3795
f 3824 3822 3817
f 1872 2292 2292
f 2292 1978 1978
f 2292 1978 1978
f 2292 1978 2292
f 1978 2293 2293
f 2293 1894 1894
f 2293 1894 1894
f 2293 1894 2293
f 1978 2293 2293
f 2293 1894 1894
f 2293 1894 1894
f 2293 1894 2293
f 1978 2293 1978
f 2293 1894 2293
f 1978 2293 1978
f 2293 2293 1978
f 1894 2296 2296
f 2296 1979 1979
f 2296 1979 1979
f 2296 1979 2296
f 1979 2295 2295
f 2295 1595 1595
f 2295 1595 1595
f 2295 1595 2295
f 1979 2295 2295
f 2295 1595 1595
f 2295 1595 1595
f 2295 1595 2295
f 1979 2295 1979
f 2295 1595 2295
f 1979 2295 1979
f 2295 2295 1979
f 1894 2296 2296
f 2296 1979 1979
f 2296 1979 1979
f 2296 1979 2296
f 1979 2295 2295
f 2295 1595 1595
f 2295 1595 1595
f 2295 1595 2295
f 1979 2295 2295
f 2295 1595 1595
f 2295 1595 1595
f 2295 1595 2295
f 1979 2295 1979
f 2295 1595 2295
f 1979 2295 1979
f 2295 2295 1979
f 1894 2296 1894
f 2296 1979 2296
f 1894 2296 1894
f 2296 2296 1894
f 1979 2295 1979
f 2295 1595 2295
f 1979 2295 1979
f 2295 2295 1979
f 1894 2296 1894
f 2296 1979 2296
f 1894 2296 1894
f 2296 2296 1894
f 1979 1979 2296
f 1979 1979 2296
f 2296 2296 1894
f 1979 2296 2296
f 168 3805 638
f 3805 3794 3834
f 638 3834 298
f 3805 3834 638
f 3794 3806 3838
f 3806 3791 3836
f 3838 3836 3801
f 3806 3836 3838
f 298 3840 639
f 3840 3801 3837
f 639 3837 204
f 3840 3837 639
f 3794 3838 3834
f 3838 3801 3840
f 3834 3840 298
f 3838 3840 3834
f 3791 3804 3830
f 3804 3793 3832
f 3830 3832 3800
f 3804 3832 3830
f 3793 3803 3827
f 3803 1872 3825
f 3827 3825 3798
f 3803 3825 3827
f 3800 3833 3831
f 3833 3798 3826
f 3831 3826 3792
f 3833 3826 3831
f 3793 3827 3832
f 3827 3798 3833
f 3832 3833 3800
f 3827 3833 3832
f 204 3842 637
f 3842 3802 3845
f 637 3845 297
f 3842 3845 637
f 3802 3841 3843
f 3841 3792 3829
f 3843 3829 3799
f 3841 3829 3843
f 297 3835 636
f 3835 3799 3828
f 636 3828 166
f 3835 3828 636
f 3802 3843 3845
f 3843 3799 3835
f 3845 3835 297
f 3843 3835 3845
f 3791 3830 3836
f 3830 3800 3839
f 3836 3839 3801
f 3830 3839 3836
f 3800 3831 3844
f 3831 3792 3841
f 3844 3841 3802
f 3831 3841 3844
f 3801 3846 3837
f 3846 3802 3842
f 3837 3842 204
f 3846 3842 3837
f 3800 3844 3839
f 3844 3802 3846
f 3839 3846 3801
f 3844 3846 3839
f 168 638 638
f 638 298 298
f 638 298 298
f 638 298 638
f 298 639 639
f 639 204 204
f 639 204 204
f 639 204 639
f 298 639 639
f 639 204 204
f 639 204 204
f 639 204 639
f 298 639 298
f 639 204 639
f 298 639 298
f 639 639 298
f 204 637 637
f 637 297 297
f 637 297 297
f 637 297 637
f 297 636 636
f 636 166 166
f 636 166 166
f 636 166 636
f 297 636 636
f 636 166 166
f 636 166 166
f 636 166 636
f 297 636 297
f 636 166 636
f 297 636 297
f 636 636 297
f 204 637 637
f 637 297 297
f 637 297 297
f 637 297 637
f 297 636 636
f 636 166 166
f 636 166 166
f 636 166 636
f 297 636 636
f 636 166 166
f 636 166 166
f 636 166 636
f 297 636 297
f 636 166 636
f 297 636 297
f 636 636 297
f 204 637 204
f 637 297 637
f 204 637 204
f 637 637 204
f 297 636 297
f 636 166 636
f 297 636 297
f 636 636 297
f 204 637 204
f 637 297 637
f 204 637 204
f 637 637 204
f 297 297 637
f 297 297 637
f 637 637 204
f 297 637 637
f 167 3856 654
f 3856 3848 3860
f 654 3860 303
f 3856 3860 654
f 3848 3857 3863
f 3857 3847 3861
f 3863 3861 3850
f 3857 3861 3863
f 303 3864 655
f 3864 3850 3862
f 655 3862 206
f 3864 3862 655
f 3848 3863 3860
f 3863 3850 3864
f 3860 3864 303
f 3863 3864 3860
f 3847 3859 3867
f 3859 3849 3869
f 3867 3869 3851
f 3859 3869 3867
f 3849 3858 3865
f 3858 1594 1618
f 3865 1618 1602
f 3858 1618 3865
f 3851 3871 3868
f 3871 1602 1619
f 3868 1619 1597
f 3871 1619 3868
f 3849 3865 3869
f 3865 1602 3871
f 3869 3871 3851
f 3865 3871 3869
f 206 3872 658
f 3872 3852 3874
f 658 3874 304
f 3872 3874 658
f 3852 3873 3876
f 3873 1597 1622
f 3876 1622 1603
f 3873 1622 3876
f 304 3866 657
f 3866 1603 1621
f 657 1621 169
f 3866 1621 657
f 3852 3876 3874
f 3876 1603 3866
f 3874 3866 304
f 3876 3866 3874
f 3847 3867 3861
f 3867 3851 3870
f 3861 3870 3850
f 3867 3870 3861
f 3851 3868 3877
f 3868 1597 3873
f 3877 3873 3852
f 3868 3873 3877
f 3850 3875 3862
f 3875 3852 3872
f 3862 3872 206
f 3875 3872 3862
f 3851 3877 3870
f 3877 3852 3875
f 3870 3875 3850
f 3877 3875 3870
f 167 654 654
f 654 303 303
f 654 303 303
f 654 303 654
f 303 655 655
f 655 206 206
f 655 206 206
f 655 206 655
f 303 655 655
f 655 206 206
f 655 206 206
f 655 206 655
f 303 655 303
f 655 206 655
f 303 655 303
f 655 655 303
f 206 658 658
f 658 304 304
f 658 304 304
f 658 304 658
f 304 657 657
f 657 169 169
f 657 169 169
f 657 169 657
f 304 657 657
f 657 169 169
f 657 169 169
f 657 169 657
f 304 657 304
f 657 169 657
f 304 657 304
f 657 657 304
f 206 658 658
f 658 304 304
f 658 304 304
f 658 304 658
f 304 657 657
f 657 169 169
f 657 169 169
f 657 169 657
f 304 657 657
f 657 169 169
f 657 169 169
f 657 169 657
f 304 657 304
f 657 169 657
f 304 657 304
f 657 657 304
f 206 658 206
f 658 304 658
f 206 658 206
f 658 658 206
f 304 657 304
f 657 169 657
f 304 657 304
f 657 657 304
f 206 658 206
f 658 304 658
f 206 658 206
f 658 658 206
f 304 304 658
f 304 304 658
f 658 658 206
f 304 658 658
f 1594 3858 2313
f 3858 3849 3883
f 2313 3883 1984
f 3858 3883 2313
f 3849 3859 3887
f 3859 3847 3885
f 3887 3885 3854
f 3859 3885 3887
f 1984 3889 2314
f 3889 3854 3886
f 2314 3886 1896
f 3889 3886 2314
f 3849 3887 3883
f 3887 3854 3889
f 3883 3889 1984
f 3887 3889 3883
f 3847 3857 3879
f 3857 3848 3881
f 3879 3881 3853
f 3857 3881 3879
f 3848 3856 3878
f 3856 167 3578
f 3878 3578 3543
f 3856 3578 3878
f 3853 3882 3880
f 3882 3543 3579
f 3880 3579 3534
f 3882 3579 3880
f 3848 3878 3881
f 3878 3543 3882
f 3881 3882 3853
f 3878 3882 3881
f 1896 3891 2317
f 3891 3855 3894
f 2317 3894 1985
f 3891 3894 2317
f 3855 3890 3892
f 3890 3534 3582
f 3892 3582 3544
f 3890 3582 3892
f 1985 3884 2316
f 3884 3544 3581
f 2316 3581 1873
f 3884 3581 2316
f 3855 3892 3894
f 3892 3544 3884
f 3894 3884 1985
f 3892 3884 3894
f 3847 3879 3885
f 3879 3853 3888
f 3885 3888 3854
f 3879 3888 3885
f 3853 3880 3893
f 3880 3534 3890
f 3893 3890 3855
f 3880 3890 3893
f 3854 3895 3886
f 3895 3855 3891
f 3886 3891 1896
f 3895 3891 3886
f 3853 3893 3888
f 3893 3855 3895
f 3888 3895 3854
f 3893 3895 3888
f 1594 2313 2313
f 2313 1984 1984
f 2313 1984 1984
f 2313 1984 2313
f 1984 2314 2314
f 2314 1896 1896
f 2314 1896 1896
f 2314 1896 2314
f 1984 2314 2314
f 2314 1896 1896
f 2314 1896 1896
f 2314 1896 2314
f 1984 2314 1984
f 2314 1896 2314
f 1984 2314 1984
f 2314 2314 1984
f 1896 2317 2317
f 2317 1985 1985
f 2317 1985 1985
f 2317 1985 2317
f 1985 2316 2316
f 2316 1873 1873
f 2316 1873 1873
f 2316 1873 2316
f 1985 2316 2316
f 2316 1873 1873
f 2316 1873 1873
f 2316 1873 2316
f 1985 2316 1985
f 2316 1873 2316
f 1985 2316 1985
f 2316 2316 1985
f 1896 2317 2317
f 2317 1985 1985
f 2317 1985 1985
f 2317 1985 2317
f 1985 2316 2316
f 2316 1873 1873
f 2316 1873 1873
f 2316 1873 2316
f 1985 2316 2316
f 2316 1873 1873
f 2316 1873 1873
f 2316 1873 2316
f 1985 2316 1985
f 2316 1873 2316
f 1985 2316 1985
f 2316 2316 1985
f 1896 2317 1896
f 2317 1985 2317
f 1896 2317 1896
f 2317 2317 1896
f 1985 2316 1985
f 2316 1873 2316
f 1985 2316 1985
f 2316 2316 1985
f 1896 2317 1896
f 2317 1985 2317
f 1896 2317 1896
f 2317 2317 1896
f 1985 1985 2317
f 1985 1985 2317
f 2317 2317 1896
f 1985 2317 2317
f 1872 3905 3825
f 3905 3897 3909
f 3825 3909 3798
f 3905 3909 3825
f 3897 3906 3912
f 3906 3896 3910
f 3912 3910 3899
f 3906 3910 3912
f 3798 3913 3826
f 3913 3899 3911
f 3826 3911 3792
f 3913 3911 3826
f 3897 3912 3909
f 3912 3899 3913
f 3909 3913 3798
f 3912 3913 3909
f 3896 3908 3916
f 3908 3898 3918
f 3916 3918 3900
f 3908 3918 3916
f 3898 3907 3914
f 3907 1 574
f 3914 574 282
f 3907 574 3914
f 3900 3920 3917
f 3920 282 575
f 3917 575 200
f 3920 575 3917
f 3898 3914 3918
f 3914 282 3920
f 3918 3920 3900
f 3914 3920 3918
f 3792 3921 3829
f 3921 3901 3923
f 3829 3923 3799
f 3921 3923 3829
f 3901 3922 3925
f 3922 200 572
f 3925 572 281
f 3922 572 3925
f 3799 3915 3828
f 3915 281 571
f 3828 571 166
f 3915 571 3828
f 3901 3925 3923
f 3925 281 3915
f 3923 3915 3799
f 3925 3915 3923
f 3896 3916 3910
f 3916 3900 3919
f 3910 3919 3899
f 3916 3919 3910
f 3900 3917 3926
f 3917 200 3922
f 3926 3922 3901
f 3917 3922 3926
f 3899 3924 3911
f 3924 3901 3921
f 3911 3921 3792
f 3924 3921 3911
f 3900 3926 3919
f 3926 3901 3924
f 3919 3924 3899
f 3926 3924 3919
f 1872 3825 3825
f 3825 3798 3798
f 3825 3798 3798
f 3825 3798 3825
f 3798 3826 3826
f 3826 3792 3792
f 3826 3792 3792
f 3826 3792 3826
f 3798 3826 3826
f 3826 3792 3792
f 3826 3792 3792
f 3826 3792 3826
f 3798 3826 3798
f 3826 3792 3826
f 3798 3826 3798
f 3826 3826 3798
f 3792 3829 3829
f 3829 3799 3799
f 3829 3799 3799
f 3829 3799 3829
f 3799 3828 3828
f 3828 166 166
f 3828 166 166
f 3828 166 3828
f 3799 3828 3828
f 3828 166 166
f 3828 166 166
f 3828 166 3828
f 3799 3828 3799
f 3828 166 3828
f 3799 3828 3799
f 3828 3828 3799
f 3792 3829 3829
f 3829 3799 3799
f 3829 3799 3799
f 3829 3799 3829
f 3799 3828 3828
f 3828 166 166
f 3828 166 166
f 3828 166 3828
f 3799 3828 3828
f 3828 166 166
f 3828 166 166
f 3828 166 3828
f 3799 3828 3799
f 3828 166 3828
f 3799 3828 3799
f 3828 3828 3799
f 3792 3829 3792
f 3829 3799 3829
f 3792 3829 3792
f 3829 3829 3792
f 3799 3828 3799
f 3828 166 3828
f 3799 3828 3799
f 3828 3828 3799
f 3792 3829 3792
f 3829 3799 3829
f 3792 3829 3792
f 3829 3829 3792
f 3799 3799 3829
f 3799 3799 3829
f 3829 3829 3792
f 3799 3829 3829
f 1 3907 26
f 3907 3898 3932
f 26 3932 10
f 3907 3932 26
f 3898 3908 3936
f 3908 3896 3934
f 3936 3934 3903
f 3908 3934 3936
f 10 3938 27
f 3938 3903 3935
f 27 3935 5
f 3938 3935 27
f 3898 3936 3932
f 3936 3903 3938
f 3932 3938 10
f 3936 3938 3932
f 3896 3906 3928
f 3906 3897 3930
f 3928 3930 3902
f 3906 3930 3928
f 3897 3905 3927
f 3905 1872 2801
f 3927 2801 2108
f 3905 2801 3927
f 3902 3931 3929
f 3931 2108 2802
f 3929 2802 1928
f 3931 2802 3929
f 3897 3927 3930
f 3927 2108 3931
f 3930 3931 3902
f 3927 3931 3930
f 5 3940 29
f 3940 3904 3943
f 29 3943 11
f 3940 3943 29
f 3904 3939 3941
f 3939 1928 2805
f 3941 2805 2109
f 3939 2805 3941
f 11 3933 28
f 3933 2109 2804
f 28 2804 2
f 3933 2804 28
f 3904 3941 3943
f 3941 2109 3933
f 3943 3933 11
f 3941 3933 3943
f 3896 3928 3934
f 3928 3902 3937
f 3934 3937 3903
f 3928 3937 3934
f 3902 3929 3942
f 3929 1928 3939
f 3942 3939 3904
f 3929 3939 3942
f 3903 3944 3935
f 3944 3904 3940
f 3935 3940 5
f 3944 3940 3935
f 3902 3942 3937
f 3942 3904 3944
f 3937 3944 3903
f 3942 3944 3937
f 1 26 26
f 26 10 10
f 26 10 10
f 26 10 26
f 10 27 27
f 27 5 5
f 27 5 5
f 27 5 27
f 10 27 27
f 27 5 5
f 27 5 5
f 27 5 27
f 10 27 10
f 27 5 27
f 10 27 10
f 27 27 10
f 5 29 29
f 29 11 11
f 29 11 11
f 29 11 29
f 11 28 28
f 28 2 2
f 28 2 2
f 28 2 28
f 11 28 28
f 28 2 2
f 28 2 2
f 28 2 28
f 11 28 11
f 28 2 28
f 11 28 11
f 28 28 11
f 5 29 29
f 29 11 11
f 29 11 11
f 29 11 29
f 11 28 28
f 28 2 2
f 28 2 2
f 28 2 28
f 11 28 28
f 28 2 2
f 28 2 2
f 28 2 28
f 11 28 11
f 28 2 28
f 11 28 11
f 28 28 11
f 5 29 5
f 29 11 29
f 5 29 5
f 29 29 5
f 11 28 11
f 28 2 28
f 11 28 11
f 28 28 11
f 5 29 5
f 29 11 29
f 5 29 5
f 29 29 5
f 11 11 29
f 11 11 29
f 29 29 5
f 11 29 29
f 163 462 1769
f 462 252 3960
f 1769 3960 1737
f 462 3960 1769
f 252 463 3963
f 463 192 3961
f 3963 3961 3947
f 463 3961 3963
f 1737 3964 1770
f 3964 3947 3962
f 1770 3962 1727
f 3964 3962 1770
f 252 3963 3960
f 3963 3947 3964
f 3960 3964 1737
f 3963 3964 3960
f 192 466 3971
f 466 253 3973
f 3971 3973 3950
f 466 3973 3971
f 253 465 3967
f 465 165 3965
f 3967 3965 3948
f 465 3965 3967
f 3950 3975 3972
f 3975 3948 3966
f 3972 3966 3945
f 3975 3966 3972
f 253 3967 3973
f 3967 3948 3975
f 3973 3975 3950
f 3967 3975 3973
f 1727 3976 1767
f 3976 3951 3978
f 1767 3978 1736
f 3976 3978 1767
f 3951 3977 3980
f 3977 3945 3969
f 3980 3969 3949
f 3977 3969 3980
f 1736 3970 1766
f 3970 3949 3968
f 1766 3968 1722
f 3970 3968 1766
f 3951 3980 3978
f 3980 3949 3970
f 3978 3970 1736
f 3980 3970 3978
f 192 3971 3961
f 3971 3950 3974
f 3961 3974 3947
f 3971 3974 3961
f 3950 3972 3981
f 3972 3945 3977
f 3981 3977 3951
f 3972 3977 3981
f 3947 3979 3962
f 3979 3951 3976
f 3962 3976 1727
f 3979 3976 3962
f 3950 3981 3974
f 3981 3951 3979
f 3974 3979 3947
f 3981 3979 3974
f 163 1769 1769
f 1769 1737 1737
f 1769 1737 1737
f 1769 1737 1769
f 1737 1770 1770
f 1770 1727 1727
f 1770 1727 1727
f 1770 1727 1770
f 1737 1770 1770
f 1770 1727 1727
f 1770 1727 1727
f 1770 1727 1770
f 1737 1770 1737
f 1770 1727 1770
f 1737 1770 1737
f 1770 1770 1737
f 1727 1767 1767
f 1767 1736 1736
f 1767 1736 1736
f 1767 1736 1767
f 1736 1766 1766
f 1766 1722 1722
f 1766 1722 1722
f 1766 1722 1766
f 1736 1766 1766
f 1766 1722 1722
f 1766 1722 1722
f 1766 1722 1766
f 1736 1766 1736
f 1766 1722 1766
f 1736 1766 1736
f 1766 1766 1736
f 1727 1767 1767
f 1767 1736 1736
f 1767 1736 1736
f 1767 1736 1767
f 1736 1766 1766
f 1766 1722 1722
f 1766 1722 1722
f 1766 1722 1766
f 1736 1766 1766
f 1766 1722 1722
f 1766 1722 1722
f 1766 1722 1766
f 1736 1766 1736
f 1766 1722 1766
f 1736 1766 1736
f 1766 1766 1736
f 1727 1767 1727
f 1767 1736 1767
f 1727 1767 1727
f 1767 1767 1727
f 1736 1766 1736
f 1766 1722 1766
f 1736 1766 1736
f 1766 1766 1736
f 1727 1767 1727
f 1767 1736 1767
f 1727 1767 1727
f 1767 1767 1727
f 1736 1736 1767
f 1736 1736 1767
f 1767 1767 1727
f 1736 1767 1767
f 1875 3990 2971
f 3990 3954 3992
f 2971 3992 2940
f 3990 3992 2971
f 3954 3991 4002
f 3991 3946 3999
f 4002 3999 3956
f 3991 3999 4002
f 2940 4000 2972
f 4000 3956 3998
f 2972 3998 2932
f 4000 3998 2972
f 3954 4002 3992
f 4002 3956 4000
f 3992 4000 2940
f 4002 4000 3992
f 3946 3988 3994
f 3988 3953 3997
f 3994 3997 3955
f 3988 3997 3994
f 3953 3987 3989
f 3987 1722 3968
f 3989 3968 3949
f 3987 3968 3989
f 3955 3995 3993
f 3995 3949 3969
f 3993 3969 3945
f 3995 3969 3993
f 3953 3989 3997
f 3989 3949 3995
f 3997 3995 3955
f 3989 3995 3997
f 2932 3984 2975
f 3984 3952 3986
f 2975 3986 2941
f 3984 3986 2975
f 3952 3983 3985
f 3983 3945 3966
f 3985 3966 3948
f 3983 3966 3985
f 2941 3982 2974
f 3982 3948 3965
f 2974 3965 165
f 3982 3965 2974
f 3952 3985 3986
f 3985 3948 3982
f 3986 3982 2941
f 3985 3982 3986
f 3946 3994 3999
f 3994 3955 4003
f 3999 4003 3956
f 3994 4003 3999
f 3955 3993 3996
f 3993 3945 3983
f 3996 3983 3952
f 3993 3983 3996
f 3956 4001 3998
f 4001 3952 3984
f 3998 3984 2932
f 4001 3984 3998
f 3955 3996 4003
f 3996 3952 4001
f 4003 4001 3956
f 3996 4001 4003
f 1875 2971 2971
f 2971 2940 2940
f 2971 2940 2940
f 2971 2940 2971
f 2940 2972 2972
f 2972 2932 2932
f 2972 2932 2932
f 2972 2932 2972
f 2940 2972 2972
f 2972 2932 2932
f 2972 2932 2932
f 2972 2932 2972
f 2940 2972 2940
f 2972 2932 2972
f 2940 2972 2940
f 2972 2972 2940
f 2932 2975 2975
f 2975 2941 2941
f 2975 2941 2941
f 2975 2941 2975
f 2941 2974 2974
f 2974 165 165
f 2974 165 165
f 2974 165 2974
f 2941 2974 2974
f 2974 165 165
f 2974 165 165
f 2974 165 2974
f 2941 2974 2941
f 2974 165 2974
f 2941 2974 2941
f 2974 2974 2941
f 2932 2975 2975
f 2975 2941 2941
f 2975 2941 2941
f 2975 2941 2975
f 2941 2974 2974
f 2974 165 165
f 2974 165 165
f 2974 165 2974
f 2941 2974 2974
f 2974 165 165
f 2974 165 165
f 2974 165 2974
f 2941 2974 2941
f 2974 165 2974
f 2941 2974 2941
f 2974 2974 2941
f 2932 2975 2932
f 2975 2941 2975
f 2932 2975 2932
f 2975 2975 2932
f 2941 2974 2941
f 2974 165 2974
f 2941 2974 2941
f 2974 2974 2941
f 2932 2975 2932
f 2975 2941 2975
f 2932 2975 2932
f 2975 2975 2932
f 2941 2941 2975
f 2941 2941 2975
f 2975 2975 2932
f 2941 2975 2975
f 1875 2425 3990
f 2425 2014 4009
f 3990 4009 3954
f 2425 4009 3990
f 2014 2426 4015
f 2426 1904 4012
f 4015 4012 3958
f 2426 4012 4015
f 3954 4013 3991
f 4013 3958 4011
f 3991 4011 3946
f 4013 4011 3991
f 2014 4015 4009
f 4015 3958 4013
f 4009 4013 3954
f 4015 4013 4009
f 1904 2423 4017
f 2423 2013 4020
f 4017 4020 3959
f 2423 4020 4017
f 2013 2422 4010
f 2422 1724 1817
f 4010 1817 1749
f 2422 1817 4010
f 3959 4018 4016
f 4018 1749 1818
f 4016 1818 1730
f 4018 1818 4016
f 2013 4010 4020
f 4010 1749 4018
f 4020 4018 3959
f 4010 4018 4020
f 3946 4005 3988
f 4005 3957 4007
f 3988 4007 3953
f 4005 4007 3988
f 3957 4006 4008
f 4006 1730 1815
f 4008 1815 1748
f 4006 1815 4008
f 3953 4004 3987
f 4004 1748 1814
f 3987 1814 1722
f 4004 1814 3987
f 3957 4008 4007
f 4008 1748 4004
f 4007 4004 3953
f 4008 4004 4007
f 1904 4017 4012
f 4017 3959 4021
f 4012 4021 3958
f 4017 4021 4012
f 3959 4016 4019
f 4016 1730 4006
f 4019 4006 3957
f 4016 4006 4019
f 3958 4014 4011
f 4014 3957 4005
f 4011 4005 3946
f 4014 4005 4011
f 3959 4019 4021
f 4019 3957 4014
f 4021 4014 3958
f 4019 4014 4021
f 1875 3990 3990
f 3990 3954 3954
f 3990 3954 3954
f 3990 3954 3990
f 3954 3991 3991
f 3991 3946 3946
f 3991 3946 3946
f 3991 3946 3991
f 3954 3991 3991
f 3991 3946 3946
f 3991 3946 3946
f 3991 3946 3991
f 3954 3991 3954
f 3991 3946 3991
f 3954 3991 3954
f 3991 3991 3954
f 3946 3988 3988
f 3988 3953 3953
f 3988 3953 3953
f 3988 3953 3988
f 3953 3987 3987
f 3987 1722 1722
f 3987 1722 1722
f 3987 1722 3987
f 3953 3987 3987
f 3987 1722 1722
f 3987 1722 1722
f 3987 1722 3987
f 3953 3987 3953
f 3987 1722 3987
f 3953 3987 3953
f 3987 3987 3953
f 3946 3988 3988
f 3988 3953 3953
f 3988 3953 3953
f 3988 3953 3988
f 3953 3987 3987
f 3987 1722 1722
f 3987 1722 1722
f 3987 1722 3987
f 3953 3987 3987
f 3987 1722 1722
f 3987 1722 1722
f 3987 1722 3987
f 3953 3987 3953
f 3987 1722 3987
f 3953 3987 3953
f 3987 3987 3953
f 3946 3988 3946
f 3988 3953 3988
f 3946 3988 3946
f 3988 3988 3946
f 3953 3987 3953
f 3987 1722 3987
f 3953 3987 3953
f 3987 3987 3953
f 3946 3988 3946
f 3988 3953 3988
f 3946 3988 3946
f 3988 3988 3946
f 3953 3953 3988
f 3953 3953 3988
f 3988 3988 3946
f 3953 3988 3988
f 1723 4037 1800
f 4037 4024 4041
f 1800 4041 1745
f 4037 4041 1800
f 4024 4038 4044
f 4038 4022 4042
f 4044 4042 4026
f 4038 4042 4044
f 1745 4045 1801
f 4045 4026 4043
f 1801 4043 1729
f 4045 4043 1801
f 4024 4044 4041
f 4044 4026 4045
f 4041 4045 1745
f 4044 4045 4041
f 4022 4040 4048
f 4040 4025 4050
f 4048 4050 4027
f 4040 4050 4048
f 4025 4039 4046
f 4039 170 696
f 4046 696 315
f 4039 696 4046
f 4027 4052 4049
f 4052 315 697
f 4049 697 210
f 4052 697 4049
f 4025 4046 4050
f 4046 315 4052
f 4050 4052 4027
f 4046 4052 4050
f 1729 4053 1798
f 4053 4028 4055
f 1798 4055 1744
f 4053 4055 1798
f 4028 4054 4057
f 4054 210 700
f 4057 700 316
f 4054 700 4057
f 1744 4047 1797
f 4047 316 699
f 1797 699 172
f 4047 699 1797
f 4028 4057 4055
f 4057 316 4047
f 4055 4047 1744
f 4057 4047 4055
f 4022 4048 4042
f 4048 4027 4051
f 4042 4051 4026
f 4048 4051 4042
f 4027 4049 4058
f 4049 210 4054
f 4058 4054 4028
f 4049 4054 4058
f 4026 4056 4043
f 4056 4028 4053
f 4043 4053 1729
f 4056 4053 4043
f 4027 4058 4051
f 4058 4028 4056
f 4051 4056 4026
f 4058 4056 4051
f 1723 1800 1800
f 1800 1745 1745
f 1800 1745 1745
f 1800 1745 1800
f 1745 1801 1801
f 1801 1729 1729
f 1801 1729 1729
f 1801 1729 1801
f 1745 1801 1801
f 1801 1729 1729
f 1801 1729 1729
f 1801 1729 1801
f 1745 1801 1745
f 1801 1729 1801
f 1745 1801 1745
f 1801 1801 1745
f 1729 1798 1798
f 1798 1744 1744
f 1798 1744 1744
f 1798 1744 1798
f 1744 1797 1797
f 1797 172 172
f 1797 172 172
f 1797 172 1797
f 1744 1797 1797
f 1797 172 172
f 1797 172 172
f 1797 172 1797
f 1744 1797 1744
f 1797 172 1797
f 1744 1797 1744
f 1797 1797 1744
f 1729 1798 1798
f 1798 1744 1744
f 1798 1744 1744
f 1798 1744 1798
f 1744 1797 1797
f 1797 172 172
f 1797 172 172
f 1797 172 1797
f 1744 1797 1797
f 1797 172 172
f 1797 172 172
f 1797 172 1797
f 1744 1797 1744
f 1797 172 1797
f 1744 1797 1744
f 1797 1797 1744
f 1729 1798 1729
f 1798 1744 1798
f 1729 1798 1729
f 1798 1798 1729
f 1744 1797 1744
f 1797 172 1797
f 1744 1797 1744
f 1797 1797 1744
f 1729 1798 1729
f 1798 1744 1798
f 1729 1798 1729
f 1798 1798 1729
f 1744 1744 1798
f 1744 1744 1798
f 1798 1798 1729
f 1744 1798 1798
f 170 4039 1424
f 4039 4025 4068
f 1424 4068 1391
f 4039 4068 1424
f 4025 4040 4072
f 4040 4022 4070
f 4072 4070 4032
f 4040 4070 4072
f 1391 4074 1425
f 4074 4032 4071
f 1425 4071 1382
f 4074 4071 1425
f 4025 4072 4068
f 4072 4032 4074
f 4068 4074 1391
f 4072 4074 4068
f 4022 4038 4064
f 4038 4024 4066
f 4064 4066 4031
f 4038 4066 4064
f 4024 4037 4061
f 4037 1723 4059
f 4061 4059 4029
f 4037 4059 4061
f 4031 4067 4065
f 4067 4029 4060
f 4065 4060 4023
f 4067 4060 4065
f 4024 4061 4066
f 4061 4029 4067
f 4066 4067 4031
f 4061 4067 4066
f 1382 4076 1428
f 4076 4033 4079
f 1428 4079 1392
f 4076 4079 1428
f 4033 4075 4077
f 4075 4023 4063
f 4077 4063 4030
f 4075 4063 4077
f 1392 4069 1427
f 4069 4030 4062
f 1427 4062 1379
f 4069 4062 1427
f 4033 4077 4079
f 4077 4030 4069
f 4079 4069 1392
f 4077 4069 4079
f 4022 4064 4070
f 4064 4031 4073
f 4070 4073 4032
f 4064 4073 4070
f 4031 4065 4078
f 4065 4023 4075
f 4078 4075 4033
f 4065 4075 4078
f 4032 4080 4071
f 4080 4033 4076
f 4071 4076 1382
f 4080 4076 4071
f 4031 4078 4073
f 4078 4033 4080
f 4073 4080 4032
f 4078 4080 4073
f 170 1424 1424
f 1424 1391 1391
f 1424 1391 1391
f 1424 1391 1424
f 1391 1425 1425
f 1425 1382 1382
f 1425 1382 1382
f 1425 1382 1425
f 1391 1425 1425
f 1425 1382 1382
f 1425 1382 1382
f 1425 1382 1425
f 1391 1425 1391
f 1425 1382 1425
f 1391 1425 1391
f 1425 1425 1391
f 1382 1428 1428
f 1428 1392 1392
f 1428 1392 1392
f 1428 1392 1428
f 1392 1427 1427
f 1427 1379 1379
f 1427 1379 1379
f 1427 1379 1427
f 1392 1427 1427
f 1427 1379 1379
f 1427 1379 1379
f 1427 1379 1427
f 1392 1427 1392
f 1427 1379 1427
f 1392 1427 1392
f 1427 1427 1392
f 1382 1428 1428
f 1428 1392 1392
f 1428 1392 1392
f 1428 1392 1428
f 1392 1427 1427
f 1427 1379 1379
f 1427 1379 1379
f 1427 1379 1427
f 1392 1427 1427
f 1427 1379 1379
f 1427 1379 1379
f 1427 1379 1427
f 1392 1427 1392
f 1427 1379 1427
f 1392 1427 1392
f 1427 1427 1392
f 1382 1428 1382
f 1428 1392 1428
f 1382 1428 1382
f 1428 1428 1382
f 1392 1427 1392
f 1427 1379 1427
f 1392 1427 1392
f 1427 1427 1392
f 1382 1428 1382
f 1428 1392 1428
f 1382 1428 1382
f 1428 1428 1382
f 1392 1392 1428
f 1392 1392 1428
f 1428 1428 1382
f 1392 1428 1428
f 1379 4062 2730
f 4062 4030 4086
f 2730 4086 2090
f 4062 4086 2730
f 4030 4063 4090
f 4063 4023 4088
f 4090 4088 4035
f 4063 4088 4090
f 2090 4092 2731
f 4092 4035 4089
f 2731 4089 1923
f 4092 4089 2731
f 4030 4090 4086
f 4090 4035 4092
f 4086 4092 2090
f 4090 4092 4086
f 4023 4060 4082
f 4060 4029 4084
f 4082 4084 4034
f 4060 4084 4082
f 4029 4059 4081
f 4059 1723 1840
f 4081 1840 1755
f 4059 1840 4081
f 4034 4085 4083
f 4085 1755 1841
f 4083 1841 1732
f 4085 1841 4083
f 4029 4081 4084
f 4081 1755 4085
f 4084 4085 4034
f 4081 4085 4084
f 1923 4094 2728
f 4094 4036 4097
f 2728 4097 2089
f 4094 4097 2728
f 4036 4093 4095
f 4093 1732 1844
f 4095 1844 1756
f 4093 1844 4095
f 2089 4087 2727
f 4087 1756 1843
f 2727 1843 1725
f 4087 1843 2727
f 4036 4095 4097
f 4095 1756 4087
f 4097 4087 2089
f 4095 4087 4097
f 4023 4082 4088
f 4082 4034 4091
f 4088 4091 4035
f 4082 4091 4088
f 4034 4083 4096
f 4083 1732 4093
f 4096 4093 4036
f 4083 4093 4096
f 4035 4098 4089
f 4098 4036 4094
f 4089 4094 1923
f 4098 4094 4089
f 4034 4096 4091
f 4096 4036 4098
f 4091 4098 4035
f 4096 4098 4091
f 1379 2730 2730
f 2730 2090 2090
f 2730 2090 2090
f 2730 2090 2730
f 2090 2731 2731
f 2731 1923 1923
f 2731 1923 1923
f 2731 1923 2731
f 2090 2731 2731
f 2731 1923 1923
f 2731 1923 1923
f 2731 1923 2731
f 2090 2731 2090
f 2731 1923 2731
f 2090 2731 2090
f 2731 2731 2090
f 1923 2728 2728
f 2728 2089 2089
f 2728 2089 2089
f 2728 2089 2728
f 2089 2727 2727
f 2727 1725 1725
f 2727 1725 1725
f 2727 1725 2727
f 2089 2727 2727
f 2727 1725 1725
f 2727 1725 1725
f 2727 1725 2727
f 2089 2727 2089
f 2727 1725 2727
f 2089 2727 2089
f 2727 2727 2089
f 1923 2728 2728
f 2728 2089 2089
f 2728 2089 2089
f 2728 2089 2728
f 2089 2727 2727
f 2727 1725 1725
f 2727 1725 1725
f 2727 1725 2727
f 2089 2727 2727
f 2727 1725 1725
f 2727 1725 1725
f 2727 1725 2727
f 2089 2727 2089
f 2727 1725 2727
f 2089 2727 2089
f 2727 2727 2089
f 1923 2728 1923
f 2728 2089 2728
f 1923 2728 1923
f 2728 2728 1923
f 2089 2727 2089
f 2727 1725 2727
f 2089 2727 2089
f 2727 2727 2089
f 1923 2728 1923
f 2728 2089 2728
f 1923 2728 1923
f 2728 2728 1923
f 2089 2089 2728
f 2089 2089 2728
f 2728 2728 1923
f 2089 2728 2728
f 4099 4180 4184
f 4180 4124 4186
f 4184 4186 4126
f 4180 4186 4184
f 4124 4181 4191
f 4181 4108 4189
f 4191 4189 4128
f 4181 4189 4191
f 4126 4192 4185
f 4192 4128 4190
f 4185 4190 4109
f 4192 4190 4185
f 4124 4191 4186
f 4191 4128 4192
f 4186 4192 4126
f 4191 4192 4186
f 4108 4183 4199
f 4183 4125 4201
f 4199 4201 4131
f 4183 4201 4199
f 4125 4182 4195
f 4182 4100 4193
f 4195 4193 4129
f 4182 4193 4195
f 4131 4203 4200
f 4203 4129 4194
f 4200 4194 4110
f 4203 4194 4200
f 4125 4195 4201
f 4195 4129 4203
f 4201 4203 4131
f 4195 4203 4201
f 4109 4204 4188
f 4204 4132 4206
f 4188 4206 4127
f 4204 4206 4188
f 4132 4205 4208
f 4205 4110 4197
f 4208 4197 4130
f 4205 4197 4208
f 4127 4198 4187
f 4198 4130 4196
f 4187 4196 4101
f 4198 4196 4187
f 4132 4208 4206
f 4208 4130 4198
f 4206 4198 4127
f 4208 4198 4206
f 4108 4199 4189
f 4199 4131 4202
f 4189 4202 4128
f 4199 4202 4189
f 4131 4200 4209
f 4200 4110 4205
f 4209 4205 4132
f 4200 4205 4209
f 4128 4207 4190
f 4207 4132 4204
f 4190 4204 4109
f 4207 4204 4190
f 4131 4209 4202
f 4209 4132 4207
f 4202 4207 4128
f 4209 4207 4202
f 4099 4184 4184
f 4184 4126 4126
f 4184 4126 4126
f 4184 4126 4184
f 4126 4185 4185
f 4185 4109 4109
f 4185 4109 4109
f 4185 4109 4185
f 4126 4185 4185
f 4185 4109 4109
f 4185 4109 4109
f 4185 4109 4185
f 4126 4185 4126
f 4185 4109 4185
f 4126 4185 4126
f 4185 4185 4126
f 4109 4188 4188
f 4188 4127 4127
f 4188 4127 4127
f 4188 4127 4188
f 4127 4187 4187
f 4187 4101 4101
f 4187 4101 4101
f 4187 4101 4187
f 4127 4187 4187
f 4187 4101 4101
f 4187 4101 4101
f 4187 4101 4187
f 4127 4187 4127
f 4187 4101 4187
f 4127 4187 4127
f 4187 4187 4127
f 4109 4188 4188
f 4188 4127 4127
f 4188 4127 4127
f 4188 4127 4188
f 4127 4187 4187
f 4187 4101 4101
f 4187 4101 4101
f 4187 4101 4187
f 4127 4187 4187
f 4187 4101 4101
f 4187 4101 4101
f 4187 4101 4187
f 4127 4187 4127
f 4187 4101 4187
f 4127 4187 4127
f 4187 4187 4127
f 4109 4188 4109
f 4188 4127 4188
f 4109 4188 4109
f 4188 4188 4109
f 4127 4187 4127
f 4187 4101 4187
f 4127 4187 4127
f 4187 4187 4127
f 4109 4188 4109
f 4188 4127 4188
f 4109 4188 4109
f 4188 4188 4109
f 4127 4127 4188
f 4127 4127 4188
f 4188 4188 4109
f 4127 4188 4188
f 4100 4182 4219
f 4182 4125 4221
f 4219 4221 4136
f 4182 4221 4219
f 4125 4183 4227
f 4183 4108 4225
f 4227 4225 4138
f 4183 4225 4227
f 4136 4229 4220
f 4229 4138 4226
f 4220 4226 4112
f 4229 4226 4220
f 4125 4227 4221
f 4227 4138 4229
f 4221 4229 4136
f 4227 4229 4221
f 4108 4181 4215
f 4181 4124 4217
f 4215 4217 4135
f 4181 4217 4215
f 4124 4180 4212
f 4180 4099 4210
f 4212 4210 4133
f 4180 4210 4212
f 4135 4218 4216
f 4218 4133 4211
f 4216 4211 4111
f 4218 4211 4216
f 4124 4212 4217
f 4212 4133 4218
f 4217 4218 4135
f 4212 4218 4217
f 4112 4231 4223
f 4231 4139 4234
f 4223 4234 4137
f 4231 4234 4223
f 4139 4230 4232
f 4230 4111 4214
f 4232 4214 4134
f 4230 4214 4232
f 4137 4224 4222
f 4224 4134 4213
f 4222 4213 4102
f 4224 4213 4222
f 4139 4232 4234
f 4232 4134 4224
f 4234 4224 4137
f 4232 4224 4234
f 4108 4215 4225
f 4215 4135 4228
f 4225 4228 4138
f 4215 4228 4225
f 4135 4216 4233
f 4216 4111 4230
f 4233 4230 4139
f 4216 4230 4233
f 4138 4235 4226
f 4235 4139 4231
f 4226 4231 4112
f 4235 4231 4226
f 4135 4233 4228
f 4233 4139 4235
f 4228 4235 4138
f 4233 4235 4228
f 4100 4219 4219
f 4219 4136 4136
f 4219 4136 4136
f 4219 4136 4219
f 4136 4220 4220
f 4220 4112 4112
f 4220 4112 4112
f 4220 4112 4220
f 4136 4220 4220
f 4220 4112 4112
f 4220 4112 4112
f 4220 4112 4220
f 4136 4220 4136
f 4220 4112 4220
f 4136 4220 4136
f 4220 4220 4136
f 4112 4223 4223
f 4223 4137 4137
f 4223 4137 4137
f 4223 4137 4223
f 4137 4222 4222
f 4222 4102 4102
f 4222 4102 4102
f 4222 4102 4222
f 4137 4222 4222
f 4222 4102 4102
f 4222 4102 4102
f 4222 4102 4222
f 4137 4222 4137
f 4222 4102 4222
f 4137 4222 4137
f 4222 4222 4137
f 4112 4223 4223
f 4223 4137 4137
f 4223 4137 4137
f 4223 4137 4223
f 4137 4222 4222
f 4222 4102 4102
f 4222 4102 4102
f 4222 4102 4222
f 4137 4222 4222
f 4222 4102 4102
f 4222 4102 4102
f 4222 4102 4222
f 4137 4222 4137
f 4222 4102 4222
f 4137 4222 4137
f 4222 4222 4137
f 4112 4223 4112
f 4223 4137 4223
f 4112 4223 4112
f 4223 4223 4112
f 4137 4222 4137
f 4222 4102 4222
f 4137 4222 4137
f 4222 4222 4137
f 4112 4223 4112
f 4223 4137 4223
f 4112 4223 4112
f 4223 4223 4112
f 4137 4137 4223
f 4137 4137 4223
f 4223 4223 4112
f 4137 4223 4223
f 4103 4248 4239
f 4248 4144 4250
f 4239 4250 4141
f 4248 4250 4239
f 4144 4249 4260
f 4249 4114 4257
f 4260 4257 4146
f 4249 4257 4260
f 4141 4258 4240
f 4258 4146 4256
f 4240 4256 4113
f 4258 4256 4240
f 4144 4260 4250
f 4260 4146 4258
f 4250 4258 4141
f 4260 4258 4250
f 4114 4246 4252
f 4246 4143 4255
f 4252 4255 4145
f 4246 4255 4252
f 4143 4245 4247
f 4245 4102 4213
f 4247 4213 4134
f 4245 4213 4247
f 4145 4253 4251
f 4253 4134 4214
f 4251 4214 4111
f 4253 4214 4251
f 4143 4247 4255
f 4247 4134 4253
f 4255 4253 4145
f 4247 4253 4255
f 4113 4242 4237
f 4242 4142 4244
f 4237 4244 4140
f 4242 4244 4237
f 4142 4241 4243
f 4241 4111 4211
f 4243 4211 4133
f 4241 4211 4243
f 4140 4238 4236
f 4238 4133 4210
f 4236 4210 4099
f 4238 4210 4236
f 4142 4243 4244
f 4243 4133 4238
f 4244 4238 4140
f 4243 4238 4244
f 4114 4252 4257
f 4252 4145 4261
f 4257 4261 4146
f 4252 4261 4257
f 4145 4251 4254
f 4251 4111 4241
f 4254 4241 4142
f 4251 4241 4254
f 4146 4259 4256
f 4259 4142 4242
f 4256 4242 4113
f 4259 4242 4256
f 4145 4254 4261
f 4254 4142 4259
f 4261 4259 4146
f 4254 4259 4261
f 4103 4239 4239
f 4239 4141 4141
f 4239 4141 4141
f 4239 4141 4239
f 4141 4240 4240
f 4240 4113 4113
f 4240 4113 4113
f 4240 4113 4240
f 4141 4240 4240
f 4240 4113 4113
f 4240 4113 4113
f 4240 4113 4240
f 4141 4240 4141
f 4240 4113 4240
f 4141 4240 4141
f 4240 4240 4141
f 4113 4237 4237
f 4237 4140 4140
f 4237 4140 4140
f 4237 4140 4237
f 4140 4236 4236
f 4236 4099 4099
f 4236 4099 4099
f 4236 4099 4236
f 4140 4236 4236
f 4236 4099 4099
f 4236 4099 4099
f 4236 4099 4236
f 4140 4236 4140
f 4236 4099 4236
f 4140 4236 4140
f 4236 4236 4140
f 4113 4237 4237
f 4237 4140 4140
f 4237 4140 4140
f 4237 4140 4237
f 4140 4236 4236
f 4236 4099 4099
f 4236 4099 4099
f 4236 4099 4236
f 4140 4236 4236
f 4236 4099 4099
f 4236 4099 4099
f 4236 4099 4236
f 4140 4236 4140
f 4236 4099 4236
f 4140 4236 4140
f 4236 4236 4140
f 4113 4237 4113
f 4237 4140 4237
f 4113 4237 4113
f 4237 4237 4113
f 4140 4236 4140
f 4236 4099 4236
f 4140 4236 4140
f 4236 4236 4140
f 4113 4237 4113
f 4237 4140 4237
f 4113 4237 4113
f 4237 4237 4113
f 4140 4140 4237
f 4140 4140 4237
f 4237 4237 4113
f 4140 4237 4237
f 4102 4245 4262
f 4245 4143 4264
f 4262 4264 4147
f 4245 4264 4262
f 4143 4246 4269
f 4246 4114 4267
f 4269 4267 4149
f 4246 4267 4269
f 4147 4270 4263
f 4270 4149 4268
f 4263 4268 4115
f 4270 4268 4263
f 4143 4269 4264
f 4269 4149 4270
f 4264 4270 4147
f 4269 4270 4264
f 4114 4249 4277
f 4249 4144 4279
f 4277 4279 4152
f 4249 4279 4277
f 4144 4248 4273
f 4248 4103 4271
f 4273 4271 4150
f 4248 4271 4273
f 4152 4281 4278
f 4281 4150 4272
f 4278 4272 4116
f 4281 4272 4278
f 4144 4273 4279
f 4273 4150 4281
f 4279 4281 4152
f 4273 4281 4279
f 4115 4282 4266
f 4282 4153 4284
f 4266 4284 4148
f 4282 4284 4266
f 4153 4283 4286
f 4283 4116 4275
f 4286 4275 4151
f 4283 4275 4286
f 4148 4276 4265
f 4276 4151 4274
f 4265 4274 4104
f 4276 4274 4265
f 4153 4286 4284
f 4286 4151 4276
f 4284 4276 4148
f 4286 4276 4284
f 4114 4277 4267
f 4277 4152 4280
f 4267 4280 4149
f 4277 4280 4267
f 4152 4278 4287
f 4278 4116 4283
f 4287 4283 4153
f 4278 4283 4287
f 4149 4285 4268
f 4285 4153 4282
f 4268 4282 4115
f 4285 4282 4268
f 4152 4287 4280
f 4287 4153 4285
f 4280 4285 4149
f 4287 4285 4280
f 4102 4262 4262
f 4262 4147 4147
f 4262 4147 4147
f 4262 4147 4262
f 4147 4263 4263
f 4263 4115 4115
f 4263 4115 4115
f 4263 4115 4263
f 4147 4263 4263
f 4263 4115 4115
f 4263 4115 4115
f 4263 4115 4263
f 4147 4263 4147
f 4263 4115 4263
f 4147 4263 4147
f 4263 4263 4147
f 4115 4266 4266
f 4266 4148 4148
f 4266 4148 4148
f 4266 4148 4266
f 4148 4265 4265
f 4265 4104 4104
f 4265 4104 4104
f 4265 4104 4265
f 4148 4265 4265
f 4265 4104 4104
f 4265 4104 4104
f 4265 4104 4265
f 4148 4265 4148
f 4265 4104 4265
f 4148 4265 4148
f 4265 4265 4148
f 4115 4266 4266
f 4266 4148 4148
f 4266 4148 4148
f 4266 4148 4266
f 4148 4265 4265
f 4265 4104 4104
f 4265 4104 4104
f 4265 4104 4265
f 4148 4265 4265
f 4265 4104 4104
f 4265 4104 4104
f 4265 4104 4265
f 4148 4265 4148
f 4265 4104 4265
f 4148 4265 4148
f 4265 4265 4148
f 4115 4266 4115
f 4266 4148 4266
f 4115 4266 4115
f 4266 4266 4115
f 4148 4265 4148
f 4265 4104 4265
f 4148 4265 4148
f 4265 4265 4148
f 4115 4266 4115
f 4266 4148 4266
f 4115 4266 4115
f 4266 4266 4115
f 4148 4148 4266
f 4148 4148 4266
f 4266 4266 4115
f 4148 4266 4266
f 4105 4300 4323
f 4300 4158 4325
f 4323 4325 4164
f 4300 4325 4323
f 4158 4301 4331
f 4301 4118 4329
f 4331 4329 4166
f 4301 4329 4331
f 4164 4333 4324
f 4333 4166 4330
f 4324 4330 4120
f 4333 4330 4324
f 4158 4331 4325
f 4331 4166 4333
f 4325 4333 4164
f 4331 4333 4325
f 4118 4298 4319
f 4298 4157 4321
f 4319 4321 4163
f 4298 4321 4319
f 4157 4297 4316
f 4297 4101 4314
f 4316 4314 4161
f 4297 4314 4316
f 4163 4322 4320
f 4322 4161 4315
f 4320 4315 4119
f 4322 4315 4320
f 4157 4316 4321
f 4316 4161 4322
f 4321 4322 4163
f 4316 4322 4321
f 4120 4335 4327
f 4335 4167 4338
f 4327 4338 4165
f 4335 4338 4327
f 4167 4334 4336
f 4334 4119 4318
f 4336 4318 4162
f 4334 4318 4336
f 4165 4328 4326
f 4328 4162 4317
f 4326 4317 4106
f 4328 4317 4326
f 4167 4336 4338
f 4336 4162 4328
f 4338 4328 4165
f 4336 4328 4338
f 4118 4319 4329
f 4319 4163 4332
f 4329 4332 4166
f 4319 4332 4329
f 4163 4320 4337
f 4320 4119 4334
f 4337 4334 4167
f 4320 4334 4337
f 4166 4339 4330
f 4339 4167 4335
f 4330 4335 4120
f 4339 4335 4330
f 4163 4337 4332
f 4337 4167 4339
f 4332 4339 4166
f 4337 4339 4332
f 4105 4323 4323
f 4323 4164 4164
f 4323 4164 4164
f 4323 4164 4323
f 4164 4324 4324
f 4324 4120 4120
f 4324 4120 4120
f 4324 4120 4324
f 4164 4324 4324
f 4324 4120 4120
f 4324 4120 4120
f 4324 4120 4324
f 4164 4324 4164
f 4324 4120 4324
f 4164 4324 4164
f 4324 4324 4164
f 4120 4327 4327
f 4327 4165 4165
f 4327 4165 4165
f 4327 4165 4327
f 4165 4326 4326
f 4326 4106 4106
f 4326 4106 4106
f 4326 4106 4326
f 4165 4326 4326
f 4326 4106 4106
f 4326 4106 4106
f 4326 4106 4326
f 4165 4326 4165
f 4326 4106 4326
f 4165 4326 4165
f 4326 4326 4165
f 4120 4327 4327
f 4327 4165 4165
f 4327 4165 4165
f 4327 4165 4327
f 4165 4326 4326
f 4326 4106 4106
f 4326 4106 4106
f 4326 4106 4326
f 4165 4326 4326
f 4326 4106 4106
f 4326 4106 4106
f 4326 4106 4326
f 4165 4326 4165
f 4326 4106 4326
f 4165 4326 4165
f 4326 4326 4165
f 4120 4327 4120
f 4327 4165 4327
f 4120 4327 4120
f 4327 4327 4120
f 4165 4326 4165
f 4326 4106 4326
f 4165 4326 4165
f 4326 4326 4165
f 4120 4327 4120
f 4327 4165 4327
f 4120 4327 4120
f 4327 4327 4120
f 4165 4165 4327
f 4165 4165 4327
f 4327 4327 4120
f 4165 4327 4327
f 4101 4297 4187
f 4297 4157 4299
f 4187 4299 4127
f 4297 4299 4187
f 4157 4298 4307
f 4298 4118 4304
f 4307 4304 4159
f 4298 4304 4307
f 4127 4305 4188
f 4305 4159 4303
f 4188 4303 4109
f 4305 4303 4188
f 4157 4307 4299
f 4307 4159 4305
f 4299 4305 4127
f 4307 4305 4299
f 4118 4301 4309
f 4301 4158 4312
f 4309 4312 4160
f 4301 4312 4309
f 4158 4300 4302
f 4300 4105 4291
f 4302 4291 4155
f 4300 4291 4302
f 4160 4310 4308
f 4310 4155 4292
f 4308 4292 4117
f 4310 4292 4308
f 4158 4302 4312
f 4302 4155 4310
f 4312 4310 4160
f 4302 4310 4312
f 4109 4293 4185
f 4293 4156 4295
f 4185 4295 4126
f 4293 4295 4185
f 4156 4294 4296
f 4294 4117 4289
f 4296 4289 4154
f 4294 4289 4296
f 4126 4290 4184
f 4290 4154 4288
f 4184 4288 4099
f 4290 4288 4184
f 4156 4296 4295
f 4296 4154 4290
f 4295 4290 4126
f 4296 4290 4295
f 4118 4309 4304
f 4309 4160 4313
f 4304 4313 4159
f 4309 4313 4304
f 4160 4308 4311
f 4308 4117 4294
f 4311 4294 4156
f 4308 4294 4311
f 4159 4306 4303
f 4306 4156 4293
f 4303 4293 4109
f 4306 4293 4303
f 4160 4311 4313
f 4311 4156 4306
f 4313 4306 4159
f 4311 4306 4313
f 4101 4187 4187
f 4187 4127 4127
f 4187 4127 4127
f 4187 4127 4187
f 4127 4188 4188
f 4188 4109 4109
f 4188 4109 4109
f 4188 4109 4188
f 4127 4188 4188
f 4188 4109 4109
f 4188 4109 4109
f 4188 4109 4188
f 4127 4188 4127
f 4188 4109 4188
f 4127 4188 4127
f 4188 4188 4127
f 4109 4185 4185
f 4185 4126 4126
f 4185 4126 4126
f 4185 4126 4185
f 4126 4184 4184
f 4184 4099 4099
f 4184 4099 4099
f 4184 4099 4184
f 4126 4184 4184
f 4184 4099 4099
f 4184 4099 4099
f 4184 4099 4184
f 4126 4184 4126
f 4184 4099 4184
f 4126 4184 4126
f 4184 4184 4126
f 4109 4185 4185
f 4185 4126 4126
f 4185 4126 4126
f 4185 4126 4185
f 4126 4184 4184
f 4184 4099 4099
f 4184 4099 4099
f 4184 4099 4184
f 4126 4184 4184
f 4184 4099 4099
f 4184 4099 4099
f 4184 4099 4184
f 4126 4184 4126
f 4184 4099 4184
f 4126 4184 4126
f 4184 4184 4126
f 4109 4185 4109
f 4185 4126 4185
f 4109 4185 4109
f 4185 4185 4109
f 4126 4184 4126
f 4184 4099 4184
f 4126 4184 4126
f 4184 4184 4126
f 4109 4185 4109
f 4185 4126 4185
f 4109 4185 4109
f 4185 4185 4109
f 4126 4126 4185
f 4126 4126 4185
f 4185 4185 4109
f 4126 4185 4185
f 4107 4344 4374
f 4344 4169 4376
f 4374 4376 4177
f 4344 4376 4374
f 4169 4345 4384
f 4345 4121 4382
f 4384 4382 4179
f 4345 4382 4384
f 4177 4386 4375
f 4386 4179 4383
f 4375 4383 4123
f 4386 4383 4375
f 4169 4384 4376
f 4384 4179 4386
f 4376 4386 4177
f 4384 4386 4376
f 4121 4341 4351
f 4341 4168 4353
f 4351 4353 4171
f 4341 4353 4351
f 4168 4340 4343
f 4340 4099 4288
f 4343 4288 4154
f 4340 4288 4343
f 4171 4352 4350
f 4352 4154 4289
f 4350 4289 4117
f 4352 4289 4350
f 4168 4343 4353
f 4343 4154 4352
f 4353 4352 4171
f 4343 4352 4353
f 4123 4378 4372
f 4378 4178 4381
f 4372 4381 4176
f 4378 4381 4372
f 4178 4377 4379
f 4377 4117 4292
f 4379 4292 4155
f 4377 4292 4379
f 4176 4373 4371
f 4373 4155 4291
f 4371 4291 4105
f 4373 4291 4371
f 4178 4379 4381
f 4379 4155 4373
f 4381 4373 4176
f 4379 4373 4381
f 4121 4351 4382
f 4351 4171 4385
f 4382 4385 4179
f 4351 4385 4382
f 4171 4350 4380
f 4350 4117 4377
f 4380 4377 4178
f 4350 4377 4380
f 4179 4387 4383
f 4387 4178 4378
f 4383 4378 4123
f 4387 4378 4383
f 4171 4380 4385
f 4380 4178 4387
f 4385 4387 4179
f 4380 4387 4385
f 4107 4374 4374
f 4374 4177 4177
f 4374 4177 4177
f 4374 4177 4374
f 4177 4375 4375
f 4375 4123 4123
f 4375 4123 4123
f 4375 4123 4375
f 4177 4375 4375
f 4375 4123 4123
f 4375 4123 4123
f 4375 4123 4375
f 4177 4375 4177
f 4375 4123 4375
f 4177 4375 4177
f 4375 4375 4177
f 4123 4372 4372
f 4372 4176 4176
f 4372 4176 4176
f 4372 4176 4372
f 4176 4371 4371
f 4371 4105 4105
f 4371 4105 4105
f 4371 4105 4371
f 4176 4371 4371
f 4371 4105 4105
f 4371 4105 4105
f 4371 4105 4371
f 4176 4371 4176
f 4371 4105 4371
f 4176 4371 4176
f 4371 4371 4176
f 4123 4372 4372
f 4372 4176 4176
f 4372 4176 4176
f 4372 4176 4372
f 4176 4371 4371
f 4371 4105 4105
f 4371 4105 4105
f 4371 4105 4371
f 4176 4371 4371
f 4371 4105 4105
f 4371 4105 4105
f 4371 4105 4371
f 4176 4371 4176
f 4371 4105 4371
f 4176 4371 4176
f 4371 4371 4176
f 4123 4372 4123
f 4372 4176 4372
f 4123 4372 4123
f 4372 4372 4123
f 4176 4371 4176
f 4371 4105 4371
f 4176 4371 4176
f 4371 4371 4176
f 4123 4372 4123
f 4372 4176 4372
f 4123 4372 4123
f 4372 4372 4123
f 4176 4176 4372
f 4176 4176 4372
f 4372 4372 4123
f 4176 4372 4372
f 4099 4340 4236
f 4340 4168 4342
f 4236 4342 4140
f 4340 4342 4236
f 4168 4341 4349
f 4341 4121 4347
f 4349 4347 4170
f 4341 4347 4349
f 4140 4348 4237
f 4348 4170 4346
f 4237 4346 4113
f 4348 4346 4237
f 4168 4349 4342
f 4349 4170 4348
f 4342 4348 4140
f 4349 4348 4342
f 4121 4345 4365
f 4345 4169 4367
f 4365 4367 4175
f 4345 4367 4365
f 4169 4344 4359
f 4344 4107 4357
f 4359 4357 4173
f 4344 4357 4359
f 4175 4369 4366
f 4369 4173 4358
f 4366 4358 4122
f 4369 4358 4366
f 4169 4359 4367
f 4359 4173 4369
f 4367 4369 4175
f 4359 4369 4367
f 4113 4360 4240
f 4360 4174 4362
f 4240 4362 4141
f 4360 4362 4240
f 4174 4361 4364
f 4361 4122 4355
f 4364 4355 4172
f 4361 4355 4364
f 4141 4356 4239
f 4356 4172 4354
f 4239 4354 4103
f 4356 4354 4239
f 4174 4364 4362
f 4364 4172 4356
f 4362 4356 4141
f 4364 4356 4362
f 4121 4365 4347
f 4365 4175 4368
f 4347 4368 4170
f 4365 4368 4347
f 4175 4366 4370
f 4366 4122 4361
f 4370 4361 4174
f 4366 4361 4370
f 4170 4363 4346
f 4363 4174 4360
f 4346 4360 4113
f 4363 4360 4346
f 4175 4370 4368
f 4370 4174 4363
f 4368 4363 4170
f 4370 4363 4368
f 4099 4236 4236
f 4236 4140 4140
f 4236 4140 4140
f 4236 4140 4236
f 4140 4237 4237
f 4237 4113 4113
f 4237 4113 4113
f 4237 4113 4237
f 4140 4237 4237
f 4237 4113 4113
f 4237 4113 4113
f 4237 4113 4237
f 4140 4237 4140
f 4237 4113 4237
f 4140 4237 4140
f 4237 4237 4140
f 4113 4240 4240
f 4240 4141 4141
f 4240 4141 4141
f 4240 4141 4240
f 4141 4239 4239
f 4239 4103 4103
f 4239 4103 4103
f 4239 4103 4239
f 4141 4239 4239
f 4239 4103 4103
f 4239 4103 4103
f 4239 4103 4239
f 4141 4239 4141
f 4239 4103 4239
f 4141 4239 4141
f 4239 4239 4141
f 4113 4240 4240
f 4240 4141 4141
f 4240 4141 4141
f 4240 4141 4240
f 4141 4239 4239
f 4239 4103 4103
f 4239 4103 4103
f 4239 4103 4239
f 4141 4239 4239
f 4239 4103 4103
f 4239 4103 4103
f 4239 4103 4239
f 4141 4239 4141
f 4239 4103 4239
f 4141 4239 4141
f 4239 4239 4141
f 4113 4240 4113
f 4240 4141 4240
f 4113 4240 4113
f 4240 4240 4113
f 4141 4239 4141
f 4239 4103 4239
f 4141 4239 4141
f 4239 4239 4141
f 4113 4240 4113
f 4240 4141 4240
f 4113 4240 4113
f 4240 4240 4113
f 4141 4141 4240
f 4141 4141 4240
f 4240 4240 4113
f 4141 4240 4240
f 4388 4413 4417
f 4413 4397 4419
f 4417 4419 4399
f 4413 4419 4417
f 4397 4414 4424
f 4414 4392 4422
f 4424 4422 4401
f 4414 4422 4424
f 4399 4425 4418
f 4425 4401 4423
f 4418 4423 4393
f 4425 4423 4418
f 4397 4424 4419
f 4424 4401 4425
f 4419 4425 4399
f 4424 4425 4419
f 4392 4416 4432
f 4416 4398 4434
f 4432 4434 4404
f 4416 4434 4432
f 4398 4415 4428
f 4415 4389 4426
f 4428 4426 4402
f 4415 4426 4428
f 4404 4436 4433
f 4436 4402 4427
f 4433 4427 4394
f 4436 4427 4433
f 4398 4428 4434
f 4428 4402 4436
f 4434 4436 4404
f 4428 4436 4434
f 4393 4437 4421
f 4437 4405 4439
f 4421 4439 4400
f 4437 4439 4421
f 4405 4438 4441
f 4438 4394 4430
f 4441 4430 4403
f 4438 4430 4441
f 4400 4431 4420
f 4431 4403 4429
f 4420 4429 4390
f 4431 4429 4420
f 4405 4441 4439
f 4441 4403 4431
f 4439 4431 4400
f 4441 4431 4439
f 4392 4432 4422
f 4432 4404 4435
f 4422 4435 4401
f 4432 4435 4422
f 4404 4433 4442
f 4433 4394 4438
f 4442 4438 4405
f 4433 4438 4442
f 4401 4440 4423
f 4440 4405 4437
f 4423 4437 4393
f 4440 4437 4423
f 4404 4442 4435
f 4442 4405 4440
f 4435 4440 4401
f 4442 4440 4435
f 4388 4417 4417
f 4417 4399 4399
f 4417 4399 4399
f 4417 4399 4417
f 4399 4418 4418
f 4418 4393 4393
f 4418 4393 4393
f 4418 4393 4418
f 4399 4418 4418
f 4418 4393 4393
f 4418 4393 4393
f 4418 4393 4418
f 4399 4418 4399
f 4418 4393 4418
f 4399 4418 4399
f 4418 4418 4399
f 4393 4421 4421
f 4421 4400 4400
f 4421 4400 4400
f 4421 4400 4421
f 4400 4420 4420
f 4420 4390 4390
f 4420 4390 4390
f 4420 4390 4420
f 4400 4420 4420
f 4420 4390 4390
f 4420 4390 4390
f 4420 4390 4420
f 4400 4420 4400
f 4420 4390 4420
f 4400 4420 4400
f 4420 4420 4400
f 4393 4421 4421
f 4421 4400 4400
f 4421 4400 4400
f 4421 4400 4421
f 4400 4420 4420
f 4420 4390 4390
f 4420 4390 4390
f 4420 4390 4420
f 4400 4420 4420
f 4420 4390 4390
f 4420 4390 4390
f 4420 4390 4420
f 4400 4420 4400
f 4420 4390 4420
f 4400 4420 4400
f 4420 4420 4400
f 4393 4421 4393
f 4421 4400 4421
f 4393 4421 4393
f 4421 4421 4393
f 4400 4420 4400
f 4420 4390 4420
f 4400 4420 4400
f 4420 4420 4400
f 4393 4421 4393
f 4421 4400 4421
f 4393 4421 4393
f 4421 4421 4393
f 4400 4400 4421
f 4400 4400 4421
f 4421 4421 4393
f 4400 4421 4421
f 4389 4415 4452
f 4415 4398 4454
f 4452 4454 4409
f 4415 4454 4452
f 4398 4416 4460
f 4416 4392 4458
f 4460 4458 4411
f 4416 4458 4460
f 4409 4462 4453
f 4462 4411 4459
f 4453 4459 4396
f 4462 4459 4453
f 4398 4460 4454
f 4460 4411 4462
f 4454 4462 4409
f 4460 4462 4454
f 4392 4414 4448
f 4414 4397 4450
f 4448 4450 4408
f 4414 4450 4448
f 4397 4413 4445
f 4413 4388 4443
f 4445 4443 4406
f 4413 4443 4445
f 4408 4451 4449
f 4451 4406 4444
f 4449 4444 4395
f 4451 4444 4449
f 4397 4445 4450
f 4445 4406 4451
f 4450 4451 4408
f 4445 4451 4450
f 4396 4464 4456
f 4464 4412 4467
f 4456 4467 4410
f 4464 4467 4456
f 4412 4463 4465
f 4463 4395 4447
f 4465 4447 4407
f 4463 4447 4465
f 4410 4457 4455
f 4457 4407 4446
f 4455 4446 4391
f 4457 4446 4455
f 4412 4465 4467
f 4465 4407 4457
f 4467 4457 4410
f 4465 4457 4467
f 4392 4448 4458
f 4448 4408 4461
f 4458 4461 4411
f 4448 4461 4458
f 4408 4449 4466
f 4449 4395 4463
f 4466 4463 4412
f 4449 4463 4466
f 4411 4468 4459
f 4468 4412 4464
f 4459 4464 4396
f 4468 4464 4459
f 4408 4466 4461
f 4466 4412 4468
f 4461 4468 4411
f 4466 4468 4461
f 4389 4452 4452
f 4452 4409 4409
f 4452 4409 4409
f 4452 4409 4452
f 4409 4453 4453
f 4453 4396 4396
f 4453 4396 4396
f 4453 4396 4453
f 4409 4453 4453
f 4453 4396 4396
f 4453 4396 4396
f 4453 4396 4453
f 4409 4453 4409
f 4453 4396 4453
f 4409 4453 4409
f 4453 4453 4409
f 4396 4456 4456
f 4456 4410 4410
f 4456 4410 4410
f 4456 4410 4456
f 4410 4455 4455
f 4455 4391 4391
f 4455 4391 4391
f 4455 4391 4455
f 4410 4455 4455
f 4455 4391 4391
f 4455 4391 4391
f 4455 4391 4455
f 4410 4455 4410
f 4455 4391 4455
f 4410 4455 4410
f 4455 4455 4410
f 4396 4456 4456
f 4456 4410 4410
f 4456 4410 4410
f 4456 4410 4456
f 4410 4455 4455
f 4455 4391 4391
f 4455 4391 4391
f 4455 4391 4455
f 4410 4455 4455
f 4455 4391 4391
f 4455 4391 4391
f 4455 4391 4455
f 4410 4455 4410
f 4455 4391 4455
f 4410 4455 4410
f 4455 4455 4410
f 4396 4456 4396
f 4456 4410 4456
f 4396 4456 4396
f 4456 4456 4396
f 4410 4455 4410
f 4455 4391 4455
f 4410 4455 4410
f 4455 4455 4410
f 4396 4456 4396
f 4456 4410 4456
f 4396 4456 4396
f 4456 4456 4396
f 4410 4410 4456
f 4410 4410 4456
f 4456 4456 4396
f 4410 4456 4456
f 4469 4489 4493
f 4489 4475 4495
f 4493 4495 4477
f 4489 4495 4493
f 4475 4490 4500
f 4490 4471 4498
f 4500 4498 4479
f 4490 4498 4500
f 4477 4501 4494
f 4501 4479 4499
f 4494 4499 4472
f 4501 4499 4494
f 4475 4500 4495
f 4500 4479 4501
f 4495 4501 4477
f 4500 4501 4495
f 4471 4492 4508
f 4492 4476 4510
f 4508 4510 4482
f 4492 4510 4508
f 4476 4491 4504
f 4491 4388 4502
f 4504 4502 4480
f 4491 4502 4504
f 4482 4512 4509
f 4512 4480 4503
f 4509 4503 4473
f 4512 4503 4509
f 4476 4504 4510
f 4504 4480 4512
f 4510 4512 4482
f 4504 4512 4510
f 4472 4513 4497
f 4513 4483 4515
f 4497 4515 4478
f 4513 4515 4497
f 4483 4514 4517
f 4514 4473 4506
f 4517 4506 4481
f 4514 4506 4517
f 4478 4507 4496
f 4507 4481 4505
f 4496 4505 4470
f 4507 4505 4496
f 4483 4517 4515
f 4517 4481 4507
f 4515 4507 4478
f 4517 4507 4515
f 4471 4508 4498
f 4508 4482 4511
f 4498 4511 4479
f 4508 4511 4498
f 4482 4509 4518
f 4509 4473 4514
f 4518 4514 4483
f 4509 4514 4518
f 4479 4516 4499
f 4516 4483 4513
f 4499 4513 4472
f 4516 4513 4499
f 4482 4518 4511
f 4518 4483 4516
f 4511 4516 4479
f 4518 4516 4511
f 4469 4493 4493
f 4493 4477 4477
f 4493 4477 4477
f 4493 4477 4493
f 4477 4494 4494
f 4494 4472 4472
f 4494 4472 4472
f 4494 4472 4494
f 4477 4494 4494
f 4494 4472 4472
f 4494 4472 4472
f 4494 4472 4494
f 4477 4494 4477
f 4494 4472 4494
f 4477 4494 4477
f 4494 4494 4477
f 4472 4497 4497
f 4497 4478 4478
f 4497 4478 4478
f 4497 4478 4497
f 4478 4496 4496
f 4496 4470 4470
f 4496 4470 4470
f 4496 4470 4496
f 4478 4496 4496
f 4496 4470 4470
f 4496 4470 4470
f 4496 4470 4496
f 4478 4496 4478
f 4496 4470 4496
f 4478 4496 4478
f 4496 4496 4478
f 4472 4497 4497
f 4497 4478 4478
f 4497 4478 4478
f 4497 4478 4497
f 4478 4496 4496
f 4496 4470 4470
f 4496 4470 4470
f 4496 4470 4496
f 4478 4496 4496
f 4496 4470 4470
f 4496 4470 4470
f 4496 4470 4496
f 4478 4496 4478
f 4496 4470 4496
f 4478 4496 4478
f 4496 4496 4478
f 4472 4497 4472
f 4497 4478 4497
f 4472 4497 4472
f 4497 4497 4472
f 4478 4496 4478
f 4496 4470 4496
f 4478 4496 4478
f 4496 4496 4478
f 4472 4497 4472
f 4497 4478 4497
f 4472 4497 4472
f 4497 4497 4472
f 4478 4478 4497
f 4478 4478 4497
f 4497 4497 4472
f 4478 4497 4497
f 4388 4491 4443
f 4491 4476 4528
f 4443 4528 4406
f 4491 4528 4443
f 4476 4492 4532
f 4492 4471 4530
f 4532 4530 4487
f 4492 4530 4532
f 4406 4534 4444
f 4534 4487 4531
f 4444 4531 4395
f 4534 4531 4444
f 4476 4532 4528
f 4532 4487 4534
f 4528 4534 4406
f 4532 4534 4528
f 4471 4490 4524
f 4490 4475 4526
f 4524 4526 4486
f 4490 4526 4524
f 4475 4489 4521
f 4489 4469 4519
f 4521 4519 4484
f 4489 4519 4521
f 4486 4527 4525
f 4527 4484 4520
f 4525 4520 4474
f 4527 4520 4525
f 4475 4521 4526
f 4521 4484 4527
f 4526 4527 4486
f 4521 4527 4526
f 4395 4536 4447
f 4536 4488 4539
f 4447 4539 4407
f 4536 4539 4447
f 4488 4535 4537
f 4535 4474 4523
f 4537 4523 4485
f 4535 4523 4537
f 4407 4529 4446
f 4529 4485 4522
f 4446 4522 4391
f 4529 4522 4446
f 4488 4537 4539
f 4537 4485 4529
f 4539 4529 4407
f 4537 4529 4539
f 4471 4524 4530
f 4524 4486 4533
f 4530 4533 4487
f 4524 4533 4530
f 4486 4525 4538
f 4525 4474 4535
f 4538 4535 4488
f 4525 4535 4538
f 4487 4540 4531
f 4540 4488 4536
f 4531 4536 4395
f 4540 4536 4531
f 4486 4538 4533
f 4538 4488 4540
f 4533 4540 4487
f 4538 4540 4533
f 4388 4443 4443
f 4443 4406 4406
f 4443 4406 4406
f 4443 4406 4443
f 4406 4444 4444
f 4444 4395 4395
f 4444 4395 4395
f 4444 4395 4444
f 4406 4444 4444
f 4444 4395 4395
f 4444 4395 4395
f 4444 4395 4444
f 4406 4444 4406
f 4444 4395 4444
f 4406 4444 4406
f 4444 4444 4406
f 4395 4447 4447
f 4447 4407 4407
f 4447 4407 4407
f 4447 4407 4447
f 4407 4446 4446
f 4446 4391 4391
f 4446 4391 4391
f 4446 4391 4446
f 4407 4446 4446
f 4446 4391 4391
f 4446 4391 4391
f 4446 4391 4446
f 4407 4446 4407
f 4446 4391 4446
f 4407 4446 4407
f 4446 4446 4407
f 4395 4447 4447
f 4447 4407 4407
f 4447 4407 4407
f 4447 4407 4447
f 4407 4446 4446
f 4446 4391 4391
f 4446 4391 4391
f 4446 4391 4446
f 4407 4446 4446
f 4446 4391 4391
f 4446 4391 4391
f 4446 4391 4446
f 4407 4446 4407
f 4446 4391 4446
f 4407 4446 4407
f 4446 4446 4407
f 4395 4447 4395
f 4447 4407 4447
f 4395 4447 4395
f 4447 4447 4395
f 4407 4446 4407
f 4446 4391 4446
f 4407 4446 4407
f 4446 4446 4407
f 4395 4447 4395
f 4447 4407 4447
f 4395 4447 4395
f 4447 4447 4395
f 4407 4407 4447
f 4407 4407 4447
f 4447 4447 4395
f 4407 4447 4447
f 4541 4566 4570
f 4566 4550 4572
f 4570 4572 4552
f 4566 4572 4570
f 4550 4567 4577
f 4567 4545 4575
f 4577 4575 4554
f 4567 4575 4577
f 4552 4578 4571
f 4578 4554 4576
f 4571 4576 4546
f 4578 4576 4571
f 4550 4577 4572
f 4577 4554 4578
f 4572 4578 4552
f 4577 4578 4572
f 4545 4569 4585
f 4569 4551 4587
f 4585 4587 4557
f 4569 4587 4585
f 4551 4568 4581
f 4568 4542 4579
f 4581 4579 4555
f 4568 4579 4581
f 4557 4589 4586
f 4589 4555 4580
f 4586 4580 4547
f 4589 4580 4586
f 4551 4581 4587
f 4581 4555 4589
f 4587 4589 4557
f 4581 4589 4587
f 4546 4590 4574
f 4590 4558 4592
f 4574 4592 4553
f 4590 4592 4574
f 4558 4591 4594
f 4591 4547 4583
f 4594 4583 4556
f 4591 4583 4594
f 4553 4584 4573
f 4584 4556 4582
f 4573 4582 4543
f 4584 4582 4573
f 4558 4594 4592
f 4594 4556 4584
f 4592 4584 4553
f 4594 4584 4592
f 4545 4585 4575
f 4585 4557 4588
f 4575 4588 4554
f 4585 4588 4575
f 4557 4586 4595
f 4586 4547 4591
f 4595 4591 4558
f 4586 4591 4595
f 4554 4593 4576
f 4593 4558 4590
f 4576 4590 4546
f 4593 4590 4576
f 4557 4595 4588
f 4595 4558 4593
f 4588 4593 4554
f 4595 4593 4588
f 4541 4570 4570
f 4570 4552 4552
f 4570 4552 4552
f 4570 4552 4570
f 4552 4571 4571
f 4571 4546 4546
f 4571 4546 4546
f 4571 4546 4571
f 4552 4571 4571
f 4571 4546 4546
f 4571 4546 4546
f 4571 4546 4571
f 4552 4571 4552
f 4571 4546 4571
f 4552 4571 4552
f 4571 4571 4552
f 4546 4574 4574
f 4574 4553 4553
f 4574 4553 4553
f 4574 4553 4574
f 4553 4573 4573
f 4573 4543 4543
f 4573 4543 4543
f 4573 4543 4573
f 4553 4573 4573
f 4573 4543 4543
f 4573 4543 4543
f 4573 4543 4573
f 4553 4573 4553
f 4573 4543 4573
f 4553 4573 4553
f 4573 4573 4553
f 4546 4574 4574
f 4574 4553 4553
f 4574 4553 4553
f 4574 4553 4574
f 4553 4573 4573
f 4573 4543 4543
f 4573 4543 4543
f 4573 4543 4573
f 4553 4573 4573
f 4573 4543 4543
f 4573 4543 4543
f 4573 4543 4573
f 4553 4573 4553
f 4573 4543 4573
f 4553 4573 4553
f 4573 4573 4553
f 4546 4574 4546
f 4574 4553 4574
f 4546 4574 4546
f 4574 4574 4546
f 4553 4573 4553
f 4573 4543 4573
f 4553 4573 4553
f 4573 4573 4553
f 4546 4574 4546
f 4574 4553 4574
f 4546 4574 4546
f 4574 4574 4546
f 4553 4553 4574
f 4553 4553 4574
f 4574 4574 4546
f 4553 4574 4574
f 4542 4568 4605
f 4568 4551 4607
f 4605 4607 4562
f 4568 4607 4605
f 4551 4569 4613
f 4569 4545 4611
f 4613 4611 4564
f 4569 4611 4613
f 4562 4615 4606
f 4615 4564 4612
f 4606 4612 4549
f 4615 4612 4606
f 4551 4613 4607
f 4613 4564 4615
f 4607 4615 4562
f 4613 4615 4607
f 4545 4567 4601
f 4567 4550 4603
f 4601 4603 4561
f 4567 4603 4601
f 4550 4566 4598
f 4566 4541 4596
f 4598 4596 4559
f 4566 4596 4598
f 4561 4604 4602
f 4604 4559 4597
f 4602 4597 4548
f 4604 4597 4602
f 4550 4598 4603
f 4598 4559 4604
f 4603 4604 4561
f 4598 4604 4603
f 4549 4617 4609
f 4617 4565 4620
f 4609 4620 4563
f 4617 4620 4609
f 4565 4616 4618
f 4616 4548 4600
f 4618 4600 4560
f 4616 4600 4618
f 4563 4610 4608
f 4610 4560 4599
f 4608 4599 4544
f 4610 4599 4608
f 4565 4618 4620
f 4618 4560 4610
f 4620 4610 4563
f 4618 4610 4620
f 4545 4601 4611
f 4601 4561 4614
f 4611 4614 4564
f 4601 4614 4611
f 4561 4602 4619
f 4602 4548 4616
f 4619 4616 4565
f 4602 4616 4619
f 4564 4621 4612
f 4621 4565 4617
f 4612 4617 4549
f 4621 4617 4612
f 4561 4619 4614
f 4619 4565 4621
f 4614 4621 4564
f 4619 4621 4614
f 4542 4605 4605
f 4605 4562 4562
f 4605 4562 4562
f 4605 4562 4605
f 4562 4606 4606
f 4606 4549 4549
f 4606 4549 4549
f 4606 4549 4606
f 4562 4606 4606
f 4606 4549 4549
f 4606 4549 4549
f 4606 4549 4606
f 4562 4606 4562
f 4606 4549 4606
f 4562 4606 4562
f 4606 4606 4562
f 4549 4609 4609
f 4609 4563 4563
f 4609 4563 4563
f 4609 4563 4609
f 4563 4608 4608
f 4608 4544 4544
f 4608 4544 4544
f 4608 4544 4608
f 4563 4608 4608
f 4608 4544 4544
f 4608 4544 4544
f 4608 4544 4608
f 4563 4608 4563
f 4608 4544 4608
f 4563 4608 4563
f 4608 4608 4563
f 4549 4609 4609
f 4609 4563 4563
f 4609 4563 4563
f 4609 4563 4609
f 4563 4608 4608
f 4608 4544 4544
f 4608 4544 4544
f 4608 4544 4608
f 4563 4608 4608
f 4608 4544 4544
f 4608 4544 4544
f 4608 4544 4608
f 4563 4608 4563
f 4608 4544 4608
f 4563 4608 4563
f 4608 4608 4563
f 4549 4609 4549
f 4609 4563 4609
f 4549 4609 4549
f 4609 4609 4549
f 4563 4608 4563
f 4608 4544 4608
f 4563 4608 4563
f 4608 4608 4563
f 4549 4609 4549
f 4609 4563 4609
f 4549 4609 4549
f 4609 4609 4549
f 4563 4563 4609
f 4563 4563 4609
f 4609 4609 4549
f 4563 4609 4609
f 4622 4642 4646
f 4642 4628 4648
f 4646 4648 4630
f 4642 4648 4646
f 4628 4643 4653
f 4643 4624 4651
f 4653 4651 4632
f 4643 4651 4653
f 4630 4654 4647
f 4654 4632 4652
f 4647 4652 4625
f 4654 4652 4647
f 4628 4653 4648
f 4653 4632 4654
f 4648 4654 4630
f 4653 4654 4648
f 4624 4645 4657
f 4645 4629 4659
f 4657 4659 4633
f 4645 4659 4657
f 4629 4644 4655
f 4644 4542 4605
f 4655 4605 4562
f 4644 4605 4655
f 4633 4661 4658
f 4661 4562 4606
f 4658 4606 4549
f 4661 4606 4658
f 4629 4655 4659
f 4655 4562 4661
f 4659 4661 4633
f 4655 4661 4659
f 4625 4662 4650
f 4662 4634 4664
f 4650 4664 4631
f 4662 4664 4650
f 4634 4663 4666
f 4663 4549 4609
f 4666 4609 4563
f 4663 4609 4666
f 4631 4656 4649
f 4656 4563 4608
f 4649 4608 4544
f 4656 4608 4649
f 4634 4666 4664
f 4666 4563 4656
f 4664 4656 4631
f 4666 4656 4664
f 4624 4657 4651
f 4657 4633 4660
f 4651 4660 4632
f 4657 4660 4651
f 4633 4658 4667
f 4658 4549 4663
f 4667 4663 4634
f 4658 4663 4667
f 4632 4665 4652
f 4665 4634 4662
f 4652 4662 4625
f 4665 4662 4652
f 4633 4667 4660
f 4667 4634 4665
f 4660 4665 4632
f 4667 4665 4660
f 4622 4646 4646
f 4646 4630 4630
f 4646 4630 4630
f 4646 4630 4646
f 4630 4647 4647
f 4647 4625 4625
f 4647 4625 4625
f 4647 4625 4647
f 4630 4647 4647
f 4647 4625 4625
f 4647 4625 4625
f 4647 4625 4647
f 4630 4647 4630
f 4647 4625 4647
f 4630 4647 4630
f 4647 4647 4630
f 4625 4650 4650
f 4650 4631 4631
f 4650 4631 4631
f 4650 4631 4650
f 4631 4649 4649
f 4649 4544 4544
f 4649 4544 4544
f 4649 4544 4649
f 4631 4649 4649
f 4649 4544 4544
f 4649 4544 4544
f 4649 4544 4649
f 4631 4649 4631
f 4649 4544 4649
f 4631 4649 4631
f 4649 4649 4631
f 4625 4650 4650
f 4650 4631 4631
f 4650 4631 4631
f 4650 4631 4650
f 4631 4649 4649
f 4649 4544 4544
f 4649 4544 4544
f 4649 4544 4649
f 4631 4649 4649
f 4649 4544 4544
f 4649 4544 4544
f 4649 4544 4649
f 4631 4649 4631
f 4649 4544 4649
f 4631 4649 4631
f 4649 4649 4631
f 4625 4650 4625
f 4650 4631 4650
f 4625 4650 4625
f 4650 4650 4625
f 4631 4649 4631
f 4649 4544 4649
f 4631 4649 4631
f 4649 4649 4631
f 4625 4650 4625
f 4650 4631 4650
f 4625 4650 4625
f 4650 4650 4625
f 4631 4631 4650
f 4631 4631 4650
f 4650 4650 4625
f 4631 4650 4650
f 4542 4644 4677
f 4644 4629 4679
f 4677 4679 4638
f 4644 4679 4677
f 4629 4645 4685
f 4645 4624 4683
f 4685 4683 4640
f 4645 4683 4685
f 4638 4687 4678
f 4687 4640 4684
f 4678 4684 4627
f 4687 4684 4678
f 4629 4685 4679
f 4685 4640 4687
f 4679 4687 4638
f 4685 4687 4679
f 4624 4643 4673
f 4643 4628 4675
f 4673 4675 4637
f 4643 4675 4673
f 4628 4642 4670
f 4642 4622 4668
f 4670 4668 4635
f 4642 4668 4670
f 4637 4676 4674
f 4676 4635 4669
f 4674 4669 4626
f 4676 4669 4674
f 4628 4670 4675
f 4670 4635 4676
f 4675 4676 4637
f 4670 4676 4675
f 4627 4689 4681
f 4689 4641 4692
f 4681 4692 4639
f 4689 4692 4681
f 4641 4688 4690
f 4688 4626 4672
f 4690 4672 4636
f 4688 4672 4690
f 4639 4682 4680
f 4682 4636 4671
f 4680 4671 4623
f 4682 4671 4680
f 4641 4690 4692
f 4690 4636 4682
f 4692 4682 4639
f 4690 4682 4692
f 4624 4673 4683
f 4673 4637 4686
f 4683 4686 4640
f 4673 4686 4683
f 4637 4674 4691
f 4674 4626 4688
f 4691 4688 4641
f 4674 4688 4691
f 4640 4693 4684
f 4693 4641 4689
f 4684 4689 4627
f 4693 4689 4684
f 4637 4691 4686
f 4691 4641 4693
f 4686 4693 4640
f 4691 4693 4686
f 4542 4677 4677
f 4677 4638 4638
f 4677 4638 4638
f 4677 4638 4677
f 4638 4678 4678
f 4678 4627 4627
f 4678 4627 4627
f 4678 4627 4678
f 4638 4678 4678
f 4678 4627 4627
f 4678 4627 4627
f 4678 4627 4678
f 4638 4678 4638
f 4678 4627 4678
f 4638 4678 4638
f 4678 4678 4638
f 4627 4681 4681
f 4681 4639 4639
f 4681 4639 4639
f 4681 4639 4681
f 4639 4680 4680
f 4680 4623 4623
f 4680 4623 4623
f 4680 4623 4680
f 4639 4680 4680
f 4680 4623 4623
f 4680 4623 4623
f 4680 4623 4680
f 4639 4680 4639
f 4680 4623 4680
f 4639 4680 4639
f 4680 4680 4639
f 4627 4681 4681
f 4681 4639 4639
f 4681 4639 4639
f 4681 4639 4681
f 4639 4680 4680
f 4680 4623 4623
f 4680 4623 4623
f 4680 4623 4680
f 4639 4680 4680
f 4680 4623 4623
f 4680 4623 4623
f 4680 4623 4680
f 4639 4680 4639
f 4680 4623 4680
f 4639 4680 4639
f 4680 4680 4639
f 4627 4681 4627
f 4681 4639 4681
f 4627 4681 4627
f 4681 4681 4627
f 4639 4680 4639
f 4680 4623 4680
f 4639 4680 4639
f 4680 4680 4639
f 4627 4681 4627
f 4681 4639 4681
f 4627 4681 4627
f 4681 4681 4627
f 4639 4639 4681
f 4639 4639 4681
f 4681 4681 4627
f 4639 4681 4681
f 4694 4719 4723
f 4719 4703 4725
f 4723 4725 4705
f 4719 4725 4723
f 4703 4720 4730
f 4720 4698 4728
f 4730 4728 4707
f 4720 4728 4730
f 4705 4731 4724
f 4731 4707 4729
f 4724 4729 4699
f 4731 4729 4724
f 4703 4730 4725
f 4730 4707 4731
f 4725 4731 4705
f 4730 4731 4725
f 4698 4722 4738
f 4722 4704 4740
f 4738 4740 4710
f 4722 4740 4738
f 4704 4721 4734
f 4721 4695 4732
f 4734 4732 4708
f 4721 4732 4734
f 4710 4742 4739
f 4742 4708 4733
f 4739 4733 4700
f 4742 4733 4739
f 4704 4734 4740
f 4734 4708 4742
f 4740 4742 4710
f 4734 4742 4740
f 4699 4743 4727
f 4743 4711 4745
f 4727 4745 4706
f 4743 4745 4727
f 4711 4744 4747
f 4744 4700 4736
f 4747 4736 4709
f 4744 4736 4747
f 4706 4737 4726
f 4737 4709 4735
f 4726 4735 4696
f 4737 4735 4726
f 4711 4747 4745
f 4747 4709 4737
f 4745 4737 4706
f 4747 4737 4745
f 4698 4738 4728
f 4738 4710 4741
f 4728 4741 4707
f 4738 4741 4728
f 4710 4739 4748
f 4739 4700 4744
f 4748 4744 4711
f 4739 4744 4748
f 4707 4746 4729
f 4746 4711 4743
f 4729 4743 4699
f 4746 4743 4729
f 4710 4748 4741
f 4748 4711 4746
f 4741 4746 4707
f 4748 4746 4741
f 4694 4723 4723
f 4723 4705 4705
f 4723 4705 4705
f 4723 4705 4723
f 4705 4724 4724
f 4724 4699 4699
f 4724 4699 4699
f 4724 4699 4724
f 4705 4724 4724
f 4724 4699 4699
f 4724 4699 4699
f 4724 4699 4724
f 4705 4724 4705
f 4724 4699 4724
f 4705 4724 4705
f 4724 4724 4705
f 4699 4727 4727
f 4727 4706 4706
f 4727 4706 4706
f 4727 4706 4727
f 4706 4726 4726
f 4726 4696 4696
f 4726 4696 4696
f 4726 4696 4726
f 4706 4726 4726
f 4726 4696 4696
f 4726 4696 4696
f 4726 4696 4726
f 4706 4726 4706
f 4726 4696 4726
f 4706 4726 4706
f 4726 4726 4706
f 4699 4727 4727
f 4727 4706 4706
f 4727 4706 4706
f 4727 4706 4727
f 4706 4726 4726
f 4726 4696 4696
f 4726 4696 4696
f 4726 4696 4726
f 4706 4726 4726
f 4726 4696 4696
f 4726 4696 4696
f 4726 4696 4726
f 4706 4726 4706
f 4726 4696 4726
f 4706 4726 4706
f 4726 4726 4706
f 4699 4727 4699
f 4727 4706 4727
f 4699 4727 4699
f 4727 4727 4699
f 4706 4726 4706
f 4726 4696 4726
f 4706 4726 4706
f 4726 4726 4706
f 4699 4727 4699
f 4727 4706 4727
f 4699 4727 4699
f 4727 4727 4699
f 4706 4706 4727
f 4706 4706 4727
f 4727 4727 4699
f 4706 4727 4727
f 4695 4721 4758
f 4721 4704 4760
f 4758 4760 4715
f 4721 4760 4758
f 4704 4722 4766
f 4722 4698 4764
f 4766 4764 4717
f 4722 4764 4766
f 4715 4768 4759
f 4768 4717 4765
f 4759 4765 4702
f 4768 4765 4759
f 4704 4766 4760
f 4766 4717 4768
f 4760 4768 4715
f 4766 4768 4760
f 4698 4720 4754
f 4720 4703 4756
f 4754 4756 4714
f 4720 4756 4754
f 4703 4719 4751
f 4719 4694 4749
f 4751 4749 4712
f 4719 4749 4751
f 4714 4757 4755
f 4757 4712 4750
f 4755 4750 4701
f 4757 4750 4755
f 4703 4751 4756
f 4751 4712 4757
f 4756 4757 4714
f 4751 4757 4756
f 4702 4770 4762
f 4770 4718 4773
f 4762 4773 4716
f 4770 4773 4762
f 4718 4769 4771
f 4769 4701 4753
f 4771 4753 4713
f 4769 4753 4771
f 4716 4763 4761
f 4763 4713 4752
f 4761 4752 4697
f 4763 4752 4761
f 4718 4771 4773
f 4771 4713 4763
f 4773 4763 4716
f 4771 4763 4773
f 4698 4754 4764
f 4754 4714 4767
f 4764 4767 4717
f 4754 4767 4764
f 4714 4755 4772
f 4755 4701 4769
f 4772 4769 4718
f 4755 4769 4772
f 4717 4774 4765
f 4774 4718 4770
f 4765 4770 4702
f 4774 4770 4765
f 4714 4772 4767
f 4772 4718 4774
f 4767 4774 4717
f 4772 4774 4767
f 4695 4758 4758
f 4758 4715 4715
f 4758 4715 4715
f 4758 4715 4758
f 4715 4759 4759
f 4759 4702 4702
f 4759 4702 4702
f 4759 4702 4759
f 4715 4759 4759
f 4759 4702 4702
f 4759 4702 4702
f 4759 4702 4759
f 4715 4759 4715
f 4759 4702 4759
f 4715 4759 4715
f 4759 4759 4715
f 4702 4762 4762
f 4762 4716 4716
f 4762 4716 4716
f 4762 4716 4762
f 4716 4761 4761
f 4761 4697 4697
f 4761 4697 4697
f 4761 4697 4761
f 4716 4761 4761
f 4761 4697 4697
f 4761 4697 4697
f 4761 4697 4761
f 4716 4761 4716
f 4761 4697 4761
f 4716 4761 4716
f 4761 4761 4716
f 4702 4762 4762
f 4762 4716 4716
f 4762 4716 4716
f 4762 4716 4762
f 4716 4761 4761
f 4761 4697 4697
f 4761 4697 4697
f 4761 4697 4761
f 4716 4761 4761
f 4761 4697 4697
f 4761 4697 4697
f 4761 4697 4761
f 4716 4761 4716
f 4761 4697 4761
f 4716 4761 4716
f 4761 4761 4716
f 4702 4762 4702
f 4762 4716 4762
f 4702 4762 4702
f 4762 4762 4702
f 4716 4761 4716
f 4761 4697 4761
f 4716 4761 4716
f 4761 4761 4716
f 4702 4762 4702
f 4762 4716 4762
f 4702 4762 4702
f 4762 4762 4702
f 4716 4716 4762
f 4716 4716 4762
f 4762 4762 4702
f 4716 4762 4762
f 4775 4795 4799
f 4795 4781 4801
f 4799 4801 4783
f 4795 4801 4799
f 4781 4796 4806
f 4796 4777 4804
f 4806 4804 4785
f 4796 4804 4806
f 4783 4807 4800
f 4807 4785 4805
f 4800 4805 4778
f 4807 4805 4800
f 4781 4806 4801
f 4806 4785 4807
f 4801 4807 4783
f 4806 4807 4801
f 4777 4798 4810
f 4798 4782 4812
f 4810 4812 4786
f 4798 4812 4810
f 4782 4797 4808
f 4797 4695 4758
f 4808 4758 4715
f 4797 4758 4808
f 4786 4814 4811
f 4814 4715 4759
f 4811 4759 4702
f 4814 4759 4811
f 4782 4808 4812
f 4808 4715 4814
f 4812 4814 4786
f 4808 4814 4812
f 4778 4815 4803
f 4815 4787 4817
f 4803 4817 4784
f 4815 4817 4803
f 4787 4816 4819
f 4816 4702 4762
f 4819 4762 4716
f 4816 4762 4819
f 4784 4809 4802
f 4809 4716 4761
f 4802 4761 4697
f 4809 4761 4802
f 4787 4819 4817
f 4819 4716 4809
f 4817 4809 4784
f 4819 4809 4817
f 4777 4810 4804
f 4810 4786 4813
f 4804 4813 4785
f 4810 4813 4804
f 4786 4811 4820
f 4811 4702 4816
f 4820 4816 4787
f 4811 4816 4820
f 4785 4818 4805
f 4818 4787 4815
f 4805 4815 4778
f 4818 4815 4805
f 4786 4820 4813
f 4820 4787 4818
f 4813 4818 4785
f 4820 4818 4813
f 4775 4799 4799
f 4799 4783 4783
f 4799 4783 4783
f 4799 4783 4799
f 4783 4800 4800
f 4800 4778 4778
f 4800 4778 4778
f 4800 4778 4800
f 4783 4800 4800
f 4800 4778 4778
f 4800 4778 4778
f 4800 4778 4800
f 4783 4800 4783
f 4800 4778 4800
f 4783 4800 4783
f 4800 4800 4783
f 4778 4803 4803
f 4803 4784 4784
f 4803 4784 4784
f 4803 4784 4803
f 4784 4802 4802
f 4802 4697 4697
f 4802 4697 4697
f 4802 4697 4802
f 4784 4802 4802
f 4802 4697 4697
f 4802 4697 4697
f 4802 4697 4802
f 4784 4802 4784
f 4802 4697 4802
f 4784 4802 4784
f 4802 4802 4784
f 4778 4803 4803
f 4803 4784 4784
f 4803 4784 4784
f 4803 4784 4803
f 4784 4802 4802
f 4802 4697 4697
f 4802 4697 4697
f 4802 4697 4802
f 4784 4802 4802
f 4802 4697 4697
f 4802 4697 4697
f 4802 4697 4802
f 4784 4802 4784
f 4802 4697 4802
f 4784 4802 4784
f 4802 4802 4784
f 4778 4803 4778
f 4803 4784 4803
f 4778 4803 4778
f 4803 4803 4778
f 4784 4802 4784
f 4802 4697 4802
f 4784 4802 4784
f 4802 4802 4784
f 4778 4803 4778
f 4803 4784 4803
f 4778 4803 4778
f 4803 4803 4778
f 4784 4784 4803
f 4784 4784 4803
f 4803 4803 4778
f 4784 4803 4803
f 4695 4797 4830
f 4797 4782 4832
f 4830 4832 4791
f 4797 4832 4830
f 4782 4798 4838
f 4798 4777 4836
f 4838 4836 4793
f 4798 4836 4838
f 4791 4840 4831
f 4840 4793 4837
f 4831 4837 4780
f 4840 4837 4831
f 4782 4838 4832
f 4838 4793 4840
f 4832 4840 4791
f 4838 4840 4832
f 4777 4796 4826
f 4796 4781 4828
f 4826 4828 4790
f 4796 4828 4826
f 4781 4795 4823
f 4795 4775 4821
f 4823 4821 4788
f 4795 4821 4823
f 4790 4829 4827
f 4829 4788 4822
f 4827 4822 4779
f 4829 4822 4827
f 4781 4823 4828
f 4823 4788 4829
f 4828 4829 4790
f 4823 4829 4828
f 4780 4842 4834
f 4842 4794 4845
f 4834 4845 4792
f 4842 4845 4834
f 4794 4841 4843
f 4841 4779 4825
f 4843 4825 4789
f 4841 4825 4843
f 4792 4835 4833
f 4835 4789 4824
f 4833 4824 4776
f 4835 4824 4833
f 4794 4843 4845
f 4843 4789 4835
f 4845 4835 4792
f 4843 4835 4845
f 4777 4826 4836
f 4826 4790 4839
f 4836 4839 4793
f 4826 4839 4836
f 4790 4827 4844
f 4827 4779 4841
f 4844 4841 4794
f 4827 4841 4844
f 4793 4846 4837
f 4846 4794 4842
f 4837 4842 4780
f 4846 4842 4837
f 4790 4844 4839
f 4844 4794 4846
f 4839 4846 4793
f 4844 4846 4839
f 4695 4830 4830
f 4830 4791 4791
f 4830 4791 4791
f 4830 4791 4830
f 4791 4831 4831
f 4831 4780 4780
f 4831 4780 4780
f 4831 4780 4831
f 4791 4831 4831
f 4831 4780 4780
f 4831 4780 4780
f 4831 4780 4831
f 4791 4831 4791
f 4831 4780 4831
f 4791 4831 4791
f 4831 4831 4791
f 4780 4834 4834
f 4834 4792 4792
f 4834 4792 4792
f 4834 4792 4834
f 4792 4833 4833
f 4833 4776 4776
f 4833 4776 4776
f 4833 4776 4833
f 4792 4833 4833
f 4833 4776 4776
f 4833 4776 4776
f 4833 4776 4833
f 4792 4833 4792
f 4833 4776 4833
f 4792 4833 4792
f 4833 4833 4792
f 4780 4834 4834
f 4834 4792 4792
f 4834 4792 4792
f 4834 4792 4834
f 4792 4833 4833
f 4833 4776 4776
f 4833 4776 4776
f 4833 4776 4833
f 4792 4833 4833
f 4833 4776 4776
f 4833 4776 4776
f 4833 4776 4833
f 4792 4833 4792
f 4833 4776 4833
f 4792 4833 4792
f 4833 4833 4792
f 4780 4834 4780
f 4834 4792 4834
f 4780 4834 4780
f 4834 4834 4780
f 4792 4833 4792
f 4833 4776 4833
f 4792 4833 4792
f 4833 4833 4792
f 4780 4834 4780
f 4834 4792 4834
f 4780 4834 4780
f 4834 4834 4780
f 4792 4792 4834
f 4792 4792 4834
f 4834 4834 4780
f 4792 4834 4834
f 4847 4872 4876
f 4872 4856 4878
f 4876 4878 4858
f 4872 4878 4876
f 4856 4873 4883
f 4873 4851 4881
f 4883 4881 4860
f 4873 4881 4883
f 4858 4884 4877
f 4884 4860 4882
f 4877 4882 4852
f 4884 4882 4877
f 4856 4883 4878
f 4883 4860 4884
f 4878 4884 4858
f 4883 4884 4878
f 4851 4875 4891
f 4875 4857 4893
f 4891 4893 4863
f 4875 4893 4891
f 4857 4874 4887
f 4874 4848 4885
f 4887 4885 4861
f 4874 4885 4887
f 4863 4895 4892
f 4895 4861 4886
f 4892 4886 4853
f 4895 4886 4892
f 4857 4887 4893
f 4887 4861 4895
f 4893 4895 4863
f 4887 4895 4893
f 4852 4896 4880
f 4896 4864 4898
f 4880 4898 4859
f 4896 4898 4880
f 4864 4897 4900
f 4897 4853 4889
f 4900 4889 4862
f 4897 4889 4900
f 4859 4890 4879
f 4890 4862 4888
f 4879 4888 4849
f 4890 4888 4879
f 4864 4900 4898
f 4900 4862 4890
f 4898 4890 4859
f 4900 4890 4898
f 4851 4891 4881
f 4891 4863 4894
f 4881 4894 4860
f 4891 4894 4881
f 4863 4892 4901
f 4892 4853 4897
f 4901 4897 4864
f 4892 4897 4901
f 4860 4899 4882
f 4899 4864 4896
f 4882 4896 4852
f 4899 4896 4882
f 4863 4901 4894
f 4901 4864 4899
f 4894 4899 4860
f 4901 4899 4894
f 4847 4876 4876
f 4876 4858 4858
f 4876 4858 4858
f 4876 4858 4876
f 4858 4877 4877
f 4877 4852 4852
f 4877 4852 4852
f 4877 4852 4877
f 4858 4877 4877
f 4877 4852 4852
f 4877 4852 4852
f 4877 4852 4877
f 4858 4877 4858
f 4877 4852 4877
f 4858 4877 4858
f 4877 4877 4858
f 4852 4880 4880
f 4880 4859 4859
f 4880 4859 4859
f 4880 4859 4880
f 4859 4879 4879
f 4879 4849 4849
f 4879 4849 4849
f 4879 4849 4879
f 4859 4879 4879
f 4879 4849 4849
f 4879 4849 4849
f 4879 4849 4879
f 4859 4879 4859
f 4879 4849 4879
f 4859 4879 4859
f 4879 4879 4859
f 4852 4880 4880
f 4880 4859 4859
f 4880 4859 4859
f 4880 4859 4880
f 4859 4879 4879
f 4879 4849 4849
f 4879 4849 4849
f 4879 4849 4879
f 4859 4879 4879
f 4879 4849 4849
f 4879 4849 4849
f 4879 4849 4879
f 4859 4879 4859
f 4879 4849 4879
f 4859 4879 4859
f 4879 4879 4859
f 4852 4880 4852
f 4880 4859 4880
f 4852 4880 4852
f 4880 4880 4852
f 4859 4879 4859
f 4879 4849 4879
f 4859 4879 4859
f 4879 4879 4859
f 4852 4880 4852
f 4880 4859 4880
f 4852 4880 4852
f 4880 4880 4852
f 4859 4859 4880
f 4859 4859 4880
f 4880 4880 4852
f 4859 4880 4880
f 4848 4874 4911
f 4874 4857 4913
f 4911 4913 4868
f 4874 4913 4911
f 4857 4875 4919
f 4875 4851 4917
f 4919 4917 4870
f 4875 4917 4919
f 4868 4921 4912
f 4921 4870 4918
f 4912 4918 4855
f 4921 4918 4912
f 4857 4919 4913
f 4919 4870 4921
f 4913 4921 4868
f 4919 4921 4913
f 4851 4873 4907
f 4873 4856 4909
f 4907 4909 4867
f 4873 4909 4907
f 4856 4872 4904
f 4872 4847 4902
f 4904 4902 4865
f 4872 4902 4904
f 4867 4910 4908
f 4910 4865 4903
f 4908 4903 4854
f 4910 4903 4908
f 4856 4904 4909
f 4904 4865 4910
f 4909 4910 4867
f 4904 4910 4909
f 4855 4923 4915
f 4923 4871 4926
f 4915 4926 4869
f 4923 4926 4915
f 4871 4922 4924
f 4922 4854 4906
f 4924 4906 4866
f 4922 4906 4924
f 4869 4916 4914
f 4916 4866 4905
f 4914 4905 4850
f 4916 4905 4914
f 4871 4924 4926
f 4924 4866 4916
f 4926 4916 4869
f 4924 4916 4926
f 4851 4907 4917
f 4907 4867 4920
f 4917 4920 4870
f 4907 4920 4917
f 4867 4908 4925
f 4908 4854 4922
f 4925 4922 4871
f 4908 4922 4925
f 4870 4927 4918
f 4927 4871 4923
f 4918 4923 4855
f 4927 4923 4918
f 4867 4925 4920
f 4925 4871 4927
f 4920 4927 4870
f 4925 4927 4920
f 4848 4911 4911
f 4911 4868 4868
f 4911 4868 4868
f 4911 4868 4911
f 4868 4912 4912
f 4912 4855 4855
f 4912 4855 4855
f 4912 4855 4912
f 4868 4912 4912
f 4912 4855 4855
f 4912 4855 4855
f 4912 4855 4912
f 4868 4912 4868
f 4912 4855 4912
f 4868 4912 4868
f 4912 4912 4868
f 4855 4915 4915
f 4915 4869 4869
f 4915 4869 4869
f 4915 4869 4915
f 4869 4914 4914
f 4914 4850 4850
f 4914 4850 4850
f 4914 4850 4914
f 4869 4914 4914
f 4914 4850 4850
f 4914 4850 4850
f 4914 4850 4914
f 4869 4914 4869
f 4914 4850 4914
f 4869 4914 4869
f 4914 4914 4869
f 4855 4915 4915
f 4915 4869 4869
f 4915 4869 4869
f 4915 4869 4915
f 4869 4914 4914
f 4914 4850 4850
f 4914 4850 4850
f 4914 4850 4914
f 4869 4914 4914
f 4914 4850 4850
f 4914 4850 4850
f 4914 4850 4914
f 4869 4914 4869
f 4914 4850 4914
f 4869 4914 4869
f 4914 4914 4869
f 4855 4915 4855
f 4915 4869 4915
f 4855 4915 4855
f 4915 4915 4855
f 4869 4914 4869
f 4914 4850 4914
f 4869 4914 4869
f 4914 4914 4869
f 4855 4915 4855
f 4915 4869 4915
f 4855 4915 4855
f 4915 4915 4855
f 4869 4869 4915
f 4869 4869 4915
f 4915 4915 4855
f 4869 4915 4915
f 4928 4948 4952
f 4948 4934 4954
f 4952 4954 4936
f 4948 4954 4952
f 4934 4949 4959
f 4949 4930 4957
f 4959 4957 4938
f 4949 4957 4959
f 4936 4960 4953
f 4960 4938 4958
f 4953 4958 4931
f 4960 4958 4953
f 4934 4959 4954
f 4959 4938 4960
f 4954 4960 4936
f 4959 4960 4954
f 4930 4951 4963
f 4951 4935 4965
f 4963 4965 4939
f 4951 4965 4963
f 4935 4950 4961
f 4950 4847 4876
f 4961 4876 4858
f 4950 4876 4961
f 4939 4967 4964
f 4967 4858 4877
f 4964 4877 4852
f 4967 4877 4964
f 4935 4961 4965
f 4961 4858 4967
f 4965 4967 4939
f 4961 4967 4965
f 4931 4968 4956
f 4968 4940 4970
f 4956 4970 4937
f 4968 4970 4956
f 4940 4969 4972
f 4969 4852 4880
f 4972 4880 4859
f 4969 4880 4972
f 4937 4962 4955
f 4962 4859 4879
f 4955 4879 4849
f 4962 4879 4955
f 4940 4972 4970
f 4972 4859 4962
f 4970 4962 4937
f 4972 4962 4970
f 4930 4963 4957
f 4963 4939 4966
f 4957 4966 4938
f 4963 4966 4957
f 4939 4964 4973
f 4964 4852 4969
f 4973 4969 4940
f 4964 4969 4973
f 4938 4971 4958
f 4971 4940 4968
f 4958 4968 4931
f 4971 4968 4958
f 4939 4973 4966
f 4973 4940 4971
f 4966 4971 4938
f 4973 4971 4966
f 4928 4952 4952
f 4952 4936 4936
f 4952 4936 4936
f 4952 4936 4952
f 4936 4953 4953
f 4953 4931 4931
f 4953 4931 4931
f 4953 4931 4953
f 4936 4953 4953
f 4953 4931 4931
f 4953 4931 4931
f 4953 4931 4953
f 4936 4953 4936
f 4953 4931 4953
f 4936 4953 4936
f 4953 4953 4936
f 4931 4956 4956
f 4956 4937 4937
f 4956 4937 4937
f 4956 4937 4956
f 4937 4955 4955
f 4955 4849 4849
f 4955 4849 4849
f 4955 4849 4955
f 4937 4955 4955
f 4955 4849 4849
f 4955 4849 4849
f 4955 4849 4955
f 4937 4955 4937
f 4955 4849 4955
f 4937 4955 4937
f 4955 4955 4937
f 4931 4956 4956
f 4956 4937 4937
f 4956 4937 4937
f 4956 4937 4956
f 4937 4955 4955
f 4955 4849 4849
f 4955 4849 4849
f 4955 4849 4955
f 4937 4955 4955
f 4955 4849 4849
f 4955 4849 4849
f 4955 4849 4955
f 4937 4955 4937
f 4955 4849 4955
f 4937 4955 4937
f 4955 4955 4937
f 4931 4956 4931
f 4956 4937 4956
f 4931 4956 4931
f 4956 4956 4931
f 4937 4955 4937
f 4955 4849 4955
f 4937 4955 4937
f 4955 4955 4937
f 4931 4956 4931
f 4956 4937 4956
f 4931 4956 4931
f 4956 4956 4931
f 4937 4937 4956
f 4937 4937 4956
f 4956 4956 4931
f 4937 4956 4956
f 4847 4950 4983
f 4950 4935 4985
f 4983 4985 4944
f 4950 4985 4983
f 4935 4951 4991
f 4951 4930 4989
f 4991 4989 4946
f 4951 4989 4991
f 4944 4993 4984
f 4993 4946 4990
f 4984 4990 4933
f 4993 4990 4984
f 4935 4991 4985
f 4991 4946 4993
f 4985 4993 4944
f 4991 4993 4985
f 4930 4949 4979
f 4949 4934 4981
f 4979 4981 4943
f 4949 4981 4979
f 4934 4948 4976
f 4948 4928 4974
f 4976 4974 4941
f 4948 4974 4976
f 4943 4982 4980
f 4982 4941 4975
f 4980 4975 4932
f 4982 4975 4980
f 4934 4976 4981
f 4976 4941 4982
f 4981 4982 4943
f 4976 4982 4981
f 4933 4995 4987
f 4995 4947 4998
f 4987 4998 4945
f 4995 4998 4987
f 4947 4994 4996
f 4994 4932 4978
f 4996 4978 4942
f 4994 4978 4996
f 4945 4988 4986
f 4988 4942 4977
f 4986 4977 4929
f 4988 4977 4986
f 4947 4996 4998
f 4996 4942 4988
f 4998 4988 4945
f 4996 4988 4998
f 4930 4979 4989
f 4979 4943 4992
f 4989 4992 4946
f 4979 4992 4989
f 4943 4980 4997
f 4980 4932 4994
f 4997 4994 4947
f 4980 4994 4997
f 4946 4999 4990
f 4999 4947 4995
f 4990 4995 4933
f 4999 4995 4990
f 4943 4997 4992
f 4997 4947 4999
f 4992 4999 4946
f 4997 4999 4992
f 4847 4983 4983
f 4983 4944 4944
f 4983 4944 4944
f 4983 4944 4983
f 4944 4984 4984
f 4984 4933 4933
f 4984 4933 4933
f 4984 4933 4984
f 4944 4984 4984
f 4984 4933 4933
f 4984 4933 4933
f 4984 4933 4984
f 4944 4984 4944
f 4984 4933 4984
f 4944 4984 4944
f 4984 4984 4944
f 4933 4987 4987
f 4987 4945 4945
f 4987 4945 4945
f 4987 4945 4987
f 4945 4986 4986
f 4986 4929 4929
f 4986 4929 4929
f 4986 4929 4986
f 4945 4986 4986
f 4986 4929 4929
f 4986 4929 4929
f 4986 4929 4986
f 4945 4986 4945
f 4986 4929 4986
f 4945 4986 4945
f 4986 4986 4945
f 4933 4987 4987
f 4987 4945 4945
f 4987 4945 4945
f 4987 4945 4987
f 4945 4986 4986
f 4986 4929 4929
f 4986 4929 4929
f 4986 4929 4986
f 4945 4986 4986
f 4986 4929 4929
f 4986 4929 4929
f 4986 4929 4986
f 4945 4986 4945
f 4986 4929 4986
f 4945 4986 4945
f 4986 4986 4945
f 4933 4987 4933
f 4987 4945 4987
f 4933 4987 4933
f 4987 4987 4933
f 4945 4986 4945
f 4986 4929 4986
f 4945 4986 4945
f 4986 4986 4945
f 4933 4987 4933
f 4987 4945 4987
f 4933 4987 4933
f 4987 4987 4933
f 4945 4945 4987
f 4945 4945 4987
f 4987 4987 4933
f 4945 4987 4987
f 5000 5025 5029
f 5025 5009 5031
f 5029 5031 5011
f 5025 5031 5029
f 5009 5026 5036
f 5026 5004 5034
f 5036 5034 5013
f 5026 5034 5036
f 5011 5037 5030
f 5037 5013 5035
f 5030 5035 5005
f 5037 5035 5030
f 5009 5036 5031
f 5036 5013 5037
f 5031 5037 5011
f 5036 5037 5031
f 5004 5028 5044
f 5028 5010 5046
f 5044 5046 5016
f 5028 5046 5044
f 5010 5027 5040
f 5027 5001 5038
f 5040 5038 5014
f 5027 5038 5040
f 5016 5048 5045
f 5048 5014 5039
f 5045 5039 5006
f 5048 5039 5045
f 5010 5040 5046
f 5040 5014 5048
f 5046 5048 5016
f 5040 5048 5046
f 5005 5049 5033
f 5049 5017 5051
f 5033 5051 5012
f 5049 5051 5033
f 5017 5050 5053
f 5050 5006 5042
f 5053 5042 5015
f 5050 5042 5053
f 5012 5043 5032
f 5043 5015 5041
f 5032 5041 5002
f 5043 5041 5032
f 5017 5053 5051
f 5053 5015 5043
f 5051 5043 5012
f 5053 5043 5051
f 5004 5044 5034
f 5044 5016 5047
f 5034 5047 5013
f 5044 5047 5034
f 5016 5045 5054
f 5045 5006 5050
f 5054 5050 5017
f 5045 5050 5054
f 5013 5052 5035
f 5052 5017 5049
f 5035 5049 5005
f 5052 5049 5035
f 5016 5054 5047
f 5054 5017 5052
f 5047 5052 5013
f 5054 5052 5047
f 5000 5029 5029
f 5029 5011 5011
f 5029 5011 5011
f 5029 5011 5029
f 5011 5030 5030
f 5030 5005 5005
f 5030 5005 5005
f 5030 5005 5030
f 5011 5030 5030
f 5030 5005 5005
f 5030 5005 5005
f 5030 5005 5030
f 5011 5030 5011
f 5030 5005 5030
f 5011 5030 5011
f 5030 5030 5011
f 5005 5033 5033
f 5033 5012 5012
f 5033 5012 5012
f 5033 5012 5033
f 5012 5032 5032
f 5032 5002 5002
f 5032 5002 5002
f 5032 5002 5032
f 5012 5032 5032
f 5032 5002 5002
f 5032 5002 5002
f 5032 5002 5032
f 5012 5032 5012
f 5032 5002 5032
f 5012 5032 5012
f 5032 5032 5012
f 5005 5033 5033
f 5033 5012 5012
f 5033 5012 5012
f 5033 5012 5033
f 5012 5032 5032
f 5032 5002 5002
f 5032 5002 5002
f 5032 5002 5032
f 5012 5032 5032
f 5032 5002 5002
f 5032 5002 5002
f 5032 5002 5032
f 5012 5032 5012
f 5032 5002 5032
f 5012 5032 5012
f 5032 5032 5012
f 5005 5033 5005
f 5033 5012 5033
f 5005 5033 5005
f 5033 5033 5005
f 5012 5032 5012
f 5032 5002 5032
f 5012 5032 5012
f 5032 5032 5012
f 5005 5033 5005
f 5033 5012 5033
f 5005 5033 5005
f 5033 5033 5005
f 5012 5012 5033
f 5012 5012 5033
f 5033 5033 5005
f 5012 5033 5033
f 5001 5027 5064
f 5027 5010 5066
f 5064 5066 5021
f 5027 5066 5064
f 5010 5028 5072
f 5028 5004 5070
f 5072 5070 5023
f 5028 5070 5072
f 5021 5074 5065
f 5074 5023 5071
f 5065 5071 5008
f 5074 5071 5065
f 5010 5072 5066
f 5072 5023 5074
f 5066 5074 5021
f 5072 5074 5066
f 5004 5026 5060
f 5026 5009 5062
f 5060 5062 5020
f 5026 5062 5060
f 5009 5025 5057
f 5025 5000 5055
f 5057 5055 5018
f 5025 5055 5057
f 5020 5063 5061
f 5063 5018 5056
f 5061 5056 5007
f 5063 5056 5061
f 5009 5057 5062
f 5057 5018 5063
f 5062 5063 5020
f 5057 5063 5062
f 5008 5076 5068
f 5076 5024 5079
f 5068 5079 5022
f 5076 5079 5068
f 5024 5075 5077
f 5075 5007 5059
f 5077 5059 5019
f 5075 5059 5077
f 5022 5069 5067
f 5069 5019 5058
f 5067 5058 5003
f 5069 5058 5067
f 5024 5077 5079
f 5077 5019 5069
f 5079 5069 5022
f 5077 5069 5079
f 5004 5060 5070
f 5060 5020 5073
f 5070 5073 5023
f 5060 5073 5070
f 5020 5061 5078
f 5061 5007 5075
f 5078 5075 5024
f 5061 5075 5078
f 5023 5080 5071
f 5080 5024 5076
f 5071 5076 5008
f 5080 5076 5071
f 5020 5078 5073
f 5078 5024 5080
f 5073 5080 5023
f 5078 5080 5073
f 5001 5064 5064
f 5064 5021 5021
f 5064 5021 5021
f 5064 5021 5064
f 5021 5065 5065
f 5065 5008 5008
f 5065 5008 5008
f 5065 5008 5065
f 5021 5065 5065
f 5065 5008 5008
f 5065 5008 5008
f 5065 5008 5065
f 5021 5065 5021
f 5065 5008 5065
f 5021 5065 5021
f 5065 5065 5021
f 5008 5068 5068
f 5068 5022 5022
f 5068 5022 5022
f 5068 5022 5068
f 5022 5067 5067
f 5067 5003 5003
f 5067 5003 5003
f 5067 5003 5067
f 5022 5067 5067
f 5067 5003 5003
f 5067 5003 5003
f 5067 5003 5067
f 5022 5067 5022
f 5067 5003 5067
f 5022 5067 5022
f 5067 5067 5022
f 5008 5068 5068
f 5068 5022 5022
f 5068 5022 5022
f 5068 5022 5068
f 5022 5067 5067
f 5067 5003 5003
f 5067 5003 5003
f 5067 5003 5067
f 5022 5067 5067
f 5067 5003 5003
f 5067 5003 5003
f 5067 5003 5067
f 5022 5067 5022
f 5067 5003 5067
f 5022 5067 5022
f 5067 5067 5022
f 5008 5068 5008
f 5068 5022 5068
f 5008 5068 5008
f 5068 5068 5008
f 5022 5067 5022
f 5067 5003 5067
f 5022 5067 5022
f 5067 5067 5022
f 5008 5068 5008
f 5068 5022 5068
f 5008 5068 5008
f 5068 5068 5008
f 5022 5022 5068
f 5022 5022 5068
f 5068 5068 5008
f 5022 5068 5068
f 5081 5101 5105
f 5101 5087 5107
f 5105 5107 5089
f 5101 5107 5105
f 5087 5102 5112
f 5102 5083 5110
f 5112 5110 5091
f 5102 5110 5112
f 5089 5113 5106
f 5113 5091 5111
f 5106 5111 5084
f 5113 5111 5106
f 5087 5112 5107
f 5112 5091 5113
f 5107 5113 5089
f 5112 5113 5107
f 5083 5104 5116
f 5104 5088 5118
f 5116 5118 5092
f 5104 5118 5116
f 5088 5103 5114
f 5103 5000 5029
f 5114 5029 5011
f 5103 5029 5114
f 5092 5120 5117
f 5120 5011 5030
f 5117 5030 5005
f 5120 5030 5117
f 5088 5114 5118
f 5114 5011 5120
f 5118 5120 5092
f 5114 5120 5118
f 5084 5121 5109
f 5121 5093 5123
f 5109 5123 5090
f 5121 5123 5109
f 5093 5122 5125
f 5122 5005 5033
f 5125 5033 5012
f 5122 5033 5125
f 5090 5115 5108
f 5115 5012 5032
f 5108 5032 5002
f 5115 5032 5108
f 5093 5125 5123
f 5125 5012 5115
f 5123 5115 5090
f 5125 5115 5123
f 5083 5116 5110
f 5116 5092 5119
f 5110 5119 5091
f 5116 5119 5110
f 5092 5117 5126
f 5117 5005 5122
f 5126 5122 5093
f 5117 5122 5126
f 5091 5124 5111
f 5124 5093 5121
f 5111 5121 5084
f 5124 5121 5111
f 5092 5126 5119
f 5126 5093 5124
f 5119 5124 5091
f 5126 5124 5119
f 5081 5105 5105
f 5105 5089 5089
f 5105 5089 5089
f 5105 5089 5105
f 5089 5106 5106
f 5106 5084 5084
f 5106 5084 5084
f 5106 5084 5106
f 5089 5106 5106
f 5106 5084 5084
f 5106 5084 5084
f 5106 5084 5106
f 5089 5106 5089
f 5106 5084 5106
f 5089 5106 5089
f 5106 5106 5089
f 5084 5109 5109
f 5109 5090 5090
f 5109 5090 5090
f 5109 5090 5109
f 5090 5108 5108
f 5108 5002 5002
f 5108 5002 5002
f 5108 5002 5108
f 5090 5108 5108
f 5108 5002 5002
f 5108 5002 5002
f 5108 5002 5108
f 5090 5108 5090
f 5108 5002 5108
f 5090 5108 5090
f 5108 5108 5090
f 5084 5109 5109
f 5109 5090 5090
f 5109 5090 5090
f 5109 5090 5109
f 5090 5108 5108
f 5108 5002 5002
f 5108 5002 5002
f 5108 5002 5108
f 5090 5108 5108
f 5108 5002 5002
f 5108 5002 5002
f 5108 5002 5108
f 5090 5108 5090
f 5108 5002 5108
f 5090 5108 5090
f 5108 5108 5090
f 5084 5109 5084
f 5109 5090 5109
f 5084 5109 5084
f 5109 5109 5084
f 5090 5108 5090
f 5108 5002 5108
f 5090 5108 5090
f 5108 5108 5090
f 5084 5109 5084
f 5109 5090 5109
f 5084 5109 5084
f 5109 5109 5084
f 5090 5090 5109
f 5090 5090 5109
f 5109 5109 5084
f 5090 5109 5109
f 5000 5103 5136
f 5103 5088 5138
f 5136 5138 5097
f 5103 5138 5136
f 5088 5104 5144
f 5104 5083 5142
f 5144 5142 5099
f 5104 5142 5144
f 5097 5146 5137
f 5146 5099 5143
f 5137 5143 5086
f 5146 5143 5137
f 5088 5144 5138
f 5144 5099 5146
f 5138 5146 5097
f 5144 5146 5138
f 5083 5102 5132
f 5102 5087 5134
f 5132 5134 5096
f 5102 5134 5132
f 5087 5101 5129
f 5101 5081 5127
f 5129 5127 5094
f 5101 5127 5129
f 5096 5135 5133
f 5135 5094 5128
f 5133 5128 5085
f 5135 5128 5133
f 5087 5129 5134
f 5129 5094 5135
f 5134 5135 5096
f 5129 5135 5134
f 5086 5148 5140
f 5148 5100 5151
f 5140 5151 5098
f 5148 5151 5140
f 5100 5147 5149
f 5147 5085 5131
f 5149 5131 5095
f 5147 5131 5149
f 5098 5141 5139
f 5141 5095 5130
f 5139 5130 5082
f 5141 5130 5139
f 5100 5149 5151
f 5149 5095 5141
f 5151 5141 5098
f 5149 5141 5151
f 5083 5132 5142
f 5132 5096 5145
f 5142 5145 5099
f 5132 5145 5142
f 5096 5133 5150
f 5133 5085 5147
f 5150 5147 5100
f 5133 5147 5150
f 5099 5152 5143
f 5152 5100 5148
f 5143 5148 5086
f 5152 5148 5143
f 5096 5150 5145
f 5150 5100 5152
f 5145 5152 5099
f 5150 5152 5145
f 5000 5136 5136
f 5136 5097 5097
f 5136 5097 5097
f 5136 5097 5136
f 5097 5137 5137
f 5137 5086 5086
f 5137 5086 5086
f 5137 5086 5137
f 5097 5137 5137
f 5137 5086 5086
f 5137 5086 5086
f 5137 5086 5137
f 5097 5137 5097
f 5137 5086 5137
f 5097 5137 5097
f 5137 5137 5097
f 5086 5140 5140
f 5140 5098 5098
f 5140 5098 5098
f 5140 5098 5140
f 5098 5139 5139
f 5139 5082 5082
f 5139 5082 5082
f 5139 5082 5139
f 5098 5139 5139
f 5139 5082 5082
f 5139 5082 5082
f 5139 5082 5139
f 5098 5139 5098
f 5139 5082 5139
f 5098 5139 5098
f 5139 5139 5098
f 5086 5140 5140
f 5140 5098 5098
f 5140 5098 5098
f 5140 5098 5140
f 5098 5139 5139
f 5139 5082 5082
f 5139 5082 5082
f 5139 5082 5139
f 5098 5139 5139
f 5139 5082 5082
f 5139 5082 5082
f 5139 5082 5139
f 5098 5139 5098
f 5139 5082 5139
f 5098 5139 5098
f 5139 5139 5098
f 5086 5140 5086
f 5140 5098 5140
f 5086 5140 5086
f 5140 5140 5086
f 5098 5139 5098
f 5139 5082 5139
f 5098 5139 5098
f 5139 5139 5098
f 5086 5140 5086
f 5140 5098 5140
f 5086 5140 5086
f 5140 5140 5086
f 5098 5098 5140
f 5098 5098 5140
f 5140 5140 5086
f 5098 5140 5140
f 5153 5178 5182
f 5178 5162 5184
f 5182 5184 5164
f 5178 5184 5182
f 5162 5179 5189
f 5179 5157 5187
f 5189 5187 5166
f 5179 5187 5189
f 5164 5190 5183
f 5190 5166 5188
f 5183 5188 5158
f 5190 5188 5183
f 5162 5189 5184
f 5189 5166 5190
f 5184 5190 5164
f 5189 5190 5184
f 5157 5181 5197
f 5181 5163 5199
f 5197 5199 5169
f 5181 5199 5197
f 5163 5180 5193
f 5180 5154 5191
f 5193 5191 5167
f 5180 5191 5193
f 5169 5201 5198
f 5201 5167 5192
f 5198 5192 5159
f 5201 5192 5198
f 5163 5193 5199
f 5193 5167 5201
f 5199 5201 5169
f 5193 5201 5199
f 5158 5202 5186
f 5202 5170 5204
f 5186 5204 5165
f 5202 5204 5186
f 5170 5203 5206
f 5203 5159 5195
f 5206 5195 5168
f 5203 5195 5206
f 5165 5196 5185
f 5196 5168 5194
f 5185 5194 5155
f 5196 5194 5185
f 5170 5206 5204
f 5206 5168 5196
f 5204 5196 5165
f 5206 5196 5204
f 5157 5197 5187
f 5197 5169 5200
f 5187 5200 5166
f 5197 5200 5187
f 5169 5198 5207
f 5198 5159 5203
f 5207 5203 5170
f 5198 5203 5207
f 5166 5205 5188
f 5205 5170 5202
f 5188 5202 5158
f 5205 5202 5188
f 5169 5207 5200
f 5207 5170 5205
f 5200 5205 5166
f 5207 5205 5200
f 5153 5182 5182
f 5182 5164 5164
f 5182 5164 5164
f 5182 5164 5182
f 5164 5183 5183
f 5183 5158 5158
f 5183 5158 5158
f 5183 5158 5183
f 5164 5183 5183
f 5183 5158 5158
f 5183 5158 5158
f 5183 5158 5183
f 5164 5183 5164
f 5183 5158 5183
f 5164 5183 5164
f 5183 5183 5164
f 5158 5186 5186
f 5186 5165 5165
f 5186 5165 5165
f 5186 5165 5186
f 5165 5185 5185
f 5185 5155 5155
f 5185 5155 5155
f 5185 5155 5185
f 5165 5185 5185
f 5185 5155 5155
f 5185 5155 5155
f 5185 5155 5185
f 5165 5185 5165
f 5185 5155 5185
f 5165 5185 5165
f 5185 5185 5165
f 5158 5186 5186
f 5186 5165 5165
f 5186 5165 5165
f 5186 5165 5186
f 5165 5185 5185
f 5185 5155 5155
f 5185 5155 5155
f 5185 5155 5185
f 5165 5185 5185
f 5185 5155 5155
f 5185 5155 5155
f 5185 5155 5185
f 5165 5185 5165
f 5185 5155 5185
f 5165 5185 5165
f 5185 5185 5165
f 5158 5186 5158
f 5186 5165 5186
f 5158 5186 5158
f 5186 5186 5158
f 5165 5185 5165
f 5185 5155 5185
f 5165 5185 5165
f 5185 5185 5165
f 5158 5186 5158
f 5186 5165 5186
f 5158 5186 5158
f 5186 5186 5158
f 5165 5165 5186
f 5165 5165 5186
f 5186 5186 5158
f 5165 5186 5186
f 5154 5180 5217
f 5180 5163 5219
f 5217 5219 5174
f 5180 5219 5217
f 5163 5181 5225
f 5181 5157 5223
f 5225 5223 5176
f 5181 5223 5225
f 5174 5227 5218
f 5227 5176 5224
f 5218 5224 5161
f 5227 5224 5218
f 5163 5225 5219
f 5225 5176 5227
f 5219 5227 5174
f 5225 5227 5219
f 5157 5179 5213
f 5179 5162 5215
f 5213 5215 5173
f 5179 5215 5213
f 5162 5178 5210
f 5178 5153 5208
f 5210 5208 5171
f 5178 5208 5210
f 5173 5216 5214
f 5216 5171 5209
f 5214 5209 5160
f 5216 5209 5214
f 5162 5210 5215
f 5210 5171 5216
f 5215 5216 5173
f 5210 5216 5215
f 5161 5229 5221
f 5229 5177 5232
f 5221 5232 5175
f 5229 5232 5221
f 5177 5228 5230
f 5228 5160 5212
f 5230 5212 5172
f 5228 5212 5230
f 5175 5222 5220
f 5222 5172 5211
f 5220 5211 5156
f 5222 5211 5220
f 5177 5230 5232
f 5230 5172 5222
f 5232 5222 5175
f 5230 5222 5232
f 5157 5213 5223
f 5213 5173 5226
f 5223 5226 5176
f 5213 5226 5223
f 5173 5214 5231
f 5214 5160 5228
f 5231 5228 5177
f 5214 5228 5231
f 5176 5233 5224
f 5233 5177 5229
f 5224 5229 5161
f 5233 5229 5224
f 5173 5231 5226
f 5231 5177 5233
f 5226 5233 5176
f 5231 5233 5226
f 5154 5217 5217
f 5217 5174 5174
f 5217 5174 5174
f 5217 5174 5217
f 5174 5218 5218
f 5218 5161 5161
f 5218 5161 5161
f 5218 5161 5218
f 5174 5218 5218
f 5218 5161 5161
f 5218 5161 5161
f 5218 5161 5218
f 5174 5218 5174
f 5218 5161 5218
f 5174 5218 5174
f 5218 5218 5174
f 5161 5221 5221
f 5221 5175 5175
f 5221 5175 5175
f 5221 5175 5221
f 5175 5220 5220
f 5220 5156 5156
f 5220 5156 5156
f 5220 5156 5220
f 5175 5220 5220
f 5220 5156 5156
f 5220 5156 5156
f 5220 5156 5220
f 5175 5220 5175
f 5220 5156 5220
f 5175 5220 5175
f 5220 5220 5175
f 5161 5221 5221
f 5221 5175 5175
f 5221 5175 5175
f 5221 5175 5221
f 5175 5220 5220
f 5220 5156 5156
f 5220 5156 5156
f 5220 5156 5220
f 5175 5220 5220
f 5220 5156 5156
f 5220 5156 5156
f 5220 5156 5220
f 5175 5220 5175
f 5220 5156 5220
f 5175 5220 5175
f 5220 5220 5175
f 5161 5221 5161
f 5221 5175 5221
f 5161 5221 5161
f 5221 5221 5161
f 5175 5220 5175
f 5220 5156 5220
f 5175 5220 5175
f 5220 5220 5175
f 5161 5221 5161
f 5221 5175 5221
f 5161 5221 5161
f 5221 5221 5161
f 5175 5175 5221
f 5175 5175 5221
f 5221 5221 5161
f 5175 5221 5221
f 5234 5254 5258
f 5254 5240 5260
f 5258 5260 5242
f 5254 5260 5258
f 5240 5255 5265
f 5255 5236 5263
f 5265 5263 5244
f 5255 5263 5265
f 5242 5266 5259
f 5266 5244 5264
f 5259 5264 5237
f 5266 5264 5259
f 5240 5265 5260
f 5265 5244 5266
f 5260 5266 5242
f 5265 5266 5260
f 5236 5257 5269
f 5257 5241 5271
f 5269 5271 5245
f 5257 5271 5269
f 5241 5256 5267
f 5256 5154 5217
f 5267 5217 5174
f 5256 5217 5267
f 5245 5273 5270
f 5273 5174 5218
f 5270 5218 5161
f 5273 5218 5270
f 5241 5267 5271
f 5267 5174 5273
f 5271 5273 5245
f 5267 5273 5271
f 5237 5274 5262
f 5274 5246 5276
f 5262 5276 5243
f 5274 5276 5262
f 5246 5275 5278
f 5275 5161 5221
f 5278 5221 5175
f 5275 5221 5278
f 5243 5268 5261
f 5268 5175 5220
f 5261 5220 5156
f 5268 5220 5261
f 5246 5278 5276
f 5278 5175 5268
f 5276 5268 5243
f 5278 5268 5276
f 5236 5269 5263
f 5269 5245 5272
f 5263 5272 5244
f 5269 5272 5263
f 5245 5270 5279
f 5270 5161 5275
f 5279 5275 5246
f 5270 5275 5279
f 5244 5277 5264
f 5277 5246 5274
f 5264 5274 5237
f 5277 5274 5264
f 5245 5279 5272
f 5279 5246 5277
f 5272 5277 5244
f 5279 5277 5272
f 5234 5258 5258
f 5258 5242 5242
f 5258 5242 5242
f 5258 5242 5258
f 5242 5259 5259
f 5259 5237 5237
f 5259 5237 5237
f 5259 5237 5259
f 5242 5259 5259
f 5259 5237 5237
f 5259 5237 5237
f 5259 5237 5259
f 5242 5259 5242
f 5259 5237 5259
f 5242 5259 5242
f 5259 5259 5242
f 5237 5262 5262
f 5262 5243 5243
f 5262 5243 5243
f 5262 5243 5262
f 5243 5261 5261
f 5261 5156 5156
f 5261 5156 5156
f 5261 5156 5261
f 5243 5261 5261
f 5261 5156 5156
f 5261 5156 5156
f 5261 5156 5261
f 5243 5261 5243
f 5261 5156 5261
f 5243 5261 5243
f 5261 5261 5243
f 5237 5262 5262
f 5262 5243 5243
f 5262 5243 5243
f 5262 5243 5262
f 5243 5261 5261
f 5261 5156 5156
f 5261 5156 5156
f 5261 5156 5261
f 5243 5261 5261
f 5261 5156 5156
f 5261 5156 5156
f 5261 5156 5261
f 5243 5261 5243
f 5261 5156 5261
f 5243 5261 5243
f 5261 5261 5243
f 5237 5262 5237
f 5262 5243 5262
f 5237 5262 5237
f 5262 5262 5237
f 5243 5261 5243
f 5261 5156 5261
f 5243 5261 5243
f 5261 5261 5243
f 5237 5262 5237
f 5262 5243 5262
f 5237 5262 5237
f 5262 5262 5237
f 5243 5243 5262
f 5243 5243 5262
f 5262 5262 5237
f 5243 5262 5262
f 5154 5256 5289
f 5256 5241 5291
f 5289 5291 5250
f 5256 5291 5289
f 5241 5257 5297
f 5257 5236 5295
f 5297 5295 5252
f 5257 5295 5297
f 5250 5299 5290
f 5299 5252 5296
f 5290 5296 5239
f 5299 5296 5290
f 5241 5297 5291
f 5297 5252 5299
f 5291 5299 5250
f 5297 5299 5291
f 5236 5255 5285
f 5255 5240 5287
f 5285 5287 5249
f 5255 5287 5285
f 5240 5254 5282
f 5254 5234 5280
f 5282 5280 5247
f 5254 5280 5282
f 5249 5288 5286
f 5288 5247 5281
f 5286 5281 5238
f 5288 5281 5286
f 5240 5282 5287
f 5282 5247 5288
f 5287 5288 5249
f 5282 5288 5287
f 5239 5301 5293
f 5301 5253 5304
f 5293 5304 5251
f 5301 5304 5293
f 5253 5300 5302
f 5300 5238 5284
f 5302 5284 5248
f 5300 5284 5302
f 5251 5294 5292
f 5294 5248 5283
f 5292 5283 5235
f 5294 5283 5292
f 5253 5302 5304
f 5302 5248 5294
f 5304 5294 5251
f 5302 5294 5304
f 5236 5285 5295
f 5285 5249 5298
f 5295 5298 5252
f 5285 5298 5295
f 5249 5286 5303
f 5286 5238 5300
f 5303 5300 5253
f 5286 5300 5303
f 5252 5305 5296
f 5305 5253 5301
f 5296 5301 5239
f 5305 5301 5296
f 5249 5303 5298
f 5303 5253 5305
f 5298 5305 5252
f 5303 5305 5298
f 5154 5289 5289
f 5289 5250 5250
f 5289 5250 5250
f 5289 5250 5289
f 5250 5290 5290
f 5290 5239 5239
f 5290 5239 5239
f 5290 5239 5290
f 5250 5290 5290
f 5290 5239 5239
f 5290 5239 5239
f 5290 5239 5290
f 5250 5290 5250
f 5290 5239 5290
f 5250 5290 5250
f 5290 5290 5250
f 5239 5293 5293
f 5293 5251 5251
f 5293 5251 5251
f 5293 5251 5293
f 5251 5292 5292
f 5292 5235 5235
f 5292 5235 5235
f 5292 5235 5292
f 5251 5292 5292
f 5292 5235 5235
f 5292 5235 5235
f 5292 5235 5292
f 5251 5292 5251
f 5292 5235 5292
f 5251 5292 5251
f 5292 5292 5251
f 5239 5293 5293
f 5293 5251 5251
f 5293 5251 5251
f 5293 5251 5293
f 5251 5292 5292
f 5292 5235 5235
f 5292 5235 5235
f 5292 5235 5292
f 5251 5292 5292
f 5292 5235 5235
f 5292 5235 5235
f 5292 5235 5292
f 5251 5292 5251
f 5292 5235 5292
f 5251 5292 5251
f 5292 5292 5251
f 5239 5293 5239
f 5293 5251 5293
f 5239 5293 5239
f 5293 5293 5239
f 5251 5292 5251
f 5292 5235 5292
f 5251 5292 5251
f 5292 5292 5251
f 5239 5293 5239
f 5293 5251 5293
f 5239 5293 5239
f 5293 5293 5239
f 5251 5251 5293
f 5251 5251 5293
f 5293 5293 5239
f 5251 5293 5293
f 5306 5331 5335
f 5331 5315 5337
f 5335 5337 5317
f 5331 5337 5335
f 5315 5332 5342
f 5332 5310 5340
f 5342 5340 5319
f 5332 5340 5342
f 5317 5343 5336
f 5343 5319 5341
f 5336 5341 5311
f 5343 5341 5336
f 5315 5342 5337
f 5342 5319 5343
f 5337 5343 5317
f 5342 5343 5337
f 5310 5334 5350
f 5334 5316 5352
f 5350 5352 5322
f 5334 5352 5350
f 5316 5333 5346
f 5333 5307 5344
f 5346 5344 5320
f 5333 5344 5346
f 5322 5354 5351
f 5354 5320 5345
f 5351 5345 5312
f 5354 5345 5351
f 5316 5346 5352
f 5346 5320 5354
f 5352 5354 5322
f 5346 5354 5352
f 5311 5355 5339
f 5355 5323 5357
f 5339 5357 5318
f 5355 5357 5339
f 5323 5356 5359
f 5356 5312 5348
f 5359 5348 5321
f 5356 5348 5359
f 5318 5349 5338
f 5349 5321 5347
f 5338 5347 5308
f 5349 5347 5338
f 5323 5359 5357
f 5359 5321 5349
f 5357 5349 5318
f 5359 5349 5357
f 5310 5350 5340
f 5350 5322 5353
f 5340 5353 5319
f 5350 5353 5340
f 5322 5351 5360
f 5351 5312 5356
f 5360 5356 5323
f 5351 5356 5360
f 5319 5358 5341
f 5358 5323 5355
f 5341 5355 5311
f 5358 5355 5341
f 5322 5360 5353
f 5360 5323 5358
f 5353 5358 5319
f 5360 5358 5353
f 5306 5335 5335
f 5335 5317 5317
f 5335 5317 5317
f 5335 5317 5335
f 5317 5336 5336
f 5336 5311 5311
f 5336 5311 5311
f 5336 5311 5336
f 5317 5336 5336
f 5336 5311 5311
f 5336 5311 5311
f 5336 5311 5336
f 5317 5336 5317
f 5336 5311 5336
f 5317 5336 5317
f 5336 5336 5317
f 5311 5339 5339
f 5339 5318 5318
f 5339 5318 5318
f 5339 5318 5339
f 5318 5338 5338
f 5338 5308 5308
f 5338 5308 5308
f 5338 5308 5338
f 5318 5338 5338
f 5338 5308 5308
f 5338 5308 5308
f 5338 5308 5338
f 5318 5338 5318
f 5338 5308 5338
f 5318 5338 5318
f 5338 5338 5318
f 5311 5339 5339
f 5339 5318 5318
f 5339 5318 5318
f 5339 5318 5339
f 5318 5338 5338
f 5338 5308 5308
f 5338 5308 5308
f 5338 5308 5338
f 5318 5338 5338
f 5338 5308 5308
f 5338 5308 5308
f 5338 5308 5338
f 5318 5338 5318
f 5338 5308 5338
f 5318 5338 5318
f 5338 5338 5318
f 5311 5339 5311
f 5339 5318 5339
f 5311 5339 5311
f 5339 5339 5311
f 5318 5338 5318
f 5338 5308 5338
f 5318 5338 5318
f 5338 5338 5318
f 5311 5339 5311
f 5339 5318 5339
f 5311 5339 5311
f 5339 5339 5311
f 5318 5318 5339
f 5318 5318 5339
f 5339 5339 5311
f 5318 5339 5339
f 5307 5333 5370
f 5333 5316 5372
f 5370 5372 5327
f 5333 5372 5370
f 5316 5334 5378
f 5334 5310 5376
f 5378 5376 5329
f 5334 5376 5378
f 5327 5380 5371
f 5380 5329 5377
f 5371 5377 5314
f 5380 5377 5371
f 5316 5378 5372
f 5378 5329 5380
f 5372 5380 5327
f 5378 5380 5372
f 5310 5332 5366
f 5332 5315 5368
f 5366 5368 5326
f 5332 5368 5366
f 5315 5331 5363
f 5331 5306 5361
f 5363 5361 5324
f 5331 5361 5363
f 5326 5369 5367
f 5369 5324 5362
f 5367 5362 5313
f 5369 5362 5367
f 5315 5363 5368
f 5363 5324 5369
f 5368 5369 5326
f 5363 5369 5368
f 5314 5382 5374
f 5382 5330 5385
f 5374 5385 5328
f 5382 5385 5374
f 5330 5381 5383
f 5381 5313 5365
f 5383 5365 5325
f 5381 5365 5383
f 5328 5375 5373
f 5375 5325 5364
f 5373 5364 5309
f 5375 5364 5373
f 5330 5383 5385
f 5383 5325 5375
f 5385 5375 5328
f 5383 5375 5385
f 5310 5366 5376
f 5366 5326 5379
f 5376 5379 5329
f 5366 5379 5376
f 5326 5367 5384
f 5367 5313 5381
f 5384 5381 5330
f 5367 5381 5384
f 5329 5386 5377
f 5386 5330 5382
f 5377 5382 5314
f 5386 5382 5377
f 5326 5384 5379
f 5384 5330 5386
f 5379 5386 5329
f 5384 5386 5379
f 5307 5370 5370
f 5370 5327 5327
f 5370 5327 5327
f 5370 5327 5370
f 5327 5371 5371
f 5371 5314 5314
f 5371 5314 5314
f 5371 5314 5371
f 5327 5371 5371
f 5371 5314 5314
f 5371 5314 5314
f 5371 5314 5371
f 5327 5371 5327
f 5371 5314 5371
f 5327 5371 5327
f 5371 5371 5327
f 5314 5374 5374
f 5374 5328 5328
f 5374 5328 5328
f 5374 5328 5374
f 5328 5373 5373
f 5373 5309 5309
f 5373 5309 5309
f 5373 5309 5373
f 5328 5373 5373
f 5373 5309 5309
f 5373 5309 5309
f 5373 5309 5373
f 5328 5373 5328
f 5373 5309 5373
f 5328 5373 5328
f 5373 5373 5328
f 5314 5374 5374
f 5374 5328 5328
f 5374 5328 5328
f 5374 5328 5374
f 5328 5373 5373
f 5373 5309 5309
f 5373 5309 5309
f 5373 5309 5373
f 5328 5373 5373
f 5373 5309 5309
f 5373 5309 5309
f 5373 5309 5373
f 5328 5373 5328
f 5373 5309 5373
f 5328 5373 5328
f 5373 5373 5328
f 5314 5374 5314
f 5374 5328 5374
f 5314 5374 5314
f 5374 5374 5314
f 5328 5373 5328
f 5373 5309 5373
f 5328 5373 5328
f 5373 5373 5328
f 5314 5374 5314
f 5374 5328 5374
f 5314 5374 5314
f 5374 5374 5314
f 5328 5328 5374
f 5328 5328 5374
f 5374 5374 5314
f 5328 5374 5374
f 5387 5407 5411
f 5407 5393 5413
f 5411 5413 5395
f 5407 5413 5411
f 5393 5408 5418
f 5408 5389 5416
f 5418 5416 5397
f 5408 5416 5418
f 5395 5419 5412
f 5419 5397 5417
f 5412 5417 5390
f 5419 5417 5412
f 5393 5418 5413
f 5418 5397 5419
f 5413 5419 5395
f 5418 5419 5413
f 5389 5410 5426
f 5410 5394 5428
f 5426 5428 5400
f 5410 5428 5426
f 5394 5409 5422
f 5409 5306 5420
f 5422 5420 5398
f 5409 5420 5422
f 5400 5430 5427
f 5430 5398 5421
f 5427 5421 5391
f 5430 5421 5427
f 5394 5422 5428
f 5422 5398 5430
f 5428 5430 5400
f 5422 5430 5428
f 5390 5431 5415
f 5431 5401 5433
f 5415 5433 5396
f 5431 5433 5415
f 5401 5432 5435
f 5432 5391 5424
f 5435 5424 5399
f 5432 5424 5435
f 5396 5425 5414
f 5425 5399 5423
f 5414 5423 5388
f 5425 5423 5414
f 5401 5435 5433
f 5435 5399 5425
f 5433 5425 5396
f 5435 5425 5433
f 5389 5426 5416
f 5426 5400 5429
f 5416 5429 5397
f 5426 5429 5416
f 5400 5427 5436
f 5427 5391 5432
f 5436 5432 5401
f 5427 5432 5436
f 5397 5434 5417
f 5434 5401 5431
f 5417 5431 5390
f 5434 5431 5417
f 5400 5436 5429
f 5436 5401 5434
f 5429 5434 5397
f 5436 5434 5429
f 5387 5411 5411
f 5411 5395 5395
f 5411 5395 5395
f 5411 5395 5411
f 5395 5412 5412
f 5412 5390 5390
f 5412 5390 5390
f 5412 5390 5412
f 5395 5412 5412
f 5412 5390 5390
f 5412 5390 5390
f 5412 5390 5412
f 5395 5412 5395
f 5412 5390 5412
f 5395 5412 5395
f 5412 5412 5395
f 5390 5415 5415
f 5415 5396 5396
f 5415 5396 5396
f 5415 5396 5415
f 5396 5414 5414
f 5414 5388 5388
f 5414 5388 5388
f 5414 5388 5414
f 5396 5414 5414
f 5414 5388 5388
f 5414 5388 5388
f 5414 5388 5414
f 5396 5414 5396
f 5414 5388 5414
f 5396 5414 5396
f 5414 5414 5396
f 5390 5415 5415
f 5415 5396 5396
f 5415 5396 5396
f 5415 5396 5415
f 5396 5414 5414
f 5414 5388 5388
f 5414 5388 5388
f 5414 5388 5414
f 5396 5414 5414
f 5414 5388 5388
f 5414 5388 5388
f 5414 5388 5414
f 5396 5414 5396
f 5414 5388 5414
f 5396 5414 5396
f 5414 5414 5396
f 5390 5415 5390
f 5415 5396 5415
f 5390 5415 5390
f 5415 5415 5390
f 5396 5414 5396
f 5414 5388 5414
f 5396 5414 5396
f 5414 5414 5396
f 5390 5415 5390
f 5415 5396 5415
f 5390 5415 5390
f 5415 5415 5390
f 5396 5396 5415
f 5396 5396 5415
f 5415 5415 5390
f 5396 5415 5415
f 5306 5409 5361
f 5409 5394 5446
f 5361 5446 5324
f 5409 5446 5361
f 5394 5410 5450
f 5410 5389 5448
f 5450 5448 5405
f 5410 5448 5450
f 5324 5452 5362
f 5452 5405 5449
f 5362 5449 5313
f 5452 5449 5362
f 5394 5450 5446
f 5450 5405 5452
f 5446 5452 5324
f 5450 5452 5446
f 5389 5408 5442
f 5408 5393 5444
f 5442 5444 5404
f 5408 5444 5442
f 5393 5407 5439
f 5407 5387 5437
f 5439 5437 5402
f 5407 5437 5439
f 5404 5445 5443
f 5445 5402 5438
f 5443 5438 5392
f 5445 5438 5443
f 5393 5439 5444
f 5439 5402 5445
f 5444 5445 5404
f 5439 5445 5444
f 5313 5454 5365
f 5454 5406 5457
f 5365 5457 5325
f 5454 5457 5365
f 5406 5453 5455
f 5453 5392 5441
f 5455 5441 5403
f 5453 5441 5455
f 5325 5447 5364
f 5447 5403 5440
f 5364 5440 5309
f 5447 5440 5364
f 5406 5455 5457
f 5455 5403 5447
f 5457 5447 5325
f 5455 5447 5457
f 5389 5442 5448
f 5442 5404 5451
f 5448 5451 5405
f 5442 5451 5448
f 5404 5443 5456
f 5443 5392 5453
f 5456 5453 5406
f 5443 5453 5456
f 5405 5458 5449
f 5458 5406 5454
f 5449 5454 5313
f 5458 5454 5449
f 5404 5456 5451
f 5456 5406 5458
f 5451 5458 5405
f 5456 5458 5451
f 5306 5361 5361
f 5361 5324 5324
f 5361 5324 5324
f 5361 5324 5361
f 5324 5362 5362
f 5362 5313 5313
f 5362 5313 5313
f 5362 5313 5362
f 5324 5362 5362
f 5362 5313 5313
f 5362 5313 5313
f 5362 5313 5362
f 5324 5362 5324
f 5362 5313 5362
f 5324 5362 5324
f 5362 5362 5324
f 5313 5365 5365
f 5365 5325 5325
f 5365 5325 5325
f 5365 5325 5365
f 5325 5364 5364
f 5364 5309 5309
f 5364 5309 5309
f 5364 5309 5364
f 5325 5364 5364
f 5364 5309 5309
f 5364 5309 5309
f 5364 5309 5364
f 5325 5364 5325
f 5364 5309 5364
f 5325 5364 5325
f 5364 5364 5325
f 5313 5365 5365
f 5365 5325 5325
f 5365 5325 5325
f 5365 5325 5365
f 5325 5364 5364
f 5364 5309 5309
f 5364 5309 5309
f 5364 5309 5364
f 5325 5364 5364
f 5364 5309 5309
f 5364 5309 5309
f 5364 5309 5364
f 5325 5364 5325
f 5364 5309 5364
f 5325 5364 5325
f 5364 5364 5325
f 5313 5365 5313
f 5365 5325 5365
f 5313 5365 5313
f 5365 5365 5313
f 5325 5364 5325
f 5364 5309 5364
f 5325 5364 5325
f 5364 5364 5325
f 5313 5365 5313
f 5365 5325 5365
f 5313 5365 5313
f 5365 5365 5313
f 5325 5325 5365
f 5325 5325 5365
f 5365 5365 5313
f 5325 5365 5365
f 5459 5484 5488
f 5484 5468 5490
f 5488 5490 5470
f 5484 5490 5488
f 5468 5485 5495
f 5485 5463 5493
f 5495 5493 5472
f 5485 5493 5495
f 5470 5496 5489
f 5496 5472 5494
f 5489 5494 5464
f 5496 5494 5489
f 5468 5495 5490
f 5495 5472 5496
f 5490 5496 5470
f 5495 5496 5490
f 5463 5487 5503
f 5487 5469 5505
f 5503 5505 5475
f 5487 5505 5503
f 5469 5486 5499
f 5486 5460 5497
f 5499 5497 5473
f 5486 5497 5499
f 5475 5507 5504
f 5507 5473 5498
f 5504 5498 5465
f 5507 5498 5504
f 5469 5499 5505
f 5499 5473 5507
f 5505 5507 5475
f 5499 5507 5505
f 5464 5508 5492
f 5508 5476 5510
f 5492 5510 5471
f 5508 5510 5492
f 5476 5509 5512
f 5509 5465 5501
f 5512 5501 5474
f 5509 5501 5512
f 5471 5502 5491
f 5502 5474 5500
f 5491 5500 5461
f 5502 5500 5491
f 5476 5512 5510
f 5512 5474 5502
f 5510 5502 5471
f 5512 5502 5510
f 5463 5503 5493
f 5503 5475 5506
f 5493 5506 5472
f 5503 5506 5493
f 5475 5504 5513
f 5504 5465 5509
f 5513 5509 5476
f 5504 5509 5513
f 5472 5511 5494
f 5511 5476 5508
f 5494 5508 5464
f 5511 5508 5494
f 5475 5513 5506
f 5513 5476 5511
f 5506 5511 5472
f 5513 5511 5506
f 5459 5488 5488
f 5488 5470 5470
f 5488 5470 5470
f 5488 5470 5488
f 5470 5489 5489
f 5489 5464 5464
f 5489 5464 5464
f 5489 5464 5489
f 5470 5489 5489
f 5489 5464 5464
f 5489 5464 5464
f 5489 5464 5489
f 5470 5489 5470
f 5489 5464 5489
f 5470 5489 5470
f 5489 5489 5470
f 5464 5492 5492
f 5492 5471 5471
f 5492 5471 5471
f 5492 5471 5492
f 5471 5491 5491
f 5491 5461 5461
f 5491 5461 5461
f 5491 5461 5491
f 5471 5491 5491
f 5491 5461 5461
f 5491 5461 5461
f 5491 5461 5491
f 5471 5491 5471
f 5491 5461 5491
f 5471 5491 5471
f 5491 5491 5471
f 5464 5492 5492
f 5492 5471 5471
f 5492 5471 5471
f 5492 5471 5492
f 5471 5491 5491
f 5491 5461 5461
f 5491 5461 5461
f 5491 5461 5491
f 5471 5491 5491
f 5491 5461 5461
f 5491 5461 5461
f 5491 5461 5491
f 5471 5491 5471
f 5491 5461 5491
f 5471 5491 5471
f 5491 5491 5471
f 5464 5492 5464
f 5492 5471 5492
f 5464 5492 5464
f 5492 5492 5464
f 5471 5491 5471
f 5491 5461 5491
f 5471 5491 5471
f 5491 5491 5471
f 5464 5492 5464
f 5492 5471 5492
f 5464 5492 5464
f 5492 5492 5464
f 5471 5471 5492
f 5471 5471 5492
f 5492 5492 5464
f 5471 5492 5492
f 5460 5486 5523
f 5486 5469 5525
f 5523 5525 5480
f 5486 5525 5523
f 5469 5487 5531
f 5487 5463 5529
f 5531 5529 5482
f 5487 5529 5531
f 5480 5533 5524
f 5533 5482 5530
f 5524 5530 5467
f 5533 5530 5524
f 5469 5531 5525
f 5531 5482 5533
f 5525 5533 5480
f 5531 5533 5525
f 5463 5485 5519
f 5485 5468 5521
f 5519 5521 5479
f 5485 5521 5519
f 5468 5484 5516
f 5484 5459 5514
f 5516 5514 5477
f 5484 5514 5516
f 5479 5522 5520
f 5522 5477 5515
f 5520 5515 5466
f 5522 5515 5520
f 5468 5516 5521
f 5516 5477 5522
f 5521 5522 5479
f 5516 5522 5521
f 5467 5535 5527
f 5535 5483 5538
f 5527 5538 5481
f 5535 5538 5527
f 5483 5534 5536
f 5534 5466 5518
f 5536 5518 5478
f 5534 5518 5536
f 5481 5528 5526
f 5528 5478 5517
f 5526 5517 5462
f 5528 5517 5526
f 5483 5536 5538
f 5536 5478 5528
f 5538 5528 5481
f 5536 5528 5538
f 5463 5519 5529
f 5519 5479 5532
f 5529 5532 5482
f 5519 5532 5529
f 5479 5520 5537
f 5520 5466 5534
f 5537 5534 5483
f 5520 5534 5537
f 5482 5539 5530
f 5539 5483 5535
f 5530 5535 5467
f 5539 5535 5530
f 5479 5537 5532
f 5537 5483 5539
f 5532 5539 5482
f 5537 5539 5532
f 5460 5523 5523
f 5523 5480 5480
f 5523 5480 5480
f 5523 5480 5523
f 5480 5524 5524
f 5524 5467 5467
f 5524 5467 5467
f 5524 5467 5524
f 5480 5524 5524
f 5524 5467 5467
f 5524 5467 5467
f 5524 5467 5524
f 5480 5524 5480
f 5524 5467 5524
f 5480 5524 5480
f 5524 5524 5480
f 5467 5527 5527
f 5527 5481 5481
f 5527 5481 5481
f 5527 5481 5527
f 5481 5526 5526
f 5526 5462 5462
f 5526 5462 5462
f 5526 5462 5526
f 5481 5526 5526
f 5526 5462 5462
f 5526 5462 5462
f 5526 5462 5526
f 5481 5526 5481
f 5526 5462 5526
f 5481 5526 5481
f 5526 5526 5481
f 5467 5527 5527
f 5527 5481 5481
f 5527 5481 5481
f 5527 5481 5527
f 5481 5526 5526
f 5526 5462 5462
f 5526 5462 5462
f 5526 5462 5526
f 5481 5526 5526
f 5526 5462 5462
f 5526 5462 5462
f 5526 5462 5526
f 5481 5526 5481
f 5526 5462 5526
f 5481 5526 5481
f 5526 5526 5481
f 5467 5527 5467
f 5527 5481 5527
f 5467 5527 5467
f 5527 5527 5467
f 5481 5526 5481
f 5526 5462 5526
f 5481 5526 5481
f 5526 5526 5481
f 5467 5527 5467
f 5527 5481 5527
f 5467 5527 5467
f 5527 5527 5467
f 5481 5481 5527
f 5481 5481 5527
f 5527 5527 5467
f 5481 5527 5527
f 5540 5560 5564
f 5560 5546 5566
f 5564 5566 5548
f 5560 5566 5564
f 5546 5561 5571
f 5561 5542 5569
f 5571 5569 5550
f 5561 5569 5571
f 5548 5572 5565
f 5572 5550 5570
f 5565 5570 5543
f 5572 5570 5565
f 5546 5571 5566
f 5571 5550 5572
f 5566 5572 5548
f 5571 5572 5566
f 5542 5563 5575
f 5563 5547 5577
f 5575 5577 5551
f 5563 5577 5575
f 5547 5562 5573
f 5562 5461 5500
f 5573 5500 5474
f 5562 5500 5573
f 5551 5579 5576
f 5579 5474 5501
f 5576 5501 5465
f 5579 5501 5576
f 5547 5573 5577
f 5573 5474 5579
f 5577 5579 5551
f 5573 5579 5577
f 5543 5580 5568
f 5580 5552 5582
f 5568 5582 5549
f 5580 5582 5568
f 5552 5581 5584
f 5581 5465 5498
f 5584 5498 5473
f 5581 5498 5584
f 5549 5574 5567
f 5574 5473 5497
f 5567 5497 5460
f 5574 5497 5567
f 5552 5584 5582
f 5584 5473 5574
f 5582 5574 5549
f 5584 5574 5582
f 5542 5575 5569
f 5575 5551 5578
f 5569 5578 5550
f 5575 5578 5569
f 5551 5576 5585
f 5576 5465 5581
f 5585 5581 5552
f 5576 5581 5585
f 5550 5583 5570
f 5583 5552 5580
f 5570 5580 5543
f 5583 5580 5570
f 5551 5585 5578
f 5585 5552 5583
f 5578 5583 5550
f 5585 5583 5578
f 5540 5564 5564
f 5564 5548 5548
f 5564 5548 5548
f 5564 5548 5564
f 5548 5565 5565
f 5565 5543 5543
f 5565 5543 5543
f 5565 5543 5565
f 5548 5565 5565
f 5565 5543 5543
f 5565 5543 5543
f 5565 5543 5565
f 5548 5565 5548
f 5565 5543 5565
f 5548 5565 5548
f 5565 5565 5548
f 5543 5568 5568
f 5568 5549 5549
f 5568 5549 5549
f 5568 5549 5568
f 5549 5567 5567
f 5567 5460 5460
f 5567 5460 5460
f 5567 5460 5567
f 5549 5567 5567
f 5567 5460 5460
f 5567 5460 5460
f 5567 5460 5567
f 5549 5567 5549
f 5567 5460 5567
f 5549 5567 5549
f 5567 5567 5549
f 5543 5568 5568
f 5568 5549 5549
f 5568 5549 5549
f 5568 5549 5568
f 5549 5567 5567
f 5567 5460 5460
f 5567 5460 5460
f 5567 5460 5567
f 5549 5567 5567
f 5567 5460 5460
f 5567 5460 5460
f 5567 5460 5567
f 5549 5567 5549
f 5567 5460 5567
f 5549 5567 5549
f 5567 5567 5549
f 5543 5568 5543
f 5568 5549 5568
f 5543 5568 5543
f 5568 5568 5543
f 5549 5567 5549
f 5567 5460 5567
f 5549 5567 5549
f 5567 5567 5549
f 5543 5568 5543
f 5568 5549 5568
f 5543 5568 5543
f 5568 5568 5543
f 5549 5549 5568
f 5549 5549 5568
f 5568 5568 5543
f 5549 5568 5568
f 5461 5562 5595
f 5562 5547 5597
f 5595 5597 5556
f 5562 5597 5595
f 5547 5563 5603
f 5563 5542 5601
f 5603 5601 5558
f 5563 5601 5603
f 5556 5605 5596
f 5605 5558 5602
f 5596 5602 5545
f 5605 5602 5596
f 5547 5603 5597
f 5603 5558 5605
f 5597 5605 5556
f 5603 5605 5597
f 5542 5561 5591
f 5561 5546 5593
f 5591 5593 5555
f 5561 5593 5591
f 5546 5560 5588
f 5560 5540 5586
f 5588 5586 5553
f 5560 5586 5588
f 5555 5594 5592
f 5594 5553 5587
f 5592 5587 5544
f 5594 5587 5592
f 5546 5588 5593
f 5588 5553 5594
f 5593 5594 5555
f 5588 5594 5593
f 5545 5607 5599
f 5607 5559 5610
f 5599 5610 5557
f 5607 5610 5599
f 5559 5606 5608
f 5606 5544 5590
f 5608 5590 5554
f 5606 5590 5608
f 5557 5600 5598
f 5600 5554 5589
f 5598 5589 5541
f 5600 5589 5598
f 5559 5608 5610
f 5608 5554 5600
f 5610 5600 5557
f 5608 5600 5610
f 5542 5591 5601
f 5591 5555 5604
f 5601 5604 5558
f 5591 5604 5601
f 5555 5592 5609
f 5592 5544 5606
f 5609 5606 5559
f 5592 5606 5609
f 5558 5611 5602
f 5611 5559 5607
f 5602 5607 5545
f 5611 5607 5602
f 5555 5609 5604
f 5609 5559 5611
f 5604 5611 5558
f 5609 5611 5604
f 5461 5595 5595
f 5595 5556 5556
f 5595 5556 5556
f 5595 5556 5595
f 5556 5596 5596
f 5596 5545 5545
f 5596 5545 5545
f 5596 5545 5596
f 5556 5596 5596
f 5596 5545 5545
f 5596 5545 5545
f 5596 5545 5596
f 5556 5596 5556
f 5596 5545 5596
f 5556 5596 5556
f 5596 5596 5556
f 5545 5599 5599
f 5599 5557 5557
f 5599 5557 5557
f 5599 5557 5599
f 5557 5598 5598
f 5598 5541 5541
f 5598 5541 5541
f 5598 5541 5598
f 5557 5598 5598
f 5598 5541 5541
f 5598 5541 5541
f 5598 5541 5598
f 5557 5598 5557
f 5598 5541 5598
f 5557 5598 5557
f 5598 5598 5557
f 5545 5599 5599
f 5599 5557 5557
f 5599 5557 5557
f 5599 5557 5599
f 5557 5598 5598
f 5598 5541 5541
f 5598 5541 5541
f 5598 5541 5598
f 5557 5598 5598
f 5598 5541 5541
f 5598 5541 5541
f 5598 5541 5598
f 5557 5598 5557
f 5598 5541 5598
f 5557 5598 5557
f 5598 5598 5557
f 5545 5599 5545
f 5599 5557 5599
f 5545 5599 5545
f 5599 5599 5545
f 5557 5598 5557
f 5598 5541 5598
f 5557 5598 5557
f 5598 5598 5557
f 5545 5599 5545
f 5599 5557 5599
f 5545 5599 5545
f 5599 5599 5545
f 5557 5557 5599
f 5557 5557 5599
f 5599 5599 5545
f 5557 5599 5599
f 5612 5637 5641
f 5637 5621 5643
f 5641 5643 5623
f 5637 5643 5641
f 5621 5638 5648
f 5638 5616 5646
f 5648 5646 5625
f 5638 5646 5648
f 5623 5649 5642
f 5649 5625 5647
f 5642 5647 5617
f 5649 5647 5642
f 5621 5648 5643
f 5648 5625 5649
f 5643 5649 5623
f 5648 5649 5643
f 5616 5640 5656
f 5640 5622 5658
f 5656 5658 5628
f 5640 5658 5656
f 5622 5639 5652
f 5639 5613 5650
f 5652 5650 5626
f 5639 5650 5652
f 5628 5660 5657
f 5660 5626 5651
f 5657 5651 5618
f 5660 5651 5657
f 5622 5652 5658
f 5652 5626 5660
f 5658 5660 5628
f 5652 5660 5658
f 5617 5661 5645
f 5661 5629 5663
f 5645 5663 5624
f 5661 5663 5645
f 5629 5662 5665
f 5662 5618 5654
f 5665 5654 5627
f 5662 5654 5665
f 5624 5655 5644
f 5655 5627 5653
f 5644 5653 5614
f 5655 5653 5644
f 5629 5665 5663
f 5665 5627 5655
f 5663 5655 5624
f 5665 5655 5663
f 5616 5656 5646
f 5656 5628 5659
f 5646 5659 5625
f 5656 5659 5646
f 5628 5657 5666
f 5657 5618 5662
f 5666 5662 5629
f 5657 5662 5666
f 5625 5664 5647
f 5664 5629 5661
f 5647 5661 5617
f 5664 5661 5647
f 5628 5666 5659
f 5666 5629 5664
f 5659 5664 5625
f 5666 5664 5659
f 5612 5641 5641
f 5641 5623 5623
f 5641 5623 5623
f 5641 5623 5641
f 5623 5642 5642
f 5642 5617 5617
f 5642 5617 5617
f 5642 5617 5642
f 5623 5642 5642
f 5642 5617 5617
f 5642 5617 5617
f 5642 5617 5642
f 5623 5642 5623
f 5642 5617 5642
f 5623 5642 5623
f 5642 5642 5623
f 5617 5645 5645
f 5645 5624 5624
f 5645 5624 5624
f 5645 5624 5645
f 5624 5644 5644
f 5644 5614 5614
f 5644 5614 5614
f 5644 5614 5644
f 5624 5644 5644
f 5644 5614 5614
f 5644 5614 5614
f 5644 5614 5644
f 5624 5644 5624
f 5644 5614 5644
f 5624 5644 5624
f 5644 5644 5624
f 5617 5645 5645
f 5645 5624 5624
f 5645 5624 5624
f 5645 5624 5645
f 5624 5644 5644
f 5644 5614 5614
f 5644 5614 5614
f 5644 5614 5644
f 5624 5644 5644
f 5644 5614 5614
f 5644 5614 5614
f 5644 5614 5644
f 5624 5644 5624
f 5644 5614 5644
f 5624 5644 5624
f 5644 5644 5624
f 5617 5645 5617
f 5645 5624 5645
f 5617 5645 5617
f 5645 5645 5617
f 5624 5644 5624
f 5644 5614 5644
f 5624 5644 5624
f 5644 5644 5624
f 5617 5645 5617
f 5645 5624 5645
f 5617 5645 5617
f 5645 5645 5617
f 5624 5624 5645
f 5624 5624 5645
f 5645 5645 5617
f 5624 5645 5645
f 5613 5639 5676
f 5639 5622 5678
f 5676 5678 5633
f 5639 5678 5676
f 5622 5640 5684
f 5640 5616 5682
f 5684 5682 5635
f 5640 5682 5684
f 5633 5686 5677
f 5686 5635 5683
f 5677 5683 5620
f 5686 5683 5677
f 5622 5684 5678
f 5684 5635 5686
f 5678 5686 5633
f 5684 5686 5678
f 5616 5638 5672
f 5638 5621 5674
f 5672 5674 5632
f 5638 5674 5672
f 5621 5637 5669
f 5637 5612 5667
f 5669 5667 5630
f 5637 5667 5669
f 5632 5675 5673
f 5675 5630 5668
f 5673 5668 5619
f 5675 5668 5673
f 5621 5669 5674
f 5669 5630 5675
f 5674 5675 5632
f 5669 5675 5674
f 5620 5688 5680
f 5688 5636 5691
f 5680 5691 5634
f 5688 5691 5680
f 5636 5687 5689
f 5687 5619 5671
f 5689 5671 5631
f 5687 5671 5689
f 5634 5681 5679
f 5681 5631 5670
f 5679 5670 5615
f 5681 5670 5679
f 5636 5689 5691
f 5689 5631 5681
f 5691 5681 5634
f 5689 5681 5691
f 5616 5672 5682
f 5672 5632 5685
f 5682 5685 5635
f 5672 5685 5682
f 5632 5673 5690
f 5673 5619 5687
f 5690 5687 5636
f 5673 5687 5690
f 5635 5692 5683
f 5692 5636 5688
f 5683 5688 5620
f 5692 5688 5683
f 5632 5690 5685
f 5690 5636 5692
f 5685 5692 5635
f 5690 5692 5685
f 5613 5676 5676
f 5676 5633 5633
f 5676 5633 5633
f 5676 5633 5676
f 5633 5677 5677
f 5677 5620 5620
f 5677 5620 5620
f 5677 5620 5677
f 5633 5677 5677
f 5677 5620 5620
f 5677 5620 5620
f 5677 5620 5677
f 5633 5677 5633
f 5677 5620 5677
f 5633 5677 5633
f 5677 5677 5633
f 5620 5680 5680
f 5680 5634 5634
f 5680 5634 5634
f 5680 5634 5680
f 5634 5679 5679
f 5679 5615 5615
f 5679 5615 5615
f 5679 5615 5679
f 5634 5679 5679
f 5679 5615 5615
f 5679 5615 5615
f 5679 5615 5679
f 5634 5679 5634
f 5679 5615 5679
f 5634 5679 5634
f 5679 5679 5634
f 5620 5680 5680
f 5680 5634 5634
f 5680 5634 5634
f 5680 5634 5680
f 5634 5679 5679
f 5679 5615 5615
f 5679 5615 5615
f 5679 5615 5679
f 5634 5679 5679
f 5679 5615 5615
f 5679 5615 5615
f 5679 5615 5679
f 5634 5679 5634
f 5679 5615 5679
f 5634 5679 5634
f 5679 5679 5634
f 5620 5680 5620
f 5680 5634 5680
f 5620 5680 5620
f 5680 5680 5620
f 5634 5679 5634
f 5679 5615 5679
f 5634 5679 5634
f 5679 5679 5634
f 5620 5680 5620
f 5680 5634 5680
f 5620 5680 5620
f 5680 5680 5620
f 5634 5634 5680
f 5634 5634 5680
f 5680 5680 5620
f 5634 5680 5680
f 5693 5713 5717
f 5713 5699 5719
f 5717 5719 5701
f 5713 5719 5717
f 5699 5714 5724
f 5714 5695 5722
f 5724 5722 5703
f 5714 5722 5724
f 5701 5725 5718
f 5725 5703 5723
f 5718 5723 5696
f 5725 5723 5718
f 5699 5724 5719
f 5724 5703 5725
f 5719 5725 5701
f 5724 5725 5719
f 5695 5716 5728
f 5716 5700 5730
f 5728 5730 5704
f 5716 5730 5728
f 5700 5715 5726
f 5715 5612 5641
f 5726 5641 5623
f 5715 5641 5726
f 5704 5732 5729
f 5732 5623 5642
f 5729 5642 5617
f 5732 5642 5729
f 5700 5726 5730
f 5726 5623 5732
f 5730 5732 5704
f 5726 5732 5730
f 5696 5733 5721
f 5733 5705 5735
f 5721 5735 5702
f 5733 5735 5721
f 5705 5734 5737
f 5734 5617 5645
f 5737 5645 5624
f 5734 5645 5737
f 5702 5727 5720
f 5727 5624 5644
f 5720 5644 5614
f 5727 5644 5720
f 5705 5737 5735
f 5737 5624 5727
f 5735 5727 5702
f 5737 5727 5735
f 5695 5728 5722
f 5728 5704 5731
f 5722 5731 5703
f 5728 5731 5722
f 5704 5729 5738
f 5729 5617 5734
f 5738 5734 5705
f 5729 5734 5738
f 5703 5736 5723
f 5736 5705 5733
f 5723 5733 5696
f 5736 5733 5723
f 5704 5738 5731
f 5738 5705 5736
f 5731 5736 5703
f 5738 5736 5731
f 5693 5717 5717
f 5717 5701 5701
f 5717 5701 5701
f 5717 5701 5717
f 5701 5718 5718
f 5718 5696 5696
f 5718 5696 5696
f 5718 5696 5718
f 5701 5718 5718
f 5718 5696 5696
f 5718 5696 5696
f 5718 5696 5718
f 5701 5718 5701
f 5718 5696 5718
f 5701 5718 5701
f 5718 5718 5701
f 5696 5721 5721
f 5721 5702 5702
f 5721 5702 5702
f 5721 5702 5721
f 5702 5720 5720
f 5720 5614 5614
f 5720 5614 5614
f 5720 5614 5720
f 5702 5720 5720
f 5720 5614 5614
f 5720 5614 5614
f 5720 5614 5720
f 5702 5720 5702
f 5720 5614 5720
f 5702 5720 5702
f 5720 5720 5702
f 5696 5721 5721
f 5721 5702 5702
f 5721 5702 5702
f 5721 5702 5721
f 5702 5720 5720
f 5720 5614 5614
f 5720 5614 5614
f 5720 5614 5720
f 5702 5720 5720
f 5720 5614 5614
f 5720 5614 5614
f 5720 5614 5720
f 5702 5720 5702
f 5720 5614 5720
f 5702 5720 5702
f 5720 5720 5702
f 5696 5721 5696
f 5721 5702 5721
f 5696 5721 5696
f 5721 5721 5696
f 5702 5720 5702
f 5720 5614 5720
f 5702 5720 5702
f 5720 5720 5702
f 5696 5721 5696
f 5721 5702 5721
f 5696 5721 5696
f 5721 5721 5696
f 5702 5702 5721
f 5702 5702 5721
f 5721 5721 5696
f 5702 5721 5721
f 5612 5715 5748
f 5715 5700 5750
f 5748 5750 5709
f 5715 5750 5748
f 5700 5716 5756
f 5716 5695 5754
f 5756 5754 5711
f 5716 5754 5756
f 5709 5758 5749
f 5758 5711 5755
f 5749 5755 5698
f 5758 5755 5749
f 5700 5756 5750
f 5756 5711 5758
f 5750 5758 5709
f 5756 5758 5750
f 5695 5714 5744
f 5714 5699 5746
f 5744 5746 5708
f 5714 5746 5744
f 5699 5713 5741
f 5713 5693 5739
f 5741 5739 5706
f 5713 5739 5741
f 5708 5747 5745
f 5747 5706 5740
f 5745 5740 5697
f 5747 5740 5745
f 5699 5741 5746
f 5741 5706 5747
f 5746 5747 5708
f 5741 5747 5746
f 5698 5760 5752
f 5760 5712 5763
f 5752 5763 5710
f 5760 5763 5752
f 5712 5759 5761
f 5759 5697 5743
f 5761 5743 5707
f 5759 5743 5761
f 5710 5753 5751
f 5753 5707 5742
f 5751 5742 5694
f 5753 5742 5751
f 5712 5761 5763
f 5761 5707 5753
f 5763 5753 5710
f 5761 5753 5763
f 5695 5744 5754
f 5744 5708 5757
f 5754 5757 5711
f 5744 5757 5754
f 5708 5745 5762
f 5745 5697 5759
f 5762 5759 5712
f 5745 5759 5762
f 5711 5764 5755
f 5764 5712 5760
f 5755 5760 5698
f 5764 5760 5755
f 5708 5762 5757
f 5762 5712 5764
f 5757 5764 5711
f 5762 5764 5757
f 5612 5748 5748
f 5748 5709 5709
f 5748 5709 5709
f 5748 5709 5748
f 5709 5749 5749
f 5749 5698 5698
f 5749 5698 5698
f 5749 5698 5749
f 5709 5749 5749
f 5749 5698 5698
f 5749 5698 5698
f 5749 5698 5749
f 5709 5749 5709
f 5749 5698 5749
f 5709 5749 5709
f 5749 5749 5709
f 5698 5752 5752
f 5752 5710 5710
f 5752 5710 5710
f 5752 5710 5752
f 5710 5751 5751
f 5751 5694 5694
f 5751 5694 5694
f 5751 5694 5751
f 5710 5751 5751
f 5751 5694 5694
f 5751 5694 5694
f 5751 5694 5751
f 5710 5751 5710
f 5751 5694 5751
f 5710 5751 5710
f 5751 5751 5710
f 5698 5752 5752
f 5752 5710 5710
f 5752 5710 5710
f 5752 5710 5752
f 5710 5751 5751
f 5751 5694 5694
f 5751 5694 5694
f 5751 5694 5751
f 5710 5751 5751
f 5751 5694 5694
f 5751 5694 5694
f 5751 5694 5751
f 5710 5751 5710
f 5751 5694 5751
f 5710 5751 5710
f 5751 5751 5710
f 5698 5752 5698
f 5752 5710 5752
f 5698 5752 5698
f 5752 5752 5698
f 5710 5751 5710
f 5751 5694 5751
f 5710 5751 5710
f 5751 5751 5710
f 5698 5752 5698
f 5752 5710 5752
f 5698 5752 5698
f 5752 5752 5698
f 5710 5710 5752
f 5710 5710 5752
f 5752 5752 5698
f 5710 5752 5752
f 5765 5790 5794
f 5790 5774 5796
f 5794 5796 5776
f 5790 5796 5794
f 5774 5791 5801
f 5791 5769 5799
f 5801 5799 5778
f 5791 5799 5801
f 5776 5802 5795
f 5802 5778 5800
f 5795 5800 5770
f 5802 5800 5795
f 5774 5801 5796
f 5801 5778 5802
f 5796 5802 5776
f 5801 5802 5796
f 5769 5793 5809
f 5793 5775 5811
f 5809 5811 5781
f 5793 5811 5809
f 5775 5792 5805
f 5792 5766 5803
f 5805 5803 5779
f 5792 5803 5805
f 5781 5813 5810
f 5813 5779 5804
f 5810 5804 5771
f 5813 5804 5810
f 5775 5805 5811
f 5805 5779 5813
f 5811 5813 5781
f 5805 5813 5811
f 5770 5814 5798
f 5814 5782 5816
f 5798 5816 5777
f 5814 5816 5798
f 5782 5815 5818
f 5815 5771 5807
f 5818 5807 5780
f 5815 5807 5818
f 5777 5808 5797
f 5808 5780 5806
f 5797 5806 5767
f 5808 5806 5797
f 5782 5818 5816
f 5818 5780 5808
f 5816 5808 5777
f 5818 5808 5816
f 5769 5809 5799
f 5809 5781 5812
f 5799 5812 5778
f 5809 5812 5799
f 5781 5810 5819
f 5810 5771 5815
f 5819 5815 5782
f 5810 5815 5819
f 5778 5817 5800
f 5817 5782 5814
f 5800 5814 5770
f 5817 5814 5800
f 5781 5819 5812
f 5819 5782 5817
f 5812 5817 5778
f 5819 5817 5812
f 5765 5794 5794
f 5794 5776 5776
f 5794 5776 5776
f 5794 5776 5794
f 5776 5795 5795
f 5795 5770 5770
f 5795 5770 5770
f 5795 5770 5795
f 5776 5795 5795
f 5795 5770 5770
f 5795 5770 5770
f 5795 5770 5795
f 5776 5795 5776
f 5795 5770 5795
f 5776 5795 5776
f 5795 5795 5776
f 5770 5798 5798
f 5798 5777 5777
f 5798 5777 5777
f 5798 5777 5798
f 5777 5797 5797
f 5797 5767 5767
f 5797 5767 5767
f 5797 5767 5797
f 5777 5797 5797
f 5797 5767 5767
f 5797 5767 5767
f 5797 5767 5797
f 5777 5797 5777
f 5797 5767 5797
f 5777 5797 5777
f 5797 5797 5777
f 5770 5798 5798
f 5798 5777 5777
f 5798 5777 5777
f 5798 5777 5798
f 5777 5797 5797
f 5797 5767 5767
f 5797 5767 5767
f 5797 5767 5797
f 5777 5797 5797
f 5797 5767 5767
f 5797 5767 5767
f 5797 5767 5797
f 5777 5797 5777
f 5797 5767 5797
f 5777 5797 5777
f 5797 5797 5777
f 5770 5798 5770
f 5798 5777 5798
f 5770 5798 5770
f 5798 5798 5770
f 5777 5797 5777
f 5797 5767 5797
f 5777 5797 5777
f 5797 5797 5777
f 5770 5798 5770
f 5798 5777 5798
f 5770 5798 5770
f 5798 5798 5770
f 5777 5777 5798
f 5777 5777 5798
f 5798 5798 5770
f 5777 5798 5798
f 5766 5792 5829
f 5792 5775 5831
f 5829 5831 5786
f 5792 5831 5829
f 5775 5793 5837
f 5793 5769 5835
f 5837 5835 5788
f 5793 5835 5837
f 5786 5839 5830
f 5839 5788 5836
f 5830 5836 5773
f 5839 5836 5830
f 5775 5837 5831
f 5837 5788 5839
f 5831 5839 5786
f 5837 5839 5831
f 5769 5791 5825
f 5791 5774 5827
f 5825 5827 5785
f 5791 5827 5825
f 5774 5790 5822
f 5790 5765 5820
f 5822 5820 5783
f 5790 5820 5822
f 5785 5828 5826
f 5828 5783 5821
f 5826 5821 5772
f 5828 5821 5826
f 5774 5822 5827
f 5822 5783 5828
f 5827 5828 5785
f 5822 5828 5827
f 5773 5841 5833
f 5841 5789 5844
f 5833 5844 5787
f 5841 5844 5833
f 5789 5840 5842
f 5840 5772 5824
f 5842 5824 5784
f 5840 5824 5842
f 5787 5834 5832
f 5834 5784 5823
f 5832 5823 5768
f 5834 5823 5832
f 5789 5842 5844
f 5842 5784 5834
f 5844 5834 5787
f 5842 5834 5844
f 5769 5825 5835
f 5825 5785 5838
f 5835 5838 5788
f 5825 5838 5835
f 5785 5826 5843
f 5826 5772 5840
f 5843 5840 5789
f 5826 5840 5843
f 5788 5845 5836
f 5845 5789 5841
f 5836 5841 5773
f 5845 5841 5836
f 5785 5843 5838
f 5843 5789 5845
f 5838 5845 5788
f 5843 5845 5838
f 5766 5829 5829
f 5829 5786 5786
f 5829 5786 5786
f 5829 5786 5829
f 5786 5830 5830
f 5830 5773 5773
f 5830 5773 5773
f 5830 5773 5830
f 5786 5830 5830
f 5830 5773 5773
f 5830 5773 5773
f 5830 5773 5830
f 5786 5830 5786
f 5830 5773 5830
f 5786 5830 5786
f 5830 5830 5786
f 5773 5833 5833
f 5833 5787 5787
f 5833 5787 5787
f 5833 5787 5833
f 5787 5832 5832
f 5832 5768 5768
f 5832 5768 5768
f 5832 5768 5832
f 5787 5832 5832
f 5832 5768 5768
f 5832 5768 5768
f 5832 5768 5832
f 5787 5832 5787
f 5832 5768 5832
f 5787 5832 5787
f 5832 5832 5787
f 5773 5833 5833
f 5833 5787 5787
f 5833 5787 5787
f 5833 5787 5833
f 5787 5832 5832
f 5832 5768 5768
f 5832 5768 5768
f 5832 5768 5832
f 5787 5832 5832
f 5832 5768 5768
f 5832 5768 5768
f 5832 5768 5832
f 5787 5832 5787
f 5832 5768 5832
f 5787 5832 5787
f 5832 5832 5787
f 5773 5833 5773
f 5833 5787 5833
f 5773 5833 5773
f 5833 5833 5773
f 5787 5832 5787
f 5832 5768 5832
f 5787 5832 5787
f 5832 5832 5787
f 5773 5833 5773
f 5833 5787 5833
f 5773 5833 5773
f 5833 5833 5773
f 5787 5787 5833
f 5787 5787 5833
f 5833 5833 5773
f 5787 5833 5833
f 5846 5866 5870
f 5866 5852 5872
f 5870 5872 5854
f 5866 5872 5870
f 5852 5867 5877
f 5867 5848 5875
f 5877 5875 5856
f 5867 5875 5877
f 5854 5878 5871
f 5878 5856 5876
f 5871 5876 5849
f 5878 5876 5871
f 5852 5877 5872
f 5877 5856 5878
f 5872 5878 5854
f 5877 5878 5872
f 5848 5869 5881
f 5869 5853 5883
f 5881 5883 5857
f 5869 5883 5881
f 5853 5868 5879
f 5868 5765 5794
f 5879 5794 5776
f 5868 5794 5879
f 5857 5885 5882
f 5885 5776 5795
f 5882 5795 5770
f 5885 5795 5882
f 5853 5879 5883
f 5879 5776 5885
f 5883 5885 5857
f 5879 5885 5883
f 5849 5886 5874
f 5886 5858 5888
f 5874 5888 5855
f 5886 5888 5874
f 5858 5887 5890
f 5887 5770 5798
f 5890 5798 5777
f 5887 5798 5890
f 5855 5880 5873
f 5880 5777 5797
f 5873 5797 5767
f 5880 5797 5873
f 5858 5890 5888
f 5890 5777 5880
f 5888 5880 5855
f 5890 5880 5888
f 5848 5881 5875
f 5881 5857 5884
f 5875 5884 5856
f 5881 5884 5875
f 5857 5882 5891
f 5882 5770 5887
f 5891 5887 5858
f 5882 5887 5891
f 5856 5889 5876
f 5889 5858 5886
f 5876 5886 5849
f 5889 5886 5876
f 5857 5891 5884
f 5891 5858 5889
f 5884 5889 5856
f 5891 5889 5884
f 5846 5870 5870
f 5870 5854 5854
f 5870 5854 5854
f 5870 5854 5870
f 5854 5871 5871
f 5871 5849 5849
f 5871 5849 5849
f 5871 5849 5871
f 5854 5871 5871
f 5871 5849 5849
f 5871 5849 5849
f 5871 5849 5871
f 5854 5871 5854
f 5871 5849 5871
f 5854 5871 5854
f 5871 5871 5854
f 5849 5874 5874
f 5874 5855 5855
f 5874 5855 5855
f 5874 5855 5874
f 5855 5873 5873
f 5873 5767 5767
f 5873 5767 5767
f 5873 5767 5873
f 5855 5873 5873
f 5873 5767 5767
f 5873 5767 5767
f 5873 5767 5873
f 5855 5873 5855
f 5873 5767 5873
f 5855 5873 5855
f 5873 5873 5855
f 5849 5874 5874
f 5874 5855 5855
f 5874 5855 5855
f 5874 5855 5874
f 5855 5873 5873
f 5873 5767 5767
f 5873 5767 5767
f 5873 5767 5873
f 5855 5873 5873
f 5873 5767 5767
f 5873 5767 5767
f 5873 5767 5873
f 5855 5873 5855
f 5873 5767 5873
f 5855 5873 5855
f 5873 5873 5855
f 5849 5874 5849
f 5874 5855 5874
f 5849 5874 5849
f 5874 5874 5849
f 5855 5873 5855
f 5873 5767 5873
f 5855 5873 5855
f 5873 5873 5855
f 5849 5874 5849
f 5874 5855 5874
f 5849 5874 5849
f 5874 5874 5849
f 5855 5855 5874
f 5855 5855 5874
f 5874 5874 5849
f 5855 5874 5874
f 5765 5868 5901
f 5868 5853 5903
f 5901 5903 5862
f 5868 5903 5901
f 5853 5869 5909
f 5869 5848 5907
f 5909 5907 5864
f 5869 5907 5909
f 5862 5911 5902
f 5911 5864 5908
f 5902 5908 5851
f 5911 5908 5902
f 5853 5909 5903
f 5909 5864 5911
f 5903 5911 5862
f 5909 5911 5903
f 5848 5867 5897
f 5867 5852 5899
f 5897 5899 5861
f 5867 5899 5897
f 5852 5866 5894
f 5866 5846 5892
f 5894 5892 5859
f 5866 5892 5894
f 5861 5900 5898
f 5900 5859 5893
f 5898 5893 5850
f 5900 5893 5898
f 5852 5894 5899
f 5894 5859 5900
f 5899 5900 5861
f 5894 5900 5899
f 5851 5913 5905
f 5913 5865 5916
f 5905 5916 5863
f 5913 5916 5905
f 5865 5912 5914
f 5912 5850 5896
f 5914 5896 5860
f 5912 5896 5914
f 5863 5906 5904
f 5906 5860 5895
f 5904 5895 5847
f 5906 5895 5904
f 5865 5914 5916
f 5914 5860 5906
f 5916 5906 5863
f 5914 5906 5916
f 5848 5897 5907
f 5897 5861 5910
f 5907 5910 5864
f 5897 5910 5907
f 5861 5898 5915
f 5898 5850 5912
f 5915 5912 5865
f 5898 5912 5915
f 5864 5917 5908
f 5917 5865 5913
f 5908 5913 5851
f 5917 5913 5908
f 5861 5915 5910
f 5915 5865 5917
f 5910 5917 5864
f 5915 5917 5910
f 5765 5901 5901
f 5901 5862 5862
f 5901 5862 5862
f 5901 5862 5901
f 5862 5902 5902
f 5902 5851 5851
f 5902 5851 5851
f 5902 5851 5902
f 5862 5902 5902
f 5902 5851 5851
f 5902 5851 5851
f 5902 5851 5902
f 5862 5902 5862
f 5902 5851 5902
f 5862 5902 5862
f 5902 5902 5862
f 5851 5905 5905
f 5905 5863 5863
f 5905 5863 5863
f 5905 5863 5905
f 5863 5904 5904
f 5904 5847 5847
f 5904 5847 5847
f 5904 5847 5904
f 5863 5904 5904
f 5904 5847 5847
f 5904 5847 5847
f 5904 5847 5904
f 5863 5904 5863
f 5904 5847 5904
f 5863 5904 5863
f 5904 5904 5863
f 5851 5905 5905
f 5905 5863 5863
f 5905 5863 5863
f 5905 5863 5905
f 5863 5904 5904
f 5904 5847 5847
f 5904 5847 5847
f 5904 5847 5904
f 5863 5904 5904
f 5904 5847 5847
f 5904 5847 5847
f 5904 5847 5904
f 5863 5904 5863
f 5904 5847 5904
f 5863 5904 5863
f 5904 5904 5863
f 5851 5905 5851
f 5905 5863 5905
f 5851 5905 5851
f 5905 5905 5851
f 5863 5904 5863
f 5904 5847 5904
f 5863 5904 5863
f 5904 5904 5863
f 5851 5905 5851
f 5905 5863 5905
f 5851 5905 5851
f 5905 5905 5851
f 5863 5863 5905
f 5863 5863 5905
f 5905 5905 5851
f 5863 5905 5905
f 5918 5943 5947
f 5943 5927 5949
f 5947 5949 5929
f 5943 5949 5947
f 5927 5944 5954
f 5944 5922 5952
f 5954 5952 5931
f 5944 5952 5954
f 5929 5955 5948
f 5955 5931 5953
f 5948 5953 5923
f 5955 5953 5948
f 5927 5954 5949
f 5954 5931 5955
f 5949 5955 5929
f 5954 5955 5949
f 5922 5946 5962
f 5946 5928 5964
f 5962 5964 5934
f 5946 5964 5962
f 5928 5945 5958
f 5945 5919 5956
f 5958 5956 5932
f 5945 5956 5958
f 5934 5966 5963
f 5966 5932 5957
f 5963 5957 5924
f 5966 5957 5963
f 5928 5958 5964
f 5958 5932 5966
f 5964 5966 5934
f 5958 5966 5964
f 5923 5967 5951
f 5967 5935 5969
f 5951 5969 5930
f 5967 5969 5951
f 5935 5968 5971
f 5968 5924 5960
f 5971 5960 5933
f 5968 5960 5971
f 5930 5961 5950
f 5961 5933 5959
f 5950 5959 5920
f 5961 5959 5950
f 5935 5971 5969
f 5971 5933 5961
f 5969 5961 5930
f 5971 5961 5969
f 5922 5962 5952
f 5962 5934 5965
f 5952 5965 5931
f 5962 5965 5952
f 5934 5963 5972
f 5963 5924 5968
f 5972 5968 5935
f 5963 5968 5972
f 5931 5970 5953
f 5970 5935 5967
f 5953 5967 5923
f 5970 5967 5953
f 5934 5972 5965
f 5972 5935 5970
f 5965 5970 5931
f 5972 5970 5965
f 5918 5947 5947
f 5947 5929 5929
f 5947 5929 5929
f 5947 5929 5947
f 5929 5948 5948
f 5948 5923 5923
f 5948 5923 5923
f 5948 5923 5948
f 5929 5948 5948
f 5948 5923 5923
f 5948 5923 5923
f 5948 5923 5948
f 5929 5948 5929
f 5948 5923 5948
f 5929 5948 5929
f 5948 5948 5929
f 5923 5951 5951
f 5951 5930 5930
f 5951 5930 5930
f 5951 5930 5951
f 5930 5950 5950
f 5950 5920 5920
f 5950 5920 5920
f 5950 5920 5950
f 5930 5950 5950
f 5950 5920 5920
f 5950 5920 5920
f 5950 5920 5950
f 5930 5950 5930
f 5950 5920 5950
f 5930 5950 5930
f 5950 5950 5930
f 5923 5951 5951
f 5951 5930 5930
f 5951 5930 5930
f 5951 5930 5951
f 5930 5950 5950
f 5950 5920 5920
f 5950 5920 5920
f 5950 5920 5950
f 5930 5950 5950
f 5950 5920 5920
f 5950 5920 5920
f 5950 5920 5950
f 5930 5950 5930
f 5950 5920 5950
f 5930 5950 5930
f 5950 5950 5930
f 5923 5951 5923
f 5951 5930 5951
f 5923 5951 5923
f 5951 5951 5923
f 5930 5950 5930
f 5950 5920 5950
f 5930 5950 5930
f 5950 5950 5930
f 5923 5951 5923
f 5951 5930 5951
f 5923 5951 5923
f 5951 5951 5923
f 5930 5930 5951
f 5930 5930 5951
f 5951 5951 5923
f 5930 5951 5951
f 5919 5945 5982
f 5945 5928 5984
f 5982 5984 5939
f 5945 5984 5982
f 5928 5946 5990
f 5946 5922 5988
f 5990 5988 5941
f 5946 5988 5990
f 5939 5992 5983
f 5992 5941 5989
f 5983 5989 5926
f 5992 5989 5983
f 5928 5990 5984
f 5990 5941 5992
f 5984 5992 5939
f 5990 5992 5984
f 5922 5944 5978
f 5944 5927 5980
f 5978 5980 5938
f 5944 5980 5978
f 5927 5943 5975
f 5943 5918 5973
f 5975 5973 5936
f 5943 5973 5975
f 5938 5981 5979
f 5981 5936 5974
f 5979 5974 5925
f 5981 5974 5979
f 5927 5975 5980
f 5975 5936 5981
f 5980 5981 5938
f 5975 5981 5980
f 5926 5994 5986
f 5994 5942 5997
f 5986 5997 5940
f 5994 5997 5986
f 5942 5993 5995
f 5993 5925 5977
f 5995 5977 5937
f 5993 5977 5995
f 5940 5987 5985
f 5987 5937 5976
f 5985 5976 5921
f 5987 5976 5985
f 5942 5995 5997
f 5995 5937 5987
f 5997 5987 5940
f 5995 5987 5997
f 5922 5978 5988
f 5978 5938 5991
f 5988 5991 5941
f 5978 5991 5988
f 5938 5979 5996
f 5979 5925 5993
f 5996 5993 5942
f 5979 5993 5996
f 5941 5998 5989
f 5998 5942 5994
f 5989 5994 5926
f 5998 5994 5989
f 5938 5996 5991
f 5996 5942 5998
f 5991 5998 5941
f 5996 5998 5991
f 5919 5982 5982
f 5982 5939 5939
f 5982 5939 5939
f 5982 5939 5982
f 5939 5983 5983
f 5983 5926 5926
f 5983 5926 5926
f 5983 5926 5983
f 5939 5983 5983
f 5983 5926 5926
f 5983 5926 5926
f 5983 5926 5983
f 5939 5983 5939
f 5983 5926 5983
f 5939 5983 5939
f 5983 5983 5939
f 5926 5986 5986
f 5986 5940 5940
f 5986 5940 5940
f 5986 5940 5986
f 5940 5985 5985
f 5985 5921 5921
f 5985 5921 5921
f 5985 5921 5985
f 5940 5985 5985
f 5985 5921 5921
f 5985 5921 5921
f 5985 5921 5985
f 5940 5985 5940
f 5985 5921 5985
f 5940 5985 5940
f 5985 5985 5940
f 5926 5986 5986
f 5986 5940 5940
f 5986 5940 5940
f 5986 5940 5986
f 5940 5985 5985
f 5985 5921 5921
f 5985 5921 5921
f 5985 5921 5985
f 5940 5985 5985
f 5985 5921 5921
f 5985 5921 5921
f 5985 5921 5985
f 5940 5985 5940
f 5985 5921 5985
f 5940 5985 5940
f 5985 5985 5940
f 5926 5986 5926
f 5986 5940 5986
f 5926 5986 5926
f 5986 5986 5926
f 5940 5985 5940
f 5985 5921 5985
f 5940 5985 5940
f 5985 5985 5940
f 5926 5986 5926
f 5986 5940 5986
f 5926 5986 5926
f 5986 5986 5926
f 5940 5940 5986
f 5940 5940 5986
f 5986 5986 5926
f 5940 5986 5986
f 5919 6019 5956
f 6019 6005 6023
f 5956 6023 5932
f 6019 6023 5956
f 6005 6020 6026
f 6020 6001 6024
f 6026 6024 6007
f 6020 6024 6026
f 5932 6027 5957
f 6027 6007 6025
f 5957 6025 5924
f 6027 6025 5957
f 6005 6026 6023
f 6026 6007 6027
f 6023 6027 5932
f 6026 6027 6023
f 6001 6022 6034
f 6022 6006 6036
f 6034 6036 6010
f 6022 6036 6034
f 6006 6021 6030
f 6021 5999 6028
f 6030 6028 6008
f 6021 6028 6030
f 6010 6038 6035
f 6038 6008 6029
f 6035 6029 6002
f 6038 6029 6035
f 6006 6030 6036
f 6030 6008 6038
f 6036 6038 6010
f 6030 6038 6036
f 5924 6039 5960
f 6039 6011 6041
f 5960 6041 5933
f 6039 6041 5960
f 6011 6040 6043
f 6040 6002 6032
f 6043 6032 6009
f 6040 6032 6043
f 5933 6033 5959
f 6033 6009 6031
f 5959 6031 5920
f 6033 6031 5959
f 6011 6043 6041
f 6043 6009 6033
f 6041 6033 5933
f 6043 6033 6041
f 6001 6034 6024
f 6034 6010 6037
f 6024 6037 6007
f 6034 6037 6024
f 6010 6035 6044
f 6035 6002 6040
f 6044 6040 6011
f 6035 6040 6044
f 6007 6042 6025
f 6042 6011 6039
f 6025 6039 5924
f 6042 6039 6025
f 6010 6044 6037
f 6044 6011 6042
f 6037 6042 6007
f 6044 6042 6037
f 5919 5956 5956
f 5956 5932 5932
f 5956 5932 5932
f 5956 5932 5956
f 5932 5957 5957
f 5957 5924 5924
f 5957 5924 5924
f 5957 5924 5957
f 5932 5957 5957
f 5957 5924 5924
f 5957 5924 5924
f 5957 5924 5957
f 5932 5957 5932
f 5957 5924 5957
f 5932 5957 5932
f 5957 5957 5932
f 5924 5960 5960
f 5960 5933 5933
f 5960 5933 5933
f 5960 5933 5960
f 5933 5959 5959
f 5959 5920 5920
f 5959 5920 5920
f 5959 5920 5959
f 5933 5959 5959
f 5959 5920 5920
f 5959 5920 5920
f 5959 5920 5959
f 5933 5959 5933
f 5959 5920 5959
f 5933 5959 5933
f 5959 5959 5933
f 5924 5960 5960
f 5960 5933 5933
f 5960 5933 5933
f 5960 5933 5960
f 5933 5959 5959
f 5959 5920 5920
f 5959 5920 5920
f 5959 5920 5959
f 5933 5959 5959
f 5959 5920 5920
f 5959 5920 5920
f 5959 5920 5959
f 5933 5959 5933
f 5959 5920 5959
f 5933 5959 5933
f 5959 5959 5933
f 5924 5960 5924
f 5960 5933 5960
f 5924 5960 5924
f 5960 5960 5924
f 5933 5959 5933
f 5959 5920 5959
f 5933 5959 5933
f 5959 5959 5933
f 5924 5960 5924
f 5960 5933 5960
f 5924 5960 5924
f 5960 5960 5924
f 5933 5933 5960
f 5933 5933 5960
f 5960 5960 5924
f 5933 5960 5960
f 5999 6021 6054
f 6021 6006 6056
f 6054 6056 6015
f 6021 6056 6054
f 6006 6022 6062
f 6022 6001 6060
f 6062 6060 6017
f 6022 6060 6062
f 6015 6064 6055
f 6064 6017 6061
f 6055 6061 6004
f 6064 6061 6055
f 6006 6062 6056
f 6062 6017 6064
f 6056 6064 6015
f 6062 6064 6056
f 6001 6020 6050
f 6020 6005 6052
f 6050 6052 6014
f 6020 6052 6050
f 6005 6019 6047
f 6019 5919 6045
f 6047 6045 6012
f 6019 6045 6047
f 6014 6053 6051
f 6053 6012 6046
f 6051 6046 6003
f 6053 6046 6051
f 6005 6047 6052
f 6047 6012 6053
f 6052 6053 6014
f 6047 6053 6052
f 6004 6066 6058
f 6066 6018 6069
f 6058 6069 6016
f 6066 6069 6058
f 6018 6065 6067
f 6065 6003 6049
f 6067 6049 6013
f 6065 6049 6067
f 6016 6059 6057
f 6059 6013 6048
f 6057 6048 6000
f 6059 6048 6057
f 6018 6067 6069
f 6067 6013 6059
f 6069 6059 6016
f 6067 6059 6069
f 6001 6050 6060
f 6050 6014 6063
f 6060 6063 6017
f 6050 6063 6060
f 6014 6051 6068
f 6051 6003 6065
f 6068 6065 6018
f 6051 6065 6068
f 6017 6070 6061
f 6070 6018 6066
f 6061 6066 6004
f 6070 6066 6061
f 6014 6068 6063
f 6068 6018 6070
f 6063 6070 6017
f 6068 6070 6063
f 5999 6054 6054
f 6054 6015 6015
f 6054 6015 6015
f 6054 6015 6054
f 6015 6055 6055
f 6055 6004 6004
f 6055 6004 6004
f 6055 6004 6055
f 6015 6055 6055
f 6055 6004 6004
f 6055 6004 6004
f 6055 6004 6055
f 6015 6055 6015
f 6055 6004 6055
f 6015 6055 6015
f 6055 6055 6015
f 6004 6058 6058
f 6058 6016 6016
f 6058 6016 6016
f 6058 6016 6058
f 6016 6057 6057
f 6057 6000 6000
f 6057 6000 6000
f 6057 6000 6057
f 6016 6057 6057
f 6057 6000 6000
f 6057 6000 6000
f 6057 6000 6057
f 6016 6057 6016
f 6057 6000 6057
f 6016 6057 6016
f 6057 6057 6016
f 6004 6058 6058
f 6058 6016 6016
f 6058 6016 6016
f 6058 6016 6058
f 6016 6057 6057
f 6057 6000 6000
f 6057 6000 6000
f 6057 6000 6057
f 6016 6057 6057
f 6057 6000 6000
f 6057 6000 6000
f 6057 6000 6057
f 6016 6057 6016
f 6057 6000 6057
f 6016 6057 6016
f 6057 6057 6016
f 6004 6058 6004
f 6058 6016 6058
f 6004 6058 6004
f 6058 6058 6004
f 6016 6057 6016
f 6057 6000 6057
f 6016 6057 6016
f 6057 6057 6016
f 6004 6058 6004
f 6058 6016 6058
f 6004 6058 6004
f 6058 6058 6004
f 6016 6016 6058
f 6016 6016 6058
f 6058 6058 6004
f 6016 6058 6058
f 6071 6096 6100
f 6096 6080 6102
f 6100 6102 6082
f 6096 6102 6100
f 6080 6097 6107
f 6097 6075 6105
f 6107 6105 6084
f 6097 6105 6107
f 6082 6108 6101
f 6108 6084 6106
f 6101 6106 6076
f 6108 6106 6101
f 6080 6107 6102
f 6107 6084 6108
f 6102 6108 6082
f 6107 6108 6102
f 6075 6099 6115
f 6099 6081 6117
f 6115 6117 6087
f 6099 6117 6115
f 6081 6098 6111
f 6098 6072 6109
f 6111 6109 6085
f 6098 6109 6111
f 6087 6119 6116
f 6119 6085 6110
f 6116 6110 6077
f 6119 6110 6116
f 6081 6111 6117
f 6111 6085 6119
f 6117 6119 6087
f 6111 6119 6117
f 6076 6120 6104
f 6120 6088 6122
f 6104 6122 6083
f 6120 6122 6104
f 6088 6121 6124
f 6121 6077 6113
f 6124 6113 6086
f 6121 6113 6124
f 6083 6114 6103
f 6114 6086 6112
f 6103 6112 6073
f 6114 6112 6103
f 6088 6124 6122
f 6124 6086 6114
f 6122 6114 6083
f 6124 6114 6122
f 6075 6115 6105
f 6115 6087 6118
f 6105 6118 6084
f 6115 6118 6105
f 6087 6116 6125
f 6116 6077 6121
f 6125 6121 6088
f 6116 6121 6125
f 6084 6123 6106
f 6123 6088 6120
f 6106 6120 6076
f 6123 6120 6106
f 6087 6125 6118
f 6125 6088 6123
f 6118 6123 6084
f 6125 6123 6118
f 6071 6100 6100
f 6100 6082 6082
f 6100 6082 6082
f 6100 6082 6100
f 6082 6101 6101
f 6101 6076 6076
f 6101 6076 6076
f 6101 6076 6101
f 6082 6101 6101
f 6101 6076 6076
f 6101 6076 6076
f 6101 6076 6101
f 6082 6101 6082
f 6101 6076 6101
f 6082 6101 6082
f 6101 6101 6082
f 6076 6104 6104
f 6104 6083 6083
f 6104 6083 6083
f 6104 6083 6104
f 6083 6103 6103
f 6103 6073 6073
f 6103 6073 6073
f 6103 6073 6103
f 6083 6103 6103
f 6103 6073 6073
f 6103 6073 6073
f 6103 6073 6103
f 6083 6103 6083
f 6103 6073 6103
f 6083 6103 6083
f 6103 6103 6083
f 6076 6104 6104
f 6104 6083 6083
f 6104 6083 6083
f 6104 6083 6104
f 6083 6103 6103
f 6103 6073 6073
f 6103 6073 6073
f 6103 6073 6103
f 6083 6103 6103
f 6103 6073 6073
f 6103 6073 6073
f 6103 6073 6103
f 6083 6103 6083
f 6103 6073 6103
f 6083 6103 6083
f 6103 6103 6083
f 6076 6104 6076
f 6104 6083 6104
f 6076 6104 6076
f 6104 6104 6076
f 6083 6103 6083
f 6103 6073 6103
f 6083 6103 6083
f 6103 6103 6083
f 6076 6104 6076
f 6104 6083 6104
f 6076 6104 6076
f 6104 6104 6076
f 6083 6083 6104
f 6083 6083 6104
f 6104 6104 6076
f 6083 6104 6104
f 6072 6098 6135
f 6098 6081 6137
f 6135 6137 6092
f 6098 6137 6135
f 6081 6099 6143
f 6099 6075 6141
f 6143 6141 6094
f 6099 6141 6143
f 6092 6145 6136
f 6145 6094 6142
f 6136 6142 6079
f 6145 6142 6136
f 6081 6143 6137
f 6143 6094 6145
f 6137 6145 6092
f 6143 6145 6137
f 6075 6097 6131
f 6097 6080 6133
f 6131 6133 6091
f 6097 6133 6131
f 6080 6096 6128
f 6096 6071 6126
f 6128 6126 6089
f 6096 6126 6128
f 6091 6134 6132
f 6134 6089 6127
f 6132 6127 6078
f 6134 6127 6132
f 6080 6128 6133
f 6128 6089 6134
f 6133 6134 6091
f 6128 6134 6133
f 6079 6147 6139
f 6147 6095 6150
f 6139 6150 6093
f 6147 6150 6139
f 6095 6146 6148
f 6146 6078 6130
f 6148 6130 6090
f 6146 6130 6148
f 6093 6140 6138
f 6140 6090 6129
f 6138 6129 6074
f 6140 6129 6138
f 6095 6148 6150
f 6148 6090 6140
f 6150 6140 6093
f 6148 6140 6150
f 6075 6131 6141
f 6131 6091 6144
f 6141 6144 6094
f 6131 6144 6141
f 6091 6132 6149
f 6132 6078 6146
f 6149 6146 6095
f 6132 6146 6149
f 6094 6151 6142
f 6151 6095 6147
f 6142 6147 6079
f 6151 6147 6142
f 6091 6149 6144
f 6149 6095 6151
f 6144 6151 6094
f 6149 6151 6144
f 6072 6135 6135
f 6135 6092 6092
f 6135 6092 6092
f 6135 6092 6135
f 6092 6136 6136
f 6136 6079 6079
f 6136 6079 6079
f 6136 6079 6136
f 6092 6136 6136
f 6136 6079 6079
f 6136 6079 6079
f 6136 6079 6136
f 6092 6136 6092
f 6136 6079 6136
f 6092 6136 6092
f 6136 6136 6092
f 6079 6139 6139
f 6139 6093 6093
f 6139 6093 6093
f 6139 6093 6139
f 6093 6138 6138
f 6138 6074 6074
f 6138 6074 6074
f 6138 6074 6138
f 6093 6138 6138
f 6138 6074 6074
f 6138 6074 6074
f 6138 6074 6138
f 6093 6138 6093
f 6138 6074 6138
f 6093 6138 6093
f 6138 6138 6093
f 6079 6139 6139
f 6139 6093 6093
f 6139 6093 6093
f 6139 6093 6139
f 6093 6138 6138
f 6138 6074 6074
f 6138 6074 6074
f 6138 6074 6138
f 6093 6138 6138
f 6138 6074 6074
f 6138 6074 6074
f 6138 6074 6138
f 6093 6138 6093
f 6138 6074 6138
f 6093 6138 6093
f 6138 6138 6093
f 6079 6139 6079
f 6139 6093 6139
f 6079 6139 6079
f 6139 6139 6079
f 6093 6138 6093
f 6138 6074 6138
f 6093 6138 6093
f 6138 6138 6093
f 6079 6139 6079
f 6139 6093 6139
f 6079 6139 6079
f 6139 6139 6079
f 6093 6093 6139
f 6093 6093 6139
f 6139 6139 6079
f 6093 6139 6139
f 6072 6172 6109
f 6172 6158 6176
f 6109 6176 6085
f 6172 6176 6109
f 6158 6173 6179
f 6173 6154 6177
f 6179 6177 6160
f 6173 6177 6179
f 6085 6180 6110
f 6180 6160 6178
f 6110 6178 6077
f 6180 6178 6110
f 6158 6179 6176
f 6179 6160 6180
f 6176 6180 6085
f 6179 6180 6176
f 6154 6175 6187
f 6175 6159 6189
f 6187 6189 6163
f 6175 6189 6187
f 6159 6174 6183
f 6174 6152 6181
f 6183 6181 6161
f 6174 6181 6183
f 6163 6191 6188
f 6191 6161 6182
f 6188 6182 6155
f 6191 6182 6188
f 6159 6183 6189
f 6183 6161 6191
f 6189 6191 6163
f 6183 6191 6189
f 6077 6192 6113
f 6192 6164 6194
f 6113 6194 6086
f 6192 6194 6113
f 6164 6193 6196
f 6193 6155 6185
f 6196 6185 6162
f 6193 6185 6196
f 6086 6186 6112
f 6186 6162 6184
f 6112 6184 6073
f 6186 6184 6112
f 6164 6196 6194
f 6196 6162 6186
f 6194 6186 6086
f 6196 6186 6194
f 6154 6187 6177
f 6187 6163 6190
f 6177 6190 6160
f 6187 6190 6177
f 6163 6188 6197
f 6188 6155 6193
f 6197 6193 6164
f 6188 6193 6197
f 6160 6195 6178
f 6195 6164 6192
f 6178 6192 6077
f 6195 6192 6178
f 6163 6197 6190
f 6197 6164 6195
f 6190 6195 6160
f 6197 6195 6190
f 6072 6109 6109
f 6109 6085 6085
f 6109 6085 6085
f 6109 6085 6109
f 6085 6110 6110
f 6110 6077 6077
f 6110 6077 6077
f 6110 6077 6110
f 6085 6110 6110
f 6110 6077 6077
f 6110 6077 6077
f 6110 6077 6110
f 6085 6110 6085
f 6110 6077 6110
f 6085 6110 6085
f 6110 6110 6085
f 6077 6113 6113
f 6113 6086 6086
f 6113 6086 6086
f 6113 6086 6113
f 6086 6112 6112
f 6112 6073 6073
f 6112 6073 6073
f 6112 6073 6112
f 6086 6112 6112
f 6112 6073 6073
f 6112 6073 6073
f 6112 6073 6112
f 6086 6112 6086
f 6112 6073 6112
f 6086 6112 6086
f 6112 6112 6086
f 6077 6113 6113
f 6113 6086 6086
f 6113 6086 6086
f 6113 6086 6113
f 6086 6112 6112
f 6112 6073 6073
f 6112 6073 6073
f 6112 6073 6112
f 6086 6112 6112
f 6112 6073 6073
f 6112 6073 6073
f 6112 6073 6112
f 6086 6112 6086
f 6112 6073 6112
f 6086 6112 6086
f 6112 6112 6086
f 6077 6113 6077
f 6113 6086 6113
f 6077 6113 6077
f 6113 6113 6077
f 6086 6112 6086
f 6112 6073 6112
f 6086 6112 6086
f 6112 6112 6086
f 6077 6113 6077
f 6113 6086 6113
f 6077 6113 6077
f 6113 6113 6077
f 6086 6086 6113
f 6086 6086 6113
f 6113 6113 6077
f 6086 6113 6113
f 6152 6174 6207
f 6174 6159 6209
f 6207 6209 6168
f 6174 6209 6207
f 6159 6175 6215
f 6175 6154 6213
f 6215 6213 6170
f 6175 6213 6215
f 6168 6217 6208
f 6217 6170 6214
f 6208 6214 6157
f 6217 6214 6208
f 6159 6215 6209
f 6215 6170 6217
f 6209 6217 6168
f 6215 6217 6209
f 6154 6173 6203
f 6173 6158 6205
f 6203 6205 6167
f 6173 6205 6203
f 6158 6172 6200
f 6172 6072 6198
f 6200 6198 6165
f 6172 6198 6200
f 6167 6206 6204
f 6206 6165 6199
f 6204 6199 6156
f 6206 6199 6204
f 6158 6200 6205
f 6200 6165 6206
f 6205 6206 6167
f 6200 6206 6205
f 6157 6219 6211
f 6219 6171 6222
f 6211 6222 6169
f 6219 6222 6211
f 6171 6218 6220
f 6218 6156 6202
f 6220 6202 6166
f 6218 6202 6220
f 6169 6212 6210
f 6212 6166 6201
f 6210 6201 6153
f 6212 6201 6210
f 6171 6220 6222
f 6220 6166 6212
f 6222 6212 6169
f 6220 6212 6222
f 6154 6203 6213
f 6203 6167 6216
f 6213 6216 6170
f 6203 6216 6213
f 6167 6204 6221
f 6204 6156 6218
f 6221 6218 6171
f 6204 6218 6221
f 6170 6223 6214
f 6223 6171 6219
f 6214 6219 6157
f 6223 6219 6214
f 6167 6221 6216
f 6221 6171 6223
f 6216 6223 6170
f 6221 6223 6216
f 6152 6207 6207
f 6207 6168 6168
f 6207 6168 6168
f 6207 6168 6207
f 6168 6208 6208
f 6208 6157 6157
f 6208 6157 6157
f 6208 6157 6208
f 6168 6208 6208
f 6208 6157 6157
f 6208 6157 6157
f 6208 6157 6208
f 6168 6208 6168
f 6208 6157 6208
f 6168 6208 6168
f 6208 6208 6168
f 6157 6211 6211
f 6211 6169 6169
f 6211 6169 6169
f 6211 6169 6211
f 6169 6210 6210
f 6210 6153 6153
f 6210 6153 6153
f 6210 6153 6210
f 6169 6210 6210
f 6210 6153 6153
f 6210 6153 6153
f 6210 6153 6210
f 6169 6210 6169
f 6210 6153 6210
f 6169 6210 6169
f 6210 6210 6169
f 6157 6211 6211
f 6211 6169 6169
f 6211 6169 6169
f 6211 6169 6211
f 6169 6210 6210
f 6210 6153 6153
f 6210 6153 6153
f 6210 6153 6210
f 6169 6210 6210
f 6210 6153 6153
f 6210 6153 6153
f 6210 6153 6210
f 6169 6210 6169
f 6210 6153 6210
f 6169 6210 6169
f 6210 6210 6169
f 6157 6211 6157
f 6211 6169 6211
f 6157 6211 6157
f 6211 6211 6157
f 6169 6210 6169
f 6210 6153 6210
f 6169 6210 6169
f 6210 6210 6169
f 6157 6211 6157
f 6211 6169 6211
f 6157 6211 6157
f 6211 6211 6157
f 6169 6169 6211
f 6169 6169 6211
f 6211 6211 6157
f 6169 6211 6211