# https://github.com/mikedh/trimesh
v 3.65000010 -0.94999999 2.09999990
v 4.50000000 -0.94999999 2.95000005
v 4.50000000 -0.94999999 0.00000000
v 2.75000000 -0.94999999 0.00000000
v 2.65000010 -0.94999999 0.00000000
v 2.75000000 -0.94999999 2.09999990
v 2.65000010 -0.94999999 2.95000005
v 3.65000010 -0.94999999 0.00000000
v 4.07500005 -0.94999999 2.52499998
v 4.07500005 -0.94999999 1.04999995
v 4.50000000 -0.94999999 1.47500002
v 2.70000005 -0.94999999 0.00000000
v 3.20000005 -0.94999999 2.09999990
v 2.75000000 -0.94999999 1.04999995
v 2.70000005 -0.94999999 1.04999995
v 3.15000010 -0.94999999 2.52499998
v 3.57500005 -0.94999999 2.95000005
v 2.65000010 -0.94999999 1.47500002
v 2.70000005 -0.94999999 2.52499998
v 3.65000010 -0.94999999 1.04999995
v 4.07500005 -0.94999999 0.00000000
v 3.86250007 -0.94999999 2.31249994
v 4.28750002 -0.94999999 2.73750001
v 3.86250007 -0.94999999 1.57499993
v 4.28750002 -0.94999999 0.52499998
v 4.07500005 -0.94999999 1.78749996
v 4.50000000 -0.94999999 2.21250004
v 4.50000000 -0.94999999 0.73750001
v 4.28750002 -0.94999999 2.00000000
v 4.28750002 -0.94999999 1.26249999
v 2.72500002 -0.94999999 0.00000000
v 2.67500007 -0.94999999 0.00000000
v 3.42500007 -0.94999999 2.09999990
v 2.97500002 -0.94999999 2.09999990
v 2.75000000 -0.94999999 0.52499998
v 2.75000000 -0.94999999 1.57499993
v 2.72500002 -0.94999999 0.52499998
v 2.67500007 -0.94999999 0.52499998
v 2.72500002 -0.94999999 1.57499993
v 2.70000005 -0.94999999 0.52499998
v 2.72500002 -0.94999999 1.04999995
v 3.40000010 -0.94999999 2.31249994
v 2.90000010 -0.94999999 2.73750001
v 3.61250007 -0.94999999 2.52499998
v 3.17500007 -0.94999999 2.31249994
v 4.03750002 -0.94999999 2.95000005
v 3.11250007 -0.94999999 2.95000005
v 3.82500005 -0.94999999 2.73750001
v 3.36250007 -0.94999999 2.73750001
v 2.65000010 -0.94999999 0.73750001
v 2.65000010 -0.94999999 2.21250004
v 2.67500007 -0.94999999 1.26249999
v 2.72500002 -0.94999999 2.31249994
v 2.67500007 -0.94999999 2.73750001
v 2.95000005 -0.94999999 2.31249994
v 2.70000005 -0.94999999 1.78749996
v 2.92500007 -0.94999999 2.52499998
v 2.67500007 -0.94999999 2.00000000
v 3.65000010 -0.94999999 1.57499993
v 3.65000010 -0.94999999 0.52499998
v 3.86250007 -0.94999999 1.04999995
v 4.28750002 -0.94999999 0.00000000
v 3.86250007 -0.94999999 0.00000000
v 4.07500005 -0.94999999 0.52499998
v 3.86250007 -0.94999999 0.52499998
v 3.75625008 -0.94999999 2.20624992
v 3.96875006 -0.94999999 2.41874996
v 4.39375001 -0.94999999 2.84375003
v 4.18125004 -0.94999999 2.63124999
v 3.75625008 -0.94999999 1.83749992
v 3.96875006 -0.94999999 1.31249994
v 3.86250007 -0.94999999 1.94374993
v 4.39375001 -0.94999999 0.26249999
v 4.18125004 -0.94999999 0.78749996
v 4.07500005 -0.94999999 2.15624997
v 4.07500005 -0.94999999 1.41874996
v 3.96875006 -0.94999999 2.04999995
v 3.96875006 -0.94999999 1.68124995
v 4.50000000 -0.94999999 2.58125004
v 4.50000000 -0.94999999 1.84375003
v 4.39375001 -0.94999999 2.47500002
v 4.50000000 -0.94999999 0.36875001
v 4.50000000 -0.94999999 1.10625002
v 4.39375001 -0.94999999 0.63124999
v 4.18125004 -0.94999999 2.26249999
v 4.39375001 -0.94999999 1.73750001
v 4.28750002 -0.94999999 2.36875001
v 4.18125004 -0.94999999 1.89374998
v 4.39375001 -0.94999999 2.10625002
v 4.18125004 -0.94999999 1.15624997
v 4.39375001 -0.94999999 1.36875001
v 4.28750002 -0.94999999 0.89374998
v 4.18125004 -0.94999999 1.52499998
v 4.39375001 -0.94999999 1.00000000
v 4.28750002 -0.94999999 1.63124999
v 2.73750001 -0.94999999 0.00000000
v 2.71250004 -0.94999999 0.00000000
v 2.66250008 -0.94999999 0.00000000
v 2.68750006 -0.94999999 0.00000000
v 3.53750008 -0.94999999 2.09999990
v 3.31250006 -0.94999999 2.09999990
v 2.86250001 -0.94999999 2.09999990
v 3.08750004 -0.94999999 2.09999990
v 2.75000000 -0.94999999 0.26249999
v 2.75000000 -0.94999999 0.78749996
v 2.73750001 -0.94999999 0.26249999
v 2.75000000 -0.94999999 1.83749992
v 2.75000000 -0.94999999 1.31249994
v 2.71250004 -0.94999999 0.26249999
v 2.73750001 -0.94999999 0.78749996
v 2.72500002 -0.94999999 0.26249999
v 2.73750001 -0.94999999 0.52499998
v 2.66250008 -0.94999999 0.26249999
v 2.68750006 -0.94999999 0.78749996
v 2.67500007 -0.94999999 0.26249999
v 2.73750001 -0.94999999 1.83749992
v 2.71250004 -0.94999999 1.31249994
v 2.73750001 -0.94999999 1.57499993
v 2.70000005 -0.94999999 0.26249999
v 2.70000005 -0.94999999 0.78749996
v 2.68750006 -0.94999999 0.26249999
v 2.71250004 -0.94999999 0.52499998
v 2.68750006 -0.94999999 0.52499998
v 2.73750001 -0.94999999 1.04999995
v 2.71250004 -0.94999999 1.04999995
v 2.73750001 -0.94999999 1.31249994
v 2.72500002 -0.94999999 0.78749996
v 2.72500002 -0.94999999 1.31249994
v 2.71250004 -0.94999999 0.78749996
v 3.52500010 -0.94999999 2.20624992
v 3.27500010 -0.94999999 2.41874996
v 3.63125008 -0.94999999 2.31249994
v 3.41250008 -0.94999999 2.20624992
v 2.77500010 -0.94999999 2.84375003
v 3.02500010 -0.94999999 2.63124999
v 3.84375006 -0.94999999 2.52499998
v 3.38125008 -0.94999999 2.52499998
v 3.73750007 -0.94999999 2.41874996
v 3.50625008 -0.94999999 2.41874996
v 3.18750006 -0.94999999 2.20624992
v 3.16250008 -0.94999999 2.41874996
v 3.30000007 -0.94999999 2.20624992
v 3.28750008 -0.94999999 2.31249994
v 4.26875001 -0.94999999 2.95000005
v 3.80625004 -0.94999999 2.95000005
v 4.16250002 -0.94999999 2.84375003
v 2.88125008 -0.94999999 2.95000005
v 3.34375006 -0.94999999 2.95000005
v 3.00625008 -0.94999999 2.84375003
v 3.95000005 -0.94999999 2.63124999
v 3.70000005 -0.94999999 2.84375003
v 4.05625004 -0.94999999 2.73750001
v 3.71875006 -0.94999999 2.63124999
v 3.93125004 -0.94999999 2.84375003
v 3.25625008 -0.94999999 2.63124999
v 3.46875006 -0.94999999 2.84375003
v 3.13125008 -0.94999999 2.73750001
v 3.48750007 -0.94999999 2.63124999
v 3.23750007 -0.94999999 2.84375003
v 3.59375006 -0.94999999 2.73750001
v 2.65000010 -0.94999999 0.36875001
v 2.65000010 -0.94999999 1.10625002
v 2.66250008 -0.94999999 0.63124999
v 2.65000010 -0.94999999 2.58125004
v 2.65000010 -0.94999999 1.84375003
v 2.68750006 -0.94999999 1.15624997
v 2.66250008 -0.94999999 1.36875001
v 2.67500007 -0.94999999 0.89374998
v 2.66250008 -0.94999999 1.00000000
v 2.73750001 -0.94999999 2.20624992
v 2.71250004 -0.94999999 2.41874996
v 2.85000002 -0.94999999 2.20624992
v 2.72500002 -0.94999999 1.94374993
v 2.66250008 -0.94999999 2.84375003
v 2.68750006 -0.94999999 2.63124999
v 2.78750008 -0.94999999 2.73750001
v 2.66250008 -0.94999999 2.47500002
v 3.07500005 -0.94999999 2.20624992
v 2.82500005 -0.94999999 2.41874996
v 2.96250004 -0.94999999 2.20624992
v 3.06250006 -0.94999999 2.31249994
v 2.83750004 -0.94999999 2.31249994
v 2.70000005 -0.94999999 1.41874996
v 2.70000005 -0.94999999 2.15624997
v 2.71250004 -0.94999999 1.68124995
v 2.68750006 -0.94999999 1.52499998
v 2.71250004 -0.94999999 2.04999995
v 3.03750008 -0.94999999 2.52499998
v 2.81250006 -0.94999999 2.52499998
v 2.91250008 -0.94999999 2.63124999
v 3.05000007 -0.94999999 2.41874996
v 2.80000007 -0.94999999 2.63124999
v 2.93750006 -0.94999999 2.41874996
v 2.66250008 -0.94999999 1.73750001
v 2.68750006 -0.94999999 2.26249999
v 2.66250008 -0.94999999 2.10625002
v 2.67500007 -0.94999999 1.63124999
v 2.67500007 -0.94999999 2.36875001
v 2.68750006 -0.94999999 1.89374998
v 3.65000010 -0.94999999 1.83749992
v 3.65000010 -0.94999999 1.31249994
v 3.75625008 -0.94999999 1.57499993
v 3.65000010 -0.94999999 0.26249999
v 3.65000010 -0.94999999 0.78749996
v 3.96875006 -0.94999999 1.04999995
v 3.75625008 -0.94999999 1.04999995
v 3.86250007 -0.94999999 1.31249994
v 3.75625008 -0.94999999 1.31249994
v 4.39375001 -0.94999999 0.00000000
v 4.18125004 -0.94999999 0.00000000
v 4.28750002 -0.94999999 0.26249999
v 3.75625008 -0.94999999 0.00000000
v 3.96875006 -0.94999999 0.00000000
v 3.75625008 -0.94999999 0.26249999
v 4.07500005 -0.94999999 0.78749996
v 4.07500005 -0.94999999 0.26249999
v 4.18125004 -0.94999999 0.52499998
v 3.96875006 -0.94999999 0.78749996
v 4.18125004 -0.94999999 0.26249999
v 3.75625008 -0.94999999 0.78749996
v 3.96875006 -0.94999999 0.26249999
v 3.75625008 -0.94999999 0.52499998
v 3.86250007 -0.94999999 0.78749996
v 3.86250007 -0.94999999 0.26249999
v 3.96875006 -0.94999999 0.52499998
v 2.65000010 -2.12500000 1.00000000
v 2.65000010 -2.15338969 1.00000000
v 2.65000010 -2.12500000 1.95000005
v 2.65000010 -3.29661012 1.95000005
v 2.65000010 -4.50000000 2.95000005
v 2.65000010 -4.50000000 0.00000000
v 2.65000010 -3.32500005 1.95000005
v 2.65000010 -3.32500005 1.00000000
v 2.65000010 -1.53749999 0.50000000
v 2.65000010 -2.13919485 1.00000000
v 2.65000010 -1.55169484 0.50000000
v 2.65000010 -2.12500000 1.47500002
v 2.65000010 -1.53749999 0.97500002
v 2.65000010 -1.53749999 2.45000005
v 2.65000010 -2.71080506 1.95000005
v 2.65000010 -2.12330505 2.45000005
v 2.65000010 -2.72499999 2.95000005
v 2.65000010 -3.89830506 2.45000005
v 2.65000010 -2.72499999 0.00000000
v 2.65000010 -3.32669485 0.50000000
v 2.65000010 -4.50000000 1.47500002
v 2.65000010 -3.31080508 1.95000005
v 2.65000010 -3.91250002 2.45000005
v 2.65000010 -3.91250002 0.97500002
v 2.65000010 -2.73919487 1.00000000
v 2.65000010 -3.91250002 0.50000000
v 2.65000010 -3.32500005 1.47500002
v 2.65000010 -1.83125000 0.75000000
v 2.65000010 -1.24374999 0.25000000
v 2.65000010 -2.13209742 1.00000000
v 2.65000010 -2.14629227 1.00000000
v 2.65000010 -1.83834742 0.75000000
v 2.65000010 -1.25084741 0.25000000
v 2.65000010 -1.85254227 0.75000000
v 2.65000010 -1.54459742 0.50000000
v 2.65000010 -1.84544484 0.75000000
v 2.65000010 -2.12500000 1.23750001
v 2.65000010 -2.12500000 1.71250004
v 2.65000010 -1.83125000 0.98750001
v 2.65000010 -1.24374999 0.48750001
v 2.65000010 -1.83125000 1.46250004
v 2.65000010 -1.53749999 0.73750001
v 2.65000010 -1.83125000 1.22500002
v 2.65000010 -1.24374999 1.22500002
v 2.65000010 -1.83125000 2.20000005
v 2.65000010 -1.24374999 2.70000005
v 2.65000010 -1.53749999 1.71250004
v 2.65000010 -1.24374999 1.96250004
v 2.65000010 -2.41790253 1.95000005
v 2.65000010 -3.00370759 1.95000005
v 2.65000010 -2.12415253 2.20000005
v 2.65000010 -1.53665252 2.70000005
v 2.65000010 -2.70995758 2.20000005
v 2.65000010 -1.83040252 2.45000005
v 2.65000010 -2.41705506 2.20000005
v 2.65000010 -1.83749999 2.95000005
v 2.65000010 -3.61250000 2.95000005
v 2.65000010 -2.42415252 2.70000005
v 2.65000010 -3.59745759 2.20000005
v 2.65000010 -4.19915253 2.70000005
v 2.65000010 -3.01080506 2.45000005
v 2.65000010 -3.31165253 2.70000005
v 2.65000010 -1.83749999 0.00000000
v 2.65000010 -3.61250000 0.00000000
v 2.65000010 -2.13834742 0.25000000
v 2.65000010 -2.74004227 0.75000000
v 2.65000010 -3.91334742 0.25000000
v 2.65000010 -2.43919484 0.50000000
v 2.65000010 -3.02584742 0.25000000
v 2.65000010 -4.50000000 2.21250004
v 2.65000010 -4.50000000 0.73750001
v 2.65000010 -3.30370760 1.95000005
v 2.65000010 -3.31790257 1.95000005
v 2.65000010 -3.60455507 2.20000005
v 2.65000010 -4.20625001 2.70000005
v 2.65000010 -3.61875004 2.20000005
v 2.65000010 -3.90540254 2.45000005
v 2.65000010 -4.20625001 1.96250004
v 2.65000010 -3.61165255 2.20000005
v 2.65000010 -4.20625001 0.48750001
v 2.65000010 -3.61875004 1.46250004
v 2.65000010 -4.20625001 1.22500002
v 2.65000010 -3.91250002 1.71250004
v 2.65000010 -2.44629228 1.00000000
v 2.65000010 -3.03209746 1.00000000
v 2.65000010 -3.03294486 0.75000000
v 2.65000010 -4.20625001 0.25000000
v 2.65000010 -3.61875004 0.75000000
v 2.65000010 -3.61959743 0.50000000
v 2.65000010 -3.91250002 0.73750001
v 2.65000010 -3.32584745 0.75000000
v 2.65000010 -3.32500005 1.71250004
v 2.65000010 -3.32500005 1.23750001
v 2.65000010 -3.61875004 1.22500002
v 2.65000010 -3.61875004 0.98750001
v 2.65000010 -1.97812500 0.87500000
v 2.65000010 -1.68437500 0.62500000
v 2.65000010 -1.09687499 0.12500000
v 2.65000010 -1.39062499 0.37500000
v 2.65000010 -2.12854871 1.00000000
v 2.65000010 -2.13564613 1.00000000
v 2.65000010 -1.98167371 0.87500000
v 2.65000010 -2.14984098 1.00000000
v 2.65000010 -2.14274356 1.00000000
v 2.65000010 -1.68792371 0.62500000
v 2.65000010 -1.98877113 0.87500000
v 2.65000010 -1.83479871 0.75000000
v 2.65000010 -1.98522242 0.87500000
v 2.65000010 -1.10042370 0.12500000
v 2.65000010 -1.40127113 0.37500000
v 2.65000010 -1.24729870 0.25000000
v 2.65000010 -2.00296598 0.87500000
v 2.65000010 -1.70211855 0.62500000
v 2.65000010 -1.99941727 0.87500000
v 2.65000010 -1.54104871 0.50000000
v 2.65000010 -1.54814613 0.50000000
v 2.65000010 -1.39417370 0.37500000
v 2.65000010 -1.69147242 0.62500000
v 2.65000010 -1.39772242 0.37500000
v 2.65000010 -1.99231984 0.87500000
v 2.65000010 -1.69856984 0.62500000
v 2.65000010 -1.99586856 0.87500000
v 2.65000010 -1.84189613 0.75000000
v 2.65000010 -1.84899355 0.75000000
v 2.65000010 -1.69502113 0.62500000
v 2.65000010 -2.12500000 1.11875001
v 2.65000010 -2.12500000 1.35625002
v 2.65000010 -1.97812500 0.99375001
v 2.65000010 -2.12500000 1.83125004
v 2.65000010 -2.12500000 1.59375003
v 2.65000010 -1.68437500 0.74375001
v 2.65000010 -1.97812500 1.23125002
v 2.65000010 -1.83125000 0.86875001
v 2.65000010 -1.97812500 1.11250001
v 2.65000010 -1.09687499 0.24375001
v 2.65000010 -1.39062499 0.73125002
v 2.65000010 -1.24374999 0.36875001
v 2.65000010 -1.97812500 1.70625004
v 2.65000010 -1.68437500 1.21875003
v 2.65000010 -1.97812500 1.58750004
v 2.65000010 -1.53749999 0.61875001
v 2.65000010 -1.53749999 0.85625002
v 2.65000010 -1.39062499 0.49375001
v 2.65000010 -1.68437500 0.86250001
v 2.65000010 -1.39062499 0.61250001
v 2.65000010 -1.97812500 1.35000002
v 2.65000010 -1.68437500 1.10000002
v 2.65000010 -1.97812500 1.46875003
v 2.65000010 -1.83125000 1.10625002
v 2.65000010 -1.83125000 1.34375003
v 2.65000010 -1.68437500 0.98125002
v 2.65000010 -1.09687499 0.61250001
v 2.65000010 -1.39062499 1.10000002
v 2.65000010 -1.09687499 1.35000002
v 2.65000010 -1.24374999 0.85625002
v 2.65000010 -1.09687499 0.98125002
v 2.65000010 -1.97812500 2.07500005
v 2.65000010 -1.68437500 2.32500005
v 2.65000010 -1.83125000 1.83125004
v 2.65000010 -1.09687499 2.82500005
v 2.65000010 -1.39062499 2.57500005
v 2.65000010 -1.09687499 2.45625004
v 2.65000010 -1.53749999 1.34375003
v 2.65000010 -1.53749999 2.08125004
v 2.65000010 -1.68437500 1.58750004
v 2.65000010 -1.39062499 1.46875003
v 2.65000010 -1.68437500 1.95625004
v 2.65000010 -1.09687499 1.71875003
v 2.65000010 -1.39062499 2.20625004
v 2.65000010 -1.09687499 2.08750004
v 2.65000010 -1.24374999 1.59375003
v 2.65000010 -1.24374999 2.33125004
v 2.65000010 -1.39062499 1.83750004
v 2.65000010 -2.27145126 1.95000005
v 2.65000010 -2.56435379 1.95000005
v 2.65000010 -2.12457626 2.07500005
v 2.65000010 -3.15015885 1.95000005
v 2.65000010 -2.85725632 1.95000005
v 2.65000010 -1.83082626 2.32500005
v 2.65000010 -2.41747879 2.07500005
v 2.65000010 -1.97770126 2.20000005
v 2.65000010 -2.27102753 2.07500005
v 2.65000010 -1.24332625 2.82500005
v 2.65000010 -1.82997879 2.57500005
v 2.65000010 -1.39020126 2.70000005
v 2.65000010 -3.00328385 2.07500005
v 2.65000010 -2.41663132 2.32500005
v 2.65000010 -2.85683259 2.07500005
v 2.65000010 -1.68395126 2.45000005
v 2.65000010 -1.97685379 2.45000005
v 2.65000010 -1.53707626 2.57500005
v 2.65000010 -1.97727752 2.32500005
v 2.65000010 -1.68352752 2.57500005
v 2.65000010 -2.56393006 2.07500005
v 2.65000010 -2.27018005 2.32500005
v 2.65000010 -2.71038132 2.07500005
v 2.65000010 -2.27060379 2.20000005
v 2.65000010 -2.56350632 2.20000005
v 2.65000010 -2.12372879 2.32500005
v 2.65000010 -1.39374999 2.95000005
v 2.65000010 -2.28124999 2.95000005
v 2.65000010 -1.68707626 2.82500005
v 2.65000010 -4.05625000 2.95000005
v 2.65000010 -3.16875000 2.95000005
v 2.65000010 -2.27372879 2.57500005
v 2.65000010 -2.57457626 2.82500005
v 2.65000010 -1.98040252 2.70000005
v 2.65000010 -2.13082626 2.82500005
v 2.65000010 -3.44703385 2.07500005
v 2.65000010 -3.74788132 2.32500005
v 2.65000010 -3.15370759 2.20000005
v 2.65000010 -4.34957626 2.82500005
v 2.65000010 -4.04872879 2.57500005
v 2.65000010 -3.90582626 2.82500005
v 2.65000010 -2.56705505 2.45000005
v 2.65000010 -3.45455506 2.45000005
v 2.65000010 -2.86038132 2.32500005
v 2.65000010 -2.71747879 2.57500005
v 2.65000010 -3.30413132 2.32500005
v 2.65000010 -3.01832626 2.82500005
v 2.65000010 -3.60497879 2.57500005
v 2.65000010 -3.46207626 2.82500005
v 2.65000010 -2.86790252 2.70000005
v 2.65000010 -3.75540253 2.70000005
v 2.65000010 -3.16122879 2.57500005
v 2.65000010 -1.39374999 0.00000000
v 2.65000010 -2.28124999 0.00000000
v 2.65000010 -1.54417370 0.12500000
v 2.65000010 -4.05625000 0.00000000
v 2.65000010 -3.16875000 0.00000000
v 2.65000010 -1.84502113 0.37500000
v 2.65000010 -2.43167371 0.12500000
v 2.65000010 -1.69459742 0.25000000
v 2.65000010 -1.98792370 0.12500000
v 2.65000010 -2.44671598 0.87500000
v 2.65000010 -3.03336856 0.62500000
v 2.65000010 -2.29629227 0.75000000
v 2.65000010 -4.20667371 0.12500000
v 2.65000010 -3.62002113 0.37500000
v 2.65000010 -3.76292371 0.12500000
v 2.65000010 -1.99544484 0.50000000
v 2.65000010 -2.88294484 0.50000000
v 2.65000010 -2.14586855 0.62500000
v 2.65000010 -2.28877113 0.37500000
v 2.65000010 -2.58961856 0.62500000
v 2.65000010 -2.87542371 0.12500000
v 2.65000010 -3.17627113 0.37500000
v 2.65000010 -3.31917371 0.12500000
v 2.65000010 -2.58209742 0.25000000
v 2.65000010 -3.46959742 0.25000000
v 2.65000010 -2.73252113 0.37500000
v 2.65000010 -4.50000000 2.58125004
v 2.65000010 -4.50000000 1.84375003
v 2.65000010 -4.50000000 0.36875001
v 2.65000010 -4.50000000 1.10625002
v 2.65000010 -3.30015886 1.95000005
v 2.65000010 -3.30725634 1.95000005
v 2.65000010 -3.45058259 2.07500005
v 2.65000010 -3.32145131 1.95000005
v 2.65000010 -3.31435382 1.95000005
v 2.65000010 -3.75143006 2.32500005
v 2.65000010 -3.45768008 2.07500005
v 2.65000010 -3.60100633 2.20000005
v 2.65000010 -3.45413134 2.07500005
v 2.65000010 -4.35312501 2.82500005
v 2.65000010 -4.05937502 2.57500005
v 2.65000010 -4.20270127 2.70000005
v 2.65000010 -4.35312501 2.45625004
v 2.65000010 -3.47187504 2.07500005
v 2.65000010 -3.76562503 2.32500005
v 2.65000010 -3.46832630 2.07500005
v 2.65000010 -3.90185380 2.45000005
v 2.65000010 -3.90895128 2.45000005
v 2.65000010 -4.05227754 2.57500005
v 2.65000010 -3.75497881 2.32500005
v 2.65000010 -4.05582628 2.57500005
v 2.65000010 -4.35312501 1.71875003
v 2.65000010 -4.05937502 2.20625004
v 2.65000010 -4.35312501 2.08750004
v 2.65000010 -4.20625001 2.33125004
v 2.65000010 -3.46122882 2.07500005
v 2.65000010 -3.76207629 2.32500005
v 2.65000010 -3.46477756 2.07500005
v 2.65000010 -3.60810381 2.20000005
v 2.65000010 -3.61520129 2.20000005
v 2.65000010 -3.75852755 2.32500005
v 2.65000010 -4.35312501 0.24375001
v 2.65000010 -4.05937502 0.73125002
v 2.65000010 -4.35312501 0.61250001
v 2.65000010 -3.47187504 1.70625004
v 2.65000010 -3.76562503 1.21875003
v 2.65000010 -3.61875004 1.83125004
v 2.65000010 -4.35312501 1.35000002
v 2.65000010 -4.05937502 1.10000002
v 2.65000010 -4.35312501 0.98125002
v 2.65000010 -4.20625001 1.59375003
v 2.65000010 -4.20625001 0.85625002
v 2.65000010 -3.91250002 2.08125004
v 2.65000010 -3.91250002 1.34375003
v 2.65000010 -3.76562503 1.95625004
v 2.65000010 -4.05937502 1.83750004
v 2.65000010 -3.76562503 1.58750004
v 2.65000010 -4.05937502 1.46875003
v 2.65000010 -2.29984099 1.00000000
v 2.65000010 -2.59274358 1.00000000
v 2.65000010 -2.59316728 0.87500000
v 2.65000010 -3.17854875 1.00000000
v 2.65000010 -2.88564616 1.00000000
v 2.65000010 -3.17981985 0.62500000
v 2.65000010 -2.88606986 0.87500000
v 2.65000010 -2.88649356 0.75000000
v 2.65000010 -2.73961857 0.87500000
v 2.65000010 -4.35312501 0.12500000
v 2.65000010 -4.05937502 0.37500000
v 2.65000010 -4.05979872 0.25000000
v 2.65000010 -4.20625001 0.36875001
v 2.65000010 -3.47187504 0.87500000
v 2.65000010 -3.76562503 0.62500000
v 2.65000010 -3.32542375 0.87500000
v 2.65000010 -3.47314614 0.50000000
v 2.65000010 -3.76604873 0.50000000
v 2.65000010 -3.76647243 0.37500000
v 2.65000010 -3.32627115 0.62500000
v 2.65000010 -3.91292372 0.37500000
v 2.65000010 -3.91250002 0.85625002
v 2.65000010 -3.91250002 0.61875001
v 2.65000010 -4.05937502 0.61250001
v 2.65000010 -4.05937502 0.49375001
v 2.65000010 -3.03252116 0.87500000
v 2.65000010 -3.61917374 0.62500000
v 2.65000010 -3.17897245 0.87500000
v 2.65000010 -3.17939615 0.75000000
v 2.65000010 -3.47229874 0.75000000
v 2.65000010 -3.47272244 0.62500000
v 2.65000010 -3.32500005 1.83125004
v 2.65000010 -3.32500005 1.59375003
v 2.65000010 -3.47187504 1.58750004
v 2.65000010 -3.32500005 1.11875001
v 2.65000010 -3.32500005 1.35625002
v 2.65000010 -3.47187504 0.99375001
v 2.65000010 -3.76562503 1.10000002
v 2.65000010 -3.47187504 1.35000002
v 2.65000010 -3.61875004 1.34375003
v 2.65000010 -3.76562503 0.98125002
v 2.65000010 -3.47187504 1.46875003
v 2.65000010 -3.76562503 0.74375001
v 2.65000010 -3.47187504 1.23125002
v 2.65000010 -3.61875004 0.86875001
v 2.65000010 -3.76562503 0.86250001
v 2.65000010 -3.47187504 1.11250001
v 2.65000010 -3.61875004 1.10625002
v 3.65000010 -0.89999998 2.09999990
v 3.65000010 -0.89999998 0.00000000
v 2.75000000 -0.89999998 0.00000000
v 2.75000000 -0.89999998 2.09999990
v 3.65000010 -0.89999998 1.04999995
v 3.20000005 -0.89999998 1.04999995
v 3.20000005 -0.89999998 0.00000000
v 3.20000005 -0.89999998 2.09999990
v 2.75000000 -0.89999998 1.04999995
v 3.65000010 -0.89999998 1.57499993
v 3.65000010 -0.89999998 0.52499998
v 3.42500007 -0.89999998 1.57499993
v 2.97500002 -0.89999998 0.52499998
v 3.42500007 -0.89999998 1.04999995
v 3.42500007 -0.89999998 0.00000000
v 2.97500002 -0.89999998 0.00000000
v 3.42500007 -0.89999998 0.52499998
v 3.20000005 -0.89999998 0.52499998
v 3.42500007 -0.89999998 2.09999990
v 2.97500002 -0.89999998 2.09999990
v 3.20000005 -0.89999998 1.57499993
v 2.75000000 -0.89999998 0.52499998
v 2.75000000 -0.89999998 1.57499993
v 2.97500002 -0.89999998 1.04999995
v 2.97500002 -0.89999998 1.57499993
v 3.65000010 -0.89999998 1.83749992
v 3.65000010 -0.89999998 1.31249994
v 3.65000010 -0.89999998 0.26249999
v 3.65000010 -0.89999998 0.78749996
v 3.53750008 -0.89999998 1.83749992
v 3.31250006 -0.89999998 1.31249994
v 3.53750008 -0.89999998 1.57499993
v 2.86250001 -0.89999998 0.26249999
v 3.08750004 -0.89999998 0.78749996
v 3.53750008 -0.89999998 1.04999995
v 3.31250006 -0.89999998 1.04999995
v 3.53750008 -0.89999998 1.31249994
v 3.42500007 -0.89999998 1.31249994
v 3.53750008 -0.89999998 0.00000000
v 3.31250006 -0.89999998 0.00000000
v 3.53750008 -0.89999998 0.26249999
v 2.86250001 -0.89999998 0.00000000
v 3.08750004 -0.89999998 0.00000000
v 2.97500002 -0.89999998 0.26249999
v 3.53750008 -0.89999998 0.78749996
v 3.31250006 -0.89999998 0.26249999
v 3.53750008 -0.89999998 0.52499998
v 3.42500007 -0.89999998 0.78749996
v 3.42500007 -0.89999998 0.26249999
v 3.20000005 -0.89999998 0.78749996
v 3.20000005 -0.89999998 0.26249999
v 3.08750004 -0.89999998 0.52499998
v 3.31250006 -0.89999998 0.78749996
v 3.08750004 -0.89999998 0.26249999
v 3.31250006 -0.89999998 0.52499998
v 3.53750008 -0.89999998 2.09999990
v 3.31250006 -0.89999998 2.09999990
v 3.42500007 -0.89999998 1.83749992
v 2.86250001 -0.89999998 2.09999990
v 3.08750004 -0.89999998 2.09999990
v 3.20000005 -0.89999998 1.31249994
v 3.20000005 -0.89999998 1.83749992
v 3.31250006 -0.89999998 1.57499993
v 3.31250006 -0.89999998 1.83749992
v 2.75000000 -0.89999998 0.26249999
v 2.75000000 -0.89999998 0.78749996
v 2.86250001 -0.89999998 0.52499998
v 2.75000000 -0.89999998 1.83749992
v 2.75000000 -0.89999998 1.31249994
v 2.86250001 -0.89999998 1.83749992
v 3.08750004 -0.89999998 1.04999995
v 2.86250001 -0.89999998 1.04999995
v 2.97500002 -0.89999998 0.78749996
v 3.08750004 -0.89999998 1.31249994
v 2.86250001 -0.89999998 0.78749996
v 3.08750004 -0.89999998 1.83749992
v 2.86250001 -0.89999998 1.31249994
v 2.97500002 -0.89999998 1.83749992
v 3.08750004 -0.89999998 1.57499993
v 2.86250001 -0.89999998 1.57499993
v 2.97500002 -0.89999998 1.31249994
v 3.20000005 -0.92499998 2.09999990
v 2.75000000 -0.92499998 2.09999990
v 3.65000010 -0.92499998 2.09999990
v 3.42500007 -0.91249998 2.09999990
v 2.97500002 -0.93749999 2.09999990
v 3.20000005 -0.91249998 2.09999990
v 2.75000000 -0.91249998 2.09999990
v 2.75000000 -0.93749999 2.09999990
v 2.97500002 -0.91249998 2.09999990
v 2.97500002 -0.92499998 2.09999990
v 3.65000010 -0.91249998 2.09999990
v 3.65000010 -0.93749999 2.09999990
v 3.42500007 -0.92499998 2.09999990
v 3.20000005 -0.93749999 2.09999990
v 3.42500007 -0.93749999 2.09999990
v 3.53750008 -0.90624998 2.09999990
v 3.31250006 -0.91874998 2.09999990
v 3.42500007 -0.90624998 2.09999990
v 2.86250001 -0.94374999 2.09999990
v 3.08750004 -0.93124998 2.09999990
v 3.20000005 -0.90624998 2.09999990
v 3.20000005 -0.91874998 2.09999990
v 3.31250006 -0.90624998 2.09999990
v 3.31250006 -0.91249998 2.09999990
v 2.75000000 -0.90624998 2.09999990
v 2.75000000 -0.91874998 2.09999990
v 2.86250001 -0.90624998 2.09999990
v 2.75000000 -0.94374999 2.09999990
v 2.75000000 -0.93124998 2.09999990
v 2.86250001 -0.93749999 2.09999990
v 3.08750004 -0.90624998 2.09999990
v 2.86250001 -0.91874998 2.09999990
v 2.97500002 -0.90624998 2.09999990
v 3.08750004 -0.91249998 2.09999990
v 2.86250001 -0.91249998 2.09999990
v 3.08750004 -0.92499998 2.09999990
v 2.86250001 -0.92499998 2.09999990
v 2.97500002 -0.93124998 2.09999990
v 3.08750004 -0.91874998 2.09999990
v 2.86250001 -0.93124998 2.09999990
v 2.97500002 -0.91874998 2.09999990
v 3.65000010 -0.90624998 2.09999990
v 3.65000010 -0.91874998 2.09999990
v 3.53750008 -0.91249998 2.09999990
v 3.65000010 -0.94374999 2.09999990
v 3.65000010 -0.93124998 2.09999990
v 3.31250006 -0.92499998 2.09999990
v 3.53750008 -0.92499998 2.09999990
v 3.42500007 -0.91874998 2.09999990
v 3.53750008 -0.91874998 2.09999990
v 2.97500002 -0.94374999 2.09999990
v 3.53750008 -0.94374999 2.09999990
v 3.20000005 -0.93124998 2.09999990
v 3.20000005 -0.94374999 2.09999990
v 3.08750004 -0.93749999 2.09999990
v 3.31250006 -0.93124998 2.09999990
v 3.08750004 -0.94374999 2.09999990
v 3.53750008 -0.93124998 2.09999990
v 3.31250006 -0.94374999 2.09999990
v 3.53750008 -0.93749999 2.09999990
v 3.42500007 -0.93124998 2.09999990
v 3.42500007 -0.94374999 2.09999990
v 3.31250006 -0.93749999 2.09999990
v 3.65000010 -0.92499998 0.00000000
v 3.20000005 -0.92499998 0.00000000
v 3.20000005 -0.94999999 0.00000000
v 2.75000000 -0.92499998 0.00000000
v 3.65000010 -0.91249998 0.00000000
v 3.65000010 -0.93749999 0.00000000
v 3.42500007 -0.91249998 0.00000000
v 2.97500002 -0.93749999 0.00000000
v 3.42500007 -0.92499998 0.00000000
v 3.42500007 -0.94999999 0.00000000
v 2.97500002 -0.94999999 0.00000000
v 3.42500007 -0.93749999 0.00000000
v 3.20000005 -0.93749999 0.00000000
v 3.20000005 -0.91249998 0.00000000
v 2.75000000 -0.93749999 0.00000000
v 2.75000000 -0.91249998 0.00000000
v 2.97500002 -0.92499998 0.00000000
v 2.97500002 -0.91249998 0.00000000
v 3.65000010 -0.90624998 0.00000000
v 3.65000010 -0.91874998 0.00000000
v 3.65000010 -0.94374999 0.00000000
v 3.65000010 -0.93124998 0.00000000
v 3.53750008 -0.90624998 0.00000000
v 3.31250006 -0.91874998 0.00000000
v 3.53750008 -0.91249998 0.00000000
v 2.86250001 -0.94374999 0.00000000
v 3.08750004 -0.93124998 0.00000000
v 3.53750008 -0.92499998 0.00000000
v 3.31250006 -0.92499998 0.00000000
v 3.53750008 -0.91874998 0.00000000
v 3.42500007 -0.91874998 0.00000000
v 3.53750008 -0.94999999 0.00000000
v 3.31250006 -0.94999999 0.00000000
v 3.53750008 -0.94374999 0.00000000
v 2.86250001 -0.94999999 0.00000000
v 3.08750004 -0.94999999 0.00000000
v 2.97500002 -0.94374999 0.00000000
v 3.53750008 -0.93124998 0.00000000
v 3.31250006 -0.94374999 0.00000000
v 3.53750008 -0.93749999 0.00000000
v 3.42500007 -0.93124998 0.00000000
v 3.42500007 -0.94374999 0.00000000
v 3.20000005 -0.93124998 0.00000000
v 3.20000005 -0.94374999 0.00000000
v 3.08750004 -0.93749999 0.00000000
v 3.31250006 -0.93124998 0.00000000
v 3.08750004 -0.94374999 0.00000000
v 3.31250006 -0.93749999 0.00000000
v 3.42500007 -0.90624998 0.00000000
v 3.20000005 -0.91874998 0.00000000
v 3.20000005 -0.90624998 0.00000000
v 3.31250006 -0.91249998 0.00000000
v 3.31250006 -0.90624998 0.00000000
v 2.75000000 -0.94374999 0.00000000
v 2.75000000 -0.93124998 0.00000000
v 2.86250001 -0.93749999 0.00000000
v 2.75000000 -0.90624998 0.00000000
v 2.75000000 -0.91874998 0.00000000
v 2.86250001 -0.90624998 0.00000000
v 3.08750004 -0.92499998 0.00000000
v 2.86250001 -0.92499998 0.00000000
v 2.97500002 -0.93124998 0.00000000
v 3.08750004 -0.91874998 0.00000000
v 2.86250001 -0.93124998 0.00000000
v 3.08750004 -0.90624998 0.00000000
v 2.86250001 -0.91874998 0.00000000
v 2.97500002 -0.90624998 0.00000000
v 3.08750004 -0.91249998 0.00000000
v 2.86250001 -0.91249998 0.00000000
v 2.97500002 -0.91874998 0.00000000
v 3.65000010 -0.92499998 1.04999995
v 3.65000010 -0.91249998 1.57499993
v 3.65000010 -0.93749999 0.52499998
v 3.65000010 -0.92499998 1.57499993
v 3.65000010 -0.93749999 1.57499993
v 3.65000010 -0.93749999 1.04999995
v 3.65000010 -0.91249998 1.04999995
v 3.65000010 -0.92499998 0.52499998
v 3.65000010 -0.91249998 0.52499998
v 3.65000010 -0.90624998 1.83749992
v 3.65000010 -0.91874998 1.31249994
v 3.65000010 -0.91249998 1.83749992
v 3.65000010 -0.94374999 0.26249999
v 3.65000010 -0.93124998 0.78749996
v 3.65000010 -0.92499998 1.83749992
v 3.65000010 -0.92499998 1.31249994
v 3.65000010 -0.91874998 1.83749992
v 3.65000010 -0.91874998 1.57499993
v 3.65000010 -0.94374999 1.83749992
v 3.65000010 -0.94374999 0.52499998
v 3.65000010 -0.93124998 1.83749992
v 3.65000010 -0.94374999 1.31249994
v 3.65000010 -0.93749999 1.83749992
v 3.65000010 -0.93124998 1.57499993
v 3.65000010 -0.94374999 1.57499993
v 3.65000010 -0.93124998 1.04999995
v 3.65000010 -0.94374999 1.04999995
v 3.65000010 -0.93749999 0.78749996
v 3.65000010 -0.93124998 1.31249994
v 3.65000010 -0.94374999 0.78749996
v 3.65000010 -0.93749999 1.31249994
v 3.65000010 -0.90624998 1.57499993
v 3.65000010 -0.91874998 1.04999995
v 3.65000010 -0.90624998 1.04999995
v 3.65000010 -0.91249998 1.31249994
v 3.65000010 -0.90624998 1.31249994
v 3.65000010 -0.93749999 0.26249999
v 3.65000010 -0.90624998 0.26249999
v 3.65000010 -0.92499998 0.78749996
v 3.65000010 -0.92499998 0.26249999
v 3.65000010 -0.93124998 0.52499998
v 3.65000010 -0.91874998 0.78749996
v 3.65000010 -0.93124998 0.26249999
v 3.65000010 -0.90624998 0.78749996
v 3.65000010 -0.91874998 0.26249999
v 3.65000010 -0.90624998 0.52499998
v 3.65000010 -0.91249998 0.78749996
v 3.65000010 -0.91249998 0.26249999
v 3.65000010 -0.91874998 0.52499998
v 2.75000000 -0.92499998 1.04999995
v 2.75000000 -0.93749999 1.57499993
v 2.75000000 -0.91249998 0.52499998
v 2.75000000 -0.92499998 1.57499993
v 2.75000000 -0.91249998 1.57499993
v 2.75000000 -0.91249998 1.04999995
v 2.75000000 -0.93749999 1.04999995
v 2.75000000 -0.92499998 0.52499998
v 2.75000000 -0.93749999 0.52499998
v 2.75000000 -0.94374999 1.83749992
v 2.75000000 -0.93124998 1.31249994
v 2.75000000 -0.93749999 1.83749992
v 2.75000000 -0.90624998 0.26249999
v 2.75000000 -0.91874998 0.78749996
v 2.75000000 -0.92499998 1.83749992
v 2.75000000 -0.92499998 1.31249994
v 2.75000000 -0.93124998 1.83749992
v 2.75000000 -0.93124998 1.57499993
v 2.75000000 -0.90624998 1.83749992
v 2.75000000 -0.90624998 0.52499998
v 2.75000000 -0.91874998 1.83749992
v 2.75000000 -0.90624998 1.31249994
v 2.75000000 -0.91249998 1.83749992
v 2.75000000 -0.91874998 1.57499993
v 2.75000000 -0.90624998 1.57499993
v 2.75000000 -0.91874998 1.04999995
v 2.75000000 -0.90624998 1.04999995
v 2.75000000 -0.91249998 0.78749996
v 2.75000000 -0.91874998 1.31249994
v 2.75000000 -0.90624998 0.78749996
v 2.75000000 -0.91249998 1.31249994
v 2.75000000 -0.94374999 1.57499993
v 2.75000000 -0.93124998 1.04999995
v 2.75000000 -0.94374999 1.04999995
v 2.75000000 -0.93749999 1.31249994
v 2.75000000 -0.94374999 1.31249994
v 2.75000000 -0.91249998 0.26249999
v 2.75000000 -0.94374999 0.26249999
v 2.75000000 -0.92499998 0.78749996
v 2.75000000 -0.92499998 0.26249999
v 2.75000000 -0.91874998 0.52499998
v 2.75000000 -0.93124998 0.78749996
v 2.75000000 -0.91874998 0.26249999
v 2.75000000 -0.94374999 0.78749996
v 2.75000000 -0.93124998 0.26249999
v 2.75000000 -0.94374999 0.52499998
v 2.75000000 -0.93749999 0.78749996
v 2.75000000 -0.93749999 0.26249999
v 2.75000000 -0.93124998 0.52499998
v 3.92600012 -2.67599988 0.00000000
v 3.92600012 -2.67599988 0.44999999
v 4.02600002 -2.77600002 0.44999999
v 4.02600002 -2.77600002 0.00000000
v 3.92600012 -2.52399993 0.00000000
v 3.92600012 -2.52399993 0.44999999
v 3.92600012 -2.67599988 0.22499999
v 3.97600007 -2.72599995 0.22499999
v 3.97600007 -2.72599995 0.44999999
v 3.97600007 -2.72599995 0.00000000
v 4.02600002 -2.77600002 0.22499999
v 3.92600012 -2.59999990 0.00000000
v 3.92600012 -2.59999990 0.22499999
v 3.92600012 -2.59999990 0.44999999
v 3.92600012 -2.52399993 0.22499999
v 3.92600012 -2.67599988 0.11250000
v 3.92600012 -2.67599988 0.33749999
v 3.95100009 -2.70099992 0.11250000
v 4.00100005 -2.75099999 0.33749999
v 3.95100009 -2.70099992 0.22499999
v 3.95100009 -2.70099992 0.44999999
v 4.00100005 -2.75099999 0.44999999
v 3.95100009 -2.70099992 0.33749999
v 3.97600007 -2.72599995 0.33749999
v 3.95100009 -2.70099992 0.00000000
v 4.00100005 -2.75099999 0.00000000
v 3.97600007 -2.72599995 0.11250000
v 4.02600002 -2.77600002 0.33749999
v 4.02600002 -2.77600002 0.11250000
v 4.00100005 -2.75099999 0.22499999
v 4.00100005 -2.75099999 0.11250000
v 3.92600012 -2.63799989 0.00000000
v 3.92600012 -2.56199992 0.00000000
v 3.92600012 -2.63799989 0.11250000
v 3.92600012 -2.56199992 0.33749999
v 3.92600012 -2.63799989 0.22499999
v 3.92600012 -2.59999990 0.11250000
v 3.92600012 -2.63799989 0.44999999
v 3.92600012 -2.56199992 0.44999999
v 3.92600012 -2.63799989 0.33749999
v 3.92600012 -2.59999990 0.33749999
v 3.92600012 -2.52399993 0.11250000
v 3.92600012 -2.52399993 0.33749999
v 3.92600012 -2.56199992 0.11250000
v 3.92600012 -2.56199992 0.22499999
v 3.92600012 -2.67599988 0.05625000
v 3.92600012 -2.67599988 0.16875000
v 3.92600012 -2.67599988 0.39374999
v 3.92600012 -2.67599988 0.28124999
v 3.93850011 -2.68849990 0.05625000
v 3.96350008 -2.71349993 0.16875000
v 3.93850011 -2.68849990 0.11250000
v 4.01350003 -2.76350001 0.39374999
v 3.98850006 -2.73849997 0.28124999
v 3.93850011 -2.68849990 0.22499999
v 3.96350008 -2.71349993 0.22499999
v 3.93850011 -2.68849990 0.16875000
v 3.95100009 -2.70099992 0.16875000
v 3.93850011 -2.68849990 0.44999999
v 3.96350008 -2.71349993 0.44999999
v 3.93850011 -2.68849990 0.39374999
v 4.01350003 -2.76350001 0.44999999
v 3.98850006 -2.73849997 0.44999999
v 4.00100005 -2.75099999 0.39374999
v 3.93850011 -2.68849990 0.28124999
v 3.96350008 -2.71349993 0.39374999
v 3.93850011 -2.68849990 0.33749999
v 3.95100009 -2.70099992 0.28124999
v 3.95100009 -2.70099992 0.39374999
v 3.97600007 -2.72599995 0.28124999
v 3.97600007 -2.72599995 0.39374999
v 3.98850006 -2.73849997 0.33749999
v 3.96350008 -2.71349993 0.28124999
v 3.98850006 -2.73849997 0.39374999
v 3.96350008 -2.71349993 0.33749999
v 3.93850011 -2.68849990 0.00000000
v 3.96350008 -2.71349993 0.00000000
v 3.95100009 -2.70099992 0.05625000
v 4.01350003 -2.76350001 0.00000000
v 3.98850006 -2.73849997 0.00000000
v 3.97600007 -2.72599995 0.16875000
v 3.97600007 -2.72599995 0.05625000
v 3.96350008 -2.71349993 0.11250000
v 3.96350008 -2.71349993 0.05625000
v 4.02600002 -2.77600002 0.39374999
v 4.02600002 -2.77600002 0.28124999
v 4.01350003 -2.76350001 0.33749999
v 4.02600002 -2.77600002 0.05625000
v 4.02600002 -2.77600002 0.16875000
v 4.01350003 -2.76350001 0.05625000
v 3.98850006 -2.73849997 0.22499999
v 4.01350003 -2.76350001 0.22499999
v 4.00100005 -2.75099999 0.28124999
v 3.98850006 -2.73849997 0.16875000
v 4.01350003 -2.76350001 0.28124999
v 3.98850006 -2.73849997 0.05625000
v 4.01350003 -2.76350001 0.16875000
v 4.00100005 -2.75099999 0.05625000
v 3.98850006 -2.73849997 0.11250000
v 4.01350003 -2.76350001 0.11250000
v 4.00100005 -2.75099999 0.16875000
v 3.92600012 -2.65699989 0.00000000
v 3.92600012 -2.61899990 0.00000000
v 3.92600012 -2.54299992 0.00000000
v 3.92600012 -2.58099991 0.00000000
v 3.92600012 -2.65699989 0.05625000
v 3.92600012 -2.61899990 0.16875000
v 3.92600012 -2.65699989 0.11250000
v 3.92600012 -2.63799989 0.05625000
v 3.92600012 -2.54299992 0.39374999
v 3.92600012 -2.58099991 0.28124999
v 3.92600012 -2.65699989 0.22499999
v 3.92600012 -2.61899990 0.22499999
v 3.92600012 -2.65699989 0.16875000
v 3.92600012 -2.63799989 0.16875000
v 3.92600012 -2.59999990 0.05625000
v 3.92600012 -2.59999990 0.16875000
v 3.92600012 -2.61899990 0.05625000
v 3.92600012 -2.61899990 0.11250000
v 3.92600012 -2.65699989 0.44999999
v 3.92600012 -2.61899990 0.44999999
v 3.92600012 -2.65699989 0.39374999
v 3.92600012 -2.54299992 0.44999999
v 3.92600012 -2.58099991 0.44999999
v 3.92600012 -2.56199992 0.39374999
v 3.92600012 -2.65699989 0.28124999
v 3.92600012 -2.61899990 0.39374999
v 3.92600012 -2.65699989 0.33749999
v 3.92600012 -2.63799989 0.28124999
v 3.92600012 -2.63799989 0.39374999
v 3.92600012 -2.59999990 0.28124999
v 3.92600012 -2.59999990 0.39374999
v 3.92600012 -2.58099991 0.33749999
v 3.92600012 -2.61899990 0.28124999
v 3.92600012 -2.58099991 0.39374999
v 3.92600012 -2.61899990 0.33749999
v 3.92600012 -2.52399993 0.05625000
v 3.92600012 -2.52399993 0.16875000
v 3.92600012 -2.54299992 0.05625000
v 3.92600012 -2.52399993 0.39374999
v 3.92600012 -2.52399993 0.28124999
v 3.92600012 -2.54299992 0.33749999
v 3.92600012 -2.58099991 0.05625000
v 3.92600012 -2.54299992 0.16875000
v 3.92600012 -2.56199992 0.05625000
v 3.92600012 -2.58099991 0.11250000
v 3.92600012 -2.54299992 0.11250000
v 3.92600012 -2.58099991 0.22499999
v 3.92600012 -2.54299992 0.22499999
v 3.92600012 -2.56199992 0.28124999
v 3.92600012 -2.58099991 0.16875000
v 3.92600012 -2.54299992 0.28124999
v 3.92600012 -2.56199992 0.16875000
v 4.02600002 -2.42400002 0.44999999
v 4.02600002 -2.42400002 0.00000000
v 4.00738621 -2.44261360 0.00000000
v 3.97600007 -2.47399998 0.44999999
v 4.02600002 -2.42400002 0.22499999
v 3.97600007 -2.47399998 0.22499999
v 3.96669316 -2.48330677 0.22499999
v 4.01669312 -2.43330681 0.00000000
v 3.96669316 -2.48330677 0.00000000
v 4.00100005 -2.44900000 0.44999999
v 3.95100009 -2.49899995 0.44999999
v 4.02600002 -2.42400002 0.33749999
v 4.02600002 -2.42400002 0.11250000
v 4.00100005 -2.44900000 0.33749999
v 3.95100009 -2.49899995 0.33749999
v 4.00100005 -2.44900000 0.11250000
v 3.97600007 -2.47399998 0.33749999
v 4.00100005 -2.44900000 0.22499999
v 3.94634664 -2.50365335 0.33749999
v 3.98703969 -2.46296018 0.11250000
v 3.97134662 -2.47865337 0.22499999
v 3.94634664 -2.50365335 0.22499999
v 4.02134657 -2.42865342 0.00000000
v 4.01203966 -2.43796021 0.00000000
v 3.99634659 -2.45365340 0.11250000
v 3.99169314 -2.45830679 0.11250000
v 3.94634664 -2.50365335 0.00000000
v 3.98703969 -2.46296018 0.00000000
v 3.94634664 -2.50365335 0.11250000
v 3.96669316 -2.48330677 0.11250000
v 4.01350003 -2.43650001 0.44999999
v 3.98850006 -2.46149999 0.44999999
v 3.93850011 -2.51149994 0.44999999
v 3.96350008 -2.48649997 0.44999999
v 4.02600002 -2.42400002 0.39374999
v 4.02600002 -2.42400002 0.28124999
v 4.01350003 -2.43650001 0.39374999
v 4.02600002 -2.42400002 0.05625000
v 4.02600002 -2.42400002 0.16875000
v 3.98850006 -2.46149999 0.39374999
v 4.01350003 -2.43650001 0.28124999
v 4.00100005 -2.44900000 0.39374999
v 4.01350003 -2.43650001 0.33749999
v 3.93850011 -2.51149994 0.39374999
v 3.96350008 -2.48649997 0.28124999
v 3.95100009 -2.49899995 0.39374999
v 4.01350003 -2.43650001 0.05625000
v 3.98850006 -2.46149999 0.16875000
v 4.01350003 -2.43650001 0.11250000
v 3.97600007 -2.47399998 0.39374999
v 3.97600007 -2.47399998 0.28124999
v 3.96350008 -2.48649997 0.39374999
v 3.98850006 -2.46149999 0.33749999
v 3.96350008 -2.48649997 0.33749999
v 4.01350003 -2.43650001 0.22499999
v 3.98850006 -2.46149999 0.22499999
v 4.01350003 -2.43650001 0.16875000
v 4.00100005 -2.44900000 0.28124999
v 4.00100005 -2.44900000 0.16875000
v 3.98850006 -2.46149999 0.28124999
v 3.93617338 -2.51382664 0.39374999
v 3.95651990 -2.49348006 0.28124999
v 3.94867337 -2.50132665 0.33749999
v 3.93617338 -2.51382664 0.33749999
v 3.99721295 -2.45278689 0.05625000
v 3.97686642 -2.47313347 0.16875000
v 3.97367334 -2.47632667 0.22499999
v 3.96901989 -2.48098007 0.22499999
v 3.96117336 -2.48882666 0.28124999
v 3.95884663 -2.49115336 0.28124999
v 3.93617338 -2.51382664 0.22499999
v 3.95651990 -2.49348006 0.22499999
v 3.93617338 -2.51382664 0.28124999
v 3.94634664 -2.50365335 0.28124999
v 4.02367330 -2.42632672 0.00000000
v 4.01901984 -2.43098012 0.00000000
v 4.01117331 -2.43882671 0.05625000
v 4.00971293 -2.44028690 0.00000000
v 4.01436639 -2.43563351 0.00000000
v 3.99953967 -2.45046020 0.05625000
v 3.98617333 -2.46382669 0.16875000
v 4.00651985 -2.44348010 0.05625000
v 3.99867332 -2.45132670 0.11250000
v 3.98384660 -2.46615338 0.16875000
v 4.00884658 -2.44115341 0.05625000
v 3.97919315 -2.47080678 0.16875000
v 4.00419313 -2.44580680 0.05625000
v 3.98936641 -2.46063349 0.11250000
v 3.98151988 -2.46848008 0.16875000
v 4.00186640 -2.44813350 0.05625000
v 3.99401987 -2.45598009 0.11250000
v 3.93617338 -2.51382664 0.00000000
v 3.95651990 -2.49348006 0.00000000
v 3.93617338 -2.51382664 0.05625000
v 3.99721295 -2.45278689 0.00000000
v 3.97686642 -2.47313347 0.00000000
v 3.98703969 -2.46296018 0.05625000
v 3.93617338 -2.51382664 0.16875000
v 3.95651990 -2.49348006 0.05625000
v 3.93617338 -2.51382664 0.11250000
v 3.94634664 -2.50365335 0.16875000
v 3.94634664 -2.50365335 0.05625000
v 3.96669316 -2.48330677 0.16875000
v 3.96669316 -2.48330677 0.05625000
v 3.97686642 -2.47313347 0.11250000
v 3.95651990 -2.49348006 0.16875000
v 3.97686642 -2.47313347 0.05625000
v 3.95651990 -2.49348006 0.11250000
v 4.34999990 -2.77600002 0.44999999
v 4.50000000 -2.77600002 0.80000001
v 4.34999990 -2.77600002 0.80000001
v 4.08721113 -2.77600002 0.00000000
v 4.50000000 -2.77600002 0.00000000
v 4.50000000 -2.77600002 0.22385779
v 4.18799996 -2.77600002 0.22499999
v 4.18799996 -2.77600002 0.44999999
v 4.42499995 -2.77600002 0.62500000
v 4.34999990 -2.77600002 0.62500000
v 4.42499995 -2.77600002 0.80000001
v 4.05660558 -2.77600002 0.00000000
v 4.21860552 -2.77600002 0.22499999
v 4.42499995 -2.77600002 0.22499999
v 4.29360557 -2.77600002 0.00000000
v 4.42499995 -2.77600002 0.33692889
v 4.50000000 -2.77600002 0.51192890
v 4.50000000 -2.77600002 0.11192890
v 4.10699999 -2.77600002 0.11250000
v 4.26899993 -2.77600002 0.33749999
v 4.10699999 -2.77600002 0.22499999
v 4.10699999 -2.77600002 0.44999999
v 4.26899993 -2.77600002 0.44999999
v 4.10699999 -2.77600002 0.33749999
v 4.18799996 -2.77600002 0.33749999
v 4.38749993 -2.77600002 0.53749999
v 4.46249998 -2.77600002 0.71250001
v 4.34999990 -2.77600002 0.53749999
v 4.34999990 -2.77600002 0.71250001
v 4.38749993 -2.77600002 0.62500000
v 4.46249998 -2.77600002 0.80000001
v 4.38749993 -2.77600002 0.80000001
v 4.42499995 -2.77600002 0.71250001
v 4.38749993 -2.77600002 0.71250001
v 4.04130280 -2.77600002 0.00000000
v 4.07190835 -2.77600002 0.00000000
v 4.12230277 -2.77600002 0.11250000
v 4.28430271 -2.77600002 0.33749999
v 4.15290833 -2.77600002 0.11250000
v 4.20330274 -2.77600002 0.22499999
v 4.13760555 -2.77600002 0.11250000
v 4.38749993 -2.77600002 0.33749999
v 4.46249998 -2.77600002 0.11250000
v 4.32180274 -2.77600002 0.22499999
v 4.19040835 -2.77600002 0.00000000
v 4.39680278 -2.77600002 0.00000000
v 4.25610554 -2.77600002 0.11250000
v 4.35930276 -2.77600002 0.11250000
v 4.38749993 -2.77600002 0.39346444
v 4.46249998 -2.77600002 0.28039334
v 4.42499995 -2.77600002 0.48096444
v 4.42499995 -2.77600002 0.28096444
v 4.50000000 -2.77600002 0.65596446
v 4.50000000 -2.77600002 0.36789335
v 4.46249998 -2.77600002 0.56846445
v 4.46249998 -2.77600002 0.42442890
v 4.50000000 -2.77600002 0.05596445
v 4.50000000 -2.77600002 0.16789334
v 4.46249998 -2.77600002 0.16846444
v 4.46249998 -2.77600002 0.22442889
v 4.06650001 -2.77600002 0.05625000
v 4.14749998 -2.77600002 0.16875000
v 4.06650001 -2.77600002 0.11250000
v 4.30949992 -2.77600002 0.39374999
v 4.22849995 -2.77600002 0.28124999
v 4.06650001 -2.77600002 0.22499999
v 4.14749998 -2.77600002 0.22499999
v 4.06650001 -2.77600002 0.16875000
v 4.10699999 -2.77600002 0.16875000
v 4.06650001 -2.77600002 0.44999999
v 4.14749998 -2.77600002 0.44999999
v 4.06650001 -2.77600002 0.39374999
v 4.30949992 -2.77600002 0.44999999
v 4.22849995 -2.77600002 0.44999999
v 4.26899993 -2.77600002 0.39374999
v 4.06650001 -2.77600002 0.28124999
v 4.14749998 -2.77600002 0.39374999
v 4.06650001 -2.77600002 0.33749999
v 4.10699999 -2.77600002 0.28124999
v 4.10699999 -2.77600002 0.39374999
v 4.18799996 -2.77600002 0.28124999
v 4.18799996 -2.77600002 0.39374999
v 4.22849995 -2.77600002 0.33749999
v 4.14749998 -2.77600002 0.28124999
v 4.22849995 -2.77600002 0.39374999
v 4.14749998 -2.77600002 0.33749999
v 4.36874992 -2.77600002 0.49374999
v 4.40624994 -2.77600002 0.58125000
v 4.48124999 -2.77600002 0.75625001
v 4.44374996 -2.77600002 0.66875000
v 4.34999990 -2.77600002 0.49374999
v 4.34999990 -2.77600002 0.58125000
v 4.36874992 -2.77600002 0.53749999
v 4.34999990 -2.77600002 0.75625001
v 4.34999990 -2.77600002 0.66875000
v 4.40624994 -2.77600002 0.62500000
v 4.36874992 -2.77600002 0.62500000
v 4.38749993 -2.77600002 0.58125000
v 4.36874992 -2.77600002 0.58125000
v 4.48124999 -2.77600002 0.80000001
v 4.44374996 -2.77600002 0.80000001
v 4.46249998 -2.77600002 0.75625001
v 4.36874992 -2.77600002 0.80000001
v 4.40624994 -2.77600002 0.80000001
v 4.36874992 -2.77600002 0.75625001
v 4.42499995 -2.77600002 0.66875000
v 4.42499995 -2.77600002 0.75625001
v 4.44374996 -2.77600002 0.71250001
v 4.40624994 -2.77600002 0.66875000
v 4.44374996 -2.77600002 0.75625001
v 4.36874992 -2.77600002 0.66875000
v 4.40624994 -2.77600002 0.75625001
v 4.36874992 -2.77600002 0.71250001
v 4.38749993 -2.77600002 0.66875000
v 4.38749993 -2.77600002 0.75625001
v 4.40624994 -2.77600002 0.71250001
v 4.03365141 -2.77600002 0.00000000
v 4.04895419 -2.77600002 0.00000000
v 4.07415140 -2.77600002 0.05625000
v 4.07955974 -2.77600002 0.00000000
v 4.06425697 -2.77600002 0.00000000
v 4.15515137 -2.77600002 0.16875000
v 4.08945417 -2.77600002 0.05625000
v 4.11465138 -2.77600002 0.11250000
v 4.08180279 -2.77600002 0.05625000
v 4.31715131 -2.77600002 0.39374999
v 4.25145411 -2.77600002 0.28124999
v 4.27665132 -2.77600002 0.33749999
v 4.12005973 -2.77600002 0.05625000
v 4.18575692 -2.77600002 0.16875000
v 4.11240834 -2.77600002 0.05625000
v 4.19565135 -2.77600002 0.22499999
v 4.21095413 -2.77600002 0.22499999
v 4.23615134 -2.77600002 0.28124999
v 4.16280276 -2.77600002 0.16875000
v 4.24380273 -2.77600002 0.28124999
v 4.09710556 -2.77600002 0.05625000
v 4.17810553 -2.77600002 0.16875000
v 4.10475695 -2.77600002 0.05625000
v 4.12995416 -2.77600002 0.11250000
v 4.14525694 -2.77600002 0.11250000
v 4.17045414 -2.77600002 0.16875000
v 4.36874992 -2.77600002 0.39374999
v 4.40624994 -2.77600002 0.28124999
v 4.33590132 -2.77600002 0.33749999
v 4.48124999 -2.77600002 0.05625000
v 4.44374996 -2.77600002 0.16875000
v 4.27020413 -2.77600002 0.22499999
v 4.37340134 -2.77600002 0.22499999
v 4.30305272 -2.77600002 0.28124999
v 4.35465133 -2.77600002 0.28124999
v 4.13880974 -2.77600002 0.00000000
v 4.24200696 -2.77600002 0.00000000
v 4.17165834 -2.77600002 0.05625000
v 4.44840139 -2.77600002 0.00000000
v 4.34520417 -2.77600002 0.00000000
v 4.42965138 -2.77600002 0.05625000
v 4.23735553 -2.77600002 0.16875000
v 4.27485555 -2.77600002 0.05625000
v 4.20450693 -2.77600002 0.11250000
v 4.28895414 -2.77600002 0.16875000
v 4.22325695 -2.77600002 0.05625000
v 4.39215136 -2.77600002 0.16875000
v 4.32645416 -2.77600002 0.05625000
v 4.41090137 -2.77600002 0.11250000
v 4.34055275 -2.77600002 0.16875000
v 4.37805277 -2.77600002 0.05625000
v 4.30770415 -2.77600002 0.11250000
v 4.36874992 -2.77600002 0.42173221
v 4.40624994 -2.77600002 0.36519666
v 4.38749993 -2.77600002 0.46548222
v 4.38749993 -2.77600002 0.36548221
v 4.48124999 -2.77600002 0.25212556
v 4.44374996 -2.77600002 0.30866111
v 4.42499995 -2.77600002 0.55298222
v 4.42499995 -2.77600002 0.40894667
v 4.40624994 -2.77600002 0.50923222
v 4.40624994 -2.77600002 0.43721444
v 4.42499995 -2.77600002 0.25298222
v 4.42499995 -2.77600002 0.30894667
v 4.40624994 -2.77600002 0.30923222
v 4.40624994 -2.77600002 0.33721444
v 4.50000000 -2.77600002 0.72798223
v 4.50000000 -2.77600002 0.58394668
v 4.48124999 -2.77600002 0.68423223
v 4.50000000 -2.77600002 0.29587557
v 4.50000000 -2.77600002 0.43991112
v 4.48124999 -2.77600002 0.32414334
v 4.44374996 -2.77600002 0.59673223
v 4.48124999 -2.77600002 0.54019668
v 4.46249998 -2.77600002 0.64048223
v 4.44374996 -2.77600002 0.52471445
v 4.48124999 -2.77600002 0.61221445
v 4.44374996 -2.77600002 0.38067889
v 4.48124999 -2.77600002 0.46817890
v 4.46249998 -2.77600002 0.35241112
v 4.44374996 -2.77600002 0.45269667
v 4.48124999 -2.77600002 0.39616112
v 4.46249998 -2.77600002 0.49644667
v 4.50000000 -2.77600002 0.02798222
v 4.50000000 -2.77600002 0.08394667
v 4.48124999 -2.77600002 0.08423222
v 4.50000000 -2.77600002 0.19587557
v 4.50000000 -2.77600002 0.13991112
v 4.48124999 -2.77600002 0.22414334
v 4.44374996 -2.77600002 0.19673222
v 4.48124999 -2.77600002 0.14019667
v 4.46249998 -2.77600002 0.14048222
v 4.44374996 -2.77600002 0.22471444
v 4.48124999 -2.77600002 0.11221445
v 4.44374996 -2.77600002 0.28067889
v 4.48124999 -2.77600002 0.16817889
v 4.46249998 -2.77600002 0.25241112
v 4.44374996 -2.77600002 0.25269667
v 4.48124999 -2.77600002 0.19616112
v 4.46249998 -2.77600002 0.19644667
v 4.34999990 -2.42400002 0.44999999
v 4.50000000 -2.42400002 0.00000000
v 4.50000000 -2.42400002 0.80000001
v 4.34999990 -2.42400002 0.80000001
v 4.42499995 -2.42400002 0.22499999
v 4.42499995 -2.42400002 0.62500000
v 4.50000000 -2.42400002 0.40000001
v 4.18799996 -2.42400002 0.22499999
v 4.26300001 -2.42400002 0.00000000
v 4.34999990 -2.42400002 0.62500000
v 4.42499995 -2.42400002 0.80000001
v 4.18799996 -2.42400002 0.44999999
v 4.38749993 -2.42400002 0.33749999
v 4.46249998 -2.42400002 0.11250000
v 4.38749993 -2.42400002 0.53749999
v 4.46249998 -2.42400002 0.71250001
v 4.42499995 -2.42400002 0.42500000
v 4.50000000 -2.42400002 0.20000000
v 4.50000000 -2.42400002 0.60000001
v 4.46249998 -2.42400002 0.31250000
v 4.46249998 -2.42400002 0.51250000
v 4.26899993 -2.42400002 0.33749999
v 4.10699999 -2.42400002 0.11250000
v 4.30649996 -2.42400002 0.22499999
v 4.38150001 -2.42400002 0.00000000
v 4.14450002 -2.42400002 0.00000000
v 4.34399998 -2.42400002 0.11250000
v 4.22549999 -2.42400002 0.11250000
v 4.34999990 -2.42400002 0.53749999
v 4.34999990 -2.42400002 0.71250001
v 4.38749993 -2.42400002 0.62500000
v 4.46249998 -2.42400002 0.80000001
v 4.38749993 -2.42400002 0.80000001
v 4.42499995 -2.42400002 0.71250001
v 4.38749993 -2.42400002 0.71250001
v 4.26899993 -2.42400002 0.44999999
v 4.10699999 -2.42400002 0.44999999
v 4.18799996 -2.42400002 0.33749999
v 4.10699999 -2.42400002 0.22499999
v 4.10699999 -2.42400002 0.33749999
v 4.36874992 -2.42400002 0.39374999
v 4.40624994 -2.42400002 0.28124999
v 4.48124999 -2.42400002 0.05625000
v 4.44374996 -2.42400002 0.16875000
v 4.36874992 -2.42400002 0.49374999
v 4.40624994 -2.42400002 0.58125000
v 4.38749993 -2.42400002 0.43749999
v 4.48124999 -2.42400002 0.75625001
v 4.44374996 -2.42400002 0.66875000
v 4.42499995 -2.42400002 0.32500000
v 4.42499995 -2.42400002 0.52500000
v 4.40624994 -2.42400002 0.38124999
v 4.40624994 -2.42400002 0.48125000
v 4.50000000 -2.42400002 0.10000000
v 4.50000000 -2.42400002 0.30000000
v 4.48124999 -2.42400002 0.15625000
v 4.50000000 -2.42400002 0.70000001
v 4.50000000 -2.42400002 0.50000001
v 4.48124999 -2.42400002 0.65625001
v 4.44374996 -2.42400002 0.26875000
v 4.48124999 -2.42400002 0.35625000
v 4.46249998 -2.42400002 0.21250000
v 4.44374996 -2.42400002 0.36875000
v 4.48124999 -2.42400002 0.25625000
v 4.44374996 -2.42400002 0.56875000
v 4.48124999 -2.42400002 0.45625000
v 4.46249998 -2.42400002 0.61250000
v 4.44374996 -2.42400002 0.46875000
v 4.48124999 -2.42400002 0.55625001
v 4.46249998 -2.42400002 0.41250000
v 4.30949992 -2.42400002 0.39374999
v 4.22849995 -2.42400002 0.28124999
v 4.32824993 -2.42400002 0.33749999
v 4.06650001 -2.42400002 0.05625000
v 4.14749998 -2.42400002 0.16875000
v 4.36574996 -2.42400002 0.22499999
v 4.24724996 -2.42400002 0.22499999
v 4.34699994 -2.42400002 0.28124999
v 4.28774995 -2.42400002 0.28124999
v 4.44075000 -2.42400002 0.00000000
v 4.32225001 -2.42400002 0.00000000
v 4.42199999 -2.42400002 0.05625000
v 4.08525002 -2.42400002 0.00000000
v 4.20375001 -2.42400002 0.00000000
v 4.12575001 -2.42400002 0.05625000
v 4.38449997 -2.42400002 0.16875000
v 4.30350000 -2.42400002 0.05625000
v 4.40324998 -2.42400002 0.11250000
v 4.32524997 -2.42400002 0.16875000
v 4.36274999 -2.42400002 0.05625000
v 4.20674998 -2.42400002 0.16875000
v 4.24425000 -2.42400002 0.05625000
v 4.16624999 -2.42400002 0.11250000
v 4.26599997 -2.42400002 0.16875000
v 4.18500000 -2.42400002 0.05625000
v 4.28474998 -2.42400002 0.11250000
v 4.34999990 -2.42400002 0.49374999
v 4.34999990 -2.42400002 0.58125000
v 4.36874992 -2.42400002 0.53749999
v 4.34999990 -2.42400002 0.75625001
v 4.34999990 -2.42400002 0.66875000
v 4.40624994 -2.42400002 0.62500000
v 4.36874992 -2.42400002 0.62500000
v 4.38749993 -2.42400002 0.58125000
v 4.36874992 -2.42400002 0.58125000
v 4.48124999 -2.42400002 0.80000001
v 4.44374996 -2.42400002 0.80000001
v 4.46249998 -2.42400002 0.75625001
v 4.36874992 -2.42400002 0.80000001
v 4.40624994 -2.42400002 0.80000001
v 4.36874992 -2.42400002 0.75625001
v 4.42499995 -2.42400002 0.66875000
v 4.42499995 -2.42400002 0.75625001
v 4.44374996 -2.42400002 0.71250001
v 4.40624994 -2.42400002 0.66875000
v 4.44374996 -2.42400002 0.75625001
v 4.36874992 -2.42400002 0.66875000
v 4.40624994 -2.42400002 0.75625001
v 4.36874992 -2.42400002 0.71250001
v 4.38749993 -2.42400002 0.66875000
v 4.38749993 -2.42400002 0.75625001
v 4.40624994 -2.42400002 0.71250001
v 4.30949992 -2.42400002 0.44999999
v 4.22849995 -2.42400002 0.44999999
v 4.26899993 -2.42400002 0.39374999
v 4.06650001 -2.42400002 0.44999999
v 4.14749998 -2.42400002 0.44999999
v 4.18799996 -2.42400002 0.28124999
v 4.18799996 -2.42400002 0.39374999
v 4.22849995 -2.42400002 0.33749999
v 4.22849995 -2.42400002 0.39374999
v 4.06650001 -2.42400002 0.11250000
v 4.06650001 -2.42400002 0.39374999
v 4.14749998 -2.42400002 0.22499999
v 4.06650001 -2.42400002 0.22499999
v 4.10699999 -2.42400002 0.16875000
v 4.14749998 -2.42400002 0.28124999
v 4.06650001 -2.42400002 0.16875000
v 4.14749998 -2.42400002 0.39374999
v 4.06650001 -2.42400002 0.28124999
v 4.10699999 -2.42400002 0.39374999
v 4.14749998 -2.42400002 0.33749999
v 4.06650001 -2.42400002 0.33749999
v 4.10699999 -2.42400002 0.28124999
v 3.97600007 -2.64999998 0.44999999
v 4.18799996 -2.60000002 0.44999999
v 4.34999990 -2.60000002 0.44999999
v 4.02600002 -2.60000002 0.44999999
v 3.95100009 -2.58699995 0.44999999
v 4.00100005 -2.71300000 0.44999999
v 3.95100009 -2.62499994 0.44999999
v 3.97600007 -2.68799996 0.44999999
v 3.95100009 -2.66299993 0.44999999
v 4.10699999 -2.68800002 0.44999999
v 4.26899993 -2.51200002 0.44999999
v 4.18799996 -2.68800002 0.44999999
v 4.34999990 -2.51200002 0.44999999
v 4.34999990 -2.68800002 0.44999999
v 4.26899993 -2.60000002 0.44999999
v 4.26899993 -2.68800002 0.44999999
v 3.97600007 -2.56199998 0.44999999
v 4.02600002 -2.68800002 0.44999999
v 4.02600002 -2.51200002 0.44999999
v 4.00100005 -2.62500000 0.44999999
v 4.10699999 -2.60000002 0.44999999
v 4.00100005 -2.53700000 0.44999999
v 4.18799996 -2.51200002 0.44999999
v 4.10699999 -2.51200002 0.44999999
v 3.93850011 -2.55549994 0.44999999
v 3.96350008 -2.61849996 0.44999999
v 4.01350003 -2.74450001 0.44999999
v 3.98850006 -2.68149999 0.44999999
v 3.93850011 -2.57449993 0.44999999
v 3.96350008 -2.63749996 0.44999999
v 3.93850011 -2.61249992 0.44999999
v 3.95100009 -2.60599995 0.44999999
v 3.93850011 -2.59349993 0.44999999
v 4.00100005 -2.73199999 0.44999999
v 3.93850011 -2.66949990 0.44999999
v 3.97600007 -2.66899997 0.44999999
v 3.97600007 -2.70699996 0.44999999
v 3.98850006 -2.70049998 0.44999999
v 3.96350008 -2.65649995 0.44999999
v 3.98850006 -2.71949998 0.44999999
v 3.93850011 -2.63149992 0.44999999
v 3.96350008 -2.69449994 0.44999999
v 3.93850011 -2.65049991 0.44999999
v 3.95100009 -2.64399993 0.44999999
v 3.95100009 -2.68199992 0.44999999
v 3.96350008 -2.67549995 0.44999999
v 4.06650001 -2.73200002 0.44999999
v 4.14749998 -2.64400002 0.44999999
v 4.30949992 -2.46800002 0.44999999
v 4.22849995 -2.55600002 0.44999999
v 4.10699999 -2.73200002 0.44999999
v 4.18799996 -2.64400002 0.44999999
v 4.18799996 -2.73200002 0.44999999
v 4.14749998 -2.68800002 0.44999999
v 4.14749998 -2.73200002 0.44999999
v 4.34999990 -2.46800002 0.44999999
v 4.34999990 -2.55600002 0.44999999
v 4.30949992 -2.51200002 0.44999999
v 4.34999990 -2.73200002 0.44999999
v 4.34999990 -2.64400002 0.44999999
v 4.30949992 -2.73200002 0.44999999
v 4.22849995 -2.60000002 0.44999999
v 4.30949992 -2.60000002 0.44999999
v 4.26899993 -2.55600002 0.44999999
v 4.22849995 -2.64400002 0.44999999
v 4.30949992 -2.55600002 0.44999999
v 4.22849995 -2.73200002 0.44999999
v 4.30949992 -2.64400002 0.44999999
v 4.26899993 -2.73200002 0.44999999
v 4.22849995 -2.68800002 0.44999999
v 4.30949992 -2.68800002 0.44999999
v 4.26899993 -2.64400002 0.44999999
v 3.95100009 -2.54299995 0.44999999
v 3.97600007 -2.60599998 0.44999999
v 3.97600007 -2.51799998 0.44999999
v 3.96350008 -2.57449996 0.44999999
v 3.96350008 -2.53049996 0.44999999
v 4.02600002 -2.73200002 0.44999999
v 4.02600002 -2.64400002 0.44999999
v 4.01350003 -2.70050001 0.44999999
v 4.06650001 -2.68800002 0.44999999
v 4.02600002 -2.46800002 0.44999999
v 4.02600002 -2.55600002 0.44999999
v 4.01350003 -2.48050001 0.44999999
v 3.98850006 -2.63749999 0.44999999
v 4.01350003 -2.61250001 0.44999999
v 4.00100005 -2.66900000 0.44999999
v 3.98850006 -2.59349999 0.44999999
v 4.01350003 -2.65650001 0.44999999
v 4.14749998 -2.60000002 0.44999999
v 4.06650001 -2.60000002 0.44999999
v 4.10699999 -2.64400002 0.44999999
v 4.06650001 -2.64400002 0.44999999
v 3.98850006 -2.50549999 0.44999999
v 4.01350003 -2.56850001 0.44999999
v 4.00100005 -2.49300000 0.44999999
v 3.98850006 -2.54949999 0.44999999
v 4.01350003 -2.52450001 0.44999999
v 4.00100005 -2.58100000 0.44999999
v 4.26899993 -2.46800002 0.44999999
v 4.06650001 -2.46800002 0.44999999
v 4.18799996 -2.55600002 0.44999999
v 4.18799996 -2.46800002 0.44999999
v 4.22849995 -2.51200002 0.44999999
v 4.14749998 -2.55600002 0.44999999
v 4.22849995 -2.46800002 0.44999999
v 4.06650001 -2.55600002 0.44999999
v 4.14749998 -2.46800002 0.44999999
v 4.06650001 -2.51200002 0.44999999
v 4.10699999 -2.55600002 0.44999999
v 4.10699999 -2.46800002 0.44999999
v 4.14749998 -2.51200002 0.44999999
v 4.34999990 -2.60000002 0.80000001
v 4.42499995 -2.60000002 0.80000001
v 4.50000000 -2.60000002 0.80000001
v 4.34999990 -2.68800002 0.80000001
v 4.34999990 -2.51200002 0.80000001
v 4.38749993 -2.68800002 0.80000001
v 4.46249998 -2.51200002 0.80000001
v 4.38749993 -2.60000002 0.80000001
v 4.38749993 -2.51200002 0.80000001
v 4.42499995 -2.51200002 0.80000001
v 4.42499995 -2.68800002 0.80000001
v 4.50000000 -2.51200002 0.80000001
v 4.50000000 -2.68800002 0.80000001
v 4.46249998 -2.60000002 0.80000001
v 4.46249998 -2.68800002 0.80000001
v 4.34999990 -2.73200002 0.80000001
v 4.34999990 -2.64400002 0.80000001
v 4.34999990 -2.46800002 0.80000001
v 4.34999990 -2.55600002 0.80000001
v 4.36874992 -2.73200002 0.80000001
v 4.40624994 -2.64400002 0.80000001
v 4.36874992 -2.68800002 0.80000001
v 4.48124999 -2.46800002 0.80000001
v 4.44374996 -2.55600002 0.80000001
v 4.36874992 -2.60000002 0.80000001
v 4.40624994 -2.60000002 0.80000001
v 4.36874992 -2.64400002 0.80000001
v 4.38749993 -2.64400002 0.80000001
v 4.36874992 -2.46800002 0.80000001
v 4.46249998 -2.46800002 0.80000001
v 4.36874992 -2.55600002 0.80000001
v 4.40624994 -2.46800002 0.80000001
v 4.36874992 -2.51200002 0.80000001
v 4.38749993 -2.55600002 0.80000001
v 4.38749993 -2.46800002 0.80000001
v 4.42499995 -2.55600002 0.80000001
v 4.42499995 -2.46800002 0.80000001
v 4.44374996 -2.51200002 0.80000001
v 4.40624994 -2.55600002 0.80000001
v 4.44374996 -2.46800002 0.80000001
v 4.40624994 -2.51200002 0.80000001
v 4.38749993 -2.73200002 0.80000001
v 4.42499995 -2.64400002 0.80000001
v 4.42499995 -2.73200002 0.80000001
v 4.40624994 -2.68800002 0.80000001
v 4.40624994 -2.73200002 0.80000001
v 4.50000000 -2.46800002 0.80000001
v 4.50000000 -2.55600002 0.80000001
v 4.48124999 -2.51200002 0.80000001
v 4.50000000 -2.73200002 0.80000001
v 4.50000000 -2.64400002 0.80000001
v 4.48124999 -2.73200002 0.80000001
v 4.44374996 -2.60000002 0.80000001
v 4.48124999 -2.60000002 0.80000001
v 4.46249998 -2.55600002 0.80000001
v 4.44374996 -2.64400002 0.80000001
v 4.48124999 -2.55600002 0.80000001
v 4.44374996 -2.73200002 0.80000001
v 4.48124999 -2.64400002 0.80000001
v 4.46249998 -2.73200002 0.80000001
v 4.44374996 -2.68800002 0.80000001
v 4.48124999 -2.68800002 0.80000001
v 4.46249998 -2.64400002 0.80000001
v 4.34999990 -2.60000002 0.62500000
v 4.34999990 -2.68800002 0.53749999
v 4.34999990 -2.51200002 0.71250001
v 4.34999990 -2.60000002 0.53749999
v 4.34999990 -2.51200002 0.53749999
v 4.34999990 -2.51200002 0.62500000
v 4.34999990 -2.68800002 0.62500000
v 4.34999990 -2.60000002 0.71250001
v 4.34999990 -2.68800002 0.71250001
v 4.34999990 -2.73200002 0.49374999
v 4.34999990 -2.64400002 0.58125000
v 4.34999990 -2.68800002 0.49374999
v 4.34999990 -2.46800002 0.75625001
v 4.34999990 -2.55600002 0.66875000
v 4.34999990 -2.60000002 0.49374999
v 4.34999990 -2.60000002 0.58125000
v 4.34999990 -2.64400002 0.49374999
v 4.34999990 -2.64400002 0.53749999
v 4.34999990 -2.46800002 0.49374999
v 4.34999990 -2.46800002 0.71250001
v 4.34999990 -2.55600002 0.49374999
v 4.34999990 -2.46800002 0.58125000
v 4.34999990 -2.51200002 0.49374999
v 4.34999990 -2.55600002 0.53749999
v 4.34999990 -2.46800002 0.53749999
v 4.34999990 -2.55600002 0.62500000
v 4.34999990 -2.46800002 0.62500000
v 4.34999990 -2.51200002 0.66875000
v 4.34999990 -2.55600002 0.58125000
v 4.34999990 -2.46800002 0.66875000
v 4.34999990 -2.51200002 0.58125000
v 4.34999990 -2.73200002 0.53749999
v 4.34999990 -2.64400002 0.62500000
v 4.34999990 -2.73200002 0.62500000
v 4.34999990 -2.68800002 0.58125000
v 4.34999990 -2.73200002 0.58125000
v 4.34999990 -2.51200002 0.75625001
v 4.34999990 -2.73200002 0.75625001
v 4.34999990 -2.60000002 0.66875000
v 4.34999990 -2.60000002 0.75625001
v 4.34999990 -2.55600002 0.71250001
v 4.34999990 -2.64400002 0.66875000
v 4.34999990 -2.55600002 0.75625001
v 4.34999990 -2.73200002 0.66875000
v 4.34999990 -2.64400002 0.75625001
v 4.34999990 -2.73200002 0.71250001
v 4.34999990 -2.68800002 0.66875000
v 4.34999990 -2.68800002 0.75625001
v 4.34999990 -2.64400002 0.71250001
v 3.60000038 -4.50000000 2.00000000
v 3.60000038 -3.59999919 2.00000000
v 4.50000000 -3.59999919 2.00000000
v 3.90423727 -4.50000000 2.00000000
v 4.50000000 -4.50000000 2.00000000
v 3.60000038 -4.04999959 2.00000000
v 4.05000019 -4.04999959 2.00000000
v 4.05000019 -3.59999919 2.00000000
v 3.75211883 -4.50000000 2.00000000
v 4.20211864 -4.04999959 2.00000000
v 4.50000000 -4.04999959 2.00000000
v 4.20211864 -4.50000000 2.00000000
v 3.60000038 -4.27499980 2.00000000
v 3.60000038 -3.82499939 2.00000000
v 3.82500029 -4.27499980 2.00000000
v 4.27500010 -3.82499939 2.00000000
v 3.82500029 -4.04999959 2.00000000
v 3.82500029 -3.59999919 2.00000000
v 4.27500010 -3.59999919 2.00000000
v 3.82500029 -3.82499939 2.00000000
v 4.05000019 -3.82499939 2.00000000
v 3.67605960 -4.50000000 2.00000000
v 3.82817805 -4.50000000 2.00000000
v 3.90105951 -4.27499980 2.00000000
v 4.35105932 -3.82499939 2.00000000
v 4.05317795 -4.27499980 2.00000000
v 4.12605941 -4.04999959 2.00000000
v 3.97711873 -4.27499980 2.00000000
v 4.50000000 -3.82499939 2.00000000
v 4.50000000 -4.27499980 2.00000000
v 4.35105932 -4.04999959 2.00000000
v 4.05317795 -4.50000000 2.00000000
v 4.35105932 -4.50000000 2.00000000
v 4.20211864 -4.27499980 2.00000000
v 4.35105932 -4.27499980 2.00000000
v 3.60000038 -4.38749990 2.00000000
v 3.60000038 -4.16249970 2.00000000
v 3.60000038 -3.71249929 2.00000000
v 3.60000038 -3.93749949 2.00000000
v 3.71250033 -4.38749990 2.00000000
v 3.93750024 -4.16249970 2.00000000
v 3.71250033 -4.27499980 2.00000000
v 4.38750005 -3.71249929 2.00000000
v 4.16250014 -3.93749949 2.00000000
v 3.71250033 -4.04999959 2.00000000
v 3.93750024 -4.04999959 2.00000000
v 3.71250033 -4.16249970 2.00000000
v 3.82500029 -4.16249970 2.00000000
v 3.71250033 -3.59999919 2.00000000
v 3.93750024 -3.59999919 2.00000000
v 3.71250033 -3.71249929 2.00000000
v 4.38750005 -3.59999919 2.00000000
v 4.16250014 -3.59999919 2.00000000
v 4.27500010 -3.71249929 2.00000000
v 3.71250033 -3.93749949 2.00000000
v 3.93750024 -3.71249929 2.00000000
v 3.71250033 -3.82499939 2.00000000
v 3.82500029 -3.93749949 2.00000000
v 3.82500029 -3.71249929 2.00000000
v 4.05000019 -3.93749949 2.00000000
v 4.05000019 -3.71249929 2.00000000
v 4.16250014 -3.82499939 2.00000000
v 3.93750024 -3.93749949 2.00000000
v 4.16250014 -3.71249929 2.00000000
v 3.93750024 -3.82499939 2.00000000
v 3.63802999 -4.50000000 2.00000000
v 3.71408921 -4.50000000 2.00000000
v 3.75052994 -4.38749990 2.00000000
v 3.86620766 -4.50000000 2.00000000
v 3.79014844 -4.50000000 2.00000000
v 3.97552985 -4.16249970 2.00000000
v 3.82658917 -4.38749990 2.00000000
v 3.86302990 -4.27499980 2.00000000
v 3.78855956 -4.38749990 2.00000000
v 4.42552966 -3.71249929 2.00000000
v 4.27658898 -3.93749949 2.00000000
v 4.31302971 -3.82499939 2.00000000
v 3.97870761 -4.38749990 2.00000000
v 4.12764829 -4.16249970 2.00000000
v 3.94067800 -4.38749990 2.00000000
v 4.08802980 -4.04999959 2.00000000
v 4.16408902 -4.04999959 2.00000000
v 4.20052975 -3.93749949 2.00000000
v 4.01355946 -4.16249970 2.00000000
v 4.23855937 -3.93749949 2.00000000
v 3.86461878 -4.38749990 2.00000000
v 4.08961868 -4.16249970 2.00000000
v 3.90264839 -4.38749990 2.00000000
v 3.93908912 -4.27499980 2.00000000
v 4.01514834 -4.27499980 2.00000000
v 4.05158907 -4.16249970 2.00000000
v 4.50000000 -3.71249929 2.00000000
v 4.50000000 -3.93749949 2.00000000
v 4.42552966 -3.82499939 2.00000000
v 4.50000000 -4.38749990 2.00000000
v 4.50000000 -4.16249970 2.00000000
v 4.27658898 -4.04999959 2.00000000
v 4.42552966 -4.04999959 2.00000000
v 4.35105932 -3.93749949 2.00000000
v 4.42552966 -3.93749949 2.00000000
v 3.97870761 -4.50000000 2.00000000
v 4.12764829 -4.50000000 2.00000000
v 4.05317795 -4.38749990 2.00000000
v 4.42552966 -4.50000000 2.00000000
v 4.27658898 -4.50000000 2.00000000
v 4.42552966 -4.38749990 2.00000000
v 4.20211864 -4.16249970 2.00000000
v 4.20211864 -4.38749990 2.00000000
v 4.12764829 -4.27499980 2.00000000
v 4.27658898 -4.16249970 2.00000000
v 4.12764829 -4.38749990 2.00000000
v 4.42552966 -4.16249970 2.00000000
v 4.27658898 -4.38749990 2.00000000
v 4.42552966 -4.27499980 2.00000000
v 4.35105932 -4.16249970 2.00000000
v 4.35105932 -4.38749990 2.00000000
v 4.27658898 -4.27499980 2.00000000
v 3.60000038 -4.50000000 0.00000000
v 3.60000038 -3.59999919 0.00000000
v 3.60000038 -4.50000000 1.51486540
v 3.60000038 -4.04999959 0.00000000
v 3.60000038 -4.04999959 1.00000000
v 3.60000038 -3.59999919 1.00000000
v 3.60000038 -4.50000000 0.75743270
v 3.60000038 -4.04999959 1.75743270
v 3.60000038 -4.50000000 1.75743270
v 3.60000038 -4.27499980 0.00000000
v 3.60000038 -3.82499939 0.00000000
v 3.60000038 -4.27499980 0.50000000
v 3.60000038 -3.82499939 1.50000000
v 3.60000038 -4.04999959 0.50000000
v 3.60000038 -3.59999919 0.50000000
v 3.60000038 -3.59999919 1.50000000
v 3.60000038 -3.82499939 0.50000000
v 3.60000038 -3.82499939 1.00000000
v 3.60000038 -4.50000000 0.37871635
v 3.60000038 -4.50000000 1.13614905
v 3.60000038 -4.27499980 0.87871635
v 3.60000038 -3.82499939 1.87871635
v 3.60000038 -4.27499980 1.63614905
v 3.60000038 -4.04999959 1.37871635
v 3.60000038 -4.27499980 1.25743270
v 3.60000038 -4.04999959 1.87871635
v 3.60000038 -4.50000000 1.63614905
v 3.60000038 -4.50000000 1.87871635
v 3.60000038 -4.27499980 1.75743270
v 3.60000038 -4.27499980 1.87871635
v 3.60000038 -4.38749990 0.00000000
v 3.60000038 -4.16249970 0.00000000
v 3.60000038 -3.71249929 0.00000000
v 3.60000038 -3.93749949 0.00000000
v 3.60000038 -4.38749990 0.25000000
v 3.60000038 -4.16249970 0.75000000
v 3.60000038 -4.27499980 0.25000000
v 3.60000038 -3.71249929 1.75000000
v 3.60000038 -3.93749949 1.25000000
v 3.60000038 -4.04999959 0.25000000
v 3.60000038 -4.04999959 0.75000000
v 3.60000038 -4.16249970 0.25000000
v 3.60000038 -4.16249970 0.50000000
v 3.60000038 -3.59999919 0.25000000
v 3.60000038 -3.59999919 0.75000000
v 3.60000038 -3.71249929 0.25000000
v 3.60000038 -3.59999919 1.75000000
v 3.60000038 -3.59999919 1.25000000
v 3.60000038 -3.71249929 1.50000000
v 3.60000038 -3.93749949 0.25000000
v 3.60000038 -3.71249929 0.75000000
v 3.60000038 -3.82499939 0.25000000
v 3.60000038 -3.93749949 0.50000000
v 3.60000038 -3.71249929 0.50000000
v 3.60000038 -3.93749949 1.00000000
v 3.60000038 -3.71249929 1.00000000
v 3.60000038 -3.82499939 1.25000000
v 3.60000038 -3.93749949 0.75000000
v 3.60000038 -3.71249929 1.25000000
v 3.60000038 -3.82499939 0.75000000
v 3.60000038 -4.50000000 0.18935817
v 3.60000038 -4.50000000 0.56807452
v 3.60000038 -4.38749990 0.43935817
v 3.60000038 -4.50000000 1.32550722
v 3.60000038 -4.50000000 0.94679087
v 3.60000038 -4.16249970 0.93935817
v 3.60000038 -4.38749990 0.81807452
v 3.60000038 -4.27499980 0.68935817
v 3.60000038 -4.38749990 0.62871635
v 3.60000038 -3.71249929 1.93935817
v 3.60000038 -3.93749949 1.81807452
v 3.60000038 -3.82499939 1.68935817
v 3.60000038 -4.38749990 1.57550722
v 3.60000038 -4.16249970 1.69679087
v 3.60000038 -4.38749990 1.38614905
v 3.60000038 -4.04999959 1.18935817
v 3.60000038 -4.04999959 1.56807452
v 3.60000038 -3.93749949 1.43935817
v 3.60000038 -4.16249970 1.12871635
v 3.60000038 -3.93749949 1.62871635
v 3.60000038 -4.38749990 1.00743270
v 3.60000038 -4.16249970 1.50743270
v 3.60000038 -4.38749990 1.19679087
v 3.60000038 -4.27499980 1.06807452
v 3.60000038 -4.27499980 1.44679087
v 3.60000038 -4.16249970 1.31807452
v 3.60000038 -3.82499939 1.93935817
v 3.60000038 -4.04999959 1.81807452
v 3.60000038 -4.04999959 1.93935817
v 3.60000038 -3.93749949 1.87871635
v 3.60000038 -3.93749949 1.93935817
v 3.60000038 -4.50000000 1.57550722
v 3.60000038 -4.50000000 1.69679087
v 3.60000038 -4.38749990 1.63614905
v 3.60000038 -4.50000000 1.93935817
v 3.60000038 -4.50000000 1.81807452
v 3.60000038 -4.38749990 1.93935817
v 3.60000038 -4.16249970 1.75743270
v 3.60000038 -4.38749990 1.75743270
v 3.60000038 -4.27499980 1.69679087
v 3.60000038 -4.16249970 1.81807452
v 3.60000038 -4.38749990 1.69679087
v 3.60000038 -4.16249970 1.93935817
v 3.60000038 -4.38749990 1.81807452
v 3.60000038 -4.27499980 1.93935817
v 3.60000038 -4.16249970 1.87871635
v 3.60000038 -4.38749990 1.87871635
v 3.60000038 -4.27499980 1.81807452
v 4.50000000 -3.59999919 0.00000000
v 4.50000000 -3.59999919 0.74788803
v 4.28450680 -3.59999919 0.00000000
v 4.05633783 -3.59999919 0.00000000
v 4.21677637 -3.59999919 0.00000000
v 4.25255203 -3.59999919 0.00000000
v 4.50000000 -3.59999919 0.37394401
v 4.05000019 -3.59999919 1.00000000
v 4.05000019 -3.59999919 1.37394401
v 4.50000000 -3.59999919 1.37394401
v 4.39225340 -3.59999919 0.00000000
v 3.94225359 -3.59999919 1.00000000
v 3.82816911 -3.59999919 1.00000000
v 3.82816911 -3.59999919 0.00000000
v 3.90838838 -3.59999919 1.00000000
v 4.13655710 -3.59999919 0.00000000
v 3.92627621 -3.59999919 1.00000000
v 4.26852942 -3.59999919 0.00000000
v 4.23466420 -3.59999919 0.00000000
v 4.50000000 -3.59999919 0.18697201
v 4.50000000 -3.59999919 0.56091602
v 4.27500010 -3.59999919 0.50000000
v 3.82500029 -3.59999919 1.50000000
v 4.27500010 -3.59999919 0.68697201
v 4.27500010 -3.59999919 1.06091602
v 3.82500029 -3.59999919 1.68697201
v 4.27500010 -3.59999919 0.87394401
v 4.05000019 -3.59999919 1.18697201
v 4.50000000 -3.59999919 1.06091602
v 4.50000000 -3.59999919 1.68697201
v 4.27500010 -3.59999919 1.37394401
v 4.05000019 -3.59999919 1.68697201
v 4.27500010 -3.59999919 1.68697201
v 4.44612670 -3.59999919 0.00000000
v 4.33838010 -3.59999919 0.00000000
v 4.22112679 -3.59999919 0.50000000
v 3.77112699 -3.59999919 1.50000000
v 4.11338019 -3.59999919 0.50000000
v 3.99612689 -3.59999919 1.00000000
v 4.16725349 -3.59999919 0.50000000
v 3.71408474 -3.59999919 1.50000000
v 3.94225347 -3.59999919 0.50000000
v 3.71408474 -3.59999919 1.00000000
v 3.71408474 -3.59999919 0.00000000
v 3.94225347 -3.59999919 0.00000000
v 3.71408474 -3.59999919 0.50000000
v 3.82816911 -3.59999919 0.50000000
v 3.75419438 -3.59999919 1.50000000
v 4.06258237 -3.59999919 0.50000000
v 3.86827874 -3.59999919 1.00000000
v 4.09644747 -3.59999919 0.00000000
v 4.17666674 -3.59999919 0.00000000
v 3.98236310 -3.59999919 0.50000000
v 4.02247274 -3.59999919 0.50000000
v 3.76313829 -3.59999919 1.50000000
v 4.08941412 -3.59999919 0.50000000
v 3.93426490 -3.59999919 1.00000000
v 3.91733229 -3.59999919 1.00000000
v 4.27651811 -3.59999919 0.00000000
v 4.26054072 -3.59999919 0.00000000
v 4.10539150 -3.59999919 0.50000000
v 4.09740281 -3.59999919 0.50000000
v 4.22572029 -3.59999919 0.00000000
v 4.24360812 -3.59999919 0.00000000
v 4.07152629 -3.59999919 0.50000000
v 4.08047020 -3.59999919 0.50000000
v 4.50000000 -3.59999919 0.09348600
v 4.50000000 -3.59999919 0.28045801
v 4.50000000 -3.59999919 0.65440203
v 4.50000000 -3.59999919 0.46743002
v 4.38750005 -3.59999919 0.25000000
v 4.16250014 -3.59999919 0.75000000
v 4.38750005 -3.59999919 0.34348600
v 3.71250033 -3.59999919 1.75000000
v 3.93750024 -3.59999919 1.25000000
v 4.38750005 -3.59999919 0.53045801
v 4.16250014 -3.59999919 0.84348600
v 4.38750005 -3.59999919 0.43697201
v 4.27500010 -3.59999919 0.59348600
v 4.38750005 -3.59999919 0.90440203
v 4.16250014 -3.59999919 1.21743002
v 4.38750005 -3.59999919 0.81091602
v 3.71250033 -3.59999919 1.84348600
v 3.93750024 -3.59999919 1.53045801
v 3.82500029 -3.59999919 1.59348600
v 4.38750005 -3.59999919 0.62394401
v 4.16250014 -3.59999919 1.12394401
v 4.38750005 -3.59999919 0.71743002
v 4.27500010 -3.59999919 0.78045801
v 4.27500010 -3.59999919 0.96743002
v 4.05000019 -3.59999919 1.09348600
v 4.05000019 -3.59999919 1.28045801
v 3.93750024 -3.59999919 1.34348600
v 4.16250014 -3.59999919 0.93697201
v 3.93750024 -3.59999919 1.43697201
v 4.16250014 -3.59999919 1.03045801
v 4.50000000 -3.59999919 0.90440203
v 4.50000000 -3.59999919 1.21743002
v 4.38750005 -3.59999919 1.06091602
v 4.50000000 -3.59999919 1.84348600
v 4.50000000 -3.59999919 1.53045801
v 4.16250014 -3.59999919 1.37394401
v 4.38750005 -3.59999919 1.37394401
v 4.27500010 -3.59999919 1.21743002
v 4.38750005 -3.59999919 1.21743002
v 3.82500029 -3.59999919 1.84348600
v 4.38750005 -3.59999919 1.84348600
v 4.05000019 -3.59999919 1.53045801
v 4.05000019 -3.59999919 1.84348600
v 3.93750024 -3.59999919 1.68697201
v 4.16250014 -3.59999919 1.53045801
v 3.93750024 -3.59999919 1.84348600
v 4.38750005 -3.59999919 1.53045801
v 4.16250014 -3.59999919 1.84348600
v 4.38750005 -3.59999919 1.68697201
v 4.27500010 -3.59999919 1.53045801
v 4.27500010 -3.59999919 1.84348600
v 4.16250014 -3.59999919 1.68697201
v 4.47306335 -3.59999919 0.00000000
v 4.41919005 -3.59999919 0.00000000
v 4.36056340 -3.59999919 0.25000000
v 4.31144345 -3.59999919 0.00000000
v 4.36531675 -3.59999919 0.00000000
v 4.13556349 -3.59999919 0.75000000
v 4.30669010 -3.59999919 0.25000000
v 4.24806345 -3.59999919 0.50000000
v 4.33362675 -3.59999919 0.25000000
v 3.68556368 -3.59999919 1.75000000
v 3.85669029 -3.59999919 1.25000000
v 3.79806364 -3.59999919 1.50000000
v 4.19894350 -3.59999919 0.25000000
v 4.02781689 -3.59999919 0.75000000
v 4.22588015 -3.59999919 0.25000000
v 4.02306354 -3.59999919 1.00000000
v 3.96919024 -3.59999919 1.00000000
v 3.91056359 -3.59999919 1.25000000
v 4.10862684 -3.59999919 0.75000000
v 3.88362694 -3.59999919 1.25000000
v 4.27975345 -3.59999919 0.25000000
v 4.05475354 -3.59999919 0.75000000
v 4.25281680 -3.59999919 0.25000000
v 4.19419014 -3.59999919 0.50000000
v 4.14031684 -3.59999919 0.50000000
v 4.08169019 -3.59999919 0.75000000
v 3.65704256 -3.59999919 1.75000000
v 3.77112693 -3.59999919 1.25000000
v 3.65704256 -3.59999919 1.50000000
v 3.99929565 -3.59999919 0.25000000
v 3.88521129 -3.59999919 0.75000000
v 3.65704256 -3.59999919 1.00000000
v 3.77112693 -3.59999919 1.00000000
v 3.65704256 -3.59999919 1.25000000
v 3.71408474 -3.59999919 1.25000000
v 3.65704256 -3.59999919 0.00000000
v 3.77112693 -3.59999919 0.00000000
v 3.65704256 -3.59999919 0.25000000
v 3.99929565 -3.59999919 0.00000000
v 3.88521129 -3.59999919 0.00000000
v 3.94225347 -3.59999919 0.25000000
v 3.65704256 -3.59999919 0.75000000
v 3.77112693 -3.59999919 0.25000000
v 3.65704256 -3.59999919 0.50000000
v 3.71408474 -3.59999919 0.75000000
v 3.71408474 -3.59999919 0.25000000
v 3.82816911 -3.59999919 0.75000000
v 3.82816911 -3.59999919 0.25000000
v 3.88521129 -3.59999919 0.50000000
v 3.77112693 -3.59999919 0.75000000
v 3.88521129 -3.59999919 0.25000000
v 3.77112693 -3.59999919 0.50000000
v 3.67709738 -3.59999919 1.75000000
v 3.83129138 -3.59999919 1.25000000
v 3.73413956 -3.59999919 1.50000000
v 4.13967937 -3.59999919 0.25000000
v 3.98548537 -3.59999919 0.75000000
v 3.84822392 -3.59999919 1.00000000
v 3.88833356 -3.59999919 1.00000000
v 3.79118174 -3.59999919 1.25000000
v 3.81123656 -3.59999919 1.25000000
v 4.07639265 -3.59999919 0.00000000
v 4.11650229 -3.59999919 0.00000000
v 4.01935047 -3.59999919 0.25000000
v 4.19672155 -3.59999919 0.00000000
v 4.15661192 -3.59999919 0.00000000
v 4.11962456 -3.59999919 0.25000000
v 3.90526611 -3.59999919 0.75000000
v 4.05946010 -3.59999919 0.25000000
v 3.96230829 -3.59999919 0.50000000
v 3.92532092 -3.59999919 0.75000000
v 4.03940529 -3.59999919 0.25000000
v 3.96543056 -3.59999919 0.75000000
v 4.07951492 -3.59999919 0.25000000
v 4.04252756 -3.59999919 0.50000000
v 3.94537574 -3.59999919 0.75000000
v 4.09956974 -3.59999919 0.25000000
v 4.00241792 -3.59999919 0.50000000
v 3.68156934 -3.59999919 1.75000000
v 3.84470725 -3.59999919 1.25000000
v 3.76713264 -3.59999919 1.50000000
v 3.75866634 -3.59999919 1.50000000
v 4.17098308 -3.59999919 0.25000000
v 4.00784516 -3.59999919 0.75000000
v 3.93825924 -3.59999919 1.00000000
v 3.93027055 -3.59999919 1.00000000
v 3.85269594 -3.59999919 1.25000000
v 3.84870160 -3.59999919 1.25000000
v 3.91286033 -3.59999919 1.00000000
v 3.92180425 -3.59999919 1.00000000
v 3.83576334 -3.59999919 1.25000000
v 3.84023529 -3.59999919 1.25000000
v 4.28051245 -3.59999919 0.00000000
v 4.27252376 -3.59999919 0.00000000
v 4.19494915 -3.59999919 0.25000000
v 4.25654638 -3.59999919 0.00000000
v 4.26453507 -3.59999919 0.00000000
v 4.17497742 -3.59999919 0.25000000
v 4.02382255 -3.59999919 0.75000000
v 4.18696046 -3.59999919 0.25000000
v 4.10938585 -3.59999919 0.50000000
v 4.01982820 -3.59999919 0.75000000
v 4.19095480 -3.59999919 0.25000000
v 4.01183951 -3.59999919 0.75000000
v 4.18296611 -3.59999919 0.25000000
v 4.09340847 -3.59999919 0.50000000
v 4.01583385 -3.59999919 0.75000000
v 4.17897177 -3.59999919 0.25000000
v 4.10139716 -3.59999919 0.50000000
v 4.22124833 -3.59999919 0.00000000
v 4.23019224 -3.59999919 0.00000000
v 4.14415133 -3.59999919 0.25000000
v 4.24808007 -3.59999919 0.00000000
v 4.23913616 -3.59999919 0.00000000
v 4.16651112 -3.59999919 0.25000000
v 3.98995733 -3.59999919 0.75000000
v 4.15309525 -3.59999919 0.25000000
v 4.06705433 -3.59999919 0.50000000
v 3.99442929 -3.59999919 0.75000000
v 4.14862329 -3.59999919 0.25000000
v 4.00337321 -3.59999919 0.75000000
v 4.15756720 -3.59999919 0.25000000
v 4.08494216 -3.59999919 0.50000000
v 3.99890125 -3.59999919 0.75000000
v 4.16203916 -3.59999919 0.25000000
v 4.07599825 -3.59999919 0.50000000
v 2.70000005 -3.32500005 1.00000000
v 2.70000005 -3.32500005 1.95000005
v 2.70000005 -2.12500000 1.95000005
v 2.70000005 -2.12500000 1.00000000
v 2.70000005 -3.32500005 1.47500002
v 2.70000005 -2.72500002 1.47500002
v 2.70000005 -2.72500002 1.95000005
v 2.70000005 -2.72500002 1.00000000
v 2.70000005 -2.12500000 1.47500002
v 2.70000005 -3.32500005 1.23750001
v 2.70000005 -3.32500005 1.71250004
v 2.70000005 -3.02500004 1.23750001
v 2.70000005 -2.42500001 1.71250004
v 2.70000005 -3.02500004 1.47500002
v 2.70000005 -3.02500004 1.95000005
v 2.70000005 -2.42500001 1.95000005
v 2.70000005 -3.02500004 1.71250004
v 2.70000005 -2.72500002 1.71250004
v 2.70000005 -3.02500004 1.00000000
v 2.70000005 -2.42500001 1.00000000
v 2.70000005 -2.72500002 1.23750001
v 2.70000005 -2.12500000 1.71250004
v 2.70000005 -2.12500000 1.23750001
v 2.70000005 -2.42500001 1.47500002
v 2.70000005 -2.42500001 1.23750001
v 2.70000005 -3.32500005 1.11875001
v 2.70000005 -3.32500005 1.35625002
v 2.70000005 -3.32500005 1.83125004
v 2.70000005 -3.32500005 1.59375003
v 2.70000005 -3.17500004 1.11875001
v 2.70000005 -2.87500003 1.35625002
v 2.70000005 -3.17500004 1.23750001
v 2.70000005 -2.27500001 1.83125004
v 2.70000005 -2.57500002 1.59375003
v 2.70000005 -3.17500004 1.47500002
v 2.70000005 -2.87500003 1.47500002
v 2.70000005 -3.17500004 1.35625002
v 2.70000005 -3.02500004 1.35625002
v 2.70000005 -3.17500004 1.95000005
v 2.70000005 -2.87500003 1.95000005
v 2.70000005 -3.17500004 1.83125004
v 2.70000005 -2.27500001 1.95000005
v 2.70000005 -2.57500002 1.95000005
v 2.70000005 -2.42500001 1.83125004
v 2.70000005 -3.17500004 1.59375003
v 2.70000005 -2.87500003 1.83125004
v 2.70000005 -3.17500004 1.71250004
v 2.70000005 -3.02500004 1.59375003
v 2.70000005 -3.02500004 1.83125004
v 2.70000005 -2.72500002 1.59375003
v 2.70000005 -2.72500002 1.83125004
v 2.70000005 -2.57500002 1.71250004
v 2.70000005 -2.87500003 1.59375003
v 2.70000005 -2.57500002 1.83125004
v 2.70000005 -2.87500003 1.71250004
v 2.70000005 -3.17500004 1.00000000
v 2.70000005 -2.87500003 1.00000000
v 2.70000005 -3.02500004 1.11875001
v 2.70000005 -2.27500001 1.00000000
v 2.70000005 -2.57500002 1.00000000
v 2.70000005 -2.72500002 1.35625002
v 2.70000005 -2.72500002 1.11875001
v 2.70000005 -2.87500003 1.23750001
v 2.70000005 -2.87500003 1.11875001
v 2.70000005 -2.12500000 1.83125004
v 2.70000005 -2.12500000 1.59375003
v 2.70000005 -2.27500001 1.71250004
v 2.70000005 -2.12500000 1.11875001
v 2.70000005 -2.12500000 1.35625002
v 2.70000005 -2.27500001 1.11875001
v 2.70000005 -2.57500002 1.47500002
v 2.70000005 -2.27500001 1.47500002
v 2.70000005 -2.42500001 1.59375003
v 2.70000005 -2.57500002 1.35625002
v 2.70000005 -2.27500001 1.59375003
v 2.70000005 -2.57500002 1.11875001
v 2.70000005 -2.27500001 1.35625002
v 2.70000005 -2.42500001 1.11875001
v 2.70000005 -2.57500002 1.23750001
v 2.70000005 -2.27500001 1.23750001
v 2.70000005 -2.42500001 1.35625002
v 2.67500007 -2.12500000 1.95000005
v 2.67500007 -2.12500000 1.47500002
v 2.67500007 -2.12500000 1.00000000
v 2.68750006 -2.12500000 1.95000005
v 2.66250008 -2.12500000 1.95000005
v 2.68750006 -2.12500000 1.71250004
v 2.66250008 -2.12500000 1.23750001
v 2.67500007 -2.12500000 1.71250004
v 2.66250008 -2.12500000 1.71250004
v 2.66250008 -2.12500000 1.47500002
v 2.68750006 -2.12500000 1.47500002
v 2.66250008 -2.12500000 1.00000000
v 2.68750006 -2.12500000 1.00000000
v 2.67500007 -2.12500000 1.23750001
v 2.68750006 -2.12500000 1.23750001
v 2.69375005 -2.12500000 1.95000005
v 2.68125007 -2.12500000 1.95000005
v 2.65625009 -2.12500000 1.95000005
v 2.66875008 -2.12500000 1.95000005
v 2.69375005 -2.12500000 1.83125004
v 2.68125007 -2.12500000 1.59375003
v 2.68750006 -2.12500000 1.83125004
v 2.65625009 -2.12500000 1.11875001
v 2.66875008 -2.12500000 1.35625002
v 2.67500007 -2.12500000 1.83125004
v 2.67500007 -2.12500000 1.59375003
v 2.68125007 -2.12500000 1.83125004
v 2.68125007 -2.12500000 1.71250004
v 2.65625009 -2.12500000 1.83125004
v 2.65625009 -2.12500000 1.23750001
v 2.66875008 -2.12500000 1.83125004
v 2.65625009 -2.12500000 1.59375003
v 2.66250008 -2.12500000 1.83125004
v 2.66875008 -2.12500000 1.71250004
v 2.65625009 -2.12500000 1.71250004
v 2.66875008 -2.12500000 1.47500002
v 2.65625009 -2.12500000 1.47500002
v 2.66250008 -2.12500000 1.35625002
v 2.66875008 -2.12500000 1.59375003
v 2.65625009 -2.12500000 1.35625002
v 2.66250008 -2.12500000 1.59375003
v 2.69375005 -2.12500000 1.71250004
v 2.68125007 -2.12500000 1.47500002
v 2.69375005 -2.12500000 1.47500002
v 2.68750006 -2.12500000 1.59375003
v 2.69375005 -2.12500000 1.59375003
v 2.65625009 -2.12500000 1.00000000
v 2.66875008 -2.12500000 1.00000000
v 2.66250008 -2.12500000 1.11875001
v 2.69375005 -2.12500000 1.00000000
v 2.68125007 -2.12500000 1.00000000
v 2.69375005 -2.12500000 1.11875001
v 2.67500007 -2.12500000 1.35625002
v 2.67500007 -2.12500000 1.11875001
v 2.66875008 -2.12500000 1.23750001
v 2.68125007 -2.12500000 1.35625002
v 2.66875008 -2.12500000 1.11875001
v 2.69375005 -2.12500000 1.35625002
v 2.68125007 -2.12500000 1.11875001
v 2.69375005 -2.12500000 1.23750001
v 2.68750006 -2.12500000 1.35625002
v 2.68750006 -2.12500000 1.11875001
v 2.68125007 -2.12500000 1.23750001
v 2.67500007 -2.71080506 1.95000005
v 2.67500007 -3.31080508 1.95000005
v 2.67500007 -3.32500005 1.95000005
v 2.68750006 -2.41790253 1.95000005
v 2.66250008 -3.00370759 1.95000005
v 2.67500007 -2.41790253 1.95000005
v 2.66250008 -2.71080506 1.95000005
v 2.66250008 -2.41790253 1.95000005
v 2.68750006 -2.71790254 1.95000005
v 2.66250008 -3.30370760 1.95000005
v 2.68750006 -3.31790257 1.95000005
v 2.67500007 -3.01080507 1.95000005
v 2.66250008 -3.31080508 1.95000005
v 2.68750006 -3.01790255 1.95000005
v 2.66250008 -3.32500005 1.95000005
v 2.68750006 -3.32500005 1.95000005
v 2.66250008 -3.31790257 1.95000005
v 2.67500007 -3.31790257 1.95000005
v 2.69375005 -2.27145126 1.95000005
v 2.68125007 -2.56435379 1.95000005
v 2.65625009 -3.15015885 1.95000005
v 2.66875008 -2.85725632 1.95000005
v 2.68750006 -2.27145126 1.95000005
v 2.67500007 -2.56435379 1.95000005
v 2.67500007 -2.27145126 1.95000005
v 2.68125007 -2.41790253 1.95000005
v 2.68125007 -2.27145126 1.95000005
v 2.65625009 -3.00370759 1.95000005
v 2.65625009 -2.27145126 1.95000005
v 2.66875008 -2.71080506 1.95000005
v 2.65625009 -2.71080506 1.95000005
v 2.66250008 -2.85725632 1.95000005
v 2.66875008 -2.56435379 1.95000005
v 2.65625009 -2.85725632 1.95000005
v 2.66875008 -2.27145126 1.95000005
v 2.65625009 -2.56435379 1.95000005
v 2.66250008 -2.27145126 1.95000005
v 2.66875008 -2.41790253 1.95000005
v 2.65625009 -2.41790253 1.95000005
v 2.66250008 -2.56435379 1.95000005
v 2.69375005 -2.42145127 1.95000005
v 2.68125007 -2.71435380 1.95000005
v 2.69375005 -2.72145128 1.95000005
v 2.68750006 -2.56790254 1.95000005
v 2.69375005 -2.57145128 1.95000005
v 2.65625009 -3.30015886 1.95000005
v 2.66875008 -3.30725634 1.95000005
v 2.66250008 -3.15370759 1.95000005
v 2.65625009 -3.30370760 1.95000005
v 2.69375005 -3.32145131 1.95000005
v 2.68125007 -3.31435382 1.95000005
v 2.69375005 -3.17145130 1.95000005
v 2.67500007 -2.86080506 1.95000005
v 2.67500007 -3.16080508 1.95000005
v 2.66875008 -3.00725633 1.95000005
v 2.68125007 -2.86435381 1.95000005
v 2.66875008 -3.15725634 1.95000005
v 2.65625009 -3.31080508 1.95000005
v 2.66875008 -3.31080508 1.95000005
v 2.65625009 -3.30725634 1.95000005
v 2.66250008 -3.30725634 1.95000005
v 2.69375005 -2.87145129 1.95000005
v 2.68125007 -3.16435382 1.95000005
v 2.69375005 -3.02145129 1.95000005
v 2.68750006 -2.86790255 1.95000005
v 2.68750006 -3.16790256 1.95000005
v 2.68125007 -3.01435381 1.95000005
v 2.65625009 -3.32500005 1.95000005
v 2.66875008 -3.32500005 1.95000005
v 2.65625009 -3.32145131 1.95000005
v 2.69375005 -3.32500005 1.95000005
v 2.68125007 -3.32500005 1.95000005
v 2.68750006 -3.32145131 1.95000005
v 2.65625009 -3.31435382 1.95000005
v 2.66875008 -3.32145131 1.95000005
v 2.65625009 -3.31790257 1.95000005
v 2.66250008 -3.31435382 1.95000005
v 2.66250008 -3.32145131 1.95000005
v 2.67500007 -3.31435382 1.95000005
v 2.67500007 -3.32145131 1.95000005
v 2.68125007 -3.31790257 1.95000005
v 2.66875008 -3.31435382 1.95000005
v 2.68125007 -3.32145131 1.95000005
v 2.66875008 -3.31790257 1.95000005
v 2.67500007 -3.32500005 1.00000000
v 2.67500007 -3.32500005 1.47500002
v 2.68750006 -3.32500005 1.00000000
v 2.66250008 -3.32500005 1.00000000
v 2.68750006 -3.32500005 1.23750001
v 2.66250008 -3.32500005 1.71250004
v 2.67500007 -3.32500005 1.23750001
v 2.66250008 -3.32500005 1.23750001
v 2.66250008 -3.32500005 1.47500002
v 2.68750006 -3.32500005 1.47500002
v 2.67500007 -3.32500005 1.71250004
v 2.68750006 -3.32500005 1.71250004
v 2.69375005 -3.32500005 1.00000000
v 2.68125007 -3.32500005 1.00000000
v 2.65625009 -3.32500005 1.00000000
v 2.66875008 -3.32500005 1.00000000
v 2.69375005 -3.32500005 1.11875001
v 2.68125007 -3.32500005 1.35625002
v 2.68750006 -3.32500005 1.11875001
v 2.65625009 -3.32500005 1.83125004
v 2.66875008 -3.32500005 1.59375003
v 2.67500007 -3.32500005 1.11875001
v 2.67500007 -3.32500005 1.35625002
v 2.68125007 -3.32500005 1.11875001
v 2.68125007 -3.32500005 1.23750001
v 2.65625009 -3.32500005 1.11875001
v 2.65625009 -3.32500005 1.71250004
v 2.66875008 -3.32500005 1.11875001
v 2.65625009 -3.32500005 1.35625002
v 2.66250008 -3.32500005 1.11875001
v 2.66875008 -3.32500005 1.23750001
v 2.65625009 -3.32500005 1.23750001
v 2.66875008 -3.32500005 1.47500002
v 2.65625009 -3.32500005 1.47500002
v 2.66250008 -3.32500005 1.59375003
v 2.66875008 -3.32500005 1.35625002
v 2.65625009 -3.32500005 1.59375003
v 2.66250008 -3.32500005 1.35625002
v 2.69375005 -3.32500005 1.23750001
v 2.68125007 -3.32500005 1.47500002
v 2.69375005 -3.32500005 1.47500002
v 2.68750006 -3.32500005 1.35625002
v 2.69375005 -3.32500005 1.35625002
v 2.66250008 -3.32500005 1.83125004
v 2.69375005 -3.32500005 1.83125004
v 2.67500007 -3.32500005 1.59375003
v 2.67500007 -3.32500005 1.83125004
v 2.66875008 -3.32500005 1.71250004
v 2.68125007 -3.32500005 1.59375003
v 2.66875008 -3.32500005 1.83125004
v 2.69375005 -3.32500005 1.59375003
v 2.68125007 -3.32500005 1.83125004
v 2.69375005 -3.32500005 1.71250004
v 2.68750006 -3.32500005 1.59375003
v 2.68750006 -3.32500005 1.83125004
v 2.68125007 -3.32500005 1.71250004
v 2.67500007 -2.73919487 1.00000000
v 2.67500007 -2.13919485 1.00000000
v 2.68750006 -3.03209746 1.00000000
v 2.66250008 -2.44629228 1.00000000
v 2.67500007 -3.03209746 1.00000000
v 2.66250008 -2.73919487 1.00000000
v 2.66250008 -3.03209746 1.00000000
v 2.68750006 -2.73209745 1.00000000
v 2.66250008 -2.14629227 1.00000000
v 2.68750006 -2.13209742 1.00000000
v 2.67500007 -2.43919486 1.00000000
v 2.66250008 -2.13919485 1.00000000
v 2.68750006 -2.43209743 1.00000000
v 2.66250008 -2.13209742 1.00000000
v 2.67500007 -2.13209742 1.00000000
v 2.69375005 -3.17854875 1.00000000
v 2.68125007 -2.88564616 1.00000000
v 2.65625009 -2.29984099 1.00000000
v 2.66875008 -2.59274358 1.00000000
v 2.68750006 -3.17854875 1.00000000
v 2.67500007 -2.88564616 1.00000000
v 2.67500007 -3.17854875 1.00000000
v 2.68125007 -3.03209746 1.00000000
v 2.68125007 -3.17854875 1.00000000
v 2.65625009 -2.44629228 1.00000000
v 2.65625009 -3.17854875 1.00000000
v 2.66875008 -2.73919487 1.00000000
v 2.65625009 -2.73919487 1.00000000
v 2.66250008 -2.59274358 1.00000000
v 2.66875008 -2.88564616 1.00000000
v 2.65625009 -2.59274358 1.00000000
v 2.66875008 -3.17854875 1.00000000
v 2.65625009 -2.88564616 1.00000000
v 2.66250008 -3.17854875 1.00000000
v 2.66875008 -3.03209746 1.00000000
v 2.65625009 -3.03209746 1.00000000
v 2.66250008 -2.88564616 1.00000000
v 2.69375005 -3.02854875 1.00000000
v 2.68125007 -2.73564616 1.00000000
v 2.69375005 -2.72854874 1.00000000
v 2.68750006 -2.88209745 1.00000000
v 2.69375005 -2.87854874 1.00000000
v 2.65625009 -2.14984098 1.00000000
v 2.66875008 -2.14274356 1.00000000
v 2.66250008 -2.29629228 1.00000000
v 2.65625009 -2.14629227 1.00000000
v 2.69375005 -2.12854871 1.00000000
v 2.68125007 -2.13564613 1.00000000
v 2.69375005 -2.27854872 1.00000000
v 2.67500007 -2.58919486 1.00000000
v 2.67500007 -2.28919485 1.00000000
v 2.66875008 -2.44274357 1.00000000
v 2.68125007 -2.58564615 1.00000000
v 2.66875008 -2.29274356 1.00000000
v 2.65625009 -2.13919485 1.00000000
v 2.66875008 -2.13919485 1.00000000
v 2.65625009 -2.14274356 1.00000000
v 2.66250008 -2.14274356 1.00000000
v 2.69375005 -2.57854873 1.00000000
v 2.68125007 -2.28564614 1.00000000
v 2.69375005 -2.42854872 1.00000000
v 2.68750006 -2.58209744 1.00000000
v 2.68750006 -2.28209743 1.00000000
v 2.68125007 -2.43564615 1.00000000
v 2.65625009 -2.12854871 1.00000000
v 2.68750006 -2.12854871 1.00000000
v 2.65625009 -2.13564613 1.00000000
v 2.66875008 -2.12854871 1.00000000
v 2.65625009 -2.13209742 1.00000000
v 2.66250008 -2.13564613 1.00000000
v 2.66250008 -2.12854871 1.00000000
v 2.67500007 -2.13564613 1.00000000
v 2.67500007 -2.12854871 1.00000000
v 2.68125007 -2.13209742 1.00000000
v 2.66875008 -2.13564613 1.00000000
v 2.68125007 -2.12854871 1.00000000
v 2.66875008 -2.13209742 1.00000000
v 4.17500019 -1.40499997 0.64999998
v 4.40000010 -1.40499997 0.64999998
v 4.40000010 -1.79499996 0.64999998
v 4.17500019 -1.79499996 0.64999998
v 4.28750014 -1.40499997 0.64999998
v 4.28750014 -1.59999996 0.64999998
v 4.40000010 -1.59999996 0.64999998
v 4.17500019 -1.59999996 0.64999998
v 4.28750014 -1.79499996 0.64999998
v 4.23125017 -1.40499997 0.64999998
v 4.34375012 -1.40499997 0.64999998
v 4.23125017 -1.50249997 0.64999998
v 4.34375012 -1.69749996 0.64999998
v 4.28750014 -1.50249997 0.64999998
v 4.40000010 -1.50249997 0.64999998
v 4.40000010 -1.69749996 0.64999998
v 4.34375012 -1.50249997 0.64999998
v 4.34375012 -1.59999996 0.64999998
v 4.17500019 -1.50249997 0.64999998
v 4.17500019 -1.69749996 0.64999998
v 4.23125017 -1.59999996 0.64999998
v 4.34375012 -1.79499996 0.64999998
v 4.23125017 -1.79499996 0.64999998
v 4.28750014 -1.69749996 0.64999998
v 4.23125017 -1.69749996 0.64999998
v 4.20312518 -1.40499997 0.64999998
v 4.25937515 -1.40499997 0.64999998
v 4.37187511 -1.40499997 0.64999998
v 4.31562513 -1.40499997 0.64999998
v 4.20312518 -1.45374997 0.64999998
v 4.25937515 -1.55124997 0.64999998
v 4.23125017 -1.45374997 0.64999998
v 4.37187511 -1.74624996 0.64999998
v 4.31562513 -1.64874996 0.64999998
v 4.28750014 -1.45374997 0.64999998
v 4.28750014 -1.55124997 0.64999998
v 4.25937515 -1.45374997 0.64999998
v 4.25937515 -1.50249997 0.64999998
v 4.40000010 -1.45374997 0.64999998
v 4.40000010 -1.55124997 0.64999998
v 4.37187511 -1.45374997 0.64999998
v 4.40000010 -1.74624996 0.64999998
v 4.40000010 -1.64874996 0.64999998
v 4.37187511 -1.69749996 0.64999998
v 4.31562513 -1.45374997 0.64999998
v 4.37187511 -1.55124997 0.64999998
v 4.34375012 -1.45374997 0.64999998
v 4.31562513 -1.50249997 0.64999998
v 4.37187511 -1.50249997 0.64999998
v 4.31562513 -1.59999996 0.64999998
v 4.37187511 -1.59999996 0.64999998
v 4.34375012 -1.64874996 0.64999998
v 4.31562513 -1.55124997 0.64999998
v 4.37187511 -1.64874996 0.64999998
v 4.34375012 -1.55124997 0.64999998
v 4.17500019 -1.45374997 0.64999998
v 4.17500019 -1.55124997 0.64999998
v 4.20312518 -1.50249997 0.64999998
v 4.17500019 -1.74624996 0.64999998
v 4.17500019 -1.64874996 0.64999998
v 4.25937515 -1.59999996 0.64999998
v 4.20312518 -1.59999996 0.64999998
v 4.23125017 -1.55124997 0.64999998
v 4.20312518 -1.55124997 0.64999998
v 4.37187511 -1.79499996 0.64999998
v 4.31562513 -1.79499996 0.64999998
v 4.34375012 -1.74624996 0.64999998
v 4.20312518 -1.79499996 0.64999998
v 4.25937515 -1.79499996 0.64999998
v 4.20312518 -1.74624996 0.64999998
v 4.28750014 -1.64874996 0.64999998
v 4.28750014 -1.74624996 0.64999998
v 4.31562513 -1.69749996 0.64999998
v 4.25937515 -1.64874996 0.64999998
v 4.31562513 -1.74624996 0.64999998
v 4.20312518 -1.64874996 0.64999998
v 4.25937515 -1.74624996 0.64999998
v 4.20312518 -1.69749996 0.64999998
v 4.23125017 -1.64874996 0.64999998
v 4.23125017 -1.74624996 0.64999998
v 4.25937515 -1.69749996 0.64999998
v 4.17500019 -1.79499996 0.85000002
v 4.40000010 -1.79499996 0.85000002
v 4.17500019 -1.79499996 0.75000000
v 4.28750014 -1.79499996 0.75000000
v 4.28750014 -1.79499996 0.85000002
v 4.40000010 -1.79499996 0.75000000
v 4.17500019 -1.79499996 0.80000001
v 4.17500019 -1.79499996 0.69999999
v 4.23125017 -1.79499996 0.80000001
v 4.34375012 -1.79499996 0.69999999
v 4.23125017 -1.79499996 0.75000000
v 4.23125017 -1.79499996 0.69999999
v 4.28750014 -1.79499996 0.69999999
v 4.23125017 -1.79499996 0.85000002
v 4.34375012 -1.79499996 0.85000002
v 4.28750014 -1.79499996 0.80000001
v 4.40000010 -1.79499996 0.69999999
v 4.40000010 -1.79499996 0.80000001
v 4.34375012 -1.79499996 0.75000000
v 4.34375012 -1.79499996 0.80000001
v 4.17500019 -1.79499996 0.82500002
v 4.17500019 -1.79499996 0.77500001
v 4.17500019 -1.79499996 0.67499998
v 4.17500019 -1.79499996 0.72499999
v 4.20312518 -1.79499996 0.82500002
v 4.25937515 -1.79499996 0.77500001
v 4.20312518 -1.79499996 0.80000001
v 4.37187511 -1.79499996 0.67499998
v 4.31562513 -1.79499996 0.72499999
v 4.20312518 -1.79499996 0.75000000
v 4.25937515 -1.79499996 0.75000000
v 4.20312518 -1.79499996 0.77500001
v 4.23125017 -1.79499996 0.77500001
v 4.20312518 -1.79499996 0.67499998
v 4.34375012 -1.79499996 0.67499998
v 4.20312518 -1.79499996 0.72499999
v 4.25937515 -1.79499996 0.67499998
v 4.20312518 -1.79499996 0.69999999
v 4.23125017 -1.79499996 0.72499999
v 4.23125017 -1.79499996 0.67499998
v 4.28750014 -1.79499996 0.72499999
v 4.28750014 -1.79499996 0.67499998
v 4.31562513 -1.79499996 0.69999999
v 4.25937515 -1.79499996 0.72499999
v 4.31562513 -1.79499996 0.67499998
v 4.25937515 -1.79499996 0.69999999
v 4.20312518 -1.79499996 0.85000002
v 4.25937515 -1.79499996 0.85000002
v 4.23125017 -1.79499996 0.82500002
v 4.37187511 -1.79499996 0.85000002
v 4.31562513 -1.79499996 0.85000002
v 4.28750014 -1.79499996 0.77500001
v 4.28750014 -1.79499996 0.82500002
v 4.25937515 -1.79499996 0.80000001
v 4.25937515 -1.79499996 0.82500002
v 4.40000010 -1.79499996 0.67499998
v 4.40000010 -1.79499996 0.72499999
v 4.37187511 -1.79499996 0.69999999
v 4.40000010 -1.79499996 0.82500002
v 4.40000010 -1.79499996 0.77500001
v 4.37187511 -1.79499996 0.82500002
v 4.31562513 -1.79499996 0.75000000
v 4.37187511 -1.79499996 0.75000000
v 4.34375012 -1.79499996 0.72499999
v 4.31562513 -1.79499996 0.77500001
v 4.37187511 -1.79499996 0.72499999
v 4.31562513 -1.79499996 0.82500002
v 4.37187511 -1.79499996 0.77500001
v 4.34375012 -1.79499996 0.82500002
v 4.31562513 -1.79499996 0.80000001
v 4.37187511 -1.79499996 0.80000001
v 4.34375012 -1.79499996 0.77500001
v 4.40000010 -1.40499997 0.85000002
v 4.40000010 -1.59999996 0.75000000
v 4.40000010 -1.59999996 0.85000002
v 4.40000010 -1.40499997 0.75000000
v 4.40000010 -1.69749996 0.80000001
v 4.40000010 -1.50249997 0.69999999
v 4.40000010 -1.69749996 0.75000000
v 4.40000010 -1.69749996 0.69999999
v 4.40000010 -1.59999996 0.69999999
v 4.40000010 -1.69749996 0.85000002
v 4.40000010 -1.50249997 0.85000002
v 4.40000010 -1.59999996 0.80000001
v 4.40000010 -1.40499997 0.69999999
v 4.40000010 -1.40499997 0.80000001
v 4.40000010 -1.50249997 0.75000000
v 4.40000010 -1.50249997 0.80000001
v 4.40000010 -1.74624996 0.82500002
v 4.40000010 -1.64874996 0.77500001
v 4.40000010 -1.74624996 0.80000001
v 4.40000010 -1.45374997 0.67499998
v 4.40000010 -1.55124997 0.72499999
v 4.40000010 -1.74624996 0.75000000
v 4.40000010 -1.64874996 0.75000000
v 4.40000010 -1.74624996 0.77500001
v 4.40000010 -1.69749996 0.77500001
v 4.40000010 -1.74624996 0.67499998
v 4.40000010 -1.50249997 0.67499998
v 4.40000010 -1.74624996 0.72499999
v 4.40000010 -1.64874996 0.67499998
v 4.40000010 -1.74624996 0.69999999
v 4.40000010 -1.69749996 0.72499999
v 4.40000010 -1.69749996 0.67499998
v 4.40000010 -1.59999996 0.72499999
v 4.40000010 -1.59999996 0.67499998
v 4.40000010 -1.55124997 0.69999999
v 4.40000010 -1.64874996 0.72499999
v 4.40000010 -1.55124997 0.67499998
v 4.40000010 -1.64874996 0.69999999
v 4.40000010 -1.74624996 0.85000002
v 4.40000010 -1.64874996 0.85000002
v 4.40000010 -1.69749996 0.82500002
v 4.40000010 -1.45374997 0.85000002
v 4.40000010 -1.55124997 0.85000002
v 4.40000010 -1.59999996 0.77500001
v 4.40000010 -1.59999996 0.82500002
v 4.40000010 -1.64874996 0.80000001
v 4.40000010 -1.64874996 0.82500002
v 4.40000010 -1.40499997 0.67499998
v 4.40000010 -1.40499997 0.72499999
v 4.40000010 -1.45374997 0.69999999
v 4.40000010 -1.40499997 0.82500002
v 4.40000010 -1.40499997 0.77500001
v 4.40000010 -1.45374997 0.82500002
v 4.40000010 -1.55124997 0.75000000
v 4.40000010 -1.45374997 0.75000000
v 4.40000010 -1.50249997 0.72499999
v 4.40000010 -1.55124997 0.77500001
v 4.40000010 -1.45374997 0.72499999
v 4.40000010 -1.55124997 0.82500002
v 4.40000010 -1.45374997 0.77500001
v 4.40000010 -1.50249997 0.82500002
v 4.40000010 -1.55124997 0.80000001
v 4.40000010 -1.45374997 0.80000001
v 4.40000010 -1.50249997 0.77500001
v 4.17500019 -1.40499997 0.85000002
v 4.28750014 -1.40499997 0.75000000
v 4.28750014 -1.40499997 0.85000002
v 4.17500019 -1.40499997 0.75000000
v 4.34375012 -1.40499997 0.80000001
v 4.23125017 -1.40499997 0.69999999
v 4.34375012 -1.40499997 0.75000000
v 4.34375012 -1.40499997 0.69999999
v 4.28750014 -1.40499997 0.69999999
v 4.34375012 -1.40499997 0.85000002
v 4.23125017 -1.40499997 0.85000002
v 4.28750014 -1.40499997 0.80000001
v 4.17500019 -1.40499997 0.69999999
v 4.17500019 -1.40499997 0.80000001
v 4.23125017 -1.40499997 0.75000000
v 4.23125017 -1.40499997 0.80000001
v 4.37187511 -1.40499997 0.82500002
v 4.31562513 -1.40499997 0.77500001
v 4.37187511 -1.40499997 0.80000001
v 4.20312518 -1.40499997 0.67499998
v 4.25937515 -1.40499997 0.72499999
v 4.37187511 -1.40499997 0.75000000
v 4.31562513 -1.40499997 0.75000000
v 4.37187511 -1.40499997 0.77500001
v 4.34375012 -1.40499997 0.77500001
v 4.37187511 -1.40499997 0.67499998
v 4.23125017 -1.40499997 0.67499998
v 4.37187511 -1.40499997 0.72499999
v 4.31562513 -1.40499997 0.67499998
v 4.37187511 -1.40499997 0.69999999
v 4.34375012 -1.40499997 0.72499999
v 4.34375012 -1.40499997 0.67499998
v 4.28750014 -1.40499997 0.72499999
v 4.28750014 -1.40499997 0.67499998
v 4.25937515 -1.40499997 0.69999999
v 4.31562513 -1.40499997 0.72499999
v 4.25937515 -1.40499997 0.67499998
v 4.31562513 -1.40499997 0.69999999
v 4.37187511 -1.40499997 0.85000002
v 4.31562513 -1.40499997 0.85000002
v 4.34375012 -1.40499997 0.82500002
v 4.20312518 -1.40499997 0.85000002
v 4.25937515 -1.40499997 0.85000002
v 4.28750014 -1.40499997 0.77500001
v 4.28750014 -1.40499997 0.82500002
v 4.31562513 -1.40499997 0.80000001
v 4.31562513 -1.40499997 0.82500002
v 4.17500019 -1.40499997 0.67499998
v 4.17500019 -1.40499997 0.72499999
v 4.20312518 -1.40499997 0.69999999
v 4.17500019 -1.40499997 0.82500002
v 4.17500019 -1.40499997 0.77500001
v 4.20312518 -1.40499997 0.82500002
v 4.25937515 -1.40499997 0.75000000
v 4.20312518 -1.40499997 0.75000000
v 4.23125017 -1.40499997 0.72499999
v 4.25937515 -1.40499997 0.77500001
v 4.20312518 -1.40499997 0.72499999
v 4.25937515 -1.40499997 0.82500002
v 4.20312518 -1.40499997 0.77500001
v 4.23125017 -1.40499997 0.82500002
v 4.25937515 -1.40499997 0.80000001
v 4.20312518 -1.40499997 0.80000001
v 4.23125017 -1.40499997 0.77500001
v 4.17500019 -1.59999996 0.75000000
v 4.17500019 -1.59999996 0.85000002
v 4.17500019 -1.50249997 0.80000001
v 4.17500019 -1.69749996 0.69999999
v 4.17500019 -1.50249997 0.75000000
v 4.17500019 -1.50249997 0.69999999
v 4.17500019 -1.59999996 0.69999999
v 4.17500019 -1.50249997 0.85000002
v 4.17500019 -1.69749996 0.85000002
v 4.17500019 -1.59999996 0.80000001
v 4.17500019 -1.69749996 0.75000000
v 4.17500019 -1.69749996 0.80000001
v 4.17500019 -1.45374997 0.82500002
v 4.17500019 -1.55124997 0.77500001
v 4.17500019 -1.45374997 0.80000001
v 4.17500019 -1.74624996 0.67499998
v 4.17500019 -1.64874996 0.72499999
v 4.17500019 -1.45374997 0.75000000
v 4.17500019 -1.55124997 0.75000000
v 4.17500019 -1.45374997 0.77500001
v 4.17500019 -1.50249997 0.77500001
v 4.17500019 -1.45374997 0.67499998
v 4.17500019 -1.69749996 0.67499998
v 4.17500019 -1.45374997 0.72499999
v 4.17500019 -1.55124997 0.67499998
v 4.17500019 -1.45374997 0.69999999
v 4.17500019 -1.50249997 0.72499999
v 4.17500019 -1.50249997 0.67499998
v 4.17500019 -1.59999996 0.72499999
v 4.17500019 -1.59999996 0.67499998
v 4.17500019 -1.64874996 0.69999999
v 4.17500019 -1.55124997 0.72499999
v 4.17500019 -1.64874996 0.67499998
v 4.17500019 -1.55124997 0.69999999
v 4.17500019 -1.45374997 0.85000002
v 4.17500019 -1.55124997 0.85000002
v 4.17500019 -1.50249997 0.82500002
v 4.17500019 -1.74624996 0.85000002
v 4.17500019 -1.64874996 0.85000002
v 4.17500019 -1.59999996 0.77500001
v 4.17500019 -1.59999996 0.82500002
v 4.17500019 -1.55124997 0.80000001
v 4.17500019 -1.55124997 0.82500002
v 4.17500019 -1.74624996 0.69999999
v 4.17500019 -1.74624996 0.82500002
v 4.17500019 -1.64874996 0.75000000
v 4.17500019 -1.74624996 0.75000000
v 4.17500019 -1.69749996 0.72499999
v 4.17500019 -1.64874996 0.77500001
v 4.17500019 -1.74624996 0.72499999
v 4.17500019 -1.64874996 0.82500002
v 4.17500019 -1.74624996 0.77500001
v 4.17500019 -1.69749996 0.82500002
v 4.17500019 -1.64874996 0.80000001
v 4.17500019 -1.74624996 0.80000001
v 4.17500019 -1.69749996 0.77500001
v 4.09999990 -1.89999998 0.85000002
v 4.09999990 -1.29999995 0.85000002
v 4.50000000 -1.29999995 0.85000002
v 4.50000000 -1.89999998 0.85000002
v 4.50000000 -1.55508471 0.85000002
v 4.25000000 -1.84749997 0.85000002
v 4.13750005 -1.84749997 0.85000002
v 4.13750005 -1.65249997 0.85000002
v 4.09999990 -1.59999996 0.85000002
v 4.13750005 -1.35249996 0.85000002
v 4.45000005 -1.54749995 0.85000002
v 4.29999995 -1.29999995 0.85000002
v 4.25000000 -1.35249996 0.85000002
v 4.45000005 -1.35249996 0.85000002
v 4.45000005 -1.84749997 0.85000002
v 4.29999995 -1.89999998 0.85000002
v 4.45000005 -1.67504233 0.85000002
v 4.50000000 -1.42754233 0.85000002
v 4.50000000 -1.72754234 0.85000002
v 4.32500005 -1.82124996 0.85000002
v 4.17499995 -1.87374997 0.85000002
v 4.26875007 -1.82124996 0.85000002
v 4.11874998 -1.87374997 0.85000002
v 4.15625012 -1.82124996 0.85000002
v 4.19375002 -1.84749997 0.85000002
v 4.21250010 -1.82124996 0.85000002
v 4.11874998 -1.77624997 0.85000002
v 4.15625012 -1.52874997 0.85000002
v 4.13750005 -1.74999997 0.85000002
v 4.15625012 -1.72374997 0.85000002
v 4.15625012 -1.62624997 0.85000002
v 4.09999990 -1.74999997 0.85000002
v 4.09999990 -1.44999996 0.85000002
v 4.11874998 -1.62624997 0.85000002
v 4.15625012 -1.37874997 0.85000002
v 4.11874998 -1.32624996 0.85000002
v 4.13750005 -1.50249997 0.85000002
v 4.11874998 -1.47624996 0.85000002
v 4.42500007 -1.67124996 0.85000002
v 4.47500002 -1.42374995 0.85000002
v 4.19999993 -1.29999995 0.85000002
v 4.39999998 -1.29999995 0.85000002
v 4.42500007 -1.57374996 0.85000002
v 4.21250010 -1.37874997 0.85000002
v 4.17499995 -1.32624996 0.85000002
v 4.32500005 -1.37874997 0.85000002
v 4.19375002 -1.35249996 0.85000002
v 4.27499998 -1.32624996 0.85000002
v 4.26875007 -1.37874997 0.85000002
v 4.47500002 -1.32624996 0.85000002
v 4.42500007 -1.37874997 0.85000002
v 4.45000005 -1.44999996 0.85000002
v 4.37500000 -1.32624996 0.85000002
v 4.42500007 -1.47624996 0.85000002
v 4.35000002 -1.35249996 0.85000002
v 4.42500007 -1.82124996 0.85000002
v 4.47500002 -1.87374997 0.85000002
v 4.35000002 -1.84749997 0.85000002
v 4.19999993 -1.89999998 0.85000002
v 4.39999998 -1.89999998 0.85000002
v 4.27499998 -1.87374997 0.85000002
v 4.37500000 -1.87374997 0.85000002
v 4.42500007 -1.73502114 0.85000002
v 4.47500002 -1.61506352 0.85000002
v 4.45000005 -1.61127114 0.85000002
v 4.45000005 -1.76127115 0.85000002
v 4.50000000 -1.36377114 0.85000002
v 4.50000000 -1.49131352 0.85000002
v 4.47500002 -1.48752114 0.85000002
v 4.47500002 -1.55129233 0.85000002
v 4.50000000 -1.81377116 0.85000002
v 4.50000000 -1.64131352 0.85000002
v 4.47500002 -1.78752115 0.85000002
v 4.47500002 -1.70129234 0.85000002
v 4.36250007 -1.80812496 0.85000002
v 4.28750002 -1.83437496 0.85000002
v 4.13749993 -1.88687497 0.85000002
v 4.21249998 -1.86062497 0.85000002
v 4.33437508 -1.80812496 0.85000002
v 4.25937504 -1.83437496 0.85000002
v 4.27812511 -1.80812496 0.85000002
v 4.29687506 -1.82124996 0.85000002
v 4.30625010 -1.80812496 0.85000002
v 4.10937494 -1.88687497 0.85000002
v 4.12812501 -1.86062497 0.85000002
v 4.14687496 -1.87374997 0.85000002
v 4.16562515 -1.80812496 0.85000002
v 4.14687508 -1.83437496 0.85000002
v 4.19375014 -1.80812496 0.85000002
v 4.22187501 -1.84749997 0.85000002
v 4.16562504 -1.84749997 0.85000002
v 4.18437499 -1.86062497 0.85000002
v 4.23125005 -1.83437496 0.85000002
v 4.15625000 -1.86062497 0.85000002
v 4.25000012 -1.80812496 0.85000002
v 4.17500007 -1.83437496 0.85000002
v 4.22187513 -1.80812496 0.85000002
v 4.24062508 -1.82124996 0.85000002
v 4.18437511 -1.82124996 0.85000002
v 4.20312506 -1.83437496 0.85000002
v 4.10937494 -1.83812498 0.85000002
v 4.12812501 -1.71437497 0.85000002
v 4.11874998 -1.82499997 0.85000002
v 4.16562515 -1.46687497 0.85000002
v 4.14687508 -1.59062497 0.85000002
v 4.13750005 -1.79874997 0.85000002
v 4.13750005 -1.70124997 0.85000002
v 4.12812501 -1.81187497 0.85000002
v 4.12812501 -1.76312497 0.85000002
v 4.16562515 -1.75937496 0.85000002
v 4.16562515 -1.51562497 0.85000002
v 4.14687508 -1.78562497 0.85000002
v 4.16562515 -1.66187496 0.85000002
v 4.15625012 -1.77249996 0.85000002
v 4.14687508 -1.73687497 0.85000002
v 4.16562515 -1.71062496 0.85000002
v 4.14687508 -1.63937497 0.85000002
v 4.16562515 -1.61312497 0.85000002
v 4.15625012 -1.57749997 0.85000002
v 4.14687508 -1.68812497 0.85000002
v 4.16562515 -1.56437497 0.85000002
v 4.15625012 -1.67499997 0.85000002
v 4.09999990 -1.82499997 0.85000002
v 4.09999990 -1.67499997 0.85000002
v 4.10937494 -1.76312497 0.85000002
v 4.09999990 -1.37499996 0.85000002
v 4.09999990 -1.52499996 0.85000002
v 4.12812501 -1.63937497 0.85000002
v 4.10937494 -1.61312497 0.85000002
v 4.11874998 -1.70124997 0.85000002
v 4.10937494 -1.68812497 0.85000002
v 4.16562515 -1.39187497 0.85000002
v 4.14687508 -1.36562496 0.85000002
v 4.15625012 -1.45374997 0.85000002
v 4.10937494 -1.31312495 0.85000002
v 4.12812501 -1.33937496 0.85000002
v 4.10937494 -1.38812496 0.85000002
v 4.13750005 -1.57749997 0.85000002
v 4.13750005 -1.42749996 0.85000002
v 4.14687508 -1.51562497 0.85000002
v 4.12812501 -1.56437497 0.85000002
v 4.14687508 -1.44062497 0.85000002
v 4.10937494 -1.53812496 0.85000002
v 4.12812501 -1.41437496 0.85000002
v 4.10937494 -1.46312496 0.85000002
v 4.11874998 -1.55124997 0.85000002
v 4.11874998 -1.40124996 0.85000002
v 4.12812501 -1.48937497 0.85000002
v 4.41250008 -1.73312496 0.85000002
v 4.43750006 -1.60937496 0.85000002
v 4.48750001 -1.36187495 0.85000002
v 4.46250004 -1.48562495 0.85000002
v 4.14999992 -1.29999995 0.85000002
v 4.24999994 -1.29999995 0.85000002
v 4.44999999 -1.29999995 0.85000002
v 4.34999996 -1.29999995 0.85000002
v 4.41250008 -1.68437496 0.85000002
v 4.43750006 -1.56062496 0.85000002
v 4.41250008 -1.58687496 0.85000002
v 4.42500007 -1.62249996 0.85000002
v 4.41250008 -1.63562496 0.85000002
v 4.19375014 -1.39187497 0.85000002
v 4.17500007 -1.36562496 0.85000002
v 4.25000012 -1.39187497 0.85000002
v 4.18437511 -1.37874997 0.85000002
v 4.22187513 -1.39187497 0.85000002
v 4.13749993 -1.31312495 0.85000002
v 4.21249998 -1.33937496 0.85000002
v 4.14687496 -1.32624996 0.85000002
v 4.18749994 -1.31312495 0.85000002
v 4.36250007 -1.39187497 0.85000002
v 4.28750002 -1.36562496 0.85000002
v 4.33437508 -1.39187497 0.85000002
v 4.16562504 -1.35249996 0.85000002
v 4.22187501 -1.35249996 0.85000002
v 4.15625000 -1.33937496 0.85000002
v 4.20312506 -1.36562496 0.85000002
v 4.18437499 -1.33937496 0.85000002
v 4.28749996 -1.31312495 0.85000002
v 4.26249999 -1.33937496 0.85000002
v 4.23749995 -1.31312495 0.85000002
v 4.22499996 -1.32624996 0.85000002
v 4.27812511 -1.39187497 0.85000002
v 4.25937504 -1.36562496 0.85000002
v 4.30625010 -1.39187497 0.85000002
v 4.24062508 -1.37874997 0.85000002
v 4.29687506 -1.37874997 0.85000002
v 4.23125005 -1.36562496 0.85000002
v 4.48750001 -1.31312495 0.85000002
v 4.46250004 -1.33937496 0.85000002
v 4.47500002 -1.37499996 0.85000002
v 4.43750000 -1.31312495 0.85000002
v 4.41250008 -1.39187497 0.85000002
v 4.43750006 -1.36562496 0.85000002
v 4.41250008 -1.44062497 0.85000002
v 4.37500006 -1.37874997 0.85000002
v 4.45000005 -1.49874996 0.85000002
v 4.45000005 -1.40124996 0.85000002
v 4.46250004 -1.43687496 0.85000002
v 4.43750006 -1.51187496 0.85000002
v 4.46250004 -1.38812496 0.85000002
v 4.33749998 -1.31312495 0.85000002
v 4.41250002 -1.33937496 0.85000002
v 4.38749999 -1.31312495 0.85000002
v 4.32499999 -1.32624996 0.85000002
v 4.42500001 -1.32624996 0.85000002
v 4.41250008 -1.53812496 0.85000002
v 4.43750006 -1.41437496 0.85000002
v 4.41250008 -1.48937497 0.85000002
v 4.42500007 -1.52499996 0.85000002
v 4.42500007 -1.42749996 0.85000002
v 4.43750006 -1.46312496 0.85000002
v 4.30000001 -1.35249996 0.85000002
v 4.40000004 -1.35249996 0.85000002
v 4.33750004 -1.36562496 0.85000002
v 4.31250000 -1.33937496 0.85000002
v 4.38750005 -1.36562496 0.85000002
v 4.36250001 -1.33937496 0.85000002
v 4.41250008 -1.80812496 0.85000002
v 4.43750006 -1.83437496 0.85000002
v 4.37500006 -1.82124996 0.85000002
v 4.48750001 -1.88687497 0.85000002
v 4.46250004 -1.86062497 0.85000002
v 4.30000001 -1.84749997 0.85000002
v 4.40000004 -1.84749997 0.85000002
v 4.33750004 -1.83437496 0.85000002
v 4.38750005 -1.83437496 0.85000002
v 4.14999992 -1.89999998 0.85000002
v 4.24999994 -1.89999998 0.85000002
v 4.18749994 -1.88687497 0.85000002
v 4.44999999 -1.89999998 0.85000002
v 4.34999996 -1.89999998 0.85000002
v 4.43750000 -1.88687497 0.85000002
v 4.26249999 -1.86062497 0.85000002
v 4.28749996 -1.88687497 0.85000002
v 4.22499996 -1.87374997 0.85000002
v 4.31250000 -1.86062497 0.85000002
v 4.23749995 -1.88687497 0.85000002
v 4.41250002 -1.86062497 0.85000002
v 4.33749998 -1.88687497 0.85000002
v 4.42500001 -1.87374997 0.85000002
v 4.36250001 -1.86062497 0.85000002
v 4.38749999 -1.88687497 0.85000002
v 4.32499999 -1.87374997 0.85000002
v 4.41250008 -1.76501055 0.85000002
v 4.43750006 -1.70503174 0.85000002
v 4.42500007 -1.70313555 0.85000002
v 4.42500007 -1.77813555 0.85000002
v 4.48750001 -1.58507411 0.85000002
v 4.46250004 -1.64505292 0.85000002
v 4.45000005 -1.57938555 0.85000002
v 4.45000005 -1.64315674 0.85000002
v 4.43750006 -1.64126055 0.85000002
v 4.43750006 -1.67314614 0.85000002
v 4.45000005 -1.80438556 0.85000002
v 4.45000005 -1.71815674 0.85000002
v 4.43750006 -1.79126056 0.85000002
v 4.43750006 -1.74814615 0.85000002
v 4.50000000 -1.33188555 0.85000002
v 4.50000000 -1.39565673 0.85000002
v 4.48750001 -1.39376055 0.85000002
v 4.50000000 -1.52319911 0.85000002
v 4.50000000 -1.45942792 0.85000002
v 4.48750001 -1.55318852 0.85000002
v 4.46250004 -1.51751055 0.85000002
v 4.48750001 -1.45753174 0.85000002
v 4.47500002 -1.45563555 0.85000002
v 4.46250004 -1.54939614 0.85000002
v 4.48750001 -1.42564614 0.85000002
v 4.46250004 -1.61316733 0.85000002
v 4.48750001 -1.48941733 0.85000002
v 4.47500002 -1.58317792 0.85000002
v 4.46250004 -1.58128174 0.85000002
v 4.48750001 -1.52130292 0.85000002
v 4.47500002 -1.51940674 0.85000002
v 4.50000000 -1.85688557 0.85000002
v 4.50000000 -1.77065675 0.85000002
v 4.48750001 -1.84376056 0.85000002
v 4.50000000 -1.59819911 0.85000002
v 4.50000000 -1.68442793 0.85000002
v 4.48750001 -1.62818852 0.85000002
v 4.46250004 -1.81751056 0.85000002
v 4.48750001 -1.75753175 0.85000002
v 4.47500002 -1.83063556 0.85000002
v 4.46250004 -1.77439615 0.85000002
v 4.48750001 -1.80064616 0.85000002
v 4.46250004 -1.68816733 0.85000002
v 4.48750001 -1.71441734 0.85000002
v 4.47500002 -1.65817793 0.85000002
v 4.46250004 -1.73128174 0.85000002
v 4.48750001 -1.67130293 0.85000002
v 4.47500002 -1.74440674 0.85000002
v 4.22666216 -1.79999995 0.00000000
v 4.19999981 -1.79999995 0.00000000
v 4.50000000 -1.79999995 -0.00000000
v 4.16333103 -1.84999996 0.42500001
v 4.14999986 -1.84999996 0.42500001
v 4.21333098 -1.79999995 0.00000000
v 4.36333108 -1.79999995 -0.00000000
v 4.36333108 -1.84999996 0.42500001
v 4.50000000 -1.84999996 0.42500001
v 4.13166547 -1.87499997 0.63750002
v 4.19499660 -1.82499996 0.21250001
v 4.12499988 -1.87499997 0.63750002
v 4.17499983 -1.82499996 0.21250001
v 4.15666544 -1.84999996 0.42500001
v 4.21999657 -1.79999995 0.00000000
v 4.20666540 -1.79999995 0.00000000
v 4.18833101 -1.82499996 0.21250001
v 4.18166542 -1.82499996 0.21250001
v 4.29499662 -1.79999995 -0.00000000
v 4.43166554 -1.79999995 -0.00000000
v 4.23166549 -1.87499997 0.63750002
v 4.29499662 -1.82499996 0.21250001
v 4.43166554 -1.87499997 0.63750002
v 4.26333106 -1.84999996 0.42500001
v 4.36333108 -1.82499996 0.21250001
v 4.33166552 -1.87499997 0.63750002
v 4.50000000 -1.82499996 0.21250001
v 4.50000000 -1.87499997 0.63750002
v 4.43166554 -1.82499996 0.21250001
v 4.43166554 -1.84999996 0.42500001
v 4.11583269 -1.88749997 0.74375002
v 4.14749825 -1.86249997 0.53125001
v 4.21082938 -1.81249996 0.10625000
v 4.17916381 -1.83749996 0.31875001
v 4.11249989 -1.88749997 0.74375002
v 4.13749987 -1.86249997 0.53125001
v 4.12833267 -1.87499997 0.63750002
v 4.18749982 -1.81249996 0.10625000
v 4.16249985 -1.83749996 0.31875001
v 4.15999824 -1.84999996 0.42500001
v 4.15333265 -1.84999996 0.42500001
v 4.14416546 -1.86249997 0.53125001
v 4.14083266 -1.86249997 0.53125001
v 4.22332937 -1.79999995 0.00000000
v 4.21666378 -1.79999995 0.00000000
v 4.20749658 -1.81249996 0.10625000
v 4.20333260 -1.79999995 0.00000000
v 4.20999819 -1.79999995 0.00000000
v 4.19083261 -1.81249996 0.10625000
v 4.17583102 -1.83749996 0.31875001
v 4.20083100 -1.81249996 0.10625000
v 4.19166380 -1.82499996 0.21250001
v 4.17249823 -1.83749996 0.31875001
v 4.20416379 -1.81249996 0.10625000
v 4.16583264 -1.83749996 0.31875001
v 4.19749820 -1.81249996 0.10625000
v 4.17833263 -1.82499996 0.21250001
v 4.16916543 -1.83749996 0.31875001
v 4.19416541 -1.81249996 0.10625000
v 4.18499821 -1.82499996 0.21250001
v 4.26082939 -1.79999995 -0.00000000
v 4.32916385 -1.79999995 -0.00000000
v 4.46583277 -1.79999995 -0.00000000
v 4.39749831 -1.79999995 -0.00000000
v 4.16583270 -1.88749997 0.74375002
v 4.19749826 -1.86249997 0.53125001
v 4.26583272 -1.88749997 0.74375002
v 4.18166548 -1.87499997 0.63750002
v 4.21583271 -1.88749997 0.74375002
v 4.26082939 -1.81249996 0.10625000
v 4.32916385 -1.83749996 0.31875001
v 4.24499661 -1.82499996 0.21250001
v 4.29499662 -1.81249996 0.10625000
v 4.46583277 -1.88749997 0.74375002
v 4.39749831 -1.86249997 0.53125001
v 4.41583276 -1.88749997 0.74375002
v 4.21333104 -1.84999996 0.42500001
v 4.31333107 -1.84999996 0.42500001
v 4.22916383 -1.83749996 0.31875001
v 4.24749827 -1.86249997 0.53125001
v 4.27916384 -1.83749996 0.31875001
v 4.36333108 -1.81249996 0.10625000
v 4.36333108 -1.83749996 0.31875001
v 4.32916385 -1.81249996 0.10625000
v 4.32916385 -1.82499996 0.21250001
v 4.31583273 -1.88749997 0.74375002
v 4.34749830 -1.86249997 0.53125001
v 4.36583275 -1.88749997 0.74375002
v 4.28166550 -1.87499997 0.63750002
v 4.38166553 -1.87499997 0.63750002
v 4.29749829 -1.86249997 0.53125001
v 4.50000000 -1.81249996 0.10625000
v 4.50000000 -1.83749996 0.31875001
v 4.46583277 -1.81249996 0.10625000
v 4.50000000 -1.88749997 0.74375002
v 4.50000000 -1.86249997 0.53125001
v 4.46583277 -1.87499997 0.63750002
v 4.39749831 -1.81249996 0.10625000
v 4.46583277 -1.83749996 0.31875001
v 4.43166554 -1.81249996 0.10625000
v 4.39749831 -1.82499996 0.21250001
v 4.46583277 -1.82499996 0.21250001
v 4.39749831 -1.84999996 0.42500001
v 4.46583277 -1.84999996 0.42500001
v 4.43166554 -1.86249997 0.53125001
v 4.39749831 -1.83749996 0.31875001
v 4.46583277 -1.86249997 0.53125001
v 4.43166554 -1.83749996 0.31875001
v 4.19999981 -1.39999998 0.00000000
v 4.35529184 -1.39999998 0.00000000
v 4.50000000 -1.39999998 0.00000000
v 4.34999990 -1.34999996 0.42500001
v 4.14999986 -1.34999996 0.42500001
v 4.42764592 -1.34999996 0.42500001
v 4.27764583 -1.39999998 0.00000000
v 4.50000000 -1.34999996 0.42500001
v 4.42764592 -1.39999998 0.00000000
v 4.42499995 -1.32499996 0.63750002
v 4.27499986 -1.37499997 0.21250001
v 4.32499993 -1.32499996 0.63750002
v 4.12499988 -1.32499996 0.63750002
v 4.17499983 -1.37499997 0.21250001
v 4.22499990 -1.32499996 0.63750002
v 4.24999988 -1.34999996 0.42500001
v 4.46382296 -1.32499996 0.63750002
v 4.39146888 -1.37499997 0.21250001
v 4.38882291 -1.34999996 0.42500001
v 4.23882282 -1.39999998 0.00000000
v 4.31646883 -1.39999998 0.00000000
v 4.31382287 -1.37499997 0.21250001
v 4.35264587 -1.37499997 0.21250001
v 4.50000000 -1.32499996 0.63750002
v 4.50000000 -1.37499997 0.21250001
v 4.46382296 -1.34999996 0.42500001
v 4.39146888 -1.39999998 0.00000000
v 4.46382296 -1.39999998 0.00000000
v 4.42764592 -1.37499997 0.21250001
v 4.46382296 -1.37499997 0.21250001
v 4.46249998 -1.31249996 0.74375002
v 4.38749993 -1.33749996 0.53125001
v 4.41249996 -1.31249996 0.74375002
v 4.23749983 -1.38749997 0.10625000
v 4.31249988 -1.36249997 0.31875001
v 4.31249994 -1.31249996 0.74375002
v 4.33749992 -1.33749996 0.53125001
v 4.36249995 -1.31249996 0.74375002
v 4.37499994 -1.32499996 0.63750002
v 4.11249989 -1.31249996 0.74375002
v 4.13749987 -1.33749996 0.53125001
v 4.16249990 -1.31249996 0.74375002
v 4.18749982 -1.38749997 0.10625000
v 4.16249985 -1.36249997 0.31875001
v 4.22499985 -1.37499997 0.21250001
v 4.26249993 -1.31249996 0.74375002
v 4.18749988 -1.33749996 0.53125001
v 4.21249992 -1.31249996 0.74375002
v 4.27499992 -1.32499996 0.63750002
v 4.17499989 -1.32499996 0.63750002
v 4.29999989 -1.34999996 0.42500001
v 4.19999987 -1.34999996 0.42500001
v 4.26249987 -1.36249997 0.31875001
v 4.28749990 -1.33749996 0.53125001
v 4.21249986 -1.36249997 0.31875001
v 4.23749989 -1.33749996 0.53125001
v 4.48191148 -1.31249996 0.74375002
v 4.44573444 -1.33749996 0.53125001
v 4.44441146 -1.32499996 0.63750002
v 4.37338036 -1.38749997 0.10625000
v 4.40955740 -1.36249997 0.31875001
v 4.36941141 -1.34999996 0.42500001
v 4.40823442 -1.34999996 0.42500001
v 4.40691143 -1.33749996 0.53125001
v 4.42632294 -1.33749996 0.53125001
v 4.21941131 -1.39999998 0.00000000
v 4.25823432 -1.39999998 0.00000000
v 4.25691134 -1.38749997 0.10625000
v 4.33588034 -1.39999998 0.00000000
v 4.29705733 -1.39999998 0.00000000
v 4.35396886 -1.38749997 0.10625000
v 4.33191139 -1.36249997 0.31875001
v 4.29573435 -1.38749997 0.10625000
v 4.29441136 -1.37499997 0.21250001
v 4.35132289 -1.36249997 0.31875001
v 4.27632284 -1.38749997 0.10625000
v 4.39014590 -1.36249997 0.31875001
v 4.31514585 -1.38749997 0.10625000
v 4.37205738 -1.37499997 0.21250001
v 4.37073439 -1.36249997 0.31875001
v 4.33455735 -1.38749997 0.10625000
v 4.33323437 -1.37499997 0.21250001
v 4.50000000 -1.31249996 0.74375002
v 4.50000000 -1.33749996 0.53125001
v 4.48191148 -1.32499996 0.63750002
v 4.50000000 -1.38749997 0.10625000
v 4.50000000 -1.36249997 0.31875001
v 4.44573444 -1.34999996 0.42500001
v 4.48191148 -1.34999996 0.42500001
v 4.46382296 -1.33749996 0.53125001
v 4.48191148 -1.33749996 0.53125001
v 4.37338036 -1.39999998 0.00000000
v 4.40955740 -1.39999998 0.00000000
v 4.39146888 -1.38749997 0.10625000
v 4.48191148 -1.39999998 0.00000000
v 4.44573444 -1.39999998 0.00000000
v 4.48191148 -1.38749997 0.10625000
v 4.42764592 -1.36249997 0.31875001
v 4.42764592 -1.38749997 0.10625000
v 4.40955740 -1.37499997 0.21250001
v 4.44573444 -1.36249997 0.31875001
v 4.40955740 -1.38749997 0.10625000
v 4.48191148 -1.36249997 0.31875001
v 4.44573444 -1.38749997 0.10625000
v 4.48191148 -1.37499997 0.21250001
v 4.46382296 -1.36249997 0.31875001
v 4.46382296 -1.38749997 0.10625000
v 4.44573444 -1.37499997 0.21250001
v 4.14999986 -1.64999998 0.42500001
v 4.19999981 -1.59999996 0.00000000
v 4.12499988 -1.77499998 0.63750002
v 4.17499983 -1.52499998 0.21250001
v 4.14999986 -1.74999997 0.42500001
v 4.19999981 -1.69999996 0.00000000
v 4.19999981 -1.49999997 0.00000000
v 4.17499983 -1.72499996 0.21250001
v 4.17499983 -1.62499997 0.21250001
v 4.12499988 -1.62499997 0.63750002
v 4.14999986 -1.49999997 0.42500001
v 4.12499988 -1.47499996 0.63750002
v 4.11249989 -1.83749998 0.74375002
v 4.13749987 -1.71249998 0.53125001
v 4.12499988 -1.82499997 0.63750002
v 4.18749982 -1.46249998 0.10625000
v 4.16249985 -1.58749998 0.31875001
v 4.14999986 -1.79999997 0.42500001
v 4.14999986 -1.69999997 0.42500001
v 4.13749987 -1.81249997 0.53125001
v 4.13749987 -1.76249997 0.53125001
v 4.19999981 -1.74999996 0.00000000
v 4.19999981 -1.64999996 0.00000000
v 4.18749982 -1.76249996 0.10625000
v 4.19999981 -1.44999997 0.00000000
v 4.19999981 -1.54999997 0.00000000
v 4.18749982 -1.51249997 0.10625000
v 4.16249985 -1.78749996 0.31875001
v 4.18749982 -1.66249996 0.10625000
v 4.17499983 -1.77499996 0.21250001
v 4.16249985 -1.73749997 0.31875001
v 4.18749982 -1.71249996 0.10625000
v 4.16249985 -1.63749997 0.31875001
v 4.18749982 -1.61249997 0.10625000
v 4.17499983 -1.57499997 0.21250001
v 4.16249985 -1.68749997 0.31875001
v 4.18749982 -1.56249997 0.10625000
v 4.17499983 -1.67499997 0.21250001
v 4.11249989 -1.76249997 0.74375002
v 4.13749987 -1.63749997 0.53125001
v 4.11249989 -1.61249997 0.74375002
v 4.12499988 -1.69999997 0.63750002
v 4.11249989 -1.68749997 0.74375002
v 4.17499983 -1.44999997 0.21250001
v 4.11249989 -1.38749996 0.74375002
v 4.14999986 -1.57499997 0.42500001
v 4.14999986 -1.42499997 0.42500001
v 4.16249985 -1.51249997 0.31875001
v 4.13749987 -1.56249997 0.53125001
v 4.16249985 -1.43749997 0.31875001
v 4.11249989 -1.53749996 0.74375002
v 4.13749987 -1.41249996 0.53125001
v 4.11249989 -1.46249996 0.74375002
v 4.12499988 -1.54999997 0.63750002
v 4.12499988 -1.39999996 0.63750002
v 4.13749987 -1.48749997 0.53125001
v 2.70000005 -2.72499999 0.00000000
v 4.11299992 -2.11199999 0.00000000
v 3.92499995 -1.37499997 0.00000000
v 3.83800006 -1.68700001 0.00000000
v 3.92499995 -1.17499998 0.00000000
v 4.34999990 -1.17499998 0.00000000
v 3.17500019 -2.72499999 0.00000000
v 3.12500024 -4.50000000 0.00000000
v 4.42764592 -1.17499998 0.00000000
v 4.12633109 -2.11199999 0.00000000
v 4.36333108 -2.11199999 0.00000000
v 4.50000000 -2.11199999 -0.00000000
v 4.50000000 -1.17499998 0.00000000
v 3.82869315 -1.69630679 0.00000000
v 3.33800006 -1.73699996 0.00000000
v 3.78800011 -1.73699996 0.00000000
v 3.33800006 -1.81299993 0.00000000
v 4.50000000 -3.18799961 0.00000000
v 4.29360557 -3.18799961 0.00000000
v 4.18585896 -3.18799961 0.00000000
v 4.16988158 -3.18799961 0.00000000
v 3.17500019 -2.27499959 0.00000000
v 3.48338819 -2.27499959 0.00000000
v 4.07138824 -3.13799953 0.00000000
v 4.15199375 -3.18799961 0.00000000
v 4.12138820 -3.18799961 0.00000000
v 3.40316892 -2.27499959 0.00000000
v 2.72500002 -1.83749999 0.00000000
v 2.67500007 -3.61250000 0.00000000
v 2.70000005 -1.83749999 0.00000000
v 2.67500007 -2.72499999 0.00000000
v 2.67500007 -1.83749999 0.00000000
v 4.15649986 -1.95599997 0.00000000
v 4.06949997 -2.26800001 0.00000000
v 4.06249988 -1.58749996 0.00000000
v 3.78750002 -1.16249998 0.00000000
v 4.01899993 -1.74349998 0.00000000
v 3.93200004 -2.05550002 0.00000000
v 3.74400008 -1.31850000 0.00000000
v 3.97549999 -1.89950000 0.00000000
v 3.88150001 -1.53099999 0.00000000
v 4.06249988 -1.48749997 0.00000000
v 3.78750002 -1.06249999 0.00000000
v 4.06249988 -1.28749998 0.00000000
v 3.92499995 -1.27499998 0.00000000
v 4.00000000 -1.06249999 0.00000000
v 4.06249988 -1.38749997 0.00000000
v 4.42499995 -1.06249999 0.00000000
v 4.27499986 -1.28749998 0.00000000
v 4.21249998 -1.06249999 0.00000000
v 4.13749993 -1.17499998 0.00000000
v 2.96250010 -1.83749999 0.00000000
v 3.38750029 -3.61250000 0.00000000
v 2.93750012 -2.72499999 0.00000000
v 2.88750017 -4.50000000 0.00000000
v 3.36250031 -4.50000000 0.00000000
v 2.91250014 -3.61250000 0.00000000
v 3.15000021 -3.61250000 0.00000000
v 4.46382296 -1.06249999 0.00000000
v 4.39146888 -1.28749998 0.00000000
v 4.38882291 -1.17499998 0.00000000
v 4.31382287 -1.28749998 0.00000000
v 4.35264587 -1.28749998 0.00000000
v 4.16316545 -1.95599997 0.00000000
v 4.07616556 -2.26800001 0.00000000
v 4.17649662 -1.95599997 0.00000000
v 4.11966550 -2.11199999 0.00000000
v 4.16983104 -1.95599997 0.00000000
v 4.19466555 -2.26800001 0.00000000
v 4.29499662 -1.95599997 0.00000000
v 4.43166554 -2.26800001 0.00000000
v 4.24483109 -2.11199999 0.00000000
v 4.36333108 -1.95599997 -0.00000000
v 4.31316555 -2.26800001 0.00000000
v 4.50000000 -1.95599997 -0.00000000
v 4.50000000 -2.26800001 -0.00000000
v 4.43166554 -1.95599997 -0.00000000
v 4.43166554 -2.11199999 -0.00000000
v 4.50000000 -1.06249999 0.00000000
v 4.50000000 -1.28749998 0.00000000
v 4.46382296 -1.17499998 0.00000000
v 4.42764592 -1.28749998 0.00000000
v 4.46382296 -1.28749998 0.00000000
v 3.92734659 -2.06015341 0.00000000
v 3.73934662 -1.32315339 0.00000000
v 3.91803968 -2.06946020 0.00000000
v 3.83334661 -1.69165340 0.00000000
v 3.92269313 -2.06480680 0.00000000
v 3.04400003 -1.34349997 0.00000000
v 3.63200009 -2.13049994 0.00000000
v 3.26900005 -1.34349997 0.00000000
v 3.71900010 -1.34349997 0.00000000
v 3.85700011 -2.13049994 0.00000000
v 3.49400008 -1.34349997 0.00000000
v 3.80834663 -1.71665338 0.00000000
v 3.56300008 -1.73699996 0.00000000
v 3.89769316 -2.08980678 0.00000000
v 3.87734663 -2.11015336 0.00000000
v 3.04400003 -1.38149996 0.00000000
v 3.63200009 -2.24449991 0.00000000
v 3.33800006 -1.77499995 0.00000000
v 3.63200009 -2.16849993 0.00000000
v 3.63200009 -2.20649992 0.00000000
v 4.50000000 -2.98199981 0.00000000
v 4.50000000 -3.39399940 0.00000000
v 4.39680278 -2.98199981 0.00000000
v 4.39680278 -3.39399940 0.00000000
v 4.19040835 -2.98199981 0.00000000
v 4.39680278 -3.18799961 0.00000000
v 4.29360557 -2.98199981 0.00000000
v 4.34292948 -3.39399940 0.00000000
v 4.13653505 -2.98199981 0.00000000
v 4.23518288 -3.39399940 0.00000000
v 4.23973227 -3.18799961 0.00000000
v 4.28905618 -3.39399940 0.00000000
v 4.12854636 -2.98199981 0.00000000
v 4.21121681 -3.39399940 0.00000000
v 4.17787027 -3.18799961 0.00000000
v 4.22719419 -3.39399940 0.00000000
v 4.21920550 -3.39399940 0.00000000
v 2.96250010 -1.61249979 0.00000000
v 3.38750029 -2.93749939 0.00000000
v 3.17500019 -2.49999979 0.00000000
v 3.38750029 -3.38749979 0.00000000
v 3.38750029 -3.16249959 0.00000000
v 3.11669409 -1.61249979 0.00000000
v 3.85008228 -2.93749939 0.00000000
v 3.41069412 -2.04399976 0.00000000
v 3.99869418 -2.90699971 0.00000000
v 4.14408231 -3.36899936 0.00000000
v 3.70469415 -2.47549973 0.00000000
v 4.02369416 -2.93199974 0.00000000
v 3.77738822 -2.70649956 0.00000000
v 4.11960244 -2.98199981 0.00000000
v 4.18438506 -3.39399940 0.00000000
v 4.16093767 -3.18799961 0.00000000
v 4.10429966 -2.98199981 0.00000000
v 4.20227289 -3.39399940 0.00000000
v 4.19332898 -3.39399940 0.00000000
v 4.07369411 -2.98199981 0.00000000
v 4.16908228 -3.39399940 0.00000000
v 4.04869413 -2.95699978 0.00000000
v 4.08899689 -2.98199981 0.00000000
v 4.09638822 -3.16299957 0.00000000
v 4.13669097 -3.18799961 0.00000000
v 3.07658446 -1.61249979 0.00000000
v 3.72975338 -2.93749939 0.00000000
v 3.28908455 -2.27499959 0.00000000
v 3.44327855 -2.27499959 0.00000000
v 3.50158465 -2.93749939 0.00000000
v 3.61566901 -2.93749939 0.00000000
v 3.80997264 -2.93749939 0.00000000
v 3.76986301 -2.93749939 0.00000000
v 2.73750001 -1.39374999 0.00000000
v 2.71250004 -2.28124999 0.00000000
v 2.66250008 -4.05625000 0.00000000
v 2.68750006 -3.16875000 0.00000000
v 2.72500002 -1.39374999 0.00000000
v 2.70000005 -2.28124999 0.00000000
v 2.70000005 -1.39374999 0.00000000
v 2.71250004 -1.83749999 0.00000000
v 2.71250004 -1.39374999 0.00000000
v 2.66250008 -3.61250000 0.00000000
v 2.66250008 -1.39374999 0.00000000
v 2.68750006 -2.72499999 0.00000000
v 2.66250008 -2.72499999 0.00000000
v 2.67500007 -3.16875000 0.00000000
v 2.68750006 -2.28124999 0.00000000
v 2.66250008 -3.16875000 0.00000000
v 2.68750006 -1.39374999 0.00000000
v 2.66250008 -2.28124999 0.00000000
v 2.67500007 -1.39374999 0.00000000
v 2.68750006 -1.83749999 0.00000000
v 2.66250008 -1.83749999 0.00000000
v 2.67500007 -2.28124999 0.00000000
v 4.17824984 -1.87799996 0.00000000
v 4.13474989 -2.03399998 0.00000000
v 4.04775000 -2.34600002 0.00000000
v 4.09124994 -2.19000000 0.00000000
v 4.13124985 -1.69374996 0.00000000
v 3.99374992 -1.48124997 0.00000000
v 4.10949987 -1.77174997 0.00000000
v 3.71875006 -1.05624998 0.00000000
v 3.85624999 -1.26874997 0.00000000
v 4.06599993 -1.92774998 0.00000000
v 3.97199994 -1.55924997 0.00000000
v 4.08774990 -1.84974997 0.00000000
v 4.04074991 -1.66549997 0.00000000
v 3.97900003 -2.23975002 0.00000000
v 3.88500005 -1.87125001 0.00000000
v 4.00075001 -2.16175001 0.00000000
v 3.69700009 -1.13424999 0.00000000
v 3.79100007 -1.50275000 0.00000000
v 3.76575005 -1.24049999 0.00000000
v 4.04424995 -2.00574999 0.00000000
v 3.90675002 -1.79325000 0.00000000
v 4.02249998 -2.08375000 0.00000000
v 3.99724996 -1.82149999 0.00000000
v 3.95375001 -1.97750001 0.00000000
v 3.90324998 -1.45299998 0.00000000
v 3.85975003 -1.60900000 0.00000000
v 3.83450001 -1.34674998 0.00000000
v 3.95024997 -1.63724998 0.00000000
v 3.81275004 -1.42474999 0.00000000
v 3.92850000 -1.71524999 0.00000000
v 4.13124985 -1.64374996 0.00000000
v 3.99374992 -1.43124997 0.00000000
v 4.13124985 -1.54374997 0.00000000
v 4.06249988 -1.53749996 0.00000000
v 4.13124985 -1.59374996 0.00000000
v 3.71875006 -1.00624999 0.00000000
v 3.85624999 -1.11874998 0.00000000
v 3.78750002 -1.11249998 0.00000000
v 3.82500005 -1.00624999 0.00000000
v 4.13124985 -1.34374998 0.00000000
v 3.99374992 -1.23124998 0.00000000
v 4.13124985 -1.39374997 0.00000000
v 3.92499995 -1.32499997 0.00000000
v 3.92499995 -1.22499998 0.00000000
v 3.85624999 -1.21874998 0.00000000
v 3.99374992 -1.38124997 0.00000000
v 3.85624999 -1.16874998 0.00000000
v 4.03750002 -1.00624999 0.00000000
v 3.96249998 -1.11874998 0.00000000
v 3.93125004 -1.00624999 0.00000000
v 3.89375001 -1.06249999 0.00000000
v 4.13124985 -1.49374997 0.00000000
v 3.99374992 -1.28124998 0.00000000
v 4.13124985 -1.44374997 0.00000000
v 4.06249988 -1.43749997 0.00000000
v 4.06249988 -1.33749998 0.00000000
v 3.99374992 -1.33124997 0.00000000
v 4.46249998 -1.00624999 0.00000000
v 4.38749993 -1.11874998 0.00000000
v 4.35624999 -1.00624999 0.00000000
v 4.23749983 -1.34374998 0.00000000
v 4.31249988 -1.23124998 0.00000000
v 4.16874987 -1.28749998 0.00000000
v 4.14375001 -1.00624999 0.00000000
v 4.28124994 -1.11874998 0.00000000
v 4.25000000 -1.00624999 0.00000000
v 4.10624999 -1.06249999 0.00000000
v 4.31874996 -1.06249999 0.00000000
v 4.03124994 -1.17499998 0.00000000
v 4.24374992 -1.17499998 0.00000000
v 4.09999990 -1.23124998 0.00000000
v 4.06874996 -1.11874998 0.00000000
v 4.20624989 -1.23124998 0.00000000
v 4.17499995 -1.11874998 0.00000000
v 2.85625005 -1.39374999 0.00000000
v 3.06875014 -2.28124999 0.00000000
v 2.84375006 -1.83749999 0.00000000
v 3.49375033 -4.05625000 0.00000000
v 3.28125024 -3.16875000 0.00000000
v 2.81875008 -2.72499999 0.00000000
v 3.05625015 -2.72499999 0.00000000
v 2.83125007 -2.28124999 0.00000000
v 2.95000011 -2.28124999 0.00000000
v 2.76875013 -4.50000000 0.00000000
v 3.00625020 -4.50000000 0.00000000
v 2.78125012 -4.05625000 0.00000000
v 3.48125035 -4.50000000 0.00000000
v 3.24375027 -4.50000000 0.00000000
v 3.37500030 -4.05625000 0.00000000
v 2.80625010 -3.16875000 0.00000000
v 3.01875019 -4.05625000 0.00000000
v 2.79375011 -3.61250000 0.00000000
v 2.92500013 -3.16875000 0.00000000
v 2.90000015 -4.05625000 0.00000000
v 3.16250020 -3.16875000 0.00000000
v 3.13750023 -4.05625000 0.00000000
v 3.26875025 -3.61250000 0.00000000
v 3.04375017 -3.16875000 0.00000000
v 3.25625026 -4.05625000 0.00000000
v 3.03125018 -3.61250000 0.00000000
v 4.48191148 -1.00624999 0.00000000
v 4.44573444 -1.11874998 0.00000000
v 4.44441146 -1.06249999 0.00000000
v 4.37338036 -1.34374998 0.00000000
v 4.40955740 -1.23124998 0.00000000
v 4.36941141 -1.17499998 0.00000000
v 4.40823442 -1.17499998 0.00000000
v 4.40691143 -1.11874998 0.00000000
v 4.42632294 -1.11874998 0.00000000
v 4.25691134 -1.34374998 0.00000000
v 4.35396886 -1.34374998 0.00000000
v 4.33191139 -1.23124998 0.00000000
v 4.29573435 -1.34374998 0.00000000
v 4.29441136 -1.28749998 0.00000000
v 4.35132289 -1.23124998 0.00000000
v 4.27632284 -1.34374998 0.00000000
v 4.39014590 -1.23124998 0.00000000
v 4.31514585 -1.34374998 0.00000000
v 4.37205738 -1.28749998 0.00000000
v 4.37073439 -1.23124998 0.00000000
v 4.33455735 -1.34374998 0.00000000
v 4.33323437 -1.28749998 0.00000000
v 4.18158263 -1.87799996 0.00000000
v 4.13808268 -2.03399998 0.00000000
v 4.18824822 -1.87799996 0.00000000
v 4.15983266 -1.95599997 0.00000000
v 4.18491542 -1.87799996 0.00000000
v 4.05108279 -2.34600002 0.00000000
v 4.10124832 -2.19000000 0.00000000
v 4.07283276 -2.26800001 0.00000000
v 4.20157939 -1.87799996 0.00000000
v 4.15141386 -2.03399998 0.00000000
v 4.19824660 -1.87799996 0.00000000
v 4.11633271 -2.11199999 0.00000000
v 4.12299830 -2.11199999 0.00000000
v 4.09458274 -2.19000000 0.00000000
v 4.14141548 -2.03399998 0.00000000
v 4.09791553 -2.19000000 0.00000000
v 4.19158101 -1.87799996 0.00000000
v 4.14808106 -2.03399998 0.00000000
v 4.19491380 -1.87799996 0.00000000
v 4.16649824 -1.95599997 0.00000000
v 4.17316383 -1.95599997 0.00000000
v 4.14474827 -2.03399998 0.00000000
v 4.11033279 -2.34600002 0.00000000
v 4.16049832 -2.19000000 0.00000000
v 4.22883278 -2.34600002 0.00000000
v 4.13541555 -2.26800001 0.00000000
v 4.16958278 -2.34600002 0.00000000
v 4.26082939 -1.87799996 0.00000000
v 4.32916385 -2.03399998 0.00000000
v 4.23574662 -1.95599997 0.00000000
v 4.29499662 -1.87799996 -0.00000000
v 4.46583277 -2.34600002 0.00000000
v 4.39749831 -2.19000000 0.00000000
v 4.40658277 -2.34600002 0.00000000
v 4.18558109 -2.11199999 0.00000000
v 4.30408108 -2.11199999 0.00000000
v 4.21066386 -2.03399998 0.00000000
v 4.21974832 -2.19000000 0.00000000
v 4.26991385 -2.03399998 0.00000000
v 4.36333108 -1.87799996 -0.00000000
v 4.36333108 -2.03399998 -0.00000000
v 4.32916385 -1.87799996 -0.00000000
v 4.32916385 -1.95599997 -0.00000000
v 4.28808278 -2.34600002 0.00000000
v 4.33824831 -2.19000000 0.00000000
v 4.34733278 -2.34600002 0.00000000
v 4.25391555 -2.26800001 0.00000000
v 4.37241554 -2.26800001 0.00000000
v 4.27899832 -2.19000000 0.00000000
v 4.50000000 -1.87799996 -0.00000000
v 4.50000000 -2.03399998 -0.00000000
v 4.46583277 -1.87799996 -0.00000000
v 4.50000000 -2.34600002 -0.00000000
v 4.50000000 -2.19000000 -0.00000000
v 4.46583277 -2.26800001 -0.00000000
v 4.39749831 -1.87799996 -0.00000000
v 4.46583277 -2.03399998 -0.00000000
v 4.43166554 -1.87799996 -0.00000000
v 4.39749831 -1.95599997 -0.00000000
v 4.46583277 -1.95599997 -0.00000000
v 4.39749831 -2.11199999 -0.00000000
v 4.46583277 -2.11199999 -0.00000000
v 4.43166554 -2.19000000 -0.00000000
v 4.39749831 -2.03399998 -0.00000000
v 4.46583277 -2.19000000 -0.00000000
v 4.43166554 -2.03399998 -0.00000000
v 4.50000000 -1.00624999 0.00000000
v 4.50000000 -1.11874998 0.00000000
v 4.48191148 -1.06249999 0.00000000
v 4.50000000 -1.34374998 0.00000000
v 4.50000000 -1.23124998 0.00000000
v 4.44573444 -1.17499998 0.00000000
v 4.48191148 -1.17499998 0.00000000
v 4.46382296 -1.11874998 0.00000000
v 4.48191148 -1.11874998 0.00000000
v 4.39146888 -1.34374998 0.00000000
v 4.48191148 -1.34374998 0.00000000
v 4.42764592 -1.23124998 0.00000000
v 4.42764592 -1.34374998 0.00000000
v 4.40955740 -1.28749998 0.00000000
v 4.44573444 -1.23124998 0.00000000
v 4.40955740 -1.34374998 0.00000000
v 4.48191148 -1.23124998 0.00000000
v 4.44573444 -1.34374998 0.00000000
v 4.48191148 -1.28749998 0.00000000
v 4.46382296 -1.23124998 0.00000000
v 4.46382296 -1.34374998 0.00000000
v 4.44573444 -1.28749998 0.00000000
v 3.97667331 -2.24207672 0.00000000
v 3.88267332 -1.87357671 0.00000000
v 3.97201985 -2.24673011 0.00000000
v 3.92967331 -2.05782671 0.00000000
v 3.97434658 -2.24440341 0.00000000
v 3.69467336 -1.13657669 0.00000000
v 3.78401989 -1.50973009 0.00000000
v 3.74167335 -1.32082669 0.00000000
v 3.96271294 -2.25603690 0.00000000
v 3.87336642 -1.88288350 0.00000000
v 3.96503967 -2.25371020 0.00000000
v 3.83567333 -1.68932670 0.00000000
v 3.83101988 -1.69398010 0.00000000
v 3.78867334 -1.50507670 0.00000000
v 3.88034660 -1.87590341 0.00000000
v 3.78634661 -1.50740340 0.00000000
v 3.96969312 -2.24905681 0.00000000
v 3.87569314 -1.88055680 0.00000000
v 3.96736640 -2.25138351 0.00000000
v 3.92501986 -2.06248011 0.00000000
v 3.92036641 -2.06713350 0.00000000
v 3.87801987 -1.87823010 0.00000000
v 2.89700001 -1.14674998 0.00000000
v 3.19100004 -1.54024997 0.00000000
v 3.00950003 -1.14674998 0.00000000
v 3.77900010 -2.32724994 0.00000000
v 3.48500007 -1.93374995 0.00000000
v 3.23450005 -1.14674998 0.00000000
v 3.30350006 -1.54024997 0.00000000
v 3.12200004 -1.14674998 0.00000000
v 3.15650004 -1.34349997 0.00000000
v 3.68450010 -1.14674998 0.00000000
v 3.75350010 -1.54024997 0.00000000
v 3.57200009 -1.14674998 0.00000000
v 3.72917336 -1.33332668 0.00000000
v 3.89150012 -2.32724994 0.00000000
v 3.82250011 -1.93374995 0.00000000
v 3.74450010 -2.13049994 0.00000000
v 3.34700006 -1.14674998 0.00000000
v 3.64100009 -1.54024997 0.00000000
v 3.45950007 -1.14674998 0.00000000
v 3.38150007 -1.34349997 0.00000000
v 3.60650009 -1.34349997 0.00000000
v 3.81851989 -1.70648009 0.00000000
v 3.79817337 -1.72682667 0.00000000
v 3.77384663 -1.51990338 0.00000000
v 3.76367337 -1.53007668 0.00000000
v 3.45050007 -1.73699996 0.00000000
v 3.67550009 -1.73699996 0.00000000
v 3.59750009 -1.93374995 0.00000000
v 3.41600007 -1.54024997 0.00000000
v 3.71000010 -1.93374995 0.00000000
v 3.52850008 -1.54024997 0.00000000
v 3.95253968 -2.26621019 0.00000000
v 3.90167338 -2.31707665 0.00000000
v 3.86319315 -1.89305679 0.00000000
v 3.93219316 -2.28655677 0.00000000
v 3.90786642 -2.07963349 0.00000000
v 3.85301989 -1.90323008 0.00000000
v 3.94236642 -2.27638348 0.00000000
v 3.83267337 -1.92357666 0.00000000
v 3.92201990 -2.29673006 0.00000000
v 3.86717337 -2.12032665 0.00000000
v 3.84284663 -1.91340337 0.00000000
v 3.91184664 -2.30690335 0.00000000
v 3.88751990 -2.09998007 0.00000000
v 2.89700001 -1.16574997 0.00000000
v 3.19100004 -1.59724995 0.00000000
v 3.04400003 -1.36249997 0.00000000
v 3.77900010 -2.46024989 0.00000000
v 3.48500007 -2.02874992 0.00000000
v 3.33800006 -1.75599995 0.00000000
v 3.33800006 -1.79399994 0.00000000
v 3.19100004 -1.55924996 0.00000000
v 3.19100004 -1.57824995 0.00000000
v 3.77900010 -2.34624993 0.00000000
v 3.77900010 -2.44124990 0.00000000
v 3.48500007 -1.95274995 0.00000000
v 3.77900010 -2.38424992 0.00000000
v 3.63200009 -2.14949994 0.00000000
v 3.48500007 -1.97174994 0.00000000
v 3.77900010 -2.36524992 0.00000000
v 3.48500007 -2.00974993 0.00000000
v 3.77900010 -2.40324991 0.00000000
v 3.63200009 -2.22549991 0.00000000
v 3.48500007 -1.99074993 0.00000000
v 3.77900010 -2.42224991 0.00000000
v 3.63200009 -2.18749993 0.00000000
v 4.50000000 -2.87899992 0.00000000
v 4.50000000 -3.08499971 0.00000000
v 4.50000000 -3.49699929 0.00000000
v 4.50000000 -3.29099950 0.00000000
v 4.44840139 -2.87899992 0.00000000
v 4.44840139 -3.08499971 0.00000000
v 4.34520417 -2.87899992 0.00000000
v 4.44840139 -2.98199981 0.00000000
v 4.39680278 -2.87899992 0.00000000
v 4.44840139 -3.49699929 0.00000000
v 4.34520417 -3.29099950 0.00000000
v 4.44840139 -3.39399940 0.00000000
v 4.13880974 -2.87899992 0.00000000
v 4.24200696 -3.08499971 0.00000000
v 4.19040835 -2.87899992 0.00000000
v 4.44840139 -3.18799961 0.00000000
v 4.34520417 -3.18799961 0.00000000
v 4.44840139 -3.29099950 0.00000000
v 4.39680278 -3.08499971 0.00000000
v 4.39680278 -3.29099950 0.00000000
v 4.29360557 -2.87899992 0.00000000
v 4.29360557 -3.08499971 0.00000000
v 4.24200696 -2.87899992 0.00000000
v 4.34520417 -2.98199981 0.00000000
v 4.24200696 -2.98199981 0.00000000
v 4.34520417 -3.08499971 0.00000000
v 4.42146474 -3.49699929 0.00000000
v 4.31826752 -3.29099950 0.00000000
v 4.36759144 -3.49699929 0.00000000
v 4.36986613 -3.39399940 0.00000000
v 4.39452809 -3.49699929 0.00000000
v 4.11187309 -2.87899992 0.00000000
v 4.16119701 -3.08499971 0.00000000
v 4.16347170 -2.98199981 0.00000000
v 4.25984484 -3.49699929 0.00000000
v 4.21052092 -3.29099950 0.00000000
v 4.28678149 -3.49699929 0.00000000
v 4.26666892 -3.18799961 0.00000000
v 4.21279562 -3.18799961 0.00000000
v 4.21507031 -3.08499971 0.00000000
v 4.29133087 -3.29099950 0.00000000
v 4.18813366 -3.08499971 0.00000000
v 4.34065479 -3.49699929 0.00000000
v 4.23745757 -3.29099950 0.00000000
v 4.31371814 -3.49699929 0.00000000
v 4.31599283 -3.39399940 0.00000000
v 4.26211953 -3.39399940 0.00000000
v 4.26439422 -3.29099950 0.00000000
v 4.10787874 -2.87899992 0.00000000
v 4.14921397 -3.08499971 0.00000000
v 4.13254070 -2.98199981 0.00000000
v 4.23188442 -3.49699929 0.00000000
v 4.19054919 -3.29099950 0.00000000
v 4.18186462 -3.18799961 0.00000000
v 4.17387593 -3.18799961 0.00000000
v 4.15720266 -3.08499971 0.00000000
v 4.15320832 -3.08499971 0.00000000
v 4.25585049 -3.49699929 0.00000000
v 4.23587877 -3.49699929 0.00000000
v 4.20652658 -3.29099950 0.00000000
v 4.24786180 -3.49699929 0.00000000
v 4.23118854 -3.39399940 0.00000000
v 4.20253223 -3.29099950 0.00000000
v 4.25185615 -3.49699929 0.00000000
v 4.19454354 -3.29099950 0.00000000
v 4.24386746 -3.49699929 0.00000000
v 4.21521115 -3.39399940 0.00000000
v 4.19853789 -3.29099950 0.00000000
v 4.23987311 -3.49699929 0.00000000
v 4.22319984 -3.39399940 0.00000000
v 2.85625005 -1.28124989 0.00000000
v 3.06875014 -1.94374969 0.00000000
v 2.96250010 -1.72499989 0.00000000
v 3.49375033 -3.26874929 0.00000000
v 3.28125024 -2.60624949 0.00000000
v 3.17500019 -2.61249989 0.00000000
v 3.17500019 -2.38749969 0.00000000
v 3.06875014 -2.16874989 0.00000000
v 3.06875014 -2.05624979 0.00000000
v 3.49375033 -3.94374990 0.00000000
v 3.49375033 -3.38124939 0.00000000
v 3.28125024 -3.05624989 0.00000000
v 3.49375033 -3.71874969 0.00000000
v 3.38750029 -3.49999990 0.00000000
v 3.28125024 -2.94374979 0.00000000
v 3.49375033 -3.83124980 0.00000000
v 3.28125024 -2.71874959 0.00000000
v 3.49375033 -3.60624959 0.00000000
v 3.38750029 -3.04999949 0.00000000
v 3.28125024 -2.83124969 0.00000000
v 3.49375033 -3.49374949 0.00000000
v 3.38750029 -3.27499969 0.00000000
v 2.93334705 -1.28124989 0.00000000
v 3.30004114 -1.94374969 0.00000000
v 3.08034706 -1.49699987 0.00000000
v 4.03342932 -3.26874929 0.00000000
v 3.66673523 -2.60624949 0.00000000
v 3.37434709 -1.92849985 0.00000000
v 3.44704115 -2.15949968 0.00000000
v 3.22734708 -1.71274986 0.00000000
v 3.26369411 -1.82824977 0.00000000
v 3.96234715 -2.79149979 0.00000000
v 4.03504121 -3.02249962 0.00000000
v 3.81534714 -2.57574981 0.00000000
v 3.97484714 -2.80399981 0.00000000
v 4.18042934 -3.48449928 0.00000000
v 4.10773528 -3.25349945 0.00000000
v 3.99708229 -3.15324938 0.00000000
v 3.52134711 -2.14424983 0.00000000
v 3.88804120 -2.80674963 0.00000000
v 3.66834712 -2.35999982 0.00000000
v 3.55769414 -2.25974975 0.00000000
v 3.85169417 -2.69124972 0.00000000
v 3.99984711 -2.82899985 0.00000000
v 4.04754120 -3.03499964 0.00000000
v 3.98734713 -2.81649983 0.00000000
v 4.01119417 -2.91949973 0.00000000
v 3.63038820 -2.49074958 0.00000000
v 3.92438823 -2.92224955 0.00000000
v 3.81373525 -2.82199948 0.00000000
v 3.59404117 -2.37524966 0.00000000
v 3.96073526 -3.03774946 0.00000000
v 3.74104118 -2.59099965 0.00000000
v 4.10340679 -2.87899992 0.00000000
v 4.13579810 -3.08499971 0.00000000
v 4.12407440 -2.98199981 0.00000000
v 4.09575540 -2.87899992 0.00000000
v 4.20058072 -3.49699929 0.00000000
v 4.16818941 -3.29099950 0.00000000
v 4.16540962 -3.18799961 0.00000000
v 4.15646571 -3.18799961 0.00000000
v 4.14474201 -3.08499971 0.00000000
v 4.14027005 -3.08499971 0.00000000
v 4.08045262 -2.87899992 0.00000000
v 4.12814671 -3.08499971 0.00000000
v 4.08810401 -2.87899992 0.00000000
v 4.11195105 -2.98199981 0.00000000
v 4.22741246 -3.49699929 0.00000000
v 4.20505267 -3.49699929 0.00000000
v 4.18607724 -3.29099950 0.00000000
v 4.21846855 -3.49699929 0.00000000
v 4.20674485 -3.39399940 0.00000000
v 4.18160528 -3.29099950 0.00000000
v 4.22294050 -3.49699929 0.00000000
v 4.17266136 -3.29099950 0.00000000
v 4.21399659 -3.49699929 0.00000000
v 4.18885702 -3.39399940 0.00000000
v 4.17713332 -3.29099950 0.00000000
v 4.20952463 -3.49699929 0.00000000
v 4.19780093 -3.39399940 0.00000000
v 4.04984707 -2.87899992 0.00000000
v 4.09754115 -3.08499971 0.00000000
v 4.03734708 -2.86649990 0.00000000
v 4.05749846 -2.87899992 0.00000000
v 4.19292933 -3.49699929 0.00000000
v 4.14523524 -3.29099950 0.00000000
v 4.15658230 -3.38149938 0.00000000
v 4.17673367 -3.39399940 0.00000000
v 4.01234710 -2.84149987 0.00000000
v 4.08504117 -3.07249969 0.00000000
v 4.02484709 -2.85399988 0.00000000
v 4.03619415 -2.94449976 0.00000000
v 4.06119412 -2.96949980 0.00000000
v 4.07280123 -2.87899992 0.00000000
v 4.10519254 -3.08499971 0.00000000
v 4.06514984 -2.87899992 0.00000000
v 4.09664828 -2.98199981 0.00000000
v 4.08134550 -2.98199981 0.00000000
v 4.08388823 -3.15049955 0.00000000
v 4.10888821 -3.17549959 0.00000000
v 4.12023526 -3.26599947 0.00000000
v 4.06004119 -3.04749966 0.00000000
v 4.13273525 -3.27849948 0.00000000
v 4.07254118 -3.05999967 0.00000000
v 4.14434236 -3.18799961 0.00000000
v 4.12903959 -3.18799961 0.00000000
v 4.16053802 -3.29099950 0.00000000
v 4.12049532 -3.08499971 0.00000000
v 4.15288663 -3.29099950 0.00000000
v 4.11284393 -3.08499971 0.00000000
v 2.91329223 -1.28124989 0.00000000
v 3.23987669 -1.94374969 0.00000000
v 3.01954228 -1.61249979 0.00000000
v 3.09663928 -1.61249979 0.00000000
v 3.89304560 -3.26874929 0.00000000
v 3.56646115 -2.60624949 0.00000000
v 3.23204237 -2.27499959 0.00000000
v 3.34612674 -2.27499959 0.00000000
v 3.12579232 -1.94374969 0.00000000
v 3.18283451 -1.94374969 0.00000000
v 3.46333337 -2.27499959 0.00000000
v 3.42322373 -2.27499959 0.00000000
v 3.27998632 -1.94374969 0.00000000
v 3.25993150 -1.94374969 0.00000000
v 3.55079252 -3.26874929 0.00000000
v 3.83600342 -3.26874929 0.00000000
v 3.33829242 -2.60624949 0.00000000
v 3.66487688 -3.26874929 0.00000000
v 3.44454247 -2.93749939 0.00000000
v 3.39533460 -2.60624949 0.00000000
v 3.60783470 -3.26874929 0.00000000
v 3.50941896 -2.60624949 0.00000000
v 3.72191906 -3.26874929 0.00000000
v 3.67271119 -2.93749939 0.00000000
v 3.45237678 -2.60624949 0.00000000
v 3.77896124 -3.26874929 0.00000000
v 3.55862683 -2.93749939 0.00000000
v 4.01337451 -3.26874929 0.00000000
v 3.91310042 -3.26874929 0.00000000
v 3.64668041 -2.60624949 0.00000000
v 3.97326487 -3.26874929 0.00000000
v 3.83002746 -2.93749939 0.00000000
v 3.62662560 -2.60624949 0.00000000
v 3.99331969 -3.26874929 0.00000000
v 3.58651596 -2.60624949 0.00000000
v 3.95321006 -3.26874929 0.00000000
v 3.74980819 -2.93749939 0.00000000
v 3.60657078 -2.60624949 0.00000000
v 3.93315524 -3.26874929 0.00000000
v 3.78991783 -2.93749939 0.00000000
v 4.50000000 -4.50000000 2.95000005
v 4.50000000 -2.72499999 2.95000005
v 3.57500005 -2.72499999 2.95000005
v 3.57500005 -4.50000000 2.95000005
v 4.50000000 -3.61250000 2.95000005
v 4.50000000 -1.83749999 2.95000005
v 4.03750002 -3.61250000 2.95000005
v 3.11250007 -1.83749999 2.95000005
v 4.03750002 -2.72499999 2.95000005
v 4.03750002 -1.83749999 2.95000005
v 3.57500005 -1.83749999 2.95000005
v 4.03750002 -4.50000000 2.95000005
v 3.11250007 -4.50000000 2.95000005
v 3.57500005 -3.61250000 2.95000005
v 3.11250007 -2.72499999 2.95000005
v 3.11250007 -3.61250000 2.95000005
v 4.50000000 -4.05625000 2.95000005
v 4.50000000 -3.16875000 2.95000005
v 4.50000000 -1.39374999 2.95000005
v 4.50000000 -2.28124999 2.95000005
v 4.26875001 -4.05625000 2.95000005
v 3.80625004 -3.16875000 2.95000005
v 4.26875001 -3.61250000 2.95000005
v 2.88125008 -1.39374999 2.95000005
v 3.34375006 -2.28124999 2.95000005
v 4.26875001 -2.72499999 2.95000005
v 3.80625004 -2.72499999 2.95000005
v 4.26875001 -3.16875000 2.95000005
v 4.03750002 -3.16875000 2.95000005
v 4.26875001 -1.39374999 2.95000005
v 3.11250007 -1.39374999 2.95000005
v 4.26875001 -2.28124999 2.95000005
v 3.80625004 -1.39374999 2.95000005
v 4.26875001 -1.83749999 2.95000005
v 4.03750002 -2.28124999 2.95000005
v 4.03750002 -1.39374999 2.95000005
v 3.57500005 -2.28124999 2.95000005
v 3.57500005 -1.39374999 2.95000005
v 3.34375006 -1.83749999 2.95000005
v 3.80625004 -2.28124999 2.95000005
v 3.34375006 -1.39374999 2.95000005
v 3.80625004 -1.83749999 2.95000005
v 4.26875001 -4.50000000 2.95000005
v 3.80625004 -4.50000000 2.95000005
v 4.03750002 -4.05625000 2.95000005
v 2.88125008 -4.50000000 2.95000005
v 3.34375006 -4.50000000 2.95000005
v 3.57500005 -3.16875000 2.95000005
v 3.57500005 -4.05625000 2.95000005
v 3.80625004 -3.61250000 2.95000005
v 3.80625004 -4.05625000 2.95000005
v 2.88125008 -1.83749999 2.95000005
v 2.88125008 -4.05625000 2.95000005
v 3.34375006 -2.72499999 2.95000005
v 2.88125008 -2.72499999 2.95000005
v 3.11250007 -2.28124999 2.95000005
v 3.34375006 -3.16875000 2.95000005
v 2.88125008 -2.28124999 2.95000005
v 3.34375006 -4.05625000 2.95000005
v 2.88125008 -3.16875000 2.95000005
v 3.11250007 -4.05625000 2.95000005
v 3.34375006 -3.61250000 2.95000005
v 2.88125008 -3.61250000 2.95000005
v 3.11250007 -3.16875000 2.95000005
v 4.05000019 -4.50000000 2.47500002
v 3.12500024 -4.50000000 2.47500002
v 3.12500024 -4.50000000 2.23243272
v 3.12500024 -4.50000000 0.75743270
v 4.20211864 -4.50000000 2.47500002
v 4.50000000 -4.50000000 2.47500002
v 4.27500010 -4.50000000 2.71250004
v 3.82500029 -4.50000000 2.23750001
v 3.81250012 -4.50000000 2.71250004
v 2.88750017 -4.50000000 2.71250004
v 3.36250031 -4.50000000 2.23750001
v 3.35000014 -4.50000000 2.71250004
v 3.58750021 -4.50000000 2.47500002
v 2.88750017 -4.50000000 2.59121639
v 3.36250031 -4.50000000 1.87364906
v 3.12500024 -4.50000000 2.35371637
v 3.36250031 -4.50000000 2.11621636
v 3.36250031 -4.50000000 1.99493271
v 2.88750017 -4.50000000 1.85371637
v 3.36250031 -4.50000000 1.13614905
v 2.88750017 -4.50000000 0.37871635
v 3.12500024 -4.50000000 1.49493271
v 2.88750017 -4.50000000 1.11621636
v 4.35105932 -4.50000000 2.71250004
v 4.05317795 -4.50000000 2.23750001
v 4.12605941 -4.50000000 2.47500002
v 3.90105951 -4.50000000 2.23750001
v 3.97711873 -4.50000000 2.23750001
v 4.50000000 -4.50000000 2.71250004
v 4.50000000 -4.50000000 2.23750001
v 4.35105932 -4.50000000 2.47500002
v 4.20211864 -4.50000000 2.23750001
v 4.35105932 -4.50000000 2.23750001
v 3.36250031 -4.50000000 0.75743270
v 3.12500024 -4.50000000 0.37871635
v 3.36250031 -4.50000000 0.37871635
v 4.38750005 -4.50000000 2.83125004
v 4.16250014 -4.50000000 2.59375003
v 4.15625006 -4.50000000 2.83125004
v 3.71250033 -4.50000000 2.11875001
v 3.93750024 -4.50000000 2.35625002
v 3.69375008 -4.50000000 2.83125004
v 3.93125015 -4.50000000 2.59375003
v 3.92500007 -4.50000000 2.83125004
v 4.04375011 -4.50000000 2.71250004
v 2.76875013 -4.50000000 2.83125004
v 3.00625020 -4.50000000 2.59375003
v 3.00000012 -4.50000000 2.83125004
v 3.48125035 -4.50000000 2.11875001
v 3.24375027 -4.50000000 2.35625002
v 3.59375030 -4.50000000 2.23750001
v 3.46250010 -4.50000000 2.83125004
v 3.23750019 -4.50000000 2.59375003
v 3.23125011 -4.50000000 2.83125004
v 3.58125013 -4.50000000 2.71250004
v 3.11875015 -4.50000000 2.71250004
v 3.81875020 -4.50000000 2.47500002
v 3.35625023 -4.50000000 2.47500002
v 3.70625025 -4.50000000 2.35625002
v 3.70000017 -4.50000000 2.59375003
v 3.47500026 -4.50000000 2.35625002
v 3.46875018 -4.50000000 2.59375003
v 2.76875013 -4.50000000 2.77060822
v 3.00625020 -4.50000000 2.41182455
v 2.88750017 -4.50000000 2.65185821
v 3.48125035 -4.50000000 1.69425723
v 3.24375027 -4.50000000 2.05304089
v 3.12500024 -4.50000000 2.41435820
v 3.12500024 -4.50000000 2.29307455
v 3.00625020 -4.50000000 2.53310820
v 3.00625020 -4.50000000 2.47246638
v 3.48125035 -4.50000000 2.05810818
v 3.48125035 -4.50000000 1.75489905
v 3.24375027 -4.50000000 2.29560819
v 3.48125035 -4.50000000 1.93682453
v 3.36250031 -4.50000000 2.17685819
v 3.24375027 -4.50000000 2.23496637
v 3.48125035 -4.50000000 1.99746636
v 3.24375027 -4.50000000 2.11368272
v 3.48125035 -4.50000000 1.87618271
v 3.36250031 -4.50000000 1.93429089
v 3.24375027 -4.50000000 2.17432454
v 3.48125035 -4.50000000 1.81554088
v 3.36250031 -4.50000000 2.05557454
v 2.76875013 -4.50000000 2.40185821
v 3.00625020 -4.50000000 2.04307455
v 2.76875013 -4.50000000 1.66435820
v 2.88750017 -4.50000000 2.22246638
v 2.76875013 -4.50000000 2.03310820
v 3.48125035 -4.50000000 1.32550722
v 3.24375027 -4.50000000 0.94679087
v 3.36250031 -4.50000000 1.50489905
v 2.76875013 -4.50000000 0.18935817
v 3.00625020 -4.50000000 0.56807452
v 2.76875013 -4.50000000 0.55810818
v 3.12500024 -4.50000000 1.86368272
v 3.12500024 -4.50000000 1.12618271
v 3.24375027 -4.50000000 1.68429089
v 3.00625020 -4.50000000 1.67432454
v 3.24375027 -4.50000000 1.31554088
v 2.76875013 -4.50000000 1.29560819
v 3.00625020 -4.50000000 0.93682453
v 2.76875013 -4.50000000 0.92685819
v 2.88750017 -4.50000000 1.48496637
v 2.88750017 -4.50000000 0.74746636
v 3.00625020 -4.50000000 1.30557454
v 4.42552966 -4.50000000 2.83125004
v 4.27658898 -4.50000000 2.59375003
v 4.31302971 -4.50000000 2.71250004
v 3.97870761 -4.50000000 2.11875001
v 4.12764829 -4.50000000 2.35625002
v 4.08802980 -4.50000000 2.47500002
v 4.16408902 -4.50000000 2.47500002
v 4.20052975 -4.50000000 2.59375003
v 4.23855937 -4.50000000 2.59375003
v 3.75052994 -4.50000000 2.11875001
v 3.94067800 -4.50000000 2.11875001
v 3.97552985 -4.50000000 2.35625002
v 3.82658917 -4.50000000 2.11875001
v 3.86302990 -4.50000000 2.23750001
v 4.01355946 -4.50000000 2.35625002
v 3.78855956 -4.50000000 2.11875001
v 4.08961868 -4.50000000 2.35625002
v 3.86461878 -4.50000000 2.11875001
v 4.01514834 -4.50000000 2.23750001
v 4.05158907 -4.50000000 2.35625002
v 3.90264839 -4.50000000 2.11875001
v 3.93908912 -4.50000000 2.23750001
v 4.50000000 -4.50000000 2.83125004
v 4.50000000 -4.50000000 2.59375003
v 4.42552966 -4.50000000 2.71250004
v 4.50000000 -4.50000000 2.11875001
v 4.50000000 -4.50000000 2.35625002
v 4.27658898 -4.50000000 2.47500002
v 4.42552966 -4.50000000 2.47500002
v 4.35105932 -4.50000000 2.59375003
v 4.42552966 -4.50000000 2.59375003
v 4.05317795 -4.50000000 2.11875001
v 4.42552966 -4.50000000 2.11875001
v 4.20211864 -4.50000000 2.35625002
v 4.20211864 -4.50000000 2.11875001
v 4.12764829 -4.50000000 2.23750001
v 4.27658898 -4.50000000 2.35625002
v 4.12764829 -4.50000000 2.11875001
v 4.42552966 -4.50000000 2.35625002
v 4.27658898 -4.50000000 2.11875001
v 4.42552966 -4.50000000 2.23750001
v 4.35105932 -4.50000000 2.35625002
v 4.35105932 -4.50000000 2.11875001
v 4.27658898 -4.50000000 2.23750001
v 3.48125035 -4.50000000 1.13614905
v 3.24375027 -4.50000000 0.75743270
v 3.48125035 -4.50000000 0.75743270
v 3.36250031 -4.50000000 0.94679087
v 3.48125035 -4.50000000 0.94679087
v 2.88750017 -4.50000000 0.18935817
v 3.48125035 -4.50000000 0.18935817
v 3.12500024 -4.50000000 0.56807452
v 3.12500024 -4.50000000 0.18935817
v 3.00625020 -4.50000000 0.37871635
v 3.24375027 -4.50000000 0.56807452
v 3.00625020 -4.50000000 0.18935817
v 3.48125035 -4.50000000 0.56807452
v 3.24375027 -4.50000000 0.18935817
v 3.48125035 -4.50000000 0.37871635
v 3.36250031 -4.50000000 0.56807452
v 3.36250031 -4.50000000 0.18935817
v 3.24375027 -4.50000000 0.37871635
v 4.50000000 -2.27499959 1.84894404
v 4.50000000 -2.27499959 2.47500002
v 4.50000000 -4.04999959 2.47500002
v 4.50000000 -3.18799961 0.37394401
v 4.50000000 -3.18799961 0.48587291
v 4.50000000 -3.18799961 0.77394402
v 4.50000000 -1.86300001 1.87500003
v 4.50000000 -1.42499998 1.90000004
v 4.50000000 -1.68700001 1.87500003
v 4.50000000 -2.16200000 0.82500002
v 4.50000000 -2.16200000 0.42500001
v 4.50000000 -1.12499997 1.90000004
v 4.50000000 -1.25254235 1.90000004
v 4.50000000 -1.12499997 0.42500001
v 4.50000000 -2.93749939 1.29841603
v 4.50000000 -1.61249979 2.39947204
v 4.50000000 -2.93749939 1.61144403
v 4.50000000 -1.61249979 2.71250004
v 4.50000000 -2.93749939 2.23750001
v 4.50000000 -2.27499959 2.16197203
v 4.50000000 -2.93749939 1.92447202
v 4.50000000 -2.49999979 2.71250004
v 4.50000000 -3.82499939 2.23750001
v 4.50000000 -4.27499980 2.71250004
v 4.50000000 -3.16249959 2.47500002
v 4.50000000 -3.38749979 2.71250004
v 4.50000000 -4.04999959 2.23750001
v 4.50000000 -4.27499980 2.47500002
v 4.50000000 -4.27499980 2.23750001
v 4.50000000 -3.39399940 0.56091602
v 4.50000000 -2.98199981 0.18697201
v 4.50000000 -3.39399940 0.37394401
v 4.50000000 -3.39399940 0.18697201
v 4.50000000 -3.18799961 0.18697201
v 4.50000000 -3.39399940 0.61688047
v 4.50000000 -2.98199981 0.35486535
v 4.50000000 -3.18799961 0.42990846
v 4.50000000 -2.98199981 0.24293645
v 4.50000000 -2.98199981 0.29890090
v 4.50000000 -3.39399940 0.76091602
v 4.50000000 -2.98199981 0.78697202
v 4.50000000 -2.73149960 1.31144403
v 4.50000000 -3.18799961 0.62990846
v 4.50000000 -1.40650000 2.41250004
v 4.50000000 -2.31950001 1.33750002
v 4.50000000 -2.06899980 1.86197203
v 4.50000000 -2.52549981 1.32447203
v 4.50000000 -2.98199981 0.49890091
v 4.50000000 -2.98199981 0.64293646
v 4.50000000 -1.18749999 2.42500004
v 4.50000000 -1.66249998 1.37500003
v 4.50000000 -1.31850000 2.41250004
v 4.50000000 -2.05550002 1.33750002
v 4.50000000 -1.77500001 1.87500003
v 4.50000000 -1.55599999 1.88750003
v 4.50000000 -2.23150001 1.33750002
v 4.50000000 -2.14350002 1.33750002
v 4.50000000 -2.03099999 0.83750002
v 4.50000000 -2.29300001 0.81250001
v 4.50000000 -1.79349999 1.36250003
v 4.50000000 -1.92450000 1.35000002
v 4.50000000 -2.03099999 0.63750002
v 4.50000000 -2.29300001 0.21250001
v 4.50000000 -2.16200000 0.62500001
v 4.50000000 -2.29300001 0.61250001
v 4.50000000 -2.29300001 0.41250001
v 4.50000000 -1.03749998 2.42500004
v 4.50000000 -1.21249996 1.37500003
v 4.50000000 -1.10127117 2.42500004
v 4.50000000 -1.40381353 1.37500003
v 4.50000000 -1.33877116 1.90000004
v 4.50000000 -1.18877116 1.90000004
v 4.50000000 -1.57627116 1.37500003
v 4.50000000 -1.49004234 1.37500003
v 4.50000000 -1.27627115 1.37500003
v 4.50000000 -1.34004234 1.37500003
v 4.50000000 -1.03749998 1.68750003
v 4.50000000 -1.21249996 0.63750002
v 4.50000000 -1.03749998 0.21250001
v 4.50000000 -1.12499997 1.16250002
v 4.50000000 -1.03749998 0.95000002
v 4.50000000 -1.23749997 0.42500001
v 4.50000000 -1.14999998 0.21250001
v 4.50000000 -1.26249997 0.21250001
v 4.50000000 -2.00599998 0.42500001
v 4.50000000 -2.13699999 0.21250001
v 4.50000000 -1.98099998 0.21250001
v 4.50000000 -3.26874929 1.02315203
v 4.50000000 -2.60624949 1.57368004
v 4.50000000 -1.28124989 2.67473605
v 4.50000000 -1.94374969 2.12420804
v 4.50000000 -3.26874929 1.17966603
v 4.50000000 -2.60624949 1.73019403
v 4.50000000 -3.26874929 1.49269402
v 4.50000000 -2.93749939 1.45493003
v 4.50000000 -3.26874929 1.33618002
v 4.50000000 -1.28124989 2.83125004
v 4.50000000 -1.94374969 2.59375003
v 4.50000000 -1.61249979 2.55598604
v 4.50000000 -3.26874929 2.11875001
v 4.50000000 -2.60624949 2.35625002
v 4.50000000 -3.26874929 1.96223601
v 4.50000000 -2.27499959 2.00545803
v 4.50000000 -2.27499959 2.31848603
v 4.50000000 -1.94374969 2.28072204
v 4.50000000 -2.60624949 1.88670803
v 4.50000000 -1.94374969 2.43723603
v 4.50000000 -3.26874929 1.64920802
v 4.50000000 -2.60624949 2.19973602
v 4.50000000 -3.26874929 1.80572201
v 4.50000000 -2.93749939 1.76795802
v 4.50000000 -2.93749939 2.08098602
v 4.50000000 -2.60624949 2.04322203
v 4.50000000 -1.72499989 2.83125004
v 4.50000000 -2.38749969 2.59375003
v 4.50000000 -2.61249989 2.83125004
v 4.50000000 -2.05624979 2.71250004
v 4.50000000 -2.16874989 2.83125004
v 4.50000000 -3.71249929 2.11875001
v 4.50000000 -3.93749949 2.35625002
v 4.50000000 -3.38124939 2.23750001
v 4.50000000 -4.38749990 2.83125004
v 4.50000000 -4.16249970 2.59375003
v 4.50000000 -3.94374990 2.83125004
v 4.50000000 -2.71874959 2.47500002
v 4.50000000 -3.60624959 2.47500002
v 4.50000000 -3.04999949 2.35625002
v 4.50000000 -2.83124969 2.59375003
v 4.50000000 -3.49374949 2.35625002
v 4.50000000 -3.05624989 2.83125004
v 4.50000000 -3.71874969 2.59375003
v 4.50000000 -3.49999990 2.83125004
v 4.50000000 -2.94374979 2.71250004
v 4.50000000 -3.83124980 2.71250004
v 4.50000000 -3.27499969 2.59375003
v 4.50000000 -3.82499939 2.11875001
v 4.50000000 -4.04999959 2.35625002
v 4.50000000 -4.04999959 2.11875001
v 4.50000000 -3.93749949 2.23750001
v 4.50000000 -3.93749949 2.11875001
v 4.50000000 -4.38749990 2.71250004
v 4.50000000 -4.38749990 2.11875001
v 4.50000000 -4.16249970 2.47500002
v 4.50000000 -4.38749990 2.47500002
v 4.50000000 -4.27499980 2.59375003
v 4.50000000 -4.16249970 2.35625002
v 4.50000000 -4.38749990 2.59375003
v 4.50000000 -4.16249970 2.11875001
v 4.50000000 -4.38749990 2.35625002
v 4.50000000 -4.27499980 2.11875001
v 4.50000000 -4.16249970 2.23750001
v 4.50000000 -4.38749990 2.23750001
v 4.50000000 -4.27499980 2.35625002
v 4.50000000 -3.49699929 0.65440203
v 4.50000000 -3.29099950 0.46743002
v 4.50000000 -3.49699929 0.56091602
v 4.50000000 -2.87899992 0.09348600
v 4.50000000 -3.08499971 0.28045801
v 4.50000000 -3.49699929 0.37394401
v 4.50000000 -3.29099950 0.37394401
v 4.50000000 -3.49699929 0.46743002
v 4.50000000 -3.39399940 0.46743002
v 4.50000000 -3.49699929 0.09348600
v 4.50000000 -2.98199981 0.09348600
v 4.50000000 -3.49699929 0.28045801
v 4.50000000 -3.29099950 0.09348600
v 4.50000000 -3.49699929 0.18697201
v 4.50000000 -3.39399940 0.28045801
v 4.50000000 -3.39399940 0.09348600
v 4.50000000 -3.18799961 0.28045801
v 4.50000000 -3.18799961 0.09348600
v 4.50000000 -3.08499971 0.18697201
v 4.50000000 -3.29099950 0.28045801
v 4.50000000 -3.08499971 0.09348600
v 4.50000000 -3.29099950 0.18697201
v 4.50000000 -3.49699929 0.68238425
v 4.50000000 -3.29099950 0.55137669
v 4.50000000 -3.39399940 0.58889825
v 4.50000000 -2.87899992 0.28936157
v 4.50000000 -3.08499971 0.42036913
v 4.50000000 -3.18799961 0.40192624
v 4.50000000 -3.18799961 0.45789069
v 4.50000000 -3.29099950 0.49541224
v 4.50000000 -3.29099950 0.52339447
v 4.50000000 -2.87899992 0.12146823
v 4.50000000 -2.87899992 0.26137935
v 4.50000000 -3.08499971 0.30844023
v 4.50000000 -2.87899992 0.17743267
v 4.50000000 -2.98199981 0.21495423
v 4.50000000 -3.08499971 0.33642246
v 4.50000000 -2.87899992 0.14945045
v 4.50000000 -3.08499971 0.39238691
v 4.50000000 -2.87899992 0.20541490
v 4.50000000 -2.98199981 0.32688313
v 4.50000000 -3.08499971 0.36440468
v 4.50000000 -2.87899992 0.23339712
v 4.50000000 -2.98199981 0.27091868
v 4.50000000 -3.49699929 0.75440203
v 4.50000000 -3.29099950 0.76743002
v 4.50000000 -3.16574939 1.02966603
v 4.50000000 -3.39399940 0.68889825
v 4.50000000 -2.87899992 0.79348601
v 4.50000000 -3.08499971 0.78045802
v 4.50000000 -2.50324959 1.58019403
v 4.50000000 -2.95974960 1.04269402
v 4.50000000 -2.83449949 1.30493003
v 4.50000000 -3.06274950 1.03618003
v 4.50000000 -3.18799961 0.55789069
v 4.50000000 -3.18799961 0.70192624
v 4.50000000 -3.29099950 0.62339447
v 4.50000000 -3.29099950 0.69541224
v 4.50000000 -1.17824999 2.68125004
v 4.50000000 -1.63475000 2.14375003
v 4.50000000 -1.50949989 2.40598604
v 4.50000000 -2.54775002 1.06875002
v 4.50000000 -2.09125001 1.60625003
v 4.50000000 -2.65074991 1.06223602
v 4.50000000 -2.17199969 1.85545804
v 4.50000000 -1.96599990 1.86848603
v 4.50000000 -1.84074979 2.13072204
v 4.50000000 -2.40024970 1.58670803
v 4.50000000 -1.73774990 2.13723604
v 4.50000000 -2.85674971 1.04920802
v 4.50000000 -2.19424991 1.59973603
v 4.50000000 -2.75374981 1.05572202
v 4.50000000 -2.62849970 1.31795803
v 4.50000000 -2.42249991 1.33098602
v 4.50000000 -2.29724980 1.59322203
v 4.50000000 -2.87899992 0.36137935
v 4.50000000 -2.87899992 0.72146824
v 4.50000000 -3.08499971 0.49238691
v 4.50000000 -2.87899992 0.50541490
v 4.50000000 -2.98199981 0.42688313
v 4.50000000 -3.08499971 0.56440469
v 4.50000000 -2.87899992 0.43339713
v 4.50000000 -3.08499971 0.70844024
v 4.50000000 -2.87899992 0.57743268
v 4.50000000 -2.98199981 0.71495424
v 4.50000000 -3.08499971 0.63642246
v 4.50000000 -2.87899992 0.64945046
v 4.50000000 -2.98199981 0.57091868
v 4.50000000 -1.06874999 2.68750004
v 4.50000000 -1.30624998 2.16250004
v 4.50000000 -1.78124998 1.11250003
v 4.50000000 -1.54374998 1.63750003
v 4.50000000 -1.13424999 2.68125004
v 4.50000000 -1.50275000 2.14375003
v 4.50000000 -1.36250000 2.41250004
v 4.50000000 -1.25299999 2.41875004
v 4.50000000 -2.23975002 1.06875002
v 4.50000000 -1.87125001 1.60625003
v 4.50000000 -1.81900001 1.87500003
v 4.50000000 -1.73100001 1.87500003
v 4.50000000 -1.59075000 2.14375003
v 4.50000000 -1.54675000 2.14375003
v 4.50000000 -1.49049999 1.89375003
v 4.50000000 -1.62150000 1.88125003
v 4.50000000 -1.37174999 2.15625004
v 4.50000000 -1.43725000 2.15000004
v 4.50000000 -2.50375002 1.06875002
v 4.50000000 -2.28375002 1.06875002
v 4.50000000 -2.04725001 1.60625003
v 4.50000000 -2.41575002 1.06875002
v 4.50000000 -2.27550001 1.33750002
v 4.50000000 -2.00325001 1.60625003
v 4.50000000 -2.45975002 1.06875002
v 4.50000000 -1.91525001 1.60625003
v 4.50000000 -2.37175002 1.06875002
v 4.50000000 -2.09950002 1.33750002
v 4.50000000 -1.95925001 1.60625003
v 4.50000000 -2.32775002 1.06875002
v 4.50000000 -2.18750001 1.33750002
v 4.50000000 -1.96549998 0.84375002
v 4.50000000 -2.09649999 0.83125002
v 4.50000000 -1.84674998 1.10625003
v 4.50000000 -2.35850002 0.80625001
v 4.50000000 -2.22750001 0.81875002
v 4.50000000 -2.17425001 1.07500002
v 4.50000000 -1.60924999 1.63125003
v 4.50000000 -1.97775000 1.09375002
v 4.50000000 -1.72799999 1.36875003
v 4.50000000 -1.67474999 1.62500003
v 4.50000000 -1.91224999 1.10000002
v 4.50000000 -1.80575000 1.61250003
v 4.50000000 -2.04325000 1.08750002
v 4.50000000 -1.99000001 1.34375002
v 4.50000000 -1.74025000 1.61875003
v 4.50000000 -2.10875001 1.08125002
v 4.50000000 -1.85900000 1.35625003
v 4.50000000 -1.96549998 0.74375002
v 4.50000000 -2.09649999 0.53125001
v 4.50000000 -2.03099999 0.73750002
v 4.50000000 -2.35850002 0.10625000
v 4.50000000 -2.22750001 0.31875001
v 4.50000000 -2.16200000 0.72500002
v 4.50000000 -2.16200000 0.52500001
v 4.50000000 -2.09649999 0.73125002
v 4.50000000 -2.09649999 0.63125002
v 4.50000000 -2.35850002 0.70625001
v 4.50000000 -2.35850002 0.20625000
v 4.50000000 -2.22750001 0.71875001
v 4.50000000 -2.35850002 0.50625001
v 4.50000000 -2.29300001 0.71250001
v 4.50000000 -2.22750001 0.61875001
v 4.50000000 -2.35850002 0.60625001
v 4.50000000 -2.22750001 0.41875001
v 4.50000000 -2.35850002 0.40625001
v 4.50000000 -2.29300001 0.31250001
v 4.50000000 -2.22750001 0.51875001
v 4.50000000 -2.35850002 0.30625001
v 4.50000000 -2.29300001 0.51250001
v 4.50000000 -0.99374998 2.68750004
v 4.50000000 -1.08124997 2.16250004
v 4.50000000 -1.25624996 1.11250003
v 4.50000000 -1.16874997 1.63750003
v 4.50000000 -1.02563558 2.68750004
v 4.50000000 -1.17690676 2.16250004
v 4.50000000 -1.14438558 2.42500004
v 4.50000000 -1.06938557 2.42500004
v 4.50000000 -1.47944912 1.11250003
v 4.50000000 -1.32817794 1.63750003
v 4.50000000 -1.38188557 1.90000004
v 4.50000000 -1.29565676 1.90000004
v 4.50000000 -1.26313557 2.16250004
v 4.50000000 -1.22002117 2.16250004
v 4.50000000 -1.15688556 1.90000004
v 4.50000000 -1.22065675 1.90000004
v 4.50000000 -1.11313557 2.16250004
v 4.50000000 -1.14502116 2.16250004
v 4.50000000 -1.73813557 1.11250003
v 4.50000000 -1.52256352 1.11250003
v 4.50000000 -1.50063557 1.63750003
v 4.50000000 -1.65190675 1.11250003
v 4.50000000 -1.61938557 1.37500003
v 4.50000000 -1.45752116 1.63750003
v 4.50000000 -1.69502116 1.11250003
v 4.50000000 -1.37129235 1.63750003
v 4.50000000 -1.60879234 1.11250003
v 4.50000000 -1.44692793 1.37500003
v 4.50000000 -1.41440675 1.63750003
v 4.50000000 -1.56567793 1.11250003
v 4.50000000 -1.53315675 1.37500003
v 4.50000000 -1.28813555 1.11250003
v 4.50000000 -1.44756352 1.11250003
v 4.50000000 -1.20063556 1.63750003
v 4.50000000 -1.35190674 1.11250003
v 4.50000000 -1.24438556 1.37500003
v 4.50000000 -1.23252115 1.63750003
v 4.50000000 -1.32002115 1.11250003
v 4.50000000 -1.29629234 1.63750003
v 4.50000000 -1.38379233 1.11250003
v 4.50000000 -1.37192793 1.37500003
v 4.50000000 -1.26440675 1.63750003
v 4.50000000 -1.41567793 1.11250003
v 4.50000000 -1.30815674 1.37500003
v 4.50000000 -0.99374998 2.31875004
v 4.50000000 -1.08124997 1.79375003
v 4.50000000 -0.99374998 1.58125003
v 4.50000000 -1.03749998 2.05625004
v 4.50000000 -0.99374998 1.95000003
v 4.50000000 -1.25624996 0.74375002
v 4.50000000 -1.16874997 0.53125001
v 4.50000000 -1.21249996 1.00625002
v 4.50000000 -0.99374998 0.10625000
v 4.50000000 -1.08124997 0.31875001
v 4.50000000 -0.99374998 0.47500001
v 4.50000000 -1.12499997 1.53125003
v 4.50000000 -1.12499997 0.79375002
v 4.50000000 -1.16874997 1.26875003
v 4.50000000 -1.08124997 1.42500003
v 4.50000000 -1.16874997 0.90000002
v 4.50000000 -0.99374998 1.21250002
v 4.50000000 -1.08124997 0.68750001
v 4.50000000 -0.99374998 0.84375001
v 4.50000000 -1.03749998 1.31875002
v 4.50000000 -1.03749998 0.58125001
v 4.50000000 -1.08124997 1.05625002
v 4.50000000 -1.26874996 0.63750002
v 4.50000000 -1.18124997 0.42500001
v 4.50000000 -1.29374997 0.42500001
v 4.50000000 -1.22499996 0.53125001
v 4.50000000 -1.28124996 0.53125001
v 4.50000000 -1.04999998 0.10625000
v 4.50000000 -1.33124997 0.10625000
v 4.50000000 -1.13749997 0.31875001
v 4.50000000 -1.16249998 0.10625000
v 4.50000000 -1.09374998 0.21250001
v 4.50000000 -1.19374997 0.31875001
v 4.50000000 -1.10624998 0.10625000
v 4.50000000 -1.30624997 0.31875001
v 4.50000000 -1.21874998 0.10625000
v 4.50000000 -1.31874997 0.21250001
v 4.50000000 -1.24999997 0.31875001
v 4.50000000 -1.27499998 0.10625000
v 4.50000000 -1.20624997 0.21250001
v 4.50000000 -1.95299998 0.63750002
v 4.50000000 -2.08399999 0.42500001
v 4.50000000 -1.92799997 0.42500001
v 4.50000000 -2.01849999 0.53125001
v 4.50000000 -1.94049998 0.53125001
v 4.50000000 -2.28050001 0.10625000
v 4.50000000 -1.89049996 0.10625000
v 4.50000000 -2.14950000 0.31875001
v 4.50000000 -2.12449999 0.10625000
v 4.50000000 -2.21500000 0.21250001
v 4.50000000 -2.07149999 0.31875001
v 4.50000000 -2.20250000 0.10625000
v 4.50000000 -1.91549997 0.31875001
v 4.50000000 -2.04649998 0.10625000
v 4.50000000 -1.90299997 0.21250001
v 4.50000000 -1.99349998 0.31875001
v 4.50000000 -1.96849997 0.10625000
v 4.50000000 -2.05899999 0.21250001
f 1 66 70
f 66 22 72
f 70 72 24
f 66 72 70
f 22 67 77
f 67 9 75
f 77 75 26
f 67 75 77
f 24 78 71
f 78 26 76
f 71 76 10
f 78 76 71
f 22 77 72
f 77 26 78
f 72 78 24
f 77 78 72
f 9 69 85
f 69 23 87
f 85 87 29
f 69 87 85
f 23 68 81
f 68 2 79
f 81 79 27
f 68 79 81
f 29 89 86
f 89 27 80
f 86 80 11
f 89 80 86
f 23 81 87
f 81 27 89
f 87 89 29
f 81 89 87
f 10 90 74
f 90 30 92
f 74 92 25
f 90 92 74
f 30 91 94
f 91 11 83
f 94 83 28
f 91 83 94
f 25 84 73
f 84 28 82
f 73 82 3
f 84 82 73
f 30 94 92
f 94 28 84
f 92 84 25
f 94 84 92
f 9 85 75
f 85 29 88
f 75 88 26
f 85 88 75
f 29 86 95
f 86 11 91
f 95 91 30
f 86 91 95
f 26 93 76
f 93 30 90
f 76 90 10
f 93 90 76
f 29 95 88
f 95 30 93
f 88 93 26
f 95 93 88
f 1 70 70
f 70 24 24
f 70 24 24
f 70 24 70
f 24 71 71
f 71 10 10
f 71 10 10
f 71 10 71
f 24 71 71
f 71 10 10
f 71 10 10
f 71 10 71
f 24 71 24
f 71 10 71
f 24 71 24
f 71 71 24
f 10 74 74
f 74 25 25
f 74 25 25
f 74 25 74
f 25 73 73
f 73 3 3
f 73 3 3
f 73 3 73
f 25 73 73
f 73 3 3
f 73 3 3
f 73 3 73
f 25 73 25
f 73 3 73
f 25 73 25
f 73 73 25
f 10 74 74
f 74 25 25
f 74 25 25
f 74 25 74
f 25 73 73
f 73 3 3
f 73 3 3
f 73 3 73
f 25 73 73
f 73 3 3
f 73 3 3
f 73 3 73
f 25 73 25
f 73 3 73
f 25 73 25
f 73 73 25
f 10 74 10
f 74 25 74
f 10 74 10
f 74 74 10
f 25 73 25
f 73 3 73
f 25 73 25
f 73 73 25
f 10 74 10
f 74 25 74
f 10 74 10
f 74 74 10
f 25 25 74
f 25 25 74
f 74 74 10
f 25 74 74
f 4 96 104
f 96 31 106
f 104 106 35
f 96 106 104
f 31 97 111
f 97 12 109
f 111 109 37
f 97 109 111
f 35 112 105
f 112 37 110
f 105 110 14
f 112 110 105
f 31 111 106
f 111 37 112
f 106 112 35
f 111 112 106
f 12 99 119
f 99 32 121
f 119 121 40
f 99 121 119
f 32 98 115
f 98 5 113
f 115 113 38
f 98 113 115
f 40 123 120
f 123 38 114
f 120 114 15
f 123 114 120
f 32 115 121
f 115 38 123
f 121 123 40
f 115 123 121
f 14 124 108
f 124 41 126
f 108 126 36
f 124 126 108
f 41 125 128
f 125 15 117
f 128 117 39
f 125 117 128
f 36 118 107
f 118 39 116
f 107 116 6
f 118 116 107
f 41 128 126
f 128 39 118
f 126 118 36
f 128 118 126
f 12 119 109
f 119 40 122
f 109 122 37
f 119 122 109
f 40 120 129
f 120 15 125
f 129 125 41
f 120 125 129
f 37 127 110
f 127 41 124
f 110 124 14
f 127 124 110
f 40 129 122
f 129 41 127
f 122 127 37
f 129 127 122
f 4 104 104
f 104 35 35
f 104 35 35
f 104 35 104
f 35 105 105
f 105 14 14
f 105 14 14
f 105 14 105
f 35 105 105
f 105 14 14
f 105 14 14
f 105 14 105
f 35 105 35
f 105 14 105
f 35 105 35
f 105 105 35
f 14 108 108
f 108 36 36
f 108 36 36
f 108 36 108
f 36 107 107
f 107 6 6
f 107 6 6
f 107 6 107
f 36 107 107
f 107 6 6
f 107 6 6
f 107 6 107
f 36 107 36
f 107 6 107
f 36 107 36
f 107 107 36
f 14 108 108
f 108 36 36
f 108 36 36
f 108 36 108
f 36 107 107
f 107 6 6
f 107 6 6
f 107 6 107
f 36 107 107
f 107 6 6
f 107 6 6
f 107 6 107
f 36 107 36
f 107 6 107
f 36 107 36
f 107 107 36
f 14 108 14
f 108 36 108
f 14 108 14
f 108 108 14
f 36 107 36
f 107 6 107
f 36 107 36
f 107 107 36
f 14 108 14
f 108 36 108
f 14 108 14
f 108 108 14
f 36 36 108
f 36 36 108
f 108 108 14
f 36 108 108
f 2 68 144
f 68 23 146
f 144 146 46
f 68 146 144
f 23 69 152
f 69 9 150
f 152 150 48
f 69 150 152
f 46 154 145
f 154 48 151
f 145 151 17
f 154 151 145
f 23 152 146
f 152 48 154
f 146 154 46
f 152 154 146
f 9 67 136
f 67 22 138
f 136 138 44
f 67 138 136
f 22 66 132
f 66 1 130
f 132 130 42
f 66 130 132
f 44 139 137
f 139 42 131
f 137 131 16
f 139 131 137
f 22 132 138
f 132 42 139
f 138 139 44
f 132 139 138
f 17 156 148
f 156 49 159
f 148 159 47
f 156 159 148
f 49 155 157
f 155 16 135
f 157 135 43
f 155 135 157
f 47 149 147
f 149 43 134
f 147 134 7
f 149 134 147
f 49 157 159
f 157 43 149
f 159 149 47
f 157 149 159
f 9 136 150
f 136 44 153
f 150 153 48
f 136 153 150
f 44 137 158
f 137 16 155
f 158 155 49
f 137 155 158
f 48 160 151
f 160 49 156
f 151 156 17
f 160 156 151
f 44 158 153
f 158 49 160
f 153 160 48
f 158 160 153
f 2 144 144
f 144 46 46
f 144 46 46
f 144 46 144
f 46 145 145
f 145 17 17
f 145 17 17
f 145 17 145
f 46 145 145
f 145 17 17
f 145 17 17
f 145 17 145
f 46 145 46
f 145 17 145
f 46 145 46
f 145 145 46
f 17 148 148
f 148 47 47
f 148 47 47
f 148 47 148
f 47 147 147
f 147 7 7
f 147 7 7
f 147 7 147
f 47 147 147
f 147 7 7
f 147 7 7
f 147 7 147
f 47 147 47
f 147 7 147
f 47 147 47
f 147 147 47
f 17 148 148
f 148 47 47
f 148 47 47
f 148 47 148
f 47 147 147
f 147 7 7
f 147 7 7
f 147 7 147
f 47 147 147
f 147 7 7
f 147 7 7
f 147 7 147
f 47 147 47
f 147 7 147
f 47 147 47
f 147 147 47
f 17 148 17
f 148 47 148
f 17 148 17
f 148 148 17
f 47 147 47
f 147 7 147
f 47 147 47
f 147 147 47
f 17 148 17
f 148 47 148
f 17 148 17
f 148 148 17
f 47 47 148
f 47 47 148
f 148 148 17
f 47 148 148
f 1 70 200
f 70 24 202
f 200 202 59
f 70 202 200
f 24 71 207
f 71 10 205
f 207 205 61
f 71 205 207
f 59 208 201
f 208 61 206
f 201 206 20
f 208 206 201
f 24 207 202
f 207 61 208
f 202 208 59
f 207 208 202
f 10 74 215
f 74 25 217
f 215 217 64
f 74 217 215
f 25 73 211
f 73 3 209
f 211 209 62
f 73 209 211
f 64 219 216
f 219 62 210
f 216 210 21
f 219 210 216
f 25 211 217
f 211 62 219
f 217 219 64
f 211 219 217
f 20 220 204
f 220 65 222
f 204 222 60
f 220 222 204
f 65 221 224
f 221 21 213
f 224 213 63
f 221 213 224
f 60 214 203
f 214 63 212
f 203 212 8
f 214 212 203
f 65 224 222
f 224 63 214
f 222 214 60
f 224 214 222
f 10 215 205
f 215 64 218
f 205 218 61
f 215 218 205
f 64 216 225
f 216 21 221
f 225 221 65
f 216 221 225
f 61 223 206
f 223 65 220
f 206 220 20
f 223 220 206
f 64 225 218
f 225 65 223
f 218 223 61
f 225 223 218
f 1 200 200
f 200 59 59
f 200 59 59
f 200 59 200
f 59 201 201
f 201 20 20
f 201 20 20
f 201 20 201
f 59 201 201
f 201 20 20
f 201 20 20
f 201 20 201
f 59 201 59
f 201 20 201
f 59 201 59
f 201 201 59
f 20 204 204
f 204 60 60
f 204 60 60
f 204 60 204
f 60 203 203
f 203 8 8
f 203 8 8
f 203 8 203
f 60 203 203
f 203 8 8
f 203 8 8
f 203 8 203
f 60 203 60
f 203 8 203
f 60 203 60
f 203 203 60
f 20 204 204
f 204 60 60
f 204 60 60
f 204 60 204
f 60 203 203
f 203 8 8
f 203 8 8
f 203 8 203
f 60 203 203
f 203 8 8
f 203 8 8
f 203 8 203
f 60 203 60
f 203 8 203
f 60 203 60
f 203 203 60
f 20 204 20
f 204 60 204
f 20 204 20
f 204 204 20
f 60 203 60
f 203 8 203
f 60 203 60
f 203 203 60
f 20 204 20
f 204 60 204
f 20 204 20
f 204 204 20
f 60 60 204
f 60 60 204
f 204 204 20
f 60 204 204
f 5 161 113
f 161 50 163
f 113 163 38
f 161 163 113
f 50 162 169
f 162 18 167
f 169 167 52
f 162 167 169
f 38 168 114
f 168 52 166
f 114 166 15
f 168 166 114
f 50 169 163
f 169 52 168
f 163 168 38
f 169 168 163
f 18 165 194
f 165 51 196
f 194 196 58
f 165 196 194
f 51 164 177
f 164 7 174
f 177 174 54
f 164 174 177
f 58 198 195
f 198 54 175
f 195 175 19
f 198 175 195
f 51 177 196
f 177 54 198
f 196 198 58
f 177 198 196
f 15 183 117
f 183 56 185
f 117 185 39
f 183 185 117
f 56 184 187
f 184 19 171
f 187 171 53
f 184 171 187
f 39 173 116
f 173 53 170
f 116 170 6
f 173 170 116
f 56 187 185
f 187 53 173
f 185 173 39
f 187 173 185
f 18 194 167
f 194 58 197
f 167 197 52
f 194 197 167
f 58 195 199
f 195 19 184
f 199 184 56
f 195 184 199
f 52 186 166
f 186 56 183
f 166 183 15
f 186 183 166
f 58 199 197
f 199 56 186
f 197 186 52
f 199 186 197
f 5 113 113
f 113 38 38
f 113 38 38
f 113 38 113
f 38 114 114
f 114 15 15
f 114 15 15
f 114 15 114
f 38 114 114
f 114 15 15
f 114 15 15
f 114 15 114
f 38 114 38
f 114 15 114
f 38 114 38
f 114 114 38
f 15 117 117
f 117 39 39
f 117 39 39
f 117 39 117
f 39 116 116
f 116 6 6
f 116 6 6
f 116 6 116
f 39 116 116
f 116 6 6
f 116 6 6
f 116 6 116
f 39 116 39
f 116 6 116
f 39 116 39
f 116 116 39
f 15 117 117
f 117 39 39
f 117 39 39
f 117 39 117
f 39 116 116
f 116 6 6
f 116 6 6
f 116 6 116
f 39 116 116
f 116 6 6
f 116 6 6
f 116 6 116
f 39 116 39
f 116 6 116
f 39 116 39
f 116 116 39
f 15 117 15
f 117 39 117
f 15 117 15
f 117 117 15
f 39 116 39
f 116 6 116
f 39 116 39
f 116 116 39
f 15 117 15
f 117 39 117
f 15 117 15
f 117 117 15
f 39 39 117
f 39 39 117
f 117 117 15
f 39 117 117
f 1 100 130
f 100 33 133
f 130 133 42
f 100 133 130
f 33 101 142
f 101 13 140
f 142 140 45
f 101 140 142
f 42 143 131
f 143 45 141
f 131 141 16
f 143 141 131
f 33 142 133
f 142 45 143
f 133 143 42
f 142 143 133
f 13 103 178
f 103 34 180
f 178 180 55
f 103 180 178
f 34 102 172
f 102 6 170
f 172 170 53
f 102 170 172
f 55 182 179
f 182 53 171
f 179 171 19
f 182 171 179
f 34 172 180
f 172 53 182
f 180 182 55
f 172 182 180
f 16 188 135
f 188 57 190
f 135 190 43
f 188 190 135
f 57 189 192
f 189 19 175
f 192 175 54
f 189 175 192
f 43 176 134
f 176 54 174
f 134 174 7
f 176 174 134
f 57 192 190
f 192 54 176
f 190 176 43
f 192 176 190
f 13 178 140
f 178 55 181
f 140 181 45
f 178 181 140
f 55 179 193
f 179 19 189
f 193 189 57
f 179 189 193
f 45 191 141
f 191 57 188
f 141 188 16
f 191 188 141
f 55 193 181
f 193 57 191
f 181 191 45
f 193 191 181
f 1 130 130
f 130 42 42
f 130 42 42
f 130 42 130
f 42 131 131
f 131 16 16
f 131 16 16
f 131 16 131
f 42 131 131
f 131 16 16
f 131 16 16
f 131 16 131
f 42 131 42
f 131 16 131
f 42 131 42
f 131 131 42
f 16 135 135
f 135 43 43
f 135 43 43
f 135 43 135
f 43 134 134
f 134 7 7
f 134 7 7
f 134 7 134
f 43 134 134
f 134 7 7
f 134 7 7
f 134 7 134
f 43 134 43
f 134 7 134
f 43 134 43
f 134 134 43
f 16 135 135
f 135 43 43
f 135 43 43
f 135 43 135
f 43 134 134
f 134 7 7
f 134 7 7
f 134 7 134
f 43 134 134
f 134 7 7
f 134 7 7
f 134 7 134
f 43 134 43
f 134 7 134
f 43 134 43
f 134 134 43
f 16 135 16
f 135 43 135
f 16 135 16
f 135 135 16
f 43 134 43
f 134 7 134
f 43 134 43
f 134 134 43
f 16 135 16
f 135 43 135
f 16 135 16
f 135 135 16
f 43 43 135
f 43 43 135
f 135 135 16
f 43 135 135
f 226 321 325
f 321 253 327
f 325 327 255
f 321 327 325
f 253 322 332
f 322 234 330
f 332 330 257
f 322 330 332
f 255 333 326
f 333 257 331
f 326 331 235
f 333 331 326
f 253 332 327
f 332 257 333
f 327 333 255
f 332 333 327
f 234 324 340
f 324 254 342
f 340 342 260
f 324 342 340
f 254 323 336
f 323 5 334
f 336 334 258
f 323 334 336
f 260 344 341
f 344 258 335
f 341 335 236
f 344 335 341
f 254 336 342
f 336 258 344
f 342 344 260
f 336 344 342
f 235 345 329
f 345 261 347
f 329 347 256
f 345 347 329
f 261 346 349
f 346 236 338
f 349 338 259
f 346 338 349
f 256 339 328
f 339 259 337
f 328 337 227
f 339 337 328
f 261 349 347
f 349 259 339
f 347 339 256
f 349 339 347
f 234 340 330
f 340 260 343
f 330 343 257
f 340 343 330
f 260 341 350
f 341 236 346
f 350 346 261
f 341 346 350
f 257 348 331
f 348 261 345
f 331 345 235
f 348 345 331
f 260 350 343
f 350 261 348
f 343 348 257
f 350 348 343
f 226 325 325
f 325 255 255
f 325 255 255
f 325 255 325
f 255 326 326
f 326 235 235
f 326 235 235
f 326 235 326
f 255 326 326
f 326 235 235
f 326 235 235
f 326 235 326
f 255 326 255
f 326 235 326
f 255 326 255
f 326 326 255
f 235 329 329
f 329 256 256
f 329 256 256
f 329 256 329
f 256 328 328
f 328 227 227
f 328 227 227
f 328 227 328
f 256 328 328
f 328 227 227
f 328 227 227
f 328 227 328
f 256 328 256
f 328 227 328
f 256 328 256
f 328 328 256
f 235 329 329
f 329 256 256
f 329 256 256
f 329 256 329
f 256 328 328
f 328 227 227
f 328 227 227
f 328 227 328
f 256 328 328
f 328 227 227
f 328 227 227
f 328 227 328
f 256 328 256
f 328 227 328
f 256 328 256
f 328 328 256
f 235 329 235
f 329 256 329
f 235 329 235
f 329 329 235
f 256 328 256
f 328 227 328
f 256 328 256
f 328 328 256
f 235 329 235
f 329 256 329
f 235 329 235
f 329 329 235
f 256 256 329
f 256 256 329
f 329 329 235
f 256 329 329
f 228 382 363
f 382 270 384
f 363 384 266
f 382 384 363
f 270 383 392
f 383 239 389
f 392 389 272
f 383 389 392
f 266 390 364
f 390 272 388
f 364 388 238
f 390 388 364
f 270 392 384
f 392 272 390
f 384 390 266
f 392 390 384
f 239 386 394
f 386 271 397
f 394 397 273
f 386 397 394
f 271 385 387
f 385 7 164
f 387 164 51
f 385 164 387
f 273 395 393
f 395 51 165
f 393 165 18
f 395 165 393
f 271 387 397
f 387 51 395
f 397 395 273
f 387 395 397
f 238 378 361
f 378 269 380
f 361 380 265
f 378 380 361
f 269 379 381
f 379 18 162
f 381 162 50
f 379 162 381
f 265 377 360
f 377 50 161
f 360 161 5
f 377 161 360
f 269 381 380
f 381 50 377
f 380 377 265
f 381 377 380
f 239 394 389
f 394 273 398
f 389 398 272
f 394 398 389
f 273 393 396
f 393 18 379
f 396 379 269
f 393 379 396
f 272 391 388
f 391 269 378
f 388 378 238
f 391 378 388
f 273 396 398
f 396 269 391
f 398 391 272
f 396 391 398
f 228 363 363
f 363 266 266
f 363 266 266
f 363 266 363
f 266 364 364
f 364 238 238
f 364 238 238
f 364 238 364
f 266 364 364
f 364 238 238
f 364 238 238
f 364 238 364
f 266 364 266
f 364 238 364
f 266 364 266
f 364 364 266
f 238 361 361
f 361 265 265
f 361 265 265
f 361 265 361
f 265 360 360
f 360 5 5
f 360 5 5
f 360 5 360
f 265 360 360
f 360 5 5
f 360 5 5
f 360 5 360
f 265 360 265
f 360 5 360
f 265 360 265
f 360 360 265
f 238 361 361
f 361 265 265
f 361 265 265
f 361 265 361
f 265 360 360
f 360 5 5
f 360 5 5
f 360 5 360
f 265 360 360
f 360 5 5
f 360 5 5
f 360 5 360
f 265 360 265
f 360 5 360
f 265 360 265
f 360 360 265
f 238 361 238
f 361 265 361
f 238 361 238
f 361 361 238
f 265 360 265
f 360 5 360
f 265 360 265
f 360 360 265
f 238 361 238
f 361 265 361
f 238 361 238
f 361 361 238
f 265 265 361
f 265 265 361
f 361 361 238
f 265 361 361
f 5 323 360
f 323 254 362
f 360 362 265
f 323 362 360
f 254 324 368
f 324 234 366
f 368 366 267
f 324 366 368
f 265 370 361
f 370 267 367
f 361 367 238
f 370 367 361
f 254 368 362
f 368 267 370
f 362 370 265
f 368 370 362
f 234 322 356
f 322 253 358
f 356 358 264
f 322 358 356
f 253 321 353
f 321 226 351
f 353 351 262
f 321 351 353
f 264 359 357
f 359 262 352
f 357 352 237
f 359 352 357
f 253 353 358
f 353 262 359
f 358 359 264
f 353 359 358
f 238 372 364
f 372 268 375
f 364 375 266
f 372 375 364
f 268 371 373
f 371 237 355
f 373 355 263
f 371 355 373
f 266 365 363
f 365 263 354
f 363 354 228
f 365 354 363
f 268 373 375
f 373 263 365
f 375 365 266
f 373 365 375
f 234 356 366
f 356 264 369
f 366 369 267
f 356 369 366
f 264 357 374
f 357 237 371
f 374 371 268
f 357 371 374
f 267 376 367
f 376 268 372
f 367 372 238
f 376 372 367
f 264 374 369
f 374 268 376
f 369 376 267
f 374 376 369
f 5 360 360
f 360 265 265
f 360 265 265
f 360 265 360
f 265 361 361
f 361 238 238
f 361 238 238
f 361 238 361
f 265 361 361
f 361 238 238
f 361 238 238
f 361 238 361
f 265 361 265
f 361 238 361
f 265 361 265
f 361 361 265
f 238 364 364
f 364 266 266
f 364 266 266
f 364 266 364
f 266 363 363
f 363 228 228
f 363 228 228
f 363 228 363
f 266 363 363
f 363 228 228
f 363 228 228
f 363 228 363
f 266 363 266
f 363 228 363
f 266 363 266
f 363 363 266
f 238 364 364
f 364 266 266
f 364 266 266
f 364 266 364
f 266 363 363
f 363 228 228
f 363 228 228
f 363 228 363
f 266 363 363
f 363 228 228
f 363 228 228
f 363 228 363
f 266 363 266
f 363 228 363
f 266 363 266
f 363 363 266
f 238 364 238
f 364 266 364
f 238 364 238
f 364 364 238
f 266 363 266
f 363 228 363
f 266 363 266
f 363 363 266
f 238 364 238
f 364 266 364
f 238 364 238
f 364 364 238
f 266 266 364
f 266 266 364
f 364 364 238
f 266 364 364
f 229 411 402
f 411 278 413
f 402 413 275
f 411 413 402
f 278 412 423
f 412 241 420
f 423 420 280
f 412 420 423
f 275 421 403
f 421 280 419
f 403 419 240
f 421 419 403
f 278 423 413
f 423 280 421
f 413 421 275
f 423 421 413
f 241 409 415
f 409 277 418
f 415 418 279
f 409 418 415
f 277 408 410
f 408 7 385
f 410 385 271
f 408 385 410
f 279 416 414
f 416 271 386
f 414 386 239
f 416 386 414
f 277 410 418
f 410 271 416
f 418 416 279
f 410 416 418
f 240 405 400
f 405 276 407
f 400 407 274
f 405 407 400
f 276 404 406
f 404 239 383
f 406 383 270
f 404 383 406
f 274 401 399
f 401 270 382
f 399 382 228
f 401 382 399
f 276 406 407
f 406 270 401
f 407 401 274
f 406 401 407
f 241 415 420
f 415 279 424
f 420 424 280
f 415 424 420
f 279 414 417
f 414 239 404
f 417 404 276
f 414 404 417
f 280 422 419
f 422 276 405
f 419 405 240
f 422 405 419
f 279 417 424
f 417 276 422
f 424 422 280
f 417 422 424
f 229 402 402
f 402 275 275
f 402 275 275
f 402 275 402
f 275 403 403
f 403 240 240
f 403 240 240
f 403 240 403
f 275 403 403
f 403 240 240
f 403 240 240
f 403 240 403
f 275 403 275
f 403 240 403
f 275 403 275
f 403 403 275
f 240 400 400
f 400 274 274
f 400 274 274
f 400 274 400
f 274 399 399
f 399 228 228
f 399 228 228
f 399 228 399
f 274 399 399
f 399 228 228
f 399 228 228
f 399 228 399
f 274 399 274
f 399 228 399
f 274 399 274
f 399 399 274
f 240 400 400
f 400 274 274
f 400 274 274
f 400 274 400
f 274 399 399
f 399 228 228
f 399 228 228
f 399 228 399
f 274 399 399
f 399 228 228
f 399 228 228
f 399 228 399
f 274 399 274
f 399 228 399
f 274 399 274
f 399 399 274
f 240 400 240
f 400 274 400
f 240 400 240
f 400 400 240
f 274 399 274
f 399 228 399
f 274 399 274
f 399 399 274
f 240 400 240
f 400 274 400
f 240 400 240
f 400 400 240
f 274 274 400
f 274 274 400
f 400 400 240
f 274 400 400
f 229 434 411
f 434 284 436
f 411 436 278
f 434 436 411
f 284 435 444
f 435 243 441
f 444 441 286
f 435 441 444
f 278 442 412
f 442 286 440
f 412 440 241
f 442 440 412
f 284 444 436
f 444 286 442
f 436 442 278
f 444 442 436
f 243 438 446
f 438 285 449
f 446 449 287
f 438 449 446
f 285 437 439
f 437 230 428
f 439 428 282
f 437 428 439
f 287 447 445
f 447 282 429
f 445 429 242
f 447 429 445
f 285 439 449
f 439 282 447
f 449 447 287
f 439 447 449
f 241 430 409
f 430 283 432
f 409 432 277
f 430 432 409
f 283 431 433
f 431 242 426
f 433 426 281
f 431 426 433
f 277 427 408
f 427 281 425
f 408 425 7
f 427 425 408
f 283 433 432
f 433 281 427
f 432 427 277
f 433 427 432
f 243 446 441
f 446 287 450
f 441 450 286
f 446 450 441
f 287 445 448
f 445 242 431
f 448 431 283
f 445 431 448
f 286 443 440
f 443 283 430
f 440 430 241
f 443 430 440
f 287 448 450
f 448 283 443
f 450 443 286
f 448 443 450
f 229 411 411
f 411 278 278
f 411 278 278
f 411 278 411
f 278 412 412
f 412 241 241
f 412 241 241
f 412 241 412
f 278 412 412
f 412 241 241
f 412 241 241
f 412 241 412
f 278 412 278
f 412 241 412
f 278 412 278
f 412 412 278
f 241 409 409
f 409 277 277
f 409 277 277
f 409 277 409
f 277 408 408
f 408 7 7
f 408 7 7
f 408 7 408
f 277 408 408
f 408 7 7
f 408 7 7
f 408 7 408
f 277 408 277
f 408 7 408
f 277 408 277
f 408 408 277
f 241 409 409
f 409 277 277
f 409 277 277
f 409 277 409
f 277 408 408
f 408 7 7
f 408 7 7
f 408 7 408
f 277 408 408
f 408 7 7
f 408 7 7
f 408 7 408
f 277 408 277
f 408 7 408
f 277 408 277
f 408 408 277
f 241 409 241
f 409 277 409
f 241 409 241
f 409 409 241
f 277 408 277
f 408 7 408
f 277 408 277
f 408 408 277
f 241 409 241
f 409 277 409
f 241 409 241
f 409 409 241
f 277 277 409
f 277 277 409
f 409 409 241
f 277 409 409
f 231 479 512
f 479 296 514
f 512 514 305
f 479 514 512
f 296 480 520
f 480 246 518
f 520 518 307
f 480 518 520
f 305 522 513
f 522 307 519
f 513 519 249
f 522 519 513
f 296 520 514
f 520 307 522
f 514 522 305
f 520 522 514
f 246 478 502
f 478 295 504
f 502 504 303
f 478 504 502
f 295 477 493
f 477 230 490
f 493 490 300
f 477 490 493
f 303 505 503
f 505 300 491
f 503 491 248
f 505 491 503
f 295 493 504
f 493 300 505
f 504 505 303
f 493 505 504
f 249 524 516
f 524 308 527
f 516 527 306
f 524 527 516
f 308 523 525
f 523 248 495
f 525 495 301
f 523 495 525
f 306 517 515
f 517 301 494
f 515 494 232
f 517 494 515
f 308 525 527
f 525 301 517
f 527 517 306
f 525 517 527
f 246 502 518
f 502 303 521
f 518 521 307
f 502 521 518
f 303 503 526
f 503 248 523
f 526 523 308
f 503 523 526
f 307 528 519
f 528 308 524
f 519 524 249
f 528 524 519
f 303 526 521
f 526 308 528
f 521 528 307
f 526 528 521
f 231 512 512
f 512 305 305
f 512 305 305
f 512 305 512
f 305 513 513
f 513 249 249
f 513 249 249
f 513 249 513
f 305 513 513
f 513 249 249
f 513 249 249
f 513 249 513
f 305 513 305
f 513 249 513
f 305 513 305
f 513 513 305
f 249 516 516
f 516 306 306
f 516 306 306
f 516 306 516
f 306 515 515
f 515 232 232
f 515 232 232
f 515 232 515
f 306 515 515
f 515 232 232
f 515 232 232
f 515 232 515
f 306 515 306
f 515 232 515
f 306 515 306
f 515 515 306
f 249 516 516
f 516 306 306
f 516 306 306
f 516 306 516
f 306 515 515
f 515 232 232
f 515 232 232
f 515 232 515
f 306 515 515
f 515 232 232
f 515 232 232
f 515 232 515
f 306 515 306
f 515 232 515
f 306 515 306
f 515 515 306
f 249 516 249
f 516 306 516
f 249 516 249
f 516 516 249
f 306 515 306
f 515 232 515
f 306 515 306
f 515 515 306
f 249 516 249
f 516 306 516
f 249 516 249
f 516 516 249
f 306 306 516
f 306 306 516
f 516 516 249
f 306 516 516
f 232 560 515
f 560 317 562
f 515 562 306
f 560 562 515
f 317 561 570
f 561 252 567
f 570 567 319
f 561 567 570
f 306 568 516
f 568 319 566
f 516 566 249
f 568 566 516
f 317 570 562
f 570 319 568
f 562 568 306
f 570 568 562
f 252 564 572
f 564 318 575
f 572 575 320
f 564 575 572
f 318 563 565
f 563 233 542
f 565 542 313
f 563 542 565
f 320 573 571
f 573 313 543
f 571 543 251
f 573 543 571
f 318 565 575
f 565 313 573
f 575 573 320
f 565 573 575
f 249 550 513
f 550 315 552
f 513 552 305
f 550 552 513
f 315 551 553
f 551 251 539
f 553 539 312
f 551 539 553
f 305 541 512
f 541 312 538
f 512 538 231
f 541 538 512
f 315 553 552
f 553 312 541
f 552 541 305
f 553 541 552
f 252 572 567
f 572 320 576
f 567 576 319
f 572 576 567
f 320 571 574
f 571 251 551
f 574 551 315
f 571 551 574
f 319 569 566
f 569 315 550
f 566 550 249
f 569 550 566
f 320 574 576
f 574 315 569
f 576 569 319
f 574 569 576
f 232 515 515
f 515 306 306
f 515 306 306
f 515 306 515
f 306 516 516
f 516 249 249
f 516 249 249
f 516 249 516
f 306 516 516
f 516 249 249
f 516 249 249
f 516 249 516
f 306 516 306
f 516 249 516
f 306 516 306
f 516 516 306
f 249 513 513
f 513 305 305
f 513 305 305
f 513 305 513
f 305 512 512
f 512 231 231
f 512 231 231
f 512 231 512
f 305 512 512
f 512 231 231
f 512 231 231
f 512 231 512
f 305 512 305
f 512 231 512
f 305 512 305
f 512 512 305
f 249 513 513
f 513 305 305
f 513 305 305
f 513 305 513
f 305 512 512
f 512 231 231
f 512 231 231
f 512 231 512
f 305 512 512
f 512 231 231
f 512 231 231
f 512 231 512
f 305 512 305
f 512 231 512
f 305 512 305
f 512 512 305
f 249 513 249
f 513 305 513
f 249 513 249
f 513 513 249
f 305 512 305
f 512 231 512
f 305 512 305
f 512 512 305
f 249 513 249
f 513 305 513
f 249 513 249
f 513 513 249
f 305 305 513
f 305 305 513
f 513 513 249
f 305 513 513
f 229 481 434
f 481 297 483
f 434 483 284
f 481 483 434
f 297 482 489
f 482 247 487
f 489 487 299
f 482 487 489
f 284 488 435
f 488 299 486
f 435 486 243
f 488 486 435
f 297 489 483
f 489 299 488
f 483 488 284
f 489 488 483
f 247 485 506
f 485 298 508
f 506 508 304
f 485 508 506
f 298 484 496
f 484 232 494
f 496 494 301
f 484 494 496
f 304 510 507
f 510 301 495
f 507 495 248
f 510 495 507
f 298 496 508
f 496 301 510
f 508 510 304
f 496 510 508
f 243 497 438
f 497 302 499
f 438 499 285
f 497 499 438
f 302 498 501
f 498 248 491
f 501 491 300
f 498 491 501
f 285 492 437
f 492 300 490
f 437 490 230
f 492 490 437
f 302 501 499
f 501 300 492
f 499 492 285
f 501 492 499
f 247 506 487
f 506 304 509
f 487 509 299
f 506 509 487
f 304 507 511
f 507 248 498
f 511 498 302
f 507 498 511
f 299 500 486
f 500 302 497
f 486 497 243
f 500 497 486
f 304 511 509
f 511 302 500
f 509 500 299
f 511 500 509
f 229 434 434
f 434 284 284
f 434 284 284
f 434 284 434
f 284 435 435
f 435 243 243
f 435 243 243
f 435 243 435
f 284 435 435
f 435 243 243
f 435 243 243
f 435 243 435
f 284 435 284
f 435 243 435
f 284 435 284
f 435 435 284
f 243 438 438
f 438 285 285
f 438 285 285
f 438 285 438
f 285 437 437
f 437 230 230
f 437 230 230
f 437 230 437
f 285 437 437
f 437 230 230
f 437 230 230
f 437 230 437
f 285 437 285
f 437 230 437
f 285 437 285
f 437 437 285
f 243 438 438
f 438 285 285
f 438 285 285
f 438 285 438
f 285 437 437
f 437 230 230
f 437 230 230
f 437 230 437
f 285 437 437
f 437 230 230
f 437 230 230
f 437 230 437
f 285 437 285
f 437 230 437
f 285 437 285
f 437 437 285
f 243 438 243
f 438 285 438
f 243 438 243
f 438 438 243
f 285 437 285
f 437 230 437
f 285 437 285
f 437 437 285
f 243 438 243
f 438 285 438
f 243 438 243
f 438 438 243
f 285 285 438
f 285 285 438
f 438 438 243
f 285 438 438
f 231 463 454
f 463 292 465
f 454 465 289
f 463 465 454
f 292 464 475
f 464 245 472
f 475 472 294
f 464 472 475
f 289 473 455
f 473 294 471
f 455 471 244
f 473 471 455
f 292 475 465
f 475 294 473
f 465 473 289
f 475 473 465
f 245 461 467
f 461 291 470
f 467 470 293
f 461 470 467
f 291 460 462
f 460 227 337
f 462 337 259
f 460 337 462
f 293 468 466
f 468 259 338
f 466 338 236
f 468 338 466
f 291 462 470
f 462 259 468
f 470 468 293
f 462 468 470
f 244 457 452
f 457 290 459
f 452 459 288
f 457 459 452
f 290 456 458
f 456 236 335
f 458 335 258
f 456 335 458
f 288 453 451
f 453 258 334
f 451 334 5
f 453 334 451
f 290 458 459
f 458 258 453
f 459 453 288
f 458 453 459
f 245 467 472
f 467 293 476
f 472 476 294
f 467 476 472
f 293 466 469
f 466 236 456
f 469 456 290
f 466 456 469
f 294 474 471
f 474 290 457
f 471 457 244
f 474 457 471
f 293 469 476
f 469 290 474
f 476 474 294
f 469 474 476
f 231 454 454
f 454 289 289
f 454 289 289
f 454 289 454
f 289 455 455
f 455 244 244
f 455 244 244
f 455 244 455
f 289 455 455
f 455 244 244
f 455 244 244
f 455 244 455
f 289 455 289
f 455 244 455
f 289 455 289
f 455 455 289
f 244 452 452
f 452 288 288
f 452 288 288
f 452 288 452
f 288 451 451
f 451 5 5
f 451 5 5
f 451 5 451
f 288 451 451
f 451 5 5
f 451 5 5
f 451 5 451
f 288 451 288
f 451 5 451
f 288 451 288
f 451 451 288
f 244 452 452
f 452 288 288
f 452 288 288
f 452 288 452
f 288 451 451
f 451 5 5
f 451 5 5
f 451 5 451
f 288 451 451
f 451 5 5
f 451 5 5
f 451 5 451
f 288 451 288
f 451 5 451
f 288 451 288
f 451 451 288
f 244 452 244
f 452 288 452
f 244 452 244
f 452 452 244
f 288 451 288
f 451 5 451
f 288 451 288
f 451 451 288
f 244 452 244
f 452 288 452
f 244 452 244
f 452 452 244
f 288 288 452
f 288 288 452
f 452 452 244
f 288 452 452
f 233 532 542
f 532 310 544
f 542 544 313
f 532 544 542
f 310 533 556
f 533 250 554
f 556 554 316
f 533 554 556
f 313 558 543
f 558 316 555
f 543 555 251
f 558 555 543
f 310 556 544
f 556 316 558
f 544 558 313
f 556 558 544
f 250 530 535
f 530 309 537
f 535 537 311
f 530 537 535
f 309 529 531
f 529 227 460
f 531 460 291
f 529 460 531
f 311 536 534
f 536 291 461
f 534 461 245
f 536 461 534
f 309 531 537
f 531 291 536
f 537 536 311
f 531 536 537
f 251 546 539
f 546 314 549
f 539 549 312
f 546 549 539
f 314 545 547
f 545 245 464
f 547 464 292
f 545 464 547
f 312 540 538
f 540 292 463
f 538 463 231
f 540 463 538
f 314 547 549
f 547 292 540
f 549 540 312
f 547 540 549
f 250 535 554
f 535 311 557
f 554 557 316
f 535 557 554
f 311 534 548
f 534 245 545
f 548 545 314
f 534 545 548
f 316 559 555
f 559 314 546
f 555 546 251
f 559 546 555
f 311 548 557
f 548 314 559
f 557 559 316
f 548 559 557
f 233 542 542
f 542 313 313
f 542 313 313
f 542 313 542
f 313 543 543
f 543 251 251
f 543 251 251
f 543 251 543
f 313 543 543
f 543 251 251
f 543 251 251
f 543 251 543
f 313 543 313
f 543 251 543
f 313 543 313
f 543 543 313
f 251 539 539
f 539 312 312
f 539 312 312
f 539 312 539
f 312 538 538
f 538 231 231
f 538 231 231
f 538 231 538
f 312 538 538
f 538 231 231
f 538 231 231
f 538 231 538
f 312 538 312
f 538 231 538
f 312 538 312
f 538 538 312
f 251 539 539
f 539 312 312
f 539 312 312
f 539 312 539
f 312 538 538
f 538 231 231
f 538 231 231
f 538 231 538
f 312 538 538
f 538 231 231
f 538 231 231
f 538 231 538
f 312 538 312
f 538 231 538
f 312 538 312
f 538 538 312
f 251 539 251
f 539 312 539
f 251 539 251
f 539 539 251
f 312 538 312
f 538 231 538
f 312 538 312
f 538 538 312
f 251 539 251
f 539 312 539
f 251 539 251
f 539 539 251
f 312 312 539
f 312 312 539
f 539 539 251
f 312 539 539
f 577 602 606
f 602 586 608
f 606 608 588
f 602 608 606
f 586 603 613
f 603 581 611
f 613 611 590
f 603 611 613
f 588 614 607
f 614 590 612
f 607 612 582
f 614 612 607
f 586 613 608
f 613 590 614
f 608 614 588
f 613 614 608
f 581 605 621
f 605 587 623
f 621 623 593
f 605 623 621
f 587 604 617
f 604 578 615
f 617 615 591
f 604 615 617
f 593 625 622
f 625 591 616
f 622 616 583
f 625 616 622
f 587 617 623
f 617 591 625
f 623 625 593
f 617 625 623
f 582 626 610
f 626 594 628
f 610 628 589
f 626 628 610
f 594 627 630
f 627 583 619
f 630 619 592
f 627 619 630
f 589 620 609
f 620 592 618
f 609 618 579
f 620 618 609
f 594 630 628
f 630 592 620
f 628 620 589
f 630 620 628
f 581 621 611
f 621 593 624
f 611 624 590
f 621 624 611
f 593 622 631
f 622 583 627
f 631 627 594
f 622 627 631
f 590 629 612
f 629 594 626
f 612 626 582
f 629 626 612
f 593 631 624
f 631 594 629
f 624 629 590
f 631 629 624
f 577 606 606
f 606 588 588
f 606 588 588
f 606 588 606
f 588 607 607
f 607 582 582
f 607 582 582
f 607 582 607
f 588 607 607
f 607 582 582
f 607 582 582
f 607 582 607
f 588 607 588
f 607 582 607
f 588 607 588
f 607 607 588
f 582 610 610
f 610 589 589
f 610 589 589
f 610 589 610
f 589 609 609
f 609 579 579
f 609 579 579
f 609 579 609
f 589 609 609
f 609 579 579
f 609 579 579
f 609 579 609
f 589 609 589
f 609 579 609
f 589 609 589
f 609 609 589
f 582 610 610
f 610 589 589
f 610 589 589
f 610 589 610
f 589 609 609
f 609 579 579
f 609 579 579
f 609 579 609
f 589 609 609
f 609 579 579
f 609 579 579
f 609 579 609
f 589 609 589
f 609 579 609
f 589 609 589
f 609 609 589
f 582 610 582
f 610 589 610
f 582 610 582
f 610 610 582
f 589 609 589
f 609 579 609
f 589 609 589
f 609 609 589
f 582 610 582
f 610 589 610
f 582 610 582
f 610 610 582
f 589 589 610
f 589 589 610
f 610 610 582
f 589 610 610
f 577 606 632
f 606 588 634
f 632 634 595
f 606 634 632
f 588 607 639
f 607 582 637
f 639 637 597
f 607 637 639
f 595 640 633
f 640 597 638
f 633 638 584
f 640 638 633
f 588 639 634
f 639 597 640
f 634 640 595
f 639 640 634
f 582 610 647
f 610 589 649
f 647 649 600
f 610 649 647
f 589 609 643
f 609 579 641
f 643 641 598
f 609 641 643
f 600 651 648
f 651 598 642
f 648 642 585
f 651 642 648
f 589 643 649
f 643 598 651
f 649 651 600
f 643 651 649
f 584 652 636
f 652 601 654
f 636 654 596
f 652 654 636
f 601 653 656
f 653 585 645
f 656 645 599
f 653 645 656
f 596 646 635
f 646 599 644
f 635 644 580
f 646 644 635
f 601 656 654
f 656 599 646
f 654 646 596
f 656 646 654
f 582 647 637
f 647 600 650
f 637 650 597
f 647 650 637
f 600 648 657
f 648 585 653
f 657 653 601
f 648 653 657
f 597 655 638
f 655 601 652
f 638 652 584
f 655 652 638
f 600 657 650
f 657 601 655
f 650 655 597
f 657 655 650
f 577 632 632
f 632 595 595
f 632 595 595
f 632 595 632
f 595 633 633
f 633 584 584
f 633 584 584
f 633 584 633
f 595 633 633
f 633 584 584
f 633 584 584
f 633 584 633
f 595 633 595
f 633 584 633
f 595 633 595
f 633 633 595
f 584 636 636
f 636 596 596
f 636 596 596
f 636 596 636
f 596 635 635
f 635 580 580
f 635 580 580
f 635 580 635
f 596 635 635
f 635 580 580
f 635 580 580
f 635 580 635
f 596 635 596
f 635 580 635
f 596 635 596
f 635 635 596
f 584 636 636
f 636 596 596
f 636 596 596
f 636 596 636
f 596 635 635
f 635 580 580
f 635 580 580
f 635 580 635
f 596 635 635
f 635 580 580
f 635 580 580
f 635 580 635
f 596 635 596
f 635 580 635
f 596 635 596
f 635 635 596
f 584 636 584
f 636 596 636
f 584 636 584
f 636 636 584
f 596 635 596
f 635 580 635
f 596 635 596
f 635 635 596
f 584 636 584
f 636 596 636
f 584 636 584
f 636 636 584
f 596 596 636
f 596 596 636
f 636 636 584
f 596 636 636
f 577 632 673
f 632 595 675
f 673 675 661
f 632 675 673
f 595 633 680
f 633 584 678
f 680 678 663
f 633 678 680
f 661 681 674
f 681 663 679
f 674 679 658
f 681 679 674
f 595 680 675
f 680 663 681
f 675 681 661
f 680 681 675
f 584 636 688
f 636 596 690
f 688 690 666
f 636 690 688
f 596 635 684
f 635 580 682
f 684 682 664
f 635 682 684
f 666 692 689
f 692 664 683
f 689 683 659
f 692 683 689
f 596 684 690
f 684 664 692
f 690 692 666
f 684 692 690
f 658 693 677
f 693 667 695
f 677 695 662
f 693 695 677
f 667 694 697
f 694 659 686
f 697 686 665
f 694 686 697
f 662 687 676
f 687 665 685
f 676 685 6
f 687 685 676
f 667 697 695
f 697 665 687
f 695 687 662
f 697 687 695
f 584 688 678
f 688 666 691
f 678 691 663
f 688 691 678
f 666 689 698
f 689 659 694
f 698 694 667
f 689 694 698
f 663 696 679
f 696 667 693
f 679 693 658
f 696 693 679
f 666 698 691
f 698 667 696
f 691 696 663
f 698 696 691
f 577 673 673
f 673 661 661
f 673 661 661
f 673 661 673
f 661 674 674
f 674 658 658
f 674 658 658
f 674 658 674
f 661 674 674
f 674 658 658
f 674 658 658
f 674 658 674
f 661 674 661
f 674 658 674
f 661 674 661
f 674 674 661
f 658 677 677
f 677 662 662
f 677 662 662
f 677 662 677
f 662 676 676
f 676 6 6
f 676 6 6
f 676 6 676
f 662 676 676
f 676 6 6
f 676 6 6
f 676 6 676
f 662 676 662
f 676 6 676
f 662 676 662
f 676 676 662
f 658 677 677
f 677 662 662
f 677 662 662
f 677 662 677
f 662 676 676
f 676 6 6
f 676 6 6
f 676 6 676
f 662 676 676
f 676 6 6
f 676 6 6
f 676 6 676
f 662 676 662
f 676 6 676
f 662 676 662
f 676 676 662
f 658 677 658
f 677 662 677
f 658 677 658
f 677 677 658
f 662 676 662
f 676 6 676
f 662 676 662
f 676 676 662
f 658 677 658
f 677 662 677
f 658 677 658
f 677 677 658
f 662 662 677
f 662 662 677
f 677 677 658
f 662 677 677
f 577 673 699
f 673 661 701
f 699 701 668
f 673 701 699
f 661 674 706
f 674 658 704
f 706 704 670
f 674 704 706
f 668 707 700
f 707 670 705
f 700 705 660
f 707 705 700
f 661 706 701
f 706 670 707
f 701 707 668
f 706 707 701
f 658 677 710
f 677 662 712
f 710 712 671
f 677 712 710
f 662 676 708
f 676 6 102
f 708 102 34
f 676 102 708
f 671 714 711
f 714 34 103
f 711 103 13
f 714 103 711
f 662 708 712
f 708 34 714
f 712 714 671
f 708 714 712
f 660 715 703
f 715 672 717
f 703 717 669
f 715 717 703
f 672 716 719
f 716 13 101
f 719 101 33
f 716 101 719
f 669 709 702
f 709 33 100
f 702 100 1
f 709 100 702
f 672 719 717
f 719 33 709
f 717 709 669
f 719 709 717
f 658 710 704
f 710 671 713
f 704 713 670
f 710 713 704
f 671 711 720
f 711 13 716
f 720 716 672
f 711 716 720
f 670 718 705
f 718 672 715
f 705 715 660
f 718 715 705
f 671 720 713
f 720 672 718
f 713 718 670
f 720 718 713
f 577 699 699
f 699 668 668
f 699 668 668
f 699 668 699
f 668 700 700
f 700 660 660
f 700 660 660
f 700 660 700
f 668 700 700
f 700 660 660
f 700 660 660
f 700 660 700
f 668 700 668
f 700 660 700
f 668 700 668
f 700 700 668
f 660 703 703
f 703 669 669
f 703 669 669
f 703 669 703
f 669 702 702
f 702 1 1
f 702 1 1
f 702 1 702
f 669 702 702
f 702 1 1
f 702 1 1
f 702 1 702
f 669 702 669
f 702 1 702
f 669 702 669
f 702 702 669
f 660 703 703
f 703 669 669
f 703 669 669
f 703 669 703
f 669 702 702
f 702 1 1
f 702 1 1
f 702 1 702
f 669 702 702
f 702 1 1
f 702 1 1
f 702 1 702
f 669 702 669
f 702 1 702
f 669 702 669
f 702 702 669
f 660 703 660
f 703 669 703
f 660 703 660
f 703 703 660
f 669 702 669
f 702 1 702
f 669 702 669
f 702 702 669
f 660 703 660
f 703 669 703
f 660 703 660
f 703 703 660
f 669 669 703
f 669 669 703
f 703 703 660
f 669 703 703
f 578 739 743
f 739 725 745
f 743 745 727
f 739 745 743
f 725 740 750
f 740 721 748
f 750 748 729
f 740 748 750
f 727 751 744
f 751 729 749
f 744 749 722
f 751 749 744
f 725 750 745
f 750 729 751
f 745 751 727
f 750 751 745
f 721 742 758
f 742 726 760
f 758 760 732
f 742 760 758
f 726 741 754
f 741 8 752
f 754 752 730
f 741 752 754
f 732 762 759
f 762 730 753
f 759 753 723
f 762 753 759
f 726 754 760
f 754 730 762
f 760 762 732
f 754 762 760
f 722 763 747
f 763 733 765
f 747 765 728
f 763 765 747
f 733 764 767
f 764 723 756
f 767 756 731
f 764 756 767
f 728 757 746
f 757 731 755
f 746 755 4
f 757 755 746
f 733 767 765
f 767 731 757
f 765 757 728
f 767 757 765
f 721 758 748
f 758 732 761
f 748 761 729
f 758 761 748
f 732 759 768
f 759 723 764
f 768 764 733
f 759 764 768
f 729 766 749
f 766 733 763
f 749 763 722
f 766 763 749
f 732 768 761
f 768 733 766
f 761 766 729
f 768 766 761
f 578 743 743
f 743 727 727
f 743 727 727
f 743 727 743
f 727 744 744
f 744 722 722
f 744 722 722
f 744 722 744
f 727 744 744
f 744 722 722
f 744 722 722
f 744 722 744
f 727 744 727
f 744 722 744
f 727 744 727
f 744 744 727
f 722 747 747
f 747 728 728
f 747 728 728
f 747 728 747
f 728 746 746
f 746 4 4
f 746 4 4
f 746 4 746
f 728 746 746
f 746 4 4
f 746 4 4
f 746 4 746
f 728 746 728
f 746 4 746
f 728 746 728
f 746 746 728
f 722 747 747
f 747 728 728
f 747 728 728
f 747 728 747
f 728 746 746
f 746 4 4
f 746 4 4
f 746 4 746
f 728 746 746
f 746 4 4
f 746 4 4
f 746 4 746
f 728 746 728
f 746 4 746
f 728 746 728
f 746 746 728
f 722 747 722
f 747 728 747
f 722 747 722
f 747 747 722
f 728 746 728
f 746 4 746
f 728 746 728
f 746 746 728
f 722 747 722
f 747 728 747
f 722 747 722
f 747 747 722
f 728 728 747
f 728 728 747
f 747 747 722
f 728 747 747
f 578 743 615
f 743 727 769
f 615 769 591
f 743 769 615
f 727 744 772
f 744 722 770
f 772 770 734
f 744 770 772
f 591 773 616
f 773 734 771
f 616 771 583
f 773 771 616
f 727 772 769
f 772 734 773
f 769 773 591
f 772 773 769
f 722 747 780
f 747 728 782
f 780 782 737
f 747 782 780
f 728 746 776
f 746 4 774
f 776 774 735
f 746 774 776
f 737 784 781
f 784 735 775
f 781 775 724
f 784 775 781
f 728 776 782
f 776 735 784
f 782 784 737
f 776 784 782
f 583 785 619
f 785 738 787
f 619 787 592
f 785 787 619
f 738 786 789
f 786 724 778
f 789 778 736
f 786 778 789
f 592 779 618
f 779 736 777
f 618 777 579
f 779 777 618
f 738 789 787
f 789 736 779
f 787 779 592
f 789 779 787
f 722 780 770
f 780 737 783
f 770 783 734
f 780 783 770
f 737 781 790
f 781 724 786
f 790 786 738
f 781 786 790
f 734 788 771
f 788 738 785
f 771 785 583
f 788 785 771
f 737 790 783
f 790 738 788
f 783 788 734
f 790 788 783
f 578 615 615
f 615 591 591
f 615 591 591
f 615 591 615
f 591 616 616
f 616 583 583
f 616 583 583
f 616 583 616
f 591 616 616
f 616 583 583
f 616 583 583
f 616 583 616
f 591 616 591
f 616 583 616
f 591 616 591
f 616 616 591
f 583 619 619
f 619 592 592
f 619 592 592
f 619 592 619
f 592 618 618
f 618 579 579
f 618 579 579
f 618 579 618
f 592 618 618
f 618 579 579
f 618 579 579
f 618 579 618
f 592 618 592
f 618 579 618
f 592 618 592
f 618 618 592
f 583 619 619
f 619 592 592
f 619 592 592
f 619 592 619
f 592 618 618
f 618 579 579
f 618 579 579
f 618 579 618
f 592 618 618
f 618 579 579
f 618 579 579
f 618 579 618
f 592 618 592
f 618 579 618
f 592 618 592
f 618 618 592
f 583 619 583
f 619 592 619
f 583 619 583
f 619 619 583
f 592 618 592
f 618 579 618
f 592 618 592
f 618 618 592
f 583 619 583
f 619 592 619
f 583 619 583
f 619 619 583
f 592 592 619
f 592 592 619
f 619 619 583
f 592 619 619
f 577 699 800
f 699 668 802
f 800 802 792
f 699 802 800
f 668 700 807
f 700 660 805
f 807 805 794
f 700 805 807
f 792 808 801
f 808 794 806
f 801 806 791
f 808 806 801
f 668 807 802
f 807 794 808
f 802 808 792
f 807 808 802
f 660 703 811
f 703 669 813
f 811 813 795
f 703 813 811
f 669 702 809
f 702 1 200
f 809 200 59
f 702 200 809
f 795 815 812
f 815 59 201
f 812 201 20
f 815 201 812
f 669 809 813
f 809 59 815
f 813 815 795
f 809 815 813
f 791 816 804
f 816 796 818
f 804 818 793
f 816 818 804
f 796 817 820
f 817 20 204
f 820 204 60
f 817 204 820
f 793 810 803
f 810 60 203
f 803 203 8
f 810 203 803
f 796 820 818
f 820 60 810
f 818 810 793
f 820 810 818
f 660 811 805
f 811 795 814
f 805 814 794
f 811 814 805
f 795 812 821
f 812 20 817
f 821 817 796
f 812 817 821
f 794 819 806
f 819 796 816
f 806 816 791
f 819 816 806
f 795 821 814
f 821 796 819
f 814 819 794
f 821 819 814
f 577 800 800
f 800 792 792
f 800 792 792
f 800 792 800
f 792 801 801
f 801 791 791
f 801 791 791
f 801 791 801
f 792 801 801
f 801 791 791
f 801 791 791
f 801 791 801
f 792 801 792
f 801 791 801
f 792 801 792
f 801 801 792
f 791 804 804
f 804 793 793
f 804 793 793
f 804 793 804
f 793 803 803
f 803 8 8
f 803 8 8
f 803 8 803
f 793 803 803
f 803 8 8
f 803 8 8
f 803 8 803
f 793 803 793
f 803 8 803
f 793 803 793
f 803 803 793
f 791 804 804
f 804 793 793
f 804 793 793
f 804 793 804
f 793 803 803
f 803 8 8
f 803 8 8
f 803 8 803
f 793 803 803
f 803 8 8
f 803 8 8
f 803 8 803
f 793 803 793
f 803 8 803
f 793 803 793
f 803 803 793
f 791 804 791
f 804 793 804
f 791 804 791
f 804 804 791
f 793 803 793
f 803 8 803
f 793 803 793
f 803 803 793
f 791 804 791
f 804 793 804
f 791 804 791
f 804 804 791
f 793 793 804
f 793 793 804
f 804 804 791
f 793 804 804
f 577 800 602
f 800 792 822
f 602 822 586
f 800 822 602
f 792 801 825
f 801 791 823
f 825 823 797
f 801 823 825
f 586 826 603
f 826 797 824
f 603 824 581
f 826 824 603
f 792 825 822
f 825 797 826
f 822 826 586
f 825 826 822
f 791 804 829
f 804 793 831
f 829 831 798
f 804 831 829
f 793 803 827
f 803 8 741
f 827 741 726
f 803 741 827
f 798 833 830
f 833 726 742
f 830 742 721
f 833 742 830
f 793 827 831
f 827 726 833
f 831 833 798
f 827 833 831
f 581 834 605
f 834 799 836
f 605 836 587
f 834 836 605
f 799 835 838
f 835 721 740
f 838 740 725
f 835 740 838
f 587 828 604
f 828 725 739
f 604 739 578
f 828 739 604
f 799 838 836
f 838 725 828
f 836 828 587
f 838 828 836
f 791 829 823
f 829 798 832
f 823 832 797
f 829 832 823
f 798 830 839
f 830 721 835
f 839 835 799
f 830 835 839
f 797 837 824
f 837 799 834
f 824 834 581
f 837 834 824
f 798 839 832
f 839 799 837
f 832 837 797
f 839 837 832
f 577 602 602
f 602 586 586
f 602 586 586
f 602 586 602
f 586 603 603
f 603 581 581
f 603 581 581
f 603 581 603
f 586 603 603
f 603 581 581
f 603 581 581
f 603 581 603
f 586 603 586
f 603 581 603
f 586 603 586
f 603 603 586
f 581 605 605
f 605 587 587
f 605 587 587
f 605 587 605
f 587 604 604
f 604 578 578
f 604 578 578
f 604 578 604
f 587 604 604
f 604 578 578
f 604 578 578
f 604 578 604
f 587 604 587
f 604 578 604
f 587 604 587
f 604 604 587
f 581 605 605
f 605 587 587
f 605 587 587
f 605 587 605
f 587 604 604
f 604 578 578
f 604 578 578
f 604 578 604
f 587 604 604
f 604 578 578
f 604 578 578
f 604 578 604
f 587 604 587
f 604 578 604
f 587 604 587
f 604 604 587
f 581 605 581
f 605 587 605
f 581 605 581
f 605 605 581
f 587 604 587
f 604 578 604
f 587 604 587
f 604 604 587
f 581 605 581
f 605 587 605
f 581 605 581
f 605 605 581
f 587 587 605
f 587 587 605
f 605 605 581
f 587 605 605
f 6 685 849
f 685 665 851
f 849 851 841
f 685 851 849
f 665 686 856
f 686 659 854
f 856 854 843
f 686 854 856
f 841 857 850
f 857 843 855
f 850 855 840
f 857 855 850
f 665 856 851
f 856 843 857
f 851 857 841
f 856 857 851
f 659 683 860
f 683 664 862
f 860 862 844
f 683 862 860
f 664 682 858
f 682 580 644
f 858 644 599
f 682 644 858
f 844 864 861
f 864 599 645
f 861 645 585
f 864 645 861
f 664 858 862
f 858 599 864
f 862 864 844
f 858 864 862
f 840 865 853
f 865 845 867
f 853 867 842
f 865 867 853
f 845 866 869
f 866 585 642
f 869 642 598
f 866 642 869
f 842 859 852
f 859 598 641
f 852 641 579
f 859 641 852
f 845 869 867
f 869 598 859
f 867 859 842
f 869 859 867
f 659 860 854
f 860 844 863
f 854 863 843
f 860 863 854
f 844 861 870
f 861 585 866
f 870 866 845
f 861 866 870
f 843 868 855
f 868 845 865
f 855 865 840
f 868 865 855
f 844 870 863
f 870 845 868
f 863 868 843
f 870 868 863
f 6 849 849
f 849 841 841
f 849 841 841
f 849 841 849
f 841 850 850
f 850 840 840
f 850 840 840
f 850 840 850
f 841 850 850
f 850 840 840
f 850 840 840
f 850 840 850
f 841 850 841
f 850 840 850
f 841 850 841
f 850 850 841
f 840 853 853
f 853 842 842
f 853 842 842
f 853 842 853
f 842 852 852
f 852 579 579
f 852 579 579
f 852 579 852
f 842 852 852
f 852 579 579
f 852 579 579
f 852 579 852
f 842 852 842
f 852 579 852
f 842 852 842
f 852 852 842
f 840 853 853
f 853 842 842
f 853 842 842
f 853 842 853
f 842 852 852
f 852 579 579
f 852 579 579
f 852 579 852
f 842 852 852
f 852 579 579
f 852 579 579
f 852 579 852
f 842 852 842
f 852 579 852
f 842 852 842
f 852 852 842
f 840 853 840
f 853 842 853
f 840 853 840
f 853 853 840
f 842 852 842
f 852 579 852
f 842 852 842
f 852 852 842
f 840 853 840
f 853 842 853
f 840 853 840
f 853 853 840
f 842 842 853
f 842 842 853
f 853 853 840
f 842 853 853
f 6 849 107
f 849 841 871
f 107 871 36
f 849 871 107
f 841 850 874
f 850 840 872
f 874 872 846
f 850 872 874
f 36 875 108
f 875 846 873
f 108 873 14
f 875 873 108
f 841 874 871
f 874 846 875
f 871 875 36
f 874 875 871
f 840 853 878
f 853 842 880
f 878 880 847
f 853 880 878
f 842 852 876
f 852 579 777
f 876 777 736
f 852 777 876
f 847 882 879
f 882 736 778
f 879 778 724
f 882 778 879
f 842 876 880
f 876 736 882
f 880 882 847
f 876 882 880
f 14 883 105
f 883 848 885
f 105 885 35
f 883 885 105
f 848 884 887
f 884 724 775
f 887 775 735
f 884 775 887
f 35 877 104
f 877 735 774
f 104 774 4
f 877 774 104
f 848 887 885
f 887 735 877
f 885 877 35
f 887 877 885
f 840 878 872
f 878 847 881
f 872 881 846
f 878 881 872
f 847 879 888
f 879 724 884
f 888 884 848
f 879 884 888
f 846 886 873
f 886 848 883
f 873 883 14
f 886 883 873
f 847 888 881
f 888 848 886
f 881 886 846
f 888 886 881
f 6 107 107
f 107 36 36
f 107 36 36
f 107 36 107
f 36 108 108
f 108 14 14
f 108 14 14
f 108 14 108
f 36 108 108
f 108 14 14
f 108 14 14
f 108 14 108
f 36 108 36
f 108 14 108
f 36 108 36
f 108 108 36
f 14 105 105
f 105 35 35
f 105 35 35
f 105 35 105
f 35 104 104
f 104 4 4
f 104 4 4
f 104 4 104
f 35 104 104
f 104 4 4
f 104 4 4
f 104 4 104
f 35 104 35
f 104 4 104
f 35 104 35
f 104 104 35
f 14 105 105
f 105 35 35
f 105 35 35
f 105 35 105
f 35 104 104
f 104 4 4
f 104 4 4
f 104 4 104
f 35 104 104
f 104 4 4
f 104 4 4
f 104 4 104
f 35 104 35
f 104 4 104
f 35 104 35
f 104 104 35
f 14 105 14
f 105 35 105
f 14 105 14
f 105 105 14
f 35 104 35
f 104 4 104
f 35 104 35
f 104 104 35
f 14 105 14
f 105 35 105
f 14 105 14
f 105 105 14
f 35 35 105
f 35 35 105
f 105 105 14
f 35 105 105
f 889 934 938
f 934 904 940
f 938 940 906
f 934 940 938
f 904 935 945
f 935 895 943
f 945 943 908
f 935 943 945
f 906 946 939
f 946 908 944
f 939 944 896
f 946 944 939
f 904 945 940
f 945 908 946
f 940 946 906
f 945 946 940
f 895 937 953
f 937 905 955
f 953 955 911
f 937 955 953
f 905 936 949
f 936 890 947
f 949 947 909
f 936 947 949
f 911 957 954
f 957 909 948
f 954 948 897
f 957 948 954
f 905 949 955
f 949 909 957
f 955 957 911
f 949 957 955
f 896 958 942
f 958 912 960
f 942 960 907
f 958 960 942
f 912 959 962
f 959 897 951
f 962 951 910
f 959 951 962
f 907 952 941
f 952 910 950
f 941 950 891
f 952 950 941
f 912 962 960
f 962 910 952
f 960 952 907
f 962 952 960
f 895 953 943
f 953 911 956
f 943 956 908
f 953 956 943
f 911 954 963
f 954 897 959
f 963 959 912
f 954 959 963
f 908 961 944
f 961 912 958
f 944 958 896
f 961 958 944
f 911 963 956
f 963 912 961
f 956 961 908
f 963 961 956
f 889 938 938
f 938 906 906
f 938 906 906
f 938 906 938
f 906 939 939
f 939 896 896
f 939 896 896
f 939 896 939
f 906 939 939
f 939 896 896
f 939 896 896
f 939 896 939
f 906 939 906
f 939 896 939
f 906 939 906
f 939 939 906
f 896 942 942
f 942 907 907
f 942 907 907
f 942 907 942
f 907 941 941
f 941 891 891
f 941 891 891
f 941 891 941
f 907 941 941
f 941 891 891
f 941 891 891
f 941 891 941
f 907 941 907
f 941 891 941
f 907 941 907
f 941 941 907
f 896 942 942
f 942 907 907
f 942 907 907
f 942 907 942
f 907 941 941
f 941 891 891
f 941 891 891
f 941 891 941
f 907 941 941
f 941 891 891
f 941 891 891
f 941 891 941
f 907 941 907
f 941 891 941
f 907 941 907
f 941 941 907
f 896 942 896
f 942 907 942
f 896 942 896
f 942 942 896
f 907 941 907
f 941 891 941
f 907 941 907
f 941 941 907
f 896 942 896
f 942 907 942
f 896 942 896
f 942 942 896
f 907 907 942
f 907 907 942
f 942 942 896
f 907 942 942
f 892 967 976
f 967 914 978
f 976 978 917
f 967 978 976
f 914 968 986
f 968 898 984
f 986 984 919
f 968 984 986
f 917 988 977
f 988 919 985
f 977 985 899
f 988 985 977
f 914 986 978
f 986 919 988
f 978 988 917
f 986 988 978
f 898 965 970
f 965 913 972
f 970 972 915
f 965 972 970
f 913 964 966
f 964 889 938
f 966 938 906
f 964 938 966
f 915 971 969
f 971 906 939
f 969 939 896
f 971 939 969
f 913 966 972
f 966 906 971
f 972 971 915
f 966 971 972
f 899 980 974
f 980 918 983
f 974 983 916
f 980 983 974
f 918 979 981
f 979 896 942
f 981 942 907
f 979 942 981
f 916 975 973
f 975 907 941
f 973 941 891
f 975 941 973
f 918 981 983
f 981 907 975
f 983 975 916
f 981 975 983
f 898 970 984
f 970 915 987
f 984 987 919
f 970 987 984
f 915 969 982
f 969 896 979
f 982 979 918
f 969 979 982
f 919 989 985
f 989 918 980
f 985 980 899
f 989 980 985
f 915 982 987
f 982 918 989
f 987 989 919
f 982 989 987
f 892 976 976
f 976 917 917
f 976 917 917
f 976 917 976
f 917 977 977
f 977 899 899
f 977 899 899
f 977 899 977
f 917 977 977
f 977 899 899
f 977 899 899
f 977 899 977
f 917 977 917
f 977 899 977
f 917 977 917
f 977 977 917
f 899 974 974
f 974 916 916
f 974 916 916
f 974 916 974
f 916 973 973
f 973 891 891
f 973 891 891
f 973 891 973
f 916 973 973
f 973 891 891
f 973 891 891
f 973 891 973
f 916 973 916
f 973 891 973
f 916 973 916
f 973 973 916
f 899 974 974
f 974 916 916
f 974 916 916
f 974 916 974
f 916 973 973
f 973 891 891
f 973 891 891
f 973 891 973
f 916 973 973
f 973 891 891
f 973 891 891
f 973 891 973
f 916 973 916
f 973 891 973
f 916 973 916
f 973 973 916
f 899 974 899
f 974 916 974
f 899 974 899
f 974 974 899
f 916 973 916
f 973 891 973
f 916 973 916
f 973 973 916
f 899 974 899
f 974 916 974
f 899 974 899
f 974 974 899
f 916 916 974
f 916 916 974
f 974 974 899
f 916 974 974
f 889 990 994
f 990 920 997
f 994 997 922
f 990 997 994
f 920 991 1006
f 991 900 1004
f 1006 1004 925
f 991 1004 1006
f 922 1007 995
f 1007 925 1005
f 995 1005 901
f 1007 1005 995
f 920 1006 997
f 1006 925 1007
f 997 1007 922
f 1006 1007 997
f 900 993 1031
f 993 921 1033
f 1031 1033 932
f 993 1033 1031
f 921 992 1027
f 992 893 1025
f 1027 1025 930
f 992 1025 1027
f 932 1035 1032
f 1035 930 1026
f 1032 1026 903
f 1035 1026 1032
f 921 1027 1033
f 1027 930 1035
f 1033 1035 932
f 1027 1035 1033
f 901 1036 999
f 1036 933 1038
f 999 1038 923
f 1036 1038 999
f 933 1037 1040
f 1037 903 1029
f 1040 1029 931
f 1037 1029 1040
f 923 1030 998
f 1030 931 1028
f 998 1028 894
f 1030 1028 998
f 933 1040 1038
f 1040 931 1030
f 1038 1030 923
f 1040 1030 1038
f 900 1031 1004
f 1031 932 1034
f 1004 1034 925
f 1031 1034 1004
f 932 1032 1041
f 1032 903 1037
f 1041 1037 933
f 1032 1037 1041
f 925 1039 1005
f 1039 933 1036
f 1005 1036 901
f 1039 1036 1005
f 932 1041 1034
f 1041 933 1039
f 1034 1039 925
f 1041 1039 1034
f 889 994 994
f 994 922 922
f 994 922 922
f 994 922 994
f 922 995 995
f 995 901 901
f 995 901 901
f 995 901 995
f 922 995 995
f 995 901 901
f 995 901 901
f 995 901 995
f 922 995 922
f 995 901 995
f 922 995 922
f 995 995 922
f 901 999 999
f 999 923 923
f 999 923 923
f 999 923 999
f 923 998 998
f 998 894 894
f 998 894 894
f 998 894 998
f 923 998 998
f 998 894 894
f 998 894 894
f 998 894 998
f 923 998 923
f 998 894 998
f 923 998 923
f 998 998 923
f 901 999 999
f 999 923 923
f 999 923 923
f 999 923 999
f 923 998 998
f 998 894 894
f 998 894 894
f 998 894 998
f 923 998 998
f 998 894 894
f 998 894 894
f 998 894 998
f 923 998 923
f 998 894 998
f 923 998 923
f 998 998 923
f 901 999 901
f 999 923 999
f 901 999 901
f 999 999 901
f 923 998 923
f 998 894 998
f 923 998 923
f 998 998 923
f 901 999 901
f 999 923 999
f 901 999 901
f 999 999 901
f 923 923 999
f 923 923 999
f 999 999 901
f 923 999 999
f 890 936 1008
f 936 905 1010
f 1008 1010 926
f 936 1010 1008
f 905 937 1016
f 937 895 1014
f 1016 1014 928
f 937 1014 1016
f 926 1018 1009
f 1018 928 1015
f 1009 1015 902
f 1018 1015 1009
f 905 1016 1010
f 1016 928 1018
f 1010 1018 926
f 1016 1018 1010
f 895 935 1000
f 935 904 1002
f 1000 1002 924
f 935 1002 1000
f 904 934 996
f 934 889 994
f 996 994 922
f 934 994 996
f 924 1003 1001
f 1003 922 995
f 1001 995 901
f 1003 995 1001
f 904 996 1002
f 996 922 1003
f 1002 1003 924
f 996 1003 1002
f 902 1020 1012
f 1020 929 1023
f 1012 1023 927
f 1020 1023 1012
f 929 1019 1021
f 1019 901 999
f 1021 999 923
f 1019 999 1021
f 927 1013 1011
f 1013 923 998
f 1011 998 894
f 1013 998 1011
f 929 1021 1023
f 1021 923 1013
f 1023 1013 927
f 1021 1013 1023
f 895 1000 1014
f 1000 924 1017
f 1014 1017 928
f 1000 1017 1014
f 924 1001 1022
f 1001 901 1019
f 1022 1019 929
f 1001 1019 1022
f 928 1024 1015
f 1024 929 1020
f 1015 1020 902
f 1024 1020 1015
f 924 1022 1017
f 1022 929 1024
f 1017 1024 928
f 1022 1024 1017
f 890 1008 1008
f 1008 926 926
f 1008 926 926
f 1008 926 1008
f 926 1009 1009
f 1009 902 902
f 1009 902 902
f 1009 902 1009
f 926 1009 1009
f 1009 902 902
f 1009 902 902
f 1009 902 1009
f 926 1009 926
f 1009 902 1009
f 926 1009 926
f 1009 1009 926
f 902 1012 1012
f 1012 927 927
f 1012 927 927
f 1012 927 1012
f 927 1011 1011
f 1011 894 894
f 1011 894 894
f 1011 894 1011
f 927 1011 1011
f 1011 894 894
f 1011 894 894
f 1011 894 1011
f 927 1011 927
f 1011 894 1011
f 927 1011 927
f 1011 1011 927
f 902 1012 1012
f 1012 927 927
f 1012 927 927
f 1012 927 1012
f 927 1011 1011
f 1011 894 894
f 1011 894 894
f 1011 894 1011
f 927 1011 1011
f 1011 894 894
f 1011 894 894
f 1011 894 1011
f 927 1011 927
f 1011 894 1011
f 927 1011 927
f 1011 1011 927
f 902 1012 902
f 1012 927 1012
f 902 1012 902
f 1012 1012 902
f 927 1011 927
f 1011 894 1011
f 927 1011 927
f 1011 1011 927
f 902 1012 902
f 1012 927 1012
f 902 1012 902
f 1012 1012 902
f 927 927 1012
f 927 927 1012
f 1012 1012 902
f 927 1012 1012
f 1042 1072 1076
f 1072 1051 1078
f 1076 1078 1053
f 1072 1078 1076
f 1051 1073 1083
f 1073 1045 1081
f 1083 1081 1055
f 1073 1081 1083
f 1053 1084 1077
f 1084 1055 1082
f 1077 1082 1046
f 1084 1082 1077
f 1051 1083 1078
f 1083 1055 1084
f 1078 1084 1053
f 1083 1084 1078
f 1045 1075 1091
f 1075 1052 1093
f 1091 1093 1058
f 1075 1093 1091
f 1052 1074 1087
f 1074 894 1085
f 1087 1085 1056
f 1074 1085 1087
f 1058 1095 1092
f 1095 1056 1086
f 1092 1086 1047
f 1095 1086 1092
f 1052 1087 1093
f 1087 1056 1095
f 1093 1095 1058
f 1087 1095 1093
f 1046 1096 1080
f 1096 1059 1098
f 1080 1098 1054
f 1096 1098 1080
f 1059 1097 1100
f 1097 1047 1089
f 1100 1089 1057
f 1097 1089 1100
f 1054 1090 1079
f 1090 1057 1088
f 1079 1088 1043
f 1090 1088 1079
f 1059 1100 1098
f 1100 1057 1090
f 1098 1090 1054
f 1100 1090 1098
f 1045 1091 1081
f 1091 1058 1094
f 1081 1094 1055
f 1091 1094 1081
f 1058 1092 1101
f 1092 1047 1097
f 1101 1097 1059
f 1092 1097 1101
f 1055 1099 1082
f 1099 1059 1096
f 1082 1096 1046
f 1099 1096 1082
f 1058 1101 1094
f 1101 1059 1099
f 1094 1099 1055
f 1101 1099 1094
f 1042 1076 1076
f 1076 1053 1053
f 1076 1053 1053
f 1076 1053 1076
f 1053 1077 1077
f 1077 1046 1046
f 1077 1046 1046
f 1077 1046 1077
f 1053 1077 1077
f 1077 1046 1046
f 1077 1046 1046
f 1077 1046 1077
f 1053 1077 1053
f 1077 1046 1077
f 1053 1077 1053
f 1077 1077 1053
f 1046 1080 1080
f 1080 1054 1054
f 1080 1054 1054
f 1080 1054 1080
f 1054 1079 1079
f 1079 1043 1043
f 1079 1043 1043
f 1079 1043 1079
f 1054 1079 1079
f 1079 1043 1043
f 1079 1043 1043
f 1079 1043 1079
f 1054 1079 1054
f 1079 1043 1079
f 1054 1079 1054
f 1079 1079 1054
f 1046 1080 1080
f 1080 1054 1054
f 1080 1054 1054
f 1080 1054 1080
f 1054 1079 1079
f 1079 1043 1043
f 1079 1043 1043
f 1079 1043 1079
f 1054 1079 1079
f 1079 1043 1043
f 1079 1043 1043
f 1079 1043 1079
f 1054 1079 1054
f 1079 1043 1079
f 1054 1079 1054
f 1079 1079 1054
f 1046 1080 1046
f 1080 1054 1080
f 1046 1080 1046
f 1080 1080 1046
f 1054 1079 1054
f 1079 1043 1079
f 1054 1079 1054
f 1079 1079 1054
f 1046 1080 1046
f 1080 1054 1080
f 1046 1080 1046
f 1080 1080 1046
f 1054 1054 1080
f 1054 1054 1080
f 1080 1080 1046
f 1054 1080 1080
f 893 1133 1025
f 1133 1068 1135
f 1025 1135 930
f 1133 1135 1025
f 1068 1134 1143
f 1134 1050 1140
f 1143 1140 1070
f 1134 1140 1143
f 930 1141 1026
f 1141 1070 1139
f 1026 1139 903
f 1141 1139 1026
f 1068 1143 1135
f 1143 1070 1141
f 1135 1141 930
f 1143 1141 1135
f 1050 1137 1145
f 1137 1069 1148
f 1145 1148 1071
f 1137 1148 1145
f 1069 1136 1138
f 1136 1044 1106
f 1138 1106 1061
f 1136 1106 1138
f 1071 1146 1144
f 1146 1061 1107
f 1144 1107 1048
f 1146 1107 1144
f 1069 1138 1148
f 1138 1061 1146
f 1148 1146 1071
f 1138 1146 1148
f 903 1112 1029
f 1112 1063 1114
f 1029 1114 931
f 1112 1114 1029
f 1063 1113 1115
f 1113 1048 1103
f 1115 1103 1060
f 1113 1103 1115
f 931 1105 1028
f 1105 1060 1102
f 1028 1102 894
f 1105 1102 1028
f 1063 1115 1114
f 1115 1060 1105
f 1114 1105 931
f 1115 1105 1114
f 1050 1145 1140
f 1145 1071 1149
f 1140 1149 1070
f 1145 1149 1140
f 1071 1144 1147
f 1144 1048 1113
f 1147 1113 1063
f 1144 1113 1147
f 1070 1142 1139
f 1142 1063 1112
f 1139 1112 903
f 1142 1112 1139
f 1071 1147 1149
f 1147 1063 1142
f 1149 1142 1070
f 1147 1142 1149
f 893 1025 1025
f 1025 930 930
f 1025 930 930
f 1025 930 1025
f 930 1026 1026
f 1026 903 903
f 1026 903 903
f 1026 903 1026
f 930 1026 1026
f 1026 903 903
f 1026 903 903
f 1026 903 1026
f 930 1026 930
f 1026 903 1026
f 930 1026 930
f 1026 1026 930
f 903 1029 1029
f 1029 931 931
f 1029 931 931
f 1029 931 1029
f 931 1028 1028
f 1028 894 894
f 1028 894 894
f 1028 894 1028
f 931 1028 1028
f 1028 894 894
f 1028 894 894
f 1028 894 1028
f 931 1028 931
f 1028 894 1028
f 931 1028 931
f 1028 1028 931
f 903 1029 1029
f 1029 931 931
f 1029 931 931
f 1029 931 1029
f 931 1028 1028
f 1028 894 894
f 1028 894 894
f 1028 894 1028
f 931 1028 1028
f 1028 894 894
f 1028 894 894
f 1028 894 1028
f 931 1028 931
f 1028 894 1028
f 931 1028 931
f 1028 1028 931
f 903 1029 903
f 1029 931 1029
f 903 1029 903
f 1029 1029 903
f 931 1028 931
f 1028 894 1028
f 931 1028 931
f 1028 1028 931
f 903 1029 903
f 1029 931 1029
f 903 1029 903
f 1029 1029 903
f 931 931 1029
f 931 931 1029
f 1029 1029 903
f 931 1029 1029
f 1044 1119 1106
f 1119 1065 1121
f 1106 1121 1061
f 1119 1121 1106
f 1065 1120 1131
f 1120 1049 1128
f 1131 1128 1067
f 1120 1128 1131
f 1061 1129 1107
f 1129 1067 1127
f 1107 1127 1048
f 1129 1127 1107
f 1065 1131 1121
f 1131 1067 1129
f 1121 1129 1061
f 1131 1129 1121
f 1049 1117 1123
f 1117 1064 1126
f 1123 1126 1066
f 1117 1126 1123
f 1064 1116 1118
f 1116 1043 1088
f 1118 1088 1057
f 1116 1088 1118
f 1066 1124 1122
f 1124 1057 1089
f 1122 1089 1047
f 1124 1089 1122
f 1064 1118 1126
f 1118 1057 1124
f 1126 1124 1066
f 1118 1124 1126
f 1048 1109 1103
f 1109 1062 1111
f 1103 1111 1060
f 1109 1111 1103
f 1062 1108 1110
f 1108 1047 1086
f 1110 1086 1056
f 1108 1086 1110
f 1060 1104 1102
f 1104 1056 1085
f 1102 1085 894
f 1104 1085 1102
f 1062 1110 1111
f 1110 1056 1104
f 1111 1104 1060
f 1110 1104 1111
f 1049 1123 1128
f 1123 1066 1132
f 1128 1132 1067
f 1123 1132 1128
f 1066 1122 1125
f 1122 1047 1108
f 1125 1108 1062
f 1122 1108 1125
f 1067 1130 1127
f 1130 1062 1109
f 1127 1109 1048
f 1130 1109 1127
f 1066 1125 1132
f 1125 1062 1130
f 1132 1130 1067
f 1125 1130 1132
f 1044 1106 1106
f 1106 1061 1061
f 1106 1061 1061
f 1106 1061 1106
f 1061 1107 1107
f 1107 1048 1048
f 1107 1048 1048
f 1107 1048 1107
f 1061 1107 1107
f 1107 1048 1048
f 1107 1048 1048
f 1107 1048 1107
f 1061 1107 1061
f 1107 1048 1107
f 1061 1107 1061
f 1107 1107 1061
f 1048 1103 1103
f 1103 1060 1060
f 1103 1060 1060
f 1103 1060 1103
f 1060 1102 1102
f 1102 894 894
f 1102 894 894
f 1102 894 1102
f 1060 1102 1102
f 1102 894 894
f 1102 894 894
f 1102 894 1102
f 1060 1102 1060
f 1102 894 1102
f 1060 1102 1060
f 1102 1102 1060
f 1048 1103 1103
f 1103 1060 1060
f 1103 1060 1060
f 1103 1060 1103
f 1060 1102 1102
f 1102 894 894
f 1102 894 894
f 1102 894 1102
f 1060 1102 1102
f 1102 894 894
f 1102 894 894
f 1102 894 1102
f 1060 1102 1060
f 1102 894 1102
f 1060 1102 1060
f 1102 1102 1060
f 1048 1103 1048
f 1103 1060 1103
f 1048 1103 1048
f 1103 1103 1048
f 1060 1102 1060
f 1102 894 1102
f 1060 1102 1060
f 1102 1102 1060
f 1048 1103 1048
f 1103 1060 1103
f 1048 1103 1048
f 1103 1103 1048
f 1060 1060 1103
f 1060 1060 1103
f 1103 1103 1048
f 1060 1103 1103
f 892 976 1210
f 976 917 1212
f 1210 1212 1168
f 976 1212 1210
f 917 977 1217
f 977 899 1215
f 1217 1215 1170
f 977 1215 1217
f 1168 1218 1211
f 1218 1170 1216
f 1211 1216 1156
f 1218 1216 1211
f 917 1217 1212
f 1217 1170 1218
f 1212 1218 1168
f 1217 1218 1212
f 899 974 1225
f 974 916 1227
f 1225 1227 1173
f 974 1227 1225
f 916 973 1221
f 973 891 1219
f 1221 1219 1171
f 973 1219 1221
f 1173 1229 1226
f 1229 1171 1220
f 1226 1220 1157
f 1229 1220 1226
f 916 1221 1227
f 1221 1171 1229
f 1227 1229 1173
f 1221 1229 1227
f 1156 1230 1214
f 1230 1174 1232
f 1214 1232 1169
f 1230 1232 1214
f 1174 1231 1234
f 1231 1157 1223
f 1234 1223 1172
f 1231 1223 1234
f 1169 1224 1213
f 1224 1172 1222
f 1213 1222 1150
f 1224 1222 1213
f 1174 1234 1232
f 1234 1172 1224
f 1232 1224 1169
f 1234 1224 1232
f 899 1225 1215
f 1225 1173 1228
f 1215 1228 1170
f 1225 1228 1215
f 1173 1226 1235
f 1226 1157 1231
f 1235 1231 1174
f 1226 1231 1235
f 1170 1233 1216
f 1233 1174 1230
f 1216 1230 1156
f 1233 1230 1216
f 1173 1235 1228
f 1235 1174 1233
f 1228 1233 1170
f 1235 1233 1228
f 892 1210 1210
f 1210 1168 1168
f 1210 1168 1168
f 1210 1168 1210
f 1168 1211 1211
f 1211 1156 1156
f 1211 1156 1156
f 1211 1156 1211
f 1168 1211 1211
f 1211 1156 1156
f 1211 1156 1156
f 1211 1156 1211
f 1168 1211 1168
f 1211 1156 1211
f 1168 1211 1168
f 1211 1211 1168
f 1156 1214 1214
f 1214 1169 1169
f 1214 1169 1169
f 1214 1169 1214
f 1169 1213 1213
f 1213 1150 1150
f 1213 1150 1150
f 1213 1150 1213
f 1169 1213 1213
f 1213 1150 1150
f 1213 1150 1150
f 1213 1150 1213
f 1169 1213 1169
f 1213 1150 1213
f 1169 1213 1169
f 1213 1213 1169
f 1156 1214 1214
f 1214 1169 1169
f 1214 1169 1169
f 1214 1169 1214
f 1169 1213 1213
f 1213 1150 1150
f 1213 1150 1150
f 1213 1150 1213
f 1169 1213 1213
f 1213 1150 1150
f 1213 1150 1150
f 1213 1150 1213
f 1169 1213 1169
f 1213 1150 1213
f 1169 1213 1169
f 1213 1213 1169
f 1156 1214 1156
f 1214 1169 1214
f 1156 1214 1156
f 1214 1214 1156
f 1169 1213 1169
f 1213 1150 1213
f 1169 1213 1169
f 1213 1213 1169
f 1156 1214 1156
f 1214 1169 1214
f 1156 1214 1156
f 1214 1214 1156
f 1169 1169 1214
f 1169 1169 1214
f 1214 1214 1156
f 1169 1214 1214
f 1151 1238 1249
f 1238 1176 1251
f 1249 1251 1180
f 1238 1251 1249
f 1176 1239 1257
f 1239 1158 1255
f 1257 1255 1182
f 1239 1255 1257
f 1180 1259 1250
f 1259 1182 1256
f 1250 1256 1160
f 1259 1256 1250
f 1176 1257 1251
f 1257 1182 1259
f 1251 1259 1180
f 1257 1259 1251
f 1158 1237 1245
f 1237 1175 1247
f 1245 1247 1179
f 1237 1247 1245
f 1175 1236 1242
f 1236 1150 1240
f 1242 1240 1177
f 1236 1240 1242
f 1179 1248 1246
f 1248 1177 1241
f 1246 1241 1159
f 1248 1241 1246
f 1175 1242 1247
f 1242 1177 1248
f 1247 1248 1179
f 1242 1248 1247
f 1160 1261 1253
f 1261 1183 1264
f 1253 1264 1181
f 1261 1264 1253
f 1183 1260 1262
f 1260 1159 1244
f 1262 1244 1178
f 1260 1244 1262
f 1181 1254 1252
f 1254 1178 1243
f 1252 1243 1152
f 1254 1243 1252
f 1183 1262 1264
f 1262 1178 1254
f 1264 1254 1181
f 1262 1254 1264
f 1158 1245 1255
f 1245 1179 1258
f 1255 1258 1182
f 1245 1258 1255
f 1179 1246 1263
f 1246 1159 1260
f 1263 1260 1183
f 1246 1260 1263
f 1182 1265 1256
f 1265 1183 1261
f 1256 1261 1160
f 1265 1261 1256
f 1179 1263 1258
f 1263 1183 1265
f 1258 1265 1182
f 1263 1265 1258
f 1151 1249 1249
f 1249 1180 1180
f 1249 1180 1180
f 1249 1180 1249
f 1180 1250 1250
f 1250 1160 1160
f 1250 1160 1160
f 1250 1160 1250
f 1180 1250 1250
f 1250 1160 1160
f 1250 1160 1160
f 1250 1160 1250
f 1180 1250 1180
f 1250 1160 1250
f 1180 1250 1180
f 1250 1250 1180
f 1160 1253 1253
f 1253 1181 1181
f 1253 1181 1181
f 1253 1181 1253
f 1181 1252 1252
f 1252 1152 1152
f 1252 1152 1152
f 1252 1152 1252
f 1181 1252 1252
f 1252 1152 1152
f 1252 1152 1152
f 1252 1152 1252
f 1181 1252 1181
f 1252 1152 1252
f 1181 1252 1181
f 1252 1252 1181
f 1160 1253 1253
f 1253 1181 1181
f 1253 1181 1181
f 1253 1181 1253
f 1181 1252 1252
f 1252 1152 1152
f 1252 1152 1152
f 1252 1152 1252
f 1181 1252 1252
f 1252 1152 1152
f 1252 1152 1152
f 1252 1152 1252
f 1181 1252 1181
f 1252 1152 1252
f 1181 1252 1181
f 1252 1252 1181
f 1160 1253 1160
f 1253 1181 1253
f 1160 1253 1160
f 1253 1253 1160
f 1181 1252 1181
f 1252 1152 1252
f 1181 1252 1181
f 1252 1252 1181
f 1160 1253 1160
f 1253 1181 1253
f 1160 1253 1160
f 1253 1253 1160
f 1181 1181 1253
f 1181 1181 1253
f 1253 1253 1160
f 1181 1253 1253
f 1153 1278 1301
f 1278 1188 1303
f 1301 1303 1194
f 1278 1303 1301
f 1188 1279 1309
f 1279 1162 1307
f 1309 1307 1196
f 1279 1307 1309
f 1194 1311 1302
f 1311 1196 1308
f 1302 1308 1164
f 1311 1308 1302
f 1188 1309 1303
f 1309 1196 1311
f 1303 1311 1194
f 1309 1311 1303
f 1162 1276 1297
f 1276 1187 1299
f 1297 1299 1193
f 1276 1299 1297
f 1187 1275 1294
f 1275 1150 1292
f 1294 1292 1191
f 1275 1292 1294
f 1193 1300 1298
f 1300 1191 1293
f 1298 1293 1163
f 1300 1293 1298
f 1187 1294 1299
f 1294 1191 1300
f 1299 1300 1193
f 1294 1300 1299
f 1164 1313 1305
f 1313 1197 1316
f 1305 1316 1195
f 1313 1316 1305
f 1197 1312 1314
f 1312 1163 1296
f 1314 1296 1192
f 1312 1296 1314
f 1195 1306 1304
f 1306 1192 1295
f 1304 1295 1154
f 1306 1295 1304
f 1197 1314 1316
f 1314 1192 1306
f 1316 1306 1195
f 1314 1306 1316
f 1162 1297 1307
f 1297 1193 1310
f 1307 1310 1196
f 1297 1310 1307
f 1193 1298 1315
f 1298 1163 1312
f 1315 1312 1197
f 1298 1312 1315
f 1196 1317 1308
f 1317 1197 1313
f 1308 1313 1164
f 1317 1313 1308
f 1193 1315 1310
f 1315 1197 1317
f 1310 1317 1196
f 1315 1317 1310
f 1153 1301 1301
f 1301 1194 1194
f 1301 1194 1194
f 1301 1194 1301
f 1194 1302 1302
f 1302 1164 1164
f 1302 1164 1164
f 1302 1164 1302
f 1194 1302 1302
f 1302 1164 1164
f 1302 1164 1164
f 1302 1164 1302
f 1194 1302 1194
f 1302 1164 1302
f 1194 1302 1194
f 1302 1302 1194
f 1164 1305 1305
f 1305 1195 1195
f 1305 1195 1195
f 1305 1195 1305
f 1195 1304 1304
f 1304 1154 1154
f 1304 1154 1154
f 1304 1154 1304
f 1195 1304 1304
f 1304 1154 1154
f 1304 1154 1154
f 1304 1154 1304
f 1195 1304 1195
f 1304 1154 1304
f 1195 1304 1195
f 1304 1304 1195
f 1164 1305 1305
f 1305 1195 1195
f 1305 1195 1195
f 1305 1195 1305
f 1195 1304 1304
f 1304 1154 1154
f 1304 1154 1154
f 1304 1154 1304
f 1195 1304 1304
f 1304 1154 1154
f 1304 1154 1154
f 1304 1154 1304
f 1195 1304 1195
f 1304 1154 1304
f 1195 1304 1195
f 1304 1304 1195
f 1164 1305 1164
f 1305 1195 1305
f 1164 1305 1164
f 1305 1305 1164
f 1195 1304 1195
f 1304 1154 1304
f 1195 1304 1195
f 1304 1304 1195
f 1164 1305 1164
f 1305 1195 1305
f 1164 1305 1164
f 1305 1305 1164
f 1195 1195 1305
f 1195 1195 1305
f 1305 1305 1164
f 1195 1305 1305
f 1150 1275 1213
f 1275 1187 1277
f 1213 1277 1169
f 1275 1277 1213
f 1187 1276 1285
f 1276 1162 1282
f 1285 1282 1189
f 1276 1282 1285
f 1169 1283 1214
f 1283 1189 1281
f 1214 1281 1156
f 1283 1281 1214
f 1187 1285 1277
f 1285 1189 1283
f 1277 1283 1169
f 1285 1283 1277
f 1162 1279 1287
f 1279 1188 1290
f 1287 1290 1190
f 1279 1290 1287
f 1188 1278 1280
f 1278 1153 1269
f 1280 1269 1185
f 1278 1269 1280
f 1190 1288 1286
f 1288 1185 1270
f 1286 1270 1161
f 1288 1270 1286
f 1188 1280 1290
f 1280 1185 1288
f 1290 1288 1190
f 1280 1288 1290
f 1156 1271 1211
f 1271 1186 1273
f 1211 1273 1168
f 1271 1273 1211
f 1186 1272 1274
f 1272 1161 1267
f 1274 1267 1184
f 1272 1267 1274
f 1168 1268 1210
f 1268 1184 1266
f 1210 1266 892
f 1268 1266 1210
f 1186 1274 1273
f 1274 1184 1268
f 1273 1268 1168
f 1274 1268 1273
f 1162 1287 1282
f 1287 1190 1291
f 1282 1291 1189
f 1287 1291 1282
f 1190 1286 1289
f 1286 1161 1272
f 1289 1272 1186
f 1286 1272 1289
f 1189 1284 1281
f 1284 1186 1271
f 1281 1271 1156
f 1284 1271 1281
f 1190 1289 1291
f 1289 1186 1284
f 1291 1284 1189
f 1289 1284 1291
f 1150 1213 1213
f 1213 1169 1169
f 1213 1169 1169
f 1213 1169 1213
f 1169 1214 1214
f 1214 1156 1156
f 1214 1156 1156
f 1214 1156 1214
f 1169 1214 1214
f 1214 1156 1156
f 1214 1156 1156
f 1214 1156 1214
f 1169 1214 1169
f 1214 1156 1214
f 1169 1214 1169
f 1214 1214 1169
f 1156 1211 1211
f 1211 1168 1168
f 1211 1168 1168
f 1211 1168 1211
f 1168 1210 1210
f 1210 892 892
f 1210 892 892
f 1210 892 1210
f 1168 1210 1210
f 1210 892 892
f 1210 892 892
f 1210 892 1210
f 1168 1210 1168
f 1210 892 1210
f 1168 1210 1168
f 1210 1210 1168
f 1156 1211 1211
f 1211 1168 1168
f 1211 1168 1168
f 1211 1168 1211
f 1168 1210 1210
f 1210 892 892
f 1210 892 892
f 1210 892 1210
f 1168 1210 1210
f 1210 892 892
f 1210 892 892
f 1210 892 1210
f 1168 1210 1168
f 1210 892 1210
f 1168 1210 1168
f 1210 1210 1168
f 1156 1211 1156
f 1211 1168 1211
f 1156 1211 1156
f 1211 1211 1156
f 1168 1210 1168
f 1210 892 1210
f 1168 1210 1168
f 1210 1210 1168
f 1156 1211 1156
f 1211 1168 1211
f 1156 1211 1156
f 1211 1211 1156
f 1168 1168 1211
f 1168 1168 1211
f 1211 1211 1156
f 1168 1211 1211
f 1151 1332 1238
f 1332 1202 1334
f 1238 1334 1176
f 1332 1334 1238
f 1202 1333 1342
f 1333 1166 1339
f 1342 1339 1204
f 1333 1339 1342
f 1176 1340 1239
f 1340 1204 1338
f 1239 1338 1158
f 1340 1338 1239
f 1202 1342 1334
f 1342 1204 1340
f 1334 1340 1176
f 1342 1340 1334
f 1166 1336 1344
f 1336 1203 1347
f 1344 1347 1205
f 1336 1347 1344
f 1203 1335 1337
f 1335 1155 1322
f 1337 1322 1199
f 1335 1322 1337
f 1205 1345 1343
f 1345 1199 1323
f 1343 1323 1165
f 1345 1323 1343
f 1203 1337 1347
f 1337 1199 1345
f 1347 1345 1205
f 1337 1345 1347
f 1158 1324 1237
f 1324 1200 1326
f 1237 1326 1175
f 1324 1326 1237
f 1200 1325 1327
f 1325 1165 1319
f 1327 1319 1198
f 1325 1319 1327
f 1175 1320 1236
f 1320 1198 1318
f 1236 1318 1150
f 1320 1318 1236
f 1200 1327 1326
f 1327 1198 1320
f 1326 1320 1175
f 1327 1320 1326
f 1166 1344 1339
f 1344 1205 1348
f 1339 1348 1204
f 1344 1348 1339
f 1205 1343 1346
f 1343 1165 1325
f 1346 1325 1200
f 1343 1325 1346
f 1204 1341 1338
f 1341 1200 1324
f 1338 1324 1158
f 1341 1324 1338
f 1205 1346 1348
f 1346 1200 1341
f 1348 1341 1204
f 1346 1341 1348
f 1151 1238 1238
f 1238 1176 1176
f 1238 1176 1176
f 1238 1176 1238
f 1176 1239 1239
f 1239 1158 1158
f 1239 1158 1158
f 1239 1158 1239
f 1176 1239 1239
f 1239 1158 1158
f 1239 1158 1158
f 1239 1158 1239
f 1176 1239 1176
f 1239 1158 1239
f 1176 1239 1176
f 1239 1239 1176
f 1158 1237 1237
f 1237 1175 1175
f 1237 1175 1175
f 1237 1175 1237
f 1175 1236 1236
f 1236 1150 1150
f 1236 1150 1150
f 1236 1150 1236
f 1175 1236 1236
f 1236 1150 1150
f 1236 1150 1150
f 1236 1150 1236
f 1175 1236 1175
f 1236 1150 1236
f 1175 1236 1175
f 1236 1236 1175
f 1158 1237 1237
f 1237 1175 1175
f 1237 1175 1175
f 1237 1175 1237
f 1175 1236 1236
f 1236 1150 1150
f 1236 1150 1150
f 1236 1150 1236
f 1175 1236 1236
f 1236 1150 1150
f 1236 1150 1150
f 1236 1150 1236
f 1175 1236 1175
f 1236 1150 1236
f 1175 1236 1175
f 1236 1236 1175
f 1158 1237 1158
f 1237 1175 1237
f 1158 1237 1158
f 1237 1237 1158
f 1175 1236 1175
f 1236 1150 1236
f 1175 1236 1175
f 1236 1236 1175
f 1158 1237 1158
f 1237 1175 1237
f 1158 1237 1158
f 1237 1237 1158
f 1175 1175 1237
f 1175 1175 1237
f 1237 1237 1158
f 1175 1237 1237
f 1150 1318 1292
f 1318 1198 1321
f 1292 1321 1191
f 1318 1321 1292
f 1198 1319 1331
f 1319 1165 1329
f 1331 1329 1201
f 1319 1329 1331
f 1191 1330 1293
f 1330 1201 1328
f 1293 1328 1163
f 1330 1328 1293
f 1198 1331 1321
f 1331 1201 1330
f 1321 1330 1191
f 1331 1330 1321
f 1165 1323 1360
f 1323 1199 1362
f 1360 1362 1209
f 1323 1362 1360
f 1199 1322 1354
f 1322 1155 1352
f 1354 1352 1207
f 1322 1352 1354
f 1209 1364 1361
f 1364 1207 1353
f 1361 1353 1167
f 1364 1353 1361
f 1199 1354 1362
f 1354 1207 1364
f 1362 1364 1209
f 1354 1364 1362
f 1163 1355 1296
f 1355 1208 1357
f 1296 1357 1192
f 1355 1357 1296
f 1208 1356 1359
f 1356 1167 1350
f 1359 1350 1206
f 1356 1350 1359
f 1192 1351 1295
f 1351 1206 1349
f 1295 1349 1154
f 1351 1349 1295
f 1208 1359 1357
f 1359 1206 1351
f 1357 1351 1192
f 1359 1351 1357
f 1165 1360 1329
f 1360 1209 1363
f 1329 1363 1201
f 1360 1363 1329
f 1209 1361 1365
f 1361 1167 1356
f 1365 1356 1208
f 1361 1356 1365
f 1201 1358 1328
f 1358 1208 1355
f 1328 1355 1163
f 1358 1355 1328
f 1209 1365 1363
f 1365 1208 1358
f 1363 1358 1201
f 1365 1358 1363
f 1150 1292 1292
f 1292 1191 1191
f 1292 1191 1191
f 1292 1191 1292
f 1191 1293 1293
f 1293 1163 1163
f 1293 1163 1163
f 1293 1163 1293
f 1191 1293 1293
f 1293 1163 1163
f 1293 1163 1163
f 1293 1163 1293
f 1191 1293 1191
f 1293 1163 1293
f 1191 1293 1191
f 1293 1293 1191
f 1163 1296 1296
f 1296 1192 1192
f 1296 1192 1192
f 1296 1192 1296
f 1192 1295 1295
f 1295 1154 1154
f 1295 1154 1154
f 1295 1154 1295
f 1192 1295 1295
f 1295 1154 1154
f 1295 1154 1154
f 1295 1154 1295
f 1192 1295 1192
f 1295 1154 1295
f 1192 1295 1192
f 1295 1295 1192
f 1163 1296 1296
f 1296 1192 1192
f 1296 1192 1192
f 1296 1192 1296
f 1192 1295 1295
f 1295 1154 1154
f 1295 1154 1154
f 1295 1154 1295
f 1192 1295 1295
f 1295 1154 1154
f 1295 1154 1154
f 1295 1154 1295
f 1192 1295 1192
f 1295 1154 1295
f 1192 1295 1192
f 1295 1295 1192
f 1163 1296 1163
f 1296 1192 1296
f 1163 1296 1163
f 1296 1296 1163
f 1192 1295 1192
f 1295 1154 1295
f 1192 1295 1192
f 1295 1295 1192
f 1163 1296 1163
f 1296 1192 1296
f 1163 1296 1163
f 1296 1296 1163
f 1192 1192 1296
f 1192 1192 1296
f 1296 1296 1163
f 1192 1296 1296
f 1366 1406 1410
f 1406 1378 1412
f 1410 1412 1380
f 1406 1412 1410
f 1378 1407 1417
f 1407 1370 1415
f 1417 1415 1382
f 1407 1415 1417
f 1380 1418 1411
f 1418 1382 1416
f 1411 1416 1371
f 1418 1416 1411
f 1378 1417 1412
f 1417 1382 1418
f 1412 1418 1380
f 1417 1418 1412
f 1370 1409 1425
f 1409 1379 1427
f 1425 1427 1385
f 1409 1427 1425
f 1379 1408 1421
f 1408 1367 1419
f 1421 1419 1383
f 1408 1419 1421
f 1385 1429 1426
f 1429 1383 1420
f 1426 1420 1372
f 1429 1420 1426
f 1379 1421 1427
f 1421 1383 1429
f 1427 1429 1385
f 1421 1429 1427
f 1371 1430 1414
f 1430 1386 1432
f 1414 1432 1381
f 1430 1432 1414
f 1386 1431 1434
f 1431 1372 1423
f 1434 1423 1384
f 1431 1423 1434
f 1381 1424 1413
f 1424 1384 1422
f 1413 1422 1368
f 1424 1422 1413
f 1386 1434 1432
f 1434 1384 1424
f 1432 1424 1381
f 1434 1424 1432
f 1370 1425 1415
f 1425 1385 1428
f 1415 1428 1382
f 1425 1428 1415
f 1385 1426 1435
f 1426 1372 1431
f 1435 1431 1386
f 1426 1431 1435
f 1382 1433 1416
f 1433 1386 1430
f 1416 1430 1371
f 1433 1430 1416
f 1385 1435 1428
f 1435 1386 1433
f 1428 1433 1382
f 1435 1433 1428
f 1366 1410 1410
f 1410 1380 1380
f 1410 1380 1380
f 1410 1380 1410
f 1380 1411 1411
f 1411 1371 1371
f 1411 1371 1371
f 1411 1371 1411
f 1380 1411 1411
f 1411 1371 1371
f 1411 1371 1371
f 1411 1371 1411
f 1380 1411 1380
f 1411 1371 1411
f 1380 1411 1380
f 1411 1411 1380
f 1371 1414 1414
f 1414 1381 1381
f 1414 1381 1381
f 1414 1381 1414
f 1381 1413 1413
f 1413 1368 1368
f 1413 1368 1368
f 1413 1368 1413
f 1381 1413 1413
f 1413 1368 1368
f 1413 1368 1368
f 1413 1368 1413
f 1381 1413 1381
f 1413 1368 1413
f 1381 1413 1381
f 1413 1413 1381
f 1371 1414 1414
f 1414 1381 1381
f 1414 1381 1381
f 1414 1381 1414
f 1381 1413 1413
f 1413 1368 1368
f 1413 1368 1368
f 1413 1368 1413
f 1381 1413 1413
f 1413 1368 1368
f 1413 1368 1368
f 1413 1368 1413
f 1381 1413 1381
f 1413 1368 1413
f 1381 1413 1381
f 1413 1413 1381
f 1371 1414 1371
f 1414 1381 1414
f 1371 1414 1371
f 1414 1414 1371
f 1381 1413 1381
f 1413 1368 1413
f 1381 1413 1381
f 1413 1413 1381
f 1371 1414 1371
f 1414 1381 1414
f 1371 1414 1371
f 1414 1414 1371
f 1381 1381 1414
f 1381 1381 1414
f 1414 1414 1371
f 1381 1414 1414
f 1366 1436 1406
f 1436 1387 1438
f 1406 1438 1378
f 1436 1438 1406
f 1387 1437 1444
f 1437 1373 1442
f 1444 1442 1389
f 1437 1442 1444
f 1378 1443 1407
f 1443 1389 1441
f 1407 1441 1370
f 1443 1441 1407
f 1387 1444 1438
f 1444 1389 1443
f 1438 1443 1378
f 1444 1443 1438
f 1373 1440 1456
f 1440 1388 1458
f 1456 1458 1393
f 1440 1458 1456
f 1388 1439 1450
f 1439 1043 1448
f 1450 1448 1391
f 1439 1448 1450
f 1393 1460 1457
f 1460 1391 1449
f 1457 1449 1374
f 1460 1449 1457
f 1388 1450 1458
f 1450 1391 1460
f 1458 1460 1393
f 1450 1460 1458
f 1370 1451 1409
f 1451 1392 1453
f 1409 1453 1379
f 1451 1453 1409
f 1392 1452 1455
f 1452 1374 1446
f 1455 1446 1390
f 1452 1446 1455
f 1379 1447 1408
f 1447 1390 1445
f 1408 1445 1367
f 1447 1445 1408
f 1392 1455 1453
f 1455 1390 1447
f 1453 1447 1379
f 1455 1447 1453
f 1373 1456 1442
f 1456 1393 1459
f 1442 1459 1389
f 1456 1459 1442
f 1393 1457 1461
f 1457 1374 1452
f 1461 1452 1392
f 1457 1452 1461
f 1389 1454 1441
f 1454 1392 1451
f 1441 1451 1370
f 1454 1451 1441
f 1393 1461 1459
f 1461 1392 1454
f 1459 1454 1389
f 1461 1454 1459
f 1366 1406 1406
f 1406 1378 1378
f 1406 1378 1378
f 1406 1378 1406
f 1378 1407 1407
f 1407 1370 1370
f 1407 1370 1370
f 1407 1370 1407
f 1378 1407 1407
f 1407 1370 1370
f 1407 1370 1370
f 1407 1370 1407
f 1378 1407 1378
f 1407 1370 1407
f 1378 1407 1378
f 1407 1407 1378
f 1370 1409 1409
f 1409 1379 1379
f 1409 1379 1379
f 1409 1379 1409
f 1379 1408 1408
f 1408 1367 1367
f 1408 1367 1367
f 1408 1367 1408
f 1379 1408 1408
f 1408 1367 1367
f 1408 1367 1367
f 1408 1367 1408
f 1379 1408 1379
f 1408 1367 1408
f 1379 1408 1379
f 1408 1408 1379
f 1370 1409 1409
f 1409 1379 1379
f 1409 1379 1379
f 1409 1379 1409
f 1379 1408 1408
f 1408 1367 1367
f 1408 1367 1367
f 1408 1367 1408
f 1379 1408 1408
f 1408 1367 1367
f 1408 1367 1367
f 1408 1367 1408
f 1379 1408 1379
f 1408 1367 1408
f 1379 1408 1379
f 1408 1408 1379
f 1370 1409 1370
f 1409 1379 1409
f 1370 1409 1370
f 1409 1409 1370
f 1379 1408 1379
f 1408 1367 1408
f 1379 1408 1379
f 1408 1408 1379
f 1370 1409 1370
f 1409 1379 1409
f 1370 1409 1370
f 1409 1409 1370
f 1379 1379 1409
f 1379 1379 1409
f 1409 1409 1370
f 1379 1409 1409
f 1366 1410 1462
f 1410 1380 1464
f 1462 1464 1394
f 1410 1464 1462
f 1380 1411 1469
f 1411 1371 1467
f 1469 1467 1396
f 1411 1467 1469
f 1394 1470 1463
f 1470 1396 1468
f 1463 1468 1375
f 1470 1468 1463
f 1380 1469 1464
f 1469 1396 1470
f 1464 1470 1394
f 1469 1470 1464
f 1371 1414 1477
f 1414 1381 1479
f 1477 1479 1399
f 1414 1479 1477
f 1381 1413 1473
f 1413 1368 1471
f 1473 1471 1397
f 1413 1471 1473
f 1399 1481 1478
f 1481 1397 1472
f 1478 1472 1376
f 1481 1472 1478
f 1381 1473 1479
f 1473 1397 1481
f 1479 1481 1399
f 1473 1481 1479
f 1375 1482 1466
f 1482 1400 1484
f 1466 1484 1395
f 1482 1484 1466
f 1400 1483 1486
f 1483 1376 1475
f 1486 1475 1398
f 1483 1475 1486
f 1395 1476 1465
f 1476 1398 1474
f 1465 1474 1369
f 1476 1474 1465
f 1400 1486 1484
f 1486 1398 1476
f 1484 1476 1395
f 1486 1476 1484
f 1371 1477 1467
f 1477 1399 1480
f 1467 1480 1396
f 1477 1480 1467
f 1399 1478 1487
f 1478 1376 1483
f 1487 1483 1400
f 1478 1483 1487
f 1396 1485 1468
f 1485 1400 1482
f 1468 1482 1375
f 1485 1482 1468
f 1399 1487 1480
f 1487 1400 1485
f 1480 1485 1396
f 1487 1485 1480
f 1366 1462 1462
f 1462 1394 1394
f 1462 1394 1394
f 1462 1394 1462
f 1394 1463 1463
f 1463 1375 1375
f 1463 1375 1375
f 1463 1375 1463
f 1394 1463 1463
f 1463 1375 1375
f 1463 1375 1375
f 1463 1375 1463
f 1394 1463 1394
f 1463 1375 1463
f 1394 1463 1394
f 1463 1463 1394
f 1375 1466 1466
f 1466 1395 1395
f 1466 1395 1395
f 1466 1395 1466
f 1395 1465 1465
f 1465 1369 1369
f 1465 1369 1369
f 1465 1369 1465
f 1395 1465 1465
f 1465 1369 1369
f 1465 1369 1369
f 1465 1369 1465
f 1395 1465 1395
f 1465 1369 1465
f 1395 1465 1395
f 1465 1465 1395
f 1375 1466 1466
f 1466 1395 1395
f 1466 1395 1395
f 1466 1395 1466
f 1395 1465 1465
f 1465 1369 1369
f 1465 1369 1369
f 1465 1369 1465
f 1395 1465 1465
f 1465 1369 1369
f 1465 1369 1369
f 1465 1369 1465
f 1395 1465 1395
f 1465 1369 1465
f 1395 1465 1395
f 1465 1465 1395
f 1375 1466 1375
f 1466 1395 1466
f 1375 1466 1375
f 1466 1466 1375
f 1395 1465 1395
f 1465 1369 1465
f 1395 1465 1395
f 1465 1465 1395
f 1375 1466 1375
f 1466 1395 1466
f 1375 1466 1375
f 1466 1466 1375
f 1395 1395 1466
f 1395 1395 1466
f 1466 1466 1375
f 1395 1466 1466
f 1366 1488 1436
f 1488 1401 1490
f 1436 1490 1387
f 1488 1490 1436
f 1401 1489 1496
f 1489 1377 1494
f 1496 1494 1403
f 1489 1494 1496
f 1387 1495 1437
f 1495 1403 1493
f 1437 1493 1373
f 1495 1493 1437
f 1401 1496 1490
f 1496 1403 1495
f 1490 1495 1387
f 1496 1495 1490
f 1377 1492 1504
f 1492 1402 1506
f 1504 1506 1405
f 1492 1506 1504
f 1402 1491 1498
f 1491 1042 1076
f 1498 1076 1053
f 1491 1076 1498
f 1405 1508 1505
f 1508 1053 1077
f 1505 1077 1046
f 1508 1077 1505
f 1402 1498 1506
f 1498 1053 1508
f 1506 1508 1405
f 1498 1508 1506
f 1373 1499 1440
f 1499 1404 1501
f 1440 1501 1388
f 1499 1501 1440
f 1404 1500 1503
f 1500 1046 1080
f 1503 1080 1054
f 1500 1080 1503
f 1388 1497 1439
f 1497 1054 1079
f 1439 1079 1043
f 1497 1079 1439
f 1404 1503 1501
f 1503 1054 1497
f 1501 1497 1388
f 1503 1497 1501
f 1377 1504 1494
f 1504 1405 1507
f 1494 1507 1403
f 1504 1507 1494
f 1405 1505 1509
f 1505 1046 1500
f 1509 1500 1404
f 1505 1500 1509
f 1403 1502 1493
f 1502 1404 1499
f 1493 1499 1373
f 1502 1499 1493
f 1405 1509 1507
f 1509 1404 1502
f 1507 1502 1403
f 1509 1502 1507
f 1366 1436 1436
f 1436 1387 1387
f 1436 1387 1387
f 1436 1387 1436
f 1387 1437 1437
f 1437 1373 1373
f 1437 1373 1373
f 1437 1373 1437
f 1387 1437 1437
f 1437 1373 1373
f 1437 1373 1373
f 1437 1373 1437
f 1387 1437 1387
f 1437 1373 1437
f 1387 1437 1387
f 1437 1437 1387
f 1373 1440 1440
f 1440 1388 1388
f 1440 1388 1388
f 1440 1388 1440
f 1388 1439 1439
f 1439 1043 1043
f 1439 1043 1043
f 1439 1043 1439
f 1388 1439 1439
f 1439 1043 1043
f 1439 1043 1043
f 1439 1043 1439
f 1388 1439 1388
f 1439 1043 1439
f 1388 1439 1388
f 1439 1439 1388
f 1373 1440 1440
f 1440 1388 1388
f 1440 1388 1388
f 1440 1388 1440
f 1388 1439 1439
f 1439 1043 1043
f 1439 1043 1043
f 1439 1043 1439
f 1388 1439 1439
f 1439 1043 1043
f 1439 1043 1043
f 1439 1043 1439
f 1388 1439 1388
f 1439 1043 1439
f 1388 1439 1388
f 1439 1439 1388
f 1373 1440 1373
f 1440 1388 1440
f 1373 1440 1373
f 1440 1440 1373
f 1388 1439 1388
f 1439 1043 1439
f 1388 1439 1388
f 1439 1439 1388
f 1373 1440 1373
f 1440 1388 1440
f 1373 1440 1373
f 1440 1440 1373
f 1388 1388 1440
f 1388 1388 1440
f 1440 1440 1373
f 1388 1440 1440
f 894 1534 1011
f 1534 1514 1538
f 1011 1538 927
f 1534 1538 1011
f 1514 1535 1541
f 1535 1510 1539
f 1541 1539 1516
f 1535 1539 1541
f 927 1542 1012
f 1542 1516 1540
f 1012 1540 902
f 1542 1540 1012
f 1514 1541 1538
f 1541 1516 1542
f 1538 1542 927
f 1541 1542 1538
f 1510 1537 1545
f 1537 1515 1547
f 1545 1547 1517
f 1537 1547 1545
f 1515 1536 1543
f 1536 891 950
f 1543 950 910
f 1536 950 1543
f 1517 1549 1546
f 1549 910 951
f 1546 951 897
f 1549 951 1546
f 1515 1543 1547
f 1543 910 1549
f 1547 1549 1517
f 1543 1549 1547
f 902 1550 1009
f 1550 1518 1552
f 1009 1552 926
f 1550 1552 1009
f 1518 1551 1554
f 1551 897 948
f 1554 948 909
f 1551 948 1554
f 926 1544 1008
f 1544 909 947
f 1008 947 890
f 1544 947 1008
f 1518 1554 1552
f 1554 909 1544
f 1552 1544 926
f 1554 1544 1552
f 1510 1545 1539
f 1545 1517 1548
f 1539 1548 1516
f 1545 1548 1539
f 1517 1546 1555
f 1546 897 1551
f 1555 1551 1518
f 1546 1551 1555
f 1516 1553 1540
f 1553 1518 1550
f 1540 1550 902
f 1553 1550 1540
f 1517 1555 1548
f 1555 1518 1553
f 1548 1553 1516
f 1555 1553 1548
f 894 1011 1011
f 1011 927 927
f 1011 927 927
f 1011 927 1011
f 927 1012 1012
f 1012 902 902
f 1012 902 902
f 1012 902 1012
f 927 1012 1012
f 1012 902 902
f 1012 902 902
f 1012 902 1012
f 927 1012 927
f 1012 902 1012
f 927 1012 927
f 1012 1012 927
f 902 1009 1009
f 1009 926 926
f 1009 926 926
f 1009 926 1009
f 926 1008 1008
f 1008 890 890
f 1008 890 890
f 1008 890 1008
f 926 1008 1008
f 1008 890 890
f 1008 890 890
f 1008 890 1008
f 926 1008 926
f 1008 890 1008
f 926 1008 926
f 1008 1008 926
f 902 1009 1009
f 1009 926 926
f 1009 926 926
f 1009 926 1009
f 926 1008 1008
f 1008 890 890
f 1008 890 890
f 1008 890 1008
f 926 1008 1008
f 1008 890 890
f 1008 890 890
f 1008 890 1008
f 926 1008 926
f 1008 890 1008
f 926 1008 926
f 1008 1008 926
f 902 1009 902
f 1009 926 1009
f 902 1009 902
f 1009 1009 902
f 926 1008 926
f 1008 890 1008
f 926 1008 926
f 1008 1008 926
f 902 1009 902
f 1009 926 1009
f 902 1009 902
f 1009 1009 902
f 926 926 1009
f 926 926 1009
f 1009 1009 902
f 926 1009 1009
f 1366 1565 1558
f 1565 1522 1567
f 1558 1567 1520
f 1565 1567 1558
f 1522 1566 1575
f 1566 1512 1572
f 1575 1572 1524
f 1566 1572 1575
f 1520 1573 1559
f 1573 1524 1571
f 1559 1571 1511
f 1573 1571 1559
f 1522 1575 1567
f 1575 1524 1573
f 1567 1573 1520
f 1575 1573 1567
f 1512 1569 1577
f 1569 1523 1580
f 1577 1580 1525
f 1569 1580 1577
f 1523 1568 1570
f 1568 1150 1222
f 1570 1222 1172
f 1568 1222 1570
f 1525 1578 1576
f 1578 1172 1223
f 1576 1223 1157
f 1578 1223 1576
f 1523 1570 1580
f 1570 1172 1578
f 1580 1578 1525
f 1570 1578 1580
f 1511 1561 1557
f 1561 1521 1563
f 1557 1563 1519
f 1561 1563 1557
f 1521 1562 1564
f 1562 1157 1220
f 1564 1220 1171
f 1562 1220 1564
f 1519 1560 1556
f 1560 1171 1219
f 1556 1219 891
f 1560 1219 1556
f 1521 1564 1563
f 1564 1171 1560
f 1563 1560 1519
f 1564 1560 1563
f 1512 1577 1572
f 1577 1525 1581
f 1572 1581 1524
f 1577 1581 1572
f 1525 1576 1579
f 1576 1157 1562
f 1579 1562 1521
f 1576 1562 1579
f 1524 1574 1571
f 1574 1521 1561
f 1571 1561 1511
f 1574 1561 1571
f 1525 1579 1581
f 1579 1521 1574
f 1581 1574 1524
f 1579 1574 1581
f 1366 1558 1558
f 1558 1520 1520
f 1558 1520 1520
f 1558 1520 1558
f 1520 1559 1559
f 1559 1511 1511
f 1559 1511 1511
f 1559 1511 1559
f 1520 1559 1559
f 1559 1511 1511
f 1559 1511 1511
f 1559 1511 1559
f 1520 1559 1520
f 1559 1511 1559
f 1520 1559 1520
f 1559 1559 1520
f 1511 1557 1557
f 1557 1519 1519
f 1557 1519 1519
f 1557 1519 1557
f 1519 1556 1556
f 1556 891 891
f 1556 891 891
f 1556 891 1556
f 1519 1556 1556
f 1556 891 891
f 1556 891 891
f 1556 891 1556
f 1519 1556 1519
f 1556 891 1556
f 1519 1556 1519
f 1556 1556 1519
f 1511 1557 1557
f 1557 1519 1519
f 1557 1519 1519
f 1557 1519 1557
f 1519 1556 1556
f 1556 891 891
f 1556 891 891
f 1556 891 1556
f 1519 1556 1556
f 1556 891 891
f 1556 891 891
f 1556 891 1556
f 1519 1556 1519
f 1556 891 1556
f 1519 1556 1519
f 1556 1556 1519
f 1511 1557 1511
f 1557 1519 1557
f 1511 1557 1511
f 1557 1557 1511
f 1519 1556 1519
f 1556 891 1556
f 1519 1556 1519
f 1556 1556 1519
f 1511 1557 1511
f 1557 1519 1557
f 1511 1557 1511
f 1557 1557 1511
f 1519 1519 1557
f 1519 1519 1557
f 1557 1557 1511
f 1519 1557 1557
f 1042 1591 1072
f 1591 1528 1593
f 1072 1593 1051
f 1591 1593 1072
f 1528 1592 1607
f 1592 1513 1604
f 1607 1604 1531
f 1592 1604 1607
f 1051 1605 1073
f 1605 1531 1603
f 1073 1603 1045
f 1605 1603 1073
f 1528 1607 1593
f 1607 1531 1605
f 1593 1605 1051
f 1607 1605 1593
f 1513 1588 1595
f 1588 1527 1598
f 1595 1598 1529
f 1588 1598 1595
f 1527 1587 1589
f 1587 891 1536
f 1589 1536 1515
f 1587 1536 1589
f 1529 1596 1594
f 1596 1515 1537
f 1594 1537 1510
f 1596 1537 1594
f 1527 1589 1598
f 1589 1515 1596
f 1598 1596 1529
f 1589 1596 1598
f 1045 1584 1075
f 1584 1526 1586
f 1075 1586 1052
f 1584 1586 1075
f 1526 1583 1585
f 1583 1510 1535
f 1585 1535 1514
f 1583 1535 1585
f 1052 1582 1074
f 1582 1514 1534
f 1074 1534 894
f 1582 1534 1074
f 1526 1585 1586
f 1585 1514 1582
f 1586 1582 1052
f 1585 1582 1586
f 1513 1595 1604
f 1595 1529 1608
f 1604 1608 1531
f 1595 1608 1604
f 1529 1594 1597
f 1594 1510 1583
f 1597 1583 1526
f 1594 1583 1597
f 1531 1606 1603
f 1606 1526 1584
f 1603 1584 1045
f 1606 1584 1603
f 1529 1597 1608
f 1597 1526 1606
f 1608 1606 1531
f 1597 1606 1608
f 1042 1072 1072
f 1072 1051 1051
f 1072 1051 1051
f 1072 1051 1072
f 1051 1073 1073
f 1073 1045 1045
f 1073 1045 1045
f 1073 1045 1073
f 1051 1073 1073
f 1073 1045 1045
f 1073 1045 1045
f 1073 1045 1073
f 1051 1073 1051
f 1073 1045 1073
f 1051 1073 1051
f 1073 1073 1051
f 1045 1075 1075
f 1075 1052 1052
f 1075 1052 1052
f 1075 1052 1075
f 1052 1074 1074
f 1074 894 894
f 1074 894 894
f 1074 894 1074
f 1052 1074 1074
f 1074 894 894
f 1074 894 894
f 1074 894 1074
f 1052 1074 1052
f 1074 894 1074
f 1052 1074 1052
f 1074 1074 1052
f 1045 1075 1075
f 1075 1052 1052
f 1075 1052 1052
f 1075 1052 1075
f 1052 1074 1074
f 1074 894 894
f 1074 894 894
f 1074 894 1074
f 1052 1074 1074
f 1074 894 894
f 1074 894 894
f 1074 894 1074
f 1052 1074 1052
f 1074 894 1074
f 1052 1074 1052
f 1074 1074 1052
f 1045 1075 1045
f 1075 1052 1075
f 1045 1075 1045
f 1075 1075 1045
f 1052 1074 1052
f 1074 894 1074
f 1052 1074 1052
f 1074 1074 1052
f 1045 1075 1045
f 1075 1052 1075
f 1045 1075 1045
f 1075 1075 1045
f 1052 1052 1075
f 1052 1052 1075
f 1075 1075 1045
f 1052 1075 1075
f 1042 1491 1591
f 1491 1402 1610
f 1591 1610 1528
f 1491 1610 1591
f 1402 1492 1620
f 1492 1377 1617
f 1620 1617 1533
f 1492 1617 1620
f 1528 1618 1592
f 1618 1533 1616
f 1592 1616 1513
f 1618 1616 1592
f 1402 1620 1610
f 1620 1533 1618
f 1610 1618 1528
f 1620 1618 1610
f 1377 1489 1612
f 1489 1401 1615
f 1612 1615 1532
f 1489 1615 1612
f 1401 1488 1609
f 1488 1366 1558
f 1609 1558 1520
f 1488 1558 1609
f 1532 1613 1611
f 1613 1520 1559
f 1611 1559 1511
f 1613 1559 1611
f 1401 1609 1615
f 1609 1520 1613
f 1615 1613 1532
f 1609 1613 1615
f 1513 1600 1588
f 1600 1530 1602
f 1588 1602 1527
f 1600 1602 1588
f 1530 1599 1601
f 1599 1511 1557
f 1601 1557 1519
f 1599 1557 1601
f 1527 1590 1587
f 1590 1519 1556
f 1587 1556 891
f 1590 1556 1587
f 1530 1601 1602
f 1601 1519 1590
f 1602 1590 1527
f 1601 1590 1602
f 1377 1612 1617
f 1612 1532 1621
f 1617 1621 1533
f 1612 1621 1617
f 1532 1611 1614
f 1611 1511 1599
f 1614 1599 1530
f 1611 1599 1614
f 1533 1619 1616
f 1619 1530 1600
f 1616 1600 1513
f 1619 1600 1616
f 1532 1614 1621
f 1614 1530 1619
f 1621 1619 1533
f 1614 1619 1621
f 1042 1591 1591
f 1591 1528 1528
f 1591 1528 1528
f 1591 1528 1591
f 1528 1592 1592
f 1592 1513 1513
f 1592 1513 1513
f 1592 1513 1592
f 1528 1592 1592
f 1592 1513 1513
f 1592 1513 1513
f 1592 1513 1592
f 1528 1592 1528
f 1592 1513 1592
f 1528 1592 1528
f 1592 1592 1528
f 1513 1588 1588
f 1588 1527 1527
f 1588 1527 1527
f 1588 1527 1588
f 1527 1587 1587
f 1587 891 891
f 1587 891 891
f 1587 891 1587
f 1527 1587 1587
f 1587 891 891
f 1587 891 891
f 1587 891 1587
f 1527 1587 1527
f 1587 891 1587
f 1527 1587 1527
f 1587 1587 1527
f 1513 1588 1588
f 1588 1527 1527
f 1588 1527 1527
f 1588 1527 1588
f 1527 1587 1587
f 1587 891 891
f 1587 891 891
f 1587 891 1587
f 1527 1587 1587
f 1587 891 891
f 1587 891 891
f 1587 891 1587
f 1527 1587 1527
f 1587 891 1587
f 1527 1587 1527
f 1587 1587 1527
f 1513 1588 1513
f 1588 1527 1588
f 1513 1588 1513
f 1588 1588 1513
f 1527 1587 1527
f 1587 891 1587
f 1527 1587 1527
f 1587 1587 1527
f 1513 1588 1513
f 1588 1527 1588
f 1513 1588 1513
f 1588 1588 1513
f 1527 1527 1588
f 1527 1527 1588
f 1588 1588 1513
f 1527 1588 1588
f 1152 1637 1641
f 1637 1625 1643
f 1641 1643 1627
f 1637 1643 1641
f 1625 1638 1648
f 1638 1622 1646
f 1648 1646 1629
f 1638 1646 1648
f 1627 1649 1642
f 1649 1629 1647
f 1642 1647 1623
f 1649 1647 1642
f 1625 1648 1643
f 1648 1629 1649
f 1643 1649 1627
f 1648 1649 1643
f 1622 1640 1652
f 1640 1626 1654
f 1652 1654 1630
f 1640 1654 1652
f 1626 1639 1650
f 1639 1369 1474
f 1650 1474 1398
f 1639 1474 1650
f 1630 1656 1653
f 1656 1398 1475
f 1653 1475 1376
f 1656 1475 1653
f 1626 1650 1654
f 1650 1398 1656
f 1654 1656 1630
f 1650 1656 1654
f 1623 1657 1645
f 1657 1631 1659
f 1645 1659 1628
f 1657 1659 1645
f 1631 1658 1661
f 1658 1376 1472
f 1661 1472 1397
f 1658 1472 1661
f 1628 1651 1644
f 1651 1397 1471
f 1644 1471 1368
f 1651 1471 1644
f 1631 1661 1659
f 1661 1397 1651
f 1659 1651 1628
f 1661 1651 1659
f 1622 1652 1646
f 1652 1630 1655
f 1646 1655 1629
f 1652 1655 1646
f 1630 1653 1662
f 1653 1376 1658
f 1662 1658 1631
f 1653 1658 1662
f 1629 1660 1647
f 1660 1631 1657
f 1647 1657 1623
f 1660 1657 1647
f 1630 1662 1655
f 1662 1631 1660
f 1655 1660 1629
f 1662 1660 1655
f 1152 1641 1641
f 1641 1627 1627
f 1641 1627 1627
f 1641 1627 1641
f 1627 1642 1642
f 1642 1623 1623
f 1642 1623 1623
f 1642 1623 1642
f 1627 1642 1642
f 1642 1623 1623
f 1642 1623 1623
f 1642 1623 1642
f 1627 1642 1627
f 1642 1623 1642
f 1627 1642 1627
f 1642 1642 1627
f 1623 1645 1645
f 1645 1628 1628
f 1645 1628 1628
f 1645 1628 1645
f 1628 1644 1644
f 1644 1368 1368
f 1644 1368 1368
f 1644 1368 1644
f 1628 1644 1644
f 1644 1368 1368
f 1644 1368 1368
f 1644 1368 1644
f 1628 1644 1628
f 1644 1368 1644
f 1628 1644 1628
f 1644 1644 1628
f 1623 1645 1645
f 1645 1628 1628
f 1645 1628 1628
f 1645 1628 1645
f 1628 1644 1644
f 1644 1368 1368
f 1644 1368 1368
f 1644 1368 1644
f 1628 1644 1644
f 1644 1368 1368
f 1644 1368 1368
f 1644 1368 1644
f 1628 1644 1628
f 1644 1368 1644
f 1628 1644 1628
f 1644 1644 1628
f 1623 1645 1623
f 1645 1628 1645
f 1623 1645 1623
f 1645 1645 1623
f 1628 1644 1628
f 1644 1368 1644
f 1628 1644 1628
f 1644 1644 1628
f 1623 1645 1623
f 1645 1628 1645
f 1623 1645 1623
f 1645 1645 1623
f 1628 1628 1645
f 1628 1628 1645
f 1645 1645 1623
f 1628 1645 1645
f 1151 1249 1671
f 1249 1180 1673
f 1671 1673 1634
f 1249 1673 1671
f 1180 1250 1681
f 1250 1160 1679
f 1681 1679 1636
f 1250 1679 1681
f 1634 1683 1672
f 1683 1636 1680
f 1672 1680 1624
f 1683 1680 1672
f 1180 1681 1673
f 1681 1636 1683
f 1673 1683 1634
f 1681 1683 1673
f 1160 1253 1665
f 1253 1181 1667
f 1665 1667 1632
f 1253 1667 1665
f 1181 1252 1663
f 1252 1152 1641
f 1663 1641 1627
f 1252 1641 1663
f 1632 1666 1664
f 1666 1627 1642
f 1664 1642 1623
f 1666 1642 1664
f 1181 1663 1667
f 1663 1627 1666
f 1667 1666 1632
f 1663 1666 1667
f 1624 1675 1669
f 1675 1635 1678
f 1669 1678 1633
f 1675 1678 1669
f 1635 1674 1676
f 1674 1623 1645
f 1676 1645 1628
f 1674 1645 1676
f 1633 1670 1668
f 1670 1628 1644
f 1668 1644 1368
f 1670 1644 1668
f 1635 1676 1678
f 1676 1628 1670
f 1678 1670 1633
f 1676 1670 1678
f 1160 1665 1679
f 1665 1632 1682
f 1679 1682 1636
f 1665 1682 1679
f 1632 1664 1677
f 1664 1623 1674
f 1677 1674 1635
f 1664 1674 1677
f 1636 1684 1680
f 1684 1635 1675
f 1680 1675 1624
f 1684 1675 1680
f 1632 1677 1682
f 1677 1635 1684
f 1682 1684 1636
f 1677 1684 1682
f 1151 1671 1671
f 1671 1634 1634
f 1671 1634 1634
f 1671 1634 1671
f 1634 1672 1672
f 1672 1624 1624
f 1672 1624 1624
f 1672 1624 1672
f 1634 1672 1672
f 1672 1624 1624
f 1672 1624 1624
f 1672 1624 1672
f 1634 1672 1634
f 1672 1624 1672
f 1634 1672 1634
f 1672 1672 1634
f 1624 1669 1669
f 1669 1633 1633
f 1669 1633 1633
f 1669 1633 1669
f 1633 1668 1668
f 1668 1368 1368
f 1668 1368 1368
f 1668 1368 1668
f 1633 1668 1668
f 1668 1368 1368
f 1668 1368 1368
f 1668 1368 1668
f 1633 1668 1633
f 1668 1368 1668
f 1633 1668 1633
f 1668 1668 1633
f 1624 1669 1669
f 1669 1633 1633
f 1669 1633 1633
f 1669 1633 1669
f 1633 1668 1668
f 1668 1368 1368
f 1668 1368 1368
f 1668 1368 1668
f 1633 1668 1668
f 1668 1368 1368
f 1668 1368 1368
f 1668 1368 1668
f 1633 1668 1633
f 1668 1368 1668
f 1633 1668 1633
f 1668 1668 1633
f 1624 1669 1624
f 1669 1633 1669
f 1624 1669 1624
f 1669 1669 1624
f 1633 1668 1633
f 1668 1368 1668
f 1633 1668 1633
f 1668 1668 1633
f 1624 1669 1624
f 1669 1633 1669
f 1624 1669 1624
f 1669 1669 1624
f 1633 1633 1669
f 1633 1633 1669
f 1669 1669 1624
f 1633 1669 1669
f 1150 1568 1694
f 1568 1523 1696
f 1694 1696 1686
f 1568 1696 1694
f 1523 1569 1701
f 1569 1512 1699
f 1701 1699 1688
f 1569 1699 1701
f 1686 1702 1695
f 1702 1688 1700
f 1695 1700 1685
f 1702 1700 1695
f 1523 1701 1696
f 1701 1688 1702
f 1696 1702 1686
f 1701 1702 1696
f 1512 1566 1705
f 1566 1522 1707
f 1705 1707 1689
f 1566 1707 1705
f 1522 1565 1703
f 1565 1366 1462
f 1703 1462 1394
f 1565 1462 1703
f 1689 1709 1706
f 1709 1394 1463
f 1706 1463 1375
f 1709 1463 1706
f 1522 1703 1707
f 1703 1394 1709
f 1707 1709 1689
f 1703 1709 1707
f 1685 1710 1698
f 1710 1690 1712
f 1698 1712 1687
f 1710 1712 1698
f 1690 1711 1714
f 1711 1375 1466
f 1714 1466 1395
f 1711 1466 1714
f 1687 1704 1697
f 1704 1395 1465
f 1697 1465 1369
f 1704 1465 1697
f 1690 1714 1712
f 1714 1395 1704
f 1712 1704 1687
f 1714 1704 1712
f 1512 1705 1699
f 1705 1689 1708
f 1699 1708 1688
f 1705 1708 1699
f 1689 1706 1715
f 1706 1375 1711
f 1715 1711 1690
f 1706 1711 1715
f 1688 1713 1700
f 1713 1690 1710
f 1700 1710 1685
f 1713 1710 1700
f 1689 1715 1708
f 1715 1690 1713
f 1708 1713 1688
f 1715 1713 1708
f 1150 1694 1694
f 1694 1686 1686
f 1694 1686 1686
f 1694 1686 1694
f 1686 1695 1695
f 1695 1685 1685
f 1695 1685 1685
f 1695 1685 1695
f 1686 1695 1695
f 1695 1685 1685
f 1695 1685 1685
f 1695 1685 1695
f 1686 1695 1686
f 1695 1685 1695
f 1686 1695 1686
f 1695 1695 1686
f 1685 1698 1698
f 1698 1687 1687
f 1698 1687 1687
f 1698 1687 1698
f 1687 1697 1697
f 1697 1369 1369
f 1697 1369 1369
f 1697 1369 1697
f 1687 1697 1697
f 1697 1369 1369
f 1697 1369 1369
f 1697 1369 1697
f 1687 1697 1687
f 1697 1369 1697
f 1687 1697 1687
f 1697 1697 1687
f 1685 1698 1698
f 1698 1687 1687
f 1698 1687 1687
f 1698 1687 1698
f 1687 1697 1697
f 1697 1369 1369
f 1697 1369 1369
f 1697 1369 1697
f 1687 1697 1697
f 1697 1369 1369
f 1697 1369 1369
f 1697 1369 1697
f 1687 1697 1687
f 1697 1369 1697
f 1687 1697 1687
f 1697 1697 1687
f 1685 1698 1685
f 1698 1687 1698
f 1685 1698 1685
f 1698 1698 1685
f 1687 1697 1687
f 1697 1369 1697
f 1687 1697 1687
f 1697 1697 1687
f 1685 1698 1685
f 1698 1687 1698
f 1685 1698 1685
f 1698 1698 1685
f 1687 1687 1698
f 1687 1687 1698
f 1698 1698 1685
f 1687 1698 1698
f 1152 1243 1637
f 1243 1178 1722
f 1637 1722 1625
f 1243 1722 1637
f 1178 1244 1730
f 1244 1159 1728
f 1730 1728 1693
f 1244 1728 1730
f 1625 1732 1638
f 1732 1693 1729
f 1638 1729 1622
f 1732 1729 1638
f 1178 1730 1722
f 1730 1693 1732
f 1722 1732 1625
f 1730 1732 1722
f 1159 1241 1718
f 1241 1177 1720
f 1718 1720 1691
f 1241 1720 1718
f 1177 1240 1716
f 1240 1150 1694
f 1716 1694 1686
f 1240 1694 1716
f 1691 1719 1717
f 1719 1686 1695
f 1717 1695 1685
f 1719 1695 1717
f 1177 1716 1720
f 1716 1686 1719
f 1720 1719 1691
f 1716 1719 1720
f 1622 1724 1640
f 1724 1692 1727
f 1640 1727 1626
f 1724 1727 1640
f 1692 1723 1725
f 1723 1685 1698
f 1725 1698 1687
f 1723 1698 1725
f 1626 1721 1639
f 1721 1687 1697
f 1639 1697 1369
f 1721 1697 1639
f 1692 1725 1727
f 1725 1687 1721
f 1727 1721 1626
f 1725 1721 1727
f 1159 1718 1728
f 1718 1691 1731
f 1728 1731 1693
f 1718 1731 1728
f 1691 1717 1726
f 1717 1685 1723
f 1726 1723 1692
f 1717 1723 1726
f 1693 1733 1729
f 1733 1692 1724
f 1729 1724 1622
f 1733 1724 1729
f 1691 1726 1731
f 1726 1692 1733
f 1731 1733 1693
f 1726 1733 1731
f 1152 1637 1637
f 1637 1625 1625
f 1637 1625 1625
f 1637 1625 1637
f 1625 1638 1638
f 1638 1622 1622
f 1638 1622 1622
f 1638 1622 1638
f 1625 1638 1638
f 1638 1622 1622
f 1638 1622 1622
f 1638 1622 1638
f 1625 1638 1625
f 1638 1622 1638
f 1625 1638 1625
f 1638 1638 1625
f 1622 1640 1640
f 1640 1626 1626
f 1640 1626 1626
f 1640 1626 1640
f 1626 1639 1639
f 1639 1369 1369
f 1639 1369 1369
f 1639 1369 1639
f 1626 1639 1639
f 1639 1369 1369
f 1639 1369 1369
f 1639 1369 1639
f 1626 1639 1626
f 1639 1369 1639
f 1626 1639 1626
f 1639 1639 1626
f 1622 1640 1640
f 1640 1626 1626
f 1640 1626 1626
f 1640 1626 1640
f 1626 1639 1639
f 1639 1369 1369
f 1639 1369 1369
f 1639 1369 1639
f 1626 1639 1639
f 1639 1369 1369
f 1639 1369 1369
f 1639 1369 1639
f 1626 1639 1626
f 1639 1369 1639
f 1626 1639 1626
f 1639 1639 1626
f 1622 1640 1622
f 1640 1626 1640
f 1622 1640 1622
f 1640 1640 1622
f 1626 1639 1626
f 1639 1369 1639
f 1626 1639 1626
f 1639 1639 1626
f 1622 1640 1622
f 1640 1626 1640
f 1622 1640 1622
f 1640 1640 1622
f 1626 1626 1640
f 1626 1626 1640
f 1640 1640 1622
f 1626 1640 1640
f 1734 1769 1773
f 1769 1746 1775
f 1773 1775 1748
f 1769 1775 1773
f 1746 1770 1780
f 1770 1739 1778
f 1780 1778 1750
f 1770 1778 1780
f 1748 1781 1774
f 1781 1750 1779
f 1774 1779 1740
f 1781 1779 1774
f 1746 1780 1775
f 1780 1750 1781
f 1775 1781 1748
f 1780 1781 1775
f 1739 1772 1788
f 1772 1747 1790
f 1788 1790 1753
f 1772 1790 1788
f 1747 1771 1784
f 1771 1735 1782
f 1784 1782 1751
f 1771 1782 1784
f 1753 1792 1789
f 1792 1751 1783
f 1789 1783 1741
f 1792 1783 1789
f 1747 1784 1790
f 1784 1751 1792
f 1790 1792 1753
f 1784 1792 1790
f 1740 1793 1777
f 1793 1754 1795
f 1777 1795 1749
f 1793 1795 1777
f 1754 1794 1797
f 1794 1741 1786
f 1797 1786 1752
f 1794 1786 1797
f 1749 1787 1776
f 1787 1752 1785
f 1776 1785 1736
f 1787 1785 1776
f 1754 1797 1795
f 1797 1752 1787
f 1795 1787 1749
f 1797 1787 1795
f 1739 1788 1778
f 1788 1753 1791
f 1778 1791 1750
f 1788 1791 1778
f 1753 1789 1798
f 1789 1741 1794
f 1798 1794 1754
f 1789 1794 1798
f 1750 1796 1779
f 1796 1754 1793
f 1779 1793 1740
f 1796 1793 1779
f 1753 1798 1791
f 1798 1754 1796
f 1791 1796 1750
f 1798 1796 1791
f 1734 1773 1773
f 1773 1748 1748
f 1773 1748 1748
f 1773 1748 1773
f 1748 1774 1774
f 1774 1740 1740
f 1774 1740 1740
f 1774 1740 1774
f 1748 1774 1774
f 1774 1740 1740
f 1774 1740 1740
f 1774 1740 1774
f 1748 1774 1748
f 1774 1740 1774
f 1748 1774 1748
f 1774 1774 1748
f 1740 1777 1777
f 1777 1749 1749
f 1777 1749 1749
f 1777 1749 1777
f 1749 1776 1776
f 1776 1736 1736
f 1776 1736 1736
f 1776 1736 1776
f 1749 1776 1776
f 1776 1736 1736
f 1776 1736 1736
f 1776 1736 1776
f 1749 1776 1749
f 1776 1736 1776
f 1749 1776 1749
f 1776 1776 1749
f 1740 1777 1777
f 1777 1749 1749
f 1777 1749 1749
f 1777 1749 1777
f 1749 1776 1776
f 1776 1736 1736
f 1776 1736 1736
f 1776 1736 1776
f 1749 1776 1776
f 1776 1736 1736
f 1776 1736 1736
f 1776 1736 1776
f 1749 1776 1749
f 1776 1736 1776
f 1749 1776 1749
f 1776 1776 1749
f 1740 1777 1740
f 1777 1749 1777
f 1740 1777 1740
f 1777 1777 1740
f 1749 1776 1749
f 1776 1736 1776
f 1749 1776 1749
f 1776 1776 1749
f 1740 1777 1740
f 1777 1749 1777
f 1740 1777 1740
f 1777 1777 1740
f 1749 1749 1777
f 1749 1749 1777
f 1777 1777 1740
f 1749 1777 1777
f 1736 1808 1776
f 1808 1758 1810
f 1776 1810 1749
f 1808 1810 1776
f 1758 1809 1818
f 1809 1743 1815
f 1818 1815 1760
f 1809 1815 1818
f 1749 1816 1777
f 1816 1760 1814
f 1777 1814 1740
f 1816 1814 1777
f 1758 1818 1810
f 1818 1760 1816
f 1810 1816 1749
f 1818 1816 1810
f 1743 1812 1820
f 1812 1759 1823
f 1820 1823 1761
f 1812 1823 1820
f 1759 1811 1813
f 1811 1737 1802
f 1813 1802 1756
f 1811 1802 1813
f 1761 1821 1819
f 1821 1756 1803
f 1819 1803 1742
f 1821 1803 1819
f 1759 1813 1823
f 1813 1756 1821
f 1823 1821 1761
f 1813 1821 1823
f 1740 1804 1774
f 1804 1757 1806
f 1774 1806 1748
f 1804 1806 1774
f 1757 1805 1807
f 1805 1742 1800
f 1807 1800 1755
f 1805 1800 1807
f 1748 1801 1773
f 1801 1755 1799
f 1773 1799 1734
f 1801 1799 1773
f 1757 1807 1806
f 1807 1755 1801
f 1806 1801 1748
f 1807 1801 1806
f 1743 1820 1815
f 1820 1761 1824
f 1815 1824 1760
f 1820 1824 1815
f 1761 1819 1822
f 1819 1742 1805
f 1822 1805 1757
f 1819 1805 1822
f 1760 1817 1814
f 1817 1757 1804
f 1814 1804 1740
f 1817 1804 1814
f 1761 1822 1824
f 1822 1757 1817
f 1824 1817 1760
f 1822 1817 1824
f 1736 1776 1776
f 1776 1749 1749
f 1776 1749 1749
f 1776 1749 1776
f 1749 1777 1777
f 1777 1740 1740
f 1777 1740 1740
f 1777 1740 1777
f 1749 1777 1777
f 1777 1740 1740
f 1777 1740 1740
f 1777 1740 1777
f 1749 1777 1749
f 1777 1740 1777
f 1749 1777 1749
f 1777 1777 1749
f 1740 1774 1774
f 1774 1748 1748
f 1774 1748 1748
f 1774 1748 1774
f 1748 1773 1773
f 1773 1734 1734
f 1773 1734 1734
f 1773 1734 1773
f 1748 1773 1773
f 1773 1734 1734
f 1773 1734 1734
f 1773 1734 1773
f 1748 1773 1748
f 1773 1734 1773
f 1748 1773 1748
f 1773 1773 1748
f 1740 1774 1774
f 1774 1748 1748
f 1774 1748 1748
f 1774 1748 1774
f 1748 1773 1773
f 1773 1734 1734
f 1773 1734 1734
f 1773 1734 1773
f 1748 1773 1773
f 1773 1734 1734
f 1773 1734 1734
f 1773 1734 1773
f 1748 1773 1748
f 1773 1734 1773
f 1748 1773 1748
f 1773 1773 1748
f 1740 1774 1740
f 1774 1748 1774
f 1740 1774 1740
f 1774 1774 1740
f 1748 1773 1748
f 1773 1734 1773
f 1748 1773 1748
f 1773 1773 1748
f 1740 1774 1740
f 1774 1748 1774
f 1740 1774 1740
f 1774 1774 1740
f 1748 1748 1774
f 1748 1748 1774
f 1774 1774 1740
f 1748 1774 1774
f 1738 1837 1828
f 1837 1766 1839
f 1828 1839 1763
f 1837 1839 1828
f 1766 1838 1849
f 1838 1745 1846
f 1849 1846 1768
f 1838 1846 1849
f 1763 1847 1829
f 1847 1768 1845
f 1829 1845 1744
f 1847 1845 1829
f 1766 1849 1839
f 1849 1768 1847
f 1839 1847 1763
f 1849 1847 1839
f 1745 1835 1841
f 1835 1765 1844
f 1841 1844 1767
f 1835 1844 1841
f 1765 1834 1836
f 1834 1737 1811
f 1836 1811 1759
f 1834 1811 1836
f 1767 1842 1840
f 1842 1759 1812
f 1840 1812 1743
f 1842 1812 1840
f 1765 1836 1844
f 1836 1759 1842
f 1844 1842 1767
f 1836 1842 1844
f 1744 1831 1826
f 1831 1764 1833
f 1826 1833 1762
f 1831 1833 1826
f 1764 1830 1832
f 1830 1743 1809
f 1832 1809 1758
f 1830 1809 1832
f 1762 1827 1825
f 1827 1758 1808
f 1825 1808 1736
f 1827 1808 1825
f 1764 1832 1833
f 1832 1758 1827
f 1833 1827 1762
f 1832 1827 1833
f 1745 1841 1846
f 1841 1767 1850
f 1846 1850 1768
f 1841 1850 1846
f 1767 1840 1843
f 1840 1743 1830
f 1843 1830 1764
f 1840 1830 1843
f 1768 1848 1845
f 1848 1764 1831
f 1845 1831 1744
f 1848 1831 1845
f 1767 1843 1850
f 1843 1764 1848
f 1850 1848 1768
f 1843 1848 1850
f 1738 1828 1828
f 1828 1763 1763
f 1828 1763 1763
f 1828 1763 1828
f 1763 1829 1829
f 1829 1744 1744
f 1829 1744 1744
f 1829 1744 1829
f 1763 1829 1829
f 1829 1744 1744
f 1829 1744 1744
f 1829 1744 1829
f 1763 1829 1763
f 1829 1744 1829
f 1763 1829 1763
f 1829 1829 1763
f 1744 1826 1826
f 1826 1762 1762
f 1826 1762 1762
f 1826 1762 1826
f 1762 1825 1825
f 1825 1736 1736
f 1825 1736 1736
f 1825 1736 1825
f 1762 1825 1825
f 1825 1736 1736
f 1825 1736 1736
f 1825 1736 1825
f 1762 1825 1762
f 1825 1736 1825
f 1762 1825 1762
f 1825 1825 1762
f 1744 1826 1826
f 1826 1762 1762
f 1826 1762 1762
f 1826 1762 1826
f 1762 1825 1825
f 1825 1736 1736
f 1825 1736 1736
f 1825 1736 1825
f 1762 1825 1825
f 1825 1736 1736
f 1825 1736 1736
f 1825 1736 1825
f 1762 1825 1762
f 1825 1736 1825
f 1762 1825 1762
f 1825 1825 1762
f 1744 1826 1744
f 1826 1762 1826
f 1744 1826 1744
f 1826 1826 1744
f 1762 1825 1762
f 1825 1736 1825
f 1762 1825 1762
f 1825 1825 1762
f 1744 1826 1744
f 1826 1762 1826
f 1744 1826 1744
f 1826 1826 1744
f 1762 1762 1826
f 1762 1762 1826
f 1826 1826 1744
f 1762 1826 1826
f 1851 1881 1885
f 1881 1860 1887
f 1885 1887 1862
f 1881 1887 1885
f 1860 1882 1892
f 1882 1854 1890
f 1892 1890 1864
f 1882 1890 1892
f 1862 1893 1886
f 1893 1864 1891
f 1886 1891 1855
f 1893 1891 1886
f 1860 1892 1887
f 1892 1864 1893
f 1887 1893 1862
f 1892 1893 1887
f 1854 1884 1900
f 1884 1861 1902
f 1900 1902 1867
f 1884 1902 1900
f 1861 1883 1896
f 1883 1852 1894
f 1896 1894 1865
f 1883 1894 1896
f 1867 1904 1901
f 1904 1865 1895
f 1901 1895 1856
f 1904 1895 1901
f 1861 1896 1902
f 1896 1865 1904
f 1902 1904 1867
f 1896 1904 1902
f 1855 1905 1889
f 1905 1868 1907
f 1889 1907 1863
f 1905 1907 1889
f 1868 1906 1909
f 1906 1856 1898
f 1909 1898 1866
f 1906 1898 1909
f 1863 1899 1888
f 1899 1866 1897
f 1888 1897 1735
f 1899 1897 1888
f 1868 1909 1907
f 1909 1866 1899
f 1907 1899 1863
f 1909 1899 1907
f 1854 1900 1890
f 1900 1867 1903
f 1890 1903 1864
f 1900 1903 1890
f 1867 1901 1910
f 1901 1856 1906
f 1910 1906 1868
f 1901 1906 1910
f 1864 1908 1891
f 1908 1868 1905
f 1891 1905 1855
f 1908 1905 1891
f 1867 1910 1903
f 1910 1868 1908
f 1903 1908 1864
f 1910 1908 1903
f 1851 1885 1885
f 1885 1862 1862
f 1885 1862 1862
f 1885 1862 1885
f 1862 1886 1886
f 1886 1855 1855
f 1886 1855 1855
f 1886 1855 1886
f 1862 1886 1886
f 1886 1855 1855
f 1886 1855 1855
f 1886 1855 1886
f 1862 1886 1862
f 1886 1855 1886
f 1862 1886 1862
f 1886 1886 1862
f 1855 1889 1889
f 1889 1863 1863
f 1889 1863 1863
f 1889 1863 1889
f 1863 1888 1888
f 1888 1735 1735
f 1888 1735 1735
f 1888 1735 1888
f 1863 1888 1888
f 1888 1735 1735
f 1888 1735 1735
f 1888 1735 1888
f 1863 1888 1863
f 1888 1735 1888
f 1863 1888 1863
f 1888 1888 1863
f 1855 1889 1889
f 1889 1863 1863
f 1889 1863 1863
f 1889 1863 1889
f 1863 1888 1888
f 1888 1735 1735
f 1888 1735 1735
f 1888 1735 1888
f 1863 1888 1888
f 1888 1735 1735
f 1888 1735 1735
f 1888 1735 1888
f 1863 1888 1863
f 1888 1735 1888
f 1863 1888 1863
f 1888 1888 1863
f 1855 1889 1855
f 1889 1863 1889
f 1855 1889 1855
f 1889 1889 1855
f 1863 1888 1863
f 1888 1735 1888
f 1863 1888 1863
f 1888 1888 1863
f 1855 1889 1855
f 1889 1863 1889
f 1855 1889 1855
f 1889 1889 1855
f 1863 1863 1889
f 1863 1863 1889
f 1889 1889 1855
f 1863 1889 1889
f 1853 1923 1942
f 1923 1873 1944
f 1942 1944 1877
f 1923 1944 1942
f 1873 1924 1950
f 1924 1858 1948
f 1950 1948 1879
f 1924 1948 1950
f 1877 1952 1943
f 1952 1879 1949
f 1943 1949 1859
f 1952 1949 1943
f 1873 1950 1944
f 1950 1879 1952
f 1944 1952 1877
f 1950 1952 1944
f 1858 1921 1938
f 1921 1872 1940
f 1938 1940 1876
f 1921 1940 1938
f 1872 1920 1937
f 1920 1735 1771
f 1937 1771 1747
f 1920 1771 1937
f 1876 1941 1939
f 1941 1747 1772
f 1939 1772 1739
f 1941 1772 1939
f 1872 1937 1940
f 1937 1747 1941
f 1940 1941 1876
f 1937 1941 1940
f 1859 1954 1946
f 1954 1880 1957
f 1946 1957 1878
f 1954 1957 1946
f 1880 1953 1955
f 1953 1739 1770
f 1955 1770 1746
f 1953 1770 1955
f 1878 1947 1945
f 1947 1746 1769
f 1945 1769 1734
f 1947 1769 1945
f 1880 1955 1957
f 1955 1746 1947
f 1957 1947 1878
f 1955 1947 1957
f 1858 1938 1948
f 1938 1876 1951
f 1948 1951 1879
f 1938 1951 1948
f 1876 1939 1956
f 1939 1739 1953
f 1956 1953 1880
f 1939 1953 1956
f 1879 1958 1949
f 1958 1880 1954
f 1949 1954 1859
f 1958 1954 1949
f 1876 1956 1951
f 1956 1880 1958
f 1951 1958 1879
f 1956 1958 1951
f 1853 1942 1942
f 1942 1877 1877
f 1942 1877 1877
f 1942 1877 1942
f 1877 1943 1943
f 1943 1859 1859
f 1943 1859 1859
f 1943 1859 1943
f 1877 1943 1943
f 1943 1859 1859
f 1943 1859 1859
f 1943 1859 1943
f 1877 1943 1877
f 1943 1859 1943
f 1877 1943 1877
f 1943 1943 1877
f 1859 1946 1946
f 1946 1878 1878
f 1946 1878 1878
f 1946 1878 1946
f 1878 1945 1945
f 1945 1734 1734
f 1945 1734 1734
f 1945 1734 1945
f 1878 1945 1945
f 1945 1734 1734
f 1945 1734 1734
f 1945 1734 1945
f 1878 1945 1878
f 1945 1734 1945
f 1878 1945 1878
f 1945 1945 1878
f 1859 1946 1946
f 1946 1878 1878
f 1946 1878 1878
f 1946 1878 1946
f 1878 1945 1945
f 1945 1734 1734
f 1945 1734 1734
f 1945 1734 1945
f 1878 1945 1945
f 1945 1734 1734
f 1945 1734 1734
f 1945 1734 1945
f 1878 1945 1878
f 1945 1734 1945
f 1878 1945 1878
f 1945 1945 1878
f 1859 1946 1859
f 1946 1878 1946
f 1859 1946 1859
f 1946 1946 1859
f 1878 1945 1878
f 1945 1734 1945
f 1878 1945 1878
f 1945 1945 1878
f 1859 1946 1859
f 1946 1878 1946
f 1859 1946 1859
f 1946 1946 1859
f 1878 1878 1946
f 1878 1878 1946
f 1946 1946 1859
f 1878 1946 1946
f 1735 1920 1888
f 1920 1872 1922
f 1888 1922 1863
f 1920 1922 1888
f 1872 1921 1930
f 1921 1858 1927
f 1930 1927 1874
f 1921 1927 1930
f 1863 1928 1889
f 1928 1874 1926
f 1889 1926 1855
f 1928 1926 1889
f 1872 1930 1922
f 1930 1874 1928
f 1922 1928 1863
f 1930 1928 1922
f 1858 1924 1932
f 1924 1873 1935
f 1932 1935 1875
f 1924 1935 1932
f 1873 1923 1925
f 1923 1853 1914
f 1925 1914 1870
f 1923 1914 1925
f 1875 1933 1931
f 1933 1870 1915
f 1931 1915 1857
f 1933 1915 1931
f 1873 1925 1935
f 1925 1870 1933
f 1935 1933 1875
f 1925 1933 1935
f 1855 1916 1886
f 1916 1871 1918
f 1886 1918 1862
f 1916 1918 1886
f 1871 1917 1919
f 1917 1857 1912
f 1919 1912 1869
f 1917 1912 1919
f 1862 1913 1885
f 1913 1869 1911
f 1885 1911 1851
f 1913 1911 1885
f 1871 1919 1918
f 1919 1869 1913
f 1918 1913 1862
f 1919 1913 1918
f 1858 1932 1927
f 1932 1875 1936
f 1927 1936 1874
f 1932 1936 1927
f 1875 1931 1934
f 1931 1857 1917
f 1934 1917 1871
f 1931 1917 1934
f 1874 1929 1926
f 1929 1871 1916
f 1926 1916 1855
f 1929 1916 1926
f 1875 1934 1936
f 1934 1871 1929
f 1936 1929 1874
f 1934 1929 1936
f 1735 1888 1888
f 1888 1863 1863
f 1888 1863 1863
f 1888 1863 1888
f 1863 1889 1889
f 1889 1855 1855
f 1889 1855 1855
f 1889 1855 1889
f 1863 1889 1889
f 1889 1855 1855
f 1889 1855 1855
f 1889 1855 1889
f 1863 1889 1863
f 1889 1855 1889
f 1863 1889 1863
f 1889 1889 1863
f 1855 1886 1886
f 1886 1862 1862
f 1886 1862 1862
f 1886 1862 1886
f 1862 1885 1885
f 1885 1851 1851
f 1885 1851 1851
f 1885 1851 1885
f 1862 1885 1885
f 1885 1851 1851
f 1885 1851 1851
f 1885 1851 1885
f 1862 1885 1862
f 1885 1851 1885
f 1862 1885 1862
f 1885 1885 1862
f 1855 1886 1886
f 1886 1862 1862
f 1886 1862 1862
f 1886 1862 1886
f 1862 1885 1885
f 1885 1851 1851
f 1885 1851 1851
f 1885 1851 1885
f 1862 1885 1885
f 1885 1851 1851
f 1885 1851 1851
f 1885 1851 1885
f 1862 1885 1862
f 1885 1851 1885
f 1862 1885 1862
f 1885 1885 1862
f 1855 1886 1855
f 1886 1862 1886
f 1855 1886 1855
f 1886 1886 1855
f 1862 1885 1862
f 1885 1851 1885
f 1862 1885 1862
f 1885 1885 1862
f 1855 1886 1855
f 1886 1862 1886
f 1855 1886 1855
f 1886 1886 1855
f 1862 1862 1886
f 1862 1862 1886
f 1886 1886 1855
f 1862 1886 1886
f 1959 2025 2029
f 2025 1978 2031
f 2029 2031 1980
f 2025 2031 2029
f 1978 2026 2036
f 2026 1965 2034
f 2036 2034 1982
f 2026 2034 2036
f 1980 2037 2030
f 2037 1982 2035
f 2030 2035 1966
f 2037 2035 2030
f 1978 2036 2031
f 2036 1982 2037
f 2031 2037 1980
f 2036 2037 2031
f 1965 2028 2044
f 2028 1979 2046
f 2044 2046 1985
f 2028 2046 2044
f 1979 2027 2040
f 2027 1960 2038
f 2040 2038 1983
f 2027 2038 2040
f 1985 2048 2045
f 2048 1983 2039
f 2045 2039 1967
f 2048 2039 2045
f 1979 2040 2046
f 2040 1983 2048
f 2046 2048 1985
f 2040 2048 2046
f 1966 2049 2033
f 2049 1986 2051
f 2033 2051 1981
f 2049 2051 2033
f 1986 2050 2053
f 2050 1967 2042
f 2053 2042 1984
f 2050 2042 2053
f 1981 2043 2032
f 2043 1984 2041
f 2032 2041 1735
f 2043 2041 2032
f 1986 2053 2051
f 2053 1984 2043
f 2051 2043 1981
f 2053 2043 2051
f 1965 2044 2034
f 2044 1985 2047
f 2034 2047 1982
f 2044 2047 2034
f 1985 2045 2054
f 2045 1967 2050
f 2054 2050 1986
f 2045 2050 2054
f 1982 2052 2035
f 2052 1986 2049
f 2035 2049 1966
f 2052 2049 2035
f 1985 2054 2047
f 2054 1986 2052
f 2047 2052 1982
f 2054 2052 2047
f 1959 2029 2029
f 2029 1980 1980
f 2029 1980 1980
f 2029 1980 2029
f 1980 2030 2030
f 2030 1966 1966
f 2030 1966 1966
f 2030 1966 2030
f 1980 2030 2030
f 2030 1966 1966
f 2030 1966 1966
f 2030 1966 2030
f 1980 2030 1980
f 2030 1966 2030
f 1980 2030 1980
f 2030 2030 1980
f 1966 2033 2033
f 2033 1981 1981
f 2033 1981 1981
f 2033 1981 2033
f 1981 2032 2032
f 2032 1735 1735
f 2032 1735 1735
f 2032 1735 2032
f 1981 2032 2032
f 2032 1735 1735
f 2032 1735 1735
f 2032 1735 2032
f 1981 2032 1981
f 2032 1735 2032
f 1981 2032 1981
f 2032 2032 1981
f 1966 2033 2033
f 2033 1981 1981
f 2033 1981 1981
f 2033 1981 2033
f 1981 2032 2032
f 2032 1735 1735
f 2032 1735 1735
f 2032 1735 2032
f 1981 2032 2032
f 2032 1735 1735
f 2032 1735 1735
f 2032 1735 2032
f 1981 2032 1981
f 2032 1735 2032
f 1981 2032 1981
f 2032 2032 1981
f 1966 2033 1966
f 2033 1981 2033
f 1966 2033 1966
f 2033 2033 1966
f 1981 2032 1981
f 2032 1735 2032
f 1981 2032 1981
f 2032 2032 1981
f 1966 2033 1966
f 2033 1981 2033
f 1966 2033 1966
f 2033 2033 1966
f 1981 1981 2033
f 1981 1981 2033
f 2033 2033 1966
f 1981 2033 2033
f 1960 2055 2038
f 2055 1987 2057
f 2038 2057 1983
f 2055 2057 2038
f 1987 2056 2063
f 2056 1968 2061
f 2063 2061 1989
f 2056 2061 2063
f 1983 2062 2039
f 2062 1989 2060
f 2039 2060 1967
f 2062 2060 2039
f 1987 2063 2057
f 2063 1989 2062
f 2057 2062 1983
f 2063 2062 2057
f 1968 2059 2071
f 2059 1988 2073
f 2071 2073 1991
f 2059 2073 2071
f 1988 2058 2065
f 2058 1736 1785
f 2065 1785 1752
f 2058 1785 2065
f 1991 2075 2072
f 2075 1752 1786
f 2072 1786 1741
f 2075 1786 2072
f 1988 2065 2073
f 2065 1752 2075
f 2073 2075 1991
f 2065 2075 2073
f 1967 2066 2042
f 2066 1990 2068
f 2042 2068 1984
f 2066 2068 2042
f 1990 2067 2070
f 2067 1741 1783
f 2070 1783 1751
f 2067 1783 2070
f 1984 2064 2041
f 2064 1751 1782
f 2041 1782 1735
f 2064 1782 2041
f 1990 2070 2068
f 2070 1751 2064
f 2068 2064 1984
f 2070 2064 2068
f 1968 2071 2061
f 2071 1991 2074
f 2061 2074 1989
f 2071 2074 2061
f 1991 2072 2076
f 2072 1741 2067
f 2076 2067 1990
f 2072 2067 2076
f 1989 2069 2060
f 2069 1990 2066
f 2060 2066 1967
f 2069 2066 2060
f 1991 2076 2074
f 2076 1990 2069
f 2074 2069 1989
f 2076 2069 2074
f 1960 2038 2038
f 2038 1983 1983
f 2038 1983 1983
f 2038 1983 2038
f 1983 2039 2039
f 2039 1967 1967
f 2039 1967 1967
f 2039 1967 2039
f 1983 2039 2039
f 2039 1967 1967
f 2039 1967 1967
f 2039 1967 2039
f 1983 2039 1983
f 2039 1967 2039
f 1983 2039 1983
f 2039 2039 1983
f 1967 2042 2042
f 2042 1984 1984
f 2042 1984 1984
f 2042 1984 2042
f 1984 2041 2041
f 2041 1735 1735
f 2041 1735 1735
f 2041 1735 2041
f 1984 2041 2041
f 2041 1735 1735
f 2041 1735 1735
f 2041 1735 2041
f 1984 2041 1984
f 2041 1735 2041
f 1984 2041 1984
f 2041 2041 1984
f 1967 2042 2042
f 2042 1984 1984
f 2042 1984 1984
f 2042 1984 2042
f 1984 2041 2041
f 2041 1735 1735
f 2041 1735 1735
f 2041 1735 2041
f 1984 2041 2041
f 2041 1735 1735
f 2041 1735 1735
f 2041 1735 2041
f 1984 2041 1984
f 2041 1735 2041
f 1984 2041 1984
f 2041 2041 1984
f 1967 2042 1967
f 2042 1984 2042
f 1967 2042 1967
f 2042 2042 1967
f 1984 2041 1984
f 2041 1735 2041
f 1984 2041 1984
f 2041 2041 1984
f 1967 2042 1967
f 2042 1984 2042
f 1967 2042 1967
f 2042 2042 1967
f 1984 1984 2042
f 1984 1984 2042
f 2042 2042 1967
f 1984 2042 2042
f 1959 2029 2077
f 2029 1980 2079
f 2077 2079 1992
f 2029 2079 2077
f 1980 2030 2084
f 2030 1966 2082
f 2084 2082 1994
f 2030 2082 2084
f 1992 2085 2078
f 2085 1994 2083
f 2078 2083 1969
f 2085 2083 2078
f 1980 2084 2079
f 2084 1994 2085
f 2079 2085 1992
f 2084 2085 2079
f 1966 2033 2092
f 2033 1981 2094
f 2092 2094 1997
f 2033 2094 2092
f 1981 2032 2088
f 2032 1735 2086
f 2088 2086 1995
f 2032 2086 2088
f 1997 2096 2093
f 2096 1995 2087
f 2093 2087 1970
f 2096 2087 2093
f 1981 2088 2094
f 2088 1995 2096
f 2094 2096 1997
f 2088 2096 2094
f 1969 2097 2081
f 2097 1998 2099
f 2081 2099 1993
f 2097 2099 2081
f 1998 2098 2101
f 2098 1970 2090
f 2101 2090 1996
f 2098 2090 2101
f 1993 2091 2080
f 2091 1996 2089
f 2080 2089 1961
f 2091 2089 2080
f 1998 2101 2099
f 2101 1996 2091
f 2099 2091 1993
f 2101 2091 2099
f 1966 2092 2082
f 2092 1997 2095
f 2082 2095 1994
f 2092 2095 2082
f 1997 2093 2102
f 2093 1970 2098
f 2102 2098 1998
f 2093 2098 2102
f 1994 2100 2083
f 2100 1998 2097
f 2083 2097 1969
f 2100 2097 2083
f 1997 2102 2095
f 2102 1998 2100
f 2095 2100 1994
f 2102 2100 2095
f 1959 2077 2077
f 2077 1992 1992
f 2077 1992 1992
f 2077 1992 2077
f 1992 2078 2078
f 2078 1969 1969
f 2078 1969 1969
f 2078 1969 2078
f 1992 2078 2078
f 2078 1969 1969
f 2078 1969 1969
f 2078 1969 2078
f 1992 2078 1992
f 2078 1969 2078
f 1992 2078 1992
f 2078 2078 1992
f 1969 2081 2081
f 2081 1993 1993
f 2081 1993 1993
f 2081 1993 2081
f 1993 2080 2080
f 2080 1961 1961
f 2080 1961 1961
f 2080 1961 2080
f 1993 2080 2080
f 2080 1961 1961
f 2080 1961 1961
f 2080 1961 2080
f 1993 2080 1993
f 2080 1961 2080
f 1993 2080 1993
f 2080 2080 1993
f 1969 2081 2081
f 2081 1993 1993
f 2081 1993 1993
f 2081 1993 2081
f 1993 2080 2080
f 2080 1961 1961
f 2080 1961 1961
f 2080 1961 2080
f 1993 2080 2080
f 2080 1961 1961
f 2080 1961 1961
f 2080 1961 2080
f 1993 2080 1993
f 2080 1961 2080
f 1993 2080 1993
f 2080 2080 1993
f 1969 2081 1969
f 2081 1993 2081
f 1969 2081 1969
f 2081 2081 1969
f 1993 2080 1993
f 2080 1961 2080
f 1993 2080 1993
f 2080 2080 1993
f 1969 2081 1969
f 2081 1993 2081
f 1969 2081 1969
f 2081 2081 1969
f 1993 1993 2081
f 1993 1993 2081
f 2081 2081 1969
f 1993 2081 2081
f 1852 2112 1894
f 2112 2002 2114
f 1894 2114 1865
f 2112 2114 1894
f 2002 2113 2122
f 2113 1972 2119
f 2122 2119 2004
f 2113 2119 2122
f 1865 2120 1895
f 2120 2004 2118
f 1895 2118 1856
f 2120 2118 1895
f 2002 2122 2114
f 2122 2004 2120
f 2114 2120 1865
f 2122 2120 2114
f 1972 2116 2124
f 2116 2003 2127
f 2124 2127 2005
f 2116 2127 2124
f 2003 2115 2117
f 2115 1962 2106
f 2117 2106 2000
f 2115 2106 2117
f 2005 2125 2123
f 2125 2000 2107
f 2123 2107 1971
f 2125 2107 2123
f 2003 2117 2127
f 2117 2000 2125
f 2127 2125 2005
f 2117 2125 2127
f 1856 2108 1898
f 2108 2001 2110
f 1898 2110 1866
f 2108 2110 1898
f 2001 2109 2111
f 2109 1971 2104
f 2111 2104 1999
f 2109 2104 2111
f 1866 2105 1897
f 2105 1999 2103
f 1897 2103 1735
f 2105 2103 1897
f 2001 2111 2110
f 2111 1999 2105
f 2110 2105 1866
f 2111 2105 2110
f 1972 2124 2119
f 2124 2005 2128
f 2119 2128 2004
f 2124 2128 2119
f 2005 2123 2126
f 2123 1971 2109
f 2126 2109 2001
f 2123 2109 2126
f 2004 2121 2118
f 2121 2001 2108
f 2118 2108 1856
f 2121 2108 2118
f 2005 2126 2128
f 2126 2001 2121
f 2128 2121 2004
f 2126 2121 2128
f 1852 1894 1894
f 1894 1865 1865
f 1894 1865 1865
f 1894 1865 1894
f 1865 1895 1895
f 1895 1856 1856
f 1895 1856 1856
f 1895 1856 1895
f 1865 1895 1895
f 1895 1856 1856
f 1895 1856 1856
f 1895 1856 1895
f 1865 1895 1865
f 1895 1856 1895
f 1865 1895 1865
f 1895 1895 1865
f 1856 1898 1898
f 1898 1866 1866
f 1898 1866 1866
f 1898 1866 1898
f 1866 1897 1897
f 1897 1735 1735
f 1897 1735 1735
f 1897 1735 1897
f 1866 1897 1897
f 1897 1735 1735
f 1897 1735 1735
f 1897 1735 1897
f 1866 1897 1866
f 1897 1735 1897
f 1866 1897 1866
f 1897 1897 1866
f 1856 1898 1898
f 1898 1866 1866
f 1898 1866 1866
f 1898 1866 1898
f 1866 1897 1897
f 1897 1735 1735
f 1897 1735 1735
f 1897 1735 1897
f 1866 1897 1897
f 1897 1735 1735
f 1897 1735 1735
f 1897 1735 1897
f 1866 1897 1866
f 1897 1735 1897
f 1866 1897 1866
f 1897 1897 1866
f 1856 1898 1856
f 1898 1866 1898
f 1856 1898 1856
f 1898 1898 1856
f 1866 1897 1866
f 1897 1735 1897
f 1866 1897 1866
f 1897 1897 1866
f 1856 1898 1856
f 1898 1866 1898
f 1856 1898 1856
f 1898 1898 1856
f 1866 1866 1898
f 1866 1866 1898
f 1898 1898 1856
f 1866 1898 1898
f 1962 2138 2106
f 2138 2009 2140
f 2106 2140 2000
f 2138 2140 2106
f 2009 2139 2148
f 2139 1974 2145
f 2148 2145 2011
f 2139 2145 2148
f 2000 2146 2107
f 2146 2011 2144
f 2107 2144 1971
f 2146 2144 2107
f 2009 2148 2140
f 2148 2011 2146
f 2140 2146 2000
f 2148 2146 2140
f 1974 2142 2150
f 2142 2010 2153
f 2150 2153 2012
f 2142 2153 2150
f 2010 2141 2143
f 2141 1963 2132
f 2143 2132 2007
f 2141 2132 2143
f 2012 2151 2149
f 2151 2007 2133
f 2149 2133 1973
f 2151 2133 2149
f 2010 2143 2153
f 2143 2007 2151
f 2153 2151 2012
f 2143 2151 2153
f 1971 2134 2104
f 2134 2008 2136
f 2104 2136 1999
f 2134 2136 2104
f 2008 2135 2137
f 2135 1973 2130
f 2137 2130 2006
f 2135 2130 2137
f 1999 2131 2103
f 2131 2006 2129
f 2103 2129 1735
f 2131 2129 2103
f 2008 2137 2136
f 2137 2006 2131
f 2136 2131 1999
f 2137 2131 2136
f 1974 2150 2145
f 2150 2012 2154
f 2145 2154 2011
f 2150 2154 2145
f 2012 2149 2152
f 2149 1973 2135
f 2152 2135 2008
f 2149 2135 2152
f 2011 2147 2144
f 2147 2008 2134
f 2144 2134 1971
f 2147 2134 2144
f 2012 2152 2154
f 2152 2008 2147
f 2154 2147 2011
f 2152 2147 2154
f 1962 2106 2106
f 2106 2000 2000
f 2106 2000 2000
f 2106 2000 2106
f 2000 2107 2107
f 2107 1971 1971
f 2107 1971 1971
f 2107 1971 2107
f 2000 2107 2107
f 2107 1971 1971
f 2107 1971 1971
f 2107 1971 2107
f 2000 2107 2000
f 2107 1971 2107
f 2000 2107 2000
f 2107 2107 2000
f 1971 2104 2104
f 2104 1999 1999
f 2104 1999 1999
f 2104 1999 2104
f 1999 2103 2103
f 2103 1735 1735
f 2103 1735 1735
f 2103 1735 2103
f 1999 2103 2103
f 2103 1735 1735
f 2103 1735 1735
f 2103 1735 2103
f 1999 2103 1999
f 2103 1735 2103
f 1999 2103 1999
f 2103 2103 1999
f 1971 2104 2104
f 2104 1999 1999
f 2104 1999 1999
f 2104 1999 2104
f 1999 2103 2103
f 2103 1735 1735
f 2103 1735 1735
f 2103 1735 2103
f 1999 2103 2103
f 2103 1735 1735
f 2103 1735 1735
f 2103 1735 2103
f 1999 2103 1999
f 2103 1735 2103
f 1999 2103 1999
f 2103 2103 1999
f 1971 2104 1971
f 2104 1999 2104
f 1971 2104 1971
f 2104 2104 1971
f 1999 2103 1999
f 2103 1735 2103
f 1999 2103 1999
f 2103 2103 1999
f 1971 2104 1971
f 2104 1999 2104
f 1971 2104 1971
f 2104 2104 1971
f 1999 1999 2104
f 1999 1999 2104
f 2104 2104 1971
f 1999 2104 2104
f 1735 2155 2086
f 2155 2013 2157
f 2086 2157 1995
f 2155 2157 2086
f 2013 2156 2164
f 2156 1975 2162
f 2164 2162 2015
f 2156 2162 2164
f 1995 2163 2087
f 2163 2015 2161
f 2087 2161 1970
f 2163 2161 2087
f 2013 2164 2157
f 2164 2015 2163
f 2157 2163 1995
f 2164 2163 2157
f 1975 2160 2180
f 2160 2014 2182
f 2180 2182 2020
f 2160 2182 2180
f 2014 2159 2174
f 2159 1964 2172
f 2174 2172 2018
f 2159 2172 2174
f 2020 2184 2181
f 2184 2018 2173
f 2181 2173 1976
f 2184 2173 2181
f 2014 2174 2182
f 2174 2018 2184
f 2182 2184 2020
f 2174 2184 2182
f 1970 2175 2090
f 2175 2019 2177
f 2090 2177 1996
f 2175 2177 2090
f 2019 2176 2179
f 2176 1976 2170
f 2179 2170 2017
f 2176 2170 2179
f 1996 2171 2089
f 2171 2017 2169
f 2089 2169 1961
f 2171 2169 2089
f 2019 2179 2177
f 2179 2017 2171
f 2177 2171 1996
f 2179 2171 2177
f 1975 2180 2162
f 2180 2020 2183
f 2162 2183 2015
f 2180 2183 2162
f 2020 2181 2185
f 2181 1976 2176
f 2185 2176 2019
f 2181 2176 2185
f 2015 2178 2161
f 2178 2019 2175
f 2161 2175 1970
f 2178 2175 2161
f 2020 2185 2183
f 2185 2019 2178
f 2183 2178 2015
f 2185 2178 2183
f 1735 2086 2086
f 2086 1995 1995
f 2086 1995 1995
f 2086 1995 2086
f 1995 2087 2087
f 2087 1970 1970
f 2087 1970 1970
f 2087 1970 2087
f 1995 2087 2087
f 2087 1970 1970
f 2087 1970 1970
f 2087 1970 2087
f 1995 2087 1995
f 2087 1970 2087
f 1995 2087 1995
f 2087 2087 1995
f 1970 2090 2090
f 2090 1996 1996
f 2090 1996 1996
f 2090 1996 2090
f 1996 2089 2089
f 2089 1961 1961
f 2089 1961 1961
f 2089 1961 2089
f 1996 2089 2089
f 2089 1961 1961
f 2089 1961 1961
f 2089 1961 2089
f 1996 2089 1996
f 2089 1961 2089
f 1996 2089 1996
f 2089 2089 1996
f 1970 2090 2090
f 2090 1996 1996
f 2090 1996 1996
f 2090 1996 2090
f 1996 2089 2089
f 2089 1961 1961
f 2089 1961 1961
f 2089 1961 2089
f 1996 2089 2089
f 2089 1961 1961
f 2089 1961 1961
f 2089 1961 2089
f 1996 2089 1996
f 2089 1961 2089
f 1996 2089 1996
f 2089 2089 1996
f 1970 2090 1970
f 2090 1996 2090
f 1970 2090 1970
f 2090 2090 1970
f 1996 2089 1996
f 2089 1961 2089
f 1996 2089 1996
f 2089 2089 1996
f 1970 2090 1970
f 2090 1996 2090
f 1970 2090 1970
f 2090 2090 1970
f 1996 1996 2090
f 1996 1996 2090
f 2090 2090 1970
f 1996 2090 2090
f 1963 2186 2132
f 2186 2021 2188
f 2132 2188 2007
f 2186 2188 2132
f 2021 2187 2196
f 2187 1977 2193
f 2196 2193 2023
f 2187 2193 2196
f 2007 2194 2133
f 2194 2023 2192
f 2133 2192 1973
f 2194 2192 2133
f 2021 2196 2188
f 2196 2023 2194
f 2188 2194 2007
f 2196 2194 2188
f 1977 2190 2198
f 2190 2022 2201
f 2198 2201 2024
f 2190 2201 2198
f 2022 2189 2191
f 2189 1964 2159
f 2191 2159 2014
f 2189 2159 2191
f 2024 2199 2197
f 2199 2014 2160
f 2197 2160 1975
f 2199 2160 2197
f 2022 2191 2201
f 2191 2014 2199
f 2201 2199 2024
f 2191 2199 2201
f 1973 2165 2130
f 2165 2016 2167
f 2130 2167 2006
f 2165 2167 2130
f 2016 2166 2168
f 2166 1975 2156
f 2168 2156 2013
f 2166 2156 2168
f 2006 2158 2129
f 2158 2013 2155
f 2129 2155 1735
f 2158 2155 2129
f 2016 2168 2167
f 2168 2013 2158
f 2167 2158 2006
f 2168 2158 2167
f 1977 2198 2193
f 2198 2024 2202
f 2193 2202 2023
f 2198 2202 2193
f 2024 2197 2200
f 2197 1975 2166
f 2200 2166 2016
f 2197 2166 2200
f 2023 2195 2192
f 2195 2016 2165
f 2192 2165 1973
f 2195 2165 2192
f 2024 2200 2202
f 2200 2016 2195
f 2202 2195 2023
f 2200 2195 2202
f 1963 2132 2132
f 2132 2007 2007
f 2132 2007 2007
f 2132 2007 2132
f 2007 2133 2133
f 2133 1973 1973
f 2133 1973 1973
f 2133 1973 2133
f 2007 2133 2133
f 2133 1973 1973
f 2133 1973 1973
f 2133 1973 2133
f 2007 2133 2007
f 2133 1973 2133
f 2007 2133 2007
f 2133 2133 2007
f 1973 2130 2130
f 2130 2006 2006
f 2130 2006 2006
f 2130 2006 2130
f 2006 2129 2129
f 2129 1735 1735
f 2129 1735 1735
f 2129 1735 2129
f 2006 2129 2129
f 2129 1735 1735
f 2129 1735 1735
f 2129 1735 2129
f 2006 2129 2006
f 2129 1735 2129
f 2006 2129 2006
f 2129 2129 2006
f 1973 2130 2130
f 2130 2006 2006
f 2130 2006 2006
f 2130 2006 2130
f 2006 2129 2129
f 2129 1735 1735
f 2129 1735 1735
f 2129 1735 2129
f 2006 2129 2129
f 2129 1735 1735
f 2129 1735 1735
f 2129 1735 2129
f 2006 2129 2006
f 2129 1735 2129
f 2006 2129 2006
f 2129 2129 2006
f 1973 2130 1973
f 2130 2006 2130
f 1973 2130 1973
f 2130 2130 1973
f 2006 2129 2006
f 2129 1735 2129
f 2006 2129 2006
f 2129 2129 2006
f 1973 2130 1973
f 2130 2006 2130
f 1973 2130 1973
f 2130 2130 1973
f 2006 2006 2130
f 2006 2006 2130
f 2130 2130 1973
f 2006 2130 2130
f 2203 2228 2232
f 2228 2212 2234
f 2232 2234 2214
f 2228 2234 2232
f 2212 2229 2239
f 2229 2207 2237
f 2239 2237 2216
f 2229 2237 2239
f 2214 2240 2233
f 2240 2216 2238
f 2233 2238 2208
f 2240 2238 2233
f 2212 2239 2234
f 2239 2216 2240
f 2234 2240 2214
f 2239 2240 2234
f 2207 2231 2247
f 2231 2213 2249
f 2247 2249 2219
f 2231 2249 2247
f 2213 2230 2243
f 2230 2204 2241
f 2243 2241 2217
f 2230 2241 2243
f 2219 2251 2248
f 2251 2217 2242
f 2248 2242 2209
f 2251 2242 2248
f 2213 2243 2249
f 2243 2217 2251
f 2249 2251 2219
f 2243 2251 2249
f 2208 2252 2236
f 2252 2220 2254
f 2236 2254 2215
f 2252 2254 2236
f 2220 2253 2256
f 2253 2209 2245
f 2256 2245 2218
f 2253 2245 2256
f 2215 2246 2235
f 2246 2218 2244
f 2235 2244 2205
f 2246 2244 2235
f 2220 2256 2254
f 2256 2218 2246
f 2254 2246 2215
f 2256 2246 2254
f 2207 2247 2237
f 2247 2219 2250
f 2237 2250 2216
f 2247 2250 2237
f 2219 2248 2257
f 2248 2209 2253
f 2257 2253 2220
f 2248 2253 2257
f 2216 2255 2238
f 2255 2220 2252
f 2238 2252 2208
f 2255 2252 2238
f 2219 2257 2250
f 2257 2220 2255
f 2250 2255 2216
f 2257 2255 2250
f 2203 2232 2232
f 2232 2214 2214
f 2232 2214 2214
f 2232 2214 2232
f 2214 2233 2233
f 2233 2208 2208
f 2233 2208 2208
f 2233 2208 2233
f 2214 2233 2233
f 2233 2208 2208
f 2233 2208 2208
f 2233 2208 2233
f 2214 2233 2214
f 2233 2208 2233
f 2214 2233 2214
f 2233 2233 2214
f 2208 2236 2236
f 2236 2215 2215
f 2236 2215 2215
f 2236 2215 2236
f 2215 2235 2235
f 2235 2205 2205
f 2235 2205 2205
f 2235 2205 2235
f 2215 2235 2235
f 2235 2205 2205
f 2235 2205 2205
f 2235 2205 2235
f 2215 2235 2215
f 2235 2205 2235
f 2215 2235 2215
f 2235 2235 2215
f 2208 2236 2236
f 2236 2215 2215
f 2236 2215 2215
f 2236 2215 2236
f 2215 2235 2235
f 2235 2205 2205
f 2235 2205 2205
f 2235 2205 2235
f 2215 2235 2235
f 2235 2205 2205
f 2235 2205 2205
f 2235 2205 2235
f 2215 2235 2215
f 2235 2205 2235
f 2215 2235 2215
f 2235 2235 2215
f 2208 2236 2208
f 2236 2215 2236
f 2208 2236 2208
f 2236 2236 2208
f 2215 2235 2215
f 2235 2205 2235
f 2215 2235 2215
f 2235 2235 2215
f 2208 2236 2208
f 2236 2215 2236
f 2208 2236 2208
f 2236 2236 2208
f 2215 2215 2236
f 2215 2215 2236
f 2236 2236 2208
f 2215 2236 2236
f 2206 2261 2270
f 2261 2222 2272
f 2270 2272 2225
f 2261 2272 2270
f 2222 2262 2280
f 2262 2210 2278
f 2280 2278 2227
f 2262 2278 2280
f 2225 2282 2271
f 2282 2227 2279
f 2271 2279 2211
f 2282 2279 2271
f 2222 2280 2272
f 2280 2227 2282
f 2272 2282 2225
f 2280 2282 2272
f 2210 2259 2264
f 2259 2221 2266
f 2264 2266 2223
f 2259 2266 2264
f 2221 2258 2260
f 2258 2203 2232
f 2260 2232 2214
f 2258 2232 2260
f 2223 2265 2263
f 2265 2214 2233
f 2263 2233 2208
f 2265 2233 2263
f 2221 2260 2266
f 2260 2214 2265
f 2266 2265 2223
f 2260 2265 2266
f 2211 2274 2268
f 2274 2226 2277
f 2268 2277 2224
f 2274 2277 2268
f 2226 2273 2275
f 2273 2208 2236
f 2275 2236 2215
f 2273 2236 2275
f 2224 2269 2267
f 2269 2215 2235
f 2267 2235 2205
f 2269 2235 2267
f 2226 2275 2277
f 2275 2215 2269
f 2277 2269 2224
f 2275 2269 2277
f 2210 2264 2278
f 2264 2223 2281
f 2278 2281 2227
f 2264 2281 2278
f 2223 2263 2276
f 2263 2208 2273
f 2276 2273 2226
f 2263 2273 2276
f 2227 2283 2279
f 2283 2226 2274
f 2279 2274 2211
f 2283 2274 2279
f 2223 2276 2281
f 2276 2226 2283
f 2281 2283 2227
f 2276 2283 2281
f 2206 2270 2270
f 2270 2225 2225
f 2270 2225 2225
f 2270 2225 2270
f 2225 2271 2271
f 2271 2211 2211
f 2271 2211 2211
f 2271 2211 2271
f 2225 2271 2271
f 2271 2211 2211
f 2271 2211 2211
f 2271 2211 2271
f 2225 2271 2225
f 2271 2211 2271
f 2225 2271 2225
f 2271 2271 2225
f 2211 2268 2268
f 2268 2224 2224
f 2268 2224 2224
f 2268 2224 2268
f 2224 2267 2267
f 2267 2205 2205
f 2267 2205 2205
f 2267 2205 2267
f 2224 2267 2267
f 2267 2205 2205
f 2267 2205 2205
f 2267 2205 2267
f 2224 2267 2224
f 2267 2205 2267
f 2224 2267 2224
f 2267 2267 2224
f 2211 2268 2268
f 2268 2224 2224
f 2268 2224 2224
f 2268 2224 2268
f 2224 2267 2267
f 2267 2205 2205
f 2267 2205 2205
f 2267 2205 2267
f 2224 2267 2267
f 2267 2205 2205
f 2267 2205 2205
f 2267 2205 2267
f 2224 2267 2224
f 2267 2205 2267
f 2224 2267 2224
f 2267 2267 2224
f 2211 2268 2211
f 2268 2224 2268
f 2211 2268 2211
f 2268 2268 2211
f 2224 2267 2224
f 2267 2205 2267
f 2224 2267 2224
f 2267 2267 2224
f 2211 2268 2211
f 2268 2224 2268
f 2211 2268 2211
f 2268 2268 2211
f 2224 2224 2268
f 2224 2224 2268
f 2268 2268 2211
f 2224 2268 2268
f 2205 2299 2303
f 2299 2287 2305
f 2303 2305 2289
f 2299 2305 2303
f 2287 2300 2310
f 2300 2284 2308
f 2310 2308 2291
f 2300 2308 2310
f 2289 2311 2304
f 2311 2291 2309
f 2304 2309 2285
f 2311 2309 2304
f 2287 2310 2305
f 2310 2291 2311
f 2305 2311 2289
f 2310 2311 2305
f 2284 2302 2314
f 2302 2288 2316
f 2314 2316 2292
f 2302 2316 2314
f 2288 2301 2312
f 2301 228 354
f 2312 354 263
f 2301 354 2312
f 2292 2318 2315
f 2318 263 355
f 2315 355 237
f 2318 355 2315
f 2288 2312 2316
f 2312 263 2318
f 2316 2318 2292
f 2312 2318 2316
f 2285 2319 2307
f 2319 2293 2321
f 2307 2321 2290
f 2319 2321 2307
f 2293 2320 2323
f 2320 237 352
f 2323 352 262
f 2320 352 2323
f 2290 2313 2306
f 2313 262 351
f 2306 351 226
f 2313 351 2306
f 2293 2323 2321
f 2323 262 2313
f 2321 2313 2290
f 2323 2313 2321
f 2284 2314 2308
f 2314 2292 2317
f 2308 2317 2291
f 2314 2317 2308
f 2292 2315 2324
f 2315 237 2320
f 2324 2320 2293
f 2315 2320 2324
f 2291 2322 2309
f 2322 2293 2319
f 2309 2319 2285
f 2322 2319 2309
f 2292 2324 2317
f 2324 2293 2322
f 2317 2322 2291
f 2324 2322 2317
f 2205 2303 2303
f 2303 2289 2289
f 2303 2289 2289
f 2303 2289 2303
f 2289 2304 2304
f 2304 2285 2285
f 2304 2285 2285
f 2304 2285 2304
f 2289 2304 2304
f 2304 2285 2285
f 2304 2285 2285
f 2304 2285 2304
f 2289 2304 2289
f 2304 2285 2304
f 2289 2304 2289
f 2304 2304 2289
f 2285 2307 2307
f 2307 2290 2290
f 2307 2290 2290
f 2307 2290 2307
f 2290 2306 2306
f 2306 226 226
f 2306 226 226
f 2306 226 2306
f 2290 2306 2306
f 2306 226 226
f 2306 226 226
f 2306 226 2306
f 2290 2306 2290
f 2306 226 2306
f 2290 2306 2290
f 2306 2306 2290
f 2285 2307 2307
f 2307 2290 2290
f 2307 2290 2290
f 2307 2290 2307
f 2290 2306 2306
f 2306 226 226
f 2306 226 226
f 2306 226 2306
f 2290 2306 2306
f 2306 226 226
f 2306 226 226
f 2306 226 2306
f 2290 2306 2290
f 2306 226 2306
f 2290 2306 2290
f 2306 2306 2290
f 2285 2307 2285
f 2307 2290 2307
f 2285 2307 2285
f 2307 2307 2285
f 2290 2306 2290
f 2306 226 2306
f 2290 2306 2290
f 2306 2306 2290
f 2285 2307 2285
f 2307 2290 2307
f 2285 2307 2285
f 2307 2307 2285
f 2290 2290 2307
f 2290 2290 2307
f 2307 2307 2285
f 2290 2307 2307
f 2206 2270 2333
f 2270 2225 2335
f 2333 2335 2296
f 2270 2335 2333
f 2225 2271 2343
f 2271 2211 2341
f 2343 2341 2298
f 2271 2341 2343
f 2296 2345 2334
f 2345 2298 2342
f 2334 2342 2286
f 2345 2342 2334
f 2225 2343 2335
f 2343 2298 2345
f 2335 2345 2296
f 2343 2345 2335
f 2211 2268 2327
f 2268 2224 2329
f 2327 2329 2294
f 2268 2329 2327
f 2224 2267 2325
f 2267 2205 2303
f 2325 2303 2289
f 2267 2303 2325
f 2294 2328 2326
f 2328 2289 2304
f 2326 2304 2285
f 2328 2304 2326
f 2224 2325 2329
f 2325 2289 2328
f 2329 2328 2294
f 2325 2328 2329
f 2286 2337 2331
f 2337 2297 2340
f 2331 2340 2295
f 2337 2340 2331
f 2297 2336 2338
f 2336 2285 2307
f 2338 2307 2290
f 2336 2307 2338
f 2295 2332 2330
f 2332 2290 2306
f 2330 2306 226
f 2332 2306 2330
f 2297 2338 2340
f 2338 2290 2332
f 2340 2332 2295
f 2338 2332 2340
f 2211 2327 2341
f 2327 2294 2344
f 2341 2344 2298
f 2327 2344 2341
f 2294 2326 2339
f 2326 2285 2336
f 2339 2336 2297
f 2326 2336 2339
f 2298 2346 2342
f 2346 2297 2337
f 2342 2337 2286
f 2346 2337 2342
f 2294 2339 2344
f 2339 2297 2346
f 2344 2346 2298
f 2339 2346 2344
f 2206 2333 2333
f 2333 2296 2296
f 2333 2296 2296
f 2333 2296 2333
f 2296 2334 2334
f 2334 2286 2286
f 2334 2286 2286
f 2334 2286 2334
f 2296 2334 2334
f 2334 2286 2286
f 2334 2286 2286
f 2334 2286 2334
f 2296 2334 2296
f 2334 2286 2334
f 2296 2334 2296
f 2334 2334 2296
f 2286 2331 2331
f 2331 2295 2295
f 2331 2295 2295
f 2331 2295 2331
f 2295 2330 2330
f 2330 226 226
f 2330 226 226
f 2330 226 2330
f 2295 2330 2330
f 2330 226 226
f 2330 226 226
f 2330 226 2330
f 2295 2330 2295
f 2330 226 2330
f 2295 2330 2295
f 2330 2330 2295
f 2286 2331 2331
f 2331 2295 2295
f 2331 2295 2295
f 2331 2295 2331
f 2295 2330 2330
f 2330 226 226
f 2330 226 226
f 2330 226 2330
f 2295 2330 2330
f 2330 226 226
f 2330 226 226
f 2330 226 2330
f 2295 2330 2295
f 2330 226 2330
f 2295 2330 2295
f 2330 2330 2295
f 2286 2331 2286
f 2331 2295 2331
f 2286 2331 2286
f 2331 2331 2286
f 2295 2330 2295
f 2330 226 2330
f 2295 2330 2295
f 2330 2330 2295
f 2286 2331 2286
f 2331 2295 2331
f 2286 2331 2286
f 2331 2331 2286
f 2295 2295 2331
f 2295 2295 2331
f 2331 2331 2286
f 2295 2331 2331
f 2205 2365 2299
f 2365 2350 2369
f 2299 2369 2287
f 2365 2369 2299
f 2350 2366 2372
f 2366 2347 2370
f 2372 2370 2352
f 2366 2370 2372
f 2287 2373 2300
f 2373 2352 2371
f 2300 2371 2284
f 2373 2371 2300
f 2350 2372 2369
f 2372 2352 2373
f 2369 2373 2287
f 2372 2373 2369
f 2347 2368 2376
f 2368 2351 2378
f 2376 2378 2353
f 2368 2378 2376
f 2351 2367 2374
f 2367 229 402
f 2374 402 275
f 2367 402 2374
f 2353 2380 2377
f 2380 275 403
f 2377 403 240
f 2380 403 2377
f 2351 2374 2378
f 2374 275 2380
f 2378 2380 2353
f 2374 2380 2378
f 2284 2381 2302
f 2381 2354 2383
f 2302 2383 2288
f 2381 2383 2302
f 2354 2382 2385
f 2382 240 400
f 2385 400 274
f 2382 400 2385
f 2288 2375 2301
f 2375 274 399
f 2301 399 228
f 2375 399 2301
f 2354 2385 2383
f 2385 274 2375
f 2383 2375 2288
f 2385 2375 2383
f 2347 2376 2370
f 2376 2353 2379
f 2370 2379 2352
f 2376 2379 2370
f 2353 2377 2386
f 2377 240 2382
f 2386 2382 2354
f 2377 2382 2386
f 2352 2384 2371
f 2384 2354 2381
f 2371 2381 2284
f 2384 2381 2371
f 2353 2386 2379
f 2386 2354 2384
f 2379 2384 2352
f 2386 2384 2379
f 2205 2299 2299
f 2299 2287 2287
f 2299 2287 2287
f 2299 2287 2299
f 2287 2300 2300
f 2300 2284 2284
f 2300 2284 2284
f 2300 2284 2300
f 2287 2300 2300
f 2300 2284 2284
f 2300 2284 2284
f 2300 2284 2300
f 2287 2300 2287
f 2300 2284 2300
f 2287 2300 2287
f 2300 2300 2287
f 2284 2302 2302
f 2302 2288 2288
f 2302 2288 2288
f 2302 2288 2302
f 2288 2301 2301
f 2301 228 228
f 2301 228 228
f 2301 228 2301
f 2288 2301 2301
f 2301 228 228
f 2301 228 228
f 2301 228 2301
f 2288 2301 2288
f 2301 228 2301
f 2288 2301 2288
f 2301 2301 2288
f 2284 2302 2302
f 2302 2288 2288
f 2302 2288 2288
f 2302 2288 2302
f 2288 2301 2301
f 2301 228 228
f 2301 228 228
f 2301 228 2301
f 2288 2301 2301
f 2301 228 228
f 2301 228 228
f 2301 228 2301
f 2288 2301 2288
f 2301 228 2301
f 2288 2301 2288
f 2301 2301 2288
f 2284 2302 2284
f 2302 2288 2302
f 2284 2302 2284
f 2302 2302 2284
f 2288 2301 2288
f 2301 228 2301
f 2288 2301 2288
f 2301 2301 2288
f 2284 2302 2284
f 2302 2288 2302
f 2284 2302 2284
f 2302 2302 2284
f 2288 2288 2302
f 2288 2288 2302
f 2302 2302 2284
f 2288 2302 2302
f 232 484 2414
f 484 298 2416
f 2414 2416 2361
f 484 2416 2414
f 298 485 2422
f 485 247 2420
f 2422 2420 2363
f 485 2420 2422
f 2361 2424 2415
f 2424 2363 2421
f 2415 2421 2349
f 2424 2421 2415
f 298 2422 2416
f 2422 2363 2424
f 2416 2424 2361
f 2422 2424 2416
f 247 482 2404
f 482 297 2406
f 2404 2406 2359
f 482 2406 2404
f 297 481 2395
f 481 229 2392
f 2395 2392 2356
f 481 2392 2395
f 2359 2407 2405
f 2407 2356 2393
f 2405 2393 2348
f 2407 2393 2405
f 297 2395 2406
f 2395 2356 2407
f 2406 2407 2359
f 2395 2407 2406
f 2349 2426 2418
f 2426 2364 2429
f 2418 2429 2362
f 2426 2429 2418
f 2364 2425 2427
f 2425 2348 2397
f 2427 2397 2357
f 2425 2397 2427
f 2362 2419 2417
f 2419 2357 2396
f 2417 2396 2204
f 2419 2396 2417
f 2364 2427 2429
f 2427 2357 2419
f 2429 2419 2362
f 2427 2419 2429
f 247 2404 2420
f 2404 2359 2423
f 2420 2423 2363
f 2404 2423 2420
f 2359 2405 2428
f 2405 2348 2425
f 2428 2425 2364
f 2405 2425 2428
f 2363 2430 2421
f 2430 2364 2426
f 2421 2426 2349
f 2430 2426 2421
f 2359 2428 2423
f 2428 2364 2430
f 2423 2430 2363
f 2428 2430 2423
f 232 2414 2414
f 2414 2361 2361
f 2414 2361 2361
f 2414 2361 2414
f 2361 2415 2415
f 2415 2349 2349
f 2415 2349 2349
f 2415 2349 2415
f 2361 2415 2415
f 2415 2349 2349
f 2415 2349 2349
f 2415 2349 2415
f 2361 2415 2361
f 2415 2349 2415
f 2361 2415 2361
f 2415 2415 2361
f 2349 2418 2418
f 2418 2362 2362
f 2418 2362 2362
f 2418 2362 2418
f 2362 2417 2417
f 2417 2204 2204
f 2417 2204 2204
f 2417 2204 2417
f 2362 2417 2417
f 2417 2204 2204
f 2417 2204 2204
f 2417 2204 2417
f 2362 2417 2362
f 2417 2204 2417
f 2362 2417 2362
f 2417 2417 2362
f 2349 2418 2418
f 2418 2362 2362
f 2418 2362 2362
f 2418 2362 2418
f 2362 2417 2417
f 2417 2204 2204
f 2417 2204 2204
f 2417 2204 2417
f 2362 2417 2417
f 2417 2204 2204
f 2417 2204 2204
f 2417 2204 2417
f 2362 2417 2362
f 2417 2204 2417
f 2362 2417 2362
f 2417 2417 2362
f 2349 2418 2349
f 2418 2362 2418
f 2349 2418 2349
f 2418 2418 2349
f 2362 2417 2362
f 2417 2204 2417
f 2362 2417 2362
f 2417 2417 2362
f 2349 2418 2349
f 2418 2362 2418
f 2349 2418 2349
f 2418 2418 2349
f 2362 2362 2418
f 2362 2362 2418
f 2418 2418 2349
f 2362 2418 2418
f 229 2367 2392
f 2367 2351 2394
f 2392 2394 2356
f 2367 2394 2392
f 2351 2368 2401
f 2368 2347 2399
f 2401 2399 2358
f 2368 2399 2401
f 2356 2403 2393
f 2403 2358 2400
f 2393 2400 2348
f 2403 2400 2393
f 2351 2401 2394
f 2401 2358 2403
f 2394 2403 2356
f 2401 2403 2394
f 2347 2366 2388
f 2366 2350 2390
f 2388 2390 2355
f 2366 2390 2388
f 2350 2365 2387
f 2365 2205 2244
f 2387 2244 2218
f 2365 2244 2387
f 2355 2391 2389
f 2391 2218 2245
f 2389 2245 2209
f 2391 2245 2389
f 2350 2387 2390
f 2387 2218 2391
f 2390 2391 2355
f 2387 2391 2390
f 2348 2409 2397
f 2409 2360 2412
f 2397 2412 2357
f 2409 2412 2397
f 2360 2408 2410
f 2408 2209 2242
f 2410 2242 2217
f 2408 2242 2410
f 2357 2398 2396
f 2398 2217 2241
f 2396 2241 2204
f 2398 2241 2396
f 2360 2410 2412
f 2410 2217 2398
f 2412 2398 2357
f 2410 2398 2412
f 2347 2388 2399
f 2388 2355 2402
f 2399 2402 2358
f 2388 2402 2399
f 2355 2389 2411
f 2389 2209 2408
f 2411 2408 2360
f 2389 2408 2411
f 2358 2413 2400
f 2413 2360 2409
f 2400 2409 2348
f 2413 2409 2400
f 2355 2411 2402
f 2411 2360 2413
f 2402 2413 2358
f 2411 2413 2402
f 229 2392 2392
f 2392 2356 2356
f 2392 2356 2356
f 2392 2356 2392
f 2356 2393 2393
f 2393 2348 2348
f 2393 2348 2348
f 2393 2348 2393
f 2356 2393 2393
f 2393 2348 2348
f 2393 2348 2348
f 2393 2348 2393
f 2356 2393 2356
f 2393 2348 2393
f 2356 2393 2356
f 2393 2393 2356
f 2348 2397 2397
f 2397 2357 2357
f 2397 2357 2357
f 2397 2357 2397
f 2357 2396 2396
f 2396 2204 2204
f 2396 2204 2204
f 2396 2204 2396
f 2357 2396 2396
f 2396 2204 2204
f 2396 2204 2204
f 2396 2204 2396
f 2357 2396 2357
f 2396 2204 2396
f 2357 2396 2357
f 2396 2396 2357
f 2348 2397 2397
f 2397 2357 2357
f 2397 2357 2357
f 2397 2357 2397
f 2357 2396 2396
f 2396 2204 2204
f 2396 2204 2204
f 2396 2204 2396
f 2357 2396 2396
f 2396 2204 2204
f 2396 2204 2204
f 2396 2204 2396
f 2357 2396 2357
f 2396 2204 2396
f 2357 2396 2357
f 2396 2396 2357
f 2348 2397 2348
f 2397 2357 2397
f 2348 2397 2348
f 2397 2397 2348
f 2357 2396 2357
f 2396 2204 2396
f 2357 2396 2357
f 2396 2396 2357
f 2348 2397 2348
f 2397 2357 2397
f 2348 2397 2348
f 2397 2397 2348
f 2357 2357 2397
f 2357 2357 2397
f 2397 2397 2348
f 2357 2397 2397
f 2203 2443 2447
f 2443 2433 2449
f 2447 2449 2435
f 2443 2449 2447
f 2433 2444 2454
f 2444 2431 2452
f 2454 2452 2437
f 2444 2452 2454
f 2435 2455 2448
f 2455 2437 2453
f 2448 2453 2432
f 2455 2453 2448
f 2433 2454 2449
f 2454 2437 2455
f 2449 2455 2435
f 2454 2455 2449
f 2431 2446 2458
f 2446 2434 2460
f 2458 2460 2438
f 2446 2460 2458
f 2434 2445 2456
f 2445 233 563
f 2456 563 318
f 2445 563 2456
f 2438 2462 2459
f 2462 318 564
f 2459 564 252
f 2462 564 2459
f 2434 2456 2460
f 2456 318 2462
f 2460 2462 2438
f 2456 2462 2460
f 2432 2463 2451
f 2463 2439 2465
f 2451 2465 2436
f 2463 2465 2451
f 2439 2464 2467
f 2464 252 561
f 2467 561 317
f 2464 561 2467
f 2436 2457 2450
f 2457 317 560
f 2450 560 232
f 2457 560 2450
f 2439 2467 2465
f 2467 317 2457
f 2465 2457 2436
f 2467 2457 2465
f 2431 2458 2452
f 2458 2438 2461
f 2452 2461 2437
f 2458 2461 2452
f 2438 2459 2468
f 2459 252 2464
f 2468 2464 2439
f 2459 2464 2468
f 2437 2466 2453
f 2466 2439 2463
f 2453 2463 2432
f 2466 2463 2453
f 2438 2468 2461
f 2468 2439 2466
f 2461 2466 2437
f 2468 2466 2461
f 2203 2447 2447
f 2447 2435 2435
f 2447 2435 2435
f 2447 2435 2447
f 2435 2448 2448
f 2448 2432 2432
f 2448 2432 2432
f 2448 2432 2448
f 2435 2448 2448
f 2448 2432 2432
f 2448 2432 2432
f 2448 2432 2448
f 2435 2448 2435
f 2448 2432 2448
f 2435 2448 2435
f 2448 2448 2435
f 2432 2451 2451
f 2451 2436 2436
f 2451 2436 2436
f 2451 2436 2451
f 2436 2450 2450
f 2450 232 232
f 2450 232 232
f 2450 232 2450
f 2436 2450 2450
f 2450 232 232
f 2450 232 232
f 2450 232 2450
f 2436 2450 2436
f 2450 232 2450
f 2436 2450 2436
f 2450 2450 2436
f 2432 2451 2451
f 2451 2436 2436
f 2451 2436 2436
f 2451 2436 2451
f 2436 2450 2450
f 2450 232 232
f 2450 232 232
f 2450 232 2450
f 2436 2450 2450
f 2450 232 232
f 2450 232 232
f 2450 232 2450
f 2436 2450 2436
f 2450 232 2450
f 2436 2450 2436
f 2450 2450 2436
f 2432 2451 2432
f 2451 2436 2451
f 2432 2451 2432
f 2451 2451 2432
f 2436 2450 2436
f 2450 232 2450
f 2436 2450 2436
f 2450 2450 2436
f 2432 2451 2432
f 2451 2436 2451
f 2432 2451 2432
f 2451 2451 2432
f 2436 2436 2451
f 2436 2436 2451
f 2451 2451 2432
f 2436 2451 2451
f 2204 2230 2417
f 2230 2213 2475
f 2417 2475 2362
f 2230 2475 2417
f 2213 2231 2483
f 2231 2207 2481
f 2483 2481 2442
f 2231 2481 2483
f 2362 2485 2418
f 2485 2442 2482
f 2418 2482 2349
f 2485 2482 2418
f 2213 2483 2475
f 2483 2442 2485
f 2475 2485 2362
f 2483 2485 2475
f 2207 2229 2471
f 2229 2212 2473
f 2471 2473 2440
f 2229 2473 2471
f 2212 2228 2469
f 2228 2203 2447
f 2469 2447 2435
f 2228 2447 2469
f 2440 2472 2470
f 2472 2435 2448
f 2470 2448 2432
f 2472 2448 2470
f 2212 2469 2473
f 2469 2435 2472
f 2473 2472 2440
f 2469 2472 2473
f 2349 2477 2415
f 2477 2441 2480
f 2415 2480 2361
f 2477 2480 2415
f 2441 2476 2478
f 2476 2432 2451
f 2478 2451 2436
f 2476 2451 2478
f 2361 2474 2414
f 2474 2436 2450
f 2414 2450 232
f 2474 2450 2414
f 2441 2478 2480
f 2478 2436 2474
f 2480 2474 2361
f 2478 2474 2480
f 2207 2471 2481
f 2471 2440 2484
f 2481 2484 2442
f 2471 2484 2481
f 2440 2470 2479
f 2470 2432 2476
f 2479 2476 2441
f 2470 2476 2479
f 2442 2486 2482
f 2486 2441 2477
f 2482 2477 2349
f 2486 2477 2482
f 2440 2479 2484
f 2479 2441 2486
f 2484 2486 2442
f 2479 2486 2484
f 2204 2417 2417
f 2417 2362 2362
f 2417 2362 2362
f 2417 2362 2417
f 2362 2418 2418
f 2418 2349 2349
f 2418 2349 2349
f 2418 2349 2418
f 2362 2418 2418
f 2418 2349 2349
f 2418 2349 2349
f 2418 2349 2418
f 2362 2418 2362
f 2418 2349 2418
f 2362 2418 2362
f 2418 2418 2362
f 2349 2415 2415
f 2415 2361 2361
f 2415 2361 2361
f 2415 2361 2415
f 2361 2414 2414
f 2414 232 232
f 2414 232 232
f 2414 232 2414
f 2361 2414 2414
f 2414 232 232
f 2414 232 232
f 2414 232 2414
f 2361 2414 2361
f 2414 232 2414
f 2361 2414 2361
f 2414 2414 2361
f 2349 2415 2415
f 2415 2361 2361
f 2415 2361 2361
f 2415 2361 2415
f 2361 2414 2414
f 2414 232 232
f 2414 232 232
f 2414 232 2414
f 2361 2414 2414
f 2414 232 232
f 2414 232 232
f 2414 232 2414
f 2361 2414 2361
f 2414 232 2414
f 2361 2414 2361
f 2414 2414 2361
f 2349 2415 2349
f 2415 2361 2415
f 2349 2415 2349
f 2415 2415 2349
f 2361 2414 2361
f 2414 232 2414
f 2361 2414 2361
f 2414 2414 2361
f 2349 2415 2349
f 2415 2361 2415
f 2349 2415 2349
f 2415 2415 2349
f 2361 2361 2415
f 2361 2361 2415
f 2415 2415 2349
f 2361 2415 2415
f 2203 2502 2443
f 2502 2489 2506
f 2443 2506 2433
f 2502 2506 2443
f 2489 2503 2509
f 2503 2487 2507
f 2509 2507 2491
f 2503 2507 2509
f 2433 2510 2444
f 2510 2491 2508
f 2444 2508 2431
f 2510 2508 2444
f 2489 2509 2506
f 2509 2491 2510
f 2506 2510 2433
f 2509 2510 2506
f 2487 2505 2513
f 2505 2490 2515
f 2513 2515 2492
f 2505 2515 2513
f 2490 2504 2511
f 2504 227 529
f 2511 529 309
f 2504 529 2511
f 2492 2517 2514
f 2517 309 530
f 2514 530 250
f 2517 530 2514
f 2490 2511 2515
f 2511 309 2517
f 2515 2517 2492
f 2511 2517 2515
f 2431 2518 2446
f 2518 2493 2520
f 2446 2520 2434
f 2518 2520 2446
f 2493 2519 2522
f 2519 250 533
f 2522 533 310
f 2519 533 2522
f 2434 2512 2445
f 2512 310 532
f 2445 532 233
f 2512 532 2445
f 2493 2522 2520
f 2522 310 2512
f 2520 2512 2434
f 2522 2512 2520
f 2487 2513 2507
f 2513 2492 2516
f 2507 2516 2491
f 2513 2516 2507
f 2492 2514 2523
f 2514 250 2519
f 2523 2519 2493
f 2514 2519 2523
f 2491 2521 2508
f 2521 2493 2518
f 2508 2518 2431
f 2521 2518 2508
f 2492 2523 2516
f 2523 2493 2521
f 2516 2521 2491
f 2523 2521 2516
f 2203 2443 2443
f 2443 2433 2433
f 2443 2433 2433
f 2443 2433 2443
f 2433 2444 2444
f 2444 2431 2431
f 2444 2431 2431
f 2444 2431 2444
f 2433 2444 2444
f 2444 2431 2431
f 2444 2431 2431
f 2444 2431 2444
f 2433 2444 2433
f 2444 2431 2444
f 2433 2444 2433
f 2444 2444 2433
f 2431 2446 2446
f 2446 2434 2434
f 2446 2434 2434
f 2446 2434 2446
f 2434 2445 2445
f 2445 233 233
f 2445 233 233
f 2445 233 2445
f 2434 2445 2445
f 2445 233 233
f 2445 233 233
f 2445 233 2445
f 2434 2445 2434
f 2445 233 2445
f 2434 2445 2434
f 2445 2445 2434
f 2431 2446 2446
f 2446 2434 2434
f 2446 2434 2434
f 2446 2434 2446
f 2434 2445 2445
f 2445 233 233
f 2445 233 233
f 2445 233 2445
f 2434 2445 2445
f 2445 233 233
f 2445 233 233
f 2445 233 2445
f 2434 2445 2434
f 2445 233 2445
f 2434 2445 2434
f 2445 2445 2434
f 2431 2446 2431
f 2446 2434 2446
f 2431 2446 2431
f 2446 2446 2431
f 2434 2445 2434
f 2445 233 2445
f 2434 2445 2434
f 2445 2445 2434
f 2431 2446 2431
f 2446 2434 2446
f 2431 2446 2431
f 2446 2446 2431
f 2434 2434 2446
f 2434 2434 2446
f 2446 2446 2431
f 2434 2446 2446
f 226 325 2330
f 325 255 2551
f 2330 2551 2295
f 325 2551 2330
f 255 326 2555
f 326 235 2553
f 2555 2553 2500
f 326 2553 2555
f 2295 2557 2331
f 2557 2500 2554
f 2331 2554 2286
f 2557 2554 2331
f 255 2555 2551
f 2555 2500 2557
f 2551 2557 2295
f 2555 2557 2551
f 235 329 2541
f 329 256 2543
f 2541 2543 2498
f 329 2543 2541
f 256 328 2532
f 328 227 2529
f 2532 2529 2495
f 328 2529 2532
f 2498 2544 2542
f 2544 2495 2530
f 2542 2530 2488
f 2544 2530 2542
f 256 2532 2543
f 2532 2495 2544
f 2543 2544 2498
f 2532 2544 2543
f 2286 2559 2334
f 2559 2501 2562
f 2334 2562 2296
f 2559 2562 2334
f 2501 2558 2560
f 2558 2488 2534
f 2560 2534 2496
f 2558 2534 2560
f 2296 2552 2333
f 2552 2496 2533
f 2333 2533 2206
f 2552 2533 2333
f 2501 2560 2562
f 2560 2496 2552
f 2562 2552 2296
f 2560 2552 2562
f 235 2541 2553
f 2541 2498 2556
f 2553 2556 2500
f 2541 2556 2553
f 2498 2542 2561
f 2542 2488 2558
f 2561 2558 2501
f 2542 2558 2561
f 2500 2563 2554
f 2563 2501 2559
f 2554 2559 2286
f 2563 2559 2554
f 2498 2561 2556
f 2561 2501 2563
f 2556 2563 2500
f 2561 2563 2556
f 226 2330 2330
f 2330 2295 2295
f 2330 2295 2295
f 2330 2295 2330
f 2295 2331 2331
f 2331 2286 2286
f 2331 2286 2286
f 2331 2286 2331
f 2295 2331 2331
f 2331 2286 2286
f 2331 2286 2286
f 2331 2286 2331
f 2295 2331 2295
f 2331 2286 2331
f 2295 2331 2295
f 2331 2331 2295
f 2286 2334 2334
f 2334 2296 2296
f 2334 2296 2296
f 2334 2296 2334
f 2296 2333 2333
f 2333 2206 2206
f 2333 2206 2206
f 2333 2206 2333
f 2296 2333 2333
f 2333 2206 2206
f 2333 2206 2206
f 2333 2206 2333
f 2296 2333 2296
f 2333 2206 2333
f 2296 2333 2296
f 2333 2333 2296
f 2286 2334 2334
f 2334 2296 2296
f 2334 2296 2296
f 2334 2296 2334
f 2296 2333 2333
f 2333 2206 2206
f 2333 2206 2206
f 2333 2206 2333
f 2296 2333 2333
f 2333 2206 2206
f 2333 2206 2206
f 2333 2206 2333
f 2296 2333 2296
f 2333 2206 2333
f 2296 2333 2296
f 2333 2333 2296
f 2286 2334 2286
f 2334 2296 2334
f 2286 2334 2286
f 2334 2334 2286
f 2296 2333 2296
f 2333 2206 2333
f 2296 2333 2296
f 2333 2333 2296
f 2286 2334 2286
f 2334 2296 2334
f 2286 2334 2286
f 2334 2334 2286
f 2296 2296 2334
f 2296 2296 2334
f 2334 2334 2286
f 2296 2334 2334
f 227 2504 2529
f 2504 2490 2531
f 2529 2531 2495
f 2504 2531 2529
f 2490 2505 2538
f 2505 2487 2536
f 2538 2536 2497
f 2505 2536 2538
f 2495 2540 2530
f 2540 2497 2537
f 2530 2537 2488
f 2540 2537 2530
f 2490 2538 2531
f 2538 2497 2540
f 2531 2540 2495
f 2538 2540 2531
f 2487 2503 2525
f 2503 2489 2527
f 2525 2527 2494
f 2503 2527 2525
f 2489 2502 2524
f 2502 2203 2258
f 2524 2258 2221
f 2502 2258 2524
f 2494 2528 2526
f 2528 2221 2259
f 2526 2259 2210
f 2528 2259 2526
f 2489 2524 2527
f 2524 2221 2528
f 2527 2528 2494
f 2524 2528 2527
f 2488 2546 2534
f 2546 2499 2549
f 2534 2549 2496
f 2546 2549 2534
f 2499 2545 2547
f 2545 2210 2262
f 2547 2262 2222
f 2545 2262 2547
f 2496 2535 2533
f 2535 2222 2261
f 2533 2261 2206
f 2535 2261 2533
f 2499 2547 2549
f 2547 2222 2535
f 2549 2535 2496
f 2547 2535 2549
f 2487 2525 2536
f 2525 2494 2539
f 2536 2539 2497
f 2525 2539 2536
f 2494 2526 2548
f 2526 2210 2545
f 2548 2545 2499
f 2526 2545 2548
f 2497 2550 2537
f 2550 2499 2546
f 2537 2546 2488
f 2550 2546 2537
f 2494 2548 2539
f 2548 2499 2550
f 2539 2550 2497
f 2548 2550 2539
f 227 2529 2529
f 2529 2495 2495
f 2529 2495 2495
f 2529 2495 2529
f 2495 2530 2530
f 2530 2488 2488
f 2530 2488 2488
f 2530 2488 2530
f 2495 2530 2530
f 2530 2488 2488
f 2530 2488 2488
f 2530 2488 2530
f 2495 2530 2495
f 2530 2488 2530
f 2495 2530 2495
f 2530 2530 2495
f 2488 2534 2534
f 2534 2496 2496
f 2534 2496 2496
f 2534 2496 2534
f 2496 2533 2533
f 2533 2206 2206
f 2533 2206 2206
f 2533 2206 2533
f 2496 2533 2533
f 2533 2206 2206
f 2533 2206 2206
f 2533 2206 2533
f 2496 2533 2496
f 2533 2206 2533
f 2496 2533 2496
f 2533 2533 2496
f 2488 2534 2534
f 2534 2496 2496
f 2534 2496 2496
f 2534 2496 2534
f 2496 2533 2533
f 2533 2206 2206
f 2533 2206 2206
f 2533 2206 2533
f 2496 2533 2533
f 2533 2206 2206
f 2533 2206 2206
f 2533 2206 2533
f 2496 2533 2496
f 2533 2206 2533
f 2496 2533 2496
f 2533 2533 2496
f 2488 2534 2488
f 2534 2496 2534
f 2488 2534 2488
f 2534 2534 2488
f 2496 2533 2496
f 2533 2206 2533
f 2496 2533 2496
f 2533 2533 2496
f 2488 2534 2488
f 2534 2496 2534
f 2488 2534 2488
f 2534 2534 2488
f 2496 2496 2534
f 2496 2496 2534
f 2534 2534 2488
f 2496 2534 2534
f 2564 2589 2593
f 2589 2573 2595
f 2593 2595 2575
f 2589 2595 2593
f 2573 2590 2600
f 2590 2568 2598
f 2600 2598 2577
f 2590 2598 2600
f 2575 2601 2594
f 2601 2577 2599
f 2594 2599 2569
f 2601 2599 2594
f 2573 2600 2595
f 2600 2577 2601
f 2595 2601 2575
f 2600 2601 2595
f 2568 2592 2608
f 2592 2574 2610
f 2608 2610 2580
f 2592 2610 2608
f 2574 2591 2604
f 2591 2565 2602
f 2604 2602 2578
f 2591 2602 2604
f 2580 2612 2609
f 2612 2578 2603
f 2609 2603 2570
f 2612 2603 2609
f 2574 2604 2610
f 2604 2578 2612
f 2610 2612 2580
f 2604 2612 2610
f 2569 2613 2597
f 2613 2581 2615
f 2597 2615 2576
f 2613 2615 2597
f 2581 2614 2617
f 2614 2570 2606
f 2617 2606 2579
f 2614 2606 2617
f 2576 2607 2596
f 2607 2579 2605
f 2596 2605 2566
f 2607 2605 2596
f 2581 2617 2615
f 2617 2579 2607
f 2615 2607 2576
f 2617 2607 2615
f 2568 2608 2598
f 2608 2580 2611
f 2598 2611 2577
f 2608 2611 2598
f 2580 2609 2618
f 2609 2570 2614
f 2618 2614 2581
f 2609 2614 2618
f 2577 2616 2599
f 2616 2581 2613
f 2599 2613 2569
f 2616 2613 2599
f 2580 2618 2611
f 2618 2581 2616
f 2611 2616 2577
f 2618 2616 2611
f 2564 2593 2593
f 2593 2575 2575
f 2593 2575 2575
f 2593 2575 2593
f 2575 2594 2594
f 2594 2569 2569
f 2594 2569 2569
f 2594 2569 2594
f 2575 2594 2594
f 2594 2569 2569
f 2594 2569 2569
f 2594 2569 2594
f 2575 2594 2575
f 2594 2569 2594
f 2575 2594 2575
f 2594 2594 2575
f 2569 2597 2597
f 2597 2576 2576
f 2597 2576 2576
f 2597 2576 2597
f 2576 2596 2596
f 2596 2566 2566
f 2596 2566 2566
f 2596 2566 2596
f 2576 2596 2596
f 2596 2566 2566
f 2596 2566 2566
f 2596 2566 2596
f 2576 2596 2576
f 2596 2566 2596
f 2576 2596 2576
f 2596 2596 2576
f 2569 2597 2597
f 2597 2576 2576
f 2597 2576 2576
f 2597 2576 2597
f 2576 2596 2596
f 2596 2566 2566
f 2596 2566 2566
f 2596 2566 2596
f 2576 2596 2596
f 2596 2566 2566
f 2596 2566 2566
f 2596 2566 2596
f 2576 2596 2576
f 2596 2566 2596
f 2576 2596 2576
f 2596 2596 2576
f 2569 2597 2569
f 2597 2576 2597
f 2569 2597 2569
f 2597 2597 2569
f 2576 2596 2576
f 2596 2566 2596
f 2576 2596 2576
f 2596 2596 2576
f 2569 2597 2569
f 2597 2576 2597
f 2569 2597 2569
f 2597 2597 2569
f 2576 2576 2597
f 2576 2576 2597
f 2597 2597 2569
f 2576 2597 2597
f 2567 2622 2631
f 2622 2583 2633
f 2631 2633 2586
f 2622 2633 2631
f 2583 2623 2641
f 2623 2571 2639
f 2641 2639 2588
f 2623 2639 2641
f 2586 2643 2632
f 2643 2588 2640
f 2632 2640 2572
f 2643 2640 2632
f 2583 2641 2633
f 2641 2588 2643
f 2633 2643 2586
f 2641 2643 2633
f 2571 2620 2625
f 2620 2582 2627
f 2625 2627 2584
f 2620 2627 2625
f 2582 2619 2621
f 2619 2564 2593
f 2621 2593 2575
f 2619 2593 2621
f 2584 2626 2624
f 2626 2575 2594
f 2624 2594 2569
f 2626 2594 2624
f 2582 2621 2627
f 2621 2575 2626
f 2627 2626 2584
f 2621 2626 2627
f 2572 2635 2629
f 2635 2587 2638
f 2629 2638 2585
f 2635 2638 2629
f 2587 2634 2636
f 2634 2569 2597
f 2636 2597 2576
f 2634 2597 2636
f 2585 2630 2628
f 2630 2576 2596
f 2628 2596 2566
f 2630 2596 2628
f 2587 2636 2638
f 2636 2576 2630
f 2638 2630 2585
f 2636 2630 2638
f 2571 2625 2639
f 2625 2584 2642
f 2639 2642 2588
f 2625 2642 2639
f 2584 2624 2637
f 2624 2569 2634
f 2637 2634 2587
f 2624 2634 2637
f 2588 2644 2640
f 2644 2587 2635
f 2640 2635 2572
f 2644 2635 2640
f 2584 2637 2642
f 2637 2587 2644
f 2642 2644 2588
f 2637 2644 2642
f 2567 2631 2631
f 2631 2586 2586
f 2631 2586 2586
f 2631 2586 2631
f 2586 2632 2632
f 2632 2572 2572
f 2632 2572 2572
f 2632 2572 2632
f 2586 2632 2632
f 2632 2572 2572
f 2632 2572 2572
f 2632 2572 2632
f 2586 2632 2586
f 2632 2572 2632
f 2586 2632 2586
f 2632 2632 2586
f 2572 2629 2629
f 2629 2585 2585
f 2629 2585 2585
f 2629 2585 2629
f 2585 2628 2628
f 2628 2566 2566
f 2628 2566 2566
f 2628 2566 2628
f 2585 2628 2628
f 2628 2566 2566
f 2628 2566 2566
f 2628 2566 2628
f 2585 2628 2585
f 2628 2566 2628
f 2585 2628 2585
f 2628 2628 2585
f 2572 2629 2629
f 2629 2585 2585
f 2629 2585 2585
f 2629 2585 2629
f 2585 2628 2628
f 2628 2566 2566
f 2628 2566 2566
f 2628 2566 2628
f 2585 2628 2628
f 2628 2566 2566
f 2628 2566 2566
f 2628 2566 2628
f 2585 2628 2585
f 2628 2566 2628
f 2585 2628 2585
f 2628 2628 2585
f 2572 2629 2572
f 2629 2585 2629
f 2572 2629 2572
f 2629 2629 2572
f 2585 2628 2585
f 2628 2566 2628
f 2585 2628 2585
f 2628 2628 2585
f 2572 2629 2572
f 2629 2585 2629
f 2572 2629 2572
f 2629 2629 2572
f 2585 2585 2629
f 2585 2585 2629
f 2629 2629 2572
f 2585 2629 2629
f 2645 2665 2669
f 2665 2651 2671
f 2669 2671 2653
f 2665 2671 2669
f 2651 2666 2676
f 2666 2647 2674
f 2676 2674 2655
f 2666 2674 2676
f 2653 2677 2670
f 2677 2655 2675
f 2670 2675 2648
f 2677 2675 2670
f 2651 2676 2671
f 2676 2655 2677
f 2671 2677 2653
f 2676 2677 2671
f 2647 2668 2680
f 2668 2652 2682
f 2680 2682 2656
f 2668 2682 2680
f 2652 2667 2678
f 2667 2567 2631
f 2678 2631 2586
f 2667 2631 2678
f 2656 2684 2681
f 2684 2586 2632
f 2681 2632 2572
f 2684 2632 2681
f 2652 2678 2682
f 2678 2586 2684
f 2682 2684 2656
f 2678 2684 2682
f 2648 2685 2673
f 2685 2657 2687
f 2673 2687 2654
f 2685 2687 2673
f 2657 2686 2689
f 2686 2572 2629
f 2689 2629 2585
f 2686 2629 2689
f 2654 2679 2672
f 2679 2585 2628
f 2672 2628 2566
f 2679 2628 2672
f 2657 2689 2687
f 2689 2585 2679
f 2687 2679 2654
f 2689 2679 2687
f 2647 2680 2674
f 2680 2656 2683
f 2674 2683 2655
f 2680 2683 2674
f 2656 2681 2690
f 2681 2572 2686
f 2690 2686 2657
f 2681 2686 2690
f 2655 2688 2675
f 2688 2657 2685
f 2675 2685 2648
f 2688 2685 2675
f 2656 2690 2683
f 2690 2657 2688
f 2683 2688 2655
f 2690 2688 2683
f 2645 2669 2669
f 2669 2653 2653
f 2669 2653 2653
f 2669 2653 2669
f 2653 2670 2670
f 2670 2648 2648
f 2670 2648 2648
f 2670 2648 2670
f 2653 2670 2670
f 2670 2648 2648
f 2670 2648 2648
f 2670 2648 2670
f 2653 2670 2653
f 2670 2648 2670
f 2653 2670 2653
f 2670 2670 2653
f 2648 2673 2673
f 2673 2654 2654
f 2673 2654 2654
f 2673 2654 2673
f 2654 2672 2672
f 2672 2566 2566
f 2672 2566 2566
f 2672 2566 2672
f 2654 2672 2672
f 2672 2566 2566
f 2672 2566 2566
f 2672 2566 2672
f 2654 2672 2654
f 2672 2566 2672
f 2654 2672 2654
f 2672 2672 2654
f 2648 2673 2673
f 2673 2654 2654
f 2673 2654 2654
f 2673 2654 2673
f 2654 2672 2672
f 2672 2566 2566
f 2672 2566 2566
f 2672 2566 2672
f 2654 2672 2672
f 2672 2566 2566
f 2672 2566 2566
f 2672 2566 2672
f 2654 2672 2654
f 2672 2566 2672
f 2654 2672 2654
f 2672 2672 2654
f 2648 2673 2648
f 2673 2654 2673
f 2648 2673 2648
f 2673 2673 2648
f 2654 2672 2654
f 2672 2566 2672
f 2654 2672 2654
f 2672 2672 2654
f 2648 2673 2648
f 2673 2654 2673
f 2648 2673 2648
f 2673 2673 2648
f 2654 2654 2673
f 2654 2654 2673
f 2673 2673 2648
f 2654 2673 2673
f 2646 2694 2703
f 2694 2659 2705
f 2703 2705 2662
f 2694 2705 2703
f 2659 2695 2713
f 2695 2649 2711
f 2713 2711 2664
f 2695 2711 2713
f 2662 2715 2704
f 2715 2664 2712
f 2704 2712 2650
f 2715 2712 2704
f 2659 2713 2705
f 2713 2664 2715
f 2705 2715 2662
f 2713 2715 2705
f 2649 2692 2697
f 2692 2658 2699
f 2697 2699 2660
f 2692 2699 2697
f 2658 2691 2693
f 2691 2645 2669
f 2693 2669 2653
f 2691 2669 2693
f 2660 2698 2696
f 2698 2653 2670
f 2696 2670 2648
f 2698 2670 2696
f 2658 2693 2699
f 2693 2653 2698
f 2699 2698 2660
f 2693 2698 2699
f 2650 2707 2701
f 2707 2663 2710
f 2701 2710 2661
f 2707 2710 2701
f 2663 2706 2708
f 2706 2648 2673
f 2708 2673 2654
f 2706 2673 2708
f 2661 2702 2700
f 2702 2654 2672
f 2700 2672 2566
f 2702 2672 2700
f 2663 2708 2710
f 2708 2654 2702
f 2710 2702 2661
f 2708 2702 2710
f 2649 2697 2711
f 2697 2660 2714
f 2711 2714 2664
f 2697 2714 2711
f 2660 2696 2709
f 2696 2648 2706
f 2709 2706 2663
f 2696 2706 2709
f 2664 2716 2712
f 2716 2663 2707
f 2712 2707 2650
f 2716 2707 2712
f 2660 2709 2714
f 2709 2663 2716
f 2714 2716 2664
f 2709 2716 2714
f 2646 2703 2703
f 2703 2662 2662
f 2703 2662 2662
f 2703 2662 2703
f 2662 2704 2704
f 2704 2650 2650
f 2704 2650 2650
f 2704 2650 2704
f 2662 2704 2704
f 2704 2650 2650
f 2704 2650 2650
f 2704 2650 2704
f 2662 2704 2662
f 2704 2650 2704
f 2662 2704 2662
f 2704 2704 2662
f 2650 2701 2701
f 2701 2661 2661
f 2701 2661 2661
f 2701 2661 2701
f 2661 2700 2700
f 2700 2566 2566
f 2700 2566 2566
f 2700 2566 2700
f 2661 2700 2700
f 2700 2566 2566
f 2700 2566 2566
f 2700 2566 2700
f 2661 2700 2661
f 2700 2566 2700
f 2661 2700 2661
f 2700 2700 2661
f 2650 2701 2701
f 2701 2661 2661
f 2701 2661 2661
f 2701 2661 2701
f 2661 2700 2700
f 2700 2566 2566
f 2700 2566 2566
f 2700 2566 2700
f 2661 2700 2700
f 2700 2566 2566
f 2700 2566 2566
f 2700 2566 2700
f 2661 2700 2661
f 2700 2566 2700
f 2661 2700 2661
f 2700 2700 2661
f 2650 2701 2650
f 2701 2661 2701
f 2650 2701 2650
f 2701 2701 2650
f 2661 2700 2661
f 2700 2566 2700
f 2661 2700 2661
f 2700 2700 2661
f 2650 2701 2650
f 2701 2661 2701
f 2650 2701 2650
f 2701 2701 2650
f 2661 2661 2701
f 2661 2661 2701
f 2701 2701 2650
f 2661 2701 2701
f 2646 2703 2733
f 2703 2662 2735
f 2733 2735 2721
f 2703 2735 2733
f 2662 2704 2740
f 2704 2650 2738
f 2740 2738 2723
f 2704 2738 2740
f 2721 2741 2734
f 2741 2723 2739
f 2734 2739 2718
f 2741 2739 2734
f 2662 2740 2735
f 2740 2723 2741
f 2735 2741 2721
f 2740 2741 2735
f 2650 2701 2744
f 2701 2661 2746
f 2744 2746 2724
f 2701 2746 2744
f 2661 2700 2742
f 2700 2566 2605
f 2742 2605 2579
f 2700 2605 2742
f 2724 2748 2745
f 2748 2579 2606
f 2745 2606 2570
f 2748 2606 2745
f 2661 2742 2746
f 2742 2579 2748
f 2746 2748 2724
f 2742 2748 2746
f 2718 2749 2737
f 2749 2725 2751
f 2737 2751 2722
f 2749 2751 2737
f 2725 2750 2753
f 2750 2570 2603
f 2753 2603 2578
f 2750 2603 2753
f 2722 2743 2736
f 2743 2578 2602
f 2736 2602 2565
f 2743 2602 2736
f 2725 2753 2751
f 2753 2578 2743
f 2751 2743 2722
f 2753 2743 2751
f 2650 2744 2738
f 2744 2724 2747
f 2738 2747 2723
f 2744 2747 2738
f 2724 2745 2754
f 2745 2570 2750
f 2754 2750 2725
f 2745 2750 2754
f 2723 2752 2739
f 2752 2725 2749
f 2739 2749 2718
f 2752 2749 2739
f 2724 2754 2747
f 2754 2725 2752
f 2747 2752 2723
f 2754 2752 2747
f 2646 2733 2733
f 2733 2721 2721
f 2733 2721 2721
f 2733 2721 2733
f 2721 2734 2734
f 2734 2718 2718
f 2734 2718 2718
f 2734 2718 2734
f 2721 2734 2734
f 2734 2718 2718
f 2734 2718 2718
f 2734 2718 2734
f 2721 2734 2721
f 2734 2718 2734
f 2721 2734 2721
f 2734 2734 2721
f 2718 2737 2737
f 2737 2722 2722
f 2737 2722 2722
f 2737 2722 2737
f 2722 2736 2736
f 2736 2565 2565
f 2736 2565 2565
f 2736 2565 2736
f 2722 2736 2736
f 2736 2565 2565
f 2736 2565 2565
f 2736 2565 2736
f 2722 2736 2722
f 2736 2565 2736
f 2722 2736 2722
f 2736 2736 2722
f 2718 2737 2737
f 2737 2722 2722
f 2737 2722 2722
f 2737 2722 2737
f 2722 2736 2736
f 2736 2565 2565
f 2736 2565 2565
f 2736 2565 2736
f 2722 2736 2736
f 2736 2565 2565
f 2736 2565 2565
f 2736 2565 2736
f 2722 2736 2722
f 2736 2565 2736
f 2722 2736 2722
f 2736 2736 2722
f 2718 2737 2718
f 2737 2722 2737
f 2718 2737 2718
f 2737 2737 2718
f 2722 2736 2722
f 2736 2565 2736
f 2722 2736 2722
f 2736 2736 2722
f 2718 2737 2718
f 2737 2722 2737
f 2718 2737 2718
f 2737 2737 2718
f 2722 2722 2737
f 2722 2722 2737
f 2737 2737 2718
f 2722 2737 2737
f 2717 2758 2767
f 2758 2727 2769
f 2767 2769 2730
f 2758 2769 2767
f 2727 2759 2777
f 2759 2719 2775
f 2777 2775 2732
f 2759 2775 2777
f 2730 2779 2768
f 2779 2732 2776
f 2768 2776 2720
f 2779 2776 2768
f 2727 2777 2769
f 2777 2732 2779
f 2769 2779 2730
f 2777 2779 2769
f 2719 2756 2761
f 2756 2726 2763
f 2761 2763 2728
f 2756 2763 2761
f 2726 2755 2757
f 2755 2646 2733
f 2757 2733 2721
f 2755 2733 2757
f 2728 2762 2760
f 2762 2721 2734
f 2760 2734 2718
f 2762 2734 2760
f 2726 2757 2763
f 2757 2721 2762
f 2763 2762 2728
f 2757 2762 2763
f 2720 2771 2765
f 2771 2731 2774
f 2765 2774 2729
f 2771 2774 2765
f 2731 2770 2772
f 2770 2718 2737
f 2772 2737 2722
f 2770 2737 2772
f 2729 2766 2764
f 2766 2722 2736
f 2764 2736 2565
f 2766 2736 2764
f 2731 2772 2774
f 2772 2722 2766
f 2774 2766 2729
f 2772 2766 2774
f 2719 2761 2775
f 2761 2728 2778
f 2775 2778 2732
f 2761 2778 2775
f 2728 2760 2773
f 2760 2718 2770
f 2773 2770 2731
f 2760 2770 2773
f 2732 2780 2776
f 2780 2731 2771
f 2776 2771 2720
f 2780 2771 2776
f 2728 2773 2778
f 2773 2731 2780
f 2778 2780 2732
f 2773 2780 2778
f 2717 2767 2767
f 2767 2730 2730
f 2767 2730 2730
f 2767 2730 2767
f 2730 2768 2768
f 2768 2720 2720
f 2768 2720 2720
f 2768 2720 2768
f 2730 2768 2768
f 2768 2720 2720
f 2768 2720 2720
f 2768 2720 2768
f 2730 2768 2730
f 2768 2720 2768
f 2730 2768 2730
f 2768 2768 2730
f 2720 2765 2765
f 2765 2729 2729
f 2765 2729 2729
f 2765 2729 2765
f 2729 2764 2764
f 2764 2565 2565
f 2764 2565 2565
f 2764 2565 2764
f 2729 2764 2764
f 2764 2565 2565
f 2764 2565 2565
f 2764 2565 2764
f 2729 2764 2729
f 2764 2565 2764
f 2729 2764 2729
f 2764 2764 2729
f 2720 2765 2765
f 2765 2729 2729
f 2765 2729 2729
f 2765 2729 2765
f 2729 2764 2764
f 2764 2565 2565
f 2764 2565 2565
f 2764 2565 2764
f 2729 2764 2764
f 2764 2565 2565
f 2764 2565 2565
f 2764 2565 2764
f 2729 2764 2729
f 2764 2565 2764
f 2729 2764 2729
f 2764 2764 2729
f 2720 2765 2720
f 2765 2729 2765
f 2720 2765 2720
f 2765 2765 2720
f 2729 2764 2729
f 2764 2565 2764
f 2729 2764 2729
f 2764 2764 2729
f 2720 2765 2720
f 2765 2729 2765
f 2720 2765 2720
f 2765 2765 2720
f 2729 2729 2765
f 2729 2729 2765
f 2765 2765 2720
f 2729 2765 2765
f 2717 2767 2797
f 2767 2730 2799
f 2797 2799 2785
f 2767 2799 2797
f 2730 2768 2804
f 2768 2720 2802
f 2804 2802 2787
f 2768 2802 2804
f 2785 2805 2798
f 2805 2787 2803
f 2798 2803 2782
f 2805 2803 2798
f 2730 2804 2799
f 2804 2787 2805
f 2799 2805 2785
f 2804 2805 2799
f 2720 2765 2808
f 2765 2729 2810
f 2808 2810 2788
f 2765 2810 2808
f 2729 2764 2806
f 2764 2565 2591
f 2806 2591 2574
f 2764 2591 2806
f 2788 2812 2809
f 2812 2574 2592
f 2809 2592 2568
f 2812 2592 2809
f 2729 2806 2810
f 2806 2574 2812
f 2810 2812 2788
f 2806 2812 2810
f 2782 2813 2801
f 2813 2789 2815
f 2801 2815 2786
f 2813 2815 2801
f 2789 2814 2817
f 2814 2568 2590
f 2817 2590 2573
f 2814 2590 2817
f 2786 2807 2800
f 2807 2573 2589
f 2800 2589 2564
f 2807 2589 2800
f 2789 2817 2815
f 2817 2573 2807
f 2815 2807 2786
f 2817 2807 2815
f 2720 2808 2802
f 2808 2788 2811
f 2802 2811 2787
f 2808 2811 2802
f 2788 2809 2818
f 2809 2568 2814
f 2818 2814 2789
f 2809 2814 2818
f 2787 2816 2803
f 2816 2789 2813
f 2803 2813 2782
f 2816 2813 2803
f 2788 2818 2811
f 2818 2789 2816
f 2811 2816 2787
f 2818 2816 2811
f 2717 2797 2797
f 2797 2785 2785
f 2797 2785 2785
f 2797 2785 2797
f 2785 2798 2798
f 2798 2782 2782
f 2798 2782 2782
f 2798 2782 2798
f 2785 2798 2798
f 2798 2782 2782
f 2798 2782 2782
f 2798 2782 2798
f 2785 2798 2785
f 2798 2782 2798
f 2785 2798 2785
f 2798 2798 2785
f 2782 2801 2801
f 2801 2786 2786
f 2801 2786 2786
f 2801 2786 2801
f 2786 2800 2800
f 2800 2564 2564
f 2800 2564 2564
f 2800 2564 2800
f 2786 2800 2800
f 2800 2564 2564
f 2800 2564 2564
f 2800 2564 2800
f 2786 2800 2786
f 2800 2564 2800
f 2786 2800 2786
f 2800 2800 2786
f 2782 2801 2801
f 2801 2786 2786
f 2801 2786 2786
f 2801 2786 2801
f 2786 2800 2800
f 2800 2564 2564
f 2800 2564 2564
f 2800 2564 2800
f 2786 2800 2800
f 2800 2564 2564
f 2800 2564 2564
f 2800 2564 2800
f 2786 2800 2786
f 2800 2564 2800
f 2786 2800 2786
f 2800 2800 2786
f 2782 2801 2782
f 2801 2786 2801
f 2782 2801 2782
f 2801 2801 2782
f 2786 2800 2786
f 2800 2564 2800
f 2786 2800 2786
f 2800 2800 2786
f 2782 2801 2782
f 2801 2786 2801
f 2782 2801 2782
f 2801 2801 2782
f 2786 2786 2801
f 2786 2786 2801
f 2801 2801 2782
f 2786 2801 2801
f 2781 2822 2831
f 2822 2791 2833
f 2831 2833 2794
f 2822 2833 2831
f 2791 2823 2841
f 2823 2783 2839
f 2841 2839 2796
f 2823 2839 2841
f 2794 2843 2832
f 2843 2796 2840
f 2832 2840 2784
f 2843 2840 2832
f 2791 2841 2833
f 2841 2796 2843
f 2833 2843 2794
f 2841 2843 2833
f 2783 2820 2825
f 2820 2790 2827
f 2825 2827 2792
f 2820 2827 2825
f 2790 2819 2821
f 2819 2717 2797
f 2821 2797 2785
f 2819 2797 2821
f 2792 2826 2824
f 2826 2785 2798
f 2824 2798 2782
f 2826 2798 2824
f 2790 2821 2827
f 2821 2785 2826
f 2827 2826 2792
f 2821 2826 2827
f 2784 2835 2829
f 2835 2795 2838
f 2829 2838 2793
f 2835 2838 2829
f 2795 2834 2836
f 2834 2782 2801
f 2836 2801 2786
f 2834 2801 2836
f 2793 2830 2828
f 2830 2786 2800
f 2828 2800 2564
f 2830 2800 2828
f 2795 2836 2838
f 2836 2786 2830
f 2838 2830 2793
f 2836 2830 2838
f 2783 2825 2839
f 2825 2792 2842
f 2839 2842 2796
f 2825 2842 2839
f 2792 2824 2837
f 2824 2782 2834
f 2837 2834 2795
f 2824 2834 2837
f 2796 2844 2840
f 2844 2795 2835
f 2840 2835 2784
f 2844 2835 2840
f 2792 2837 2842
f 2837 2795 2844
f 2842 2844 2796
f 2837 2844 2842
f 2781 2831 2831
f 2831 2794 2794
f 2831 2794 2794
f 2831 2794 2831
f 2794 2832 2832
f 2832 2784 2784
f 2832 2784 2784
f 2832 2784 2832
f 2794 2832 2832
f 2832 2784 2784
f 2832 2784 2784
f 2832 2784 2832
f 2794 2832 2794
f 2832 2784 2832
f 2794 2832 2794
f 2832 2832 2794
f 2784 2829 2829
f 2829 2793 2793
f 2829 2793 2793
f 2829 2793 2829
f 2793 2828 2828
f 2828 2564 2564
f 2828 2564 2564
f 2828 2564 2828
f 2793 2828 2828
f 2828 2564 2564
f 2828 2564 2564
f 2828 2564 2828
f 2793 2828 2793
f 2828 2564 2828
f 2793 2828 2793
f 2828 2828 2793
f 2784 2829 2829
f 2829 2793 2793
f 2829 2793 2793
f 2829 2793 2829
f 2793 2828 2828
f 2828 2564 2564
f 2828 2564 2564
f 2828 2564 2828
f 2793 2828 2828
f 2828 2564 2564
f 2828 2564 2564
f 2828 2564 2828
f 2793 2828 2793
f 2828 2564 2828
f 2793 2828 2793
f 2828 2828 2793
f 2784 2829 2784
f 2829 2793 2829
f 2784 2829 2784
f 2829 2829 2784
f 2793 2828 2793
f 2828 2564 2828
f 2793 2828 2793
f 2828 2828 2793
f 2784 2829 2784
f 2829 2793 2829
f 2784 2829 2784
f 2829 2829 2784
f 2793 2793 2829
f 2793 2793 2829
f 2829 2829 2784
f 2793 2829 2829
f 2781 2831 2857
f 2831 2794 2859
f 2857 2859 2847
f 2831 2859 2857
f 2794 2832 2864
f 2832 2784 2862
f 2864 2862 2849
f 2832 2862 2864
f 2847 2865 2858
f 2865 2849 2863
f 2858 2863 2845
f 2865 2863 2858
f 2794 2864 2859
f 2864 2849 2865
f 2859 2865 2847
f 2864 2865 2859
f 2784 2829 2868
f 2829 2793 2870
f 2868 2870 2850
f 2829 2870 2868
f 2793 2828 2866
f 2828 2564 2619
f 2866 2619 2582
f 2828 2619 2866
f 2850 2872 2869
f 2872 2582 2620
f 2869 2620 2571
f 2872 2620 2869
f 2793 2866 2870
f 2866 2582 2872
f 2870 2872 2850
f 2866 2872 2870
f 2845 2873 2861
f 2873 2851 2875
f 2861 2875 2848
f 2873 2875 2861
f 2851 2874 2877
f 2874 2571 2623
f 2877 2623 2583
f 2874 2623 2877
f 2848 2867 2860
f 2867 2583 2622
f 2860 2622 2567
f 2867 2622 2860
f 2851 2877 2875
f 2877 2583 2867
f 2875 2867 2848
f 2877 2867 2875
f 2784 2868 2862
f 2868 2850 2871
f 2862 2871 2849
f 2868 2871 2862
f 2850 2869 2878
f 2869 2571 2874
f 2878 2874 2851
f 2869 2874 2878
f 2849 2876 2863
f 2876 2851 2873
f 2863 2873 2845
f 2876 2873 2863
f 2850 2878 2871
f 2878 2851 2876
f 2871 2876 2849
f 2878 2876 2871
f 2781 2857 2857
f 2857 2847 2847
f 2857 2847 2847
f 2857 2847 2857
f 2847 2858 2858
f 2858 2845 2845
f 2858 2845 2845
f 2858 2845 2858
f 2847 2858 2858
f 2858 2845 2845
f 2858 2845 2845
f 2858 2845 2858
f 2847 2858 2847
f 2858 2845 2858
f 2847 2858 2847
f 2858 2858 2847
f 2845 2861 2861
f 2861 2848 2848
f 2861 2848 2848
f 2861 2848 2861
f 2848 2860 2860
f 2860 2567 2567
f 2860 2567 2567
f 2860 2567 2860
f 2848 2860 2860
f 2860 2567 2567
f 2860 2567 2567
f 2860 2567 2860
f 2848 2860 2848
f 2860 2567 2860
f 2848 2860 2848
f 2860 2860 2848
f 2845 2861 2861
f 2861 2848 2848
f 2861 2848 2848
f 2861 2848 2861
f 2848 2860 2860
f 2860 2567 2567
f 2860 2567 2567
f 2860 2567 2860
f 2848 2860 2860
f 2860 2567 2567
f 2860 2567 2567
f 2860 2567 2860
f 2848 2860 2848
f 2860 2567 2860
f 2848 2860 2848
f 2860 2860 2848
f 2845 2861 2845
f 2861 2848 2861
f 2845 2861 2845
f 2861 2861 2845
f 2848 2860 2848
f 2860 2567 2860
f 2848 2860 2848
f 2860 2860 2848
f 2845 2861 2845
f 2861 2848 2861
f 2845 2861 2845
f 2861 2861 2845
f 2848 2848 2861
f 2848 2848 2861
f 2861 2861 2845
f 2848 2861 2861
f 2645 2882 2665
f 2882 2853 2889
f 2665 2889 2651
f 2882 2889 2665
f 2853 2883 2897
f 2883 2846 2895
f 2897 2895 2856
f 2883 2895 2897
f 2651 2899 2666
f 2899 2856 2896
f 2666 2896 2647
f 2899 2896 2666
f 2853 2897 2889
f 2897 2856 2899
f 2889 2899 2651
f 2897 2899 2889
f 2846 2880 2885
f 2880 2852 2887
f 2885 2887 2854
f 2880 2887 2885
f 2852 2879 2881
f 2879 2781 2857
f 2881 2857 2847
f 2879 2857 2881
f 2854 2886 2884
f 2886 2847 2858
f 2884 2858 2845
f 2886 2858 2884
f 2852 2881 2887
f 2881 2847 2886
f 2887 2886 2854
f 2881 2886 2887
f 2647 2891 2668
f 2891 2855 2894
f 2668 2894 2652
f 2891 2894 2668
f 2855 2890 2892
f 2890 2845 2861
f 2892 2861 2848
f 2890 2861 2892
f 2652 2888 2667
f 2888 2848 2860
f 2667 2860 2567
f 2888 2860 2667
f 2855 2892 2894
f 2892 2848 2888
f 2894 2888 2652
f 2892 2888 2894
f 2846 2885 2895
f 2885 2854 2898
f 2895 2898 2856
f 2885 2898 2895
f 2854 2884 2893
f 2884 2845 2890
f 2893 2890 2855
f 2884 2890 2893
f 2856 2900 2896
f 2900 2855 2891
f 2896 2891 2647
f 2900 2891 2896
f 2854 2893 2898
f 2893 2855 2900
f 2898 2900 2856
f 2893 2900 2898
f 2645 2665 2665
f 2665 2651 2651
f 2665 2651 2651
f 2665 2651 2665
f 2651 2666 2666
f 2666 2647 2647
f 2666 2647 2647
f 2666 2647 2666
f 2651 2666 2666
f 2666 2647 2647
f 2666 2647 2647
f 2666 2647 2666
f 2651 2666 2651
f 2666 2647 2666
f 2651 2666 2651
f 2666 2666 2651
f 2647 2668 2668
f 2668 2652 2652
f 2668 2652 2652
f 2668 2652 2668
f 2652 2667 2667
f 2667 2567 2567
f 2667 2567 2567
f 2667 2567 2667
f 2652 2667 2667
f 2667 2567 2567
f 2667 2567 2567
f 2667 2567 2667
f 2652 2667 2652
f 2667 2567 2667
f 2652 2667 2652
f 2667 2667 2652
f 2647 2668 2668
f 2668 2652 2652
f 2668 2652 2652
f 2668 2652 2668
f 2652 2667 2667
f 2667 2567 2567
f 2667 2567 2567
f 2667 2567 2667
f 2652 2667 2667
f 2667 2567 2567
f 2667 2567 2567
f 2667 2567 2667
f 2652 2667 2652
f 2667 2567 2667
f 2652 2667 2652
f 2667 2667 2652
f 2647 2668 2647
f 2668 2652 2668
f 2647 2668 2647
f 2668 2668 2647
f 2652 2667 2652
f 2667 2567 2667
f 2652 2667 2652
f 2667 2667 2652
f 2647 2668 2647
f 2668 2652 2668
f 2647 2668 2647
f 2668 2668 2647
f 2652 2652 2668
f 2652 2652 2668
f 2668 2668 2647
f 2652 2668 2668
f 2646 2975 2694
f 2975 2920 2979
f 2694 2979 2659
f 2975 2979 2694
f 2920 2976 2982
f 2976 2906 2980
f 2982 2980 2922
f 2976 2980 2982
f 2659 2983 2695
f 2983 2922 2981
f 2695 2981 2649
f 2983 2981 2695
f 2920 2982 2979
f 2982 2922 2983
f 2979 2983 2659
f 2982 2983 2979
f 2906 2978 2990
f 2978 2921 2992
f 2990 2992 2925
f 2978 2992 2990
f 2921 2977 2986
f 2977 2901 2984
f 2986 2984 2923
f 2977 2984 2986
f 2925 2994 2991
f 2994 2923 2985
f 2991 2985 2907
f 2994 2985 2991
f 2921 2986 2992
f 2986 2923 2994
f 2992 2994 2925
f 2986 2994 2992
f 2649 2995 2692
f 2995 2926 2997
f 2692 2997 2658
f 2995 2997 2692
f 2926 2996 2999
f 2996 2907 2988
f 2999 2988 2924
f 2996 2988 2999
f 2658 2989 2691
f 2989 2924 2987
f 2691 2987 2645
f 2989 2987 2691
f 2926 2999 2997
f 2999 2924 2989
f 2997 2989 2658
f 2999 2989 2997
f 2906 2990 2980
f 2990 2925 2993
f 2980 2993 2922
f 2990 2993 2980
f 2925 2991 3000
f 2991 2907 2996
f 3000 2996 2926
f 2991 2996 3000
f 2922 2998 2981
f 2998 2926 2995
f 2981 2995 2649
f 2998 2995 2981
f 2925 3000 2993
f 3000 2926 2998
f 2993 2998 2922
f 3000 2998 2993
f 2646 2694 2694
f 2694 2659 2659
f 2694 2659 2659
f 2694 2659 2694
f 2659 2695 2695
f 2695 2649 2649
f 2695 2649 2649
f 2695 2649 2695
f 2659 2695 2695
f 2695 2649 2649
f 2695 2649 2649
f 2695 2649 2695
f 2659 2695 2659
f 2695 2649 2695
f 2659 2695 2659
f 2695 2695 2659
f 2649 2692 2692
f 2692 2658 2658
f 2692 2658 2658
f 2692 2658 2692
f 2658 2691 2691
f 2691 2645 2645
f 2691 2645 2645
f 2691 2645 2691
f 2658 2691 2691
f 2691 2645 2645
f 2691 2645 2645
f 2691 2645 2691
f 2658 2691 2658
f 2691 2645 2691
f 2658 2691 2658
f 2691 2691 2658
f 2649 2692 2692
f 2692 2658 2658
f 2692 2658 2658
f 2692 2658 2692
f 2658 2691 2691
f 2691 2645 2645
f 2691 2645 2645
f 2691 2645 2691
f 2658 2691 2691
f 2691 2645 2645
f 2691 2645 2645
f 2691 2645 2691
f 2658 2691 2658
f 2691 2645 2691
f 2658 2691 2658
f 2691 2691 2658
f 2649 2692 2649
f 2692 2658 2692
f 2649 2692 2649
f 2692 2692 2649
f 2658 2691 2658
f 2691 2645 2691
f 2658 2691 2658
f 2691 2691 2658
f 2649 2692 2649
f 2692 2658 2692
f 2649 2692 2649
f 2692 2692 2649
f 2658 2658 2692
f 2658 2658 2692
f 2692 2692 2649
f 2658 2692 2692
f 2781 2879 3004
f 2879 2852 3011
f 3004 3011 2928
f 2879 3011 3004
f 2852 2880 3021
f 2880 2846 3018
f 3021 3018 2931
f 2880 3018 3021
f 2928 3019 3005
f 3019 2931 3017
f 3005 3017 2908
f 3019 3017 3005
f 2852 3021 3011
f 3021 2931 3019
f 3011 3019 2928
f 3021 3019 3011
f 2846 2883 3013
f 2883 2853 3016
f 3013 3016 2930
f 2883 3016 3013
f 2853 2882 3010
f 2882 2645 2987
f 3010 2987 2924
f 2882 2987 3010
f 2930 3014 3012
f 3014 2924 2988
f 3012 2988 2907
f 3014 2988 3012
f 2853 3010 3016
f 3010 2924 3014
f 3016 3014 2930
f 3010 3014 3016
f 2908 3007 3002
f 3007 2929 3009
f 3002 3009 2927
f 3007 3009 3002
f 2929 3006 3008
f 3006 2907 2985
f 3008 2985 2923
f 3006 2985 3008
f 2927 3003 3001
f 3003 2923 2984
f 3001 2984 2901
f 3003 2984 3001
f 2929 3008 3009
f 3008 2923 3003
f 3009 3003 2927
f 3008 3003 3009
f 2846 3013 3018
f 3013 2930 3022
f 3018 3022 2931
f 3013 3022 3018
f 2930 3012 3015
f 3012 2907 3006
f 3015 3006 2929
f 3012 3006 3015
f 2931 3020 3017
f 3020 2929 3007
f 3017 3007 2908
f 3020 3007 3017
f 2930 3015 3022
f 3015 2929 3020
f 3022 3020 2931
f 3015 3020 3022
f 2781 3004 3004
f 3004 2928 2928
f 3004 2928 2928
f 3004 2928 3004
f 2928 3005 3005
f 3005 2908 2908
f 3005 2908 2908
f 3005 2908 3005
f 2928 3005 3005
f 3005 2908 2908
f 3005 2908 2908
f 3005 2908 3005
f 2928 3005 2928
f 3005 2908 3005
f 2928 3005 2928
f 3005 3005 2928
f 2908 3002 3002
f 3002 2927 2927
f 3002 2927 2927
f 3002 2927 3002
f 2927 3001 3001
f 3001 2901 2901
f 3001 2901 2901
f 3001 2901 3001
f 2927 3001 3001
f 3001 2901 2901
f 3001 2901 2901
f 3001 2901 3001
f 2927 3001 2927
f 3001 2901 3001
f 2927 3001 2927
f 3001 3001 2927
f 2908 3002 3002
f 3002 2927 2927
f 3002 2927 2927
f 3002 2927 3002
f 2927 3001 3001
f 3001 2901 2901
f 3001 2901 2901
f 3001 2901 3001
f 2927 3001 3001
f 3001 2901 2901
f 3001 2901 2901
f 3001 2901 3001
f 2927 3001 2927
f 3001 2901 3001
f 2927 3001 2927
f 3001 3001 2927
f 2908 3002 2908
f 3002 2927 3002
f 2908 3002 2908
f 3002 3002 2908
f 2927 3001 2927
f 3001 2901 3001
f 2927 3001 2927
f 3001 3001 2927
f 2908 3002 2908
f 3002 2927 3002
f 2908 3002 2908
f 3002 3002 2908
f 2927 2927 3002
f 2927 2927 3002
f 3002 3002 2908
f 2927 3002 3002
f 2902 3053 3067
f 3053 2941 3070
f 3067 3070 2945
f 3053 3070 3067
f 2941 3054 3081
f 3054 2912 3079
f 3081 3079 2948
f 3054 3079 3081
f 2945 3082 3068
f 3082 2948 3080
f 3068 3080 2913
f 3082 3080 3068
f 2941 3081 3070
f 3081 2948 3082
f 3070 3082 2945
f 3081 3082 3070
f 2912 3056 3102
f 3056 2942 3104
f 3102 3104 2953
f 3056 3104 3102
f 2942 3055 3092
f 3055 2903 3089
f 3092 3089 2950
f 3055 3089 3092
f 2953 3106 3103
f 3106 2950 3090
f 3103 3090 2914
f 3106 3090 3103
f 2942 3092 3104
f 3092 2950 3106
f 3104 3106 2953
f 3092 3106 3104
f 2913 3113 3072
f 3113 2955 3115
f 3072 3115 2946
f 3113 3115 3072
f 2955 3114 3117
f 3114 2914 3094
f 3117 3094 2951
f 3114 3094 3117
f 2946 3096 3071
f 3096 2951 3093
f 3071 3093 2717
f 3096 3093 3071
f 2955 3117 3115
f 3117 2951 3096
f 3115 3096 2946
f 3117 3096 3115
f 2912 3102 3079
f 3102 2953 3105
f 3079 3105 2948
f 3102 3105 3079
f 2953 3103 3118
f 3103 2914 3114
f 3118 3114 2955
f 3103 3114 3118
f 2948 3116 3080
f 3116 2955 3113
f 3080 3113 2913
f 3116 3113 3080
f 2953 3118 3105
f 3118 2955 3116
f 3105 3116 2948
f 3118 3116 3105
f 2902 3067 3067
f 3067 2945 2945
f 3067 2945 2945
f 3067 2945 3067
f 2945 3068 3068
f 3068 2913 2913
f 3068 2913 2913
f 3068 2913 3068
f 2945 3068 3068
f 3068 2913 2913
f 3068 2913 2913
f 3068 2913 3068
f 2945 3068 2945
f 3068 2913 3068
f 2945 3068 2945
f 3068 3068 2945
f 2913 3072 3072
f 3072 2946 2946
f 3072 2946 2946
f 3072 2946 3072
f 2946 3071 3071
f 3071 2717 2717
f 3071 2717 2717
f 3071 2717 3071
f 2946 3071 3071
f 3071 2717 2717
f 3071 2717 2717
f 3071 2717 3071
f 2946 3071 2946
f 3071 2717 3071
f 2946 3071 2946
f 3071 3071 2946
f 2913 3072 3072
f 3072 2946 2946
f 3072 2946 2946
f 3072 2946 3072
f 2946 3071 3071
f 3071 2717 2717
f 3071 2717 2717
f 3071 2717 3071
f 2946 3071 3071
f 3071 2717 2717
f 3071 2717 2717
f 3071 2717 3071
f 2946 3071 2946
f 3071 2717 3071
f 2946 3071 2946
f 3071 3071 2946
f 2913 3072 2913
f 3072 2946 3072
f 2913 3072 2913
f 3072 3072 2913
f 2946 3071 2946
f 3071 2717 3071
f 2946 3071 2946
f 3071 3071 2946
f 2913 3072 2913
f 3072 2946 3072
f 2913 3072 2913
f 3072 3072 2913
f 2946 2946 3072
f 2946 2946 3072
f 3072 3072 2913
f 2946 3072 3072
f 2646 3119 2975
f 3119 2956 3121
f 2975 3121 2920
f 3119 3121 2975
f 2956 3120 3127
f 3120 2915 3125
f 3127 3125 2958
f 3120 3125 3127
f 2920 3126 2976
f 3126 2958 3124
f 2976 3124 2906
f 3126 3124 2976
f 2956 3127 3121
f 3127 2958 3126
f 3121 3126 2920
f 3127 3126 3121
f 2915 3123 3139
f 3123 2957 3141
f 3139 3141 2962
f 3123 3141 3139
f 2957 3122 3133
f 3122 2904 3131
f 3133 3131 2960
f 3122 3131 3133
f 2962 3143 3140
f 3143 2960 3132
f 3140 3132 2916
f 3143 3132 3140
f 2957 3133 3141
f 3133 2960 3143
f 3141 3143 2962
f 3133 3143 3141
f 2906 3134 2978
f 3134 2961 3136
f 2978 3136 2921
f 3134 3136 2978
f 2961 3135 3138
f 3135 2916 3129
f 3138 3129 2959
f 3135 3129 3138
f 2921 3130 2977
f 3130 2959 3128
f 2977 3128 2901
f 3130 3128 2977
f 2961 3138 3136
f 3138 2959 3130
f 3136 3130 2921
f 3138 3130 3136
f 2915 3139 3125
f 3139 2962 3142
f 3125 3142 2958
f 3139 3142 3125
f 2962 3140 3144
f 3140 2916 3135
f 3144 3135 2961
f 3140 3135 3144
f 2958 3137 3124
f 3137 2961 3134
f 3124 3134 2906
f 3137 3134 3124
f 2962 3144 3142
f 3144 2961 3137
f 3142 3137 2958
f 3144 3137 3142
f 2646 2975 2975
f 2975 2920 2920
f 2975 2920 2920
f 2975 2920 2975
f 2920 2976 2976
f 2976 2906 2906
f 2976 2906 2906
f 2976 2906 2976
f 2920 2976 2976
f 2976 2906 2906
f 2976 2906 2906
f 2976 2906 2976
f 2920 2976 2920
f 2976 2906 2976
f 2920 2976 2920
f 2976 2976 2920
f 2906 2978 2978
f 2978 2921 2921
f 2978 2921 2921
f 2978 2921 2978
f 2921 2977 2977
f 2977 2901 2901
f 2977 2901 2901
f 2977 2901 2977
f 2921 2977 2977
f 2977 2901 2901
f 2977 2901 2901
f 2977 2901 2977
f 2921 2977 2921
f 2977 2901 2977
f 2921 2977 2921
f 2977 2977 2921
f 2906 2978 2978
f 2978 2921 2921
f 2978 2921 2921
f 2978 2921 2978
f 2921 2977 2977
f 2977 2901 2901
f 2977 2901 2901
f 2977 2901 2977
f 2921 2977 2977
f 2977 2901 2901
f 2977 2901 2901
f 2977 2901 2977
f 2921 2977 2921
f 2977 2901 2977
f 2921 2977 2921
f 2977 2977 2921
f 2906 2978 2906
f 2978 2921 2978
f 2906 2978 2906
f 2978 2978 2906
f 2921 2977 2921
f 2977 2901 2977
f 2921 2977 2921
f 2977 2977 2921
f 2906 2978 2906
f 2978 2921 2978
f 2906 2978 2906
f 2978 2978 2906
f 2921 2921 2978
f 2921 2921 2978
f 2978 2978 2906
f 2921 2978 2978
f 2902 3035 3026
f 3035 2936 3037
f 3026 3037 2933
f 3035 3037 3026
f 2936 3036 3047
f 3036 2910 3044
f 3047 3044 2938
f 3036 3044 3047
f 2933 3045 3027
f 3045 2938 3043
f 3027 3043 2909
f 3045 3043 3027
f 2936 3047 3037
f 3047 2938 3045
f 3037 3045 2933
f 3047 3045 3037
f 2910 3033 3039
f 3033 2935 3042
f 3039 3042 2937
f 3033 3042 3039
f 2935 3032 3034
f 3032 2781 3004
f 3034 3004 2928
f 3032 3004 3034
f 2937 3040 3038
f 3040 2928 3005
f 3038 3005 2908
f 3040 3005 3038
f 2935 3034 3042
f 3034 2928 3040
f 3042 3040 2937
f 3034 3040 3042
f 2909 3029 3024
f 3029 2934 3031
f 3024 3031 2932
f 3029 3031 3024
f 2934 3028 3030
f 3028 2908 3002
f 3030 3002 2927
f 3028 3002 3030
f 2932 3025 3023
f 3025 2927 3001
f 3023 3001 2901
f 3025 3001 3023
f 2934 3030 3031
f 3030 2927 3025
f 3031 3025 2932
f 3030 3025 3031
f 2910 3039 3044
f 3039 2937 3048
f 3044 3048 2938
f 3039 3048 3044
f 2937 3038 3041
f 3038 2908 3028
f 3041 3028 2934
f 3038 3028 3041
f 2938 3046 3043
f 3046 2934 3029
f 3043 3029 2909
f 3046 3029 3043
f 2937 3041 3048
f 3041 2934 3046
f 3048 3046 2938
f 3041 3046 3048
f 2902 3026 3026
f 3026 2933 2933
f 3026 2933 2933
f 3026 2933 3026
f 2933 3027 3027
f 3027 2909 2909
f 3027 2909 2909
f 3027 2909 3027
f 2933 3027 3027
f 3027 2909 2909
f 3027 2909 2909
f 3027 2909 3027
f 2933 3027 2933
f 3027 2909 3027
f 2933 3027 2933
f 3027 3027 2933
f 2909 3024 3024
f 3024 2932 2932
f 3024 2932 2932
f 3024 2932 3024
f 2932 3023 3023
f 3023 2901 2901
f 3023 2901 2901
f 3023 2901 3023
f 2932 3023 3023
f 3023 2901 2901
f 3023 2901 2901
f 3023 2901 3023
f 2932 3023 2932
f 3023 2901 3023
f 2932 3023 2932
f 3023 3023 2932
f 2909 3024 3024
f 3024 2932 2932
f 3024 2932 2932
f 3024 2932 3024
f 2932 3023 3023
f 3023 2901 2901
f 3023 2901 2901
f 3023 2901 3023
f 2932 3023 3023
f 3023 2901 2901
f 3023 2901 2901
f 3023 2901 3023
f 2932 3023 2932
f 3023 2901 3023
f 2932 3023 2932
f 3023 3023 2932
f 2909 3024 2909
f 3024 2932 3024
f 2909 3024 2909
f 3024 3024 2909
f 2932 3023 2932
f 3023 2901 3023
f 2932 3023 2932
f 3023 3023 2932
f 2909 3024 2909
f 3024 2932 3024
f 2909 3024 2909
f 3024 3024 2909
f 2932 2932 3024
f 2932 2932 3024
f 3024 3024 2909
f 2932 3024 3024
f 2717 3093 2758
f 3093 2951 3095
f 2758 3095 2727
f 3093 3095 2758
f 2951 3094 3111
f 3094 2914 3108
f 3111 3108 2954
f 3094 3108 3111
f 2727 3109 2759
f 3109 2954 3107
f 2759 3107 2719
f 3109 3107 2759
f 2951 3111 3095
f 3111 2954 3109
f 3095 3109 2727
f 3111 3109 3095
f 2914 3090 3098
f 3090 2950 3101
f 3098 3101 2952
f 3090 3101 3098
f 2950 3089 3091
f 3089 2903 3051
f 3091 3051 2940
f 3089 3051 3091
f 2952 3099 3097
f 3099 2940 3052
f 3097 3052 2911
f 3099 3052 3097
f 2950 3091 3101
f 3091 2940 3099
f 3101 3099 2952
f 3091 3099 3101
f 2719 3059 2756
f 3059 2943 3061
f 2756 3061 2726
f 3059 3061 2756
f 2943 3058 3060
f 3058 2911 3050
f 3060 3050 2939
f 3058 3050 3060
f 2726 3057 2755
f 3057 2939 3049
f 2755 3049 2646
f 3057 3049 2755
f 2943 3060 3061
f 3060 2939 3057
f 3061 3057 2726
f 3060 3057 3061
f 2914 3098 3108
f 3098 2952 3112
f 3108 3112 2954
f 3098 3112 3108
f 2952 3097 3100
f 3097 2911 3058
f 3100 3058 2943
f 3097 3058 3100
f 2954 3110 3107
f 3110 2943 3059
f 3107 3059 2719
f 3110 3059 3107
f 2952 3100 3112
f 3100 2943 3110
f 3112 3110 2954
f 3100 3110 3112
f 2717 2758 2758
f 2758 2727 2727
f 2758 2727 2727
f 2758 2727 2758
f 2727 2759 2759
f 2759 2719 2719
f 2759 2719 2719
f 2759 2719 2759
f 2727 2759 2759
f 2759 2719 2719
f 2759 2719 2719
f 2759 2719 2759
f 2727 2759 2727
f 2759 2719 2759
f 2727 2759 2727
f 2759 2759 2727
f 2719 2756 2756
f 2756 2726 2726
f 2756 2726 2726
f 2756 2726 2756
f 2726 2755 2755
f 2755 2646 2646
f 2755 2646 2646
f 2755 2646 2755
f 2726 2755 2755
f 2755 2646 2646
f 2755 2646 2646
f 2755 2646 2755
f 2726 2755 2726
f 2755 2646 2755
f 2726 2755 2726
f 2755 2755 2726
f 2719 2756 2756
f 2756 2726 2726
f 2756 2726 2726
f 2756 2726 2756
f 2726 2755 2755
f 2755 2646 2646
f 2755 2646 2646
f 2755 2646 2755
f 2726 2755 2755
f 2755 2646 2646
f 2755 2646 2646
f 2755 2646 2755
f 2726 2755 2726
f 2755 2646 2755
f 2726 2755 2726
f 2755 2755 2726
f 2719 2756 2719
f 2756 2726 2756
f 2719 2756 2719
f 2756 2756 2719
f 2726 2755 2726
f 2755 2646 2755
f 2726 2755 2726
f 2755 2755 2726
f 2719 2756 2719
f 2756 2726 2756
f 2719 2756 2719
f 2756 2756 2719
f 2726 2726 2756
f 2726 2726 2756
f 2756 2756 2719
f 2726 2756 2756
f 2781 3032 2822
f 3032 2935 3062
f 2822 3062 2791
f 3032 3062 2822
f 2935 3033 3065
f 3033 2910 3063
f 3065 3063 2944
f 3033 3063 3065
f 2791 3066 2823
f 3066 2944 3064
f 2823 3064 2783
f 3066 3064 2823
f 2935 3065 3062
f 3065 2944 3066
f 3062 3066 2791
f 3065 3066 3062
f 2910 3036 3074
f 3036 2936 3076
f 3074 3076 2947
f 3036 3076 3074
f 2936 3035 3069
f 3035 2902 3067
f 3069 3067 2945
f 3035 3067 3069
f 2947 3078 3075
f 3078 2945 3068
f 3075 3068 2913
f 3078 3068 3075
f 2936 3069 3076
f 3069 2945 3078
f 3076 3078 2947
f 3069 3078 3076
f 2783 3083 2820
f 3083 2949 3085
f 2820 3085 2790
f 3083 3085 2820
f 2949 3084 3087
f 3084 2913 3072
f 3087 3072 2946
f 3084 3072 3087
f 2790 3073 2819
f 3073 2946 3071
f 2819 3071 2717
f 3073 3071 2819
f 2949 3087 3085
f 3087 2946 3073
f 3085 3073 2790
f 3087 3073 3085
f 2910 3074 3063
f 3074 2947 3077
f 3063 3077 2944
f 3074 3077 3063
f 2947 3075 3088
f 3075 2913 3084
f 3088 3084 2949
f 3075 3084 3088
f 2944 3086 3064
f 3086 2949 3083
f 3064 3083 2783
f 3086 3083 3064
f 2947 3088 3077
f 3088 2949 3086
f 3077 3086 2944
f 3088 3086 3077
f 2781 2822 2822
f 2822 2791 2791
f 2822 2791 2791
f 2822 2791 2822
f 2791 2823 2823
f 2823 2783 2783
f 2823 2783 2783
f 2823 2783 2823
f 2791 2823 2823
f 2823 2783 2783
f 2823 2783 2783
f 2823 2783 2823
f 2791 2823 2791
f 2823 2783 2823
f 2791 2823 2791
f 2823 2823 2791
f 2783 2820 2820
f 2820 2790 2790
f 2820 2790 2790
f 2820 2790 2820
f 2790 2819 2819
f 2819 2717 2717
f 2819 2717 2717
f 2819 2717 2819
f 2790 2819 2819
f 2819 2717 2717
f 2819 2717 2717
f 2819 2717 2819
f 2790 2819 2790
f 2819 2717 2819
f 2790 2819 2790
f 2819 2819 2790
f 2783 2820 2820
f 2820 2790 2790
f 2820 2790 2790
f 2820 2790 2820
f 2790 2819 2819
f 2819 2717 2717
f 2819 2717 2717
f 2819 2717 2819
f 2790 2819 2819
f 2819 2717 2717
f 2819 2717 2717
f 2819 2717 2819
f 2790 2819 2790
f 2819 2717 2819
f 2790 2819 2790
f 2819 2819 2790
f 2783 2820 2783
f 2820 2790 2820
f 2783 2820 2783
f 2820 2820 2783
f 2790 2819 2790
f 2819 2717 2819
f 2790 2819 2790
f 2819 2819 2790
f 2783 2820 2783
f 2820 2790 2820
f 2783 2820 2783
f 2820 2820 2783
f 2790 2790 2820
f 2790 2790 2820
f 2820 2820 2783
f 2790 2820 2820
f 2903 3159 3051
f 3159 2967 3161
f 3051 3161 2940
f 3159 3161 3051
f 2967 3160 3169
f 3160 2918 3166
f 3169 3166 2969
f 3160 3166 3169
f 2940 3167 3052
f 3167 2969 3165
f 3052 3165 2911
f 3167 3165 3052
f 2967 3169 3161
f 3169 2969 3167
f 3161 3167 2940
f 3169 3167 3161
f 2918 3163 3171
f 3163 2968 3174
f 3171 3174 2970
f 3163 3174 3171
f 2968 3162 3164
f 3162 2905 3149
f 3164 3149 2964
f 3162 3149 3164
f 2970 3172 3170
f 3172 2964 3150
f 3170 3150 2917
f 3172 3150 3170
f 2968 3164 3174
f 3164 2964 3172
f 3174 3172 2970
f 3164 3172 3174
f 2911 3151 3050
f 3151 2965 3153
f 3050 3153 2939
f 3151 3153 3050
f 2965 3152 3154
f 3152 2917 3146
f 3154 3146 2963
f 3152 3146 3154
f 2939 3147 3049
f 3147 2963 3145
f 3049 3145 2646
f 3147 3145 3049
f 2965 3154 3153
f 3154 2963 3147
f 3153 3147 2939
f 3154 3147 3153
f 2918 3171 3166
f 3171 2970 3175
f 3166 3175 2969
f 3171 3175 3166
f 2970 3170 3173
f 3170 2917 3152
f 3173 3152 2965
f 3170 3152 3173
f 2969 3168 3165
f 3168 2965 3151
f 3165 3151 2911
f 3168 3151 3165
f 2970 3173 3175
f 3173 2965 3168
f 3175 3168 2969
f 3173 3168 3175
f 2903 3051 3051
f 3051 2940 2940
f 3051 2940 2940
f 3051 2940 3051
f 2940 3052 3052
f 3052 2911 2911
f 3052 2911 2911
f 3052 2911 3052
f 2940 3052 3052
f 3052 2911 2911
f 3052 2911 2911
f 3052 2911 3052
f 2940 3052 2940
f 3052 2911 3052
f 2940 3052 2940
f 3052 3052 2940
f 2911 3050 3050
f 3050 2939 2939
f 3050 2939 2939
f 3050 2939 3050
f 2939 3049 3049
f 3049 2646 2646
f 3049 2646 2646
f 3049 2646 3049
f 2939 3049 3049
f 3049 2646 2646
f 3049 2646 2646
f 3049 2646 3049
f 2939 3049 2939
f 3049 2646 3049
f 2939 3049 2939
f 3049 3049 2939
f 2911 3050 3050
f 3050 2939 2939
f 3050 2939 2939
f 3050 2939 3050
f 2939 3049 3049
f 3049 2646 2646
f 3049 2646 2646
f 3049 2646 3049
f 2939 3049 3049
f 3049 2646 2646
f 3049 2646 2646
f 3049 2646 3049
f 2939 3049 2939
f 3049 2646 3049
f 2939 3049 2939
f 3049 3049 2939
f 2911 3050 2911
f 3050 2939 3050
f 2911 3050 2911
f 3050 3050 2911
f 2939 3049 2939
f 3049 2646 3049
f 2939 3049 2939
f 3049 3049 2939
f 2911 3050 2911
f 3050 2939 3050
f 2911 3050 2911
f 3050 3050 2911
f 2939 2939 3050
f 2939 2939 3050
f 3050 3050 2911
f 2939 3050 3050
f 2905 3179 3149
f 3179 2972 3181
f 3149 3181 2964
f 3179 3181 3149
f 2972 3180 3191
f 3180 2919 3188
f 3191 3188 2974
f 3180 3188 3191
f 2964 3189 3150
f 3189 2974 3187
f 3150 3187 2917
f 3189 3187 3150
f 2972 3191 3181
f 3191 2974 3189
f 3181 3189 2964
f 3191 3189 3181
f 2919 3177 3183
f 3177 2971 3186
f 3183 3186 2973
f 3177 3186 3183
f 2971 3176 3178
f 3176 2904 3122
f 3178 3122 2957
f 3176 3122 3178
f 2973 3184 3182
f 3184 2957 3123
f 3182 3123 2915
f 3184 3123 3182
f 2971 3178 3186
f 3178 2957 3184
f 3186 3184 2973
f 3178 3184 3186
f 2917 3156 3146
f 3156 2966 3158
f 3146 3158 2963
f 3156 3158 3146
f 2966 3155 3157
f 3155 2915 3120
f 3157 3120 2956
f 3155 3120 3157
f 2963 3148 3145
f 3148 2956 3119
f 3145 3119 2646
f 3148 3119 3145
f 2966 3157 3158
f 3157 2956 3148
f 3158 3148 2963
f 3157 3148 3158
f 2919 3183 3188
f 3183 2973 3192
f 3188 3192 2974
f 3183 3192 3188
f 2973 3182 3185
f 3182 2915 3155
f 3185 3155 2966
f 3182 3155 3185
f 2974 3190 3187
f 3190 2966 3156
f 3187 3156 2917
f 3190 3156 3187
f 2973 3185 3192
f 3185 2966 3190
f 3192 3190 2974
f 3185 3190 3192
f 2905 3149 3149
f 3149 2964 2964
f 3149 2964 2964
f 3149 2964 3149
f 2964 3150 3150
f 3150 2917 2917
f 3150 2917 2917
f 3150 2917 3150
f 2964 3150 3150
f 3150 2917 2917
f 3150 2917 2917
f 3150 2917 3150
f 2964 3150 2964
f 3150 2917 3150
f 2964 3150 2964
f 3150 3150 2964
f 2917 3146 3146
f 3146 2963 2963
f 3146 2963 2963
f 3146 2963 3146
f 2963 3145 3145
f 3145 2646 2646
f 3145 2646 2646
f 3145 2646 3145
f 2963 3145 3145
f 3145 2646 2646
f 3145 2646 2646
f 3145 2646 3145
f 2963 3145 2963
f 3145 2646 3145
f 2963 3145 2963
f 3145 3145 2963
f 2917 3146 3146
f 3146 2963 2963
f 3146 2963 2963
f 3146 2963 3146
f 2963 3145 3145
f 3145 2646 2646
f 3145 2646 2646
f 3145 2646 3145
f 2963 3145 3145
f 3145 2646 2646
f 3145 2646 2646
f 3145 2646 3145
f 2963 3145 2963
f 3145 2646 3145
f 2963 3145 2963
f 3145 3145 2963
f 2917 3146 2917
f 3146 2963 3146
f 2917 3146 2917
f 3146 3146 2917
f 2963 3145 2963
f 3145 2646 3145
f 2963 3145 2963
f 3145 3145 2963
f 2917 3146 2917
f 3146 2963 3146
f 2917 3146 2917
f 3146 3146 2917
f 2963 2963 3146
f 2963 2963 3146
f 3146 3146 2917
f 2963 3146 3146
f 2901 3223 3227
f 3223 3202 3229
f 3227 3229 3204
f 3223 3229 3227
f 3202 3224 3234
f 3224 3196 3232
f 3234 3232 3206
f 3224 3232 3234
f 3204 3235 3228
f 3235 3206 3233
f 3228 3233 3197
f 3235 3233 3228
f 3202 3234 3229
f 3234 3206 3235
f 3229 3235 3204
f 3234 3235 3229
f 3196 3226 3242
f 3226 3203 3244
f 3242 3244 3209
f 3226 3244 3242
f 3203 3225 3238
f 3225 3193 3236
f 3238 3236 3207
f 3225 3236 3238
f 3209 3246 3243
f 3246 3207 3237
f 3243 3237 3198
f 3246 3237 3243
f 3203 3238 3244
f 3238 3207 3246
f 3244 3246 3209
f 3238 3246 3244
f 3197 3247 3231
f 3247 3210 3249
f 3231 3249 3205
f 3247 3249 3231
f 3210 3248 3251
f 3248 3198 3240
f 3251 3240 3208
f 3248 3240 3251
f 3205 3241 3230
f 3241 3208 3239
f 3230 3239 3194
f 3241 3239 3230
f 3210 3251 3249
f 3251 3208 3241
f 3249 3241 3205
f 3251 3241 3249
f 3196 3242 3232
f 3242 3209 3245
f 3232 3245 3206
f 3242 3245 3232
f 3209 3243 3252
f 3243 3198 3248
f 3252 3248 3210
f 3243 3248 3252
f 3206 3250 3233
f 3250 3210 3247
f 3233 3247 3197
f 3250 3247 3233
f 3209 3252 3245
f 3252 3210 3250
f 3245 3250 3206
f 3252 3250 3245
f 2901 3227 3227
f 3227 3204 3204
f 3227 3204 3204
f 3227 3204 3227
f 3204 3228 3228
f 3228 3197 3197
f 3228 3197 3197
f 3228 3197 3228
f 3204 3228 3228
f 3228 3197 3197
f 3228 3197 3197
f 3228 3197 3228
f 3204 3228 3204
f 3228 3197 3228
f 3204 3228 3204
f 3228 3228 3204
f 3197 3231 3231
f 3231 3205 3205
f 3231 3205 3205
f 3231 3205 3231
f 3205 3230 3230
f 3230 3194 3194
f 3230 3194 3194
f 3230 3194 3230
f 3205 3230 3230
f 3230 3194 3194
f 3230 3194 3194
f 3230 3194 3230
f 3205 3230 3205
f 3230 3194 3230
f 3205 3230 3205
f 3230 3230 3205
f 3197 3231 3231
f 3231 3205 3205
f 3231 3205 3205
f 3231 3205 3231
f 3205 3230 3230
f 3230 3194 3194
f 3230 3194 3194
f 3230 3194 3230
f 3205 3230 3230
f 3230 3194 3194
f 3230 3194 3194
f 3230 3194 3230
f 3205 3230 3205
f 3230 3194 3230
f 3205 3230 3205
f 3230 3230 3205
f 3197 3231 3197
f 3231 3205 3231
f 3197 3231 3197
f 3231 3231 3197
f 3205 3230 3205
f 3230 3194 3230
f 3205 3230 3205
f 3230 3230 3205
f 3197 3231 3197
f 3231 3205 3231
f 3197 3231 3197
f 3231 3231 3197
f 3205 3205 3231
f 3205 3205 3231
f 3231 3231 3197
f 3205 3231 3231
f 3195 3255 3284
f 3255 3212 3286
f 3284 3286 3219
f 3255 3286 3284
f 3212 3256 3292
f 3256 3199 3290
f 3292 3290 3221
f 3256 3290 3292
f 3219 3294 3285
f 3294 3221 3291
f 3285 3291 3201
f 3294 3291 3285
f 3212 3292 3286
f 3292 3221 3294
f 3286 3294 3219
f 3292 3294 3286
f 3199 3254 3274
f 3254 3211 3276
f 3274 3276 3217
f 3254 3276 3274
f 3211 3253 3265
f 3253 3193 3262
f 3265 3262 3214
f 3253 3262 3265
f 3217 3277 3275
f 3277 3214 3263
f 3275 3263 3200
f 3277 3263 3275
f 3211 3265 3276
f 3265 3214 3277
f 3276 3277 3217
f 3265 3277 3276
f 3201 3296 3288
f 3296 3222 3299
f 3288 3299 3220
f 3296 3299 3288
f 3222 3295 3297
f 3295 3200 3267
f 3297 3267 3215
f 3295 3267 3297
f 3220 3289 3287
f 3289 3215 3266
f 3287 3266 2904
f 3289 3266 3287
f 3222 3297 3299
f 3297 3215 3289
f 3299 3289 3220
f 3297 3289 3299
f 3199 3274 3290
f 3274 3217 3293
f 3290 3293 3221
f 3274 3293 3290
f 3217 3275 3298
f 3275 3200 3295
f 3298 3295 3222
f 3275 3295 3298
f 3221 3300 3291
f 3300 3222 3296
f 3291 3296 3201
f 3300 3296 3291
f 3217 3298 3293
f 3298 3222 3300
f 3293 3300 3221
f 3298 3300 3293
f 3195 3284 3284
f 3284 3219 3219
f 3284 3219 3219
f 3284 3219 3284
f 3219 3285 3285
f 3285 3201 3201
f 3285 3201 3201
f 3285 3201 3285
f 3219 3285 3285
f 3285 3201 3201
f 3285 3201 3201
f 3285 3201 3285
f 3219 3285 3219
f 3285 3201 3285
f 3219 3285 3219
f 3285 3285 3219
f 3201 3288 3288
f 3288 3220 3220
f 3288 3220 3220
f 3288 3220 3288
f 3220 3287 3287
f 3287 2904 2904
f 3287 2904 2904
f 3287 2904 3287
f 3220 3287 3287
f 3287 2904 2904
f 3287 2904 2904
f 3287 2904 3287
f 3220 3287 3220
f 3287 2904 3287
f 3220 3287 3220
f 3287 3287 3220
f 3201 3288 3288
f 3288 3220 3220
f 3288 3220 3220
f 3288 3220 3288
f 3220 3287 3287
f 3287 2904 2904
f 3287 2904 2904
f 3287 2904 3287
f 3220 3287 3287
f 3287 2904 2904
f 3287 2904 2904
f 3287 2904 3287
f 3220 3287 3220
f 3287 2904 3287
f 3220 3287 3220
f 3287 3287 3220
f 3201 3288 3201
f 3288 3220 3288
f 3201 3288 3201
f 3288 3288 3201
f 3220 3287 3220
f 3287 2904 3287
f 3220 3287 3220
f 3287 3287 3220
f 3201 3288 3201
f 3288 3220 3288
f 3201 3288 3201
f 3288 3288 3201
f 3220 3220 3288
f 3220 3220 3288
f 3288 3288 3201
f 3220 3288 3288
f 3193 3225 3262
f 3225 3203 3264
f 3262 3264 3214
f 3225 3264 3262
f 3203 3226 3271
f 3226 3196 3269
f 3271 3269 3216
f 3226 3269 3271
f 3214 3273 3263
f 3273 3216 3270
f 3263 3270 3200
f 3273 3270 3263
f 3203 3271 3264
f 3271 3216 3273
f 3264 3273 3214
f 3271 3273 3264
f 3196 3224 3258
f 3224 3202 3260
f 3258 3260 3213
f 3224 3260 3258
f 3202 3223 3257
f 3223 2901 3128
f 3257 3128 2959
f 3223 3128 3257
f 3213 3261 3259
f 3261 2959 3129
f 3259 3129 2916
f 3261 3129 3259
f 3202 3257 3260
f 3257 2959 3261
f 3260 3261 3213
f 3257 3261 3260
f 3200 3279 3267
f 3279 3218 3282
f 3267 3282 3215
f 3279 3282 3267
f 3218 3278 3280
f 3278 2916 3132
f 3280 3132 2960
f 3278 3132 3280
f 3215 3268 3266
f 3268 2960 3131
f 3266 3131 2904
f 3268 3131 3266
f 3218 3280 3282
f 3280 2960 3268
f 3282 3268 3215
f 3280 3268 3282
f 3196 3258 3269
f 3258 3213 3272
f 3269 3272 3216
f 3258 3272 3269
f 3213 3259 3281
f 3259 2916 3278
f 3281 3278 3218
f 3259 3278 3281
f 3216 3283 3270
f 3283 3218 3279
f 3270 3279 3200
f 3283 3279 3270
f 3213 3281 3272
f 3281 3218 3283
f 3272 3283 3216
f 3281 3283 3272
f 3193 3262 3262
f 3262 3214 3214
f 3262 3214 3214
f 3262 3214 3262
f 3214 3263 3263
f 3263 3200 3200
f 3263 3200 3200
f 3263 3200 3263
f 3214 3263 3263
f 3263 3200 3200
f 3263 3200 3200
f 3263 3200 3263
f 3214 3263 3214
f 3263 3200 3263
f 3214 3263 3214
f 3263 3263 3214
f 3200 3267 3267
f 3267 3215 3215
f 3267 3215 3215
f 3267 3215 3267
f 3215 3266 3266
f 3266 2904 2904
f 3266 2904 2904
f 3266 2904 3266
f 3215 3266 3266
f 3266 2904 2904
f 3266 2904 2904
f 3266 2904 3266
f 3215 3266 3215
f 3266 2904 3266
f 3215 3266 3215
f 3266 3266 3215
f 3200 3267 3267
f 3267 3215 3215
f 3267 3215 3215
f 3267 3215 3267
f 3215 3266 3266
f 3266 2904 2904
f 3266 2904 2904
f 3266 2904 3266
f 3215 3266 3266
f 3266 2904 2904
f 3266 2904 2904
f 3266 2904 3266
f 3215 3266 3215
f 3266 2904 3266
f 3215 3266 3215
f 3266 3266 3215
f 3200 3267 3200
f 3267 3215 3267
f 3200 3267 3200
f 3267 3267 3200
f 3215 3266 3215
f 3266 2904 3266
f 3215 3266 3215
f 3266 3266 3215
f 3200 3267 3200
f 3267 3215 3267
f 3200 3267 3200
f 3267 3267 3200
f 3215 3215 3267
f 3215 3215 3267
f 3267 3267 3200
f 3215 3267 3267
f 2903 3055 3331
f 3055 2942 3333
f 3331 3333 3310
f 3055 3333 3331
f 2942 3056 3338
f 3056 2912 3336
f 3338 3336 3312
f 3056 3336 3338
f 3310 3339 3332
f 3339 3312 3337
f 3332 3337 3304
f 3339 3337 3332
f 2942 3338 3333
f 3338 3312 3339
f 3333 3339 3310
f 3338 3339 3333
f 2912 3054 3346
f 3054 2941 3348
f 3346 3348 3315
f 3054 3348 3346
f 2941 3053 3342
f 3053 2902 3340
f 3342 3340 3313
f 3053 3340 3342
f 3315 3350 3347
f 3350 3313 3341
f 3347 3341 3305
f 3350 3341 3347
f 2941 3342 3348
f 3342 3313 3350
f 3348 3350 3315
f 3342 3350 3348
f 3304 3351 3335
f 3351 3316 3353
f 3335 3353 3311
f 3351 3353 3335
f 3316 3352 3355
f 3352 3305 3344
f 3355 3344 3314
f 3352 3344 3355
f 3311 3345 3334
f 3345 3314 3343
f 3334 3343 3301
f 3345 3343 3334
f 3316 3355 3353
f 3355 3314 3345
f 3353 3345 3311
f 3355 3345 3353
f 2912 3346 3336
f 3346 3315 3349
f 3336 3349 3312
f 3346 3349 3336
f 3315 3347 3356
f 3347 3305 3352
f 3356 3352 3316
f 3347 3352 3356
f 3312 3354 3337
f 3354 3316 3351
f 3337 3351 3304
f 3354 3351 3337
f 3315 3356 3349
f 3356 3316 3354
f 3349 3354 3312
f 3356 3354 3349
f 2903 3331 3331
f 3331 3310 3310
f 3331 3310 3310
f 3331 3310 3331
f 3310 3332 3332
f 3332 3304 3304
f 3332 3304 3304
f 3332 3304 3332
f 3310 3332 3332
f 3332 3304 3304
f 3332 3304 3304
f 3332 3304 3332
f 3310 3332 3310
f 3332 3304 3332
f 3310 3332 3310
f 3332 3332 3310
f 3304 3335 3335
f 3335 3311 3311
f 3335 3311 3311
f 3335 3311 3335
f 3311 3334 3334
f 3334 3301 3301
f 3334 3301 3301
f 3334 3301 3334
f 3311 3334 3334
f 3334 3301 3301
f 3334 3301 3301
f 3334 3301 3334
f 3311 3334 3311
f 3334 3301 3334
f 3311 3334 3311
f 3334 3334 3311
f 3304 3335 3335
f 3335 3311 3311
f 3335 3311 3311
f 3335 3311 3335
f 3311 3334 3334
f 3334 3301 3301
f 3334 3301 3301
f 3334 3301 3334
f 3311 3334 3334
f 3334 3301 3301
f 3334 3301 3301
f 3334 3301 3334
f 3311 3334 3311
f 3334 3301 3334
f 3311 3334 3311
f 3334 3334 3311
f 3304 3335 3304
f 3335 3311 3335
f 3304 3335 3304
f 3335 3335 3304
f 3311 3334 3311
f 3334 3301 3334
f 3311 3334 3311
f 3334 3334 3311
f 3304 3335 3304
f 3335 3311 3335
f 3304 3335 3304
f 3335 3335 3304
f 3311 3311 3335
f 3311 3311 3335
f 3335 3335 3304
f 3311 3335 3335
f 3301 3366 3334
f 3366 3320 3368
f 3334 3368 3311
f 3366 3368 3334
f 3320 3367 3376
f 3367 3307 3373
f 3376 3373 3322
f 3367 3373 3376
f 3311 3374 3335
f 3374 3322 3372
f 3335 3372 3304
f 3374 3372 3335
f 3320 3376 3368
f 3376 3322 3374
f 3368 3374 3311
f 3376 3374 3368
f 3307 3370 3378
f 3370 3321 3381
f 3378 3381 3323
f 3370 3381 3378
f 3321 3369 3371
f 3369 3302 3360
f 3371 3360 3318
f 3369 3360 3371
f 3323 3379 3377
f 3379 3318 3361
f 3377 3361 3306
f 3379 3361 3377
f 3321 3371 3381
f 3371 3318 3379
f 3381 3379 3323
f 3371 3379 3381
f 3304 3362 3332
f 3362 3319 3364
f 3332 3364 3310
f 3362 3364 3332
f 3319 3363 3365
f 3363 3306 3358
f 3365 3358 3317
f 3363 3358 3365
f 3310 3359 3331
f 3359 3317 3357
f 3331 3357 2903
f 3359 3357 3331
f 3319 3365 3364
f 3365 3317 3359
f 3364 3359 3310
f 3365 3359 3364
f 3307 3378 3373
f 3378 3323 3382
f 3373 3382 3322
f 3378 3382 3373
f 3323 3377 3380
f 3377 3306 3363
f 3380 3363 3319
f 3377 3363 3380
f 3322 3375 3372
f 3375 3319 3362
f 3372 3362 3304
f 3375 3362 3372
f 3323 3380 3382
f 3380 3319 3375
f 3382 3375 3322
f 3380 3375 3382
f 3301 3334 3334
f 3334 3311 3311
f 3334 3311 3311
f 3334 3311 3334
f 3311 3335 3335
f 3335 3304 3304
f 3335 3304 3304
f 3335 3304 3335
f 3311 3335 3335
f 3335 3304 3304
f 3335 3304 3304
f 3335 3304 3335
f 3311 3335 3311
f 3335 3304 3335
f 3311 3335 3311
f 3335 3335 3311
f 3304 3332 3332
f 3332 3310 3310
f 3332 3310 3310
f 3332 3310 3332
f 3310 3331 3331
f 3331 2903 2903
f 3331 2903 2903
f 3331 2903 3331
f 3310 3331 3331
f 3331 2903 2903
f 3331 2903 2903
f 3331 2903 3331
f 3310 3331 3310
f 3331 2903 3331
f 3310 3331 3310
f 3331 3331 3310
f 3304 3332 3332
f 3332 3310 3310
f 3332 3310 3310
f 3332 3310 3332
f 3310 3331 3331
f 3331 2903 2903
f 3331 2903 2903
f 3331 2903 3331
f 3310 3331 3331
f 3331 2903 2903
f 3331 2903 2903
f 3331 2903 3331
f 3310 3331 3310
f 3331 2903 3331
f 3310 3331 3310
f 3331 3331 3310
f 3304 3332 3304
f 3332 3310 3332
f 3304 3332 3304
f 3332 3332 3304
f 3310 3331 3310
f 3331 2903 3331
f 3310 3331 3310
f 3331 3331 3310
f 3304 3332 3304
f 3332 3310 3332
f 3304 3332 3304
f 3332 3332 3304
f 3310 3310 3332
f 3310 3310 3332
f 3332 3332 3304
f 3310 3332 3332
f 3302 3392 3360
f 3392 3327 3394
f 3360 3394 3318
f 3392 3394 3360
f 3327 3393 3402
f 3393 3309 3399
f 3402 3399 3329
f 3393 3399 3402
f 3318 3400 3361
f 3400 3329 3398
f 3361 3398 3306
f 3400 3398 3361
f 3327 3402 3394
f 3402 3329 3400
f 3394 3400 3318
f 3402 3400 3394
f 3309 3396 3404
f 3396 3328 3407
f 3404 3407 3330
f 3396 3407 3404
f 3328 3395 3397
f 3395 3303 3386
f 3397 3386 3325
f 3395 3386 3397
f 3330 3405 3403
f 3405 3325 3387
f 3403 3387 3308
f 3405 3387 3403
f 3328 3397 3407
f 3397 3325 3405
f 3407 3405 3330
f 3397 3405 3407
f 3306 3388 3358
f 3388 3326 3390
f 3358 3390 3317
f 3388 3390 3358
f 3326 3389 3391
f 3389 3308 3384
f 3391 3384 3324
f 3389 3384 3391
f 3317 3385 3357
f 3385 3324 3383
f 3357 3383 2903
f 3385 3383 3357
f 3326 3391 3390
f 3391 3324 3385
f 3390 3385 3317
f 3391 3385 3390
f 3309 3404 3399
f 3404 3330 3408
f 3399 3408 3329
f 3404 3408 3399
f 3330 3403 3406
f 3403 3308 3389
f 3406 3389 3326
f 3403 3389 3406
f 3329 3401 3398
f 3401 3326 3388
f 3398 3388 3306
f 3401 3388 3398
f 3330 3406 3408
f 3406 3326 3401
f 3408 3401 3329
f 3406 3401 3408
f 3302 3360 3360
f 3360 3318 3318
f 3360 3318 3318
f 3360 3318 3360
f 3318 3361 3361
f 3361 3306 3306
f 3361 3306 3306
f 3361 3306 3361
f 3318 3361 3361
f 3361 3306 3306
f 3361 3306 3306
f 3361 3306 3361
f 3318 3361 3318
f 3361 3306 3361
f 3318 3361 3318
f 3361 3361 3318
f 3306 3358 3358
f 3358 3317 3317
f 3358 3317 3317
f 3358 3317 3358
f 3317 3357 3357
f 3357 2903 2903
f 3357 2903 2903
f 3357 2903 3357
f 3317 3357 3357
f 3357 2903 2903
f 3357 2903 2903
f 3357 2903 3357
f 3317 3357 3317
f 3357 2903 3357
f 3317 3357 3317
f 3357 3357 3317
f 3306 3358 3358
f 3358 3317 3317
f 3358 3317 3317
f 3358 3317 3358
f 3317 3357 3357
f 3357 2903 2903
f 3357 2903 2903
f 3357 2903 3357
f 3317 3357 3357
f 3357 2903 2903
f 3357 2903 2903
f 3357 2903 3357
f 3317 3357 3317
f 3357 2903 3357
f 3317 3357 3317
f 3357 3357 3317
f 3306 3358 3306
f 3358 3317 3358
f 3306 3358 3306
f 3358 3358 3306
f 3317 3357 3317
f 3357 2903 3357
f 3317 3357 3317
f 3357 3357 3317
f 3306 3358 3306
f 3358 3317 3358
f 3306 3358 3306
f 3358 3358 3306
f 3317 3317 3358
f 3317 3317 3358
f 3358 3358 3306
f 3317 3358 3358
f 2901 3227 3421
f 3227 3204 3423
f 3421 3423 3411
f 3227 3423 3421
f 3204 3228 3428
f 3228 3197 3426
f 3428 3426 3413
f 3228 3426 3428
f 3411 3429 3422
f 3429 3413 3427
f 3422 3427 3409
f 3429 3427 3422
f 3204 3428 3423
f 3428 3413 3429
f 3423 3429 3411
f 3428 3429 3423
f 3197 3231 3436
f 3231 3205 3438
f 3436 3438 3416
f 3231 3438 3436
f 3205 3230 3432
f 3230 3194 3430
f 3432 3430 3414
f 3230 3430 3432
f 3416 3440 3437
f 3440 3414 3431
f 3437 3431 3410
f 3440 3431 3437
f 3205 3432 3438
f 3432 3414 3440
f 3438 3440 3416
f 3432 3440 3438
f 3409 3441 3425
f 3441 3417 3443
f 3425 3443 3412
f 3441 3443 3425
f 3417 3442 3445
f 3442 3410 3434
f 3445 3434 3415
f 3442 3434 3445
f 3412 3435 3424
f 3435 3415 3433
f 3424 3433 3301
f 3435 3433 3424
f 3417 3445 3443
f 3445 3415 3435
f 3443 3435 3412
f 3445 3435 3443
f 3197 3436 3426
f 3436 3416 3439
f 3426 3439 3413
f 3436 3439 3426
f 3416 3437 3446
f 3437 3410 3442
f 3446 3442 3417
f 3437 3442 3446
f 3413 3444 3427
f 3444 3417 3441
f 3427 3441 3409
f 3444 3441 3427
f 3416 3446 3439
f 3446 3417 3444
f 3439 3444 3413
f 3446 3444 3439
f 2901 3421 3421
f 3421 3411 3411
f 3421 3411 3411
f 3421 3411 3421
f 3411 3422 3422
f 3422 3409 3409
f 3422 3409 3409
f 3422 3409 3422
f 3411 3422 3422
f 3422 3409 3409
f 3422 3409 3409
f 3422 3409 3422
f 3411 3422 3411
f 3422 3409 3422
f 3411 3422 3411
f 3422 3422 3411
f 3409 3425 3425
f 3425 3412 3412
f 3425 3412 3412
f 3425 3412 3425
f 3412 3424 3424
f 3424 3301 3301
f 3424 3301 3301
f 3424 3301 3424
f 3412 3424 3424
f 3424 3301 3301
f 3424 3301 3301
f 3424 3301 3424
f 3412 3424 3412
f 3424 3301 3424
f 3412 3424 3412
f 3424 3424 3412
f 3409 3425 3425
f 3425 3412 3412
f 3425 3412 3412
f 3425 3412 3425
f 3412 3424 3424
f 3424 3301 3301
f 3424 3301 3301
f 3424 3301 3424
f 3412 3424 3424
f 3424 3301 3301
f 3424 3301 3301
f 3424 3301 3424
f 3412 3424 3412
f 3424 3301 3424
f 3412 3424 3412
f 3424 3424 3412
f 3409 3425 3409
f 3425 3412 3425
f 3409 3425 3409
f 3425 3425 3409
f 3412 3424 3412
f 3424 3301 3424
f 3412 3424 3412
f 3424 3424 3412
f 3409 3425 3409
f 3425 3412 3425
f 3409 3425 3409
f 3425 3425 3409
f 3412 3412 3425
f 3412 3412 3425
f 3425 3425 3409
f 3412 3425 3425
f 2902 3026 3340
f 3026 2933 3453
f 3340 3453 3313
f 3026 3453 3340
f 2933 3027 3461
f 3027 2909 3459
f 3461 3459 3420
f 3027 3459 3461
f 3313 3463 3341
f 3463 3420 3460
f 3341 3460 3305
f 3463 3460 3341
f 2933 3461 3453
f 3461 3420 3463
f 3453 3463 3313
f 3461 3463 3453
f 2909 3024 3449
f 3024 2932 3451
f 3449 3451 3418
f 3024 3451 3449
f 2932 3023 3447
f 3023 2901 3421
f 3447 3421 3411
f 3023 3421 3447
f 3418 3450 3448
f 3450 3411 3422
f 3448 3422 3409
f 3450 3422 3448
f 2932 3447 3451
f 3447 3411 3450
f 3451 3450 3418
f 3447 3450 3451
f 3305 3455 3344
f 3455 3419 3458
f 3344 3458 3314
f 3455 3458 3344
f 3419 3454 3456
f 3454 3409 3425
f 3456 3425 3412
f 3454 3425 3456
f 3314 3452 3343
f 3452 3412 3424
f 3343 3424 3301
f 3452 3424 3343
f 3419 3456 3458
f 3456 3412 3452
f 3458 3452 3314
f 3456 3452 3458
f 2909 3449 3459
f 3449 3418 3462
f 3459 3462 3420
f 3449 3462 3459
f 3418 3448 3457
f 3448 3409 3454
f 3457 3454 3419
f 3448 3454 3457
f 3420 3464 3460
f 3464 3419 3455
f 3460 3455 3305
f 3464 3455 3460
f 3418 3457 3462
f 3457 3419 3464
f 3462 3464 3420
f 3457 3464 3462
f 2902 3340 3340
f 3340 3313 3313
f 3340 3313 3313
f 3340 3313 3340
f 3313 3341 3341
f 3341 3305 3305
f 3341 3305 3305
f 3341 3305 3341
f 3313 3341 3341
f 3341 3305 3305
f 3341 3305 3305
f 3341 3305 3341
f 3313 3341 3313
f 3341 3305 3341
f 3313 3341 3313
f 3341 3341 3313
f 3305 3344 3344
f 3344 3314 3314
f 3344 3314 3314
f 3344 3314 3344
f 3314 3343 3343
f 3343 3301 3301
f 3343 3301 3301
f 3343 3301 3343
f 3314 3343 3343
f 3343 3301 3301
f 3343 3301 3301
f 3343 3301 3343
f 3314 3343 3314
f 3343 3301 3343
f 3314 3343 3314
f 3343 3343 3314
f 3305 3344 3344
f 3344 3314 3314
f 3344 3314 3314
f 3344 3314 3344
f 3314 3343 3343
f 3343 3301 3301
f 3343 3301 3301
f 3343 3301 3343
f 3314 3343 3343
f 3343 3301 3301
f 3343 3301 3301
f 3343 3301 3343
f 3314 3343 3314
f 3343 3301 3343
f 3314 3343 3314
f 3343 3343 3314
f 3305 3344 3305
f 3344 3314 3344
f 3305 3344 3305
f 3344 3344 3305
f 3314 3343 3314
f 3343 3301 3343
f 3314 3343 3314
f 3343 3343 3314
f 3305 3344 3305
f 3344 3314 3344
f 3305 3344 3305
f 3344 3344 3305
f 3314 3314 3344
f 3314 3314 3344
f 3344 3344 3305
f 3314 3344 3344
f 4 3618 96
f 3618 3492 3622
f 96 3622 31
f 3618 3622 96
f 3492 3619 3625
f 3619 3465 3623
f 3625 3623 3494
f 3619 3623 3625
f 31 3626 97
f 3626 3494 3624
f 97 3624 12
f 3626 3624 97
f 3492 3625 3622
f 3625 3494 3626
f 3622 3626 31
f 3625 3626 3622
f 3465 3621 3629
f 3621 3493 3631
f 3629 3631 3495
f 3621 3631 3629
f 3493 3620 3627
f 3620 231 454
f 3627 454 289
f 3620 454 3627
f 3495 3633 3630
f 3633 289 455
f 3630 455 244
f 3633 455 3630
f 3493 3627 3631
f 3627 289 3633
f 3631 3633 3495
f 3627 3633 3631
f 12 3634 99
f 3634 3496 3636
f 99 3636 32
f 3634 3636 99
f 3496 3635 3638
f 3635 244 452
f 3638 452 288
f 3635 452 3638
f 32 3628 98
f 3628 288 451
f 98 451 5
f 3628 451 98
f 3496 3638 3636
f 3638 288 3628
f 3636 3628 32
f 3638 3628 3636
f 3465 3629 3623
f 3629 3495 3632
f 3623 3632 3494
f 3629 3632 3623
f 3495 3630 3639
f 3630 244 3635
f 3639 3635 3496
f 3630 3635 3639
f 3494 3637 3624
f 3637 3496 3634
f 3624 3634 12
f 3637 3634 3624
f 3495 3639 3632
f 3639 3496 3637
f 3632 3637 3494
f 3639 3637 3632
f 4 96 96
f 96 31 31
f 96 31 31
f 96 31 96
f 31 97 97
f 97 12 12
f 97 12 12
f 97 12 97
f 31 97 97
f 97 12 12
f 97 12 12
f 97 12 97
f 31 97 31
f 97 12 97
f 31 97 31
f 97 97 31
f 12 99 99
f 99 32 32
f 99 32 32
f 99 32 99
f 32 98 98
f 98 5 5
f 98 5 5
f 98 5 98
f 32 98 98
f 98 5 5
f 98 5 5
f 98 5 98
f 32 98 32
f 98 5 98
f 32 98 32
f 98 98 32
f 12 99 99
f 99 32 32
f 99 32 32
f 99 32 99
f 32 98 98
f 98 5 5
f 98 5 5
f 98 5 98
f 32 98 98
f 98 5 5
f 98 5 5
f 98 5 98
f 32 98 32
f 98 5 98
f 32 98 32
f 98 98 32
f 12 99 12
f 99 32 99
f 12 99 12
f 99 99 12
f 32 98 32
f 98 5 98
f 32 98 32
f 98 98 32
f 12 99 12
f 99 32 99
f 12 99 12
f 99 99 12
f 32 32 99
f 32 32 99
f 99 99 12
f 32 99 99
f 3194 3640 3644
f 3640 3497 3646
f 3644 3646 3499
f 3640 3646 3644
f 3497 3641 3651
f 3641 3466 3649
f 3651 3649 3501
f 3641 3649 3651
f 3499 3652 3645
f 3652 3501 3650
f 3645 3650 3467
f 3652 3650 3645
f 3497 3651 3646
f 3651 3501 3652
f 3646 3652 3499
f 3651 3652 3646
f 3466 3643 3659
f 3643 3498 3661
f 3659 3661 3504
f 3643 3661 3659
f 3498 3642 3655
f 3642 1043 3653
f 3655 3653 3502
f 3642 3653 3655
f 3504 3663 3660
f 3663 3502 3654
f 3660 3654 3468
f 3663 3654 3660
f 3498 3655 3661
f 3655 3502 3663
f 3661 3663 3504
f 3655 3663 3661
f 3467 3664 3648
f 3664 3505 3666
f 3648 3666 3500
f 3664 3666 3648
f 3505 3665 3668
f 3665 3468 3657
f 3668 3657 3503
f 3665 3657 3668
f 3500 3658 3647
f 3658 3503 3656
f 3647 3656 8
f 3658 3656 3647
f 3505 3668 3666
f 3668 3503 3658
f 3666 3658 3500
f 3668 3658 3666
f 3466 3659 3649
f 3659 3504 3662
f 3649 3662 3501
f 3659 3662 3649
f 3504 3660 3669
f 3660 3468 3665
f 3669 3665 3505
f 3660 3665 3669
f 3501 3667 3650
f 3667 3505 3664
f 3650 3664 3467
f 3667 3664 3650
f 3504 3669 3662
f 3669 3505 3667
f 3662 3667 3501
f 3669 3667 3662
f 3194 3644 3644
f 3644 3499 3499
f 3644 3499 3499
f 3644 3499 3644
f 3499 3645 3645
f 3645 3467 3467
f 3645 3467 3467
f 3645 3467 3645
f 3499 3645 3645
f 3645 3467 3467
f 3645 3467 3467
f 3645 3467 3645
f 3499 3645 3499
f 3645 3467 3645
f 3499 3645 3499
f 3645 3645 3499
f 3467 3648 3648
f 3648 3500 3500
f 3648 3500 3500
f 3648 3500 3648
f 3500 3647 3647
f 3647 8 8
f 3647 8 8
f 3647 8 3647
f 3500 3647 3647
f 3647 8 8
f 3647 8 8
f 3647 8 3647
f 3500 3647 3500
f 3647 8 3647
f 3500 3647 3500
f 3647 3647 3500
f 3467 3648 3648
f 3648 3500 3500
f 3648 3500 3500
f 3648 3500 3648
f 3500 3647 3647
f 3647 8 8
f 3647 8 8
f 3647 8 3647
f 3500 3647 3647
f 3647 8 8
f 3647 8 8
f 3647 8 3647
f 3500 3647 3500
f 3647 8 3647
f 3500 3647 3500
f 3647 3647 3500
f 3467 3648 3467
f 3648 3500 3648
f 3467 3648 3467
f 3648 3648 3467
f 3500 3647 3500
f 3647 8 3647
f 3500 3647 3500
f 3647 3647 3500
f 3467 3648 3467
f 3648 3500 3648
f 3467 3648 3467
f 3648 3648 3467
f 3500 3500 3648
f 3500 3500 3648
f 3648 3648 3467
f 3500 3648 3648
f 3 3697 209
f 3697 3512 3699
f 209 3699 62
f 3697 3699 209
f 3512 3698 3707
f 3698 3470 3704
f 3707 3704 3514
f 3698 3704 3707
f 62 3705 210
f 3705 3514 3703
f 210 3703 21
f 3705 3703 210
f 3512 3707 3699
f 3707 3514 3705
f 3699 3705 62
f 3707 3705 3699
f 3470 3701 3709
f 3701 3513 3712
f 3709 3712 3515
f 3701 3712 3709
f 3513 3700 3702
f 3700 3301 3679
f 3702 3679 3508
f 3700 3679 3702
f 3515 3710 3708
f 3710 3508 3680
f 3708 3680 3469
f 3710 3680 3708
f 3513 3702 3712
f 3702 3508 3710
f 3712 3710 3515
f 3702 3710 3712
f 21 3687 213
f 3687 3510 3689
f 213 3689 63
f 3687 3689 213
f 3510 3688 3690
f 3688 3469 3676
f 3690 3676 3507
f 3688 3676 3690
f 63 3678 212
f 3678 3507 3675
f 212 3675 8
f 3678 3675 212
f 3510 3690 3689
f 3690 3507 3678
f 3689 3678 63
f 3690 3678 3689
f 3470 3709 3704
f 3709 3515 3713
f 3704 3713 3514
f 3709 3713 3704
f 3515 3708 3711
f 3708 3469 3688
f 3711 3688 3510
f 3708 3688 3711
f 3514 3706 3703
f 3706 3510 3687
f 3703 3687 21
f 3706 3687 3703
f 3515 3711 3713
f 3711 3510 3706
f 3713 3706 3514
f 3711 3706 3713
f 3 209 209
f 209 62 62
f 209 62 62
f 209 62 209
f 62 210 210
f 210 21 21
f 210 21 21
f 210 21 210
f 62 210 210
f 210 21 21
f 210 21 21
f 210 21 210
f 62 210 62
f 210 21 210
f 62 210 62
f 210 210 62
f 21 213 213
f 213 63 63
f 213 63 63
f 213 63 213
f 63 212 212
f 212 8 8
f 212 8 8
f 212 8 212
f 63 212 212
f 212 8 8
f 212 8 8
f 212 8 212
f 63 212 63
f 212 8 212
f 63 212 63
f 212 212 63
f 21 213 213
f 213 63 63
f 213 63 63
f 213 63 213
f 63 212 212
f 212 8 8
f 212 8 8
f 212 8 212
f 63 212 212
f 212 8 8
f 212 8 8
f 212 8 212
f 63 212 63
f 212 8 212
f 63 212 63
f 212 212 63
f 21 213 21
f 213 63 213
f 21 213 21
f 213 213 21
f 63 212 63
f 212 8 212
f 63 212 63
f 212 212 63
f 21 213 21
f 213 63 213
f 21 213 21
f 213 213 21
f 63 63 213
f 63 63 213
f 213 213 21
f 63 213 213
f 4 3714 3618
f 3714 3516 3716
f 3618 3716 3492
f 3714 3716 3618
f 3516 3715 3722
f 3715 3471 3720
f 3722 3720 3518
f 3715 3720 3722
f 3492 3721 3619
f 3721 3518 3719
f 3619 3719 3465
f 3721 3719 3619
f 3516 3722 3716
f 3722 3518 3721
f 3716 3721 3492
f 3722 3721 3716
f 3471 3718 3734
f 3718 3517 3736
f 3734 3736 3522
f 3718 3736 3734
f 3517 3717 3728
f 3717 1851 3726
f 3728 3726 3520
f 3717 3726 3728
f 3522 3738 3735
f 3738 3520 3727
f 3735 3727 3472
f 3738 3727 3735
f 3517 3728 3736
f 3728 3520 3738
f 3736 3738 3522
f 3728 3738 3736
f 3465 3729 3621
f 3729 3521 3731
f 3621 3731 3493
f 3729 3731 3621
f 3521 3730 3733
f 3730 3472 3724
f 3733 3724 3519
f 3730 3724 3733
f 3493 3725 3620
f 3725 3519 3723
f 3620 3723 231
f 3725 3723 3620
f 3521 3733 3731
f 3733 3519 3725
f 3731 3725 3493
f 3733 3725 3731
f 3471 3734 3720
f 3734 3522 3737
f 3720 3737 3518
f 3734 3737 3720
f 3522 3735 3739
f 3735 3472 3730
f 3739 3730 3521
f 3735 3730 3739
f 3518 3732 3719
f 3732 3521 3729
f 3719 3729 3465
f 3732 3729 3719
f 3522 3739 3737
f 3739 3521 3732
f 3737 3732 3518
f 3739 3732 3737
f 4 3618 3618
f 3618 3492 3492
f 3618 3492 3492
f 3618 3492 3618
f 3492 3619 3619
f 3619 3465 3465
f 3619 3465 3465
f 3619 3465 3619
f 3492 3619 3619
f 3619 3465 3465
f 3619 3465 3465
f 3619 3465 3619
f 3492 3619 3492
f 3619 3465 3619
f 3492 3619 3492
f 3619 3619 3492
f 3465 3621 3621
f 3621 3493 3493
f 3621 3493 3493
f 3621 3493 3621
f 3493 3620 3620
f 3620 231 231
f 3620 231 231
f 3620 231 3620
f 3493 3620 3620
f 3620 231 231
f 3620 231 231
f 3620 231 3620
f 3493 3620 3493
f 3620 231 3620
f 3493 3620 3493
f 3620 3620 3493
f 3465 3621 3621
f 3621 3493 3493
f 3621 3493 3493
f 3621 3493 3621
f 3493 3620 3620
f 3620 231 231
f 3620 231 231
f 3620 231 3620
f 3493 3620 3620
f 3620 231 231
f 3620 231 231
f 3620 231 3620
f 3493 3620 3493
f 3620 231 3620
f 3493 3620 3493
f 3620 3620 3493
f 3465 3621 3465
f 3621 3493 3621
f 3465 3621 3465
f 3621 3621 3465
f 3493 3620 3493
f 3620 231 3620
f 3493 3620 3493
f 3620 3620 3493
f 3465 3621 3465
f 3621 3493 3621
f 3465 3621 3465
f 3621 3621 3465
f 3493 3493 3621
f 3493 3493 3621
f 3621 3621 3465
f 3493 3621 3621
f 3 3740 3697
f 3740 3523 3742
f 3697 3742 3512
f 3740 3742 3697
f 3523 3741 3748
f 3741 3473 3746
f 3748 3746 3525
f 3741 3746 3748
f 3512 3747 3698
f 3747 3525 3745
f 3698 3745 3470
f 3747 3745 3698
f 3523 3748 3742
f 3748 3525 3747
f 3742 3747 3512
f 3748 3747 3742
f 3473 3744 3756
f 3744 3524 3758
f 3756 3758 3527
f 3744 3758 3756
f 3524 3743 3750
f 3743 3302 3369
f 3750 3369 3321
f 3743 3369 3750
f 3527 3760 3757
f 3760 3321 3370
f 3757 3370 3307
f 3760 3370 3757
f 3524 3750 3758
f 3750 3321 3760
f 3758 3760 3527
f 3750 3760 3758
f 3470 3751 3701
f 3751 3526 3753
f 3701 3753 3513
f 3751 3753 3701
f 3526 3752 3755
f 3752 3307 3367
f 3755 3367 3320
f 3752 3367 3755
f 3513 3749 3700
f 3749 3320 3366
f 3700 3366 3301
f 3749 3366 3700
f 3526 3755 3753
f 3755 3320 3749
f 3753 3749 3513
f 3755 3749 3753
f 3473 3756 3746
f 3756 3527 3759
f 3746 3759 3525
f 3756 3759 3746
f 3527 3757 3761
f 3757 3307 3752
f 3761 3752 3526
f 3757 3752 3761
f 3525 3754 3745
f 3754 3526 3751
f 3745 3751 3470
f 3754 3751 3745
f 3527 3761 3759
f 3761 3526 3754
f 3759 3754 3525
f 3761 3754 3759
f 3 3697 3697
f 3697 3512 3512
f 3697 3512 3512
f 3697 3512 3697
f 3512 3698 3698
f 3698 3470 3470
f 3698 3470 3470
f 3698 3470 3698
f 3512 3698 3698
f 3698 3470 3470
f 3698 3470 3470
f 3698 3470 3698
f 3512 3698 3512
f 3698 3470 3698
f 3512 3698 3512
f 3698 3698 3512
f 3470 3701 3701
f 3701 3513 3513
f 3701 3513 3513
f 3701 3513 3701
f 3513 3700 3700
f 3700 3301 3301
f 3700 3301 3301
f 3700 3301 3700
f 3513 3700 3700
f 3700 3301 3301
f 3700 3301 3301
f 3700 3301 3700
f 3513 3700 3513
f 3700 3301 3700
f 3513 3700 3513
f 3700 3700 3513
f 3470 3701 3701
f 3701 3513 3513
f 3701 3513 3513
f 3701 3513 3701
f 3513 3700 3700
f 3700 3301 3301
f 3700 3301 3301
f 3700 3301 3700
f 3513 3700 3700
f 3700 3301 3301
f 3700 3301 3301
f 3700 3301 3700
f 3513 3700 3513
f 3700 3301 3700
f 3513 3700 3513
f 3700 3700 3513
f 3470 3701 3470
f 3701 3513 3701
f 3470 3701 3470
f 3701 3701 3470
f 3513 3700 3513
f 3700 3301 3700
f 3513 3700 3513
f 3700 3700 3513
f 3470 3701 3470
f 3701 3513 3701
f 3470 3701 3470
f 3701 3701 3470
f 3513 3513 3701
f 3513 3513 3701
f 3701 3701 3470
f 3513 3701 3701
f 3194 3239 3640
f 3239 3208 3762
f 3640 3762 3497
f 3239 3762 3640
f 3208 3240 3766
f 3240 3198 3764
f 3766 3764 3528
f 3240 3764 3766
f 3497 3765 3641
f 3765 3528 3763
f 3641 3763 3466
f 3765 3763 3641
f 3208 3766 3762
f 3766 3528 3765
f 3762 3765 3497
f 3766 3765 3762
f 3198 3237 3778
f 3237 3207 3780
f 3778 3780 3532
f 3237 3780 3778
f 3207 3236 3772
f 3236 3193 3770
f 3772 3770 3530
f 3236 3770 3772
f 3532 3782 3779
f 3782 3530 3771
f 3779 3771 3474
f 3782 3771 3779
f 3207 3772 3780
f 3772 3530 3782
f 3780 3782 3532
f 3772 3782 3780
f 3466 3773 3643
f 3773 3531 3775
f 3643 3775 3498
f 3773 3775 3643
f 3531 3774 3777
f 3774 3474 3768
f 3777 3768 3529
f 3774 3768 3777
f 3498 3769 3642
f 3769 3529 3767
f 3642 3767 1043
f 3769 3767 3642
f 3531 3777 3775
f 3777 3529 3769
f 3775 3769 3498
f 3777 3769 3775
f 3198 3778 3764
f 3778 3532 3781
f 3764 3781 3528
f 3778 3781 3764
f 3532 3779 3783
f 3779 3474 3774
f 3783 3774 3531
f 3779 3774 3783
f 3528 3776 3763
f 3776 3531 3773
f 3763 3773 3466
f 3776 3773 3763
f 3532 3783 3781
f 3783 3531 3776
f 3781 3776 3528
f 3783 3776 3781
f 3194 3640 3640
f 3640 3497 3497
f 3640 3497 3497
f 3640 3497 3640
f 3497 3641 3641
f 3641 3466 3466
f 3641 3466 3466
f 3641 3466 3641
f 3497 3641 3641
f 3641 3466 3466
f 3641 3466 3466
f 3641 3466 3641
f 3497 3641 3497
f 3641 3466 3641
f 3497 3641 3497
f 3641 3641 3497
f 3466 3643 3643
f 3643 3498 3498
f 3643 3498 3498
f 3643 3498 3643
f 3498 3642 3642
f 3642 1043 1043
f 3642 1043 1043
f 3642 1043 3642
f 3498 3642 3642
f 3642 1043 1043
f 3642 1043 1043
f 3642 1043 3642
f 3498 3642 3498
f 3642 1043 3642
f 3498 3642 3498
f 3642 3642 3498
f 3466 3643 3643
f 3643 3498 3498
f 3643 3498 3498
f 3643 3498 3643
f 3498 3642 3642
f 3642 1043 1043
f 3642 1043 1043
f 3642 1043 3642
f 3498 3642 3642
f 3642 1043 1043
f 3642 1043 1043
f 3642 1043 3642
f 3498 3642 3498
f 3642 1043 3642
f 3498 3642 3498
f 3642 3642 3498
f 3466 3643 3466
f 3643 3498 3643
f 3466 3643 3466
f 3643 3643 3466
f 3498 3642 3498
f 3642 1043 3642
f 3498 3642 3498
f 3642 3642 3498
f 3466 3643 3466
f 3643 3498 3643
f 3466 3643 3466
f 3643 3643 3466
f 3498 3498 3643
f 3498 3498 3643
f 3643 3643 3466
f 3498 3643 3643
f 3195 3811 3255
f 3811 3539 3813
f 3255 3813 3212
f 3811 3813 3255
f 3539 3812 3821
f 3812 3476 3818
f 3821 3818 3541
f 3812 3818 3821
f 3212 3819 3256
f 3819 3541 3817
f 3256 3817 3199
f 3819 3817 3256
f 3539 3821 3813
f 3821 3541 3819
f 3813 3819 3212
f 3821 3819 3813
f 3476 3815 3823
f 3815 3540 3826
f 3823 3826 3542
f 3815 3826 3823
f 3540 3814 3816
f 3814 1367 3793
f 3816 3793 3535
f 3814 3793 3816
f 3542 3824 3822
f 3824 3535 3794
f 3822 3794 3475
f 3824 3794 3822
f 3540 3816 3826
f 3816 3535 3824
f 3826 3824 3542
f 3816 3824 3826
f 3199 3801 3254
f 3801 3537 3803
f 3254 3803 3211
f 3801 3803 3254
f 3537 3802 3804
f 3802 3475 3790
f 3804 3790 3534
f 3802 3790 3804
f 3211 3792 3253
f 3792 3534 3789
f 3253 3789 3193
f 3792 3789 3253
f 3537 3804 3803
f 3804 3534 3792
f 3803 3792 3211
f 3804 3792 3803
f 3476 3823 3818
f 3823 3542 3827
f 3818 3827 3541
f 3823 3827 3818
f 3542 3822 3825
f 3822 3475 3802
f 3825 3802 3537
f 3822 3802 3825
f 3541 3820 3817
f 3820 3537 3801
f 3817 3801 3199
f 3820 3801 3817
f 3542 3825 3827
f 3825 3537 3820
f 3827 3820 3541
f 3825 3820 3827
f 3195 3255 3255
f 3255 3212 3212
f 3255 3212 3212
f 3255 3212 3255
f 3212 3256 3256
f 3256 3199 3199
f 3256 3199 3199
f 3256 3199 3256
f 3212 3256 3256
f 3256 3199 3199
f 3256 3199 3199
f 3256 3199 3256
f 3212 3256 3212
f 3256 3199 3256
f 3212 3256 3212
f 3256 3256 3212
f 3199 3254 3254
f 3254 3211 3211
f 3254 3211 3211
f 3254 3211 3254
f 3211 3253 3253
f 3253 3193 3193
f 3253 3193 3193
f 3253 3193 3253
f 3211 3253 3253
f 3253 3193 3193
f 3253 3193 3193
f 3253 3193 3253
f 3211 3253 3211
f 3253 3193 3253
f 3211 3253 3211
f 3253 3253 3211
f 3199 3254 3254
f 3254 3211 3211
f 3254 3211 3211
f 3254 3211 3254
f 3211 3253 3253
f 3253 3193 3193
f 3253 3193 3193
f 3253 3193 3253
f 3211 3253 3253
f 3253 3193 3193
f 3253 3193 3193
f 3253 3193 3253
f 3211 3253 3211
f 3253 3193 3253
f 3211 3253 3211
f 3253 3253 3211
f 3199 3254 3199
f 3254 3211 3254
f 3199 3254 3199
f 3254 3254 3199
f 3211 3253 3211
f 3253 3193 3253
f 3211 3253 3211
f 3253 3253 3211
f 3199 3254 3199
f 3254 3211 3254
f 3199 3254 3199
f 3254 3254 3199
f 3211 3211 3254
f 3211 3211 3254
f 3254 3254 3199
f 3211 3254 3254
f 3302 3743 3392
f 3743 3524 3837
f 3392 3837 3327
f 3743 3837 3392
f 3524 3744 3841
f 3744 3473 3839
f 3841 3839 3546
f 3744 3839 3841
f 3327 3843 3393
f 3843 3546 3840
f 3393 3840 3309
f 3843 3840 3393
f 3524 3841 3837
f 3841 3546 3843
f 3837 3843 3327
f 3841 3843 3837
f 3473 3741 3833
f 3741 3523 3835
f 3833 3835 3545
f 3741 3835 3833
f 3523 3740 3830
f 3740 3 3828
f 3830 3828 3543
f 3740 3828 3830
f 3545 3836 3834
f 3836 3543 3829
f 3834 3829 3477
f 3836 3829 3834
f 3523 3830 3835
f 3830 3543 3836
f 3835 3836 3545
f 3830 3836 3835
f 3309 3845 3396
f 3845 3547 3848
f 3396 3848 3328
f 3845 3848 3396
f 3547 3844 3846
f 3844 3477 3832
f 3846 3832 3544
f 3844 3832 3846
f 3328 3838 3395
f 3838 3544 3831
f 3395 3831 3303
f 3838 3831 3395
f 3547 3846 3848
f 3846 3544 3838
f 3848 3838 3328
f 3846 3838 3848
f 3473 3833 3839
f 3833 3545 3842
f 3839 3842 3546
f 3833 3842 3839
f 3545 3834 3847
f 3834 3477 3844
f 3847 3844 3547
f 3834 3844 3847
f 3546 3849 3840
f 3849 3547 3845
f 3840 3845 3309
f 3849 3845 3840
f 3545 3847 3842
f 3847 3547 3849
f 3842 3849 3546
f 3847 3849 3842
f 3302 3392 3392
f 3392 3327 3327
f 3392 3327 3327
f 3392 3327 3392
f 3327 3393 3393
f 3393 3309 3309
f 3393 3309 3309
f 3393 3309 3393
f 3327 3393 3393
f 3393 3309 3309
f 3393 3309 3309
f 3393 3309 3393
f 3327 3393 3327
f 3393 3309 3393
f 3327 3393 3327
f 3393 3393 3327
f 3309 3396 3396
f 3396 3328 3328
f 3396 3328 3328
f 3396 3328 3396
f 3328 3395 3395
f 3395 3303 3303
f 3395 3303 3303
f 3395 3303 3395
f 3328 3395 3395
f 3395 3303 3303
f 3395 3303 3303
f 3395 3303 3395
f 3328 3395 3328
f 3395 3303 3395
f 3328 3395 3328
f 3395 3395 3328
f 3309 3396 3396
f 3396 3328 3328
f 3396 3328 3328
f 3396 3328 3396
f 3328 3395 3395
f 3395 3303 3303
f 3395 3303 3303
f 3395 3303 3395
f 3328 3395 3395
f 3395 3303 3303
f 3395 3303 3303
f 3395 3303 3395
f 3328 3395 3328
f 3395 3303 3395
f 3328 3395 3328
f 3395 3395 3328
f 3309 3396 3309
f 3396 3328 3396
f 3309 3396 3309
f 3396 3396 3309
f 3328 3395 3328
f 3395 3303 3395
f 3328 3395 3328
f 3395 3395 3328
f 3309 3396 3309
f 3396 3328 3396
f 3309 3396 3309
f 3396 3396 3309
f 3328 3328 3396
f 3328 3328 3396
f 3396 3396 3309
f 3328 3396 3396
f 1043 3767 1448
f 3767 3529 3784
f 1448 3784 1391
f 3767 3784 1448
f 3529 3768 3787
f 3768 3474 3785
f 3787 3785 3533
f 3768 3785 3787
f 1391 3788 1449
f 3788 3533 3786
f 1449 3786 1374
f 3788 3786 1449
f 3529 3787 3784
f 3787 3533 3788
f 3784 3788 1391
f 3787 3788 3784
f 3474 3771 3796
f 3771 3530 3798
f 3796 3798 3536
f 3771 3798 3796
f 3530 3770 3791
f 3770 3193 3789
f 3791 3789 3534
f 3770 3789 3791
f 3536 3800 3797
f 3800 3534 3790
f 3797 3790 3475
f 3800 3790 3797
f 3530 3791 3798
f 3791 3534 3800
f 3798 3800 3536
f 3791 3800 3798
f 1374 3805 1446
f 3805 3538 3807
f 1446 3807 1390
f 3805 3807 1446
f 3538 3806 3809
f 3806 3475 3794
f 3809 3794 3535
f 3806 3794 3809
f 1390 3795 1445
f 3795 3535 3793
f 1445 3793 1367
f 3795 3793 1445
f 3538 3809 3807
f 3809 3535 3795
f 3807 3795 1390
f 3809 3795 3807
f 3474 3796 3785
f 3796 3536 3799
f 3785 3799 3533
f 3796 3799 3785
f 3536 3797 3810
f 3797 3475 3806
f 3810 3806 3538
f 3797 3806 3810
f 3533 3808 3786
f 3808 3538 3805
f 3786 3805 1374
f 3808 3805 3786
f 3536 3810 3799
f 3810 3538 3808
f 3799 3808 3533
f 3810 3808 3799
f 1043 1448 1448
f 1448 1391 1391
f 1448 1391 1391
f 1448 1391 1448
f 1391 1449 1449
f 1449 1374 1374
f 1449 1374 1374
f 1449 1374 1449
f 1391 1449 1449
f 1449 1374 1374
f 1449 1374 1374
f 1449 1374 1449
f 1391 1449 1391
f 1449 1374 1449
f 1391 1449 1391
f 1449 1449 1391
f 1374 1446 1446
f 1446 1390 1390
f 1446 1390 1390
f 1446 1390 1446
f 1390 1445 1445
f 1445 1367 1367
f 1445 1367 1367
f 1445 1367 1445
f 1390 1445 1445
f 1445 1367 1367
f 1445 1367 1367
f 1445 1367 1445
f 1390 1445 1390
f 1445 1367 1445
f 1390 1445 1390
f 1445 1445 1390
f 1374 1446 1446
f 1446 1390 1390
f 1446 1390 1390
f 1446 1390 1446
f 1390 1445 1445
f 1445 1367 1367
f 1445 1367 1367
f 1445 1367 1445
f 1390 1445 1445
f 1445 1367 1367
f 1445 1367 1367
f 1445 1367 1445
f 1390 1445 1390
f 1445 1367 1445
f 1390 1445 1390
f 1445 1445 1390
f 1374 1446 1374
f 1446 1390 1446
f 1374 1446 1374
f 1446 1446 1374
f 1390 1445 1390
f 1445 1367 1445
f 1390 1445 1390
f 1445 1445 1390
f 1374 1446 1374
f 1446 1390 1446
f 1374 1446 1374
f 1446 1446 1374
f 1390 1390 1446
f 1390 1390 1446
f 1446 1446 1374
f 1390 1446 1446
f 8 3855 3881
f 3855 3549 3884
f 3881 3884 3556
f 3855 3884 3881
f 3549 3856 3895
f 3856 3478 3893
f 3895 3893 3559
f 3856 3893 3895
f 3556 3896 3882
f 3896 3559 3894
f 3882 3894 3480
f 3896 3894 3882
f 3549 3895 3884
f 3895 3559 3896
f 3884 3896 3556
f 3895 3896 3884
f 3478 3859 3905
f 3859 3550 3907
f 3905 3907 3561
f 3859 3907 3905
f 3550 3858 3903
f 3858 1044 1136
f 3903 1136 1069
f 3858 1136 3903
f 3561 3909 3906
f 3909 1069 1137
f 3906 1137 1050
f 3909 1137 3906
f 3550 3903 3907
f 3903 1069 3909
f 3907 3909 3561
f 3903 3909 3907
f 3480 3910 3886
f 3910 3562 3912
f 3886 3912 3557
f 3910 3912 3886
f 3562 3911 3914
f 3911 1050 1134
f 3914 1134 1068
f 3911 1134 3914
f 3557 3904 3885
f 3904 1068 1133
f 3885 1133 893
f 3904 1133 3885
f 3562 3914 3912
f 3914 1068 3904
f 3912 3904 3557
f 3914 3904 3912
f 3478 3905 3893
f 3905 3561 3908
f 3893 3908 3559
f 3905 3908 3893
f 3561 3906 3915
f 3906 1050 3911
f 3915 3911 3562
f 3906 3911 3915
f 3559 3913 3894
f 3913 3562 3910
f 3894 3910 3480
f 3913 3910 3894
f 3561 3915 3908
f 3915 3562 3913
f 3908 3913 3559
f 3915 3913 3908
f 8 3881 3881
f 3881 3556 3556
f 3881 3556 3556
f 3881 3556 3881
f 3556 3882 3882
f 3882 3480 3480
f 3882 3480 3480
f 3882 3480 3882
f 3556 3882 3882
f 3882 3480 3480
f 3882 3480 3480
f 3882 3480 3882
f 3556 3882 3556
f 3882 3480 3882
f 3556 3882 3556
f 3882 3882 3556
f 3480 3886 3886
f 3886 3557 3557
f 3886 3557 3557
f 3886 3557 3886
f 3557 3885 3885
f 3885 893 893
f 3885 893 893
f 3885 893 3885
f 3557 3885 3885
f 3885 893 893
f 3885 893 893
f 3885 893 3885
f 3557 3885 3557
f 3885 893 3885
f 3557 3885 3557
f 3885 3885 3557
f 3480 3886 3886
f 3886 3557 3557
f 3886 3557 3557
f 3886 3557 3886
f 3557 3885 3885
f 3885 893 893
f 3885 893 893
f 3885 893 3885
f 3557 3885 3885
f 3885 893 893
f 3885 893 893
f 3885 893 3885
f 3557 3885 3557
f 3885 893 3885
f 3557 3885 3557
f 3885 3885 3557
f 3480 3886 3480
f 3886 3557 3886
f 3480 3886 3480
f 3886 3886 3480
f 3557 3885 3557
f 3885 893 3885
f 3557 3885 3557
f 3885 3885 3557
f 3480 3886 3480
f 3886 3557 3886
f 3480 3886 3480
f 3886 3886 3480
f 3557 3557 3886
f 3557 3557 3886
f 3886 3886 3480
f 3557 3886 3886
f 4 755 3872
f 755 731 3874
f 3872 3874 3553
f 755 3874 3872
f 731 756 3879
f 756 723 3877
f 3879 3877 3555
f 756 3877 3879
f 3553 3880 3873
f 3880 3555 3878
f 3873 3878 3479
f 3880 3878 3873
f 731 3879 3874
f 3879 3555 3880
f 3874 3880 3553
f 3879 3880 3874
f 723 753 3888
f 753 730 3890
f 3888 3890 3558
f 753 3890 3888
f 730 752 3883
f 752 8 3881
f 3883 3881 3556
f 752 3881 3883
f 3558 3892 3889
f 3892 3556 3882
f 3889 3882 3480
f 3892 3882 3889
f 730 3883 3890
f 3883 3556 3892
f 3890 3892 3558
f 3883 3892 3890
f 3479 3897 3876
f 3897 3560 3899
f 3876 3899 3554
f 3897 3899 3876
f 3560 3898 3901
f 3898 3480 3886
f 3901 3886 3557
f 3898 3886 3901
f 3554 3887 3875
f 3887 3557 3885
f 3875 3885 893
f 3887 3885 3875
f 3560 3901 3899
f 3901 3557 3887
f 3899 3887 3554
f 3901 3887 3899
f 723 3888 3877
f 3888 3558 3891
f 3877 3891 3555
f 3888 3891 3877
f 3558 3889 3902
f 3889 3480 3898
f 3902 3898 3560
f 3889 3898 3902
f 3555 3900 3878
f 3900 3560 3897
f 3878 3897 3479
f 3900 3897 3878
f 3558 3902 3891
f 3902 3560 3900
f 3891 3900 3555
f 3902 3900 3891
f 4 3872 3872
f 3872 3553 3553
f 3872 3553 3553
f 3872 3553 3872
f 3553 3873 3873
f 3873 3479 3479
f 3873 3479 3479
f 3873 3479 3873
f 3553 3873 3873
f 3873 3479 3479
f 3873 3479 3479
f 3873 3479 3873
f 3553 3873 3553
f 3873 3479 3873
f 3553 3873 3553
f 3873 3873 3553
f 3479 3876 3876
f 3876 3554 3554
f 3876 3554 3554
f 3876 3554 3876
f 3554 3875 3875
f 3875 893 893
f 3875 893 893
f 3875 893 3875
f 3554 3875 3875
f 3875 893 893
f 3875 893 893
f 3875 893 3875
f 3554 3875 3554
f 3875 893 3875
f 3554 3875 3554
f 3875 3875 3554
f 3479 3876 3876
f 3876 3554 3554
f 3876 3554 3554
f 3876 3554 3876
f 3554 3875 3875
f 3875 893 893
f 3875 893 893
f 3875 893 3875
f 3554 3875 3875
f 3875 893 893
f 3875 893 893
f 3875 893 3875
f 3554 3875 3554
f 3875 893 3875
f 3554 3875 3554
f 3875 3875 3554
f 3479 3876 3479
f 3876 3554 3876
f 3479 3876 3479
f 3876 3876 3479
f 3554 3875 3554
f 3875 893 3875
f 3554 3875 3554
f 3875 3875 3554
f 3479 3876 3479
f 3876 3554 3876
f 3479 3876 3479
f 3876 3876 3479
f 3554 3554 3876
f 3554 3554 3876
f 3876 3876 3479
f 3554 3876 3876
f 893 992 3875
f 992 921 3925
f 3875 3925 3554
f 992 3925 3875
f 921 993 3931
f 993 900 3928
f 3931 3928 3566
f 993 3928 3931
f 3554 3929 3876
f 3929 3566 3927
f 3876 3927 3479
f 3929 3927 3876
f 921 3931 3925
f 3931 3566 3929
f 3925 3929 3554
f 3931 3929 3925
f 900 991 3933
f 991 920 3936
f 3933 3936 3567
f 991 3936 3933
f 920 990 3926
f 990 889 3919
f 3926 3919 3564
f 990 3919 3926
f 3567 3934 3932
f 3934 3564 3920
f 3932 3920 3481
f 3934 3920 3932
f 920 3926 3936
f 3926 3564 3934
f 3936 3934 3567
f 3926 3934 3936
f 3479 3921 3873
f 3921 3565 3923
f 3873 3923 3553
f 3921 3923 3873
f 3565 3922 3924
f 3922 3481 3917
f 3924 3917 3563
f 3922 3917 3924
f 3553 3918 3872
f 3918 3563 3916
f 3872 3916 4
f 3918 3916 3872
f 3565 3924 3923
f 3924 3563 3918
f 3923 3918 3553
f 3924 3918 3923
f 900 3933 3928
f 3933 3567 3937
f 3928 3937 3566
f 3933 3937 3928
f 3567 3932 3935
f 3932 3481 3922
f 3935 3922 3565
f 3932 3922 3935
f 3566 3930 3927
f 3930 3565 3921
f 3927 3921 3479
f 3930 3921 3927
f 3567 3935 3937
f 3935 3565 3930
f 3937 3930 3566
f 3935 3930 3937
f 893 3875 3875
f 3875 3554 3554
f 3875 3554 3554
f 3875 3554 3875
f 3554 3876 3876
f 3876 3479 3479
f 3876 3479 3479
f 3876 3479 3876
f 3554 3876 3876
f 3876 3479 3479
f 3876 3479 3479
f 3876 3479 3876
f 3554 3876 3554
f 3876 3479 3876
f 3554 3876 3554
f 3876 3876 3554
f 3479 3873 3873
f 3873 3553 3553
f 3873 3553 3553
f 3873 3553 3873
f 3553 3872 3872
f 3872 4 4
f 3872 4 4
f 3872 4 3872
f 3553 3872 3872
f 3872 4 4
f 3872 4 4
f 3872 4 3872
f 3553 3872 3553
f 3872 4 3872
f 3553 3872 3553
f 3872 3872 3553
f 3479 3873 3873
f 3873 3553 3553
f 3873 3553 3553
f 3873 3553 3873
f 3553 3872 3872
f 3872 4 4
f 3872 4 4
f 3872 4 3872
f 3553 3872 3872
f 3872 4 4
f 3872 4 4
f 3872 4 3872
f 3553 3872 3553
f 3872 4 3872
f 3553 3872 3553
f 3872 3872 3553
f 3479 3873 3479
f 3873 3553 3873
f 3479 3873 3479
f 3873 3873 3479
f 3553 3872 3553
f 3872 4 3872
f 3553 3872 3553
f 3872 3872 3553
f 3479 3873 3479
f 3873 3553 3873
f 3479 3873 3479
f 3873 3873 3479
f 3553 3553 3873
f 3553 3553 3873
f 3873 3873 3479
f 3553 3873 3873
f 1154 3938 1304
f 3938 3568 3942
f 1304 3942 1195
f 3938 3942 1304
f 3568 3939 3945
f 3939 3482 3943
f 3945 3943 3570
f 3939 3943 3945
f 1195 3946 1305
f 3946 3570 3944
f 1305 3944 1164
f 3946 3944 1305
f 3568 3945 3942
f 3945 3570 3946
f 3942 3946 1195
f 3945 3946 3942
f 3482 3941 3953
f 3941 3569 3955
f 3953 3955 3573
f 3941 3955 3953
f 3569 3940 3949
f 3940 1959 3947
f 3949 3947 3571
f 3940 3947 3949
f 3573 3957 3954
f 3957 3571 3948
f 3954 3948 3483
f 3957 3948 3954
f 3569 3949 3955
f 3949 3571 3957
f 3955 3957 3573
f 3949 3957 3955
f 1164 3958 1302
f 3958 3574 3960
f 1302 3960 1194
f 3958 3960 1302
f 3574 3959 3962
f 3959 3483 3951
f 3962 3951 3572
f 3959 3951 3962
f 1194 3952 1301
f 3952 3572 3950
f 1301 3950 1153
f 3952 3950 1301
f 3574 3962 3960
f 3962 3572 3952
f 3960 3952 1194
f 3962 3952 3960
f 3482 3953 3943
f 3953 3573 3956
f 3943 3956 3570
f 3953 3956 3943
f 3573 3954 3963
f 3954 3483 3959
f 3963 3959 3574
f 3954 3959 3963
f 3570 3961 3944
f 3961 3574 3958
f 3944 3958 1164
f 3961 3958 3944
f 3573 3963 3956
f 3963 3574 3961
f 3956 3961 3570
f 3963 3961 3956
f 1154 1304 1304
f 1304 1195 1195
f 1304 1195 1195
f 1304 1195 1304
f 1195 1305 1305
f 1305 1164 1164
f 1305 1164 1164
f 1305 1164 1305
f 1195 1305 1305
f 1305 1164 1164
f 1305 1164 1164
f 1305 1164 1305
f 1195 1305 1195
f 1305 1164 1305
f 1195 1305 1195
f 1305 1305 1195
f 1164 1302 1302
f 1302 1194 1194
f 1302 1194 1194
f 1302 1194 1302
f 1194 1301 1301
f 1301 1153 1153
f 1301 1153 1153
f 1301 1153 1301
f 1194 1301 1301
f 1301 1153 1153
f 1301 1153 1153
f 1301 1153 1301
f 1194 1301 1194
f 1301 1153 1301
f 1194 1301 1194
f 1301 1301 1194
f 1164 1302 1302
f 1302 1194 1194
f 1302 1194 1194
f 1302 1194 1302
f 1194 1301 1301
f 1301 1153 1153
f 1301 1153 1153
f 1301 1153 1301
f 1194 1301 1301
f 1301 1153 1153
f 1301 1153 1153
f 1301 1153 1301
f 1194 1301 1194
f 1301 1153 1301
f 1194 1301 1194
f 1301 1301 1194
f 1164 1302 1164
f 1302 1194 1302
f 1164 1302 1164
f 1302 1302 1164
f 1194 1301 1194
f 1301 1153 1301
f 1194 1301 1194
f 1301 1301 1194
f 1164 1302 1164
f 1302 1194 1302
f 1164 1302 1164
f 1302 1302 1164
f 1194 1194 1302
f 1194 1194 1302
f 1302 1302 1164
f 1194 1302 1302
f 1043 1116 3653
f 1116 1064 3850
f 3653 3850 3502
f 1116 3850 3653
f 1064 1117 3854
f 1117 1049 3852
f 3854 3852 3548
f 1117 3852 3854
f 3502 3853 3654
f 3853 3548 3851
f 3654 3851 3468
f 3853 3851 3654
f 1064 3854 3850
f 3854 3548 3853
f 3850 3853 3502
f 3854 3853 3850
f 1049 1120 3866
f 1120 1065 3868
f 3866 3868 3552
f 1120 3868 3866
f 1065 1119 3860
f 1119 1044 3858
f 3860 3858 3550
f 1119 3858 3860
f 3552 3870 3867
f 3870 3550 3859
f 3867 3859 3478
f 3870 3859 3867
f 1065 3860 3868
f 3860 3550 3870
f 3868 3870 3552
f 3860 3870 3868
f 3468 3861 3657
f 3861 3551 3863
f 3657 3863 3503
f 3861 3863 3657
f 3551 3862 3865
f 3862 3478 3856
f 3865 3856 3549
f 3862 3856 3865
f 3503 3857 3656
f 3857 3549 3855
f 3656 3855 8
f 3857 3855 3656
f 3551 3865 3863
f 3865 3549 3857
f 3863 3857 3503
f 3865 3857 3863
f 1049 3866 3852
f 3866 3552 3869
f 3852 3869 3548
f 3866 3869 3852
f 3552 3867 3871
f 3867 3478 3862
f 3871 3862 3551
f 3867 3862 3871
f 3548 3864 3851
f 3864 3551 3861
f 3851 3861 3468
f 3864 3861 3851
f 3552 3871 3869
f 3871 3551 3864
f 3869 3864 3548
f 3871 3864 3869
f 1043 3653 3653
f 3653 3502 3502
f 3653 3502 3502
f 3653 3502 3653
f 3502 3654 3654
f 3654 3468 3468
f 3654 3468 3468
f 3654 3468 3654
f 3502 3654 3654
f 3654 3468 3468
f 3654 3468 3468
f 3654 3468 3654
f 3502 3654 3502
f 3654 3468 3654
f 3502 3654 3502
f 3654 3654 3502
f 3468 3657 3657
f 3657 3503 3503
f 3657 3503 3503
f 3657 3503 3657
f 3503 3656 3656
f 3656 8 8
f 3656 8 8
f 3656 8 3656
f 3503 3656 3656
f 3656 8 8
f 3656 8 8
f 3656 8 3656
f 3503 3656 3503
f 3656 8 3656
f 3503 3656 3503
f 3656 3656 3503
f 3468 3657 3657
f 3657 3503 3503
f 3657 3503 3503
f 3657 3503 3657
f 3503 3656 3656
f 3656 8 8
f 3656 8 8
f 3656 8 3656
f 3503 3656 3656
f 3656 8 8
f 3656 8 8
f 3656 8 3656
f 3503 3656 3503
f 3656 8 3656
f 3503 3656 3503
f 3656 3656 3503
f 3468 3657 3468
f 3657 3503 3657
f 3468 3657 3468
f 3657 3657 3468
f 3503 3656 3503
f 3656 8 3656
f 3503 3656 3503
f 3656 3656 3503
f 3468 3657 3468
f 3657 3503 3657
f 3468 3657 3468
f 3657 3657 3468
f 3503 3503 3657
f 3503 3503 3657
f 3657 3657 3468
f 3503 3657 3657
f 1961 2169 3972
f 2169 2017 3995
f 3972 3995 3577
f 2169 3995 3972
f 2017 2170 4001
f 2170 1976 3998
f 4001 3998 3583
f 2170 3998 4001
f 3577 3999 3973
f 3999 3583 3997
f 3973 3997 3484
f 3999 3997 3973
f 2017 4001 3995
f 4001 3583 3999
f 3995 3999 3577
f 4001 3999 3995
f 1976 2173 4003
f 2173 2018 4006
f 4003 4006 3584
f 2173 4006 4003
f 2018 2172 3996
f 2172 1964 3989
f 3996 3989 3581
f 2172 3989 3996
f 3584 4004 4002
f 4004 3581 3990
f 4002 3990 3485
f 4004 3990 4002
f 2018 3996 4006
f 3996 3581 4004
f 4006 4004 3584
f 3996 4004 4006
f 3484 3991 3970
f 3991 3582 3993
f 3970 3993 3576
f 3991 3993 3970
f 3582 3992 3994
f 3992 3485 3987
f 3994 3987 3580
f 3992 3987 3994
f 3576 3988 3969
f 3988 3580 3986
f 3969 3986 1153
f 3988 3986 3969
f 3582 3994 3993
f 3994 3580 3988
f 3993 3988 3576
f 3994 3988 3993
f 1976 4003 3998
f 4003 3584 4007
f 3998 4007 3583
f 4003 4007 3998
f 3584 4002 4005
f 4002 3485 3992
f 4005 3992 3582
f 4002 3992 4005
f 3583 4000 3997
f 4000 3582 3991
f 3997 3991 3484
f 4000 3991 3997
f 3584 4005 4007
f 4005 3582 4000
f 4007 4000 3583
f 4005 4000 4007
f 1961 3972 3972
f 3972 3577 3577
f 3972 3577 3577
f 3972 3577 3972
f 3577 3973 3973
f 3973 3484 3484
f 3973 3484 3484
f 3973 3484 3973
f 3577 3973 3973
f 3973 3484 3484
f 3973 3484 3484
f 3973 3484 3973
f 3577 3973 3577
f 3973 3484 3973
f 3577 3973 3577
f 3973 3973 3577
f 3484 3970 3970
f 3970 3576 3576
f 3970 3576 3576
f 3970 3576 3970
f 3576 3969 3969
f 3969 1153 1153
f 3969 1153 1153
f 3969 1153 3969
f 3576 3969 3969
f 3969 1153 1153
f 3969 1153 1153
f 3969 1153 3969
f 3576 3969 3576
f 3969 1153 3969
f 3576 3969 3576
f 3969 3969 3576
f 3484 3970 3970
f 3970 3576 3576
f 3970 3576 3576
f 3970 3576 3970
f 3576 3969 3969
f 3969 1153 1153
f 3969 1153 1153
f 3969 1153 3969
f 3576 3969 3969
f 3969 1153 1153
f 3969 1153 1153
f 3969 1153 3969
f 3576 3969 3576
f 3969 1153 3969
f 3576 3969 3576
f 3969 3969 3576
f 3484 3970 3484
f 3970 3576 3970
f 3484 3970 3484
f 3970 3970 3484
f 3576 3969 3576
f 3969 1153 3969
f 3576 3969 3576
f 3969 3969 3576
f 3484 3970 3484
f 3970 3576 3970
f 3484 3970 3484
f 3970 3970 3484
f 3576 3576 3970
f 3576 3576 3970
f 3970 3970 3484
f 3576 3970 3970
f 4 4008 3714
f 4008 3585 4010
f 3714 4010 3516
f 4008 4010 3714
f 3585 4009 4016
f 4009 3486 4014
f 4016 4014 3587
f 4009 4014 4016
f 3516 4015 3715
f 4015 3587 4013
f 3715 4013 3471
f 4015 4013 3715
f 3585 4016 4010
f 4016 3587 4015
f 4010 4015 3516
f 4016 4015 4010
f 3486 4012 4024
f 4012 3586 4026
f 4024 4026 3589
f 4012 4026 4024
f 3586 4011 4018
f 4011 1852 1883
f 4018 1883 1861
f 4011 1883 4018
f 3589 4028 4025
f 4028 1861 1884
f 4025 1884 1854
f 4028 1884 4025
f 3586 4018 4026
f 4018 1861 4028
f 4026 4028 3589
f 4018 4028 4026
f 3471 4019 3718
f 4019 3588 4021
f 3718 4021 3517
f 4019 4021 3718
f 3588 4020 4023
f 4020 1854 1882
f 4023 1882 1860
f 4020 1882 4023
f 3517 4017 3717
f 4017 1860 1881
f 3717 1881 1851
f 4017 1881 3717
f 3588 4023 4021
f 4023 1860 4017
f 4021 4017 3517
f 4023 4017 4021
f 3486 4024 4014
f 4024 3589 4027
f 4014 4027 3587
f 4024 4027 4014
f 3589 4025 4029
f 4025 1854 4020
f 4029 4020 3588
f 4025 4020 4029
f 3587 4022 4013
f 4022 3588 4019
f 4013 4019 3471
f 4022 4019 4013
f 3589 4029 4027
f 4029 3588 4022
f 4027 4022 3587
f 4029 4022 4027
f 4 3714 3714
f 3714 3516 3516
f 3714 3516 3516
f 3714 3516 3714
f 3516 3715 3715
f 3715 3471 3471
f 3715 3471 3471
f 3715 3471 3715
f 3516 3715 3715
f 3715 3471 3471
f 3715 3471 3471
f 3715 3471 3715
f 3516 3715 3516
f 3715 3471 3715
f 3516 3715 3516
f 3715 3715 3516
f 3471 3718 3718
f 3718 3517 3517
f 3718 3517 3517
f 3718 3517 3718
f 3517 3717 3717
f 3717 1851 1851
f 3717 1851 1851
f 3717 1851 3717
f 3517 3717 3717
f 3717 1851 1851
f 3717 1851 1851
f 3717 1851 3717
f 3517 3717 3517
f 3717 1851 3717
f 3517 3717 3517
f 3717 3717 3517
f 3471 3718 3718
f 3718 3517 3517
f 3718 3517 3517
f 3718 3517 3718
f 3517 3717 3717
f 3717 1851 1851
f 3717 1851 1851
f 3717 1851 3717
f 3517 3717 3717
f 3717 1851 1851
f 3717 1851 1851
f 3717 1851 3717
f 3517 3717 3517
f 3717 1851 3717
f 3517 3717 3517
f 3717 3717 3517
f 3471 3718 3471
f 3718 3517 3718
f 3471 3718 3471
f 3718 3718 3471
f 3517 3717 3517
f 3717 1851 3717
f 3517 3717 3517
f 3717 3717 3517
f 3471 3718 3471
f 3718 3517 3718
f 3471 3718 3471
f 3718 3718 3471
f 3517 3517 3718
f 3517 3517 3718
f 3718 3718 3471
f 3517 3718 3718
f 892 4088 967
f 4088 3604 4090
f 967 4090 914
f 4088 4090 967
f 3604 4089 4100
f 4089 3490 4097
f 4100 4097 3606
f 4089 4097 4100
f 914 4098 968
f 4098 3606 4096
f 968 4096 898
f 4098 4096 968
f 3604 4100 4090
f 4100 3606 4098
f 4090 4098 914
f 4100 4098 4090
f 3490 4093 4107
f 4093 3605 4110
f 4107 4110 3608
f 4093 4110 4107
f 3605 4092 4094
f 4092 1963 4043
f 4094 4043 3594
f 4092 4043 4094
f 3608 4108 4106
f 4108 3594 4044
f 4106 4044 3488
f 4108 4044 4106
f 3605 4094 4110
f 4094 3594 4108
f 4110 4108 3608
f 4094 4108 4110
f 898 4051 965
f 4051 3596 4053
f 965 4053 913
f 4051 4053 965
f 3596 4052 4054
f 4052 3488 4040
f 4054 4040 3593
f 4052 4040 4054
f 913 4042 964
f 4042 3593 4039
f 964 4039 889
f 4042 4039 964
f 3596 4054 4053
f 4054 3593 4042
f 4053 4042 913
f 4054 4042 4053
f 3490 4107 4097
f 4107 3608 4111
f 4097 4111 3606
f 4107 4111 4097
f 3608 4106 4109
f 4106 3488 4052
f 4109 4052 3596
f 4106 4052 4109
f 3606 4099 4096
f 4099 3596 4051
f 4096 4051 898
f 4099 4051 4096
f 3608 4109 4111
f 4109 3596 4099
f 4111 4099 3606
f 4109 4099 4111
f 892 967 967
f 967 914 914
f 967 914 914
f 967 914 967
f 914 968 968
f 968 898 898
f 968 898 898
f 968 898 968
f 914 968 968
f 968 898 898
f 968 898 898
f 968 898 968
f 914 968 914
f 968 898 968
f 914 968 914
f 968 968 914
f 898 965 965
f 965 913 913
f 965 913 913
f 965 913 965
f 913 964 964
f 964 889 889
f 964 889 889
f 964 889 964
f 913 964 964
f 964 889 889
f 964 889 889
f 964 889 964
f 913 964 913
f 964 889 964
f 913 964 913
f 964 964 913
f 898 965 965
f 965 913 913
f 965 913 913
f 965 913 965
f 913 964 964
f 964 889 889
f 964 889 889
f 964 889 964
f 913 964 964
f 964 889 889
f 964 889 889
f 964 889 964
f 913 964 913
f 964 889 964
f 913 964 913
f 964 964 913
f 898 965 898
f 965 913 965
f 898 965 898
f 965 965 898
f 913 964 913
f 964 889 964
f 913 964 913
f 964 964 913
f 898 965 898
f 965 913 965
f 898 965 898
f 965 965 898
f 913 913 965
f 913 913 965
f 965 965 898
f 913 965 965
f 1153 4061 1269
f 4061 3598 4064
f 1269 4064 1185
f 4061 4064 1269
f 3598 4062 4074
f 4062 3489 4072
f 4074 4072 3601
f 4062 4072 4074
f 1185 4073 1270
f 4073 3601 4071
f 1270 4071 1161
f 4073 4071 1270
f 3598 4074 4064
f 4074 3601 4073
f 4064 4073 1185
f 4074 4073 4064
f 3489 4066 4112
f 4066 3599 4114
f 4112 4114 3609
f 4066 4114 4112
f 3599 4065 4095
f 4065 1963 4092
f 4095 4092 3605
f 4065 4092 4095
f 3609 4116 4113
f 4116 3605 4093
f 4113 4093 3490
f 4116 4093 4113
f 3599 4095 4114
f 4095 3605 4116
f 4114 4116 3609
f 4095 4116 4114
f 1161 4101 1267
f 4101 3607 4103
f 1267 4103 1184
f 4101 4103 1267
f 3607 4102 4105
f 4102 3490 4089
f 4105 4089 3604
f 4102 4089 4105
f 1184 4091 1266
f 4091 3604 4088
f 1266 4088 892
f 4091 4088 1266
f 3607 4105 4103
f 4105 3604 4091
f 4103 4091 1184
f 4105 4091 4103
f 3489 4112 4072
f 4112 3609 4115
f 4072 4115 3601
f 4112 4115 4072
f 3609 4113 4117
f 4113 3490 4102
f 4117 4102 3607
f 4113 4102 4117
f 3601 4104 4071
f 4104 3607 4101
f 4071 4101 1161
f 4104 4101 4071
f 3609 4117 4115
f 4117 3607 4104
f 4115 4104 3601
f 4117 4104 4115
f 1153 1269 1269
f 1269 1185 1185
f 1269 1185 1185
f 1269 1185 1269
f 1185 1270 1270
f 1270 1161 1161
f 1270 1161 1161
f 1270 1161 1270
f 1185 1270 1270
f 1270 1161 1161
f 1270 1161 1161
f 1270 1161 1270
f 1185 1270 1185
f 1270 1161 1270
f 1185 1270 1185
f 1270 1270 1185
f 1161 1267 1267
f 1267 1184 1184
f 1267 1184 1184
f 1267 1184 1267
f 1184 1266 1266
f 1266 892 892
f 1266 892 892
f 1266 892 1266
f 1184 1266 1266
f 1266 892 892
f 1266 892 892
f 1266 892 1266
f 1184 1266 1184
f 1266 892 1266
f 1184 1266 1184
f 1266 1266 1184
f 1161 1267 1267
f 1267 1184 1184
f 1267 1184 1184
f 1267 1184 1267
f 1184 1266 1266
f 1266 892 892
f 1266 892 892
f 1266 892 1266
f 1184 1266 1266
f 1266 892 892
f 1266 892 892
f 1266 892 1266
f 1184 1266 1184
f 1266 892 1266
f 1184 1266 1184
f 1266 1266 1184
f 1161 1267 1161
f 1267 1184 1267
f 1161 1267 1161
f 1267 1267 1161
f 1184 1266 1184
f 1266 892 1266
f 1184 1266 1184
f 1266 1266 1184
f 1161 1267 1161
f 1267 1184 1267
f 1161 1267 1161
f 1267 1267 1161
f 1184 1184 1267
f 1184 1184 1267
f 1267 1267 1161
f 1184 1267 1267
f 1963 2141 4033
f 2141 2010 4145
f 4033 4145 3591
f 2141 4145 4033
f 2010 2142 4151
f 2142 1974 4148
f 4151 4148 3616
f 2142 4148 4151
f 3591 4149 4034
f 4149 3616 4147
f 4034 4147 3487
f 4149 4147 4034
f 2010 4151 4145
f 4151 3616 4149
f 4145 4149 3591
f 4151 4149 4145
f 1974 2139 4153
f 2139 2009 4156
f 4153 4156 3617
f 2139 4156 4153
f 2009 2138 4146
f 2138 1962 4122
f 4146 4122 3611
f 2138 4122 4146
f 3617 4154 4152
f 4154 3611 4123
f 4152 4123 3491
f 4154 4123 4152
f 2009 4146 4156
f 4146 3611 4154
f 4156 4154 3617
f 4146 4154 4156
f 3487 4128 4031
f 4128 3613 4130
f 4031 4130 3590
f 4128 4130 4031
f 3613 4129 4131
f 4129 3491 4119
f 4131 4119 3610
f 4129 4119 4131
f 3590 4121 4030
f 4121 3610 4118
f 4030 4118 4
f 4121 4118 4030
f 3613 4131 4130
f 4131 3610 4121
f 4130 4121 3590
f 4131 4121 4130
f 1974 4153 4148
f 4153 3617 4157
f 4148 4157 3616
f 4153 4157 4148
f 3617 4152 4155
f 4152 3491 4129
f 4155 4129 3613
f 4152 4129 4155
f 3616 4150 4147
f 4150 3613 4128
f 4147 4128 3487
f 4150 4128 4147
f 3617 4155 4157
f 4155 3613 4150
f 4157 4150 3616
f 4155 4150 4157
f 1963 4033 4033
f 4033 3591 3591
f 4033 3591 3591
f 4033 3591 4033
f 3591 4034 4034
f 4034 3487 3487
f 4034 3487 3487
f 4034 3487 4034
f 3591 4034 4034
f 4034 3487 3487
f 4034 3487 3487
f 4034 3487 4034
f 3591 4034 3591
f 4034 3487 4034
f 3591 4034 3591
f 4034 4034 3591
f 3487 4031 4031
f 4031 3590 3590
f 4031 3590 3590
f 4031 3590 4031
f 3590 4030 4030
f 4030 4 4
f 4030 4 4
f 4030 4 4030
f 3590 4030 4030
f 4030 4 4
f 4030 4 4
f 4030 4 4030
f 3590 4030 3590
f 4030 4 4030
f 3590 4030 3590
f 4030 4030 3590
f 3487 4031 4031
f 4031 3590 3590
f 4031 3590 3590
f 4031 3590 4031
f 3590 4030 4030
f 4030 4 4
f 4030 4 4
f 4030 4 4030
f 3590 4030 4030
f 4030 4 4
f 4030 4 4
f 4030 4 4030
f 3590 4030 3590
f 4030 4 4030
f 3590 4030 3590
f 4030 4030 3590
f 3487 4031 3487
f 4031 3590 4031
f 3487 4031 3487
f 4031 4031 3487
f 3590 4030 3590
f 4030 4 4030
f 3590 4030 3590
f 4030 4030 3590
f 3487 4031 3487
f 4031 3590 4031
f 3487 4031 3487
f 4031 4031 3487
f 3590 3590 4031
f 3590 3590 4031
f 4031 4031 3487
f 3590 4031 4031
f 1153 3986 4061
f 3986 3580 4063
f 4061 4063 3598
f 3986 4063 4061
f 3580 3987 4069
f 3987 3485 4067
f 4069 4067 3600
f 3987 4067 4069
f 3598 4070 4062
f 4070 3600 4068
f 4062 4068 3489
f 4070 4068 4062
f 3580 4069 4063
f 4069 3600 4070
f 4063 4070 3598
f 4069 4070 4063
f 3485 3990 4077
f 3990 3581 4079
f 4077 4079 3602
f 3990 4079 4077
f 3581 3989 4075
f 3989 1964 2189
f 4075 2189 2022
f 3989 2189 4075
f 3602 4081 4078
f 4081 2022 2190
f 4078 2190 1977
f 4081 2190 4078
f 3581 4075 4079
f 4075 2022 4081
f 4079 4081 3602
f 4075 4081 4079
f 3489 4082 4066
f 4082 3603 4084
f 4066 4084 3599
f 4082 4084 4066
f 3603 4083 4086
f 4083 1977 2187
f 4086 2187 2021
f 4083 2187 4086
f 3599 4076 4065
f 4076 2021 2186
f 4065 2186 1963
f 4076 2186 4065
f 3603 4086 4084
f 4086 2021 4076
f 4084 4076 3599
f 4086 4076 4084
f 3485 4077 4067
f 4077 3602 4080
f 4067 4080 3600
f 4077 4080 4067
f 3602 4078 4087
f 4078 1977 4083
f 4087 4083 3603
f 4078 4083 4087
f 3600 4085 4068
f 4085 3603 4082
f 4068 4082 3489
f 4085 4082 4068
f 3602 4087 4080
f 4087 3603 4085
f 4080 4085 3600
f 4087 4085 4080
f 1153 4061 4061
f 4061 3598 3598
f 4061 3598 3598
f 4061 3598 4061
f 3598 4062 4062
f 4062 3489 3489
f 4062 3489 3489
f 4062 3489 4062
f 3598 4062 4062
f 4062 3489 3489
f 4062 3489 3489
f 4062 3489 4062
f 3598 4062 3598
f 4062 3489 4062
f 3598 4062 3598
f 4062 4062 3598
f 3489 4066 4066
f 4066 3599 3599
f 4066 3599 3599
f 4066 3599 4066
f 3599 4065 4065
f 4065 1963 1963
f 4065 1963 1963
f 4065 1963 4065
f 3599 4065 4065
f 4065 1963 1963
f 4065 1963 1963
f 4065 1963 4065
f 3599 4065 3599
f 4065 1963 4065
f 3599 4065 3599
f 4065 4065 3599
f 3489 4066 4066
f 4066 3599 3599
f 4066 3599 3599
f 4066 3599 4066
f 3599 4065 4065
f 4065 1963 1963
f 4065 1963 1963
f 4065 1963 4065
f 3599 4065 4065
f 4065 1963 1963
f 4065 1963 1963
f 4065 1963 4065
f 3599 4065 3599
f 4065 1963 4065
f 3599 4065 3599
f 4065 4065 3599
f 3489 4066 3489
f 4066 3599 4066
f 3489 4066 3489
f 4066 4066 3489
f 3599 4065 3599
f 4065 1963 4065
f 3599 4065 3599
f 4065 4065 3599
f 3489 4066 3489
f 4066 3599 4066
f 3489 4066 3489
f 4066 4066 3489
f 3599 3599 4066
f 3599 3599 4066
f 4066 4066 3489
f 3599 4066 4066
f 1153 3950 3969
f 3950 3572 3971
f 3969 3971 3576
f 3950 3971 3969
f 3572 3951 3977
f 3951 3483 3975
f 3977 3975 3578
f 3951 3975 3977
f 3576 3979 3970
f 3979 3578 3976
f 3970 3976 3484
f 3979 3976 3970
f 3572 3977 3971
f 3977 3578 3979
f 3971 3979 3576
f 3977 3979 3971
f 3483 3948 3965
f 3948 3571 3967
f 3965 3967 3575
f 3948 3967 3965
f 3571 3947 3964
f 3947 1959 2077
f 3964 2077 1992
f 3947 2077 3964
f 3575 3968 3966
f 3968 1992 2078
f 3966 2078 1969
f 3968 2078 3966
f 3571 3964 3967
f 3964 1992 3968
f 3967 3968 3575
f 3964 3968 3967
f 3484 3981 3973
f 3981 3579 3984
f 3973 3984 3577
f 3981 3984 3973
f 3579 3980 3982
f 3980 1969 2081
f 3982 2081 1993
f 3980 2081 3982
f 3577 3974 3972
f 3974 1993 2080
f 3972 2080 1961
f 3974 2080 3972
f 3579 3982 3984
f 3982 1993 3974
f 3984 3974 3577
f 3982 3974 3984
f 3483 3965 3975
f 3965 3575 3978
f 3975 3978 3578
f 3965 3978 3975
f 3575 3966 3983
f 3966 1969 3980
f 3983 3980 3579
f 3966 3980 3983
f 3578 3985 3976
f 3985 3579 3981
f 3976 3981 3484
f 3985 3981 3976
f 3575 3983 3978
f 3983 3579 3985
f 3978 3985 3578
f 3983 3985 3978
f 1153 3969 3969
f 3969 3576 3576
f 3969 3576 3576
f 3969 3576 3969
f 3576 3970 3970
f 3970 3484 3484
f 3970 3484 3484
f 3970 3484 3970
f 3576 3970 3970
f 3970 3484 3484
f 3970 3484 3484
f 3970 3484 3970
f 3576 3970 3576
f 3970 3484 3970
f 3576 3970 3576
f 3970 3970 3576
f 3484 3973 3973
f 3973 3577 3577
f 3973 3577 3577
f 3973 3577 3973
f 3577 3972 3972
f 3972 1961 1961
f 3972 1961 1961
f 3972 1961 3972
f 3577 3972 3972
f 3972 1961 1961
f 3972 1961 1961
f 3972 1961 3972
f 3577 3972 3577
f 3972 1961 3972
f 3577 3972 3577
f 3972 3972 3577
f 3484 3973 3973
f 3973 3577 3577
f 3973 3577 3577
f 3973 3577 3973
f 3577 3972 3972
f 3972 1961 1961
f 3972 1961 1961
f 3972 1961 3972
f 3577 3972 3972
f 3972 1961 1961
f 3972 1961 1961
f 3972 1961 3972
f 3577 3972 3577
f 3972 1961 3972
f 3577 3972 3577
f 3972 3972 3577
f 3484 3973 3484
f 3973 3577 3973
f 3484 3973 3484
f 3973 3973 3484
f 3577 3972 3577
f 3972 1961 3972
f 3577 3972 3577
f 3972 3972 3577
f 3484 3973 3484
f 3973 3577 3973
f 3484 3973 3484
f 3973 3973 3484
f 3577 3577 3973
f 3577 3577 3973
f 3973 3973 3484
f 3577 3973 3973
f 4 3916 4030
f 3916 3563 4032
f 4030 4032 3590
f 3916 4032 4030
f 3563 3917 4037
f 3917 3481 4035
f 4037 4035 3592
f 3917 4035 4037
f 3590 4038 4031
f 4038 3592 4036
f 4031 4036 3487
f 4038 4036 4031
f 3563 4037 4032
f 4037 3592 4038
f 4032 4038 3590
f 4037 4038 4032
f 3481 3920 4046
f 3920 3564 4048
f 4046 4048 3595
f 3920 4048 4046
f 3564 3919 4041
f 3919 889 4039
f 4041 4039 3593
f 3919 4039 4041
f 3595 4050 4047
f 4050 3593 4040
f 4047 4040 3488
f 4050 4040 4047
f 3564 4041 4048
f 4041 3593 4050
f 4048 4050 3595
f 4041 4050 4048
f 3487 4055 4034
f 4055 3597 4057
f 4034 4057 3591
f 4055 4057 4034
f 3597 4056 4059
f 4056 3488 4044
f 4059 4044 3594
f 4056 4044 4059
f 3591 4045 4033
f 4045 3594 4043
f 4033 4043 1963
f 4045 4043 4033
f 3597 4059 4057
f 4059 3594 4045
f 4057 4045 3591
f 4059 4045 4057
f 3481 4046 4035
f 4046 3595 4049
f 4035 4049 3592
f 4046 4049 4035
f 3595 4047 4060
f 4047 3488 4056
f 4060 4056 3597
f 4047 4056 4060
f 3592 4058 4036
f 4058 3597 4055
f 4036 4055 3487
f 4058 4055 4036
f 3595 4060 4049
f 4060 3597 4058
f 4049 4058 3592
f 4060 4058 4049
f 4 4030 4030
f 4030 3590 3590
f 4030 3590 3590
f 4030 3590 4030
f 3590 4031 4031
f 4031 3487 3487
f 4031 3487 3487
f 4031 3487 4031
f 3590 4031 4031
f 4031 3487 3487
f 4031 3487 3487
f 4031 3487 4031
f 3590 4031 3590
f 4031 3487 4031
f 3590 4031 3590
f 4031 4031 3590
f 3487 4034 4034
f 4034 3591 3591
f 4034 3591 3591
f 4034 3591 4034
f 3591 4033 4033
f 4033 1963 1963
f 4033 1963 1963
f 4033 1963 4033
f 3591 4033 4033
f 4033 1963 1963
f 4033 1963 1963
f 4033 1963 4033
f 3591 4033 3591
f 4033 1963 4033
f 3591 4033 3591
f 4033 4033 3591
f 3487 4034 4034
f 4034 3591 3591
f 4034 3591 3591
f 4034 3591 4034
f 3591 4033 4033
f 4033 1963 1963
f 4033 1963 1963
f 4033 1963 4033
f 3591 4033 4033
f 4033 1963 1963
f 4033 1963 1963
f 4033 1963 4033
f 3591 4033 3591
f 4033 1963 4033
f 3591 4033 3591
f 4033 4033 3591
f 3487 4034 3487
f 4034 3591 4034
f 3487 4034 3487
f 4034 4034 3487
f 3591 4033 3591
f 4033 1963 4033
f 3591 4033 3591
f 4033 4033 3591
f 3487 4034 3487
f 4034 3591 4034
f 3487 4034 3487
f 4034 4034 3487
f 3591 3591 4034
f 3591 3591 4034
f 4034 4034 3487
f 3591 4034 4034
f 8 3675 3647
f 3675 3507 3677
f 3647 3677 3500
f 3675 3677 3647
f 3507 3676 3686
f 3676 3469 3683
f 3686 3683 3509
f 3676 3683 3686
f 3500 3684 3648
f 3684 3509 3682
f 3648 3682 3467
f 3684 3682 3648
f 3507 3686 3677
f 3686 3509 3684
f 3677 3684 3500
f 3686 3684 3677
f 3469 3680 3692
f 3680 3508 3695
f 3692 3695 3511
f 3680 3695 3692
f 3508 3679 3681
f 3679 3301 3433
f 3681 3433 3415
f 3679 3433 3681
f 3511 3693 3691
f 3693 3415 3434
f 3691 3434 3410
f 3693 3434 3691
f 3508 3681 3695
f 3681 3415 3693
f 3695 3693 3511
f 3681 3693 3695
f 3467 3671 3645
f 3671 3506 3673
f 3645 3673 3499
f 3671 3673 3645
f 3506 3672 3674
f 3672 3410 3431
f 3674 3431 3414
f 3672 3431 3674
f 3499 3670 3644
f 3670 3414 3430
f 3644 3430 3194
f 3670 3430 3644
f 3506 3674 3673
f 3674 3414 3670
f 3673 3670 3499
f 3674 3670 3673
f 3469 3692 3683
f 3692 3511 3696
f 3683 3696 3509
f 3692 3696 3683
f 3511 3691 3694
f 3691 3410 3672
f 3694 3672 3506
f 3691 3672 3694
f 3509 3685 3682
f 3685 3506 3671
f 3682 3671 3467
f 3685 3671 3682
f 3511 3694 3696
f 3694 3506 3685
f 3696 3685 3509
f 3694 3685 3696
f 8 3647 3647
f 3647 3500 3500
f 3647 3500 3500
f 3647 3500 3647
f 3500 3648 3648
f 3648 3467 3467
f 3648 3467 3467
f 3648 3467 3648
f 3500 3648 3648
f 3648 3467 3467
f 3648 3467 3467
f 3648 3467 3648
f 3500 3648 3500
f 3648 3467 3648
f 3500 3648 3500
f 3648 3648 3500
f 3467 3645 3645
f 3645 3499 3499
f 3645 3499 3499
f 3645 3499 3645
f 3499 3644 3644
f 3644 3194 3194
f 3644 3194 3194
f 3644 3194 3644
f 3499 3644 3644
f 3644 3194 3194
f 3644 3194 3194
f 3644 3194 3644
f 3499 3644 3499
f 3644 3194 3644
f 3499 3644 3499
f 3644 3644 3499
f 3467 3645 3645
f 3645 3499 3499
f 3645 3499 3499
f 3645 3499 3645
f 3499 3644 3644
f 3644 3194 3194
f 3644 3194 3194
f 3644 3194 3644
f 3499 3644 3644
f 3644 3194 3194
f 3644 3194 3194
f 3644 3194 3644
f 3499 3644 3499
f 3644 3194 3644
f 3499 3644 3499
f 3644 3644 3499
f 3467 3645 3467
f 3645 3499 3645
f 3467 3645 3467
f 3645 3645 3467
f 3499 3644 3499
f 3644 3194 3644
f 3499 3644 3499
f 3644 3644 3499
f 3467 3645 3467
f 3645 3499 3645
f 3467 3645 3467
f 3645 3645 3467
f 3499 3499 3645
f 3499 3499 3645
f 3645 3645 3467
f 3499 3645 3645
f 1852 4011 2112
f 4011 3586 4132
f 2112 4132 2002
f 4011 4132 2112
f 3586 4012 4136
f 4012 3486 4134
f 4136 4134 3614
f 4012 4134 4136
f 2002 4138 2113
f 4138 3614 4135
f 2113 4135 1972
f 4138 4135 2113
f 3586 4136 4132
f 4136 3614 4138
f 4132 4138 2002
f 4136 4138 4132
f 3486 4009 4124
f 4009 3585 4126
f 4124 4126 3612
f 4009 4126 4124
f 3585 4008 4120
f 4008 4 4118
f 4120 4118 3610
f 4008 4118 4120
f 3612 4127 4125
f 4127 3610 4119
f 4125 4119 3491
f 4127 4119 4125
f 3585 4120 4126
f 4120 3610 4127
f 4126 4127 3612
f 4120 4127 4126
f 1972 4140 2116
f 4140 3615 4143
f 2116 4143 2003
f 4140 4143 2116
f 3615 4139 4141
f 4139 3491 4123
f 4141 4123 3611
f 4139 4123 4141
f 2003 4133 2115
f 4133 3611 4122
f 2115 4122 1962
f 4133 4122 2115
f 3615 4141 4143
f 4141 3611 4133
f 4143 4133 2003
f 4141 4133 4143
f 3486 4124 4134
f 4124 3612 4137
f 4134 4137 3614
f 4124 4137 4134
f 3612 4125 4142
f 4125 3491 4139
f 4142 4139 3615
f 4125 4139 4142
f 3614 4144 4135
f 4144 3615 4140
f 4135 4140 1972
f 4144 4140 4135
f 3612 4142 4137
f 4142 3615 4144
f 4137 4144 3614
f 4142 4144 4137
f 1852 2112 2112
f 2112 2002 2002
f 2112 2002 2002
f 2112 2002 2112
f 2002 2113 2113
f 2113 1972 1972
f 2113 1972 1972
f 2113 1972 2113
f 2002 2113 2113
f 2113 1972 1972
f 2113 1972 1972
f 2113 1972 2113
f 2002 2113 2002
f 2113 1972 2113
f 2002 2113 2002
f 2113 2113 2002
f 1972 2116 2116
f 2116 2003 2003
f 2116 2003 2003
f 2116 2003 2116
f 2003 2115 2115
f 2115 1962 1962
f 2115 1962 1962
f 2115 1962 2115
f 2003 2115 2115
f 2115 1962 1962
f 2115 1962 1962
f 2115 1962 2115
f 2003 2115 2003
f 2115 1962 2115
f 2003 2115 2003
f 2115 2115 2003
f 1972 2116 2116
f 2116 2003 2003
f 2116 2003 2003
f 2116 2003 2116
f 2003 2115 2115
f 2115 1962 1962
f 2115 1962 1962
f 2115 1962 2115
f 2003 2115 2115
f 2115 1962 1962
f 2115 1962 1962
f 2115 1962 2115
f 2003 2115 2003
f 2115 1962 2115
f 2003 2115 2003
f 2115 2115 2003
f 1972 2116 1972
f 2116 2003 2116
f 1972 2116 1972
f 2116 2116 1972
f 2003 2115 2003
f 2115 1962 2115
f 2003 2115 2003
f 2115 2115 2003
f 1972 2116 1972
f 2116 2003 2116
f 1972 2116 1972
f 2116 2116 1972
f 2003 2003 2116
f 2003 2003 2116
f 2116 2116 1972
f 2003 2116 2116
f 4158 4174 4178
f 4174 4162 4180
f 4178 4180 4164
f 4174 4180 4178
f 4162 4175 4185
f 4175 4159 4183
f 4185 4183 4166
f 4175 4183 4185
f 4164 4186 4179
f 4186 4166 4184
f 4179 4184 4160
f 4186 4184 4179
f 4162 4185 4180
f 4185 4166 4186
f 4180 4186 4164
f 4185 4186 4180
f 4159 4177 4189
f 4177 4163 4191
f 4189 4191 4167
f 4177 4191 4189
f 4163 4176 4187
f 4176 2 144
f 4187 144 46
f 4176 144 4187
f 4167 4193 4190
f 4193 46 145
f 4190 145 17
f 4193 145 4190
f 4163 4187 4191
f 4187 46 4193
f 4191 4193 4167
f 4187 4193 4191
f 4160 4194 4182
f 4194 4168 4196
f 4182 4196 4165
f 4194 4196 4182
f 4168 4195 4198
f 4195 17 148
f 4198 148 47
f 4195 148 4198
f 4165 4188 4181
f 4188 47 147
f 4181 147 7
f 4188 147 4181
f 4168 4198 4196
f 4198 47 4188
f 4196 4188 4165
f 4198 4188 4196
f 4159 4189 4183
f 4189 4167 4192
f 4183 4192 4166
f 4189 4192 4183
f 4167 4190 4199
f 4190 17 4195
f 4199 4195 4168
f 4190 4195 4199
f 4166 4197 4184
f 4197 4168 4194
f 4184 4194 4160
f 4197 4194 4184
f 4167 4199 4192
f 4199 4168 4197
f 4192 4197 4166
f 4199 4197 4192
f 4158 4178 4178
f 4178 4164 4164
f 4178 4164 4164
f 4178 4164 4178
f 4164 4179 4179
f 4179 4160 4160
f 4179 4160 4160
f 4179 4160 4179
f 4164 4179 4179
f 4179 4160 4160
f 4179 4160 4160
f 4179 4160 4179
f 4164 4179 4164
f 4179 4160 4179
f 4164 4179 4164
f 4179 4179 4164
f 4160 4182 4182
f 4182 4165 4165
f 4182 4165 4165
f 4182 4165 4182
f 4165 4181 4181
f 4181 7 7
f 4181 7 7
f 4181 7 4181
f 4165 4181 4181
f 4181 7 7
f 4181 7 7
f 4181 7 4181
f 4165 4181 4165
f 4181 7 4181
f 4165 4181 4165
f 4181 4181 4165
f 4160 4182 4182
f 4182 4165 4165
f 4182 4165 4165
f 4182 4165 4182
f 4165 4181 4181
f 4181 7 7
f 4181 7 7
f 4181 7 4181
f 4165 4181 4181
f 4181 7 7
f 4181 7 7
f 4181 7 4181
f 4165 4181 4165
f 4181 7 4181
f 4165 4181 4165
f 4181 4181 4165
f 4160 4182 4160
f 4182 4165 4182
f 4160 4182 4160
f 4182 4182 4160
f 4165 4181 4165
f 4181 7 4181
f 4165 4181 4165
f 4181 4181 4165
f 4160 4182 4160
f 4182 4165 4182
f 4160 4182 4160
f 4182 4182 4160
f 4165 4165 4182
f 4165 4165 4182
f 4182 4182 4160
f 4165 4182 4182
f 4158 4178 4200
f 4178 4164 4202
f 4200 4202 4169
f 4178 4202 4200
f 4164 4179 4207
f 4179 4160 4205
f 4207 4205 4171
f 4179 4205 4207
f 4169 4208 4201
f 4208 4171 4206
f 4201 4206 4161
f 4208 4206 4201
f 4164 4207 4202
f 4207 4171 4208
f 4202 4208 4169
f 4207 4208 4202
f 4160 4182 4211
f 4182 4165 4213
f 4211 4213 4172
f 4182 4213 4211
f 4165 4181 4209
f 4181 7 425
f 4209 425 281
f 4181 425 4209
f 4172 4215 4212
f 4215 281 426
f 4212 426 242
f 4215 426 4212
f 4165 4209 4213
f 4209 281 4215
f 4213 4215 4172
f 4209 4215 4213
f 4161 4216 4204
f 4216 4173 4218
f 4204 4218 4170
f 4216 4218 4204
f 4173 4217 4220
f 4217 242 429
f 4220 429 282
f 4217 429 4220
f 4170 4210 4203
f 4210 282 428
f 4203 428 230
f 4210 428 4203
f 4173 4220 4218
f 4220 282 4210
f 4218 4210 4170
f 4220 4210 4218
f 4160 4211 4205
f 4211 4172 4214
f 4205 4214 4171
f 4211 4214 4205
f 4172 4212 4221
f 4212 242 4217
f 4221 4217 4173
f 4212 4217 4221
f 4171 4219 4206
f 4219 4173 4216
f 4206 4216 4161
f 4219 4216 4206
f 4172 4221 4214
f 4221 4173 4219
f 4214 4219 4171
f 4221 4219 4214
f 4158 4200 4200
f 4200 4169 4169
f 4200 4169 4169
f 4200 4169 4200
f 4169 4201 4201
f 4201 4161 4161
f 4201 4161 4161
f 4201 4161 4201
f 4169 4201 4201
f 4201 4161 4161
f 4201 4161 4161
f 4201 4161 4201
f 4169 4201 4169
f 4201 4161 4201
f 4169 4201 4169
f 4201 4201 4169
f 4161 4204 4204
f 4204 4170 4170
f 4204 4170 4170
f 4204 4170 4204
f 4170 4203 4203
f 4203 230 230
f 4203 230 230
f 4203 230 4203
f 4170 4203 4203
f 4203 230 230
f 4203 230 230
f 4203 230 4203
f 4170 4203 4170
f 4203 230 4203
f 4170 4203 4170
f 4203 4203 4170
f 4161 4204 4204
f 4204 4170 4170
f 4204 4170 4170
f 4204 4170 4204
f 4170 4203 4203
f 4203 230 230
f 4203 230 230
f 4203 230 4203
f 4170 4203 4203
f 4203 230 230
f 4203 230 230
f 4203 230 4203
f 4170 4203 4170
f 4203 230 4203
f 4170 4203 4170
f 4203 4203 4170
f 4161 4204 4161
f 4204 4170 4204
f 4161 4204 4161
f 4204 4204 4161
f 4170 4203 4170
f 4203 230 4203
f 4170 4203 4170
f 4203 4203 4170
f 4161 4204 4161
f 4204 4170 4204
f 4161 4204 4161
f 4204 4204 4161
f 4170 4170 4204
f 4170 4170 4204
f 4204 4204 4161
f 4170 4204 4204
f 4158 4200 4258
f 4200 4169 4260
f 4258 4260 4228
f 4200 4260 4258
f 4169 4201 4265
f 4201 4161 4263
f 4265 4263 4230
f 4201 4263 4265
f 4228 4266 4259
f 4266 4230 4264
f 4259 4264 4222
f 4266 4264 4259
f 4169 4265 4260
f 4265 4230 4266
f 4260 4266 4228
f 4265 4266 4260
f 4161 4204 4273
f 4204 4170 4275
f 4273 4275 4233
f 4204 4275 4273
f 4170 4203 4269
f 4203 230 4267
f 4269 4267 4231
f 4203 4267 4269
f 4233 4277 4274
f 4277 4231 4268
f 4274 4268 4223
f 4277 4268 4274
f 4170 4269 4275
f 4269 4231 4277
f 4275 4277 4233
f 4269 4277 4275
f 4222 4278 4262
f 4278 4234 4280
f 4262 4280 4229
f 4278 4280 4262
f 4234 4279 4282
f 4279 4223 4271
f 4282 4271 4232
f 4279 4271 4282
f 4229 4272 4261
f 4272 4232 4270
f 4261 4270 1734
f 4272 4270 4261
f 4234 4282 4280
f 4282 4232 4272
f 4280 4272 4229
f 4282 4272 4280
f 4161 4273 4263
f 4273 4233 4276
f 4263 4276 4230
f 4273 4276 4263
f 4233 4274 4283
f 4274 4223 4279
f 4283 4279 4234
f 4274 4279 4283
f 4230 4281 4264
f 4281 4234 4278
f 4264 4278 4222
f 4281 4278 4264
f 4233 4283 4276
f 4283 4234 4281
f 4276 4281 4230
f 4283 4281 4276
f 4158 4258 4258
f 4258 4228 4228
f 4258 4228 4228
f 4258 4228 4258
f 4228 4259 4259
f 4259 4222 4222
f 4259 4222 4222
f 4259 4222 4259
f 4228 4259 4259
f 4259 4222 4222
f 4259 4222 4222
f 4259 4222 4259
f 4228 4259 4228
f 4259 4222 4259
f 4228 4259 4228
f 4259 4259 4228
f 4222 4262 4262
f 4262 4229 4229
f 4262 4229 4229
f 4262 4229 4262
f 4229 4261 4261
f 4261 1734 1734
f 4261 1734 1734
f 4261 1734 4261
f 4229 4261 4261
f 4261 1734 1734
f 4261 1734 1734
f 4261 1734 4261
f 4229 4261 4229
f 4261 1734 4261
f 4229 4261 4229
f 4261 4261 4229
f 4222 4262 4262
f 4262 4229 4229
f 4262 4229 4229
f 4262 4229 4262
f 4229 4261 4261
f 4261 1734 1734
f 4261 1734 1734
f 4261 1734 4261
f 4229 4261 4261
f 4261 1734 1734
f 4261 1734 1734
f 4261 1734 4261
f 4229 4261 4229
f 4261 1734 4261
f 4229 4261 4229
f 4261 4261 4229
f 4222 4262 4222
f 4262 4229 4262
f 4222 4262 4222
f 4262 4262 4222
f 4229 4261 4229
f 4261 1734 4261
f 4229 4261 4229
f 4261 4261 4229
f 4222 4262 4222
f 4262 4229 4262
f 4222 4262 4222
f 4262 4262 4222
f 4229 4229 4262
f 4229 4229 4262
f 4262 4262 4222
f 4229 4262 4262
f 1853 1942 4287
f 1942 1877 4294
f 4287 4294 4236
f 1942 4294 4287
f 1877 1943 4304
f 1943 1859 4301
f 4304 4301 4239
f 1943 4301 4304
f 4236 4302 4288
f 4302 4239 4300
f 4288 4300 4224
f 4302 4300 4288
f 1877 4304 4294
f 4304 4239 4302
f 4294 4302 4236
f 4304 4302 4294
f 1859 1946 4296
f 1946 1878 4299
f 4296 4299 4238
f 1946 4299 4296
f 1878 1945 4293
f 1945 1734 4270
f 4293 4270 4232
f 1945 4270 4293
f 4238 4297 4295
f 4297 4232 4271
f 4295 4271 4223
f 4297 4271 4295
f 1878 4293 4299
f 4293 4232 4297
f 4299 4297 4238
f 4293 4297 4299
f 4224 4290 4285
f 4290 4237 4292
f 4285 4292 4235
f 4290 4292 4285
f 4237 4289 4291
f 4289 4223 4268
f 4291 4268 4231
f 4289 4268 4291
f 4235 4286 4284
f 4286 4231 4267
f 4284 4267 230
f 4286 4267 4284
f 4237 4291 4292
f 4291 4231 4286
f 4292 4286 4235
f 4291 4286 4292
f 1859 4296 4301
f 4296 4238 4305
f 4301 4305 4239
f 4296 4305 4301
f 4238 4295 4298
f 4295 4223 4289
f 4298 4289 4237
f 4295 4289 4298
f 4239 4303 4300
f 4303 4237 4290
f 4300 4290 4224
f 4303 4290 4300
f 4238 4298 4305
f 4298 4237 4303
f 4305 4303 4239
f 4298 4303 4305
f 1853 4287 4287
f 4287 4236 4236
f 4287 4236 4236
f 4287 4236 4287
f 4236 4288 4288
f 4288 4224 4224
f 4288 4224 4224
f 4288 4224 4288
f 4236 4288 4288
f 4288 4224 4224
f 4288 4224 4224
f 4288 4224 4288
f 4236 4288 4236
f 4288 4224 4288
f 4236 4288 4236
f 4288 4288 4236
f 4224 4285 4285
f 4285 4235 4235
f 4285 4235 4235
f 4285 4235 4285
f 4235 4284 4284
f 4284 230 230
f 4284 230 230
f 4284 230 4284
f 4235 4284 4284
f 4284 230 230
f 4284 230 230
f 4284 230 4284
f 4235 4284 4235
f 4284 230 4284
f 4235 4284 4235
f 4284 4284 4235
f 4224 4285 4285
f 4285 4235 4235
f 4285 4235 4235
f 4285 4235 4285
f 4235 4284 4284
f 4284 230 230
f 4284 230 230
f 4284 230 4284
f 4235 4284 4284
f 4284 230 230
f 4284 230 230
f 4284 230 4284
f 4235 4284 4235
f 4284 230 4284
f 4235 4284 4235
f 4284 4284 4235
f 4224 4285 4224
f 4285 4235 4285
f 4224 4285 4224
f 4285 4285 4224
f 4235 4284 4235
f 4284 230 4284
f 4235 4284 4235
f 4284 4284 4235
f 4224 4285 4224
f 4285 4235 4285
f 4224 4285 4224
f 4285 4285 4224
f 4235 4235 4285
f 4235 4235 4285
f 4285 4285 4224
f 4235 4285 4285
f 231 4314 479
f 4314 4242 4316
f 479 4316 296
f 4314 4316 479
f 4242 4315 4326
f 4315 4225 4323
f 4326 4323 4244
f 4315 4323 4326
f 296 4324 480
f 4324 4244 4322
f 480 4322 246
f 4324 4322 480
f 4242 4326 4316
f 4326 4244 4324
f 4316 4324 296
f 4326 4324 4316
f 4225 4312 4318
f 4312 4241 4321
f 4318 4321 4243
f 4312 4321 4318
f 4241 4311 4313
f 4311 1853 4287
f 4313 4287 4236
f 4311 4287 4313
f 4243 4319 4317
f 4319 4236 4288
f 4317 4288 4224
f 4319 4288 4317
f 4241 4313 4321
f 4313 4236 4319
f 4321 4319 4243
f 4313 4319 4321
f 246 4308 478
f 4308 4240 4310
f 478 4310 295
f 4308 4310 478
f 4240 4307 4309
f 4307 4224 4285
f 4309 4285 4235
f 4307 4285 4309
f 295 4306 477
f 4306 4235 4284
f 477 4284 230
f 4306 4284 477
f 4240 4309 4310
f 4309 4235 4306
f 4310 4306 295
f 4309 4306 4310
f 4225 4318 4323
f 4318 4243 4327
f 4323 4327 4244
f 4318 4327 4323
f 4243 4317 4320
f 4317 4224 4307
f 4320 4307 4240
f 4317 4307 4320
f 4244 4325 4322
f 4325 4240 4308
f 4322 4308 246
f 4325 4308 4322
f 4243 4320 4327
f 4320 4240 4325
f 4327 4325 4244
f 4320 4325 4327
f 231 479 479
f 479 296 296
f 479 296 296
f 479 296 479
f 296 480 480
f 480 246 246
f 480 246 246
f 480 246 480
f 296 480 480
f 480 246 246
f 480 246 246
f 480 246 480
f 296 480 296
f 480 246 480
f 296 480 296
f 480 480 296
f 246 478 478
f 478 295 295
f 478 295 295
f 478 295 478
f 295 477 477
f 477 230 230
f 477 230 230
f 477 230 477
f 295 477 477
f 477 230 230
f 477 230 230
f 477 230 477
f 295 477 295
f 477 230 477
f 295 477 295
f 477 477 295
f 246 478 478
f 478 295 295
f 478 295 295
f 478 295 478
f 295 477 477
f 477 230 230
f 477 230 230
f 477 230 477
f 295 477 477
f 477 230 230
f 477 230 230
f 477 230 477
f 295 477 295
f 477 230 477
f 295 477 295
f 477 477 295
f 246 478 246
f 478 295 478
f 246 478 246
f 478 478 246
f 295 477 295
f 477 230 477
f 295 477 295
f 477 477 295
f 246 478 246
f 478 295 478
f 246 478 246
f 478 478 246
f 295 295 478
f 295 295 478
f 478 478 246
f 295 478 478
f 1734 1799 4261
f 1799 1755 4337
f 4261 4337 4229
f 1799 4337 4261
f 1755 1800 4343
f 1800 1742 4340
f 4343 4340 4248
f 1800 4340 4343
f 4229 4341 4262
f 4341 4248 4339
f 4262 4339 4222
f 4341 4339 4262
f 1755 4343 4337
f 4343 4248 4341
f 4337 4341 4229
f 4343 4341 4337
f 1742 1803 4345
f 1803 1756 4348
f 4345 4348 4249
f 1803 4348 4345
f 1756 1802 4338
f 1802 1737 4331
f 4338 4331 4246
f 1802 4331 4338
f 4249 4346 4344
f 4346 4246 4332
f 4344 4332 4226
f 4346 4332 4344
f 1756 4338 4348
f 4338 4246 4346
f 4348 4346 4249
f 4338 4346 4348
f 4222 4333 4259
f 4333 4247 4335
f 4259 4335 4228
f 4333 4335 4259
f 4247 4334 4336
f 4334 4226 4329
f 4336 4329 4245
f 4334 4329 4336
f 4228 4330 4258
f 4330 4245 4328
f 4258 4328 4158
f 4330 4328 4258
f 4247 4336 4335
f 4336 4245 4330
f 4335 4330 4228
f 4336 4330 4335
f 1742 4345 4340
f 4345 4249 4349
f 4340 4349 4248
f 4345 4349 4340
f 4249 4344 4347
f 4344 4226 4334
f 4347 4334 4247
f 4344 4334 4347
f 4248 4342 4339
f 4342 4247 4333
f 4339 4333 4222
f 4342 4333 4339
f 4249 4347 4349
f 4347 4247 4342
f 4349 4342 4248
f 4347 4342 4349
f 1734 4261 4261
f 4261 4229 4229
f 4261 4229 4229
f 4261 4229 4261
f 4229 4262 4262
f 4262 4222 4222
f 4262 4222 4222
f 4262 4222 4262
f 4229 4262 4262
f 4262 4222 4222
f 4262 4222 4222
f 4262 4222 4262
f 4229 4262 4229
f 4262 4222 4262
f 4229 4262 4229
f 4262 4262 4229
f 4222 4259 4259
f 4259 4228 4228
f 4259 4228 4228
f 4259 4228 4259
f 4228 4258 4258
f 4258 4158 4158
f 4258 4158 4158
f 4258 4158 4258
f 4228 4258 4258
f 4258 4158 4158
f 4258 4158 4158
f 4258 4158 4258
f 4228 4258 4228
f 4258 4158 4258
f 4228 4258 4228
f 4258 4258 4228
f 4222 4259 4259
f 4259 4228 4228
f 4259 4228 4228
f 4259 4228 4259
f 4228 4258 4258
f 4258 4158 4158
f 4258 4158 4158
f 4258 4158 4258
f 4228 4258 4258
f 4258 4158 4158
f 4258 4158 4158
f 4258 4158 4258
f 4228 4258 4228
f 4258 4158 4258
f 4228 4258 4228
f 4258 4258 4228
f 4222 4259 4222
f 4259 4228 4259
f 4222 4259 4222
f 4259 4259 4222
f 4228 4258 4228
f 4258 4158 4258
f 4228 4258 4228
f 4258 4258 4228
f 4222 4259 4222
f 4259 4228 4259
f 4222 4259 4222
f 4259 4259 4222
f 4228 4228 4259
f 4228 4228 4259
f 4259 4259 4222
f 4228 4259 4259
f 1737 1834 4331
f 1834 1765 4359
f 4331 4359 4246
f 1834 4359 4331
f 1765 1835 4365
f 1835 1745 4362
f 4365 4362 4253
f 1835 4362 4365
f 4246 4363 4332
f 4363 4253 4361
f 4332 4361 4226
f 4363 4361 4332
f 1765 4365 4359
f 4365 4253 4363
f 4359 4363 4246
f 4365 4363 4359
f 1745 1838 4367
f 1838 1766 4370
f 4367 4370 4254
f 1838 4370 4367
f 1766 1837 4360
f 1837 1738 4353
f 4360 4353 4251
f 1837 4353 4360
f 4254 4368 4366
f 4368 4251 4354
f 4366 4354 4227
f 4368 4354 4366
f 1766 4360 4370
f 4360 4251 4368
f 4370 4368 4254
f 4360 4368 4370
f 4226 4355 4329
f 4355 4252 4357
f 4329 4357 4245
f 4355 4357 4329
f 4252 4356 4358
f 4356 4227 4351
f 4358 4351 4250
f 4356 4351 4358
f 4245 4352 4328
f 4352 4250 4350
f 4328 4350 4158
f 4352 4350 4328
f 4252 4358 4357
f 4358 4250 4352
f 4357 4352 4245
f 4358 4352 4357
f 1745 4367 4362
f 4367 4254 4371
f 4362 4371 4253
f 4367 4371 4362
f 4254 4366 4369
f 4366 4227 4356
f 4369 4356 4252
f 4366 4356 4369
f 4253 4364 4361
f 4364 4252 4355
f 4361 4355 4226
f 4364 4355 4361
f 4254 4369 4371
f 4369 4252 4364
f 4371 4364 4253
f 4369 4364 4371
f 1737 4331 4331
f 4331 4246 4246
f 4331 4246 4246
f 4331 4246 4331
f 4246 4332 4332
f 4332 4226 4226
f 4332 4226 4226
f 4332 4226 4332
f 4246 4332 4332
f 4332 4226 4226
f 4332 4226 4226
f 4332 4226 4332
f 4246 4332 4246
f 4332 4226 4332
f 4246 4332 4246
f 4332 4332 4246
f 4226 4329 4329
f 4329 4245 4245
f 4329 4245 4245
f 4329 4245 4329
f 4245 4328 4328
f 4328 4158 4158
f 4328 4158 4158
f 4328 4158 4328
f 4245 4328 4328
f 4328 4158 4158
f 4328 4158 4158
f 4328 4158 4328
f 4245 4328 4245
f 4328 4158 4328
f 4245 4328 4245
f 4328 4328 4245
f 4226 4329 4329
f 4329 4245 4245
f 4329 4245 4245
f 4329 4245 4329
f 4245 4328 4328
f 4328 4158 4158
f 4328 4158 4158
f 4328 4158 4328
f 4245 4328 4328
f 4328 4158 4158
f 4328 4158 4158
f 4328 4158 4328
f 4245 4328 4245
f 4328 4158 4328
f 4245 4328 4245
f 4328 4328 4245
f 4226 4329 4226
f 4329 4245 4329
f 4226 4329 4226
f 4329 4329 4226
f 4245 4328 4245
f 4328 4158 4328
f 4245 4328 4245
f 4328 4328 4245
f 4226 4329 4226
f 4329 4245 4329
f 4226 4329 4226
f 4329 4329 4226
f 4245 4245 4329
f 4245 4245 4329
f 4329 4329 4226
f 4245 4329 4329
f 1851 1911 3726
f 1911 1869 4378
f 3726 4378 3520
f 1911 4378 3726
f 1869 1912 4386
f 1912 1857 4384
f 4386 4384 4257
f 1912 4384 4386
f 3520 4388 3727
f 4388 4257 4385
f 3727 4385 3472
f 4388 4385 3727
f 1869 4386 4378
f 4386 4257 4388
f 4378 4388 3520
f 4386 4388 4378
f 1857 1915 4374
f 1915 1870 4376
f 4374 4376 4255
f 1915 4376 4374
f 1870 1914 4372
f 1914 1853 4311
f 4372 4311 4241
f 1914 4311 4372
f 4255 4375 4373
f 4375 4241 4312
f 4373 4312 4225
f 4375 4312 4373
f 1870 4372 4376
f 4372 4241 4375
f 4376 4375 4255
f 4372 4375 4376
f 3472 4380 3724
f 4380 4256 4383
f 3724 4383 3519
f 4380 4383 3724
f 4256 4379 4381
f 4379 4225 4315
f 4381 4315 4242
f 4379 4315 4381
f 3519 4377 3723
f 4377 4242 4314
f 3723 4314 231
f 4377 4314 3723
f 4256 4381 4383
f 4381 4242 4377
f 4383 4377 3519
f 4381 4377 4383
f 1857 4374 4384
f 4374 4255 4387
f 4384 4387 4257
f 4374 4387 4384
f 4255 4373 4382
f 4373 4225 4379
f 4382 4379 4256
f 4373 4379 4382
f 4257 4389 4385
f 4389 4256 4380
f 4385 4380 3472
f 4389 4380 4385
f 4255 4382 4387
f 4382 4256 4389
f 4387 4389 4257
f 4382 4389 4387
f 1851 3726 3726
f 3726 3520 3520
f 3726 3520 3520
f 3726 3520 3726
f 3520 3727 3727
f 3727 3472 3472
f 3727 3472 3472
f 3727 3472 3727
f 3520 3727 3727
f 3727 3472 3472
f 3727 3472 3472
f 3727 3472 3727
f 3520 3727 3520
f 3727 3472 3727
f 3520 3727 3520
f 3727 3727 3520
f 3472 3724 3724
f 3724 3519 3519
f 3724 3519 3519
f 3724 3519 3724
f 3519 3723 3723
f 3723 231 231
f 3723 231 231
f 3723 231 3723
f 3519 3723 3723
f 3723 231 231
f 3723 231 231
f 3723 231 3723
f 3519 3723 3519
f 3723 231 3723
f 3519 3723 3519
f 3723 3723 3519
f 3472 3724 3724
f 3724 3519 3519
f 3724 3519 3519
f 3724 3519 3724
f 3519 3723 3723
f 3723 231 231
f 3723 231 231
f 3723 231 3723
f 3519 3723 3723
f 3723 231 231
f 3723 231 231
f 3723 231 3723
f 3519 3723 3519
f 3723 231 3723
f 3519 3723 3519
f 3723 3723 3519
f 3472 3724 3472
f 3724 3519 3724
f 3472 3724 3472
f 3724 3724 3472
f 3519 3723 3519
f 3723 231 3723
f 3519 3723 3519
f 3723 3723 3519
f 3472 3724 3472
f 3724 3519 3724
f 3472 3724 3472
f 3724 3724 3472
f 3519 3519 3724
f 3519 3519 3724
f 3724 3724 3472
f 3519 3724 3724
f 1960 4477 2055
f 4477 4404 4481
f 2055 4481 1987
f 4477 4481 2055
f 4404 4478 4484
f 4478 4390 4482
f 4484 4482 4406
f 4478 4482 4484
f 1987 4485 2056
f 4485 4406 4483
f 2056 4483 1968
f 4485 4483 2056
f 4404 4484 4481
f 4484 4406 4485
f 4481 4485 1987
f 4484 4485 4481
f 4390 4480 4492
f 4480 4405 4494
f 4492 4494 4409
f 4480 4494 4492
f 4405 4479 4488
f 4479 2 4486
f 4488 4486 4407
f 4479 4486 4488
f 4409 4496 4493
f 4496 4407 4487
f 4493 4487 4391
f 4496 4487 4493
f 4405 4488 4494
f 4488 4407 4496
f 4494 4496 4409
f 4488 4496 4494
f 1968 4497 2059
f 4497 4410 4499
f 2059 4499 1988
f 4497 4499 2059
f 4410 4498 4501
f 4498 4391 4490
f 4501 4490 4408
f 4498 4490 4501
f 1988 4491 2058
f 4491 4408 4489
f 2058 4489 1736
f 4491 4489 2058
f 4410 4501 4499
f 4501 4408 4491
f 4499 4491 1988
f 4501 4491 4499
f 4390 4492 4482
f 4492 4409 4495
f 4482 4495 4406
f 4492 4495 4482
f 4409 4493 4502
f 4493 4391 4498
f 4502 4498 4410
f 4493 4498 4502
f 4406 4500 4483
f 4500 4410 4497
f 4483 4497 1968
f 4500 4497 4483
f 4409 4502 4495
f 4502 4410 4500
f 4495 4500 4406
f 4502 4500 4495
f 1960 2055 2055
f 2055 1987 1987
f 2055 1987 1987
f 2055 1987 2055
f 1987 2056 2056
f 2056 1968 1968
f 2056 1968 1968
f 2056 1968 2056
f 1987 2056 2056
f 2056 1968 1968
f 2056 1968 1968
f 2056 1968 2056
f 1987 2056 1987
f 2056 1968 2056
f 1987 2056 1987
f 2056 2056 1987
f 1968 2059 2059
f 2059 1988 1988
f 2059 1988 1988
f 2059 1988 2059
f 1988 2058 2058
f 2058 1736 1736
f 2058 1736 1736
f 2058 1736 2058
f 1988 2058 2058
f 2058 1736 1736
f 2058 1736 1736
f 2058 1736 2058
f 1988 2058 1988
f 2058 1736 2058
f 1988 2058 1988
f 2058 2058 1988
f 1968 2059 2059
f 2059 1988 1988
f 2059 1988 1988
f 2059 1988 2059
f 1988 2058 2058
f 2058 1736 1736
f 2058 1736 1736
f 2058 1736 2058
f 1988 2058 2058
f 2058 1736 1736
f 2058 1736 1736
f 2058 1736 2058
f 1988 2058 1988
f 2058 1736 2058
f 1988 2058 1988
f 2058 2058 1988
f 1968 2059 1968
f 2059 1988 2059
f 1968 2059 1968
f 2059 2059 1968
f 1988 2058 1988
f 2058 1736 2058
f 1988 2058 1988
f 2058 2058 1988
f 1968 2059 1968
f 2059 1988 2059
f 1968 2059 1968
f 2059 2059 1968
f 1988 1988 2059
f 1988 1988 2059
f 2059 2059 1968
f 1988 2059 2059
f 4158 4350 4511
f 4350 4250 4530
f 4511 4530 4413
f 4350 4530 4511
f 4250 4351 4536
f 4351 4227 4533
f 4536 4533 4417
f 4351 4533 4536
f 4413 4534 4512
f 4534 4417 4532
f 4512 4532 4392
f 4534 4532 4512
f 4250 4536 4530
f 4536 4417 4534
f 4530 4534 4413
f 4536 4534 4530
f 4227 4354 4538
f 4354 4251 4541
f 4538 4541 4418
f 4354 4541 4538
f 4251 4353 4531
f 4353 1738 1828
f 4531 1828 1763
f 4353 1828 4531
f 4418 4539 4537
f 4539 1763 1829
f 4537 1829 1744
f 4539 1829 4537
f 4251 4531 4541
f 4531 1763 4539
f 4541 4539 4418
f 4531 4539 4541
f 4392 4526 4509
f 4526 4416 4528
f 4509 4528 4412
f 4526 4528 4509
f 4416 4527 4529
f 4527 1744 1826
f 4529 1826 1762
f 4527 1826 4529
f 4412 4525 4508
f 4525 1762 1825
f 4508 1825 1736
f 4525 1825 4508
f 4416 4529 4528
f 4529 1762 4525
f 4528 4525 4412
f 4529 4525 4528
f 4227 4538 4533
f 4538 4418 4542
f 4533 4542 4417
f 4538 4542 4533
f 4418 4537 4540
f 4537 1744 4527
f 4540 4527 4416
f 4537 4527 4540
f 4417 4535 4532
f 4535 4416 4526
f 4532 4526 4392
f 4535 4526 4532
f 4418 4540 4542
f 4540 4416 4535
f 4542 4535 4417
f 4540 4535 4542
f 4158 4511 4511
f 4511 4413 4413
f 4511 4413 4413
f 4511 4413 4511
f 4413 4512 4512
f 4512 4392 4392
f 4512 4392 4392
f 4512 4392 4512
f 4413 4512 4512
f 4512 4392 4392
f 4512 4392 4392
f 4512 4392 4512
f 4413 4512 4413
f 4512 4392 4512
f 4413 4512 4413
f 4512 4512 4413
f 4392 4509 4509
f 4509 4412 4412
f 4509 4412 4412
f 4509 4412 4509
f 4412 4508 4508
f 4508 1736 1736
f 4508 1736 1736
f 4508 1736 4508
f 4412 4508 4508
f 4508 1736 1736
f 4508 1736 1736
f 4508 1736 4508
f 4412 4508 4412
f 4508 1736 4508
f 4412 4508 4412
f 4508 4508 4412
f 4392 4509 4509
f 4509 4412 4412
f 4509 4412 4412
f 4509 4412 4509
f 4412 4508 4508
f 4508 1736 1736
f 4508 1736 1736
f 4508 1736 4508
f 4412 4508 4508
f 4508 1736 1736
f 4508 1736 1736
f 4508 1736 4508
f 4412 4508 4412
f 4508 1736 4508
f 4412 4508 4412
f 4508 4508 4412
f 4392 4509 4392
f 4509 4412 4509
f 4392 4509 4392
f 4509 4509 4392
f 4412 4508 4412
f 4508 1736 4508
f 4412 4508 4412
f 4508 4508 4412
f 4392 4509 4392
f 4509 4412 4509
f 4392 4509 4392
f 4509 4509 4392
f 4412 4412 4509
f 4412 4412 4509
f 4509 4509 4392
f 4412 4509 4509
f 1736 4489 4508
f 4489 4408 4510
f 4508 4510 4412
f 4489 4510 4508
f 4408 4490 4516
f 4490 4391 4514
f 4516 4514 4414
f 4490 4514 4516
f 4412 4518 4509
f 4518 4414 4515
f 4509 4515 4392
f 4518 4515 4509
f 4408 4516 4510
f 4516 4414 4518
f 4510 4518 4412
f 4516 4518 4510
f 4391 4487 4504
f 4487 4407 4506
f 4504 4506 4411
f 4487 4506 4504
f 4407 4486 4503
f 4486 2 4176
f 4503 4176 4163
f 4486 4176 4503
f 4411 4507 4505
f 4507 4163 4177
f 4505 4177 4159
f 4507 4177 4505
f 4407 4503 4506
f 4503 4163 4507
f 4506 4507 4411
f 4503 4507 4506
f 4392 4520 4512
f 4520 4415 4523
f 4512 4523 4413
f 4520 4523 4512
f 4415 4519 4521
f 4519 4159 4175
f 4521 4175 4162
f 4519 4175 4521
f 4413 4513 4511
f 4513 4162 4174
f 4511 4174 4158
f 4513 4174 4511
f 4415 4521 4523
f 4521 4162 4513
f 4523 4513 4413
f 4521 4513 4523
f 4391 4504 4514
f 4504 4411 4517
f 4514 4517 4414
f 4504 4517 4514
f 4411 4505 4522
f 4505 4159 4519
f 4522 4519 4415
f 4505 4519 4522
f 4414 4524 4515
f 4524 4415 4520
f 4515 4520 4392
f 4524 4520 4515
f 4411 4522 4517
f 4522 4415 4524
f 4517 4524 4414
f 4522 4524 4517
f 1736 4508 4508
f 4508 4412 4412
f 4508 4412 4412
f 4508 4412 4508
f 4412 4509 4509
f 4509 4392 4392
f 4509 4392 4392
f 4509 4392 4509
f 4412 4509 4509
f 4509 4392 4392
f 4509 4392 4392
f 4509 4392 4509
f 4412 4509 4412
f 4509 4392 4509
f 4412 4509 4412
f 4509 4509 4412
f 4392 4512 4512
f 4512 4413 4413
f 4512 4413 4413
f 4512 4413 4512
f 4413 4511 4511
f 4511 4158 4158
f 4511 4158 4158
f 4511 4158 4511
f 4413 4511 4511
f 4511 4158 4158
f 4511 4158 4158
f 4511 4158 4511
f 4413 4511 4413
f 4511 4158 4511
f 4413 4511 4413
f 4511 4511 4413
f 4392 4512 4512
f 4512 4413 4413
f 4512 4413 4413
f 4512 4413 4512
f 4413 4511 4511
f 4511 4158 4158
f 4511 4158 4158
f 4511 4158 4511
f 4413 4511 4511
f 4511 4158 4158
f 4511 4158 4158
f 4511 4158 4511
f 4413 4511 4413
f 4511 4158 4511
f 4413 4511 4413
f 4511 4511 4413
f 4392 4512 4392
f 4512 4413 4512
f 4392 4512 4392
f 4512 4512 4392
f 4413 4511 4413
f 4511 4158 4511
f 4413 4511 4413
f 4511 4511 4413
f 4392 4512 4392
f 4512 4413 4512
f 4392 4512 4392
f 4512 4512 4392
f 4413 4413 4512
f 4413 4413 4512
f 4512 4512 4392
f 4413 4512 4512
f 1960 2027 4543
f 2027 1979 4545
f 4543 4545 4419
f 2027 4545 4543
f 1979 2028 4550
f 2028 1965 4548
f 4550 4548 4421
f 2028 4548 4550
f 4419 4551 4544
f 4551 4421 4549
f 4544 4549 4393
f 4551 4549 4544
f 1979 4550 4545
f 4550 4421 4551
f 4545 4551 4419
f 4550 4551 4545
f 1965 2026 4554
f 2026 1978 4556
f 4554 4556 4422
f 2026 4556 4554
f 1978 2025 4552
f 2025 1959 3940
f 4552 3940 3569
f 2025 3940 4552
f 4422 4558 4555
f 4558 3569 3941
f 4555 3941 3482
f 4558 3941 4555
f 1978 4552 4556
f 4552 3569 4558
f 4556 4558 4422
f 4552 4558 4556
f 4393 4559 4547
f 4559 4423 4561
f 4547 4561 4420
f 4559 4561 4547
f 4423 4560 4563
f 4560 3482 3939
f 4563 3939 3568
f 4560 3939 4563
f 4420 4553 4546
f 4553 3568 3938
f 4546 3938 1154
f 4553 3938 4546
f 4423 4563 4561
f 4563 3568 4553
f 4561 4553 4420
f 4563 4553 4561
f 1965 4554 4548
f 4554 4422 4557
f 4548 4557 4421
f 4554 4557 4548
f 4422 4555 4564
f 4555 3482 4560
f 4564 4560 4423
f 4555 4560 4564
f 4421 4562 4549
f 4562 4423 4559
f 4549 4559 4393
f 4562 4559 4549
f 4422 4564 4557
f 4564 4423 4562
f 4557 4562 4421
f 4564 4562 4557
f 1960 4543 4543
f 4543 4419 4419
f 4543 4419 4419
f 4543 4419 4543
f 4419 4544 4544
f 4544 4393 4393
f 4544 4393 4393
f 4544 4393 4544
f 4419 4544 4544
f 4544 4393 4393
f 4544 4393 4393
f 4544 4393 4544
f 4419 4544 4419
f 4544 4393 4544
f 4419 4544 4419
f 4544 4544 4419
f 4393 4547 4547
f 4547 4420 4420
f 4547 4420 4420
f 4547 4420 4547
f 4420 4546 4546
f 4546 1154 1154
f 4546 1154 1154
f 4546 1154 4546
f 4420 4546 4546
f 4546 1154 1154
f 4546 1154 1154
f 4546 1154 4546
f 4420 4546 4420
f 4546 1154 4546
f 4420 4546 4420
f 4546 4546 4420
f 4393 4547 4547
f 4547 4420 4420
f 4547 4420 4420
f 4547 4420 4547
f 4420 4546 4546
f 4546 1154 1154
f 4546 1154 1154
f 4546 1154 4546
f 4420 4546 4546
f 4546 1154 1154
f 4546 1154 1154
f 4546 1154 4546
f 4420 4546 4420
f 4546 1154 4546
f 4420 4546 4420
f 4546 4546 4420
f 4393 4547 4393
f 4547 4420 4547
f 4393 4547 4393
f 4547 4547 4393
f 4420 4546 4420
f 4546 1154 4546
f 4420 4546 4420
f 4546 4546 4420
f 4393 4547 4393
f 4547 4420 4547
f 4393 4547 4393
f 4547 4547 4393
f 4420 4420 4547
f 4420 4420 4547
f 4547 4547 4393
f 4420 4547 4547
f 1960 4543 4565
f 4543 4419 4567
f 4565 4567 4424
f 4543 4567 4565
f 4419 4544 4572
f 4544 4393 4570
f 4572 4570 4426
f 4544 4570 4572
f 4424 4573 4566
f 4573 4426 4571
f 4566 4571 4394
f 4573 4571 4566
f 4419 4572 4567
f 4572 4426 4573
f 4567 4573 4424
f 4572 4573 4567
f 4393 4547 4576
f 4547 4420 4578
f 4576 4578 4427
f 4547 4578 4576
f 4420 4546 4574
f 4546 1154 1349
f 4574 1349 1206
f 4546 1349 4574
f 4427 4580 4577
f 4580 1206 1350
f 4577 1350 1167
f 4580 1350 4577
f 4420 4574 4578
f 4574 1206 4580
f 4578 4580 4427
f 4574 4580 4578
f 4394 4581 4569
f 4581 4428 4583
f 4569 4583 4425
f 4581 4583 4569
f 4428 4582 4585
f 4582 1167 1353
f 4585 1353 1207
f 4582 1353 4585
f 4425 4575 4568
f 4575 1207 1352
f 4568 1352 1155
f 4575 1352 4568
f 4428 4585 4583
f 4585 1207 4575
f 4583 4575 4425
f 4585 4575 4583
f 4393 4576 4570
f 4576 4427 4579
f 4570 4579 4426
f 4576 4579 4570
f 4427 4577 4586
f 4577 1167 4582
f 4586 4582 4428
f 4577 4582 4586
f 4426 4584 4571
f 4584 4428 4581
f 4571 4581 4394
f 4584 4581 4571
f 4427 4586 4579
f 4586 4428 4584
f 4579 4584 4426
f 4586 4584 4579
f 1960 4565 4565
f 4565 4424 4424
f 4565 4424 4424
f 4565 4424 4565
f 4424 4566 4566
f 4566 4394 4394
f 4566 4394 4394
f 4566 4394 4566
f 4424 4566 4566
f 4566 4394 4394
f 4566 4394 4394
f 4566 4394 4566
f 4424 4566 4424
f 4566 4394 4566
f 4424 4566 4424
f 4566 4566 4424
f 4394 4569 4569
f 4569 4425 4425
f 4569 4425 4425
f 4569 4425 4569
f 4425 4568 4568
f 4568 1155 1155
f 4568 1155 1155
f 4568 1155 4568
f 4425 4568 4568
f 4568 1155 1155
f 4568 1155 1155
f 4568 1155 4568
f 4425 4568 4425
f 4568 1155 4568
f 4425 4568 4425
f 4568 4568 4425
f 4394 4569 4569
f 4569 4425 4425
f 4569 4425 4425
f 4569 4425 4569
f 4425 4568 4568
f 4568 1155 1155
f 4568 1155 1155
f 4568 1155 4568
f 4425 4568 4568
f 4568 1155 1155
f 4568 1155 1155
f 4568 1155 4568
f 4425 4568 4425
f 4568 1155 4568
f 4425 4568 4425
f 4568 4568 4425
f 4394 4569 4394
f 4569 4425 4569
f 4394 4569 4394
f 4569 4569 4394
f 4425 4568 4425
f 4568 1155 4568
f 4425 4568 4425
f 4568 4568 4425
f 4394 4569 4394
f 4569 4425 4569
f 4394 4569 4394
f 4569 4569 4394
f 4425 4425 4569
f 4425 4425 4569
f 4569 4569 4394
f 4425 4569 4569
f 1151 4591 1332
f 4591 4430 4619
f 1332 4619 1202
f 4591 4619 1332
f 4430 4592 4627
f 4592 4395 4625
f 4627 4625 4438
f 4592 4625 4627
f 1202 4629 1333
f 4629 4438 4626
f 1333 4626 1166
f 4629 4626 1333
f 4430 4627 4619
f 4627 4438 4629
f 4619 4629 1202
f 4627 4629 4619
f 4395 4588 4598
f 4588 4429 4600
f 4598 4600 4432
f 4588 4600 4598
f 4429 4587 4590
f 4587 1960 4565
f 4590 4565 4424
f 4587 4565 4590
f 4432 4599 4597
f 4599 4424 4566
f 4597 4566 4394
f 4599 4566 4597
f 4429 4590 4600
f 4590 4424 4599
f 4600 4599 4432
f 4590 4599 4600
f 1166 4621 1336
f 4621 4437 4624
f 1336 4624 1203
f 4621 4624 1336
f 4437 4620 4622
f 4620 4394 4569
f 4622 4569 4425
f 4620 4569 4622
f 1203 4618 1335
f 4618 4425 4568
f 1335 4568 1155
f 4618 4568 1335
f 4437 4622 4624
f 4622 4425 4618
f 4624 4618 1203
f 4622 4618 4624
f 4395 4598 4625
f 4598 4432 4628
f 4625 4628 4438
f 4598 4628 4625
f 4432 4597 4623
f 4597 4394 4620
f 4623 4620 4437
f 4597 4620 4623
f 4438 4630 4626
f 4630 4437 4621
f 4626 4621 1166
f 4630 4621 4626
f 4432 4623 4628
f 4623 4437 4630
f 4628 4630 4438
f 4623 4630 4628
f 1151 1332 1332
f 1332 1202 1202
f 1332 1202 1202
f 1332 1202 1332
f 1202 1333 1333
f 1333 1166 1166
f 1333 1166 1166
f 1333 1166 1333
f 1202 1333 1333
f 1333 1166 1166
f 1333 1166 1166
f 1333 1166 1333
f 1202 1333 1202
f 1333 1166 1333
f 1202 1333 1202
f 1333 1333 1202
f 1166 1336 1336
f 1336 1203 1203
f 1336 1203 1203
f 1336 1203 1336
f 1203 1335 1335
f 1335 1155 1155
f 1335 1155 1155
f 1335 1155 1335
f 1203 1335 1335
f 1335 1155 1155
f 1335 1155 1155
f 1335 1155 1335
f 1203 1335 1203
f 1335 1155 1335
f 1203 1335 1203
f 1335 1335 1203
f 1166 1336 1336
f 1336 1203 1203
f 1336 1203 1203
f 1336 1203 1336
f 1203 1335 1335
f 1335 1155 1155
f 1335 1155 1155
f 1335 1155 1335
f 1203 1335 1335
f 1335 1155 1155
f 1335 1155 1155
f 1335 1155 1335
f 1203 1335 1203
f 1335 1155 1335
f 1203 1335 1203
f 1335 1335 1203
f 1166 1336 1166
f 1336 1203 1336
f 1166 1336 1166
f 1336 1336 1166
f 1203 1335 1203
f 1335 1155 1335
f 1203 1335 1203
f 1335 1335 1203
f 1166 1336 1166
f 1336 1203 1336
f 1166 1336 1166
f 1336 1336 1166
f 1203 1203 1336
f 1203 1203 1336
f 1336 1336 1166
f 1203 1336 1336
f 2904 4662 4679
f 4662 4447 4681
f 4679 4681 4451
f 4662 4681 4679
f 4447 4663 4686
f 4663 4399 4684
f 4686 4684 4453
f 4663 4684 4686
f 4451 4687 4680
f 4687 4453 4685
f 4680 4685 4400
f 4687 4685 4680
f 4447 4686 4681
f 4686 4453 4687
f 4681 4687 4451
f 4686 4687 4681
f 4399 4666 4690
f 4666 4448 4692
f 4690 4692 4454
f 4666 4692 4690
f 4448 4665 4688
f 4665 1368 1422
f 4688 1422 1384
f 4665 1422 4688
f 4454 4694 4691
f 4694 1384 1423
f 4691 1423 1372
f 4694 1423 4691
f 4448 4688 4692
f 4688 1384 4694
f 4692 4694 4454
f 4688 4694 4692
f 4400 4695 4683
f 4695 4455 4697
f 4683 4697 4452
f 4695 4697 4683
f 4455 4696 4699
f 4696 1372 1420
f 4699 1420 1383
f 4696 1420 4699
f 4452 4689 4682
f 4689 1383 1419
f 4682 1419 1367
f 4689 1419 4682
f 4455 4699 4697
f 4699 1383 4689
f 4697 4689 4452
f 4699 4689 4697
f 4399 4690 4684
f 4690 4454 4693
f 4684 4693 4453
f 4690 4693 4684
f 4454 4691 4700
f 4691 1372 4696
f 4700 4696 4455
f 4691 4696 4700
f 4453 4698 4685
f 4698 4455 4695
f 4685 4695 4400
f 4698 4695 4685
f 4454 4700 4693
f 4700 4455 4698
f 4693 4698 4453
f 4700 4698 4693
f 2904 4679 4679
f 4679 4451 4451
f 4679 4451 4451
f 4679 4451 4679
f 4451 4680 4680
f 4680 4400 4400
f 4680 4400 4400
f 4680 4400 4680
f 4451 4680 4680
f 4680 4400 4400
f 4680 4400 4400
f 4680 4400 4680
f 4451 4680 4451
f 4680 4400 4680
f 4451 4680 4451
f 4680 4680 4451
f 4400 4683 4683
f 4683 4452 4452
f 4683 4452 4452
f 4683 4452 4683
f 4452 4682 4682
f 4682 1367 1367
f 4682 1367 1367
f 4682 1367 4682
f 4452 4682 4682
f 4682 1367 1367
f 4682 1367 1367
f 4682 1367 4682
f 4452 4682 4452
f 4682 1367 4682
f 4452 4682 4452
f 4682 4682 4452
f 4400 4683 4683
f 4683 4452 4452
f 4683 4452 4452
f 4683 4452 4683
f 4452 4682 4682
f 4682 1367 1367
f 4682 1367 1367
f 4682 1367 4682
f 4452 4682 4682
f 4682 1367 1367
f 4682 1367 1367
f 4682 1367 4682
f 4452 4682 4452
f 4682 1367 4682
f 4452 4682 4452
f 4682 4682 4452
f 4400 4683 4400
f 4683 4452 4683
f 4400 4683 4400
f 4683 4683 4400
f 4452 4682 4452
f 4682 1367 4682
f 4452 4682 4452
f 4682 4682 4452
f 4400 4683 4400
f 4683 4452 4683
f 4400 4683 4400
f 4683 4683 4400
f 4452 4452 4683
f 4452 4452 4683
f 4683 4683 4400
f 4452 4683 4683
f 2 4601 4635
f 4601 4433 4637
f 4635 4637 4441
f 4601 4637 4635
f 4433 4602 4643
f 4602 4396 4641
f 4643 4641 4443
f 4602 4641 4643
f 4441 4644 4636
f 4644 4443 4642
f 4636 4642 4398
f 4644 4642 4636
f 4433 4643 4637
f 4643 4443 4644
f 4637 4644 4441
f 4643 4644 4637
f 4396 4605 4651
f 4605 4434 4653
f 4651 4653 4445
f 4605 4653 4651
f 4434 4604 4649
f 4604 1151 1671
f 4649 1671 1634
f 4604 1671 4649
f 4445 4655 4652
f 4655 1634 1672
f 4652 1672 1624
f 4655 1672 4652
f 4434 4649 4653
f 4649 1634 4655
f 4653 4655 4445
f 4649 4655 4653
f 4398 4656 4640
f 4656 4446 4658
f 4640 4658 4442
f 4656 4658 4640
f 4446 4657 4660
f 4657 1624 1669
f 4660 1669 1633
f 4657 1669 4660
f 4442 4650 4639
f 4650 1633 1668
f 4639 1668 1368
f 4650 1668 4639
f 4446 4660 4658
f 4660 1633 4650
f 4658 4650 4442
f 4660 4650 4658
f 4396 4651 4641
f 4651 4445 4654
f 4641 4654 4443
f 4651 4654 4641
f 4445 4652 4661
f 4652 1624 4657
f 4661 4657 4446
f 4652 4657 4661
f 4443 4659 4642
f 4659 4446 4656
f 4642 4656 4398
f 4659 4656 4642
f 4445 4661 4654
f 4661 4446 4659
f 4654 4659 4443
f 4661 4659 4654
f 2 4635 4635
f 4635 4441 4441
f 4635 4441 4441
f 4635 4441 4635
f 4441 4636 4636
f 4636 4398 4398
f 4636 4398 4398
f 4636 4398 4636
f 4441 4636 4636
f 4636 4398 4398
f 4636 4398 4398
f 4636 4398 4636
f 4441 4636 4441
f 4636 4398 4636
f 4441 4636 4441
f 4636 4636 4441
f 4398 4640 4640
f 4640 4442 4442
f 4640 4442 4442
f 4640 4442 4640
f 4442 4639 4639
f 4639 1368 1368
f 4639 1368 1368
f 4639 1368 4639
f 4442 4639 4639
f 4639 1368 1368
f 4639 1368 1368
f 4639 1368 4639
f 4442 4639 4442
f 4639 1368 4639
f 4442 4639 4442
f 4639 4639 4442
f 4398 4640 4640
f 4640 4442 4442
f 4640 4442 4442
f 4640 4442 4640
f 4442 4639 4639
f 4639 1368 1368
f 4639 1368 1368
f 4639 1368 4639
f 4442 4639 4639
f 4639 1368 1368
f 4639 1368 1368
f 4639 1368 4639
f 4442 4639 4442
f 4639 1368 4639
f 4442 4639 4442
f 4639 4639 4442
f 4398 4640 4398
f 4640 4442 4640
f 4398 4640 4398
f 4640 4640 4398
f 4442 4639 4442
f 4639 1368 4639
f 4442 4639 4442
f 4639 4639 4442
f 4398 4640 4398
f 4640 4442 4640
f 4398 4640 4398
f 4640 4640 4398
f 4442 4442 4640
f 4442 4442 4640
f 4640 4640 4398
f 4442 4640 4640
f 1368 4665 4639
f 4665 4448 4667
f 4639 4667 4442
f 4665 4667 4639
f 4448 4666 4677
f 4666 4399 4674
f 4677 4674 4450
f 4666 4674 4677
f 4442 4675 4640
f 4675 4450 4673
f 4640 4673 4398
f 4675 4673 4640
f 4448 4677 4667
f 4677 4450 4675
f 4667 4675 4442
f 4677 4675 4667
f 4399 4663 4669
f 4663 4447 4672
f 4669 4672 4449
f 4663 4672 4669
f 4447 4662 4664
f 4662 2904 4633
f 4664 4633 4440
f 4662 4633 4664
f 4449 4670 4668
f 4670 4440 4634
f 4668 4634 4397
f 4670 4634 4668
f 4447 4664 4672
f 4664 4440 4670
f 4672 4670 4449
f 4664 4670 4672
f 4398 4646 4636
f 4646 4444 4648
f 4636 4648 4441
f 4646 4648 4636
f 4444 4645 4647
f 4645 4397 4632
f 4647 4632 4439
f 4645 4632 4647
f 4441 4638 4635
f 4638 4439 4631
f 4635 4631 2
f 4638 4631 4635
f 4444 4647 4648
f 4647 4439 4638
f 4648 4638 4441
f 4647 4638 4648
f 4399 4669 4674
f 4669 4449 4678
f 4674 4678 4450
f 4669 4678 4674
f 4449 4668 4671
f 4668 4397 4645
f 4671 4645 4444
f 4668 4645 4671
f 4450 4676 4673
f 4676 4444 4646
f 4673 4646 4398
f 4676 4646 4673
f 4449 4671 4678
f 4671 4444 4676
f 4678 4676 4450
f 4671 4676 4678
f 1368 4639 4639
f 4639 4442 4442
f 4639 4442 4442
f 4639 4442 4639
f 4442 4640 4640
f 4640 4398 4398
f 4640 4398 4398
f 4640 4398 4640
f 4442 4640 4640
f 4640 4398 4398
f 4640 4398 4398
f 4640 4398 4640
f 4442 4640 4442
f 4640 4398 4640
f 4442 4640 4442
f 4640 4640 4442
f 4398 4636 4636
f 4636 4441 4441
f 4636 4441 4441
f 4636 4441 4636
f 4441 4635 4635
f 4635 2 2
f 4635 2 2
f 4635 2 4635
f 4441 4635 4635
f 4635 2 2
f 4635 2 2
f 4635 2 4635
f 4441 4635 4441
f 4635 2 4635
f 4441 4635 4441
f 4635 4635 4441
f 4398 4636 4636
f 4636 4441 4441
f 4636 4441 4441
f 4636 4441 4636
f 4441 4635 4635
f 4635 2 2
f 4635 2 2
f 4635 2 4635
f 4441 4635 4635
f 4635 2 2
f 4635 2 2
f 4635 2 4635
f 4441 4635 4441
f 4635 2 4635
f 4441 4635 4441
f 4635 4635 4441
f 4398 4636 4398
f 4636 4441 4636
f 4398 4636 4398
f 4636 4636 4398
f 4441 4635 4441
f 4635 2 4635
f 4441 4635 4441
f 4635 4635 4441
f 4398 4636 4398
f 4636 4441 4636
f 4398 4636 4398
f 4636 4636 4398
f 4441 4441 4636
f 4441 4441 4636
f 4636 4636 4398
f 4441 4636 4636
f 2903 4703 3159
f 4703 4457 4732
f 3159 4732 2967
f 4703 4732 3159
f 4457 4704 4736
f 4704 4401 4734
f 4736 4734 4464
f 4704 4734 4736
f 2967 4738 3160
f 4738 4464 4735
f 3160 4735 2918
f 4738 4735 3160
f 4457 4736 4732
f 4736 4464 4738
f 4732 4738 2967
f 4736 4738 4732
f 4401 4702 4715
f 4702 4456 4717
f 4715 4717 4461
f 4702 4717 4715
f 4456 4701 4708
f 4701 2 4705
f 4708 4705 4458
f 4701 4705 4708
f 4461 4718 4716
f 4718 4458 4706
f 4716 4706 4402
f 4718 4706 4716
f 4456 4708 4717
f 4708 4458 4718
f 4717 4718 4461
f 4708 4718 4717
f 2918 4740 3163
f 4740 4465 4743
f 3163 4743 2968
f 4740 4743 3163
f 4465 4739 4741
f 4739 4402 4710
f 4741 4710 4459
f 4739 4710 4741
f 2968 4733 3162
f 4733 4459 4709
f 3162 4709 2905
f 4733 4709 3162
f 4465 4741 4743
f 4741 4459 4733
f 4743 4733 2968
f 4741 4733 4743
f 4401 4715 4734
f 4715 4461 4737
f 4734 4737 4464
f 4715 4737 4734
f 4461 4716 4742
f 4716 4402 4739
f 4742 4739 4465
f 4716 4739 4742
f 4464 4744 4735
f 4744 4465 4740
f 4735 4740 2918
f 4744 4740 4735
f 4461 4742 4737
f 4742 4465 4744
f 4737 4744 4464
f 4742 4744 4737
f 2903 3159 3159
f 3159 2967 2967
f 3159 2967 2967
f 3159 2967 3159
f 2967 3160 3160
f 3160 2918 2918
f 3160 2918 2918
f 3160 2918 3160
f 2967 3160 3160
f 3160 2918 2918
f 3160 2918 2918
f 3160 2918 3160
f 2967 3160 2967
f 3160 2918 3160
f 2967 3160 2967
f 3160 3160 2967
f 2918 3163 3163
f 3163 2968 2968
f 3163 2968 2968
f 3163 2968 3163
f 2968 3162 3162
f 3162 2905 2905
f 3162 2905 2905
f 3162 2905 3162
f 2968 3162 3162
f 3162 2905 2905
f 3162 2905 2905
f 3162 2905 3162
f 2968 3162 2968
f 3162 2905 3162
f 2968 3162 2968
f 3162 3162 2968
f 2918 3163 3163
f 3163 2968 2968
f 3163 2968 2968
f 3163 2968 3163
f 2968 3162 3162
f 3162 2905 2905
f 3162 2905 2905
f 3162 2905 3162
f 2968 3162 3162
f 3162 2905 2905
f 3162 2905 2905
f 3162 2905 3162
f 2968 3162 2968
f 3162 2905 3162
f 2968 3162 2968
f 3162 3162 2968
f 2918 3163 2918
f 3163 2968 3163
f 2918 3163 2918
f 3163 3163 2918
f 2968 3162 2968
f 3162 2905 3162
f 2968 3162 2968
f 3162 3162 2968
f 2918 3163 2918
f 3163 2968 3163
f 2918 3163 2918
f 3163 3163 2918
f 2968 2968 3163
f 2968 2968 3163
f 3163 3163 2918
f 2968 3163 3163
f 3 4753 3828
f 4753 4468 4772
f 3828 4772 3543
f 4753 4772 3828
f 4468 4754 4776
f 4754 4403 4774
f 4776 4774 4472
f 4754 4774 4776
f 3543 4778 3829
f 4778 4472 4775
f 3829 4775 3477
f 4778 4775 3829
f 4468 4776 4772
f 4776 4472 4778
f 4772 4778 3543
f 4776 4778 4772
f 4403 4751 4768
f 4751 4467 4770
f 4768 4770 4471
f 4751 4770 4768
f 4467 4750 4767
f 4750 2903 3383
f 4767 3383 3324
f 4750 3383 4767
f 4471 4771 4769
f 4771 3324 3384
f 4769 3384 3308
f 4771 3384 4769
f 4467 4767 4770
f 4767 3324 4771
f 4770 4771 4471
f 4767 4771 4770
f 3477 4780 3832
f 4780 4473 4783
f 3832 4783 3544
f 4780 4783 3832
f 4473 4779 4781
f 4779 3308 3387
f 4781 3387 3325
f 4779 3387 4781
f 3544 4773 3831
f 4773 3325 3386
f 3831 3386 3303
f 4773 3386 3831
f 4473 4781 4783
f 4781 3325 4773
f 4783 4773 3544
f 4781 4773 4783
f 4403 4768 4774
f 4768 4471 4777
f 4774 4777 4472
f 4768 4777 4774
f 4471 4769 4782
f 4769 3308 4779
f 4782 4779 4473
f 4769 4779 4782
f 4472 4784 4775
f 4784 4473 4780
f 4775 4780 3477
f 4784 4780 4775
f 4471 4782 4777
f 4782 4473 4784
f 4777 4784 4472
f 4782 4784 4777
f 3 3828 3828
f 3828 3543 3543
f 3828 3543 3543
f 3828 3543 3828
f 3543 3829 3829
f 3829 3477 3477
f 3829 3477 3477
f 3829 3477 3829
f 3543 3829 3829
f 3829 3477 3477
f 3829 3477 3477
f 3829 3477 3829
f 3543 3829 3543
f 3829 3477 3829
f 3543 3829 3543
f 3829 3829 3543
f 3477 3832 3832
f 3832 3544 3544
f 3832 3544 3544
f 3832 3544 3832
f 3544 3831 3831
f 3831 3303 3303
f 3831 3303 3303
f 3831 3303 3831
f 3544 3831 3831
f 3831 3303 3303
f 3831 3303 3303
f 3831 3303 3831
f 3544 3831 3544
f 3831 3303 3831
f 3544 3831 3544
f 3831 3831 3544
f 3477 3832 3832
f 3832 3544 3544
f 3832 3544 3544
f 3832 3544 3832
f 3544 3831 3831
f 3831 3303 3303
f 3831 3303 3303
f 3831 3303 3831
f 3544 3831 3831
f 3831 3303 3303
f 3831 3303 3303
f 3831 3303 3831
f 3544 3831 3544
f 3831 3303 3831
f 3544 3831 3544
f 3831 3831 3544
f 3477 3832 3477
f 3832 3544 3832
f 3477 3832 3477
f 3832 3832 3477
f 3544 3831 3544
f 3831 3303 3831
f 3544 3831 3544
f 3831 3831 3544
f 3477 3832 3477
f 3832 3544 3832
f 3477 3832 3477
f 3832 3832 3477
f 3544 3544 3832
f 3544 3544 3832
f 3832 3832 3477
f 3544 3832 3832
f 1151 4604 4591
f 4604 4434 4606
f 4591 4606 4430
f 4604 4606 4591
f 4434 4605 4616
f 4605 4396 4613
f 4616 4613 4436
f 4605 4613 4616
f 4430 4614 4592
f 4614 4436 4612
f 4592 4612 4395
f 4614 4612 4592
f 4434 4616 4606
f 4616 4436 4614
f 4606 4614 4430
f 4616 4614 4606
f 4396 4602 4608
f 4602 4433 4611
f 4608 4611 4435
f 4602 4611 4608
f 4433 4601 4603
f 4601 2 4479
f 4603 4479 4405
f 4601 4479 4603
f 4435 4609 4607
f 4609 4405 4480
f 4607 4480 4390
f 4609 4480 4607
f 4433 4603 4611
f 4603 4405 4609
f 4611 4609 4435
f 4603 4609 4611
f 4395 4594 4588
f 4594 4431 4596
f 4588 4596 4429
f 4594 4596 4588
f 4431 4593 4595
f 4593 4390 4478
f 4595 4478 4404
f 4593 4478 4595
f 4429 4589 4587
f 4589 4404 4477
f 4587 4477 1960
f 4589 4477 4587
f 4431 4595 4596
f 4595 4404 4589
f 4596 4589 4429
f 4595 4589 4596
f 4396 4608 4613
f 4608 4435 4617
f 4613 4617 4436
f 4608 4617 4613
f 4435 4607 4610
f 4607 4390 4593
f 4610 4593 4431
f 4607 4593 4610
f 4436 4615 4612
f 4615 4431 4594
f 4612 4594 4395
f 4615 4594 4612
f 4435 4610 4617
f 4610 4431 4615
f 4617 4615 4436
f 4610 4615 4617
f 1151 4591 4591
f 4591 4430 4430
f 4591 4430 4430
f 4591 4430 4591
f 4430 4592 4592
f 4592 4395 4395
f 4592 4395 4395
f 4592 4395 4592
f 4430 4592 4592
f 4592 4395 4395
f 4592 4395 4395
f 4592 4395 4592
f 4430 4592 4430
f 4592 4395 4592
f 4430 4592 4430
f 4592 4592 4430
f 4395 4588 4588
f 4588 4429 4429
f 4588 4429 4429
f 4588 4429 4588
f 4429 4587 4587
f 4587 1960 1960
f 4587 1960 1960
f 4587 1960 4587
f 4429 4587 4587
f 4587 1960 1960
f 4587 1960 1960
f 4587 1960 4587
f 4429 4587 4429
f 4587 1960 4587
f 4429 4587 4429
f 4587 4587 4429
f 4395 4588 4588
f 4588 4429 4429
f 4588 4429 4429
f 4588 4429 4588
f 4429 4587 4587
f 4587 1960 1960
f 4587 1960 1960
f 4587 1960 4587
f 4429 4587 4587
f 4587 1960 1960
f 4587 1960 1960
f 4587 1960 4587
f 4429 4587 4429
f 4587 1960 4587
f 4429 4587 4429
f 4587 4587 4429
f 4395 4588 4395
f 4588 4429 4588
f 4395 4588 4395
f 4588 4588 4395
f 4429 4587 4429
f 4587 1960 4587
f 4429 4587 4429
f 4587 4587 4429
f 4395 4588 4395
f 4588 4429 4588
f 4395 4588 4395
f 4588 4588 4395
f 4429 4429 4588
f 4429 4429 4588
f 4588 4588 4395
f 4429 4588 4588
f 2903 4750 4703
f 4750 4467 4752
f 4703 4752 4457
f 4750 4752 4703
f 4467 4751 4760
f 4751 4403 4757
f 4760 4757 4469
f 4751 4757 4760
f 4457 4758 4704
f 4758 4469 4756
f 4704 4756 4401
f 4758 4756 4704
f 4467 4760 4752
f 4760 4469 4758
f 4752 4758 4457
f 4760 4758 4752
f 4403 4754 4762
f 4754 4468 4765
f 4762 4765 4470
f 4754 4765 4762
f 4468 4753 4755
f 4753 3 82
f 4755 82 28
f 4753 82 4755
f 4470 4763 4761
f 4763 28 83
f 4761 83 11
f 4763 83 4761
f 4468 4755 4765
f 4755 28 4763
f 4765 4763 4470
f 4755 4763 4765
f 4401 4746 4702
f 4746 4466 4748
f 4702 4748 4456
f 4746 4748 4702
f 4466 4747 4749
f 4747 11 80
f 4749 80 27
f 4747 80 4749
f 4456 4745 4701
f 4745 27 79
f 4701 79 2
f 4745 79 4701
f 4466 4749 4748
f 4749 27 4745
f 4748 4745 4456
f 4749 4745 4748
f 4403 4762 4757
f 4762 4470 4766
f 4757 4766 4469
f 4762 4766 4757
f 4470 4761 4764
f 4761 11 4747
f 4764 4747 4466
f 4761 4747 4764
f 4469 4759 4756
f 4759 4466 4746
f 4756 4746 4401
f 4759 4746 4756
f 4470 4764 4766
f 4764 4466 4759
f 4766 4759 4469
f 4764 4759 4766
f 2903 4703 4703
f 4703 4457 4457
f 4703 4457 4457
f 4703 4457 4703
f 4457 4704 4704
f 4704 4401 4401
f 4704 4401 4401
f 4704 4401 4704
f 4457 4704 4704
f 4704 4401 4401
f 4704 4401 4401
f 4704 4401 4704
f 4457 4704 4457
f 4704 4401 4704
f 4457 4704 4457
f 4704 4704 4457
f 4401 4702 4702
f 4702 4456 4456
f 4702 4456 4456
f 4702 4456 4702
f 4456 4701 4701
f 4701 2 2
f 4701 2 2
f 4701 2 4701
f 4456 4701 4701
f 4701 2 2
f 4701 2 2
f 4701 2 4701
f 4456 4701 4456
f 4701 2 4701
f 4456 4701 4456
f 4701 4701 4456
f 4401 4702 4702
f 4702 4456 4456
f 4702 4456 4456
f 4702 4456 4702
f 4456 4701 4701
f 4701 2 2
f 4701 2 2
f 4701 2 4701
f 4456 4701 4701
f 4701 2 2
f 4701 2 2
f 4701 2 4701
f 4456 4701 4456
f 4701 2 4701
f 4456 4701 4456
f 4701 4701 4456
f 4401 4702 4401
f 4702 4456 4702
f 4401 4702 4401
f 4702 4702 4401
f 4456 4701 4456
f 4701 2 4701
f 4456 4701 4456
f 4701 4701 4456
f 4401 4702 4401
f 4702 4456 4702
f 4401 4702 4401
f 4702 4702 4401
f 4456 4456 4702
f 4456 4456 4702
f 4702 4702 4401
f 4456 4702 4702
f 2904 3176 4633
f 3176 2971 4719
f 4633 4719 4440
f 3176 4719 4633
f 2971 3177 4725
f 3177 2919 4722
f 4725 4722 4462
f 3177 4722 4725
f 4440 4723 4634
f 4723 4462 4721
f 4634 4721 4397
f 4723 4721 4634
f 2971 4725 4719
f 4725 4462 4723
f 4719 4723 4440
f 4725 4723 4719
f 2919 3180 4727
f 3180 2972 4730
f 4727 4730 4463
f 3180 4730 4727
f 2972 3179 4720
f 3179 2905 4709
f 4720 4709 4459
f 3179 4709 4720
f 4463 4728 4726
f 4728 4459 4710
f 4726 4710 4402
f 4728 4710 4726
f 2972 4720 4730
f 4720 4459 4728
f 4730 4728 4463
f 4720 4728 4730
f 4397 4711 4632
f 4711 4460 4713
f 4632 4713 4439
f 4711 4713 4632
f 4460 4712 4714
f 4712 4402 4706
f 4714 4706 4458
f 4712 4706 4714
f 4439 4707 4631
f 4707 4458 4705
f 4631 4705 2
f 4707 4705 4631
f 4460 4714 4713
f 4714 4458 4707
f 4713 4707 4439
f 4714 4707 4713
f 2919 4727 4722
f 4727 4463 4731
f 4722 4731 4462
f 4727 4731 4722
f 4463 4726 4729
f 4726 4402 4712
f 4729 4712 4460
f 4726 4712 4729
f 4462 4724 4721
f 4724 4460 4711
f 4721 4711 4397
f 4724 4711 4721
f 4463 4729 4731
f 4729 4460 4724
f 4731 4724 4462
f 4729 4724 4731
f 2904 4633 4633
f 4633 4440 4440
f 4633 4440 4440
f 4633 4440 4633
f 4440 4634 4634
f 4634 4397 4397
f 4634 4397 4397
f 4634 4397 4634
f 4440 4634 4634
f 4634 4397 4397
f 4634 4397 4397
f 4634 4397 4634
f 4440 4634 4440
f 4634 4397 4634
f 4440 4634 4440
f 4634 4634 4440
f 4397 4632 4632
f 4632 4439 4439
f 4632 4439 4439
f 4632 4439 4632
f 4439 4631 4631
f 4631 2 2
f 4631 2 2
f 4631 2 4631
f 4439 4631 4631
f 4631 2 2
f 4631 2 2
f 4631 2 4631
f 4439 4631 4439
f 4631 2 4631
f 4439 4631 4439
f 4631 4631 4439
f 4397 4632 4632
f 4632 4439 4439
f 4632 4439 4439
f 4632 4439 4632
f 4439 4631 4631
f 4631 2 2
f 4631 2 2
f 4631 2 4631
f 4439 4631 4631
f 4631 2 2
f 4631 2 2
f 4631 2 4631
f 4439 4631 4439
f 4631 2 4631
f 4439 4631 4439
f 4631 4631 4439
f 4397 4632 4397
f 4632 4439 4632
f 4397 4632 4397
f 4632 4632 4397
f 4439 4631 4439
f 4631 2 4631
f 4439 4631 4439
f 4631 4631 4439
f 4397 4632 4397
f 4632 4439 4632
f 4397 4632 4397
f 4632 4632 4397
f 4439 4439 4632
f 4439 4439 4632
f 4632 4632 4397
f 4439 4632 4632
f 2904 4679 3287
f 4679 4451 4785
f 3287 4785 3220
f 4679 4785 3287
f 4451 4680 4788
f 4680 4400 4786
f 4788 4786 4474
f 4680 4786 4788
f 3220 4789 3288
f 4789 4474 4787
f 3288 4787 3201
f 4789 4787 3288
f 4451 4788 4785
f 4788 4474 4789
f 4785 4789 3220
f 4788 4789 4785
f 4400 4683 4792
f 4683 4452 4794
f 4792 4794 4475
f 4683 4794 4792
f 4452 4682 4790
f 4682 1367 3814
f 4790 3814 3540
f 4682 3814 4790
f 4475 4796 4793
f 4796 3540 3815
f 4793 3815 3476
f 4796 3815 4793
f 4452 4790 4794
f 4790 3540 4796
f 4794 4796 4475
f 4790 4796 4794
f 3201 4797 3285
f 4797 4476 4799
f 3285 4799 3219
f 4797 4799 3285
f 4476 4798 4801
f 4798 3476 3812
f 4801 3812 3539
f 4798 3812 4801
f 3219 4791 3284
f 4791 3539 3811
f 3284 3811 3195
f 4791 3811 3284
f 4476 4801 4799
f 4801 3539 4791
f 4799 4791 3219
f 4801 4791 4799
f 4400 4792 4786
f 4792 4475 4795
f 4786 4795 4474
f 4792 4795 4786
f 4475 4793 4802
f 4793 3476 4798
f 4802 4798 4476
f 4793 4798 4802
f 4474 4800 4787
f 4800 4476 4797
f 4787 4797 3201
f 4800 4797 4787
f 4475 4802 4795
f 4802 4476 4800
f 4795 4800 4474
f 4802 4800 4795
f 2904 3287 3287
f 3287 3220 3220
f 3287 3220 3220
f 3287 3220 3287
f 3220 3288 3288
f 3288 3201 3201
f 3288 3201 3201
f 3288 3201 3288
f 3220 3288 3288
f 3288 3201 3201
f 3288 3201 3201
f 3288 3201 3288
f 3220 3288 3220
f 3288 3201 3288
f 3220 3288 3220
f 3288 3288 3220
f 3201 3285 3285
f 3285 3219 3219
f 3285 3219 3219
f 3285 3219 3285
f 3219 3284 3284
f 3284 3195 3195
f 3284 3195 3195
f 3284 3195 3284
f 3219 3284 3284
f 3284 3195 3195
f 3284 3195 3195
f 3284 3195 3284
f 3219 3284 3219
f 3284 3195 3284
f 3219 3284 3219
f 3284 3284 3219
f 3201 3285 3285
f 3285 3219 3219
f 3285 3219 3219
f 3285 3219 3285
f 3219 3284 3284
f 3284 3195 3195
f 3284 3195 3195
f 3284 3195 3284
f 3219 3284 3284
f 3284 3195 3195
f 3284 3195 3195
f 3284 3195 3284
f 3219 3284 3219
f 3284 3195 3284
f 3219 3284 3219
f 3284 3284 3219
f 3201 3285 3201
f 3285 3219 3285
f 3201 3285 3201
f 3285 3285 3201
f 3219 3284 3219
f 3284 3195 3284
f 3219 3284 3219
f 3284 3284 3219
f 3201 3285 3201
f 3285 3219 3285
f 3201 3285 3201
f 3285 3285 3201
f 3219 3219 3285
f 3219 3219 3285
f 3285 3285 3201
f 3219 3285 3285

